seed,mechanism,node_id,cost_regret,rel_regret,joint_regret,cost_regret_norm,rel_regret_norm,joint_regret_norm,truthful_util,truthful_pay,global_welfare,buyer_payment,sla_success_rate,wtd_gain,sybil_gain,collusion_gain
51,greedy,node-000,0.0,0.0,0.0,0.0,0.0,0.0,0.0,0.0,8898.18784600818,184.46971956434695,1.0,0.0,0.0,-33.75364057217562
51,greedy,node-001,0.0,0.0,0.0,0.0,0.0,0.0,39.50347943474559,118.51043830423677,8898.18784600818,184.46971956434695,1.0,-73.25712000692121,-8.453542830590745,-39.50347943474559
51,greedy,node-002,0.0,0.0,0.0,0.0,0.0,0.0,0.0,0.0,8898.18784600818,184.46971956434695,1.0,0.0,0.0,0.0
51,greedy,node-003,0.6263202085955344,0.0,0.6263202085955344,626.3202085955344,0.0,626.3202085955344,0.0,0.0,8898.18784600818,184.46971956434695,1.0,-14.759210972571818,0.0,0.0
51,greedy,node-004,0.0,0.0,0.0,0.0,0.0,0.0,0.0,0.0,8898.18784600818,184.46971956434695,1.0,0.0,0.0,0.0
51,greedy,node-005,0.0,0.0,0.0,0.0,0.0,0.0,0.0,0.0,8898.18784600818,184.46971956434695,1.0,0.0,0.0,0.0
51,greedy,node-006,0.0,0.0,0.0,0.0,0.0,0.0,0.0,0.0,8898.18784600818,184.46971956434695,1.0,0.0,0.0,0.0
51,greedy,node-007,0.0,0.0,0.0,0.0,0.0,0.0,0.0,0.0,8898.18784600818,184.46971956434695,1.0,0.0,0.0,0.0
51,greedy,node-008,0.0,0.0,0.0,0.0,0.0,0.0,0.0,0.0,8898.18784600818,184.46971956434695,1.0,0.0,0.0,0.0
51,greedy,node-009,0.0,0.0,0.0,0.0,0.0,0.0,0.0,0.0,8898.18784600818,184.46971956434695,1.0,0.0,0.0,0.0
51,greedy,node-010,0.0,0.0,0.0,0.0,0.0,0.0,21.986427086703408,65.95928126011025,8898.18784600818,184.46971956434695,1.0,-58.26618299716109,1.183185228003417,-21.986427086703408
51,greedy,node-011,0.0,0.0,0.0,0.0,0.0,0.0,0.0,0.0,8898.18784600818,184.46971956434695,1.0,0.0,0.0,0.0
51,greedy,node-012,0.0,0.0,0.0,0.0,0.0,0.0,0.0,0.0,8898.18784600818,184.46971956434695,1.0,0.0,0.0,0.0
51,greedy,node-013,0.0,0.0,0.0,0.0,0.0,0.0,0.0,0.0,8898.18784600818,184.46971956434695,1.0,0.0,0.0,0.0
51,greedy,node-014,0.0,0.0,0.0,0.0,0.0,0.0,0.0,0.0,8898.18784600818,184.46971956434695,1.0,0.0,0.0,0.0
51,greedy,node-015,0.0,0.0,0.0,0.0,0.0,0.0,0.0,0.0,8898.18784600818,184.46971956434695,1.0,0.0,0.0,0.0
51,greedy,node-016,0.0,0.0,0.0,0.0,0.0,0.0,0.0,0.0,8898.18784600818,184.46971956434695,1.0,-34.48665735808376,0.0,0.0
51,greedy,node-017,0.0,0.0,0.0,0.0,0.0,0.0,0.0,0.0,8898.18784600818,184.46971956434695,1.0,0.0,0.0,0.0
51,greedy,node-018,0.0,0.0,0.0,0.0,0.0,0.0,0.0,0.0,8898.18784600818,184.46971956434695,1.0,0.0,0.0,0.0
51,greedy,node-019,0.0,0.0,0.0,0.0,0.0,0.0,0.0,0.0,8898.18784600818,184.46971956434695,1.0,0.0,0.0,0.0
51,greedy,node-020,0.0,0.0,0.0,0.0,0.0,0.0,0.0,0.0,8898.18784600818,184.46971956434695,1.0,0.0,0.0,0.0
51,greedy,node-021,0.0,0.0,0.0,0.0,0.0,0.0,0.0,0.0,8898.18784600818,184.46971956434695,1.0,-7.899385925568464,0.0,0.0
51,greedy,node-022,6.955693292294914,0.0,6.955693292294914,6955.693292294914,0.0,6955.693292294914,0.0,0.0,8898.18784600818,184.46971956434695,1.0,-33.91240287222537,0.0,0.0
51,greedy,node-023,0.0,0.0,0.0,0.0,0.0,0.0,0.0,0.0,8898.18784600818,184.46971956434695,1.0,0.0,0.0,0.0
51,greedy,node-024,0.0,0.0,0.0,0.0,0.0,0.0,0.0,0.0,8898.18784600818,184.46971956434695,1.0,0.0,0.0,0.0
51,greedy,node-025,0.0,0.0,0.0,0.0,0.0,0.0,0.0,0.0,8898.18784600818,184.46971956434695,1.0,0.0,0.0,0.0
51,greedy,node-026,0.0,0.0,0.0,0.0,0.0,0.0,0.0,0.0,8898.18784600818,184.46971956434695,1.0,-19.91962815523192,0.0,0.0
51,greedy,node-027,0.0,0.0,0.0,0.0,0.0,0.0,0.0,0.0,8898.18784600818,184.46971956434695,1.0,0.0,0.0,0.0
51,greedy,node-028,0.0,0.0,0.0,0.0,0.0,0.0,0.0,0.0,8898.18784600818,184.46971956434695,1.0,0.0,0.0,0.0
51,greedy,node-029,0.0,0.0,0.0,0.0,0.0,0.0,0.0,0.0,8898.18784600818,184.46971956434695,1.0,0.0,0.0,0.0
51,trust_vcg,node-000,0.0,0.0,0.0,0.0,0.0,0.0,0.0,0.0,8646.483996528317,602.6258847649431,0.95,0.0,0.0,96.85007523378296
51,trust_vcg,node-001,96.85007523378296,547.0664898158477,966.2463594278244,96850.07523378296,547066.4898158477,966246.3594278244,0.0,0.0,8646.483996528317,602.6258847649431,0.95,-11033.753640572173,0.0,0.0
51,trust_vcg,node-002,0.0,0.0,0.0,0.0,0.0,0.0,0.0,0.0,8646.483996528317,602.6258847649431,0.95,0.0,0.0,0.0
51,trust_vcg,node-003,0.0,0.0,96.9641908842065,0.0,0.0,96964.1908842065,0.0,0.0,8646.483996528317,602.6258847649431,0.95,-2168.8326444205572,0.0,0.0
51,trust_vcg,node-004,0.0,0.0,0.0,0.0,0.0,0.0,0.0,0.0,8646.483996528317,602.6258847649431,0.95,0.0,0.0,0.0
51,trust_vcg,node-005,0.0,0.0,0.0,0.0,0.0,0.0,0.0,0.0,8646.483996528317,602.6258847649431,0.95,0.0,0.0,0.0
51,trust_vcg,node-006,0.0,0.0,0.0,0.0,0.0,0.0,0.0,0.0,8646.483996528317,602.6258847649431,0.95,0.0,0.0,0.0
51,trust_vcg,node-007,0.0,0.0,0.0,0.0,0.0,0.0,0.0,0.0,8646.483996528317,602.6258847649431,0.95,0.0,0.0,0.0
51,trust_vcg,node-008,0.0,0.0,39.31088872205808,0.0,0.0,39310.88872205808,0.0,0.0,8646.483996528317,602.6258847649431,0.95,-560.689111277942,0.0,0.0
51,trust_vcg,node-009,0.0,0.0,0.0,0.0,0.0,0.0,0.0,0.0,8646.483996528317,602.6258847649431,0.95,0.0,0.0,0.0
51,trust_vcg,node-010,604.3063440639098,54.72897124785082,604.3063440639098,19.151828219958745,1.7344842831619347,19.151828219958745,-54.72897124785082,31.553454694948783,8646.483996528317,602.6258847649431,0.95,-5466.841635237849,-12.942363891419987,54.72897124785082
51,trust_vcg,node-011,0.0,0.0,0.0,0.0,0.0,0.0,0.0,0.0,8646.483996528317,602.6258847649431,0.95,0.0,0.0,0.0
51,trust_vcg,node-012,0.0,0.0,0.0,0.0,0.0,0.0,0.0,0.0,8646.483996528317,602.6258847649431,0.95,0.0,0.0,0.0
51,trust_vcg,node-013,0.0,0.0,0.0,0.0,0.0,0.0,0.0,0.0,8646.483996528317,602.6258847649431,0.95,0.0,0.0,0.0
51,trust_vcg,node-014,0.0,0.0,0.0,0.0,0.0,0.0,0.0,0.0,8646.483996528317,602.6258847649431,0.95,0.0,0.0,0.0
51,trust_vcg,node-015,0.0,0.0,0.0,0.0,0.0,0.0,0.0,0.0,8646.483996528317,602.6258847649431,0.95,0.0,0.0,0.0
51,trust_vcg,node-016,0.0,0.0,0.0,0.0,0.0,0.0,0.0,0.0,8646.483996528317,602.6258847649431,0.95,-5537.241874972257,0.0,0.0
51,trust_vcg,node-017,0.0,0.0,0.0,0.0,0.0,0.0,0.0,0.0,8646.483996528317,602.6258847649431,0.95,0.0,0.0,0.0
51,trust_vcg,node-018,0.0,0.0,0.0,0.0,0.0,0.0,0.0,0.0,8646.483996528317,602.6258847649431,0.95,0.0,0.0,0.0
51,trust_vcg,node-019,0.0,0.0,0.0,0.0,0.0,0.0,0.0,0.0,8646.483996528317,602.6258847649431,0.95,0.0,0.0,0.0
51,trust_vcg,node-020,0.0,0.0,0.0,0.0,0.0,0.0,0.0,0.0,8646.483996528317,602.6258847649431,0.95,0.0,0.0,0.0
51,trust_vcg,node-021,0.0,0.0,0.0,0.0,0.0,0.0,0.0,0.0,8646.483996528317,602.6258847649431,0.95,-553.5060246866003,0.0,0.0
51,trust_vcg,node-022,18.230738722320666,163.2313515691054,447.4143514646112,0.03192368911958539,0.28583300991977273,0.7834634065765934,522.4571268104726,571.0724300699943,8646.483996528317,602.6258847649431,0.95,-11569.829654424406,-7.292295488928403,-522.4571268104726
51,trust_vcg,node-023,0.0,0.0,0.0,0.0,0.0,0.0,0.0,0.0,8646.483996528317,602.6258847649431,0.95,0.0,0.0,0.0
51,trust_vcg,node-024,0.0,0.0,0.0,0.0,0.0,0.0,0.0,0.0,8646.483996528317,602.6258847649431,0.95,0.0,0.0,0.0
51,trust_vcg,node-025,0.0,0.0,0.0,0.0,0.0,0.0,0.0,0.0,8646.483996528317,602.6258847649431,0.95,0.0,0.0,0.0
51,trust_vcg,node-026,0.0,0.0,457.74844597012753,0.0,0.0,457748.44597012753,0.0,0.0,8646.483996528317,602.6258847649431,0.95,-5542.251554029874,0.0,0.0
51,trust_vcg,node-027,0.0,0.0,0.0,0.0,0.0,0.0,0.0,0.0,8646.483996528317,602.6258847649431,0.95,0.0,0.0,0.0
51,trust_vcg,node-028,0.0,0.0,0.0,0.0,0.0,0.0,0.0,0.0,8646.483996528317,602.6258847649431,0.95,0.0,0.0,0.0
51,trust_vcg,node-029,0.0,0.0,0.0,0.0,0.0,0.0,0.0,0.0,8646.483996528317,602.6258847649431,0.95,0.0,0.0,0.0
51,contingent,node-000,0.0,0.0,0.0,0.0,0.0,0.0,0.0,0.0,8646.483996528317,192.5533645361327,0.95,0.0,0.0,-1.9828501387211732
51,contingent,node-001,0.0,47.06648981584776,47.06648981584776,0.0,47066.48981584776,47066.48981584776,0.0,0.0,8646.483996528317,192.5533645361327,0.95,-135.01456228870248,0.0,0.0
51,contingent,node-002,0.0,0.0,0.0,0.0,0.0,0.0,0.0,0.0,8646.483996528317,192.5533645361327,0.95,0.0,0.0,0.0
51,contingent,node-003,0.0,0.0,0.0,0.0,0.0,0.0,0.0,0.0,8646.483996528317,192.5533645361327,0.95,-21.615130080178087,0.0,0.0
51,contingent,node-004,0.0,0.0,0.0,0.0,0.0,0.0,0.0,0.0,8646.483996528317,192.5533645361327,0.95,0.0,0.0,0.0
51,contingent,node-005,0.0,0.0,0.0,0.0,0.0,0.0,0.0,0.0,8646.483996528317,192.5533645361327,0.95,0.0,0.0,0.0
51,contingent,node-006,0.0,0.0,0.0,0.0,0.0,0.0,0.0,0.0,8646.483996528317,192.5533645361327,0.95,0.0,0.0,0.0
51,contingent,node-007,0.0,0.0,0.0,0.0,0.0,0.0,0.0,0.0,8646.483996528317,192.5533645361327,0.95,0.0,0.0,0.0
51,contingent,node-008,0.0,0.0,0.0,0.0,0.0,0.0,0.0,0.0,8646.483996528317,192.5533645361327,0.95,-42.75644511176769,0.0,0.0
51,contingent,node-009,0.0,0.0,0.0,0.0,0.0,0.0,0.0,0.0,8646.483996528317,192.5533645361327,0.95,0.0,0.0,0.0
51,contingent,node-010,84.95710556278684,0.0,99.04980095141701,0.710163125024656,0.0,0.8279650737953065,33.34798370405053,119.63040964685013,8646.483996528317,192.5533645361327,0.95,-119.6304096468501,-11.963040964685007,-33.34798370405053
51,contingent,node-011,0.0,0.0,0.0,0.0,0.0,0.0,0.0,0.0,8646.483996528317,192.5533645361327,0.95,0.0,0.0,0.0
51,contingent,node-012,0.0,0.0,0.0,0.0,0.0,0.0,0.0,0.0,8646.483996528317,192.5533645361327,0.95,0.0,0.0,0.0
51,contingent,node-013,0.0,0.0,0.0,0.0,0.0,0.0,0.0,0.0,8646.483996528317,192.5533645361327,0.95,0.0,0.0,0.0
51,contingent,node-014,0.0,0.0,0.0,0.0,0.0,0.0,0.0,0.0,8646.483996528317,192.5533645361327,0.95,0.0,0.0,0.0
51,contingent,node-015,0.0,0.0,0.0,0.0,0.0,0.0,0.0,0.0,8646.483996528317,192.5533645361327,0.95,0.0,0.0,0.0
51,contingent,node-016,0.0,0.0,0.0,0.0,0.0,0.0,0.0,0.0,8646.483996528317,192.5533645361327,0.95,-148.96749988902687,0.0,0.0
51,contingent,node-017,0.0,0.0,0.0,0.0,0.0,0.0,0.0,0.0,8646.483996528317,192.5533645361327,0.95,0.0,0.0,0.0
51,contingent,node-018,0.0,0.0,0.0,0.0,0.0,0.0,0.0,0.0,8646.483996528317,192.5533645361327,0.95,0.0,0.0,0.0
51,contingent,node-019,0.0,0.0,0.0,0.0,0.0,0.0,0.0,0.0,8646.483996528317,192.5533645361327,0.95,0.0,0.0,0.0
51,contingent,node-020,0.0,0.0,0.0,0.0,0.0,0.0,0.0,0.0,8646.483996528317,192.5533645361327,0.95,0.0,0.0,0.0
51,contingent,node-021,0.0,0.0,0.0,0.0,0.0,0.0,0.0,0.0,8646.483996528317,192.5533645361327,0.95,-14.02409874640123,0.0,0.0
51,contingent,node-022,18.230738722320655,11.38082674981715,24.83805617741862,0.25,0.15606645077803577,0.3406068255891401,24.307651629760873,72.92295488928262,8646.483996528317,192.5533645361327,0.95,-213.79776208550376,-7.292295488928257,-24.307651629760873
51,contingent,node-023,0.0,0.0,0.0,0.0,0.0,0.0,0.0,0.0,8646.483996528317,192.5533645361327,0.95,0.0,0.0,0.0
51,contingent,node-024,0.0,0.0,0.0,0.0,0.0,0.0,0.0,0.0,8646.483996528317,192.5533645361327,0.95,0.0,0.0,0.0
51,contingent,node-025,0.0,0.0,0.0,0.0,0.0,0.0,0.0,0.0,8646.483996528317,192.5533645361327,0.95,0.0,0.0,0.0
51,contingent,node-026,0.0,0.0,7.823069753327264,0.0,0.0,7823.069753327264,0.0,0.0,8646.483996528317,192.5533645361327,0.95,-169.0062161194901,0.0,0.0
51,contingent,node-027,0.0,0.0,0.0,0.0,0.0,0.0,0.0,0.0,8646.483996528317,192.5533645361327,0.95,0.0,0.0,0.0
51,contingent,node-028,0.0,0.0,0.0,0.0,0.0,0.0,0.0,0.0,8646.483996528317,192.5533645361327,0.95,0.0,0.0,0.0
51,contingent,node-029,0.0,0.0,0.0,0.0,0.0,0.0,0.0,0.0,8646.483996528317,192.5533645361327,0.95,0.0,0.0,0.0
51,capped,node-000,0.0,0.0,0.0,0.0,0.0,0.0,0.0,0.0,8646.483996528317,202.346593803482,0.95,0.0,0.0,-1.9828501387211732
51,capped,node-001,0.0,47.06648981584776,47.06648981584776,0.0,47066.48981584776,47066.48981584776,0.0,0.0,8646.483996528317,202.346593803482,0.95,-33.75364057217562,0.0,0.0
51,capped,node-002,0.0,0.0,0.0,0.0,0.0,0.0,0.0,0.0,8646.483996528317,202.346593803482,0.95,0.0,0.0,0.0
51,capped,node-003,0.0,0.0,0.0,0.0,0.0,0.0,0.0,0.0,8646.483996528317,202.346593803482,0.95,-5.403782520044522,0.0,0.0
51,capped,node-004,0.0,0.0,0.0,0.0,0.0,0.0,0.0,0.0,8646.483996528317,202.346593803482,0.95,0.0,0.0,0.0
51,capped,node-005,0.0,0.0,0.0,0.0,0.0,0.0,0.0,0.0,8646.483996528317,202.346593803482,0.95,0.0,0.0,0.0
51,capped,node-006,0.0,0.0,0.0,0.0,0.0,0.0,0.0,0.0,8646.483996528317,202.346593803482,0.95,0.0,0.0,0.0
51,capped,node-007,0.0,0.0,0.0,0.0,0.0,0.0,0.0,0.0,8646.483996528317,202.346593803482,0.95,0.0,0.0,0.0
51,capped,node-008,0.0,0.0,0.0,0.0,0.0,0.0,0.0,0.0,8646.483996528317,202.346593803482,0.95,-10.689111277941919,0.0,0.0
51,capped,node-009,0.0,0.0,0.0,0.0,0.0,0.0,0.0,0.0,8646.483996528317,202.346593803482,0.95,0.0,0.0,0.0
51,capped,node-010,75.16387629543757,0.0,89.25657168406775,0.580758483736244,0.0,0.689646593411269,43.14121297139979,129.4236389141994,8646.483996528317,202.346593803482,0.95,-64.71181945709968,-12.942363891419937,-43.14121297139979
51,capped,node-011,0.0,0.0,0.0,0.0,0.0,0.0,0.0,0.0,8646.483996528317,202.346593803482,0.95,0.0,0.0,0.0
51,capped,node-012,0.0,0.0,0.0,0.0,0.0,0.0,0.0,0.0,8646.483996528317,202.346593803482,0.95,0.0,0.0,0.0
51,capped,node-013,0.0,0.0,0.0,0.0,0.0,0.0,0.0,0.0,8646.483996528317,202.346593803482,0.95,0.0,0.0,0.0
51,capped,node-014,0.0,0.0,0.0,0.0,0.0,0.0,0.0,0.0,8646.483996528317,202.346593803482,0.95,0.0,0.0,0.0
51,capped,node-015,0.0,0.0,0.0,0.0,0.0,0.0,0.0,0.0,8646.483996528317,202.346593803482,0.95,0.0,0.0,0.0
51,capped,node-016,0.0,0.0,9.631437229799323,0.0,0.0,9631.437229799323,0.0,0.0,8646.483996528317,202.346593803482,0.95,-37.24187497225671,0.0,0.0
51,capped,node-017,0.0,0.0,0.0,0.0,0.0,0.0,0.0,0.0,8646.483996528317,202.346593803482,0.95,0.0,0.0,0.0
51,capped,node-018,0.0,0.0,0.0,0.0,0.0,0.0,0.0,0.0,8646.483996528317,202.346593803482,0.95,0.0,0.0,0.0
51,capped,node-019,0.0,0.0,0.0,0.0,0.0,0.0,0.0,0.0,8646.483996528317,202.346593803482,0.95,0.0,0.0,0.0
51,capped,node-020,0.0,0.0,0.0,0.0,0.0,0.0,0.0,0.0,8646.483996528317,202.346593803482,0.95,0.0,0.0,0.0
51,capped,node-021,0.0,0.0,0.0,0.0,0.0,0.0,0.0,0.0,8646.483996528317,202.346593803482,0.95,-3.5060246866003073,0.0,0.0
51,capped,node-022,18.230738722320655,11.38082674981715,24.83805617741862,0.25,0.15606645077803577,0.3406068255891401,24.307651629760873,72.92295488928262,8646.483996528317,202.346593803482,0.95,-71.6801792436966,-7.292295488928257,-24.307651629760873
51,capped,node-023,0.0,0.0,0.0,0.0,0.0,0.0,0.0,0.0,8646.483996528317,202.346593803482,0.95,0.0,0.0,0.0
51,capped,node-024,0.0,0.0,0.0,0.0,0.0,0.0,0.0,0.0,8646.483996528317,202.346593803482,0.95,0.0,0.0,0.0
51,capped,node-025,0.0,0.0,0.0,0.0,0.0,0.0,0.0,0.0,8646.483996528317,202.346593803482,0.95,0.0,0.0,0.0
51,capped,node-026,0.0,0.0,7.823069753327264,0.0,0.0,7823.069753327264,0.0,0.0,8646.483996528317,202.346593803482,0.95,-42.25155402987252,0.0,0.0
51,capped,node-027,0.0,0.0,0.0,0.0,0.0,0.0,0.0,0.0,8646.483996528317,202.346593803482,0.95,0.0,0.0,0.0
51,capped,node-028,0.0,0.0,0.0,0.0,0.0,0.0,0.0,0.0,8646.483996528317,202.346593803482,0.95,0.0,0.0,0.0
51,capped,node-029,0.0,0.0,0.0,0.0,0.0,0.0,0.0,0.0,8646.483996528317,202.346593803482,0.95,0.0,0.0,0.0
51,proper_scoring,node-000,0.0,0.0,0.0,0.0,0.0,0.0,0.0,0.0,8646.483996528317,1140.5882044938617,0.95,0.0,0.0,96.85007523378296
51,proper_scoring,node-001,96.85007523378296,547.0664898158477,966.2463594278244,96850.07523378296,547066.4898158477,966246.3594278244,0.0,0.0,8646.483996528317,1140.5882044938617,0.95,-135.01456228870248,0.0,0.0
51,proper_scoring,node-002,0.0,0.0,0.0,0.0,0.0,0.0,0.0,0.0,8646.483996528317,1140.5882044938617,0.95,0.0,0.0,0.0
51,proper_scoring,node-003,0.0,0.0,96.9641908842065,0.0,0.0,96964.1908842065,0.0,0.0,8646.483996528317,1140.5882044938617,0.95,-21.615130080178087,0.0,0.0
51,proper_scoring,node-004,0.0,0.0,0.0,0.0,0.0,0.0,0.0,0.0,8646.483996528317,1140.5882044938617,0.95,0.0,0.0,0.0
51,proper_scoring,node-005,0.0,0.0,0.0,0.0,0.0,0.0,0.0,0.0,8646.483996528317,1140.5882044938617,0.95,0.0,0.0,0.0
51,proper_scoring,node-006,0.0,0.0,0.0,0.0,0.0,0.0,0.0,0.0,8646.483996528317,1140.5882044938617,0.95,0.0,0.0,0.0
51,proper_scoring,node-007,0.0,0.0,0.0,0.0,0.0,0.0,0.0,0.0,8646.483996528317,1140.5882044938617,0.95,0.0,0.0,0.0
51,proper_scoring,node-008,0.0,0.0,39.31088872205808,0.0,0.0,39310.88872205808,0.0,0.0,8646.483996528317,1140.5882044938617,0.95,-42.75644511176769,0.0,0.0
51,proper_scoring,node-009,0.0,0.0,0.0,0.0,0.0,0.0,0.0,0.0,8646.483996528317,1140.5882044938617,0.95,0.0,0.0,0.0
51,proper_scoring,node-010,66.3440243349911,0.11463522298276985,66.3440243349911,0.11649198725374363,0.00020128542198631272,0.11649198725374363,483.2333484810679,569.5157744238675,8646.483996528317,1140.5882044938617,0.95,-569.5157744238675,-11.963040964685092,-483.2333484810679
51,proper_scoring,node-011,0.0,0.0,0.0,0.0,0.0,0.0,0.0,0.0,8646.483996528317,1140.5882044938617,0.95,0.0,0.0,0.0
51,proper_scoring,node-012,0.0,0.0,0.0,0.0,0.0,0.0,0.0,0.0,8646.483996528317,1140.5882044938617,0.95,0.0,0.0,0.0
51,proper_scoring,node-013,0.0,0.0,0.0,0.0,0.0,0.0,0.0,0.0,8646.483996528317,1140.5882044938617,0.95,0.0,0.0,0.0
51,proper_scoring,node-014,0.0,0.0,0.0,0.0,0.0,0.0,0.0,0.0,8646.483996528317,1140.5882044938617,0.95,0.0,0.0,0.0
51,proper_scoring,node-015,0.0,0.0,0.0,0.0,0.0,0.0,0.0,0.0,8646.483996528317,1140.5882044938617,0.95,0.0,0.0,0.0
51,proper_scoring,node-016,0.0,0.0,397.78173181424904,0.0,0.0,397781.731814249,0.0,0.0,8646.483996528317,1140.5882044938617,0.95,-148.96749988902687,0.0,0.0
51,proper_scoring,node-017,0.0,0.0,0.0,0.0,0.0,0.0,0.0,0.0,8646.483996528317,1140.5882044938617,0.95,0.0,0.0,0.0
51,proper_scoring,node-018,0.0,0.0,0.0,0.0,0.0,0.0,0.0,0.0,8646.483996528317,1140.5882044938617,0.95,0.0,0.0,0.0
51,proper_scoring,node-019,0.0,0.0,0.0,0.0,0.0,0.0,0.0,0.0,8646.483996528317,1140.5882044938617,0.95,0.0,0.0,0.0
51,proper_scoring,node-020,0.0,0.0,0.0,0.0,0.0,0.0,0.0,0.0,8646.483996528317,1140.5882044938617,0.95,0.0,0.0,0.0
51,proper_scoring,node-021,0.0,0.0,0.0,0.0,0.0,0.0,0.0,0.0,8646.483996528317,1140.5882044938617,0.95,-14.02409874640123,0.0,0.0
51,proper_scoring,node-022,18.230738722320666,163.2313515691054,447.4143514646112,0.03192368911958539,0.28583300991977273,0.7834634065765934,522.4571268104726,571.0724300699943,8646.483996528317,1140.5882044938617,0.95,-711.9472372662154,-7.292295488928403,-522.4571268104726
51,proper_scoring,node-023,0.0,0.0,0.0,0.0,0.0,0.0,0.0,0.0,8646.483996528317,1140.5882044938617,0.95,0.0,0.0,0.0
51,proper_scoring,node-024,0.0,0.0,0.0,0.0,0.0,0.0,0.0,0.0,8646.483996528317,1140.5882044938617,0.95,0.0,0.0,0.0
51,proper_scoring,node-025,0.0,0.0,0.0,0.0,0.0,0.0,0.0,0.0,8646.483996528317,1140.5882044938617,0.95,0.0,0.0,0.0
51,proper_scoring,node-026,0.0,0.0,457.74844597012753,0.0,0.0,457748.44597012753,0.0,0.0,8646.483996528317,1140.5882044938617,0.95,-169.0062161194901,0.0,0.0
51,proper_scoring,node-027,0.0,0.0,0.0,0.0,0.0,0.0,0.0,0.0,8646.483996528317,1140.5882044938617,0.95,0.0,0.0,0.0
51,proper_scoring,node-028,0.0,0.0,0.0,0.0,0.0,0.0,0.0,0.0,8646.483996528317,1140.5882044938617,0.95,0.0,0.0,0.0
51,proper_scoring,node-029,0.0,0.0,0.0,0.0,0.0,0.0,0.0,0.0,8646.483996528317,1140.5882044938617,0.95,0.0,0.0,0.0
51,audits,node-000,0.0,0.0,0.0,0.0,0.0,0.0,0.0,0.0,8646.483996528317,1102.6258847649428,0.95,0.0,0.0,96.85007523378296
51,audits,node-001,96.85007523378296,547.0664898158477,966.2463594278244,96850.07523378296,547066.4898158477,966246.3594278244,0.0,0.0,8646.483996528317,1102.6258847649428,0.95,-2033.7536405721758,0.0,0.0
51,audits,node-002,0.0,0.0,0.0,0.0,0.0,0.0,0.0,0.0,8646.483996528317,1102.6258847649428,0.95,0.0,0.0,0.0
51,audits,node-003,0.0,0.0,96.9641908842065,0.0,0.0,96964.1908842065,0.0,0.0,8646.483996528317,1102.6258847649428,0.95,-668.8326444205572,0.0,0.0
51,audits,node-004,0.0,0.0,0.0,0.0,0.0,0.0,0.0,0.0,8646.483996528317,1102.6258847649428,0.95,0.0,0.0,0.0
51,audits,node-005,0.0,0.0,0.0,0.0,0.0,0.0,0.0,0.0,8646.483996528317,1102.6258847649428,0.95,0.0,0.0,0.0
51,audits,node-006,0.0,0.0,0.0,0.0,0.0,0.0,0.0,0.0,8646.483996528317,1102.6258847649428,0.95,0.0,0.0,0.0
51,audits,node-007,0.0,0.0,0.0,0.0,0.0,0.0,0.0,0.0,8646.483996528317,1102.6258847649428,0.95,0.0,0.0,0.0
51,audits,node-008,0.0,0.0,39.31088872205808,0.0,0.0,39310.88872205808,0.0,0.0,8646.483996528317,1102.6258847649428,0.95,-60.68911127794192,0.0,0.0
51,audits,node-009,0.0,0.0,0.0,0.0,0.0,0.0,0.0,0.0,8646.483996528317,1102.6258847649428,0.95,0.0,0.0,0.0
51,audits,node-010,104.3063440639097,0.0,104.3063440639097,0.19622926564134488,0.0,0.19622926564134488,445.2710287521493,531.5534546949489,8646.483996528317,1102.6258847649428,0.95,-966.8416352378491,-12.942363891420086,-445.2710287521493
51,audits,node-011,0.0,0.0,0.0,0.0,0.0,0.0,0.0,0.0,8646.483996528317,1102.6258847649428,0.95,0.0,0.0,0.0
51,audits,node-012,0.0,0.0,0.0,0.0,0.0,0.0,0.0,0.0,8646.483996528317,1102.6258847649428,0.95,0.0,0.0,0.0
51,audits,node-013,0.0,0.0,0.0,0.0,0.0,0.0,0.0,0.0,8646.483996528317,1102.6258847649428,0.95,0.0,0.0,0.0
51,audits,node-014,0.0,0.0,0.0,0.0,0.0,0.0,0.0,0.0,8646.483996528317,1102.6258847649428,0.95,0.0,0.0,0.0
51,audits,node-015,0.0,0.0,0.0,0.0,0.0,0.0,0.0,0.0,8646.483996528317,1102.6258847649428,0.95,0.0,0.0,0.0
51,audits,node-016,0.0,0.0,362.75812502774335,0.0,0.0,362758.12502774334,0.0,0.0,8646.483996528317,1102.6258847649428,0.95,-537.2418749722567,0.0,0.0
51,audits,node-017,0.0,0.0,0.0,0.0,0.0,0.0,0.0,0.0,8646.483996528317,1102.6258847649428,0.95,0.0,0.0,0.0
51,audits,node-018,0.0,0.0,0.0,0.0,0.0,0.0,0.0,0.0,8646.483996528317,1102.6258847649428,0.95,0.0,0.0,0.0
51,audits,node-019,0.0,0.0,0.0,0.0,0.0,0.0,0.0,0.0,8646.483996528317,1102.6258847649428,0.95,0.0,0.0,0.0
51,audits,node-020,0.0,0.0,0.0,0.0,0.0,0.0,0.0,0.0,8646.483996528317,1102.6258847649428,0.95,0.0,0.0,0.0
51,audits,node-021,0.0,0.0,0.0,0.0,0.0,0.0,0.0,0.0,8646.483996528317,1102.6258847649428,0.95,-53.506024686600306,0.0,0.0
51,audits,node-022,18.230738722320666,163.2313515691054,447.4143514646112,0.03192368911958539,0.28583300991977273,0.7834634065765934,522.4571268104726,571.0724300699943,8646.483996528317,1102.6258847649428,0.95,-2569.8296544244085,-7.292295488928403,-522.4571268104726
51,audits,node-023,0.0,0.0,0.0,0.0,0.0,0.0,0.0,0.0,8646.483996528317,1102.6258847649428,0.95,0.0,0.0,0.0
51,audits,node-024,0.0,0.0,0.0,0.0,0.0,0.0,0.0,0.0,8646.483996528317,1102.6258847649428,0.95,0.0,0.0,0.0
51,audits,node-025,0.0,0.0,0.0,0.0,0.0,0.0,0.0,0.0,8646.483996528317,1102.6258847649428,0.95,0.0,0.0,0.0
51,audits,node-026,0.0,0.0,457.74844597012753,0.0,0.0,457748.44597012753,0.0,0.0,8646.483996528317,1102.6258847649428,0.95,-542.2515540298724,0.0,0.0
51,audits,node-027,0.0,0.0,0.0,0.0,0.0,0.0,0.0,0.0,8646.483996528317,1102.6258847649428,0.95,0.0,0.0,0.0
51,audits,node-028,0.0,0.0,0.0,0.0,0.0,0.0,0.0,0.0,8646.483996528317,1102.6258847649428,0.95,0.0,0.0,0.0
51,audits,node-029,0.0,0.0,0.0,0.0,0.0,0.0,0.0,0.0,8646.483996528317,1102.6258847649428,0.95,0.0,0.0,0.0
53,greedy,node-000,0.0,0.0,0.0,0.0,0.0,0.0,0.0,0.0,7016.312804708924,535.2822815132346,0.95,0.0,0.0,0.0
53,greedy,node-001,0.0,0.0,0.0,0.0,0.0,0.0,0.0,0.0,7016.312804708924,535.2822815132346,0.95,0.0,0.0,0.0
53,greedy,node-002,39.23421984125493,0.0,39.23421984125493,39234.219841254926,0.0,39234.219841254926,0.0,0.0,7016.312804708924,535.2822815132346,0.95,-100.28261217143532,0.0,0.0
53,greedy,node-003,0.0,0.0,0.0,0.0,0.0,0.0,0.0,0.0,7016.312804708924,535.2822815132346,0.95,-36.79777422321643,0.0,0.0
53,greedy,node-004,0.0,0.0,0.0,0.0,0.0,0.0,0.0,0.0,7016.312804708924,535.2822815132346,0.95,0.0,0.0,0.0
53,greedy,node-005,0.0,0.0,0.0,0.0,0.0,0.0,0.0,0.0,7016.312804708924,535.2822815132346,0.95,0.0,0.0,0.0
53,greedy,node-006,0.0,0.0,0.0,0.0,0.0,0.0,75.41862643356102,226.25587930068303,7016.312804708924,535.2822815132346,0.95,-185.85501151006508,-4.794066685250968,-75.41862643356102
53,greedy,node-007,0.0,0.0,0.0,0.0,0.0,0.0,0.0,0.0,7016.312804708924,535.2822815132346,0.95,0.0,0.0,0.0
53,greedy,node-008,0.0,0.0,0.0,0.0,0.0,0.0,38.81707823587928,116.45123470763784,7016.312804708924,535.2822815132346,0.95,-145.44257548246648,22.308470452334134,-38.81707823587928
53,greedy,node-009,0.0,0.0,0.0,0.0,0.0,0.0,0.0,0.0,7016.312804708924,535.2822815132346,0.95,0.0,0.0,0.0
53,greedy,node-010,0.0,0.0,0.0,0.0,0.0,0.0,0.0,0.0,7016.312804708924,535.2822815132346,0.95,0.0,0.0,0.0
53,greedy,node-011,0.0,0.0,0.0,0.0,0.0,0.0,0.0,0.0,7016.312804708924,535.2822815132346,0.95,0.0,0.0,0.0
53,greedy,node-012,38.62280016161186,0.0,38.62280016161186,38622.80016161186,0.0,38622.80016161186,0.0,0.0,7016.312804708924,535.2822815132346,0.95,-111.90301190350107,50.43642603212761,0.0
53,greedy,node-013,0.0,0.0,0.0,0.0,0.0,0.0,0.0,0.0,7016.312804708924,535.2822815132346,0.95,0.0,0.0,0.0
53,greedy,node-014,0.0,0.0,0.0,0.0,0.0,0.0,0.0,0.0,7016.312804708924,535.2822815132346,0.95,-64.70806594367293,0.0,0.0
53,greedy,node-015,33.30014039956939,0.0,33.30014039956939,33300.14039956939,0.0,33300.14039956939,0.0,0.0,7016.312804708924,535.2822815132346,0.95,-116.33214558826218,26.197310887249476,0.0
53,greedy,node-016,0.0,0.0,0.0,0.0,0.0,0.0,0.0,0.0,7016.312804708924,535.2822815132346,0.95,-22.61777022731554,0.0,0.0
53,greedy,node-017,0.0,0.0,0.0,0.0,0.0,0.0,0.0,0.0,7016.312804708924,535.2822815132346,0.95,0.0,0.0,0.0
53,greedy,node-018,0.0,0.0,0.0,0.0,0.0,0.0,0.0,0.0,7016.312804708924,535.2822815132346,0.95,-97.49439773926295,0.0,0.0
53,greedy,node-019,0.0,0.0,0.0,0.0,0.0,0.0,64.19172250163788,192.57516750491365,7016.312804708924,535.2822815132346,0.95,-141.37838070024821,-8.247750737763901,-64.19172250163788
53,greedy,node-020,0.0,0.0,0.0,0.0,0.0,0.0,0.0,0.0,7016.312804708924,535.2822815132346,0.95,-66.10965137381366,0.0,0.0
53,greedy,node-021,32.91068666350247,0.0,32.91068666350247,32910.68666350246,0.0,32910.68666350246,0.0,0.0,7016.312804708924,535.2822815132346,0.95,-112.74087629183771,43.51423172730073,0.0
53,greedy,node-022,0.0,0.0,0.0,0.0,0.0,0.0,0.0,0.0,7016.312804708924,535.2822815132346,0.95,0.0,0.0,0.0
53,greedy,node-023,0.0,0.0,0.0,0.0,0.0,0.0,0.0,0.0,7016.312804708924,535.2822815132346,0.95,0.0,0.0,0.0
53,greedy,node-024,0.0,0.0,0.0,0.0,0.0,0.0,0.0,0.0,7016.312804708924,535.2822815132346,0.95,0.0,0.0,0.0
53,greedy,node-025,0.0,0.0,0.0,0.0,0.0,0.0,0.0,0.0,7016.312804708924,535.2822815132346,0.95,0.0,0.0,0.0
53,greedy,node-026,0.0,0.0,0.0,0.0,0.0,0.0,0.0,0.0,7016.312804708924,535.2822815132346,0.95,0.0,0.0,0.0
53,greedy,node-027,0.0,0.0,0.0,0.0,0.0,0.0,0.0,0.0,7016.312804708924,535.2822815132346,0.95,0.0,0.0,0.0
53,greedy,node-028,0.0,0.0,0.0,0.0,0.0,0.0,0.0,0.0,7016.312804708924,535.2822815132346,0.95,0.0,0.0,0.0
53,greedy,node-029,0.0,0.0,0.0,0.0,0.0,0.0,0.0,0.0,7016.312804708924,535.2822815132346,0.95,0.0,0.0,0.0
53,trust_vcg,node-000,0.0,0.0,0.0,0.0,0.0,0.0,0.0,0.0,8526.496171032028,1539.2753703398062,1.0,-3991.016817801441,0.0,0.0
53,trust_vcg,node-001,0.0,0.0,0.0,0.0,0.0,0.0,0.0,0.0,8526.496171032028,1539.2753703398062,1.0,0.0,0.0,0.0
53,trust_vcg,node-002,0.0,423.1596961548556,783.3787942139691,0.0,423159.6961548556,783378.794213969,0.0,0.0,8526.496171032028,1539.2753703398062,1.0,-10016.621205786032,0.0,0.0
53,trust_vcg,node-003,0.0,0.0,46.71968821262472,0.0,0.0,46719.688212624715,0.0,0.0,8526.496171032028,1539.2753703398062,1.0,-4983.798973408533,0.0,0.0
53,trust_vcg,node-004,0.0,0.0,0.0,0.0,0.0,0.0,0.0,0.0,8526.496171032028,1539.2753703398062,1.0,-2313.2512805237575,0.0,0.0
53,trust_vcg,node-005,0.0,0.0,0.0,0.0,0.0,0.0,0.0,0.0,8526.496171032028,1539.2753703398062,1.0,0.0,0.0,0.0
53,trust_vcg,node-006,46.254975373065236,0.7544142270294287,80.63480395245006,0.030049837907075792,0.0004901099839354191,0.052384911437028545,1112.588847295249,1539.2753703398062,8526.496171032028,1539.2753703398062,1.0,-12223.025232371756,-11.351189043369686,-1372.9152311227817
53,trust_vcg,node-007,0.0,0.0,40.4714330663076,0.0,0.0,40471.433066307596,0.0,0.0,8526.496171032028,1539.2753703398062,1.0,-1759.5285669336927,0.0,0.0
53,trust_vcg,node-008,0.0,0.0,43.944807907045245,0.0,0.0,43944.807907045244,0.0,0.0,8526.496171032028,1539.2753703398062,1.0,-10483.649006704174,0.0,0.0
53,trust_vcg,node-009,0.0,0.0,98.97662417478402,0.0,0.0,98976.62417478402,0.0,0.0,8526.496171032028,1539.2753703398062,1.0,-2301.023375825216,0.0,0.0
53,trust_vcg,node-010,0.0,0.0,0.0,0.0,0.0,0.0,0.0,0.0,8526.496171032028,1539.2753703398062,1.0,0.0,0.0,0.0
53,trust_vcg,node-011,0.0,0.0,0.0,0.0,0.0,0.0,0.0,0.0,8526.496171032028,1539.2753703398062,1.0,0.0,0.0,0.0
53,trust_vcg,node-012,0.0,0.0,0.0,0.0,0.0,0.0,0.0,0.0,8526.496171032028,1539.2753703398062,1.0,-5577.245600323224,0.0,0.0
53,trust_vcg,node-013,0.0,0.0,0.0,0.0,0.0,0.0,0.0,0.0,8526.496171032028,1539.2753703398062,1.0,0.0,0.0,0.0
53,trust_vcg,node-014,23.503728712121813,0.0,239.58191092017753,23503.72871212181,0.0,239581.91092017753,0.0,0.0,8526.496171032028,1539.2753703398062,1.0,-5080.015169178823,0.0,0.0
53,trust_vcg,node-015,178.16459180837364,24.191113813315702,178.16459180837364,178164.59180837363,24191.113813315704,178164.59180837363,0.0,0.0,8526.496171032028,1539.2753703398062,1.0,-5591.1637279637225,0.0,0.0
53,trust_vcg,node-016,0.0,0.0,413.10220573781805,0.0,0.0,413102.20573781803,0.0,0.0,8526.496171032028,1539.2753703398062,1.0,-4986.897794262182,0.0,0.0
53,trust_vcg,node-017,0.0,0.0,0.0,0.0,0.0,0.0,0.0,0.0,8526.496171032028,1539.2753703398062,1.0,0.0,0.0,0.0
53,trust_vcg,node-018,0.0,0.0,0.0,0.0,0.0,0.0,0.0,0.0,8526.496171032028,1539.2753703398062,1.0,-5623.658583451677,0.0,0.0
53,trust_vcg,node-019,0.0,0.0,149.3043707925467,0.0,0.0,149304.37079254672,0.0,0.0,8526.496171032028,1539.2753703398062,1.0,-5577.18665819861,0.0,0.0
53,trust_vcg,node-020,0.0,0.0,0.0,0.0,0.0,0.0,0.0,0.0,8526.496171032028,1539.2753703398062,1.0,-3951.2761203635305,0.0,0.0
53,trust_vcg,node-021,0.0,0.0,126.55144592632935,0.0,0.0,126551.44592632935,0.0,0.0,8526.496171032028,1539.2753703398062,1.0,-10445.664291585626,0.0,0.0
53,trust_vcg,node-022,0.0,0.0,26.87418695123128,0.0,0.0,26874.18695123128,0.0,0.0,8526.496171032028,1539.2753703398062,1.0,-1173.1258130487686,0.0,0.0
53,trust_vcg,node-023,0.0,0.0,0.0,0.0,0.0,0.0,0.0,0.0,8526.496171032028,1539.2753703398062,1.0,-5646.728596076659,0.0,0.0
53,trust_vcg,node-024,65.92131439607458,0.0,66.06522294402353,65921.31439607458,0.0,66065.22294402352,0.0,0.0,8526.496171032028,1539.2753703398062,1.0,-1733.9347770559764,0.0,0.0
53,trust_vcg,node-025,0.0,0.0,0.0,0.0,0.0,0.0,0.0,0.0,8526.496171032028,1539.2753703398062,1.0,0.0,0.0,0.0
53,trust_vcg,node-026,104.65312687199291,0.0,177.320839097247,104653.1268719929,0.0,177320.839097247,0.0,0.0,8526.496171032028,1539.2753703398062,1.0,-3422.679160902753,0.0,0.0
53,trust_vcg,node-027,0.0,0.0,0.0,0.0,0.0,0.0,0.0,0.0,8526.496171032028,1539.2753703398062,1.0,-1148.5802019018322,0.0,0.0
53,trust_vcg,node-028,19.892074868611644,0.0,39.315370016538324,19892.074868611642,0.0,39315.37001653832,0.0,0.0,8526.496171032028,1539.2753703398062,1.0,-1760.684629983462,0.0,0.0
53,trust_vcg,node-029,0.0,0.0,184.91832200993892,0.0,0.0,184918.32200993891,0.0,0.0,8526.496171032028,1539.2753703398062,1.0,-2287.1014589068054,0.0,0.0
53,contingent,node-000,0.0,0.0,0.0,0.0,0.0,0.0,0.0,0.0,8526.496171032028,640.0297845668355,1.0,-564.0672712057649,0.0,0.0
53,contingent,node-001,0.0,0.0,0.0,0.0,0.0,0.0,0.0,0.0,8526.496171032028,640.0297845668355,1.0,0.0,0.0,0.0
53,contingent,node-002,0.0,123.15969615485557,168.28588226154918,0.0,123159.69615485557,168285.88226154918,0.0,0.0,8526.496171032028,640.0297845668355,1.0,-466.4848231441235,0.0,0.0
53,contingent,node-003,0.0,0.0,0.0,0.0,0.0,0.0,0.0,0.0,8526.496171032028,640.0297845668355,1.0,-135.19589363413118,0.0,0.0
53,contingent,node-004,0.0,0.0,0.0,0.0,0.0,0.0,0.0,0.0,8526.496171032028,640.0297845668355,1.0,-453.00512209502983,0.0,0.0
53,contingent,node-005,0.0,0.0,0.0,0.0,0.0,0.0,0.0,0.0,8526.496171032028,640.0297845668355,1.0,0.0,0.0,0.0
53,contingent,node-006,146.171151570062,0.0,279.88038972542074,0.22838179580812615,0.0,0.4372927580469407,213.34326152227848,640.0297845668355,8526.496171032028,640.0297845668355,1.0,-655.0888018282948,-61.30927714186805,-435.4442035390115
53,contingent,node-007,0.0,0.0,0.0,0.0,0.0,0.0,0.0,0.0,8526.496171032028,640.0297845668355,1.0,-438.11426773476967,0.0,0.0
53,contingent,node-008,0.0,32.13772850152239,32.13772850152239,0.0,32137.72850152239,32137.72850152239,0.0,0.0,8526.496171032028,640.0297845668355,1.0,-414.2256534832428,0.0,0.0
53,contingent,node-009,0.0,0.0,15.709067413531855,0.0,0.0,15709.067413531855,0.0,0.0,8526.496171032028,640.0297845668355,1.0,-404.093503300864,0.0,0.0
53,contingent,node-010,0.0,0.0,0.0,0.0,0.0,0.0,0.0,0.0,8526.496171032028,640.0297845668355,1.0,0.0,0.0,0.0
53,contingent,node-011,0.0,0.0,0.0,0.0,0.0,0.0,0.0,0.0,8526.496171032028,640.0297845668355,1.0,0.0,0.0,0.0
53,contingent,node-012,0.0,0.0,49.959361265217325,0.0,0.0,49959.361265217325,0.0,0.0,8526.496171032028,640.0297845668355,1.0,-308.9824012928949,0.0,0.0
53,contingent,node-013,0.0,0.0,0.0,0.0,0.0,0.0,0.0,0.0,8526.496171032028,640.0297845668355,1.0,0.0,0.0,0.0
53,contingent,node-014,0.0,0.0,39.581910920177485,0.0,0.0,39581.910920177485,0.0,0.0,8526.496171032028,640.0297845668355,1.0,-520.0606767152914,0.0,0.0
53,contingent,node-015,0.0,48.972924151649494,48.972924151649494,0.0,48972.924151649495,48972.924151649495,0.0,0.0,8526.496171032028,640.0297845668355,1.0,-364.65491185488844,0.0,0.0
53,contingent,node-016,0.0,0.0,0.0,0.0,0.0,0.0,0.0,0.0,8526.496171032028,640.0297845668355,1.0,-147.59117704872799,0.0,0.0
53,contingent,node-017,0.0,0.0,0.0,0.0,0.0,0.0,0.0,0.0,8526.496171032028,640.0297845668355,1.0,0.0,0.0,0.0
53,contingent,node-018,0.0,0.0,0.0,0.0,0.0,0.0,0.0,0.0,8526.496171032028,640.0297845668355,1.0,-494.6343338067129,0.0,0.0
53,contingent,node-019,0.0,4.358327029189116,99.3043707925467,0.0,4358.327029189116,99304.3707925467,0.0,0.0,8526.496171032028,640.0297845668355,1.0,-308.7466327944412,0.0,0.0
53,contingent,node-020,0.0,0.0,0.0,0.0,0.0,0.0,0.0,0.0,8526.496171032028,640.0297845668355,1.0,-405.10448145412147,0.0,0.0
53,contingent,node-021,0.0,0.0,0.0,0.0,0.0,0.0,0.0,0.0,8526.496171032028,640.0297845668355,1.0,-441.39609293526195,0.0,0.0
53,contingent,node-022,0.0,0.0,0.0,0.0,0.0,0.0,0.0,0.0,8526.496171032028,640.0297845668355,1.0,-292.5032521950749,0.0,0.0
53,contingent,node-023,0.0,0.0,0.0,0.0,0.0,0.0,0.0,0.0,8526.496171032028,640.0297845668355,1.0,-726.3778550128399,0.0,0.0
53,contingent,node-024,0.0,0.0,15.645271499450573,0.0,0.0,15645.271499450573,0.0,0.0,8526.496171032028,640.0297845668355,1.0,-335.7391082239059,0.0,0.0
53,contingent,node-025,0.0,0.0,0.0,0.0,0.0,0.0,0.0,0.0,8526.496171032028,640.0297845668355,1.0,0.0,0.0,0.0
53,contingent,node-026,0.0,0.0,28.10774261682161,0.0,0.0,28107.74261682161,0.0,0.0,8526.496171032028,640.0297845668355,1.0,-490.71664361101205,0.0,0.0
53,contingent,node-027,0.0,0.0,0.0,0.0,0.0,0.0,0.0,0.0,8526.496171032028,640.0297845668355,1.0,-238.64440632469575,0.0,0.0
53,contingent,node-028,0.0,0.0,0.0,0.0,0.0,0.0,0.0,0.0,8526.496171032028,640.0297845668355,1.0,-442.7385199338466,0.0,0.0
53,contingent,node-029,0.0,0.0,34.91832200993893,0.0,0.0,34918.32200993893,0.0,0.0,8526.496171032028,640.0297845668355,1.0,-348.4058356272219,0.0,0.0
53,capped,node-000,0.0,0.0,0.0,0.0,0.0,0.0,0.0,0.0,8526.496171032028,640.0297845668355,1.0,-141.01681780144122,0.0,0.0
53,capped,node-001,0.0,0.0,0.0,0.0,0.0,0.0,0.0,0.0,8526.496171032028,640.0297845668355,1.0,0.0,0.0,0.0
53,capped,node-002,0.0,123.15969615485557,168.28588226154918,0.0,123159.69615485557,168285.88226154918,0.0,0.0,8526.496171032028,640.0297845668355,1.0,-116.62120578603088,0.0,0.0
53,capped,node-003,0.0,0.0,0.0,0.0,0.0,0.0,0.0,0.0,8526.496171032028,640.0297845668355,1.0,-33.7989734085328,0.0,0.0
53,capped,node-004,0.0,0.0,0.0,0.0,0.0,0.0,0.0,0.0,8526.496171032028,640.0297845668355,1.0,-113.25128052375746,0.0,0.0
53,capped,node-005,0.0,0.0,0.0,0.0,0.0,0.0,0.0,0.0,8526.496171032028,640.0297845668355,1.0,0.0,0.0,0.0
53,capped,node-006,146.171151570062,0.0,279.88038972542074,0.22838179580812615,0.0,0.4372927580469407,213.34326152227848,640.0297845668355,8526.496171032028,640.0297845668355,1.0,-323.7796465987825,-61.30927714186805,-382.84260086185327
53,capped,node-007,0.0,0.0,0.0,0.0,0.0,0.0,0.0,0.0,8526.496171032028,640.0297845668355,1.0,-109.52856693369242,0.0,0.0
53,capped,node-008,0.0,122.65118210652871,129.1932921536546,0.0,122651.18210652871,129193.29215365459,0.0,0.0,8526.496171032028,640.0297845668355,1.0,-103.55641337081073,0.0,0.0
53,capped,node-009,0.0,0.0,15.709067413531855,0.0,0.0,15709.067413531855,0.0,0.0,8526.496171032028,640.0297845668355,1.0,-101.023375825216,0.0,0.0
53,capped,node-010,0.0,0.0,0.0,0.0,0.0,0.0,0.0,0.0,8526.496171032028,640.0297845668355,1.0,0.0,0.0,0.0
53,capped,node-011,0.0,0.0,0.0,0.0,0.0,0.0,0.0,0.0,8526.496171032028,640.0297845668355,1.0,0.0,0.0,0.0
53,capped,node-012,0.0,124.5725027121224,181.7708334943925,0.0,124572.5027121224,181770.8334943925,0.0,0.0,8526.496171032028,640.0297845668355,1.0,-77.24560032322373,0.0,0.0
53,capped,node-013,0.0,0.0,0.0,0.0,0.0,0.0,0.0,0.0,8526.496171032028,640.0297845668355,1.0,0.0,0.0,0.0
53,capped,node-014,0.0,0.0,39.581910920177485,0.0,0.0,39581.910920177485,0.0,0.0,8526.496171032028,640.0297845668355,1.0,-130.01516917882284,0.0,0.0
53,capped,node-015,0.0,174.1911138133157,174.1911138133157,0.0,174191.1138133157,174191.1138133157,0.0,0.0,8526.496171032028,640.0297845668355,1.0,-91.16372796372212,0.0,0.0
53,capped,node-016,0.0,0.0,0.0,0.0,0.0,0.0,0.0,0.0,8526.496171032028,640.0297845668355,1.0,-36.897794262182,0.0,0.0
53,capped,node-017,0.0,0.0,0.0,0.0,0.0,0.0,0.0,0.0,8526.496171032028,640.0297845668355,1.0,0.0,0.0,0.0
53,capped,node-018,0.0,0.0,47.5186021914181,0.0,0.0,47518.6021914181,0.0,0.0,8526.496171032028,640.0297845668355,1.0,-123.65858345167823,0.0,0.0
53,capped,node-019,0.0,106.80549624067686,160.47930625409475,0.0,106805.49624067686,160479.30625409476,0.0,0.0,8526.496171032028,640.0297845668355,1.0,-77.18665819861032,0.0,0.0
53,capped,node-020,0.0,73.89872632593418,73.89872632593418,0.0,73898.72632593417,73898.72632593417,0.0,0.0,8526.496171032028,640.0297845668355,1.0,-101.27612036353038,0.0,0.0
53,capped,node-021,0.0,0.0,43.52201013601852,0.0,0.0,43522.01013601852,0.0,0.0,8526.496171032028,640.0297845668355,1.0,-110.34902323381552,0.0,0.0
53,capped,node-022,0.0,0.0,0.0,0.0,0.0,0.0,0.0,0.0,8526.496171032028,640.0297845668355,1.0,-73.12581304876872,0.0,0.0
53,capped,node-023,0.0,0.0,0.0,0.0,0.0,0.0,0.0,0.0,8526.496171032028,640.0297845668355,1.0,-181.59446375321,0.0,0.0
53,capped,node-024,0.0,0.0,15.645271499450573,0.0,0.0,15645.271499450573,0.0,0.0,8526.496171032028,640.0297845668355,1.0,-83.93477705597647,0.0,0.0
53,capped,node-025,0.0,0.0,0.0,0.0,0.0,0.0,0.0,0.0,8526.496171032028,640.0297845668355,1.0,0.0,0.0,0.0
53,capped,node-026,0.0,0.0,28.10774261682161,0.0,0.0,28107.74261682161,0.0,0.0,8526.496171032028,640.0297845668355,1.0,-122.67916090275301,0.0,0.0
53,capped,node-027,0.0,0.0,0.0,0.0,0.0,0.0,0.0,0.0,8526.496171032028,640.0297845668355,1.0,-59.66110158117394,0.0,0.0
53,capped,node-028,0.0,0.0,0.0,0.0,0.0,0.0,0.0,0.0,8526.496171032028,640.0297845668355,1.0,-110.68462998346166,0.0,0.0
53,capped,node-029,0.0,0.0,34.91832200993893,0.0,0.0,34918.32200993893,0.0,0.0,8526.496171032028,640.0297845668355,1.0,-87.10145890680548,0.0,0.0
53,proper_scoring,node-000,0.0,0.0,108.9831821985588,0.0,0.0,108983.18219855879,0.0,0.0,8526.496171032028,1539.2753703398062,1.0,-451.24652111524784,0.0,0.0
53,proper_scoring,node-001,0.0,0.0,0.0,0.0,0.0,0.0,0.0,0.0,8526.496171032028,1539.2753703398062,1.0,0.0,0.0,0.0
53,proper_scoring,node-002,0.0,423.1596961548556,783.3787942139691,0.0,423159.6961548556,783378.794213969,0.0,0.0,8526.496171032028,1539.2753703398062,1.0,-466.4848231441235,0.0,0.0
53,proper_scoring,node-003,78.08962139242723,0.0,355.8101315178334,78089.62139242723,0.0,355810.1315178334,0.0,0.0,8526.496171032028,1539.2753703398062,1.0,-135.19589363413118,0.0,0.0
53,proper_scoring,node-004,0.0,0.0,0.0,0.0,0.0,0.0,0.0,0.0,8526.496171032028,1539.2753703398062,1.0,-313.2512805237575,0.0,0.0
53,proper_scoring,node-005,0.0,0.0,0.0,0.0,0.0,0.0,0.0,0.0,8526.496171032028,1539.2753703398062,1.0,0.0,0.0,0.0
53,proper_scoring,node-006,46.254975373065236,0.7544142270294287,80.63480395245006,0.030049837907075792,0.0004901099839354191,0.052384911437028545,1112.588847295249,1539.2753703398062,8526.496171032028,1539.2753703398062,1.0,-1540.1510400713655,-11.351189043369686,-872.9152311227816
53,proper_scoring,node-007,0.0,0.0,40.4714330663076,0.0,0.0,40471.433066307596,0.0,0.0,8526.496171032028,1539.2753703398062,1.0,-259.52856693369245,0.0,0.0
53,proper_scoring,node-008,239.37220264072465,376.12363260301856,690.9032395502674,239372.20264072466,376123.63260301854,690903.2395502673,0.0,0.0,8526.496171032028,1539.2753703398062,1.0,-414.2256534832428,0.0,0.0
53,proper_scoring,node-009,0.0,0.0,98.97662417478402,0.0,0.0,98976.62417478402,0.0,0.0,8526.496171032028,1539.2753703398062,1.0,-301.023375825216,0.0,0.0
53,proper_scoring,node-010,0.0,0.0,0.0,0.0,0.0,0.0,0.0,0.0,8526.496171032028,1539.2753703398062,1.0,0.0,0.0,0.0
53,proper_scoring,node-011,0.0,0.0,0.0,0.0,0.0,0.0,0.0,0.0,8526.496171032028,1539.2753703398062,1.0,0.0,0.0,0.0
53,proper_scoring,node-012,0.0,106.54016900205814,231.7708334943925,0.0,106540.16900205813,231770.8334943925,0.0,0.0,8526.496171032028,1539.2753703398062,1.0,-308.9824012928949,0.0,0.0
53,proper_scoring,node-013,0.0,0.0,0.0,0.0,0.0,0.0,0.0,0.0,8526.496171032028,1539.2753703398062,1.0,0.0,0.0,0.0
53,proper_scoring,node-014,23.503728712121813,0.0,239.58191092017753,23503.72871212181,0.0,239581.91092017753,0.0,0.0,8526.496171032028,1539.2753703398062,1.0,-475.29215958984236,0.0,0.0
53,proper_scoring,node-015,178.16459180837364,524.1911138133157,524.1911138133157,178164.59180837363,524191.1138133157,524191.1138133157,0.0,0.0,8526.496171032028,1539.2753703398062,1.0,-352.04581702405534,0.0,0.0
53,proper_scoring,node-016,0.0,0.0,413.10220573781805,0.0,0.0,413102.20573781803,0.0,0.0,8526.496171032028,1539.2753703398062,1.0,-147.59117704872799,0.0,0.0
53,proper_scoring,node-017,0.0,0.0,0.0,0.0,0.0,0.0,0.0,0.0,8526.496171032028,1539.2753703398062,1.0,0.0,0.0,0.0
53,proper_scoring,node-018,0.0,0.0,276.3414165483218,0.0,0.0,276341.4165483218,0.0,0.0,8526.496171032028,1539.2753703398062,1.0,-454.5100143444055,0.0,0.0
53,proper_scoring,node-019,0.0,216.50084004259665,239.85992940968492,0.0,216500.84004259665,239859.9294096849,0.0,0.0,8526.496171032028,1539.2753703398062,1.0,-308.7466327944412,0.0,0.0
53,proper_scoring,node-020,0.0,73.89872632593418,148.72387963646963,0.0,73898.72632593417,148723.87963646962,0.0,0.0,8526.496171032028,1539.2753703398062,1.0,-394.2563919652202,0.0,0.0
53,proper_scoring,node-021,0.0,0.0,428.03793565800447,0.0,0.0,428037.9356580045,0.0,0.0,8526.496171032028,1539.2753703398062,1.0,-425.89936793866354,0.0,0.0
53,proper_scoring,node-022,0.0,0.0,26.87418695123128,0.0,0.0,26874.18695123128,0.0,0.0,8526.496171032028,1539.2753703398062,1.0,-173.12581304876872,0.0,0.0
53,proper_scoring,node-023,0.0,0.0,98.87970767634258,0.0,0.0,98879.70767634257,0.0,0.0,8526.496171032028,1539.2753703398062,1.0,-549.4916229828808,0.0,0.0
53,proper_scoring,node-024,65.92131439607458,0.0,66.06522294402353,65921.31439607458,0.0,66065.22294402352,0.0,0.0,8526.496171032028,1539.2753703398062,1.0,-233.93477705597644,0.0,0.0
53,proper_scoring,node-025,0.0,0.0,0.0,0.0,0.0,0.0,0.0,0.0,8526.496171032028,1539.2753703398062,1.0,0.0,0.0,0.0
53,proper_scoring,node-026,104.65312687199291,0.0,177.320839097247,104653.1268719929,0.0,177320.839097247,0.0,0.0,8526.496171032028,1539.2753703398062,1.0,-405.0436584740619,0.0,0.0
53,proper_scoring,node-027,0.0,0.0,0.0,0.0,0.0,0.0,0.0,0.0,8526.496171032028,1539.2753703398062,1.0,-148.58020190183217,0.0,0.0
53,proper_scoring,node-028,19.892074868611644,0.0,39.315370016538324,19892.074868611642,0.0,39315.37001653832,0.0,0.0,8526.496171032028,1539.2753703398062,1.0,-260.68462998346166,0.0,0.0
53,proper_scoring,node-029,0.0,0.0,184.91832200993892,0.0,0.0,184918.32200993891,0.0,0.0,8526.496171032028,1539.2753703398062,1.0,-287.1014589068055,0.0,0.0
53,audits,node-000,0.0,0.0,108.9831821985588,0.0,0.0,108983.18219855879,0.0,0.0,8526.496171032028,1539.2753703398062,1.0,-991.0168178014412,0.0,0.0
53,audits,node-001,0.0,0.0,0.0,0.0,0.0,0.0,0.0,0.0,8526.496171032028,1539.2753703398062,1.0,0.0,0.0,0.0
53,audits,node-002,0.0,423.1596961548556,783.3787942139691,0.0,423159.6961548556,783378.794213969,0.0,0.0,8526.496171032028,1539.2753703398062,1.0,-1516.621205786031,0.0,0.0
53,audits,node-003,54.090116848586305,0.0,316.2010265914672,54090.1168485863,0.0,316201.0265914672,0.0,0.0,8526.496171032028,1539.2753703398062,1.0,-483.7989734085328,0.0,0.0
53,audits,node-004,0.0,0.0,0.0,0.0,0.0,0.0,0.0,0.0,8526.496171032028,1539.2753703398062,1.0,-813.2512805237574,0.0,0.0
53,audits,node-005,0.0,0.0,0.0,0.0,0.0,0.0,0.0,0.0,8526.496171032028,1539.2753703398062,1.0,0.0,0.0,0.0
53,audits,node-006,46.254975373065236,0.7544142270294287,80.63480395245006,0.030049837907075792,0.0004901099839354191,0.052384911437028545,1112.588847295249,1539.2753703398062,8526.496171032028,1539.2753703398062,1.0,-2723.025232371753,-11.351189043369686,-872.9152311227816
53,audits,node-007,0.0,0.0,40.4714330663076,0.0,0.0,40471.433066307596,0.0,0.0,8526.496171032028,1539.2753703398062,1.0,-759.5285669336923,0.0,0.0
53,audits,node-008,238.00621747492067,376.12363260301856,653.21608204176,238006.21747492068,376123.63260301854,653216.08204176,0.0,0.0,8526.496171032028,1539.2753703398062,1.0,-1483.6490067041746,0.0,0.0
53,audits,node-009,0.0,0.0,98.97662417478402,0.0,0.0,98976.62417478402,0.0,0.0,8526.496171032028,1539.2753703398062,1.0,-801.0233758252159,0.0,0.0
53,audits,node-010,0.0,0.0,0.0,0.0,0.0,0.0,0.0,0.0,8526.496171032028,1539.2753703398062,1.0,0.0,0.0,0.0
53,audits,node-011,0.0,0.0,0.0,0.0,0.0,0.0,0.0,0.0,8526.496171032028,1539.2753703398062,1.0,0.0,0.0,0.0
53,audits,node-012,0.0,74.5725027121224,231.7708334943925,0.0,74572.5027121224,231770.8334943925,0.0,0.0,8526.496171032028,1539.2753703398062,1.0,-1077.2456003232237,0.0,0.0
53,audits,node-013,0.0,0.0,0.0,0.0,0.0,0.0,0.0,0.0,8526.496171032028,1539.2753703398062,1.0,0.0,0.0,0.0
53,audits,node-014,23.503728712121813,0.0,239.58191092017753,23503.72871212181,0.0,239581.91092017753,0.0,0.0,8526.496171032028,1539.2753703398062,1.0,-1080.0151691788228,0.0,0.0
53,audits,node-015,178.16459180837364,524.1911138133157,524.1911138133157,178164.59180837363,524191.1138133157,524191.1138133157,0.0,0.0,8526.496171032028,1539.2753703398062,1.0,-1091.163727963722,0.0,0.0
53,audits,node-016,0.0,0.0,413.10220573781805,0.0,0.0,413102.20573781803,0.0,0.0,8526.496171032028,1539.2753703398062,1.0,-486.89779426218195,0.0,0.0
53,audits,node-017,0.0,0.0,0.0,0.0,0.0,0.0,0.0,0.0,8526.496171032028,1539.2753703398062,1.0,0.0,0.0,0.0
53,audits,node-018,0.0,0.0,276.3414165483218,0.0,0.0,276341.4165483218,0.0,0.0,8526.496171032028,1539.2753703398062,1.0,-1123.6585834516784,0.0,0.0
53,audits,node-019,0.0,0.0,149.3043707925467,0.0,0.0,149304.37079254672,0.0,0.0,8526.496171032028,1539.2753703398062,1.0,-1077.1866581986103,0.0,0.0
53,audits,node-020,0.0,73.89872632593418,148.72387963646963,0.0,73898.72632593417,148723.87963646962,0.0,0.0,8526.496171032028,1539.2753703398062,1.0,-951.2761203635304,0.0,0.0
53,audits,node-021,0.0,0.0,274.6459664724473,0.0,0.0,274645.96647244727,0.0,0.0,8526.496171032028,1539.2753703398062,1.0,-1445.6642915856294,0.0,0.0
53,audits,node-022,0.0,0.0,26.87418695123128,0.0,0.0,26874.18695123128,0.0,0.0,8526.496171032028,1539.2753703398062,1.0,-673.1258130487687,0.0,0.0
53,audits,node-023,0.0,0.0,0.0,0.0,0.0,0.0,0.0,0.0,8526.496171032028,1539.2753703398062,1.0,-1146.728596076659,0.0,0.0
53,audits,node-024,65.92131439607458,0.0,66.06522294402353,65921.31439607458,0.0,66065.22294402352,0.0,0.0,8526.496171032028,1539.2753703398062,1.0,-733.9347770559764,0.0,0.0
53,audits,node-025,0.0,0.0,0.0,0.0,0.0,0.0,0.0,0.0,8526.496171032028,1539.2753703398062,1.0,0.0,0.0,0.0
53,audits,node-026,104.65312687199291,0.0,177.320839097247,104653.1268719929,0.0,177320.839097247,0.0,0.0,8526.496171032028,1539.2753703398062,1.0,-922.679160902753,0.0,0.0
53,audits,node-027,0.0,0.0,0.0,0.0,0.0,0.0,0.0,0.0,8526.496171032028,1539.2753703398062,1.0,-648.5802019018322,0.0,0.0
53,audits,node-028,19.892074868611644,0.0,39.315370016538324,19892.074868611642,0.0,39315.37001653832,0.0,0.0,8526.496171032028,1539.2753703398062,1.0,-760.6846299834617,0.0,0.0
53,audits,node-029,0.0,0.0,184.91832200993892,0.0,0.0,184918.32200993891,0.0,0.0,8526.496171032028,1539.2753703398062,1.0,-787.1014589068055,0.0,0.0
49,greedy,node-000,0.0,0.0,0.0,0.0,0.0,0.0,0.0,0.0,8435.550940722374,190.2027233433482,0.75,0.0,0.0,0.0
49,greedy,node-001,0.0,0.0,0.0,0.0,0.0,0.0,0.0,0.0,8435.550940722374,190.2027233433482,0.75,0.0,0.0,0.0
49,greedy,node-002,0.0,0.0,0.0,0.0,0.0,0.0,0.0,0.0,8435.550940722374,190.2027233433482,0.75,0.0,0.0,0.0
49,greedy,node-003,0.0,0.0,0.0,0.0,0.0,0.0,0.0,0.0,8435.550940722374,190.2027233433482,0.75,0.0,0.0,0.0
49,greedy,node-004,0.0,0.0,0.0,0.0,0.0,0.0,0.0,0.0,8435.550940722374,190.2027233433482,0.75,0.0,0.0,0.0
49,greedy,node-005,0.0,0.0,0.0,0.0,0.0,0.0,0.0,0.0,8435.550940722374,190.2027233433482,0.75,0.0,0.0,0.0
49,greedy,node-006,0.0,0.0,0.0,0.0,0.0,0.0,0.0,0.0,8435.550940722374,190.2027233433482,0.75,0.0,0.0,0.0
49,greedy,node-007,0.0,0.0,0.0,0.0,0.0,0.0,0.0,0.0,8435.550940722374,190.2027233433482,0.75,0.0,0.0,0.0
49,greedy,node-008,0.0,0.0,0.0,0.0,0.0,0.0,0.0,0.0,8435.550940722374,190.2027233433482,0.75,0.0,0.0,0.0
49,greedy,node-009,0.0,0.0,0.0,0.0,0.0,0.0,0.0,0.0,8435.550940722374,190.2027233433482,0.75,0.0,0.0,0.0
49,greedy,node-010,0.0,0.0,0.0,0.0,0.0,0.0,0.0,0.0,8435.550940722374,190.2027233433482,0.75,0.0,0.0,0.0
49,greedy,node-011,0.0,0.0,0.0,0.0,0.0,0.0,0.0,0.0,8435.550940722374,190.2027233433482,0.75,0.0,0.0,0.0
49,greedy,node-012,0.0,0.0,0.0,0.0,0.0,0.0,0.0,0.0,8435.550940722374,190.2027233433482,0.75,0.0,0.0,0.0
49,greedy,node-013,38.39912208147601,0.0,38.39912208147601,0.2865969184474205,0.0,0.2865969184474205,44.66100832427567,133.983024972827,8435.550940722374,190.2027233433482,0.75,-72.0840497425983,-10.866183153970695,-44.66100832427567
49,greedy,node-014,0.0,0.0,0.0,0.0,0.0,0.0,0.0,0.0,8435.550940722374,190.2027233433482,0.75,0.0,0.0,0.0
49,greedy,node-015,0.0,0.0,0.0,0.0,0.0,0.0,0.0,0.0,8435.550940722374,190.2027233433482,0.75,0.0,0.0,0.0
49,greedy,node-016,0.0,0.0,0.0,0.0,0.0,0.0,0.0,0.0,8435.550940722374,190.2027233433482,0.75,0.0,0.0,0.0
49,greedy,node-017,0.0,0.0,0.0,0.0,0.0,0.0,0.0,0.0,8435.550940722374,190.2027233433482,0.75,0.0,0.0,0.0
49,greedy,node-018,0.0,0.0,0.0,0.0,0.0,0.0,0.0,0.0,8435.550940722374,190.2027233433482,0.75,0.0,0.0,0.0
49,greedy,node-019,0.0,0.0,0.0,0.0,0.0,0.0,0.0,0.0,8435.550940722374,190.2027233433482,0.75,0.0,0.0,0.0
49,greedy,node-020,0.0,0.0,0.0,0.0,0.0,0.0,0.0,0.0,8435.550940722374,190.2027233433482,0.75,-29.14300281359022,0.0,0.0
49,greedy,node-021,0.0,0.0,0.0,0.0,0.0,0.0,0.0,0.0,8435.550940722374,190.2027233433482,0.75,-23.979030478181684,0.0,0.0
49,greedy,node-022,0.0,0.0,0.0,0.0,0.0,0.0,0.0,0.0,8435.550940722374,190.2027233433482,0.75,0.0,0.0,0.0
49,greedy,node-023,0.0,0.0,0.0,0.0,0.0,0.0,0.0,0.0,8435.550940722374,190.2027233433482,0.75,0.0,0.0,0.0
49,greedy,node-024,0.0,0.0,0.0,0.0,0.0,0.0,0.0,0.0,8435.550940722374,190.2027233433482,0.75,0.0,0.0,0.0
49,greedy,node-025,19.476600364619113,0.0,19.476600364619113,0.3464372974087615,0.0,0.3464372974087615,18.739899456840394,56.219698370521186,8435.550940722374,190.2027233433482,0.75,-41.42172971108469,-5.6219698370521165,-18.739899456840394
49,greedy,node-026,0.0,0.0,0.0,0.0,0.0,0.0,0.0,0.0,8435.550940722374,190.2027233433482,0.75,0.0,0.0,0.0
49,greedy,node-027,0.0,0.0,0.0,0.0,0.0,0.0,0.0,0.0,8435.550940722374,190.2027233433482,0.75,0.0,0.0,0.0
49,greedy,node-028,0.0,0.0,0.0,0.0,0.0,0.0,0.0,0.0,8435.550940722374,190.2027233433482,0.75,0.0,0.0,0.0
49,greedy,node-029,0.0,0.0,0.0,0.0,0.0,0.0,0.0,0.0,8435.550940722374,190.2027233433482,0.75,-24.858940662428253,0.0,0.0
49,trust_vcg,node-000,0.0,0.0,0.0,0.0,0.0,0.0,0.0,0.0,8675.008846404153,-1075.8253932545138,0.8,0.0,0.0,0.0
49,trust_vcg,node-001,0.0,0.0,0.0,0.0,0.0,0.0,0.0,0.0,8675.008846404153,-1075.8253932545138,0.8,0.0,0.0,0.0
49,trust_vcg,node-002,0.0,0.0,0.0,0.0,0.0,0.0,0.0,0.0,8675.008846404153,-1075.8253932545138,0.8,0.0,0.0,0.0
49,trust_vcg,node-003,0.0,0.0,408.46451611894236,0.0,0.0,408464.51611894235,0.0,0.0,8675.008846404153,-1075.8253932545138,0.8,-5591.535483881057,0.0,0.0
49,trust_vcg,node-004,0.0,0.0,0.0,0.0,0.0,0.0,0.0,0.0,8675.008846404153,-1075.8253932545138,0.8,0.0,0.0,0.0
49,trust_vcg,node-005,0.0,0.0,0.0,0.0,0.0,0.0,0.0,0.0,8675.008846404153,-1075.8253932545138,0.8,0.0,0.0,0.0
49,trust_vcg,node-006,0.0,0.0,0.0,0.0,0.0,0.0,0.0,0.0,8675.008846404153,-1075.8253932545138,0.8,0.0,0.0,0.0
49,trust_vcg,node-007,0.0,0.0,0.0,0.0,0.0,0.0,0.0,0.0,8675.008846404153,-1075.8253932545138,0.8,-2258.5015140068917,0.0,0.0
49,trust_vcg,node-008,0.0,0.0,0.0,0.0,0.0,0.0,0.0,0.0,8675.008846404153,-1075.8253932545138,0.8,0.0,0.0,0.0
49,trust_vcg,node-009,0.0,0.0,0.0,0.0,0.0,0.0,0.0,0.0,8675.008846404153,-1075.8253932545138,0.8,0.0,0.0,0.0
49,trust_vcg,node-010,0.0,0.0,0.0,0.0,0.0,0.0,0.0,0.0,8675.008846404153,-1075.8253932545138,0.8,0.0,0.0,0.0
49,trust_vcg,node-011,0.0,0.0,0.0,0.0,0.0,0.0,0.0,0.0,8675.008846404153,-1075.8253932545138,0.8,0.0,0.0,0.0
49,trust_vcg,node-012,0.0,0.0,0.0,0.0,0.0,0.0,0.0,0.0,8675.008846404153,-1075.8253932545138,0.8,0.0,0.0,0.0
49,trust_vcg,node-013,72.41748250779642,1.4993629535839545,146.33432796917668,0.11256563802109674,0.0023306077710890257,0.22746188381328233,546.7789587182804,643.3356020620088,8675.008846404153,-1075.8253932545138,0.8,-7174.2020001366045,-14.483496501559216,-546.7789587182804
49,trust_vcg,node-014,0.0,0.0,0.0,0.0,0.0,0.0,0.0,0.0,8675.008846404153,-1075.8253932545138,0.8,-3316.155208500012,0.0,0.0
49,trust_vcg,node-015,0.0,0.0,0.0,0.0,0.0,0.0,0.0,0.0,8675.008846404153,-1075.8253932545138,0.8,0.0,0.0,0.0
49,trust_vcg,node-016,0.0,0.0,144.486117780944,0.0,0.0,144486.11778094398,0.0,0.0,8675.008846404153,-1075.8253932545138,0.8,-2255.513882219056,0.0,0.0
49,trust_vcg,node-017,0.0,0.0,274.4881251367432,0.0,0.0,274488.1251367432,0.0,0.0,8675.008846404153,-1075.8253932545138,0.8,-3925.5118748632567,0.0,0.0
49,trust_vcg,node-018,0.0,0.0,0.0,0.0,0.0,0.0,0.0,0.0,8675.008846404153,-1075.8253932545138,0.8,0.0,0.0,0.0
49,trust_vcg,node-019,0.0,0.0,0.0,0.0,0.0,0.0,0.0,0.0,8675.008846404153,-1075.8253932545138,0.8,-4920.235917632514,0.0,0.0
49,trust_vcg,node-020,90.595933666675,161.2781600881914,181.32984680924073,90595.93366667499,161278.16008819142,181329.84680924073,0.0,0.0,8675.008846404153,-1075.8253932545138,0.8,-11073.712772911576,0.0,0.0
49,trust_vcg,node-021,47.012999321373854,428.20862600780004,523.7836490218398,47012.999321373856,428208.62600780005,523783.6490218398,0.0,0.0,8675.008846404153,-1075.8253932545138,0.8,-5547.567298043679,0.0,0.0
49,trust_vcg,node-022,0.0,0.0,0.0,0.0,0.0,0.0,0.0,0.0,8675.008846404153,-1075.8253932545138,0.8,-5579.292429782893,0.0,0.0
49,trust_vcg,node-023,0.0,0.0,0.0,0.0,0.0,0.0,0.0,0.0,8675.008846404153,-1075.8253932545138,0.8,0.0,0.0,0.0
49,trust_vcg,node-024,0.0,0.0,427.4562373176986,0.0,0.0,427456.2373176986,0.0,0.0,8675.008846404153,-1075.8253932545138,0.8,-5572.543762682302,0.0,0.0
49,trust_vcg,node-025,1797.1147801152251,1781.504988816111,1844.7406542279653,1797114.7801152251,1781504.988816111,1844740.6542279653,-1749.7341951736903,-1719.1609953165225,8675.008846404153,-1075.8253932545138,0.8,-6941.920758064367,-4.5859799785750965,1749.7341951736903
49,trust_vcg,node-026,0.0,0.0,236.09407538410386,0.0,0.0,236094.07538410387,0.0,0.0,8675.008846404153,-1075.8253932545138,0.8,-3363.905924615896,0.0,0.0
49,trust_vcg,node-027,0.0,0.0,0.0,0.0,0.0,0.0,0.0,0.0,8675.008846404153,-1075.8253932545138,0.8,0.0,0.0,0.0
49,trust_vcg,node-028,0.0,0.0,0.0,0.0,0.0,0.0,0.0,0.0,8675.008846404153,-1075.8253932545138,0.8,0.0,0.0,0.0
49,trust_vcg,node-029,462.15844073358073,640.6602251204514,640.6602251204514,462158.44073358073,640660.2251204514,640660.2251204514,0.0,0.0,8675.008846404153,-1075.8253932545138,0.8,-11073.806157445882,198.11654294917022,0.0
49,contingent,node-000,0.0,0.0,0.0,0.0,0.0,0.0,0.0,0.0,8675.008846404153,172.05190588130085,0.8,0.0,0.0,0.0
49,contingent,node-001,0.0,0.0,0.0,0.0,0.0,0.0,0.0,0.0,8675.008846404153,172.05190588130085,0.8,0.0,0.0,0.0
49,contingent,node-002,0.0,0.0,0.0,0.0,0.0,0.0,0.0,0.0,8675.008846404153,172.05190588130085,0.8,0.0,0.0,0.0
49,contingent,node-003,0.0,0.0,0.0,0.0,0.0,0.0,0.0,0.0,8675.008846404153,172.05190588130085,0.8,-366.1419355242306,0.0,0.0
49,contingent,node-004,0.0,0.0,0.0,0.0,0.0,0.0,0.0,0.0,8675.008846404153,172.05190588130085,0.8,0.0,0.0,0.0
49,contingent,node-005,0.0,0.0,0.0,0.0,0.0,0.0,0.0,0.0,8675.008846404153,172.05190588130085,0.8,0.0,0.0,0.0
49,contingent,node-006,0.0,0.0,0.0,0.0,0.0,0.0,0.0,0.0,8675.008846404153,172.05190588130085,0.8,0.0,0.0,0.0
49,contingent,node-007,0.0,0.0,0.0,0.0,0.0,0.0,0.0,0.0,8675.008846404153,172.05190588130085,0.8,-234.00605602756738,0.0,0.0
49,contingent,node-008,0.0,0.0,0.0,0.0,0.0,0.0,0.0,0.0,8675.008846404153,172.05190588130085,0.8,0.0,0.0,0.0
49,contingent,node-009,0.0,0.0,0.0,0.0,0.0,0.0,0.0,0.0,8675.008846404153,172.05190588130085,0.8,0.0,0.0,0.0
49,contingent,node-010,0.0,0.0,0.0,0.0,0.0,0.0,0.0,0.0,8675.008846404153,172.05190588130085,0.8,0.0,0.0,0.0
49,contingent,node-011,0.0,0.0,0.0,0.0,0.0,0.0,0.0,0.0,8675.008846404153,172.05190588130085,0.8,0.0,0.0,0.0
49,contingent,node-012,0.0,0.0,0.0,0.0,0.0,0.0,0.0,0.0,8675.008846404153,172.05190588130085,0.8,0.0,0.0,0.0
49,contingent,node-013,84.61788697733843,0.0,144.8349650155928,0.5842365962406147,0.0,1.0000000000000002,48.27832167186426,144.83496501559276,8675.008846404153,172.05190588130085,0.8,-157.97048734515482,-14.483496501559287,-48.27832167186426
49,contingent,node-014,0.0,0.0,0.0,0.0,0.0,0.0,0.0,0.0,8675.008846404153,172.05190588130085,0.8,-105.45135395850969,0.0,0.0
49,contingent,node-015,0.0,0.0,0.0,0.0,0.0,0.0,0.0,0.0,8675.008846404153,172.05190588130085,0.8,0.0,0.0,0.0
49,contingent,node-016,0.0,0.0,0.0,0.0,0.0,0.0,0.0,0.0,8675.008846404153,172.05190588130085,0.8,-222.05552887622406,0.0,0.0
49,contingent,node-017,0.0,0.0,0.0,0.0,0.0,0.0,0.0,0.0,8675.008846404153,172.05190588130085,0.8,-302.0474994530274,0.0,0.0
49,contingent,node-018,0.0,0.0,0.0,0.0,0.0,0.0,0.0,0.0,8675.008846404153,172.05190588130085,0.8,0.0,0.0,0.0
49,contingent,node-019,0.0,0.0,0.0,0.0,0.0,0.0,0.0,0.0,8675.008846404153,172.05190588130085,0.8,-86.22526292359143,0.0,0.0
49,contingent,node-020,0.0,11.278160088191402,11.278160088191402,0.0,11278.160088191402,11278.160088191402,0.0,0.0,8675.008846404153,172.05190588130085,0.8,-294.8510916463108,0.0,0.0
49,contingent,node-021,0.0,78.20862600779998,78.20862600779998,0.0,78208.62600779998,78208.62600779998,0.0,0.0,8675.008846404153,172.05190588130085,0.8,-190.2691921747182,0.0,0.0
49,contingent,node-022,0.0,0.0,0.0,0.0,0.0,0.0,0.0,0.0,8675.008846404153,172.05190588130085,0.8,-317.1697191315694,0.0,0.0
49,contingent,node-023,0.0,0.0,0.0,0.0,0.0,0.0,0.0,0.0,8675.008846404153,172.05190588130085,0.8,0.0,0.0,0.0
49,contingent,node-024,0.0,0.0,16.685970262947173,0.0,0.0,16685.970262947172,0.0,0.0,8675.008846404153,172.05190588130085,0.8,-290.1750507292055,0.0,0.0
49,contingent,node-025,6.58455310509134,4.6475766369122224,27.216940865708125,0.24192847894186084,0.1707604340930144,1.0,-3.356258991459478,27.216940865708125,8675.008846404153,172.05190588130085,0.8,-87.37106202551769,-2.7216940865708117,3.356258991459478
49,contingent,node-026,0.0,0.0,0.0,0.0,0.0,0.0,0.0,0.0,8675.008846404153,172.05190588130085,0.8,-255.6236984635846,0.0,0.0
49,contingent,node-027,0.0,0.0,0.0,0.0,0.0,0.0,0.0,0.0,8675.008846404153,172.05190588130085,0.8,0.0,0.0,0.0
49,contingent,node-028,0.0,0.0,0.0,0.0,0.0,0.0,0.0,0.0,8675.008846404153,172.05190588130085,0.8,0.0,0.0,0.0
49,contingent,node-029,6.075111788407713,40.66022512045137,40.66022512045137,6075.111788407713,40660.225120451374,40660.225120451374,0.0,0.0,8675.008846404153,172.05190588130085,0.8,-295.22462978352564,7.9137603824054,0.0
49,capped,node-000,0.0,0.0,0.0,0.0,0.0,0.0,0.0,0.0,8675.008846404153,190.69476480134412,0.8,0.0,0.0,0.0
49,capped,node-001,0.0,0.0,0.0,0.0,0.0,0.0,0.0,0.0,8675.008846404153,190.69476480134412,0.8,0.0,0.0,0.0
49,capped,node-002,0.0,0.0,0.0,0.0,0.0,0.0,0.0,0.0,8675.008846404153,190.69476480134412,0.8,0.0,0.0,0.0
49,capped,node-003,0.0,0.0,0.0,0.0,0.0,0.0,0.0,0.0,8675.008846404153,190.69476480134412,0.8,-91.53548388105764,0.0,0.0
49,capped,node-004,0.0,0.0,0.0,0.0,0.0,0.0,0.0,0.0,8675.008846404153,190.69476480134412,0.8,0.0,0.0,0.0
49,capped,node-005,0.0,0.0,0.0,0.0,0.0,0.0,0.0,0.0,8675.008846404153,190.69476480134412,0.8,0.0,0.0,0.0
49,capped,node-006,0.0,0.0,0.0,0.0,0.0,0.0,0.0,0.0,8675.008846404153,190.69476480134412,0.8,0.0,0.0,0.0
49,capped,node-007,0.0,0.0,0.0,0.0,0.0,0.0,0.0,0.0,8675.008846404153,190.69476480134412,0.8,-58.50151400689185,0.0,0.0
49,capped,node-008,0.0,0.0,0.0,0.0,0.0,0.0,0.0,0.0,8675.008846404153,190.69476480134412,0.8,0.0,0.0,0.0
49,capped,node-009,0.0,0.0,0.0,0.0,0.0,0.0,0.0,0.0,8675.008846404153,190.69476480134412,0.8,0.0,0.0,0.0
49,capped,node-010,0.0,0.0,0.0,0.0,0.0,0.0,0.0,0.0,8675.008846404153,190.69476480134412,0.8,0.0,0.0,0.0
49,capped,node-011,0.0,0.0,0.0,0.0,0.0,0.0,0.0,0.0,8675.008846404153,190.69476480134412,0.8,0.0,0.0,0.0
49,capped,node-012,0.0,0.0,0.0,0.0,0.0,0.0,0.0,0.0,8675.008846404153,190.69476480134412,0.8,0.0,0.0,0.0
49,capped,node-013,84.61788697733843,0.0,144.8349650155928,0.5842365962406147,0.0,1.0000000000000002,48.27832167186426,144.83496501559276,8675.008846404153,190.69476480134412,0.8,-75.7013630901869,-14.483496501559287,-48.27832167186426
49,capped,node-014,0.0,0.0,0.0,0.0,0.0,0.0,0.0,0.0,8675.008846404153,190.69476480134412,0.8,-26.362838489627425,0.0,0.0
49,capped,node-015,0.0,0.0,0.0,0.0,0.0,0.0,0.0,0.0,8675.008846404153,190.69476480134412,0.8,0.0,0.0,0.0
49,capped,node-016,0.0,0.0,0.0,0.0,0.0,0.0,0.0,0.0,8675.008846404153,190.69476480134412,0.8,-55.51388221905601,0.0,0.0
49,capped,node-017,0.0,0.0,0.0,0.0,0.0,0.0,0.0,0.0,8675.008846404153,190.69476480134412,0.8,-75.51187486325685,0.0,0.0
49,capped,node-018,0.0,0.0,0.0,0.0,0.0,0.0,0.0,0.0,8675.008846404153,190.69476480134412,0.8,0.0,0.0,0.0
49,capped,node-019,0.0,0.0,0.0,0.0,0.0,0.0,0.0,0.0,8675.008846404153,190.69476480134412,0.8,-21.556315730897865,0.0,0.0
49,capped,node-020,0.0,11.278160088191402,34.79304670225448,0.0,11278.160088191402,34793.046702254476,0.0,0.0,8675.008846404153,190.69476480134412,0.8,-73.7127729115777,0.0,0.0
49,capped,node-021,0.0,78.20862600779998,78.20862600779998,0.0,78208.62600779998,78208.62600779998,0.0,0.0,8675.008846404153,190.69476480134412,0.8,-47.56729804367956,0.0,0.0
49,capped,node-022,0.0,0.0,0.0,0.0,0.0,0.0,0.0,0.0,8675.008846404153,190.69476480134412,0.8,-79.29242978289236,0.0,0.0
49,capped,node-023,0.0,0.0,0.0,0.0,0.0,0.0,0.0,0.0,8675.008846404153,190.69476480134412,0.8,0.0,0.0,0.0
49,capped,node-024,0.0,0.0,16.685970262947173,0.0,0.0,16685.970262947172,0.0,0.0,8675.008846404153,190.69476480134412,0.8,-72.54376268230136,0.0,0.0
49,capped,node-025,0.0,3.4532995282565917,45.859799785751406,0.0,0.07530123429212024,1.0000000000000002,15.286599928583803,45.8597997857514,8675.008846404153,190.69476480134412,0.8,-37.968430182828094,-4.585979978575141,-15.286599928583803
49,capped,node-026,0.0,0.0,0.0,0.0,0.0,0.0,0.0,0.0,8675.008846404153,190.69476480134412,0.8,-63.90592461589615,0.0,0.0
49,capped,node-027,0.0,0.0,0.0,0.0,0.0,0.0,0.0,0.0,8675.008846404153,190.69476480134412,0.8,0.0,0.0,0.0
49,capped,node-028,0.0,0.0,0.0,0.0,0.0,0.0,0.0,0.0,8675.008846404153,190.69476480134412,0.8,0.0,0.0,0.0
49,capped,node-029,6.075111788407713,40.66022512045137,40.66022512045137,6075.111788407713,40660.225120451374,40660.225120451374,0.0,0.0,8675.008846404153,190.69476480134412,0.8,-73.80615744588141,7.9137603824054,0.0
49,proper_scoring,node-000,0.0,0.0,0.0,0.0,0.0,0.0,0.0,0.0,8675.008846404153,935.4662878951351,0.8,0.0,0.0,0.0
49,proper_scoring,node-001,0.0,0.0,0.0,0.0,0.0,0.0,0.0,0.0,8675.008846404153,935.4662878951351,0.8,0.0,0.0,0.0
49,proper_scoring,node-002,0.0,0.0,0.0,0.0,0.0,0.0,0.0,0.0,8675.008846404153,935.4662878951351,0.8,0.0,0.0,0.0
49,proper_scoring,node-003,0.0,0.0,408.46451611894236,0.0,0.0,408464.51611894235,0.0,0.0,8675.008846404153,935.4662878951351,0.8,-359.1150134267212,0.0,0.0
49,proper_scoring,node-004,0.0,0.0,0.0,0.0,0.0,0.0,0.0,0.0,8675.008846404153,935.4662878951351,0.8,0.0,0.0,0.0
49,proper_scoring,node-005,0.0,0.0,0.0,0.0,0.0,0.0,0.0,0.0,8675.008846404153,935.4662878951351,0.8,0.0,0.0,0.0
49,proper_scoring,node-006,0.0,0.0,0.0,0.0,0.0,0.0,0.0,0.0,8675.008846404153,935.4662878951351,0.8,0.0,0.0,0.0
49,proper_scoring,node-007,0.0,0.0,51.71774827917067,0.0,0.0,51717.74827917067,0.0,0.0,8675.008846404153,935.4662878951351,0.8,-225.19107687556448,0.0,0.0
49,proper_scoring,node-008,0.0,0.0,0.0,0.0,0.0,0.0,0.0,0.0,8675.008846404153,935.4662878951351,0.8,0.0,0.0,0.0
49,proper_scoring,node-009,0.0,0.0,0.0,0.0,0.0,0.0,0.0,0.0,8675.008846404153,935.4662878951351,0.8,0.0,0.0,0.0
49,proper_scoring,node-010,0.0,0.0,0.0,0.0,0.0,0.0,0.0,0.0,8675.008846404153,935.4662878951351,0.8,0.0,0.0,0.0
49,proper_scoring,node-011,0.0,0.0,0.0,0.0,0.0,0.0,0.0,0.0,8675.008846404153,935.4662878951351,0.8,0.0,0.0,0.0
49,proper_scoring,node-012,0.0,0.0,0.0,0.0,0.0,0.0,0.0,0.0,8675.008846404153,935.4662878951351,0.8,0.0,0.0,0.0
49,proper_scoring,node-013,72.41748250779642,1.4993629535839545,146.33432796917668,0.11256563802109674,0.0023306077710890257,0.22746188381328233,546.7789587182804,643.3356020620088,8675.008846404153,935.4662878951351,0.8,-656.4711243915709,-14.483496501559216,-546.7789587182804
49,proper_scoring,node-014,0.0,0.0,208.21666277565288,0.0,0.0,208216.66277565286,0.0,0.0,8675.008846404153,935.4662878951351,0.8,-105.45135395850969,0.0,0.0
49,proper_scoring,node-015,0.0,0.0,0.0,0.0,0.0,0.0,0.0,0.0,8675.008846404153,935.4662878951351,0.8,0.0,0.0,0.0
49,proper_scoring,node-016,0.0,0.0,144.486117780944,0.0,0.0,144486.11778094398,0.0,0.0,8675.008846404153,935.4662878951351,0.8,-217.31771739508014,0.0,0.0
49,proper_scoring,node-017,0.0,0.0,274.4881251367432,0.0,0.0,274488.1251367432,0.0,0.0,8675.008846404153,935.4662878951351,0.8,-297.0375890216102,0.0,0.0
49,proper_scoring,node-018,0.0,0.0,0.0,0.0,0.0,0.0,0.0,0.0,8675.008846404153,935.4662878951351,0.8,0.0,0.0,0.0
49,proper_scoring,node-019,0.0,0.0,312.9812402056139,0.0,0.0,312981.2402056139,0.0,0.0,8675.008846404153,935.4662878951351,0.8,-86.22526292359143,0.0,0.0
49,proper_scoring,node-020,90.595933666675,161.2781600881914,736.011782741705,90595.93366667499,161278.16008819142,736011.782741705,0.0,0.0,8675.008846404153,935.4662878951351,0.8,-294.8510916463108,0.0,0.0
49,proper_scoring,node-021,47.012999321373854,428.20862600780004,523.7836490218398,47012.999321373856,428208.62600780005,523783.6490218398,0.0,0.0,8675.008846404153,935.4662878951351,0.8,-190.2691921747182,0.0,0.0
49,proper_scoring,node-022,0.0,0.0,352.87246164533445,0.0,0.0,352872.46164533444,0.0,0.0,8675.008846404153,935.4662878951351,0.8,-315.25077767644655,0.0,0.0
49,proper_scoring,node-023,0.0,0.0,0.0,0.0,0.0,0.0,0.0,0.0,8675.008846404153,935.4662878951351,0.8,0.0,0.0,0.0
49,proper_scoring,node-024,0.0,0.0,427.4562373176986,0.0,0.0,427456.2373176986,0.0,0.0,8675.008846404153,935.4662878951351,0.8,-290.1750507292055,0.0,0.0
49,proper_scoring,node-025,0.0,27.130289929095568,132.243283748054,0.0,0.09287038727795004,0.45268535679814,261.5574859759585,292.13068583312605,8675.008846404153,935.4662878951351,0.8,-352.28480699293567,-2.7216940865708352,-261.5574859759585
49,proper_scoring,node-026,0.0,0.0,236.09407538410386,0.0,0.0,236094.07538410387,0.0,0.0,8675.008846404153,935.4662878951351,0.8,-255.6236984635846,0.0,0.0
49,proper_scoring,node-027,0.0,0.0,0.0,0.0,0.0,0.0,0.0,0.0,8675.008846404153,935.4662878951351,0.8,0.0,0.0,0.0
49,proper_scoring,node-028,0.0,0.0,0.0,0.0,0.0,0.0,0.0,0.0,8675.008846404153,935.4662878951351,0.8,0.0,0.0,0.0
49,proper_scoring,node-029,462.15844073358073,640.6602251204514,936.9030787229408,462158.44073358073,640660.2251204514,936903.0787229408,0.0,0.0,8675.008846404153,935.4662878951351,0.8,-295.22462978352564,198.11654294917022,0.0
49,audits,node-000,0.0,0.0,0.0,0.0,0.0,0.0,0.0,0.0,8675.008846404153,924.1746067454864,0.8,0.0,0.0,0.0
49,audits,node-001,0.0,0.0,0.0,0.0,0.0,0.0,0.0,0.0,8675.008846404153,924.1746067454864,0.8,0.0,0.0,0.0
49,audits,node-002,0.0,0.0,0.0,0.0,0.0,0.0,0.0,0.0,8675.008846404153,924.1746067454864,0.8,0.0,0.0,0.0
49,audits,node-003,0.0,0.0,408.46451611894236,0.0,0.0,408464.51611894235,0.0,0.0,8675.008846404153,924.1746067454864,0.8,-1591.5354838810574,0.0,0.0
49,audits,node-004,0.0,0.0,0.0,0.0,0.0,0.0,0.0,0.0,8675.008846404153,924.1746067454864,0.8,0.0,0.0,0.0
49,audits,node-005,0.0,0.0,0.0,0.0,0.0,0.0,0.0,0.0,8675.008846404153,924.1746067454864,0.8,0.0,0.0,0.0
49,audits,node-006,0.0,0.0,0.0,0.0,0.0,0.0,0.0,0.0,8675.008846404153,924.1746067454864,0.8,0.0,0.0,0.0
49,audits,node-007,0.0,0.0,41.49848599310813,0.0,0.0,41498.48599310813,0.0,0.0,8675.008846404153,924.1746067454864,0.8,-758.5015140068917,0.0,0.0
49,audits,node-008,0.0,0.0,0.0,0.0,0.0,0.0,0.0,0.0,8675.008846404153,924.1746067454864,0.8,0.0,0.0,0.0
49,audits,node-009,0.0,0.0,0.0,0.0,0.0,0.0,0.0,0.0,8675.008846404153,924.1746067454864,0.8,0.0,0.0,0.0
49,audits,node-010,0.0,0.0,0.0,0.0,0.0,0.0,0.0,0.0,8675.008846404153,924.1746067454864,0.8,0.0,0.0,0.0
49,audits,node-011,0.0,0.0,0.0,0.0,0.0,0.0,0.0,0.0,8675.008846404153,924.1746067454864,0.8,0.0,0.0,0.0
49,audits,node-012,0.0,0.0,0.0,0.0,0.0,0.0,0.0,0.0,8675.008846404153,924.1746067454864,0.8,0.0,0.0,0.0
49,audits,node-013,72.41748250779642,1.4993629535839545,146.33432796917668,0.11256563802109674,0.0023306077710890257,0.22746188381328233,546.7789587182804,643.3356020620088,8675.008846404153,924.1746067454864,0.8,-2174.2020001366027,-14.483496501559216,-546.7789587182804
49,audits,node-014,0.0,0.0,175.3019430454499,0.0,0.0,175301.94304544988,0.0,0.0,8675.008846404153,924.1746067454864,0.8,-316.1552085000119,0.0,0.0
49,audits,node-015,0.0,0.0,0.0,0.0,0.0,0.0,0.0,0.0,8675.008846404153,924.1746067454864,0.8,0.0,0.0,0.0
49,audits,node-016,0.0,0.0,144.486117780944,0.0,0.0,144486.11778094398,0.0,0.0,8675.008846404153,924.1746067454864,0.8,-755.513882219056,0.0,0.0
49,audits,node-017,0.0,0.0,274.4881251367432,0.0,0.0,274488.1251367432,0.0,0.0,8675.008846404153,924.1746067454864,0.8,-1425.511874863257,0.0,0.0
49,audits,node-018,0.0,0.0,0.0,0.0,0.0,0.0,0.0,0.0,8675.008846404153,924.1746067454864,0.8,0.0,0.0,0.0
49,audits,node-019,0.0,0.0,239.2623638943993,0.0,0.0,239262.36389439928,0.0,0.0,8675.008846404153,924.1746067454864,0.8,-420.23591763251443,0.0,0.0
49,audits,node-020,90.595933666675,161.2781600881914,626.2872270884224,90595.93366667499,161278.16008819142,626287.2270884224,0.0,0.0,8675.008846404153,924.1746067454864,0.8,-2073.7127729115778,0.0,0.0
49,audits,node-021,47.012999321373854,428.20862600780004,523.7836490218398,47012.999321373856,428208.62600780005,523783.6490218398,0.0,0.0,8675.008846404153,924.1746067454864,0.8,-1547.5672980436796,0.0,0.0
49,audits,node-022,0.0,0.0,0.0,0.0,0.0,0.0,0.0,0.0,8675.008846404153,924.1746067454864,0.8,-1579.2924297828924,0.0,0.0
49,audits,node-023,0.0,0.0,0.0,0.0,0.0,0.0,0.0,0.0,8675.008846404153,924.1746067454864,0.8,0.0,0.0,0.0
49,audits,node-024,0.0,0.0,427.4562373176986,0.0,0.0,427456.2373176986,0.0,0.0,8675.008846404153,924.1746067454864,0.8,-1572.5437626823016,0.0,0.0
49,audits,node-025,0.0,0.0,0.0,0.0,0.0,0.0,250.2658048263097,280.8390046834773,8675.008846404153,924.1746067454864,0.8,-1441.9207580643654,-4.5859799785750965,-250.2658048263097
49,audits,node-026,0.0,0.0,236.09407538410386,0.0,0.0,236094.07538410387,0.0,0.0,8675.008846404153,924.1746067454864,0.8,-1363.9059246158963,0.0,0.0
49,audits,node-027,0.0,0.0,0.0,0.0,0.0,0.0,0.0,0.0,8675.008846404153,924.1746067454864,0.8,0.0,0.0,0.0
49,audits,node-028,0.0,0.0,0.0,0.0,0.0,0.0,0.0,0.0,8675.008846404153,924.1746067454864,0.8,0.0,0.0,0.0
49,audits,node-029,462.15844073358073,640.6602251204514,640.6602251204514,462158.44073358073,640660.2251204514,640660.2251204514,0.0,0.0,8675.008846404153,924.1746067454864,0.8,-2073.806157445881,198.11654294917022,0.0
46,greedy,node-000,0.0,0.0,0.0,0.0,0.0,0.0,0.0,0.0,7574.19774986141,166.4867552080795,0.95,0.0,0.0,0.0
46,greedy,node-001,0.0,0.0,0.0,0.0,0.0,0.0,0.0,0.0,7574.19774986141,166.4867552080795,0.95,0.0,0.0,0.0
46,greedy,node-002,0.0,0.0,0.0,0.0,0.0,0.0,0.0,0.0,7574.19774986141,166.4867552080795,0.95,0.0,0.0,0.0
46,greedy,node-003,0.0,0.0,0.0,0.0,0.0,0.0,0.0,0.0,7574.19774986141,166.4867552080795,0.95,0.0,0.0,0.0
46,greedy,node-004,0.0,0.0,0.0,0.0,0.0,0.0,0.0,0.0,7574.19774986141,166.4867552080795,0.95,0.0,0.0,0.0
46,greedy,node-005,0.0,0.0,0.0,0.0,0.0,0.0,0.0,0.0,7574.19774986141,166.4867552080795,0.95,0.0,0.0,0.0
46,greedy,node-006,0.0,0.0,0.0,0.0,0.0,0.0,0.0,0.0,7574.19774986141,166.4867552080795,0.95,0.0,0.0,0.0
46,greedy,node-007,0.0,0.0,0.0,0.0,0.0,0.0,0.0,0.0,7574.19774986141,166.4867552080795,0.95,0.0,0.0,0.0
46,greedy,node-008,0.0,0.0,0.0,0.0,0.0,0.0,0.0,0.0,7574.19774986141,166.4867552080795,0.95,0.0,0.0,0.0
46,greedy,node-009,0.0,0.0,0.0,0.0,0.0,0.0,0.0,0.0,7574.19774986141,166.4867552080795,0.95,-16.098172237757918,0.0,0.0
46,greedy,node-010,0.0,0.0,0.0,0.0,0.0,0.0,0.0,0.0,7574.19774986141,166.4867552080795,0.95,0.0,0.0,0.0
46,greedy,node-011,0.0,0.0,0.0,0.0,0.0,0.0,0.0,0.0,7574.19774986141,166.4867552080795,0.95,0.0,0.0,0.0
46,greedy,node-012,0.0,0.0,0.0,0.0,0.0,0.0,0.0,0.0,7574.19774986141,166.4867552080795,0.95,0.0,0.0,0.0
46,greedy,node-013,0.0,0.0,0.0,0.0,0.0,0.0,0.0,0.0,7574.19774986141,166.4867552080795,0.95,0.0,0.0,0.0
46,greedy,node-014,0.0,0.0,0.0,0.0,0.0,0.0,0.0,0.0,7574.19774986141,166.4867552080795,0.95,-54.19612392526898,0.0,0.0
46,greedy,node-015,0.0,0.0,0.0,0.0,0.0,0.0,0.0,0.0,7574.19774986141,166.4867552080795,0.95,0.0,0.0,0.0
46,greedy,node-016,0.0,0.0,0.0,0.0,0.0,0.0,0.0,0.0,7574.19774986141,166.4867552080795,0.95,0.0,0.0,0.0
46,greedy,node-017,0.0,0.0,0.0,0.0,0.0,0.0,0.0,0.0,7574.19774986141,166.4867552080795,0.95,0.0,0.0,0.0
46,greedy,node-018,0.0,0.0,0.0,0.0,0.0,0.0,0.0,0.0,7574.19774986141,166.4867552080795,0.95,0.0,0.0,0.0
46,greedy,node-019,0.0,0.0,0.0,0.0,0.0,0.0,0.0,0.0,7574.19774986141,166.4867552080795,0.95,0.0,0.0,0.0
46,greedy,node-020,0.0,0.0,0.0,0.0,0.0,0.0,0.0,0.0,7574.19774986141,166.4867552080795,0.95,0.0,0.0,0.0
46,greedy,node-021,0.0,0.0,0.0,0.0,0.0,0.0,0.0,0.0,7574.19774986141,166.4867552080795,0.95,0.0,0.0,0.0
46,greedy,node-022,0.0,0.0,0.0,0.0,0.0,0.0,0.0,0.0,7574.19774986141,166.4867552080795,0.95,0.0,0.0,0.0
46,greedy,node-023,41.244019727975314,0.0,41.244019727975314,0.2477315368206165,0.0,0.2477315368206165,55.49558506935982,166.4867552080795,7574.19774986141,166.4867552080795,0.95,-83.24337760403972,-16.64867552080794,-55.49558506935982
46,greedy,node-024,0.0,0.0,0.0,0.0,0.0,0.0,0.0,0.0,7574.19774986141,166.4867552080795,0.95,0.0,0.0,0.0
46,greedy,node-025,0.0,0.0,0.0,0.0,0.0,0.0,0.0,0.0,7574.19774986141,166.4867552080795,0.95,-16.107256597061063,0.0,0.0
46,greedy,node-026,0.0,0.0,0.0,0.0,0.0,0.0,0.0,0.0,7574.19774986141,166.4867552080795,0.95,0.0,0.0,0.0
46,greedy,node-027,0.0,0.0,0.0,0.0,0.0,0.0,0.0,0.0,7574.19774986141,166.4867552080795,0.95,0.0,0.0,0.0
46,greedy,node-028,0.0,0.0,0.0,0.0,0.0,0.0,0.0,0.0,7574.19774986141,166.4867552080795,0.95,0.0,0.0,0.0
46,greedy,node-029,2.874753724844428,0.0,2.874753724844428,2874.7537248444282,0.0,2874.7537248444282,0.0,0.0,7574.19774986141,166.4867552080795,0.95,-19.884814652254526,0.0,0.0
46,trust_vcg,node-000,0.0,0.0,0.0,0.0,0.0,0.0,0.0,0.0,8496.199553722878,706.4651859588889,0.95,-1710.1279361349611,0.0,391.3197958448111
46,trust_vcg,node-001,391.3197958448111,0.0,391.76224750786236,391319.7958448111,0.0,391762.24750786234,0.0,0.0,8496.199553722878,706.4651859588889,0.95,-5608.2377524921385,0.0,0.0
46,trust_vcg,node-002,0.0,0.0,0.0,0.0,0.0,0.0,0.0,0.0,8496.199553722878,706.4651859588889,0.95,0.0,0.0,0.0
46,trust_vcg,node-003,0.0,0.0,0.0,0.0,0.0,0.0,0.0,0.0,8496.199553722878,706.4651859588889,0.95,-5545.7702145653175,0.0,0.0
46,trust_vcg,node-004,0.0,0.0,123.73985984685238,0.0,0.0,123739.85984685239,0.0,0.0,8496.199553722878,706.4651859588889,0.95,-2276.2601401531474,0.0,0.0
46,trust_vcg,node-005,0.0,79.76706322027214,409.89891059664785,0.0,79767.06322027213,409898.9105966478,0.0,0.0,8496.199553722878,706.4651859588889,0.95,-5590.101089403352,0.0,0.0
46,trust_vcg,node-006,737.9036053976661,229.91651903061006,903.1278683692741,737903.6053976661,229916.51903061007,903127.8683692741,0.0,0.0,8496.199553722878,706.4651859588889,0.95,-11096.872131630724,0.0,0.0
46,trust_vcg,node-007,0.0,0.0,0.0,0.0,0.0,0.0,0.0,0.0,8496.199553722878,706.4651859588889,0.95,0.0,0.0,0.0
46,trust_vcg,node-008,0.0,0.0,0.0,0.0,0.0,0.0,0.0,0.0,8496.199553722878,706.4651859588889,0.95,0.0,0.0,0.0
46,trust_vcg,node-009,0.0,0.0,335.8915849913799,0.0,0.0,335891.5849913799,0.0,0.0,8496.199553722878,706.4651859588889,0.95,-6652.400126273103,0.0,0.0
46,trust_vcg,node-010,0.0,0.0,0.0,0.0,0.0,0.0,0.0,0.0,8496.199553722878,706.4651859588889,0.95,0.0,0.0,0.0
46,trust_vcg,node-011,0.0,0.0,385.99304547703287,0.0,0.0,385993.04547703284,0.0,0.0,8496.199553722878,706.4651859588889,0.95,-5614.006954522967,0.0,0.0
46,trust_vcg,node-012,0.0,0.0,59.711161331698705,0.0,0.0,59711.161331698706,0.0,0.0,8496.199553722878,706.4651859588889,0.95,-2264.573157221813,0.0,0.0
46,trust_vcg,node-013,0.0,0.0,0.0,0.0,0.0,0.0,0.0,0.0,8496.199553722878,706.4651859588889,0.95,0.0,0.0,0.0
46,trust_vcg,node-014,281.0211967651454,583.2498624660514,708.1246561651283,281021.1967651454,583249.8624660514,708124.6561651282,0.0,0.0,8496.199553722878,706.4651859588889,0.95,-6644.280769698005,52.04645012862554,0.0
46,trust_vcg,node-015,0.0,0.0,0.0,0.0,0.0,0.0,0.0,0.0,8496.199553722878,706.4651859588889,0.95,0.0,0.0,0.0
46,trust_vcg,node-016,0.0,79.10466331776507,79.10466331776507,0.0,79104.66331776507,79104.66331776507,0.0,0.0,8496.199553722878,706.4651859588889,0.95,-5591.99816237057,0.0,0.0
46,trust_vcg,node-017,0.0,0.0,0.0,0.0,0.0,0.0,0.0,0.0,8496.199553722878,706.4651859588889,0.95,-1722.819239310865,0.0,0.0
46,trust_vcg,node-018,0.0,0.0,48.46359864439782,0.0,0.0,48463.59864439782,0.0,0.0,8496.199553722878,706.4651859588889,0.95,-1151.5364013556023,0.0,0.0
46,trust_vcg,node-019,0.0,0.0,0.0,0.0,0.0,0.0,0.0,0.0,8496.199553722878,706.4651859588889,0.95,0.0,0.0,0.0
46,trust_vcg,node-020,0.0,0.0,0.0,0.0,0.0,0.0,0.0,0.0,8496.199553722878,706.4651859588889,0.95,-10561.85779512535,0.0,0.0
46,trust_vcg,node-021,0.0,0.0,0.0,0.0,0.0,0.0,0.0,0.0,8496.199553722878,706.4651859588889,0.95,-5024.1483837580245,0.0,0.0
46,trust_vcg,node-022,0.0,0.0,0.0,0.0,0.0,0.0,0.0,0.0,8496.199553722878,706.4651859588889,0.95,0.0,0.0,0.0
46,trust_vcg,node-023,38.95277825911154,0.0,127.99209758501985,0.07494691135359903,0.0,0.24626259846874585,493.9902426924194,519.738272806635,8496.199553722878,706.4651859588889,0.95,-11521.7380352271,-3.8622045171324544,-493.9902426924194
46,trust_vcg,node-024,0.0,0.0,485.65325125374125,0.0,0.0,485653.2512537412,0.0,0.0,8496.199553722878,706.4651859588889,0.95,-5592.4888489221385,0.0,0.0
46,trust_vcg,node-025,420.8410131731125,0.4931620617347505,539.9398912340203,2.2537780230424844,0.0026410872081017835,2.8916018699123596,-0.4931620617347505,186.72691315225393,8496.199553722878,706.4651859588889,0.95,-5546.311856741763,-28.083011282098212,0.4931620617347505
46,trust_vcg,node-026,0.0,216.0929565713909,368.112013953999,0.0,216092.9565713909,368112.013953999,0.0,0.0,8496.199553722878,706.4651859588889,0.95,-5031.887986046001,0.0,0.0
46,trust_vcg,node-027,0.0,0.0,260.49962850701417,0.0,0.0,260499.62850701416,0.0,0.0,8496.199553722878,706.4651859588889,0.95,-3939.5003714929853,0.0,0.0
46,trust_vcg,node-028,40.01479027481477,264.87535241093883,264.87535241093883,40014.79027481477,264875.3524109388,264875.3524109388,0.0,0.0,8496.199553722878,706.4651859588889,0.95,-5566.66117253717,0.0,0.0
46,trust_vcg,node-029,0.0,0.0,299.42407326127267,0.0,0.0,299424.0732612727,0.0,0.0,8496.199553722878,706.4651859588889,0.95,-5542.416342964572,0.0,0.0
46,contingent,node-000,0.0,0.0,0.0,0.0,0.0,0.0,0.0,0.0,8496.199553722878,301.1816052954624,0.95,-240.51174453984405,0.0,-108.23775249213763
46,contingent,node-001,0.0,0.0,0.0,0.0,0.0,0.0,0.0,0.0,8496.199553722878,301.1816052954624,0.95,-432.9510099685506,0.0,0.0
46,contingent,node-002,0.0,0.0,0.0,0.0,0.0,0.0,0.0,0.0,8496.199553722878,301.1816052954624,0.95,0.0,0.0,0.0
46,contingent,node-003,0.0,0.0,0.0,0.0,0.0,0.0,0.0,0.0,8496.199553722878,301.1816052954624,0.95,-368.398936038579,0.0,0.0
46,contingent,node-004,0.0,0.0,0.0,0.0,0.0,0.0,0.0,0.0,8496.199553722878,301.1816052954624,0.95,-305.04056061259047,0.0,0.0
46,contingent,node-005,0.0,29.767063220272135,29.767063220272135,0.0,29767.063220272135,29767.063220272135,0.0,0.0,8496.199553722878,301.1816052954624,0.95,-360.4043576134086,0.0,0.0
46,contingent,node-006,7.479129757652506,29.91651903061003,41.122994817322294,7479.129757652507,29916.51903061003,41122.994817322295,0.0,0.0,8496.199553722878,301.1816052954624,0.95,-387.4885265229036,0.0,0.0
46,contingent,node-007,0.0,0.0,0.0,0.0,0.0,0.0,0.0,0.0,8496.199553722878,301.1816052954624,0.95,0.0,0.0,0.0
46,contingent,node-008,0.0,0.0,0.0,0.0,0.0,0.0,0.0,0.0,8496.199553722878,301.1816052954624,0.95,0.0,0.0,0.0
46,contingent,node-009,0.0,55.80487910567616,135.89158499137983,0.0,55804.879105676155,135891.58499137982,0.0,0.0,8496.199553722878,301.1816052954624,0.95,-209.6005050924078,0.0,0.0
46,contingent,node-010,0.0,0.0,0.0,0.0,0.0,0.0,0.0,0.0,8496.199553722878,301.1816052954624,0.95,0.0,0.0,0.0
46,contingent,node-011,0.0,0.0,0.0,0.0,0.0,0.0,0.0,0.0,8496.199553722878,301.1816052954624,0.95,-456.02781809186865,0.0,0.0
46,contingent,node-012,0.0,0.0,9.711161331698705,0.0,0.0,9711.161331698704,0.0,0.0,8496.199553722878,301.1816052954624,0.95,-258.2926288872506,0.0,0.0
46,contingent,node-013,0.0,0.0,0.0,0.0,0.0,0.0,0.0,0.0,8496.199553722878,301.1816052954624,0.95,0.0,0.0,0.0
46,contingent,node-014,3.173211496155467,83.24986246605128,208.12465616512821,3173.211496155467,83249.86246605129,208124.65616512822,0.0,0.0,8496.199553722878,301.1816052954624,0.95,-177.1230787920223,2.7161058552444057,0.0
46,contingent,node-015,0.0,0.0,0.0,0.0,0.0,0.0,0.0,0.0,8496.199553722878,301.1816052954624,0.95,0.0,0.0,0.0
46,contingent,node-016,0.0,29.104663317765073,29.104663317765073,0.0,29104.663317765073,29104.663317765073,0.0,0.0,8496.199553722878,301.1816052954624,0.95,-367.9926494822787,0.0,0.0
46,contingent,node-017,0.0,0.0,0.0,0.0,0.0,0.0,0.0,0.0,8496.199553722878,301.1816052954624,0.95,-291.27695724345995,0.0,0.0
46,contingent,node-018,0.0,0.0,0.0,0.0,0.0,0.0,0.0,0.0,8496.199553722878,301.1816052954624,0.95,-206.14560542240878,0.0,0.0
46,contingent,node-019,0.0,0.0,0.0,0.0,0.0,0.0,0.0,0.0,8496.199553722878,301.1816052954624,0.95,0.0,0.0,0.0
46,contingent,node-020,0.0,0.0,0.0,0.0,0.0,0.0,0.0,0.0,8496.199553722878,301.1816052954624,0.95,-447.43118050140225,0.0,0.0
46,contingent,node-021,0.0,0.0,0.0,0.0,0.0,0.0,0.0,0.0,8496.199553722878,301.1816052954624,0.95,-390.08117635488844,0.0,0.0
46,contingent,node-022,0.0,0.0,0.0,0.0,0.0,0.0,0.0,0.0,8496.199553722878,301.1816052954624,0.95,0.0,0.0,0.0
46,contingent,node-023,38.622045171323535,24.394145864077945,172.6534769239834,0.9999999999999998,0.6316119655463077,4.47033491256379,12.874015057107844,38.62204517132354,8496.199553722878,301.1816052954624,0.95,-123.86518519582748,-3.8622045171323514,-12.874015057107844
46,contingent,node-024,0.0,0.0,35.65325125374126,0.0,0.0,35653.25125374126,0.0,0.0,8496.199553722878,301.1816052954624,0.95,-369.9553956885523,0.0,0.0
46,contingent,node-025,60.06348362973743,0.0,141.3052647536701,0.22876136599763977,0.0,0.5381836589262283,75.33948491015029,262.55956012413884,8496.199553722878,301.1816052954624,0.95,-262.5595601241389,-26.25595601241389,-75.33948491015029
46,contingent,node-026,0.0,66.09295657139091,66.09295657139091,0.0,66092.95657139091,66092.95657139091,0.0,0.0,8496.199553722878,301.1816052954624,0.95,-327.5519441840041,0.0,0.0
46,contingent,node-027,0.0,0.0,17.614266476384508,0.0,0.0,17614.266476384506,0.0,0.0,8496.199553722878,301.1816052954624,0.95,-358.00148597194345,0.0,0.0
46,contingent,node-028,0.0,64.87535241093883,89.87696168829328,0.0,64875.35241093883,89876.96168829328,0.0,0.0,8496.199553722878,301.1816052954624,0.95,-266.6446901486809,0.0,0.0
46,contingent,node-029,0.0,32.10058853202864,124.7716779817773,0.0,32100.588532028636,124771.6779817773,0.0,0.0,8496.199553722878,301.1816052954624,0.95,-169.66537185829057,0.0,0.0
46,capped,node-000,0.0,0.0,0.0,0.0,0.0,0.0,0.0,0.0,8496.199553722878,319.4521579923064,0.95,-60.127936134961004,0.0,-108.23775249213763
46,capped,node-001,0.0,0.0,0.0,0.0,0.0,0.0,0.0,0.0,8496.199553722878,319.4521579923064,0.95,-108.23775249213763,0.0,0.0
46,capped,node-002,0.0,0.0,0.0,0.0,0.0,0.0,0.0,0.0,8496.199553722878,319.4521579923064,0.95,0.0,0.0,0.0
46,capped,node-003,0.0,0.0,0.0,0.0,0.0,0.0,0.0,0.0,8496.199553722878,319.4521579923064,0.95,-92.09973400964473,0.0,0.0
46,capped,node-004,0.0,0.0,0.0,0.0,0.0,0.0,0.0,0.0,8496.199553722878,319.4521579923064,0.95,-76.26014015314762,0.0,0.0
46,capped,node-005,0.0,29.767063220272135,29.767063220272135,0.0,29767.063220272135,29767.063220272135,0.0,0.0,8496.199553722878,319.4521579923064,0.95,-90.10108940335215,0.0,0.0
46,capped,node-006,7.479129757652506,29.91651903061003,41.122994817322294,7479.129757652507,29916.51903061003,41122.994817322295,0.0,0.0,8496.199553722878,319.4521579923064,0.95,-96.87213163072589,0.0,0.0
46,capped,node-007,0.0,0.0,0.0,0.0,0.0,0.0,0.0,0.0,8496.199553722878,319.4521579923064,0.95,0.0,0.0,0.0
46,capped,node-008,0.0,0.0,0.0,0.0,0.0,0.0,0.0,0.0,8496.199553722878,319.4521579923064,0.95,0.0,0.0,0.0
46,capped,node-009,0.0,95.042078811621,156.03725877532742,0.0,95042.07881162099,156037.2587753274,0.0,0.0,8496.199553722878,319.4521579923064,0.95,-52.40012627310193,0.0,0.0
46,capped,node-010,0.0,0.0,0.0,0.0,0.0,0.0,0.0,0.0,8496.199553722878,319.4521579923064,0.95,0.0,0.0,0.0
46,capped,node-011,0.0,0.0,0.0,0.0,0.0,0.0,0.0,0.0,8496.199553722878,319.4521579923064,0.95,-114.00695452296718,0.0,0.0
46,capped,node-012,0.0,0.0,9.711161331698705,0.0,0.0,9711.161331698704,0.0,0.0,8496.199553722878,319.4521579923064,0.95,-64.57315722181266,0.0,0.0
46,capped,node-013,0.0,0.0,0.0,0.0,0.0,0.0,0.0,0.0,8496.199553722878,319.4521579923064,0.95,0.0,0.0,0.0
46,capped,node-014,3.173211496155467,83.24986246605128,208.12465616512821,3173.211496155467,83249.86246605129,208124.65616512822,0.0,0.0,8496.199553722878,319.4521579923064,0.95,-44.28076969800557,2.7161058552444057,0.0
46,capped,node-015,0.0,0.0,0.0,0.0,0.0,0.0,0.0,0.0,8496.199553722878,319.4521579923064,0.95,0.0,0.0,0.0
46,capped,node-016,0.0,29.104663317765073,29.104663317765073,0.0,29104.663317765073,29104.663317765073,0.0,0.0,8496.199553722878,319.4521579923064,0.95,-91.99816237056967,0.0,0.0
46,capped,node-017,0.0,0.0,0.0,0.0,0.0,0.0,0.0,0.0,8496.199553722878,319.4521579923064,0.95,-72.81923931086499,0.0,0.0
46,capped,node-018,0.0,0.0,0.0,0.0,0.0,0.0,0.0,0.0,8496.199553722878,319.4521579923064,0.95,-51.53640135560218,0.0,0.0
46,capped,node-019,0.0,0.0,0.0,0.0,0.0,0.0,0.0,0.0,8496.199553722878,319.4521579923064,0.95,0.0,0.0,0.0
46,capped,node-020,0.0,0.0,7.458331383705712,0.0,0.0,7458.331383705712,0.0,0.0,8496.199553722878,319.4521579923064,0.95,-111.85779512535056,0.0,0.0
46,capped,node-021,0.0,0.0,0.0,0.0,0.0,0.0,0.0,0.0,8496.199553722878,319.4521579923064,0.95,-97.52029408872211,0.0,0.0
46,capped,node-022,0.0,0.0,0.0,0.0,0.0,0.0,0.0,0.0,8496.199553722878,319.4521579923064,0.95,0.0,0.0,0.0
46,capped,node-023,38.622045171323535,42.62157001225198,209.10832522033144,0.9999999999999998,1.1035554907355876,5.414221962942349,12.874015057107844,38.62204517132354,8496.199553722878,319.4521579923064,0.95,-40.62180759178776,-3.8622045171323514,-12.874015057107844
46,capped,node-024,0.0,0.0,35.65325125374126,0.0,0.0,35653.25125374126,0.0,0.0,8496.199553722878,319.4521579923064,0.95,-92.48884892213808,0.0,0.0
46,capped,node-025,41.79293093289341,0.0,123.03471205682605,0.1488192648326663,0.0,0.4381108237322662,93.61003760699431,280.8301128209829,8496.199553722878,319.4521579923064,0.95,-140.41505641049145,-28.083011282098298,-93.61003760699431
46,capped,node-026,0.0,66.09295657139091,66.09295657139091,0.0,66092.95657139091,66092.95657139091,0.0,0.0,8496.199553722878,319.4521579923064,0.95,-81.88798604600103,0.0,0.0
46,capped,node-027,0.0,0.0,17.614266476384508,0.0,0.0,17614.266476384506,0.0,0.0,8496.199553722878,319.4521579923064,0.95,-89.50037149298586,0.0,0.0
46,capped,node-028,0.0,64.87535241093883,89.87696168829328,0.0,64875.35241093883,89876.96168829328,0.0,0.0,8496.199553722878,319.4521579923064,0.95,-66.66117253717024,0.0,0.0
46,capped,node-029,0.0,77.64471846396383,124.7716779817773,0.0,77644.71846396383,124771.6779817773,0.0,0.0,8496.199553722878,319.4521579923064,0.95,-42.41634296457264,0.0,0.0
46,proper_scoring,node-000,0.0,0.0,0.0,0.0,0.0,0.0,0.0,0.0,8496.199553722878,1231.1350733179202,0.95,-210.127936134961,0.0,391.3197958448111
46,proper_scoring,node-001,391.3197958448111,0.0,391.76224750786236,391319.7958448111,0.0,391762.24750786234,0.0,0.0,8496.199553722878,1231.1350733179202,0.95,-408.21557239844185,0.0,0.0
46,proper_scoring,node-002,0.0,0.0,0.0,0.0,0.0,0.0,0.0,0.0,8496.199553722878,1231.1350733179202,0.95,0.0,0.0,0.0
46,proper_scoring,node-003,0.0,0.0,168.64289229147255,0.0,0.0,168642.89229147256,0.0,0.0,8496.199553722878,1231.1350733179202,0.95,-358.22455575517614,0.0,0.0
46,proper_scoring,node-004,0.0,0.0,123.73985984685238,0.0,0.0,123739.85984685239,0.0,0.0,8496.199553722878,1231.1350733179202,0.95,-270.7005349901923,0.0,0.0
46,proper_scoring,node-005,0.0,79.76706322027214,409.89891059664785,0.0,79767.06322027213,409898.9105966478,0.0,0.0,8496.199553722878,1231.1350733179202,0.95,-360.4043576134086,0.0,0.0
46,proper_scoring,node-006,737.9036053976661,229.91651903061006,903.1278683692741,737903.6053976661,229916.51903061007,903127.8683692741,0.0,0.0,8496.199553722878,1231.1350733179202,0.95,-379.16585977910415,0.0,0.0
46,proper_scoring,node-007,0.0,0.0,0.0,0.0,0.0,0.0,0.0,0.0,8496.199553722878,1231.1350733179202,0.95,0.0,0.0,0.0
46,proper_scoring,node-008,0.0,0.0,0.0,0.0,0.0,0.0,0.0,0.0,8496.199553722878,1231.1350733179202,0.95,0.0,0.0,0.0
46,proper_scoring,node-009,0.0,455.80487910567615,456.9907591428963,0.0,455804.87910567614,456990.7591428963,0.0,0.0,8496.199553722878,1231.1350733179202,0.95,-209.6005050924078,0.0,0.0
46,proper_scoring,node-010,0.0,0.0,0.0,0.0,0.0,0.0,0.0,0.0,8496.199553722878,1231.1350733179202,0.95,0.0,0.0,0.0
46,proper_scoring,node-011,0.0,0.0,385.99304547703287,0.0,0.0,385993.04547703284,0.0,0.0,8496.199553722878,1231.1350733179202,0.95,-421.6654685212759,0.0,0.0
46,proper_scoring,node-012,0.0,0.0,59.711161331698705,0.0,0.0,59711.161331698706,0.0,0.0,8496.199553722878,1231.1350733179202,0.95,-250.02566089705832,0.0,0.0
46,proper_scoring,node-013,0.0,0.0,0.0,0.0,0.0,0.0,0.0,0.0,8496.199553722878,1231.1350733179202,0.95,0.0,0.0,0.0
46,proper_scoring,node-014,281.0211967651454,583.2498624660514,708.1246561651283,281021.1967651454,583249.8624660514,708124.6561651282,0.0,0.0,8496.199553722878,1231.1350733179202,0.95,-177.1230787920223,52.04645012862554,0.0
46,proper_scoring,node-015,0.0,0.0,0.0,0.0,0.0,0.0,0.0,0.0,8496.199553722878,1231.1350733179202,0.95,0.0,0.0,0.0
46,proper_scoring,node-016,0.0,79.10466331776507,324.90528496145043,0.0,79104.66331776507,324905.28496145044,0.0,0.0,8496.199553722878,1231.1350733179202,0.95,-367.9926494822787,0.0,0.0
46,proper_scoring,node-017,0.0,0.0,0.0,0.0,0.0,0.0,0.0,0.0,8496.199553722878,1231.1350733179202,0.95,-222.819239310865,0.0,0.0
46,proper_scoring,node-018,0.0,0.0,48.46359864439782,0.0,0.0,48463.59864439782,0.0,0.0,8496.199553722878,1231.1350733179202,0.95,-151.53640135560218,0.0,0.0
46,proper_scoring,node-019,0.0,0.0,0.0,0.0,0.0,0.0,0.0,0.0,8496.199553722878,1231.1350733179202,0.95,0.0,0.0,0.0
46,proper_scoring,node-020,0.0,0.0,660.9268629525881,0.0,0.0,660926.862952588,0.0,0.0,8496.199553722878,1231.1350733179202,0.95,-419.5130483464007,0.0,0.0
46,proper_scoring,node-021,0.0,0.0,194.6998701763667,0.0,0.0,194699.87017636668,0.0,0.0,8496.199553722878,1231.1350733179202,0.95,-379.76603347083056,0.0,0.0
46,proper_scoring,node-022,0.0,0.0,0.0,0.0,0.0,0.0,0.0,0.0,8496.199553722878,1231.1350733179202,0.95,0.0,0.0,0.0
46,proper_scoring,node-023,38.95277825911154,493.2779182287663,641.537249288672,0.07494691135359903,0.9490890781720185,1.2343467526921026,493.9902426924194,519.738272806635,8496.199553722878,1231.1350733179202,0.95,-604.981412831139,-3.8622045171324544,-493.9902426924194
46,proper_scoring,node-024,0.0,0.0,485.65325125374125,0.0,0.0,485653.2512537412,0.0,0.0,8496.199553722878,1231.1350733179202,0.95,-356.4083564445857,0.0,0.0
46,proper_scoring,node-025,0.0,1.1627596128533924,66.80264964388823,0.0,0.0016344740544485298,0.09390350026297103,524.1767252972968,711.3968005112853,8496.199553722878,1231.1350733179202,0.95,-711.3968005112854,-26.255956012413947,-524.1767252972968
46,proper_scoring,node-026,0.0,216.0929565713909,368.112013953999,0.0,216092.9565713909,368112.013953999,0.0,0.0,8496.199553722878,1231.1350733179202,0.95,-327.5519441840041,0.0,0.0
46,proper_scoring,node-027,0.0,0.0,260.49962850701417,0.0,0.0,260499.62850701416,0.0,0.0,8496.199553722878,1231.1350733179202,0.95,-349.9711056687935,0.0,0.0
46,proper_scoring,node-028,40.01479027481477,264.87535241093883,366.2366868628044,40014.79027481477,264875.3524109388,366236.6868628044,0.0,0.0,8496.199553722878,1231.1350733179202,0.95,-266.6446901486809,0.0,0.0
46,proper_scoring,node-029,0.0,382.10058853202867,387.0500740333349,0.0,382100.58853202866,387050.0740333349,0.0,0.0,8496.199553722878,1231.1350733179202,0.95,-169.66537185829057,0.0,0.0
46,audits,node-000,0.0,0.0,0.0,0.0,0.0,0.0,0.0,0.0,8496.199553722878,1206.4651859588887,0.95,-210.127936134961,0.0,391.3197958448111
46,audits,node-001,391.3197958448111,0.0,391.76224750786236,391319.7958448111,0.0,391762.24750786234,0.0,0.0,8496.199553722878,1206.4651859588887,0.95,-608.2377524921377,0.0,0.0
46,audits,node-002,0.0,0.0,0.0,0.0,0.0,0.0,0.0,0.0,8496.199553722878,1206.4651859588887,0.95,0.0,0.0,0.0
46,audits,node-003,0.0,0.0,121.4145358942239,0.0,0.0,121414.5358942239,0.0,0.0,8496.199553722878,1206.4651859588887,0.95,-545.7702145653175,0.0,0.0
46,audits,node-004,0.0,0.0,123.73985984685238,0.0,0.0,123739.85984685239,0.0,0.0,8496.199553722878,1206.4651859588887,0.95,-276.26014015314763,0.0,0.0
46,audits,node-005,0.0,79.76706322027214,409.89891059664785,0.0,79767.06322027213,409898.9105966478,0.0,0.0,8496.199553722878,1206.4651859588887,0.95,-590.1010894033521,0.0,0.0
46,audits,node-006,737.9036053976661,229.91651903061006,903.1278683692741,737903.6053976661,229916.51903061007,903127.8683692741,0.0,0.0,8496.199553722878,1206.4651859588887,0.95,-1096.872131630726,0.0,0.0
46,audits,node-007,0.0,0.0,0.0,0.0,0.0,0.0,0.0,0.0,8496.199553722878,1206.4651859588887,0.95,0.0,0.0,0.0
46,audits,node-008,0.0,0.0,0.0,0.0,0.0,0.0,0.0,0.0,8496.199553722878,1206.4651859588887,0.95,0.0,0.0,0.0
46,audits,node-009,0.0,395.042078811621,406.0372587753275,0.0,395042.078811621,406037.2587753275,0.0,0.0,8496.199553722878,1206.4651859588887,0.95,-652.4001262731019,0.0,0.0
46,audits,node-010,0.0,0.0,0.0,0.0,0.0,0.0,0.0,0.0,8496.199553722878,1206.4651859588887,0.95,0.0,0.0,0.0
46,audits,node-011,0.0,0.0,385.99304547703287,0.0,0.0,385993.04547703284,0.0,0.0,8496.199553722878,1206.4651859588887,0.95,-614.0069545229671,0.0,0.0
46,audits,node-012,0.0,0.0,59.711161331698705,0.0,0.0,59711.161331698706,0.0,0.0,8496.199553722878,1206.4651859588887,0.95,-264.5731572218126,0.0,0.0
46,audits,node-013,0.0,0.0,0.0,0.0,0.0,0.0,0.0,0.0,8496.199553722878,1206.4651859588887,0.95,0.0,0.0,0.0
46,audits,node-014,281.0211967651454,583.2498624660514,708.1246561651283,281021.1967651454,583249.8624660514,708124.6561651282,0.0,0.0,8496.199553722878,1206.4651859588887,0.95,-644.2807696980055,52.04645012862554,0.0
46,audits,node-015,0.0,0.0,0.0,0.0,0.0,0.0,0.0,0.0,8496.199553722878,1206.4651859588887,0.95,0.0,0.0,0.0
46,audits,node-016,0.0,79.10466331776507,308.0018376294304,0.0,79104.66331776507,308001.8376294304,0.0,0.0,8496.199553722878,1206.4651859588887,0.95,-591.9981623705697,0.0,0.0
46,audits,node-017,0.0,0.0,0.0,0.0,0.0,0.0,0.0,0.0,8496.199553722878,1206.4651859588887,0.95,-222.819239310865,0.0,0.0
46,audits,node-018,0.0,0.0,48.46359864439782,0.0,0.0,48463.59864439782,0.0,0.0,8496.199553722878,1206.4651859588887,0.95,-151.53640135560218,0.0,0.0
46,audits,node-019,0.0,0.0,0.0,0.0,0.0,0.0,0.0,0.0,8496.199553722878,1206.4651859588887,0.95,0.0,0.0,0.0
46,audits,node-020,0.0,0.0,538.1422048746495,0.0,0.0,538142.2048746494,0.0,0.0,8496.199553722878,1206.4651859588887,0.95,-1061.8577951253505,0.0,0.0
46,audits,node-021,0.0,0.0,157.55388990934966,0.0,0.0,157553.88990934967,0.0,0.0,8496.199553722878,1206.4651859588887,0.95,-524.1483837580254,0.0,0.0
46,audits,node-022,0.0,0.0,0.0,0.0,0.0,0.0,0.0,0.0,8496.199553722878,1206.4651859588887,0.95,0.0,0.0,0.0
46,audits,node-023,38.95277825911154,461.5053423769404,627.99209758502,0.07494691135359903,0.8879572017753641,1.208285266724354,493.9902426924194,519.738272806635,8496.199553722878,1206.4651859588887,0.95,-1521.7380352270993,-3.8622045171324544,-493.9902426924194
46,audits,node-024,0.0,0.0,485.65325125374125,0.0,0.0,485653.2512537412,0.0,0.0,8496.199553722878,1206.4651859588887,0.95,-592.488848922138,0.0,0.0
46,audits,node-025,0.0,0.0,64.31072787397471,0.0,0.0,0.09364818334958196,499.5068379382653,686.7269131522538,8496.199553722878,1206.4651859588887,0.95,-1046.3118567417623,-28.083011282098255,-499.5068379382653
46,audits,node-026,0.0,216.0929565713909,368.112013953999,0.0,216092.9565713909,368112.013953999,0.0,0.0,8496.199553722878,1206.4651859588887,0.95,-531.8879860460012,0.0,0.0
46,audits,node-027,0.0,0.0,260.49962850701417,0.0,0.0,260499.62850701416,0.0,0.0,8496.199553722878,1206.4651859588887,0.95,-439.50037149298583,0.0,0.0
46,audits,node-028,40.01479027481477,264.87535241093883,333.3388274628298,40014.79027481477,264875.3524109388,333338.82746282977,0.0,0.0,8496.199553722878,1206.4651859588887,0.95,-566.6611725371702,0.0,0.0
46,audits,node-029,0.0,327.64471846396384,327.64471846396384,0.0,327644.7184639638,327644.7184639638,0.0,0.0,8496.199553722878,1206.4651859588887,0.95,-542.4163429645727,0.0,0.0
55,greedy,node-000,0.0,0.0,0.0,0.0,0.0,0.0,0.0,0.0,8716.102015818757,202.88226184758645,0.85,0.0,0.0,0.0
55,greedy,node-001,0.0,0.0,0.0,0.0,0.0,0.0,0.0,0.0,8716.102015818757,202.88226184758645,0.85,0.0,0.0,0.0
55,greedy,node-002,0.0,0.0,0.0,0.0,0.0,0.0,0.0,0.0,8716.102015818757,202.88226184758645,0.85,0.0,0.0,0.0
55,greedy,node-003,0.0,0.0,0.0,0.0,0.0,0.0,0.0,0.0,8716.102015818757,202.88226184758645,0.85,0.0,0.0,0.0
55,greedy,node-004,0.0,0.0,0.0,0.0,0.0,0.0,0.0,0.0,8716.102015818757,202.88226184758645,0.85,0.0,0.0,0.0
55,greedy,node-005,0.0,0.0,0.0,0.0,0.0,0.0,0.0,0.0,8716.102015818757,202.88226184758645,0.85,0.0,0.0,0.0
55,greedy,node-006,0.0,0.0,0.0,0.0,0.0,0.0,0.0,0.0,8716.102015818757,202.88226184758645,0.85,0.0,0.0,0.0
55,greedy,node-007,0.0,0.0,0.0,0.0,0.0,0.0,0.0,0.0,8716.102015818757,202.88226184758645,0.85,0.0,0.0,0.0
55,greedy,node-008,44.81365897551611,0.0,44.81365897551611,0.304145993360599,0.0,0.304145993360599,49.11419729755081,147.34259189265242,8716.102015818757,202.88226184758645,0.85,-85.33213316390598,-14.734259189265238,-62.66508335347377
55,greedy,node-009,0.0,0.0,0.0,0.0,0.0,0.0,0.0,0.0,8716.102015818757,202.88226184758645,0.85,0.0,0.0,0.0
55,greedy,node-010,0.0,0.0,0.0,0.0,0.0,0.0,0.0,0.0,8716.102015818757,202.88226184758645,0.85,0.0,0.0,0.0
55,greedy,node-011,0.0,0.0,0.0,0.0,0.0,0.0,0.0,0.0,8716.102015818757,202.88226184758645,0.85,0.0,0.0,0.0
55,greedy,node-012,0.0,0.0,0.0,0.0,0.0,0.0,0.0,0.0,8716.102015818757,202.88226184758645,0.85,0.0,0.0,0.0
55,greedy,node-013,0.0,0.0,0.0,0.0,0.0,0.0,0.0,0.0,8716.102015818757,202.88226184758645,0.85,0.0,0.0,0.0
55,greedy,node-014,0.05600472298732839,0.0,0.05600472298732839,0.0010083733488652656,0.0,0.0010083733488652656,18.513223318311343,55.53966995493403,8716.102015818757,202.88226184758645,0.85,-47.7319867777676,-5.553966995493402,-18.513223318311343
55,greedy,node-015,0.0,0.0,0.0,0.0,0.0,0.0,0.0,0.0,8716.102015818757,202.88226184758645,0.85,0.0,0.0,0.0
55,greedy,node-016,0.0,0.0,0.0,0.0,0.0,0.0,0.0,0.0,8716.102015818757,202.88226184758645,0.85,0.0,0.0,0.0
55,greedy,node-017,0.0,0.0,0.0,0.0,0.0,0.0,0.0,0.0,8716.102015818757,202.88226184758645,0.85,0.0,0.0,0.0
55,greedy,node-018,0.0,0.0,0.0,0.0,0.0,0.0,0.0,0.0,8716.102015818757,202.88226184758645,0.85,0.0,0.0,0.0
55,greedy,node-019,0.0,0.0,0.0,0.0,0.0,0.0,0.0,0.0,8716.102015818757,202.88226184758645,0.85,0.0,0.0,0.0
55,greedy,node-020,0.0,0.0,0.0,0.0,0.0,0.0,0.0,0.0,8716.102015818757,202.88226184758645,0.85,0.0,0.0,0.0
55,greedy,node-021,0.0,0.0,0.0,0.0,0.0,0.0,0.0,0.0,8716.102015818757,202.88226184758645,0.85,0.0,0.0,0.0
55,greedy,node-022,0.0,0.0,0.0,0.0,0.0,0.0,0.0,0.0,8716.102015818757,202.88226184758645,0.85,0.0,0.0,0.0
55,greedy,node-023,0.0,0.0,0.0,0.0,0.0,0.0,0.0,0.0,8716.102015818757,202.88226184758645,0.85,0.0,0.0,0.0
55,greedy,node-024,0.0,0.0,0.0,0.0,0.0,0.0,0.0,0.0,8716.102015818757,202.88226184758645,0.85,0.0,0.0,0.0
55,greedy,node-025,0.0,0.0,0.0,0.0,0.0,0.0,0.0,0.0,8716.102015818757,202.88226184758645,0.85,0.0,0.0,0.0
55,greedy,node-026,0.0,0.0,0.0,0.0,0.0,0.0,0.0,0.0,8716.102015818757,202.88226184758645,0.85,0.0,0.0,0.0
55,greedy,node-027,0.0,0.0,0.0,0.0,0.0,0.0,0.0,0.0,8716.102015818757,202.88226184758645,0.85,0.0,0.0,0.0
55,greedy,node-028,0.0,0.0,0.0,0.0,0.0,0.0,0.0,0.0,8716.102015818757,202.88226184758645,0.85,0.0,0.0,0.0
55,greedy,node-029,0.0,0.0,0.0,0.0,0.0,0.0,0.0,0.0,8716.102015818757,202.88226184758645,0.85,0.0,0.0,0.0
55,trust_vcg,node-000,0.0,0.0,0.0,0.0,0.0,0.0,0.0,0.0,8716.102015818757,-541.4121210515291,0.85,0.0,0.0,0.0
55,trust_vcg,node-001,0.0,0.0,113.09584825689768,0.0,0.0,113095.84825689768,0.0,0.0,8716.102015818757,-541.4121210515291,0.85,-1686.9041517431021,0.0,0.0
55,trust_vcg,node-002,0.0,0.0,0.0,0.0,0.0,0.0,0.0,0.0,8716.102015818757,-541.4121210515291,0.85,0.0,0.0,0.0
55,trust_vcg,node-003,0.0,0.0,108.89614735754137,0.0,0.0,108896.14735754137,0.0,0.0,8716.102015818757,-541.4121210515291,0.85,-5539.4162035933305,0.0,0.0
55,trust_vcg,node-004,0.0,0.0,94.26328877265713,0.0,0.0,94263.28877265714,0.0,0.0,8716.102015818757,-541.4121210515291,0.85,-1102.080752917709,0.0,0.0
55,trust_vcg,node-005,0.0,0.0,0.0,0.0,0.0,0.0,0.0,0.0,8716.102015818757,-541.4121210515291,0.85,0.0,0.0,0.0
55,trust_vcg,node-006,0.0,0.0,0.0,0.0,0.0,0.0,0.0,0.0,8716.102015818757,-541.4121210515291,0.85,0.0,0.0,0.0
55,trust_vcg,node-007,0.0,0.0,0.0,0.0,0.0,0.0,0.0,0.0,8716.102015818757,-541.4121210515291,0.85,0.0,0.0,0.0
55,trust_vcg,node-008,147.34259189265242,0.6492673572439571,415.317134193338,0.22783997654298496,0.0010039802988694802,0.6422165166026824,548.4649299403069,646.6933245354085,8716.102015818757,-541.4121210515291,0.85,-11584.68286580666,-14.73425918926523,-548.4649299403069
55,trust_vcg,node-009,0.0,0.0,0.0,0.0,0.0,0.0,0.0,0.0,8716.102015818757,-541.4121210515291,0.85,0.0,0.0,0.0
55,trust_vcg,node-010,0.0,0.0,0.0,0.0,0.0,0.0,0.0,0.0,8716.102015818757,-541.4121210515291,0.85,0.0,0.0,0.0
55,trust_vcg,node-011,0.0,0.0,0.0,0.0,0.0,0.0,0.0,0.0,8716.102015818757,-541.4121210515291,0.85,0.0,0.0,0.0
55,trust_vcg,node-012,0.0,0.0,0.0,0.0,0.0,0.0,0.0,0.0,8716.102015818757,-541.4121210515291,0.85,0.0,0.0,0.0
55,trust_vcg,node-013,0.0,0.0,0.0,0.0,0.0,0.0,0.0,0.0,8716.102015818757,-541.4121210515291,0.85,0.0,0.0,0.0
55,trust_vcg,node-014,1225.1318922235603,897.0961425453477,1391.964565006592,1225131.8922235603,897096.1425453477,1391964.565006592,-1225.1318922235603,-1188.105445586938,8716.102015818757,-541.4121210515291,0.85,-9830.745252373506,-5.553966995493738,1225.1318922235603
55,trust_vcg,node-015,0.0,0.0,0.0,0.0,0.0,0.0,0.0,0.0,8716.102015818757,-541.4121210515291,0.85,0.0,0.0,0.0
55,trust_vcg,node-016,0.0,0.0,0.0,0.0,0.0,0.0,0.0,0.0,8716.102015818757,-541.4121210515291,0.85,0.0,0.0,0.0
55,trust_vcg,node-017,0.0,0.0,0.0,0.0,0.0,0.0,0.0,0.0,8716.102015818757,-541.4121210515291,0.85,0.0,0.0,0.0
55,trust_vcg,node-018,0.0,0.0,0.0,0.0,0.0,0.0,0.0,0.0,8716.102015818757,-541.4121210515291,0.85,0.0,0.0,0.0
55,trust_vcg,node-019,0.0,0.0,0.0,0.0,0.0,0.0,0.0,0.0,8716.102015818757,-541.4121210515291,0.85,0.0,0.0,0.0
55,trust_vcg,node-020,0.0,0.0,0.0,0.0,0.0,0.0,0.0,0.0,8716.102015818757,-541.4121210515291,0.85,0.0,0.0,0.0
55,trust_vcg,node-021,0.0,0.0,211.3482578458359,0.0,0.0,211348.25784583588,0.0,0.0,8716.102015818757,-541.4121210515291,0.85,-9988.651742154165,0.0,0.0
55,trust_vcg,node-022,0.0,0.0,0.0,0.0,0.0,0.0,0.0,0.0,8716.102015818757,-541.4121210515291,0.85,0.0,0.0,0.0
55,trust_vcg,node-023,0.0,0.0,0.0,0.0,0.0,0.0,0.0,0.0,8716.102015818757,-541.4121210515291,0.85,0.0,0.0,0.0
55,trust_vcg,node-024,0.0,0.0,0.0,0.0,0.0,0.0,0.0,0.0,8716.102015818757,-541.4121210515291,0.85,0.0,0.0,0.0
55,trust_vcg,node-025,0.0,0.0,108.7376725124096,0.0,0.0,108737.6725124096,0.0,0.0,8716.102015818757,-541.4121210515291,0.85,-1691.2623274875905,0.0,0.0
55,trust_vcg,node-026,0.0,0.0,0.0,0.0,0.0,0.0,0.0,0.0,8716.102015818757,-541.4121210515291,0.85,0.0,0.0,0.0
55,trust_vcg,node-027,0.0,0.0,0.0,0.0,0.0,0.0,0.0,0.0,8716.102015818757,-541.4121210515291,0.85,0.0,0.0,0.0
55,trust_vcg,node-028,0.0,0.0,0.0,0.0,0.0,0.0,0.0,0.0,8716.102015818757,-541.4121210515291,0.85,0.0,0.0,0.0
55,trust_vcg,node-029,0.0,0.0,114.43524170778848,0.0,0.0,114435.24170778847,0.0,0.0,8716.102015818757,-541.4121210515291,0.85,-1685.5647582922115,0.0,0.0
55,contingent,node-000,0.0,0.0,0.0,0.0,0.0,0.0,0.0,0.0,8716.102015818757,185.86001500983835,0.85,0.0,0.0,0.0
55,contingent,node-001,0.0,0.0,0.0,0.0,0.0,0.0,0.0,0.0,8716.102015818757,185.86001500983835,0.85,-147.61660697240924,0.0,0.0
55,contingent,node-002,0.0,0.0,0.0,0.0,0.0,0.0,0.0,0.0,8716.102015818757,185.86001500983835,0.85,0.0,0.0,0.0
55,contingent,node-003,0.0,0.0,8.907844007681778,0.0,0.0,8907.844007681777,0.0,0.0,8716.102015818757,185.86001500983835,0.85,-218.61035541971117,0.0,0.0
55,contingent,node-004,0.0,0.0,0.0,0.0,0.0,0.0,0.0,0.0,8716.102015818757,185.86001500983835,0.85,-22.880014753562598,0.0,0.0
55,contingent,node-005,0.0,0.0,0.0,0.0,0.0,0.0,0.0,0.0,8716.102015818757,185.86001500983835,0.85,0.0,0.0,0.0
55,contingent,node-006,0.0,0.0,0.0,0.0,0.0,0.0,0.0,0.0,8716.102015818757,185.86001500983835,0.85,0.0,0.0,0.0
55,contingent,node-007,0.0,0.0,0.0,0.0,0.0,0.0,0.0,0.0,8716.102015818757,185.86001500983835,0.85,0.0,0.0,0.0
55,contingent,node-008,147.34259189265242,0.0,147.34259189265242,1.0,0.0,1.0,49.11419729755081,147.34259189265242,8716.102015818757,185.86001500983835,0.85,-193.9859407629715,-14.734259189265238,-49.11419729755081
55,contingent,node-009,0.0,0.0,0.0,0.0,0.0,0.0,0.0,0.0,8716.102015818757,185.86001500983835,0.85,0.0,0.0,0.0
55,contingent,node-010,0.0,0.0,0.0,0.0,0.0,0.0,0.0,0.0,8716.102015818757,185.86001500983835,0.85,0.0,0.0,0.0
55,contingent,node-011,0.0,0.0,0.0,0.0,0.0,0.0,0.0,0.0,8716.102015818757,185.86001500983835,0.85,0.0,0.0,0.0
55,contingent,node-012,0.0,0.0,0.0,0.0,0.0,0.0,0.0,0.0,8716.102015818757,185.86001500983835,0.85,0.0,0.0,0.0
55,contingent,node-013,0.0,0.0,0.0,0.0,0.0,0.0,0.0,0.0,8716.102015818757,185.86001500983835,0.85,0.0,0.0,0.0
55,contingent,node-014,9.629355779296477,17.194197605698804,31.978615069540215,0.24999999999999994,0.44640051732918246,0.8302376556253013,1.4909764805632313,38.51742311718591,8716.102015818757,185.86001500983835,0.85,-224.9995548688382,-3.8517423117185903,-1.4909764805632313
55,contingent,node-015,0.0,0.0,0.0,0.0,0.0,0.0,0.0,0.0,8716.102015818757,185.86001500983835,0.85,0.0,0.0,0.0
55,contingent,node-016,0.0,0.0,0.0,0.0,0.0,0.0,0.0,0.0,8716.102015818757,185.86001500983835,0.85,0.0,0.0,0.0
55,contingent,node-017,0.0,0.0,0.0,0.0,0.0,0.0,0.0,0.0,8716.102015818757,185.86001500983835,0.85,0.0,0.0,0.0
55,contingent,node-018,0.0,0.0,0.0,0.0,0.0,0.0,0.0,0.0,8716.102015818757,185.86001500983835,0.85,0.0,0.0,0.0
55,contingent,node-019,0.0,0.0,0.0,0.0,0.0,0.0,0.0,0.0,8716.102015818757,185.86001500983835,0.85,0.0,0.0,0.0
55,contingent,node-020,0.0,0.0,0.0,0.0,0.0,0.0,0.0,0.0,8716.102015818757,185.86001500983835,0.85,0.0,0.0,0.0
55,contingent,node-021,0.0,0.0,0.0,0.0,0.0,0.0,0.0,0.0,8716.102015818757,185.86001500983835,0.85,-354.6069686166563,0.0,0.0
55,contingent,node-022,0.0,0.0,0.0,0.0,0.0,0.0,0.0,0.0,8716.102015818757,185.86001500983835,0.85,0.0,0.0,0.0
55,contingent,node-023,0.0,0.0,0.0,0.0,0.0,0.0,0.0,0.0,8716.102015818757,185.86001500983835,0.85,0.0,0.0,0.0
55,contingent,node-024,0.0,0.0,0.0,0.0,0.0,0.0,0.0,0.0,8716.102015818757,185.86001500983835,0.85,0.0,0.0,0.0
55,contingent,node-025,0.0,0.0,0.0,0.0,0.0,0.0,0.0,0.0,8716.102015818757,185.86001500983835,0.85,-165.0493099503615,0.0,0.0
55,contingent,node-026,0.0,0.0,0.0,0.0,0.0,0.0,0.0,0.0,8716.102015818757,185.86001500983835,0.85,0.0,0.0,0.0
55,contingent,node-027,0.0,0.0,0.0,0.0,0.0,0.0,0.0,0.0,8716.102015818757,185.86001500983835,0.85,0.0,0.0,0.0
55,contingent,node-028,0.0,0.0,0.0,0.0,0.0,0.0,0.0,0.0,8716.102015818757,185.86001500983835,0.85,0.0,0.0,0.0
55,contingent,node-029,0.0,0.0,0.0,0.0,0.0,0.0,0.0,0.0,8716.102015818757,185.86001500983835,0.85,-142.25903316884603,0.0,0.0
55,capped,node-000,0.0,0.0,0.0,0.0,0.0,0.0,0.0,0.0,8716.102015818757,202.88226184758645,0.85,0.0,0.0,0.0
55,capped,node-001,0.0,0.0,0.0,0.0,0.0,0.0,0.0,0.0,8716.102015818757,202.88226184758645,0.85,-36.90415174310231,0.0,0.0
55,capped,node-002,0.0,0.0,0.0,0.0,0.0,0.0,0.0,0.0,8716.102015818757,202.88226184758645,0.85,0.0,0.0,0.0
55,capped,node-003,0.0,0.0,8.907844007681778,0.0,0.0,8907.844007681777,0.0,0.0,8716.102015818757,202.88226184758645,0.85,-54.652588854927785,0.0,0.0
55,capped,node-004,0.0,0.0,0.0,0.0,0.0,0.0,0.0,0.0,8716.102015818757,202.88226184758645,0.85,-5.720003688390651,0.0,0.0
55,capped,node-005,0.0,0.0,0.0,0.0,0.0,0.0,0.0,0.0,8716.102015818757,202.88226184758645,0.85,0.0,0.0,0.0
55,capped,node-006,0.0,0.0,0.0,0.0,0.0,0.0,0.0,0.0,8716.102015818757,202.88226184758645,0.85,0.0,0.0,0.0
55,capped,node-007,0.0,0.0,0.0,0.0,0.0,0.0,0.0,0.0,8716.102015818757,202.88226184758645,0.85,0.0,0.0,0.0
55,capped,node-008,147.34259189265242,0.0,147.34259189265242,1.0,0.0,1.0,49.11419729755081,147.34259189265242,8716.102015818757,202.88226184758645,0.85,-85.33213316390598,-14.734259189265238,-49.11419729755081
55,capped,node-009,0.0,0.0,0.0,0.0,0.0,0.0,0.0,0.0,8716.102015818757,202.88226184758645,0.85,0.0,0.0,0.0
55,capped,node-010,0.0,0.0,0.0,0.0,0.0,0.0,0.0,0.0,8716.102015818757,202.88226184758645,0.85,0.0,0.0,0.0
55,capped,node-011,0.0,0.0,0.0,0.0,0.0,0.0,0.0,0.0,8716.102015818757,202.88226184758645,0.85,0.0,0.0,0.0
55,capped,node-012,0.0,0.0,0.0,0.0,0.0,0.0,0.0,0.0,8716.102015818757,202.88226184758645,0.85,0.0,0.0,0.0
55,capped,node-013,0.0,0.0,0.0,0.0,0.0,0.0,0.0,0.0,8716.102015818757,202.88226184758645,0.85,0.0,0.0,0.0
55,capped,node-014,13.88491748873351,17.1941976056988,49.000861907288325,0.25000000000000006,0.30958407962543727,0.8822677906989469,18.513223318311343,55.53966995493403,8716.102015818757,202.88226184758645,0.85,-74.39036791538008,-5.553966995493402,-18.513223318311343
55,capped,node-015,0.0,0.0,0.0,0.0,0.0,0.0,0.0,0.0,8716.102015818757,202.88226184758645,0.85,0.0,0.0,0.0
55,capped,node-016,0.0,0.0,0.0,0.0,0.0,0.0,0.0,0.0,8716.102015818757,202.88226184758645,0.85,0.0,0.0,0.0
55,capped,node-017,0.0,0.0,0.0,0.0,0.0,0.0,0.0,0.0,8716.102015818757,202.88226184758645,0.85,0.0,0.0,0.0
55,capped,node-018,0.0,0.0,0.0,0.0,0.0,0.0,0.0,0.0,8716.102015818757,202.88226184758645,0.85,0.0,0.0,0.0
55,capped,node-019,0.0,0.0,0.0,0.0,0.0,0.0,0.0,0.0,8716.102015818757,202.88226184758645,0.85,0.0,0.0,0.0
55,capped,node-020,0.0,0.0,0.0,0.0,0.0,0.0,0.0,0.0,8716.102015818757,202.88226184758645,0.85,0.0,0.0,0.0
55,capped,node-021,0.0,0.0,0.0,0.0,0.0,0.0,0.0,0.0,8716.102015818757,202.88226184758645,0.85,-88.65174215416405,0.0,0.0
55,capped,node-022,0.0,0.0,0.0,0.0,0.0,0.0,0.0,0.0,8716.102015818757,202.88226184758645,0.85,0.0,0.0,0.0
55,capped,node-023,0.0,0.0,0.0,0.0,0.0,0.0,0.0,0.0,8716.102015818757,202.88226184758645,0.85,0.0,0.0,0.0
55,capped,node-024,0.0,0.0,0.0,0.0,0.0,0.0,0.0,0.0,8716.102015818757,202.88226184758645,0.85,0.0,0.0,0.0
55,capped,node-025,0.0,0.0,0.0,0.0,0.0,0.0,0.0,0.0,8716.102015818757,202.88226184758645,0.85,-41.26232748759038,0.0,0.0
55,capped,node-026,0.0,0.0,0.0,0.0,0.0,0.0,0.0,0.0,8716.102015818757,202.88226184758645,0.85,0.0,0.0,0.0
55,capped,node-027,0.0,0.0,0.0,0.0,0.0,0.0,0.0,0.0,8716.102015818757,202.88226184758645,0.85,0.0,0.0,0.0
55,capped,node-028,0.0,0.0,0.0,0.0,0.0,0.0,0.0,0.0,8716.102015818757,202.88226184758645,0.85,0.0,0.0,0.0
55,capped,node-029,0.0,0.0,0.0,0.0,0.0,0.0,0.0,0.0,8716.102015818757,202.88226184758645,0.85,-35.56475829221151,0.0,0.0
55,proper_scoring,node-000,0.0,0.0,0.0,0.0,0.0,0.0,0.0,0.0,8716.102015818757,1025.6981074564617,0.85,0.0,0.0,0.0
55,proper_scoring,node-001,0.0,0.0,113.09584825689768,0.0,0.0,113095.84825689768,0.0,0.0,8716.102015818757,1025.6981074564617,0.85,-147.61660697240924,0.0,0.0
55,proper_scoring,node-002,0.0,0.0,0.0,0.0,0.0,0.0,0.0,0.0,8716.102015818757,1025.6981074564617,0.85,0.0,0.0,0.0
55,proper_scoring,node-003,0.0,0.0,192.82669529896364,0.0,0.0,192826.69529896363,0.0,0.0,8716.102015818757,1025.6981074564617,0.85,-218.61035541971117,0.0,0.0
55,proper_scoring,node-004,0.0,0.0,94.26328877265713,0.0,0.0,94263.28877265714,0.0,0.0,8716.102015818757,1025.6981074564617,0.85,-22.880014753562598,0.0,0.0
55,proper_scoring,node-005,0.0,0.0,0.0,0.0,0.0,0.0,0.0,0.0,8716.102015818757,1025.6981074564617,0.85,0.0,0.0,0.0
55,proper_scoring,node-006,0.0,0.0,0.0,0.0,0.0,0.0,0.0,0.0,8716.102015818757,1025.6981074564617,0.85,0.0,0.0,0.0
55,proper_scoring,node-007,0.0,0.0,0.0,0.0,0.0,0.0,0.0,0.0,8716.102015818757,1025.6981074564617,0.85,0.0,0.0,0.0
55,proper_scoring,node-008,147.34259189265242,0.6492673572439571,415.317134193338,0.22783997654298496,0.0010039802988694802,0.6422165166026824,548.4649299403069,646.6933245354085,8716.102015818757,1025.6981074564617,0.85,-693.3366734057275,-14.73425918926523,-548.4649299403069
55,proper_scoring,node-009,0.0,0.0,0.0,0.0,0.0,0.0,0.0,0.0,8716.102015818757,1025.6981074564617,0.85,0.0,0.0,0.0
55,proper_scoring,node-010,0.0,0.0,0.0,0.0,0.0,0.0,0.0,0.0,8716.102015818757,1025.6981074564617,0.85,0.0,0.0,0.0
55,proper_scoring,node-011,0.0,0.0,0.0,0.0,0.0,0.0,0.0,0.0,8716.102015818757,1025.6981074564617,0.85,0.0,0.0,0.0
55,proper_scoring,node-012,0.0,0.0,0.0,0.0,0.0,0.0,0.0,0.0,8716.102015818757,1025.6981074564617,0.85,0.0,0.0,0.0
55,proper_scoring,node-013,0.0,0.0,0.0,0.0,0.0,0.0,0.0,0.0,8716.102015818757,1025.6981074564617,0.85,0.0,0.0,0.0
55,proper_scoring,node-014,9.629355779296475,226.7068378018314,523.1935508857925,0.025406950553714426,0.5981635272635974,1.3804404969600965,341.9783362844307,379.00478292105345,8716.102015818757,1025.6981074564617,0.85,-565.4869146727057,-3.851742311718624,-341.9783362844307
55,proper_scoring,node-015,0.0,0.0,0.0,0.0,0.0,0.0,0.0,0.0,8716.102015818757,1025.6981074564617,0.85,0.0,0.0,0.0
55,proper_scoring,node-016,0.0,0.0,0.0,0.0,0.0,0.0,0.0,0.0,8716.102015818757,1025.6981074564617,0.85,0.0,0.0,0.0
55,proper_scoring,node-017,0.0,0.0,0.0,0.0,0.0,0.0,0.0,0.0,8716.102015818757,1025.6981074564617,0.85,0.0,0.0,0.0
55,proper_scoring,node-018,0.0,0.0,0.0,0.0,0.0,0.0,0.0,0.0,8716.102015818757,1025.6981074564617,0.85,0.0,0.0,0.0
55,proper_scoring,node-019,0.0,0.0,0.0,0.0,0.0,0.0,0.0,0.0,8716.102015818757,1025.6981074564617,0.85,0.0,0.0,0.0
55,proper_scoring,node-020,0.0,0.0,0.0,0.0,0.0,0.0,0.0,0.0,8716.102015818757,1025.6981074564617,0.85,0.0,0.0,0.0
55,proper_scoring,node-021,0.0,0.0,753.1054184917729,0.0,0.0,753105.4184917728,0.0,0.0,8716.102015818757,1025.6981074564617,0.85,-354.6069686166563,0.0,0.0
55,proper_scoring,node-022,0.0,0.0,0.0,0.0,0.0,0.0,0.0,0.0,8716.102015818757,1025.6981074564617,0.85,0.0,0.0,0.0
55,proper_scoring,node-023,0.0,0.0,0.0,0.0,0.0,0.0,0.0,0.0,8716.102015818757,1025.6981074564617,0.85,0.0,0.0,0.0
55,proper_scoring,node-024,0.0,0.0,0.0,0.0,0.0,0.0,0.0,0.0,8716.102015818757,1025.6981074564617,0.85,0.0,0.0,0.0
55,proper_scoring,node-025,0.0,0.0,108.7376725124096,0.0,0.0,108737.6725124096,0.0,0.0,8716.102015818757,1025.6981074564617,0.85,-165.0493099503615,0.0,0.0
55,proper_scoring,node-026,0.0,0.0,0.0,0.0,0.0,0.0,0.0,0.0,8716.102015818757,1025.6981074564617,0.85,0.0,0.0,0.0
55,proper_scoring,node-027,0.0,0.0,0.0,0.0,0.0,0.0,0.0,0.0,8716.102015818757,1025.6981074564617,0.85,0.0,0.0,0.0
55,proper_scoring,node-028,0.0,0.0,0.0,0.0,0.0,0.0,0.0,0.0,8716.102015818757,1025.6981074564617,0.85,0.0,0.0,0.0
55,proper_scoring,node-029,0.0,0.0,114.43524170778848,0.0,0.0,114435.24170778847,0.0,0.0,8716.102015818757,1025.6981074564617,0.85,-142.25903316884603,0.0,0.0
55,audits,node-000,0.0,0.0,0.0,0.0,0.0,0.0,0.0,0.0,8716.102015818757,958.5878789484708,0.85,0.0,0.0,0.0
55,audits,node-001,0.0,0.0,113.09584825689768,0.0,0.0,113095.84825689768,0.0,0.0,8716.102015818757,958.5878789484708,0.85,-186.90415174310232,0.0,0.0
55,audits,node-002,0.0,0.0,0.0,0.0,0.0,0.0,0.0,0.0,8716.102015818757,958.5878789484708,0.85,0.0,0.0,0.0
55,audits,node-003,0.0,0.0,108.89614735754137,0.0,0.0,108896.14735754137,0.0,0.0,8716.102015818757,958.5878789484708,0.85,-1539.4162035933311,0.0,0.0
55,audits,node-004,0.0,0.0,94.26328877265713,0.0,0.0,94263.28877265714,0.0,0.0,8716.102015818757,958.5878789484708,0.85,-102.08075291770926,0.0,0.0
55,audits,node-005,0.0,0.0,0.0,0.0,0.0,0.0,0.0,0.0,8716.102015818757,958.5878789484708,0.85,0.0,0.0,0.0
55,audits,node-006,0.0,0.0,0.0,0.0,0.0,0.0,0.0,0.0,8716.102015818757,958.5878789484708,0.85,0.0,0.0,0.0
55,audits,node-007,0.0,0.0,0.0,0.0,0.0,0.0,0.0,0.0,8716.102015818757,958.5878789484708,0.85,0.0,0.0,0.0
55,audits,node-008,147.34259189265242,0.6492673572439571,415.317134193338,0.22783997654298496,0.0010039802988694802,0.6422165166026824,548.4649299403069,646.6933245354085,8716.102015818757,958.5878789484708,0.85,-3084.682865806661,-14.73425918926523,-548.4649299403069
55,audits,node-009,0.0,0.0,0.0,0.0,0.0,0.0,0.0,0.0,8716.102015818757,958.5878789484708,0.85,0.0,0.0,0.0
55,audits,node-010,0.0,0.0,0.0,0.0,0.0,0.0,0.0,0.0,8716.102015818757,958.5878789484708,0.85,0.0,0.0,0.0
55,audits,node-011,0.0,0.0,0.0,0.0,0.0,0.0,0.0,0.0,8716.102015818757,958.5878789484708,0.85,0.0,0.0,0.0
55,audits,node-012,0.0,0.0,0.0,0.0,0.0,0.0,0.0,0.0,8716.102015818757,958.5878789484708,0.85,0.0,0.0,0.0
55,audits,node-013,0.0,0.0,0.0,0.0,0.0,0.0,0.0,0.0,8716.102015818757,958.5878789484708,0.85,0.0,0.0,0.0
55,audits,node-014,13.884917488733493,160.83931314757064,453.0704645220949,0.04451798626257767,0.5156849033489717,1.452639868543726,274.8681077764396,311.89455441306234,8716.102015818757,958.5878789484708,0.85,-2830.7452523735083,-5.553966995493454,-274.8681077764396
55,audits,node-015,0.0,0.0,0.0,0.0,0.0,0.0,0.0,0.0,8716.102015818757,958.5878789484708,0.85,0.0,0.0,0.0
55,audits,node-016,0.0,0.0,0.0,0.0,0.0,0.0,0.0,0.0,8716.102015818757,958.5878789484708,0.85,0.0,0.0,0.0
55,audits,node-017,0.0,0.0,0.0,0.0,0.0,0.0,0.0,0.0,8716.102015818757,958.5878789484708,0.85,0.0,0.0,0.0
55,audits,node-018,0.0,0.0,0.0,0.0,0.0,0.0,0.0,0.0,8716.102015818757,958.5878789484708,0.85,0.0,0.0,0.0
55,audits,node-019,0.0,0.0,0.0,0.0,0.0,0.0,0.0,0.0,8716.102015818757,958.5878789484708,0.85,0.0,0.0,0.0
55,audits,node-020,0.0,0.0,0.0,0.0,0.0,0.0,0.0,0.0,8716.102015818757,958.5878789484708,0.85,0.0,0.0,0.0
55,audits,node-021,0.0,0.0,211.3482578458359,0.0,0.0,211348.25784583588,0.0,0.0,8716.102015818757,958.5878789484708,0.85,-2488.651742154164,0.0,0.0
55,audits,node-022,0.0,0.0,0.0,0.0,0.0,0.0,0.0,0.0,8716.102015818757,958.5878789484708,0.85,0.0,0.0,0.0
55,audits,node-023,0.0,0.0,0.0,0.0,0.0,0.0,0.0,0.0,8716.102015818757,958.5878789484708,0.85,0.0,0.0,0.0
55,audits,node-024,0.0,0.0,0.0,0.0,0.0,0.0,0.0,0.0,8716.102015818757,958.5878789484708,0.85,0.0,0.0,0.0
55,audits,node-025,0.0,0.0,108.7376725124096,0.0,0.0,108737.6725124096,0.0,0.0,8716.102015818757,958.5878789484708,0.85,-191.2623274875904,0.0,0.0
55,audits,node-026,0.0,0.0,0.0,0.0,0.0,0.0,0.0,0.0,8716.102015818757,958.5878789484708,0.85,0.0,0.0,0.0
55,audits,node-027,0.0,0.0,0.0,0.0,0.0,0.0,0.0,0.0,8716.102015818757,958.5878789484708,0.85,0.0,0.0,0.0
55,audits,node-028,0.0,0.0,0.0,0.0,0.0,0.0,0.0,0.0,8716.102015818757,958.5878789484708,0.85,0.0,0.0,0.0
55,audits,node-029,0.0,0.0,114.43524170778848,0.0,0.0,114435.24170778847,0.0,0.0,8716.102015818757,958.5878789484708,0.85,-185.56475829221154,0.0,0.0
43,greedy,node-000,0.0,0.0,0.0,0.0,0.0,0.0,0.0,0.0,6316.728254531514,200.18385037343842,0.8,0.0,0.0,-46.00988507397199
43,greedy,node-001,0.0,0.0,0.0,0.0,0.0,0.0,19.582151589208507,58.74645476762552,6316.728254531514,200.18385037343842,0.8,-65.5920366631805,-5.874645476762549,-19.582151589208507
43,greedy,node-002,0.0,0.0,0.0,0.0,0.0,0.0,0.0,0.0,6316.728254531514,200.18385037343842,0.8,0.0,0.0,0.0
43,greedy,node-003,0.0,0.0,0.0,0.0,0.0,0.0,0.0,0.0,6316.728254531514,200.18385037343842,0.8,0.0,0.0,0.0
43,greedy,node-004,0.0,0.0,0.0,0.0,0.0,0.0,0.0,0.0,6316.728254531514,200.18385037343842,0.8,0.0,0.0,0.0
43,greedy,node-005,0.0,0.0,0.0,0.0,0.0,0.0,0.0,0.0,6316.728254531514,200.18385037343842,0.8,0.0,0.0,0.0
43,greedy,node-006,0.0,0.0,0.0,0.0,0.0,0.0,0.0,0.0,6316.728254531514,200.18385037343842,0.8,0.0,0.0,0.0
43,greedy,node-007,0.0,0.0,0.0,0.0,0.0,0.0,0.0,0.0,6316.728254531514,200.18385037343842,0.8,-14.144378406029722,0.0,0.0
43,greedy,node-008,0.0,0.0,0.0,0.0,0.0,0.0,0.0,0.0,6316.728254531514,200.18385037343842,0.8,0.0,0.0,0.0
43,greedy,node-009,0.0,0.0,0.0,0.0,0.0,0.0,0.0,0.0,6316.728254531514,200.18385037343842,0.8,0.0,0.0,0.0
43,greedy,node-010,0.0,0.0,0.0,0.0,0.0,0.0,0.0,0.0,6316.728254531514,200.18385037343842,0.8,0.0,0.0,0.0
43,greedy,node-011,0.0,0.0,0.0,0.0,0.0,0.0,0.0,0.0,6316.728254531514,200.18385037343842,0.8,0.0,0.0,0.0
43,greedy,node-012,0.0,0.0,0.0,0.0,0.0,0.0,0.0,0.0,6316.728254531514,200.18385037343842,0.8,0.0,0.0,0.0
43,greedy,node-013,0.0,0.0,0.0,0.0,0.0,0.0,0.0,0.0,6316.728254531514,200.18385037343842,0.8,0.0,0.0,0.0
43,greedy,node-014,0.0,0.0,0.0,0.0,0.0,0.0,0.0,0.0,6316.728254531514,200.18385037343842,0.8,0.0,0.0,0.0
43,greedy,node-015,21.984173916378303,0.0,21.984173916378303,0.15543395593657824,0.0,0.15543395593657824,47.14579853527096,141.43739560581287,6316.728254531514,200.18385037343842,0.8,-81.53512195132583,-4.942036430752246,-47.14579853527096
43,greedy,node-016,0.0,0.0,0.0,0.0,0.0,0.0,0.0,0.0,6316.728254531514,200.18385037343842,0.8,0.0,0.0,0.0
43,greedy,node-017,0.0,0.0,0.0,0.0,0.0,0.0,0.0,0.0,6316.728254531514,200.18385037343842,0.8,0.0,0.0,0.0
43,greedy,node-018,0.0,0.0,0.0,0.0,0.0,0.0,0.0,0.0,6316.728254531514,200.18385037343842,0.8,0.0,0.0,0.0
43,greedy,node-019,0.0,0.0,0.0,0.0,0.0,0.0,0.0,0.0,6316.728254531514,200.18385037343842,0.8,0.0,0.0,0.0
43,greedy,node-020,0.0,0.0,0.0,0.0,0.0,0.0,0.0,0.0,6316.728254531514,200.18385037343842,0.8,0.0,0.0,0.0
43,greedy,node-021,0.0,0.0,0.0,0.0,0.0,0.0,0.0,0.0,6316.728254531514,200.18385037343842,0.8,0.0,0.0,0.0
43,greedy,node-022,0.0,0.0,0.0,0.0,0.0,0.0,0.0,0.0,6316.728254531514,200.18385037343842,0.8,0.0,0.0,0.0
43,greedy,node-023,0.0,0.0,0.0,0.0,0.0,0.0,0.0,0.0,6316.728254531514,200.18385037343842,0.8,0.0,0.0,0.0
43,greedy,node-024,0.0,0.0,0.0,0.0,0.0,0.0,0.0,0.0,6316.728254531514,200.18385037343842,0.8,-7.150410470632295,0.0,0.0
43,greedy,node-025,0.0,0.0,0.0,0.0,0.0,0.0,0.0,0.0,6316.728254531514,200.18385037343842,0.8,0.0,0.0,0.0
43,greedy,node-026,0.0,0.0,0.0,0.0,0.0,0.0,0.0,0.0,6316.728254531514,200.18385037343842,0.8,0.0,0.0,0.0
43,greedy,node-027,0.0,0.0,0.0,0.0,0.0,0.0,0.0,0.0,6316.728254531514,200.18385037343842,0.8,0.0,0.0,0.0
43,greedy,node-028,0.0,0.0,0.0,0.0,0.0,0.0,0.0,0.0,6316.728254531514,200.18385037343842,0.8,-23.908431262722477,0.0,0.0
43,greedy,node-029,0.0,0.0,0.0,0.0,0.0,0.0,0.0,0.0,6316.728254531514,200.18385037343842,0.8,-32.75088412643963,0.0,0.0
43,trust_vcg,node-000,0.0,0.0,0.0,0.0,0.0,0.0,0.0,0.0,6944.082152677267,-1036.3140410041754,0.8,0.0,0.0,-114.989333875574
43,trust_vcg,node-001,85.61610649176123,581.2080897432406,1260.1232077213876,85616.10649176122,581208.0897432406,1260123.2077213875,-85.61610649176123,-46.45180331334427,6944.082152677267,-1036.3140410041754,0.8,-10868.352946797337,-5.874645476762623,85.61610649176123
43,trust_vcg,node-002,0.0,91.59425058306348,91.59425058306348,0.0,91594.25058306348,91594.25058306348,0.0,0.0,6944.082152677267,-1036.3140410041754,0.8,-3955.742251528234,0.0,0.0
43,trust_vcg,node-003,0.0,0.0,0.0,0.0,0.0,0.0,0.0,0.0,6944.082152677267,-1036.3140410041754,0.8,-5703.6104034485825,0.0,0.0
43,trust_vcg,node-004,0.0,0.0,0.0,0.0,0.0,0.0,0.0,0.0,6944.082152677267,-1036.3140410041754,0.8,0.0,0.0,0.0
43,trust_vcg,node-005,0.0,0.0,0.0,0.0,0.0,0.0,0.0,0.0,6944.082152677267,-1036.3140410041754,0.8,0.0,0.0,0.0
43,trust_vcg,node-006,0.0,0.0,0.0,0.0,0.0,0.0,0.0,0.0,6944.082152677267,-1036.3140410041754,0.8,0.0,0.0,0.0
43,trust_vcg,node-007,23.147362641358143,59.27409818413607,179.58489544116995,23147.36264135814,59274.09818413607,179584.89544116994,0.0,0.0,6944.082152677267,-1036.3140410041754,0.8,-11155.777832459682,0.0,0.0
43,trust_vcg,node-008,0.0,0.0,0.0,0.0,0.0,0.0,0.0,0.0,6944.082152677267,-1036.3140410041754,0.8,-5554.250194111828,0.0,0.0
43,trust_vcg,node-009,59.634847947676505,0.0,89.44105187275787,59634.847947676506,0.0,89441.05187275786,0.0,0.0,6944.082152677267,-1036.3140410041754,0.8,-2310.5589481272423,0.0,0.0
43,trust_vcg,node-010,0.0,0.0,0.0,0.0,0.0,0.0,0.0,0.0,6944.082152677267,-1036.3140410041754,0.8,-2329.1962460230634,0.0,0.0
43,trust_vcg,node-011,44.192063549971365,0.0,44.192063549971365,44192.06354997137,0.0,44192.06354997137,0.0,0.0,6944.082152677267,-1036.3140410041754,0.8,-8902.956675457703,0.0,0.0
43,trust_vcg,node-012,0.0,0.0,53.16644995827318,0.0,0.0,53166.44995827318,0.0,0.0,6944.082152677267,-1036.3140410041754,0.8,-5648.233310534067,0.0,0.0
43,trust_vcg,node-013,0.0,0.0,0.0,0.0,0.0,0.0,0.0,0.0,6944.082152677267,-1036.3140410041754,0.8,0.0,0.0,0.0
43,trust_vcg,node-014,0.0,484.56208411932204,484.56208411932204,0.0,484562.084119322,484562.084119322,0.0,0.0,6944.082152677267,-1036.3140410041754,0.8,-5583.9150320936715,0.0,0.0
43,trust_vcg,node-015,0.0,0.0,48.08985926519442,0.0,0.0,48089.85926519442,0.0,0.0,6944.082152677267,-1036.3140410041754,0.8,-11020.507028212787,-834.2492902330858,0.0
43,trust_vcg,node-016,0.0,0.0,0.0,0.0,0.0,0.0,0.0,0.0,6944.082152677267,-1036.3140410041754,0.8,-4477.185222015538,0.0,0.0
43,trust_vcg,node-017,420.615351668941,589.5170270497431,589.5170270497431,420615.351668941,589517.0270497431,589517.0270497431,0.0,0.0,6944.082152677267,-1036.3140410041754,0.8,-5574.716031472497,0.0,0.0
43,trust_vcg,node-018,0.0,0.0,9.155101125235149,0.0,0.0,9155.101125235149,0.0,0.0,6944.082152677267,-1036.3140410041754,0.8,-590.8448988747648,0.0,0.0
43,trust_vcg,node-019,0.0,0.0,65.55278031658324,0.0,0.0,65552.78031658323,0.0,0.0,6944.082152677267,-1036.3140410041754,0.8,-2302.9426079115383,0.0,0.0
43,trust_vcg,node-020,0.0,0.0,0.0,0.0,0.0,0.0,0.0,0.0,6944.082152677267,-1036.3140410041754,0.8,0.0,0.0,0.0
43,trust_vcg,node-021,0.0,0.0,508.43061176451897,0.0,0.0,508430.61176451895,0.0,0.0,6944.082152677267,-1036.3140410041754,0.8,-5623.162717740978,0.0,0.0
43,trust_vcg,node-022,0.0,0.0,0.0,0.0,0.0,0.0,0.0,0.0,6944.082152677267,-1036.3140410041754,0.8,0.0,0.0,0.0
43,trust_vcg,node-023,0.0,0.0,0.0,0.0,0.0,0.0,0.0,0.0,6944.082152677267,-1036.3140410041754,0.8,-5662.813388310005,0.0,0.0
43,trust_vcg,node-024,0.0,0.0,422.44340823288627,0.0,0.0,422443.4082328863,0.0,0.0,6944.082152677267,-1036.3140410041754,0.8,-11107.734180008387,0.0,0.0
43,trust_vcg,node-025,0.0,0.0,0.0,0.0,0.0,0.0,0.0,0.0,6944.082152677267,-1036.3140410041754,0.8,0.0,0.0,0.0
43,trust_vcg,node-026,0.0,0.0,0.0,0.0,0.0,0.0,0.0,0.0,6944.082152677267,-1036.3140410041754,0.8,0.0,0.0,0.0
43,trust_vcg,node-027,0.0,0.0,0.0,0.0,0.0,0.0,0.0,0.0,6944.082152677267,-1036.3140410041754,0.8,-5599.623250611309,0.0,0.0
43,trust_vcg,node-028,1167.7409699821533,1167.7409699821533,1167.7409699821533,1167740.9699821533,1167740.9699821533,1167740.9699821533,-1167.7409699821533,-989.8622376908311,6944.082152677267,-1036.3140410041754,0.8,-5482.157696976905,-26.68180984369792,1167.7409699821533
43,trust_vcg,node-029,0.0,0.0,0.0,0.0,0.0,0.0,0.0,0.0,6944.082152677267,-1036.3140410041754,0.8,-8709.039103926856,0.0,0.0
43,contingent,node-000,0.0,0.0,0.0,0.0,0.0,0.0,0.0,0.0,6944.082152677267,249.70412891809852,0.8,0.0,0.0,-12.498573187319375
43,contingent,node-001,0.0,72.43761855873545,292.27945070670734,0.0,1.3582530570683564,5.480432202761464,14.167156803778264,53.33145998219528,6944.082152677267,249.70412891809852,0.8,-198.2066970996662,-5.333145998219525,-14.167156803778264
43,contingent,node-002,0.0,41.5942505830635,41.5942505830635,0.0,41594.2505830635,41594.2505830635,0.0,0.0,6944.082152677267,249.70412891809852,0.8,-422.96900611293484,0.0,0.0
43,contingent,node-003,0.0,0.0,0.0,0.0,0.0,0.0,0.0,0.0,6944.082152677267,249.70412891809852,0.8,-814.441613794332,0.0,0.0
43,contingent,node-004,0.0,0.0,0.0,0.0,0.0,0.0,0.0,0.0,6944.082152677267,249.70412891809852,0.8,0.0,0.0,0.0
43,contingent,node-005,0.0,0.0,0.0,0.0,0.0,0.0,0.0,0.0,6944.082152677267,249.70412891809852,0.8,0.0,0.0,0.0
43,contingent,node-006,0.0,0.0,0.0,0.0,0.0,0.0,0.0,0.0,6944.082152677267,249.70412891809852,0.8,0.0,0.0,0.0
43,contingent,node-007,0.0,9.274098184136076,9.274098184136076,0.0,9274.098184136075,9274.098184136075,0.0,0.0,6944.082152677267,249.70412891809852,0.8,-623.1113298387321,0.0,0.0
43,contingent,node-008,0.0,0.0,0.0,0.0,0.0,0.0,0.0,0.0,6944.082152677267,249.70412891809852,0.8,-404.09426366872253,0.0,0.0
43,contingent,node-009,0.0,0.0,0.0,0.0,0.0,0.0,0.0,0.0,6944.082152677267,249.70412891809852,0.8,-442.2357925089685,0.0,0.0
43,contingent,node-010,0.0,0.0,0.0,0.0,0.0,0.0,0.0,0.0,6944.082152677267,249.70412891809852,0.8,-516.7849840922531,0.0,0.0
43,contingent,node-011,0.0,84.99036092419448,112.33760175130675,0.0,84990.36092419448,112337.60175130675,0.0,0.0,6944.082152677267,249.70412891809852,0.8,-411.826701830808,0.0,0.0
43,contingent,node-012,0.0,0.0,3.16644995827318,0.0,0.0,3166.44995827318,0.0,0.0,6944.082152677267,249.70412891809852,0.8,-592.933242136265,0.0,0.0
43,contingent,node-013,0.0,0.0,0.0,0.0,0.0,0.0,0.0,0.0,6944.082152677267,249.70412891809852,0.8,0.0,0.0,0.0
43,contingent,node-014,0.0,134.56208411932204,166.22499695930563,0.0,134562.08411932204,166224.99695930563,0.0,0.0,6944.082152677267,249.70412891809852,0.8,-335.6601283746835,0.0,0.0
43,contingent,node-015,0.0,13.202678493293142,103.86642233985522,0.0,13202.678493293142,103866.42233985521,0.0,0.0,6944.082152677267,249.70412891809852,0.8,-137.55729366421943,-2.694121064552994,0.0
43,contingent,node-016,0.0,0.0,0.0,0.0,0.0,0.0,0.0,0.0,6944.082152677267,249.70412891809852,0.8,-308.7408880621521,0.0,0.0
43,contingent,node-017,16.780887552694843,139.51702704974318,167.80887552694847,16780.887552694843,139517.02704974316,167808.87552694845,0.0,0.0,6944.082152677267,249.70412891809852,0.8,-298.864125889989,0.0,0.0
43,contingent,node-018,0.0,0.0,0.0,0.0,0.0,0.0,0.0,0.0,6944.082152677267,249.70412891809852,0.8,-163.37959549905943,0.0,0.0
43,contingent,node-019,0.0,0.0,15.552780316583238,0.0,0.0,15552.780316583237,0.0,0.0,6944.082152677267,249.70412891809852,0.8,-411.7704316461524,0.0,0.0
43,contingent,node-020,0.0,0.0,0.0,0.0,0.0,0.0,0.0,0.0,6944.082152677267,249.70412891809852,0.8,0.0,0.0,0.0
43,contingent,node-021,0.0,0.0,58.43061176451903,0.0,0.0,58430.611764519024,0.0,0.0,6944.082152677267,249.70412891809852,0.8,-492.65087096391,0.0,0.0
43,contingent,node-022,0.0,0.0,0.0,0.0,0.0,0.0,0.0,0.0,6944.082152677267,249.70412891809852,0.8,0.0,0.0,0.0
43,contingent,node-023,0.0,0.0,0.0,0.0,0.0,0.0,0.0,0.0,6944.082152677267,249.70412891809852,0.8,-651.2535532400208,0.0,0.0
43,contingent,node-024,0.0,0.0,22.542934838112863,0.0,0.0,22542.934838112862,0.0,0.0,6944.082152677267,249.70412891809852,0.8,-608.4029727255673,0.0,0.0
43,contingent,node-025,0.0,0.0,0.0,0.0,0.0,0.0,0.0,0.0,6944.082152677267,249.70412891809852,0.8,0.0,0.0,0.0
43,contingent,node-026,0.0,0.0,0.0,0.0,0.0,0.0,0.0,0.0,6944.082152677267,249.70412891809852,0.8,0.0,0.0,0.0
43,contingent,node-027,0.0,22.82127689417942,22.82127689417942,0.0,22821.27689417942,22821.27689417942,0.0,0.0,6944.082152677267,249.70412891809852,0.8,-398.4930024452367,0.0,0.0
43,contingent,node-028,38.28293199592261,0.0,171.6635598203531,0.19495040834026806,0.0,0.8741723619206129,18.49393664458122,196.37266893590325,6944.082152677267,249.70412891809852,0.8,-218.08860448081072,-19.63726689359033,-18.49393664458122
43,contingent,node-029,0.0,22.097413258364234,72.74942490494402,0.0,22097.413258364235,72749.42490494403,0.0,0.0,6944.082152677267,249.70412891809852,0.8,-238.74008697337456,0.0,0.0
43,capped,node-000,0.0,0.0,0.0,0.0,0.0,0.0,0.0,0.0,6944.082152677267,325.56455320460856,0.8,0.0,0.0,-9.791075794604252
43,capped,node-001,0.0,72.43761855873547,286.8644559212771,0.0,1.2330551493748179,4.883093917002881,19.582151589208507,58.74645476762552,6944.082152677267,325.56455320460856,0.8,-65.5920366631805,-5.874645476762549,-19.582151589208507
43,capped,node-002,0.0,41.5942505830635,41.5942505830635,0.0,41594.2505830635,41594.2505830635,0.0,0.0,6944.082152677267,325.56455320460856,0.8,-105.74225152823374,0.0,0.0
43,capped,node-003,0.0,0.0,0.0,0.0,0.0,0.0,0.0,0.0,6944.082152677267,325.56455320460856,0.8,-203.610403448583,0.0,0.0
43,capped,node-004,0.0,0.0,0.0,0.0,0.0,0.0,0.0,0.0,6944.082152677267,325.56455320460856,0.8,0.0,0.0,0.0
43,capped,node-005,0.0,0.0,0.0,0.0,0.0,0.0,0.0,0.0,6944.082152677267,325.56455320460856,0.8,0.0,0.0,0.0
43,capped,node-006,0.0,0.0,0.0,0.0,0.0,0.0,0.0,0.0,6944.082152677267,325.56455320460856,0.8,0.0,0.0,0.0
43,capped,node-007,0.0,9.274098184136076,37.10874510566688,0.0,9274.098184136075,37108.74510566688,0.0,0.0,6944.082152677267,325.56455320460856,0.8,-155.777832459683,0.0,0.0
43,capped,node-008,0.0,0.0,37.1138993730824,0.0,0.0,37113.89937308239,0.0,0.0,6944.082152677267,325.56455320460856,0.8,-101.02356591718062,0.0,0.0
43,capped,node-009,0.0,0.0,0.0,0.0,0.0,0.0,0.0,0.0,6944.082152677267,325.56455320460856,0.8,-110.55894812724213,0.0,0.0
43,capped,node-010,0.0,0.0,0.0,0.0,0.0,0.0,0.0,0.0,6944.082152677267,325.56455320460856,0.8,-129.19624602306328,0.0,0.0
43,capped,node-011,0.0,165.89943142207974,176.6252772576667,0.0,165899.43142207974,176625.27725766672,0.0,0.0,6944.082152677267,325.56455320460856,0.8,-102.95667545770202,0.0,0.0
43,capped,node-012,0.0,0.0,3.16644995827318,0.0,0.0,3166.44995827318,0.0,0.0,6944.082152677267,325.56455320460856,0.8,-148.23331053406622,0.0,0.0
43,capped,node-013,0.0,0.0,0.0,0.0,0.0,0.0,0.0,0.0,6944.082152677267,325.56455320460856,0.8,0.0,0.0,0.0
43,capped,node-014,0.0,134.56208411932204,166.22499695930563,0.0,134562.08411932204,166224.99695930563,0.0,0.0,6944.082152677267,325.56455320460856,0.8,-83.91503209367087,0.0,0.0
43,capped,node-015,5.4082120742096915,68.77864683210971,188.58319414108385,5408.212074209691,68778.64683210972,188583.19414108383,0.0,0.0,6944.082152677267,325.56455320460856,0.8,-34.389323416054864,9.201703129829045,0.0
43,capped,node-016,0.0,0.0,0.0,0.0,0.0,0.0,0.0,0.0,6944.082152677267,325.56455320460856,0.8,-77.18522201553802,0.0,0.0
43,capped,node-017,16.780887552694843,139.51702704974318,167.80887552694847,16780.887552694843,139517.02704974316,167808.87552694845,0.0,0.0,6944.082152677267,325.56455320460856,0.8,-74.71603147249724,0.0,0.0
43,capped,node-018,0.0,0.0,0.0,0.0,0.0,0.0,0.0,0.0,6944.082152677267,325.56455320460856,0.8,-40.84489887476485,0.0,0.0
43,capped,node-019,0.0,0.0,15.552780316583238,0.0,0.0,15552.780316583237,0.0,0.0,6944.082152677267,325.56455320460856,0.8,-102.9426079115381,0.0,0.0
43,capped,node-020,0.0,0.0,0.0,0.0,0.0,0.0,0.0,0.0,6944.082152677267,325.56455320460856,0.8,0.0,0.0,0.0
43,capped,node-021,0.0,0.0,58.43061176451903,0.0,0.0,58430.611764519024,0.0,0.0,6944.082152677267,325.56455320460856,0.8,-123.1627177409775,0.0,0.0
43,capped,node-022,0.0,0.0,0.0,0.0,0.0,0.0,0.0,0.0,6944.082152677267,325.56455320460856,0.8,0.0,0.0,0.0
43,capped,node-023,0.0,0.0,0.0,0.0,0.0,0.0,0.0,0.0,6944.082152677267,325.56455320460856,0.8,-162.81338831000522,0.0,0.0
43,capped,node-024,0.0,0.0,22.542934838112863,0.0,0.0,22542.934838112862,0.0,0.0,6944.082152677267,325.56455320460856,0.8,-152.10074318139183,0.0,0.0
43,capped,node-025,0.0,0.0,0.0,0.0,0.0,0.0,0.0,0.0,6944.082152677267,325.56455320460856,0.8,0.0,0.0,0.0
43,capped,node-026,0.0,0.0,0.0,0.0,0.0,0.0,0.0,0.0,6944.082152677267,325.56455320460856,0.8,0.0,0.0,0.0
43,capped,node-027,0.0,102.19046182765041,102.19046182765041,0.0,102190.4618276504,102190.4618276504,0.0,0.0,6944.082152677267,325.56455320460856,0.8,-99.62325061130919,0.0,0.0
43,capped,node-028,55.89428937119254,0.0,242.10898932143294,0.20948462528824155,0.0,0.9073934292302668,88.93936614566104,266.81809843698306,6944.082152677267,325.56455320460856,0.8,-138.83803310471842,-26.681809843698318,-88.93936614566104
43,capped,node-029,0.0,90.25531666397742,157.9468041619605,0.0,90255.31666397743,157946.8041619605,0.0,0.0,6944.082152677267,325.56455320460856,0.8,-59.68502174334364,0.0,0.0
43,proper_scoring,node-000,0.0,0.0,0.0,0.0,0.0,0.0,0.0,0.0,6944.082152677267,999.9024996158558,0.8,0.0,0.0,392.6323757601654
43,proper_scoring,node-001,0.0,616.2768411255423,755.2089954783634,0.0,1.3442254569230523,1.647264815541723,419.29810575126305,458.46240892968,6944.082152677267,999.9024996158558,0.8,-603.337646047151,-5.3331459982196066,-419.29810575126305
43,proper_scoring,node-002,0.0,91.59425058306348,144.25774847176626,0.0,91594.25058306348,144257.74847176627,0.0,0.0,6944.082152677267,999.9024996158558,0.8,-407.1903316997841,0.0,0.0
43,proper_scoring,node-003,0.0,0.0,196.389596551417,0.0,0.0,196389.596551417,0.0,0.0,6944.082152677267,999.9024996158558,0.8,-623.2223670949234,0.0,0.0
43,proper_scoring,node-004,0.0,0.0,0.0,0.0,0.0,0.0,0.0,0.0,6944.082152677267,999.9024996158558,0.8,0.0,0.0,0.0
43,proper_scoring,node-005,0.0,0.0,0.0,0.0,0.0,0.0,0.0,0.0,6944.082152677267,999.9024996158558,0.8,0.0,0.0,0.0
43,proper_scoring,node-006,0.0,0.0,0.0,0.0,0.0,0.0,0.0,0.0,6944.082152677267,999.9024996158558,0.8,0.0,0.0,0.0
43,proper_scoring,node-007,551.1415198898943,59.27409818413607,747.4075047265526,551141.5198898943,59274.09818413607,747407.5047265525,0.0,0.0,6944.082152677267,999.9024996158558,0.8,-528.4303030936844,0.0,0.0
43,proper_scoring,node-008,0.0,0.0,303.14966799999587,0.0,0.0,303149.6679999959,0.0,0.0,6944.082152677267,999.9024996158558,0.8,-391.89034149750637,0.0,0.0
43,proper_scoring,node-009,59.634847947676505,0.0,89.44105187275787,59634.847947676506,0.0,89441.05187275786,0.0,0.0,6944.082152677267,999.9024996158558,0.8,-310.5589481272421,0.0,0.0
43,proper_scoring,node-010,0.0,0.0,0.0,0.0,0.0,0.0,0.0,0.0,6944.082152677267,999.9024996158558,0.8,-329.1962460230633,0.0,0.0
43,proper_scoring,node-011,44.192063549971365,486.42050132928244,496.60932383851207,44192.06354997137,486420.5013292824,496609.32383851206,0.0,0.0,6944.082152677267,999.9024996158558,0.8,-410.149131225505,0.0,0.0
43,proper_scoring,node-012,0.0,0.0,269.8452823694027,0.0,0.0,269845.2823694027,0.0,0.0,6944.082152677267,999.9024996158558,0.8,-496.5884929434601,0.0,0.0
43,proper_scoring,node-013,0.0,0.0,0.0,0.0,0.0,0.0,0.0,0.0,6944.082152677267,999.9024996158558,0.8,0.0,0.0,0.0
43,proper_scoring,node-014,0.0,484.56208411932204,484.56208411932204,0.0,484562.084119322,484562.084119322,0.0,0.0,6944.082152677267,999.9024996158558,0.8,-335.6601283746835,0.0,0.0
43,proper_scoring,node-015,393.9308197143742,763.1845481922,763.1845481922,393930.8197143742,763184.5481922,763184.5481922,0.0,0.0,6944.082152677267,999.9024996158558,0.8,-137.55729366421943,180.7447854309665,0.0
43,proper_scoring,node-016,0.0,0.0,143.31578545950828,0.0,0.0,143315.78545950828,0.0,0.0,6944.082152677267,999.9024996158558,0.8,-308.7408880621521,0.0,0.0
43,proper_scoring,node-017,420.615351668941,589.5170270497431,589.5170270497431,420615.351668941,589517.0270497431,589517.0270497431,0.0,0.0,6944.082152677267,999.9024996158558,0.8,-298.864125889989,0.0,0.0
43,proper_scoring,node-018,0.0,0.0,9.155101125235149,0.0,0.0,9155.101125235149,0.0,0.0,6944.082152677267,999.9024996158558,0.8,-90.84489887476485,0.0,0.0
43,proper_scoring,node-019,0.0,0.0,65.55278031658324,0.0,0.0,65552.78031658323,0.0,0.0,6944.082152677267,999.9024996158558,0.8,-302.9426079115381,0.0,0.0
43,proper_scoring,node-020,0.0,0.0,0.0,0.0,0.0,0.0,0.0,0.0,6944.082152677267,999.9024996158558,0.8,0.0,0.0,0.0
43,proper_scoring,node-021,0.0,0.0,508.43061176451897,0.0,0.0,508430.61176451895,0.0,0.0,6944.082152677267,999.9024996158558,0.8,-451.799357185678,0.0,0.0
43,proper_scoring,node-022,0.0,0.0,0.0,0.0,0.0,0.0,0.0,0.0,6944.082152677267,999.9024996158558,0.8,0.0,0.0,0.0
43,proper_scoring,node-023,0.0,0.0,163.10142674143103,0.0,0.0,163101.42674143103,0.0,0.0,6944.082152677267,999.9024996158558,0.8,-529.3349950607139,0.0,0.0
43,proper_scoring,node-024,0.0,0.0,736.5438270205809,0.0,0.0,736543.8270205809,0.0,0.0,6944.082152677267,999.9024996158558,0.8,-517.9308420337825,0.0,0.0
43,proper_scoring,node-025,0.0,0.0,0.0,0.0,0.0,0.0,0.0,0.0,6944.082152677267,999.9024996158558,0.8,0.0,0.0,0.0
43,proper_scoring,node-026,0.0,0.0,0.0,0.0,0.0,0.0,0.0,0.0,6944.082152677267,999.9024996158558,0.8,0.0,0.0,0.0
43,proper_scoring,node-027,0.0,202.19046182765044,202.19046182765044,0.0,202190.46182765043,202190.46182765043,0.0,0.0,6944.082152677267,999.9024996158558,0.8,-398.4930024452367,0.0,0.0
43,proper_scoring,node-028,0.0,4.932578249727385,131.13561384262948,0.0,0.009110109012201606,0.24219782779003154,363.56135839485387,541.4400906861758,6944.082152677267,999.9024996158558,0.8,-563.1560262310834,-19.63726689359038,-363.56135839485387
43,proper_scoring,node-029,0.0,429.2673937675984,492.32348566708555,0.0,429267.3937675984,492323.48566708557,0.0,0.0,6944.082152677267,999.9024996158558,0.8,-238.74008697337456,0.0,0.0
43,audits,node-000,0.0,0.0,0.0,0.0,0.0,0.0,0.0,0.0,6944.082152677267,963.6859589958246,0.8,0.0,0.0,385.010666124426
43,audits,node-001,0.0,581.2080897432405,760.1232077213876,0.0,1.2814692991598016,1.675948032148249,414.38389350823877,453.54819668665573,6944.082152677267,963.6859589958246,0.8,-2868.352946797336,-5.874645476762623,-414.38389350823877
43,audits,node-002,0.0,91.59425058306348,144.25774847176626,0.0,91594.25058306348,144257.74847176627,0.0,0.0,6944.082152677267,963.6859589958246,0.8,-955.7422515282337,0.0,0.0
43,audits,node-003,0.0,0.0,196.389596551417,0.0,0.0,196389.596551417,0.0,0.0,6944.082152677267,963.6859589958246,0.8,-1703.610403448583,0.0,0.0
43,audits,node-004,0.0,0.0,0.0,0.0,0.0,0.0,0.0,0.0,6944.082152677267,963.6859589958246,0.8,0.0,0.0,0.0
43,audits,node-005,0.0,0.0,0.0,0.0,0.0,0.0,0.0,0.0,6944.082152677267,963.6859589958246,0.8,0.0,0.0,0.0
43,audits,node-006,0.0,0.0,0.0,0.0,0.0,0.0,0.0,0.0,6944.082152677267,963.6859589958246,0.8,0.0,0.0,0.0
43,audits,node-007,523.1473626413582,59.27409818413607,687.1087451056667,523147.36264135817,59274.09818413607,687108.7451056667,0.0,0.0,6944.082152677267,963.6859589958246,0.8,-2655.7778324596825,0.0,0.0
43,audits,node-008,0.0,0.0,303.14966799999587,0.0,0.0,303149.6679999959,0.0,0.0,6944.082152677267,963.6859589958246,0.8,-1554.250194111828,0.0,0.0
43,audits,node-009,59.634847947676505,0.0,89.44105187275787,59634.847947676506,0.0,89441.05187275786,0.0,0.0,6944.082152677267,963.6859589958246,0.8,-310.5589481272421,0.0,0.0
43,audits,node-010,0.0,0.0,0.0,0.0,0.0,0.0,0.0,0.0,6944.082152677267,963.6859589958246,0.8,-329.1962460230633,0.0,0.0
43,audits,node-011,44.192063549971365,0.0,276.6252772576667,44192.06354997137,0.0,276625.2772576667,0.0,0.0,6944.082152677267,963.6859589958246,0.8,-1902.9566754577022,0.0,0.0
43,audits,node-012,0.0,0.0,53.16644995827318,0.0,0.0,53166.44995827318,0.0,0.0,6944.082152677267,963.6859589958246,0.8,-1648.233310534066,0.0,0.0
43,audits,node-013,0.0,0.0,0.0,0.0,0.0,0.0,0.0,0.0,6944.082152677267,963.6859589958246,0.8,0.0,0.0,0.0
43,audits,node-014,0.0,484.56208411932204,484.56208411932204,0.0,484562.084119322,484562.084119322,0.0,0.0,6944.082152677267,963.6859589958246,0.8,-1583.915032093671,0.0,0.0
43,audits,node-015,373.6497110750409,572.2310903318338,572.2310903318338,373649.71107504086,572231.0903318338,572231.0903318338,0.0,0.0,6944.082152677267,963.6859589958246,0.8,-2520.5070282127863,165.75070976691418,0.0
43,audits,node-016,0.0,0.0,0.0,0.0,0.0,0.0,0.0,0.0,6944.082152677267,963.6859589958246,0.8,-1477.185222015538,0.0,0.0
43,audits,node-017,420.615351668941,589.5170270497431,589.5170270497431,420615.351668941,589517.0270497431,589517.0270497431,0.0,0.0,6944.082152677267,963.6859589958246,0.8,-1574.7160314724972,0.0,0.0
43,audits,node-018,0.0,0.0,9.155101125235149,0.0,0.0,9155.101125235149,0.0,0.0,6944.082152677267,963.6859589958246,0.8,-90.84489887476485,0.0,0.0
43,audits,node-019,0.0,0.0,65.55278031658324,0.0,0.0,65552.78031658323,0.0,0.0,6944.082152677267,963.6859589958246,0.8,-302.9426079115381,0.0,0.0
43,audits,node-020,0.0,0.0,0.0,0.0,0.0,0.0,0.0,0.0,6944.082152677267,963.6859589958246,0.8,0.0,0.0,0.0
43,audits,node-021,0.0,0.0,508.43061176451897,0.0,0.0,508430.61176451895,0.0,0.0,6944.082152677267,963.6859589958246,0.8,-1623.1627177409775,0.0,0.0
43,audits,node-022,0.0,0.0,0.0,0.0,0.0,0.0,0.0,0.0,6944.082152677267,963.6859589958246,0.8,0.0,0.0,0.0
43,audits,node-023,0.0,0.0,0.0,0.0,0.0,0.0,0.0,0.0,6944.082152677267,963.6859589958246,0.8,-1662.8133883100052,0.0,0.0
43,audits,node-024,0.0,0.0,652.1119782741484,0.0,0.0,652111.9782741484,0.0,0.0,6944.082152677267,963.6859589958246,0.8,-2607.734180008388,0.0,0.0
43,audits,node-025,0.0,0.0,0.0,0.0,0.0,0.0,0.0,0.0,6944.082152677267,963.6859589958246,0.8,0.0,0.0,0.0
43,audits,node-026,0.0,0.0,0.0,0.0,0.0,0.0,0.0,0.0,6944.082152677267,963.6859589958246,0.8,0.0,0.0,0.0
43,audits,node-027,0.0,202.19046182765044,202.19046182765044,0.0,202190.46182765043,202190.46182765043,0.0,0.0,6944.082152677267,963.6859589958246,0.8,-1599.6232506113092,0.0,0.0
43,audits,node-028,6.598943406867875,0.0,148.78932544924703,0.012935610524101106,0.0,0.2916649902092001,332.25903001784695,510.137762309169,6944.082152677267,963.6859589958246,0.8,-1982.1576969769042,-26.681809843698375,-332.25903001784695
43,audits,node-029,0.0,0.0,235.3246162569926,0.0,0.0,235324.6162569926,0.0,0.0,6944.082152677267,963.6859589958246,0.8,-1709.0391039268566,0.0,0.0
57,greedy,node-000,0.0,0.0,0.0,0.0,0.0,0.0,0.0,0.0,8305.42124527356,390.3282307436772,0.85,0.0,0.0,0.0
57,greedy,node-001,0.0,0.0,0.0,0.0,0.0,0.0,0.0,0.0,8305.42124527356,390.3282307436772,0.85,0.0,0.0,0.0
57,greedy,node-002,0.0,0.0,0.0,0.0,0.0,0.0,0.0,0.0,8305.42124527356,390.3282307436772,0.85,0.0,0.0,0.0
57,greedy,node-003,0.0,0.0,0.0,0.0,0.0,0.0,0.0,0.0,8305.42124527356,390.3282307436772,0.85,0.0,0.0,0.0
57,greedy,node-004,0.0,0.0,0.0,0.0,0.0,0.0,45.76682594107418,137.30047782322256,8305.42124527356,390.3282307436772,0.85,-126.7330751344409,0.24865535065948308,-45.76682594107418
57,greedy,node-005,0.0,0.0,0.0,0.0,0.0,0.0,0.0,0.0,8305.42124527356,390.3282307436772,0.85,0.0,0.0,0.0
57,greedy,node-006,0.0,0.0,0.0,0.0,0.0,0.0,0.0,0.0,8305.42124527356,390.3282307436772,0.85,0.0,0.0,0.0
57,greedy,node-007,0.0,0.0,0.0,0.0,0.0,0.0,0.0,0.0,8305.42124527356,390.3282307436772,0.85,-16.71351551559224,0.0,0.0
57,greedy,node-008,0.0,0.0,0.0,0.0,0.0,0.0,0.0,0.0,8305.42124527356,390.3282307436772,0.85,-17.141226627199494,0.0,0.0
57,greedy,node-009,0.0,0.0,0.0,0.0,0.0,0.0,0.0,0.0,8305.42124527356,390.3282307436772,0.85,-103.88384249377623,0.0,0.0
57,greedy,node-010,0.0,0.0,0.0,0.0,0.0,0.0,0.0,0.0,8305.42124527356,390.3282307436772,0.85,-4.244234487765954,0.0,0.0
57,greedy,node-011,0.0,0.0,0.0,0.0,0.0,0.0,0.0,0.0,8305.42124527356,390.3282307436772,0.85,0.0,0.0,0.0
57,greedy,node-012,0.0,0.0,0.0,0.0,0.0,0.0,0.0,0.0,8305.42124527356,390.3282307436772,0.85,0.0,0.0,0.0
57,greedy,node-013,0.0,0.0,0.0,0.0,0.0,0.0,0.0,0.0,8305.42124527356,390.3282307436772,0.85,0.0,0.0,0.0
57,greedy,node-014,1.4360133482436073,0.0,1.4360133482436073,1436.0133482436072,0.0,1436.0133482436072,0.0,0.0,8305.42124527356,390.3282307436772,0.85,-34.376549260908874,0.0,0.0
57,greedy,node-015,0.0,0.0,0.0,0.0,0.0,0.0,0.0,0.0,8305.42124527356,390.3282307436772,0.85,0.0,0.0,0.0
57,greedy,node-016,0.0,0.0,0.0,0.0,0.0,0.0,0.0,0.0,8305.42124527356,390.3282307436772,0.85,-31.61309885462074,0.0,0.0
57,greedy,node-017,0.0,0.0,0.0,0.0,0.0,0.0,0.0,0.0,8305.42124527356,390.3282307436772,0.85,0.0,0.0,0.0
57,greedy,node-018,25.264588904043023,0.0,25.264588904043023,25264.588904043023,0.0,25264.588904043023,0.0,0.0,8305.42124527356,390.3282307436772,0.85,-84.64483664669994,0.0,0.0
57,greedy,node-019,5.852654924234885,0.0,5.852654924234885,5852.654924234886,0.0,5852.654924234886,0.0,0.0,8305.42124527356,390.3282307436772,0.85,-36.56871417874963,0.0,0.0
57,greedy,node-020,0.0,0.0,0.0,0.0,0.0,0.0,0.0,0.0,8305.42124527356,390.3282307436772,0.85,0.0,0.0,0.0
57,greedy,node-021,0.0,0.0,0.0,0.0,0.0,0.0,0.0,0.0,8305.42124527356,390.3282307436772,0.85,0.0,0.0,0.0
57,greedy,node-022,0.0,0.0,0.0,0.0,0.0,0.0,0.0,0.0,8305.42124527356,390.3282307436772,0.85,-84.51966442091826,0.0,0.0
57,greedy,node-023,0.0,0.0,0.0,0.0,0.0,0.0,0.0,0.0,8305.42124527356,390.3282307436772,0.85,-54.878600289488546,0.0,0.0
57,greedy,node-024,0.0,0.0,0.0,0.0,0.0,0.0,0.0,0.0,8305.42124527356,390.3282307436772,0.85,0.0,0.0,0.0
57,greedy,node-025,0.0,0.0,0.0,0.0,0.0,0.0,0.0,0.0,8305.42124527356,390.3282307436772,0.85,-73.47202187375164,0.0,0.0
57,greedy,node-026,0.0,0.0,0.0,0.0,0.0,0.0,0.0,0.0,8305.42124527356,390.3282307436772,0.85,0.0,0.0,0.0
57,greedy,node-027,0.0,0.0,0.0,0.0,0.0,0.0,0.0,0.0,8305.42124527356,390.3282307436772,0.85,0.0,0.0,0.0
57,greedy,node-028,0.0,0.0,0.0,0.0,0.0,0.0,84.34258430681815,253.02775292045445,8305.42124527356,390.3282307436772,0.85,-154.00739207247688,-25.30277529204544,-84.34258430681815
57,greedy,node-029,0.0,0.0,0.0,0.0,0.0,0.0,0.0,0.0,8305.42124527356,390.3282307436772,0.85,0.0,0.0,0.0
57,trust_vcg,node-000,0.0,0.0,0.0,0.0,0.0,0.0,0.0,0.0,8183.552748608849,-608.879179686066,0.8125,0.0,0.0,0.0
57,trust_vcg,node-001,0.0,0.0,0.0,0.0,0.0,0.0,0.0,0.0,8183.552748608849,-608.879179686066,0.8125,0.0,0.0,0.0
57,trust_vcg,node-002,0.0,0.0,0.0,0.0,0.0,0.0,0.0,0.0,8183.552748608849,-608.879179686066,0.8125,0.0,0.0,0.0
57,trust_vcg,node-003,0.0,0.0,0.0,0.0,0.0,0.0,0.0,0.0,8183.552748608849,-608.879179686066,0.8125,0.0,0.0,0.0
57,trust_vcg,node-004,822.4188294465896,905.0528406660982,905.0528406660982,822418.8294465896,905052.8406660982,905052.8406660982,-822.4188294465896,-766.5848493675696,8183.552748608849,-608.879179686066,0.8125,-10258.54741974678,92.49434708730735,822.4188294465896
57,trust_vcg,node-005,0.0,0.0,0.0,0.0,0.0,0.0,0.0,0.0,8183.552748608849,-608.879179686066,0.8125,0.0,0.0,0.0
57,trust_vcg,node-006,0.0,0.0,391.15079429924066,0.0,0.0,391150.79429924063,0.0,0.0,8183.552748608849,-608.879179686066,0.8125,-5608.84920570076,0.0,0.0
57,trust_vcg,node-007,0.0,0.0,0.0,0.0,0.0,0.0,0.0,0.0,8183.552748608849,-608.879179686066,0.8125,-4993.760681024404,0.0,0.0
57,trust_vcg,node-008,0.0,0.0,0.0,0.0,0.0,0.0,0.0,0.0,8183.552748608849,-608.879179686066,0.8125,-4438.68183649476,0.0,0.0
57,trust_vcg,node-009,0.0,201.56395133901972,201.56395133901972,0.0,201563.95133901972,201563.95133901972,0.0,0.0,8183.552748608849,-608.879179686066,0.8125,-5563.886315722262,0.0,0.0
57,trust_vcg,node-010,0.0,0.0,0.0,0.0,0.0,0.0,0.0,0.0,8183.552748608849,-608.879179686066,0.8125,0.0,0.0,0.0
57,trust_vcg,node-011,0.0,0.0,0.0,0.0,0.0,0.0,0.0,0.0,8183.552748608849,-608.879179686066,0.8125,0.0,0.0,0.0
57,trust_vcg,node-012,0.0,0.0,0.0,0.0,0.0,0.0,0.0,0.0,8183.552748608849,-608.879179686066,0.8125,0.0,0.0,0.0
57,trust_vcg,node-013,0.0,0.0,0.0,0.0,0.0,0.0,0.0,0.0,8183.552748608849,-608.879179686066,0.8125,0.0,0.0,0.0
57,trust_vcg,node-014,0.0,0.0,0.0,0.0,0.0,0.0,0.0,0.0,8183.552748608849,-608.879179686066,0.8125,-5453.102531107343,0.0,0.0
57,trust_vcg,node-015,0.0,0.0,0.0,0.0,0.0,0.0,0.0,0.0,8183.552748608849,-608.879179686066,0.8125,0.0,0.0,0.0
57,trust_vcg,node-016,0.0,73.38258189853366,414.6743208548454,0.0,73382.58189853365,414674.3208548454,0.0,0.0,8183.552748608849,-608.879179686066,0.8125,-5585.325679145155,0.0,0.0
57,trust_vcg,node-017,0.0,0.0,0.0,0.0,0.0,0.0,0.0,0.0,8183.552748608849,-608.879179686066,0.8125,0.0,0.0,0.0
57,trust_vcg,node-018,0.0,427.6794634029002,427.6794634029002,0.0,427679.46340290015,427679.46340290015,0.0,0.0,8183.552748608849,-608.879179686066,0.8125,-9424.501562176834,0.0,0.0
57,trust_vcg,node-019,247.91569271924203,0.0,411.57742635645,247915.692719242,0.0,411577.42635645,0.0,0.0,8183.552748608849,-608.879179686066,0.8125,-5462.346265860805,0.0,0.0
57,trust_vcg,node-020,0.0,0.0,0.0,0.0,0.0,0.0,0.0,0.0,8183.552748608849,-608.879179686066,0.8125,0.0,0.0,0.0
57,trust_vcg,node-021,0.0,0.0,0.0,0.0,0.0,0.0,0.0,0.0,8183.552748608849,-608.879179686066,0.8125,0.0,0.0,0.0
57,trust_vcg,node-022,0.0,0.0,0.0,0.0,0.0,0.0,0.0,0.0,8183.552748608849,-608.879179686066,0.8125,-6691.872998075711,0.0,0.0
57,trust_vcg,node-023,0.0,0.0,220.1294868586272,0.0,0.0,220129.48685862718,0.0,0.0,8183.552748608849,-608.879179686066,0.8125,-5581.503665075349,0.0,0.0
57,trust_vcg,node-024,0.0,0.0,0.0,0.0,0.0,0.0,0.0,0.0,8183.552748608849,-608.879179686066,0.8125,0.0,0.0,0.0
57,trust_vcg,node-025,0.0,0.0,418.16089247599064,0.0,0.0,418160.89247599064,0.0,0.0,8183.552748608849,-608.879179686066,0.8125,-5581.839107524011,0.0,0.0
57,trust_vcg,node-026,0.0,0.0,0.0,0.0,0.0,0.0,0.0,0.0,8183.552748608849,-608.879179686066,0.8125,0.0,0.0,0.0
57,trust_vcg,node-027,0.0,0.0,0.0,0.0,0.0,0.0,0.0,0.0,8183.552748608849,-608.879179686066,0.8125,0.0,0.0,0.0
57,trust_vcg,node-028,298.0410064998988,10.979498932132714,524.0911479223441,1.889856002652353,0.06962019155244382,3.3232232486046867,-10.979498932132714,157.70566968150362,8183.552748608849,-608.879179686066,0.8125,-10505.97850506361,-25.302775292045453,10.979498932132714
57,trust_vcg,node-029,0.0,0.0,59.69526187307048,0.0,0.0,59695.26187307048,0.0,0.0,8183.552748608849,-608.879179686066,0.8125,-1140.3047381269296,0.0,0.0
57,contingent,node-000,0.0,0.0,0.0,0.0,0.0,0.0,0.0,0.0,8183.552748608849,288.92555776620594,0.8125,0.0,0.0,0.0
57,contingent,node-001,0.0,0.0,0.0,0.0,0.0,0.0,0.0,0.0,8183.552748608849,288.92555776620594,0.8125,0.0,0.0,0.0
57,contingent,node-002,0.0,0.0,0.0,0.0,0.0,0.0,0.0,0.0,8183.552748608849,288.92555776620594,0.8125,0.0,0.0,0.0
57,contingent,node-003,0.0,0.0,0.0,0.0,0.0,0.0,0.0,0.0,8183.552748608849,288.92555776620594,0.8125,0.0,0.0,0.0
57,contingent,node-004,0.5724193408702742,34.611270841290214,34.611270841290214,0.010358363629695751,0.6263172878032071,0.6263172878032071,-0.5724193408702742,55.26156073814986,8183.552748608849,288.92555776620594,0.8125,-323.2925774325966,0.7880202789793884,0.5724193408702742
57,contingent,node-005,0.0,0.0,0.0,0.0,0.0,0.0,0.0,0.0,8183.552748608849,288.92555776620594,0.8125,0.0,0.0,0.0
57,contingent,node-006,0.0,0.0,0.0,0.0,0.0,0.0,0.0,0.0,8183.552748608849,288.92555776620594,0.8125,-435.39682280303725,0.0,0.0
57,contingent,node-007,0.0,0.0,0.0,0.0,0.0,0.0,0.0,0.0,8183.552748608849,288.92555776620594,0.8125,-175.0427240976178,0.0,0.0
57,contingent,node-008,0.0,0.0,0.0,0.0,0.0,0.0,0.0,0.0,8183.552748608849,288.92555776620594,0.8125,-154.72734597903946,0.0,0.0
57,contingent,node-009,0.0,51.563951339019695,51.563951339019695,0.0,51563.951339019695,51563.951339019695,0.0,0.0,8183.552748608849,288.92555776620594,0.8125,-255.54526288904756,0.0,0.0
57,contingent,node-010,0.0,0.0,0.0,0.0,0.0,0.0,0.0,0.0,8183.552748608849,288.92555776620594,0.8125,0.0,0.0,0.0
57,contingent,node-011,0.0,0.0,0.0,0.0,0.0,0.0,0.0,0.0,8183.552748608849,288.92555776620594,0.8125,0.0,0.0,0.0
57,contingent,node-012,0.0,0.0,0.0,0.0,0.0,0.0,0.0,0.0,8183.552748608849,288.92555776620594,0.8125,0.0,0.0,0.0
57,contingent,node-013,0.0,0.0,0.0,0.0,0.0,0.0,0.0,0.0,8183.552748608849,288.92555776620594,0.8125,0.0,0.0,0.0
57,contingent,node-014,0.0,0.0,0.0,0.0,0.0,0.0,0.0,0.0,8183.552748608849,288.92555776620594,0.8125,-137.5061970436355,0.0,0.0
57,contingent,node-015,0.0,0.0,0.0,0.0,0.0,0.0,0.0,0.0,8183.552748608849,288.92555776620594,0.8125,0.0,0.0,0.0
57,contingent,node-016,0.0,23.38258189853365,23.38258189853365,0.0,23382.581898533652,23382.581898533652,0.0,0.0,8183.552748608849,288.92555776620594,0.8125,-341.30271658061827,0.0,0.0
57,contingent,node-017,0.0,0.0,0.0,0.0,0.0,0.0,0.0,0.0,8183.552748608849,288.92555776620594,0.8125,0.0,0.0,0.0
57,contingent,node-018,0.0,77.67946340290021,77.67946340290021,0.0,77679.4634029002,77679.4634029002,0.0,0.0,8183.552748608849,288.92555776620594,0.8125,-298.00624870733384,0.0,0.0
57,contingent,node-019,0.0,0.0,12.636071991653129,0.0,0.0,12636.071991653129,0.0,0.0,8183.552748608849,288.92555776620594,0.8125,-135.11013506337085,0.0,0.0
57,contingent,node-020,0.0,0.0,0.0,0.0,0.0,0.0,0.0,0.0,8183.552748608849,288.92555776620594,0.8125,0.0,0.0,0.0
57,contingent,node-021,0.0,0.0,0.0,0.0,0.0,0.0,0.0,0.0,8183.552748608849,288.92555776620594,0.8125,0.0,0.0,0.0
57,contingent,node-022,0.0,0.0,0.0,0.0,0.0,0.0,0.0,0.0,8183.552748608849,288.92555776620594,0.8125,-367.4919923028446,0.0,0.0
57,contingent,node-023,0.0,0.0,20.12948685862719,0.0,0.0,20129.486858627188,0.0,0.0,8183.552748608849,288.92555776620594,0.8125,-326.0146603013985,0.0,0.0
57,contingent,node-024,0.0,0.0,0.0,0.0,0.0,0.0,0.0,0.0,8183.552748608849,288.92555776620594,0.8125,0.0,0.0,0.0
57,contingent,node-025,0.0,0.0,16.10259565030564,0.0,0.0,16102.59565030564,0.0,0.0,8183.552748608849,288.92555776620594,0.8125,-327.3564300960374,0.0,0.0
57,contingent,node-026,0.0,0.0,0.0,0.0,0.0,0.0,0.0,0.0,8183.552748608849,288.92555776620594,0.8125,0.0,0.0,0.0
57,contingent,node-027,0.0,0.0,0.0,0.0,0.0,0.0,0.0,0.0,8183.552748608849,288.92555776620594,0.8125,0.0,0.0,0.0
57,contingent,node-028,58.41599925701402,0.0,98.13282057579157,0.2500000000000001,0.0,0.41997407313035384,64.97882841441974,233.663997028056,8183.552748608849,288.92555776620594,0.8125,-332.8108443973879,-23.366399702805595,-64.97882841441974
57,contingent,node-029,0.0,0.0,0.0,0.0,0.0,0.0,0.0,0.0,8183.552748608849,288.92555776620594,0.8125,-161.21895250771811,0.0,0.0
57,capped,node-000,0.0,0.0,0.0,0.0,0.0,0.0,0.0,0.0,8183.552748608849,336.77872303898477,0.8125,0.0,0.0,0.0
57,capped,node-001,0.0,0.0,0.0,0.0,0.0,0.0,0.0,0.0,8183.552748608849,336.77872303898477,0.8125,0.0,0.0,0.0
57,capped,node-002,0.0,0.0,0.0,0.0,0.0,0.0,0.0,0.0,8183.552748608849,336.77872303898477,0.8125,0.0,0.0,0.0
57,capped,node-003,0.0,0.0,0.0,0.0,0.0,0.0,0.0,0.0,8183.552748608849,336.77872303898477,0.8125,0.0,0.0,0.0
57,capped,node-004,4.939065223224993,101.03179117370121,101.03179117370121,0.05897322999643926,1.2063357717613776,1.2063357717613776,27.91699003951007,83.7509701185302,8183.552748608849,336.77872303898477,0.8125,-108.88323923287679,-2.0609206590586453,-27.91699003951007
57,capped,node-005,0.0,0.0,0.0,0.0,0.0,0.0,0.0,0.0,8183.552748608849,336.77872303898477,0.8125,0.0,0.0,0.0
57,capped,node-006,0.0,0.0,0.0,0.0,0.0,0.0,0.0,0.0,8183.552748608849,336.77872303898477,0.8125,-108.84920570075931,0.0,0.0
57,capped,node-007,0.0,0.0,0.0,0.0,0.0,0.0,0.0,0.0,8183.552748608849,336.77872303898477,0.8125,-43.76068102440445,0.0,0.0
57,capped,node-008,0.0,0.0,0.0,0.0,0.0,0.0,0.0,0.0,8183.552748608849,336.77872303898477,0.8125,-38.68183649475987,0.0,0.0
57,capped,node-009,0.0,51.563951339019695,51.563951339019695,0.0,51563.951339019695,51563.951339019695,0.0,0.0,8183.552748608849,336.77872303898477,0.8125,-63.8863157222619,0.0,0.0
57,capped,node-010,0.0,0.0,0.0,0.0,0.0,0.0,0.0,0.0,8183.552748608849,336.77872303898477,0.8125,0.0,0.0,0.0
57,capped,node-011,0.0,0.0,0.0,0.0,0.0,0.0,0.0,0.0,8183.552748608849,336.77872303898477,0.8125,0.0,0.0,0.0
57,capped,node-012,0.0,0.0,0.0,0.0,0.0,0.0,0.0,0.0,8183.552748608849,336.77872303898477,0.8125,0.0,0.0,0.0
57,capped,node-013,0.0,0.0,0.0,0.0,0.0,0.0,0.0,0.0,8183.552748608849,336.77872303898477,0.8125,0.0,0.0,0.0
57,capped,node-014,0.0,0.0,14.199334554482801,0.0,0.0,14199.3345544828,0.0,0.0,8183.552748608849,336.77872303898477,0.8125,-34.376549260908874,0.0,0.0
57,capped,node-015,0.0,0.0,0.0,0.0,0.0,0.0,0.0,0.0,8183.552748608849,336.77872303898477,0.8125,0.0,0.0,0.0
57,capped,node-016,0.0,23.38258189853365,23.38258189853365,0.0,23382.581898533652,23382.581898533652,0.0,0.0,8183.552748608849,336.77872303898477,0.8125,-85.32567914515457,0.0,0.0
57,capped,node-017,0.0,0.0,0.0,0.0,0.0,0.0,0.0,0.0,8183.552748608849,336.77872303898477,0.8125,0.0,0.0,0.0
57,capped,node-018,14.901835423650393,77.67946340290021,77.67946340290021,14901.835423650393,77679.4634029002,77679.4634029002,0.0,0.0,8183.552748608849,336.77872303898477,0.8125,-74.50156217683347,0.0,0.0
57,capped,node-019,0.0,0.0,12.636071991653129,0.0,0.0,12636.071991653129,0.0,0.0,8183.552748608849,336.77872303898477,0.8125,-33.777533765842705,0.0,0.0
57,capped,node-020,0.0,0.0,0.0,0.0,0.0,0.0,0.0,0.0,8183.552748608849,336.77872303898477,0.8125,0.0,0.0,0.0
57,capped,node-021,0.0,0.0,0.0,0.0,0.0,0.0,0.0,0.0,8183.552748608849,336.77872303898477,0.8125,0.0,0.0,0.0
57,capped,node-022,0.0,0.0,0.0,0.0,0.0,0.0,0.0,0.0,8183.552748608849,336.77872303898477,0.8125,-91.87299807571117,0.0,0.0
57,capped,node-023,0.0,0.0,20.12948685862719,0.0,0.0,20129.486858627188,0.0,0.0,8183.552748608849,336.77872303898477,0.8125,-81.50366507534963,0.0,0.0
57,capped,node-024,0.0,0.0,0.0,0.0,0.0,0.0,0.0,0.0,8183.552748608849,336.77872303898477,0.8125,0.0,0.0,0.0
57,capped,node-025,0.0,0.0,16.10259565030564,0.0,0.0,16102.59565030564,0.0,0.0,8183.552748608849,336.77872303898477,0.8125,-81.83910752400936,0.0,0.0
57,capped,node-026,0.0,0.0,0.0,0.0,0.0,0.0,0.0,0.0,8183.552748608849,336.77872303898477,0.8125,0.0,0.0,0.0
57,capped,node-027,0.0,0.0,0.0,0.0,0.0,0.0,0.0,0.0,8183.552748608849,336.77872303898477,0.8125,0.0,0.0,0.0
57,capped,node-028,63.25693823011365,0.0,78.76906468339315,0.25000000000000017,0.0,0.31130602779433514,84.34258430681815,253.02775292045445,8183.552748608849,336.77872303898477,0.8125,-151.3005883025602,-25.30277529204544,-84.34258430681815
57,capped,node-029,0.0,0.0,0.0,0.0,0.0,0.0,0.0,0.0,8183.552748608849,336.77872303898477,0.8125,-40.30473812692952,0.0,0.0
57,proper_scoring,node-000,0.0,0.0,0.0,0.0,0.0,0.0,0.0,0.0,8183.552748608849,927.3776880613973,0.8125,0.0,0.0,0.0
57,proper_scoring,node-001,0.0,0.0,0.0,0.0,0.0,0.0,0.0,0.0,8183.552748608849,927.3776880613973,0.8125,0.0,0.0,0.0
57,proper_scoring,node-002,0.0,0.0,0.0,0.0,0.0,0.0,0.0,0.0,8183.552748608849,927.3776880613973,0.8125,0.0,0.0,0.0
57,proper_scoring,node-003,0.0,0.0,0.0,0.0,0.0,0.0,0.0,0.0,8183.552748608849,927.3776880613973,0.8125,0.0,0.0,0.0
57,proper_scoring,node-004,152.5548371728753,495.5007353485579,529.6694083791045,0.6242727362322982,2.0276485858696813,2.167470904201248,188.53811615186203,244.37209623088216,8183.552748608849,927.3776880613973,0.8125,-512.403112925329,95.34328802534554,-188.53811615186203
57,proper_scoring,node-005,0.0,0.0,0.0,0.0,0.0,0.0,0.0,0.0,8183.552748608849,927.3776880613973,0.8125,0.0,0.0,0.0
57,proper_scoring,node-006,0.0,0.0,391.15079429924066,0.0,0.0,391150.79429924063,0.0,0.0,8183.552748608849,927.3776880613973,0.8125,-419.17588594188555,0.0,0.0
57,proper_scoring,node-007,0.0,0.0,275.3579712945402,0.0,0.0,275357.9712945402,0.0,0.0,8183.552748608849,927.3776880613973,0.8125,-175.0427240976178,0.0,0.0
57,proper_scoring,node-008,0.0,0.0,231.89367307908952,0.0,0.0,231893.67307908952,0.0,0.0,8183.552748608849,927.3776880613973,0.8125,-154.72734597903946,0.0,0.0
57,proper_scoring,node-009,244.0213982463469,201.56395133901972,404.0804612015108,244021.3982463469,201563.95133901972,404080.4612015108,0.0,0.0,8183.552748608849,927.3776880613973,0.8125,-255.54526288904756,0.0,0.0
57,proper_scoring,node-010,0.0,0.0,0.0,0.0,0.0,0.0,0.0,0.0,8183.552748608849,927.3776880613973,0.8125,0.0,0.0,0.0
57,proper_scoring,node-011,0.0,0.0,0.0,0.0,0.0,0.0,0.0,0.0,8183.552748608849,927.3776880613973,0.8125,0.0,0.0,0.0
57,proper_scoring,node-012,0.0,0.0,0.0,0.0,0.0,0.0,0.0,0.0,8183.552748608849,927.3776880613973,0.8125,0.0,0.0,0.0
57,proper_scoring,node-013,0.0,0.0,0.0,0.0,0.0,0.0,0.0,0.0,8183.552748608849,927.3776880613973,0.8125,0.0,0.0,0.0
57,proper_scoring,node-014,182.09608042907738,0.0,220.5138791454566,182096.08042907738,0.0,220513.8791454566,0.0,0.0,8183.552748608849,927.3776880613973,0.8125,-137.5061970436355,0.0,0.0
57,proper_scoring,node-015,0.0,0.0,0.0,0.0,0.0,0.0,0.0,0.0,8183.552748608849,927.3776880613973,0.8125,0.0,0.0,0.0
57,proper_scoring,node-016,0.0,73.38258189853366,414.6743208548454,0.0,73382.58189853365,414674.3208548454,0.0,0.0,8183.552748608849,927.3776880613973,0.8125,-341.30271658061827,0.0,0.0
57,proper_scoring,node-017,0.0,0.0,0.0,0.0,0.0,0.0,0.0,0.0,8183.552748608849,927.3776880613973,0.8125,0.0,0.0,0.0
57,proper_scoring,node-018,480.0000712688094,427.6794634029002,714.1062591623659,480000.0712688094,427679.46340290015,714106.2591623658,0.0,0.0,8183.552748608849,927.3776880613973,0.8125,-298.00624870733384,0.0,0.0
57,proper_scoring,node-019,247.91569271924203,0.0,411.57742635645,247915.692719242,0.0,411577.42635645,0.0,0.0,8183.552748608849,927.3776880613973,0.8125,-135.11013506337085,0.0,0.0
57,proper_scoring,node-020,0.0,0.0,0.0,0.0,0.0,0.0,0.0,0.0,8183.552748608849,927.3776880613973,0.8125,0.0,0.0,0.0
57,proper_scoring,node-021,0.0,0.0,0.0,0.0,0.0,0.0,0.0,0.0,8183.552748608849,927.3776880613973,0.8125,0.0,0.0,0.0
57,proper_scoring,node-022,0.0,0.0,437.91865462085315,0.0,0.0,437918.65462085314,0.0,0.0,8183.552748608849,927.3776880613973,0.8125,-367.4919923028446,0.0,0.0
57,proper_scoring,node-023,0.0,0.0,347.8867325972148,0.0,0.0,347886.7325972148,0.0,0.0,8183.552748608849,927.3776880613973,0.8125,-326.0146603013985,0.0,0.0
57,proper_scoring,node-024,0.0,0.0,0.0,0.0,0.0,0.0,0.0,0.0,8183.552748608849,927.3776880613973,0.8125,0.0,0.0,0.0
57,proper_scoring,node-025,0.0,0.0,418.16089247599064,0.0,0.0,418160.89247599064,0.0,0.0,8183.552748608849,927.3776880613973,0.8125,-326.6106986647979,0.0,0.0
57,proper_scoring,node-026,0.0,0.0,0.0,0.0,0.0,0.0,0.0,0.0,8183.552748608849,927.3776880613973,0.8125,0.0,0.0,0.0
57,proper_scoring,node-027,0.0,0.0,0.0,0.0,0.0,0.0,0.0,0.0,8183.552748608849,927.3776880613973,0.8125,0.0,0.0,0.0
57,proper_scoring,node-028,307.7228844460981,0.6584051975409011,309.03969484117977,0.4505422622110218,0.0009639821480470125,0.4524702265071156,514.3204232168788,683.0055918305152,8183.552748608849,927.3776880613973,0.8125,-782.1524391998469,-23.366399702805666,-514.3204232168788
57,proper_scoring,node-029,0.0,0.0,59.69526187307048,0.0,0.0,59695.26187307048,0.0,0.0,8183.552748608849,927.3776880613973,0.8125,-140.30473812692952,0.0,0.0
57,audits,node-000,0.0,0.0,0.0,0.0,0.0,0.0,0.0,0.0,8183.552748608849,891.120820313934,0.8125,0.0,0.0,0.0
57,audits,node-001,0.0,0.0,0.0,0.0,0.0,0.0,0.0,0.0,8183.552748608849,891.120820313934,0.8125,0.0,0.0,0.0
57,audits,node-002,0.0,0.0,0.0,0.0,0.0,0.0,0.0,0.0,8183.552748608849,891.120820313934,0.8125,0.0,0.0,0.0
57,audits,node-003,0.0,0.0,0.0,0.0,0.0,0.0,0.0,0.0,8183.552748608849,891.120820313934,0.8125,0.0,0.0,0.0
57,audits,node-004,138.3101324826851,401.36761065980096,411.80880126214976,0.5925499356315923,1.7195439523625993,1.7642762269131531,177.58117055341035,233.41515063243048,8183.552748608849,891.120820313934,0.8125,-2258.5474197467775,92.49434708730752,-177.58117055341035
57,audits,node-005,0.0,0.0,0.0,0.0,0.0,0.0,0.0,0.0,8183.552748608849,891.120820313934,0.8125,0.0,0.0,0.0
57,audits,node-006,0.0,0.0,391.15079429924066,0.0,0.0,391150.79429924063,0.0,0.0,8183.552748608849,891.120820313934,0.8125,-1108.849205700759,0.0,0.0
57,audits,node-007,0.0,0.0,206.23931897559552,0.0,0.0,206239.31897559552,0.0,0.0,8183.552748608849,891.120820313934,0.8125,-493.76068102440445,0.0,0.0
57,audits,node-008,0.0,0.0,161.31816350524016,0.0,0.0,161318.16350524017,0.0,0.0,8183.552748608849,891.120820313934,0.8125,-438.68183649475986,0.0,0.0
57,audits,node-009,218.68858446460294,201.56395133901972,379.49493709786725,218688.58446460293,201563.95133901972,379494.93709786725,0.0,0.0,8183.552748608849,891.120820313934,0.8125,-1063.8863157222618,0.0,0.0
57,audits,node-010,0.0,0.0,0.0,0.0,0.0,0.0,0.0,0.0,8183.552748608849,891.120820313934,0.8125,0.0,0.0,0.0
57,audits,node-011,0.0,0.0,0.0,0.0,0.0,0.0,0.0,0.0,8183.552748608849,891.120820313934,0.8125,0.0,0.0,0.0
57,audits,node-012,0.0,0.0,0.0,0.0,0.0,0.0,0.0,0.0,8183.552748608849,891.120820313934,0.8125,0.0,0.0,0.0
57,audits,node-013,0.0,0.0,0.0,0.0,0.0,0.0,0.0,0.0,8183.552748608849,891.120820313934,0.8125,0.0,0.0,0.0
57,audits,node-014,182.09608042907738,0.0,193.24617216874023,182096.08042907738,0.0,193246.17216874022,0.0,0.0,8183.552748608849,891.120820313934,0.8125,-953.1025311073429,0.0,0.0
57,audits,node-015,0.0,0.0,0.0,0.0,0.0,0.0,0.0,0.0,8183.552748608849,891.120820313934,0.8125,0.0,0.0,0.0
57,audits,node-016,0.0,73.38258189853366,414.6743208548454,0.0,73382.58189853365,414674.3208548454,0.0,0.0,8183.552748608849,891.120820313934,0.8125,-1085.3256791451545,0.0,0.0
57,audits,node-017,0.0,0.0,0.0,0.0,0.0,0.0,0.0,0.0,8183.552748608849,891.120820313934,0.8125,0.0,0.0,0.0
57,audits,node-018,447.8232405444461,427.6794634029002,675.4984378231666,447823.2405444461,427679.46340290015,675498.4378231666,0.0,0.0,8183.552748608849,891.120820313934,0.8125,-1424.5015621768334,0.0,0.0
57,audits,node-019,247.91569271924203,0.0,411.57742635645,247915.692719242,0.0,411577.42635645,0.0,0.0,8183.552748608849,891.120820313934,0.8125,-462.346265860806,0.0,0.0
57,audits,node-020,0.0,0.0,0.0,0.0,0.0,0.0,0.0,0.0,8183.552748608849,891.120820313934,0.8125,0.0,0.0,0.0
57,audits,node-021,0.0,0.0,0.0,0.0,0.0,0.0,0.0,0.0,8183.552748608849,891.120820313934,0.8125,0.0,0.0,0.0
57,audits,node-022,0.0,0.0,408.1270019242888,0.0,0.0,408127.00192428875,0.0,0.0,8183.552748608849,891.120820313934,0.8125,-1191.8729980757114,0.0,0.0
57,audits,node-023,0.0,0.0,318.49633492465034,0.0,0.0,318496.3349246503,0.0,0.0,8183.552748608849,891.120820313934,0.8125,-1081.5036650753495,0.0,0.0
57,audits,node-024,0.0,0.0,0.0,0.0,0.0,0.0,0.0,0.0,8183.552748608849,891.120820313934,0.8125,0.0,0.0,0.0
57,audits,node-025,0.0,0.0,418.16089247599064,0.0,0.0,418160.89247599064,0.0,0.0,8183.552748608849,891.120820313934,0.8125,-1081.8391075240093,0.0,0.0
57,audits,node-026,0.0,0.0,0.0,0.0,0.0,0.0,0.0,0.0,8183.552748608849,891.120820313934,0.8125,0.0,0.0,0.0
57,audits,node-027,0.0,0.0,0.0,0.0,0.0,0.0,0.0,0.0,8183.552748608849,891.120820313934,0.8125,0.0,0.0,0.0
57,audits,node-028,298.0410064998988,0.0,298.0410064998988,0.45315255780633035,0.0,0.45315255780633035,489.0205010678674,657.7056696815037,8183.552748608849,891.120820313934,0.8125,-2005.9785050636092,-25.302775292045453,-489.0205010678674
57,audits,node-029,0.0,0.0,59.69526187307048,0.0,0.0,59695.26187307048,0.0,0.0,8183.552748608849,891.120820313934,0.8125,-140.30473812692952,0.0,0.0
48,greedy,node-000,0.0,0.0,0.0,0.0,0.0,0.0,0.0,0.0,8436.759431435734,319.8969077282694,0.9,0.0,0.0,0.0
48,greedy,node-001,0.0,0.0,0.0,0.0,0.0,0.0,0.0,0.0,8436.759431435734,319.8969077282694,0.9,0.0,0.0,0.0
48,greedy,node-002,0.0,0.0,0.0,0.0,0.0,0.0,0.0,0.0,8436.759431435734,319.8969077282694,0.9,-10.140605497843566,0.0,0.0
48,greedy,node-003,0.0,0.0,0.0,0.0,0.0,0.0,0.0,0.0,8436.759431435734,319.8969077282694,0.9,0.0,0.0,0.0
48,greedy,node-004,11.518557030789879,0.0,11.518557030789879,11518.557030789878,0.0,11518.557030789878,0.0,0.0,8436.759431435734,319.8969077282694,0.9,-59.63919916090789,0.0,0.0
48,greedy,node-005,0.0,0.0,0.0,0.0,0.0,0.0,0.0,0.0,8436.759431435734,319.8969077282694,0.9,-53.539802567040546,0.0,0.0
48,greedy,node-006,0.0,0.0,0.0,0.0,0.0,0.0,0.0,0.0,8436.759431435734,319.8969077282694,0.9,0.0,0.0,0.0
48,greedy,node-007,0.0,0.0,0.0,0.0,0.0,0.0,0.0,0.0,8436.759431435734,319.8969077282694,0.9,0.0,0.0,0.0
48,greedy,node-008,0.0,0.0,0.0,0.0,0.0,0.0,0.0,0.0,8436.759431435734,319.8969077282694,0.9,0.0,0.0,0.0
48,greedy,node-009,0.0,0.0,0.0,0.0,0.0,0.0,0.0,0.0,8436.759431435734,319.8969077282694,0.9,0.0,0.0,0.0
48,greedy,node-010,0.0,0.0,0.0,0.0,0.0,0.0,0.0,0.0,8436.759431435734,319.8969077282694,0.9,0.0,0.0,0.0
48,greedy,node-011,13.42119729538679,0.0,13.42119729538679,13421.19729538679,0.0,13421.19729538679,0.0,0.0,8436.759431435734,319.8969077282694,0.9,-47.469374412331554,0.0,0.0
48,greedy,node-012,19.692292293686418,0.0,19.692292293686418,19692.292293686416,0.0,19692.292293686416,0.0,0.0,8436.759431435734,319.8969077282694,0.9,-67.55786852398374,27.74240170498762,0.0
48,greedy,node-013,19.854390428324848,0.0,19.854390428324848,19854.39042832485,0.0,19854.39042832485,0.0,0.0,8436.759431435734,319.8969077282694,0.9,-55.385437756528354,17.749255564538394,0.0
48,greedy,node-014,0.0,0.0,0.0,0.0,0.0,0.0,0.0,0.0,8436.759431435734,319.8969077282694,0.9,0.0,0.0,0.0
48,greedy,node-015,0.0,0.0,0.0,0.0,0.0,0.0,0.0,0.0,8436.759431435734,319.8969077282694,0.9,0.0,0.0,0.0
48,greedy,node-016,0.0,0.0,0.0,0.0,0.0,0.0,0.0,0.0,8436.759431435734,319.8969077282694,0.9,0.0,0.0,0.0
48,greedy,node-017,13.767442463947262,0.0,13.767442463947262,13767.442463947262,0.0,13767.442463947262,0.0,0.0,8436.759431435734,319.8969077282694,0.9,-48.18172279549277,0.0,0.0
48,greedy,node-018,0.0,0.0,0.0,0.0,0.0,0.0,0.0,0.0,8436.759431435734,319.8969077282694,0.9,-49.769780425023214,0.0,0.0
48,greedy,node-019,0.0,0.0,0.0,0.0,0.0,0.0,0.0,0.0,8436.759431435734,319.8969077282694,0.9,0.0,0.0,0.0
48,greedy,node-020,0.0,0.0,0.0,0.0,0.0,0.0,63.55932523952277,190.6779757185683,8436.759431435734,319.8969077282694,0.9,-123.68163596431509,-19.06779757185683,-63.55932523952277
48,greedy,node-021,0.0,0.0,0.0,0.0,0.0,0.0,0.0,0.0,8436.759431435734,319.8969077282694,0.9,0.0,0.0,0.0
48,greedy,node-022,0.0,0.0,0.0,0.0,0.0,0.0,0.0,0.0,8436.759431435734,319.8969077282694,0.9,0.0,0.0,0.0
48,greedy,node-023,0.0,0.0,0.0,0.0,0.0,0.0,0.0,0.0,8436.759431435734,319.8969077282694,0.9,0.0,0.0,0.0
48,greedy,node-024,0.0,0.0,0.0,0.0,0.0,0.0,0.0,0.0,8436.759431435734,319.8969077282694,0.9,0.0,0.0,0.0
48,greedy,node-025,0.0,0.0,0.0,0.0,0.0,0.0,0.0,0.0,8436.759431435734,319.8969077282694,0.9,0.0,0.0,0.0
48,greedy,node-026,0.0,0.0,0.0,0.0,0.0,0.0,0.0,0.0,8436.759431435734,319.8969077282694,0.9,0.0,0.0,0.0
48,greedy,node-027,0.0,0.0,0.0,0.0,0.0,0.0,0.0,0.0,8436.759431435734,319.8969077282694,0.9,0.0,0.0,0.0
48,greedy,node-028,0.0,0.0,0.0,0.0,0.0,0.0,43.07297733656702,129.21893200970106,8436.759431435734,319.8969077282694,0.9,-86.37308406765035,-12.9218932009701,-43.07297733656702
48,greedy,node-029,0.0,0.0,0.0,0.0,0.0,0.0,0.0,0.0,8436.759431435734,319.8969077282694,0.9,0.0,0.0,0.0
48,trust_vcg,node-000,0.0,0.0,0.0,0.0,0.0,0.0,0.0,0.0,8699.248355986789,795.1194483328999,0.95,0.0,0.0,0.0
48,trust_vcg,node-001,0.0,0.0,0.0,0.0,0.0,0.0,0.0,0.0,8699.248355986789,795.1194483328999,0.95,0.0,0.0,0.0
48,trust_vcg,node-002,0.0,0.0,585.6725991633062,0.0,0.0,585672.5991633062,0.0,0.0,8699.248355986789,795.1194483328999,0.95,-7814.327400836694,0.0,0.0
48,trust_vcg,node-003,0.0,0.0,132.52333149750166,0.0,0.0,132523.33149750167,0.0,0.0,8699.248355986789,795.1194483328999,0.95,-2267.476668502499,0.0,0.0
48,trust_vcg,node-004,45.42685761947972,19.27839832181587,45.42685761947972,45426.85761947972,19278.398321815872,45426.85761947972,0.0,0.0,8699.248355986789,795.1194483328999,0.95,-5559.639199160908,0.0,0.0
48,trust_vcg,node-005,537.2702084618412,0.0,537.2906954452483,537270.2084618412,0.0,537290.6954452483,0.0,0.0,8699.248355986789,795.1194483328999,0.95,-5574.5813908904975,68.58733922154477,0.0
48,trust_vcg,node-006,0.0,0.0,0.0,0.0,0.0,0.0,0.0,0.0,8699.248355986789,795.1194483328999,0.95,0.0,0.0,0.0
48,trust_vcg,node-007,0.0,0.0,42.12662972836082,0.0,0.0,42126.629728360815,0.0,0.0,8699.248355986789,795.1194483328999,0.95,-557.8733702716391,0.0,0.0
48,trust_vcg,node-008,0.0,0.0,0.0,0.0,0.0,0.0,0.0,0.0,8699.248355986789,795.1194483328999,0.95,0.0,0.0,0.0
48,trust_vcg,node-009,0.0,0.0,0.0,0.0,0.0,0.0,0.0,0.0,8699.248355986789,795.1194483328999,0.95,0.0,0.0,0.0
48,trust_vcg,node-010,0.0,0.0,0.0,0.0,0.0,0.0,0.0,0.0,8699.248355986789,795.1194483328999,0.95,0.0,0.0,0.0
48,trust_vcg,node-011,0.0,0.0,54.8860107290336,0.0,0.0,54886.0107290336,0.0,0.0,8699.248355986789,795.1194483328999,0.95,-5516.007972720701,0.0,0.0
48,trust_vcg,node-012,46.15242415724572,0.5969410891604099,190.53054584424584,46152.42415724572,596.9410891604099,190530.54584424582,0.0,0.0,8699.248355986789,795.1194483328999,0.95,-8309.14817921055,0.0,0.0
48,trust_vcg,node-013,0.0,0.2612104753305857,21.42237852166818,0.0,0.0003139354975997591,0.02574646002408165,610.5096650377262,832.0514160638398,8699.248355986789,795.1194483328999,0.95,-8378.577621478333,-33.23126265391704,-610.5096650377262
48,trust_vcg,node-014,0.0,0.0,0.0,0.0,0.0,0.0,0.0,0.0,8699.248355986789,795.1194483328999,0.95,0.0,0.0,0.0
48,trust_vcg,node-015,0.0,0.0,0.0,0.0,0.0,0.0,0.0,0.0,8699.248355986789,795.1194483328999,0.95,0.0,0.0,0.0
48,trust_vcg,node-016,0.0,0.0,218.30801485856676,0.0,0.0,218308.01485856675,0.0,0.0,8699.248355986789,795.1194483328999,0.95,-3889.18463258165,0.0,0.0
48,trust_vcg,node-017,0.0,205.0697698557891,205.0697698557891,0.0,205069.7698557891,205069.7698557891,0.0,0.0,8699.248355986789,795.1194483328999,0.95,-5572.757909216591,0.0,0.0
48,trust_vcg,node-018,607.4330683335713,0.0,701.4769436645529,607433.0683335713,0.0,701476.9436645529,0.0,0.0,8699.248355986789,795.1194483328999,0.95,-8898.523056335447,168.82934303921957,0.0
48,trust_vcg,node-019,0.0,0.0,0.0,0.0,0.0,0.0,0.0,0.0,8699.248355986789,795.1194483328999,0.95,0.0,0.0,0.0
48,trust_vcg,node-020,0.0,0.0,187.1036526150968,0.0,0.0,187103.6526150968,-78.16589730595021,-36.93196773093975,8699.248355986789,795.1194483328999,0.95,-10981.956413418842,-6.1850894362515305,78.16589730595021
48,trust_vcg,node-021,0.0,0.0,168.53330322990027,0.0,0.0,168533.30322990025,0.0,0.0,8699.248355986789,795.1194483328999,0.95,-2231.4666967700996,0.0,0.0
48,trust_vcg,node-022,0.0,0.0,0.0,0.0,0.0,0.0,0.0,0.0,8699.248355986789,795.1194483328999,0.95,0.0,0.0,0.0
48,trust_vcg,node-023,0.0,0.0,381.9729999989175,0.0,0.0,381972.99999891745,0.0,0.0,8699.248355986789,795.1194483328999,0.95,-5618.027000001082,0.0,0.0
48,trust_vcg,node-024,0.0,0.0,0.0,0.0,0.0,0.0,0.0,0.0,8699.248355986789,795.1194483328999,0.95,0.0,0.0,0.0
48,trust_vcg,node-025,412.6588154589448,0.0,816.1748487560156,412658.81545894477,0.0,816174.8487560156,0.0,0.0,8699.248355986789,795.1194483328999,0.95,-10583.825151243986,0.0,0.0
48,trust_vcg,node-026,0.0,0.0,0.0,0.0,0.0,0.0,0.0,0.0,8699.248355986789,795.1194483328999,0.95,0.0,0.0,0.0
48,trust_vcg,node-027,0.0,0.0,0.0,0.0,0.0,0.0,0.0,0.0,8699.248355986789,795.1194483328999,0.95,0.0,0.0,0.0
48,trust_vcg,node-028,0.0,254.85288078722175,254.85288078722175,0.0,254852.88078722174,254852.88078722174,0.0,0.0,8699.248355986789,795.1194483328999,0.95,-5558.238128235182,0.0,0.0
48,trust_vcg,node-029,0.0,0.0,0.0,0.0,0.0,0.0,0.0,0.0,8699.248355986789,795.1194483328999,0.95,0.0,0.0,0.0
48,contingent,node-000,0.0,0.0,0.0,0.0,0.0,0.0,0.0,0.0,8699.248355986789,387.77593354273085,0.95,0.0,0.0,0.0
48,contingent,node-001,0.0,0.0,0.0,0.0,0.0,0.0,0.0,0.0,8699.248355986789,387.77593354273085,0.95,0.0,0.0,0.0
48,contingent,node-002,0.0,0.0,2.6618161439380614,0.0,0.0,2661.8161439380615,0.0,0.0,8699.248355986789,387.77593354273085,0.95,-457.3096033467749,0.0,0.0
48,contingent,node-003,0.0,0.0,0.0,0.0,0.0,0.0,0.0,0.0,8699.248355986789,387.77593354273085,0.95,-269.90667400999337,0.0,0.0
48,contingent,node-004,0.0,94.1766019080171,94.1766019080171,0.0,94176.60190801711,94176.60190801711,0.0,0.0,8699.248355986789,387.77593354273085,0.95,-238.55679664363154,0.0,0.0
48,contingent,node-005,37.29069544524827,0.0,37.29069544524827,37290.69544524827,0.0,37290.69544524827,0.0,0.0,8699.248355986789,387.77593354273085,0.95,-298.32556356198603,18.589387919885482,0.0
48,contingent,node-006,0.0,0.0,0.0,0.0,0.0,0.0,0.0,0.0,8699.248355986789,387.77593354273085,0.95,0.0,0.0,0.0
48,contingent,node-007,0.0,0.0,0.0,0.0,0.0,0.0,0.0,0.0,8699.248355986789,387.77593354273085,0.95,-31.493481086556734,0.0,0.0
48,contingent,node-008,0.0,0.0,0.0,0.0,0.0,0.0,0.0,0.0,8699.248355986789,387.77593354273085,0.95,0.0,0.0,0.0
48,contingent,node-009,0.0,0.0,0.0,0.0,0.0,0.0,0.0,0.0,8699.248355986789,387.77593354273085,0.95,0.0,0.0,0.0
48,contingent,node-010,0.0,0.0,0.0,0.0,0.0,0.0,0.0,0.0,8699.248355986789,387.77593354273085,0.95,0.0,0.0,0.0
48,contingent,node-011,0.0,0.0,4.967563813847477,0.0,0.0,4967.563813847477,0.0,0.0,8699.248355986789,387.77593354273085,0.95,-289.2297733575377,0.0,0.0
48,contingent,node-012,0.0,77.94758808813249,80.3552054783268,0.0,77947.58808813248,80355.2054783268,0.0,0.0,8699.248355986789,387.77593354273085,0.95,-236.5927168422031,0.0,0.0
48,contingent,node-013,0.0,0.0,42.737222723198826,0.0,0.0,0.1286054736116424,110.77087551305671,332.3126265391702,8699.248355986789,387.77593354273085,0.95,-383.042701275479,-33.231262653917014,-110.77087551305671
48,contingent,node-014,0.0,0.0,0.0,0.0,0.0,0.0,0.0,0.0,8699.248355986789,387.77593354273085,0.95,0.0,0.0,0.0
48,contingent,node-015,0.0,0.0,0.0,0.0,0.0,0.0,0.0,0.0,8699.248355986789,387.77593354273085,0.95,0.0,0.0,0.0
48,contingent,node-016,0.0,0.0,0.0,0.0,0.0,0.0,0.0,0.0,8699.248355986789,387.77593354273085,0.95,-156.7385303265997,0.0,0.0
48,contingent,node-017,0.0,55.06976985578908,55.06976985578908,0.0,55069.76985578908,55069.76985578908,0.0,0.0,8699.248355986789,387.77593354273085,0.95,-291.031636866361,0.0,0.0
48,contingent,node-018,19.559616693827344,0.0,40.08491688460937,19559.616693827345,0.0,40084.91688460937,0.0,0.0,8699.248355986789,387.77593354273085,0.95,-394.09222534178787,18.839020522900192,0.0
48,contingent,node-019,0.0,0.0,0.0,0.0,0.0,0.0,0.0,0.0,8699.248355986789,387.77593354273085,0.95,0.0,0.0,0.0
48,contingent,node-020,24.527307665665415,85.72427503898165,85.72427503898165,0.44222584246717955,1.5456033848374446,1.5456033848374446,14.229377428550226,55.46330700356062,8699.248355986789,387.77593354273085,0.95,-254.71862032771946,-5.546330700356059,-14.229377428550226
48,contingent,node-021,0.0,0.0,0.0,0.0,0.0,0.0,0.0,0.0,8699.248355986789,387.77593354273085,0.95,-125.8667870803989,0.0,0.0
48,contingent,node-022,0.0,0.0,0.0,0.0,0.0,0.0,0.0,0.0,8699.248355986789,387.77593354273085,0.95,0.0,0.0,0.0
48,contingent,node-023,0.0,0.0,0.0,0.0,0.0,0.0,0.0,0.0,8699.248355986789,387.77593354273085,0.95,-472.10800000433,0.0,0.0
48,contingent,node-024,0.0,0.0,0.0,0.0,0.0,0.0,0.0,0.0,8699.248355986789,387.77593354273085,0.95,0.0,0.0,0.0
48,contingent,node-025,0.0,0.0,7.930119879419465,0.0,0.0,7930.119879419464,0.0,0.0,8699.248355986789,387.77593354273085,0.95,-535.3006049759376,0.0,0.0
48,contingent,node-026,0.0,0.0,0.0,0.0,0.0,0.0,0.0,0.0,8699.248355986789,387.77593354273085,0.95,0.0,0.0,0.0
48,contingent,node-027,0.0,0.0,0.0,0.0,0.0,0.0,0.0,0.0,8699.248355986789,387.77593354273085,0.95,0.0,0.0,0.0
48,contingent,node-028,0.0,54.852880787221764,75.37771033899229,0.0,54852.880787221766,75377.71033899228,0.0,0.0,8699.248355986789,387.77593354273085,0.95,-232.95251294073063,0.0,0.0
48,contingent,node-029,0.0,0.0,0.0,0.0,0.0,0.0,0.0,0.0,8699.248355986789,387.77593354273085,0.95,0.0,0.0,0.0
48,capped,node-000,0.0,0.0,0.0,0.0,0.0,0.0,0.0,0.0,8699.248355986789,394.16352090168584,0.95,0.0,0.0,0.0
48,capped,node-001,0.0,0.0,0.0,0.0,0.0,0.0,0.0,0.0,8699.248355986789,394.16352090168584,0.95,0.0,0.0,0.0
48,capped,node-002,0.0,0.0,2.6618161439380614,0.0,0.0,2661.8161439380615,0.0,0.0,8699.248355986789,394.16352090168584,0.95,-114.32740083669374,0.0,0.0
48,capped,node-003,0.0,0.0,0.0,0.0,0.0,0.0,0.0,0.0,8699.248355986789,394.16352090168584,0.95,-67.47666850249834,0.0,0.0
48,capped,node-004,0.0,119.27839832181577,119.27839832181577,0.0,119278.39832181577,119278.39832181577,0.0,0.0,8699.248355986789,394.16352090168584,0.95,-59.63919916090789,0.0,0.0
48,capped,node-005,37.29069544524827,0.0,37.29069544524827,37290.69544524827,0.0,37290.69544524827,0.0,0.0,8699.248355986789,394.16352090168584,0.95,-74.58139089049651,18.589387919885482,0.0
48,capped,node-006,0.0,0.0,0.0,0.0,0.0,0.0,0.0,0.0,8699.248355986789,394.16352090168584,0.95,0.0,0.0,0.0
48,capped,node-007,0.0,0.0,0.0,0.0,0.0,0.0,0.0,0.0,8699.248355986789,394.16352090168584,0.95,-7.873370271639182,0.0,0.0
48,capped,node-008,0.0,0.0,0.0,0.0,0.0,0.0,0.0,0.0,8699.248355986789,394.16352090168584,0.95,0.0,0.0,0.0
48,capped,node-009,0.0,0.0,0.0,0.0,0.0,0.0,0.0,0.0,8699.248355986789,394.16352090168584,0.95,0.0,0.0,0.0
48,capped,node-010,0.0,0.0,0.0,0.0,0.0,0.0,0.0,0.0,8699.248355986789,394.16352090168584,0.95,0.0,0.0,0.0
48,capped,node-011,0.0,0.0,4.967563813847477,0.0,0.0,4967.563813847477,0.0,0.0,8699.248355986789,394.16352090168584,0.95,-72.30744333938442,0.0,0.0
48,capped,node-012,0.0,100.59694108916041,108.6668967296117,0.0,100596.9410891604,108666.89672961169,0.0,0.0,8699.248355986789,394.16352090168584,0.95,-59.14817921055077,0.0,0.0
48,capped,node-013,0.0,0.0,42.737222723198826,0.0,0.0,0.1286054736116424,110.77087551305671,332.3126265391702,8699.248355986789,394.16352090168584,0.95,-178.8388319536623,-33.231262653917014,-110.77087551305671
48,capped,node-014,0.0,0.0,0.0,0.0,0.0,0.0,0.0,0.0,8699.248355986789,394.16352090168584,0.95,0.0,0.0,0.0
48,capped,node-015,0.0,0.0,0.0,0.0,0.0,0.0,0.0,0.0,8699.248355986789,394.16352090168584,0.95,0.0,0.0,0.0
48,capped,node-016,0.0,0.0,0.0,0.0,0.0,0.0,0.0,0.0,8699.248355986789,394.16352090168584,0.95,-39.18463258164993,0.0,0.0
48,capped,node-017,0.0,55.06976985578908,55.06976985578908,0.0,55069.76985578908,55069.76985578908,0.0,0.0,8699.248355986789,394.16352090168584,0.95,-72.75790921659024,0.0,0.0
48,capped,node-018,19.559616693827344,0.0,40.08491688460937,19559.616693827345,0.0,40084.91688460937,0.0,0.0,8699.248355986789,394.16352090168584,0.95,-98.52305633544697,18.839020522900192,0.0
48,capped,node-019,0.0,0.0,0.0,0.0,0.0,0.0,0.0,0.0,8699.248355986789,394.16352090168584,0.95,0.0,0.0,0.0
48,capped,node-020,30.91489502462039,99.62765666207943,107.7028046889277,0.49982939362888495,1.6107714801688986,1.7413297867233495,20.6169647875052,61.8508943625156,8699.248355986789,394.16352090168584,0.95,-80.73927551229751,-6.185089436251559,-20.6169647875052
48,capped,node-021,0.0,0.0,0.0,0.0,0.0,0.0,0.0,0.0,8699.248355986789,394.16352090168584,0.95,-31.466696770099723,0.0,0.0
48,capped,node-022,0.0,0.0,0.0,0.0,0.0,0.0,0.0,0.0,8699.248355986789,394.16352090168584,0.95,0.0,0.0,0.0
48,capped,node-023,0.0,0.0,0.0,0.0,0.0,0.0,0.0,0.0,8699.248355986789,394.16352090168584,0.95,-118.0270000010825,0.0,0.0
48,capped,node-024,0.0,0.0,0.0,0.0,0.0,0.0,0.0,0.0,8699.248355986789,394.16352090168584,0.95,0.0,0.0,0.0
48,capped,node-025,0.0,0.0,7.930119879419465,0.0,0.0,7930.119879419464,0.0,0.0,8699.248355986789,394.16352090168584,0.95,-133.8251512439844,0.0,0.0
48,capped,node-026,0.0,0.0,0.0,0.0,0.0,0.0,0.0,0.0,8699.248355986789,394.16352090168584,0.95,0.0,0.0,0.0
48,capped,node-027,0.0,0.0,0.0,0.0,0.0,0.0,0.0,0.0,8699.248355986789,394.16352090168584,0.95,0.0,0.0,0.0
48,capped,node-028,0.0,54.852880787221764,75.37771033899229,0.0,54852.880787221766,75377.71033899228,0.0,0.0,8699.248355986789,394.16352090168584,0.95,-58.23812823518266,0.0,0.0
48,capped,node-029,0.0,0.0,0.0,0.0,0.0,0.0,0.0,0.0,8699.248355986789,394.16352090168584,0.95,0.0,0.0,0.0
48,proper_scoring,node-000,0.0,0.0,0.0,0.0,0.0,0.0,0.0,0.0,8699.248355986789,1303.7411006237496,0.95,0.0,0.0,0.0
48,proper_scoring,node-001,0.0,0.0,0.0,0.0,0.0,0.0,0.0,0.0,8699.248355986789,1303.7411006237496,0.95,0.0,0.0,0.0
48,proper_scoring,node-002,0.0,0.0,585.6725991633062,0.0,0.0,585672.5991633062,0.0,0.0,8699.248355986789,1303.7411006237496,0.95,-446.47898123125844,0.0,0.0
48,proper_scoring,node-003,0.0,0.0,132.52333149750166,0.0,0.0,132523.33149750167,0.0,0.0,8699.248355986789,1303.7411006237496,0.95,-254.66010686268066,0.0,0.0
48,proper_scoring,node-004,45.42685761947972,544.1766019080172,544.1766019080172,45426.85761947972,544176.6019080172,544176.6019080172,0.0,0.0,8699.248355986789,1303.7411006237496,0.95,-238.55679664363154,0.0,0.0
48,proper_scoring,node-005,537.2702084618412,0.0,537.2906954452483,537270.2084618412,0.0,537290.6954452483,0.0,0.0,8699.248355986789,1303.7411006237496,0.95,-298.32556356198603,68.58733922154477,0.0
48,proper_scoring,node-006,0.0,0.0,0.0,0.0,0.0,0.0,0.0,0.0,8699.248355986789,1303.7411006237496,0.95,0.0,0.0,0.0
48,proper_scoring,node-007,0.0,0.0,42.12662972836082,0.0,0.0,42126.629728360815,0.0,0.0,8699.248355986789,1303.7411006237496,0.95,-31.493481086556734,0.0,0.0
48,proper_scoring,node-008,0.0,0.0,0.0,0.0,0.0,0.0,0.0,0.0,8699.248355986789,1303.7411006237496,0.95,0.0,0.0,0.0
48,proper_scoring,node-009,0.0,0.0,0.0,0.0,0.0,0.0,0.0,0.0,8699.248355986789,1303.7411006237496,0.95,0.0,0.0,0.0
48,proper_scoring,node-010,0.0,0.0,0.0,0.0,0.0,0.0,0.0,0.0,8699.248355986789,1303.7411006237496,0.95,0.0,0.0,0.0
48,proper_scoring,node-011,0.0,0.0,289.3535223497501,0.0,0.0,289353.5223497501,0.0,0.0,8699.248355986789,1303.7411006237496,0.95,-289.2297733575377,0.0,0.0
48,proper_scoring,node-012,46.15242415724572,527.9475880881325,629.5271442889352,46152.42415724572,527947.5880881326,629527.1442889352,0.0,0.0,8699.248355986789,1303.7411006237496,0.95,-236.5927168422031,0.0,0.0
48,proper_scoring,node-013,0.0,0.2612104753305857,21.42237852166818,0.0,0.0003139354975997591,0.02574646002408165,610.5096650377262,832.0514160638398,8699.248355986789,1303.7411006237496,0.95,-882.7814908001485,-33.23126265391704,-610.5096650377262
48,proper_scoring,node-014,0.0,0.0,0.0,0.0,0.0,0.0,0.0,0.0,8699.248355986789,1303.7411006237496,0.95,0.0,0.0,0.0
48,proper_scoring,node-015,0.0,0.0,0.0,0.0,0.0,0.0,0.0,0.0,8699.248355986789,1303.7411006237496,0.95,0.0,0.0,0.0
48,proper_scoring,node-016,0.0,0.0,249.56160833034,0.0,0.0,249561.60833033998,0.0,0.0,8699.248355986789,1303.7411006237496,0.95,-156.7385303265997,0.0,0.0
48,proper_scoring,node-017,0.0,205.0697698557891,287.170574004543,0.0,205069.7698557891,287170.574004543,0.0,0.0,8699.248355986789,1303.7411006237496,0.95,-291.031636866361,0.0,0.0
48,proper_scoring,node-018,607.4330683335713,0.0,701.4769436645529,607433.0683335713,0.0,701476.9436645529,0.0,0.0,8699.248355986789,1303.7411006237496,0.95,-393.26139500113027,168.82934303921957,0.0
48,proper_scoring,node-019,0.0,0.0,0.0,0.0,0.0,0.0,0.0,0.0,8699.248355986789,1303.7411006237496,0.95,0.0,0.0,0.0
48,proper_scoring,node-020,0.0,569.4978974826324,569.4978974826324,0.0,1.2073571166051218,1.2073571166051218,430.45575498489956,471.68968455991,8699.248355986789,1303.7411006237496,0.95,-670.9449978840688,-5.546330700356009,-430.45575498489956
48,proper_scoring,node-021,0.0,0.0,168.53330322990027,0.0,0.0,168533.30322990025,0.0,0.0,8699.248355986789,1303.7411006237496,0.95,-125.8667870803989,0.0,0.0
48,proper_scoring,node-022,0.0,0.0,0.0,0.0,0.0,0.0,0.0,0.0,8699.248355986789,1303.7411006237496,0.95,0.0,0.0,0.0
48,proper_scoring,node-023,0.0,0.0,381.9729999989175,0.0,0.0,381972.99999891745,0.0,0.0,8699.248355986789,1303.7411006237496,0.95,-457.44191067031824,0.0,0.0
48,proper_scoring,node-024,0.0,0.0,0.0,0.0,0.0,0.0,0.0,0.0,8699.248355986789,1303.7411006237496,0.95,0.0,0.0,0.0
48,proper_scoring,node-025,412.6588154589448,0.0,816.1748487560156,412658.81545894477,0.0,816174.8487560156,0.0,0.0,8699.248355986789,1303.7411006237496,0.95,-508.54394770133007,0.0,0.0
48,proper_scoring,node-026,0.0,0.0,0.0,0.0,0.0,0.0,0.0,0.0,8699.248355986789,1303.7411006237496,0.95,0.0,0.0,0.0
48,proper_scoring,node-027,0.0,0.0,0.0,0.0,0.0,0.0,0.0,0.0,8699.248355986789,1303.7411006237496,0.95,0.0,0.0,0.0
48,proper_scoring,node-028,0.0,254.85288078722175,456.5492250660932,0.0,254852.88078722174,456549.2250660932,0.0,0.0,8699.248355986789,1303.7411006237496,0.95,-232.95251294073063,0.0,0.0
48,proper_scoring,node-029,0.0,0.0,0.0,0.0,0.0,0.0,0.0,0.0,8699.248355986789,1303.7411006237496,0.95,0.0,0.0,0.0
48,audits,node-000,0.0,0.0,0.0,0.0,0.0,0.0,0.0,0.0,8699.248355986789,1295.1194483328998,0.95,0.0,0.0,0.0
48,audits,node-001,0.0,0.0,0.0,0.0,0.0,0.0,0.0,0.0,8699.248355986789,1295.1194483328998,0.95,0.0,0.0,0.0
48,audits,node-002,0.0,0.0,585.6725991633062,0.0,0.0,585672.5991633062,0.0,0.0,8699.248355986789,1295.1194483328998,0.95,-1814.3274008366939,0.0,0.0
48,audits,node-003,0.0,0.0,132.52333149750166,0.0,0.0,132523.33149750167,0.0,0.0,8699.248355986789,1295.1194483328998,0.95,-767.4766685024983,0.0,0.0
48,audits,node-004,45.42685761947972,519.2783983218159,519.2783983218159,45426.85761947972,519278.3983218159,519278.3983218159,0.0,0.0,8699.248355986789,1295.1194483328998,0.95,-1559.639199160908,0.0,0.0
48,audits,node-005,537.2702084618412,0.0,537.2906954452483,537270.2084618412,0.0,537290.6954452483,0.0,0.0,8699.248355986789,1295.1194483328998,0.95,-1574.5813908904963,68.58733922154477,0.0
48,audits,node-006,0.0,0.0,0.0,0.0,0.0,0.0,0.0,0.0,8699.248355986789,1295.1194483328998,0.95,0.0,0.0,0.0
48,audits,node-007,0.0,0.0,42.12662972836082,0.0,0.0,42126.629728360815,0.0,0.0,8699.248355986789,1295.1194483328998,0.95,-557.8733702716391,0.0,0.0
48,audits,node-008,0.0,0.0,0.0,0.0,0.0,0.0,0.0,0.0,8699.248355986789,1295.1194483328998,0.95,0.0,0.0,0.0
48,audits,node-009,0.0,0.0,0.0,0.0,0.0,0.0,0.0,0.0,8699.248355986789,1295.1194483328998,0.95,0.0,0.0,0.0
48,audits,node-010,0.0,0.0,0.0,0.0,0.0,0.0,0.0,0.0,8699.248355986789,1295.1194483328998,0.95,0.0,0.0,0.0
48,audits,node-011,0.0,0.0,238.30002610584114,0.0,0.0,238300.02610584113,0.0,0.0,8699.248355986789,1295.1194483328998,0.95,-1516.007972720702,0.0,0.0
48,audits,node-012,46.15242415724572,500.59694108916045,590.8518207894492,46152.42415724572,500596.94108916045,590851.8207894493,0.0,0.0,8699.248355986789,1295.1194483328998,0.95,-1809.1481792105503,0.0,0.0
48,audits,node-013,0.0,0.2612104753305857,21.42237852166818,0.0,0.0003139354975997591,0.02574646002408165,610.5096650377262,832.0514160638398,8699.248355986789,1295.1194483328998,0.95,-2378.577621478332,-33.23126265391704,-610.5096650377262
48,audits,node-014,0.0,0.0,0.0,0.0,0.0,0.0,0.0,0.0,8699.248355986789,1295.1194483328998,0.95,0.0,0.0,0.0
48,audits,node-015,0.0,0.0,0.0,0.0,0.0,0.0,0.0,0.0,8699.248355986789,1295.1194483328998,0.95,0.0,0.0,0.0
48,audits,node-016,0.0,0.0,218.30801485856676,0.0,0.0,218308.01485856675,0.0,0.0,8699.248355986789,1295.1194483328998,0.95,-889.18463258165,0.0,0.0
48,audits,node-017,0.0,205.0697698557891,224.09086139774638,0.0,205069.7698557891,224090.86139774637,0.0,0.0,8699.248355986789,1295.1194483328998,0.95,-1572.7579092165906,0.0,0.0
48,audits,node-018,607.4330683335713,0.0,701.4769436645529,607433.0683335713,0.0,701476.9436645529,0.0,0.0,8699.248355986789,1295.1194483328998,0.95,-1898.523056335447,168.82934303921957,0.0
48,audits,node-019,0.0,0.0,0.0,0.0,0.0,0.0,0.0,0.0,8699.248355986789,1295.1194483328998,0.95,0.0,0.0,0.0
48,audits,node-020,0.0,498.41051875553484,498.41051875553484,0.0,1.0763224494536892,1.0763224494536892,421.8341026940498,463.0680322690602,8699.248355986789,1295.1194483328998,0.95,-2481.956413418842,-6.1850894362515305,-421.8341026940498
48,audits,node-021,0.0,0.0,168.53330322990027,0.0,0.0,168533.30322990025,0.0,0.0,8699.248355986789,1295.1194483328998,0.95,-731.4666967700998,0.0,0.0
48,audits,node-022,0.0,0.0,0.0,0.0,0.0,0.0,0.0,0.0,8699.248355986789,1295.1194483328998,0.95,0.0,0.0,0.0
48,audits,node-023,0.0,0.0,381.9729999989175,0.0,0.0,381972.99999891745,0.0,0.0,8699.248355986789,1295.1194483328998,0.95,-1618.0270000010826,0.0,0.0
48,audits,node-024,0.0,0.0,0.0,0.0,0.0,0.0,0.0,0.0,8699.248355986789,1295.1194483328998,0.95,0.0,0.0,0.0
48,audits,node-025,412.6588154589448,0.0,816.1748487560156,412658.81545894477,0.0,816174.8487560156,0.0,0.0,8699.248355986789,1295.1194483328998,0.95,-2083.8251512439847,0.0,0.0
48,audits,node-026,0.0,0.0,0.0,0.0,0.0,0.0,0.0,0.0,8699.248355986789,1295.1194483328998,0.95,0.0,0.0,0.0
48,audits,node-027,0.0,0.0,0.0,0.0,0.0,0.0,0.0,0.0,8699.248355986789,1295.1194483328998,0.95,0.0,0.0,0.0
48,audits,node-028,0.0,254.85288078722175,429.11906411759134,0.0,254852.88078722174,429119.0641175913,0.0,0.0,8699.248355986789,1295.1194483328998,0.95,-1558.2381282351826,0.0,0.0
48,audits,node-029,0.0,0.0,0.0,0.0,0.0,0.0,0.0,0.0,8699.248355986789,1295.1194483328998,0.95,0.0,0.0,0.0
56,greedy,node-000,0.0,0.0,0.0,0.0,0.0,0.0,0.0,0.0,8850.35916078806,256.21274739453287,1.0,0.0,0.0,0.0
56,greedy,node-001,0.0,0.0,0.0,0.0,0.0,0.0,0.0,0.0,8850.35916078806,256.21274739453287,1.0,0.0,0.0,0.0
56,greedy,node-002,18.570526539449716,0.0,18.570526539449716,18570.526539449715,0.0,18570.526539449715,0.0,0.0,8850.35916078806,256.21274739453287,1.0,-54.25630845697748,0.0,0.0
56,greedy,node-003,0.0,0.0,0.0,0.0,0.0,0.0,0.0,0.0,8850.35916078806,256.21274739453287,1.0,0.0,0.0,0.0
56,greedy,node-004,0.0,0.0,0.0,0.0,0.0,0.0,85.40424913151095,256.21274739453287,8850.35916078806,256.21274739453287,1.0,-128.10637369726643,-25.621274739453284,-85.40424913151095
56,greedy,node-005,0.0,0.0,0.0,0.0,0.0,0.0,0.0,0.0,8850.35916078806,256.21274739453287,1.0,-6.978552352887977,0.0,0.0
56,greedy,node-006,0.0,0.0,0.0,0.0,0.0,0.0,0.0,0.0,8850.35916078806,256.21274739453287,1.0,0.0,0.0,0.0
56,greedy,node-007,0.0,0.0,0.0,0.0,0.0,0.0,0.0,0.0,8850.35916078806,256.21274739453287,1.0,0.0,0.0,0.0
56,greedy,node-008,0.0,0.0,0.0,0.0,0.0,0.0,0.0,0.0,8850.35916078806,256.21274739453287,1.0,-27.895270100002435,0.0,0.0
56,greedy,node-009,0.0,0.0,0.0,0.0,0.0,0.0,0.0,0.0,8850.35916078806,256.21274739453287,1.0,0.0,0.0,0.0
56,greedy,node-010,0.0,0.0,0.0,0.0,0.0,0.0,0.0,0.0,8850.35916078806,256.21274739453287,1.0,-14.063996743810211,0.0,0.0
56,greedy,node-011,0.0,0.0,0.0,0.0,0.0,0.0,0.0,0.0,8850.35916078806,256.21274739453287,1.0,0.0,0.0,0.0
56,greedy,node-012,0.0,0.0,0.0,0.0,0.0,0.0,0.0,0.0,8850.35916078806,256.21274739453287,1.0,0.0,0.0,0.0
56,greedy,node-013,0.0,0.0,0.0,0.0,0.0,0.0,0.0,0.0,8850.35916078806,256.21274739453287,1.0,0.0,0.0,0.0
56,greedy,node-014,0.0,0.0,0.0,0.0,0.0,0.0,0.0,0.0,8850.35916078806,256.21274739453287,1.0,0.0,0.0,0.0
56,greedy,node-015,0.0,0.0,0.0,0.0,0.0,0.0,0.0,0.0,8850.35916078806,256.21274739453287,1.0,0.0,0.0,0.0
56,greedy,node-016,0.0,0.0,0.0,0.0,0.0,0.0,0.0,0.0,8850.35916078806,256.21274739453287,1.0,0.0,0.0,0.0
56,greedy,node-017,0.0,0.0,0.0,0.0,0.0,0.0,0.0,0.0,8850.35916078806,256.21274739453287,1.0,0.0,0.0,0.0
56,greedy,node-018,0.0,0.0,0.0,0.0,0.0,0.0,0.0,0.0,8850.35916078806,256.21274739453287,1.0,0.0,0.0,0.0
56,greedy,node-019,0.0,0.0,0.0,0.0,0.0,0.0,0.0,0.0,8850.35916078806,256.21274739453287,1.0,0.0,0.0,0.0
56,greedy,node-020,0.0,0.0,0.0,0.0,0.0,0.0,0.0,0.0,8850.35916078806,256.21274739453287,1.0,0.0,0.0,0.0
56,greedy,node-021,0.0,0.0,0.0,0.0,0.0,0.0,0.0,0.0,8850.35916078806,256.21274739453287,1.0,0.0,0.0,0.0
56,greedy,node-022,0.0,0.0,0.0,0.0,0.0,0.0,0.0,0.0,8850.35916078806,256.21274739453287,1.0,0.0,0.0,0.0
56,greedy,node-023,0.0,0.0,0.0,0.0,0.0,0.0,0.0,0.0,8850.35916078806,256.21274739453287,1.0,0.0,0.0,0.0
56,greedy,node-024,0.0,0.0,0.0,0.0,0.0,0.0,0.0,0.0,8850.35916078806,256.21274739453287,1.0,0.0,0.0,0.0
56,greedy,node-025,0.0,0.0,0.0,0.0,0.0,0.0,0.0,0.0,8850.35916078806,256.21274739453287,1.0,-28.005887430087398,0.0,0.0
56,greedy,node-026,0.0,0.0,0.0,0.0,0.0,0.0,0.0,0.0,8850.35916078806,256.21274739453287,1.0,0.0,0.0,0.0
56,greedy,node-027,0.0,0.0,0.0,0.0,0.0,0.0,0.0,0.0,8850.35916078806,256.21274739453287,1.0,0.0,0.0,0.0
56,greedy,node-028,0.0,0.0,0.0,0.0,0.0,0.0,0.0,0.0,8850.35916078806,256.21274739453287,1.0,0.0,0.0,0.0
56,greedy,node-029,0.0,0.0,0.0,0.0,0.0,0.0,0.0,0.0,8850.35916078806,256.21274739453287,1.0,-13.640754244860858,0.0,0.0
56,trust_vcg,node-000,0.0,0.0,0.0,0.0,0.0,0.0,0.0,0.0,8568.60786502079,311.21307917739875,0.9285714285714286,0.0,0.0,0.0
56,trust_vcg,node-001,0.0,0.0,0.0,0.0,0.0,0.0,0.0,0.0,8568.60786502079,311.21307917739875,0.9285714285714286,0.0,0.0,0.0
56,trust_vcg,node-002,359.2536848475347,359.2536848475347,359.2536848475347,359253.6848475347,359253.6848475347,359253.6848475347,-359.2536848475347,-324.7430666164514,8568.60786502079,311.21307917739875,0.9285714285714286,-10142.898167011044,44.260242904070424,359.2536848475347
56,trust_vcg,node-003,25.43174105102517,0.0,122.86558517156372,25431.74105102517,0.0,122865.58517156373,0.0,0.0,8568.60786502079,311.21307917739875,0.9285714285714286,-2283.907414661841,0.0,0.0
56,trust_vcg,node-004,303.15926508534267,10.971081081301918,322.9072110316864,0.47669838099750667,0.01725131701904847,0.5077507516317944,538.0046612104154,635.9561457938502,8568.60786502079,311.21307917739875,0.9285714285714286,-10477.092788968315,-14.692722687515243,-538.0046612104154
56,trust_vcg,node-005,228.69056893388105,0.0,601.4730159487154,228690.56893388106,0.0,601473.0159487154,0.0,0.0,8568.60786502079,311.21307917739875,0.9285714285714286,-8998.526984051285,0.0,0.0
56,trust_vcg,node-006,0.0,0.0,179.6846451326632,0.0,0.0,179684.6451326632,0.0,0.0,8568.60786502079,311.21307917739875,0.9285714285714286,-5592.98566584744,0.0,0.0
56,trust_vcg,node-007,0.0,0.0,0.0,0.0,0.0,0.0,0.0,0.0,8568.60786502079,311.21307917739875,0.9285714285714286,0.0,0.0,0.0
56,trust_vcg,node-008,300.84823698451055,229.64057477554675,300.84823698451055,300848.23698451056,229640.57477554676,300848.23698451056,0.0,0.0,8568.60786502079,311.21307917739875,0.9285714285714286,-10613.674848309285,0.0,0.0
56,trust_vcg,node-009,0.0,93.18681038653332,200.99128360403535,0.0,93186.81038653333,200991.28360403533,0.0,0.0,8568.60786502079,311.21307917739875,0.9285714285714286,-3399.0087163959647,0.0,0.0
56,trust_vcg,node-010,0.0,0.0,0.0,0.0,0.0,0.0,0.0,0.0,8568.60786502079,311.21307917739875,0.9285714285714286,-8346.987649806966,0.0,0.0
56,trust_vcg,node-011,0.0,0.0,0.0,0.0,0.0,0.0,0.0,0.0,8568.60786502079,311.21307917739875,0.9285714285714286,0.0,0.0,0.0
56,trust_vcg,node-012,0.0,0.0,19.904531039040336,0.0,0.0,19904.531039040336,0.0,0.0,8568.60786502079,311.21307917739875,0.9285714285714286,-1180.0954689609598,0.0,0.0
56,trust_vcg,node-013,0.0,0.0,0.0,0.0,0.0,0.0,0.0,0.0,8568.60786502079,311.21307917739875,0.9285714285714286,0.0,0.0,0.0
56,trust_vcg,node-014,0.0,168.17800943162376,168.17800943162376,0.0,168178.00943162377,168178.00943162377,0.0,0.0,8568.60786502079,311.21307917739875,0.9285714285714286,-3945.3596052531407,0.0,0.0
56,trust_vcg,node-015,0.0,0.0,123.85425516308109,0.0,0.0,123854.25516308109,0.0,0.0,8568.60786502079,311.21307917739875,0.9285714285714286,-2284.1768871538143,0.0,0.0
56,trust_vcg,node-016,167.0795306823749,0.0,167.0795306823749,167079.5306823749,0.0,167079.5306823749,0.0,0.0,8568.60786502079,311.21307917739875,0.9285714285714286,-4992.99801255178,0.0,0.0
56,trust_vcg,node-017,0.0,0.0,0.0,0.0,0.0,0.0,0.0,0.0,8568.60786502079,311.21307917739875,0.9285714285714286,0.0,0.0,0.0
56,trust_vcg,node-018,0.0,0.0,44.97938178958124,0.0,0.0,44979.38178958124,0.0,0.0,8568.60786502079,311.21307917739875,0.9285714285714286,-1755.0206182104187,0.0,0.0
56,trust_vcg,node-019,0.0,0.0,0.0,0.0,0.0,0.0,0.0,0.0,8568.60786502079,311.21307917739875,0.9285714285714286,-5598.685432901218,0.0,0.0
56,trust_vcg,node-020,0.0,92.84890298459113,178.81114704225615,0.0,92848.90298459113,178811.14704225614,0.0,0.0,8568.60786502079,311.21307917739875,0.9285714285714286,-2273.1642724717335,0.0,0.0
56,trust_vcg,node-021,0.0,0.0,0.0,0.0,0.0,0.0,0.0,0.0,8568.60786502079,311.21307917739875,0.9285714285714286,0.0,0.0,0.0
56,trust_vcg,node-022,0.0,0.0,0.0,0.0,0.0,0.0,0.0,0.0,8568.60786502079,311.21307917739875,0.9285714285714286,-1696.9945602913497,0.0,0.0
56,trust_vcg,node-023,0.0,292.55581015122846,413.0989403985863,0.0,292555.81015122845,413098.9403985863,0.0,0.0,8568.60786502079,311.21307917739875,0.9285714285714286,-5586.901059601414,0.0,0.0
56,trust_vcg,node-024,0.0,0.0,0.0,0.0,0.0,0.0,0.0,0.0,8568.60786502079,311.21307917739875,0.9285714285714286,0.0,0.0,0.0
56,trust_vcg,node-025,0.0,0.0,88.84284355545445,0.0,0.0,88842.84355545446,0.0,0.0,8568.60786502079,311.21307917739875,0.9285714285714286,-10542.610527358429,0.0,0.0
56,trust_vcg,node-026,0.0,0.0,0.0,0.0,0.0,0.0,0.0,0.0,8568.60786502079,311.21307917739875,0.9285714285714286,0.0,0.0,0.0
56,trust_vcg,node-027,0.0,0.0,0.0,0.0,0.0,0.0,0.0,0.0,8568.60786502079,311.21307917739875,0.9285714285714286,0.0,0.0,0.0
56,trust_vcg,node-028,0.0,0.0,0.0,0.0,0.0,0.0,0.0,0.0,8568.60786502079,311.21307917739875,0.9285714285714286,0.0,0.0,0.0
56,trust_vcg,node-029,408.1821376232381,0.0,415.71118772574255,408182.1376232381,0.0,415711.1877257425,0.0,0.0,8568.60786502079,311.21307917739875,0.9285714285714286,-4984.288812274257,0.0,0.0
56,contingent,node-000,0.0,0.0,0.0,0.0,0.0,0.0,0.0,0.0,8568.60786502079,185.80744133028998,0.9285714285714286,0.0,0.0,0.0
56,contingent,node-001,0.0,0.0,0.0,0.0,0.0,0.0,0.0,0.0,8568.60786502079,185.80744133028998,0.9285714285714286,0.0,0.0,0.0
56,contingent,node-002,0.0,0.0,18.27903369468877,0.0,0.0,0.47013716232918734,4.369596224054588,38.880214455137875,8568.60786502079,185.80744133028998,0.9285714285714286,-212.97700365836866,-0.8949652008130844,-4.369596224054588
56,contingent,node-003,0.0,0.0,22.865585171563723,0.0,0.0,22865.58517156372,0.0,0.0,8568.60786502079,185.80744133028998,0.9285714285714286,-335.62965864736395,0.0,0.0
56,contingent,node-004,146.9272268751521,0.0,146.9272268751521,1.0,0.0,1.0,48.97574229171736,146.9272268751521,8568.60786502079,185.80744133028998,0.9285714285714286,-205.32825332331095,-14.692722687515207,-48.97574229171736
56,contingent,node-005,0.0,0.0,0.0,0.0,0.0,0.0,0.0,0.0,8568.60786502079,185.80744133028998,0.9285714285714286,-794.107936205138,0.0,0.0
56,contingent,node-006,0.0,0.0,29.747385236873498,0.0,0.0,29747.3852368735,0.0,0.0,8568.60786502079,185.80744133028998,0.9285714285714286,-486.7977686625298,0.0,0.0
56,contingent,node-007,0.0,0.0,0.0,0.0,0.0,0.0,0.0,0.0,8568.60786502079,185.80744133028998,0.9285714285714286,0.0,0.0,0.0
56,contingent,node-008,10.947874899685056,29.640574775546746,29.640574775546746,10947.874899685055,29640.574775546746,29640.574775546746,0.0,0.0,8568.60786502079,185.80744133028998,0.9285714285714286,-654.6993932371423,0.0,0.0
56,contingent,node-009,0.0,43.186810386533324,43.186810386533324,0.0,43186.810386533325,43186.810386533325,0.0,0.0,8568.60786502079,185.80744133028998,0.9285714285714286,-396.0348655838587,0.0,0.0
56,contingent,node-010,0.0,0.0,0.0,0.0,0.0,0.0,0.0,0.0,8568.60786502079,185.80744133028998,0.9285714285714286,-665.4294794547484,0.0,0.0
56,contingent,node-011,0.0,0.0,0.0,0.0,0.0,0.0,0.0,0.0,8568.60786502079,185.80744133028998,0.9285714285714286,0.0,0.0,0.0
56,contingent,node-012,0.0,0.0,0.0,0.0,0.0,0.0,0.0,0.0,8568.60786502079,185.80744133028998,0.9285714285714286,-320.38187584383866,0.0,0.0
56,contingent,node-013,0.0,0.0,0.0,0.0,0.0,0.0,0.0,0.0,8568.60786502079,185.80744133028998,0.9285714285714286,0.0,0.0,0.0
56,contingent,node-014,0.0,68.17800943162374,68.17800943162374,0.0,68178.00943162374,68178.00943162374,0.0,0.0,8568.60786502079,185.80744133028998,0.9285714285714286,-381.4384210125638,0.0,0.0
56,contingent,node-015,0.0,0.0,23.854255163081092,0.0,0.0,23854.255163081092,0.0,0.0,8568.60786502079,185.80744133028998,0.9285714285714286,-336.707548615257,0.0,0.0
56,contingent,node-016,0.0,0.0,0.0,0.0,0.0,0.0,0.0,0.0,8568.60786502079,185.80744133028998,0.9285714285714286,-171.99205020712049,0.0,0.0
56,contingent,node-017,0.0,0.0,0.0,0.0,0.0,0.0,0.0,0.0,8568.60786502079,185.80744133028998,0.9285714285714286,0.0,0.0,0.0
56,contingent,node-018,0.0,0.0,0.0,0.0,0.0,0.0,0.0,0.0,8568.60786502079,185.80744133028998,0.9285714285714286,-420.082472841675,0.0,0.0
56,contingent,node-019,0.0,0.0,0.0,0.0,0.0,0.0,0.0,0.0,8568.60786502079,185.80744133028998,0.9285714285714286,-394.74173160486845,0.0,0.0
56,contingent,node-020,0.0,42.848902984591135,42.848902984591135,0.0,42848.902984591135,42848.902984591135,0.0,0.0,8568.60786502079,185.80744133028998,0.9285714285714286,-292.65708988693444,0.0,0.0
56,contingent,node-021,0.0,0.0,0.0,0.0,0.0,0.0,0.0,0.0,8568.60786502079,185.80744133028998,0.9285714285714286,0.0,0.0,0.0
56,contingent,node-022,0.0,0.0,0.0,0.0,0.0,0.0,0.0,0.0,8568.60786502079,185.80744133028998,0.9285714285714286,-276.39559478380505,0.0,0.0
56,contingent,node-023,0.0,92.55581015122843,130.91192885212746,0.0,92555.81015122842,130911.92885212746,0.0,0.0,8568.60786502079,185.80744133028998,0.9285714285714286,-347.6042384056548,0.0,0.0
56,contingent,node-024,0.0,0.0,0.0,0.0,0.0,0.0,0.0,0.0,8568.60786502079,185.80744133028998,0.9285714285714286,0.0,0.0,0.0
56,contingent,node-025,0.0,0.0,0.0,0.0,0.0,0.0,0.0,0.0,8568.60786502079,185.80744133028998,0.9285714285714286,-650.1167641094536,0.0,0.0
56,contingent,node-026,0.0,0.0,0.0,0.0,0.0,0.0,0.0,0.0,8568.60786502079,185.80744133028998,0.9285714285714286,0.0,0.0,0.0
56,contingent,node-027,0.0,0.0,0.0,0.0,0.0,0.0,0.0,0.0,8568.60786502079,185.80744133028998,0.9285714285714286,0.0,0.0,0.0
56,contingent,node-028,0.0,0.0,0.0,0.0,0.0,0.0,0.0,0.0,8568.60786502079,185.80744133028998,0.9285714285714286,0.0,0.0,0.0
56,contingent,node-029,11.897966222304971,0.0,15.44732033821113,11897.96622230497,0.0,15447.32033821113,0.0,0.0,8568.60786502079,185.80744133028998,0.9285714285714286,-137.15524909703004,0.0,0.0
56,capped,node-000,0.0,0.0,0.0,0.0,0.0,0.0,0.0,0.0,8568.60786502079,198.69315422177704,0.9285714285714286,0.0,0.0,0.0
56,capped,node-001,0.0,0.0,0.0,0.0,0.0,0.0,0.0,0.0,8568.60786502079,198.69315422177704,0.9285714285714286,0.0,0.0,0.0
56,capped,node-002,0.0,74.30423389312129,186.31022271380988,0.0,1.4353888301001494,3.599089831160091,17.255309115541646,51.765927346624935,8568.60786502079,198.69315422177704,0.9285714285714286,-69.40716097412017,-2.1835364899617904,-17.255309115541646
56,capped,node-003,0.0,0.0,22.865585171563723,0.0,0.0,22865.58517156372,0.0,0.0,8568.60786502079,198.69315422177704,0.9285714285714286,-83.90741466184099,0.0,0.0
56,capped,node-004,146.9272268751521,0.0,146.9272268751521,1.0,0.0,1.0,48.97574229171736,146.9272268751521,8568.60786502079,198.69315422177704,0.9285714285714286,-88.06387004961576,-14.692722687515207,-48.97574229171736
56,capped,node-005,0.0,0.0,0.0,0.0,0.0,0.0,0.0,0.0,8568.60786502079,198.69315422177704,0.9285714285714286,-198.52698405128447,0.0,0.0
56,capped,node-006,0.0,0.0,29.747385236873498,0.0,0.0,29747.3852368735,0.0,0.0,8568.60786502079,198.69315422177704,0.9285714285714286,-121.69944216563243,0.0,0.0
56,capped,node-007,0.0,0.0,0.0,0.0,0.0,0.0,0.0,0.0,8568.60786502079,198.69315422177704,0.9285714285714286,0.0,0.0,0.0
56,capped,node-008,10.947874899685056,29.640574775546746,57.25022348253553,10947.874899685055,29640.574775546746,57250.22348253553,0.0,0.0,8568.60786502079,198.69315422177704,0.9285714285714286,-163.67484830928558,0.0,0.0
56,capped,node-009,0.0,43.186810386533324,43.186810386533324,0.0,43186.810386533325,43186.810386533325,0.0,0.0,8568.60786502079,198.69315422177704,0.9285714285714286,-99.00871639596467,0.0,0.0
56,capped,node-010,0.0,0.0,0.0,0.0,0.0,0.0,0.0,0.0,8568.60786502079,198.69315422177704,0.9285714285714286,-166.3573698636871,0.0,0.0
56,capped,node-011,0.0,0.0,0.0,0.0,0.0,0.0,0.0,0.0,8568.60786502079,198.69315422177704,0.9285714285714286,0.0,0.0,0.0
56,capped,node-012,0.0,0.0,0.0,0.0,0.0,0.0,0.0,0.0,8568.60786502079,198.69315422177704,0.9285714285714286,-80.09546896095966,0.0,0.0
56,capped,node-013,0.0,0.0,0.0,0.0,0.0,0.0,0.0,0.0,8568.60786502079,198.69315422177704,0.9285714285714286,0.0,0.0,0.0
56,capped,node-014,0.0,68.17800943162374,68.17800943162374,0.0,68178.00943162374,68178.00943162374,0.0,0.0,8568.60786502079,198.69315422177704,0.9285714285714286,-95.35960525314096,0.0,0.0
56,capped,node-015,0.0,0.0,23.854255163081092,0.0,0.0,23854.255163081092,0.0,0.0,8568.60786502079,198.69315422177704,0.9285714285714286,-84.17688715381423,0.0,0.0
56,capped,node-016,0.0,0.0,0.0,0.0,0.0,0.0,0.0,0.0,8568.60786502079,198.69315422177704,0.9285714285714286,-42.99801255178012,0.0,0.0
56,capped,node-017,0.0,0.0,0.0,0.0,0.0,0.0,0.0,0.0,8568.60786502079,198.69315422177704,0.9285714285714286,0.0,0.0,0.0
56,capped,node-018,0.0,0.0,0.0,0.0,0.0,0.0,0.0,0.0,8568.60786502079,198.69315422177704,0.9285714285714286,-105.02061821041876,0.0,0.0
56,capped,node-019,0.0,116.77658024929656,116.77658024929656,0.0,116776.58024929656,116776.58024929656,0.0,0.0,8568.60786502079,198.69315422177704,0.9285714285714286,-98.68543290121714,0.0,0.0
56,capped,node-020,0.0,42.848902984591135,42.848902984591135,0.0,42848.902984591135,42848.902984591135,0.0,0.0,8568.60786502079,198.69315422177704,0.9285714285714286,-73.1642724717336,0.0,0.0
56,capped,node-021,0.0,0.0,0.0,0.0,0.0,0.0,0.0,0.0,8568.60786502079,198.69315422177704,0.9285714285714286,0.0,0.0,0.0
56,capped,node-022,0.0,0.0,0.0,0.0,0.0,0.0,0.0,0.0,8568.60786502079,198.69315422177704,0.9285714285714286,-69.09889869595126,0.0,0.0
56,capped,node-023,0.0,92.55581015122843,130.91192885212746,0.0,92555.81015122842,130911.92885212746,0.0,0.0,8568.60786502079,198.69315422177704,0.9285714285714286,-86.90105960141369,0.0,0.0
56,capped,node-024,0.0,0.0,0.0,0.0,0.0,0.0,0.0,0.0,8568.60786502079,198.69315422177704,0.9285714285714286,0.0,0.0,0.0
56,capped,node-025,0.0,0.0,8.755482434247702,0.0,0.0,8755.482434247702,0.0,0.0,8568.60786502079,198.69315422177704,0.9285714285714286,-162.5291910273634,0.0,0.0
56,capped,node-026,0.0,0.0,0.0,0.0,0.0,0.0,0.0,0.0,8568.60786502079,198.69315422177704,0.9285714285714286,0.0,0.0,0.0
56,capped,node-027,0.0,0.0,0.0,0.0,0.0,0.0,0.0,0.0,8568.60786502079,198.69315422177704,0.9285714285714286,0.0,0.0,0.0
56,capped,node-028,0.0,0.0,0.0,0.0,0.0,0.0,0.0,0.0,8568.60786502079,198.69315422177704,0.9285714285714286,0.0,0.0,0.0
56,capped,node-029,11.897966222304971,0.0,15.44732033821113,11897.96622230497,0.0,15447.32033821113,0.0,0.0,8568.60786502079,198.69315422177704,0.9285714285714286,-34.28881227425751,0.0,0.0
56,proper_scoring,node-000,0.0,0.0,0.0,0.0,0.0,0.0,0.0,0.0,8568.60786502079,814.1676984310848,0.9285714285714286,0.0,0.0,0.0
56,proper_scoring,node-001,0.0,0.0,0.0,0.0,0.0,0.0,0.0,0.0,8568.60786502079,814.1676984310848,0.9285714285714286,0.0,0.0,0.0
56,proper_scoring,node-002,202.1329616079119,326.0386258075934,393.23722233781103,1.1342304054741692,1.829503312118456,2.2065753679744886,143.70093440615136,178.21155263723466,8568.60786502079,814.1676984310848,0.9285714285714286,-352.30834184046546,45.54881419321913,-143.70093440615136
56,proper_scoring,node-003,25.43174105102517,0.0,122.86558517156372,25431.74105102517,0.0,122865.58517156373,0.0,0.0,8568.60786502079,814.1676984310848,0.9285714285714286,-283.907414661841,0.0,0.0
56,proper_scoring,node-004,303.15926508534267,10.971081081301918,322.9072110316864,0.47669838099750667,0.01725131701904847,0.5077507516317944,538.0046612104154,635.9561457938502,8568.60786502079,814.1676984310848,0.9285714285714286,-694.357172242009,-14.692722687515243,-538.0046612104154
56,proper_scoring,node-005,228.69056893388105,0.0,601.4730159487154,228690.56893388106,0.0,601473.0159487154,0.0,0.0,8568.60786502079,814.1676984310848,0.9285714285714286,-642.896231784067,0.0,0.0
56,proper_scoring,node-006,0.0,0.0,247.48743864930162,0.0,0.0,247487.43864930162,0.0,0.0,8568.60786502079,814.1676984310848,0.9285714285714286,-449.69932434583103,0.0,0.0
56,proper_scoring,node-007,0.0,0.0,0.0,0.0,0.0,0.0,0.0,0.0,8568.60786502079,814.1676984310848,0.9285714285714286,0.0,0.0,0.0
56,proper_scoring,node-008,343.9901422293565,229.64057477554675,534.9324862788663,343990.14222935645,229640.57477554676,534932.4862788663,0.0,0.0,8568.60786502079,814.1676984310848,0.9285714285714286,-588.6491297206916,0.0,0.0
56,proper_scoring,node-009,0.0,93.18681038653332,200.99128360403535,0.0,93186.81038653333,200991.28360403533,0.0,0.0,8568.60786502079,814.1676984310848,0.9285714285714286,-374.0617640087289,0.0,0.0
56,proper_scoring,node-010,0.0,0.0,383.1458395905657,0.0,0.0,383145.83959056565,0.0,0.0,8568.60786502079,814.1676984310848,0.9285714285714286,-556.4004730790219,0.0,0.0
56,proper_scoring,node-011,0.0,0.0,0.0,0.0,0.0,0.0,0.0,0.0,8568.60786502079,814.1676984310848,0.9285714285714286,0.0,0.0,0.0
56,proper_scoring,node-012,0.0,0.0,19.904531039040336,0.0,0.0,19904.531039040336,0.0,0.0,8568.60786502079,814.1676984310848,0.9285714285714286,-180.09546896095966,0.0,0.0
56,proper_scoring,node-013,0.0,0.0,0.0,0.0,0.0,0.0,0.0,0.0,8568.60786502079,814.1676984310848,0.9285714285714286,0.0,0.0,0.0
56,proper_scoring,node-014,11.04934063072838,168.17800943162376,168.17800943162376,11049.34063072838,168178.00943162377,168178.00943162377,0.0,0.0,8568.60786502079,814.1676984310848,0.9285714285714286,-376.6287501096037,0.0,0.0
56,proper_scoring,node-015,0.0,0.0,123.85425516308109,0.0,0.0,123854.25516308109,0.0,0.0,8568.60786502079,814.1676984310848,0.9285714285714286,-284.1768871538143,0.0,0.0
56,proper_scoring,node-016,167.0795306823749,0.0,340.570745096876,167079.5306823749,0.0,340570.745096876,0.0,0.0,8568.60786502079,814.1676984310848,0.9285714285714286,-171.99205020712049,0.0,0.0
56,proper_scoring,node-017,0.0,0.0,0.0,0.0,0.0,0.0,0.0,0.0,8568.60786502079,814.1676984310848,0.9285714285714286,0.0,0.0,0.0
56,proper_scoring,node-018,0.0,0.0,44.97938178958124,0.0,0.0,44979.38178958124,0.0,0.0,8568.60786502079,814.1676984310848,0.9285714285714286,-255.02061821041875,0.0,0.0
56,proper_scoring,node-019,0.0,116.77658024929653,130.60483868164624,0.0,116776.58024929653,130604.83868164624,0.0,0.0,8568.60786502079,814.1676984310848,0.9285714285714286,-385.81734484918763,0.0,0.0
56,proper_scoring,node-020,0.0,92.84890298459113,178.81114704225615,0.0,92848.90298459113,178811.14704225614,0.0,0.0,8568.60786502079,814.1676984310848,0.9285714285714286,-269.7902076333976,0.0,0.0
56,proper_scoring,node-021,0.0,0.0,0.0,0.0,0.0,0.0,0.0,0.0,8568.60786502079,814.1676984310848,0.9285714285714286,0.0,0.0,0.0
56,proper_scoring,node-022,0.0,0.0,0.0,0.0,0.0,0.0,0.0,0.0,8568.60786502079,814.1676984310848,0.9285714285714286,-196.99456029134976,0.0,0.0
56,proper_scoring,node-023,0.0,292.55581015122846,413.0989403985863,0.0,292555.81015122845,413098.9403985863,0.0,0.0,8568.60786502079,814.1676984310848,0.9285714285714286,-347.6042384056548,0.0,0.0
56,proper_scoring,node-024,0.0,0.0,0.0,0.0,0.0,0.0,0.0,0.0,8568.60786502079,814.1676984310848,0.9285714285714286,0.0,0.0,0.0
56,proper_scoring,node-025,241.86590597432632,0.0,421.6158528379541,241865.9059743263,0.0,421615.85283795407,0.0,0.0,8568.60786502079,814.1676984310848,0.9285714285714286,-554.8635674125426,0.0,0.0
56,proper_scoring,node-026,0.0,0.0,0.0,0.0,0.0,0.0,0.0,0.0,8568.60786502079,814.1676984310848,0.9285714285714286,0.0,0.0,0.0
56,proper_scoring,node-027,0.0,0.0,0.0,0.0,0.0,0.0,0.0,0.0,8568.60786502079,814.1676984310848,0.9285714285714286,0.0,0.0,0.0
56,proper_scoring,node-028,0.0,0.0,0.0,0.0,0.0,0.0,0.0,0.0,8568.60786502079,814.1676984310848,0.9285714285714286,0.0,0.0,0.0
56,proper_scoring,node-029,408.1821376232381,0.0,415.71118772574255,408182.1376232381,0.0,415711.1877257425,0.0,0.0,8568.60786502079,814.1676984310848,0.9285714285714286,-137.15524909703004,0.0,0.0
56,audits,node-000,0.0,0.0,0.0,0.0,0.0,0.0,0.0,0.0,8568.60786502079,811.2130791773986,0.9285714285714286,0.0,0.0,0.0
56,audits,node-001,0.0,0.0,0.0,0.0,0.0,0.0,0.0,0.0,8568.60786502079,811.2130791773986,0.9285714285714286,0.0,0.0,0.0
56,audits,node-002,195.69010516216838,0.0,195.69010516216838,1.1165898055165782,0.0,1.1165898055165782,140.74631515246523,175.25693338354856,8568.60786502079,811.2130791773986,0.9285714285714286,-2642.898167011044,44.26024290407048,-140.74631515246523
56,audits,node-003,25.43174105102517,0.0,122.86558517156372,25431.74105102517,0.0,122865.58517156373,0.0,0.0,8568.60786502079,811.2130791773986,0.9285714285714286,-783.907414661841,0.0,0.0
56,audits,node-004,303.15926508534267,10.971081081301918,322.9072110316864,0.47669838099750667,0.01725131701904847,0.5077507516317944,538.0046612104154,635.9561457938502,8568.60786502079,811.2130791773986,0.9285714285714286,-2477.0927889683135,-14.692722687515243,-538.0046612104154
56,audits,node-005,228.69056893388105,0.0,601.4730159487154,228690.56893388106,0.0,601473.0159487154,0.0,0.0,8568.60786502079,811.2130791773986,0.9285714285714286,-1998.5269840512844,0.0,0.0
56,audits,node-006,0.0,0.0,237.99055282268614,0.0,0.0,237990.55282268615,0.0,0.0,8568.60786502079,811.2130791773986,0.9285714285714286,-1592.98566584744,0.0,0.0
56,audits,node-007,0.0,0.0,0.0,0.0,0.0,0.0,0.0,0.0,8568.60786502079,811.2130791773986,0.9285714285714286,0.0,0.0,0.0
56,audits,node-008,300.84823698451055,229.64057477554675,300.84823698451055,300848.23698451056,229640.57477554676,300848.23698451056,0.0,0.0,8568.60786502079,811.2130791773986,0.9285714285714286,-2613.6748483092856,0.0,0.0
56,audits,node-009,0.0,93.18681038653332,200.99128360403535,0.0,93186.81038653333,200991.28360403533,0.0,0.0,8568.60786502079,811.2130791773986,0.9285714285714286,-899.0087163959645,0.0,0.0
56,audits,node-010,0.0,0.0,127.99837482821059,0.0,0.0,127998.37482821058,0.0,0.0,8568.60786502079,811.2130791773986,0.9285714285714286,-1846.9876498069664,0.0,0.0
56,audits,node-011,0.0,0.0,0.0,0.0,0.0,0.0,0.0,0.0,8568.60786502079,811.2130791773986,0.9285714285714286,0.0,0.0,0.0
56,audits,node-012,0.0,0.0,19.904531039040336,0.0,0.0,19904.531039040336,0.0,0.0,8568.60786502079,811.2130791773986,0.9285714285714286,-180.09546896095966,0.0,0.0
56,audits,node-013,0.0,0.0,0.0,0.0,0.0,0.0,0.0,0.0,8568.60786502079,811.2130791773986,0.9285714285714286,0.0,0.0,0.0
56,audits,node-014,0.0,168.17800943162376,168.17800943162376,0.0,168178.00943162377,168178.00943162377,0.0,0.0,8568.60786502079,811.2130791773986,0.9285714285714286,-945.3596052531409,0.0,0.0
56,audits,node-015,0.0,0.0,123.85425516308109,0.0,0.0,123854.25516308109,0.0,0.0,8568.60786502079,811.2130791773986,0.9285714285714286,-784.1768871538143,0.0,0.0
56,audits,node-016,167.0795306823749,0.0,307.0019874482199,167079.5306823749,0.0,307001.9874482199,0.0,0.0,8568.60786502079,811.2130791773986,0.9285714285714286,-992.9980125517801,0.0,0.0
56,audits,node-017,0.0,0.0,0.0,0.0,0.0,0.0,0.0,0.0,8568.60786502079,811.2130791773986,0.9285714285714286,0.0,0.0,0.0
56,audits,node-018,0.0,0.0,44.97938178958124,0.0,0.0,44979.38178958124,0.0,0.0,8568.60786502079,811.2130791773986,0.9285714285714286,-755.0206182104187,0.0,0.0
56,audits,node-019,0.0,0.0,0.0,0.0,0.0,0.0,0.0,0.0,8568.60786502079,811.2130791773986,0.9285714285714286,-1598.6854329012172,0.0,0.0
56,audits,node-020,0.0,92.84890298459113,178.81114704225615,0.0,92848.90298459113,178811.14704225614,0.0,0.0,8568.60786502079,811.2130791773986,0.9285714285714286,-773.1642724717335,0.0,0.0
56,audits,node-021,0.0,0.0,0.0,0.0,0.0,0.0,0.0,0.0,8568.60786502079,811.2130791773986,0.9285714285714286,0.0,0.0,0.0
56,audits,node-022,0.0,0.0,0.0,0.0,0.0,0.0,0.0,0.0,8568.60786502079,811.2130791773986,0.9285714285714286,-696.9945602913498,0.0,0.0
56,audits,node-023,0.0,292.55581015122846,413.0989403985863,0.0,292555.81015122845,413098.9403985863,0.0,0.0,8568.60786502079,811.2130791773986,0.9285714285714286,-1586.9010596014134,0.0,0.0
56,audits,node-024,0.0,0.0,0.0,0.0,0.0,0.0,0.0,0.0,8568.60786502079,811.2130791773986,0.9285714285714286,0.0,0.0,0.0
56,audits,node-025,240.06152319109248,0.0,354.32287125507986,240061.52319109248,0.0,354322.87125507987,0.0,0.0,8568.60786502079,811.2130791773986,0.9285714285714286,-2542.6105273584294,0.0,0.0
56,audits,node-026,0.0,0.0,0.0,0.0,0.0,0.0,0.0,0.0,8568.60786502079,811.2130791773986,0.9285714285714286,0.0,0.0,0.0
56,audits,node-027,0.0,0.0,0.0,0.0,0.0,0.0,0.0,0.0,8568.60786502079,811.2130791773986,0.9285714285714286,0.0,0.0,0.0
56,audits,node-028,0.0,0.0,0.0,0.0,0.0,0.0,0.0,0.0,8568.60786502079,811.2130791773986,0.9285714285714286,0.0,0.0,0.0
56,audits,node-029,408.1821376232381,0.0,415.71118772574255,408182.1376232381,0.0,415711.1877257425,0.0,0.0,8568.60786502079,811.2130791773986,0.9285714285714286,-984.2888122742575,0.0,0.0
54,greedy,node-000,0.0,0.0,0.0,0.0,0.0,0.0,0.0,0.0,8196.86040026646,183.22563157927513,0.9,0.0,0.0,0.0
54,greedy,node-001,0.0,0.0,0.0,0.0,0.0,0.0,0.0,0.0,8196.86040026646,183.22563157927513,0.9,0.0,0.0,0.0
54,greedy,node-002,0.0,0.0,0.0,0.0,0.0,0.0,0.0,0.0,8196.86040026646,183.22563157927513,0.9,0.0,0.0,0.0
54,greedy,node-003,32.62054015826859,0.0,32.62054015826859,0.17803480810573633,0.0,0.17803480810573633,61.07521052642503,183.22563157927513,8196.86040026646,183.22563157927513,0.9,-91.61281578963755,-18.322563157927497,-61.07521052642503
54,greedy,node-004,0.0,0.0,0.0,0.0,0.0,0.0,0.0,0.0,8196.86040026646,183.22563157927513,0.9,0.0,0.0,0.0
54,greedy,node-005,0.0,0.0,0.0,0.0,0.0,0.0,0.0,0.0,8196.86040026646,183.22563157927513,0.9,0.0,0.0,0.0
54,greedy,node-006,0.0,0.0,0.0,0.0,0.0,0.0,0.0,0.0,8196.86040026646,183.22563157927513,0.9,0.0,0.0,0.0
54,greedy,node-007,0.0,0.0,0.0,0.0,0.0,0.0,0.0,0.0,8196.86040026646,183.22563157927513,0.9,0.0,0.0,0.0
54,greedy,node-008,0.0,0.0,0.0,0.0,0.0,0.0,0.0,0.0,8196.86040026646,183.22563157927513,0.9,0.0,0.0,0.0
54,greedy,node-009,0.0,0.0,0.0,0.0,0.0,0.0,0.0,0.0,8196.86040026646,183.22563157927513,0.9,0.0,0.0,0.0
54,greedy,node-010,0.0,0.0,0.0,0.0,0.0,0.0,0.0,0.0,8196.86040026646,183.22563157927513,0.9,0.0,0.0,0.0
54,greedy,node-011,0.0,0.0,0.0,0.0,0.0,0.0,0.0,0.0,8196.86040026646,183.22563157927513,0.9,-1.359282096237873,0.0,0.0
54,greedy,node-012,0.0,0.0,0.0,0.0,0.0,0.0,0.0,0.0,8196.86040026646,183.22563157927513,0.9,0.0,0.0,0.0
54,greedy,node-013,0.0,0.0,0.0,0.0,0.0,0.0,0.0,0.0,8196.86040026646,183.22563157927513,0.9,0.0,0.0,0.0
54,greedy,node-014,0.0,0.0,0.0,0.0,0.0,0.0,0.0,0.0,8196.86040026646,183.22563157927513,0.9,0.0,0.0,0.0
54,greedy,node-015,0.0,0.0,0.0,0.0,0.0,0.0,0.0,0.0,8196.86040026646,183.22563157927513,0.9,0.0,0.0,0.0
54,greedy,node-016,7.305372583614567,0.0,7.305372583614567,7305.372583614567,0.0,7305.372583614567,0.0,0.0,8196.86040026646,183.22563157927513,0.9,-24.783245109220008,7.805713124745001,0.0
54,greedy,node-017,0.0,0.0,0.0,0.0,0.0,0.0,0.0,0.0,8196.86040026646,183.22563157927513,0.9,0.0,0.0,0.0
54,greedy,node-018,0.0,0.0,0.0,0.0,0.0,0.0,0.0,0.0,8196.86040026646,183.22563157927513,0.9,0.0,0.0,0.0
54,greedy,node-019,0.0,0.0,0.0,0.0,0.0,0.0,0.0,0.0,8196.86040026646,183.22563157927513,0.9,0.0,0.0,0.0
54,greedy,node-020,0.0,0.0,0.0,0.0,0.0,0.0,0.0,0.0,8196.86040026646,183.22563157927513,0.9,0.0,0.0,0.0
54,greedy,node-021,0.0,0.0,0.0,0.0,0.0,0.0,0.0,0.0,8196.86040026646,183.22563157927513,0.9,0.0,0.0,0.0
54,greedy,node-022,0.0,0.0,0.0,0.0,0.0,0.0,0.0,0.0,8196.86040026646,183.22563157927513,0.9,-16.862524428955304,0.0,0.0
54,greedy,node-023,0.0,0.0,0.0,0.0,0.0,0.0,0.0,0.0,8196.86040026646,183.22563157927513,0.9,0.0,0.0,0.0
54,greedy,node-024,0.0,0.0,0.0,0.0,0.0,0.0,0.0,0.0,8196.86040026646,183.22563157927513,0.9,0.0,0.0,0.0
54,greedy,node-025,0.0,0.0,0.0,0.0,0.0,0.0,0.0,0.0,8196.86040026646,183.22563157927513,0.9,0.0,0.0,0.0
54,greedy,node-026,0.0,0.0,0.0,0.0,0.0,0.0,0.0,0.0,8196.86040026646,183.22563157927513,0.9,0.0,0.0,0.0
54,greedy,node-027,0.0,0.0,0.0,0.0,0.0,0.0,0.0,0.0,8196.86040026646,183.22563157927513,0.9,0.0,0.0,0.0
54,greedy,node-028,0.0,0.0,0.0,0.0,0.0,0.0,0.0,0.0,8196.86040026646,183.22563157927513,0.9,0.0,0.0,0.0
54,greedy,node-029,0.0,0.0,0.0,0.0,0.0,0.0,0.0,0.0,8196.86040026646,183.22563157927513,0.9,0.0,0.0,0.0
54,trust_vcg,node-000,0.0,0.0,0.0,0.0,0.0,0.0,0.0,0.0,8196.86040026646,1.27121314826082,0.9,0.0,0.0,0.0
54,trust_vcg,node-001,0.0,0.0,0.0,0.0,0.0,0.0,0.0,0.0,8196.86040026646,1.27121314826082,0.9,0.0,0.0,0.0
54,trust_vcg,node-002,0.0,0.0,0.0,0.0,0.0,0.0,0.0,0.0,8196.86040026646,1.27121314826082,0.9,-3380.5377825287187,0.0,0.0
54,trust_vcg,node-003,183.22563157927513,608.425001854424,621.1666737804878,144.13446858219717,478.6176123861102,488.64085038006584,-120.87920790458935,1.27121314826082,8196.86040026646,1.27121314826082,0.9,-10909.658397358628,-18.32256315792762,-153.60706790257643
54,trust_vcg,node-004,0.0,0.0,0.0,0.0,0.0,0.0,0.0,0.0,8196.86040026646,1.27121314826082,0.9,0.0,0.0,0.0
54,trust_vcg,node-005,0.0,0.0,0.0,0.0,0.0,0.0,0.0,0.0,8196.86040026646,1.27121314826082,0.9,0.0,0.0,0.0
54,trust_vcg,node-006,0.0,0.0,76.78729622567657,0.0,0.0,76787.29622567657,0.0,0.0,8196.86040026646,1.27121314826082,0.9,-1723.2127037743235,0.0,0.0
54,trust_vcg,node-007,0.0,0.0,129.3554059476387,0.0,0.0,129355.4059476387,0.0,0.0,8196.86040026646,1.27121314826082,0.9,-2270.6445940523613,0.0,0.0
54,trust_vcg,node-008,0.0,86.19976650271553,227.37169346276548,0.0,86199.76650271553,227371.69346276548,0.0,0.0,8196.86040026646,1.27121314826082,0.9,-3926.986909917789,0.0,0.0
54,trust_vcg,node-009,0.0,0.0,0.0,0.0,0.0,0.0,0.0,0.0,8196.86040026646,1.27121314826082,0.9,0.0,0.0,0.0
54,trust_vcg,node-010,0.0,0.0,113.95536905076494,0.0,0.0,113955.36905076494,0.0,0.0,8196.86040026646,1.27121314826082,0.9,-2286.044630949235,0.0,0.0
54,trust_vcg,node-011,0.0,0.0,0.0,0.0,0.0,0.0,0.0,0.0,8196.86040026646,1.27121314826082,0.9,-5621.640404896436,0.0,0.0
54,trust_vcg,node-012,0.0,0.0,0.0,0.0,0.0,0.0,0.0,0.0,8196.86040026646,1.27121314826082,0.9,-2263.091776628761,0.0,0.0
54,trust_vcg,node-013,0.0,0.0,0.0,0.0,0.0,0.0,0.0,0.0,8196.86040026646,1.27121314826082,0.9,0.0,0.0,0.0
54,trust_vcg,node-014,0.0,0.0,0.0,0.0,0.0,0.0,0.0,0.0,8196.86040026646,1.27121314826082,0.9,0.0,0.0,0.0
54,trust_vcg,node-015,0.0,0.0,0.0,0.0,0.0,0.0,0.0,0.0,8196.86040026646,1.27121314826082,0.9,0.0,0.0,0.0
54,trust_vcg,node-016,0.0,235.79301647997332,461.4638120446294,0.0,235793.0164799733,461463.81204462936,0.0,0.0,8196.86040026646,1.27121314826082,0.9,-5447.052825499341,0.0,0.0
54,trust_vcg,node-017,0.0,0.0,0.0,0.0,0.0,0.0,0.0,0.0,8196.86040026646,1.27121314826082,0.9,0.0,0.0,0.0
54,trust_vcg,node-018,0.0,0.0,0.0,0.0,0.0,0.0,0.0,0.0,8196.86040026646,1.27121314826082,0.9,0.0,0.0,0.0
54,trust_vcg,node-019,0.0,85.03838524336307,224.90913376185475,0.0,85038.38524336307,224909.13376185475,0.0,0.0,8196.86040026646,1.27121314826082,0.9,-3375.0908662381453,0.0,0.0
54,trust_vcg,node-020,0.0,0.0,121.87446723696267,0.0,0.0,121874.46723696266,0.0,0.0,8196.86040026646,1.27121314826082,0.9,-2278.1255327630374,0.0,0.0
54,trust_vcg,node-021,0.0,0.0,0.0,0.0,0.0,0.0,0.0,0.0,8196.86040026646,1.27121314826082,0.9,0.0,0.0,0.0
54,trust_vcg,node-022,0.0,0.0,268.1685961012753,0.0,0.0,268168.5961012753,0.0,0.0,8196.86040026646,1.27121314826082,0.9,-5554.757125514119,0.0,0.0
54,trust_vcg,node-023,0.0,211.55599024393183,211.55599024393183,0.0,211555.99024393182,211555.99024393182,0.0,0.0,8196.86040026646,1.27121314826082,0.9,-5549.0900224885645,0.0,0.0
54,trust_vcg,node-024,0.0,0.0,0.0,0.0,0.0,0.0,0.0,0.0,8196.86040026646,1.27121314826082,0.9,0.0,0.0,0.0
54,trust_vcg,node-025,0.0,0.0,0.0,0.0,0.0,0.0,0.0,0.0,8196.86040026646,1.27121314826082,0.9,0.0,0.0,0.0
54,trust_vcg,node-026,0.0,0.0,0.0,0.0,0.0,0.0,0.0,0.0,8196.86040026646,1.27121314826082,0.9,-3922.2345277705217,0.0,0.0
54,trust_vcg,node-027,0.0,0.0,0.0,0.0,0.0,0.0,0.0,0.0,8196.86040026646,1.27121314826082,0.9,0.0,0.0,0.0
54,trust_vcg,node-028,0.0,0.0,136.2384313374166,0.0,0.0,136238.4313374166,0.0,0.0,8196.86040026646,1.27121314826082,0.9,-2263.761568662583,0.0,0.0
54,trust_vcg,node-029,0.0,0.0,0.0,0.0,0.0,0.0,0.0,0.0,8196.86040026646,1.27121314826082,0.9,-1724.699924567327,0.0,0.0
54,contingent,node-000,0.0,0.0,0.0,0.0,0.0,0.0,0.0,0.0,8196.86040026646,167.27519520821528,0.9,0.0,0.0,0.0
54,contingent,node-001,0.0,0.0,0.0,0.0,0.0,0.0,0.0,0.0,8196.86040026646,167.27519520821528,0.9,0.0,0.0,0.0
54,contingent,node-002,0.0,0.0,0.0,0.0,0.0,0.0,0.0,0.0,8196.86040026646,167.27519520821528,0.9,-322.1511301148747,0.0,0.0
54,contingent,node-003,167.27519520821525,0.0,167.27519520821525,0.9999999999999998,0.0,0.9999999999999998,45.12477415536518,167.27519520821528,8196.86040026646,167.27519520821528,0.9,-167.27519520821525,-16.727519520821524,-276.53394964878277
54,contingent,node-004,0.0,0.0,0.0,0.0,0.0,0.0,0.0,0.0,8196.86040026646,167.27519520821528,0.9,0.0,0.0,0.0
54,contingent,node-005,0.0,0.0,0.0,0.0,0.0,0.0,0.0,0.0,8196.86040026646,167.27519520821528,0.9,0.0,0.0,0.0
54,contingent,node-006,0.0,0.0,0.0,0.0,0.0,0.0,0.0,0.0,8196.86040026646,167.27519520821528,0.9,-292.85081509729366,0.0,0.0
54,contingent,node-007,0.0,0.0,10.41102016007828,0.0,0.0,10411.02016007828,0.0,0.0,8196.86040026646,167.27519520821528,0.9,-282.5783762094452,0.0,0.0
54,contingent,node-008,0.0,36.19976650271553,36.19976650271553,0.0,36199.76650271553,36199.76650271553,0.0,0.0,8196.86040026646,167.27519520821528,0.9,-307.94763967115523,0.0,0.0
54,contingent,node-009,0.0,0.0,0.0,0.0,0.0,0.0,0.0,0.0,8196.86040026646,167.27519520821528,0.9,0.0,0.0,0.0
54,contingent,node-010,0.0,0.0,0.0,0.0,0.0,0.0,0.0,0.0,8196.86040026646,167.27519520821528,0.9,-344.1785237969402,0.0,0.0
54,contingent,node-011,0.0,0.0,0.0,0.0,0.0,0.0,0.0,0.0,8196.86040026646,167.27519520821528,0.9,-486.5616195857454,0.0,0.0
54,contingent,node-012,0.0,0.0,0.0,0.0,0.0,0.0,0.0,0.0,8196.86040026646,167.27519520821528,0.9,-252.36710651504478,0.0,0.0
54,contingent,node-013,0.0,0.0,0.0,0.0,0.0,0.0,0.0,0.0,8196.86040026646,167.27519520821528,0.9,0.0,0.0,0.0
54,contingent,node-014,0.0,0.0,0.0,0.0,0.0,0.0,0.0,0.0,8196.86040026646,167.27519520821528,0.9,0.0,0.0,0.0
54,contingent,node-015,0.0,0.0,0.0,0.0,0.0,0.0,0.0,0.0,8196.86040026646,167.27519520821528,0.9,0.0,0.0,0.0
54,contingent,node-016,0.0,36.62993704059942,51.13760808530196,0.0,36629.93704059942,51137.60808530196,0.0,0.0,8196.86040026646,167.27519520821528,0.9,-145.77554621522162,0.0,0.0
54,contingent,node-017,0.0,0.0,0.0,0.0,0.0,0.0,0.0,0.0,8196.86040026646,167.27519520821528,0.9,0.0,0.0,0.0
54,contingent,node-018,0.0,0.0,0.0,0.0,0.0,0.0,0.0,0.0,8196.86040026646,167.27519520821528,0.9,0.0,0.0,0.0
54,contingent,node-019,0.0,35.03838524336307,35.03838524336307,0.0,35038.38524336307,35038.38524336307,0.0,0.0,8196.86040026646,167.27519520821528,0.9,-300.36346495258096,0.0,0.0
54,contingent,node-020,0.0,0.0,0.0,0.0,0.0,0.0,0.0,0.0,8196.86040026646,167.27519520821528,0.9,-312.50213105214925,0.0,0.0
54,contingent,node-021,0.0,0.0,0.0,0.0,0.0,0.0,0.0,0.0,8196.86040026646,167.27519520821528,0.9,0.0,0.0,0.0
54,contingent,node-022,0.0,43.58272506510123,118.16859610127526,0.0,43582.72506510123,118168.59610127525,0.0,0.0,8196.86040026646,167.27519520821528,0.9,-219.02850205647337,0.0,0.0
54,contingent,node-023,0.0,61.583107981377225,61.583107981377225,0.0,61583.10798137722,61583.10798137722,0.0,0.0,8196.86040026646,167.27519520821528,0.9,-272.05847884953414,0.0,0.0
54,contingent,node-024,0.0,0.0,0.0,0.0,0.0,0.0,0.0,0.0,8196.86040026646,167.27519520821528,0.9,0.0,0.0,0.0
54,contingent,node-025,0.0,0.0,0.0,0.0,0.0,0.0,0.0,0.0,8196.86040026646,167.27519520821528,0.9,0.0,0.0,0.0
54,contingent,node-026,0.0,0.0,0.0,0.0,0.0,0.0,0.0,0.0,8196.86040026646,167.27519520821528,0.9,-288.9381110820885,0.0,0.0
54,contingent,node-027,0.0,0.0,0.0,0.0,0.0,0.0,0.0,0.0,8196.86040026646,167.27519520821528,0.9,0.0,0.0,0.0
54,contingent,node-028,0.0,0.0,18.443813559829067,0.0,0.0,18443.81355982907,0.0,0.0,8196.86040026646,167.27519520821528,0.9,-255.04627465033357,0.0,0.0
54,contingent,node-029,0.0,0.0,0.0,0.0,0.0,0.0,0.0,0.0,8196.86040026646,167.27519520821528,0.9,-298.79969826930716,0.0,0.0
54,capped,node-000,0.0,0.0,0.0,0.0,0.0,0.0,0.0,0.0,8196.86040026646,183.22563157927513,0.9,0.0,0.0,0.0
54,capped,node-001,0.0,0.0,0.0,0.0,0.0,0.0,0.0,0.0,8196.86040026646,183.22563157927513,0.9,0.0,0.0,0.0
54,capped,node-002,0.0,0.0,26.1994522862932,0.0,0.0,26199.452286293203,0.0,0.0,8196.86040026646,183.22563157927513,0.9,-80.53778252871868,0.0,0.0
54,capped,node-003,183.2256315792751,0.0,183.2256315792751,0.9999999999999999,0.0,0.9999999999999999,61.07521052642503,183.22563157927513,8196.86040026646,183.22563157927513,0.9,-91.61281578963755,-18.322563157927497,-237.678510640114
54,capped,node-004,0.0,0.0,0.0,0.0,0.0,0.0,0.0,0.0,8196.86040026646,183.22563157927513,0.9,0.0,0.0,0.0
54,capped,node-005,0.0,0.0,0.0,0.0,0.0,0.0,0.0,0.0,8196.86040026646,183.22563157927513,0.9,0.0,0.0,0.0
54,capped,node-006,0.0,0.0,0.0,0.0,0.0,0.0,0.0,0.0,8196.86040026646,183.22563157927513,0.9,-73.21270377432343,0.0,0.0
54,capped,node-007,0.0,0.0,10.41102016007828,0.0,0.0,10411.02016007828,0.0,0.0,8196.86040026646,183.22563157927513,0.9,-70.6445940523613,0.0,0.0
54,capped,node-008,0.0,36.19976650271553,36.19976650271553,0.0,36199.76650271553,36199.76650271553,0.0,0.0,8196.86040026646,183.22563157927513,0.9,-76.98690991778881,0.0,0.0
54,capped,node-009,0.0,0.0,0.0,0.0,0.0,0.0,0.0,0.0,8196.86040026646,183.22563157927513,0.9,0.0,0.0,0.0
54,capped,node-010,0.0,0.0,0.0,0.0,0.0,0.0,0.0,0.0,8196.86040026646,183.22563157927513,0.9,-86.04463094923506,0.0,0.0
54,capped,node-011,0.0,0.0,0.0,0.0,0.0,0.0,0.0,0.0,8196.86040026646,183.22563157927513,0.9,-121.64040489643634,0.0,0.0
54,capped,node-012,0.0,0.0,25.607881296832524,0.0,0.0,25607.881296832522,0.0,0.0,8196.86040026646,183.22563157927513,0.9,-63.091776628761195,0.0,0.0
54,capped,node-013,0.0,0.0,0.0,0.0,0.0,0.0,0.0,0.0,8196.86040026646,183.22563157927513,0.9,0.0,0.0,0.0
54,capped,node-014,0.0,0.0,0.0,0.0,0.0,0.0,0.0,0.0,8196.86040026646,183.22563157927513,0.9,0.0,0.0,0.0
54,capped,node-015,0.0,0.0,0.0,0.0,0.0,0.0,0.0,0.0,8196.86040026646,183.22563157927513,0.9,0.0,0.0,0.0
54,capped,node-016,0.0,36.62993704059942,51.13760808530196,0.0,36629.93704059942,51137.60808530196,0.0,0.0,8196.86040026646,183.22563157927513,0.9,-36.4438865538054,0.0,0.0
54,capped,node-017,0.0,0.0,0.0,0.0,0.0,0.0,0.0,0.0,8196.86040026646,183.22563157927513,0.9,0.0,0.0,0.0
54,capped,node-018,0.0,0.0,0.0,0.0,0.0,0.0,0.0,0.0,8196.86040026646,183.22563157927513,0.9,0.0,0.0,0.0
54,capped,node-019,0.0,35.03838524336307,35.03838524336307,0.0,35038.38524336307,35038.38524336307,0.0,0.0,8196.86040026646,183.22563157927513,0.9,-75.09086623814525,0.0,0.0
54,capped,node-020,0.0,0.0,0.0,0.0,0.0,0.0,0.0,0.0,8196.86040026646,183.22563157927513,0.9,-78.12553276303731,0.0,0.0
54,capped,node-021,0.0,0.0,0.0,0.0,0.0,0.0,0.0,0.0,8196.86040026646,183.22563157927513,0.9,0.0,0.0,0.0
54,capped,node-022,0.0,77.14051255776212,118.16859610127526,0.0,77140.51255776212,118168.59610127525,0.0,0.0,8196.86040026646,183.22563157927513,0.9,-54.75712551411834,0.0,0.0
54,capped,node-023,0.0,61.583107981377225,61.583107981377225,0.0,61583.10798137722,61583.10798137722,0.0,0.0,8196.86040026646,183.22563157927513,0.9,-68.01461971238352,0.0,0.0
54,capped,node-024,0.0,0.0,0.0,0.0,0.0,0.0,0.0,0.0,8196.86040026646,183.22563157927513,0.9,0.0,0.0,0.0
54,capped,node-025,0.0,0.0,0.0,0.0,0.0,0.0,0.0,0.0,8196.86040026646,183.22563157927513,0.9,0.0,0.0,0.0
54,capped,node-026,0.0,58.381007848549416,58.381007848549416,0.0,58381.007848549416,58381.007848549416,0.0,0.0,8196.86040026646,183.22563157927513,0.9,-72.23452777052213,0.0,0.0
54,capped,node-027,0.0,0.0,0.0,0.0,0.0,0.0,0.0,0.0,8196.86040026646,183.22563157927513,0.9,0.0,0.0,0.0
54,capped,node-028,0.0,0.0,18.443813559829067,0.0,0.0,18443.81355982907,0.0,0.0,8196.86040026646,183.22563157927513,0.9,-63.76156866258339,0.0,0.0
54,capped,node-029,0.0,0.0,0.0,0.0,0.0,0.0,0.0,0.0,8196.86040026646,183.22563157927513,0.9,-74.69992456732679,0.0,0.0
54,proper_scoring,node-000,0.0,0.0,0.0,0.0,0.0,0.0,0.0,0.0,8196.86040026646,1058.7699430851062,0.9,0.0,0.0,0.0
54,proper_scoring,node-001,0.0,0.0,0.0,0.0,0.0,0.0,0.0,0.0,8196.86040026646,1058.7699430851062,0.9,0.0,0.0,0.0
54,proper_scoring,node-002,0.0,0.0,76.1994522862932,0.0,0.0,76199.45228629319,0.0,0.0,8196.86040026646,1058.7699430851062,0.9,-308.092096098712,0.0,0.0
54,proper_scoring,node-003,167.27519520821545,8.505252123109017,175.78044733132435,0.1579901245787155,0.00803314466816645,0.16602326924688185,936.6195220322562,1058.7699430851062,8196.86040026646,1058.7699430851062,0.9,-1058.7699430851062,-16.727519520821488,-711.1057978394219
54,proper_scoring,node-004,0.0,0.0,0.0,0.0,0.0,0.0,0.0,0.0,8196.86040026646,1058.7699430851062,0.9,0.0,0.0,0.0
54,proper_scoring,node-005,0.0,0.0,0.0,0.0,0.0,0.0,0.0,0.0,8196.86040026646,1058.7699430851062,0.9,0.0,0.0,0.0
54,proper_scoring,node-006,0.0,0.0,76.78729622567657,0.0,0.0,76787.29622567657,0.0,0.0,8196.86040026646,1058.7699430851062,0.9,-223.21270377432342,0.0,0.0
54,proper_scoring,node-007,0.0,0.0,129.3554059476387,0.0,0.0,129355.4059476387,0.0,0.0,8196.86040026646,1058.7699430851062,0.9,-265.3083664123489,0.0,0.0
54,proper_scoring,node-008,0.0,86.19976650271553,227.37169346276548,0.0,86199.76650271553,227371.69346276548,0.0,0.0,8196.86040026646,1058.7699430851062,0.9,-303.64798991708193,0.0,0.0
54,proper_scoring,node-009,0.0,0.0,0.0,0.0,0.0,0.0,0.0,0.0,8196.86040026646,1058.7699430851062,0.9,0.0,0.0,0.0
54,proper_scoring,node-010,0.0,0.0,113.95536905076494,0.0,0.0,113955.36905076494,0.0,0.0,8196.86040026646,1058.7699430851062,0.9,-278.48125521826273,0.0,0.0
54,proper_scoring,node-011,0.0,0.0,85.01131984861055,0.0,0.0,85011.31984861055,0.0,0.0,8196.86040026646,1058.7699430851062,0.9,-420.24710850529783,0.0,0.0
54,proper_scoring,node-012,0.0,0.0,75.60788129683252,0.0,0.0,75607.88129683252,0.0,0.0,8196.86040026646,1058.7699430851062,0.9,-241.72323493775724,0.0,0.0
54,proper_scoring,node-013,0.0,0.0,0.0,0.0,0.0,0.0,0.0,0.0,8196.86040026646,1058.7699430851062,0.9,0.0,0.0,0.0
54,proper_scoring,node-014,0.0,0.0,0.0,0.0,0.0,0.0,0.0,0.0,8196.86040026646,1058.7699430851062,0.9,0.0,0.0,0.0
54,proper_scoring,node-015,0.0,0.0,0.0,0.0,0.0,0.0,0.0,0.0,8196.86040026646,1058.7699430851062,0.9,0.0,0.0,0.0
54,proper_scoring,node-016,0.0,235.79301647997332,461.4638120446294,0.0,235793.0164799733,461463.81204462936,0.0,0.0,8196.86040026646,1058.7699430851062,0.9,-145.77554621522162,0.0,0.0
54,proper_scoring,node-017,0.0,0.0,0.0,0.0,0.0,0.0,0.0,0.0,8196.86040026646,1058.7699430851062,0.9,0.0,0.0,0.0
54,proper_scoring,node-018,0.0,0.0,0.0,0.0,0.0,0.0,0.0,0.0,8196.86040026646,1058.7699430851062,0.9,0.0,0.0,0.0
54,proper_scoring,node-019,0.0,85.03838524336307,224.90913376185475,0.0,85038.38524336307,224909.13376185475,0.0,0.0,8196.86040026646,1058.7699430851062,0.9,-297.80588708753635,0.0,0.0
54,proper_scoring,node-020,0.0,0.0,121.87446723696267,0.0,0.0,121874.46723696266,0.0,0.0,8196.86040026646,1058.7699430851062,0.9,-271.90425928208276,0.0,0.0
54,proper_scoring,node-021,0.0,0.0,0.0,0.0,0.0,0.0,0.0,0.0,8196.86040026646,1058.7699430851062,0.9,0.0,0.0,0.0
54,proper_scoring,node-022,0.0,293.5827250651012,332.0926378314965,0.0,293582.72506510123,332092.6378314965,0.0,0.0,8196.86040026646,1058.7699430851062,0.9,-219.02850205647337,0.0,0.0
54,proper_scoring,node-023,0.0,211.55599024393183,364.9621073153671,0.0,211555.99024393182,364962.1073153671,0.0,0.0,8196.86040026646,1058.7699430851062,0.9,-272.05847884953414,0.0,0.0
54,proper_scoring,node-024,0.0,0.0,0.0,0.0,0.0,0.0,0.0,0.0,8196.86040026646,1058.7699430851062,0.9,0.0,0.0,0.0
54,proper_scoring,node-025,0.0,0.0,0.0,0.0,0.0,0.0,0.0,0.0,8196.86040026646,1058.7699430851062,0.9,0.0,0.0,0.0
54,proper_scoring,node-026,0.0,58.38100784854943,58.38100784854943,0.0,58381.00784854943,58381.00784854943,0.0,0.0,8196.86040026646,1058.7699430851062,0.9,-288.9381110820885,0.0,0.0
54,proper_scoring,node-027,0.0,0.0,0.0,0.0,0.0,0.0,0.0,0.0,8196.86040026646,1058.7699430851062,0.9,0.0,0.0,0.0
54,proper_scoring,node-028,0.0,0.0,136.2384313374166,0.0,0.0,136238.4313374166,0.0,0.0,8196.86040026646,1058.7699430851062,0.9,-244.18077532261006,0.0,0.0
54,proper_scoring,node-029,0.0,0.0,0.0,0.0,0.0,0.0,0.0,0.0,8196.86040026646,1058.7699430851062,0.9,-224.6999245673268,0.0,0.0
54,audits,node-000,0.0,0.0,0.0,0.0,0.0,0.0,0.0,0.0,8196.86040026646,1001.2712131482608,0.9,0.0,0.0,0.0
54,audits,node-001,0.0,0.0,0.0,0.0,0.0,0.0,0.0,0.0,8196.86040026646,1001.2712131482608,0.9,0.0,0.0,0.0
54,audits,node-002,0.0,0.0,0.0,0.0,0.0,0.0,0.0,0.0,8196.86040026646,1001.2712131482608,0.9,-1880.5377825287187,0.0,0.0
54,audits,node-003,183.2256315792754,0.0,183.2256315792754,0.18299300846088012,0.0,0.18299300846088012,879.1207920954105,1001.2712131482608,8196.86040026646,1001.2712131482608,0.9,-3909.658397358623,-18.322563157927334,-653.6070679025762
54,audits,node-004,0.0,0.0,0.0,0.0,0.0,0.0,0.0,0.0,8196.86040026646,1001.2712131482608,0.9,0.0,0.0,0.0
54,audits,node-005,0.0,0.0,0.0,0.0,0.0,0.0,0.0,0.0,8196.86040026646,1001.2712131482608,0.9,0.0,0.0,0.0
54,audits,node-006,0.0,0.0,76.78729622567657,0.0,0.0,76787.29622567657,0.0,0.0,8196.86040026646,1001.2712131482608,0.9,-1223.2127037743235,0.0,0.0
54,audits,node-007,0.0,0.0,129.3554059476387,0.0,0.0,129355.4059476387,0.0,0.0,8196.86040026646,1001.2712131482608,0.9,-1270.6445940523613,0.0,0.0
54,audits,node-008,0.0,86.19976650271553,227.37169346276548,0.0,86199.76650271553,227371.69346276548,0.0,0.0,8196.86040026646,1001.2712131482608,0.9,-1926.986909917789,0.0,0.0
54,audits,node-009,0.0,0.0,0.0,0.0,0.0,0.0,0.0,0.0,8196.86040026646,1001.2712131482608,0.9,0.0,0.0,0.0
54,audits,node-010,0.0,0.0,113.95536905076494,0.0,0.0,113955.36905076494,0.0,0.0,8196.86040026646,1001.2712131482608,0.9,-1286.044630949235,0.0,0.0
54,audits,node-011,0.0,0.0,0.0,0.0,0.0,0.0,0.0,0.0,8196.86040026646,1001.2712131482608,0.9,-2121.6404048964364,0.0,0.0
54,audits,node-012,0.0,0.0,75.60788129683252,0.0,0.0,75607.88129683252,0.0,0.0,8196.86040026646,1001.2712131482608,0.9,-1263.0917766287612,0.0,0.0
54,audits,node-013,0.0,0.0,0.0,0.0,0.0,0.0,0.0,0.0,8196.86040026646,1001.2712131482608,0.9,0.0,0.0,0.0
54,audits,node-014,0.0,0.0,0.0,0.0,0.0,0.0,0.0,0.0,8196.86040026646,1001.2712131482608,0.9,0.0,0.0,0.0
54,audits,node-015,0.0,0.0,0.0,0.0,0.0,0.0,0.0,0.0,8196.86040026646,1001.2712131482608,0.9,0.0,0.0,0.0
54,audits,node-016,0.0,235.79301647997332,461.4638120446294,0.0,235793.0164799733,461463.81204462936,0.0,0.0,8196.86040026646,1001.2712131482608,0.9,-1947.0528254993412,0.0,0.0
54,audits,node-017,0.0,0.0,0.0,0.0,0.0,0.0,0.0,0.0,8196.86040026646,1001.2712131482608,0.9,0.0,0.0,0.0
54,audits,node-018,0.0,0.0,0.0,0.0,0.0,0.0,0.0,0.0,8196.86040026646,1001.2712131482608,0.9,0.0,0.0,0.0
54,audits,node-019,0.0,85.03838524336307,224.90913376185475,0.0,85038.38524336307,224909.13376185475,0.0,0.0,8196.86040026646,1001.2712131482608,0.9,-1875.0908662381455,0.0,0.0
54,audits,node-020,0.0,0.0,121.87446723696267,0.0,0.0,121874.46723696266,0.0,0.0,8196.86040026646,1001.2712131482608,0.9,-1278.1255327630372,0.0,0.0
54,audits,node-021,0.0,0.0,0.0,0.0,0.0,0.0,0.0,0.0,8196.86040026646,1001.2712131482608,0.9,0.0,0.0,0.0
54,audits,node-022,0.0,277.1405125577621,277.1405125577621,0.0,277140.5125577621,277140.5125577621,0.0,0.0,8196.86040026646,1001.2712131482608,0.9,-2054.7571255141183,0.0,0.0
54,audits,node-023,0.0,211.55599024393183,211.55599024393183,0.0,211555.99024393182,211555.99024393182,0.0,0.0,8196.86040026646,1001.2712131482608,0.9,-2049.090022488565,0.0,0.0
54,audits,node-024,0.0,0.0,0.0,0.0,0.0,0.0,0.0,0.0,8196.86040026646,1001.2712131482608,0.9,0.0,0.0,0.0
54,audits,node-025,0.0,0.0,0.0,0.0,0.0,0.0,0.0,0.0,8196.86040026646,1001.2712131482608,0.9,0.0,0.0,0.0
54,audits,node-026,0.0,0.0,0.0,0.0,0.0,0.0,0.0,0.0,8196.86040026646,1001.2712131482608,0.9,-1922.234527770522,0.0,0.0
54,audits,node-027,0.0,0.0,0.0,0.0,0.0,0.0,0.0,0.0,8196.86040026646,1001.2712131482608,0.9,0.0,0.0,0.0
54,audits,node-028,0.0,0.0,136.2384313374166,0.0,0.0,136238.4313374166,0.0,0.0,8196.86040026646,1001.2712131482608,0.9,-1263.7615686625834,0.0,0.0
54,audits,node-029,0.0,0.0,0.0,0.0,0.0,0.0,0.0,0.0,8196.86040026646,1001.2712131482608,0.9,-1224.6999245673267,0.0,0.0
44,greedy,node-000,0.0,0.0,0.0,0.0,0.0,0.0,0.0,0.0,8775.437526321099,186.6670457018819,0.9,0.0,0.0,0.0
44,greedy,node-001,0.0,0.0,0.0,0.0,0.0,0.0,0.0,0.0,8775.437526321099,186.6670457018819,0.9,0.0,0.0,0.0
44,greedy,node-002,0.0,0.0,0.0,0.0,0.0,0.0,0.0,0.0,8775.437526321099,186.6670457018819,0.9,0.0,0.0,0.0
44,greedy,node-003,0.0,0.0,0.0,0.0,0.0,0.0,0.0,0.0,8775.437526321099,186.6670457018819,0.9,0.0,0.0,0.0
44,greedy,node-004,0.0,0.0,0.0,0.0,0.0,0.0,0.0,0.0,8775.437526321099,186.6670457018819,0.9,0.0,0.0,0.0
44,greedy,node-005,0.0,0.0,0.0,0.0,0.0,0.0,0.0,0.0,8775.437526321099,186.6670457018819,0.9,0.0,0.0,0.0
44,greedy,node-006,0.0,0.0,0.0,0.0,0.0,0.0,0.0,0.0,8775.437526321099,186.6670457018819,0.9,0.0,0.0,0.0
44,greedy,node-007,0.0,0.0,0.0,0.0,0.0,0.0,0.0,0.0,8775.437526321099,186.6670457018819,0.9,0.0,0.0,0.0
44,greedy,node-008,7.442520280168203,0.0,7.442520280168203,7442.5202801682035,0.0,7442.5202801682035,0.0,0.0,8775.437526321099,186.6670457018819,0.9,-31.583440083842547,0.0,0.0
44,greedy,node-009,0.0,0.0,0.0,0.0,0.0,0.0,0.0,0.0,8775.437526321099,186.6670457018819,0.9,0.0,0.0,0.0
44,greedy,node-010,0.0,0.0,0.0,0.0,0.0,0.0,0.0,0.0,8775.437526321099,186.6670457018819,0.9,0.0,0.0,0.0
44,greedy,node-011,0.0,0.0,0.0,0.0,0.0,0.0,0.0,0.0,8775.437526321099,186.6670457018819,0.9,-10.667846574448992,0.0,0.0
44,greedy,node-012,0.0,0.0,0.0,0.0,0.0,0.0,0.0,0.0,8775.437526321099,186.6670457018819,0.9,0.0,0.0,0.0
44,greedy,node-013,0.0,0.0,0.0,0.0,0.0,0.0,0.0,0.0,8775.437526321099,186.6670457018819,0.9,0.0,0.0,0.0
44,greedy,node-014,0.0,0.0,0.0,0.0,0.0,0.0,0.0,0.0,8775.437526321099,186.6670457018819,0.9,0.0,0.0,0.0
44,greedy,node-015,0.0,0.0,0.0,0.0,0.0,0.0,0.0,0.0,8775.437526321099,186.6670457018819,0.9,0.0,0.0,0.0
44,greedy,node-016,0.0,0.0,0.0,0.0,0.0,0.0,19.91898583502528,59.75695750507583,8775.437526321099,186.6670457018819,0.9,-49.645486292853235,-2.3089255948842684,-19.91898583502528
44,greedy,node-017,0.0,0.0,0.0,0.0,0.0,0.0,0.0,0.0,8775.437526321099,186.6670457018819,0.9,0.0,0.0,0.0
44,greedy,node-018,0.0,0.0,0.0,0.0,0.0,0.0,0.0,0.0,8775.437526321099,186.6670457018819,0.9,0.0,0.0,0.0
44,greedy,node-019,0.0,0.0,0.0,0.0,0.0,0.0,0.0,0.0,8775.437526321099,186.6670457018819,0.9,-35.796463732400085,0.0,0.0
44,greedy,node-020,0.0,0.0,0.0,0.0,0.0,0.0,0.0,0.0,8775.437526321099,186.6670457018819,0.9,0.0,0.0,0.0
44,greedy,node-021,0.0,0.0,0.0,0.0,0.0,0.0,0.0,0.0,8775.437526321099,186.6670457018819,0.9,0.0,0.0,0.0
44,greedy,node-022,0.0,0.0,0.0,0.0,0.0,0.0,0.0,0.0,8775.437526321099,186.6670457018819,0.9,0.0,0.0,0.0
44,greedy,node-023,0.0,0.0,0.0,0.0,0.0,0.0,0.0,0.0,8775.437526321099,186.6670457018819,0.9,0.0,0.0,0.0
44,greedy,node-024,0.0,0.0,0.0,0.0,0.0,0.0,26.624956237134583,79.87486871140375,8775.437526321099,186.6670457018819,0.9,-61.243438428197805,-3.709524810258401,-26.624956237134583
44,greedy,node-025,0.0,0.0,0.0,0.0,0.0,0.0,0.0,0.0,8775.437526321099,186.6670457018819,0.9,0.0,0.0,0.0
44,greedy,node-026,0.0,0.0,0.0,0.0,0.0,0.0,0.0,0.0,8775.437526321099,186.6670457018819,0.9,0.0,0.0,0.0
44,greedy,node-027,0.0,0.0,0.0,0.0,0.0,0.0,15.678406495134114,47.03521948540234,8775.437526321099,186.6670457018819,0.9,-32.71707083630559,-3.232026620585115,-15.678406495134114
44,greedy,node-028,0.0,0.0,0.0,0.0,0.0,0.0,0.0,0.0,8775.437526321099,186.6670457018819,0.9,0.0,0.0,0.0
44,greedy,node-029,0.0,0.0,0.0,0.0,0.0,0.0,0.0,0.0,8775.437526321099,186.6670457018819,0.9,0.0,0.0,0.0
44,trust_vcg,node-000,0.0,0.0,0.0,0.0,0.0,0.0,0.0,0.0,8748.184561033635,743.6273681918401,0.95,0.0,0.0,0.0
44,trust_vcg,node-001,0.0,0.0,0.0,0.0,0.0,0.0,0.0,0.0,8748.184561033635,743.6273681918401,0.95,0.0,0.0,0.0
44,trust_vcg,node-002,0.0,0.0,0.0,0.0,0.0,0.0,0.0,0.0,8748.184561033635,743.6273681918401,0.95,0.0,0.0,0.0
44,trust_vcg,node-003,0.0,0.0,56.79302903840484,0.0,0.0,56793.029038404835,0.0,0.0,8748.184561033635,743.6273681918401,0.95,-2244.305876003512,0.0,0.0
44,trust_vcg,node-004,0.0,0.0,0.0,0.0,0.0,0.0,0.0,0.0,8748.184561033635,743.6273681918401,0.95,0.0,0.0,0.0
44,trust_vcg,node-005,0.0,0.0,0.0,0.0,0.0,0.0,0.0,0.0,8748.184561033635,743.6273681918401,0.95,0.0,0.0,0.0
44,trust_vcg,node-006,232.17263808724567,0.0,422.10531518365497,232172.63808724566,0.0,422105.31518365495,0.0,0.0,8748.184561033635,743.6273681918401,0.95,-4977.894684816346,0.0,0.0
44,trust_vcg,node-007,0.0,0.0,0.0,0.0,0.0,0.0,0.0,0.0,8748.184561033635,743.6273681918401,0.95,-5586.920173795681,0.0,0.0
44,trust_vcg,node-008,50.88114170518022,0.0,403.53702424812064,50881.14170518022,0.0,403537.0242481206,0.0,0.0,8748.184561033635,743.6273681918401,0.95,-5531.583440083842,0.0,0.0
44,trust_vcg,node-009,0.0,0.0,0.0,0.0,0.0,0.0,0.0,0.0,8748.184561033635,743.6273681918401,0.95,0.0,0.0,0.0
44,trust_vcg,node-010,0.0,0.0,28.22222262764825,0.0,0.0,28222.22262764825,0.0,0.0,8748.184561033635,743.6273681918401,0.95,-571.7777773723518,0.0,0.0
44,trust_vcg,node-011,0.0,0.23192289764915586,0.23192289764915586,0.0,0.00029784385595737486,0.00029784385595737486,592.7363050502609,778.6727609460808,8748.184561033635,743.6273681918401,0.95,-6139.220419024216,-27.890468384373207,-592.7363050502609
44,trust_vcg,node-012,0.0,0.0,0.0,0.0,0.0,0.0,0.0,0.0,8748.184561033635,743.6273681918401,0.95,0.0,0.0,0.0
44,trust_vcg,node-013,0.0,0.0,0.0,0.0,0.0,0.0,0.0,0.0,8748.184561033635,743.6273681918401,0.95,-3346.166125390132,0.0,0.0
44,trust_vcg,node-014,0.0,0.0,78.96668579676975,0.0,0.0,78966.68579676976,0.0,0.0,8748.184561033635,743.6273681918401,0.95,-5560.396596684034,0.0,0.0
44,trust_vcg,node-015,0.0,0.0,0.0,0.0,0.0,0.0,0.0,0.0,8748.184561033635,743.6273681918401,0.95,0.0,0.0,0.0
44,trust_vcg,node-016,284.0704782246481,551.6632912258465,629.1582280646161,284070.4782246481,551663.2912258465,629158.2280646161,0.0,0.0,8748.184561033635,743.6273681918401,0.95,-5525.831645612922,52.47252849647283,0.0
44,trust_vcg,node-017,0.0,0.0,0.0,0.0,0.0,0.0,0.0,0.0,8748.184561033635,743.6273681918401,0.95,-7134.982959410025,0.0,0.0
44,trust_vcg,node-018,0.0,0.0,0.0,0.0,0.0,0.0,0.0,0.0,8748.184561033635,743.6273681918401,0.95,0.0,0.0,0.0
44,trust_vcg,node-019,0.0,0.0,0.0,0.0,0.0,0.0,0.0,0.0,8748.184561033635,743.6273681918401,0.95,-5497.336980531945,0.0,0.0
44,trust_vcg,node-020,0.0,0.0,0.0,0.0,0.0,0.0,0.0,0.0,8748.184561033635,743.6273681918401,0.95,0.0,0.0,0.0
44,trust_vcg,node-021,0.0,0.0,0.0,0.0,0.0,0.0,0.0,0.0,8748.184561033635,743.6273681918401,0.95,-6659.606171608116,0.0,0.0
44,trust_vcg,node-022,0.0,0.0,0.0,0.0,0.0,0.0,0.0,0.0,8748.184561033635,743.6273681918401,0.95,0.0,0.0,0.0
44,trust_vcg,node-023,0.0,0.0,0.0,0.0,0.0,0.0,0.0,0.0,8748.184561033635,743.6273681918401,0.95,0.0,0.0,0.0
44,trust_vcg,node-024,0.0,162.5961803120766,640.8324767197059,0.0,0.7419345614614407,2.924150872872443,202.77987286735154,219.15164592386623,8748.184561033635,743.6273681918401,0.95,-11237.398355058414,-479.1143089273628,-202.77987286735154
44,trust_vcg,node-025,0.0,254.66922485796852,526.4978713284492,0.0,254669.2248579685,526497.8713284491,0.0,0.0,8748.184561033635,743.6273681918401,0.95,-5552.995742656898,0.0,0.0
44,trust_vcg,node-026,0.0,0.0,396.31335052633983,0.0,0.0,396313.35052633984,0.0,0.0,8748.184561033635,743.6273681918401,0.95,-5603.68664947366,0.0,0.0
44,trust_vcg,node-027,371.7034057812127,309.9008430190133,543.1299022656369,371703.4057812127,309900.8430190133,543129.902265637,-273.88861563734287,-254.19703867810682,8748.184561033635,743.6273681918401,0.95,-10805.736029105296,92.27646566295758,273.88861563734287
44,trust_vcg,node-028,0.0,0.0,0.0,0.0,0.0,0.0,0.0,0.0,8748.184561033635,743.6273681918401,0.95,0.0,0.0,0.0
44,trust_vcg,node-029,0.0,0.0,0.0,0.0,0.0,0.0,0.0,0.0,8748.184561033635,743.6273681918401,0.95,0.0,0.0,0.0
44,contingent,node-000,0.0,0.0,0.0,0.0,0.0,0.0,0.0,0.0,8748.184561033635,327.728252551931,0.95,0.0,0.0,0.0
44,contingent,node-001,0.0,0.0,0.0,0.0,0.0,0.0,0.0,0.0,8748.184561033635,327.728252551931,0.95,0.0,0.0,0.0
44,contingent,node-002,0.0,0.0,0.0,0.0,0.0,0.0,0.0,0.0,8748.184561033635,327.728252551931,0.95,0.0,0.0,0.0
44,contingent,node-003,0.0,0.0,6.793953381969914,0.0,0.0,6793.953381969914,0.0,0.0,8748.184561033635,327.728252551931,0.95,-186.93768060099575,0.0,0.0
44,contingent,node-004,0.0,0.0,0.0,0.0,0.0,0.0,0.0,0.0,8748.184561033635,327.728252551931,0.95,0.0,0.0,0.0
44,contingent,node-005,0.0,0.0,0.0,0.0,0.0,0.0,0.0,0.0,8748.184561033635,327.728252551931,0.95,0.0,0.0,0.0
44,contingent,node-006,0.0,0.0,0.0,0.0,0.0,0.0,0.0,0.0,8748.184561033635,327.728252551931,0.95,-111.57873926538011,0.0,0.0
44,contingent,node-007,0.0,0.0,0.0,0.0,0.0,0.0,0.0,0.0,8748.184561033635,327.728252551931,0.95,-347.68069518272523,0.0,0.0
44,contingent,node-008,1.3293171125313084,46.86012976204615,103.5370242481207,1329.3171125313083,46860.12976204615,103537.0242481207,0.0,0.0,8748.184561033635,327.728252551931,0.95,-126.33376033537017,0.0,0.0
44,contingent,node-009,0.0,0.0,0.0,0.0,0.0,0.0,0.0,0.0,8748.184561033635,327.728252551931,0.95,0.0,0.0,0.0
44,contingent,node-010,0.0,0.0,0.0,0.0,0.0,0.0,0.0,0.0,8748.184561033635,327.728252551931,0.95,-87.11110948940697,0.0,0.0
44,contingent,node-011,0.0,0.0,36.17321686776239,0.0,0.0,0.12969741622564582,92.96822794790998,278.9046838437299,8748.184561033635,327.728252551931,0.95,-278.9046838437299,-27.89046838437301,-92.96822794790998
44,contingent,node-012,0.0,0.0,0.0,0.0,0.0,0.0,0.0,0.0,8748.184561033635,327.728252551931,0.95,0.0,0.0,0.0
44,contingent,node-013,0.0,0.0,0.0,0.0,0.0,0.0,0.0,0.0,8748.184561033635,327.728252551931,0.95,-184.6645015605283,0.0,0.0
44,contingent,node-014,0.0,3.924505745925618,28.966685796769752,0.0,3924.505745925618,28966.68579676975,0.0,0.0,8748.184561033635,327.728252551931,0.95,-241.58638673613595,0.0,0.0
44,contingent,node-015,0.0,0.0,0.0,0.0,0.0,0.0,0.0,0.0,8748.184561033635,327.728252551931,0.95,0.0,0.0,0.0
44,contingent,node-016,4.289886287076747,51.66329122584647,129.15822806461617,4289.886287076747,51663.29122584647,129158.22806461617,0.0,0.0,8748.184561033635,327.728252551931,0.95,-103.32658245169294,2.918610266418204,0.0
44,contingent,node-017,0.0,0.0,0.0,0.0,0.0,0.0,0.0,0.0,8748.184561033635,327.728252551931,0.95,-145.48231855944462,0.0,0.0
44,contingent,node-018,0.0,0.0,0.0,0.0,0.0,0.0,0.0,0.0,8748.184561033635,327.728252551931,0.95,0.0,0.0,0.0
44,contingent,node-019,0.0,0.0,0.0,0.0,0.0,0.0,0.0,0.0,8748.184561033635,327.728252551931,0.95,-154.24543428924673,0.0,0.0
44,contingent,node-020,0.0,0.0,0.0,0.0,0.0,0.0,0.0,0.0,8748.184561033635,327.728252551931,0.95,0.0,0.0,0.0
44,contingent,node-021,0.0,0.0,0.0,0.0,0.0,0.0,0.0,0.0,8748.184561033635,327.728252551931,0.95,-291.06884350048847,0.0,0.0
44,contingent,node-022,0.0,0.0,0.0,0.0,0.0,0.0,0.0,0.0,8748.184561033635,327.728252551931,0.95,0.0,0.0,0.0
44,contingent,node-023,0.0,0.0,0.0,0.0,0.0,0.0,0.0,0.0,8748.184561033635,327.728252551931,0.95,0.0,0.0,0.0
44,contingent,node-024,0.0,51.21163805525306,188.85032669800535,0.0,2.0853631380658486,7.690078366226302,8.185886528257342,24.557659584772026,8748.184561033635,327.728252551931,0.95,-146.65981529251025,-5.042813648117501,-8.185886528257342
44,contingent,node-025,0.0,54.6692248579685,54.6692248579685,0.0,54669.224857968504,54669.224857968504,0.0,0.0,8748.184561033635,327.728252551931,0.95,-211.98297062759312,0.0,0.0
44,contingent,node-026,0.0,0.0,0.0,0.0,0.0,0.0,0.0,0.0,8748.184561033635,327.728252551931,0.95,-414.74659789464056,0.0,0.0
44,contingent,node-027,0.6533321477796772,18.77260680881581,32.87568211489115,0.026923868562125104,0.7736205848842722,1.35480941380223,4.574332164193077,24.26590912342909,8748.184561033635,327.728252551931,0.95,-323.0729111347442,0.21648546260299462,-4.574332164193077
44,contingent,node-028,0.0,0.0,0.0,0.0,0.0,0.0,0.0,0.0,8748.184561033635,327.728252551931,0.95,0.0,0.0,0.0
44,contingent,node-029,0.0,0.0,0.0,0.0,0.0,0.0,0.0,0.0,8748.184561033635,327.728252551931,0.95,0.0,0.0,0.0
44,capped,node-000,0.0,0.0,0.0,0.0,0.0,0.0,0.0,0.0,8748.184561033635,332.99970886735593,0.95,0.0,0.0,0.0
44,capped,node-001,0.0,0.0,0.0,0.0,0.0,0.0,0.0,0.0,8748.184561033635,332.99970886735593,0.95,0.0,0.0,0.0
44,capped,node-002,0.0,0.0,0.0,0.0,0.0,0.0,0.0,0.0,8748.184561033635,332.99970886735593,0.95,0.0,0.0,0.0
44,capped,node-003,0.0,0.0,6.793953381969914,0.0,0.0,6793.953381969914,0.0,0.0,8748.184561033635,332.99970886735593,0.95,-46.73442015024894,0.0,0.0
44,capped,node-004,0.0,0.0,0.0,0.0,0.0,0.0,0.0,0.0,8748.184561033635,332.99970886735593,0.95,0.0,0.0,0.0
44,capped,node-005,0.0,0.0,0.0,0.0,0.0,0.0,0.0,0.0,8748.184561033635,332.99970886735593,0.95,0.0,0.0,0.0
44,capped,node-006,0.0,0.0,0.0,0.0,0.0,0.0,0.0,0.0,8748.184561033635,332.99970886735593,0.95,-27.894684816345027,0.0,0.0
44,capped,node-007,0.0,0.0,0.0,0.0,0.0,0.0,0.0,0.0,8748.184561033635,332.99970886735593,0.95,-86.92017379568131,0.0,0.0
44,capped,node-008,1.3293171125313084,63.166880167685086,110.54204029344892,1329.3171125313083,63166.880167685085,110542.04029344892,0.0,0.0,8748.184561033635,332.99970886735593,0.95,-31.583440083842547,0.0,0.0
44,capped,node-009,0.0,0.0,0.0,0.0,0.0,0.0,0.0,0.0,8748.184561033635,332.99970886735593,0.95,0.0,0.0,0.0
44,capped,node-010,0.0,0.0,0.0,0.0,0.0,0.0,0.0,0.0,8748.184561033635,332.99970886735593,0.95,-21.77777737235175,0.0,0.0
44,capped,node-011,0.0,0.0,36.17321686776239,0.0,0.0,0.12969741622564582,92.96822794790998,278.9046838437299,8748.184561033635,332.99970886735593,0.95,-139.45234192186496,-27.89046838437301,-92.96822794790998
44,capped,node-012,0.0,0.0,0.0,0.0,0.0,0.0,0.0,0.0,8748.184561033635,332.99970886735593,0.95,0.0,0.0,0.0
44,capped,node-013,0.0,0.0,0.0,0.0,0.0,0.0,0.0,0.0,8748.184561033635,332.99970886735593,0.95,-46.16612539013207,0.0,0.0
44,capped,node-014,0.0,44.75636827781298,44.75636827781298,0.0,44756.36827781298,44756.36827781298,0.0,0.0,8748.184561033635,332.99970886735593,0.95,-60.39659668403398,0.0,0.0
44,capped,node-015,0.0,0.0,0.0,0.0,0.0,0.0,0.0,0.0,8748.184561033635,332.99970886735593,0.95,0.0,0.0,0.0
44,capped,node-016,4.289886287076747,51.66329122584647,129.15822806461617,4289.886287076747,51663.29122584647,129158.22806461617,0.0,0.0,8748.184561033635,332.99970886735593,0.95,-25.831645612923232,2.918610266418204,0.0
44,capped,node-017,0.0,0.0,9.295527949281272,0.0,0.0,9295.527949281272,0.0,0.0,8748.184561033635,332.99970886735593,0.95,-36.370579639861155,0.0,0.0
44,capped,node-018,0.0,0.0,0.0,0.0,0.0,0.0,0.0,0.0,8748.184561033635,332.99970886735593,0.95,0.0,0.0,0.0
44,capped,node-019,0.0,77.12271714462338,77.12271714462338,0.0,77122.71714462338,77122.71714462338,0.0,0.0,8748.184561033635,332.99970886735593,0.95,-38.561358572311676,0.0,0.0
44,capped,node-020,0.0,0.0,0.0,0.0,0.0,0.0,0.0,0.0,8748.184561033635,332.99970886735593,0.95,0.0,0.0,0.0
44,capped,node-021,0.0,0.0,32.880222364587524,0.0,0.0,32880.22236458752,0.0,0.0,8748.184561033635,332.99970886735593,0.95,-72.76721087512213,0.0,0.0
44,capped,node-022,0.0,0.0,0.0,0.0,0.0,0.0,0.0,0.0,8748.184561033635,332.99970886735593,0.95,0.0,0.0,0.0
44,capped,node-023,0.0,0.0,0.0,0.0,0.0,0.0,0.0,0.0,8748.184561033635,332.99970886735593,0.95,0.0,0.0,0.0
44,capped,node-024,0.0,57.19016665117077,188.85032669800535,0.0,2.3288117686358785,7.690078366226302,8.185886528257342,24.557659584772026,8748.184561033635,332.99970886735593,0.95,-42.804368719320564,0.33786208820843733,-8.185886528257342
44,capped,node-025,0.0,54.6692248579685,54.6692248579685,0.0,54669.224857968504,54669.224857968504,0.0,0.0,8748.184561033635,332.99970886735593,0.95,-52.99574265689828,0.0,0.0
44,capped,node-026,0.0,0.0,0.0,0.0,0.0,0.0,0.0,0.0,8748.184561033635,332.99970886735593,0.95,-103.68664947366014,0.0,0.0
44,capped,node-027,0.0,31.24939922540363,49.78953671448215,0.0,1.0579616279621733,1.685645824356022,9.845788479618008,29.537365438854017,8748.184561033635,332.99970886735593,0.95,-89.47043322225578,-0.310660168939501,-9.845788479618008
44,capped,node-028,0.0,0.0,0.0,0.0,0.0,0.0,0.0,0.0,8748.184561033635,332.99970886735593,0.95,0.0,0.0,0.0
44,capped,node-029,0.0,0.0,0.0,0.0,0.0,0.0,0.0,0.0,8748.184561033635,332.99970886735593,0.95,0.0,0.0,0.0
44,proper_scoring,node-000,0.0,0.0,0.0,0.0,0.0,0.0,0.0,0.0,8748.184561033635,1253.5581305731187,0.95,0.0,0.0,0.0
44,proper_scoring,node-001,0.0,0.0,0.0,0.0,0.0,0.0,0.0,0.0,8748.184561033635,1253.5581305731187,0.95,0.0,0.0,0.0
44,proper_scoring,node-002,0.0,0.0,0.0,0.0,0.0,0.0,0.0,0.0,8748.184561033635,1253.5581305731187,0.95,0.0,0.0,0.0
44,proper_scoring,node-003,0.0,0.0,67.34649067741847,0.0,0.0,67346.49067741848,0.0,0.0,8748.184561033635,1253.5581305731187,0.95,-186.93768060099575,0.0,0.0
44,proper_scoring,node-004,0.0,0.0,0.0,0.0,0.0,0.0,0.0,0.0,8748.184561033635,1253.5581305731187,0.95,0.0,0.0,0.0
44,proper_scoring,node-005,0.0,0.0,0.0,0.0,0.0,0.0,0.0,0.0,8748.184561033635,1253.5581305731187,0.95,0.0,0.0,0.0
44,proper_scoring,node-006,232.17263808724567,0.0,422.10531518365497,232172.63808724566,0.0,422105.31518365495,0.0,0.0,8748.184561033635,1253.5581305731187,0.95,-111.57873926538011,0.0,0.0
44,proper_scoring,node-007,0.0,0.0,204.77917036670647,0.0,0.0,204779.17036670647,0.0,0.0,8748.184561033635,1253.5581305731187,0.95,-346.80526825957514,0.0,0.0
44,proper_scoring,node-008,222.90734823691895,496.8601297620461,540.1586022864003,222907.34823691894,496860.1297620461,540158.6022864003,0.0,0.0,8748.184561033635,1253.5581305731187,0.95,-126.33376033537017,0.0,0.0
44,proper_scoring,node-009,0.0,0.0,0.0,0.0,0.0,0.0,0.0,0.0,8748.184561033635,1253.5581305731187,0.95,0.0,0.0,0.0
44,proper_scoring,node-010,0.0,0.0,28.22222262764825,0.0,0.0,28222.22262764825,0.0,0.0,8748.184561033635,1253.5581305731187,0.95,-71.77777737235175,0.0,0.0
44,proper_scoring,node-011,0.0,0.23192289764915586,0.23192289764915586,0.0,0.00029784385595737486,0.00029784385595737486,592.7363050502609,778.6727609460808,8748.184561033635,1253.5581305731187,0.95,-778.6727609460809,-27.890468384373207,-592.7363050502609
44,proper_scoring,node-012,0.0,0.0,0.0,0.0,0.0,0.0,0.0,0.0,8748.184561033635,1253.5581305731187,0.95,0.0,0.0,0.0
44,proper_scoring,node-013,0.0,0.0,182.81982789625053,0.0,0.0,182819.82789625053,0.0,0.0,8748.184561033635,1253.5581305731187,0.95,-184.6645015605283,0.0,0.0
44,proper_scoring,node-014,0.0,103.92450574592564,237.26240920264814,0.0,103924.50574592563,237262.40920264815,0.0,0.0,8748.184561033635,1253.5581305731187,0.95,-241.58638673613595,0.0,0.0
44,proper_scoring,node-015,0.0,0.0,0.0,0.0,0.0,0.0,0.0,0.0,8748.184561033635,1253.5581305731187,0.95,0.0,0.0,0.0
44,proper_scoring,node-016,284.0704782246481,551.6632912258465,629.1582280646161,284070.4782246481,551663.2912258465,629158.2280646161,0.0,0.0,8748.184561033635,1253.5581305731187,0.95,-103.32658245169294,52.47252849647283,0.0
44,proper_scoring,node-017,70.62880307731527,0.0,322.5149906411911,70628.80307731527,0.0,322514.9906411911,0.0,0.0,8748.184561033635,1253.5581305731187,0.95,-145.48231855944462,0.0,0.0
44,proper_scoring,node-018,0.0,0.0,0.0,0.0,0.0,0.0,0.0,0.0,8748.184561033635,1253.5581305731187,0.95,0.0,0.0,0.0
44,proper_scoring,node-019,0.0,191.96469542757126,191.96469542757126,0.0,191964.69542757125,191964.69542757125,0.0,0.0,8748.184561033635,1253.5581305731187,0.95,-154.24543428924673,0.0,0.0
44,proper_scoring,node-020,0.0,0.0,0.0,0.0,0.0,0.0,0.0,0.0,8748.184561033635,1253.5581305731187,0.95,0.0,0.0,0.0
44,proper_scoring,node-021,0.0,0.0,370.41424663492927,0.0,0.0,370414.24663492927,0.0,0.0,8748.184561033635,1253.5581305731187,0.95,-291.06884350048847,0.0,0.0
44,proper_scoring,node-022,0.0,0.0,0.0,0.0,0.0,0.0,0.0,0.0,8748.184561033635,1253.5581305731187,0.95,0.0,0.0,0.0
44,proper_scoring,node-023,0.0,0.0,0.0,0.0,0.0,0.0,0.0,0.0,8748.184561033635,1253.5581305731187,0.95,0.0,0.0,0.0
44,proper_scoring,node-024,269.38382666946654,706.6176517161588,760.0454717812421,1.2292119711619738,3.2243319402749973,3.4681257746304293,202.77987286735154,219.15164592386623,8748.184561033635,1253.5581305731187,0.95,-341.25380163160446,43.60568293665605,-202.77987286735154
44,proper_scoring,node-025,0.0,254.66922485796852,526.4978713284492,0.0,254669.2248579685,526497.8713284491,0.0,0.0,8748.184561033635,1253.5581305731187,0.95,-211.98297062759312,0.0,0.0
44,proper_scoring,node-026,0.0,0.0,396.31335052633983,0.0,0.0,396313.35052633984,0.0,0.0,8748.184561033635,1253.5581305731187,0.95,-397.4696595358258,0.0,0.0
44,proper_scoring,node-027,87.46460439923476,337.3047922290732,461.286024255155,0.34201435435536953,1.318968759163654,1.8037747136962126,236.04214674393575,255.73372370317176,8748.184561033635,1253.5581305731187,0.95,-550.2783449364755,92.80361129450006,-236.04214674393575
44,proper_scoring,node-028,0.0,0.0,0.0,0.0,0.0,0.0,0.0,0.0,8748.184561033635,1253.5581305731187,0.95,0.0,0.0,0.0
44,proper_scoring,node-029,0.0,0.0,0.0,0.0,0.0,0.0,0.0,0.0,8748.184561033635,1253.5581305731187,0.95,0.0,0.0,0.0
44,audits,node-000,0.0,0.0,0.0,0.0,0.0,0.0,0.0,0.0,8748.184561033635,1243.62736819184,0.95,0.0,0.0,0.0
44,audits,node-001,0.0,0.0,0.0,0.0,0.0,0.0,0.0,0.0,8748.184561033635,1243.62736819184,0.95,0.0,0.0,0.0
44,audits,node-002,0.0,0.0,0.0,0.0,0.0,0.0,0.0,0.0,8748.184561033635,1243.62736819184,0.95,0.0,0.0,0.0
44,audits,node-003,0.0,0.0,56.79302903840484,0.0,0.0,56793.029038404835,0.0,0.0,8748.184561033635,1243.62736819184,0.95,-744.3058760035119,0.0,0.0
44,audits,node-004,0.0,0.0,0.0,0.0,0.0,0.0,0.0,0.0,8748.184561033635,1243.62736819184,0.95,0.0,0.0,0.0
44,audits,node-005,0.0,0.0,0.0,0.0,0.0,0.0,0.0,0.0,8748.184561033635,1243.62736819184,0.95,0.0,0.0,0.0
44,audits,node-006,232.17263808724567,0.0,422.10531518365497,232172.63808724566,0.0,422105.31518365495,0.0,0.0,8748.184561033635,1243.62736819184,0.95,-477.89468481634503,0.0,0.0
44,audits,node-007,0.0,0.0,113.07982620431869,0.0,0.0,113079.82620431868,0.0,0.0,8748.184561033635,1243.62736819184,0.95,-1086.9201737956812,0.0,0.0
44,audits,node-008,194.00172884901812,463.166880167685,510.5420402934489,194001.7288490181,463166.880167685,510542.0402934489,0.0,0.0,8748.184561033635,1243.62736819184,0.95,-1031.5834400838426,0.0,0.0
44,audits,node-009,0.0,0.0,0.0,0.0,0.0,0.0,0.0,0.0,8748.184561033635,1243.62736819184,0.95,0.0,0.0,0.0
44,audits,node-010,0.0,0.0,28.22222262764825,0.0,0.0,28222.22262764825,0.0,0.0,8748.184561033635,1243.62736819184,0.95,-71.77777737235175,0.0,0.0
44,audits,node-011,0.0,0.23192289764915586,0.23192289764915586,0.0,0.00029784385595737486,0.00029784385595737486,592.7363050502609,778.6727609460808,8748.184561033635,1243.62736819184,0.95,-1639.220419024216,-27.890468384373207,-592.7363050502609
44,audits,node-012,0.0,0.0,0.0,0.0,0.0,0.0,0.0,0.0,8748.184561033635,1243.62736819184,0.95,0.0,0.0,0.0
44,audits,node-013,0.0,0.0,153.83387460986793,0.0,0.0,153833.87460986793,0.0,0.0,8748.184561033635,1243.62736819184,0.95,-346.1661253901321,0.0,0.0
44,audits,node-014,0.0,94.75636827781301,139.603403315966,0.0,94756.368277813,139603.403315966,0.0,0.0,8748.184561033635,1243.62736819184,0.95,-1060.3965966840342,0.0,0.0
44,audits,node-015,0.0,0.0,0.0,0.0,0.0,0.0,0.0,0.0,8748.184561033635,1243.62736819184,0.95,0.0,0.0,0.0
44,audits,node-016,284.0704782246481,551.6632912258465,629.1582280646161,284070.4782246481,551663.2912258465,629158.2280646161,0.0,0.0,8748.184561033635,1243.62736819184,0.95,-1025.8316456129232,52.47252849647283,0.0
44,audits,node-017,60.745514086160114,0.0,133.07504879179567,60745.51408616011,0.0,133075.04879179565,0.0,0.0,8748.184561033635,1243.62736819184,0.95,-634.9829594100249,0.0,0.0
44,audits,node-018,0.0,0.0,0.0,0.0,0.0,0.0,0.0,0.0,8748.184561033635,1243.62736819184,0.95,0.0,0.0,0.0
44,audits,node-019,0.0,97.51798014819869,97.51798014819869,0.0,97517.98014819868,97517.98014819868,0.0,0.0,8748.184561033635,1243.62736819184,0.95,-997.3369805319452,0.0,0.0
44,audits,node-020,0.0,0.0,0.0,0.0,0.0,0.0,0.0,0.0,8748.184561033635,1243.62736819184,0.95,0.0,0.0,0.0
44,audits,node-021,0.0,0.0,335.04953871806464,0.0,0.0,335049.5387180646,0.0,0.0,8748.184561033635,1243.62736819184,0.95,-1159.606171608117,0.0,0.0
44,audits,node-022,0.0,0.0,0.0,0.0,0.0,0.0,0.0,0.0,8748.184561033635,1243.62736819184,0.95,0.0,0.0,0.0
44,audits,node-023,0.0,0.0,0.0,0.0,0.0,0.0,0.0,0.0,8748.184561033635,1243.62736819184,0.95,0.0,0.0,0.0
44,audits,node-024,244.27242336708062,662.5961803120766,714.5441802884064,1.1146273729193958,3.0234597486996013,3.2605010894448894,202.77987286735154,219.15164592386623,8748.184561033635,1243.62736819184,0.95,-1737.3983550584153,20.885691072637115,-202.77987286735154
44,audits,node-025,0.0,254.66922485796852,526.4978713284492,0.0,254669.2248579685,526497.8713284491,0.0,0.0,8748.184561033635,1243.62736819184,0.95,-1052.9957426568983,0.0,0.0
44,audits,node-026,0.0,0.0,396.31335052633983,0.0,0.0,396313.35052633984,0.0,0.0,8748.184561033635,1243.62736819184,0.95,-1103.68664947366,0.0,0.0
44,audits,node-027,86.14674032037857,214.98380334236447,310.8248725368352,0.3504707179160646,0.8746184431066749,1.2645285917845066,226.1113843626572,245.8029613218932,8748.184561033635,1243.62736819184,0.95,-1805.736029105295,92.27646566295755,-226.1113843626572
44,audits,node-028,0.0,0.0,0.0,0.0,0.0,0.0,0.0,0.0,8748.184561033635,1243.62736819184,0.95,0.0,0.0,0.0
44,audits,node-029,0.0,0.0,0.0,0.0,0.0,0.0,0.0,0.0,8748.184561033635,1243.62736819184,0.95,0.0,0.0,0.0
50,greedy,node-000,0.0,0.0,0.0,0.0,0.0,0.0,0.0,0.0,6344.612310136975,278.9045752367321,0.75,0.0,0.0,-13.389062420246356
50,greedy,node-001,0.0,0.0,0.0,0.0,0.0,0.0,0.0,0.0,6344.612310136975,278.9045752367321,0.75,-13.389062420246356,0.0,0.0
50,greedy,node-002,0.0,0.0,0.0,0.0,0.0,0.0,0.0,0.0,6344.612310136975,278.9045752367321,0.75,0.0,0.0,0.0
50,greedy,node-003,0.0,0.0,0.0,0.0,0.0,0.0,0.0,0.0,6344.612310136975,278.9045752367321,0.75,0.0,0.0,0.0
50,greedy,node-004,0.0,0.0,0.0,0.0,0.0,0.0,0.0,0.0,6344.612310136975,278.9045752367321,0.75,-35.67080193396704,0.0,0.0
50,greedy,node-005,0.0,0.0,0.0,0.0,0.0,0.0,0.0,0.0,6344.612310136975,278.9045752367321,0.75,0.0,0.0,0.0
50,greedy,node-006,5.075691326982408,0.0,5.075691326982408,5075.691326982408,0.0,5075.691326982408,0.0,0.0,6344.612310136975,278.9045752367321,0.75,-41.414539188630556,0.0,0.0
50,greedy,node-007,0.0,0.0,0.0,0.0,0.0,0.0,0.0,0.0,6344.612310136975,278.9045752367321,0.75,0.0,0.0,0.0
50,greedy,node-008,0.0,0.0,0.0,0.0,0.0,0.0,0.0,0.0,6344.612310136975,278.9045752367321,0.75,0.0,0.0,0.0
50,greedy,node-009,0.0,0.0,0.0,0.0,0.0,0.0,0.0,0.0,6344.612310136975,278.9045752367321,0.75,0.0,0.0,0.0
50,greedy,node-010,0.0,0.0,0.0,0.0,0.0,0.0,0.0,0.0,6344.612310136975,278.9045752367321,0.75,0.0,0.0,0.0
50,greedy,node-011,0.0,0.0,0.0,0.0,0.0,0.0,0.0,0.0,6344.612310136975,278.9045752367321,0.75,0.0,0.0,0.0
50,greedy,node-012,0.0,0.0,0.0,0.0,0.0,0.0,0.0,0.0,6344.612310136975,278.9045752367321,0.75,-47.96194397864623,0.0,0.0
50,greedy,node-013,0.0,0.0,0.0,0.0,0.0,0.0,0.0,0.0,6344.612310136975,278.9045752367321,0.75,0.0,0.0,0.0
50,greedy,node-014,18.303901788635144,0.0,18.303901788635144,0.09567364740767621,0.0,0.09567364740767621,63.77200787812953,191.3160236343886,6344.612310136975,278.9045752367321,0.75,-108.2189331441413,-15.368451276207168,-63.77200787812953
50,greedy,node-015,0.0,0.0,0.0,0.0,0.0,0.0,0.0,0.0,6344.612310136975,278.9045752367321,0.75,0.0,0.0,0.0
50,greedy,node-016,0.0,0.0,0.0,0.0,0.0,0.0,0.0,0.0,6344.612310136975,278.9045752367321,0.75,0.0,0.0,0.0
50,greedy,node-017,0.0,0.0,0.0,0.0,0.0,0.0,0.0,0.0,6344.612310136975,278.9045752367321,0.75,-52.548930371978926,0.0,0.0
50,greedy,node-018,0.0,0.0,0.0,0.0,0.0,0.0,0.0,0.0,6344.612310136975,278.9045752367321,0.75,0.0,0.0,0.0
50,greedy,node-019,0.0,0.0,0.0,0.0,0.0,0.0,0.0,0.0,6344.612310136975,278.9045752367321,0.75,0.0,0.0,0.0
50,greedy,node-020,0.0,0.0,0.0,0.0,0.0,0.0,0.0,0.0,6344.612310136975,278.9045752367321,0.75,-23.49911732413309,0.0,0.0
50,greedy,node-021,0.0,0.0,0.0,0.0,0.0,0.0,0.0,0.0,6344.612310136975,278.9045752367321,0.75,-54.17095760595913,0.0,0.0
50,greedy,node-022,0.0,0.0,0.0,0.0,0.0,0.0,0.0,0.0,6344.612310136975,278.9045752367321,0.75,0.0,0.0,0.0
50,greedy,node-023,13.230401438089885,0.0,13.230401438089885,0.15105172075634474,0.0,0.15105172075634474,29.196183867447836,87.58855160234351,6344.612310136975,278.9045752367321,0.75,-69.20699294244298,-0.4620214033806107,-29.196183867447836
50,greedy,node-024,0.0,0.0,0.0,0.0,0.0,0.0,0.0,0.0,6344.612310136975,278.9045752367321,0.75,-61.19251948413877,0.0,0.0
50,greedy,node-025,0.0,0.0,0.0,0.0,0.0,0.0,0.0,0.0,6344.612310136975,278.9045752367321,0.75,0.0,0.0,0.0
50,greedy,node-026,0.0,0.0,0.0,0.0,0.0,0.0,0.0,0.0,6344.612310136975,278.9045752367321,0.75,-43.15400054731232,0.0,0.0
50,greedy,node-027,0.0,0.0,0.0,0.0,0.0,0.0,0.0,0.0,6344.612310136975,278.9045752367321,0.75,0.0,0.0,0.0
50,greedy,node-028,0.0,0.0,0.0,0.0,0.0,0.0,0.0,0.0,6344.612310136975,278.9045752367321,0.75,0.0,0.0,0.0
50,greedy,node-029,0.0,0.0,0.0,0.0,0.0,0.0,0.0,0.0,6344.612310136975,278.9045752367321,0.75,0.0,0.0,0.0
50,trust_vcg,node-000,0.0,0.0,0.0,0.0,0.0,0.0,0.0,0.0,8608.76703849279,1513.9922317704338,1.0,0.0,0.0,-476.75735680509797
50,trust_vcg,node-001,0.0,0.0,0.0,0.0,0.0,0.0,0.0,0.0,8608.76703849279,1513.9922317704338,1.0,-8876.552527299766,0.0,0.0
50,trust_vcg,node-002,0.0,0.0,0.0,0.0,0.0,0.0,0.0,0.0,8608.76703849279,1513.9922317704338,1.0,0.0,0.0,0.0
50,trust_vcg,node-003,0.0,0.0,0.0,0.0,0.0,0.0,0.0,0.0,8608.76703849279,1513.9922317704338,1.0,0.0,0.0,0.0
50,trust_vcg,node-004,0.0,30.32651621803621,63.11354124398245,0.0,30326.51621803621,63113.54124398245,0.0,0.0,8608.76703849279,1513.9922317704338,1.0,-6672.475148719175,0.0,0.0
50,trust_vcg,node-005,0.0,0.0,0.0,0.0,0.0,0.0,0.0,0.0,8608.76703849279,1513.9922317704338,1.0,0.0,0.0,0.0
50,trust_vcg,node-006,0.0,0.0,364.3619013295896,0.0,0.0,0.6095624642872431,525.3934199889735,597.7433366991113,8608.76703849279,1513.9922317704338,1.0,-11617.021593611798,-431.27244693107093,-525.3934199889735
50,trust_vcg,node-007,0.0,0.0,0.0,0.0,0.0,0.0,0.0,0.0,8608.76703849279,1513.9922317704338,1.0,-9382.969930543532,0.0,0.0
50,trust_vcg,node-008,0.0,0.0,0.0,0.0,0.0,0.0,0.0,0.0,8608.76703849279,1513.9922317704338,1.0,0.0,0.0,0.0
50,trust_vcg,node-009,0.0,0.0,0.0,0.0,0.0,0.0,0.0,0.0,8608.76703849279,1513.9922317704338,1.0,0.0,0.0,0.0
50,trust_vcg,node-010,0.0,0.0,156.4710351081111,0.0,0.0,156471.0351081111,0.0,0.0,8608.76703849279,1513.9922317704338,1.0,-2242.6366265784,0.0,0.0
50,trust_vcg,node-011,0.0,0.0,0.0,0.0,0.0,0.0,0.0,0.0,8608.76703849279,1513.9922317704338,1.0,0.0,0.0,0.0
50,trust_vcg,node-012,0.0,18.310985468772408,210.20659564839997,0.0,18310.985468772407,210206.59564839996,0.0,0.0,8608.76703849279,1513.9922317704338,1.0,-5559.155492734387,0.0,0.0
50,trust_vcg,node-013,0.0,0.0,230.41336464253283,0.0,0.0,230413.36464253283,0.0,0.0,8608.76703849279,1513.9922317704338,1.0,-3369.5866353574675,0.0,0.0
50,trust_vcg,node-014,0.0,0.0,77.28043385759906,0.0,0.0,77280.43385759907,0.0,0.0,8608.76703849279,1513.9922317704338,1.0,-5484.735636294406,0.0,0.0
50,trust_vcg,node-015,0.0,0.0,47.33358140342787,0.0,0.0,47333.581403427874,0.0,0.0,8608.76703849279,1513.9922317704338,1.0,-1152.6664185965722,0.0,0.0
50,trust_vcg,node-016,160.6718345120833,0.0,233.2025598735344,160671.8345120833,0.0,233202.5598735344,0.0,0.0,8608.76703849279,1513.9922317704338,1.0,-3366.7974401264655,0.0,0.0
50,trust_vcg,node-017,0.0,0.0,0.0,0.0,0.0,0.0,0.0,0.0,8608.76703849279,1513.9922317704338,1.0,-5503.162047587607,0.0,0.0
50,trust_vcg,node-018,120.9864271324306,0.0,158.86300246731406,120986.4271324306,0.0,158863.00246731404,0.0,0.0,8608.76703849279,1513.9922317704338,1.0,-2241.1369975326857,0.0,0.0
50,trust_vcg,node-019,0.0,0.0,0.0,0.0,0.0,0.0,0.0,0.0,8608.76703849279,1513.9922317704338,1.0,-5614.600840321862,0.0,0.0
50,trust_vcg,node-020,0.0,0.0,0.0,0.0,0.0,0.0,0.0,0.0,8608.76703849279,1513.9922317704338,1.0,-8777.924108962152,0.0,0.0
50,trust_vcg,node-021,266.0773007549786,8.341915211918277,266.0773007549786,266077.30075497855,8341.915211918276,266077.30075497855,0.0,0.0,8608.76703849279,1513.9922317704338,1.0,-5554.170957605958,0.0,0.0
50,trust_vcg,node-022,0.0,0.0,271.31463677658417,0.0,0.0,271314.63677658414,0.0,0.0,8608.76703849279,1513.9922317704338,1.0,-4485.038373867951,0.0,0.0
50,trust_vcg,node-023,46.067414768001726,0.0,259.4132430527497,46067.41476800173,0.0,259413.2430527497,0.0,0.0,8608.76703849279,1513.9922317704338,1.0,-11033.449132982141,0.0,0.0
50,trust_vcg,node-024,0.0,0.0,0.0,0.0,0.0,0.0,0.0,0.0,8608.76703849279,1513.9922317704338,1.0,-5486.893783567974,0.0,0.0
50,trust_vcg,node-025,0.0,0.0,0.0,0.0,0.0,0.0,0.0,0.0,8608.76703849279,1513.9922317704338,1.0,0.0,0.0,0.0
50,trust_vcg,node-026,130.68441504685853,0.0,130.68441504685853,130684.41504685853,0.0,130684.41504685853,0.0,0.0,8608.76703849279,1513.9922317704338,1.0,-5563.821442441866,0.0,0.0
50,trust_vcg,node-027,0.0,0.0056001762103505826,0.0056001762103505826,0.0,6.112068718963809e-06,6.112068718963809e-06,605.4125649063004,916.2488950713223,8608.76703849279,1513.9922317704338,1.0,-6188.746644398167,-46.625449524753094,-605.4125649063004
50,trust_vcg,node-028,0.0,0.0,0.0,0.0,0.0,0.0,0.0,0.0,8608.76703849279,1513.9922317704338,1.0,-1685.4078979007109,0.0,0.0
50,trust_vcg,node-029,0.0,0.0,0.0,0.0,0.0,0.0,0.0,0.0,8608.76703849279,1513.9922317704338,1.0,0.0,0.0,0.0
50,contingent,node-000,0.0,0.0,0.0,0.0,0.0,0.0,0.0,0.0,8608.76703849279,574.7793703127393,1.0,0.0,0.0,-10.53540634206042
50,contingent,node-001,0.0,0.0,0.0,0.0,0.0,0.0,0.0,0.0,8608.76703849279,574.7793703127393,1.0,-306.2101091990665,0.0,0.0
50,contingent,node-002,0.0,0.0,0.0,0.0,0.0,0.0,0.0,0.0,8608.76703849279,574.7793703127393,1.0,0.0,0.0,0.0
50,contingent,node-003,0.0,0.0,0.0,0.0,0.0,0.0,0.0,0.0,8608.76703849279,574.7793703127393,1.0,0.0,0.0,0.0
50,contingent,node-004,0.0,103.0915065264933,179.06977912955384,0.0,103091.50652649331,179069.77912955382,0.0,0.0,8608.76703849279,574.7793703127393,1.0,-289.90059487670436,0.0,0.0
50,contingent,node-005,0.0,0.0,0.0,0.0,0.0,0.0,0.0,0.0,8608.76703849279,574.7793703127393,1.0,0.0,0.0,0.0
50,contingent,node-006,11.083860679338883,53.41087353074387,103.58036296349425,0.10213198285350898,0.4921532828178999,0.9544389053777629,36.17495835506887,108.52487506520659,8608.76703849279,574.7793703127393,1.0,-402.6876528463715,-6.820838668232511,-36.17495835506887
50,contingent,node-007,0.0,0.0,0.0,0.0,0.0,0.0,0.0,0.0,8608.76703849279,574.7793703127393,1.0,-346.7034342100921,0.0,0.0
50,contingent,node-008,0.0,0.0,0.0,0.0,0.0,0.0,0.0,0.0,8608.76703849279,574.7793703127393,1.0,0.0,0.0,0.0
50,contingent,node-009,0.0,0.0,0.0,0.0,0.0,0.0,0.0,0.0,8608.76703849279,574.7793703127393,1.0,0.0,0.0,0.0
50,contingent,node-010,0.0,0.0,0.0,0.0,0.0,0.0,0.0,0.0,8608.76703849279,574.7793703127393,1.0,-174.11386889839127,0.0,0.0
50,contingent,node-011,0.0,0.0,0.0,0.0,0.0,0.0,0.0,0.0,8608.76703849279,574.7793703127393,1.0,0.0,0.0,0.0
50,contingent,node-012,0.0,96.41949446326062,179.67986081346197,0.0,96419.49446326062,179679.86081346197,0.0,0.0,8608.76703849279,574.7793703127393,1.0,-236.62197093754472,0.0,0.0
50,contingent,node-013,0.0,0.0,0.0,0.0,0.0,0.0,0.0,0.0,8608.76703849279,574.7793703127393,1.0,-278.34654142986864,0.0,0.0
50,contingent,node-014,0.0,37.65511591893358,125.63061188114659,0.0,37655.11591893358,125630.61188114659,0.0,0.0,8608.76703849279,574.7793703127393,1.0,-138.2958760054925,0.0,0.0
50,contingent,node-015,0.0,0.0,0.0,0.0,0.0,0.0,0.0,0.0,8608.76703849279,574.7793703127393,1.0,-210.66567438628852,0.0,0.0
50,contingent,node-016,0.0,0.0,0.0,0.0,0.0,0.0,0.0,0.0,8608.76703849279,574.7793703127393,1.0,-267.18976050586247,0.0,0.0
50,contingent,node-017,0.0,0.0,0.7210834417163632,0.0,0.0,721.0834417163632,0.0,0.0,8608.76703849279,574.7793703127393,1.0,-210.1957214879157,0.0,0.0
50,contingent,node-018,0.0,0.0,0.0,0.0,0.0,0.0,0.0,0.0,8608.76703849279,574.7793703127393,1.0,-164.54799013074378,0.0,0.0
50,contingent,node-019,0.0,0.0,0.0,0.0,0.0,0.0,0.0,0.0,8608.76703849279,574.7793703127393,1.0,-458.4033612874521,0.0,0.0
50,contingent,node-020,0.0,0.0,0.0,0.0,0.0,0.0,0.0,0.0,8608.76703849279,574.7793703127393,1.0,-268.08650556603277,0.0,0.0
50,contingent,node-021,4.606642194455183,62.99760121227179,117.17560937251525,4606.642194455183,62997.60121227179,117175.60937251525,0.0,0.0,8608.76703849279,574.7793703127393,1.0,-216.68383042383655,0.0,0.0
50,contingent,node-022,0.0,0.0,4.143008469774095,0.0,0.0,4143.008469774095,0.0,0.0,8608.76703849279,574.7793703127393,1.0,-340.1534954718032,0.0,0.0
50,contingent,node-023,0.5281558420796078,28.49601705419134,59.46346086458706,528.1558420796077,28496.01705419134,59463.46086458706,0.0,0.0,8608.76703849279,574.7793703127393,1.0,-312.0668241392278,0.0,0.0
50,contingent,node-024,0.0,0.0,0.0,0.0,0.0,0.0,0.0,0.0,8608.76703849279,574.7793703127393,1.0,-265.7035852996253,0.0,0.0
50,contingent,node-025,0.0,0.0,0.0,0.0,0.0,0.0,0.0,0.0,8608.76703849279,574.7793703127393,1.0,0.0,0.0,0.0
50,contingent,node-026,0.0,19.75946915656709,73.78921295925646,0.0,19759.469156567087,73789.21295925646,0.0,0.0,8608.76703849279,574.7793703127393,1.0,-255.2857697674624,0.0,0.0
50,contingent,node-027,52.9199595443485,0.0,52.9199595443485,0.11350015942742495,0.0,0.11350015942742495,155.4181650825109,466.25449524753265,8608.76703849279,574.7793703127393,1.0,-488.7544830499703,-46.625449524753236,-155.4181650825109
50,contingent,node-028,0.0,0.0,0.0,0.0,0.0,0.0,0.0,0.0,8608.76703849279,574.7793703127393,1.0,-141.63159160284292,0.0,0.0
50,contingent,node-029,0.0,0.0,0.0,0.0,0.0,0.0,0.0,0.0,8608.76703849279,574.7793703127393,1.0,0.0,0.0,0.0
50,capped,node-000,0.0,0.0,0.0,0.0,0.0,0.0,0.0,0.0,8608.76703849279,574.7793703127393,1.0,0.0,0.0,-4.106602842180102
50,capped,node-001,0.0,0.0,10.225377539068994,0.0,0.0,10225.377539068993,0.0,0.0,8608.76703849279,574.7793703127393,1.0,-76.55252729976664,0.0,0.0
50,capped,node-002,0.0,0.0,0.0,0.0,0.0,0.0,0.0,0.0,8608.76703849279,574.7793703127393,1.0,0.0,0.0,0.0
50,capped,node-003,0.0,0.0,0.0,0.0,0.0,0.0,0.0,0.0,8608.76703849279,574.7793703127393,1.0,0.0,0.0,0.0
50,capped,node-004,0.0,130.32651621803615,213.11354124398238,0.0,130326.51621803615,213113.54124398238,0.0,0.0,8608.76703849279,574.7793703127393,1.0,-72.47514871917609,0.0,0.0
50,capped,node-005,0.0,0.0,0.0,0.0,0.0,0.0,0.0,0.0,8608.76703849279,574.7793703127393,1.0,0.0,0.0,0.0
50,capped,node-006,11.083860679338883,62.3175578307048,103.58036296349425,0.10213198285350898,0.5742237233008711,0.9544389053777629,36.17495835506887,108.52487506520659,8608.76703849279,574.7793703127393,1.0,-127.80313197789452,1.1951772017323208,-36.17495835506887
50,capped,node-007,0.0,0.0,12.715235077177837,0.0,0.0,12715.235077177837,0.0,0.0,8608.76703849279,574.7793703127393,1.0,-86.67585855252301,0.0,0.0
50,capped,node-008,0.0,0.0,0.0,0.0,0.0,0.0,0.0,0.0,8608.76703849279,574.7793703127393,1.0,0.0,0.0,0.0
50,capped,node-009,0.0,0.0,0.0,0.0,0.0,0.0,0.0,0.0,8608.76703849279,574.7793703127393,1.0,0.0,0.0,0.0
50,capped,node-010,0.0,0.0,0.0,0.0,0.0,0.0,0.0,0.0,8608.76703849279,574.7793703127393,1.0,-43.52846722459782,0.0,0.0
50,capped,node-011,0.0,0.0,0.0,0.0,0.0,0.0,0.0,0.0,8608.76703849279,574.7793703127393,1.0,0.0,0.0,0.0
50,capped,node-012,0.0,118.31098546877236,207.04422457035167,0.0,118310.98546877236,207044.22457035168,0.0,0.0,8608.76703849279,574.7793703127393,1.0,-59.15549273438618,0.0,0.0
50,capped,node-013,0.0,0.0,0.0,0.0,0.0,0.0,0.0,0.0,8608.76703849279,574.7793703127393,1.0,-69.58663535746717,0.0,0.0
50,capped,node-014,0.0,69.14793800274622,172.86984500686555,0.0,69147.93800274622,172869.84500686554,0.0,0.0,8608.76703849279,574.7793703127393,1.0,-34.573969001373115,0.0,0.0
50,capped,node-015,0.0,0.0,0.0,0.0,0.0,0.0,0.0,0.0,8608.76703849279,574.7793703127393,1.0,-52.66641859657213,0.0,0.0
50,capped,node-016,0.0,0.0,0.0,0.0,0.0,0.0,0.0,0.0,8608.76703849279,574.7793703127393,1.0,-66.79744012646563,0.0,0.0
50,capped,node-017,0.0,105.09786074395782,169.5582519780113,0.0,105097.86074395782,169558.2519780113,0.0,0.0,8608.76703849279,574.7793703127393,1.0,-52.548930371978926,0.0,0.0
50,capped,node-018,0.0,0.0,0.0,0.0,0.0,0.0,0.0,0.0,8608.76703849279,574.7793703127393,1.0,-41.136997532685946,0.0,0.0
50,capped,node-019,0.0,0.0,23.341943185963387,0.0,0.0,23341.943185963388,0.0,0.0,8608.76703849279,574.7793703127393,1.0,-114.60084032186305,0.0,0.0
50,capped,node-020,0.0,0.0,12.247539705790484,0.0,0.0,12247.539705790483,0.0,0.0,8608.76703849279,574.7793703127393,1.0,-67.02162639150819,0.0,0.0
50,capped,node-021,4.606642194455183,108.34191521191828,173.85600187207334,4606.642194455183,108341.91521191827,173856.00187207334,0.0,0.0,8608.76703849279,574.7793703127393,1.0,-54.17095760595913,0.0,0.0
50,capped,node-022,0.0,0.0,14.60083065396983,0.0,0.0,14600.83065396983,0.0,0.0,8608.76703849279,574.7793703127393,1.0,-85.0383738679508,0.0,0.0
50,capped,node-023,0.5281558420796078,55.777855118254436,80.02161814999027,528.1558420796077,55777.85511825443,80021.61814999027,0.0,0.0,8608.76703849279,574.7793703127393,1.0,-78.01670603480692,0.0,0.0
50,capped,node-024,0.0,0.0,28.25117447196443,0.0,0.0,28251.17447196443,0.0,0.0,8608.76703849279,574.7793703127393,1.0,-66.42589632490632,0.0,0.0
50,capped,node-025,0.0,0.0,0.0,0.0,0.0,0.0,0.0,0.0,8608.76703849279,574.7793703127393,1.0,0.0,0.0,0.0
50,capped,node-026,0.0,127.6428848837312,208.64348261821164,0.0,127642.8848837312,208643.48261821162,0.0,0.0,8608.76703849279,574.7793703127393,1.0,-63.8214424418656,0.0,0.0
50,capped,node-027,52.9199595443485,0.0,52.9199595443485,0.11350015942742495,0.0,0.11350015942742495,155.4181650825109,466.25449524753265,8608.76703849279,574.7793703127393,1.0,-238.75224457437577,-46.625449524753236,-155.4181650825109
50,capped,node-028,0.0,0.0,0.0,0.0,0.0,0.0,0.0,0.0,8608.76703849279,574.7793703127393,1.0,-35.40789790071072,0.0,0.0
50,capped,node-029,0.0,0.0,0.0,0.0,0.0,0.0,0.0,0.0,8608.76703849279,574.7793703127393,1.0,0.0,0.0,0.0
50,proper_scoring,node-000,0.0,0.0,0.0,0.0,0.0,0.0,0.0,0.0,8608.76703849279,1513.9922317704338,1.0,0.0,0.0,36.79241411960475
50,proper_scoring,node-001,36.79241411960475,0.0,465.8324720653425,36792.41411960475,0.0,465832.4720653425,0.0,0.0,8608.76703849279,1513.9922317704338,1.0,-306.2101091990665,0.0,0.0
50,proper_scoring,node-002,0.0,0.0,0.0,0.0,0.0,0.0,0.0,0.0,8608.76703849279,1513.9922317704338,1.0,0.0,0.0,0.0
50,proper_scoring,node-003,0.0,0.0,0.0,0.0,0.0,0.0,0.0,0.0,8608.76703849279,1513.9922317704338,1.0,0.0,0.0,0.0
50,proper_scoring,node-004,114.84523414207855,553.0915065264932,579.0697791295538,114845.23414207855,553091.5065264931,579069.7791295538,0.0,0.0,8608.76703849279,1513.9922317704338,1.0,-289.90059487670436,0.0,0.0
50,proper_scoring,node-005,0.0,0.0,0.0,0.0,0.0,0.0,0.0,0.0,8608.76703849279,1513.9922317704338,1.0,0.0,0.0,0.0
50,proper_scoring,node-006,75.30998309121492,364.1924118968392,463.7406535974686,0.12599050205577456,0.6092789154422048,0.7758190265379802,525.3934199889735,597.7433366991113,8608.76703849279,1513.9922317704338,1.0,-888.1006928252143,91.02285365854857,-525.3934199889735
50,proper_scoring,node-007,0.0,0.0,521.1007016090839,0.0,0.0,521100.7016090839,0.0,0.0,8608.76703849279,1513.9922317704338,1.0,-346.7034342100921,0.0,0.0
50,proper_scoring,node-008,0.0,0.0,0.0,0.0,0.0,0.0,0.0,0.0,8608.76703849279,1513.9922317704338,1.0,0.0,0.0,0.0
50,proper_scoring,node-009,0.0,0.0,0.0,0.0,0.0,0.0,0.0,0.0,8608.76703849279,1513.9922317704338,1.0,0.0,0.0,0.0
50,proper_scoring,node-010,0.0,0.0,156.4710351081111,0.0,0.0,156471.0351081111,0.0,0.0,8608.76703849279,1513.9922317704338,1.0,-174.11386889839127,0.0,0.0
50,proper_scoring,node-011,0.0,0.0,0.0,0.0,0.0,0.0,0.0,0.0,8608.76703849279,1513.9922317704338,1.0,0.0,0.0,0.0
50,proper_scoring,node-012,0.0,546.4194944632607,629.679860813462,0.0,546419.4944632606,629679.8608134621,0.0,0.0,8608.76703849279,1513.9922317704338,1.0,-236.62197093754472,0.0,0.0
50,proper_scoring,node-013,0.0,0.0,230.41336464253283,0.0,0.0,230413.36464253283,0.0,0.0,8608.76703849279,1513.9922317704338,1.0,-278.34654142986864,0.0,0.0
50,proper_scoring,node-014,0.0,487.0818714989703,577.2804338575991,0.0,487081.8714989703,577280.433857599,0.0,0.0,8608.76703849279,1513.9922317704338,1.0,-138.2958760054925,0.0,0.0
50,proper_scoring,node-015,0.0,0.0,47.33358140342787,0.0,0.0,47333.581403427874,0.0,0.0,8608.76703849279,1513.9922317704338,1.0,-152.66641859657213,0.0,0.0
50,proper_scoring,node-016,160.6718345120833,0.0,233.2025598735344,160671.8345120833,0.0,233202.5598735344,0.0,0.0,8608.76703849279,1513.9922317704338,1.0,-267.18976050586247,0.0,0.0
50,proper_scoring,node-017,0.0,195.09318042577814,257.28847425433105,0.0,195093.18042577815,257288.47425433106,0.0,0.0,8608.76703849279,1513.9922317704338,1.0,-210.1957214879157,0.0,0.0
50,proper_scoring,node-018,120.9864271324306,0.0,158.86300246731406,120986.4271324306,0.0,158863.00246731404,0.0,0.0,8608.76703849279,1513.9922317704338,1.0,-164.54799013074378,0.0,0.0
50,proper_scoring,node-019,0.0,0.0,285.399159678137,0.0,0.0,285399.159678137,0.0,0.0,8608.76703849279,1513.9922317704338,1.0,-454.64095443007994,0.0,0.0
50,proper_scoring,node-020,0.0,0.0,550.5341640830643,0.0,0.0,550534.1640830643,0.0,0.0,8608.76703849279,1513.9922317704338,1.0,-268.08650556603277,0.0,0.0
50,proper_scoring,node-021,266.0773007549786,512.9976012122717,523.8560018720733,266077.30075497855,512997.60121227166,523856.0018720733,0.0,0.0,8608.76703849279,1513.9922317704338,1.0,-216.68383042383655,0.0,0.0
50,proper_scoring,node-022,0.0,0.0,271.31463677658417,0.0,0.0,271314.63677658414,0.0,0.0,8608.76703849279,1513.9922317704338,1.0,-328.820043450339,0.0,0.0
50,proper_scoring,node-023,128.75576534396006,328.4206903364353,648.4374616679913,128755.76534396005,328420.69033643533,648437.4616679914,0.0,0.0,8608.76703849279,1513.9922317704338,1.0,-311.3401884861756,0.0,0.0
50,proper_scoring,node-024,0.0,0.0,247.49918910504508,0.0,0.0,247499.18910504508,0.0,0.0,8608.76703849279,1513.9922317704338,1.0,-265.7035852996253,0.0,0.0
50,proper_scoring,node-025,0.0,0.0,0.0,0.0,0.0,0.0,0.0,0.0,8608.76703849279,1513.9922317704338,1.0,0.0,0.0,0.0
50,proper_scoring,node-026,130.68441504685853,438.4094220088898,459.6016540246598,130684.41504685853,438409.4220088898,459601.6540246598,0.0,0.0,8608.76703849279,1513.9922317704338,1.0,-255.2857697674624,0.0,0.0
50,proper_scoring,node-027,0.0,0.0056001762103505826,0.0056001762103505826,0.0,6.112068718963809e-06,6.112068718963809e-06,605.4125649063004,916.2488950713223,8608.76703849279,1513.9922317704338,1.0,-938.7488828737598,-46.625449524753094,-605.4125649063004
50,proper_scoring,node-028,0.0,0.0,30.36941248966741,0.0,0.0,30369.41248966741,0.0,0.0,8608.76703849279,1513.9922317704338,1.0,-141.63159160284292,0.0,0.0
50,proper_scoring,node-029,0.0,0.0,0.0,0.0,0.0,0.0,0.0,0.0,8608.76703849279,1513.9922317704338,1.0,0.0,0.0,0.0
50,audits,node-000,0.0,0.0,0.0,0.0,0.0,0.0,0.0,0.0,8608.76703849279,1513.9922317704338,1.0,0.0,0.0,23.242643194901937
50,audits,node-001,23.242643194901937,0.0,158.34230403526888,23242.643194901935,0.0,158342.30403526887,0.0,0.0,8608.76703849279,1513.9922317704338,1.0,-2876.5525272997666,0.0,0.0
50,audits,node-002,0.0,0.0,0.0,0.0,0.0,0.0,0.0,0.0,8608.76703849279,1513.9922317704338,1.0,0.0,0.0,0.0
50,audits,node-003,0.0,0.0,0.0,0.0,0.0,0.0,0.0,0.0,8608.76703849279,1513.9922317704338,1.0,0.0,0.0,0.0
50,audits,node-004,98.50519884590099,530.3265162180361,563.1135412439824,98505.19884590099,530326.5162180361,563113.5412439824,0.0,0.0,8608.76703849279,1513.9922317704338,1.0,-2172.4751487191756,0.0,0.0
50,audits,node-005,0.0,0.0,0.0,0.0,0.0,0.0,0.0,0.0,8608.76703849279,1513.9922317704338,1.0,0.0,0.0,0.0
50,audits,node-006,49.452008781611084,323.09909619680013,420.42066682243933,0.08273117531463836,0.5405314896206697,0.7033464716547202,525.3934199889735,597.7433366991113,8608.76703849279,1513.9922317704338,1.0,-3617.0215936117993,68.72755306892918,-525.3934199889735
50,audits,node-007,0.0,0.0,0.0,0.0,0.0,0.0,0.0,0.0,8608.76703849279,1513.9922317704338,1.0,-2882.9699305435306,0.0,0.0
50,audits,node-008,0.0,0.0,0.0,0.0,0.0,0.0,0.0,0.0,8608.76703849279,1513.9922317704338,1.0,0.0,0.0,0.0
50,audits,node-009,0.0,0.0,0.0,0.0,0.0,0.0,0.0,0.0,8608.76703849279,1513.9922317704338,1.0,0.0,0.0,0.0
50,audits,node-010,0.0,0.0,156.4710351081111,0.0,0.0,156471.0351081111,0.0,0.0,8608.76703849279,1513.9922317704338,1.0,-742.6366265783997,0.0,0.0
50,audits,node-011,0.0,0.0,0.0,0.0,0.0,0.0,0.0,0.0,8608.76703849279,1513.9922317704338,1.0,0.0,0.0,0.0
50,audits,node-012,0.0,18.310985468772408,210.20659564839997,0.0,18310.985468772407,210206.59564839996,0.0,0.0,8608.76703849279,1513.9922317704338,1.0,-1559.1554927343861,0.0,0.0
50,audits,node-013,0.0,0.0,230.41336464253283,0.0,0.0,230413.36464253283,0.0,0.0,8608.76703849279,1513.9922317704338,1.0,-1369.5866353574675,0.0,0.0
50,audits,node-014,0.0,473.5585268534797,577.2804338575991,0.0,473558.5268534797,577280.433857599,0.0,0.0,8608.76703849279,1513.9922317704338,1.0,-1484.735636294406,0.0,0.0
50,audits,node-015,0.0,0.0,47.33358140342787,0.0,0.0,47333.581403427874,0.0,0.0,8608.76703849279,1513.9922317704338,1.0,-152.66641859657213,0.0,0.0
50,audits,node-016,160.6718345120833,0.0,233.2025598735344,160671.8345120833,0.0,233202.5598735344,0.0,0.0,8608.76703849279,1513.9922317704338,1.0,-1366.7974401264655,0.0,0.0
50,audits,node-017,0.0,0.0,239.00035272932786,0.0,0.0,239000.35272932786,0.0,0.0,8608.76703849279,1513.9922317704338,1.0,-1503.1620475876066,0.0,0.0
50,audits,node-018,120.9864271324306,0.0,158.86300246731406,120986.4271324306,0.0,158863.00246731404,0.0,0.0,8608.76703849279,1513.9922317704338,1.0,-741.1369975326859,0.0,0.0
50,audits,node-019,0.0,0.0,285.399159678137,0.0,0.0,285399.159678137,0.0,0.0,8608.76703849279,1513.9922317704338,1.0,-1614.6008403218632,0.0,0.0
50,audits,node-020,0.0,0.0,448.6472810565373,0.0,0.0,448647.2810565373,0.0,0.0,8608.76703849279,1513.9922317704338,1.0,-2777.92410896215,0.0,0.0
50,audits,node-021,266.0773007549786,508.34191521191815,523.8560018720733,266077.30075497855,508341.9152119181,523856.0018720733,0.0,0.0,8608.76703849279,1513.9922317704338,1.0,-1554.170957605959,0.0,0.0
50,audits,node-022,0.0,0.0,271.31463677658417,0.0,0.0,271314.63677658414,0.0,0.0,8608.76703849279,1513.9922317704338,1.0,-1485.0383738679511,0.0,0.0
50,audits,node-023,119.89820715626956,0.0,259.4132430527497,119898.20715626956,0.0,259413.2430527497,0.0,0.0,8608.76703849279,1513.9922317704338,1.0,-3033.449132982141,0.0,0.0
50,audits,node-024,0.0,0.0,201.1222880479513,0.0,0.0,201122.2880479513,0.0,0.0,8608.76703849279,1513.9922317704338,1.0,-1486.8937835679737,0.0,0.0
50,audits,node-025,0.0,0.0,0.0,0.0,0.0,0.0,0.0,0.0,8608.76703849279,1513.9922317704338,1.0,0.0,0.0,0.0
50,audits,node-026,130.68441504685853,427.6428848837312,458.64348261821164,130684.41504685853,427642.8848837312,458643.48261821165,0.0,0.0,8608.76703849279,1513.9922317704338,1.0,-1563.8214424418654,0.0,0.0
50,audits,node-027,0.0,0.0056001762103505826,0.0056001762103505826,0.0,6.112068718963809e-06,6.112068718963809e-06,605.4125649063004,916.2488950713223,8608.76703849279,1513.9922317704338,1.0,-2188.7466443981652,-46.625449524753094,-605.4125649063004
50,audits,node-028,0.0,0.0,14.592102099289285,0.0,0.0,14592.102099289285,0.0,0.0,8608.76703849279,1513.9922317704338,1.0,-185.40789790071074,0.0,0.0
50,audits,node-029,0.0,0.0,0.0,0.0,0.0,0.0,0.0,0.0,8608.76703849279,1513.9922317704338,1.0,0.0,0.0,0.0
47,greedy,node-000,0.0,0.0,0.0,0.0,0.0,0.0,0.0,0.0,8777.93824831878,297.3537179189464,0.95,0.0,0.0,0.0
47,greedy,node-001,0.0,0.0,0.0,0.0,0.0,0.0,0.0,0.0,8777.93824831878,297.3537179189464,0.95,0.0,0.0,0.0
47,greedy,node-002,0.0,0.0,0.0,0.0,0.0,0.0,34.728928744863815,104.18678623459147,8777.93824831878,297.3537179189464,0.95,-88.2608697623533,0.22701150906480194,-34.728928744863815
47,greedy,node-003,11.556093256888069,0.0,11.556093256888069,11556.093256888069,0.0,11556.093256888069,0.0,0.0,8777.93824831878,297.3537179189464,0.95,-69.214898270368,0.0,0.0
47,greedy,node-004,0.0,0.0,0.0,0.0,0.0,0.0,0.0,0.0,8777.93824831878,297.3537179189464,0.95,0.0,0.0,0.0
47,greedy,node-005,1.888973896556692,0.0,1.888973896556692,1888.973896556692,0.0,1888.973896556692,0.0,0.0,8777.93824831878,297.3537179189464,0.95,-72.7548314416762,0.0,0.0
47,greedy,node-006,0.0,0.0,0.0,0.0,0.0,0.0,0.0,0.0,8777.93824831878,297.3537179189464,0.95,0.0,0.0,0.0
47,greedy,node-007,0.0,0.0,0.0,0.0,0.0,0.0,0.0,0.0,8777.93824831878,297.3537179189464,0.95,0.0,0.0,0.0
47,greedy,node-008,0.0,0.0,0.0,0.0,0.0,0.0,0.0,0.0,8777.93824831878,297.3537179189464,0.95,0.0,0.0,0.0
47,greedy,node-009,0.0,0.0,0.0,0.0,0.0,0.0,0.0,0.0,8777.93824831878,297.3537179189464,0.95,0.0,0.0,0.0
47,greedy,node-010,10.611797939397626,0.0,10.611797939397626,10611.797939397626,0.0,10611.797939397626,0.0,0.0,8777.93824831878,297.3537179189464,0.95,-74.54589580086525,0.0,0.0
47,greedy,node-011,0.0,0.0,0.0,0.0,0.0,0.0,11.423676561026207,34.27102968307862,8777.93824831878,297.3537179189464,0.95,-27.830595582878303,6.057465996726679,-11.423676561026207
47,greedy,node-012,0.0,0.0,0.0,0.0,0.0,0.0,0.0,0.0,8777.93824831878,297.3537179189464,0.95,-56.28229761933464,0.0,0.0
47,greedy,node-013,0.0,0.0,0.0,0.0,0.0,0.0,0.0,0.0,8777.93824831878,297.3537179189464,0.95,0.0,0.0,0.0
47,greedy,node-014,0.0,0.0,0.0,0.0,0.0,0.0,0.0,0.0,8777.93824831878,297.3537179189464,0.95,0.0,0.0,0.0
47,greedy,node-015,0.0,0.0,0.0,0.0,0.0,0.0,0.0,0.0,8777.93824831878,297.3537179189464,0.95,-64.63219931441431,0.0,0.0
47,greedy,node-016,7.7904307386895795,0.0,7.7904307386895795,0.049028518926982755,0.0,0.049028518926982755,52.965300667092144,158.89590200127645,8777.93824831878,297.3537179189464,0.95,-112.68466310275394,-8.014282951211278,-52.965300667092144
47,greedy,node-017,0.0,0.0,0.0,0.0,0.0,0.0,0.0,0.0,8777.93824831878,297.3537179189464,0.95,0.0,0.0,0.0
47,greedy,node-018,0.0,0.0,0.0,0.0,0.0,0.0,0.0,0.0,8777.93824831878,297.3537179189464,0.95,0.0,0.0,0.0
47,greedy,node-019,0.0,0.0,0.0,0.0,0.0,0.0,0.0,0.0,8777.93824831878,297.3537179189464,0.95,0.0,0.0,0.0
47,greedy,node-020,0.0,0.0,0.0,0.0,0.0,0.0,0.0,0.0,8777.93824831878,297.3537179189464,0.95,0.0,0.0,0.0
47,greedy,node-021,0.0,0.0,0.0,0.0,0.0,0.0,0.0,0.0,8777.93824831878,297.3537179189464,0.95,0.0,0.0,0.0
47,greedy,node-022,0.0,0.0,0.0,0.0,0.0,0.0,0.0,0.0,8777.93824831878,297.3537179189464,0.95,0.0,0.0,0.0
47,greedy,node-023,0.0,0.0,0.0,0.0,0.0,0.0,0.0,0.0,8777.93824831878,297.3537179189464,0.95,-22.434919514958544,0.0,0.0
47,greedy,node-024,0.0,0.0,0.0,0.0,0.0,0.0,0.0,0.0,8777.93824831878,297.3537179189464,0.95,0.0,0.0,0.0
47,greedy,node-025,0.0,0.0,0.0,0.0,0.0,0.0,0.0,0.0,8777.93824831878,297.3537179189464,0.95,0.0,0.0,0.0
47,greedy,node-026,0.0,0.0,0.0,0.0,0.0,0.0,0.0,0.0,8777.93824831878,297.3537179189464,0.95,0.0,0.0,0.0
47,greedy,node-027,0.0,0.0,0.0,0.0,0.0,0.0,0.0,0.0,8777.93824831878,297.3537179189464,0.95,0.0,0.0,0.0
47,greedy,node-028,0.0,0.0,0.0,0.0,0.0,0.0,0.0,0.0,8777.93824831878,297.3537179189464,0.95,-44.690558998624184,0.0,0.0
47,greedy,node-029,0.0,0.0,0.0,0.0,0.0,0.0,0.0,0.0,8777.93824831878,297.3537179189464,0.95,0.0,0.0,0.0
47,trust_vcg,node-000,0.0,0.0,0.0,0.0,0.0,0.0,0.0,0.0,8669.157293820528,154.94462653656745,0.8947368421052632,-3369.550740832874,0.0,0.0
47,trust_vcg,node-001,0.0,0.0,0.0,0.0,0.0,0.0,0.0,0.0,8669.157293820528,154.94462653656745,0.8947368421052632,0.0,0.0,0.0
47,trust_vcg,node-002,372.4923344769071,254.23683770759772,372.74434680318564,0.5130713648681272,0.3501861092136932,0.5134184869327703,608.5710382779879,726.0049185801811,8669.157293820528,154.94462653656745,0.8947368421052632,-11672.695091056457,207.58090839996612,-608.5710382779879
47,trust_vcg,node-003,265.38903687063396,175.26847620462024,334.4413201467768,0.9994630875517907,0.6600663480434479,1.2595160613274805,188.41217532731469,265.53160409426516,8669.157293820528,154.94462653656745,0.8947368421052632,-5734.119166275497,44.908708193540406,-188.41217532731469
47,trust_vcg,node-004,0.0,0.0,0.0,0.0,0.0,0.0,0.0,0.0,8669.157293820528,154.94462653656745,0.8947368421052632,0.0,0.0,0.0
47,trust_vcg,node-005,373.6902841095891,0.0,373.6902841095891,373690.28410958906,0.0,373690.28410958906,0.0,0.0,8669.157293820528,154.94462653656745,0.8947368421052632,-10525.667807225975,0.0,0.0
47,trust_vcg,node-006,0.0,0.0,0.0,0.0,0.0,0.0,0.0,0.0,8669.157293820528,154.94462653656745,0.8947368421052632,0.0,0.0,0.0
47,trust_vcg,node-007,0.0,0.0,0.0,0.0,0.0,0.0,0.0,0.0,8669.157293820528,154.94462653656745,0.8947368421052632,0.0,0.0,0.0
47,trust_vcg,node-008,0.0,0.0,0.0,0.0,0.0,0.0,0.0,0.0,8669.157293820528,154.94462653656745,0.8947368421052632,0.0,0.0,0.0
47,trust_vcg,node-009,0.0,0.0,146.29118498997093,0.0,0.0,146291.18498997093,0.0,0.0,8669.157293820528,154.94462653656745,0.8947368421052632,-2253.708815010029,0.0,0.0
47,trust_vcg,node-010,0.0,0.0,0.0,0.0,0.0,0.0,0.0,0.0,8669.157293820528,154.94462653656745,0.8947368421052632,-11074.545895800866,-323.187358491854,0.0
47,trust_vcg,node-011,867.4383716509208,867.4383716509208,922.5783840975605,867438.3716509207,867438.3716509207,922578.3840975604,-867.4383716509208,-836.5918961378786,8669.157293820528,154.94462653656745,0.8947368421052632,-4571.307120687649,-1015.3439173488716,867.4383716509208
47,trust_vcg,node-012,0.0,0.0,0.0,0.0,0.0,0.0,0.0,0.0,8669.157293820528,154.94462653656745,0.8947368421052632,-5464.478344843168,0.0,0.0
47,trust_vcg,node-013,0.0,0.0,0.0,0.0,0.0,0.0,0.0,0.0,8669.157293820528,154.94462653656745,0.8947368421052632,0.0,0.0,0.0
47,trust_vcg,node-014,0.0,0.0,0.0,0.0,0.0,0.0,0.0,0.0,8669.157293820528,154.94462653656745,0.8947368421052632,0.0,0.0,0.0
47,trust_vcg,node-015,0.0,254.83603957349567,254.83603957349567,0.0,254836.03957349565,254836.03957349565,0.0,0.0,8669.157293820528,154.94462653656745,0.8947368421052632,-5551.668632308717,0.0,0.0
47,trust_vcg,node-016,46.9184975937281,514.2157395941156,517.4152266049298,46918.4975937281,514215.7395941156,517415.2266049298,0.0,0.0,8669.157293820528,154.94462653656745,0.8947368421052632,-5534.830453209859,0.0,0.0
47,trust_vcg,node-017,0.0,0.0,0.0,0.0,0.0,0.0,0.0,0.0,8669.157293820528,154.94462653656745,0.8947368421052632,0.0,0.0,0.0
47,trust_vcg,node-018,0.0,0.0,0.0,0.0,0.0,0.0,0.0,0.0,8669.157293820528,154.94462653656745,0.8947368421052632,0.0,0.0,0.0
47,trust_vcg,node-019,0.0,0.0,0.0,0.0,0.0,0.0,0.0,0.0,8669.157293820528,154.94462653656745,0.8947368421052632,0.0,0.0,0.0
47,trust_vcg,node-020,0.0,0.0,0.0,0.0,0.0,0.0,0.0,0.0,8669.157293820528,154.94462653656745,0.8947368421052632,0.0,0.0,0.0
47,trust_vcg,node-021,0.0,0.0,0.0,0.0,0.0,0.0,0.0,0.0,8669.157293820528,154.94462653656745,0.8947368421052632,0.0,0.0,0.0
47,trust_vcg,node-022,0.0,0.0,0.0,0.0,0.0,0.0,0.0,0.0,8669.157293820528,154.94462653656745,0.8947368421052632,0.0,0.0,0.0
47,trust_vcg,node-023,0.0,0.0,35.589557594560794,0.0,0.0,35589.55759456079,0.0,0.0,8669.157293820528,154.94462653656745,0.8947368421052632,-5529.5972546411,0.0,0.0
47,trust_vcg,node-024,0.0,0.0,0.0,0.0,0.0,0.0,0.0,0.0,8669.157293820528,154.94462653656745,0.8947368421052632,0.0,0.0,0.0
47,trust_vcg,node-025,0.0,0.0,0.0,0.0,0.0,0.0,0.0,0.0,8669.157293820528,154.94462653656745,0.8947368421052632,0.0,0.0,0.0
47,trust_vcg,node-026,0.0,0.0,0.0,0.0,0.0,0.0,0.0,0.0,8669.157293820528,154.94462653656745,0.8947368421052632,0.0,0.0,0.0
47,trust_vcg,node-027,0.0,0.0,419.32438708590524,0.0,0.0,419324.38708590524,0.0,0.0,8669.157293820528,154.94462653656745,0.8947368421052632,-4923.29839498859,0.0,0.0
47,trust_vcg,node-028,470.71344779741185,0.0,888.4757509595009,470713.4477974118,0.0,888475.7509595009,0.0,0.0,8669.157293820528,154.94462653656745,0.8947368421052632,-11111.524249040496,0.0,0.0
47,trust_vcg,node-029,0.0,0.0,0.0,0.0,0.0,0.0,0.0,0.0,8669.157293820528,154.94462653656745,0.8947368421052632,0.0,0.0,0.0
47,contingent,node-000,0.0,0.0,0.0,0.0,0.0,0.0,0.0,0.0,8669.157293820528,319.1281135731573,0.8947368421052632,-278.202963331496,0.0,0.0
47,contingent,node-001,0.0,0.0,0.0,0.0,0.0,0.0,0.0,0.0,8669.157293820528,319.1281135731573,0.8947368421052632,0.0,0.0,0.0
47,contingent,node-002,0.0,54.090935834489095,57.25428876750215,0.0,0.30707172237572694,0.3250299295806255,58.71694015109656,176.1508204532897,8669.157293820528,319.1281135731573,0.8947368421052632,-315.21315126497274,7.633963626551143,-58.71694015109656
47,contingent,node-003,0.0,25.120937148459717,45.234291272531024,0.0,0.2171604704557086,0.3910323852737195,38.55971438347525,115.67914315042574,8669.157293820528,319.1281135731573,0.8947368421052632,-221.3876781762067,-5.0421121210727335,-38.55971438347525
47,contingent,node-004,0.0,0.0,0.0,0.0,0.0,0.0,0.0,0.0,8669.157293820528,319.1281135731573,0.8947368421052632,0.0,0.0,0.0
47,contingent,node-005,0.0,16.169897103386628,29.053945216800454,0.0,16169.897103386627,29053.945216800454,0.0,0.0,8669.157293820528,319.1281135731573,0.8947368421052632,-302.6712289039048,0.0,0.0
47,contingent,node-006,0.0,0.0,0.0,0.0,0.0,0.0,0.0,0.0,8669.157293820528,319.1281135731573,0.8947368421052632,0.0,0.0,0.0
47,contingent,node-007,0.0,0.0,0.0,0.0,0.0,0.0,0.0,0.0,8669.157293820528,319.1281135731573,0.8947368421052632,0.0,0.0,0.0
47,contingent,node-008,0.0,0.0,0.0,0.0,0.0,0.0,0.0,0.0,8669.157293820528,319.1281135731573,0.8947368421052632,0.0,0.0,0.0
47,contingent,node-009,0.0,0.0,0.0,0.0,0.0,0.0,0.0,0.0,8669.157293820528,319.1281135731573,0.8947368421052632,-214.83526004011634,0.0,0.0
47,contingent,node-010,0.0,78.66824582900622,78.66824582900622,0.0,78668.24582900622,78668.24582900622,0.0,0.0,8669.157293820528,319.1281135731573,0.8947368421052632,-298.1835832034611,3.8492906168885757,0.0
47,contingent,node-011,3.5483255436001606,3.5483255436001606,13.127846918453766,0.12998410322942142,0.12998410322942142,0.48090610290988045,-3.5483255436001606,27.29814996944188,8669.157293820528,319.1281135731573,0.8947368421052632,-62.07935054380823,-16.786960472190756,3.5483255436001606
47,contingent,node-012,0.0,5.212272245917184,5.212272245917184,0.0,5212.272245917184,5212.272245917184,0.0,0.0,8669.157293820528,319.1281135731573,0.8947368421052632,-106.8159235089418,0.0,0.0
47,contingent,node-013,0.0,0.0,0.0,0.0,0.0,0.0,0.0,0.0,8669.157293820528,319.1281135731573,0.8947368421052632,0.0,0.0,0.0
47,contingent,node-014,0.0,0.0,0.0,0.0,0.0,0.0,0.0,0.0,8669.157293820528,319.1281135731573,0.8947368421052632,0.0,0.0,0.0
47,contingent,node-015,0.0,54.8360395734957,77.50078814225425,0.0,54836.0395734957,77500.78814225426,0.0,0.0,8669.157293820528,319.1281135731573,0.8947368421052632,-206.67452923486616,0.0,0.0
47,contingent,node-016,0.0,64.2157395941155,86.79390200825958,0.0,64215.739594115505,86793.90200825958,0.0,0.0,8669.157293820528,319.1281135731573,0.8947368421052632,-139.3218128394391,0.0,0.0
47,contingent,node-017,0.0,0.0,0.0,0.0,0.0,0.0,0.0,0.0,8669.157293820528,319.1281135731573,0.8947368421052632,0.0,0.0,0.0
47,contingent,node-018,0.0,0.0,0.0,0.0,0.0,0.0,0.0,0.0,8669.157293820528,319.1281135731573,0.8947368421052632,0.0,0.0,0.0
47,contingent,node-019,0.0,0.0,0.0,0.0,0.0,0.0,0.0,0.0,8669.157293820528,319.1281135731573,0.8947368421052632,0.0,0.0,0.0
47,contingent,node-020,0.0,0.0,0.0,0.0,0.0,0.0,0.0,0.0,8669.157293820528,319.1281135731573,0.8947368421052632,0.0,0.0,0.0
47,contingent,node-021,0.0,0.0,0.0,0.0,0.0,0.0,0.0,0.0,8669.157293820528,319.1281135731573,0.8947368421052632,0.0,0.0,0.0
47,contingent,node-022,0.0,0.0,0.0,0.0,0.0,0.0,0.0,0.0,8669.157293820528,319.1281135731573,0.8947368421052632,0.0,0.0,0.0
47,contingent,node-023,0.0,0.0,1.4836347540104668,0.0,0.0,1483.6347540104668,0.0,0.0,8669.157293820528,319.1281135731573,0.8947368421052632,-118.3890185644002,0.0,0.0
47,contingent,node-024,0.0,0.0,0.0,0.0,0.0,0.0,0.0,0.0,8669.157293820528,319.1281135731573,0.8947368421052632,0.0,0.0,0.0
47,contingent,node-025,0.0,0.0,0.0,0.0,0.0,0.0,0.0,0.0,8669.157293820528,319.1281135731573,0.8947368421052632,0.0,0.0,0.0
47,contingent,node-026,0.0,0.0,0.0,0.0,0.0,0.0,0.0,0.0,8669.157293820528,319.1281135731573,0.8947368421052632,0.0,0.0,0.0
47,contingent,node-027,0.0,0.0,0.0,0.0,0.0,0.0,0.0,0.0,8669.157293820528,319.1281135731573,0.8947368421052632,-119.04451261541134,0.0,0.0
47,contingent,node-028,10.708256054064119,0.0,11.980054822095164,10708.256054064119,0.0,11980.054822095164,0.0,0.0,8669.157293820528,319.1281135731573,0.8947368421052632,-446.0969961619963,0.0,0.0
47,contingent,node-029,0.0,0.0,0.0,0.0,0.0,0.0,0.0,0.0,8669.157293820528,319.1281135731573,0.8947368421052632,0.0,0.0,0.0
47,capped,node-000,0.0,0.0,0.0,0.0,0.0,0.0,0.0,0.0,8669.157293820528,338.0996768732785,0.8947368421052632,-69.550740832874,0.0,0.0
47,capped,node-001,0.0,0.0,0.0,0.0,0.0,0.0,0.0,0.0,8669.157293820528,338.0996768732785,0.8947368421052632,0.0,0.0,0.0
47,capped,node-002,0.0,54.090935834489095,57.25428876750215,0.0,0.30707172237572694,0.3250299295806255,58.71694015109656,176.1508204532897,8669.157293820528,338.0996768732785,0.8947368421052632,-122.8409929295656,7.633963626551143,-58.71694015109656
47,capped,node-003,0.0,25.120937148459717,45.234291272531024,0.0,0.2171604704557086,0.3910323852737195,38.55971438347525,115.67914315042574,8669.157293820528,338.0996768732785,0.8947368421052632,-84.26670533165812,-5.0421121210727335,-38.55971438347525
47,capped,node-004,0.0,0.0,0.0,0.0,0.0,0.0,0.0,0.0,8669.157293820528,338.0996768732785,0.8947368421052632,0.0,0.0,0.0
47,capped,node-005,0.0,52.80698895264109,74.85031002836853,0.0,52806.98895264109,74850.31002836852,0.0,0.0,8669.157293820528,338.0996768732785,0.8947368421052632,-75.66780722597622,0.0,0.0
47,capped,node-006,0.0,0.0,0.0,0.0,0.0,0.0,0.0,0.0,8669.157293820528,338.0996768732785,0.8947368421052632,0.0,0.0,0.0
47,capped,node-007,0.0,0.0,0.0,0.0,0.0,0.0,0.0,0.0,8669.157293820528,338.0996768732785,0.8947368421052632,0.0,0.0,0.0
47,capped,node-008,0.0,0.0,0.0,0.0,0.0,0.0,0.0,0.0,8669.157293820528,338.0996768732785,0.8947368421052632,0.0,0.0,0.0
47,capped,node-009,0.0,0.0,0.0,0.0,0.0,0.0,0.0,0.0,8669.157293820528,338.0996768732785,0.8947368421052632,-53.70881501002909,0.0,0.0
47,capped,node-010,9.863540559468086,93.72061080498962,93.72061080498962,9863.540559468087,93720.61080498961,93720.61080498961,0.0,0.0,8669.157293820528,338.0996768732785,0.8947368421052632,-74.54589580086525,17.39641909527362,0.0
47,capped,node-011,0.0,17.390600287183172,37.58879079033164,0.0,0.37585277837939357,0.8123843467830205,15.423237756521022,46.26971326956306,8669.157293820528,338.0996768732785,0.8947368421052632,-31.830156778373116,0.29302958937999435,-15.423237756521022
47,capped,node-012,0.0,22.069327776738362,22.069327776738362,0.0,22069.327776738362,22069.327776738362,0.0,0.0,8669.157293820528,338.0996768732785,0.8947368421052632,-26.70398087723544,0.0,0.0
47,capped,node-013,0.0,0.0,0.0,0.0,0.0,0.0,0.0,0.0,8669.157293820528,338.0996768732785,0.8947368421052632,0.0,0.0,0.0
47,capped,node-014,0.0,0.0,0.0,0.0,0.0,0.0,0.0,0.0,8669.157293820528,338.0996768732785,0.8947368421052632,0.0,0.0,0.0
47,capped,node-015,0.0,54.8360395734957,77.50078814225425,0.0,54836.0395734957,77500.78814225426,0.0,0.0,8669.157293820528,338.0996768732785,0.8947368421052632,-51.668632308716525,0.0,0.0
47,capped,node-016,0.0,64.2157395941155,86.79390200825958,0.0,64215.739594115505,86793.90200825958,0.0,0.0,8669.157293820528,338.0996768732785,0.8947368421052632,-34.830453209859776,0.0,0.0
47,capped,node-017,0.0,0.0,0.0,0.0,0.0,0.0,0.0,0.0,8669.157293820528,338.0996768732785,0.8947368421052632,0.0,0.0,0.0
47,capped,node-018,0.0,0.0,0.0,0.0,0.0,0.0,0.0,0.0,8669.157293820528,338.0996768732785,0.8947368421052632,0.0,0.0,0.0
47,capped,node-019,0.0,0.0,0.0,0.0,0.0,0.0,0.0,0.0,8669.157293820528,338.0996768732785,0.8947368421052632,0.0,0.0,0.0
47,capped,node-020,0.0,0.0,0.0,0.0,0.0,0.0,0.0,0.0,8669.157293820528,338.0996768732785,0.8947368421052632,0.0,0.0,0.0
47,capped,node-021,0.0,0.0,0.0,0.0,0.0,0.0,0.0,0.0,8669.157293820528,338.0996768732785,0.8947368421052632,0.0,0.0,0.0
47,capped,node-022,0.0,0.0,0.0,0.0,0.0,0.0,0.0,0.0,8669.157293820528,338.0996768732785,0.8947368421052632,0.0,0.0,0.0
47,capped,node-023,0.0,0.0,13.688385399397049,0.0,0.0,13688.385399397048,0.0,0.0,8669.157293820528,338.0996768732785,0.8947368421052632,-29.59725464110005,0.0,0.0
47,capped,node-024,0.0,0.0,0.0,0.0,0.0,0.0,0.0,0.0,8669.157293820528,338.0996768732785,0.8947368421052632,0.0,0.0,0.0
47,capped,node-025,0.0,0.0,0.0,0.0,0.0,0.0,0.0,0.0,8669.157293820528,338.0996768732785,0.8947368421052632,0.0,0.0,0.0
47,capped,node-026,0.0,0.0,0.0,0.0,0.0,0.0,0.0,0.0,8669.157293820528,338.0996768732785,0.8947368421052632,0.0,0.0,0.0
47,capped,node-027,0.0,0.0,0.0,0.0,0.0,0.0,0.0,0.0,8669.157293820528,338.0996768732785,0.8947368421052632,-29.76112815385284,0.0,0.0
47,capped,node-028,10.708256054064119,0.0,11.980054822095164,10708.256054064119,0.0,11980.054822095164,0.0,0.0,8669.157293820528,338.0996768732785,0.8947368421052632,-111.52424904049906,0.0,0.0
47,capped,node-029,0.0,0.0,0.0,0.0,0.0,0.0,0.0,0.0,8669.157293820528,338.0996768732785,0.8947368421052632,0.0,0.0,0.0
47,proper_scoring,node-000,0.0,0.0,150.47973697059675,0.0,0.0,150479.73697059674,0.0,0.0,8669.157293820528,1154.9446265365675,0.8947368421052632,-277.13856084290717,0.0,0.0
47,proper_scoring,node-001,0.0,0.0,0.0,0.0,0.0,0.0,0.0,0.0,8669.157293820528,1154.9446265365675,0.8947368421052632,0.0,0.0,0.0
47,proper_scoring,node-002,372.4923344769071,254.23683770759772,372.74434680318564,0.5130713648681272,0.3501861092136932,0.5134184869327703,608.5710382779879,726.0049185801811,8669.157293820528,1154.9446265365675,0.8947368421052632,-865.0672493918642,207.58090839996612,-608.5710382779879
47,proper_scoring,node-003,265.38903687063396,175.26847620462024,334.4413201467768,0.9994630875517907,0.6600663480434479,1.2595160613274805,188.41217532731469,265.53160409426516,8669.157293820528,1154.9446265365675,0.8947368421052632,-371.24013912004614,44.908708193540406,-188.41217532731469
47,proper_scoring,node-004,0.0,0.0,0.0,0.0,0.0,0.0,0.0,0.0,8669.157293820528,1154.9446265365675,0.8947368421052632,0.0,0.0,0.0
47,proper_scoring,node-005,373.6902841095891,166.1698971033866,806.0136468493965,373690.28410958906,166169.8971033866,806013.6468493965,0.0,0.0,8669.157293820528,1154.9446265365675,0.8947368421052632,-302.6712289039048,0.0,0.0
47,proper_scoring,node-006,0.0,0.0,0.0,0.0,0.0,0.0,0.0,0.0,8669.157293820528,1154.9446265365675,0.8947368421052632,0.0,0.0,0.0
47,proper_scoring,node-007,0.0,0.0,0.0,0.0,0.0,0.0,0.0,0.0,8669.157293820528,1154.9446265365675,0.8947368421052632,0.0,0.0,0.0
47,proper_scoring,node-008,0.0,0.0,0.0,0.0,0.0,0.0,0.0,0.0,8669.157293820528,1154.9446265365675,0.8947368421052632,0.0,0.0,0.0
47,proper_scoring,node-009,0.0,0.0,146.29118498997093,0.0,0.0,146291.18498997093,0.0,0.0,8669.157293820528,1154.9446265365675,0.8947368421052632,-214.83526004011634,0.0,0.0
47,proper_scoring,node-010,301.46692638284424,528.6682458290063,863.8702721803976,301466.9263828442,528668.2458290063,863870.2721803975,0.0,0.0,8669.157293820528,1154.9446265365675,0.8947368421052632,-298.1835832034611,202.6607868089001,0.0
47,proper_scoring,node-011,96.55348693419305,159.25330006797878,159.25330006797878,0.5908733083131658,0.9745740652027377,0.9745740652027377,132.56162834907929,163.40810386212135,8669.157293820528,1154.9446265365675,0.8947368421052632,-198.18930443648767,-15.343917348871685,-132.56162834907929
47,proper_scoring,node-012,114.33241824944749,154.9124673342851,182.7739888739551,114332.41824944748,154912.46733428512,182773.9888739551,0.0,0.0,8669.157293820528,1154.9446265365675,0.8947368421052632,-106.8159235089418,0.0,0.0
47,proper_scoring,node-013,0.0,0.0,0.0,0.0,0.0,0.0,0.0,0.0,8669.157293820528,1154.9446265365675,0.8947368421052632,0.0,0.0,0.0
47,proper_scoring,node-014,0.0,0.0,0.0,0.0,0.0,0.0,0.0,0.0,8669.157293820528,1154.9446265365675,0.8947368421052632,0.0,0.0,0.0
47,proper_scoring,node-015,0.0,254.83603957349567,405.8288496933335,0.0,254836.03957349565,405828.8496933335,0.0,0.0,8669.157293820528,1154.9446265365675,0.8947368421052632,-206.67452923486616,0.0,0.0
47,proper_scoring,node-016,46.9184975937281,514.2157395941156,517.4152266049298,46918.4975937281,514215.7395941156,517415.2266049298,0.0,0.0,8669.157293820528,1154.9446265365675,0.8947368421052632,-139.3218128394391,0.0,0.0
47,proper_scoring,node-017,0.0,0.0,0.0,0.0,0.0,0.0,0.0,0.0,8669.157293820528,1154.9446265365675,0.8947368421052632,0.0,0.0,0.0
47,proper_scoring,node-018,0.0,0.0,0.0,0.0,0.0,0.0,0.0,0.0,8669.157293820528,1154.9446265365675,0.8947368421052632,0.0,0.0,0.0
47,proper_scoring,node-019,0.0,0.0,0.0,0.0,0.0,0.0,0.0,0.0,8669.157293820528,1154.9446265365675,0.8947368421052632,0.0,0.0,0.0
47,proper_scoring,node-020,0.0,0.0,0.0,0.0,0.0,0.0,0.0,0.0,8669.157293820528,1154.9446265365675,0.8947368421052632,0.0,0.0,0.0
47,proper_scoring,node-021,0.0,0.0,0.0,0.0,0.0,0.0,0.0,0.0,8669.157293820528,1154.9446265365675,0.8947368421052632,0.0,0.0,0.0
47,proper_scoring,node-022,0.0,0.0,0.0,0.0,0.0,0.0,0.0,0.0,8669.157293820528,1154.9446265365675,0.8947368421052632,0.0,0.0,0.0
47,proper_scoring,node-023,393.4123206748065,0.0,412.2662449286422,393412.3206748065,0.0,412266.2449286422,0.0,0.0,8669.157293820528,1154.9446265365675,0.8947368421052632,-118.3890185644002,0.0,0.0
47,proper_scoring,node-024,0.0,0.0,0.0,0.0,0.0,0.0,0.0,0.0,8669.157293820528,1154.9446265365675,0.8947368421052632,0.0,0.0,0.0
47,proper_scoring,node-025,0.0,0.0,0.0,0.0,0.0,0.0,0.0,0.0,8669.157293820528,1154.9446265365675,0.8947368421052632,0.0,0.0,0.0
47,proper_scoring,node-026,0.0,0.0,0.0,0.0,0.0,0.0,0.0,0.0,8669.157293820528,1154.9446265365675,0.8947368421052632,0.0,0.0,0.0
47,proper_scoring,node-027,0.0,0.0,419.32438708590524,0.0,0.0,419324.38708590524,0.0,0.0,8669.157293820528,1154.9446265365675,0.8947368421052632,-119.04451261541134,0.0,0.0
47,proper_scoring,node-028,470.71344779741185,0.0,888.4757509595009,470713.4477974118,0.0,888475.7509595009,0.0,0.0,8669.157293820528,1154.9446265365675,0.8947368421052632,-439.2302592257856,0.0,0.0
47,proper_scoring,node-029,0.0,0.0,0.0,0.0,0.0,0.0,0.0,0.0,8669.157293820528,1154.9446265365675,0.8947368421052632,0.0,0.0,0.0
47,audits,node-000,0.0,0.0,130.44925916712597,0.0,0.0,130449.25916712597,0.0,0.0,8669.157293820528,1154.9446265365675,0.8947368421052632,-369.55074083287406,0.0,0.0
47,audits,node-001,0.0,0.0,0.0,0.0,0.0,0.0,0.0,0.0,8669.157293820528,1154.9446265365675,0.8947368421052632,0.0,0.0,0.0
47,audits,node-002,372.4923344769071,254.23683770759772,372.74434680318564,0.5130713648681272,0.3501861092136932,0.5134184869327703,608.5710382779879,726.0049185801811,8669.157293820528,1154.9446265365675,0.8947368421052632,-2172.695091056457,207.58090839996612,-608.5710382779879
47,audits,node-003,265.38903687063396,175.26847620462024,334.4413201467768,0.9994630875517907,0.6600663480434479,1.2595160613274805,188.41217532731469,265.53160409426516,8669.157293820528,1154.9446265365675,0.8947368421052632,-1234.1191662754977,44.908708193540406,-188.41217532731469
47,audits,node-004,0.0,0.0,0.0,0.0,0.0,0.0,0.0,0.0,8669.157293820528,1154.9446265365675,0.8947368421052632,0.0,0.0,0.0
47,audits,node-005,373.6902841095891,152.80698895264106,774.3321927740237,373690.28410958906,152806.98895264106,774332.1927740237,0.0,0.0,8669.157293820528,1154.9446265365675,0.8947368421052632,-1525.6678072259763,0.0,0.0
47,audits,node-006,0.0,0.0,0.0,0.0,0.0,0.0,0.0,0.0,8669.157293820528,1154.9446265365675,0.8947368421052632,0.0,0.0,0.0
47,audits,node-007,0.0,0.0,0.0,0.0,0.0,0.0,0.0,0.0,8669.157293820528,1154.9446265365675,0.8947368421052632,0.0,0.0,0.0
47,audits,node-008,0.0,0.0,0.0,0.0,0.0,0.0,0.0,0.0,8669.157293820528,1154.9446265365675,0.8947368421052632,0.0,0.0,0.0
47,audits,node-009,0.0,0.0,146.29118498997093,0.0,0.0,146291.18498997093,0.0,0.0,8669.157293820528,1154.9446265365675,0.8947368421052632,-253.70881501002907,0.0,0.0
47,audits,node-010,229.29023728920708,493.7206108049896,786.0843325332642,229290.23728920709,493720.6108049896,786084.3325332642,0.0,0.0,8669.157293820528,1154.9446265365675,0.8947368421052632,-1574.5458958008653,176.812641508146,0.0
47,audits,node-011,85.30823381418514,30.375152254283023,109.9186123469633,0.5220563227767796,0.18588522561838566,0.6726631651004847,132.56162834907929,163.40810386212135,8669.157293820528,1154.9446265365675,0.8947368421052632,-571.3071206876484,-15.343917348871685,-132.56162834907929
47,audits,node-012,109.14509308861977,127.99208646851304,127.99208646851304,109145.09308861977,127992.08646851304,127992.08646851304,0.0,0.0,8669.157293820528,1154.9446265365675,0.8947368421052632,-464.4783448431679,0.0,0.0
47,audits,node-013,0.0,0.0,0.0,0.0,0.0,0.0,0.0,0.0,8669.157293820528,1154.9446265365675,0.8947368421052632,0.0,0.0,0.0
47,audits,node-014,0.0,0.0,0.0,0.0,0.0,0.0,0.0,0.0,8669.157293820528,1154.9446265365675,0.8947368421052632,0.0,0.0,0.0
47,audits,node-015,0.0,254.83603957349567,373.99995800532673,0.0,254836.03957349565,373999.95800532674,0.0,0.0,8669.157293820528,1154.9446265365675,0.8947368421052632,-1051.6686323087165,0.0,0.0
47,audits,node-016,46.9184975937281,514.2157395941156,517.4152266049298,46918.4975937281,514215.7395941156,517415.2266049298,0.0,0.0,8669.157293820528,1154.9446265365675,0.8947368421052632,-1034.8304532098596,0.0,0.0
47,audits,node-017,0.0,0.0,0.0,0.0,0.0,0.0,0.0,0.0,8669.157293820528,1154.9446265365675,0.8947368421052632,0.0,0.0,0.0
47,audits,node-018,0.0,0.0,0.0,0.0,0.0,0.0,0.0,0.0,8669.157293820528,1154.9446265365675,0.8947368421052632,0.0,0.0,0.0
47,audits,node-019,0.0,0.0,0.0,0.0,0.0,0.0,0.0,0.0,8669.157293820528,1154.9446265365675,0.8947368421052632,0.0,0.0,0.0
47,audits,node-020,0.0,0.0,0.0,0.0,0.0,0.0,0.0,0.0,8669.157293820528,1154.9446265365675,0.8947368421052632,0.0,0.0,0.0
47,audits,node-021,0.0,0.0,0.0,0.0,0.0,0.0,0.0,0.0,8669.157293820528,1154.9446265365675,0.8947368421052632,0.0,0.0,0.0
47,audits,node-022,0.0,0.0,0.0,0.0,0.0,0.0,0.0,0.0,8669.157293820528,1154.9446265365675,0.8947368421052632,0.0,0.0,0.0
47,audits,node-023,378.4013444721277,0.0,378.4013444721277,378401.3444721277,0.0,378401.3444721277,0.0,0.0,8669.157293820528,1154.9446265365675,0.8947368421052632,-529.5972546411001,0.0,0.0
47,audits,node-024,0.0,0.0,0.0,0.0,0.0,0.0,0.0,0.0,8669.157293820528,1154.9446265365675,0.8947368421052632,0.0,0.0,0.0
47,audits,node-025,0.0,0.0,0.0,0.0,0.0,0.0,0.0,0.0,8669.157293820528,1154.9446265365675,0.8947368421052632,0.0,0.0,0.0
47,audits,node-026,0.0,0.0,0.0,0.0,0.0,0.0,0.0,0.0,8669.157293820528,1154.9446265365675,0.8947368421052632,0.0,0.0,0.0
47,audits,node-027,0.0,0.0,419.32438708590524,0.0,0.0,419324.38708590524,0.0,0.0,8669.157293820528,1154.9446265365675,0.8947368421052632,-423.2983949885904,0.0,0.0
47,audits,node-028,470.71344779741185,0.0,888.4757509595009,470713.4477974118,0.0,888475.7509595009,0.0,0.0,8669.157293820528,1154.9446265365675,0.8947368421052632,-1611.5242490404985,0.0,0.0
47,audits,node-029,0.0,0.0,0.0,0.0,0.0,0.0,0.0,0.0,8669.157293820528,1154.9446265365675,0.8947368421052632,0.0,0.0,0.0
45,greedy,node-000,27.637839366615246,0.0,27.637839366615246,0.24999999999999994,0.0,0.24999999999999994,36.850452488820345,110.55135746646101,7666.653784691503,167.7972220825837,0.8,-66.85196763619847,-7.7670430835747055,-36.850452488820345
45,greedy,node-001,0.0,0.0,0.0,0.0,0.0,0.0,0.0,0.0,7666.653784691503,167.7972220825837,0.8,0.0,0.0,-30.001515147378118
45,greedy,node-002,0.0,0.0,0.0,0.0,0.0,0.0,0.0,0.0,7666.653784691503,167.7972220825837,0.8,0.0,0.0,-30.001515147378118
45,greedy,node-003,0.0,0.0,0.0,0.0,0.0,0.0,0.0,0.0,7666.653784691503,167.7972220825837,0.8,0.0,0.0,-30.001515147378118
45,greedy,node-004,0.0,0.0,0.0,0.0,0.0,0.0,0.0,0.0,7666.653784691503,167.7972220825837,0.8,0.0,0.0,-30.001515147378118
45,greedy,node-005,0.0,0.0,0.0,0.0,0.0,0.0,0.0,0.0,7666.653784691503,167.7972220825837,0.8,0.0,0.0,-30.001515147378118
45,greedy,node-006,0.0,0.0,0.0,0.0,0.0,0.0,0.0,0.0,7666.653784691503,167.7972220825837,0.8,0.0,0.0,-30.001515147378118
45,greedy,node-007,0.0,0.0,0.0,0.0,0.0,0.0,0.0,0.0,7666.653784691503,167.7972220825837,0.8,0.0,0.0,-30.001515147378118
45,greedy,node-008,0.0,0.0,0.0,0.0,0.0,0.0,0.0,0.0,7666.653784691503,167.7972220825837,0.8,0.0,0.0,-30.001515147378118
45,greedy,node-009,0.0,0.0,0.0,0.0,0.0,0.0,0.0,0.0,7666.653784691503,167.7972220825837,0.8,0.0,0.0,-30.001515147378118
45,greedy,node-010,0.0,0.0,0.0,0.0,0.0,0.0,0.0,0.0,7666.653784691503,167.7972220825837,0.8,0.0,0.0,-30.001515147378118
45,greedy,node-011,0.0,0.0,0.0,0.0,0.0,0.0,0.0,0.0,7666.653784691503,167.7972220825837,0.8,0.0,0.0,-30.001515147378118
45,greedy,node-012,0.0,0.0,0.0,0.0,0.0,0.0,0.0,0.0,7666.653784691503,167.7972220825837,0.8,0.0,0.0,-30.001515147378118
45,greedy,node-013,0.0,0.0,0.0,0.0,0.0,0.0,0.0,0.0,7666.653784691503,167.7972220825837,0.8,-15.769426863762696,0.0,-30.001515147378118
45,greedy,node-014,0.0,0.0,0.0,0.0,0.0,0.0,0.0,0.0,7666.653784691503,167.7972220825837,0.8,0.0,0.0,-30.001515147378118
45,greedy,node-015,0.0,0.0,0.0,0.0,0.0,0.0,0.0,0.0,7666.653784691503,167.7972220825837,0.8,-42.306699801366676,0.0,-30.001515147378118
45,greedy,node-016,0.0,0.0,0.0,0.0,0.0,0.0,19.081954872040882,57.24586461612265,7666.653784691503,167.7972220825837,0.8,-36.35320052609158,-5.724586461612262,-49.083470019418996
45,greedy,node-017,0.0,0.0,0.0,0.0,0.0,0.0,0.0,0.0,7666.653784691503,167.7972220825837,0.8,0.0,0.0,-30.001515147378118
45,greedy,node-018,0.0,0.0,0.0,0.0,0.0,0.0,0.0,0.0,7666.653784691503,167.7972220825837,0.8,0.0,0.0,-30.001515147378118
45,greedy,node-019,0.0,0.0,0.0,0.0,0.0,0.0,0.0,0.0,7666.653784691503,167.7972220825837,0.8,-8.07306290232215,0.0,-30.001515147378118
45,greedy,node-020,0.0,0.0,0.0,0.0,0.0,0.0,0.0,0.0,7666.653784691503,167.7972220825837,0.8,0.0,0.0,-30.001515147378118
45,greedy,node-021,0.0,0.0,0.0,0.0,0.0,0.0,0.0,0.0,7666.653784691503,167.7972220825837,0.8,0.0,0.0,-30.001515147378118
45,greedy,node-022,0.0,0.0,0.0,0.0,0.0,0.0,0.0,0.0,7666.653784691503,167.7972220825837,0.8,0.0,0.0,-30.001515147378118
45,greedy,node-023,0.0,0.0,0.0,0.0,0.0,0.0,0.0,0.0,7666.653784691503,167.7972220825837,0.8,0.0,0.0,-30.001515147378118
45,greedy,node-024,0.0,0.0,0.0,0.0,0.0,0.0,0.0,0.0,7666.653784691503,167.7972220825837,0.8,0.0,0.0,-30.001515147378118
45,greedy,node-025,0.0,0.0,0.0,0.0,0.0,0.0,0.0,0.0,7666.653784691503,167.7972220825837,0.8,0.0,0.0,-30.001515147378118
45,greedy,node-026,0.0,0.0,0.0,0.0,0.0,0.0,0.0,0.0,7666.653784691503,167.7972220825837,0.8,0.0,0.0,-30.001515147378118
45,greedy,node-027,0.0,0.0,0.0,0.0,0.0,0.0,0.0,0.0,7666.653784691503,167.7972220825837,0.8,0.0,0.0,-30.001515147378118
45,greedy,node-028,0.0,0.0,0.0,0.0,0.0,0.0,0.0,0.0,7666.653784691503,167.7972220825837,0.8,0.0,0.0,-30.001515147378118
45,greedy,node-029,0.0,0.0,0.0,0.0,0.0,0.0,0.0,0.0,7666.653784691503,167.7972220825837,0.8,0.0,0.0,-30.001515147378118
45,trust_vcg,node-000,0.0,0.0,212.49645498397524,0.0,0.0,212496.45498397524,0.0,0.0,8762.723401013056,61.21934730910345,0.9,-9814.399528373415,0.0,0.0
45,trust_vcg,node-001,0.0,0.0,0.0,0.0,0.0,0.0,0.0,0.0,8762.723401013056,61.21934730910345,0.9,0.0,0.0,0.0
45,trust_vcg,node-002,0.0,0.0,0.0,0.0,0.0,0.0,0.0,0.0,8762.723401013056,61.21934730910345,0.9,-2240.417417184421,0.0,0.0
45,trust_vcg,node-003,0.0,0.0,0.0,0.0,0.0,0.0,0.0,0.0,8762.723401013056,61.21934730910345,0.9,0.0,0.0,0.0
45,trust_vcg,node-004,0.0,267.151429668011,529.0662103426233,0.0,267151.429668011,529066.2103426233,0.0,0.0,8762.723401013056,61.21934730910345,0.9,-5558.132420685248,0.0,0.0
45,trust_vcg,node-005,0.0,0.0,0.0,0.0,0.0,0.0,0.0,0.0,8762.723401013056,61.21934730910345,0.9,-2258.019209812022,0.0,0.0
45,trust_vcg,node-006,0.0,0.0,0.0,0.0,0.0,0.0,0.0,0.0,8762.723401013056,61.21934730910345,0.9,0.0,0.0,0.0
45,trust_vcg,node-007,0.0,0.0,0.0,0.0,0.0,0.0,0.0,0.0,8762.723401013056,61.21934730910345,0.9,-7774.76107948591,0.0,0.0
45,trust_vcg,node-008,0.0,0.0,0.0,0.0,0.0,0.0,0.0,0.0,8762.723401013056,61.21934730910345,0.9,0.0,0.0,0.0
45,trust_vcg,node-009,0.0,0.0,0.0,0.0,0.0,0.0,0.0,0.0,8762.723401013056,61.21934730910345,0.9,0.0,0.0,0.0
45,trust_vcg,node-010,0.0,0.0,26.273726361011427,0.0,0.0,26273.726361011428,0.0,0.0,8762.723401013056,61.21934730910345,0.9,-573.7262736389886,0.0,0.0
45,trust_vcg,node-011,0.0,0.0,0.0,0.0,0.0,0.0,0.0,0.0,8762.723401013056,61.21934730910345,0.9,0.0,0.0,0.0
45,trust_vcg,node-012,0.0,0.0,27.328818781725303,0.0,0.0,27328.818781725302,0.0,0.0,8762.723401013056,61.21934730910345,0.9,-572.6711812182747,0.0,0.0
45,trust_vcg,node-013,0.0,0.0,412.3066332220957,0.0,0.0,412306.63322209567,0.0,0.0,8762.723401013056,61.21934730910345,0.9,-10552.09434335037,0.0,0.0
45,trust_vcg,node-014,0.0,0.0,25.179586092982817,0.0,0.0,25179.586092982816,0.0,0.0,8762.723401013056,61.21934730910345,0.9,-574.8204139070172,0.0,0.0
45,trust_vcg,node-015,100.70558281531589,1.833848028089733,168.6452682976726,0.15144207416779412,0.00275775921571044,0.2536104604689245,553.7699587284379,664.9775722414932,8762.723401013056,61.21934730910345,0.9,-7185.2342830899315,-16.68114202695824,-553.7699587284379
45,trust_vcg,node-016,347.93571050730077,421.79150175030145,641.9221346764715,347935.71050730074,421791.50175030145,641922.1346764715,-641.9221346764715,-603.7582249323898,8762.723401013056,61.21934730910345,0.9,-10432.083817205674,-5.724586461612148,522.924767687115
45,trust_vcg,node-017,0.0,0.0,0.0,0.0,0.0,0.0,0.0,0.0,8762.723401013056,61.21934730910345,0.9,0.0,0.0,0.0
45,trust_vcg,node-018,0.0,0.0,0.0,0.0,0.0,0.0,0.0,0.0,8762.723401013056,61.21934730910345,0.9,0.0,0.0,0.0
45,trust_vcg,node-019,0.0,0.0,0.0,0.0,0.0,0.0,0.0,0.0,8762.723401013056,61.21934730910345,0.9,-10997.8569244101,0.0,0.0
45,trust_vcg,node-020,0.0,0.0,0.0,0.0,0.0,0.0,0.0,0.0,8762.723401013056,61.21934730910345,0.9,-3373.3086589375744,0.0,0.0
45,trust_vcg,node-021,0.0,0.0,0.0,0.0,0.0,0.0,0.0,0.0,8762.723401013056,61.21934730910345,0.9,0.0,0.0,0.0
45,trust_vcg,node-022,36.18540432248368,0.0,238.1967123655927,36185.40432248368,0.0,238196.71236559268,0.0,0.0,8762.723401013056,61.21934730910345,0.9,-3361.8032876344073,0.0,0.0
45,trust_vcg,node-023,0.0,0.0,0.0,0.0,0.0,0.0,0.0,0.0,8762.723401013056,61.21934730910345,0.9,0.0,0.0,0.0
45,trust_vcg,node-024,0.0,0.0,0.0,0.0,0.0,0.0,0.0,0.0,8762.723401013056,61.21934730910345,0.9,0.0,0.0,0.0
45,trust_vcg,node-025,376.70847689669677,0.0,376.70847689669677,376708.4768966968,0.0,376708.4768966968,0.0,0.0,8762.723401013056,61.21934730910345,0.9,-10534.011876485454,0.0,0.0
45,trust_vcg,node-026,0.0,0.0,0.0,0.0,0.0,0.0,0.0,0.0,8762.723401013056,61.21934730910345,0.9,0.0,0.0,0.0
45,trust_vcg,node-027,0.0,0.0,0.0,0.0,0.0,0.0,0.0,0.0,8762.723401013056,61.21934730910345,0.9,0.0,0.0,0.0
45,trust_vcg,node-028,134.18593801533765,0.0,405.9449120546917,134185.93801533766,0.0,405944.9120546917,0.0,0.0,8762.723401013056,61.21934730910345,0.9,-5594.0550879453085,0.0,0.0
45,trust_vcg,node-029,0.0,0.0,26.02856440566333,0.0,0.0,26028.564405663332,0.0,0.0,8762.723401013056,61.21934730910345,0.9,-573.9714355943366,0.0,0.0
45,contingent,node-000,0.0,17.656809902600216,63.33566734272066,0.0,17656.809902600216,63335.66734272066,0.0,0.0,8762.723401013056,212.42583386459583,0.9,-110.87102910450938,0.0,0.0
45,contingent,node-001,0.0,0.0,0.0,0.0,0.0,0.0,0.0,0.0,8762.723401013056,212.42583386459583,0.9,0.0,0.0,0.0
45,contingent,node-002,0.0,0.0,0.0,0.0,0.0,0.0,0.0,0.0,8762.723401013056,212.42583386459583,0.9,-184.3706909574875,0.0,0.0
45,contingent,node-003,0.0,0.0,0.0,0.0,0.0,0.0,0.0,0.0,8762.723401013056,212.42583386459583,0.9,0.0,0.0,0.0
45,contingent,node-004,0.0,67.151429668011,67.151429668011,0.0,67151.429668011,67151.429668011,0.0,0.0,8762.723401013056,212.42583386459583,0.9,-232.5296827409861,0.0,0.0
45,contingent,node-005,0.0,0.0,0.0,0.0,0.0,0.0,0.0,0.0,8762.723401013056,212.42583386459583,0.9,-232.07683924808745,0.0,0.0
45,contingent,node-006,0.0,0.0,0.0,0.0,0.0,0.0,0.0,0.0,8762.723401013056,212.42583386459583,0.9,0.0,0.0,0.0
45,contingent,node-007,0.0,0.0,0.0,0.0,0.0,0.0,0.0,0.0,8762.723401013056,212.42583386459583,0.9,-299.04431794363813,0.0,0.0
45,contingent,node-008,0.0,0.0,0.0,0.0,0.0,0.0,0.0,0.0,8762.723401013056,212.42583386459583,0.9,0.0,0.0,0.0
45,contingent,node-009,0.0,0.0,0.0,0.0,0.0,0.0,0.0,0.0,8762.723401013056,212.42583386459583,0.9,0.0,0.0,0.0
45,contingent,node-010,0.0,0.0,0.0,0.0,0.0,0.0,0.0,0.0,8762.723401013056,212.42583386459583,0.9,-94.9050945559543,0.0,0.0
45,contingent,node-011,0.0,0.0,0.0,0.0,0.0,0.0,0.0,0.0,8762.723401013056,212.42583386459583,0.9,0.0,0.0,0.0
45,contingent,node-012,0.0,0.0,0.0,0.0,0.0,0.0,0.0,0.0,8762.723401013056,212.42583386459583,0.9,-90.6847248730988,0.0,0.0
45,contingent,node-013,0.0,0.0,7.864692126586974,0.0,0.0,7864.692126586973,0.0,0.0,8762.723401013056,212.42583386459583,0.9,-408.37737340148897,0.0,0.0
45,contingent,node-014,0.0,0.0,0.0,0.0,0.0,0.0,0.0,0.0,8762.723401013056,212.42583386459583,0.9,-99.28165562806873,0.0,0.0
45,contingent,node-015,150.52219801250686,0.0,166.81142026958287,0.9023494780468202,0.0,1.0,55.603806756527625,166.81142026958287,8762.723401013056,212.42583386459583,0.9,-181.46110420250145,-16.681142026958284,-55.603806756527625
45,contingent,node-016,22.80720679750649,2.1154779003129214,39.25533669603165,0.5000000000000001,0.046377399895900596,0.8605906248090722,7.450503850931211,45.61441359501297,8762.723401013056,212.42583386459583,0.9,-303.4743113795124,-4.561441359501298,-22.464740589217136
45,contingent,node-017,0.0,0.0,0.0,0.0,0.0,0.0,0.0,0.0,8762.723401013056,212.42583386459583,0.9,0.0,0.0,0.0
45,contingent,node-018,0.0,0.0,0.0,0.0,0.0,0.0,0.0,0.0,8762.723401013056,212.42583386459583,0.9,0.0,0.0,0.0
45,contingent,node-019,0.0,0.0,0.0,0.0,0.0,0.0,0.0,0.0,8762.723401013056,212.42583386459583,0.9,-302.32776312806845,0.0,0.0
45,contingent,node-020,0.0,0.0,0.0,0.0,0.0,0.0,0.0,0.0,8762.723401013056,212.42583386459583,0.9,-293.2346357502969,0.0,0.0
45,contingent,node-021,0.0,0.0,0.0,0.0,0.0,0.0,0.0,0.0,8762.723401013056,212.42583386459583,0.9,0.0,0.0,0.0
45,contingent,node-022,0.0,0.0,18.084160301489725,0.0,0.0,18084.160301489723,0.0,0.0,8762.723401013056,212.42583386459583,0.9,-247.2131505376292,0.0,0.0
45,contingent,node-023,0.0,0.0,0.0,0.0,0.0,0.0,0.0,0.0,8762.723401013056,212.42583386459583,0.9,0.0,0.0,0.0
45,contingent,node-024,0.0,0.0,0.0,0.0,0.0,0.0,0.0,0.0,8762.723401013056,212.42583386459583,0.9,0.0,0.0,0.0
45,contingent,node-025,0.0,0.0,12.168080129301853,0.0,0.0,12168.080129301852,0.0,0.0,8762.723401013056,212.42583386459583,0.9,-336.0475059418101,0.0,0.0
45,contingent,node-026,0.0,0.0,0.0,0.0,0.0,0.0,0.0,0.0,8762.723401013056,212.42583386459583,0.9,0.0,0.0,0.0
45,contingent,node-027,0.0,0.0,0.0,0.0,0.0,0.0,0.0,0.0,8762.723401013056,212.42583386459583,0.9,0.0,0.0,0.0
45,contingent,node-028,0.0,0.0,0.0,0.0,0.0,0.0,0.0,0.0,8762.723401013056,212.42583386459583,0.9,-376.2203517812331,0.0,0.0
45,contingent,node-029,0.0,0.0,0.0,0.0,0.0,0.0,0.0,0.0,8762.723401013056,212.42583386459583,0.9,-95.88574237734665,0.0,0.0
45,capped,node-000,0.0,36.850452488820345,92.12613122205086,0.0,36850.452488820345,92126.13122205086,0.0,0.0,8762.723401013056,224.0572848857055,0.9,-27.717757276127344,0.0,0.0
45,capped,node-001,0.0,0.0,0.0,0.0,0.0,0.0,0.0,0.0,8762.723401013056,224.0572848857055,0.9,0.0,0.0,0.0
45,capped,node-002,0.0,0.0,6.6970249899533485,0.0,0.0,6697.024989953348,0.0,0.0,8762.723401013056,224.0572848857055,0.9,-46.092672739371885,0.0,0.0
45,capped,node-003,0.0,0.0,0.0,0.0,0.0,0.0,0.0,0.0,8762.723401013056,224.0572848857055,0.9,0.0,0.0,0.0
45,capped,node-004,0.0,67.151429668011,67.151429668011,0.0,67151.429668011,67151.429668011,0.0,0.0,8762.723401013056,224.0572848857055,0.9,-58.13242068524652,0.0,0.0
45,capped,node-005,0.0,0.0,0.0,0.0,0.0,0.0,0.0,0.0,8762.723401013056,224.0572848857055,0.9,-58.01920981202186,0.0,0.0
45,capped,node-006,0.0,0.0,0.0,0.0,0.0,0.0,0.0,0.0,8762.723401013056,224.0572848857055,0.9,0.0,0.0,0.0
45,capped,node-007,0.0,0.0,32.268352343041656,0.0,0.0,32268.352343041654,0.0,0.0,8762.723401013056,224.0572848857055,0.9,-74.76107948590953,0.0,0.0
45,capped,node-008,0.0,0.0,0.0,0.0,0.0,0.0,0.0,0.0,8762.723401013056,224.0572848857055,0.9,0.0,0.0,0.0
45,capped,node-009,0.0,0.0,0.0,0.0,0.0,0.0,0.0,0.0,8762.723401013056,224.0572848857055,0.9,0.0,0.0,0.0
45,capped,node-010,0.0,0.0,0.0,0.0,0.0,0.0,0.0,0.0,8762.723401013056,224.0572848857055,0.9,-23.726273638988573,0.0,0.0
45,capped,node-011,0.0,0.0,0.0,0.0,0.0,0.0,0.0,0.0,8762.723401013056,224.0572848857055,0.9,0.0,0.0,0.0
45,capped,node-012,0.0,0.0,0.0,0.0,0.0,0.0,0.0,0.0,8762.723401013056,224.0572848857055,0.9,-22.671181218274697,0.0,0.0
45,capped,node-013,0.0,0.0,7.864692126586974,0.0,0.0,7864.692126586973,0.0,0.0,8762.723401013056,224.0572848857055,0.9,-102.09434335037227,0.0,0.0
45,capped,node-014,0.0,0.0,0.0,0.0,0.0,0.0,0.0,0.0,8762.723401013056,224.0572848857055,0.9,-24.820413907017183,0.0,0.0
45,capped,node-015,150.52219801250686,0.0,166.81142026958287,0.9023494780468202,0.0,1.0,55.603806756527625,166.81142026958287,8762.723401013056,224.0572848857055,0.9,-87.06813111802109,-16.681142026958284,-55.603806756527625
45,capped,node-016,28.622932308061337,30.74275652745407,50.88678771714132,0.5000000000000002,0.537030172111257,0.8889163969900041,19.081954872040882,57.24586461612265,8762.723401013056,224.0572848857055,0.9,-93.08790675418618,-5.724586461612262,-30.658243775008827
45,capped,node-017,0.0,0.0,0.0,0.0,0.0,0.0,0.0,0.0,8762.723401013056,224.0572848857055,0.9,0.0,0.0,0.0
45,capped,node-018,0.0,0.0,0.0,0.0,0.0,0.0,0.0,0.0,8762.723401013056,224.0572848857055,0.9,0.0,0.0,0.0
45,capped,node-019,0.0,0.0,27.94974745594,0.0,0.0,27949.74745594,0.0,0.0,8762.723401013056,224.0572848857055,0.9,-75.58194078201711,0.0,0.0
45,capped,node-020,0.0,0.0,0.0,0.0,0.0,0.0,0.0,0.0,8762.723401013056,224.0572848857055,0.9,-73.30865893757425,0.0,0.0
45,capped,node-021,0.0,0.0,0.0,0.0,0.0,0.0,0.0,0.0,8762.723401013056,224.0572848857055,0.9,0.0,0.0,0.0
45,capped,node-022,0.0,0.0,18.084160301489725,0.0,0.0,18084.160301489723,0.0,0.0,8762.723401013056,224.0572848857055,0.9,-61.8032876344073,0.0,0.0
45,capped,node-023,0.0,0.0,0.0,0.0,0.0,0.0,0.0,0.0,8762.723401013056,224.0572848857055,0.9,0.0,0.0,0.0
45,capped,node-024,0.0,0.0,0.0,0.0,0.0,0.0,0.0,0.0,8762.723401013056,224.0572848857055,0.9,0.0,0.0,0.0
45,capped,node-025,0.0,0.0,33.6605335572728,0.0,0.0,33660.5335572728,0.0,0.0,8762.723401013056,224.0572848857055,0.9,-84.01187648545252,0.0,0.0
45,capped,node-026,0.0,0.0,0.0,0.0,0.0,0.0,0.0,0.0,8762.723401013056,224.0572848857055,0.9,0.0,0.0,0.0
45,capped,node-027,0.0,0.0,0.0,0.0,0.0,0.0,0.0,0.0,8762.723401013056,224.0572848857055,0.9,0.0,0.0,0.0
45,capped,node-028,0.0,0.0,0.0,0.0,0.0,0.0,0.0,0.0,8762.723401013056,224.0572848857055,0.9,-94.05508794530826,0.0,0.0
45,capped,node-029,0.0,0.0,0.0,0.0,0.0,0.0,0.0,0.0,8762.723401013056,224.0572848857055,0.9,-23.97143559433667,0.0,0.0
45,proper_scoring,node-000,0.0,416.8381765025081,761.0481546305784,0.0,416838.17650250805,761048.1546305785,0.0,0.0,8762.723401013056,1087.9286732591358,0.9,-110.87102910450938,0.0,0.0
45,proper_scoring,node-001,0.0,0.0,0.0,0.0,0.0,0.0,0.0,0.0,8762.723401013056,1087.9286732591358,0.9,0.0,0.0,0.0
45,proper_scoring,node-002,0.0,0.0,63.70997151077284,0.0,0.0,63709.97151077284,0.0,0.0,8762.723401013056,1087.9286732591358,0.9,-184.3706909574875,0.0,0.0
45,proper_scoring,node-003,0.0,0.0,0.0,0.0,0.0,0.0,0.0,0.0,8762.723401013056,1087.9286732591358,0.9,0.0,0.0,0.0
45,proper_scoring,node-004,0.0,267.151429668011,529.0662103426233,0.0,267151.429668011,529066.2103426233,0.0,0.0,8762.723401013056,1087.9286732591358,0.9,-232.5296827409861,0.0,0.0
45,proper_scoring,node-005,0.0,0.0,0.0,0.0,0.0,0.0,0.0,0.0,8762.723401013056,1087.9286732591358,0.9,-227.8084318061241,0.0,0.0
45,proper_scoring,node-006,0.0,0.0,0.0,0.0,0.0,0.0,0.0,0.0,8762.723401013056,1087.9286732591358,0.9,0.0,0.0,0.0
45,proper_scoring,node-007,0.0,0.0,486.3959413086715,0.0,0.0,486395.9413086715,0.0,0.0,8762.723401013056,1087.9286732591358,0.9,-299.04431794363813,0.0,0.0
45,proper_scoring,node-008,0.0,0.0,0.0,0.0,0.0,0.0,0.0,0.0,8762.723401013056,1087.9286732591358,0.9,0.0,0.0,0.0
45,proper_scoring,node-009,0.0,0.0,0.0,0.0,0.0,0.0,0.0,0.0,8762.723401013056,1087.9286732591358,0.9,0.0,0.0,0.0
45,proper_scoring,node-010,0.0,0.0,26.273726361011427,0.0,0.0,26273.726361011428,0.0,0.0,8762.723401013056,1087.9286732591358,0.9,-73.72627363898857,0.0,0.0
45,proper_scoring,node-011,0.0,0.0,0.0,0.0,0.0,0.0,0.0,0.0,8762.723401013056,1087.9286732591358,0.9,0.0,0.0,0.0
45,proper_scoring,node-012,0.0,0.0,27.328818781725303,0.0,0.0,27328.818781725302,0.0,0.0,8762.723401013056,1087.9286732591358,0.9,-72.6711812182747,0.0,0.0
45,proper_scoring,node-013,0.0,0.0,518.8482400751449,0.0,0.0,518848.24007514486,0.0,0.0,8762.723401013056,1087.9286732591358,0.9,-393.6418385343963,0.0,0.0
45,proper_scoring,node-014,0.0,0.0,25.179586092982817,0.0,0.0,25179.586092982816,0.0,0.0,8762.723401013056,1087.9286732591358,0.9,-74.82041390701718,0.0,0.0
45,proper_scoring,node-015,100.70558281531589,1.833848028089733,168.6452682976726,0.15144207416779412,0.00275775921571044,0.2536104604689245,553.7699587284379,664.9775722414932,8762.723401013056,1087.9286732591358,0.9,-679.6272561744117,-16.68114202695824,-553.7699587284379
45,proper_scoring,node-016,22.80720679750658,170.24994263128593,244.17403069265578,0.0539239802015676,0.4025286663674727,0.5773103086980036,384.78719127356084,422.95110101764266,8762.723401013056,1087.9286732591358,0.9,-680.810998802142,-4.561441359501259,1.7615940077575374
45,proper_scoring,node-017,0.0,0.0,0.0,0.0,0.0,0.0,0.0,0.0,8762.723401013056,1087.9286732591358,0.9,0.0,0.0,0.0
45,proper_scoring,node-018,0.0,0.0,0.0,0.0,0.0,0.0,0.0,0.0,8762.723401013056,1087.9286732591358,0.9,0.0,0.0,0.0
45,proper_scoring,node-019,0.0,0.0,579.0384190052306,0.0,0.0,579038.4190052305,0.0,0.0,8762.723401013056,1087.9286732591358,0.9,-302.32776312806845,0.0,0.0
45,proper_scoring,node-020,0.0,0.0,145.0981696496034,0.0,0.0,145098.1696496034,0.0,0.0,8762.723401013056,1087.9286732591358,0.9,-289.4259222636513,0.0,0.0
45,proper_scoring,node-021,0.0,0.0,0.0,0.0,0.0,0.0,0.0,0.0,8762.723401013056,1087.9286732591358,0.9,0.0,0.0,0.0
45,proper_scoring,node-022,36.18540432248368,0.0,238.1967123655927,36185.40432248368,0.0,238196.71236559268,0.0,0.0,8762.723401013056,1087.9286732591358,0.9,-247.2131505376292,0.0,0.0
45,proper_scoring,node-023,0.0,0.0,0.0,0.0,0.0,0.0,0.0,0.0,8762.723401013056,1087.9286732591358,0.9,0.0,0.0,0.0
45,proper_scoring,node-024,0.0,0.0,0.0,0.0,0.0,0.0,0.0,0.0,8762.723401013056,1087.9286732591358,0.9,0.0,0.0,0.0
45,proper_scoring,node-025,376.70847689669677,0.0,801.6598212292334,376708.4768966968,0.0,801659.8212292334,0.0,0.0,8762.723401013056,1087.9286732591358,0.9,-336.0475059418101,0.0,0.0
45,proper_scoring,node-026,0.0,0.0,0.0,0.0,0.0,0.0,0.0,0.0,8762.723401013056,1087.9286732591358,0.9,0.0,0.0,0.0
45,proper_scoring,node-027,0.0,0.0,0.0,0.0,0.0,0.0,0.0,0.0,8762.723401013056,1087.9286732591358,0.9,0.0,0.0,0.0
45,proper_scoring,node-028,134.18593801533765,0.0,405.9449120546917,134185.93801533766,0.0,405944.9120546917,0.0,0.0,8762.723401013056,1087.9286732591358,0.9,-366.3749499664867,0.0,0.0
45,proper_scoring,node-029,0.0,0.0,26.02856440566333,0.0,0.0,26028.564405663332,0.0,0.0,8762.723401013056,1087.9286732591358,0.9,-73.97143559433667,0.0,0.0
45,audits,node-000,0.0,348.6227334112519,683.235890246212,0.0,348622.73341125186,683235.8902462119,0.0,0.0,8762.723401013056,1061.2193473091036,0.9,-2814.399528373414,0.0,0.0
45,audits,node-001,0.0,0.0,0.0,0.0,0.0,0.0,0.0,0.0,8762.723401013056,1061.2193473091036,0.9,0.0,0.0,0.0
45,audits,node-002,0.0,0.0,55.31093533923057,0.0,0.0,55310.935339230564,0.0,0.0,8762.723401013056,1061.2193473091036,0.9,-240.41741718442142,0.0,0.0
45,audits,node-003,0.0,0.0,0.0,0.0,0.0,0.0,0.0,0.0,8762.723401013056,1061.2193473091036,0.9,0.0,0.0,0.0
45,audits,node-004,0.0,267.151429668011,529.0662103426233,0.0,267151.429668011,529066.2103426233,0.0,0.0,8762.723401013056,1061.2193473091036,0.9,-1058.1324206852466,0.0,0.0
45,audits,node-005,0.0,0.0,0.0,0.0,0.0,0.0,0.0,0.0,8762.723401013056,1061.2193473091036,0.9,-258.01920981202187,0.0,0.0
45,audits,node-006,0.0,0.0,0.0,0.0,0.0,0.0,0.0,0.0,8762.723401013056,1061.2193473091036,0.9,0.0,0.0,0.0
45,audits,node-007,0.0,0.0,432.26835234304167,0.0,0.0,432268.3523430417,0.0,0.0,8762.723401013056,1061.2193473091036,0.9,-2274.7610794859097,0.0,0.0
45,audits,node-008,0.0,0.0,0.0,0.0,0.0,0.0,0.0,0.0,8762.723401013056,1061.2193473091036,0.9,0.0,0.0,0.0
45,audits,node-009,0.0,0.0,0.0,0.0,0.0,0.0,0.0,0.0,8762.723401013056,1061.2193473091036,0.9,0.0,0.0,0.0
45,audits,node-010,0.0,0.0,26.273726361011427,0.0,0.0,26273.726361011428,0.0,0.0,8762.723401013056,1061.2193473091036,0.9,-73.72627363898857,0.0,0.0
45,audits,node-011,0.0,0.0,0.0,0.0,0.0,0.0,0.0,0.0,8762.723401013056,1061.2193473091036,0.9,0.0,0.0,0.0
45,audits,node-012,0.0,0.0,27.328818781725303,0.0,0.0,27328.818781725302,0.0,0.0,8762.723401013056,1061.2193473091036,0.9,-72.6711812182747,0.0,0.0
45,audits,node-013,0.0,0.0,412.3066332220957,0.0,0.0,412306.63322209567,0.0,0.0,8762.723401013056,1061.2193473091036,0.9,-3052.094343350372,0.0,0.0
45,audits,node-014,0.0,0.0,25.179586092982817,0.0,0.0,25179.586092982816,0.0,0.0,8762.723401013056,1061.2193473091036,0.9,-74.82041390701718,0.0,0.0
45,audits,node-015,100.70558281531589,1.833848028089733,168.6452682976726,0.15144207416779412,0.00275775921571044,0.2536104604689245,553.7699587284379,664.9775722414932,8762.723401013056,1061.2193473091036,0.9,-1685.2342830899315,-16.68114202695824,-553.7699587284379
45,audits,node-016,28.62293230806131,41.7468460759664,78.92511061754414,0.0722360288820567,0.1053570034831466,0.19918422433898403,358.0778653235285,396.24177506761026,8762.723401013056,1061.2193473091036,0.9,-3432.083817205674,-5.724586461612262,22.924767687115036
45,audits,node-017,0.0,0.0,0.0,0.0,0.0,0.0,0.0,0.0,8762.723401013056,1061.2193473091036,0.9,0.0,0.0,0.0
45,audits,node-018,0.0,0.0,0.0,0.0,0.0,0.0,0.0,0.0,8762.723401013056,1061.2193473091036,0.9,0.0,0.0,0.0
45,audits,node-019,0.0,0.0,0.0,0.0,0.0,0.0,0.0,0.0,8762.723401013056,1061.2193473091036,0.9,-2997.8569244101027,0.0,0.0
45,audits,node-020,0.0,0.0,126.69134106242575,0.0,0.0,126691.34106242575,0.0,0.0,8762.723401013056,1061.2193473091036,0.9,-873.3086589375741,0.0,0.0
45,audits,node-021,0.0,0.0,0.0,0.0,0.0,0.0,0.0,0.0,8762.723401013056,1061.2193473091036,0.9,0.0,0.0,0.0
45,audits,node-022,36.18540432248368,0.0,238.1967123655927,36185.40432248368,0.0,238196.71236559268,0.0,0.0,8762.723401013056,1061.2193473091036,0.9,-861.8032876344073,0.0,0.0
45,audits,node-023,0.0,0.0,0.0,0.0,0.0,0.0,0.0,0.0,8762.723401013056,1061.2193473091036,0.9,0.0,0.0,0.0
45,audits,node-024,0.0,0.0,0.0,0.0,0.0,0.0,0.0,0.0,8762.723401013056,1061.2193473091036,0.9,0.0,0.0,0.0
45,audits,node-025,376.70847689669677,0.0,765.9881235145474,376708.4768966968,0.0,765988.1235145474,0.0,0.0,8762.723401013056,1061.2193473091036,0.9,-3034.0118764854533,0.0,0.0
45,audits,node-026,0.0,0.0,0.0,0.0,0.0,0.0,0.0,0.0,8762.723401013056,1061.2193473091036,0.9,0.0,0.0,0.0
45,audits,node-027,0.0,0.0,0.0,0.0,0.0,0.0,0.0,0.0,8762.723401013056,1061.2193473091036,0.9,0.0,0.0,0.0
45,audits,node-028,134.18593801533765,0.0,405.9449120546917,134185.93801533766,0.0,405944.9120546917,0.0,0.0,8762.723401013056,1061.2193473091036,0.9,-1094.0550879453083,0.0,0.0
45,audits,node-029,0.0,0.0,26.02856440566333,0.0,0.0,26028.564405663332,0.0,0.0,8762.723401013056,1061.2193473091036,0.9,-73.97143559433667,0.0,0.0
42,greedy,node-000,0.0,0.0,0.0,0.0,0.0,0.0,0.0,0.0,8799.175139076804,332.9887799614134,1.0,0.0,0.0,0.0
42,greedy,node-001,0.0,0.0,0.0,0.0,0.0,0.0,0.0,0.0,8799.175139076804,332.9887799614134,1.0,0.0,0.0,0.0
42,greedy,node-002,0.0,0.0,0.0,0.0,0.0,0.0,39.81358752255631,119.44076256766893,8799.175139076804,332.9887799614134,1.0,-87.00032219319098,-8.66252267895625,-39.81358752255631
42,greedy,node-003,0.0,0.0,0.0,0.0,0.0,0.0,0.0,0.0,8799.175139076804,332.9887799614134,1.0,-35.3444802565517,0.0,0.0
42,greedy,node-004,0.0,0.0,0.0,0.0,0.0,0.0,0.0,0.0,8799.175139076804,332.9887799614134,1.0,0.0,0.0,0.0
42,greedy,node-005,0.0,0.0,0.0,0.0,0.0,0.0,0.0,0.0,8799.175139076804,332.9887799614134,1.0,0.0,0.0,0.0
42,greedy,node-006,0.0,0.0,0.0,0.0,0.0,0.0,0.0,0.0,8799.175139076804,332.9887799614134,1.0,0.0,0.0,0.0
42,greedy,node-007,0.0,0.0,0.0,0.0,0.0,0.0,0.0,0.0,8799.175139076804,332.9887799614134,1.0,0.0,0.0,0.0
42,greedy,node-008,0.0,0.0,0.0,0.0,0.0,0.0,0.0,0.0,8799.175139076804,332.9887799614134,1.0,-38.11197745314418,0.0,0.0
42,greedy,node-009,0.0,0.0,0.0,0.0,0.0,0.0,0.0,0.0,8799.175139076804,332.9887799614134,1.0,0.0,0.0,0.0
42,greedy,node-010,0.0,0.0,0.0,0.0,0.0,0.0,0.0,0.0,8799.175139076804,332.9887799614134,1.0,0.0,0.0,0.0
42,greedy,node-011,0.0,0.0,0.0,0.0,0.0,0.0,0.0,0.0,8799.175139076804,332.9887799614134,1.0,-37.08144640624654,0.0,0.0
42,greedy,node-012,0.0,0.0,0.0,0.0,0.0,0.0,0.0,0.0,8799.175139076804,332.9887799614134,1.0,0.0,0.0,0.0
42,greedy,node-013,0.0,0.0,0.0,0.0,0.0,0.0,0.0,0.0,8799.175139076804,332.9887799614134,1.0,0.0,0.0,0.0
42,greedy,node-014,0.0,0.0,0.0,0.0,0.0,0.0,0.0,0.0,8799.175139076804,332.9887799614134,1.0,0.0,0.0,0.0
42,greedy,node-015,0.0,0.0,0.0,0.0,0.0,0.0,0.0,0.0,8799.175139076804,332.9887799614134,1.0,0.0,0.0,0.0
42,greedy,node-016,0.0,0.0,0.0,0.0,0.0,0.0,0.0,0.0,8799.175139076804,332.9887799614134,1.0,0.0,0.0,0.0
42,greedy,node-017,0.0,0.0,0.0,0.0,0.0,0.0,0.0,0.0,8799.175139076804,332.9887799614134,1.0,0.0,0.0,0.0
42,greedy,node-018,0.0,0.0,0.0,0.0,0.0,0.0,0.0,0.0,8799.175139076804,332.9887799614134,1.0,0.0,0.0,0.0
42,greedy,node-019,0.0,0.0,0.0,0.0,0.0,0.0,0.0,0.0,8799.175139076804,332.9887799614134,1.0,-36.451369410938916,0.0,0.0
42,greedy,node-020,13.661050152493708,0.0,13.661050152493708,13661.050152493708,0.0,13661.050152493708,0.0,0.0,8799.175139076804,332.9887799614134,1.0,-55.479791465376586,0.0,0.0
42,greedy,node-021,0.0,0.0,0.0,0.0,0.0,0.0,0.0,0.0,8799.175139076804,332.9887799614134,1.0,0.0,0.0,0.0
42,greedy,node-022,0.0,0.0,0.0,0.0,0.0,0.0,0.0,0.0,8799.175139076804,332.9887799614134,1.0,0.0,0.0,0.0
42,greedy,node-023,0.0,0.0,0.0,0.0,0.0,0.0,0.0,0.0,8799.175139076804,332.9887799614134,1.0,0.0,0.0,0.0
42,greedy,node-024,0.0,0.0,0.0,0.0,0.0,0.0,0.0,0.0,8799.175139076804,332.9887799614134,1.0,0.0,0.0,0.0
42,greedy,node-025,0.0,0.0,0.0,0.0,0.0,0.0,0.0,0.0,8799.175139076804,332.9887799614134,1.0,0.0,0.0,0.0
42,greedy,node-026,62.982083714859584,0.0,62.982083714859584,0.2949317183251195,0.0,0.2949317183251195,71.18267246458151,213.54801739374454,8799.175139076804,332.9887799614134,1.0,-127.60533558591774,7.809055905289213,-71.18267246458151
42,greedy,node-027,0.0,0.0,0.0,0.0,0.0,0.0,0.0,0.0,8799.175139076804,332.9887799614134,1.0,0.0,0.0,0.0
42,greedy,node-028,0.0,0.0,0.0,0.0,0.0,0.0,0.0,0.0,8799.175139076804,332.9887799614134,1.0,-47.291060315981014,0.0,0.0
42,greedy,node-029,0.0,0.0,0.0,0.0,0.0,0.0,0.0,0.0,8799.175139076804,332.9887799614134,1.0,0.0,0.0,0.0
42,trust_vcg,node-000,0.0,0.0,0.0,0.0,0.0,0.0,0.0,0.0,8778.334725053024,1266.7906769138206,1.0,0.0,0.0,0.0
42,trust_vcg,node-001,0.0,0.0,0.0,0.0,0.0,0.0,0.0,0.0,8778.334725053024,1266.7906769138206,1.0,0.0,0.0,0.0
42,trust_vcg,node-002,0.0,0.0,0.0,0.0,0.0,0.0,488.1224676802963,568.7513423208379,8778.334725053024,1266.7906769138206,1.0,-11577.999514372239,-12.094331196081214,-488.1224676802963
42,trust_vcg,node-003,0.0,0.0,114.29004503710368,0.0,0.0,114290.04503710369,0.0,0.0,8778.334725053024,1266.7906769138206,1.0,-8885.709954962897,0.0,0.0
42,trust_vcg,node-004,0.0,0.0,0.0,0.0,0.0,0.0,0.0,0.0,8778.334725053024,1266.7906769138206,1.0,0.0,0.0,0.0
42,trust_vcg,node-005,0.0,0.0,0.0,0.0,0.0,0.0,0.0,0.0,8778.334725053024,1266.7906769138206,1.0,0.0,0.0,0.0
42,trust_vcg,node-006,0.0,0.0,0.0,0.0,0.0,0.0,0.0,0.0,8778.334725053024,1266.7906769138206,1.0,0.0,0.0,0.0
42,trust_vcg,node-007,0.0,0.0,0.0,0.0,0.0,0.0,0.0,0.0,8778.334725053024,1266.7906769138206,1.0,0.0,0.0,0.0
42,trust_vcg,node-008,0.0,0.0,0.0,0.0,0.0,0.0,0.0,0.0,8778.334725053024,1266.7906769138206,1.0,-3905.3766370631274,0.0,0.0
42,trust_vcg,node-009,0.0,0.0,56.8994194979108,0.0,0.0,56899.4194979108,0.0,0.0,8778.334725053024,1266.7906769138206,1.0,-1143.100580502089,0.0,0.0
42,trust_vcg,node-010,0.0,0.0,0.0,0.0,0.0,0.0,0.0,0.0,8778.334725053024,1266.7906769138206,1.0,0.0,0.0,0.0
42,trust_vcg,node-011,0.0,0.0,329.4574619881344,0.0,0.0,329457.4619881344,0.0,0.0,8778.334725053024,1266.7906769138206,1.0,-4470.542538011865,0.0,0.0
42,trust_vcg,node-012,0.0,0.0,0.0,0.0,0.0,0.0,0.0,0.0,8778.334725053024,1266.7906769138206,1.0,0.0,0.0,0.0
42,trust_vcg,node-013,0.0,0.0,0.0,0.0,0.0,0.0,0.0,0.0,8778.334725053024,1266.7906769138206,1.0,0.0,0.0,0.0
42,trust_vcg,node-014,0.0,0.0,0.0,0.0,0.0,0.0,0.0,0.0,8778.334725053024,1266.7906769138206,1.0,0.0,0.0,0.0
42,trust_vcg,node-015,0.0,0.0,0.0,0.0,0.0,0.0,0.0,0.0,8778.334725053024,1266.7906769138206,1.0,0.0,0.0,0.0
42,trust_vcg,node-016,0.0,0.0,0.0,0.0,0.0,0.0,0.0,0.0,8778.334725053024,1266.7906769138206,1.0,0.0,0.0,0.0
42,trust_vcg,node-017,0.0,0.0,0.0,0.0,0.0,0.0,0.0,0.0,8778.334725053024,1266.7906769138206,1.0,0.0,0.0,0.0
42,trust_vcg,node-018,0.0,0.0,57.959767854622,0.0,0.0,57959.767854622,0.0,0.0,8778.334725053024,1266.7906769138206,1.0,-5589.352126961203,0.0,0.0
42,trust_vcg,node-019,44.01868635676331,0.0,325.0379615038607,44018.68635676331,0.0,325037.96150386066,0.0,0.0,8778.334725053024,1266.7906769138206,1.0,-5536.451369410938,0.0,0.0
42,trust_vcg,node-020,0.0,0.0,0.0,0.0,0.0,0.0,0.0,0.0,8778.334725053024,1266.7906769138206,1.0,-5573.398352672385,0.0,0.0
42,trust_vcg,node-021,0.0,0.0,0.0,0.0,0.0,0.0,0.0,0.0,8778.334725053024,1266.7906769138206,1.0,0.0,0.0,0.0
42,trust_vcg,node-022,0.0,0.0,0.0,0.0,0.0,0.0,0.0,0.0,8778.334725053024,1266.7906769138206,1.0,0.0,0.0,0.0
42,trust_vcg,node-023,0.0,0.0,0.0,0.0,0.0,0.0,0.0,0.0,8778.334725053024,1266.7906769138206,1.0,0.0,0.0,0.0
42,trust_vcg,node-024,0.0,0.0,0.0,0.0,0.0,0.0,0.0,0.0,8778.334725053024,1266.7906769138206,1.0,0.0,0.0,0.0
42,trust_vcg,node-025,0.0,0.0,0.0,0.0,0.0,0.0,0.0,0.0,8778.334725053024,1266.7906769138206,1.0,0.0,0.0,0.0
42,trust_vcg,node-026,49.871132127893816,1.4451939185929632,101.1874581743806,0.07144458722655367,0.0020703617217153482,0.14495953617482268,565.0496489185989,698.0393345929824,8778.334725053024,1266.7906769138206,1.0,-6650.597467265027,-19.948452851157526,-565.0496489185989
42,trust_vcg,node-027,0.0,0.0,0.0,0.0,0.0,0.0,0.0,0.0,8778.334725053024,1266.7906769138206,1.0,0.0,0.0,0.0
42,trust_vcg,node-028,0.0,0.0,225.21919416269887,0.0,0.0,225219.19416269887,0.0,0.0,8778.334725053024,1266.7906769138206,1.0,-10574.7808058373,0.0,0.0
42,trust_vcg,node-029,0.0,0.0,0.0,0.0,0.0,0.0,0.0,0.0,8778.334725053024,1266.7906769138206,1.0,0.0,0.0,0.0
42,contingent,node-000,0.0,0.0,0.0,0.0,0.0,0.0,0.0,0.0,8778.334725053024,320.42784047238786,1.0,0.0,0.0,0.0
42,contingent,node-001,0.0,0.0,0.0,0.0,0.0,0.0,0.0,0.0,8778.334725053024,320.42784047238786,1.0,0.0,0.0,0.0
42,contingent,node-002,7.442878454230382,0.0,27.910299500445184,0.061540223544084775,0.0,0.2307717479201211,40.31443732027082,120.94331196081248,8778.334725053024,320.42784047238786,1.0,-399.8226240880493,-12.094331196081242,-40.31443732027082
42,contingent,node-003,0.0,0.0,0.0,0.0,0.0,0.0,0.0,0.0,8778.334725053024,320.42784047238786,1.0,-342.83981985158556,0.0,0.0
42,contingent,node-004,0.0,0.0,0.0,0.0,0.0,0.0,0.0,0.0,8778.334725053024,320.42784047238786,1.0,0.0,0.0,0.0
42,contingent,node-005,0.0,0.0,0.0,0.0,0.0,0.0,0.0,0.0,8778.334725053024,320.42784047238786,1.0,0.0,0.0,0.0
42,contingent,node-006,0.0,0.0,0.0,0.0,0.0,0.0,0.0,0.0,8778.334725053024,320.42784047238786,1.0,0.0,0.0,0.0
42,contingent,node-007,0.0,0.0,0.0,0.0,0.0,0.0,0.0,0.0,8778.334725053024,320.42784047238786,1.0,0.0,0.0,0.0
42,contingent,node-008,0.0,0.0,0.0,0.0,0.0,0.0,0.0,0.0,8778.334725053024,320.42784047238786,1.0,-221.50654825251115,0.0,0.0
42,contingent,node-009,0.0,0.0,0.0,0.0,0.0,0.0,0.0,0.0,8778.334725053024,320.42784047238786,1.0,-172.40232200835686,0.0,0.0
42,contingent,node-010,0.0,0.0,0.0,0.0,0.0,0.0,0.0,0.0,8778.334725053024,320.42784047238786,1.0,0.0,0.0,0.0
42,contingent,node-011,0.0,0.0,0.0,0.0,0.0,0.0,0.0,0.0,8778.334725053024,320.42784047238786,1.0,-282.17015204746224,0.0,0.0
42,contingent,node-012,0.0,0.0,0.0,0.0,0.0,0.0,0.0,0.0,8778.334725053024,320.42784047238786,1.0,0.0,0.0,0.0
42,contingent,node-013,0.0,0.0,0.0,0.0,0.0,0.0,0.0,0.0,8778.334725053024,320.42784047238786,1.0,0.0,0.0,0.0
42,contingent,node-014,0.0,0.0,0.0,0.0,0.0,0.0,0.0,0.0,8778.334725053024,320.42784047238786,1.0,0.0,0.0,0.0
42,contingent,node-015,0.0,0.0,0.0,0.0,0.0,0.0,0.0,0.0,8778.334725053024,320.42784047238786,1.0,0.0,0.0,0.0
42,contingent,node-016,0.0,0.0,0.0,0.0,0.0,0.0,0.0,0.0,8778.334725053024,320.42784047238786,1.0,0.0,0.0,0.0
42,contingent,node-017,0.0,0.0,0.0,0.0,0.0,0.0,0.0,0.0,8778.334725053024,320.42784047238786,1.0,0.0,0.0,0.0
42,contingent,node-018,0.0,0.0,7.959767854622001,0.0,0.0,7959.767854622,0.0,0.0,8778.334725053024,320.42784047238786,1.0,-357.40850784481063,0.0,0.0
42,contingent,node-019,0.0,0.0,0.0,0.0,0.0,0.0,0.0,0.0,8778.334725053024,320.42784047238786,1.0,-145.8054776437557,0.0,0.0
42,contingent,node-020,0.0,0.0,0.0,0.0,0.0,0.0,0.0,0.0,8778.334725053024,320.42784047238786,1.0,-293.59341068954024,0.0,0.0
42,contingent,node-021,0.0,0.0,0.0,0.0,0.0,0.0,0.0,0.0,8778.334725053024,320.42784047238786,1.0,0.0,0.0,0.0
42,contingent,node-022,0.0,0.0,0.0,0.0,0.0,0.0,0.0,0.0,8778.334725053024,320.42784047238786,1.0,0.0,0.0,0.0
42,contingent,node-023,0.0,0.0,0.0,0.0,0.0,0.0,0.0,0.0,8778.334725053024,320.42784047238786,1.0,0.0,0.0,0.0
42,contingent,node-024,0.0,0.0,0.0,0.0,0.0,0.0,0.0,0.0,8778.334725053024,320.42784047238786,1.0,0.0,0.0,0.0
42,contingent,node-025,0.0,0.0,0.0,0.0,0.0,0.0,0.0,0.0,8778.334725053024,320.42784047238786,1.0,0.0,0.0,0.0
42,contingent,node-026,86.97082690492081,0.0,136.72228043392496,0.43597780516534734,0.0,0.685377865913002,66.49484283719181,199.48452851157543,8778.334725053024,320.42784047238786,1.0,-208.6861162229041,-19.94845285115754,-66.49484283719181
42,contingent,node-027,0.0,0.0,0.0,0.0,0.0,0.0,0.0,0.0,8778.334725053024,320.42784047238786,1.0,0.0,0.0,0.0
42,contingent,node-028,0.0,0.0,0.0,0.0,0.0,0.0,0.0,0.0,8778.334725053024,320.42784047238786,1.0,-499.1232233492044,0.0,0.0
42,contingent,node-029,0.0,0.0,0.0,0.0,0.0,0.0,0.0,0.0,8778.334725053024,320.42784047238786,1.0,0.0,0.0,0.0
42,capped,node-000,0.0,0.0,0.0,0.0,0.0,0.0,0.0,0.0,8778.334725053024,320.42784047238786,1.0,0.0,0.0,0.0
42,capped,node-001,0.0,0.0,0.0,0.0,0.0,0.0,0.0,0.0,8778.334725053024,320.42784047238786,1.0,0.0,0.0,0.0
42,capped,node-002,7.442878454230382,6.583406183090254,27.910299500445184,0.061540223544084775,0.0544338175989705,0.2307717479201211,40.31443732027082,120.94331196081248,8778.334725053024,320.42784047238786,1.0,-130.19148401221543,-12.094331196081242,-40.31443732027082
42,capped,node-003,0.0,0.0,0.0,0.0,0.0,0.0,0.0,0.0,8778.334725053024,320.42784047238786,1.0,-85.70995496289638,0.0,0.0
42,capped,node-004,0.0,0.0,0.0,0.0,0.0,0.0,0.0,0.0,8778.334725053024,320.42784047238786,1.0,0.0,0.0,0.0
42,capped,node-005,0.0,0.0,0.0,0.0,0.0,0.0,0.0,0.0,8778.334725053024,320.42784047238786,1.0,0.0,0.0,0.0
42,capped,node-006,0.0,0.0,0.0,0.0,0.0,0.0,0.0,0.0,8778.334725053024,320.42784047238786,1.0,0.0,0.0,0.0
42,capped,node-007,0.0,0.0,0.0,0.0,0.0,0.0,0.0,0.0,8778.334725053024,320.42784047238786,1.0,0.0,0.0,0.0
42,capped,node-008,0.0,0.0,0.0,0.0,0.0,0.0,0.0,0.0,8778.334725053024,320.42784047238786,1.0,-55.37663706312779,0.0,0.0
42,capped,node-009,0.0,0.0,0.0,0.0,0.0,0.0,0.0,0.0,8778.334725053024,320.42784047238786,1.0,-43.1005805020892,0.0,0.0
42,capped,node-010,0.0,0.0,0.0,0.0,0.0,0.0,0.0,0.0,8778.334725053024,320.42784047238786,1.0,0.0,0.0,0.0
42,capped,node-011,0.0,0.0,0.0,0.0,0.0,0.0,0.0,0.0,8778.334725053024,320.42784047238786,1.0,-70.54253801186555,0.0,0.0
42,capped,node-012,0.0,0.0,0.0,0.0,0.0,0.0,0.0,0.0,8778.334725053024,320.42784047238786,1.0,0.0,0.0,0.0
42,capped,node-013,0.0,0.0,0.0,0.0,0.0,0.0,0.0,0.0,8778.334725053024,320.42784047238786,1.0,0.0,0.0,0.0
42,capped,node-014,0.0,0.0,0.0,0.0,0.0,0.0,0.0,0.0,8778.334725053024,320.42784047238786,1.0,0.0,0.0,0.0
42,capped,node-015,0.0,0.0,0.0,0.0,0.0,0.0,0.0,0.0,8778.334725053024,320.42784047238786,1.0,0.0,0.0,0.0
42,capped,node-016,0.0,0.0,0.0,0.0,0.0,0.0,0.0,0.0,8778.334725053024,320.42784047238786,1.0,0.0,0.0,0.0
42,capped,node-017,0.0,0.0,0.0,0.0,0.0,0.0,0.0,0.0,8778.334725053024,320.42784047238786,1.0,0.0,0.0,0.0
42,capped,node-018,0.0,0.0,7.959767854622001,0.0,0.0,7959.767854622,0.0,0.0,8778.334725053024,320.42784047238786,1.0,-89.35212696120267,0.0,0.0
42,capped,node-019,0.0,0.0,0.0,0.0,0.0,0.0,0.0,0.0,8778.334725053024,320.42784047238786,1.0,-36.451369410938916,0.0,0.0
42,capped,node-020,0.0,0.0,36.69917633619253,0.0,0.0,36699.176336192526,0.0,0.0,8778.334725053024,320.42784047238786,1.0,-73.39835267238506,0.0,0.0
42,capped,node-021,0.0,0.0,0.0,0.0,0.0,0.0,0.0,0.0,8778.334725053024,320.42784047238786,1.0,0.0,0.0,0.0
42,capped,node-022,0.0,0.0,0.0,0.0,0.0,0.0,0.0,0.0,8778.334725053024,320.42784047238786,1.0,0.0,0.0,0.0
42,capped,node-023,0.0,0.0,0.0,0.0,0.0,0.0,0.0,0.0,8778.334725053024,320.42784047238786,1.0,0.0,0.0,0.0
42,capped,node-024,0.0,0.0,0.0,0.0,0.0,0.0,0.0,0.0,8778.334725053024,320.42784047238786,1.0,0.0,0.0,0.0
42,capped,node-025,0.0,0.0,0.0,0.0,0.0,0.0,0.0,0.0,8778.334725053024,320.42784047238786,1.0,0.0,0.0,0.0
42,capped,node-026,86.97082690492081,0.0,136.72228043392496,0.43597780516534734,0.0,0.685377865913002,66.49484283719181,199.48452851157543,8778.334725053024,320.42784047238786,1.0,-102.04266118361988,-19.94845285115754,-66.49484283719181
42,capped,node-027,0.0,0.0,0.0,0.0,0.0,0.0,0.0,0.0,8778.334725053024,320.42784047238786,1.0,0.0,0.0,0.0
42,capped,node-028,0.0,0.0,0.0,0.0,0.0,0.0,0.0,0.0,8778.334725053024,320.42784047238786,1.0,-124.7808058373011,0.0,0.0
42,capped,node-029,0.0,0.0,0.0,0.0,0.0,0.0,0.0,0.0,8778.334725053024,320.42784047238786,1.0,0.0,0.0,0.0
42,proper_scoring,node-000,0.0,0.0,0.0,0.0,0.0,0.0,0.0,0.0,8778.334725053024,1266.7906769138206,1.0,0.0,0.0,0.0
42,proper_scoring,node-001,0.0,0.0,0.0,0.0,0.0,0.0,0.0,0.0,8778.334725053024,1266.7906769138206,1.0,0.0,0.0,0.0
42,proper_scoring,node-002,111.74125261791727,0.0,359.39804728343853,0.1964676727828855,0.0,0.6319071631846782,488.1224676802963,568.7513423208379,8778.334725053024,1266.7906769138206,1.0,-847.6306544480748,-12.094331196081214,-488.1224676802963
42,proper_scoring,node-003,356.17971552233524,0.0,653.727341548562,356179.71552233526,0.0,653727.3415485619,0.0,0.0,8778.334725053024,1266.7906769138206,1.0,-342.83981985158556,0.0,0.0
42,proper_scoring,node-004,0.0,0.0,0.0,0.0,0.0,0.0,0.0,0.0,8778.334725053024,1266.7906769138206,1.0,0.0,0.0,0.0
42,proper_scoring,node-005,0.0,0.0,0.0,0.0,0.0,0.0,0.0,0.0,8778.334725053024,1266.7906769138206,1.0,0.0,0.0,0.0
42,proper_scoring,node-006,0.0,0.0,0.0,0.0,0.0,0.0,0.0,0.0,8778.334725053024,1266.7906769138206,1.0,0.0,0.0,0.0
42,proper_scoring,node-007,0.0,0.0,0.0,0.0,0.0,0.0,0.0,0.0,8778.334725053024,1266.7906769138206,1.0,0.0,0.0,0.0
42,proper_scoring,node-008,0.0,0.0,149.1904504724431,0.0,0.0,149190.4504724431,0.0,0.0,8778.334725053024,1266.7906769138206,1.0,-221.50654825251115,0.0,0.0
42,proper_scoring,node-009,0.0,0.0,56.8994194979108,0.0,0.0,56899.4194979108,0.0,0.0,8778.334725053024,1266.7906769138206,1.0,-143.1005805020892,0.0,0.0
42,proper_scoring,node-010,0.0,0.0,0.0,0.0,0.0,0.0,0.0,0.0,8778.334725053024,1266.7906769138206,1.0,0.0,0.0,0.0
42,proper_scoring,node-011,0.0,0.0,329.4574619881344,0.0,0.0,329457.4619881344,0.0,0.0,8778.334725053024,1266.7906769138206,1.0,-282.17015204746224,0.0,0.0
42,proper_scoring,node-012,0.0,0.0,0.0,0.0,0.0,0.0,0.0,0.0,8778.334725053024,1266.7906769138206,1.0,0.0,0.0,0.0
42,proper_scoring,node-013,0.0,0.0,0.0,0.0,0.0,0.0,0.0,0.0,8778.334725053024,1266.7906769138206,1.0,0.0,0.0,0.0
42,proper_scoring,node-014,0.0,0.0,0.0,0.0,0.0,0.0,0.0,0.0,8778.334725053024,1266.7906769138206,1.0,0.0,0.0,0.0
42,proper_scoring,node-015,0.0,0.0,0.0,0.0,0.0,0.0,0.0,0.0,8778.334725053024,1266.7906769138206,1.0,0.0,0.0,0.0
42,proper_scoring,node-016,0.0,0.0,0.0,0.0,0.0,0.0,0.0,0.0,8778.334725053024,1266.7906769138206,1.0,0.0,0.0,0.0
42,proper_scoring,node-017,0.0,0.0,0.0,0.0,0.0,0.0,0.0,0.0,8778.334725053024,1266.7906769138206,1.0,0.0,0.0,0.0
42,proper_scoring,node-018,0.0,0.0,249.72910896978541,0.0,0.0,249729.10896978542,0.0,0.0,8778.334725053024,1266.7906769138206,1.0,-357.40850784481063,0.0,0.0
42,proper_scoring,node-019,44.01868635676331,0.0,400.7170065759463,44018.68635676331,0.0,400717.0065759463,0.0,0.0,8778.334725053024,1266.7906769138206,1.0,-145.8054776437557,0.0,0.0
42,proper_scoring,node-020,0.0,0.0,390.4670068085827,0.0,0.0,390467.0068085827,0.0,0.0,8778.334725053024,1266.7906769138206,1.0,-293.59341068954024,0.0,0.0
42,proper_scoring,node-021,0.0,0.0,0.0,0.0,0.0,0.0,0.0,0.0,8778.334725053024,1266.7906769138206,1.0,0.0,0.0,0.0
42,proper_scoring,node-022,0.0,0.0,0.0,0.0,0.0,0.0,0.0,0.0,8778.334725053024,1266.7906769138206,1.0,0.0,0.0,0.0
42,proper_scoring,node-023,0.0,0.0,0.0,0.0,0.0,0.0,0.0,0.0,8778.334725053024,1266.7906769138206,1.0,0.0,0.0,0.0
42,proper_scoring,node-024,0.0,0.0,0.0,0.0,0.0,0.0,0.0,0.0,8778.334725053024,1266.7906769138206,1.0,0.0,0.0,0.0
42,proper_scoring,node-025,0.0,0.0,0.0,0.0,0.0,0.0,0.0,0.0,8778.334725053024,1266.7906769138206,1.0,0.0,0.0,0.0
42,proper_scoring,node-026,49.871132127893816,1.4451939185929632,101.1874581743806,0.07144458722655367,0.0020703617217153482,0.14495953617482268,565.0496489185989,698.0393345929824,8778.334725053024,1266.7906769138206,1.0,-707.2409223043112,-19.948452851157526,-565.0496489185989
42,proper_scoring,node-027,0.0,0.0,0.0,0.0,0.0,0.0,0.0,0.0,8778.334725053024,1266.7906769138206,1.0,0.0,0.0,0.0
42,proper_scoring,node-028,355.32606300670295,0.0,765.9345839726961,355326.0630067029,0.0,765934.5839726961,0.0,0.0,8778.334725053024,1266.7906769138206,1.0,-486.3411805512041,0.0,0.0
42,proper_scoring,node-029,0.0,0.0,0.0,0.0,0.0,0.0,0.0,0.0,8778.334725053024,1266.7906769138206,1.0,0.0,0.0,0.0
42,audits,node-000,0.0,0.0,0.0,0.0,0.0,0.0,0.0,0.0,8778.334725053024,1266.7906769138206,1.0,0.0,0.0,0.0
42,audits,node-001,0.0,0.0,0.0,0.0,0.0,0.0,0.0,0.0,8778.334725053024,1266.7906769138206,1.0,0.0,0.0,0.0
42,audits,node-002,81.24301096905953,0.0,305.7692846944579,0.14284451732024148,0.0,0.5376150558990164,488.1224676802963,568.7513423208379,8778.334725053024,1266.7906769138206,1.0,-2077.9995143722413,-12.094331196081214,-488.1224676802963
42,audits,node-003,324.38530305698674,0.0,614.2900450371035,324385.3030569867,0.0,614290.0450371035,0.0,0.0,8778.334725053024,1266.7906769138206,1.0,-1385.7099549628965,0.0,0.0
42,audits,node-004,0.0,0.0,0.0,0.0,0.0,0.0,0.0,0.0,8778.334725053024,1266.7906769138206,1.0,0.0,0.0,0.0
42,audits,node-005,0.0,0.0,0.0,0.0,0.0,0.0,0.0,0.0,8778.334725053024,1266.7906769138206,1.0,0.0,0.0,0.0
42,audits,node-006,0.0,0.0,0.0,0.0,0.0,0.0,0.0,0.0,8778.334725053024,1266.7906769138206,1.0,0.0,0.0,0.0
42,audits,node-007,0.0,0.0,0.0,0.0,0.0,0.0,0.0,0.0,8778.334725053024,1266.7906769138206,1.0,0.0,0.0,0.0
42,audits,node-008,0.0,0.0,94.62336293687221,0.0,0.0,94623.3629368722,0.0,0.0,8778.334725053024,1266.7906769138206,1.0,-405.37663706312776,0.0,0.0
42,audits,node-009,0.0,0.0,56.8994194979108,0.0,0.0,56899.4194979108,0.0,0.0,8778.334725053024,1266.7906769138206,1.0,-143.1005805020892,0.0,0.0
42,audits,node-010,0.0,0.0,0.0,0.0,0.0,0.0,0.0,0.0,8778.334725053024,1266.7906769138206,1.0,0.0,0.0,0.0
42,audits,node-011,0.0,0.0,329.4574619881344,0.0,0.0,329457.4619881344,0.0,0.0,8778.334725053024,1266.7906769138206,1.0,-470.5425380118656,0.0,0.0
42,audits,node-012,0.0,0.0,0.0,0.0,0.0,0.0,0.0,0.0,8778.334725053024,1266.7906769138206,1.0,0.0,0.0,0.0
42,audits,node-013,0.0,0.0,0.0,0.0,0.0,0.0,0.0,0.0,8778.334725053024,1266.7906769138206,1.0,0.0,0.0,0.0
42,audits,node-014,0.0,0.0,0.0,0.0,0.0,0.0,0.0,0.0,8778.334725053024,1266.7906769138206,1.0,0.0,0.0,0.0
42,audits,node-015,0.0,0.0,0.0,0.0,0.0,0.0,0.0,0.0,8778.334725053024,1266.7906769138206,1.0,0.0,0.0,0.0
42,audits,node-016,0.0,0.0,0.0,0.0,0.0,0.0,0.0,0.0,8778.334725053024,1266.7906769138206,1.0,0.0,0.0,0.0
42,audits,node-017,0.0,0.0,0.0,0.0,0.0,0.0,0.0,0.0,8778.334725053024,1266.7906769138206,1.0,0.0,0.0,0.0
42,audits,node-018,0.0,0.0,210.6478730387973,0.0,0.0,210647.8730387973,0.0,0.0,8778.334725053024,1266.7906769138206,1.0,-589.3521269612027,0.0,0.0
42,audits,node-019,44.01868635676331,0.0,363.54863058906113,44018.68635676331,0.0,363548.6305890611,0.0,0.0,8778.334725053024,1266.7906769138206,1.0,-1036.451369410939,0.0,0.0
42,audits,node-020,0.0,0.0,336.69917633619247,0.0,0.0,336699.17633619247,0.0,0.0,8778.334725053024,1266.7906769138206,1.0,-573.398352672385,0.0,0.0
42,audits,node-021,0.0,0.0,0.0,0.0,0.0,0.0,0.0,0.0,8778.334725053024,1266.7906769138206,1.0,0.0,0.0,0.0
42,audits,node-022,0.0,0.0,0.0,0.0,0.0,0.0,0.0,0.0,8778.334725053024,1266.7906769138206,1.0,0.0,0.0,0.0
42,audits,node-023,0.0,0.0,0.0,0.0,0.0,0.0,0.0,0.0,8778.334725053024,1266.7906769138206,1.0,0.0,0.0,0.0
42,audits,node-024,0.0,0.0,0.0,0.0,0.0,0.0,0.0,0.0,8778.334725053024,1266.7906769138206,1.0,0.0,0.0,0.0
42,audits,node-025,0.0,0.0,0.0,0.0,0.0,0.0,0.0,0.0,8778.334725053024,1266.7906769138206,1.0,0.0,0.0,0.0
42,audits,node-026,49.871132127893816,1.4451939185929632,101.1874581743806,0.07144458722655367,0.0020703617217153482,0.14495953617482268,565.0496489185989,698.0393345929824,8778.334725053024,1266.7906769138206,1.0,-1150.5974672650268,-19.948452851157526,-565.0496489185989
42,audits,node-027,0.0,0.0,0.0,0.0,0.0,0.0,0.0,0.0,8778.334725053024,1266.7906769138206,1.0,0.0,0.0,0.0
42,audits,node-028,331.66781520247434,0.0,725.2191941626988,331667.81520247436,0.0,725219.1941626988,0.0,0.0,8778.334725053024,1266.7906769138206,1.0,-1574.7808058373012,0.0,0.0
42,audits,node-029,0.0,0.0,0.0,0.0,0.0,0.0,0.0,0.0,8778.334725053024,1266.7906769138206,1.0,0.0,0.0,0.0
52,greedy,node-000,0.0,0.0,0.0,0.0,0.0,0.0,0.0,0.0,8381.116880895794,136.17759093842523,0.95,0.0,0.0,-22.6962651564042
52,greedy,node-001,136.1775909384252,0.0,136.1775909384252,0.9999999999999998,0.0,0.9999999999999998,45.39253031280839,136.17759093842523,8381.116880895794,136.17759093842523,0.95,-68.08879546921258,-13.617759093842505,-125.2916506461655
52,greedy,node-002,0.0,0.0,0.0,0.0,0.0,0.0,0.0,0.0,8381.116880895794,136.17759093842523,0.95,0.0,0.0,0.0
52,greedy,node-003,0.0,0.0,0.0,0.0,0.0,0.0,0.0,0.0,8381.116880895794,136.17759093842523,0.95,0.0,0.0,0.0
52,greedy,node-004,0.0,0.0,0.0,0.0,0.0,0.0,0.0,0.0,8381.116880895794,136.17759093842523,0.95,0.0,0.0,0.0
52,greedy,node-005,0.0,0.0,0.0,0.0,0.0,0.0,0.0,0.0,8381.116880895794,136.17759093842523,0.95,0.0,0.0,0.0
52,greedy,node-006,0.0,0.0,0.0,0.0,0.0,0.0,0.0,0.0,8381.116880895794,136.17759093842523,0.95,0.0,0.0,0.0
52,greedy,node-007,0.0,0.0,0.0,0.0,0.0,0.0,0.0,0.0,8381.116880895794,136.17759093842523,0.95,0.0,0.0,0.0
52,greedy,node-008,0.0,0.0,0.0,0.0,0.0,0.0,0.0,0.0,8381.116880895794,136.17759093842523,0.95,0.0,0.0,0.0
52,greedy,node-009,0.0,0.0,0.0,0.0,0.0,0.0,0.0,0.0,8381.116880895794,136.17759093842523,0.95,0.0,0.0,0.0
52,greedy,node-010,0.0,0.0,0.0,0.0,0.0,0.0,0.0,0.0,8381.116880895794,136.17759093842523,0.95,0.0,0.0,0.0
52,greedy,node-011,0.0,0.0,0.0,0.0,0.0,0.0,0.0,0.0,8381.116880895794,136.17759093842523,0.95,0.0,0.0,0.0
52,greedy,node-012,0.0,0.0,0.0,0.0,0.0,0.0,0.0,0.0,8381.116880895794,136.17759093842523,0.95,0.0,0.0,0.0
52,greedy,node-013,0.0,0.0,0.0,0.0,0.0,0.0,0.0,0.0,8381.116880895794,136.17759093842523,0.95,0.0,0.0,0.0
52,greedy,node-014,0.0,0.0,0.0,0.0,0.0,0.0,0.0,0.0,8381.116880895794,136.17759093842523,0.95,0.0,0.0,0.0
52,greedy,node-015,0.0,0.0,0.0,0.0,0.0,0.0,0.0,0.0,8381.116880895794,136.17759093842523,0.95,0.0,0.0,0.0
52,greedy,node-016,0.0,0.0,0.0,0.0,0.0,0.0,0.0,0.0,8381.116880895794,136.17759093842523,0.95,0.0,0.0,0.0
52,greedy,node-017,0.0,0.0,0.0,0.0,0.0,0.0,0.0,0.0,8381.116880895794,136.17759093842523,0.95,0.0,0.0,0.0
52,greedy,node-018,0.0,0.0,0.0,0.0,0.0,0.0,0.0,0.0,8381.116880895794,136.17759093842523,0.95,0.0,0.0,0.0
52,greedy,node-019,0.0,0.0,0.0,0.0,0.0,0.0,0.0,0.0,8381.116880895794,136.17759093842523,0.95,0.0,0.0,0.0
52,greedy,node-020,0.0,0.0,0.0,0.0,0.0,0.0,0.0,0.0,8381.116880895794,136.17759093842523,0.95,0.0,0.0,0.0
52,greedy,node-021,0.0,0.0,0.0,0.0,0.0,0.0,0.0,0.0,8381.116880895794,136.17759093842523,0.95,0.0,0.0,0.0
52,greedy,node-022,0.0,0.0,0.0,0.0,0.0,0.0,0.0,0.0,8381.116880895794,136.17759093842523,0.95,0.0,0.0,0.0
52,greedy,node-023,0.0,0.0,0.0,0.0,0.0,0.0,0.0,0.0,8381.116880895794,136.17759093842523,0.95,0.0,0.0,0.0
52,greedy,node-024,0.0,0.0,0.0,0.0,0.0,0.0,0.0,0.0,8381.116880895794,136.17759093842523,0.95,0.0,0.0,0.0
52,greedy,node-025,0.0,0.0,0.0,0.0,0.0,0.0,0.0,0.0,8381.116880895794,136.17759093842523,0.95,0.0,0.0,0.0
52,greedy,node-026,0.0,0.0,0.0,0.0,0.0,0.0,0.0,0.0,8381.116880895794,136.17759093842523,0.95,0.0,0.0,0.0
52,greedy,node-027,0.0,0.0,0.0,0.0,0.0,0.0,0.0,0.0,8381.116880895794,136.17759093842523,0.95,0.0,0.0,0.0
52,greedy,node-028,0.0,0.0,0.0,0.0,0.0,0.0,0.0,0.0,8381.116880895794,136.17759093842523,0.95,0.0,0.0,0.0
52,greedy,node-029,0.0,0.0,0.0,0.0,0.0,0.0,0.0,0.0,8381.116880895794,136.17759093842523,0.95,0.0,0.0,0.0
52,trust_vcg,node-000,0.0,0.0,0.0,0.0,0.0,0.0,0.0,0.0,8775.226201190166,1335.8314474600836,1.0,-3299.1662154905343,0.0,658.8846943137406
52,trust_vcg,node-001,12.133430510001403,0.0,12.133430510001403,0.016957799483661745,0.0,0.016957799483661745,683.1515553337435,715.5073700270807,8775.226201190166,1335.8314474600836,1.0,-11705.84782049015,-4.853372204000607,-206.8794807366217
52,trust_vcg,node-002,0.0,0.0,0.0,0.0,0.0,0.0,0.0,0.0,8775.226201190166,1335.8314474600836,1.0,0.0,0.0,0.0
52,trust_vcg,node-003,0.0,464.4882917635005,535.9657997053738,0.0,464488.2917635005,535965.7997053738,0.0,0.0,8775.226201190166,1335.8314474600836,1.0,-5571.931599410749,0.0,0.0
52,trust_vcg,node-004,0.0,0.0,0.0,0.0,0.0,0.0,0.0,0.0,8775.226201190166,1335.8314474600836,1.0,-5602.423459437867,0.0,0.0
52,trust_vcg,node-005,0.0,0.0,0.0,0.0,0.0,0.0,0.0,0.0,8775.226201190166,1335.8314474600836,1.0,-1690.0433860526423,0.0,0.0
52,trust_vcg,node-006,0.0,0.0,0.0,0.0,0.0,0.0,0.0,0.0,8775.226201190166,1335.8314474600836,1.0,0.0,0.0,0.0
52,trust_vcg,node-007,0.0,0.0,0.0,0.0,0.0,0.0,0.0,0.0,8775.226201190166,1335.8314474600836,1.0,0.0,0.0,0.0
52,trust_vcg,node-008,0.0,0.0,0.0,0.0,0.0,0.0,0.0,0.0,8775.226201190166,1335.8314474600836,1.0,0.0,0.0,0.0
52,trust_vcg,node-009,0.0,0.0,0.0,0.0,0.0,0.0,0.0,0.0,8775.226201190166,1335.8314474600836,1.0,-560.9307669197926,0.0,0.0
52,trust_vcg,node-010,0.0,0.0,0.0,0.0,0.0,0.0,0.0,0.0,8775.226201190166,1335.8314474600836,1.0,-5580.0456553400645,0.0,0.0
52,trust_vcg,node-011,0.0,0.0,0.0,0.0,0.0,0.0,0.0,0.0,8775.226201190166,1335.8314474600836,1.0,0.0,0.0,0.0
52,trust_vcg,node-012,0.0,0.0,110.64288544028454,0.0,0.0,110642.88544028455,0.0,0.0,8775.226201190166,1335.8314474600836,1.0,-1689.3571145597157,0.0,0.0
52,trust_vcg,node-013,0.0,0.0,120.08451662468607,0.0,0.0,120084.51662468608,0.0,0.0,8775.226201190166,1335.8314474600836,1.0,-2279.9154833753137,0.0,0.0
52,trust_vcg,node-014,0.0,0.0,0.0,0.0,0.0,0.0,0.0,0.0,8775.226201190166,1335.8314474600836,1.0,0.0,0.0,0.0
52,trust_vcg,node-015,0.0,0.0,0.0,0.0,0.0,0.0,0.0,0.0,8775.226201190166,1335.8314474600836,1.0,-3287.7976864982065,0.0,0.0
52,trust_vcg,node-016,0.0,0.0,0.0,0.0,0.0,0.0,0.0,0.0,8775.226201190166,1335.8314474600836,1.0,0.0,0.0,0.0
52,trust_vcg,node-017,78.89490140129072,0.05438731836795796,78.9764823788426,0.12718336152252877,8.767565268951209e-05,0.12731487500156294,406.73843426542226,620.3240774330028,8775.226201190166,1335.8314474600836,1.0,-5983.852904735346,26.611060672909332,-406.73843426542226
52,trust_vcg,node-018,0.0,0.0,0.0,0.0,0.0,0.0,0.0,0.0,8775.226201190166,1335.8314474600836,1.0,-3968.548445629924,0.0,0.0
52,trust_vcg,node-019,0.0,0.0,0.0,0.0,0.0,0.0,0.0,0.0,8775.226201190166,1335.8314474600836,1.0,-3412.3140249867324,0.0,0.0
52,trust_vcg,node-020,0.0,0.0,0.0,0.0,0.0,0.0,0.0,0.0,8775.226201190166,1335.8314474600836,1.0,0.0,0.0,0.0
52,trust_vcg,node-021,0.0,0.0,0.0,0.0,0.0,0.0,0.0,0.0,8775.226201190166,1335.8314474600836,1.0,0.0,0.0,0.0
52,trust_vcg,node-022,0.0,0.0,49.71772284516622,0.0,0.0,49717.72284516622,0.0,0.0,8775.226201190166,1335.8314474600836,1.0,-1150.2822771548338,0.0,0.0
52,trust_vcg,node-023,0.0,0.0,0.0,0.0,0.0,0.0,0.0,0.0,8775.226201190166,1335.8314474600836,1.0,0.0,0.0,0.0
52,trust_vcg,node-024,0.0,0.0,0.0,0.0,0.0,0.0,0.0,0.0,8775.226201190166,1335.8314474600836,1.0,-3414.159246295234,0.0,0.0
52,trust_vcg,node-025,0.0,0.0,0.0,0.0,0.0,0.0,0.0,0.0,8775.226201190166,1335.8314474600836,1.0,0.0,0.0,0.0
52,trust_vcg,node-026,0.0,0.0,0.0,0.0,0.0,0.0,0.0,0.0,8775.226201190166,1335.8314474600836,1.0,0.0,0.0,0.0
52,trust_vcg,node-027,0.0,0.0,0.0,0.0,0.0,0.0,0.0,0.0,8775.226201190166,1335.8314474600836,1.0,0.0,0.0,0.0
52,trust_vcg,node-028,0.0,0.0,0.0,0.0,0.0,0.0,0.0,0.0,8775.226201190166,1335.8314474600836,1.0,-3393.982715343227,0.0,0.0
52,trust_vcg,node-029,0.0,0.0,0.0,0.0,0.0,0.0,0.0,0.0,8775.226201190166,1335.8314474600836,1.0,-3958.44518613925,0.0,0.0
52,contingent,node-000,0.0,0.0,0.0,0.0,0.0,0.0,0.0,0.0,8775.226201190166,368.91218679137677,1.0,-191.8260735037511,0.0,-8.088953673334322
52,contingent,node-001,40.29255761142167,21.393046331173462,149.74906063463237,0.8301971478348368,0.44078725949638403,3.085464175016199,16.177907346668636,48.53372204000592,8775.226201190166,368.91218679137677,1.0,-106.96296797228543,-4.853372204000589,78.96636840069614
52,contingent,node-002,0.0,0.0,0.0,0.0,0.0,0.0,0.0,0.0,8775.226201190166,368.91218679137677,1.0,0.0,0.0,0.0
52,contingent,node-003,0.0,114.4882917635005,114.4882917635005,0.0,114488.2917635005,114488.2917635005,0.0,0.0,8775.226201190166,368.91218679137677,1.0,-287.7263976429912,0.0,0.0
52,contingent,node-004,0.0,0.0,0.0,0.0,0.0,0.0,0.0,0.0,8775.226201190166,368.91218679137677,1.0,-409.693837751465,0.0,0.0
52,contingent,node-005,0.0,0.0,0.0,0.0,0.0,0.0,0.0,0.0,8775.226201190166,368.91218679137677,1.0,-160.17354421056956,0.0,0.0
52,contingent,node-006,0.0,0.0,0.0,0.0,0.0,0.0,0.0,0.0,8775.226201190166,368.91218679137677,1.0,0.0,0.0,0.0
52,contingent,node-007,0.0,0.0,0.0,0.0,0.0,0.0,0.0,0.0,8775.226201190166,368.91218679137677,1.0,0.0,0.0,0.0
52,contingent,node-008,0.0,0.0,0.0,0.0,0.0,0.0,0.0,0.0,8775.226201190166,368.91218679137677,1.0,0.0,0.0,0.0
52,contingent,node-009,0.0,0.0,0.0,0.0,0.0,0.0,0.0,0.0,8775.226201190166,368.91218679137677,1.0,-46.64889247871109,0.0,0.0
52,contingent,node-010,0.0,16.055007067870115,16.055007067870115,0.0,16055.007067870114,16055.007067870114,0.0,0.0,8775.226201190166,368.91218679137677,1.0,-333.4285336853776,0.0,0.0
52,contingent,node-011,0.0,0.0,0.0,0.0,0.0,0.0,0.0,0.0,8775.226201190166,368.91218679137677,1.0,0.0,0.0,0.0
52,contingent,node-012,0.0,0.0,0.0,0.0,0.0,0.0,0.0,0.0,8775.226201190166,368.91218679137677,1.0,-157.42845823886182,0.0,0.0
52,contingent,node-013,0.0,0.0,0.0,0.0,0.0,0.0,0.0,0.0,8775.226201190166,368.91218679137677,1.0,-319.66193350125565,0.0,0.0
52,contingent,node-014,0.0,0.0,0.0,0.0,0.0,0.0,0.0,0.0,8775.226201190166,368.91218679137677,1.0,0.0,0.0,0.0
52,contingent,node-015,0.0,0.0,0.0,0.0,0.0,0.0,0.0,0.0,8775.226201190166,368.91218679137677,1.0,-167.168087743301,0.0,0.0
52,contingent,node-016,0.0,0.0,0.0,0.0,0.0,0.0,0.0,0.0,8775.226201190166,368.91218679137677,1.0,0.0,0.0,0.0
52,contingent,node-017,150.17375904352292,0.0,150.17375904352292,0.4687386187460042,0.0,0.4687386187460042,106.79282158379026,320.37846475137076,8775.226201190166,368.91218679137677,1.0,-415.2507034634833,-23.379874774029375,-106.79282158379026
52,contingent,node-018,0.0,0.0,0.0,0.0,0.0,0.0,0.0,0.0,8775.226201190166,368.91218679137677,1.0,-474.1937825196973,0.0,0.0
52,contingent,node-019,0.0,0.0,0.0,0.0,0.0,0.0,0.0,0.0,8775.226201190166,368.91218679137677,1.0,-449.25609994692934,0.0,0.0
52,contingent,node-020,0.0,0.0,0.0,0.0,0.0,0.0,0.0,0.0,8775.226201190166,368.91218679137677,1.0,0.0,0.0,0.0
52,contingent,node-021,0.0,0.0,0.0,0.0,0.0,0.0,0.0,0.0,8775.226201190166,368.91218679137677,1.0,0.0,0.0,0.0
52,contingent,node-022,0.0,0.0,0.0,0.0,0.0,0.0,0.0,0.0,8775.226201190166,368.91218679137677,1.0,-201.12910861933506,0.0,0.0
52,contingent,node-023,0.0,0.0,0.0,0.0,0.0,0.0,0.0,0.0,8775.226201190166,368.91218679137677,1.0,0.0,0.0,0.0
52,contingent,node-024,0.0,0.0,0.0,0.0,0.0,0.0,0.0,0.0,8775.226201190166,368.91218679137677,1.0,-456.63698518093577,0.0,0.0
52,contingent,node-025,0.0,0.0,0.0,0.0,0.0,0.0,0.0,0.0,8775.226201190166,368.91218679137677,1.0,0.0,0.0,0.0
52,contingent,node-026,0.0,0.0,0.0,0.0,0.0,0.0,0.0,0.0,8775.226201190166,368.91218679137677,1.0,0.0,0.0,0.0
52,contingent,node-027,0.0,0.0,0.0,0.0,0.0,0.0,0.0,0.0,8775.226201190166,368.91218679137677,1.0,0.0,0.0,0.0
52,contingent,node-028,0.0,0.0,0.0,0.0,0.0,0.0,0.0,0.0,8775.226201190166,368.91218679137677,1.0,-375.9308613729074,0.0,0.0
52,contingent,node-029,0.0,0.0,0.0,0.0,0.0,0.0,0.0,0.0,8775.226201190166,368.91218679137677,1.0,-433.78074455699874,0.0,0.0
52,capped,node-000,0.0,0.0,0.0,0.0,0.0,0.0,0.0,0.0,8775.226201190166,368.91218679137677,1.0,-47.956518375937776,0.0,-8.088953673334322
52,capped,node-001,40.29255761142167,29.214622966139753,165.39221390456495,0.8301971478348368,0.6019448280117152,3.4077793120468614,16.177907346668636,48.53372204000592,8775.226201190166,368.91218679137677,1.0,-38.874172503072835,-4.853372204000589,78.96636840069614
52,capped,node-002,0.0,0.0,0.0,0.0,0.0,0.0,0.0,0.0,8775.226201190166,368.91218679137677,1.0,0.0,0.0,0.0
52,capped,node-003,0.0,114.4882917635005,114.4882917635005,0.0,114488.2917635005,114488.2917635005,0.0,0.0,8775.226201190166,368.91218679137677,1.0,-71.9315994107478,0.0,0.0
52,capped,node-004,0.0,0.0,40.777589065908394,0.0,0.0,40777.589065908396,0.0,0.0,8775.226201190166,368.91218679137677,1.0,-102.42345943786626,0.0,0.0
52,capped,node-005,0.0,0.0,0.0,0.0,0.0,0.0,0.0,0.0,8775.226201190166,368.91218679137677,1.0,-40.04338605264238,0.0,0.0
52,capped,node-006,0.0,0.0,0.0,0.0,0.0,0.0,0.0,0.0,8775.226201190166,368.91218679137677,1.0,0.0,0.0,0.0
52,capped,node-007,0.0,0.0,0.0,0.0,0.0,0.0,0.0,0.0,8775.226201190166,368.91218679137677,1.0,0.0,0.0,0.0
52,capped,node-008,0.0,0.0,0.0,0.0,0.0,0.0,0.0,0.0,8775.226201190166,368.91218679137677,1.0,0.0,0.0,0.0
52,capped,node-009,0.0,0.0,0.0,0.0,0.0,0.0,0.0,0.0,8775.226201190166,368.91218679137677,1.0,-11.662223119677776,0.0,0.0
52,capped,node-010,0.0,53.470084866074984,53.470084866074984,0.0,53470.08486607498,53470.08486607498,0.0,0.0,8775.226201190166,368.91218679137677,1.0,-83.3571334213444,0.0,0.0
52,capped,node-011,0.0,0.0,0.0,0.0,0.0,0.0,0.0,0.0,8775.226201190166,368.91218679137677,1.0,0.0,0.0,0.0
52,capped,node-012,0.0,0.0,0.0,0.0,0.0,0.0,0.0,0.0,8775.226201190166,368.91218679137677,1.0,-39.35711455971546,0.0,0.0
52,capped,node-013,0.0,0.0,0.0,0.0,0.0,0.0,0.0,0.0,8775.226201190166,368.91218679137677,1.0,-79.91548337531393,0.0,0.0
52,capped,node-014,0.0,0.0,0.0,0.0,0.0,0.0,0.0,0.0,8775.226201190166,368.91218679137677,1.0,0.0,0.0,0.0
52,capped,node-015,0.0,0.0,0.0,0.0,0.0,0.0,0.0,0.0,8775.226201190166,368.91218679137677,1.0,-41.79202193582523,0.0,0.0
52,capped,node-016,0.0,0.0,0.0,0.0,0.0,0.0,0.0,0.0,8775.226201190166,368.91218679137677,1.0,0.0,0.0,0.0
52,capped,node-017,150.17375904352292,0.0,150.17375904352292,0.4687386187460042,0.0,0.4687386187460042,106.79282158379026,320.37846475137076,8775.226201190166,368.91218679137677,1.0,-183.90729205371352,-23.379874774029375,-106.79282158379026
52,capped,node-018,0.0,0.0,0.0,0.0,0.0,0.0,0.0,0.0,8775.226201190166,368.91218679137677,1.0,-118.54844562992432,0.0,0.0
52,capped,node-019,0.0,0.0,0.0,0.0,0.0,0.0,0.0,0.0,8775.226201190166,368.91218679137677,1.0,-112.31402498673233,0.0,0.0
52,capped,node-020,0.0,0.0,0.0,0.0,0.0,0.0,0.0,0.0,8775.226201190166,368.91218679137677,1.0,0.0,0.0,0.0
52,capped,node-021,0.0,0.0,0.0,0.0,0.0,0.0,0.0,0.0,8775.226201190166,368.91218679137677,1.0,0.0,0.0,0.0
52,capped,node-022,0.0,0.0,0.0,0.0,0.0,0.0,0.0,0.0,8775.226201190166,368.91218679137677,1.0,-50.28227715483378,0.0,0.0
52,capped,node-023,0.0,0.0,0.0,0.0,0.0,0.0,0.0,0.0,8775.226201190166,368.91218679137677,1.0,0.0,0.0,0.0
52,capped,node-024,0.0,0.0,0.0,0.0,0.0,0.0,0.0,0.0,8775.226201190166,368.91218679137677,1.0,-114.15924629523394,0.0,0.0
52,capped,node-025,0.0,0.0,0.0,0.0,0.0,0.0,0.0,0.0,8775.226201190166,368.91218679137677,1.0,0.0,0.0,0.0
52,capped,node-026,0.0,0.0,0.0,0.0,0.0,0.0,0.0,0.0,8775.226201190166,368.91218679137677,1.0,0.0,0.0,0.0
52,capped,node-027,0.0,0.0,0.0,0.0,0.0,0.0,0.0,0.0,8775.226201190166,368.91218679137677,1.0,0.0,0.0,0.0
52,capped,node-028,0.0,0.0,0.0,0.0,0.0,0.0,0.0,0.0,8775.226201190166,368.91218679137677,1.0,-93.98271534322684,0.0,0.0
52,capped,node-029,0.0,0.0,0.0,0.0,0.0,0.0,0.0,0.0,8775.226201190166,368.91218679137677,1.0,-108.44518613924969,0.0,0.0
52,proper_scoring,node-000,0.0,0.0,170.51841963158978,0.0,0.0,170518.4196315898,0.0,0.0,8775.226201190166,1335.8314474600836,1.0,-191.8260735037511,0.0,658.8846943137406
52,proper_scoring,node-001,12.133430510001403,304.41939834409845,432.77541264755746,0.016957799483661745,0.42545948664732375,0.6048510899771412,683.1515553337435,715.5073700270807,8775.226201190166,1335.8314474600836,1.0,-773.9366159593603,-4.853372204000607,-206.8794807366217
52,proper_scoring,node-002,0.0,0.0,0.0,0.0,0.0,0.0,0.0,0.0,8775.226201190166,1335.8314474600836,1.0,0.0,0.0,0.0
52,proper_scoring,node-003,0.0,464.4882917635005,535.9657997053738,0.0,464488.2917635005,535965.7997053738,0.0,0.0,8775.226201190166,1335.8314474600836,1.0,-287.7263976429912,0.0,0.0
52,proper_scoring,node-004,0.0,0.0,308.3184074742899,0.0,0.0,308318.40747428994,0.0,0.0,8775.226201190166,1335.8314474600836,1.0,-404.0466860105801,0.0,0.0
52,proper_scoring,node-005,0.0,0.0,17.086173801605597,0.0,0.0,17086.173801605597,0.0,0.0,8775.226201190166,1335.8314474600836,1.0,-160.17354421056956,0.0,0.0
52,proper_scoring,node-006,0.0,0.0,0.0,0.0,0.0,0.0,0.0,0.0,8775.226201190166,1335.8314474600836,1.0,0.0,0.0,0.0
52,proper_scoring,node-007,0.0,0.0,0.0,0.0,0.0,0.0,0.0,0.0,8775.226201190166,1335.8314474600836,1.0,0.0,0.0,0.0
52,proper_scoring,node-008,0.0,0.0,0.0,0.0,0.0,0.0,0.0,0.0,8775.226201190166,1335.8314474600836,1.0,0.0,0.0,0.0
52,proper_scoring,node-009,0.0,0.0,0.0,0.0,0.0,0.0,0.0,0.0,8775.226201190166,1335.8314474600836,1.0,-46.64889247871109,0.0,0.0
52,proper_scoring,node-010,0.0,216.05390865973055,363.94620935386746,0.0,216053.90865973054,363946.20935386745,0.0,0.0,8775.226201190166,1335.8314474600836,1.0,-328.3192530283147,0.0,0.0
52,proper_scoring,node-011,0.0,0.0,0.0,0.0,0.0,0.0,0.0,0.0,8775.226201190166,1335.8314474600836,1.0,0.0,0.0,0.0
52,proper_scoring,node-012,0.0,0.0,110.64288544028454,0.0,0.0,110642.88544028455,0.0,0.0,8775.226201190166,1335.8314474600836,1.0,-157.42845823886182,0.0,0.0
52,proper_scoring,node-013,0.0,0.0,120.08451662468607,0.0,0.0,120084.51662468608,0.0,0.0,8775.226201190166,1335.8314474600836,1.0,-278.93158269745726,0.0,0.0
52,proper_scoring,node-014,0.0,0.0,0.0,0.0,0.0,0.0,0.0,0.0,8775.226201190166,1335.8314474600836,1.0,0.0,0.0,0.0
52,proper_scoring,node-015,0.0,0.0,46.88220458759771,0.0,0.0,46882.20458759771,0.0,0.0,8775.226201190166,1335.8314474600836,1.0,-167.168087743301,0.0,0.0
52,proper_scoring,node-016,0.0,0.0,0.0,0.0,0.0,0.0,0.0,0.0,8775.226201190166,1335.8314474600836,1.0,0.0,0.0,0.0
52,proper_scoring,node-017,78.89490140129072,0.05438731836795796,78.9764823788426,0.12718336152252877,8.767565268951209e-05,0.12731487500156294,406.73843426542226,620.3240774330028,8775.226201190166,1335.8314474600836,1.0,-715.1963161451154,26.611060672909332,-406.73843426542226
52,proper_scoring,node-018,0.0,0.0,131.45155437007566,0.0,0.0,131451.55437007564,0.0,0.0,8775.226201190166,1335.8314474600836,1.0,-417.9302409302169,0.0,0.0
52,proper_scoring,node-019,0.0,0.0,87.68597501326767,0.0,0.0,87685.97501326766,0.0,0.0,8775.226201190166,1335.8314474600836,1.0,-397.45100381320105,0.0,0.0
52,proper_scoring,node-020,0.0,0.0,0.0,0.0,0.0,0.0,0.0,0.0,8775.226201190166,1335.8314474600836,1.0,0.0,0.0,0.0
52,proper_scoring,node-021,0.0,0.0,0.0,0.0,0.0,0.0,0.0,0.0,8775.226201190166,1335.8314474600836,1.0,0.0,0.0,0.0
52,proper_scoring,node-022,0.0,0.0,49.71772284516622,0.0,0.0,49717.72284516622,0.0,0.0,8775.226201190166,1335.8314474600836,1.0,-150.28227715483376,0.0,0.0
52,proper_scoring,node-023,0.0,0.0,0.0,0.0,0.0,0.0,0.0,0.0,8775.226201190166,1335.8314474600836,1.0,0.0,0.0,0.0
52,proper_scoring,node-024,0.0,0.0,85.84075370476606,0.0,0.0,85840.75370476606,0.0,0.0,8775.226201190166,1335.8314474600836,1.0,-398.31019818486186,0.0,0.0
52,proper_scoring,node-025,0.0,0.0,0.0,0.0,0.0,0.0,0.0,0.0,8775.226201190166,1335.8314474600836,1.0,0.0,0.0,0.0
52,proper_scoring,node-026,0.0,0.0,0.0,0.0,0.0,0.0,0.0,0.0,8775.226201190166,1335.8314474600836,1.0,0.0,0.0,0.0
52,proper_scoring,node-027,0.0,0.0,0.0,0.0,0.0,0.0,0.0,0.0,8775.226201190166,1335.8314474600836,1.0,0.0,0.0,0.0
52,proper_scoring,node-028,0.0,0.0,0.0,0.0,0.0,0.0,0.0,0.0,8775.226201190166,1335.8314474600836,1.0,-362.1587745111356,0.0,0.0
52,proper_scoring,node-029,0.0,0.0,141.5548138607503,0.0,0.0,141554.8138607503,0.0,0.0,8775.226201190166,1335.8314474600836,1.0,-409.27175511499314,0.0,0.0
52,audits,node-000,0.0,0.0,159.31322013880023,0.0,0.0,159313.22013880024,0.0,0.0,8775.226201190166,1335.8314474600836,1.0,-299.166215490534,0.0,658.8846943137406
52,audits,node-001,12.133430510001403,262.24097497906473,398.41856591749,0.016957799483661745,0.36651051542507435,0.5568336296835218,683.1515553337435,715.5073700270807,8775.226201190166,1335.8314474600836,1.0,-2205.8478204901476,-4.853372204000607,-206.8794807366217
52,audits,node-002,0.0,0.0,0.0,0.0,0.0,0.0,0.0,0.0,8775.226201190166,1335.8314474600836,1.0,0.0,0.0,0.0
52,audits,node-003,0.0,464.4882917635005,535.9657997053738,0.0,464488.2917635005,535965.7997053738,0.0,0.0,8775.226201190166,1335.8314474600836,1.0,-571.9315994107477,0.0,0.0
52,audits,node-004,0.0,0.0,297.5765405621338,0.0,0.0,297576.54056213377,0.0,0.0,8775.226201190166,1335.8314474600836,1.0,-602.4234594378663,0.0,0.0
52,audits,node-005,0.0,0.0,9.956613947357617,0.0,0.0,9956.613947357617,0.0,0.0,8775.226201190166,1335.8314474600836,1.0,-190.04338605264238,0.0,0.0
52,audits,node-006,0.0,0.0,0.0,0.0,0.0,0.0,0.0,0.0,8775.226201190166,1335.8314474600836,1.0,0.0,0.0,0.0
52,audits,node-007,0.0,0.0,0.0,0.0,0.0,0.0,0.0,0.0,8775.226201190166,1335.8314474600836,1.0,0.0,0.0,0.0
52,audits,node-008,0.0,0.0,0.0,0.0,0.0,0.0,0.0,0.0,8775.226201190166,1335.8314474600836,1.0,0.0,0.0,0.0
52,audits,node-009,0.0,0.0,0.0,0.0,0.0,0.0,0.0,0.0,8775.226201190166,1335.8314474600836,1.0,-60.93076691979262,0.0,0.0
52,audits,node-010,0.0,203.80013426606342,342.3386655106491,0.0,203800.13426606343,342338.6655106491,0.0,0.0,8775.226201190166,1335.8314474600836,1.0,-580.0456553400645,0.0,0.0
52,audits,node-011,0.0,0.0,0.0,0.0,0.0,0.0,0.0,0.0,8775.226201190166,1335.8314474600836,1.0,0.0,0.0,0.0
52,audits,node-012,0.0,0.0,110.64288544028454,0.0,0.0,110642.88544028455,0.0,0.0,8775.226201190166,1335.8314474600836,1.0,-189.35711455971546,0.0,0.0
52,audits,node-013,0.0,0.0,120.08451662468607,0.0,0.0,120084.51662468608,0.0,0.0,8775.226201190166,1335.8314474600836,1.0,-279.9154833753139,0.0,0.0
52,audits,node-014,0.0,0.0,0.0,0.0,0.0,0.0,0.0,0.0,8775.226201190166,1335.8314474600836,1.0,0.0,0.0,0.0
52,audits,node-015,0.0,0.0,0.0,0.0,0.0,0.0,0.0,0.0,8775.226201190166,1335.8314474600836,1.0,-287.79768649820636,0.0,0.0
52,audits,node-016,0.0,0.0,0.0,0.0,0.0,0.0,0.0,0.0,8775.226201190166,1335.8314474600836,1.0,0.0,0.0,0.0
52,audits,node-017,78.89490140129072,0.05438731836795796,78.9764823788426,0.12718336152252877,8.767565268951209e-05,0.12731487500156294,406.73843426542226,620.3240774330028,8775.226201190166,1335.8314474600836,1.0,-983.8529047353455,26.611060672909332,-406.73843426542226
52,audits,node-018,0.0,0.0,131.45155437007566,0.0,0.0,131451.55437007564,0.0,0.0,8775.226201190166,1335.8314474600836,1.0,-468.5484456299244,0.0,0.0
52,audits,node-019,0.0,0.0,87.68597501326767,0.0,0.0,87685.97501326766,0.0,0.0,8775.226201190166,1335.8314474600836,1.0,-412.31402498673236,0.0,0.0
52,audits,node-020,0.0,0.0,0.0,0.0,0.0,0.0,0.0,0.0,8775.226201190166,1335.8314474600836,1.0,0.0,0.0,0.0
52,audits,node-021,0.0,0.0,0.0,0.0,0.0,0.0,0.0,0.0,8775.226201190166,1335.8314474600836,1.0,0.0,0.0,0.0
52,audits,node-022,0.0,0.0,49.71772284516622,0.0,0.0,49717.72284516622,0.0,0.0,8775.226201190166,1335.8314474600836,1.0,-150.28227715483376,0.0,0.0
52,audits,node-023,0.0,0.0,0.0,0.0,0.0,0.0,0.0,0.0,8775.226201190166,1335.8314474600836,1.0,0.0,0.0,0.0
52,audits,node-024,0.0,0.0,85.84075370476606,0.0,0.0,85840.75370476606,0.0,0.0,8775.226201190166,1335.8314474600836,1.0,-414.1592462952339,0.0,0.0
52,audits,node-025,0.0,0.0,0.0,0.0,0.0,0.0,0.0,0.0,8775.226201190166,1335.8314474600836,1.0,0.0,0.0,0.0
52,audits,node-026,0.0,0.0,0.0,0.0,0.0,0.0,0.0,0.0,8775.226201190166,1335.8314474600836,1.0,0.0,0.0,0.0
52,audits,node-027,0.0,0.0,0.0,0.0,0.0,0.0,0.0,0.0,8775.226201190166,1335.8314474600836,1.0,0.0,0.0,0.0
52,audits,node-028,0.0,0.0,0.0,0.0,0.0,0.0,0.0,0.0,8775.226201190166,1335.8314474600836,1.0,-393.9827153432269,0.0,0.0
52,audits,node-029,0.0,0.0,141.5548138607503,0.0,0.0,141554.8138607503,0.0,0.0,8775.226201190166,1335.8314474600836,1.0,-458.4451861392497,0.0,0.0
60,greedy,node-000,0.0,0.0,0.0,0.0,0.0,0.0,0.0,0.0,8338.773955388344,195.91165551344034,0.9,0.0,0.0,-47.5995239968004
60,greedy,node-001,8.688890591194472,0.0,8.688890591194472,8688.890591194471,0.0,8688.890591194471,0.0,0.0,8338.773955388344,195.91165551344034,0.9,-47.5995239968004,5.3465987164170325,0.0
60,greedy,node-002,3.6498083710404066,0.0,3.6498083710404066,0.1917046682089805,0.0,0.1917046682089805,6.346234558151514,19.038703674454545,8338.773955388344,195.91165551344034,0.9,-51.43352905504209,14.324972934969786,-6.346234558151514
60,greedy,node-003,0.0,0.0,0.0,0.0,0.0,0.0,0.0,0.0,8338.773955388344,195.91165551344034,0.9,0.0,0.0,0.0
60,greedy,node-004,0.0,0.0,0.0,0.0,0.0,0.0,0.0,0.0,8338.773955388344,195.91165551344034,0.9,0.0,0.0,0.0
60,greedy,node-005,0.0,0.0,0.0,0.0,0.0,0.0,0.0,0.0,8338.773955388344,195.91165551344034,0.9,0.0,0.0,0.0
60,greedy,node-006,0.0,0.0,0.0,0.0,0.0,0.0,0.0,0.0,8338.773955388344,195.91165551344034,0.9,0.0,0.0,0.0
60,greedy,node-007,0.0,0.0,0.0,0.0,0.0,0.0,0.0,0.0,8338.773955388344,195.91165551344034,0.9,0.0,0.0,0.0
60,greedy,node-008,0.0,0.0,0.0,0.0,0.0,0.0,0.0,0.0,8338.773955388344,195.91165551344034,0.9,0.0,0.0,0.0
60,greedy,node-009,0.0,0.0,0.0,0.0,0.0,0.0,0.0,0.0,8338.773955388344,195.91165551344034,0.9,0.0,0.0,0.0
60,greedy,node-010,0.0,0.0,0.0,0.0,0.0,0.0,0.0,0.0,8338.773955388344,195.91165551344034,0.9,-12.872378077271566,0.0,0.0
60,greedy,node-011,0.0,0.0,0.0,0.0,0.0,0.0,0.0,0.0,8338.773955388344,195.91165551344034,0.9,0.0,0.0,0.0
60,greedy,node-012,0.0,0.0,0.0,0.0,0.0,0.0,0.0,0.0,8338.773955388344,195.91165551344034,0.9,0.0,0.0,0.0
60,greedy,node-013,0.0,0.0,0.0,0.0,0.0,0.0,0.0,0.0,8338.773955388344,195.91165551344034,0.9,0.0,0.0,0.0
60,greedy,node-014,0.0,0.0,0.0,0.0,0.0,0.0,0.0,0.0,8338.773955388344,195.91165551344034,0.9,0.0,0.0,0.0
60,greedy,node-015,0.0,0.0,0.0,0.0,0.0,0.0,0.0,0.0,8338.773955388344,195.91165551344034,0.9,0.0,0.0,0.0
60,greedy,node-016,0.0,0.0,0.0,0.0,0.0,0.0,0.0,0.0,8338.773955388344,195.91165551344034,0.9,0.0,0.0,0.0
60,greedy,node-017,0.0,0.0,0.0,0.0,0.0,0.0,0.0,0.0,8338.773955388344,195.91165551344034,0.9,0.0,0.0,0.0
60,greedy,node-018,0.0,0.0,0.0,0.0,0.0,0.0,0.0,0.0,8338.773955388344,195.91165551344034,0.9,0.0,0.0,0.0
60,greedy,node-019,0.0,0.0,0.0,0.0,0.0,0.0,0.0,0.0,8338.773955388344,195.91165551344034,0.9,0.0,0.0,0.0
60,greedy,node-020,0.0,0.0,0.0,0.0,0.0,0.0,0.0,0.0,8338.773955388344,195.91165551344034,0.9,0.0,0.0,0.0
60,greedy,node-021,0.0,0.0,0.0,0.0,0.0,0.0,0.0,0.0,8338.773955388344,195.91165551344034,0.9,0.0,0.0,0.0
60,greedy,node-022,0.0,0.0,0.0,0.0,0.0,0.0,0.0,0.0,8338.773955388344,195.91165551344034,0.9,-25.37771445122706,0.0,0.0
60,greedy,node-023,0.0,0.0,0.0,0.0,0.0,0.0,0.0,0.0,8338.773955388344,195.91165551344034,0.9,0.0,0.0,0.0
60,greedy,node-024,0.0,0.0,0.0,0.0,0.0,0.0,0.0,0.0,8338.773955388344,195.91165551344034,0.9,0.0,0.0,0.0
60,greedy,node-025,0.0,0.0,0.0,0.0,0.0,0.0,0.0,0.0,8338.773955388344,195.91165551344034,0.9,0.0,0.0,0.0
60,greedy,node-026,0.0,0.0,0.0,0.0,0.0,0.0,0.0,0.0,8338.773955388344,195.91165551344034,0.9,0.0,0.0,0.0
60,greedy,node-027,0.0,0.0,0.0,0.0,0.0,0.0,0.0,0.0,8338.773955388344,195.91165551344034,0.9,0.0,0.0,0.0
60,greedy,node-028,23.31218586802359,0.0,23.31218586802359,0.16529573463467126,0.0,0.16529573463467126,47.011065590101424,141.03319677030427,8338.773955388344,195.91165551344034,0.9,-85.62146309285843,-11.832501436214137,-47.011065590101424
60,greedy,node-029,0.0,0.0,0.0,0.0,0.0,0.0,11.946585022893842,35.839755068681534,8338.773955388344,195.91165551344034,0.9,-37.9573163543418,1.0692792586669047,-11.946585022893842
60,trust_vcg,node-000,0.0,0.0,0.0,0.0,0.0,0.0,0.0,0.0,8886.495938882259,1200.5265254691399,1.0,0.0,0.0,-304.22677085925756
60,trust_vcg,node-001,0.0,0.0,0.0,0.0,0.0,0.0,0.0,0.0,8886.495938882259,1200.5265254691399,1.0,-6088.39157357738,0.0,0.0
60,trust_vcg,node-002,46.250408356526876,0.0,46.250408356526876,46250.408356526874,0.0,46250.408356526874,0.0,0.0,8886.495938882259,1200.5265254691399,1.0,-11045.08729449689,0.0,0.0
60,trust_vcg,node-003,0.0,0.0,0.0,0.0,0.0,0.0,0.0,0.0,8886.495938882259,1200.5265254691399,1.0,0.0,0.0,0.0
60,trust_vcg,node-004,0.0,0.0,0.0,0.0,0.0,0.0,0.0,0.0,8886.495938882259,1200.5265254691399,1.0,0.0,0.0,0.0
60,trust_vcg,node-005,0.0,0.0,0.0,0.0,0.0,0.0,0.0,0.0,8886.495938882259,1200.5265254691399,1.0,0.0,0.0,0.0
60,trust_vcg,node-006,0.0,0.0,0.0,0.0,0.0,0.0,0.0,0.0,8886.495938882259,1200.5265254691399,1.0,0.0,0.0,0.0
60,trust_vcg,node-007,0.0,0.0,0.0,0.0,0.0,0.0,0.0,0.0,8886.495938882259,1200.5265254691399,1.0,-5006.755134035209,0.0,0.0
60,trust_vcg,node-008,0.0,0.0,0.0,0.0,0.0,0.0,0.0,0.0,8886.495938882259,1200.5265254691399,1.0,0.0,0.0,0.0
60,trust_vcg,node-009,0.0,0.0,0.0,0.0,0.0,0.0,0.0,0.0,8886.495938882259,1200.5265254691399,1.0,0.0,0.0,0.0
60,trust_vcg,node-010,0.0,0.0,479.48536793572725,0.0,0.0,479485.36793572723,0.0,0.0,8886.495938882259,1200.5265254691399,1.0,-5561.782044402228,0.0,0.0
60,trust_vcg,node-011,0.0,0.0,0.0,0.0,0.0,0.0,0.0,0.0,8886.495938882259,1200.5265254691399,1.0,0.0,0.0,0.0
60,trust_vcg,node-012,0.0,0.0,0.0,0.0,0.0,0.0,0.0,0.0,8886.495938882259,1200.5265254691399,1.0,0.0,0.0,0.0
60,trust_vcg,node-013,0.0,0.0,0.0,0.0,0.0,0.0,0.0,0.0,8886.495938882259,1200.5265254691399,1.0,0.0,0.0,0.0
60,trust_vcg,node-014,0.0,0.0,0.0,0.0,0.0,0.0,0.0,0.0,8886.495938882259,1200.5265254691399,1.0,0.0,0.0,0.0
60,trust_vcg,node-015,0.0,0.0,0.0,0.0,0.0,0.0,0.0,0.0,8886.495938882259,1200.5265254691399,1.0,0.0,0.0,0.0
60,trust_vcg,node-016,0.0,0.0,0.0,0.0,0.0,0.0,0.0,0.0,8886.495938882259,1200.5265254691399,1.0,0.0,0.0,0.0
60,trust_vcg,node-017,0.0,0.0,0.0,0.0,0.0,0.0,0.0,0.0,8886.495938882259,1200.5265254691399,1.0,0.0,0.0,0.0
60,trust_vcg,node-018,0.0,0.0,0.0,0.0,0.0,0.0,0.0,0.0,8886.495938882259,1200.5265254691399,1.0,0.0,0.0,0.0
60,trust_vcg,node-019,0.0,0.0,0.0,0.0,0.0,0.0,0.0,0.0,8886.495938882259,1200.5265254691399,1.0,0.0,0.0,0.0
60,trust_vcg,node-020,0.0,0.0,0.0,0.0,0.0,0.0,0.0,0.0,8886.495938882259,1200.5265254691399,1.0,0.0,0.0,0.0
60,trust_vcg,node-021,0.0,0.0,0.0,0.0,0.0,0.0,0.0,0.0,8886.495938882259,1200.5265254691399,1.0,0.0,0.0,0.0
60,trust_vcg,node-022,0.0,0.0,0.0,0.0,0.0,0.0,0.0,0.0,8886.495938882259,1200.5265254691399,1.0,-6113.1895922351205,0.0,0.0
60,trust_vcg,node-023,0.0,0.0,0.0,0.0,0.0,0.0,0.0,0.0,8886.495938882259,1200.5265254691399,1.0,0.0,0.0,0.0
60,trust_vcg,node-024,0.0,0.0,0.0,0.0,0.0,0.0,0.0,0.0,8886.495938882259,1200.5265254691399,1.0,0.0,0.0,0.0
60,trust_vcg,node-025,0.0,0.0,0.0,0.0,0.0,0.0,0.0,0.0,8886.495938882259,1200.5265254691399,1.0,-2251.076738265664,0.0,0.0
60,trust_vcg,node-026,0.0,0.0,0.0,0.0,0.0,0.0,0.0,0.0,8886.495938882259,1200.5265254691399,1.0,0.0,0.0,0.0
60,trust_vcg,node-027,0.0,0.0,0.0,0.0,0.0,0.0,0.0,0.0,8886.495938882259,1200.5265254691399,1.0,0.0,0.0,0.0
60,trust_vcg,node-028,0.0,0.0,114.77626471687734,0.0,0.0,0.28109883044833184,335.4767758710331,408.3128504441576,8886.495938882259,1200.5265254691399,1.0,-8066.074900577816,-10.925411185968699,-335.4767758710331
60,trust_vcg,node-029,294.4744402952998,372.1163830037025,372.1163830037025,0.37171087748013654,0.4697171921350234,0.4697171921350234,730.378029429285,792.2136750249821,8886.495938882259,1200.5265254691399,1.0,-11781.625235645779,99.04424253274351,-730.378029429285
60,contingent,node-000,0.0,0.0,0.0,0.0,0.0,0.0,0.0,0.0,8886.495938882259,202.00758025323228,1.0,0.0,0.0,-21.187036583437493
60,contingent,node-001,0.0,58.35480516100331,104.40530603275471,0.0,58354.805161003314,104405.30603275471,0.0,0.0,8886.495938882259,202.00758025323228,1.0,-153.56629430952017,0.0,0.0
60,contingent,node-002,0.0,0.0,27.90579305827348,0.0,0.0,27905.79305827348,0.0,0.0,8886.495938882259,202.00758025323228,1.0,-180.34917798756229,0.0,0.0
60,contingent,node-003,0.0,0.0,0.0,0.0,0.0,0.0,0.0,0.0,8886.495938882259,202.00758025323228,1.0,0.0,0.0,0.0
60,contingent,node-004,0.0,0.0,0.0,0.0,0.0,0.0,0.0,0.0,8886.495938882259,202.00758025323228,1.0,0.0,0.0,0.0
60,contingent,node-005,0.0,0.0,0.0,0.0,0.0,0.0,0.0,0.0,8886.495938882259,202.00758025323228,1.0,0.0,0.0,0.0
60,contingent,node-006,0.0,0.0,0.0,0.0,0.0,0.0,0.0,0.0,8886.495938882259,202.00758025323228,1.0,0.0,0.0,0.0
60,contingent,node-007,0.0,1.7433477111595401,1.7433477111595401,0.0,1743.34771115954,1743.34771115954,0.0,0.0,8886.495938882259,202.00758025323228,1.0,-227.0205361408382,0.0,0.0
60,contingent,node-008,0.0,0.0,0.0,0.0,0.0,0.0,0.0,0.0,8886.495938882259,202.00758025323228,1.0,0.0,0.0,0.0
60,contingent,node-009,0.0,0.0,0.0,0.0,0.0,0.0,0.0,0.0,8886.495938882259,202.00758025323228,1.0,0.0,0.0,0.0
60,contingent,node-010,0.0,0.0,29.485367935727226,0.0,0.0,29485.367935727227,0.0,0.0,8886.495938882259,202.00758025323228,1.0,-247.12817760891105,0.0,0.0
60,contingent,node-011,0.0,0.0,0.0,0.0,0.0,0.0,0.0,0.0,8886.495938882259,202.00758025323228,1.0,0.0,0.0,0.0
60,contingent,node-012,0.0,0.0,0.0,0.0,0.0,0.0,0.0,0.0,8886.495938882259,202.00758025323228,1.0,0.0,0.0,0.0
60,contingent,node-013,0.0,0.0,0.0,0.0,0.0,0.0,0.0,0.0,8886.495938882259,202.00758025323228,1.0,0.0,0.0,0.0
60,contingent,node-014,0.0,0.0,0.0,0.0,0.0,0.0,0.0,0.0,8886.495938882259,202.00758025323228,1.0,0.0,0.0,0.0
60,contingent,node-015,0.0,0.0,0.0,0.0,0.0,0.0,0.0,0.0,8886.495938882259,202.00758025323228,1.0,0.0,0.0,0.0
60,contingent,node-016,0.0,0.0,0.0,0.0,0.0,0.0,0.0,0.0,8886.495938882259,202.00758025323228,1.0,0.0,0.0,0.0
60,contingent,node-017,0.0,0.0,0.0,0.0,0.0,0.0,0.0,0.0,8886.495938882259,202.00758025323228,1.0,0.0,0.0,0.0
60,contingent,node-018,0.0,0.0,0.0,0.0,0.0,0.0,0.0,0.0,8886.495938882259,202.00758025323228,1.0,0.0,0.0,0.0
60,contingent,node-019,0.0,0.0,0.0,0.0,0.0,0.0,0.0,0.0,8886.495938882259,202.00758025323228,1.0,0.0,0.0,0.0
60,contingent,node-020,0.0,0.0,0.0,0.0,0.0,0.0,0.0,0.0,8886.495938882259,202.00758025323228,1.0,0.0,0.0,0.0
60,contingent,node-021,0.0,0.0,0.0,0.0,0.0,0.0,0.0,0.0,8886.495938882259,202.00758025323228,1.0,0.0,0.0,0.0
60,contingent,node-022,0.0,0.0,15.246137615779174,0.0,0.0,15246.137615779175,0.0,0.0,8886.495938882259,202.00758025323228,1.0,-252.75836894048072,0.0,0.0
60,contingent,node-023,0.0,0.0,0.0,0.0,0.0,0.0,0.0,0.0,8886.495938882259,202.00758025323228,1.0,0.0,0.0,0.0
60,contingent,node-024,0.0,0.0,0.0,0.0,0.0,0.0,0.0,0.0,8886.495938882259,202.00758025323228,1.0,0.0,0.0,0.0
60,contingent,node-025,0.0,0.0,0.0,0.0,0.0,0.0,0.0,0.0,8886.495938882259,202.00758025323228,1.0,-204.3069530626573,0.0,0.0
60,contingent,node-026,0.0,0.0,0.0,0.0,0.0,0.0,0.0,0.0,8886.495938882259,202.00758025323228,1.0,0.0,0.0,0.0
60,contingent,node-027,0.0,0.0,0.0,0.0,0.0,0.0,0.0,0.0,8886.495938882259,202.00758025323228,1.0,0.0,0.0,0.0
60,contingent,node-028,3.788698710539201,3.4722803294422846,76.09916504643775,0.03467785922240584,0.031781690138140285,0.6965336475772242,36.41803728656228,109.25411185968684,8886.495938882259,202.00758025323228,1.0,-158.81053611369288,-10.925411185968684,-36.41803728656228
60,contingent,node-029,4.185497591428039,71.57658963513899,71.57658963513899,0.04512497121583972,0.7716863948574441,0.7716863948574441,30.917822797848487,92.75346839354548,8886.495938882259,202.00758025323228,1.0,-235.90664766382343,-0.8786441288904356,-30.917822797848487
60,capped,node-000,0.0,0.0,0.0,0.0,0.0,0.0,0.0,0.0,8886.495938882259,202.00758025323228,1.0,0.0,0.0,-13.074518451980309
60,capped,node-001,0.0,74.57984142391769,124.68660136139766,0.0,74579.84142391768,124686.60136139765,0.0,0.0,8886.495938882259,202.00758025323228,1.0,-38.39157357738004,0.0,0.0
60,capped,node-002,0.0,74.60536917506391,130.55939605636186,0.0,74605.36917506391,130559.39605636186,0.0,0.0,8886.495938882259,202.00758025323228,1.0,-45.08729449689057,0.0,0.0
60,capped,node-003,0.0,0.0,0.0,0.0,0.0,0.0,0.0,0.0,8886.495938882259,202.00758025323228,1.0,0.0,0.0,0.0
60,capped,node-004,0.0,0.0,0.0,0.0,0.0,0.0,0.0,0.0,8886.495938882259,202.00758025323228,1.0,0.0,0.0,0.0
60,capped,node-005,0.0,0.0,0.0,0.0,0.0,0.0,0.0,0.0,8886.495938882259,202.00758025323228,1.0,0.0,0.0,0.0
60,capped,node-006,0.0,0.0,0.0,0.0,0.0,0.0,0.0,0.0,8886.495938882259,202.00758025323228,1.0,0.0,0.0,0.0
60,capped,node-007,0.0,51.904219254885774,51.904219254885774,0.0,51904.21925488577,51904.21925488577,0.0,0.0,8886.495938882259,202.00758025323228,1.0,-56.75513403520955,0.0,0.0
60,capped,node-008,0.0,0.0,0.0,0.0,0.0,0.0,0.0,0.0,8886.495938882259,202.00758025323228,1.0,0.0,0.0,0.0
60,capped,node-009,0.0,0.0,0.0,0.0,0.0,0.0,0.0,0.0,8886.495938882259,202.00758025323228,1.0,0.0,0.0,0.0
60,capped,node-010,0.0,0.0,29.485367935727226,0.0,0.0,29485.367935727227,0.0,0.0,8886.495938882259,202.00758025323228,1.0,-61.78204440222777,0.0,0.0
60,capped,node-011,0.0,0.0,0.0,0.0,0.0,0.0,0.0,0.0,8886.495938882259,202.00758025323228,1.0,0.0,0.0,0.0
60,capped,node-012,0.0,0.0,0.0,0.0,0.0,0.0,0.0,0.0,8886.495938882259,202.00758025323228,1.0,0.0,0.0,0.0
60,capped,node-013,0.0,0.0,0.0,0.0,0.0,0.0,0.0,0.0,8886.495938882259,202.00758025323228,1.0,0.0,0.0,0.0
60,capped,node-014,0.0,0.0,0.0,0.0,0.0,0.0,0.0,0.0,8886.495938882259,202.00758025323228,1.0,0.0,0.0,0.0
60,capped,node-015,0.0,0.0,0.0,0.0,0.0,0.0,0.0,0.0,8886.495938882259,202.00758025323228,1.0,0.0,0.0,0.0
60,capped,node-016,0.0,0.0,0.0,0.0,0.0,0.0,0.0,0.0,8886.495938882259,202.00758025323228,1.0,0.0,0.0,0.0
60,capped,node-017,0.0,0.0,0.0,0.0,0.0,0.0,0.0,0.0,8886.495938882259,202.00758025323228,1.0,0.0,0.0,0.0
60,capped,node-018,0.0,0.0,0.0,0.0,0.0,0.0,0.0,0.0,8886.495938882259,202.00758025323228,1.0,0.0,0.0,0.0
60,capped,node-019,0.0,0.0,0.0,0.0,0.0,0.0,0.0,0.0,8886.495938882259,202.00758025323228,1.0,0.0,0.0,0.0
60,capped,node-020,0.0,0.0,0.0,0.0,0.0,0.0,0.0,0.0,8886.495938882259,202.00758025323228,1.0,0.0,0.0,0.0
60,capped,node-021,0.0,0.0,0.0,0.0,0.0,0.0,0.0,0.0,8886.495938882259,202.00758025323228,1.0,0.0,0.0,0.0
60,capped,node-022,0.0,0.0,30.79883894930969,0.0,0.0,30798.83894930969,0.0,0.0,8886.495938882259,202.00758025323228,1.0,-63.1895922351202,0.0,0.0
60,capped,node-023,0.0,0.0,0.0,0.0,0.0,0.0,0.0,0.0,8886.495938882259,202.00758025323228,1.0,0.0,0.0,0.0
60,capped,node-024,0.0,0.0,0.0,0.0,0.0,0.0,0.0,0.0,8886.495938882259,202.00758025323228,1.0,0.0,0.0,0.0
60,capped,node-025,0.0,0.0,7.799171456544833,0.0,0.0,7799.171456544833,0.0,0.0,8886.495938882259,202.00758025323228,1.0,-51.07673826566433,0.0,0.0
60,capped,node-026,0.0,0.0,0.0,0.0,0.0,0.0,0.0,0.0,8886.495938882259,202.00758025323228,1.0,0.0,0.0,0.0
60,capped,node-027,0.0,0.0,0.0,0.0,0.0,0.0,0.0,0.0,8886.495938882259,202.00758025323228,1.0,0.0,0.0,0.0
60,capped,node-028,3.788698710539201,13.837054361848132,76.09916504643775,0.03467785922240584,0.12665019308031922,0.6965336475772242,36.41803728656228,109.25411185968684,8886.495938882259,202.00758025323228,1.0,-67.01616199334492,-10.925411185968684,-36.41803728656228
60,capped,node-029,4.185497591428039,71.57658963513899,71.57658963513899,0.04512497121583972,0.7716863948574441,0.7716863948574441,30.917822797848487,92.75346839354548,8886.495938882259,202.00758025323228,1.0,-82.16502901434222,-0.8786441288904356,-30.917822797848487
60,proper_scoring,node-000,0.0,0.0,0.0,0.0,0.0,0.0,0.0,0.0,8886.495938882259,1200.5265254691399,1.0,0.0,0.0,227.4342644343107
60,proper_scoring,node-001,227.4342644343107,508.3548051610033,508.3548051610033,227434.2644343107,508354.8051610033,508354.8051610033,0.0,0.0,8886.495938882259,1200.5265254691399,1.0,-153.56629430952017,0.0,0.0
60,proper_scoring,node-002,46.250408356526876,342.48248677659325,703.8216646305741,46250.408356526874,342482.48677659326,703821.664630574,0.0,0.0,8886.495938882259,1200.5265254691399,1.0,-180.34917798756229,0.0,0.0
60,proper_scoring,node-003,0.0,0.0,0.0,0.0,0.0,0.0,0.0,0.0,8886.495938882259,1200.5265254691399,1.0,0.0,0.0,0.0
60,proper_scoring,node-004,0.0,0.0,0.0,0.0,0.0,0.0,0.0,0.0,8886.495938882259,1200.5265254691399,1.0,0.0,0.0,0.0
60,proper_scoring,node-005,0.0,0.0,0.0,0.0,0.0,0.0,0.0,0.0,8886.495938882259,1200.5265254691399,1.0,0.0,0.0,0.0
60,proper_scoring,node-006,0.0,0.0,0.0,0.0,0.0,0.0,0.0,0.0,8886.495938882259,1200.5265254691399,1.0,0.0,0.0,0.0
60,proper_scoring,node-007,0.0,101.90421925488577,318.16443019292734,0.0,101904.21925488577,318164.4301929273,0.0,0.0,8886.495938882259,1200.5265254691399,1.0,-227.0205361408382,0.0,0.0
60,proper_scoring,node-008,0.0,0.0,0.0,0.0,0.0,0.0,0.0,0.0,8886.495938882259,1200.5265254691399,1.0,0.0,0.0,0.0
60,proper_scoring,node-009,0.0,0.0,0.0,0.0,0.0,0.0,0.0,0.0,8886.495938882259,1200.5265254691399,1.0,0.0,0.0,0.0
60,proper_scoring,node-010,0.0,0.0,479.48536793572725,0.0,0.0,479485.36793572723,0.0,0.0,8886.495938882259,1200.5265254691399,1.0,-247.12817760891105,0.0,0.0
60,proper_scoring,node-011,0.0,0.0,0.0,0.0,0.0,0.0,0.0,0.0,8886.495938882259,1200.5265254691399,1.0,0.0,0.0,0.0
60,proper_scoring,node-012,0.0,0.0,0.0,0.0,0.0,0.0,0.0,0.0,8886.495938882259,1200.5265254691399,1.0,0.0,0.0,0.0
60,proper_scoring,node-013,0.0,0.0,0.0,0.0,0.0,0.0,0.0,0.0,8886.495938882259,1200.5265254691399,1.0,0.0,0.0,0.0
60,proper_scoring,node-014,0.0,0.0,0.0,0.0,0.0,0.0,0.0,0.0,8886.495938882259,1200.5265254691399,1.0,0.0,0.0,0.0
60,proper_scoring,node-015,0.0,0.0,0.0,0.0,0.0,0.0,0.0,0.0,8886.495938882259,1200.5265254691399,1.0,0.0,0.0,0.0
60,proper_scoring,node-016,0.0,0.0,0.0,0.0,0.0,0.0,0.0,0.0,8886.495938882259,1200.5265254691399,1.0,0.0,0.0,0.0
60,proper_scoring,node-017,0.0,0.0,0.0,0.0,0.0,0.0,0.0,0.0,8886.495938882259,1200.5265254691399,1.0,0.0,0.0,0.0
60,proper_scoring,node-018,0.0,0.0,0.0,0.0,0.0,0.0,0.0,0.0,8886.495938882259,1200.5265254691399,1.0,0.0,0.0,0.0
60,proper_scoring,node-019,0.0,0.0,0.0,0.0,0.0,0.0,0.0,0.0,8886.495938882259,1200.5265254691399,1.0,0.0,0.0,0.0
60,proper_scoring,node-020,0.0,0.0,0.0,0.0,0.0,0.0,0.0,0.0,8886.495938882259,1200.5265254691399,1.0,0.0,0.0,0.0
60,proper_scoring,node-021,0.0,0.0,0.0,0.0,0.0,0.0,0.0,0.0,8886.495938882259,1200.5265254691399,1.0,0.0,0.0,0.0
60,proper_scoring,node-022,377.59423243077464,0.0,465.24613761577905,377594.2324307746,0.0,465246.13761577907,0.0,0.0,8886.495938882259,1200.5265254691399,1.0,-252.75836894048072,0.0,0.0
60,proper_scoring,node-023,0.0,0.0,0.0,0.0,0.0,0.0,0.0,0.0,8886.495938882259,1200.5265254691399,1.0,0.0,0.0,0.0
60,proper_scoring,node-024,0.0,0.0,0.0,0.0,0.0,0.0,0.0,0.0,8886.495938882259,1200.5265254691399,1.0,0.0,0.0,0.0
60,proper_scoring,node-025,0.0,0.0,52.12823299506662,0.0,0.0,52128.23299506662,0.0,0.0,8886.495938882259,1200.5265254691399,1.0,-204.3069530626573,0.0,0.0
60,proper_scoring,node-026,0.0,0.0,0.0,0.0,0.0,0.0,0.0,0.0,8886.495938882259,1200.5265254691399,1.0,0.0,0.0,0.0
60,proper_scoring,node-027,0.0,0.0,0.0,0.0,0.0,0.0,0.0,0.0,8886.495938882259,1200.5265254691399,1.0,0.0,0.0,0.0
60,proper_scoring,node-028,82.80139916526491,154.41354174497138,278.7427124059814,0.20278910907456033,0.3781745824972255,0.6826694582420528,335.4767758710331,408.3128504441576,8886.495938882259,1200.5265254691399,1.0,-457.86927469816374,-10.925411185968699,-335.4767758710331
60,proper_scoring,node-029,294.4744402952998,372.1163830037025,372.1163830037025,0.37171087748013654,0.4697171921350234,0.4697171921350234,730.378029429285,792.2136750249821,8886.495938882259,1200.5265254691399,1.0,-935.3668542952599,99.04424253274351,-730.378029429285
60,audits,node-000,0.0,0.0,0.0,0.0,0.0,0.0,0.0,0.0,8886.495938882259,1200.5265254691399,1.0,0.0,0.0,195.7732291407425
60,audits,node-001,195.7732291407425,474.5798414239176,474.68660136139766,195773.2291407425,474579.8414239176,474686.60136139765,0.0,0.0,8886.495938882259,1200.5265254691399,1.0,-1088.39157357738,0.0,0.0
60,audits,node-002,46.250408356526876,0.0,46.250408356526876,46250.408356526874,0.0,46250.408356526874,0.0,0.0,8886.495938882259,1200.5265254691399,1.0,-2045.0872944968903,0.0,0.0
60,audits,node-003,0.0,0.0,0.0,0.0,0.0,0.0,0.0,0.0,8886.495938882259,1200.5265254691399,1.0,0.0,0.0,0.0
60,audits,node-004,0.0,0.0,0.0,0.0,0.0,0.0,0.0,0.0,8886.495938882259,1200.5265254691399,1.0,0.0,0.0,0.0
60,audits,node-005,0.0,0.0,0.0,0.0,0.0,0.0,0.0,0.0,8886.495938882259,1200.5265254691399,1.0,0.0,0.0,0.0
60,audits,node-006,0.0,0.0,0.0,0.0,0.0,0.0,0.0,0.0,8886.495938882259,1200.5265254691399,1.0,0.0,0.0,0.0
60,audits,node-007,0.0,101.90421925488577,293.24486596479045,0.0,101904.21925488577,293244.86596479046,0.0,0.0,8886.495938882259,1200.5265254691399,1.0,-506.75513403520955,0.0,0.0
60,audits,node-008,0.0,0.0,0.0,0.0,0.0,0.0,0.0,0.0,8886.495938882259,1200.5265254691399,1.0,0.0,0.0,0.0
60,audits,node-009,0.0,0.0,0.0,0.0,0.0,0.0,0.0,0.0,8886.495938882259,1200.5265254691399,1.0,0.0,0.0,0.0
60,audits,node-010,0.0,0.0,479.48536793572725,0.0,0.0,479485.36793572723,0.0,0.0,8886.495938882259,1200.5265254691399,1.0,-1061.7820444022277,0.0,0.0
60,audits,node-011,0.0,0.0,0.0,0.0,0.0,0.0,0.0,0.0,8886.495938882259,1200.5265254691399,1.0,0.0,0.0,0.0
60,audits,node-012,0.0,0.0,0.0,0.0,0.0,0.0,0.0,0.0,8886.495938882259,1200.5265254691399,1.0,0.0,0.0,0.0
60,audits,node-013,0.0,0.0,0.0,0.0,0.0,0.0,0.0,0.0,8886.495938882259,1200.5265254691399,1.0,0.0,0.0,0.0
60,audits,node-014,0.0,0.0,0.0,0.0,0.0,0.0,0.0,0.0,8886.495938882259,1200.5265254691399,1.0,0.0,0.0,0.0
60,audits,node-015,0.0,0.0,0.0,0.0,0.0,0.0,0.0,0.0,8886.495938882259,1200.5265254691399,1.0,0.0,0.0,0.0
60,audits,node-016,0.0,0.0,0.0,0.0,0.0,0.0,0.0,0.0,8886.495938882259,1200.5265254691399,1.0,0.0,0.0,0.0
60,audits,node-017,0.0,0.0,0.0,0.0,0.0,0.0,0.0,0.0,8886.495938882259,1200.5265254691399,1.0,0.0,0.0,0.0
60,audits,node-018,0.0,0.0,0.0,0.0,0.0,0.0,0.0,0.0,8886.495938882259,1200.5265254691399,1.0,0.0,0.0,0.0
60,audits,node-019,0.0,0.0,0.0,0.0,0.0,0.0,0.0,0.0,8886.495938882259,1200.5265254691399,1.0,0.0,0.0,0.0
60,audits,node-020,0.0,0.0,0.0,0.0,0.0,0.0,0.0,0.0,8886.495938882259,1200.5265254691399,1.0,0.0,0.0,0.0
60,audits,node-021,0.0,0.0,0.0,0.0,0.0,0.0,0.0,0.0,8886.495938882259,1200.5265254691399,1.0,0.0,0.0,0.0
60,audits,node-022,342.3341201200705,0.0,430.7988389493096,342334.1201200705,0.0,430798.8389493096,0.0,0.0,8886.495938882259,1200.5265254691399,1.0,-1113.1895922351202,0.0,0.0
60,audits,node-023,0.0,0.0,0.0,0.0,0.0,0.0,0.0,0.0,8886.495938882259,1200.5265254691399,1.0,0.0,0.0,0.0
60,audits,node-024,0.0,0.0,0.0,0.0,0.0,0.0,0.0,0.0,8886.495938882259,1200.5265254691399,1.0,0.0,0.0,0.0
60,audits,node-025,0.0,0.0,48.923261734335654,0.0,0.0,48923.261734335654,0.0,0.0,8886.495938882259,1200.5265254691399,1.0,-251.07673826566432,0.0,0.0
60,audits,node-026,0.0,0.0,0.0,0.0,0.0,0.0,0.0,0.0,8886.495938882259,1200.5265254691399,1.0,0.0,0.0,0.0
60,audits,node-027,0.0,0.0,0.0,0.0,0.0,0.0,0.0,0.0,8886.495938882259,1200.5265254691399,1.0,0.0,0.0,0.0
60,audits,node-028,45.74844707373251,114.77831577737726,233.92509942218436,0.1120426335442735,0.2811038537056153,0.5729065327425369,335.4767758710331,408.3128504441576,8886.495938882259,1200.5265254691399,1.0,-1566.0749005778157,-10.925411185968699,-335.4767758710331
60,audits,node-029,294.4744402952998,372.1163830037025,372.1163830037025,0.37171087748013654,0.4697171921350234,0.4697171921350234,730.378029429285,792.2136750249821,8886.495938882259,1200.5265254691399,1.0,-2781.625235645779,99.04424253274351,-730.378029429285
61,greedy,node-000,0.0,0.0,0.0,0.0,0.0,0.0,0.0,0.0,7491.139497064565,214.59919624453968,0.9,0.0,0.0,0.0
61,greedy,node-001,0.0,0.0,0.0,0.0,0.0,0.0,0.0,0.0,7491.139497064565,214.59919624453968,0.9,0.0,0.0,0.0
61,greedy,node-002,0.0,0.0,0.0,0.0,0.0,0.0,0.0,0.0,7491.139497064565,214.59919624453968,0.9,0.0,0.0,0.0
61,greedy,node-003,0.0,0.0,0.0,0.0,0.0,0.0,0.0,0.0,7491.139497064565,214.59919624453968,0.9,0.0,0.0,0.0
61,greedy,node-004,0.0,0.0,0.0,0.0,0.0,0.0,26.812972768111273,80.4389183043338,7491.139497064565,214.59919624453968,0.9,-64.50964034714256,14.640516124200403,-26.812972768111273
61,greedy,node-005,0.0,0.0,0.0,0.0,0.0,0.0,0.0,0.0,7491.139497064565,214.59919624453968,0.9,0.0,0.0,0.0
61,greedy,node-006,0.0,0.0,0.0,0.0,0.0,0.0,0.0,0.0,7491.139497064565,214.59919624453968,0.9,0.0,0.0,0.0
61,greedy,node-007,0.0,0.0,0.0,0.0,0.0,0.0,0.0,0.0,7491.139497064565,214.59919624453968,0.9,0.0,0.0,0.0
61,greedy,node-008,0.0,0.0,0.0,0.0,0.0,0.0,0.0,0.0,7491.139497064565,214.59919624453968,0.9,0.0,0.0,0.0
61,greedy,node-009,0.0,0.0,0.0,0.0,0.0,0.0,0.0,0.0,7491.139497064565,214.59919624453968,0.9,0.0,0.0,0.0
61,greedy,node-010,0.0,0.0,0.0,0.0,0.0,0.0,0.0,0.0,7491.139497064565,214.59919624453968,0.9,-42.98790345139684,0.0,0.0
61,greedy,node-011,0.0,0.0,0.0,0.0,0.0,0.0,0.0,0.0,7491.139497064565,214.59919624453968,0.9,0.0,0.0,0.0
61,greedy,node-012,0.0,0.0,0.0,0.0,0.0,0.0,0.0,0.0,7491.139497064565,214.59919624453968,0.9,0.0,0.0,0.0
61,greedy,node-013,0.0,0.0,0.0,0.0,0.0,0.0,0.0,0.0,7491.139497064565,214.59919624453968,0.9,0.0,0.0,0.0
61,greedy,node-014,0.0,0.0,0.0,0.0,0.0,0.0,0.0,0.0,7491.139497064565,214.59919624453968,0.9,0.0,0.0,0.0
61,greedy,node-015,0.0,0.0,0.0,0.0,0.0,0.0,0.0,0.0,7491.139497064565,214.59919624453968,0.9,0.0,0.0,0.0
61,greedy,node-016,9.746960415197723,0.0,9.746960415197723,9746.960415197722,0.0,9746.960415197722,0.0,0.0,7491.139497064565,214.59919624453968,0.9,-37.31795574929963,15.60919715390041,0.0
61,greedy,node-017,0.0,0.0,0.0,0.0,0.0,0.0,15.634467119439563,46.903401358318696,7491.139497064565,214.59919624453968,0.9,-62.77018066229574,-4.690340135831869,-15.634467119439563
61,greedy,node-018,0.0,0.0,0.0,0.0,0.0,0.0,0.0,0.0,7491.139497064565,214.59919624453968,0.9,0.0,0.0,0.0
61,greedy,node-019,0.0,0.0,0.0,0.0,0.0,0.0,0.0,0.0,7491.139497064565,214.59919624453968,0.9,0.0,0.0,0.0
61,greedy,node-020,13.094124483558506,0.0,13.094124483558506,13094.124483558506,0.0,13094.124483558506,0.0,0.0,7491.139497064565,214.59919624453968,0.9,-47.15015439733176,0.0,0.0
61,greedy,node-021,0.0,0.0,0.0,0.0,0.0,0.0,0.0,0.0,7491.139497064565,214.59919624453968,0.9,0.0,0.0,0.0
61,greedy,node-022,0.0,0.0,0.0,0.0,0.0,0.0,29.085625527295726,87.25687658188718,7491.139497064565,214.59919624453968,0.9,-69.33618196421037,-4.2772163477539635,-29.085625527295726
61,greedy,node-023,0.0,0.0,0.0,0.0,0.0,0.0,0.0,0.0,7491.139497064565,214.59919624453968,0.9,0.0,0.0,0.0
61,greedy,node-024,0.0,0.0,0.0,0.0,0.0,0.0,0.0,0.0,7491.139497064565,214.59919624453968,0.9,0.0,0.0,0.0
61,greedy,node-025,0.0,0.0,0.0,0.0,0.0,0.0,0.0,0.0,7491.139497064565,214.59919624453968,0.9,0.0,0.0,0.0
61,greedy,node-026,0.0,0.0,0.0,0.0,0.0,0.0,0.0,0.0,7491.139497064565,214.59919624453968,0.9,0.0,0.0,0.0
61,greedy,node-027,0.0,0.0,0.0,0.0,0.0,0.0,0.0,0.0,7491.139497064565,214.59919624453968,0.9,0.0,0.0,0.0
61,greedy,node-028,0.0,0.0,0.0,0.0,0.0,0.0,0.0,0.0,7491.139497064565,214.59919624453968,0.9,0.0,0.0,0.0
61,greedy,node-029,0.0,0.0,0.0,0.0,0.0,0.0,0.0,0.0,7491.139497064565,214.59919624453968,0.9,0.0,0.0,0.0
61,trust_vcg,node-000,0.0,0.0,0.0,0.0,0.0,0.0,0.0,0.0,8466.288155669967,227.20856965568473,0.9,0.0,0.0,0.0
61,trust_vcg,node-001,0.0,0.0,0.0,0.0,0.0,0.0,0.0,0.0,8466.288155669967,227.20856965568473,0.9,0.0,0.0,0.0
61,trust_vcg,node-002,355.2382523891229,0.0,355.27180484707554,355238.2523891229,0.0,355271.80484707555,0.0,0.0,8466.288155669967,227.20856965568473,0.9,-5644.728195152925,0.0,0.0
61,trust_vcg,node-003,0.0,0.0,0.0,0.0,0.0,0.0,0.0,0.0,8466.288155669967,227.20856965568473,0.9,0.0,0.0,0.0
61,trust_vcg,node-004,0.0,475.3933351580626,752.790494925573,0.0,475393.3351580626,752790.4949255729,0.0,0.0,8466.288155669967,227.20856965568473,0.9,-11037.696667579028,0.0,0.0
61,trust_vcg,node-005,0.0,57.458044703762425,85.72702238229522,0.0,0.07278385742499065,0.10859303352056782,562.6814098561741,789.4339038429964,8466.288155669967,227.20856965568473,0.9,-6122.7511371361425,20.644167072184928,-562.6814098561741
61,trust_vcg,node-006,392.1273494825318,0.0,392.2655940898285,392127.34948253183,0.0,392265.5940898285,0.0,0.0,8466.288155669967,227.20856965568473,0.9,-5607.734405910171,0.0,0.0
61,trust_vcg,node-007,0.0,0.0,0.0,0.0,0.0,0.0,0.0,0.0,8466.288155669967,227.20856965568473,0.9,-11015.442165725854,0.0,0.0
61,trust_vcg,node-008,262.88821542237366,283.10534968834156,485.6707941755643,262888.2154223737,283105.34968834155,485670.7941755643,0.0,0.0,8466.288155669967,227.20856965568473,0.9,-5576.575036280453,0.0,0.0
61,trust_vcg,node-009,0.0,0.0,0.0,0.0,0.0,0.0,0.0,0.0,8466.288155669967,227.20856965568473,0.9,0.0,0.0,0.0
61,trust_vcg,node-010,0.0,112.2313894188807,687.4551712485522,0.0,112231.38941888069,687455.1712485523,0.0,0.0,8466.288155669967,227.20856965568473,0.9,-11065.325587021738,0.0,0.0
61,trust_vcg,node-011,0.0,0.0,78.65494202830736,0.0,0.0,78654.94202830736,0.0,0.0,8466.288155669967,227.20856965568473,0.9,-1721.3450579716928,0.0,0.0
61,trust_vcg,node-012,0.0,0.0,0.0,0.0,0.0,0.0,0.0,0.0,8466.288155669967,227.20856965568473,0.9,0.0,0.0,0.0
61,trust_vcg,node-013,0.0,0.0,213.74241514747413,0.0,0.0,213742.41514747412,0.0,0.0,8466.288155669967,227.20856965568473,0.9,-3386.2575848525257,0.0,0.0
61,trust_vcg,node-014,0.0,0.0,0.0,0.0,0.0,0.0,0.0,0.0,8466.288155669967,227.20856965568473,0.9,0.0,0.0,0.0
61,trust_vcg,node-015,0.0,0.0,0.0,0.0,0.0,0.0,0.0,0.0,8466.288155669967,227.20856965568473,0.9,0.0,0.0,0.0
61,trust_vcg,node-016,413.43777809013534,574.6359114985993,630.6128451225486,413437.7780901353,574635.9114985992,630612.8451225486,0.0,0.0,8466.288155669967,227.20856965568473,0.9,-5537.3179557492995,0.0,0.0
61,trust_vcg,node-017,651.2398073289111,599.5831181552902,804.7603936628761,651239.807328911,599583.1181552901,804760.3936628761,-599.5831181552902,-562.2253341873117,8466.288155669967,227.20856965568473,0.9,-10447.552595387566,-5.603667595196725,599.5831181552902
61,trust_vcg,node-018,0.0,0.0,39.564839441972765,0.0,0.0,39564.83944197276,0.0,0.0,8466.288155669967,227.20856965568473,0.9,-1160.4351605580273,0.0,0.0
61,trust_vcg,node-019,0.0,0.0,0.0,0.0,0.0,0.0,0.0,0.0,8466.288155669967,227.20856965568473,0.9,0.0,0.0,0.0
61,trust_vcg,node-020,0.0,0.0,681.5058937539027,0.0,0.0,681505.8937539026,0.0,0.0,8466.288155669967,227.20856965568473,0.9,-11047.15015439733,0.0,0.0
61,trust_vcg,node-021,0.0,0.0,0.0,0.0,0.0,0.0,0.0,0.0,8466.288155669967,227.20856965568473,0.9,0.0,0.0,0.0
61,trust_vcg,node-022,0.0,0.0,0.0,0.0,0.0,0.0,0.0,0.0,8466.288155669967,227.20856965568473,0.9,-5475.941492957199,0.0,0.0
61,trust_vcg,node-023,88.71177992780353,0.0,547.0072234742338,88711.77992780354,0.0,547007.2234742338,0.0,0.0,8466.288155669967,227.20856965568473,0.9,-5594.014446948469,0.0,0.0
61,trust_vcg,node-024,0.0,0.0,82.99334022952246,0.0,0.0,82993.34022952245,0.0,0.0,8466.288155669967,227.20856965568473,0.9,-1717.0066597704777,0.0,0.0
61,trust_vcg,node-025,126.32886552234305,0.0,166.74852409401416,126328.86552234305,0.0,166748.52409401417,0.0,0.0,8466.288155669967,227.20856965568473,0.9,-2233.251475905986,0.0,0.0
61,trust_vcg,node-026,0.0,0.0,731.9663343417658,0.0,0.0,731966.3343417657,0.0,0.0,8466.288155669967,227.20856965568473,0.9,-8868.033665658235,0.0,0.0
61,trust_vcg,node-027,0.0,0.0,125.01255595892565,0.0,0.0,125012.55595892564,0.0,0.0,8466.288155669967,227.20856965568473,0.9,-1674.9874440410745,0.0,0.0
61,trust_vcg,node-028,0.0,0.0,257.7690782341893,0.0,0.0,257769.07823418928,0.0,0.0,8466.288155669967,227.20856965568473,0.9,-3942.2309217658108,0.0,0.0
61,trust_vcg,node-029,0.0,0.0,0.0,0.0,0.0,0.0,0.0,0.0,8466.288155669967,227.20856965568473,0.9,-8875.11340018734,0.0,0.0
61,contingent,node-000,0.0,0.0,0.0,0.0,0.0,0.0,0.0,0.0,8466.288155669967,382.3737427186854,0.9,0.0,0.0,0.0
61,contingent,node-001,0.0,0.0,0.0,0.0,0.0,0.0,0.0,0.0,8466.288155669967,382.3737427186854,0.9,0.0,0.0,0.0
61,contingent,node-002,0.0,0.0,0.0,0.0,0.0,0.0,0.0,0.0,8466.288155669967,382.3737427186854,0.9,-578.9127806116977,0.0,0.0
61,contingent,node-003,0.0,0.0,0.0,0.0,0.0,0.0,0.0,0.0,8466.288155669967,382.3737427186854,0.9,0.0,0.0,0.0
61,contingent,node-004,0.0,69.85922754869605,229.23185409582558,0.0,69859.22754869606,229231.85409582558,0.0,0.0,8466.288155669967,382.3737427186854,0.9,-150.7866703161252,0.0,0.0
61,contingent,node-005,0.0,6.76320756652548,85.03218524505832,0.0,0.019884257787313914,0.25,113.37624699341109,340.12874098023326,8466.288155669967,382.3737427186854,0.9,-353.6551561132842,-29.27862880145547,-113.37624699341109
61,contingent,node-006,0.0,0.0,25.28532849133569,0.0,0.0,25285.32849133569,0.0,0.0,8466.288155669967,382.3737427186854,0.9,-430.9376236406862,0.0,0.0
61,contingent,node-007,0.0,0.0,0.0,0.0,0.0,0.0,0.0,0.0,8466.288155669967,382.3737427186854,0.9,-422.86864909030317,0.0,0.0
61,contingent,node-008,0.0,83.10534968834152,83.10534968834152,0.0,83105.34968834152,83105.34968834152,0.0,0.0,8466.288155669967,382.3737427186854,0.9,-306.3001451218148,0.0,0.0
61,contingent,node-009,0.0,0.0,0.0,0.0,0.0,0.0,0.0,0.0,8466.288155669967,382.3737427186854,0.9,0.0,0.0,0.0
61,contingent,node-010,0.0,104.51420647017238,187.45517124855226,0.0,104514.20647017239,187455.17124855224,0.0,0.0,8466.288155669967,382.3737427186854,0.9,-261.3023480869429,0.0,0.0
61,contingent,node-011,0.0,0.0,0.0,0.0,0.0,0.0,0.0,0.0,8466.288155669967,382.3737427186854,0.9,-285.3802318867705,0.0,0.0
61,contingent,node-012,0.0,0.0,0.0,0.0,0.0,0.0,0.0,0.0,8466.288155669967,382.3737427186854,0.9,0.0,0.0,0.0
61,contingent,node-013,0.0,0.0,17.810694477348378,0.0,0.0,17810.694477348377,0.0,0.0,8466.288155669967,382.3737427186854,0.9,-345.0303394101034,0.0,0.0
61,contingent,node-014,0.0,0.0,0.0,0.0,0.0,0.0,0.0,0.0,8466.288155669967,382.3737427186854,0.9,0.0,0.0,0.0
61,contingent,node-015,0.0,0.0,0.0,0.0,0.0,0.0,0.0,0.0,8466.288155669967,382.3737427186854,0.9,0.0,0.0,0.0
61,contingent,node-016,8.912017459452084,74.63591149859924,172.99826073207507,8912.017459452083,74635.91149859923,172998.26073207505,0.0,0.0,8466.288155669967,382.3737427186854,0.9,-149.27182299719848,0.0,0.0
61,contingent,node-017,0.0,75.59253510172309,206.65179932835494,0.0,1.7893841162496003,4.891745551527737,4.8872177704736,42.24500173845218,8466.288155669967,382.3737427186854,0.9,-193.4300719418983,-4.224500173845216,-4.8872177704736
61,contingent,node-018,0.0,0.0,0.0,0.0,0.0,0.0,0.0,0.0,8466.288155669967,382.3737427186854,0.9,-241.7406422321089,0.0,0.0
61,contingent,node-019,0.0,0.0,0.0,0.0,0.0,0.0,0.0,0.0,8466.288155669967,382.3737427186854,0.9,0.0,0.0,0.0
61,contingent,node-020,0.0,82.21662300751555,231.5058937539026,0.0,82216.62300751555,231505.89375390258,0.0,0.0,8466.288155669967,382.3737427186854,0.9,-188.6006175893271,0.0,0.0
61,contingent,node-021,0.0,0.0,0.0,0.0,0.0,0.0,0.0,0.0,8466.288155669967,382.3737427186854,0.9,0.0,0.0,0.0
61,contingent,node-022,0.0,11.142035300997588,78.54859055003841,0.0,11142.035300997588,78548.59055003841,0.0,0.0,8466.288155669967,382.3737427186854,0.9,-123.67107519708408,0.0,0.0
61,contingent,node-023,0.0,0.0,47.00722347423386,0.0,0.0,47007.22347423386,0.0,0.0,8466.288155669967,382.3737427186854,0.9,-376.05778779387083,0.0,0.0
61,contingent,node-024,0.0,0.0,0.0,0.0,0.0,0.0,0.0,0.0,8466.288155669967,382.3737427186854,0.9,-268.02663908191016,0.0,0.0
61,contingent,node-025,0.0,0.0,0.0,0.0,0.0,0.0,0.0,0.0,8466.288155669967,382.3737427186854,0.9,-133.00590362394342,0.0,0.0
61,contingent,node-026,0.0,0.0,0.0,0.0,0.0,0.0,0.0,0.0,8466.288155669967,382.3737427186854,0.9,-272.13466263293657,0.0,0.0
61,contingent,node-027,0.0,0.0,0.0,0.0,0.0,0.0,0.0,0.0,8466.288155669967,382.3737427186854,0.9,-99.94977616429748,0.0,0.0
61,contingent,node-028,0.0,0.0,24.7984099932335,0.0,0.0,24798.409993233498,0.0,0.0,8466.288155669967,382.3737427186854,0.9,-368.92368706324277,0.0,0.0
61,contingent,node-029,0.0,81.32250374634063,81.32250374634063,0.0,81322.50374634063,81322.50374634063,0.0,0.0,8466.288155669967,382.3737427186854,0.9,-300.4536007493543,0.0,0.0
61,capped,node-000,0.0,0.0,0.0,0.0,0.0,0.0,0.0,0.0,8466.288155669967,396.165416932201,0.9,0.0,0.0,0.0
61,capped,node-001,0.0,0.0,0.0,0.0,0.0,0.0,0.0,0.0,8466.288155669967,396.165416932201,0.9,0.0,0.0,0.0
61,capped,node-002,0.0,0.0,0.0,0.0,0.0,0.0,0.0,0.0,8466.288155669967,396.165416932201,0.9,-144.72819515292443,0.0,0.0
61,capped,node-003,0.0,0.0,0.0,0.0,0.0,0.0,0.0,0.0,8466.288155669967,396.165416932201,0.9,0.0,0.0,0.0
61,capped,node-004,2.7101142475919584,75.3933351580626,229.23185409582558,2710.1142475919582,75393.33515806259,229231.85409582558,0.0,0.0,8466.288155669967,396.165416932201,0.9,-37.69666757903129,0.0,0.0
61,capped,node-005,0.0,6.76320756652548,85.03218524505832,0.0,0.019884257787313914,0.25,113.37624699341109,340.12874098023326,8466.288155669967,396.165416932201,0.9,-173.44597427337936,-29.27862880145547,-113.37624699341109
61,capped,node-006,0.0,0.0,25.28532849133569,0.0,0.0,25285.32849133569,0.0,0.0,8466.288155669967,396.165416932201,0.9,-107.73440591017155,0.0,0.0
61,capped,node-007,0.0,6.761563031978222,16.11704386153358,0.0,6761.563031978221,16117.04386153358,0.0,0.0,8466.288155669967,396.165416932201,0.9,-105.71716227257579,0.0,0.0
61,capped,node-008,0.0,83.10534968834152,83.10534968834152,0.0,83105.34968834152,83105.34968834152,0.0,0.0,8466.288155669967,396.165416932201,0.9,-76.5750362804537,0.0,0.0
61,capped,node-009,0.0,0.0,0.0,0.0,0.0,0.0,0.0,0.0,8466.288155669967,396.165416932201,0.9,0.0,0.0,0.0
61,capped,node-010,0.0,112.2313894188806,187.45517124855226,0.0,112231.3894188806,187455.17124855224,0.0,0.0,8466.288155669967,396.165416932201,0.9,-65.32558702173571,0.0,0.0
61,capped,node-011,0.0,0.0,0.0,0.0,0.0,0.0,0.0,0.0,8466.288155669967,396.165416932201,0.9,-71.34505797169263,0.0,0.0
61,capped,node-012,0.0,0.0,0.0,0.0,0.0,0.0,0.0,0.0,8466.288155669967,396.165416932201,0.9,0.0,0.0,0.0
61,capped,node-013,0.0,0.0,17.810694477348378,0.0,0.0,17810.694477348377,0.0,0.0,8466.288155669967,396.165416932201,0.9,-86.25758485252584,0.0,0.0
61,capped,node-014,0.0,0.0,0.0,0.0,0.0,0.0,0.0,0.0,8466.288155669967,396.165416932201,0.9,0.0,0.0,0.0
61,capped,node-015,0.0,0.0,0.0,0.0,0.0,0.0,0.0,0.0,8466.288155669967,396.165416932201,0.9,0.0,0.0,0.0
61,capped,node-016,8.912017459452084,74.63591149859924,172.99826073207507,8912.017459452083,74635.91149859923,172998.26073207505,0.0,0.0,8466.288155669967,396.165416932201,0.9,-37.31795574929963,0.0,0.0
61,capped,node-017,0.0,75.59253510172307,213.5476364351128,0.0,1.3489832117543448,3.810854816194955,18.67889198398929,56.03667595196787,8466.288155669967,396.165416932201,0.9,-65.81460552684547,-5.603667595196786,-18.67889198398929
61,capped,node-018,0.0,0.0,0.0,0.0,0.0,0.0,0.0,0.0,8466.288155669967,396.165416932201,0.9,-60.435160558027235,0.0,0.0
61,capped,node-019,0.0,0.0,0.0,0.0,0.0,0.0,0.0,0.0,8466.288155669967,396.165416932201,0.9,0.0,0.0,0.0
61,capped,node-020,4.688901016487003,94.30030879466352,231.5058937539026,4688.901016487003,94300.30879466352,231505.89375390258,0.0,0.0,8466.288155669967,396.165416932201,0.9,-47.15015439733176,0.0,0.0
61,capped,node-021,0.0,0.0,0.0,0.0,0.0,0.0,0.0,0.0,8466.288155669967,396.165416932201,0.9,0.0,0.0,0.0
61,capped,node-022,0.0,61.83553759854205,154.58884399635508,0.0,61835.53759854205,154588.84399635508,0.0,0.0,8466.288155669967,396.165416932201,0.9,-30.91776879927102,0.0,0.0
61,capped,node-023,0.0,0.0,47.00722347423386,0.0,0.0,47007.22347423386,0.0,0.0,8466.288155669967,396.165416932201,0.9,-94.0144469484677,0.0,0.0
61,capped,node-024,0.0,0.0,0.0,0.0,0.0,0.0,0.0,0.0,8466.288155669967,396.165416932201,0.9,-67.00665977047754,0.0,0.0
61,capped,node-025,0.0,0.0,0.0,0.0,0.0,0.0,0.0,0.0,8466.288155669967,396.165416932201,0.9,-33.251475905985856,0.0,0.0
61,capped,node-026,0.0,0.0,0.0,0.0,0.0,0.0,0.0,0.0,8466.288155669967,396.165416932201,0.9,-68.03366565823413,0.0,0.0
61,capped,node-027,0.0,0.0,0.0,0.0,0.0,0.0,0.0,0.0,8466.288155669967,396.165416932201,0.9,-24.98744404107437,0.0,0.0
61,capped,node-028,0.0,0.0,24.7984099932335,0.0,0.0,24798.409993233498,0.0,0.0,8466.288155669967,396.165416932201,0.9,-92.2309217658107,0.0,0.0
61,capped,node-029,0.0,128.89941836854746,128.89941836854746,0.0,128899.41836854746,128899.41836854746,0.0,0.0,8466.288155669967,396.165416932201,0.9,-75.11340018733858,0.0,0.0
61,proper_scoring,node-000,0.0,0.0,0.0,0.0,0.0,0.0,0.0,0.0,8466.288155669967,1269.3648735785919,0.9,0.0,0.0,0.0
61,proper_scoring,node-001,0.0,0.0,0.0,0.0,0.0,0.0,0.0,0.0,8466.288155669967,1269.3648735785919,0.9,0.0,0.0,0.0
61,proper_scoring,node-002,355.2382523891229,0.0,355.27180484707554,355238.2523891229,0.0,355271.80484707555,0.0,0.0,8466.288155669967,1269.3648735785919,0.9,-495.635468021836,0.0,0.0
61,proper_scoring,node-003,0.0,0.0,0.0,0.0,0.0,0.0,0.0,0.0,8466.288155669967,1269.3648735785919,0.9,0.0,0.0,0.0
61,proper_scoring,node-004,414.0414315735864,1019.8592275486961,1019.8592275486961,414041.4315735864,1019859.2275486961,1019859.2275486961,0.0,0.0,8466.288155669967,1269.3648735785919,0.9,-150.7866703161252,0.0,0.0
61,proper_scoring,node-005,0.0,57.458044703762425,85.72702238229522,0.0,0.07278385742499065,0.10859303352056782,562.6814098561741,789.4339038429964,8466.288155669967,1269.3648735785919,0.9,-802.9603189760472,20.644167072184928,-562.6814098561741
61,proper_scoring,node-006,392.1273494825318,0.0,392.2655940898285,392127.34948253183,0.0,392265.5940898285,0.0,0.0,8466.288155669967,1269.3648735785919,0.9,-419.86719327754537,0.0,0.0
61,proper_scoring,node-007,0.0,0.0,619.3189566790971,0.0,0.0,619318.9566790971,0.0,0.0,8466.288155669967,1269.3648735785919,0.9,-400.5419336335211,0.0,0.0
61,proper_scoring,node-008,262.88821542237366,283.10534968834156,485.6707941755643,262888.2154223737,283105.34968834155,485670.7941755643,0.0,0.0,8466.288155669967,1269.3648735785919,0.9,-306.3001451218148,0.0,0.0
61,proper_scoring,node-009,0.0,0.0,0.0,0.0,0.0,0.0,0.0,0.0,8466.288155669967,1269.3648735785919,0.9,0.0,0.0,0.0
61,proper_scoring,node-010,466.30250912502515,654.5142064701724,976.8749062993367,466302.5091250251,654514.2064701724,976874.9062993366,0.0,0.0,8466.288155669967,1269.3648735785919,0.9,-261.3023480869429,0.0,0.0
61,proper_scoring,node-011,0.0,0.0,78.65494202830736,0.0,0.0,78654.94202830736,0.0,0.0,8466.288155669967,1269.3648735785919,0.9,-221.34505797169263,0.0,0.0
61,proper_scoring,node-012,0.0,0.0,0.0,0.0,0.0,0.0,0.0,0.0,8466.288155669967,1269.3648735785919,0.9,0.0,0.0,0.0
61,proper_scoring,node-013,0.0,0.0,213.74241514747413,0.0,0.0,213742.41514747412,0.0,0.0,8466.288155669967,1269.3648735785919,0.9,-337.33537754687393,0.0,0.0
61,proper_scoring,node-014,0.0,0.0,0.0,0.0,0.0,0.0,0.0,0.0,8466.288155669967,1269.3648735785919,0.9,0.0,0.0,0.0
61,proper_scoring,node-015,0.0,0.0,0.0,0.0,0.0,0.0,0.0,0.0,8466.288155669967,1269.3648735785919,0.9,0.0,0.0,0.0
61,proper_scoring,node-016,413.43777809013534,574.6359114985993,630.6128451225486,413437.7780901353,574635.9114985992,630612.8451225486,0.0,0.0,8466.288155669967,1269.3648735785919,0.9,-149.27182299719848,0.0,0.0
61,proper_scoring,node-017,119.04166262298531,537.9065671045798,618.9658313312117,0.24803913506262779,1.1207998671161485,1.2896976239566567,442.573185767617,479.93096973559557,8466.288155669967,1269.3648735785919,0.9,-631.1160399390417,-4.224500173845172,-442.573185767617
61,proper_scoring,node-018,0.0,0.0,39.564839441972765,0.0,0.0,39564.83944197276,0.0,0.0,8466.288155669967,1269.3648735785919,0.9,-160.43516055802723,0.0,0.0
61,proper_scoring,node-019,0.0,0.0,0.0,0.0,0.0,0.0,0.0,0.0,8466.288155669967,1269.3648735785919,0.9,0.0,0.0,0.0
61,proper_scoring,node-020,370.5987732618683,982.2166230075155,996.9267868763942,370598.7732618683,982216.6230075154,996926.7868763942,0.0,0.0,8466.288155669967,1269.3648735785919,0.9,-188.6006175893271,0.0,0.0
61,proper_scoring,node-021,0.0,0.0,0.0,0.0,0.0,0.0,0.0,0.0,8466.288155669967,1269.3648735785919,0.9,0.0,0.0,0.0
61,proper_scoring,node-022,0.0,360.59805829508304,428.0046135441239,0.0,360598.058295083,428004.6135441239,0.0,0.0,8466.288155669967,1269.3648735785919,0.9,-123.67107519708408,0.0,0.0
61,proper_scoring,node-023,88.71177992780353,0.0,547.0072234742338,88711.77992780354,0.0,547007.2234742338,0.0,0.0,8466.288155669967,1269.3648735785919,0.9,-364.90064347486407,0.0,0.0
61,proper_scoring,node-024,0.0,0.0,82.99334022952246,0.0,0.0,82993.34022952245,0.0,0.0,8466.288155669967,1269.3648735785919,0.9,-217.00665977047754,0.0,0.0
61,proper_scoring,node-025,126.32886552234305,0.0,166.74852409401416,126328.86552234305,0.0,166748.52409401417,0.0,0.0,8466.288155669967,1269.3648735785919,0.9,-133.00590362394342,0.0,0.0
61,proper_scoring,node-026,0.0,0.0,731.9663343417658,0.0,0.0,731966.3343417657,0.0,0.0,8466.288155669967,1269.3648735785919,0.9,-272.13466263293657,0.0,0.0
61,proper_scoring,node-027,0.0,0.0,125.01255595892565,0.0,0.0,125012.55595892564,0.0,0.0,8466.288155669967,1269.3648735785919,0.9,-99.94977616429748,0.0,0.0
61,proper_scoring,node-028,0.0,0.0,257.7690782341893,0.0,0.0,257769.07823418928,0.0,0.0,8466.288155669967,1269.3648735785919,0.9,-361.42264281395006,0.0,0.0
61,proper_scoring,node-029,0.0,481.3225037463406,490.3685147059678,0.0,481322.5037463406,490368.5147059678,0.0,0.0,8466.288155669967,1269.3648735785919,0.9,-300.4536007493543,0.0,0.0
61,audits,node-000,0.0,0.0,0.0,0.0,0.0,0.0,0.0,0.0,8466.288155669967,1227.2085696556846,0.9,0.0,0.0,0.0
61,audits,node-001,0.0,0.0,0.0,0.0,0.0,0.0,0.0,0.0,8466.288155669967,1227.2085696556846,0.9,0.0,0.0,0.0
61,audits,node-002,355.2382523891229,0.0,355.27180484707554,355238.2523891229,0.0,355271.80484707555,0.0,0.0,8466.288155669967,1227.2085696556846,0.9,-644.7281951529244,0.0,0.0
61,audits,node-003,0.0,0.0,0.0,0.0,0.0,0.0,0.0,0.0,8466.288155669967,1227.2085696556846,0.9,0.0,0.0,0.0
61,audits,node-004,396.8862540834776,975.3933351580628,975.3933351580628,396886.2540834776,975393.3351580627,975393.3351580627,0.0,0.0,8466.288155669967,1227.2085696556846,0.9,-1537.6966675790313,0.0,0.0
61,audits,node-005,0.0,57.458044703762425,85.72702238229522,0.0,0.07278385742499065,0.10859303352056782,562.6814098561741,789.4339038429964,8466.288155669967,1227.2085696556846,0.9,-1122.7511371361425,20.644167072184928,-562.6814098561741
61,audits,node-006,392.1273494825318,0.0,392.2655940898285,392127.34948253183,0.0,392265.5940898285,0.0,0.0,8466.288155669967,1227.2085696556846,0.9,-607.7344059101715,0.0,0.0
61,audits,node-007,0.0,0.0,511.50395112374554,0.0,0.0,511503.95112374553,0.0,0.0,8466.288155669967,1227.2085696556846,0.9,-1515.4421657258495,0.0,0.0
61,audits,node-008,262.88821542237366,283.10534968834156,485.6707941755643,262888.2154223737,283105.34968834155,485670.7941755643,0.0,0.0,8466.288155669967,1227.2085696556846,0.9,-576.5750362804537,0.0,0.0
61,audits,node-009,0.0,0.0,0.0,0.0,0.0,0.0,0.0,0.0,8466.288155669967,1227.2085696556846,0.9,0.0,0.0,0.0
61,audits,node-010,443.7990473761469,612.2313894188807,932.6627935108678,443799.0473761469,612231.3894188807,932662.7935108677,0.0,0.0,8466.288155669967,1227.2085696556846,0.9,-1565.3255870217358,0.0,0.0
61,audits,node-011,0.0,0.0,78.65494202830736,0.0,0.0,78654.94202830736,0.0,0.0,8466.288155669967,1227.2085696556846,0.9,-221.34505797169263,0.0,0.0
61,audits,node-012,0.0,0.0,0.0,0.0,0.0,0.0,0.0,0.0,8466.288155669967,1227.2085696556846,0.9,0.0,0.0,0.0
61,audits,node-013,0.0,0.0,213.74241514747413,0.0,0.0,213742.41514747412,0.0,0.0,8466.288155669967,1227.2085696556846,0.9,-386.25758485252584,0.0,0.0
61,audits,node-014,0.0,0.0,0.0,0.0,0.0,0.0,0.0,0.0,8466.288155669967,1227.2085696556846,0.9,0.0,0.0,0.0
61,audits,node-015,0.0,0.0,0.0,0.0,0.0,0.0,0.0,0.0,8466.288155669967,1227.2085696556846,0.9,0.0,0.0,0.0
61,audits,node-016,413.43777809013534,574.6359114985993,630.6128451225486,413437.7780901353,574635.9114985992,630612.8451225486,0.0,0.0,8466.288155669967,1227.2085696556846,0.9,-537.3179557492997,0.0,0.0
61,audits,node-017,112.14582551622743,493.8545452410026,581.8096465743926,0.2561724884377195,1.12810215804564,1.3290162542739117,400.4168818447098,437.77466581268834,8466.288155669967,1227.2085696556846,0.9,-1947.5525953875658,-5.603667595196839,-400.4168818447098
61,audits,node-018,0.0,0.0,39.564839441972765,0.0,0.0,39564.83944197276,0.0,0.0,8466.288155669967,1227.2085696556846,0.9,-160.43516055802723,0.0,0.0
61,audits,node-019,0.0,0.0,0.0,0.0,0.0,0.0,0.0,0.0,8466.288155669967,1227.2085696556846,0.9,0.0,0.0,0.0
61,audits,node-020,344.1540619956517,894.3003087946635,912.0313941103292,344154.0619956517,894300.3087946634,912031.3941103292,0.0,0.0,8466.288155669967,1227.2085696556846,0.9,-1547.1501543973318,0.0,0.0
61,audits,node-021,0.0,0.0,0.0,0.0,0.0,0.0,0.0,0.0,8466.288155669967,1227.2085696556846,0.9,0.0,0.0,0.0
61,audits,node-022,0.0,277.7844433452489,370.537749743062,0.0,277784.44334524893,370537.749743062,0.0,0.0,8466.288155669967,1227.2085696556846,0.9,-475.94149295719967,0.0,0.0
61,audits,node-023,88.71177992780353,0.0,547.0072234742338,88711.77992780354,0.0,547007.2234742338,0.0,0.0,8466.288155669967,1227.2085696556846,0.9,-594.0144469484678,0.0,0.0
61,audits,node-024,0.0,0.0,82.99334022952246,0.0,0.0,82993.34022952245,0.0,0.0,8466.288155669967,1227.2085696556846,0.9,-217.00665977047754,0.0,0.0
61,audits,node-025,126.32886552234305,0.0,166.74852409401416,126328.86552234305,0.0,166748.52409401417,0.0,0.0,8466.288155669967,1227.2085696556846,0.9,-233.25147590598584,0.0,0.0
61,audits,node-026,0.0,0.0,731.9663343417658,0.0,0.0,731966.3343417657,0.0,0.0,8466.288155669967,1227.2085696556846,0.9,-1368.0336656582344,0.0,0.0
61,audits,node-027,0.0,0.0,125.01255595892565,0.0,0.0,125012.55595892564,0.0,0.0,8466.288155669967,1227.2085696556846,0.9,-174.98744404107435,0.0,0.0
61,audits,node-028,0.0,0.0,257.7690782341893,0.0,0.0,257769.07823418928,0.0,0.0,8466.288155669967,1227.2085696556846,0.9,-442.2309217658107,0.0,0.0
61,audits,node-029,0.0,428.89941836854746,428.89941836854746,0.0,428899.41836854746,428899.41836854746,0.0,0.0,8466.288155669967,1227.2085696556846,0.9,-875.1134001873387,0.0,0.0
58,greedy,node-000,0.0,0.0,0.0,0.0,0.0,0.0,0.0,0.0,7942.18444650119,326.5762425303242,0.9,0.0,0.0,-76.8267292857368
58,greedy,node-001,5.572043788263629,0.0,5.572043788263629,5572.043788263629,0.0,5572.043788263629,0.0,0.0,7942.18444650119,326.5762425303242,0.9,-76.8267292857368,0.0,0.0
58,greedy,node-002,0.0,0.0,0.0,0.0,0.0,0.0,80.80008846375556,242.40026539126666,7942.18444650119,326.5762425303242,0.9,-145.25372280556388,-24.240026539126653,-80.80008846375556
58,greedy,node-003,0.0,0.0,0.0,0.0,0.0,0.0,0.0,0.0,7942.18444650119,326.5762425303242,0.9,0.0,0.0,0.0
58,greedy,node-004,0.0,0.0,0.0,0.0,0.0,0.0,0.0,0.0,7942.18444650119,326.5762425303242,0.9,0.0,0.0,0.0
58,greedy,node-005,0.0,0.0,0.0,0.0,0.0,0.0,0.0,0.0,7942.18444650119,326.5762425303242,0.9,0.0,0.0,0.0
58,greedy,node-006,0.0,0.0,0.0,0.0,0.0,0.0,0.0,0.0,7942.18444650119,326.5762425303242,0.9,0.0,0.0,0.0
58,greedy,node-007,21.04399428476438,0.0,21.04399428476438,0.24999999999999992,0.0,0.24999999999999992,28.058659046352524,84.17597713905755,7942.18444650119,326.5762425303242,0.9,-68.71005738900757,-4.10708514041993,-28.058659046352524
58,greedy,node-008,0.0,0.0,0.0,0.0,0.0,0.0,0.0,0.0,7942.18444650119,326.5762425303242,0.9,0.0,0.0,0.0
58,greedy,node-009,0.0,0.0,0.0,0.0,0.0,0.0,0.0,0.0,7942.18444650119,326.5762425303242,0.9,0.0,0.0,0.0
58,greedy,node-010,0.0,0.0,0.0,0.0,0.0,0.0,0.0,0.0,7942.18444650119,326.5762425303242,0.9,0.0,0.0,0.0
58,greedy,node-011,0.0,0.0,0.0,0.0,0.0,0.0,0.0,0.0,7942.18444650119,326.5762425303242,0.9,0.0,0.0,0.0
58,greedy,node-012,9.06761381678821,0.0,9.06761381678821,9067.613816788209,0.0,9067.613816788209,0.0,0.0,7942.18444650119,326.5762425303242,0.9,-32.840760078679494,0.0,0.0
58,greedy,node-013,0.0,0.0,0.0,0.0,0.0,0.0,0.0,0.0,7942.18444650119,326.5762425303242,0.9,0.0,0.0,0.0
58,greedy,node-014,0.0,0.0,0.0,0.0,0.0,0.0,0.0,0.0,7942.18444650119,326.5762425303242,0.9,0.0,0.0,0.0
58,greedy,node-015,0.0,0.0,0.0,0.0,0.0,0.0,0.0,0.0,7942.18444650119,326.5762425303242,0.9,0.0,0.0,0.0
58,greedy,node-016,0.0,0.0,0.0,0.0,0.0,0.0,0.0,0.0,7942.18444650119,326.5762425303242,0.9,0.0,0.0,0.0
58,greedy,node-017,12.509631152630543,0.0,12.509631152630543,12509.631152630544,0.0,12509.631152630544,0.0,0.0,7942.18444650119,326.5762425303242,0.9,-53.22207371923138,10.149609356104694,0.0
58,greedy,node-018,0.0,0.0,0.0,0.0,0.0,0.0,0.0,0.0,7942.18444650119,326.5762425303242,0.9,0.0,0.0,0.0
58,greedy,node-019,0.0,0.0,0.0,0.0,0.0,0.0,0.0,0.0,7942.18444650119,326.5762425303242,0.9,0.0,0.0,0.0
58,greedy,node-020,0.0,0.0,0.0,0.0,0.0,0.0,0.0,0.0,7942.18444650119,326.5762425303242,0.9,0.0,0.0,0.0
58,greedy,node-021,0.0,0.0,0.0,0.0,0.0,0.0,0.0,0.0,7942.18444650119,326.5762425303242,0.9,0.0,0.0,0.0
58,greedy,node-022,0.0,0.0,0.0,0.0,0.0,0.0,0.0,0.0,7942.18444650119,326.5762425303242,0.9,0.0,0.0,0.0
58,greedy,node-023,0.0,0.0,0.0,0.0,0.0,0.0,0.0,0.0,7942.18444650119,326.5762425303242,0.9,-74.37975366960409,0.0,0.0
58,greedy,node-024,0.0,0.0,0.0,0.0,0.0,0.0,0.0,0.0,7942.18444650119,326.5762425303242,0.9,0.0,0.0,0.0
58,greedy,node-025,0.0,0.0,0.0,0.0,0.0,0.0,0.0,0.0,7942.18444650119,326.5762425303242,0.9,0.0,0.0,0.0
58,greedy,node-026,0.0,0.0,0.0,0.0,0.0,0.0,0.0,0.0,7942.18444650119,326.5762425303242,0.9,0.0,0.0,0.0
58,greedy,node-027,0.0,0.0,0.0,0.0,0.0,0.0,0.0,0.0,7942.18444650119,326.5762425303242,0.9,0.0,0.0,0.0
58,greedy,node-028,0.0,0.0,0.0,0.0,0.0,0.0,0.0,0.0,7942.18444650119,326.5762425303242,0.9,-33.94124472807703,0.0,0.0
58,greedy,node-029,0.0,0.0,0.0,0.0,0.0,0.0,0.0,0.0,7942.18444650119,326.5762425303242,0.9,-71.69498856563261,0.0,0.0
58,trust_vcg,node-000,0.0,0.0,0.0,0.0,0.0,0.0,0.0,0.0,8650.217574824903,1422.210668724506,1.0,-5640.660526750449,0.0,-473.0698959381803
58,trust_vcg,node-001,0.0,20.205062995589884,110.35886024228235,0.0,20205.062995589884,110358.86024228235,0.0,0.0,8650.217574824903,1422.210668724506,1.0,-11087.623768881644,0.0,0.0
58,trust_vcg,node-002,0.0,0.0,6.983963584203991,0.0,0.0,6983.963584203991,0.0,0.0,8650.217574824903,1422.210668724506,1.0,-5507.747490914683,0.0,0.0
58,trust_vcg,node-003,0.0,0.0,0.0,0.0,0.0,0.0,0.0,0.0,8650.217574824903,1422.210668724506,1.0,0.0,0.0,0.0
58,trust_vcg,node-004,0.0,0.0,0.0,0.0,0.0,0.0,0.0,0.0,8650.217574824903,1422.210668724506,1.0,0.0,0.0,0.0
58,trust_vcg,node-005,0.0,0.0,0.0,0.0,0.0,0.0,0.0,0.0,8650.217574824903,1422.210668724506,1.0,-3427.3426382096927,0.0,0.0
58,trust_vcg,node-006,0.0,0.0,218.5881173912097,0.0,0.0,218588.1173912097,0.0,0.0,8650.217574824903,1422.210668724506,1.0,-3939.585277803397,0.0,0.0
58,trust_vcg,node-007,121.03236554204773,0.0,182.46527049085074,0.327741956116135,0.0,0.49409531414269114,330.5727652255003,369.29164326815715,8650.217574824903,1422.210668724506,1.0,-11290.866600945417,133.6587621129063,-330.5727652255003
58,trust_vcg,node-008,0.0,0.0,91.28230378446725,0.0,0.0,91282.30378446725,0.0,0.0,8650.217574824903,1422.210668724506,1.0,-2308.717696215533,0.0,0.0
58,trust_vcg,node-009,0.0,0.0,0.0,0.0,0.0,0.0,0.0,0.0,8650.217574824903,1422.210668724506,1.0,-6767.575150065519,0.0,0.0
58,trust_vcg,node-010,0.0,0.0,0.0,0.0,0.0,0.0,0.0,0.0,8650.217574824903,1422.210668724506,1.0,-5117.789125012704,0.0,0.0
58,trust_vcg,node-011,158.84689990132577,0.0,158.85615579548218,158846.89990132576,0.0,158856.1557954822,0.0,0.0,8650.217574824903,1422.210668724506,1.0,-3441.143844204518,0.0,0.0
58,trust_vcg,node-012,533.7950451401857,133.4180455379814,593.5976263752511,1.185333071367304,0.29626506115624623,1.318129315799353,349.99759579698326,450.33337720379564,8650.217574824903,1422.210668724506,1.0,-11490.802044128013,318.44504116987576,-349.99759579698326
58,trust_vcg,node-013,0.0,0.0,0.0,0.0,0.0,0.0,0.0,0.0,8650.217574824903,1422.210668724506,1.0,0.0,0.0,0.0
58,trust_vcg,node-014,0.0,0.0,90.52501681078033,0.0,0.0,90525.01681078033,0.0,0.0,8650.217574824903,1422.210668724506,1.0,-4433.568867343734,0.0,0.0
58,trust_vcg,node-015,0.0,0.0,0.0,0.0,0.0,0.0,0.0,0.0,8650.217574824903,1422.210668724506,1.0,-5661.171856640922,0.0,0.0
58,trust_vcg,node-016,0.0,90.27333853612721,90.27333853612721,0.0,90273.33853612721,90273.33853612721,0.0,0.0,8650.217574824903,1422.210668724506,1.0,-3959.0588884626,0.0,0.0
58,trust_vcg,node-017,0.0,0.0,0.0,0.0,0.0,0.0,0.0,0.0,8650.217574824903,1422.210668724506,1.0,-5534.407275655899,0.0,0.0
58,trust_vcg,node-018,0.0,0.0,0.0,0.0,0.0,0.0,0.0,0.0,8650.217574824903,1422.210668724506,1.0,0.0,0.0,0.0
58,trust_vcg,node-019,0.0,0.0,0.0,0.0,0.0,0.0,0.0,0.0,8650.217574824903,1422.210668724506,1.0,-2283.858948855936,0.0,0.0
58,trust_vcg,node-020,0.0,0.0,0.0,0.0,0.0,0.0,0.0,0.0,8650.217574824903,1422.210668724506,1.0,0.0,0.0,0.0
58,trust_vcg,node-021,0.0,0.0,234.98751718878367,0.0,0.0,234987.51718878368,0.0,0.0,8650.217574824903,1422.210668724506,1.0,-3965.0124828112157,0.0,0.0
58,trust_vcg,node-022,0.0,0.0,0.0,0.0,0.0,0.0,0.0,0.0,8650.217574824903,1422.210668724506,1.0,-5596.774707476149,0.0,0.0
58,trust_vcg,node-023,0.0,0.0,0.0,0.0,0.0,0.0,0.0,0.0,8650.217574824903,1422.210668724506,1.0,-7790.494888313074,0.0,0.0
58,trust_vcg,node-024,0.0,0.0,602.0605872627464,0.0,0.0,602060.5872627464,0.0,0.0,8650.217574824903,1422.210668724506,1.0,-7797.939412737254,0.0,0.0
58,trust_vcg,node-025,0.0,0.0,0.0,0.0,0.0,0.0,0.0,0.0,8650.217574824903,1422.210668724506,1.0,0.0,0.0,0.0
58,trust_vcg,node-026,0.0,0.0,0.0,0.0,0.0,0.0,0.0,0.0,8650.217574824903,1422.210668724506,1.0,0.0,0.0,0.0
58,trust_vcg,node-027,0.0,0.0,179.8719971419569,0.0,0.0,179871.9971419569,0.0,0.0,8650.217574824903,1422.210668724506,1.0,-2220.128002858043,0.0,0.0
58,trust_vcg,node-028,0.0,3.9771557083681373,3.9771557083681373,0.0,3977.1557083681373,3977.1557083681373,0.0,0.0,8650.217574824903,1422.210668724506,1.0,-10012.308077910246,0.0,0.0
58,trust_vcg,node-029,81.2923803403163,183.4988831650764,183.4988831650764,0.13490593507505072,0.30451917282996604,0.30451917282996604,399.9045971589748,602.5856482525533,8650.217574824903,1422.210668724506,1.0,-6525.99860891838,27.100122329136525,-399.9045971589748
58,contingent,node-000,0.0,0.0,0.0,0.0,0.0,0.0,0.0,0.0,8650.217574824903,512.6035658145715,1.0,-562.6421070017974,0.0,-66.44745815959827
58,contingent,node-001,0.0,72.22503214334753,172.82217332797495,0.0,72225.03214334753,172822.17332797495,0.0,0.0,8650.217574824903,512.6035658145715,1.0,-350.495075526567,0.0,0.0
58,contingent,node-002,0.0,42.630333584596116,212.79342392366007,0.0,42630.33358459611,212793.42392366007,0.0,0.0,8650.217574824903,512.6035658145715,1.0,-161.60017692751111,0.0,0.0
58,contingent,node-003,0.0,0.0,0.0,0.0,0.0,0.0,0.0,0.0,8650.217574824903,512.6035658145715,1.0,0.0,0.0,0.0
58,contingent,node-004,0.0,0.0,0.0,0.0,0.0,0.0,0.0,0.0,8650.217574824903,512.6035658145715,1.0,0.0,0.0,0.0
58,contingent,node-005,0.0,0.0,0.0,0.0,0.0,0.0,0.0,0.0,8650.217574824903,512.6035658145715,1.0,-509.3705528387712,0.0,0.0
58,contingent,node-006,0.0,0.0,0.0,0.0,0.0,0.0,0.0,0.0,8650.217574824903,512.6035658145715,1.0,-358.341111213585,0.0,0.0
58,contingent,node-007,0.0,8.394058626646526,54.79455208590462,0.0,0.1445299907261215,0.9434597084749744,19.359439021328406,58.07831706398521,8650.217574824903,512.6035658145715,1.0,-416.7906330298839,0.28162231111836533,-19.359439021328406
58,contingent,node-008,0.0,0.0,0.0,0.0,0.0,0.0,0.0,0.0,8650.217574824903,512.6035658145715,1.0,-434.8707848621309,0.0,0.0
58,contingent,node-009,0.0,0.0,0.0,0.0,0.0,0.0,0.0,0.0,8650.217574824903,512.6035658145715,1.0,-670.3006002620721,0.0,0.0
58,contingent,node-010,0.0,0.0,0.0,0.0,0.0,0.0,0.0,0.0,8650.217574824903,512.6035658145715,1.0,-671.1565000508145,0.0,0.0
58,contingent,node-011,0.0,0.0,0.0,0.0,0.0,0.0,0.0,0.0,8650.217574824903,512.6035658145715,1.0,-564.5753768180712,0.0,0.0
58,contingent,node-012,0.0,33.24775063155855,54.952637888482606,0.0,0.22090989651873863,0.3651248977383028,50.16789070340618,150.50367211021856,8650.217574824903,512.6035658145715,1.0,-613.3856840275155,18.615336076298682,-50.16789070340618
58,contingent,node-013,0.0,0.0,0.0,0.0,0.0,0.0,0.0,0.0,8650.217574824903,512.6035658145715,1.0,0.0,0.0,0.0
58,contingent,node-014,0.0,0.0,0.0,0.0,0.0,0.0,0.0,0.0,8650.217574824903,512.6035658145715,1.0,-134.27546937493767,0.0,0.0
58,contingent,node-015,0.0,0.0,0.0,0.0,0.0,0.0,0.0,0.0,8650.217574824903,512.6035658145715,1.0,-644.6874265636875,0.0,0.0
58,contingent,node-016,0.0,40.27333853612721,40.27333853612721,0.0,40273.33853612721,40273.33853612721,0.0,0.0,8650.217574824903,512.6035658145715,1.0,-436.23555385040015,0.0,0.0
58,contingent,node-017,0.0,1.717576820731118,85.31383996137531,0.0,1717.576820731118,85313.8399613753,0.0,0.0,8650.217574824903,512.6035658145715,1.0,-212.88829487692556,0.0,0.0
58,contingent,node-018,0.0,0.0,0.0,0.0,0.0,0.0,0.0,0.0,8650.217574824903,512.6035658145715,1.0,0.0,0.0,0.0
58,contingent,node-019,0.0,0.0,0.0,0.0,0.0,0.0,0.0,0.0,8650.217574824903,512.6035658145715,1.0,-347.67185378221484,0.0,0.0
58,contingent,node-020,0.0,0.0,0.0,0.0,0.0,0.0,0.0,0.0,8650.217574824903,512.6035658145715,1.0,0.0,0.0,0.0
58,contingent,node-021,0.0,0.0,28.986473809812196,0.0,0.0,28986.473809812196,0.0,0.0,8650.217574824903,512.6035658145715,1.0,-460.0499312448654,0.0,0.0
58,contingent,node-022,0.0,0.0,0.0,0.0,0.0,0.0,0.0,0.0,8650.217574824903,512.6035658145715,1.0,-387.0988299045954,0.0,0.0
58,contingent,node-023,0.0,73.73871575204107,107.02760240865615,0.0,73738.71575204107,107027.60240865615,0.0,0.0,8650.217574824903,512.6035658145715,1.0,-361.97955325229395,0.0,0.0
58,contingent,node-024,0.0,0.0,0.0,0.0,0.0,0.0,0.0,0.0,8650.217574824903,512.6035658145715,1.0,-391.75765094901436,0.0,0.0
58,contingent,node-025,0.0,0.0,0.0,0.0,0.0,0.0,0.0,0.0,8650.217574824903,512.6035658145715,1.0,0.0,0.0,0.0
58,contingent,node-026,0.0,0.0,0.0,0.0,0.0,0.0,0.0,0.0,8650.217574824903,512.6035658145715,1.0,0.0,0.0,0.0
58,contingent,node-027,0.0,0.0,0.0,0.0,0.0,0.0,0.0,0.0,8650.217574824903,512.6035658145715,1.0,-80.5120114321724,0.0,0.0
58,contingent,node-028,0.0,114.82653440146927,164.22707775200018,0.0,114826.53440146927,164227.0777520002,0.0,0.0,8650.217574824903,512.6035658145715,1.0,-449.23231164098644,0.0,0.0
58,contingent,node-029,54.447317240562285,32.062954777262064,147.92002291297322,0.17909030616260807,0.10546276067500915,0.4865444898601729,101.34052554678928,304.0215766403678,8650.217574824903,512.6035658145715,1.0,-405.716572584408,-22.660556272894326,-101.34052554678928
58,capped,node-000,0.0,0.0,22.4138446011573,0.0,0.0,22413.8446011573,0.0,0.0,8650.217574824903,512.6035658145715,1.0,-140.66052675044935,0.0,-49.69512969721356
58,capped,node-001,0.0,120.2050629955899,244.7922196063385,0.0,120205.06299558989,244792.2196063385,0.0,0.0,8650.217574824903,512.6035658145715,1.0,-87.62376888164174,0.0,0.0
58,capped,node-002,0.0,80.80008846375556,253.88130220742664,0.0,80800.08846375556,253881.30220742663,0.0,0.0,8650.217574824903,512.6035658145715,1.0,-40.40004423187777,0.0,0.0
58,capped,node-003,0.0,0.0,0.0,0.0,0.0,0.0,0.0,0.0,8650.217574824903,512.6035658145715,1.0,0.0,0.0,0.0
58,capped,node-004,0.0,0.0,0.0,0.0,0.0,0.0,0.0,0.0,8650.217574824903,512.6035658145715,1.0,0.0,0.0,0.0
58,capped,node-005,0.0,0.0,0.0,0.0,0.0,0.0,0.0,0.0,8650.217574824903,512.6035658145715,1.0,-127.3426382096928,0.0,0.0
58,capped,node-006,0.0,0.0,0.0,0.0,0.0,0.0,0.0,0.0,8650.217574824903,512.6035658145715,1.0,-89.58527780339625,0.0,0.0
58,capped,node-007,0.0,61.94335766398171,77.88658372957866,0.0,1.0665487706150019,1.3410613059564136,19.359439021328406,58.07831706398521,8650.217574824903,512.6035658145715,1.0,-118.71723752346728,0.28162231111836533,-19.359439021328406
58,capped,node-008,0.0,0.0,0.0,0.0,0.0,0.0,0.0,0.0,8650.217574824903,512.6035658145715,1.0,-108.71769621553274,0.0,0.0
58,capped,node-009,0.0,0.0,0.0,0.0,0.0,0.0,0.0,0.0,8650.217574824903,512.6035658145715,1.0,-167.57515006551802,0.0,0.0
58,capped,node-010,0.0,0.0,0.0,0.0,0.0,0.0,0.0,0.0,8650.217574824903,512.6035658145715,1.0,-167.7891250127036,0.0,0.0
58,capped,node-011,0.0,0.0,0.0,0.0,0.0,0.0,0.0,0.0,8650.217574824903,512.6035658145715,1.0,-141.1438442045178,0.0,0.0
58,capped,node-012,0.0,33.24775063155855,54.952637888482606,0.0,0.22090989651873863,0.3651248977383028,50.16789070340618,150.50367211021856,8650.217574824903,512.6035658145715,1.0,-190.97233903443347,18.615336076298682,-50.16789070340618
58,capped,node-013,0.0,0.0,0.0,0.0,0.0,0.0,0.0,0.0,8650.217574824903,512.6035658145715,1.0,0.0,0.0,0.0
58,capped,node-014,0.0,0.0,0.0,0.0,0.0,0.0,0.0,0.0,8650.217574824903,512.6035658145715,1.0,-33.56886734373442,0.0,0.0
58,capped,node-015,0.0,0.0,0.0,0.0,0.0,0.0,0.0,0.0,8650.217574824903,512.6035658145715,1.0,-161.1718566409219,0.0,0.0
58,capped,node-016,0.0,40.27333853612721,40.27333853612721,0.0,40273.33853612721,40273.33853612721,0.0,0.0,8650.217574824903,512.6035658145715,1.0,-109.05888846260001,0.0,0.0
58,capped,node-017,0.0,97.45551556349074,174.22354466527,0.0,97455.51556349073,174223.54466527,0.0,0.0,8650.217574824903,512.6035658145715,1.0,-53.22207371923138,0.0,0.0
58,capped,node-018,0.0,0.0,0.0,0.0,0.0,0.0,0.0,0.0,8650.217574824903,512.6035658145715,1.0,0.0,0.0,0.0
58,capped,node-019,0.0,0.0,12.701339766347772,0.0,0.0,12701.339766347772,0.0,0.0,8650.217574824903,512.6035658145715,1.0,-86.91796344555371,0.0,0.0
58,capped,node-020,0.0,0.0,0.0,0.0,0.0,0.0,0.0,0.0,8650.217574824903,512.6035658145715,1.0,0.0,0.0,0.0
58,capped,node-021,0.0,0.0,28.986473809812196,0.0,0.0,28986.473809812196,0.0,0.0,8650.217574824903,512.6035658145715,1.0,-115.01248281121634,0.0,0.0
58,capped,node-022,0.0,138.59288013935748,138.59288013935748,0.0,138592.88013935747,138592.88013935747,0.0,0.0,8650.217574824903,512.6035658145715,1.0,-96.77470747614886,0.0,0.0
58,capped,node-023,0.0,139.1873424114052,188.83838573286133,0.0,139187.3424114052,188838.38573286132,0.0,0.0,8650.217574824903,512.6035658145715,1.0,-90.49488831307349,0.0,0.0
58,capped,node-024,0.0,0.0,0.0,0.0,0.0,0.0,0.0,0.0,8650.217574824903,512.6035658145715,1.0,-97.93941273725356,0.0,0.0
58,capped,node-025,0.0,0.0,0.0,0.0,0.0,0.0,0.0,0.0,8650.217574824903,512.6035658145715,1.0,0.0,0.0,0.0
58,capped,node-026,0.0,0.0,0.0,0.0,0.0,0.0,0.0,0.0,8650.217574824903,512.6035658145715,1.0,0.0,0.0,0.0
58,capped,node-027,0.0,0.0,0.0,0.0,0.0,0.0,0.0,0.0,8650.217574824903,512.6035658145715,1.0,-20.1280028580431,0.0,0.0
58,capped,node-028,0.0,153.97715570836814,213.16535438562386,0.0,153977.15570836814,213165.35438562385,0.0,0.0,8650.217574824903,512.6035658145715,1.0,-112.30807791024661,0.0,0.0
58,capped,node-029,54.447317240562285,32.062954777262064,147.92002291297322,0.17909030616260807,0.10546276067500915,0.4865444898601729,101.34052554678928,304.0215766403678,8650.217574824903,512.6035658145715,1.0,-177.434537306194,-22.660556272894326,-101.34052554678928
58,proper_scoring,node-000,0.0,0.0,277.25928693432735,0.0,0.0,277259.28693432733,0.0,0.0,8650.217574824903,1422.210668724506,1.0,-494.9879072159923,0.0,562.2274835638977
58,proper_scoring,node-001,562.2274835638977,522.2250321433476,721.6338872298525,562227.4835638978,522225.03214334755,721633.8872298525,0.0,0.0,8650.217574824903,1422.210668724506,1.0,-350.495075526567,0.0,0.0
58,proper_scoring,node-002,0.0,442.4135416446733,544.5287969007268,0.0,442413.54164467327,544528.7969007267,0.0,0.0,8650.217574824903,1422.210668724506,1.0,-161.60017692751111,0.0,0.0
58,proper_scoring,node-003,0.0,0.0,0.0,0.0,0.0,0.0,0.0,0.0,8650.217574824903,1422.210668724506,1.0,0.0,0.0,0.0
58,proper_scoring,node-004,0.0,0.0,0.0,0.0,0.0,0.0,0.0,0.0,8650.217574824903,1422.210668724506,1.0,0.0,0.0,0.0
58,proper_scoring,node-005,0.0,0.0,72.65736179030719,0.0,0.0,72657.36179030719,0.0,0.0,8650.217574824903,1422.210668724506,1.0,-423.23057060924305,0.0,0.0
58,proper_scoring,node-006,0.0,0.0,218.5881173912097,0.0,0.0,218588.1173912097,0.0,0.0,8650.217574824903,1422.210668724506,1.0,-343.2471283177198,0.0,0.0
58,proper_scoring,node-007,121.03236554204773,395.42707175402035,423.27779974571064,0.327741956116135,1.0707717842044024,1.1461884054558797,330.5727652255003,369.29164326815715,8650.217574824903,1422.210668724506,1.0,-703.3966691272983,133.6587621129063,-330.5727652255003
58,proper_scoring,node-008,0.0,0.0,91.28230378446725,0.0,0.0,91282.30378446725,0.0,0.0,8650.217574824903,1422.210668724506,1.0,-308.7176962155327,0.0,0.0
58,proper_scoring,node-009,170.53366641516314,0.0,358.5733220851683,170533.66641516314,0.0,358573.32208516827,0.0,0.0,8650.217574824903,1422.210668724506,1.0,-557.8537512456821,0.0,0.0
58,proper_scoring,node-010,0.0,0.0,197.2197204591751,0.0,0.0,197219.7204591751,0.0,0.0,8650.217574824903,1422.210668724506,1.0,-549.0779639071167,0.0,0.0
58,proper_scoring,node-011,158.84689990132577,0.0,158.85615579548218,158846.89990132576,0.0,158856.1557954822,0.0,0.0,8650.217574824903,1422.210668724506,1.0,-434.3156683137284,0.0,0.0
58,proper_scoring,node-012,533.7950451401857,133.4180455379814,593.5976263752511,1.185333071367304,0.29626506115624623,1.318129315799353,349.99759579698326,450.33337720379564,8650.217574824903,1422.210668724506,1.0,-846.4529031602135,318.44504116987576,-349.99759579698326
58,proper_scoring,node-013,0.0,0.0,0.0,0.0,0.0,0.0,0.0,0.0,8650.217574824903,1422.210668724506,1.0,0.0,0.0,0.0
58,proper_scoring,node-014,0.0,0.0,304.3364442209742,0.0,0.0,304336.4442209742,0.0,0.0,8650.217574824903,1422.210668724506,1.0,-134.27546937493767,0.0,0.0
58,proper_scoring,node-015,0.0,0.0,238.8281433590781,0.0,0.0,238828.1433590781,0.0,0.0,8650.217574824903,1422.210668724506,1.0,-539.7042080848679,0.0,0.0
58,proper_scoring,node-016,0.0,90.27333853612721,141.35722359270767,0.0,90273.33853612721,141357.22359270765,0.0,0.0,8650.217574824903,1422.210668724506,1.0,-422.6250599458026,0.0,0.0
58,proper_scoring,node-017,0.0,301.6639718461316,304.7450436655132,0.0,301663.97184613155,304745.0436655132,0.0,0.0,8650.217574824903,1422.210668724506,1.0,-212.88829487692556,0.0,0.0
58,proper_scoring,node-018,0.0,0.0,0.0,0.0,0.0,0.0,0.0,0.0,8650.217574824903,1422.210668724506,1.0,0.0,0.0,0.0
58,proper_scoring,node-019,0.0,0.0,0.0,0.0,0.0,0.0,0.0,0.0,8650.217574824903,1422.210668724506,1.0,-283.85894885593586,0.0,0.0
58,proper_scoring,node-020,0.0,0.0,0.0,0.0,0.0,0.0,0.0,0.0,8650.217574824903,1422.210668724506,1.0,0.0,0.0,0.0
58,proper_scoring,node-021,0.0,0.0,234.98751718878367,0.0,0.0,234987.51718878368,0.0,0.0,8650.217574824903,1422.210668724506,1.0,-436.1310883859921,0.0,0.0
58,proper_scoring,node-022,0.0,239.968645642082,239.968645642082,0.0,239968.645642082,239968.645642082,0.0,0.0,8650.217574824903,1422.210668724506,1.0,-385.75899445304077,0.0,0.0
58,proper_scoring,node-023,0.0,489.1873424114052,489.1873424114052,0.0,489187.3424114052,489187.3424114052,0.0,0.0,8650.217574824903,1422.210668724506,1.0,-361.97955325229395,0.0,0.0
58,proper_scoring,node-024,0.0,0.0,602.0605872627464,0.0,0.0,602060.5872627464,0.0,0.0,8650.217574824903,1422.210668724506,1.0,-391.75765094901436,0.0,0.0
58,proper_scoring,node-025,0.0,0.0,0.0,0.0,0.0,0.0,0.0,0.0,8650.217574824903,1422.210668724506,1.0,0.0,0.0,0.0
58,proper_scoring,node-026,0.0,0.0,0.0,0.0,0.0,0.0,0.0,0.0,8650.217574824903,1422.210668724506,1.0,0.0,0.0,0.0
58,proper_scoring,node-027,0.0,0.0,179.8719971419569,0.0,0.0,179871.9971419569,0.0,0.0,8650.217574824903,1422.210668724506,1.0,-80.5120114321724,0.0,0.0
58,proper_scoring,node-028,0.0,514.8265344014693,530.7161660082405,0.0,514826.5344014693,530716.1660082405,0.0,0.0,8650.217574824903,1422.210668724506,1.0,-449.23231164098644,0.0,0.0
58,proper_scoring,node-029,81.2923803403163,183.4988831650764,183.4988831650764,0.13490593507505072,0.30451917282996604,0.30451917282996604,399.9045971589748,602.5856482525533,8650.217574824903,1422.210668724506,1.0,-704.2806441965936,27.100122329136525,-399.9045971589748
58,audits,node-000,0.0,0.0,259.3394732495506,0.0,0.0,259339.47324955062,0.0,0.0,8650.217574824903,1422.210668724506,1.0,-1140.6605267504492,0.0,526.9301040618199
58,audits,node-001,526.9301040618199,520.2050629955899,612.3762311183582,526930.1040618198,520205.06299558986,612376.2311183582,0.0,0.0,8650.217574824903,1422.210668724506,1.0,-1587.6237688816416,0.0,0.0
58,audits,node-002,0.0,387.1138071872717,508.313939882905,0.0,387113.80718727165,508313.939882905,0.0,0.0,8650.217574824903,1422.210668724506,1.0,-1007.7474909146827,0.0,0.0
58,audits,node-003,0.0,0.0,0.0,0.0,0.0,0.0,0.0,0.0,8650.217574824903,1422.210668724506,1.0,0.0,0.0,0.0
58,audits,node-004,0.0,0.0,0.0,0.0,0.0,0.0,0.0,0.0,8650.217574824903,1422.210668724506,1.0,0.0,0.0,0.0
58,audits,node-005,0.0,0.0,72.65736179030719,0.0,0.0,72657.36179030719,0.0,0.0,8650.217574824903,1422.210668724506,1.0,-427.3426382096928,0.0,0.0
58,audits,node-006,0.0,0.0,218.5881173912097,0.0,0.0,218588.1173912097,0.0,0.0,8650.217574824903,1422.210668724506,1.0,-939.5852778033963,0.0,0.0
58,audits,node-007,121.03236554204773,362.8827670695778,377.34617030193425,0.327741956116135,0.9826454881516894,1.0218107481731677,330.5727652255003,369.29164326815715,8650.217574824903,1422.210668724506,1.0,-1790.866600945417,133.6587621129063,-330.5727652255003
58,audits,node-008,0.0,0.0,91.28230378446725,0.0,0.0,91282.30378446725,0.0,0.0,8650.217574824903,1422.210668724506,1.0,-308.7176962155327,0.0,0.0
58,audits,node-009,152.53781418498423,0.0,332.424849934482,152537.81418498422,0.0,332424.84993448196,0.0,0.0,8650.217574824903,1422.210668724506,1.0,-1267.575150065518,0.0,0.0
58,audits,node-010,0.0,0.0,0.0,0.0,0.0,0.0,0.0,0.0,8650.217574824903,1422.210668724506,1.0,-1117.7891250127036,0.0,0.0
58,audits,node-011,158.84689990132577,0.0,158.85615579548218,158846.89990132576,0.0,158856.1557954822,0.0,0.0,8650.217574824903,1422.210668724506,1.0,-441.1438442045178,0.0,0.0
58,audits,node-012,533.7950451401857,133.4180455379814,593.5976263752511,1.185333071367304,0.29626506115624623,1.318129315799353,349.99759579698326,450.33337720379564,8650.217574824903,1422.210668724506,1.0,-1990.8020441280105,318.44504116987576,-349.99759579698326
58,audits,node-013,0.0,0.0,0.0,0.0,0.0,0.0,0.0,0.0,8650.217574824903,1422.210668724506,1.0,0.0,0.0,0.0
58,audits,node-014,0.0,0.0,266.4311326562656,0.0,0.0,266431.13265626563,0.0,0.0,8650.217574824903,1422.210668724506,1.0,-433.56886734373444,0.0,0.0
58,audits,node-015,0.0,0.0,238.8281433590781,0.0,0.0,238828.1433590781,0.0,0.0,8650.217574824903,1422.210668724506,1.0,-1161.1718566409218,0.0,0.0
58,audits,node-016,0.0,90.27333853612721,140.9411115374,0.0,90273.33853612721,140941.1115374,0.0,0.0,8650.217574824903,1422.210668724506,1.0,-959.0588884626001,0.0,0.0
58,audits,node-017,0.0,253.04635000789074,292.11916732863995,0.0,253046.35000789072,292119.16732863995,0.0,0.0,8650.217574824903,1422.210668724506,1.0,-1034.4072756558994,0.0,0.0
58,audits,node-018,0.0,0.0,0.0,0.0,0.0,0.0,0.0,0.0,8650.217574824903,1422.210668724506,1.0,0.0,0.0,0.0
58,audits,node-019,0.0,0.0,0.0,0.0,0.0,0.0,0.0,0.0,8650.217574824903,1422.210668724506,1.0,-283.85894885593586,0.0,0.0
58,audits,node-020,0.0,0.0,0.0,0.0,0.0,0.0,0.0,0.0,8650.217574824903,1422.210668724506,1.0,0.0,0.0,0.0
58,audits,node-021,0.0,0.0,234.98751718878367,0.0,0.0,234987.51718878368,0.0,0.0,8650.217574824903,1422.210668724506,1.0,-965.0124828112163,0.0,0.0
58,audits,node-022,0.0,238.59288013935745,238.59288013935745,0.0,238592.88013935744,238592.88013935744,0.0,0.0,8650.217574824903,1422.210668724506,1.0,-1096.774707476149,0.0,0.0
58,audits,node-023,0.0,489.1873424114052,489.1873424114052,0.0,489187.3424114052,489187.3424114052,0.0,0.0,8650.217574824903,1422.210668724506,1.0,-1290.4948883130735,0.0,0.0
58,audits,node-024,0.0,0.0,602.0605872627464,0.0,0.0,602060.5872627464,0.0,0.0,8650.217574824903,1422.210668724506,1.0,-1297.9394127372536,0.0,0.0
58,audits,node-025,0.0,0.0,0.0,0.0,0.0,0.0,0.0,0.0,8650.217574824903,1422.210668724506,1.0,0.0,0.0,0.0
58,audits,node-026,0.0,0.0,0.0,0.0,0.0,0.0,0.0,0.0,8650.217574824903,1422.210668724506,1.0,0.0,0.0,0.0
58,audits,node-027,0.0,0.0,179.8719971419569,0.0,0.0,179871.9971419569,0.0,0.0,8650.217574824903,1422.210668724506,1.0,-220.1280028580431,0.0,0.0
58,audits,node-028,0.0,503.9771557083682,503.9771557083682,0.0,503977.15570836817,503977.15570836817,0.0,0.0,8650.217574824903,1422.210668724506,1.0,-1512.3080779102468,0.0,0.0
58,audits,node-029,81.2923803403163,183.4988831650764,183.4988831650764,0.13490593507505072,0.30451917282996604,0.30451917282996604,399.9045971589748,602.5856482525533,8650.217574824903,1422.210668724506,1.0,-1525.9986089183797,27.100122329136525,-399.9045971589748
63,greedy,node-000,0.0,0.0,0.0,0.0,0.0,0.0,27.499546791809045,82.49864037542714,4512.352353845936,206.40733565765015,0.7,-66.13648823268039,4.151970116101438,-27.499546791809045
63,greedy,node-001,0.0,0.0,0.0,0.0,0.0,0.0,0.0,0.0,4512.352353845936,206.40733565765015,0.7,0.0,0.0,-38.636941440871354
63,greedy,node-002,0.0,0.0,0.0,0.0,0.0,0.0,0.0,0.0,4512.352353845936,206.40733565765015,0.7,0.0,0.0,-38.636941440871354
63,greedy,node-003,0.0,0.0,0.0,0.0,0.0,0.0,0.0,0.0,4512.352353845936,206.40733565765015,0.7,0.0,0.0,-38.636941440871354
63,greedy,node-004,0.0,0.0,0.0,0.0,0.0,0.0,0.0,0.0,4512.352353845936,206.40733565765015,0.7,-29.311191413175493,0.0,-38.636941440871354
63,greedy,node-005,0.0,0.0,0.0,0.0,0.0,0.0,0.0,0.0,4512.352353845936,206.40733565765015,0.7,0.0,0.0,-38.636941440871354
63,greedy,node-006,0.0,0.0,0.0,0.0,0.0,0.0,0.0,0.0,4512.352353845936,206.40733565765015,0.7,0.0,0.0,-38.636941440871354
63,greedy,node-007,0.0,0.0,0.0,0.0,0.0,0.0,17.094572915009074,51.28371874502723,4512.352353845936,206.40733565765015,0.7,-58.506037204279494,15.532393833355336,-55.73151435588043
63,greedy,node-008,0.0,0.0,0.0,0.0,0.0,0.0,0.0,0.0,4512.352353845936,206.40733565765015,0.7,0.0,0.0,-38.636941440871354
63,greedy,node-009,0.0,0.0,0.0,0.0,0.0,0.0,0.0,0.0,4512.352353845936,206.40733565765015,0.7,0.0,0.0,-38.636941440871354
63,greedy,node-010,0.0,0.0,0.0,0.0,0.0,0.0,0.0,0.0,4512.352353845936,206.40733565765015,0.7,0.0,0.0,-38.636941440871354
63,greedy,node-011,0.0,0.0,0.0,0.0,0.0,0.0,0.0,0.0,4512.352353845936,206.40733565765015,0.7,0.0,0.0,-38.636941440871354
63,greedy,node-012,0.0,0.0,0.0,0.0,0.0,0.0,0.0,0.0,4512.352353845936,206.40733565765015,0.7,0.0,0.0,-38.636941440871354
63,greedy,node-013,0.0,0.0,0.0,0.0,0.0,0.0,0.0,0.0,4512.352353845936,206.40733565765015,0.7,0.0,0.0,-38.636941440871354
63,greedy,node-014,0.0,0.0,0.0,0.0,0.0,0.0,0.0,0.0,4512.352353845936,206.40733565765015,0.7,0.0,0.0,-38.636941440871354
63,greedy,node-015,0.0,0.0,0.0,0.0,0.0,0.0,0.0,0.0,4512.352353845936,206.40733565765015,0.7,0.0,0.0,-38.636941440871354
63,greedy,node-016,0.0,0.0,0.0,0.0,0.0,0.0,0.0,0.0,4512.352353845936,206.40733565765015,0.7,0.0,0.0,-38.636941440871354
63,greedy,node-017,0.0,0.0,0.0,0.0,0.0,0.0,0.0,0.0,4512.352353845936,206.40733565765015,0.7,0.0,0.0,-38.636941440871354
63,greedy,node-018,0.0,0.0,0.0,0.0,0.0,0.0,0.0,0.0,4512.352353845936,206.40733565765015,0.7,0.0,0.0,-38.636941440871354
63,greedy,node-019,0.0,0.0,0.0,0.0,0.0,0.0,0.0,0.0,4512.352353845936,206.40733565765015,0.7,0.0,0.0,-38.636941440871354
63,greedy,node-020,0.0,0.0,0.0,0.0,0.0,0.0,0.0,0.0,4512.352353845936,206.40733565765015,0.7,0.0,0.0,-38.636941440871354
63,greedy,node-021,0.0,0.0,0.0,0.0,0.0,0.0,0.0,0.0,4512.352353845936,206.40733565765015,0.7,0.0,0.0,-38.636941440871354
63,greedy,node-022,2.0557984602046915,0.0,2.0557984602046915,2055.7984602046913,0.0,2055.7984602046913,0.0,0.0,4512.352353845936,206.40733565765015,0.7,-54.83937243104493,0.0,-38.636941440871354
63,greedy,node-023,0.0,0.0,0.0,0.0,0.0,0.0,0.0,0.0,4512.352353845936,206.40733565765015,0.7,0.0,0.0,-38.636941440871354
63,greedy,node-024,0.0,0.0,0.0,0.0,0.0,0.0,0.0,0.0,4512.352353845936,206.40733565765015,0.7,0.0,0.0,-38.636941440871354
63,greedy,node-025,0.0,0.0,0.0,0.0,0.0,0.0,0.0,0.0,4512.352353845936,206.40733565765015,0.7,0.0,0.0,-38.636941440871354
63,greedy,node-026,0.0,0.0,0.0,0.0,0.0,0.0,0.0,0.0,4512.352353845936,206.40733565765015,0.7,0.0,0.0,-38.636941440871354
63,greedy,node-027,0.0,0.0,0.0,0.0,0.0,0.0,0.0,0.0,4512.352353845936,206.40733565765015,0.7,0.0,0.0,-38.636941440871354
63,greedy,node-028,0.0,0.0,0.0,0.0,0.0,0.0,0.0,0.0,4512.352353845936,206.40733565765015,0.7,-14.766550248650692,0.0,-38.636941440871354
63,greedy,node-029,5.239145484568638,0.0,5.239145484568638,0.0721397201675561,0.0,0.0721397201675561,24.208325512398623,72.62497653719588,4512.352353845936,206.40733565765015,0.7,-54.30375623899765,-2.6085612440328063,-62.84526695326998
63,trust_vcg,node-000,507.12466224198016,342.0689555446195,595.3093597408542,507124.66224198014,342068.9555446195,595309.3597408542,-342.0689555446195,-264.00920278716944,8408.752131383279,179.9464512341421,0.9,-10696.56798589625,42.22145186242483,342.0689555446195
63,trust_vcg,node-001,0.0,0.0,128.00562515436982,0.0,0.0,128005.62515436982,0.0,0.0,8408.752131383279,179.9464512341421,0.9,-2271.99437484563,0.0,-221.33652803125824
63,trust_vcg,node-002,0.0,0.0,0.0,0.0,0.0,0.0,0.0,0.0,8408.752131383279,179.9464512341421,0.9,0.0,0.0,-221.33652803125824
63,trust_vcg,node-003,0.0,0.0,0.0,0.0,0.0,0.0,0.0,0.0,8408.752131383279,179.9464512341421,0.9,0.0,0.0,-221.33652803125824
63,trust_vcg,node-004,0.0,0.0,0.0,0.0,0.0,0.0,0.0,0.0,8408.752131383279,179.9464512341421,0.9,-9835.98706121147,0.0,-221.33652803125824
63,trust_vcg,node-005,0.0,0.0,0.0,0.0,0.0,0.0,0.0,0.0,8408.752131383279,179.9464512341421,0.9,0.0,0.0,-221.33652803125824
63,trust_vcg,node-006,0.0,0.0,0.0,0.0,0.0,0.0,0.0,0.0,8408.752131383279,179.9464512341421,0.9,0.0,0.0,-221.33652803125824
63,trust_vcg,node-007,0.0,0.0,575.1580699720987,0.0,0.0,575158.0699720987,0.0,0.0,8408.752131383279,179.9464512341421,0.9,-11041.411464289267,0.0,-221.33652803125824
63,trust_vcg,node-008,0.0,0.0,0.0,0.0,0.0,0.0,0.0,0.0,8408.752131383279,179.9464512341421,0.9,0.0,0.0,-221.33652803125824
63,trust_vcg,node-009,0.0,0.0,0.0,0.0,0.0,0.0,0.0,0.0,8408.752131383279,179.9464512341421,0.9,0.0,0.0,-221.33652803125824
63,trust_vcg,node-010,0.0,0.0,0.0,0.0,0.0,0.0,0.0,0.0,8408.752131383279,179.9464512341421,0.9,0.0,0.0,-221.33652803125824
63,trust_vcg,node-011,0.0,0.0,95.03918893893538,0.0,0.0,95039.18893893537,0.0,0.0,8408.752131383279,179.9464512341421,0.9,-5562.168107405951,0.0,-221.33652803125824
63,trust_vcg,node-012,0.0,266.14044833595483,266.14044833595483,0.0,266140.4483359548,266140.4483359548,0.0,0.0,8408.752131383279,179.9464512341421,0.9,-5563.715250350473,0.0,-221.33652803125824
63,trust_vcg,node-013,199.60573623344192,119.79531545159466,251.37559288791897,0.4496073750281827,0.2698362198262353,0.5662177981313693,281.2837665425192,443.9556540213115,8408.752131383279,179.9464512341421,0.9,-5846.602485403397,89.3933250580451,-502.6202945737774
63,trust_vcg,node-014,0.0,0.0,59.93789139133638,0.0,0.0,59937.89139133638,0.0,0.0,8408.752131383279,179.9464512341421,0.9,-2264.478096033003,0.0,-221.33652803125824
63,trust_vcg,node-015,0.0,0.0,0.0,0.0,0.0,0.0,0.0,0.0,8408.752131383279,179.9464512341421,0.9,0.0,0.0,-221.33652803125824
63,trust_vcg,node-016,0.0,0.0,0.0,0.0,0.0,0.0,0.0,0.0,8408.752131383279,179.9464512341421,0.9,0.0,0.0,-221.33652803125824
63,trust_vcg,node-017,0.0,0.0,0.0,0.0,0.0,0.0,0.0,0.0,8408.752131383279,179.9464512341421,0.9,0.0,0.0,-221.33652803125824
63,trust_vcg,node-018,0.0,81.97214227053487,418.31004426355884,0.0,81972.14227053487,418310.0442635588,0.0,0.0,8408.752131383279,179.9464512341421,0.9,-5581.689955736441,0.0,-221.33652803125824
63,trust_vcg,node-019,290.2622805441838,285.9680343835207,483.35024584572915,290262.2805441838,285968.0343835207,483350.24584572914,0.0,0.0,8408.752131383279,179.9464512341421,0.9,-5570.462388777729,0.0,-221.33652803125824
63,trust_vcg,node-020,0.0,0.0,0.0,0.0,0.0,0.0,0.0,0.0,8408.752131383279,179.9464512341421,0.9,0.0,0.0,-221.33652803125824
63,trust_vcg,node-021,0.0,0.0,49.58999638602262,0.0,0.0,49589.99638602262,0.0,0.0,8408.752131383279,179.9464512341421,0.9,-1150.4100036139776,0.0,-221.33652803125824
63,trust_vcg,node-022,0.0,0.0,450.7541574876525,0.0,0.0,450754.1574876525,0.0,0.0,8408.752131383279,179.9464512341421,0.9,-11056.43181967614,0.0,-221.33652803125824
63,trust_vcg,node-023,0.0,0.0,0.0,0.0,0.0,0.0,0.0,0.0,8408.752131383279,179.9464512341421,0.9,-2280.6057270459787,0.0,-221.33652803125824
63,trust_vcg,node-024,0.0,0.0,0.0,0.0,0.0,0.0,0.0,0.0,8408.752131383279,179.9464512341421,0.9,0.0,0.0,-221.33652803125824
63,trust_vcg,node-025,0.0,0.0,19.26634968892141,0.0,0.0,19266.349688921408,0.0,0.0,8408.752131383279,179.9464512341421,0.9,-580.7336503110786,0.0,-221.33652803125824
63,trust_vcg,node-026,0.0,0.0,0.0,0.0,0.0,0.0,0.0,0.0,8408.752131383279,179.9464512341421,0.9,0.0,0.0,-221.33652803125824
63,trust_vcg,node-027,0.0,0.0,0.0,0.0,0.0,0.0,0.0,0.0,8408.752131383279,179.9464512341421,0.9,-5033.567778307703,0.0,-221.33652803125824
63,trust_vcg,node-028,0.0,0.0,101.19571497011856,0.0,0.0,101195.71497011856,0.0,0.0,8408.752131383279,179.9464512341421,0.9,-9419.186657915325,0.0,-221.33652803125824
63,trust_vcg,node-029,0.0,0.0,0.0,0.0,0.0,0.0,0.0,0.0,8408.752131383279,179.9464512341421,0.9,-5467.122652232362,0.0,-221.33652803125824
63,contingent,node-000,0.0,38.24400650301772,202.75182205632865,0.0,0.3740006233590865,1.9827762509734441,24.19677868768286,102.25653144513286,8408.752131383279,346.2643626633214,0.9,-178.7445444511683,-5.895049701710285,-24.19677868768286
63,contingent,node-001,0.0,0.0,0.0,0.0,0.0,0.0,0.0,0.0,8408.752131383279,346.2643626633214,0.9,-287.97749938252065,0.0,-46.053490286392424
63,contingent,node-002,0.0,0.0,0.0,0.0,0.0,0.0,0.0,0.0,8408.752131383279,346.2643626633214,0.9,0.0,0.0,-46.053490286392424
63,contingent,node-003,0.0,0.0,0.0,0.0,0.0,0.0,0.0,0.0,8408.752131383279,346.2643626633214,0.9,0.0,0.0,-46.053490286392424
63,contingent,node-004,0.0,0.0,3.2278686529861655,0.0,0.0,3227.8686529861657,0.0,0.0,8408.752131383279,346.2643626633214,0.9,-268.35971927502027,0.0,-46.053490286392424
63,contingent,node-005,0.0,0.0,0.0,0.0,0.0,0.0,0.0,0.0,8408.752131383279,346.2643626633214,0.9,0.0,0.0,-46.053490286392424
63,contingent,node-006,0.0,0.0,0.0,0.0,0.0,0.0,0.0,0.0,8408.752131383279,346.2643626633214,0.9,0.0,0.0,-46.053490286392424
63,contingent,node-007,0.0,39.41005008681127,225.15806997209862,0.0,39410.050086811265,225158.0699720986,0.0,0.0,8408.752131383279,346.2643626633214,0.9,-165.64585715708165,0.0,-46.053490286392424
63,contingent,node-008,0.0,0.0,0.0,0.0,0.0,0.0,0.0,0.0,8408.752131383279,346.2643626633214,0.9,0.0,0.0,-46.053490286392424
63,contingent,node-009,0.0,0.0,0.0,0.0,0.0,0.0,0.0,0.0,8408.752131383279,346.2643626633214,0.9,0.0,0.0,-46.053490286392424
63,contingent,node-010,0.0,0.0,0.0,0.0,0.0,0.0,0.0,0.0,8408.752131383279,346.2643626633214,0.9,0.0,0.0,-46.053490286392424
63,contingent,node-011,0.0,56.15826222627204,56.15826222627204,0.0,56158.26222627204,56158.26222627204,0.0,0.0,8408.752131383279,346.2643626633214,0.9,-248.67242962380138,0.0,-46.053490286392424
63,contingent,node-012,0.0,66.14044833595486,93.0204798001035,0.0,66140.44833595486,93020.4798001035,0.0,0.0,8408.752131383279,346.2643626633214,0.9,-254.86100140189262,0.0,-46.053490286392424
63,contingent,node-013,0.0,19.743138254717692,19.743138254717692,0.0,0.0809119041636973,0.0809119041636973,81.33594373939617,244.00783121818847,8408.752131383279,346.2643626633214,0.9,-342.61081918290176,-10.580586343516458,-127.3894340257886
63,contingent,node-014,0.0,0.0,9.937891391336379,0.0,0.0,9937.89139133638,0.0,0.0,8408.752131383279,346.2643626633214,0.9,-257.91238413201165,0.0,-46.053490286392424
63,contingent,node-015,0.0,0.0,0.0,0.0,0.0,0.0,0.0,0.0,8408.752131383279,346.2643626633214,0.9,0.0,0.0,-46.053490286392424
63,contingent,node-016,0.0,0.0,0.0,0.0,0.0,0.0,0.0,0.0,8408.752131383279,346.2643626633214,0.9,0.0,0.0,-46.053490286392424
63,contingent,node-017,0.0,0.0,0.0,0.0,0.0,0.0,0.0,0.0,8408.752131383279,346.2643626633214,0.9,0.0,0.0,-46.053490286392424
63,contingent,node-018,0.0,31.972142270534874,31.972142270534874,0.0,31972.142270534874,31972.142270534874,0.0,0.0,8408.752131383279,346.2643626633214,0.9,-326.75982294576454,0.0,-46.053490286392424
63,contingent,node-019,0.0,85.9680343835207,85.9680343835207,0.0,85968.0343835207,85968.0343835207,0.0,0.0,8408.752131383279,346.2643626633214,0.9,-281.84955511091545,0.0,-46.053490286392424
63,contingent,node-020,0.0,0.0,0.0,0.0,0.0,0.0,0.0,0.0,8408.752131383279,346.2643626633214,0.9,0.0,0.0,-46.053490286392424
63,contingent,node-021,0.0,0.0,0.0,0.0,0.0,0.0,0.0,0.0,8408.752131383279,346.2643626633214,0.9,-201.64001445590955,0.0,-46.053490286392424
63,contingent,node-022,0.0,65.16911641232656,150.75415748765252,0.0,65169.116412326555,150754.15748765253,0.0,0.0,8408.752131383279,346.2643626633214,0.9,-225.72727870456634,0.0,-46.053490286392424
63,contingent,node-023,0.0,0.0,0.0,0.0,0.0,0.0,0.0,0.0,8408.752131383279,346.2643626633214,0.9,-322.4229081839139,0.0,-46.053490286392424
63,contingent,node-024,0.0,0.0,0.0,0.0,0.0,0.0,0.0,0.0,8408.752131383279,346.2643626633214,0.9,0.0,0.0,-46.053490286392424
63,contingent,node-025,0.0,0.0,0.0,0.0,0.0,0.0,0.0,0.0,8408.752131383279,346.2643626633214,0.9,-122.93460124431432,0.0,-46.053490286392424
63,contingent,node-026,0.0,0.0,0.0,0.0,0.0,0.0,0.0,0.0,8408.752131383279,346.2643626633214,0.9,0.0,0.0,-46.053490286392424
63,contingent,node-027,0.0,0.0,0.0,0.0,0.0,0.0,0.0,0.0,8408.752131383279,346.2643626633214,0.9,-334.27111323081334,0.0,-46.053490286392424
63,contingent,node-028,0.0,0.0,1.1957149701185719,0.0,0.0,1195.7149701185717,0.0,0.0,8408.752131383279,346.2643626633214,0.9,-276.7466316612979,0.0,-46.053490286392424
63,contingent,node-029,0.0,0.0,0.0,0.0,0.0,0.0,0.0,0.0,8408.752131383279,346.2643626633214,0.9,-131.5112761751517,0.0,-46.053490286392424
63,capped,node-000,2.0413198544841435,38.244006503017715,206.72330319612468,0.01743382287179416,0.32662163835654495,1.765513348374397,39.02987637872499,117.08962913617499,8408.752131383279,361.09746035436353,0.9,-77.66681781959635,-7.378359470814509,-39.02987637872499
63,capped,node-001,0.0,0.0,0.0,0.0,0.0,0.0,0.0,0.0,8408.752131383279,361.09746035436353,0.9,-71.99437484563018,0.0,-38.636941440871354
63,capped,node-002,0.0,0.0,0.0,0.0,0.0,0.0,0.0,0.0,8408.752131383279,361.09746035436353,0.9,0.0,0.0,-38.636941440871354
63,capped,node-003,0.0,0.0,0.0,0.0,0.0,0.0,0.0,0.0,8408.752131383279,361.09746035436353,0.9,0.0,0.0,-38.636941440871354
63,capped,node-004,0.0,0.0,20.835905901877474,0.0,0.0,20835.905901877475,0.0,0.0,8408.752131383279,361.09746035436353,0.9,-67.08992981875508,0.0,-38.636941440871354
63,capped,node-005,0.0,0.0,0.0,0.0,0.0,0.0,0.0,0.0,8408.752131383279,361.09746035436353,0.9,0.0,0.0,-38.636941440871354
63,capped,node-006,0.0,0.0,0.0,0.0,0.0,0.0,0.0,0.0,8408.752131383279,361.09746035436353,0.9,0.0,0.0,-38.636941440871354
63,capped,node-007,0.7988090311006415,82.82292857854083,225.15806997209862,798.8090311006415,82822.92857854083,225158.0699720986,0.0,0.0,8408.752131383279,361.09746035436353,0.9,-41.41146428927042,0.0,-38.636941440871354
63,capped,node-008,0.0,0.0,0.0,0.0,0.0,0.0,0.0,0.0,8408.752131383279,361.09746035436353,0.9,0.0,0.0,-38.636941440871354
63,capped,node-009,0.0,0.0,0.0,0.0,0.0,0.0,0.0,0.0,8408.752131383279,361.09746035436353,0.9,0.0,0.0,-38.636941440871354
63,capped,node-010,0.0,0.0,0.0,0.0,0.0,0.0,0.0,0.0,8408.752131383279,361.09746035436353,0.9,0.0,0.0,-38.636941440871354
63,capped,node-011,0.0,94.69569014389378,94.69569014389378,0.0,94695.69014389378,94695.69014389378,0.0,0.0,8408.752131383279,361.09746035436353,0.9,-62.168107405950344,0.0,-38.636941440871354
63,capped,node-012,0.0,66.14044833595486,93.0204798001035,0.0,66140.44833595486,93020.4798001035,0.0,0.0,8408.752131383279,361.09746035436353,0.9,-63.715250350473156,0.0,-38.636941440871354
63,capped,node-013,0.0,19.743138254717692,19.743138254717692,0.0,0.0809119041636973,0.0809119041636973,81.33594373939617,244.00783121818847,8408.752131383279,361.09746035436353,0.9,-146.65466260027256,-10.580586343516458,-119.97288518026753
63,capped,node-014,0.0,0.0,9.937891391336379,0.0,0.0,9937.89139133638,0.0,0.0,8408.752131383279,361.09746035436353,0.9,-64.47809603300293,0.0,-38.636941440871354
63,capped,node-015,0.0,0.0,0.0,0.0,0.0,0.0,0.0,0.0,8408.752131383279,361.09746035436353,0.9,0.0,0.0,-38.636941440871354
63,capped,node-016,0.0,0.0,0.0,0.0,0.0,0.0,0.0,0.0,8408.752131383279,361.09746035436353,0.9,0.0,0.0,-38.636941440871354
63,capped,node-017,0.0,0.0,0.0,0.0,0.0,0.0,0.0,0.0,8408.752131383279,361.09746035436353,0.9,0.0,0.0,-38.636941440871354
63,capped,node-018,0.0,31.972142270534874,31.972142270534874,0.0,31972.142270534874,31972.142270534874,0.0,0.0,8408.752131383279,361.09746035436353,0.9,-81.68995573644114,0.0,-38.636941440871354
63,capped,node-019,0.0,85.9680343835207,85.9680343835207,0.0,85968.0343835207,85968.0343835207,0.0,0.0,8408.752131383279,361.09746035436353,0.9,-70.46238877772886,0.0,-38.636941440871354
63,capped,node-020,0.0,0.0,0.0,0.0,0.0,0.0,0.0,0.0,8408.752131383279,361.09746035436353,0.9,0.0,0.0,-38.636941440871354
63,capped,node-021,0.0,0.0,0.0,0.0,0.0,0.0,0.0,0.0,8408.752131383279,361.09746035436353,0.9,-50.41000361397738,0.0,-38.636941440871354
63,capped,node-022,0.0,79.6675825278703,150.75415748765252,0.0,79667.5825278703,150754.15748765253,0.0,0.0,8408.752131383279,361.09746035436353,0.9,-56.4318196761416,0.0,-38.636941440871354
63,capped,node-023,0.0,0.0,0.0,0.0,0.0,0.0,0.0,0.0,8408.752131383279,361.09746035436353,0.9,-80.60572704597847,0.0,-38.636941440871354
63,capped,node-024,0.0,0.0,0.0,0.0,0.0,0.0,0.0,0.0,8408.752131383279,361.09746035436353,0.9,0.0,0.0,-38.636941440871354
63,capped,node-025,0.0,0.0,0.0,0.0,0.0,0.0,0.0,0.0,8408.752131383279,361.09746035436353,0.9,-30.733650311078577,0.0,-38.636941440871354
63,capped,node-026,0.0,0.0,0.0,0.0,0.0,0.0,0.0,0.0,8408.752131383279,361.09746035436353,0.9,0.0,0.0,-38.636941440871354
63,capped,node-027,0.0,0.0,25.261703058704192,0.0,0.0,25261.70305870419,0.0,0.0,8408.752131383279,361.09746035436353,0.9,-83.56777830770334,0.0,-38.636941440871354
63,capped,node-028,0.0,0.0,5.608913435635399,0.0,0.0,5608.913435635399,0.0,0.0,8408.752131383279,361.09746035436353,0.9,-69.18665791532446,0.0,-38.636941440871354
63,capped,node-029,0.0,43.0080411767398,77.14201524416362,0.0,43008.0411767398,77142.01524416362,0.0,0.0,8408.752131383279,361.09746035436353,0.9,-32.87781904378792,0.0,-38.636941440871354
63,proper_scoring,node-000,128.148976358882,243.84664783766664,245.20557679909757,0.1608590354603172,0.306088567274615,0.30779436320218206,718.5941373530341,796.6538901104841,8408.752131383279,1240.6095441317952,0.9,-873.1419031165195,43.70476163152887,-718.5941373530341
63,proper_scoring,node-001,0.0,0.0,128.00562515436982,0.0,0.0,128005.62515436982,0.0,0.0,8408.752131383279,1240.6095441317952,0.9,-264.07169688928417,0.0,846.7431137119161
63,proper_scoring,node-002,0.0,0.0,0.0,0.0,0.0,0.0,0.0,0.0,8408.752131383279,1240.6095441317952,0.9,0.0,0.0,846.7431137119161
63,proper_scoring,node-003,0.0,0.0,0.0,0.0,0.0,0.0,0.0,0.0,8408.752131383279,1240.6095441317952,0.9,0.0,0.0,846.7431137119161
63,proper_scoring,node-004,0.0,0.0,488.4703955154624,0.0,0.0,488470.39551546244,0.0,0.0,8408.752131383279,1240.6095441317952,0.9,-268.35971927502027,0.0,846.7431137119161
63,proper_scoring,node-005,0.0,0.0,0.0,0.0,0.0,0.0,0.0,0.0,8408.752131383279,1240.6095441317952,0.9,0.0,0.0,846.7431137119161
63,proper_scoring,node-006,0.0,0.0,0.0,0.0,0.0,0.0,0.0,0.0,8408.752131383279,1240.6095441317952,0.9,0.0,0.0,846.7431137119161
63,proper_scoring,node-007,266.8398825216841,739.4100500868112,797.0644991465897,266839.8825216841,739410.0500868112,797064.4991465897,0.0,0.0,8408.752131383279,1240.6095441317952,0.9,-165.64585715708165,0.0,846.7431137119161
63,proper_scoring,node-008,0.0,0.0,0.0,0.0,0.0,0.0,0.0,0.0,8408.752131383279,1240.6095441317952,0.9,0.0,0.0,846.7431137119161
63,proper_scoring,node-009,0.0,0.0,0.0,0.0,0.0,0.0,0.0,0.0,8408.752131383279,1240.6095441317952,0.9,0.0,0.0,846.7431137119161
63,proper_scoring,node-010,0.0,0.0,0.0,0.0,0.0,0.0,0.0,0.0,8408.752131383279,1240.6095441317952,0.9,0.0,0.0,846.7431137119161
63,proper_scoring,node-011,0.0,306.15826222627203,385.53949952102687,0.0,306158.262226272,385539.49952102685,0.0,0.0,8408.752131383279,1240.6095441317952,0.9,-248.67242962380138,0.0,846.7431137119161
63,proper_scoring,node-012,0.0,266.14044833595483,305.5926353549214,0.0,266140.4483359548,305592.6353549214,0.0,0.0,8408.752131383279,1240.6095441317952,0.9,-254.86100140189262,0.0,846.7431137119161
63,proper_scoring,node-013,199.60573623344192,119.79531545159466,251.37559288791897,0.4496073750281827,0.2698362198262353,0.5662177981313693,281.2837665425192,443.9556540213115,8408.752131383279,1240.6095441317952,0.9,-542.5586419860248,89.3933250580451,565.4593471693969
63,proper_scoring,node-014,0.0,0.0,59.93789139133638,0.0,0.0,59937.89139133638,0.0,0.0,8408.752131383279,1240.6095441317952,0.9,-248.21925224478682,0.0,846.7431137119161
63,proper_scoring,node-015,0.0,0.0,0.0,0.0,0.0,0.0,0.0,0.0,8408.752131383279,1240.6095441317952,0.9,0.0,0.0,846.7431137119161
63,proper_scoring,node-016,0.0,0.0,0.0,0.0,0.0,0.0,0.0,0.0,8408.752131383279,1240.6095441317952,0.9,0.0,0.0,846.7431137119161
63,proper_scoring,node-017,0.0,0.0,0.0,0.0,0.0,0.0,0.0,0.0,8408.752131383279,1240.6095441317952,0.9,0.0,0.0,846.7431137119161
63,proper_scoring,node-018,0.0,81.97214227053487,418.31004426355884,0.0,81972.14227053487,418310.0442635588,0.0,0.0,8408.752131383279,1240.6095441317952,0.9,-326.75982294576454,0.0,846.7431137119161
63,proper_scoring,node-019,290.2622805441838,285.9680343835207,483.35024584572915,290262.2805441838,285968.0343835207,483350.24584572914,0.0,0.0,8408.752131383279,1240.6095441317952,0.9,-281.84955511091545,0.0,846.7431137119161
63,proper_scoring,node-020,0.0,0.0,0.0,0.0,0.0,0.0,0.0,0.0,8408.752131383279,1240.6095441317952,0.9,0.0,0.0,846.7431137119161
63,proper_scoring,node-021,0.0,0.0,49.58999638602262,0.0,0.0,49589.99638602262,0.0,0.0,8408.752131383279,1240.6095441317952,0.9,-150.41000361397738,0.0,846.7431137119161
63,proper_scoring,node-022,0.0,515.1691164123266,886.3189472660866,0.0,515169.1164123266,886318.9472660866,0.0,0.0,8408.752131383279,1240.6095441317952,0.9,-225.72727870456634,0.0,846.7431137119161
63,proper_scoring,node-023,0.0,0.0,19.394272954021538,0.0,0.0,19394.272954021537,0.0,0.0,8408.752131383279,1240.6095441317952,0.9,-273.29353267400325,0.0,846.7431137119161
63,proper_scoring,node-024,0.0,0.0,0.0,0.0,0.0,0.0,0.0,0.0,8408.752131383279,1240.6095441317952,0.9,0.0,0.0,846.7431137119161
63,proper_scoring,node-025,0.0,0.0,19.26634968892141,0.0,0.0,19266.349688921408,0.0,0.0,8408.752131383279,1240.6095441317952,0.9,-80.73365031107858,0.0,846.7431137119161
63,proper_scoring,node-026,0.0,0.0,0.0,0.0,0.0,0.0,0.0,0.0,8408.752131383279,1240.6095441317952,0.9,0.0,0.0,846.7431137119161
63,proper_scoring,node-027,0.0,0.0,204.85215086774122,0.0,0.0,204852.1508677412,0.0,0.0,8408.752131383279,1240.6095441317952,0.9,-334.27111323081334,0.0,846.7431137119161
63,proper_scoring,node-028,137.0372007822155,0.0,606.0069787134626,137037.2007822155,0.0,606006.9787134626,0.0,0.0,8408.752131383279,1240.6095441317952,0.9,-276.7466316612979,0.0,846.7431137119161
63,proper_scoring,node-029,0.0,54.12483924789818,222.12157734848455,0.0,54124.83924789818,222121.57734848454,0.0,0.0,8408.752131383279,1240.6095441317952,0.9,-131.5112761751517,0.0,846.7431137119161
63,audits,node-000,120.7324275133609,219.34283842636228,224.41004181055382,0.16404067546845702,0.2980238873325663,0.3049087606263369,657.9310444553806,735.9907972128306,8408.752131383279,1179.946451234142,0.9,-3196.567985896252,42.221451862424715,-657.9310444553806
63,audits,node-001,0.0,0.0,128.00562515436982,0.0,0.0,128005.62515436982,0.0,0.0,8408.752131383279,1179.946451234142,0.9,-771.9943748456301,0.0,778.6634719687415
63,audits,node-002,0.0,0.0,0.0,0.0,0.0,0.0,0.0,0.0,8408.752131383279,1179.946451234142,0.9,0.0,0.0,778.6634719687415
63,audits,node-003,0.0,0.0,0.0,0.0,0.0,0.0,0.0,0.0,8408.752131383279,1179.946451234142,0.9,0.0,0.0,778.6634719687415
63,audits,node-004,0.0,0.0,316.6392175497364,0.0,0.0,316639.2175497364,0.0,0.0,8408.752131383279,1179.946451234142,0.9,-2335.9870612114682,0.0,778.6634719687415
63,audits,node-005,0.0,0.0,0.0,0.0,0.0,0.0,0.0,0.0,8408.752131383279,1179.946451234142,0.9,0.0,0.0,778.6634719687415
63,audits,node-006,0.0,0.0,0.0,0.0,0.0,0.0,0.0,0.0,8408.752131383279,1179.946451234142,0.9,0.0,0.0,778.6634719687415
63,audits,node-007,240.3956071868613,0.0,575.1580699720987,240395.6071868613,0.0,575158.0699720987,0.0,0.0,8408.752131383279,1179.946451234142,0.9,-2541.411464289271,0.0,778.6634719687415
63,audits,node-008,0.0,0.0,0.0,0.0,0.0,0.0,0.0,0.0,8408.752131383279,1179.946451234142,0.9,0.0,0.0,778.6634719687415
63,audits,node-009,0.0,0.0,0.0,0.0,0.0,0.0,0.0,0.0,8408.752131383279,1179.946451234142,0.9,0.0,0.0,778.6634719687415
63,audits,node-010,0.0,0.0,0.0,0.0,0.0,0.0,0.0,0.0,8408.752131383279,1179.946451234142,0.9,0.0,0.0,778.6634719687415
63,audits,node-011,0.0,294.6956901438938,331.0840537029752,0.0,294695.69014389376,331084.0537029752,0.0,0.0,8408.752131383279,1179.946451234142,0.9,-1562.1681074059504,0.0,778.6634719687415
63,audits,node-012,0.0,266.14044833595483,274.6257877563633,0.0,266140.4483359548,274625.7877563633,0.0,0.0,8408.752131383279,1179.946451234142,0.9,-1563.715250350473,0.0,778.6634719687415
63,audits,node-013,199.60573623344192,119.79531545159466,251.37559288791897,0.4496073750281827,0.2698362198262353,0.5662177981313693,281.2837665425192,443.9556540213115,8408.752131383279,1179.946451234142,0.9,-1846.6024854033953,89.3933250580451,497.37970542622236
63,audits,node-014,0.0,0.0,59.93789139133638,0.0,0.0,59937.89139133638,0.0,0.0,8408.752131383279,1179.946451234142,0.9,-764.4780960330029,0.0,778.6634719687415
63,audits,node-015,0.0,0.0,0.0,0.0,0.0,0.0,0.0,0.0,8408.752131383279,1179.946451234142,0.9,0.0,0.0,778.6634719687415
63,audits,node-016,0.0,0.0,0.0,0.0,0.0,0.0,0.0,0.0,8408.752131383279,1179.946451234142,0.9,0.0,0.0,778.6634719687415
63,audits,node-017,0.0,0.0,0.0,0.0,0.0,0.0,0.0,0.0,8408.752131383279,1179.946451234142,0.9,0.0,0.0,778.6634719687415
63,audits,node-018,0.0,81.97214227053487,418.31004426355884,0.0,81972.14227053487,418310.0442635588,0.0,0.0,8408.752131383279,1179.946451234142,0.9,-1581.689955736441,0.0,778.6634719687415
63,audits,node-019,290.2622805441838,285.9680343835207,483.35024584572915,290262.2805441838,285968.0343835207,483350.24584572914,0.0,0.0,8408.752131383279,1179.946451234142,0.9,-1570.462388777729,0.0,778.6634719687415
63,audits,node-020,0.0,0.0,0.0,0.0,0.0,0.0,0.0,0.0,8408.752131383279,1179.946451234142,0.9,0.0,0.0,778.6634719687415
63,audits,node-021,0.0,0.0,49.58999638602262,0.0,0.0,49589.99638602262,0.0,0.0,8408.752131383279,1179.946451234142,0.9,-650.4100036139773,0.0,778.6634719687415
63,audits,node-022,0.0,479.66758252787025,843.5681803238584,0.0,479667.58252787025,843568.1803238584,0.0,0.0,8408.752131383279,1179.946451234142,0.9,-2556.431819676141,0.0,778.6634719687415
63,audits,node-023,0.0,0.0,0.0,0.0,0.0,0.0,0.0,0.0,8408.752131383279,1179.946451234142,0.9,-780.6057270459785,0.0,778.6634719687415
63,audits,node-024,0.0,0.0,0.0,0.0,0.0,0.0,0.0,0.0,8408.752131383279,1179.946451234142,0.9,0.0,0.0,778.6634719687415
63,audits,node-025,0.0,0.0,19.26634968892141,0.0,0.0,19266.349688921408,0.0,0.0,8408.752131383279,1179.946451234142,0.9,-80.73365031107858,0.0,778.6634719687415
63,audits,node-026,0.0,0.0,0.0,0.0,0.0,0.0,0.0,0.0,8408.752131383279,1179.946451234142,0.9,0.0,0.0,778.6634719687415
63,audits,node-027,0.0,0.0,0.0,0.0,0.0,0.0,0.0,0.0,8408.752131383279,1179.946451234142,0.9,-1033.5677783077033,0.0,778.6634719687415
63,audits,node-028,112.2878216171708,0.0,480.81334208467564,112287.8216171708,0.0,480813.3420846756,0.0,0.0,8408.752131383279,1179.946451234142,0.9,-1919.1866579153245,0.0,778.6634719687415
63,audits,node-029,0.0,0.0,0.0,0.0,0.0,0.0,0.0,0.0,8408.752131383279,1179.946451234142,0.9,-1467.1226522323627,0.0,778.6634719687415
62,greedy,node-000,0.0,0.0,0.0,0.0,0.0,0.0,0.0,0.0,6197.617522001572,337.2989139215628,0.8,0.0,0.0,0.0
62,greedy,node-001,0.0,0.0,0.0,0.0,0.0,0.0,0.0,0.0,6197.617522001572,337.2989139215628,0.8,0.0,0.0,0.0
62,greedy,node-002,4.713561464068874,0.0,4.713561464068874,0.013974434157724532,0.0,0.013974434157724532,112.43297130718764,337.2989139215628,6197.617522001572,337.2989139215628,0.8,-168.64945696078146,-33.72989139215632,-112.43297130718764
62,greedy,node-003,0.0,0.0,0.0,0.0,0.0,0.0,0.0,0.0,6197.617522001572,337.2989139215628,0.8,-23.71639923099929,0.0,0.0
62,greedy,node-004,0.0,0.0,0.0,0.0,0.0,0.0,0.0,0.0,6197.617522001572,337.2989139215628,0.8,0.0,0.0,0.0
62,greedy,node-005,0.0,0.0,0.0,0.0,0.0,0.0,0.0,0.0,6197.617522001572,337.2989139215628,0.8,0.0,0.0,0.0
62,greedy,node-006,0.0,0.0,0.0,0.0,0.0,0.0,0.0,0.0,6197.617522001572,337.2989139215628,0.8,-110.04033133034699,0.0,0.0
62,greedy,node-007,0.0,0.0,0.0,0.0,0.0,0.0,0.0,0.0,6197.617522001572,337.2989139215628,0.8,-16.581259528890627,0.0,0.0
62,greedy,node-008,0.0,0.0,0.0,0.0,0.0,0.0,0.0,0.0,6197.617522001572,337.2989139215628,0.8,0.0,0.0,0.0
62,greedy,node-009,0.0,0.0,0.0,0.0,0.0,0.0,0.0,0.0,6197.617522001572,337.2989139215628,0.8,0.0,0.0,0.0
62,greedy,node-010,0.0,0.0,0.0,0.0,0.0,0.0,0.0,0.0,6197.617522001572,337.2989139215628,0.8,0.0,0.0,0.0
62,greedy,node-011,0.0,0.0,0.0,0.0,0.0,0.0,0.0,0.0,6197.617522001572,337.2989139215628,0.8,0.0,0.0,0.0
62,greedy,node-012,0.0,0.0,0.0,0.0,0.0,0.0,0.0,0.0,6197.617522001572,337.2989139215628,0.8,0.0,0.0,0.0
62,greedy,node-013,0.0,0.0,0.0,0.0,0.0,0.0,0.0,0.0,6197.617522001572,337.2989139215628,0.8,0.0,0.0,0.0
62,greedy,node-014,0.0,0.0,0.0,0.0,0.0,0.0,0.0,0.0,6197.617522001572,337.2989139215628,0.8,0.0,0.0,0.0
62,greedy,node-015,0.0,0.0,0.0,0.0,0.0,0.0,0.0,0.0,6197.617522001572,337.2989139215628,0.8,-30.651056687650076,0.0,0.0
62,greedy,node-016,0.0,0.0,0.0,0.0,0.0,0.0,0.0,0.0,6197.617522001572,337.2989139215628,0.8,0.0,0.0,0.0
62,greedy,node-017,0.0,0.0,0.0,0.0,0.0,0.0,0.0,0.0,6197.617522001572,337.2989139215628,0.8,0.0,0.0,0.0
62,greedy,node-018,0.0,0.0,0.0,0.0,0.0,0.0,0.0,0.0,6197.617522001572,337.2989139215628,0.8,0.0,0.0,0.0
62,greedy,node-019,0.0,0.0,0.0,0.0,0.0,0.0,0.0,0.0,6197.617522001572,337.2989139215628,0.8,0.0,0.0,0.0
62,greedy,node-020,0.0,0.0,0.0,0.0,0.0,0.0,0.0,0.0,6197.617522001572,337.2989139215628,0.8,0.0,0.0,0.0
62,greedy,node-021,0.0,0.0,0.0,0.0,0.0,0.0,0.0,0.0,6197.617522001572,337.2989139215628,0.8,0.0,0.0,0.0
62,greedy,node-022,0.0,0.0,0.0,0.0,0.0,0.0,0.0,0.0,6197.617522001572,337.2989139215628,0.8,0.0,0.0,0.0
62,greedy,node-023,0.0,0.0,0.0,0.0,0.0,0.0,0.0,0.0,6197.617522001572,337.2989139215628,0.8,0.0,0.0,0.0
62,greedy,node-024,5.759930317731438,0.0,5.759930317731438,5759.930317731438,0.0,5759.930317731438,0.0,0.0,6197.617522001572,337.2989139215628,0.8,-37.68808424656451,0.0,0.0
62,greedy,node-025,0.0,0.0,0.0,0.0,0.0,0.0,0.0,0.0,6197.617522001572,337.2989139215628,0.8,-2.4458170968011252,0.0,0.0
62,greedy,node-026,0.0,0.0,0.0,0.0,0.0,0.0,0.0,0.0,6197.617522001572,337.2989139215628,0.8,-89.7076556002565,0.0,0.0
62,greedy,node-027,15.084950275471769,0.0,15.084950275471769,15084.950275471769,0.0,15084.950275471769,0.0,0.0,6197.617522001572,337.2989139215628,0.8,-55.87194175140536,24.481594055079544,0.0
62,greedy,node-028,0.0,0.0,0.0,0.0,0.0,0.0,0.0,0.0,6197.617522001572,337.2989139215628,0.8,-72.71471194604175,0.0,0.0
62,greedy,node-029,0.0,0.0,0.0,0.0,0.0,0.0,0.0,0.0,6197.617522001572,337.2989139215628,0.8,0.0,0.0,0.0
62,trust_vcg,node-000,0.0,0.0,0.0,0.0,0.0,0.0,0.0,0.0,7392.184619813105,-967.0016290225408,0.7777777777777778,0.0,0.0,0.0
62,trust_vcg,node-001,0.0,0.0,0.0,0.0,0.0,0.0,0.0,0.0,7392.184619813105,-967.0016290225408,0.7777777777777778,0.0,0.0,0.0
62,trust_vcg,node-002,0.0,0.0,186.08742555199964,0.0,0.0,186087.42555199965,0.0,0.0,7392.184619813105,-967.0016290225408,0.7777777777777778,-11056.216485653593,149.76053161086207,0.0
62,trust_vcg,node-003,748.3642291112769,748.3642291112769,930.9740346139781,748364.2291112769,748364.2291112769,930974.0346139781,-748.3642291112769,-670.9892517504063,7392.184619813105,-967.0016290225408,0.7777777777777778,-10379.652518631616,41.40116299578108,748.3642291112769
62,trust_vcg,node-004,0.0,0.0,0.0,0.0,0.0,0.0,0.0,0.0,7392.184619813105,-967.0016290225408,0.7777777777777778,-1691.056716361934,0.0,0.0
62,trust_vcg,node-005,0.0,0.0,0.0,0.0,0.0,0.0,0.0,0.0,7392.184619813105,-967.0016290225408,0.7777777777777778,-3410.188961492404,0.0,0.0
62,trust_vcg,node-006,0.0,0.0,186.97390615952432,0.0,0.0,186973.9061595243,0.0,0.0,7392.184619813105,-967.0016290225408,0.7777777777777778,-11110.040331330349,0.0,0.0
62,trust_vcg,node-007,0.0,239.77748361183552,259.69100574780305,0.0,239777.48361183552,259691.00574780305,0.0,0.0,7392.184619813105,-967.0016290225408,0.7777777777777778,-3940.308994252197,0.0,0.0
62,trust_vcg,node-008,0.0,0.0,0.0,0.0,0.0,0.0,0.0,0.0,7392.184619813105,-967.0016290225408,0.7777777777777778,0.0,0.0,0.0
62,trust_vcg,node-009,0.0,0.0,0.0,0.0,0.0,0.0,0.0,0.0,7392.184619813105,-967.0016290225408,0.7777777777777778,0.0,0.0,0.0
62,trust_vcg,node-010,0.0,0.0,90.81912441037622,0.0,0.0,90819.12441037621,0.0,0.0,7392.184619813105,-967.0016290225408,0.7777777777777778,-2309.180875589624,0.0,0.0
62,trust_vcg,node-011,0.0,0.0,0.0,0.0,0.0,0.0,0.0,0.0,7392.184619813105,-967.0016290225408,0.7777777777777778,0.0,0.0,0.0
62,trust_vcg,node-012,0.0,0.0,0.0,0.0,0.0,0.0,0.0,0.0,7392.184619813105,-967.0016290225408,0.7777777777777778,0.0,0.0,0.0
62,trust_vcg,node-013,0.0,173.2292544696038,232.21142279443976,0.0,173229.2544696038,232211.42279443974,0.0,0.0,7392.184619813105,-967.0016290225408,0.7777777777777778,-5065.873320354402,0.0,0.0
62,trust_vcg,node-014,0.0,0.0,0.0,0.0,0.0,0.0,0.0,0.0,7392.184619813105,-967.0016290225408,0.7777777777777778,0.0,0.0,0.0
62,trust_vcg,node-015,0.0,306.9114704533993,335.49584231585027,0.0,306911.4704533993,335495.84231585026,0.0,0.0,7392.184619813105,-967.0016290225408,0.7777777777777778,-5601.702419215291,0.0,0.0
62,trust_vcg,node-016,297.2953644836627,0.0,297.2953644836627,297295.3644836627,0.0,297295.3644836627,0.0,0.0,7392.184619813105,-967.0016290225408,0.7777777777777778,-5608.429556775658,0.0,0.0
62,trust_vcg,node-017,0.0,0.0,0.0,0.0,0.0,0.0,0.0,0.0,7392.184619813105,-967.0016290225408,0.7777777777777778,-1684.208042717603,0.0,0.0
62,trust_vcg,node-018,0.0,0.0,6.834731507432082,0.0,0.0,6834.731507432081,0.0,0.0,7392.184619813105,-967.0016290225408,0.7777777777777778,-593.1652684925679,0.0,0.0
62,trust_vcg,node-019,0.0,0.0,0.0,0.0,0.0,0.0,0.0,0.0,7392.184619813105,-967.0016290225408,0.7777777777777778,0.0,0.0,0.0
62,trust_vcg,node-020,0.0,0.0,0.0,0.0,0.0,0.0,0.0,0.0,7392.184619813105,-967.0016290225408,0.7777777777777778,-3984.366828903335,0.0,0.0
62,trust_vcg,node-021,0.0,0.0,0.0,0.0,0.0,0.0,0.0,0.0,7392.184619813105,-967.0016290225408,0.7777777777777778,0.0,0.0,0.0
62,trust_vcg,node-022,0.0,0.0,0.0,0.0,0.0,0.0,0.0,0.0,7392.184619813105,-967.0016290225408,0.7777777777777778,0.0,0.0,0.0
62,trust_vcg,node-023,0.0,0.0,0.0,0.0,0.0,0.0,0.0,0.0,7392.184619813105,-967.0016290225408,0.7777777777777778,0.0,0.0,0.0
62,trust_vcg,node-024,0.0,401.7446065440857,537.2777010759755,0.0,401744.60654408566,537277.7010759756,0.0,0.0,7392.184619813105,-967.0016290225408,0.7777777777777778,-5574.555402151951,0.0,0.0
62,trust_vcg,node-025,272.1177686439179,0.0,397.64968136055666,272117.76864391787,0.0,397649.6813605566,0.0,0.0,7392.184619813105,-967.0016290225408,0.7777777777777778,-7768.189373550718,0.0,0.0
62,trust_vcg,node-026,865.4855904916717,553.5028577713451,1067.1373978209165,865485.5904916717,553502.8577713451,1067137.3978209165,-553.5028577713451,-296.0123772721345,7392.184619813105,-967.0016290225408,0.7777777777777778,-9983.784456039908,-38.62357207488151,553.5028577713451
62,trust_vcg,node-027,0.0,0.0,0.0,0.0,0.0,0.0,0.0,0.0,7392.184619813105,-967.0016290225408,0.7777777777777778,-10535.800281402322,0.0,0.0
62,trust_vcg,node-028,0.0,645.4294238920836,645.4294238920836,0.0,645429.4238920836,645429.4238920836,0.0,0.0,7392.184619813105,-967.0016290225408,0.7777777777777778,-10548.530713400503,0.0,0.0
62,trust_vcg,node-029,0.0,0.0,0.0,0.0,0.0,0.0,0.0,0.0,7392.184619813105,-967.0016290225408,0.7777777777777778,0.0,0.0,0.0
62,contingent,node-000,0.0,0.0,0.0,0.0,0.0,0.0,0.0,0.0,7392.184619813105,412.7795148434935,0.7777777777777778,0.0,0.0,0.0
62,contingent,node-001,0.0,0.0,0.0,0.0,0.0,0.0,0.0,0.0,7392.184619813105,412.7795148434935,0.7777777777777778,0.0,0.0,0.0
62,contingent,node-002,0.0,32.53394041632682,203.66312063867827,0.0,32533.94041632682,203663.12063867826,0.0,0.0,7392.184619813105,412.7795148434935,0.7777777777777778,-224.86594261437529,5.513373588156018,0.0
62,contingent,node-003,0.0,40.08516708275662,44.55438890473674,0.0,0.4657418021147148,0.5176688259218534,8.692382066066598,86.0673594269372,7392.184619813105,412.7795148434935,0.7777777777777778,-520.7593730376403,-5.478280667307633,-8.692382066066598
62,contingent,node-004,0.0,0.0,0.0,0.0,0.0,0.0,0.0,0.0,7392.184619813105,412.7795148434935,0.7777777777777778,-273.44244585557897,0.0,0.0
62,contingent,node-005,0.0,0.0,0.0,0.0,0.0,0.0,0.0,0.0,7392.184619813105,412.7795148434935,0.7777777777777778,-440.75584596961414,0.0,0.0
62,contingent,node-006,0.0,123.60047638194649,123.60047638194649,0.0,123600.47638194649,123600.47638194649,0.0,0.0,7392.184619813105,412.7795148434935,0.7777777777777778,-440.16132532138795,0.0,0.0
62,contingent,node-007,0.0,89.77748361183552,89.77748361183552,0.0,89777.48361183552,89777.48361183552,0.0,0.0,7392.184619813105,412.7795148434935,0.7777777777777778,-361.2359770087877,0.0,0.0
62,contingent,node-008,0.0,0.0,0.0,0.0,0.0,0.0,0.0,0.0,7392.184619813105,412.7795148434935,0.7777777777777778,0.0,0.0,0.0
62,contingent,node-009,0.0,0.0,0.0,0.0,0.0,0.0,0.0,0.0,7392.184619813105,412.7795148434935,0.7777777777777778,0.0,0.0,0.0
62,contingent,node-010,0.0,0.0,0.0,0.0,0.0,0.0,0.0,0.0,7392.184619813105,412.7795148434935,0.7777777777777778,-436.7235023584951,0.0,0.0
62,contingent,node-011,0.0,0.0,0.0,0.0,0.0,0.0,0.0,0.0,7392.184619813105,412.7795148434935,0.7777777777777778,0.0,0.0,0.0
62,contingent,node-012,0.0,0.0,0.0,0.0,0.0,0.0,0.0,0.0,7392.184619813105,412.7795148434935,0.7777777777777778,0.0,0.0,0.0
62,contingent,node-013,0.0,73.22925446960377,73.22925446960377,0.0,73229.25446960377,73229.25446960377,0.0,0.0,7392.184619813105,412.7795148434935,0.7777777777777778,-463.4932814176047,0.0,0.0
62,contingent,node-014,0.0,0.0,0.0,0.0,0.0,0.0,0.0,0.0,7392.184619813105,412.7795148434935,0.7777777777777778,0.0,0.0,0.0
62,contingent,node-015,0.0,106.91147045339932,106.91147045339932,0.0,106911.47045339932,106911.47045339932,0.0,0.0,7392.184619813105,412.7795148434935,0.7777777777777778,-406.80967686116907,0.0,0.0
62,contingent,node-016,0.0,0.0,0.0,0.0,0.0,0.0,0.0,0.0,7392.184619813105,412.7795148434935,0.7777777777777778,-433.71822710262813,0.0,0.0
62,contingent,node-017,0.0,0.0,0.0,0.0,0.0,0.0,0.0,0.0,7392.184619813105,412.7795148434935,0.7777777777777778,-248.5297217422326,0.0,0.0
62,contingent,node-018,0.0,0.0,0.0,0.0,0.0,0.0,0.0,0.0,7392.184619813105,412.7795148434935,0.7777777777777778,-172.6610739702717,0.0,0.0
62,contingent,node-019,0.0,0.0,0.0,0.0,0.0,0.0,0.0,0.0,7392.184619813105,412.7795148434935,0.7777777777777778,0.0,0.0,0.0
62,contingent,node-020,0.0,0.0,0.0,0.0,0.0,0.0,0.0,0.0,7392.184619813105,412.7795148434935,0.7777777777777778,-537.4673156133383,0.0,0.0
62,contingent,node-021,0.0,0.0,0.0,0.0,0.0,0.0,0.0,0.0,7392.184619813105,412.7795148434935,0.7777777777777778,0.0,0.0,0.0
62,contingent,node-022,0.0,0.0,0.0,0.0,0.0,0.0,0.0,0.0,7392.184619813105,412.7795148434935,0.7777777777777778,0.0,0.0,0.0
62,contingent,node-023,0.0,0.0,0.0,0.0,0.0,0.0,0.0,0.0,7392.184619813105,412.7795148434935,0.7777777777777778,0.0,0.0,0.0
62,contingent,node-024,0.0,101.7446065440856,150.53306665767838,0.0,101744.6065440856,150533.06665767837,0.0,0.0,7392.184619813105,412.7795148434935,0.7777777777777778,-298.22160860780355,0.0,0.0
62,contingent,node-025,0.0,0.0,4.173765862425276,0.0,0.0,4173.765862425275,0.0,0.0,7392.184619813105,412.7795148434935,0.7777777777777778,-272.7574942028781,0.0,0.0
62,contingent,node-026,93.53653161119601,0.0,244.41286513222556,0.28629645411245086,0.0,0.7480984746973999,69.22167491734567,326.71215541655624,7392.184619813105,412.7795148434935,0.7777777777777778,-418.3709301623462,-32.67121554165565,-69.22167491734567
62,contingent,node-027,0.0,29.63202966585119,111.48101307317104,0.0,29632.029665851187,111481.01307317104,0.0,0.0,7392.184619813105,412.7795148434935,0.7777777777777778,-343.20112560928965,0.0,0.0
62,contingent,node-028,0.0,145.4294238920835,194.290250163642,0.0,145429.4238920835,194290.25016364202,0.0,0.0,7392.184619813105,412.7795148434935,0.7777777777777778,-394.1228536020112,0.0,0.0
62,contingent,node-029,0.0,0.0,0.0,0.0,0.0,0.0,0.0,0.0,7392.184619813105,412.7795148434935,0.7777777777777778,0.0,0.0,0.0
62,capped,node-000,0.0,0.0,0.0,0.0,0.0,0.0,0.0,0.0,7392.184619813105,502.2981867901218,0.7777777777777778,0.0,0.0,0.0
62,capped,node-001,0.0,0.0,0.0,0.0,0.0,0.0,0.0,0.0,7392.184619813105,502.2981867901218,0.7777777777777778,0.0,0.0,0.0
62,capped,node-002,6.412816916101826,109.90714424163548,341.9129110613281,6412.816916101826,109907.14424163547,341912.9110613281,0.0,0.0,7392.184619813105,502.2981867901218,0.7777777777777778,-56.21648565359382,5.513373588156018,0.0
62,capped,node-003,0.0,40.08516708275661,44.554388904736726,0.0,0.3453758002047841,0.38388283847837673,38.68748868043531,116.06246604130592,7392.184619813105,502.2981867901218,0.7777777777777778,-166.70423642332875,-8.477791328744505,-38.68748868043531
62,capped,node-004,0.0,0.0,0.0,0.0,0.0,0.0,0.0,0.0,7392.184619813105,502.2981867901218,0.7777777777777778,-68.36061146389474,0.0,0.0
62,capped,node-005,0.0,0.0,33.32950832334096,0.0,0.0,33329.50832334096,0.0,0.0,7392.184619813105,502.2981867901218,0.7777777777777778,-110.18896149240355,0.0,0.0
62,capped,node-006,12.12786504901364,177.80130297457052,177.80130297457052,12127.865049013639,177801.3029745705,177801.3029745705,0.0,0.0,7392.184619813105,502.2981867901218,0.7777777777777778,-110.04033133034699,0.0,0.0
62,capped,node-007,0.0,89.77748361183552,89.77748361183552,0.0,89777.48361183552,89777.48361183552,0.0,0.0,7392.184619813105,502.2981867901218,0.7777777777777778,-90.3089942521969,0.0,0.0
62,capped,node-008,0.0,0.0,0.0,0.0,0.0,0.0,0.0,0.0,7392.184619813105,502.2981867901218,0.7777777777777778,0.0,0.0,0.0
62,capped,node-009,0.0,0.0,0.0,0.0,0.0,0.0,0.0,0.0,7392.184619813105,502.2981867901218,0.7777777777777778,0.0,0.0,0.0
62,capped,node-010,0.0,0.0,0.0,0.0,0.0,0.0,0.0,0.0,7392.184619813105,502.2981867901218,0.7777777777777778,-109.18087558962378,0.0,0.0
62,capped,node-011,0.0,0.0,0.0,0.0,0.0,0.0,0.0,0.0,7392.184619813105,502.2981867901218,0.7777777777777778,0.0,0.0,0.0
62,capped,node-012,0.0,0.0,0.0,0.0,0.0,0.0,0.0,0.0,7392.184619813105,502.2981867901218,0.7777777777777778,0.0,0.0,0.0
62,capped,node-013,0.0,73.22925446960377,73.22925446960377,0.0,73229.25446960377,73229.25446960377,0.0,0.0,7392.184619813105,502.2981867901218,0.7777777777777778,-115.87332035440117,0.0,0.0
62,capped,node-014,0.0,0.0,0.0,0.0,0.0,0.0,0.0,0.0,7392.184619813105,502.2981867901218,0.7777777777777778,0.0,0.0,0.0
62,capped,node-015,0.0,106.91147045339932,106.91147045339932,0.0,106911.47045339932,106911.47045339932,0.0,0.0,7392.184619813105,502.2981867901218,0.7777777777777778,-101.70241921529227,0.0,0.0
62,capped,node-016,0.0,0.0,54.21477838782851,0.0,0.0,54214.77838782851,0.0,0.0,7392.184619813105,502.2981867901218,0.7777777777777778,-108.42955677565705,0.0,0.0
62,capped,node-017,0.0,0.0,0.0,0.0,0.0,0.0,0.0,0.0,7392.184619813105,502.2981867901218,0.7777777777777778,-62.132430435558156,0.0,0.0
62,capped,node-018,0.0,0.0,0.0,0.0,0.0,0.0,0.0,0.0,7392.184619813105,502.2981867901218,0.7777777777777778,-43.16526849256792,0.0,0.0
62,capped,node-019,0.0,0.0,0.0,0.0,0.0,0.0,0.0,0.0,7392.184619813105,502.2981867901218,0.7777777777777778,0.0,0.0,0.0
62,capped,node-020,0.0,0.0,0.0,0.0,0.0,0.0,0.0,0.0,7392.184619813105,502.2981867901218,0.7777777777777778,-134.36682890333458,0.0,0.0
62,capped,node-021,0.0,0.0,0.0,0.0,0.0,0.0,0.0,0.0,7392.184619813105,502.2981867901218,0.7777777777777778,0.0,0.0,0.0
62,capped,node-022,0.0,0.0,0.0,0.0,0.0,0.0,0.0,0.0,7392.184619813105,502.2981867901218,0.7777777777777778,0.0,0.0,0.0
62,capped,node-023,0.0,0.0,0.0,0.0,0.0,0.0,0.0,0.0,7392.184619813105,502.2981867901218,0.7777777777777778,0.0,0.0,0.0
62,capped,node-024,0.0,101.7446065440856,150.53306665767838,0.0,101744.6065440856,150533.06665767837,0.0,0.0,7392.184619813105,502.2981867901218,0.7777777777777778,-74.55540215195089,0.0,0.0
62,capped,node-025,0.0,0.0,4.173765862425276,0.0,0.0,4173.765862425275,0.0,0.0,7392.184619813105,502.2981867901218,0.7777777777777778,-68.18937355071954,0.0,0.0
62,capped,node-026,57.84733691641276,0.0,184.8892997999659,0.14977210498361215,0.0,0.4786954956975784,128.74524024960533,386.2357207488159,7392.184619813105,502.2981867901218,0.7777777777777778,-216.03255406085546,-38.62357207488162,-128.74524024960533
62,capped,node-027,0.0,111.74388350281072,198.13631326478117,0.0,111743.88350281071,198136.31326478117,0.0,0.0,7392.184619813105,502.2981867901218,0.7777777777777778,-85.80028140232241,0.0,0.0
62,capped,node-028,0.0,145.4294238920835,194.290250163642,0.0,145429.4238920835,194290.25016364202,0.0,0.0,7392.184619813105,502.2981867901218,0.7777777777777778,-98.53071340050279,0.0,0.0
62,capped,node-029,0.0,0.0,0.0,0.0,0.0,0.0,0.0,0.0,7392.184619813105,502.2981867901218,0.7777777777777778,0.0,0.0,0.0
62,proper_scoring,node-000,0.0,0.0,0.0,0.0,0.0,0.0,0.0,0.0,7392.184619813105,1109.9853106354078,0.7777777777777778,0.0,0.0,0.0
62,proper_scoring,node-001,0.0,0.0,0.0,0.0,0.0,0.0,0.0,0.0,7392.184619813105,1109.9853106354078,0.7777777777777778,0.0,0.0,0.0
62,proper_scoring,node-002,492.1851654586941,839.4453377002933,839.4453377002933,492185.1654586941,839445.3377002933,839445.3377002933,0.0,0.0,7392.184619813105,1109.9853106354078,0.7777777777777778,-224.86594261437529,149.76053161086207,0.0
62,proper_scoring,node-003,346.1556244199324,240.81144113560237,483.54073248243475,0.898309673062457,0.6249306141384359,1.254838248075755,307.9661080132208,385.3410853740914,7392.184619813105,1109.9853106354078,0.7777777777777778,-790.2002941187484,44.40067365721802,-307.9661080132208
62,proper_scoring,node-004,0.0,0.0,0.0,0.0,0.0,0.0,0.0,0.0,7392.184619813105,1109.9853106354078,0.7777777777777778,-191.05671636193415,0.0,0.0
62,proper_scoring,node-005,0.0,0.0,89.81103850759646,0.0,0.0,89811.03850759646,0.0,0.0,7392.184619813105,1109.9853106354078,0.7777777777777778,-390.77879602956835,0.0,0.0
62,proper_scoring,node-006,447.64920458096606,623.6004763819465,800.8498113176986,447649.20458096603,623600.4763819465,800849.8113176986,0.0,0.0,7392.184619813105,1109.9853106354078,0.7777777777777778,-434.9916163336418,0.0,0.0
62,proper_scoring,node-007,0.0,239.77748361183552,259.69100574780305,0.0,239777.48361183552,259691.00574780305,0.0,0.0,7392.184619813105,1109.9853106354078,0.7777777777777778,-361.2359770087877,0.0,0.0
62,proper_scoring,node-008,0.0,0.0,0.0,0.0,0.0,0.0,0.0,0.0,7392.184619813105,1109.9853106354078,0.7777777777777778,0.0,0.0,0.0
62,proper_scoring,node-009,0.0,0.0,0.0,0.0,0.0,0.0,0.0,0.0,7392.184619813105,1109.9853106354078,0.7777777777777778,0.0,0.0,0.0
62,proper_scoring,node-010,0.0,0.0,90.81912441037622,0.0,0.0,90819.12441037621,0.0,0.0,7392.184619813105,1109.9853106354078,0.7777777777777778,-309.1808755896238,0.0,0.0
62,proper_scoring,node-011,0.0,0.0,0.0,0.0,0.0,0.0,0.0,0.0,7392.184619813105,1109.9853106354078,0.7777777777777778,0.0,0.0,0.0
62,proper_scoring,node-012,0.0,0.0,0.0,0.0,0.0,0.0,0.0,0.0,7392.184619813105,1109.9853106354078,0.7777777777777778,0.0,0.0,0.0
62,proper_scoring,node-013,0.0,173.2292544696038,251.2657555587065,0.0,173229.2544696038,251265.7555587065,0.0,0.0,7392.184619813105,1109.9853106354078,0.7777777777777778,-453.64939971319905,0.0,0.0
62,proper_scoring,node-014,0.0,0.0,0.0,0.0,0.0,0.0,0.0,0.0,7392.184619813105,1109.9853106354078,0.7777777777777778,0.0,0.0,0.0
62,proper_scoring,node-015,0.0,306.9114704533993,335.49584231585027,0.0,306911.4704533993,335495.84231585026,0.0,0.0,7392.184619813105,1109.9853106354078,0.7777777777777778,-406.49679461745785,0.0,0.0
62,proper_scoring,node-016,297.2953644836627,0.0,454.2147783878285,297295.3644836627,0.0,454214.7783878285,0.0,0.0,7392.184619813105,1109.9853106354078,0.7777777777777778,-405.1630936380342,0.0,0.0
62,proper_scoring,node-017,0.0,0.0,0.0,0.0,0.0,0.0,0.0,0.0,7392.184619813105,1109.9853106354078,0.7777777777777778,-184.20804271760272,0.0,0.0
62,proper_scoring,node-018,0.0,0.0,6.834731507432082,0.0,0.0,6834.731507432081,0.0,0.0,7392.184619813105,1109.9853106354078,0.7777777777777778,-93.16526849256792,0.0,0.0
62,proper_scoring,node-019,0.0,0.0,0.0,0.0,0.0,0.0,0.0,0.0,7392.184619813105,1109.9853106354078,0.7777777777777778,0.0,0.0,0.0
62,proper_scoring,node-020,0.0,0.0,115.63317109666541,0.0,0.0,115633.1710966654,0.0,0.0,7392.184619813105,1109.9853106354078,0.7777777777777778,-446.4291684819879,0.0,0.0
62,proper_scoring,node-021,0.0,0.0,0.0,0.0,0.0,0.0,0.0,0.0,7392.184619813105,1109.9853106354078,0.7777777777777778,0.0,0.0,0.0
62,proper_scoring,node-022,0.0,0.0,0.0,0.0,0.0,0.0,0.0,0.0,7392.184619813105,1109.9853106354078,0.7777777777777778,0.0,0.0,0.0
62,proper_scoring,node-023,0.0,0.0,0.0,0.0,0.0,0.0,0.0,0.0,7392.184619813105,1109.9853106354078,0.7777777777777778,0.0,0.0,0.0
62,proper_scoring,node-024,0.0,401.7446065440857,537.2777010759755,0.0,401744.60654408566,537277.7010759756,0.0,0.0,7392.184619813105,1109.9853106354078,0.7777777777777778,-298.22160860780355,0.0,0.0
62,proper_scoring,node-025,272.1177686439179,0.0,572.2052200851413,272117.76864391787,0.0,572205.2200851412,0.0,0.0,7392.184619813105,1109.9853106354078,0.7777777777777778,-272.7574942028781,0.0,0.0
62,proper_scoring,node-026,204.25993224152154,2.067930155239992,330.6136771095726,0.28187616090897943,0.0028537178427031126,0.4562427541464902,467.15374476210565,724.6442252613164,7392.184619813105,1109.9853106354078,0.7777777777777778,-816.3030000071062,-32.67121554165567,-467.15374476210565
62,proper_scoring,node-027,0.0,437.40222979359123,723.1437916791978,0.0,437402.22979359125,723143.7916791977,0.0,0.0,7392.184619813105,1109.9853106354078,0.7777777777777778,-343.20112560928965,0.0,0.0
62,proper_scoring,node-028,75.38408690223518,645.4294238920836,793.0352768784493,75384.08690223518,645429.4238920836,793035.2768784493,0.0,0.0,7392.184619813105,1109.9853106354078,0.7777777777777778,-394.1228536020112,0.0,0.0
62,proper_scoring,node-029,0.0,0.0,0.0,0.0,0.0,0.0,0.0,0.0,7392.184619813105,1109.9853106354078,0.7777777777777778,0.0,0.0,0.0
62,audits,node-000,0.0,0.0,0.0,0.0,0.0,0.0,0.0,0.0,7392.184619813105,532.9983709774592,0.7777777777777778,0.0,0.0,0.0
62,audits,node-001,0.0,0.0,0.0,0.0,0.0,0.0,0.0,0.0,7392.184619813105,532.9983709774592,0.7777777777777778,0.0,0.0,0.0
62,audits,node-002,433.5387314753352,759.9071442416355,759.9071442416355,433538.7314753352,759907.1442416355,759907.1442416355,0.0,0.0,7392.184619813105,532.9983709774592,0.7777777777777778,-1556.2164856535937,149.76053161086207,0.0
62,audits,node-003,838.6568477663402,248.36422911127693,961.3035809928278,838656.8477663402,248364.22911127692,961303.5809928278,-248.36422911127693,-170.9892517504063,7392.184619813105,532.9983709774592,0.7777777777777778,-1379.6525186316164,541.4011629957811,248.36422911127693
62,audits,node-004,0.0,0.0,0.0,0.0,0.0,0.0,0.0,0.0,7392.184619813105,532.9983709774592,0.7777777777777778,-191.05671636193415,0.0,0.0
62,audits,node-005,0.0,0.0,89.81103850759646,0.0,0.0,89811.03850759646,0.0,0.0,7392.184619813105,532.9983709774592,0.7777777777777778,-410.18896149240356,0.0,0.0
62,audits,node-006,427.63743857693464,577.8013029745705,703.763619224844,427637.4385769346,577801.3029745704,703763.6192248439,0.0,0.0,7392.184619813105,532.9983709774592,0.7777777777777778,-1610.040331330347,0.0,0.0
62,audits,node-007,0.0,239.77748361183552,259.69100574780305,0.0,239777.48361183552,259691.00574780305,0.0,0.0,7392.184619813105,532.9983709774592,0.7777777777777778,-440.30899425219684,0.0,0.0
62,audits,node-008,0.0,0.0,0.0,0.0,0.0,0.0,0.0,0.0,7392.184619813105,532.9983709774592,0.7777777777777778,0.0,0.0,0.0
62,audits,node-009,0.0,0.0,0.0,0.0,0.0,0.0,0.0,0.0,7392.184619813105,532.9983709774592,0.7777777777777778,0.0,0.0,0.0
62,audits,node-010,0.0,0.0,90.81912441037622,0.0,0.0,90819.12441037621,0.0,0.0,7392.184619813105,532.9983709774592,0.7777777777777778,-309.1808755896238,0.0,0.0
62,audits,node-011,0.0,0.0,0.0,0.0,0.0,0.0,0.0,0.0,7392.184619813105,532.9983709774592,0.7777777777777778,0.0,0.0,0.0
62,audits,node-012,0.0,0.0,0.0,0.0,0.0,0.0,0.0,0.0,7392.184619813105,532.9983709774592,0.7777777777777778,0.0,0.0,0.0
62,audits,node-013,0.0,173.2292544696038,234.1266796455988,0.0,173229.2544696038,234126.6796455988,0.0,0.0,7392.184619813105,532.9983709774592,0.7777777777777778,-565.8733203544012,0.0,0.0
62,audits,node-014,0.0,0.0,0.0,0.0,0.0,0.0,0.0,0.0,7392.184619813105,532.9983709774592,0.7777777777777778,0.0,0.0,0.0
62,audits,node-015,0.0,306.9114704533993,335.49584231585027,0.0,306911.4704533993,335495.84231585026,0.0,0.0,7392.184619813105,532.9983709774592,0.7777777777777778,-601.7024192152924,0.0,0.0
62,audits,node-016,297.2953644836627,0.0,454.2147783878285,297295.3644836627,0.0,454214.7783878285,0.0,0.0,7392.184619813105,532.9983709774592,0.7777777777777778,-608.4295567756569,0.0,0.0
62,audits,node-017,0.0,0.0,0.0,0.0,0.0,0.0,0.0,0.0,7392.184619813105,532.9983709774592,0.7777777777777778,-184.20804271760272,0.0,0.0
62,audits,node-018,0.0,0.0,6.834731507432082,0.0,0.0,6834.731507432081,0.0,0.0,7392.184619813105,532.9983709774592,0.7777777777777778,-93.16526849256792,0.0,0.0
62,audits,node-019,0.0,0.0,0.0,0.0,0.0,0.0,0.0,0.0,7392.184619813105,532.9983709774592,0.7777777777777778,0.0,0.0,0.0
62,audits,node-020,0.0,0.0,115.63317109666541,0.0,0.0,115633.1710966654,0.0,0.0,7392.184619813105,532.9983709774592,0.7777777777777778,-484.3668289033345,0.0,0.0
62,audits,node-021,0.0,0.0,0.0,0.0,0.0,0.0,0.0,0.0,7392.184619813105,532.9983709774592,0.7777777777777778,0.0,0.0,0.0
62,audits,node-022,0.0,0.0,0.0,0.0,0.0,0.0,0.0,0.0,7392.184619813105,532.9983709774592,0.7777777777777778,0.0,0.0,0.0
62,audits,node-023,0.0,0.0,0.0,0.0,0.0,0.0,0.0,0.0,7392.184619813105,532.9983709774592,0.7777777777777778,0.0,0.0,0.0
62,audits,node-024,0.0,401.7446065440857,537.2777010759755,0.0,401744.60654408566,537277.7010759756,0.0,0.0,7392.184619813105,532.9983709774592,0.7777777777777778,-574.555402151951,0.0,0.0
62,audits,node-025,272.1177686439179,0.0,531.8106264492806,272117.76864391787,0.0,531810.6264492805,0.0,0.0,7392.184619813105,532.9983709774592,0.7777777777777778,-1268.18937355072,0.0,0.0
62,audits,node-026,141.8094318510494,0.0,295.91295364221804,0.20143739360296603,0.0,0.42033829017560237,446.4971422286549,703.9876227278655,7392.184619813105,532.9983709774592,0.7777777777777778,-1983.784456039905,-38.62357207488162,-446.4971422286549
62,audits,node-027,0.0,411.7438835028107,664.1997185976777,0.0,411743.8835028107,664199.7185976777,0.0,0.0,7392.184619813105,532.9983709774592,0.7777777777777778,-1535.8002814023228,0.0,0.0
62,audits,node-028,69.36996493915714,645.4294238920836,751.4692865994971,69369.96493915714,645429.4238920836,751469.2865994971,0.0,0.0,7392.184619813105,532.9983709774592,0.7777777777777778,-1548.530713400503,0.0,0.0
62,audits,node-029,0.0,0.0,0.0,0.0,0.0,0.0,0.0,0.0,7392.184619813105,532.9983709774592,0.7777777777777778,0.0,0.0,0.0
59,greedy,node-000,0.0,0.0,0.0,0.0,0.0,0.0,0.0,0.0,7903.347590131046,245.04945623176334,0.8,0.0,0.0,0.0
59,greedy,node-001,0.0,0.0,0.0,0.0,0.0,0.0,0.0,0.0,7903.347590131046,245.04945623176334,0.8,0.0,0.0,0.0
59,greedy,node-002,0.0,0.0,0.0,0.0,0.0,0.0,0.0,0.0,7903.347590131046,245.04945623176334,0.8,0.0,0.0,0.0
59,greedy,node-003,0.0,0.0,0.0,0.0,0.0,0.0,0.0,0.0,7903.347590131046,245.04945623176334,0.8,0.0,0.0,0.0
59,greedy,node-004,0.0,0.0,0.0,0.0,0.0,0.0,0.0,0.0,7903.347590131046,245.04945623176334,0.8,0.0,0.0,0.0
59,greedy,node-005,0.0,0.0,0.0,0.0,0.0,0.0,0.0,0.0,7903.347590131046,245.04945623176334,0.8,0.0,0.0,0.0
59,greedy,node-006,0.0,0.0,0.0,0.0,0.0,0.0,0.0,0.0,7903.347590131046,245.04945623176334,0.8,0.0,0.0,0.0
59,greedy,node-007,0.0,0.0,0.0,0.0,0.0,0.0,0.0,0.0,7903.347590131046,245.04945623176334,0.8,0.0,0.0,0.0
59,greedy,node-008,0.0,0.0,0.0,0.0,0.0,0.0,0.0,0.0,7903.347590131046,245.04945623176334,0.8,0.0,0.0,0.0
59,greedy,node-009,0.0,0.0,0.0,0.0,0.0,0.0,0.0,0.0,7903.347590131046,245.04945623176334,0.8,0.0,0.0,0.0
59,greedy,node-010,0.0,0.0,0.0,0.0,0.0,0.0,0.0,0.0,7903.347590131046,245.04945623176334,0.8,0.0,0.0,0.0
59,greedy,node-011,12.713486195039991,0.0,12.713486195039991,0.15211417083866646,0.0,0.15211417083866646,27.859526225039694,83.57857867511909,7903.347590131046,245.04945623176334,0.8,-59.205080925087614,-8.35785786751191,-27.859526225039694
59,greedy,node-012,0.0,0.0,0.0,0.0,0.0,0.0,0.0,0.0,7903.347590131046,245.04945623176334,0.8,-35.605061250425344,0.0,0.0
59,greedy,node-013,0.0,0.0,0.0,0.0,0.0,0.0,0.0,0.0,7903.347590131046,245.04945623176334,0.8,0.0,0.0,0.0
59,greedy,node-014,0.0,0.0,0.0,0.0,0.0,0.0,0.0,0.0,7903.347590131046,245.04945623176334,0.8,0.0,0.0,0.0
59,greedy,node-015,0.0,0.0,0.0,0.0,0.0,0.0,0.0,0.0,7903.347590131046,245.04945623176334,0.8,0.0,0.0,0.0
59,greedy,node-016,0.0,0.0,0.0,0.0,0.0,0.0,0.0,0.0,7903.347590131046,245.04945623176334,0.8,0.0,0.0,0.0
59,greedy,node-017,0.0,0.0,0.0,0.0,0.0,0.0,0.0,0.0,7903.347590131046,245.04945623176334,0.8,0.0,0.0,0.0
59,greedy,node-018,0.0,0.0,0.0,0.0,0.0,0.0,0.0,0.0,7903.347590131046,245.04945623176334,0.8,0.0,0.0,0.0
59,greedy,node-019,0.0,0.0,0.0,0.0,0.0,0.0,0.0,0.0,7903.347590131046,245.04945623176334,0.8,0.0,0.0,0.0
59,greedy,node-020,0.0,0.0,0.0,0.0,0.0,0.0,0.0,0.0,7903.347590131046,245.04945623176334,0.8,-29.510333223233392,0.0,0.0
59,greedy,node-021,0.0,0.0,0.0,0.0,0.0,0.0,0.0,0.0,7903.347590131046,245.04945623176334,0.8,0.0,0.0,0.0
59,greedy,node-022,4.407281971794534,0.0,4.407281971794534,4407.281971794534,0.0,4407.281971794534,0.0,0.0,7903.347590131046,245.04945623176334,0.8,-45.2418557697756,0.0,0.0
59,greedy,node-023,43.59385182759218,0.0,43.59385182759218,0.2699796550761878,0.0,0.2699796550761878,53.82362585221477,161.4708775566443,7903.347590131046,245.04945623176334,0.8,-100.9380024719706,-12.802583188528963,-109.89714565311249
59,greedy,node-024,0.0,0.0,0.0,0.0,0.0,0.0,0.0,0.0,7903.347590131046,245.04945623176334,0.8,0.0,0.0,0.0
59,greedy,node-025,0.0,0.0,0.0,0.0,0.0,0.0,0.0,0.0,7903.347590131046,245.04945623176334,0.8,0.0,0.0,0.0
59,greedy,node-026,0.0,0.0,0.0,0.0,0.0,0.0,0.0,0.0,7903.347590131046,245.04945623176334,0.8,0.0,0.0,0.0
59,greedy,node-027,0.0,0.0,0.0,0.0,0.0,0.0,0.0,0.0,7903.347590131046,245.04945623176334,0.8,0.0,0.0,0.0
59,greedy,node-028,0.0,0.0,0.0,0.0,0.0,0.0,0.0,0.0,7903.347590131046,245.04945623176334,0.8,0.0,0.0,0.0
59,greedy,node-029,0.0,0.0,0.0,0.0,0.0,0.0,0.0,0.0,7903.347590131046,245.04945623176334,0.8,0.0,0.0,0.0
59,trust_vcg,node-000,0.0,0.0,0.0,0.0,0.0,0.0,0.0,0.0,8709.849908108512,1370.649927071512,1.0,-1115.0943238370778,0.0,0.0
59,trust_vcg,node-001,0.0,0.0,0.0,0.0,0.0,0.0,0.0,0.0,8709.849908108512,1370.649927071512,1.0,0.0,0.0,0.0
59,trust_vcg,node-002,0.0,0.0,46.396172622239796,0.0,0.0,46396.17262223979,0.0,0.0,8709.849908108512,1370.649927071512,1.0,-553.6038273777602,0.0,0.0
59,trust_vcg,node-003,0.0,0.0,0.0,0.0,0.0,0.0,0.0,0.0,8709.849908108512,1370.649927071512,1.0,0.0,0.0,0.0
59,trust_vcg,node-004,0.0,0.0,387.59848994856844,0.0,0.0,387598.48994856846,0.0,0.0,8709.849908108512,1370.649927071512,1.0,-5612.4015100514325,0.0,0.0
59,trust_vcg,node-005,0.0,0.0,0.0,0.0,0.0,0.0,0.0,0.0,8709.849908108512,1370.649927071512,1.0,-5581.308241691724,0.0,0.0
59,trust_vcg,node-006,0.0,0.0,82.60339721927505,0.0,0.0,82603.39721927505,0.0,0.0,8709.849908108512,1370.649927071512,1.0,-1717.3966027807248,0.0,0.0
59,trust_vcg,node-007,0.0,0.0,227.18417160136505,0.0,0.0,227184.17160136506,0.0,0.0,8709.849908108512,1370.649927071512,1.0,-11172.815828398632,0.0,0.0
59,trust_vcg,node-008,93.23415183050288,0.0,128.33436947046246,93234.15183050287,0.0,128334.36947046246,0.0,0.0,8709.849908108512,1370.649927071512,1.0,-2271.6656305295373,0.0,0.0
59,trust_vcg,node-009,0.0,0.0,0.0,0.0,0.0,0.0,0.0,0.0,8709.849908108512,1370.649927071512,1.0,0.0,0.0,0.0
59,trust_vcg,node-010,0.0,0.0,0.0,0.0,0.0,0.0,0.0,0.0,8709.849908108512,1370.649927071512,1.0,0.0,0.0,0.0
59,trust_vcg,node-011,0.0,0.0,70.9353750091432,0.0,0.0,70935.3750091432,0.0,0.0,8709.849908108512,1370.649927071512,1.0,-11073.308455927114,48.705839941197354,0.0
59,trust_vcg,node-012,149.98619790647,0.0,157.6819395864456,149986.19790647,0.0,157681.9395864456,0.0,0.0,8709.849908108512,1370.649927071512,1.0,-11105.116060934077,0.0,0.0
59,trust_vcg,node-013,0.0,0.0,0.0,0.0,0.0,0.0,0.0,0.0,8709.849908108512,1370.649927071512,1.0,0.0,0.0,0.0
59,trust_vcg,node-014,0.0,0.0,0.0,0.0,0.0,0.0,0.0,0.0,8709.849908108512,1370.649927071512,1.0,0.0,0.0,0.0
59,trust_vcg,node-015,0.0,0.0,107.00277834629998,0.0,0.0,107002.77834629998,0.0,0.0,8709.849908108512,1370.649927071512,1.0,-2292.9972216537,0.0,0.0
59,trust_vcg,node-016,0.0,0.0,0.0,0.0,0.0,0.0,0.0,0.0,8709.849908108512,1370.649927071512,1.0,0.0,0.0,0.0
59,trust_vcg,node-017,0.0,0.0,0.0,0.0,0.0,0.0,0.0,0.0,8709.849908108512,1370.649927071512,1.0,0.0,0.0,0.0
59,trust_vcg,node-018,0.0,0.0,256.789015072958,0.0,0.0,256789.01507295802,0.0,0.0,8709.849908108512,1370.649927071512,1.0,-3943.210984927042,0.0,0.0
59,trust_vcg,node-019,0.0,0.0,0.0,0.0,0.0,0.0,0.0,0.0,8709.849908108512,1370.649927071512,1.0,0.0,0.0,0.0
59,trust_vcg,node-020,0.0,0.0,0.0,0.0,0.0,0.0,0.0,0.0,8709.849908108512,1370.649927071512,1.0,-11085.671163560497,0.0,0.0
59,trust_vcg,node-021,0.0,0.0,0.0,0.0,0.0,0.0,0.0,0.0,8709.849908108512,1370.649927071512,1.0,-5588.335765188143,0.0,0.0
59,trust_vcg,node-022,0.0,2.5051388176475484,2.5051388176475484,0.0,0.001827701419719877,0.001827701419719877,1088.5465498120723,1370.649927071512,8709.849908108512,1370.649927071512,1.0,-12160.930537647388,-42.315506588915696,-1088.5465498120723
59,trust_vcg,node-023,0.0,0.0,270.044089515358,0.0,0.0,270044.089515358,0.0,0.0,8709.849908108512,1370.649927071512,1.0,-5444.617767047246,0.0,0.0
59,trust_vcg,node-024,0.0,0.0,0.0,0.0,0.0,0.0,0.0,0.0,8709.849908108512,1370.649927071512,1.0,0.0,0.0,0.0
59,trust_vcg,node-025,0.0,0.0,0.0,0.0,0.0,0.0,0.0,0.0,8709.849908108512,1370.649927071512,1.0,0.0,0.0,0.0
59,trust_vcg,node-026,21.182148226416558,0.0,74.69624894869796,21182.148226416557,0.0,74696.24894869796,0.0,0.0,8709.849908108512,1370.649927071512,1.0,-1725.3037510513022,0.0,0.0
59,trust_vcg,node-027,0.0,0.0,0.0,0.0,0.0,0.0,0.0,0.0,8709.849908108512,1370.649927071512,1.0,0.0,0.0,0.0
59,trust_vcg,node-028,0.0,0.0,0.0,0.0,0.0,0.0,0.0,0.0,8709.849908108512,1370.649927071512,1.0,0.0,0.0,0.0
59,trust_vcg,node-029,0.0,0.0,0.0,0.0,0.0,0.0,0.0,0.0,8709.849908108512,1370.649927071512,1.0,0.0,0.0,0.0
59,contingent,node-000,0.0,0.0,0.0,0.0,0.0,0.0,0.0,0.0,8709.849908108512,423.1550658891594,1.0,-129.54417996679683,0.0,0.0
59,contingent,node-001,0.0,0.0,0.0,0.0,0.0,0.0,0.0,0.0,8709.849908108512,423.1550658891594,1.0,0.0,0.0,0.0
59,contingent,node-002,0.0,0.0,0.0,0.0,0.0,0.0,0.0,0.0,8709.849908108512,423.1550658891594,1.0,-14.41530951104084,0.0,0.0
59,contingent,node-003,0.0,0.0,0.0,0.0,0.0,0.0,0.0,0.0,8709.849908108512,423.1550658891594,1.0,0.0,0.0,0.0
59,contingent,node-004,0.0,0.0,26.71403133608535,0.0,0.0,26714.031336085347,0.0,0.0,8709.849908108512,423.1550658891594,1.0,-449.606040205726,0.0,0.0
59,contingent,node-005,0.0,11.355525765734946,11.355525765734946,0.0,11355.525765734945,11355.525765734945,0.0,0.0,8709.849908108512,423.1550658891594,1.0,-325.23296676689836,0.0,0.0
59,contingent,node-006,0.0,0.0,0.0,0.0,0.0,0.0,0.0,0.0,8709.849908108512,423.1550658891594,1.0,-269.58641112289985,0.0,0.0
59,contingent,node-007,0.0,0.0,0.0,0.0,0.0,0.0,0.0,0.0,8709.849908108512,423.1550658891594,1.0,-691.2633135945396,0.0,0.0
59,contingent,node-008,0.0,0.0,10.616223238101355,0.0,0.0,10616.223238101355,0.0,0.0,8709.849908108512,423.1550658891594,1.0,-286.6625221181501,0.0,0.0
59,contingent,node-009,0.0,0.0,0.0,0.0,0.0,0.0,0.0,0.0,8709.849908108512,423.1550658891594,1.0,0.0,0.0,0.0
59,contingent,node-010,0.0,0.0,0.0,0.0,0.0,0.0,0.0,0.0,8709.849908108512,423.1550658891594,1.0,0.0,0.0,0.0
59,contingent,node-011,0.0,106.61601740875587,116.30069088133449,0.0,106616.01740875587,116300.69088133449,0.0,0.0,8709.849908108512,423.1550658891594,1.0,-293.2338237084637,1.5035940595833495,0.0
59,contingent,node-012,2.758264643513005,0.0,11.79246893196871,2758.264643513005,0.0,11792.46893196871,0.0,0.0,8709.849908108512,423.1550658891594,1.0,-420.4642437363085,0.0,0.0
59,contingent,node-013,0.0,0.0,0.0,0.0,0.0,0.0,0.0,0.0,8709.849908108512,423.1550658891594,1.0,0.0,0.0,0.0
59,contingent,node-014,0.0,0.0,0.0,0.0,0.0,0.0,0.0,0.0,8709.849908108512,423.1550658891594,1.0,0.0,0.0,0.0
59,contingent,node-015,0.0,0.0,0.0,0.0,0.0,0.0,0.0,0.0,8709.849908108512,423.1550658891594,1.0,-371.9888866148001,0.0,0.0
59,contingent,node-016,0.0,0.0,0.0,0.0,0.0,0.0,0.0,0.0,8709.849908108512,423.1550658891594,1.0,0.0,0.0,0.0
59,contingent,node-017,0.0,0.0,0.0,0.0,0.0,0.0,0.0,0.0,8709.849908108512,423.1550658891594,1.0,0.0,0.0,0.0
59,contingent,node-018,0.0,0.0,26.03606646543154,0.0,0.0,26036.066465431537,0.0,0.0,8709.849908108512,423.1550658891594,1.0,-372.84393970816797,0.0,0.0
59,contingent,node-019,0.0,0.0,0.0,0.0,0.0,0.0,0.0,0.0,8709.849908108512,423.1550658891594,1.0,0.0,0.0,0.0
59,contingent,node-020,0.0,10.352743504331846,10.352743504331846,0.0,10352.743504331846,10352.743504331846,0.0,0.0,8709.849908108512,423.1550658891594,1.0,-459.43305385544926,0.0,0.0
59,contingent,node-021,0.0,0.0,0.0,0.0,0.0,0.0,0.0,0.0,8709.849908108512,423.1550658891594,1.0,-353.34306075257626,0.0,0.0
59,contingent,node-022,123.13588751451675,0.0,259.7507654656011,0.2909947143271842,0.0,0.6138429772069415,141.05168862971982,423.1550658891594,8709.849908108512,423.1550658891594,1.0,-430.58763997097594,-42.31550658891594,-141.05168862971982
59,contingent,node-023,0.0,13.581762706721117,70.7932829594068,0.0,13581.762706721116,70793.28295940679,0.0,0.0,8709.849908108512,423.1550658891594,1.0,-117.2029790391023,0.0,0.0
59,contingent,node-024,0.0,0.0,0.0,0.0,0.0,0.0,0.0,0.0,8709.849908108512,423.1550658891594,1.0,0.0,0.0,0.0
59,contingent,node-025,0.0,0.0,0.0,0.0,0.0,0.0,0.0,0.0,8709.849908108512,423.1550658891594,1.0,0.0,0.0,0.0
59,contingent,node-026,0.0,0.0,0.0,0.0,0.0,0.0,0.0,0.0,8709.849908108512,423.1550658891594,1.0,-301.2150042052082,0.0,0.0
59,contingent,node-027,0.0,0.0,0.0,0.0,0.0,0.0,0.0,0.0,8709.849908108512,423.1550658891594,1.0,0.0,0.0,0.0
59,contingent,node-028,0.0,0.0,0.0,0.0,0.0,0.0,0.0,0.0,8709.849908108512,423.1550658891594,1.0,0.0,0.0,0.0
59,contingent,node-029,0.0,0.0,0.0,0.0,0.0,0.0,0.0,0.0,8709.849908108512,423.1550658891594,1.0,0.0,0.0,0.0
59,capped,node-000,0.0,0.0,0.0,0.0,0.0,0.0,0.0,0.0,8709.849908108512,423.1550658891594,1.0,-32.38604499169921,0.0,0.0
59,capped,node-001,0.0,0.0,0.0,0.0,0.0,0.0,0.0,0.0,8709.849908108512,423.1550658891594,1.0,0.0,0.0,0.0
59,capped,node-002,0.0,0.0,0.0,0.0,0.0,0.0,0.0,0.0,8709.849908108512,423.1550658891594,1.0,-3.6038273777602097,0.0,0.0
59,capped,node-003,0.0,0.0,0.0,0.0,0.0,0.0,0.0,0.0,8709.849908108512,423.1550658891594,1.0,0.0,0.0,0.0
59,capped,node-004,0.0,0.0,26.71403133608535,0.0,0.0,26714.031336085347,0.0,0.0,8709.849908108512,423.1550658891594,1.0,-112.4015100514315,0.0,0.0
59,capped,node-005,0.0,73.43289651183227,73.43289651183227,0.0,73432.89651183227,73432.89651183227,0.0,0.0,8709.849908108512,423.1550658891594,1.0,-81.30824169172458,0.0,0.0
59,capped,node-006,0.0,0.0,0.0,0.0,0.0,0.0,0.0,0.0,8709.849908108512,423.1550658891594,1.0,-67.39660278072495,0.0,0.0
59,capped,node-007,0.0,0.0,0.0,0.0,0.0,0.0,0.0,0.0,8709.849908108512,423.1550658891594,1.0,-172.81582839863495,0.0,0.0
59,capped,node-008,0.0,0.0,10.616223238101355,0.0,0.0,10616.223238101355,0.0,0.0,8709.849908108512,423.1550658891594,1.0,-71.66563052953752,0.0,0.0
59,capped,node-009,0.0,0.0,0.0,0.0,0.0,0.0,0.0,0.0,8709.849908108512,423.1550658891594,1.0,0.0,0.0,0.0
59,capped,node-010,0.0,0.0,0.0,0.0,0.0,0.0,0.0,0.0,8709.849908108512,423.1550658891594,1.0,0.0,0.0,0.0
59,capped,node-011,2.155803748278786,130.02768765438935,146.61691185423186,2155.8037482787863,130027.68765438934,146616.91185423185,0.0,0.0,8709.849908108512,423.1550658891594,1.0,-73.30845592711593,1.5035940595833495,0.0
59,capped,node-012,2.758264643513005,0.0,52.55803046703856,2758.264643513005,0.0,52558.03046703856,0.0,0.0,8709.849908108512,423.1550658891594,1.0,-105.11606093407713,0.0,0.0
59,capped,node-013,0.0,0.0,0.0,0.0,0.0,0.0,0.0,0.0,8709.849908108512,423.1550658891594,1.0,0.0,0.0,0.0
59,capped,node-014,0.0,0.0,0.0,0.0,0.0,0.0,0.0,0.0,8709.849908108512,423.1550658891594,1.0,0.0,0.0,0.0
59,capped,node-015,0.0,0.0,0.0,0.0,0.0,0.0,0.0,0.0,8709.849908108512,423.1550658891594,1.0,-92.99722165370002,0.0,0.0
59,capped,node-016,0.0,0.0,0.0,0.0,0.0,0.0,0.0,0.0,8709.849908108512,423.1550658891594,1.0,0.0,0.0,0.0
59,capped,node-017,0.0,0.0,0.0,0.0,0.0,0.0,0.0,0.0,8709.849908108512,423.1550658891594,1.0,0.0,0.0,0.0
59,capped,node-018,0.0,0.0,26.03606646543154,0.0,0.0,26036.066465431537,0.0,0.0,8709.849908108512,423.1550658891594,1.0,-93.21098492704198,0.0,0.0
59,capped,node-019,0.0,0.0,0.0,0.0,0.0,0.0,0.0,0.0,8709.849908108512,423.1550658891594,1.0,0.0,0.0,0.0
59,capped,node-020,3.182445836012292,31.45709107214085,31.45709107214085,3182.4458360122917,31457.09107214085,31457.09107214085,0.0,0.0,8709.849908108512,423.1550658891594,1.0,-114.85826346386231,0.0,0.0
59,capped,node-021,0.0,78.33356586969401,78.33356586969401,0.0,78333.56586969401,78333.56586969401,0.0,0.0,8709.849908108512,423.1550658891594,1.0,-88.33576518814408,0.0,0.0
59,capped,node-022,123.13588751451675,0.0,259.7507654656011,0.2909947143271842,0.0,0.6138429772069415,141.05168862971982,423.1550658891594,8709.849908108512,423.1550658891594,1.0,-213.43567646503385,-42.31550658891594,-141.05168862971982
59,capped,node-023,0.0,58.60148951955115,70.7932829594068,0.0,58601.48951955115,70793.28295940679,0.0,0.0,8709.849908108512,423.1550658891594,1.0,-29.300744759775576,0.0,0.0
59,capped,node-024,0.0,0.0,0.0,0.0,0.0,0.0,0.0,0.0,8709.849908108512,423.1550658891594,1.0,0.0,0.0,0.0
59,capped,node-025,0.0,0.0,0.0,0.0,0.0,0.0,0.0,0.0,8709.849908108512,423.1550658891594,1.0,0.0,0.0,0.0
59,capped,node-026,0.0,0.0,0.0,0.0,0.0,0.0,0.0,0.0,8709.849908108512,423.1550658891594,1.0,-75.30375105130204,0.0,0.0
59,capped,node-027,0.0,0.0,0.0,0.0,0.0,0.0,0.0,0.0,8709.849908108512,423.1550658891594,1.0,0.0,0.0,0.0
59,capped,node-028,0.0,0.0,0.0,0.0,0.0,0.0,0.0,0.0,8709.849908108512,423.1550658891594,1.0,0.0,0.0,0.0
59,capped,node-029,0.0,0.0,0.0,0.0,0.0,0.0,0.0,0.0,8709.849908108512,423.1550658891594,1.0,0.0,0.0,0.0
59,proper_scoring,node-000,0.0,0.0,0.0,0.0,0.0,0.0,0.0,0.0,8709.849908108512,1370.649927071512,1.0,-115.09432383707778,0.0,0.0
59,proper_scoring,node-001,0.0,0.0,0.0,0.0,0.0,0.0,0.0,0.0,8709.849908108512,1370.649927071512,1.0,0.0,0.0,0.0
59,proper_scoring,node-002,0.0,0.0,46.396172622239796,0.0,0.0,46396.17262223979,0.0,0.0,8709.849908108512,1370.649927071512,1.0,-14.41530951104084,0.0,0.0
59,proper_scoring,node-003,0.0,0.0,0.0,0.0,0.0,0.0,0.0,0.0,8709.849908108512,1370.649927071512,1.0,0.0,0.0,0.0
59,proper_scoring,node-004,0.0,0.0,387.59848994856844,0.0,0.0,387598.48994856846,0.0,0.0,8709.849908108512,1370.649927071512,1.0,-433.6704475771663,0.0,0.0
59,proper_scoring,node-005,0.0,123.43289651183224,285.7401251315044,0.0,123432.89651183224,285740.1251315044,0.0,0.0,8709.849908108512,1370.649927071512,1.0,-325.23296676689836,0.0,0.0
59,proper_scoring,node-006,0.0,0.0,82.60339721927505,0.0,0.0,82603.39721927505,0.0,0.0,8709.849908108512,1370.649927071512,1.0,-217.39660278072495,0.0,0.0
59,proper_scoring,node-007,168.0132786108467,0.0,768.1915042753272,168013.2786108467,0.0,768191.5042753272,0.0,0.0,8709.849908108512,1370.649927071512,1.0,-603.3181236401952,0.0,0.0
59,proper_scoring,node-008,93.23415183050288,0.0,128.33436947046246,93234.15183050287,0.0,128334.36947046246,0.0,0.0,8709.849908108512,1370.649927071512,1.0,-266.68682313830726,0.0,0.0
59,proper_scoring,node-009,0.0,0.0,0.0,0.0,0.0,0.0,0.0,0.0,8709.849908108512,1370.649927071512,1.0,0.0,0.0,0.0
59,proper_scoring,node-010,0.0,0.0,0.0,0.0,0.0,0.0,0.0,0.0,8709.849908108512,1370.649927071512,1.0,0.0,0.0,0.0
59,proper_scoring,node-011,175.40294950954492,656.616017408756,966.3006908813345,175402.9495095449,656616.017408756,966300.6908813345,0.0,0.0,8709.849908108512,1370.649927071512,1.0,-293.2338237084637,48.705839941197354,0.0
59,proper_scoring,node-012,361.4172176132464,0.0,857.2932487251067,361417.2176132464,0.0,857293.2487251066,0.0,0.0,8709.849908108512,1370.649927071512,1.0,-409.02710836030064,0.0,0.0
59,proper_scoring,node-013,0.0,0.0,0.0,0.0,0.0,0.0,0.0,0.0,8709.849908108512,1370.649927071512,1.0,0.0,0.0,0.0
59,proper_scoring,node-014,0.0,0.0,0.0,0.0,0.0,0.0,0.0,0.0,8709.849908108512,1370.649927071512,1.0,0.0,0.0,0.0
59,proper_scoring,node-015,0.0,0.0,107.00277834629998,0.0,0.0,107002.77834629998,0.0,0.0,8709.849908108512,1370.649927071512,1.0,-290.09596094079154,0.0,0.0
59,proper_scoring,node-016,0.0,0.0,0.0,0.0,0.0,0.0,0.0,0.0,8709.849908108512,1370.649927071512,1.0,0.0,0.0,0.0
59,proper_scoring,node-017,0.0,0.0,0.0,0.0,0.0,0.0,0.0,0.0,8709.849908108512,1370.649927071512,1.0,0.0,0.0,0.0
59,proper_scoring,node-018,0.0,0.0,256.789015072958,0.0,0.0,256789.01507295802,0.0,0.0,8709.849908108512,1370.649927071512,1.0,-361.0781053903338,0.0,0.0
59,proper_scoring,node-019,0.0,0.0,0.0,0.0,0.0,0.0,0.0,0.0,8709.849908108512,1370.649927071512,1.0,0.0,0.0,0.0
59,proper_scoring,node-020,345.57398573190727,360.31519899957044,641.8878991801882,345573.98573190725,360315.19899957045,641887.8991801882,0.0,0.0,8709.849908108512,1370.649927071512,1.0,-430.81054377605807,0.0,0.0
59,proper_scoring,node-021,0.0,128.333565869694,175.0011770856629,0.0,128333.56586969401,175001.1770856629,0.0,0.0,8709.849908108512,1370.649927071512,1.0,-353.34306075257626,0.0,0.0
59,proper_scoring,node-022,0.0,2.5051388176475484,2.5051388176475484,0.0,0.001827701419719877,0.001827701419719877,1088.5465498120723,1370.649927071512,8709.849908108512,1370.649927071512,1.0,-1378.0825011533284,-42.315506588915696,-1088.5465498120723
59,proper_scoring,node-023,0.0,362.2706741796357,362.2706741796357,0.0,362270.6741796357,362270.6741796357,0.0,0.0,8709.849908108512,1370.649927071512,1.0,-117.2029790391023,0.0,0.0
59,proper_scoring,node-024,0.0,0.0,0.0,0.0,0.0,0.0,0.0,0.0,8709.849908108512,1370.649927071512,1.0,0.0,0.0,0.0
59,proper_scoring,node-025,0.0,0.0,0.0,0.0,0.0,0.0,0.0,0.0,8709.849908108512,1370.649927071512,1.0,0.0,0.0,0.0
59,proper_scoring,node-026,21.182148226416558,0.0,74.69624894869796,21182.148226416557,0.0,74696.24894869796,0.0,0.0,8709.849908108512,1370.649927071512,1.0,-225.30375105130204,0.0,0.0
59,proper_scoring,node-027,0.0,0.0,0.0,0.0,0.0,0.0,0.0,0.0,8709.849908108512,1370.649927071512,1.0,0.0,0.0,0.0
59,proper_scoring,node-028,0.0,0.0,0.0,0.0,0.0,0.0,0.0,0.0,8709.849908108512,1370.649927071512,1.0,0.0,0.0,0.0
59,proper_scoring,node-029,0.0,0.0,0.0,0.0,0.0,0.0,0.0,0.0,8709.849908108512,1370.649927071512,1.0,0.0,0.0,0.0
59,audits,node-000,0.0,0.0,0.0,0.0,0.0,0.0,0.0,0.0,8709.849908108512,1370.649927071512,1.0,-615.0943238370778,0.0,0.0
59,audits,node-001,0.0,0.0,0.0,0.0,0.0,0.0,0.0,0.0,8709.849908108512,1370.649927071512,1.0,0.0,0.0,0.0
59,audits,node-002,0.0,0.0,46.396172622239796,0.0,0.0,46396.17262223979,0.0,0.0,8709.849908108512,1370.649927071512,1.0,-53.603827377760204,0.0,0.0
59,audits,node-003,0.0,0.0,0.0,0.0,0.0,0.0,0.0,0.0,8709.849908108512,1370.649927071512,1.0,0.0,0.0,0.0
59,audits,node-004,0.0,0.0,387.59848994856844,0.0,0.0,387598.48994856846,0.0,0.0,8709.849908108512,1370.649927071512,1.0,-2612.4015100514316,0.0,0.0
59,audits,node-005,0.0,0.0,0.0,0.0,0.0,0.0,0.0,0.0,8709.849908108512,1370.649927071512,1.0,-2581.3082416917246,0.0,0.0
59,audits,node-006,0.0,0.0,82.60339721927505,0.0,0.0,82603.39721927505,0.0,0.0,8709.849908108512,1370.649927071512,1.0,-1217.396602780725,0.0,0.0
59,audits,node-007,152.4976769457238,0.0,727.1841716013649,152497.6769457238,0.0,727184.171601365,0.0,0.0,8709.849908108512,1370.649927071512,1.0,-3172.815828398634,0.0,0.0
59,audits,node-008,93.23415183050288,0.0,128.33436947046246,93234.15183050287,0.0,128334.36947046246,0.0,0.0,8709.849908108512,1370.649927071512,1.0,-1771.6656305295373,0.0,0.0
59,audits,node-009,0.0,0.0,0.0,0.0,0.0,0.0,0.0,0.0,8709.849908108512,1370.649927071512,1.0,0.0,0.0,0.0
59,audits,node-010,0.0,0.0,0.0,0.0,0.0,0.0,0.0,0.0,8709.849908108512,1370.649927071512,1.0,0.0,0.0,0.0
59,audits,node-011,143.4973831181746,580.0276876543894,846.6169118542318,143497.38311817462,580027.6876543894,846616.9118542318,0.0,0.0,8709.849908108512,1370.649927071512,1.0,-3073.3084559271165,48.705839941197354,0.0
59,audits,node-012,310.02281821736636,0.0,752.5580304670384,310022.81821736635,0.0,752558.0304670384,0.0,0.0,8709.849908108512,1370.649927071512,1.0,-3105.116060934077,0.0,0.0
59,audits,node-013,0.0,0.0,0.0,0.0,0.0,0.0,0.0,0.0,8709.849908108512,1370.649927071512,1.0,0.0,0.0,0.0
59,audits,node-014,0.0,0.0,0.0,0.0,0.0,0.0,0.0,0.0,8709.849908108512,1370.649927071512,1.0,0.0,0.0,0.0
59,audits,node-015,0.0,0.0,107.00277834629998,0.0,0.0,107002.77834629998,0.0,0.0,8709.849908108512,1370.649927071512,1.0,-1792.9972216537,0.0,0.0
59,audits,node-016,0.0,0.0,0.0,0.0,0.0,0.0,0.0,0.0,8709.849908108512,1370.649927071512,1.0,0.0,0.0,0.0
59,audits,node-017,0.0,0.0,0.0,0.0,0.0,0.0,0.0,0.0,8709.849908108512,1370.649927071512,1.0,0.0,0.0,0.0
59,audits,node-018,0.0,0.0,256.789015072958,0.0,0.0,256789.01507295802,0.0,0.0,8709.849908108512,1370.649927071512,1.0,-2443.210984927042,0.0,0.0
59,audits,node-019,0.0,0.0,0.0,0.0,0.0,0.0,0.0,0.0,8709.849908108512,1370.649927071512,1.0,0.0,0.0,0.0
59,audits,node-020,337.49526362774674,284.3382565577159,528.3491808644242,337495.2636277467,284338.2565577159,528349.1808644242,0.0,0.0,8709.849908108512,1370.649927071512,1.0,-3085.671163560498,0.0,0.0
59,audits,node-021,0.0,128.333565869694,128.333565869694,0.0,128333.56586969401,128333.56586969401,0.0,0.0,8709.849908108512,1370.649927071512,1.0,-2588.3357651881443,0.0,0.0
59,audits,node-022,0.0,2.5051388176475484,2.5051388176475484,0.0,0.001827701419719877,0.001827701419719877,1088.5465498120723,1370.649927071512,8709.849908108512,1370.649927071512,1.0,-4160.930537647386,-42.315506588915696,-1088.5465498120723
59,audits,node-023,0.0,282.6952943062243,282.6952943062243,0.0,282695.29430622427,282695.29430622427,0.0,0.0,8709.849908108512,1370.649927071512,1.0,-2444.6177670472475,0.0,0.0
59,audits,node-024,0.0,0.0,0.0,0.0,0.0,0.0,0.0,0.0,8709.849908108512,1370.649927071512,1.0,0.0,0.0,0.0
59,audits,node-025,0.0,0.0,0.0,0.0,0.0,0.0,0.0,0.0,8709.849908108512,1370.649927071512,1.0,0.0,0.0,0.0
59,audits,node-026,21.182148226416558,0.0,74.69624894869796,21182.148226416557,0.0,74696.24894869796,0.0,0.0,8709.849908108512,1370.649927071512,1.0,-1225.3037510513022,0.0,0.0
59,audits,node-027,0.0,0.0,0.0,0.0,0.0,0.0,0.0,0.0,8709.849908108512,1370.649927071512,1.0,0.0,0.0,0.0
59,audits,node-028,0.0,0.0,0.0,0.0,0.0,0.0,0.0,0.0,8709.849908108512,1370.649927071512,1.0,0.0,0.0,0.0
59,audits,node-029,0.0,0.0,0.0,0.0,0.0,0.0,0.0,0.0,8709.849908108512,1370.649927071512,1.0,0.0,0.0,0.0
64,greedy,node-000,0.0,0.0,0.0,0.0,0.0,0.0,0.0,0.0,8423.767235707011,128.9525804742313,0.75,0.0,0.0,0.0
64,greedy,node-001,0.0,0.0,0.0,0.0,0.0,0.0,0.0,0.0,8423.767235707011,128.9525804742313,0.75,0.0,0.0,0.0
64,greedy,node-002,0.0,0.0,0.0,0.0,0.0,0.0,0.0,0.0,8423.767235707011,128.9525804742313,0.75,0.0,0.0,0.0
64,greedy,node-003,0.0,0.0,0.0,0.0,0.0,0.0,0.0,0.0,8423.767235707011,128.9525804742313,0.75,0.0,0.0,0.0
64,greedy,node-004,0.0,0.0,0.0,0.0,0.0,0.0,0.0,0.0,8423.767235707011,128.9525804742313,0.75,0.0,0.0,0.0
64,greedy,node-005,0.0,0.0,0.0,0.0,0.0,0.0,0.0,0.0,8423.767235707011,128.9525804742313,0.75,0.0,0.0,0.0
64,greedy,node-006,0.0,0.0,0.0,0.0,0.0,0.0,0.0,0.0,8423.767235707011,128.9525804742313,0.75,0.0,0.0,0.0
64,greedy,node-007,0.0,0.0,0.0,0.0,0.0,0.0,0.0,0.0,8423.767235707011,128.9525804742313,0.75,-30.17448960286921,0.0,0.0
64,greedy,node-008,0.0,0.0,0.0,0.0,0.0,0.0,0.0,0.0,8423.767235707011,128.9525804742313,0.75,0.0,0.0,0.0
64,greedy,node-009,0.0,0.0,0.0,0.0,0.0,0.0,0.0,0.0,8423.767235707011,128.9525804742313,0.75,0.0,0.0,0.0
64,greedy,node-010,0.0,0.0,0.0,0.0,0.0,0.0,15.266537415656869,45.799612246970604,8423.767235707011,128.9525804742313,0.75,-43.074740263935915,-2.033049330897706,-15.266537415656869
64,greedy,node-011,0.0,0.0,0.0,0.0,0.0,0.0,0.0,0.0,8423.767235707011,128.9525804742313,0.75,0.0,0.0,0.0
64,greedy,node-012,0.0,0.0,0.0,0.0,0.0,0.0,0.0,0.0,8423.767235707011,128.9525804742313,0.75,0.0,0.0,0.0
64,greedy,node-013,0.0,0.0,0.0,0.0,0.0,0.0,0.0,0.0,8423.767235707011,128.9525804742313,0.75,-15.426423129219135,0.0,0.0
64,greedy,node-014,0.0,0.0,0.0,0.0,0.0,0.0,0.0,0.0,8423.767235707011,128.9525804742313,0.75,0.0,0.0,0.0
64,greedy,node-015,0.0,0.0,0.0,0.0,0.0,0.0,0.0,0.0,8423.767235707011,128.9525804742313,0.75,0.0,0.0,0.0
64,greedy,node-016,0.0,0.0,0.0,0.0,0.0,0.0,0.0,0.0,8423.767235707011,128.9525804742313,0.75,0.0,0.0,0.0
64,greedy,node-017,0.0,0.0,0.0,0.0,0.0,0.0,0.0,0.0,8423.767235707011,128.9525804742313,0.75,0.0,0.0,0.0
64,greedy,node-018,0.0,0.0,0.0,0.0,0.0,0.0,0.0,0.0,8423.767235707011,128.9525804742313,0.75,0.0,0.0,0.0
64,greedy,node-019,0.0,0.0,0.0,0.0,0.0,0.0,0.0,0.0,8423.767235707011,128.9525804742313,0.75,0.0,0.0,0.0
64,greedy,node-020,0.0,0.0,0.0,0.0,0.0,0.0,0.0,0.0,8423.767235707011,128.9525804742313,0.75,0.0,0.0,0.0
64,greedy,node-021,0.0,0.0,0.0,0.0,0.0,0.0,0.0,0.0,8423.767235707011,128.9525804742313,0.75,0.0,0.0,0.0
64,greedy,node-022,0.0,0.0,0.0,0.0,0.0,0.0,0.0,0.0,8423.767235707011,128.9525804742313,0.75,-35.794615848547274,0.0,0.0
64,greedy,node-023,0.0,0.0,0.0,0.0,0.0,0.0,0.0,0.0,8423.767235707011,128.9525804742313,0.75,0.0,0.0,0.0
64,greedy,node-024,0.0,0.0,0.0,0.0,0.0,0.0,0.0,0.0,8423.767235707011,128.9525804742313,0.75,0.0,0.0,0.0
64,greedy,node-025,0.0,0.0,0.0,0.0,0.0,0.0,0.0,0.0,8423.767235707011,128.9525804742313,0.75,0.0,0.0,0.0
64,greedy,node-026,0.0,0.0,0.0,0.0,0.0,0.0,0.0,0.0,8423.767235707011,128.9525804742313,0.75,0.0,0.0,0.0
64,greedy,node-027,0.0,0.0,0.0,0.0,0.0,0.0,0.0,0.0,8423.767235707011,128.9525804742313,0.75,0.0,0.0,0.0
64,greedy,node-028,0.0,0.0,0.0,0.0,0.0,0.0,0.0,0.0,8423.767235707011,128.9525804742313,0.75,0.0,0.0,0.0
64,greedy,node-029,5.539127230794698,0.0,5.539127230794698,0.06661370422347426,0.0,0.06661370422347426,27.717656075753567,83.1529682272607,8423.767235707011,128.9525804742313,0.75,-50.6410190602423,-4.923843821898103,-27.717656075753567
64,trust_vcg,node-000,0.0,0.0,68.07554372780467,0.0,0.0,68075.54372780467,0.0,0.0,8806.979214652582,76.14308026606454,0.9,-1131.9244562721951,0.0,0.0
64,trust_vcg,node-001,0.0,0.0,385.1967291184262,0.0,0.0,385196.7291184262,0.0,0.0,8806.979214652582,76.14308026606454,0.9,-5014.803270881574,0.0,0.0
64,trust_vcg,node-002,0.0,0.0,0.0,0.0,0.0,0.0,0.0,0.0,8806.979214652582,76.14308026606454,0.9,0.0,0.0,0.0
64,trust_vcg,node-003,0.0,0.0,249.68282498859037,0.0,0.0,249682.82498859035,0.0,0.0,8806.979214652582,76.14308026606454,0.9,-3350.3171750114097,0.0,0.0
64,trust_vcg,node-004,0.0,0.0,0.0,0.0,0.0,0.0,0.0,0.0,8806.979214652582,76.14308026606454,0.9,-5559.443425819315,0.0,0.0
64,trust_vcg,node-005,0.0,0.0,0.0,0.0,0.0,0.0,0.0,0.0,8806.979214652582,76.14308026606454,0.9,0.0,0.0,0.0
64,trust_vcg,node-006,0.0,0.0,0.0,0.0,0.0,0.0,0.0,0.0,8806.979214652582,76.14308026606454,0.9,0.0,0.0,0.0
64,trust_vcg,node-007,152.1820855890944,104.1440137503979,153.07364856887523,0.15270049211821374,0.10449877913876743,0.15359509219705947,865.059525156875,996.6050762382744,8806.979214652582,76.14308026606454,0.9,-11901.325872608375,82.58054539641307,-467.1994993761818
64,trust_vcg,node-008,0.0,0.0,66.23318856147995,0.0,0.0,66233.18856147995,0.0,0.0,8806.979214652582,76.14308026606454,0.9,-1133.76681143852,0.0,0.0
64,trust_vcg,node-009,0.0,0.0,0.0,0.0,0.0,0.0,0.0,0.0,8806.979214652582,76.14308026606454,0.9,-2238.569602083392,0.0,0.0
64,trust_vcg,node-010,0.0,0.0,0.0,0.0,0.0,0.0,0.0,0.0,8806.979214652582,76.14308026606454,0.9,-3252.3043442561834,0.0,0.0
64,trust_vcg,node-011,0.0,0.0,0.0,0.0,0.0,0.0,0.0,0.0,8806.979214652582,76.14308026606454,0.9,0.0,0.0,0.0
64,trust_vcg,node-012,0.0,0.0,162.93973437329856,0.0,0.0,162939.73437329856,0.0,0.0,8806.979214652582,76.14308026606454,0.9,-2237.0602656267015,0.0,0.0
64,trust_vcg,node-013,0.0,342.57044545318627,467.87701566524544,0.0,342570.4454531863,467877.0156652454,0.0,0.0,8806.979214652582,76.14308026606454,0.9,-5532.122984334755,0.0,0.0
64,trust_vcg,node-014,0.0,0.0,0.0,0.0,0.0,0.0,0.0,0.0,8806.979214652582,76.14308026606454,0.9,0.0,0.0,0.0
64,trust_vcg,node-015,0.0,0.0,0.0,0.0,0.0,0.0,0.0,0.0,8806.979214652582,76.14308026606454,0.9,0.0,0.0,0.0
64,trust_vcg,node-016,0.0,0.0,0.0,0.0,0.0,0.0,0.0,0.0,8806.979214652582,76.14308026606454,0.9,0.0,0.0,0.0
64,trust_vcg,node-017,0.0,0.0,0.0,0.0,0.0,0.0,0.0,0.0,8806.979214652582,76.14308026606454,0.9,0.0,0.0,0.0
64,trust_vcg,node-018,0.0,0.0,0.0,0.0,0.0,0.0,0.0,0.0,8806.979214652582,76.14308026606454,0.9,0.0,0.0,0.0
64,trust_vcg,node-019,0.0,0.0,0.0,0.0,0.0,0.0,0.0,0.0,8806.979214652582,76.14308026606454,0.9,0.0,0.0,0.0
64,trust_vcg,node-020,0.0,0.0,0.0,0.0,0.0,0.0,0.0,0.0,8806.979214652582,76.14308026606454,0.9,0.0,0.0,0.0
64,trust_vcg,node-021,0.0,0.0,0.0,0.0,0.0,0.0,0.0,0.0,8806.979214652582,76.14308026606454,0.9,0.0,0.0,0.0
64,trust_vcg,node-022,0.0,0.0,271.0620693001721,0.0,0.0,271062.0693001721,0.0,0.0,8806.979214652582,76.14308026606454,0.9,-11035.794615848545,0.0,0.0
64,trust_vcg,node-023,0.0,69.42308752510357,166.4408570652398,0.0,69423.08752510356,166440.8570652398,0.0,0.0,8806.979214652582,76.14308026606454,0.9,-2233.55914293476,0.0,0.0
64,trust_vcg,node-024,0.0,0.0,0.0,0.0,0.0,0.0,0.0,0.0,8806.979214652582,76.14308026606454,0.9,0.0,0.0,0.0
64,trust_vcg,node-025,0.0,0.0,0.0,0.0,0.0,0.0,0.0,0.0,8806.979214652582,76.14308026606454,0.9,0.0,0.0,0.0
64,trust_vcg,node-026,0.0,0.0,295.1607574688524,0.0,0.0,295160.7574688524,0.0,0.0,8806.979214652582,76.14308026606454,0.9,-3904.839242531147,0.0,0.0
64,trust_vcg,node-027,0.0,0.0,245.26079155463606,0.0,0.0,245260.79155463606,0.0,0.0,8806.979214652582,76.14308026606454,0.9,-3354.7392084453636,0.0,0.0
64,trust_vcg,node-028,0.0,0.0,0.0,0.0,0.0,0.0,0.0,0.0,8806.979214652582,76.14308026606454,0.9,-5576.306290788945,0.0,0.0
64,trust_vcg,node-029,929.3009108991748,929.3009108991748,929.3009108991748,929300.9108991747,929300.9108991747,929300.9108991747,-929.3009108991748,-920.4619959722099,8806.979214652582,76.14308026606454,0.9,-10055.193678259464,-466.5895356990336,929.3009108991748
64,contingent,node-000,0.0,0.0,0.0,0.0,0.0,0.0,0.0,0.0,8806.979214652582,203.99060890260446,0.9,-127.69782508878134,0.0,0.0
64,contingent,node-001,0.0,0.0,0.0,0.0,0.0,0.0,0.0,0.0,8806.979214652582,203.99060890260446,0.9,-259.21308352629507,0.0,0.0
64,contingent,node-002,0.0,0.0,0.0,0.0,0.0,0.0,0.0,0.0,8806.979214652582,203.99060890260446,0.9,0.0,0.0,0.0
64,contingent,node-003,0.0,0.0,6.510628911038076,0.0,0.0,6510.628911038076,0.0,0.0,8806.979214652582,203.99060890260446,0.9,-201.2687000456386,0.0,0.0
64,contingent,node-004,0.0,0.0,0.0,0.0,0.0,0.0,0.0,0.0,8806.979214652582,203.99060890260446,0.9,-237.7737032772592,0.0,0.0
64,contingent,node-005,0.0,0.0,0.0,0.0,0.0,0.0,0.0,0.0,8806.979214652582,203.99060890260446,0.9,0.0,0.0,0.0
64,contingent,node-006,0.0,0.0,0.0,0.0,0.0,0.0,0.0,0.0,8806.979214652582,203.99060890260446,0.9,0.0,0.0,0.0
64,contingent,node-007,154.32400989358538,3.430763366573089,154.32400989358538,0.7821068247205659,0.01738694740272977,0.7821068247205659,65.77277554069968,197.31832662209902,8806.979214652582,203.99060890260446,0.9,-210.83816534670137,-17.33029830560875,-167.3956326442805
64,contingent,node-008,0.0,0.0,0.0,0.0,0.0,0.0,0.0,0.0,8806.979214652582,203.99060890260446,0.9,-135.06724575408018,0.0,0.0
64,contingent,node-009,0.0,0.0,0.0,0.0,0.0,0.0,0.0,0.0,8806.979214652582,203.99060890260446,0.9,-154.27840833356822,0.0,0.0
64,contingent,node-010,0.0,0.0,0.0,0.0,0.0,0.0,0.0,0.0,8806.979214652582,203.99060890260446,0.9,-33.47039646678084,0.0,0.0
64,contingent,node-011,0.0,0.0,0.0,0.0,0.0,0.0,0.0,0.0,8806.979214652582,203.99060890260446,0.9,0.0,0.0,0.0
64,contingent,node-012,0.0,0.0,10.545378044820964,0.0,0.0,10545.378044820964,0.0,0.0,8806.979214652582,203.99060890260446,0.9,-148.2410625068058,0.0,0.0
64,contingent,node-013,0.0,42.570445453186274,60.86432074382846,0.0,42570.44545318627,60864.32074382846,0.0,0.0,8806.979214652582,203.99060890260446,0.9,-128.49193733901822,0.0,0.0
64,contingent,node-014,0.0,0.0,0.0,0.0,0.0,0.0,0.0,0.0,8806.979214652582,203.99060890260446,0.9,0.0,0.0,0.0
64,contingent,node-015,0.0,0.0,0.0,0.0,0.0,0.0,0.0,0.0,8806.979214652582,203.99060890260446,0.9,0.0,0.0,0.0
64,contingent,node-016,0.0,0.0,0.0,0.0,0.0,0.0,0.0,0.0,8806.979214652582,203.99060890260446,0.9,0.0,0.0,0.0
64,contingent,node-017,0.0,0.0,0.0,0.0,0.0,0.0,0.0,0.0,8806.979214652582,203.99060890260446,0.9,0.0,0.0,0.0
64,contingent,node-018,0.0,0.0,0.0,0.0,0.0,0.0,0.0,0.0,8806.979214652582,203.99060890260446,0.9,0.0,0.0,0.0
64,contingent,node-019,0.0,0.0,0.0,0.0,0.0,0.0,0.0,0.0,8806.979214652582,203.99060890260446,0.9,0.0,0.0,0.0
64,contingent,node-020,0.0,0.0,0.0,0.0,0.0,0.0,0.0,0.0,8806.979214652582,203.99060890260446,0.9,0.0,0.0,0.0
64,contingent,node-021,0.0,0.0,0.0,0.0,0.0,0.0,0.0,0.0,8806.979214652582,203.99060890260446,0.9,0.0,0.0,0.0
64,contingent,node-022,0.0,23.523401248955956,59.217890061322365,0.0,23523.401248955957,59217.89006132237,0.0,0.0,8806.979214652582,203.99060890260446,0.9,-143.17846339418912,0.0,0.0
64,contingent,node-023,0.0,19.423087525103576,19.423087525103576,0.0,19423.087525103576,19423.087525103576,0.0,0.0,8806.979214652582,203.99060890260446,0.9,-134.23657173904073,0.0,0.0
64,contingent,node-024,0.0,0.0,0.0,0.0,0.0,0.0,0.0,0.0,8806.979214652582,203.99060890260446,0.9,0.0,0.0,0.0
64,contingent,node-025,0.0,0.0,0.0,0.0,0.0,0.0,0.0,0.0,8806.979214652582,203.99060890260446,0.9,0.0,0.0,0.0
64,contingent,node-026,0.0,0.0,6.66468902087901,0.0,0.0,6664.689020879009,0.0,0.0,8806.979214652582,203.99060890260446,0.9,-219.35697012459053,0.0,0.0
64,contingent,node-027,0.0,0.0,0.0,0.0,0.0,0.0,0.0,0.0,8806.979214652582,203.99060890260446,0.9,-218.95683378145574,0.0,0.0
64,contingent,node-028,0.0,0.0,0.0,0.0,0.0,0.0,0.0,0.0,8806.979214652582,203.99060890260446,0.9,-305.2251631557817,0.0,0.0
64,contingent,node-029,2.1666326464594463,11.484143615235423,75.08795044276391,0.3247213704956321,1.721171726920025,11.253713090369416,-2.1666326464594463,6.672282280505435,8806.979214652582,203.99060890260446,0.9,-89.5268192914955,-2.15520627306828,2.1666326464594463
64,capped,node-000,0.0,0.0,0.0,0.0,0.0,0.0,0.0,0.0,8806.979214652582,210.57669901254636,0.9,-31.924456272195336,0.0,0.0
64,capped,node-001,0.0,0.0,0.0,0.0,0.0,0.0,0.0,0.0,8806.979214652582,210.57669901254636,0.9,-64.80327088157377,0.0,0.0
64,capped,node-002,0.0,0.0,0.0,0.0,0.0,0.0,0.0,0.0,8806.979214652582,210.57669901254636,0.9,0.0,0.0,0.0
64,capped,node-003,0.0,0.0,6.510628911038076,0.0,0.0,6510.628911038076,0.0,0.0,8806.979214652582,210.57669901254636,0.9,-50.31717501140965,0.0,0.0
64,capped,node-004,0.0,0.0,15.271643670465764,0.0,0.0,15271.643670465764,0.0,0.0,8806.979214652582,210.57669901254636,0.9,-59.4434258193148,0.0,0.0
64,capped,node-005,0.0,0.0,0.0,0.0,0.0,0.0,0.0,0.0,8806.979214652582,210.57669901254636,0.9,0.0,0.0,0.0
64,capped,node-006,0.0,0.0,0.0,0.0,0.0,0.0,0.0,0.0,8806.979214652582,210.57669901254636,0.9,0.0,0.0,0.0
64,capped,node-007,154.32400989358538,3.430763366573089,154.32400989358538,0.7821068247205659,0.01738694740272977,0.7821068247205659,65.77277554069968,197.31832662209902,8806.979214652582,210.57669901254636,0.9,-102.0391229922001,-17.33029830560875,-167.3956326442805
64,capped,node-008,0.0,0.0,0.0,0.0,0.0,0.0,0.0,0.0,8806.979214652582,210.57669901254636,0.9,-33.766811438520044,0.0,0.0
64,capped,node-009,0.0,0.0,10.950873188153643,0.0,0.0,10950.873188153642,0.0,0.0,8806.979214652582,210.57669901254636,0.9,-38.569602083392056,0.0,0.0
64,capped,node-010,0.0,0.0,0.0,0.0,0.0,0.0,0.0,0.0,8806.979214652582,210.57669901254636,0.9,-8.36759911669521,0.0,0.0
64,capped,node-011,0.0,0.0,0.0,0.0,0.0,0.0,0.0,0.0,8806.979214652582,210.57669901254636,0.9,0.0,0.0,0.0
64,capped,node-012,0.0,0.0,10.545378044820964,0.0,0.0,10545.378044820964,0.0,0.0,8806.979214652582,210.57669901254636,0.9,-37.06026562670145,0.0,0.0
64,capped,node-013,0.0,42.570445453186274,60.86432074382846,0.0,42570.44545318627,60864.32074382846,0.0,0.0,8806.979214652582,210.57669901254636,0.9,-32.12298433475456,0.0,0.0
64,capped,node-014,0.0,0.0,0.0,0.0,0.0,0.0,0.0,0.0,8806.979214652582,210.57669901254636,0.9,0.0,0.0,0.0
64,capped,node-015,0.0,0.0,0.0,0.0,0.0,0.0,0.0,0.0,8806.979214652582,210.57669901254636,0.9,0.0,0.0,0.0
64,capped,node-016,0.0,0.0,0.0,0.0,0.0,0.0,0.0,0.0,8806.979214652582,210.57669901254636,0.9,0.0,0.0,0.0
64,capped,node-017,0.0,0.0,0.0,0.0,0.0,0.0,0.0,0.0,8806.979214652582,210.57669901254636,0.9,0.0,0.0,0.0
64,capped,node-018,0.0,0.0,0.0,0.0,0.0,0.0,0.0,0.0,8806.979214652582,210.57669901254636,0.9,0.0,0.0,0.0
64,capped,node-019,0.0,0.0,0.0,0.0,0.0,0.0,0.0,0.0,8806.979214652582,210.57669901254636,0.9,0.0,0.0,0.0
64,capped,node-020,0.0,0.0,0.0,0.0,0.0,0.0,0.0,0.0,8806.979214652582,210.57669901254636,0.9,0.0,0.0,0.0
64,capped,node-021,0.0,0.0,0.0,0.0,0.0,0.0,0.0,0.0,8806.979214652582,210.57669901254636,0.9,0.0,0.0,0.0
64,capped,node-022,0.0,71.58923169709456,119.3001781214956,0.0,71589.23169709455,119300.1781214956,0.0,0.0,8806.979214652582,210.57669901254636,0.9,-35.794615848547274,0.0,0.0
64,capped,node-023,0.0,19.423087525103576,19.423087525103576,0.0,19423.087525103576,19423.087525103576,0.0,0.0,8806.979214652582,210.57669901254636,0.9,-33.559142934760175,0.0,0.0
64,capped,node-024,0.0,0.0,0.0,0.0,0.0,0.0,0.0,0.0,8806.979214652582,210.57669901254636,0.9,0.0,0.0,0.0
64,capped,node-025,0.0,0.0,0.0,0.0,0.0,0.0,0.0,0.0,8806.979214652582,210.57669901254636,0.9,0.0,0.0,0.0
64,capped,node-026,0.0,0.0,6.66468902087901,0.0,0.0,6664.689020879009,0.0,0.0,8806.979214652582,210.57669901254636,0.9,-54.83924253114763,0.0,0.0
64,capped,node-027,0.0,0.0,0.0,0.0,0.0,0.0,0.0,0.0,8806.979214652582,210.57669901254636,0.9,-54.739208445363936,0.0,0.0
64,capped,node-028,0.0,0.0,0.0,0.0,0.0,0.0,0.0,0.0,8806.979214652582,210.57669901254636,0.9,-76.30629078894542,0.0,0.0
64,capped,node-029,0.0,41.427268505495036,123.75995900078422,0.0,3.124611927127907,9.334476009284026,4.41945746348244,13.25837239044732,8806.979214652582,210.57669901254636,0.9,-27.342820447971178,0.270648482295039,-4.41945746348244
64,proper_scoring,node-000,0.0,0.0,68.07554372780467,0.0,0.0,68075.54372780467,0.0,0.0,8806.979214652582,1094.486416077513,0.9,-124.9326000696131,0.0,0.0
64,proper_scoring,node-001,0.0,0.0,385.1967291184262,0.0,0.0,385196.7291184262,0.0,0.0,8806.979214652582,1094.486416077513,0.9,-259.21308352629507,0.0,0.0
64,proper_scoring,node-002,0.0,0.0,0.0,0.0,0.0,0.0,0.0,0.0,8806.979214652582,1094.486416077513,0.9,0.0,0.0,0.0
64,proper_scoring,node-003,0.0,0.0,249.68282498859037,0.0,0.0,249682.82498859035,0.0,0.0,8806.979214652582,1094.486416077513,0.9,-201.2687000456386,0.0,0.0
64,proper_scoring,node-004,0.0,0.0,100.39070400295083,0.0,0.0,100390.70400295082,0.0,0.0,8806.979214652582,1094.486416077513,0.9,-237.7737032772592,0.0,0.0
64,proper_scoring,node-005,0.0,0.0,0.0,0.0,0.0,0.0,0.0,0.0,8806.979214652582,1094.486416077513,0.9,0.0,0.0,0.0
64,proper_scoring,node-006,0.0,0.0,0.0,0.0,0.0,0.0,0.0,0.0,8806.979214652582,1094.486416077513,0.9,0.0,0.0,0.0
64,proper_scoring,node-007,152.1820855890944,104.1440137503979,153.07364856887523,0.15270049211821374,0.10449877913876743,0.15359509219705947,865.059525156875,996.6050762382744,8806.979214652582,1094.486416077513,0.9,-1010.1249149628767,82.58054539641307,-467.1994993761818
64,proper_scoring,node-008,0.0,0.0,66.23318856147995,0.0,0.0,66233.18856147995,0.0,0.0,8806.979214652582,1094.486416077513,0.9,-128.79164576431492,0.0,0.0
64,proper_scoring,node-009,0.0,0.0,75.68527112291724,0.0,0.0,75685.27112291724,0.0,0.0,8806.979214652582,1094.486416077513,0.9,-154.27840833356822,0.0,0.0
64,proper_scoring,node-010,0.0,0.0,182.15074037917807,0.0,0.0,182150.74037917808,0.0,0.0,8806.979214652582,1094.486416077513,0.9,-33.47039646678084,0.0,0.0
64,proper_scoring,node-011,0.0,0.0,0.0,0.0,0.0,0.0,0.0,0.0,8806.979214652582,1094.486416077513,0.9,0.0,0.0,0.0
64,proper_scoring,node-012,0.0,0.0,162.93973437329856,0.0,0.0,162939.73437329856,0.0,0.0,8806.979214652582,1094.486416077513,0.9,-148.2410625068058,0.0,0.0
64,proper_scoring,node-013,0.0,342.57044545318627,467.87701566524544,0.0,342570.4454531863,467877.0156652454,0.0,0.0,8806.979214652582,1094.486416077513,0.9,-128.49193733901822,0.0,0.0
64,proper_scoring,node-014,0.0,0.0,0.0,0.0,0.0,0.0,0.0,0.0,8806.979214652582,1094.486416077513,0.9,0.0,0.0,0.0
64,proper_scoring,node-015,0.0,0.0,0.0,0.0,0.0,0.0,0.0,0.0,8806.979214652582,1094.486416077513,0.9,0.0,0.0,0.0
64,proper_scoring,node-016,0.0,0.0,0.0,0.0,0.0,0.0,0.0,0.0,8806.979214652582,1094.486416077513,0.9,0.0,0.0,0.0
64,proper_scoring,node-017,0.0,0.0,0.0,0.0,0.0,0.0,0.0,0.0,8806.979214652582,1094.486416077513,0.9,0.0,0.0,0.0
64,proper_scoring,node-018,0.0,0.0,0.0,0.0,0.0,0.0,0.0,0.0,8806.979214652582,1094.486416077513,0.9,0.0,0.0,0.0
64,proper_scoring,node-019,0.0,0.0,0.0,0.0,0.0,0.0,0.0,0.0,8806.979214652582,1094.486416077513,0.9,0.0,0.0,0.0
64,proper_scoring,node-020,0.0,0.0,0.0,0.0,0.0,0.0,0.0,0.0,8806.979214652582,1094.486416077513,0.9,0.0,0.0,0.0
64,proper_scoring,node-021,0.0,0.0,0.0,0.0,0.0,0.0,0.0,0.0,8806.979214652582,1094.486416077513,0.9,0.0,0.0,0.0
64,proper_scoring,node-022,312.5594543977643,823.5234012489559,823.5234012489559,312559.4543977643,823523.4012489559,823523.4012489559,0.0,0.0,8806.979214652582,1094.486416077513,0.9,-143.17846339418912,0.0,0.0
64,proper_scoring,node-023,0.0,69.42308752510357,166.4408570652398,0.0,69423.08752510356,166440.8570652398,0.0,0.0,8806.979214652582,1094.486416077513,0.9,-134.23657173904073,0.0,0.0
64,proper_scoring,node-024,0.0,0.0,0.0,0.0,0.0,0.0,0.0,0.0,8806.979214652582,1094.486416077513,0.9,0.0,0.0,0.0
64,proper_scoring,node-025,0.0,0.0,0.0,0.0,0.0,0.0,0.0,0.0,8806.979214652582,1094.486416077513,0.9,0.0,0.0,0.0
64,proper_scoring,node-026,0.0,0.0,295.1607574688524,0.0,0.0,295160.7574688524,0.0,0.0,8806.979214652582,1094.486416077513,0.9,-219.35697012459053,0.0,0.0
64,proper_scoring,node-027,0.0,0.0,245.26079155463606,0.0,0.0,245260.79155463606,0.0,0.0,8806.979214652582,1094.486416077513,0.9,-218.95683378145574,0.0,0.0
64,proper_scoring,node-028,0.0,0.0,340.3668703892265,0.0,0.0,340366.8703892265,0.0,0.0,8806.979214652582,1094.486416077513,0.9,-301.8518225623868,0.0,0.0
64,proper_scoring,node-029,129.46088928536375,620.144612095461,670.6500935488266,1.3226309478189804,6.335677598140707,6.8516644199017955,89.04242491227365,97.8813398392385,8806.979214652582,1094.486416077513,0.9,-180.73587685022858,43.449322506298245,-89.04242491227365
64,audits,node-000,0.0,0.0,68.07554372780467,0.0,0.0,68075.54372780467,0.0,0.0,8806.979214652582,1076.1430802660645,0.9,-131.92445627219533,0.0,0.0
64,audits,node-001,0.0,0.0,385.1967291184262,0.0,0.0,385196.7291184262,0.0,0.0,8806.979214652582,1076.1430802660645,0.9,-514.8032708815738,0.0,0.0
64,audits,node-002,0.0,0.0,0.0,0.0,0.0,0.0,0.0,0.0,8806.979214652582,1076.1430802660645,0.9,0.0,0.0,0.0
64,audits,node-003,0.0,0.0,249.68282498859037,0.0,0.0,249682.82498859035,0.0,0.0,8806.979214652582,1076.1430802660645,0.9,-350.31717501140963,0.0,0.0
64,audits,node-004,0.0,0.0,0.0,0.0,0.0,0.0,0.0,0.0,8806.979214652582,1076.1430802660645,0.9,-559.4434258193148,0.0,0.0
64,audits,node-005,0.0,0.0,0.0,0.0,0.0,0.0,0.0,0.0,8806.979214652582,1076.1430802660645,0.9,0.0,0.0,0.0
64,audits,node-006,0.0,0.0,0.0,0.0,0.0,0.0,0.0,0.0,8806.979214652582,1076.1430802660645,0.9,0.0,0.0,0.0
64,audits,node-007,152.1820855890944,104.1440137503979,153.07364856887523,0.15270049211821374,0.10449877913876743,0.15359509219705947,865.059525156875,996.6050762382744,8806.979214652582,1076.1430802660645,0.9,-2901.3258726083754,82.58054539641307,-467.1994993761818
64,audits,node-008,0.0,0.0,66.23318856147995,0.0,0.0,66233.18856147995,0.0,0.0,8806.979214652582,1076.1430802660645,0.9,-133.76681143852005,0.0,0.0
64,audits,node-009,0.0,0.0,61.430397916607944,0.0,0.0,61430.397916607944,0.0,0.0,8806.979214652582,1076.1430802660645,0.9,-238.56960208339206,0.0,0.0
64,audits,node-010,0.0,0.0,109.40373290688169,0.0,0.0,109403.73290688169,0.0,0.0,8806.979214652582,1076.1430802660645,0.9,-252.30434425618373,0.0,0.0
64,audits,node-011,0.0,0.0,0.0,0.0,0.0,0.0,0.0,0.0,8806.979214652582,1076.1430802660645,0.9,0.0,0.0,0.0
64,audits,node-012,0.0,0.0,162.93973437329856,0.0,0.0,162939.73437329856,0.0,0.0,8806.979214652582,1076.1430802660645,0.9,-237.06026562670144,0.0,0.0
64,audits,node-013,0.0,342.57044545318627,467.87701566524544,0.0,342570.4454531863,467877.0156652454,0.0,0.0,8806.979214652582,1076.1430802660645,0.9,-532.1229843347545,0.0,0.0
64,audits,node-014,0.0,0.0,0.0,0.0,0.0,0.0,0.0,0.0,8806.979214652582,1076.1430802660645,0.9,0.0,0.0,0.0
64,audits,node-015,0.0,0.0,0.0,0.0,0.0,0.0,0.0,0.0,8806.979214652582,1076.1430802660645,0.9,0.0,0.0,0.0
64,audits,node-016,0.0,0.0,0.0,0.0,0.0,0.0,0.0,0.0,8806.979214652582,1076.1430802660645,0.9,0.0,0.0,0.0
64,audits,node-017,0.0,0.0,0.0,0.0,0.0,0.0,0.0,0.0,8806.979214652582,1076.1430802660645,0.9,0.0,0.0,0.0
64,audits,node-018,0.0,0.0,0.0,0.0,0.0,0.0,0.0,0.0,8806.979214652582,1076.1430802660645,0.9,0.0,0.0,0.0
64,audits,node-019,0.0,0.0,0.0,0.0,0.0,0.0,0.0,0.0,8806.979214652582,1076.1430802660645,0.9,0.0,0.0,0.0
64,audits,node-020,0.0,0.0,0.0,0.0,0.0,0.0,0.0,0.0,8806.979214652582,1076.1430802660645,0.9,0.0,0.0,0.0
64,audits,node-021,0.0,0.0,0.0,0.0,0.0,0.0,0.0,0.0,8806.979214652582,1076.1430802660645,0.9,0.0,0.0,0.0
64,audits,node-022,301.08010151364573,671.5892316970945,671.5892316970945,301080.1015136457,671589.2316970945,671589.2316970945,0.0,0.0,8806.979214652582,1076.1430802660645,0.9,-2035.7946158485472,0.0,0.0
64,audits,node-023,0.0,69.42308752510357,166.4408570652398,0.0,69423.08752510356,166440.8570652398,0.0,0.0,8806.979214652582,1076.1430802660645,0.9,-233.55914293476016,0.0,0.0
64,audits,node-024,0.0,0.0,0.0,0.0,0.0,0.0,0.0,0.0,8806.979214652582,1076.1430802660645,0.9,0.0,0.0,0.0
64,audits,node-025,0.0,0.0,0.0,0.0,0.0,0.0,0.0,0.0,8806.979214652582,1076.1430802660645,0.9,0.0,0.0,0.0
64,audits,node-026,0.0,0.0,295.1607574688524,0.0,0.0,295160.7574688524,0.0,0.0,8806.979214652582,1076.1430802660645,0.9,-404.83924253114765,0.0,0.0
64,audits,node-027,0.0,0.0,245.26079155463606,0.0,0.0,245260.79155463606,0.0,0.0,8806.979214652582,1076.1430802660645,0.9,-354.73920844536394,0.0,0.0
64,audits,node-028,0.0,0.0,323.6937092110545,0.0,0.0,323693.7092110545,0.0,0.0,8806.979214652582,1076.1430802660645,0.9,-576.3062907889455,0.0,0.0
64,audits,node-029,0.0,0.0,0.0,0.0,0.0,0.0,70.69908910082522,79.53800402779008,8806.979214652582,1076.1430802660645,0.9,-2055.1936782594644,-466.58953569903355,-70.69908910082522
65,greedy,node-000,0.0,0.0,0.0,0.0,0.0,0.0,0.0,0.0,6602.827762721279,129.98401334735823,0.8,0.0,0.0,0.0
65,greedy,node-001,0.0,0.0,0.0,0.0,0.0,0.0,0.0,0.0,6602.827762721279,129.98401334735823,0.8,0.0,0.0,0.0
65,greedy,node-002,0.0,0.0,0.0,0.0,0.0,0.0,0.0,0.0,6602.827762721279,129.98401334735823,0.8,0.0,0.0,0.0
65,greedy,node-003,0.0,0.0,0.0,0.0,0.0,0.0,0.0,0.0,6602.827762721279,129.98401334735823,0.8,0.0,0.0,0.0
65,greedy,node-004,0.0,0.0,0.0,0.0,0.0,0.0,0.0,0.0,6602.827762721279,129.98401334735823,0.8,0.0,0.0,0.0
65,greedy,node-005,0.0,0.0,0.0,0.0,0.0,0.0,0.0,0.0,6602.827762721279,129.98401334735823,0.8,0.0,0.0,0.0
65,greedy,node-006,0.0,0.0,0.0,0.0,0.0,0.0,0.0,0.0,6602.827762721279,129.98401334735823,0.8,0.0,0.0,0.0
65,greedy,node-007,0.0,0.0,0.0,0.0,0.0,0.0,0.0,0.0,6602.827762721279,129.98401334735823,0.8,0.0,0.0,0.0
65,greedy,node-008,0.0,0.0,0.0,0.0,0.0,0.0,0.0,0.0,6602.827762721279,129.98401334735823,0.8,0.0,0.0,0.0
65,greedy,node-009,0.0,0.0,0.0,0.0,0.0,0.0,0.0,0.0,6602.827762721279,129.98401334735823,0.8,0.0,0.0,0.0
65,greedy,node-010,0.0,0.0,0.0,0.0,0.0,0.0,0.0,0.0,6602.827762721279,129.98401334735823,0.8,0.0,0.0,0.0
65,greedy,node-011,0.0,0.0,0.0,0.0,0.0,0.0,0.0,0.0,6602.827762721279,129.98401334735823,0.8,0.0,0.0,0.0
65,greedy,node-012,0.0,0.0,0.0,0.0,0.0,0.0,0.0,0.0,6602.827762721279,129.98401334735823,0.8,0.0,0.0,0.0
65,greedy,node-013,0.0,0.0,0.0,0.0,0.0,0.0,0.0,0.0,6602.827762721279,129.98401334735823,0.8,0.0,0.0,0.0
65,greedy,node-014,0.0,0.0,0.0,0.0,0.0,0.0,0.0,0.0,6602.827762721279,129.98401334735823,0.8,0.0,0.0,0.0
65,greedy,node-015,0.0,0.0,0.0,0.0,0.0,0.0,0.0,0.0,6602.827762721279,129.98401334735823,0.8,-7.875212924220758,0.0,0.0
65,greedy,node-016,0.0,0.0,0.0,0.0,0.0,0.0,0.0,0.0,6602.827762721279,129.98401334735823,0.8,0.0,0.0,0.0
65,greedy,node-017,0.0,0.0,0.0,0.0,0.0,0.0,0.0,0.0,6602.827762721279,129.98401334735823,0.8,0.0,0.0,0.0
65,greedy,node-018,0.0,0.0,0.0,0.0,0.0,0.0,0.0,0.0,6602.827762721279,129.98401334735823,0.8,0.0,0.0,0.0
65,greedy,node-019,0.0,0.0,0.0,0.0,0.0,0.0,0.0,0.0,6602.827762721279,129.98401334735823,0.8,0.0,0.0,0.0
65,greedy,node-020,0.0,0.0,0.0,0.0,0.0,0.0,0.0,0.0,6602.827762721279,129.98401334735823,0.8,0.0,0.0,0.0
65,greedy,node-021,0.0,0.0,0.0,0.0,0.0,0.0,0.0,0.0,6602.827762721279,129.98401334735823,0.8,0.0,0.0,0.0
65,greedy,node-022,0.0,0.0,0.0,0.0,0.0,0.0,0.0,0.0,6602.827762721279,129.98401334735823,0.8,0.0,0.0,0.0
65,greedy,node-023,0.0,0.0,0.0,0.0,0.0,0.0,0.0,0.0,6602.827762721279,129.98401334735823,0.8,0.0,0.0,0.0
65,greedy,node-024,0.0,0.0,0.0,0.0,0.0,0.0,0.0,0.0,6602.827762721279,129.98401334735823,0.8,0.0,0.0,0.0
65,greedy,node-025,0.0,0.0,0.0,0.0,0.0,0.0,0.0,0.0,6602.827762721279,129.98401334735823,0.8,0.0,0.0,0.0
65,greedy,node-026,0.0,0.0,0.0,0.0,0.0,0.0,0.0,0.0,6602.827762721279,129.98401334735823,0.8,0.0,0.0,0.0
65,greedy,node-027,0.0,0.0,0.0,0.0,0.0,0.0,0.0,0.0,6602.827762721279,129.98401334735823,0.8,0.0,0.0,0.0
65,greedy,node-028,0.0,0.0,0.0,0.0,0.0,0.0,0.0,0.0,6602.827762721279,129.98401334735823,0.8,0.0,0.0,0.0
65,greedy,node-029,97.79295779555143,0.0,97.79295779555143,0.7523460406951572,0.0,0.7523460406951572,43.328004449119405,129.98401334735823,6602.827762721279,129.98401334735823,0.8,-64.9920066736791,-12.998401334735817,-43.328004449119405
65,trust_vcg,node-000,0.0,172.91156790525844,231.11394765367533,0.0,172911.56790525845,231113.9476536753,0.0,0.0,8628.440551439933,897.7514375446503,0.95,-5612.084250017243,0.0,251.57992861779474
65,trust_vcg,node-001,251.57992861779474,389.740026411509,532.7666458494225,251579.92861779474,389740.026411509,532766.6458494224,0.0,0.0,8628.440551439933,897.7514375446503,0.95,-5565.533291698845,0.0,0.0
65,trust_vcg,node-002,0.0,0.0,0.0,0.0,0.0,0.0,0.0,0.0,8628.440551439933,897.7514375446503,0.95,0.0,0.0,0.0
65,trust_vcg,node-003,0.0,0.0,0.0,0.0,0.0,0.0,0.0,0.0,8628.440551439933,897.7514375446503,0.95,-3328.2898919650806,0.0,0.0
65,trust_vcg,node-004,0.0,0.0,7.60280438034971,0.0,0.0,7602.804380349709,0.0,0.0,8628.440551439933,897.7514375446503,0.95,-592.3971956196503,0.0,0.0
65,trust_vcg,node-005,0.0,0.0,8.42220177630145,0.0,0.0,8422.201776301448,0.0,0.0,8628.440551439933,897.7514375446503,0.95,-591.5777982236986,0.0,0.0
65,trust_vcg,node-006,0.0,0.0,8.476620106742132,0.0,0.0,8476.620106742132,0.0,0.0,8628.440551439933,897.7514375446503,0.95,-591.5233798932579,0.0,0.0
65,trust_vcg,node-007,0.0,0.0,0.0,0.0,0.0,0.0,0.0,0.0,8628.440551439933,897.7514375446503,0.95,-5540.540785319552,0.0,0.0
65,trust_vcg,node-008,0.0,0.0,63.590021433571636,0.0,0.0,63590.02143357164,0.0,0.0,8628.440551439933,897.7514375446503,0.95,-2287.3519900772444,0.0,0.0
65,trust_vcg,node-009,0.0,243.68625023083797,337.18307120712524,0.0,243686.25023083796,337183.0712071252,0.0,0.0,8628.440551439933,897.7514375446503,0.95,-5602.780898579385,0.0,0.0
65,trust_vcg,node-010,0.0,0.0,0.0,0.0,0.0,0.0,0.0,0.0,8628.440551439933,897.7514375446503,0.95,-5594.463966383357,0.0,0.0
65,trust_vcg,node-011,0.0,0.0,95.76848100147689,0.0,0.0,95768.48100147689,0.0,0.0,8628.440551439933,897.7514375446503,0.95,-2304.2315189985234,0.0,0.0
65,trust_vcg,node-012,115.20544415295423,0.0,189.3024606906643,115205.44415295422,0.0,189302.4606906643,0.0,0.0,8628.440551439933,897.7514375446503,0.95,-3410.6975393093358,0.0,0.0
65,trust_vcg,node-013,0.0,3.587472805354068,3.587472805354068,0.0,3587.472805354068,3587.472805354068,0.0,0.0,8628.440551439933,897.7514375446503,0.95,-5551.793736402677,0.0,0.0
65,trust_vcg,node-014,0.0,0.0,0.0,0.0,0.0,0.0,0.0,0.0,8628.440551439933,897.7514375446503,0.95,0.0,0.0,0.0
65,trust_vcg,node-015,0.0,0.0,0.0,0.0,0.0,0.0,0.0,0.0,8628.440551439933,897.7514375446503,0.95,-5548.145271961195,0.0,0.0
65,trust_vcg,node-016,0.0,0.0,123.76540302926273,0.0,0.0,123765.40302926273,0.0,0.0,8628.440551439933,897.7514375446503,0.95,-2284.4556866323173,0.0,0.0
65,trust_vcg,node-017,0.0,0.0,0.0,0.0,0.0,0.0,0.0,0.0,8628.440551439933,897.7514375446503,0.95,-2311.758116823374,0.0,0.0
65,trust_vcg,node-018,0.0,0.0,0.0,0.0,0.0,0.0,0.0,0.0,8628.440551439933,897.7514375446503,0.95,0.0,0.0,0.0
65,trust_vcg,node-019,0.0,0.0,0.0,0.0,0.0,0.0,0.0,0.0,8628.440551439933,897.7514375446503,0.95,0.0,0.0,0.0
65,trust_vcg,node-020,0.0,0.0,0.0,0.0,0.0,0.0,0.0,0.0,8628.440551439933,897.7514375446503,0.95,0.0,0.0,0.0
65,trust_vcg,node-021,0.0,0.0,0.0,0.0,0.0,0.0,0.0,0.0,8628.440551439933,897.7514375446503,0.95,0.0,0.0,0.0
65,trust_vcg,node-022,0.0,257.99593773330986,301.6768126095764,0.0,257995.93773330987,301676.8126095764,0.0,0.0,8628.440551439933,897.7514375446503,0.95,-5513.157842844426,0.0,0.0
65,trust_vcg,node-023,0.0,0.45737920419242073,118.7699219618803,0.0,0.00047017125130381047,0.12209169615542952,657.2926778060584,972.7927918265596,8628.440551439933,897.7514375446503,0.95,-6236.167706311183,-47.32501710307531,-657.2926778060584
65,trust_vcg,node-024,0.0,0.0,0.0,0.0,0.0,0.0,0.0,0.0,8628.440551439933,897.7514375446503,0.95,0.0,0.0,0.0
65,trust_vcg,node-025,0.0,0.0,0.0,0.0,0.0,0.0,0.0,0.0,8628.440551439933,897.7514375446503,0.95,0.0,0.0,0.0
65,trust_vcg,node-026,0.0,0.0,0.0,0.0,0.0,0.0,0.0,0.0,8628.440551439933,897.7514375446503,0.95,-5051.624918063631,0.0,0.0
65,trust_vcg,node-027,0.0,0.0,0.0,0.0,0.0,0.0,0.0,0.0,8628.440551439933,897.7514375446503,0.95,-2299.071104614921,0.0,0.0
65,trust_vcg,node-028,0.0,0.0,0.0,0.0,0.0,0.0,0.0,0.0,8628.440551439933,897.7514375446503,0.95,0.0,0.0,0.0
65,trust_vcg,node-029,26.31465923862723,0.0,26.31465923862723,26314.659238627228,0.0,26314.659238627228,-92.58446044099428,-75.04135428190946,8628.440551439933,897.7514375446503,0.95,-10902.907338168941,-2.631465923862649,-121.11036556855625
65,contingent,node-000,0.0,72.91156790525844,72.91156790525844,0.0,72911.56790525843,72911.56790525843,0.0,0.0,8628.440551439933,496.8620390897913,0.95,-448.3370000689754,0.0,-44.87001320575451
65,contingent,node-001,5.1138453793964445,89.740026411509,133.28676053823995,5113.8453793964445,89740.02641150901,133286.76053823993,0.0,0.0,8628.440551439933,496.8620390897913,0.95,-262.13316679537957,0.0,0.0
65,contingent,node-002,0.0,0.0,0.0,0.0,0.0,0.0,0.0,0.0,8628.440551439933,496.8620390897913,0.95,0.0,0.0,0.0
65,contingent,node-003,0.0,0.0,0.0,0.0,0.0,0.0,0.0,0.0,8628.440551439933,496.8620390897913,0.95,-323.51415318462057,0.0,0.0
65,contingent,node-004,0.0,0.0,0.0,0.0,0.0,0.0,0.0,0.0,8628.440551439933,496.8620390897913,0.95,-169.5887824786011,0.0,0.0
65,contingent,node-005,0.0,0.0,0.0,0.0,0.0,0.0,0.0,0.0,8628.440551439933,496.8620390897913,0.95,-166.31119289479423,0.0,0.0
65,contingent,node-006,0.0,0.0,0.0,0.0,0.0,0.0,0.0,0.0,8628.440551439933,496.8620390897913,0.95,-166.09351957303144,0.0,0.0
65,contingent,node-007,0.0,0.0,0.0,0.0,0.0,0.0,0.0,0.0,8628.440551439933,496.8620390897913,0.95,-376.84999358413677,0.0,0.0
65,contingent,node-008,0.0,0.0,13.590021433571621,0.0,0.0,13590.021433571621,0.0,0.0,8628.440551439933,496.8620390897913,0.95,-349.40796030897855,0.0,0.0
65,contingent,node-009,0.0,93.68625023083794,93.68625023083794,0.0,93686.25023083793,93686.25023083793,0.0,0.0,8628.440551439933,496.8620390897913,0.95,-411.1235943175413,0.0,0.0
65,contingent,node-010,0.0,39.60846379163812,39.60846379163812,0.0,39608.463791638125,39608.463791638125,0.0,0.0,8628.440551439933,496.8620390897913,0.95,-377.85586553342864,0.0,0.0
65,contingent,node-011,0.0,0.0,0.0,0.0,0.0,0.0,0.0,0.0,8628.440551439933,496.8620390897913,0.95,-416.9260759940925,0.0,0.0
65,contingent,node-012,0.0,0.0,24.637703175411616,0.0,0.0,24637.703175411614,0.0,0.0,8628.440551439933,496.8620390897913,0.95,-442.7901572373428,0.0,0.0
65,contingent,node-013,0.0,64.15446489970863,126.95842489900784,0.0,64154.464899708626,126958.42489900783,0.0,0.0,8628.440551439933,496.8620390897913,0.95,-207.17494561070802,0.0,0.0
65,contingent,node-014,0.0,0.0,0.0,0.0,0.0,0.0,0.0,0.0,8628.440551439933,496.8620390897913,0.95,0.0,0.0,0.0
65,contingent,node-015,0.0,0.0,83.76123256566859,0.0,0.0,83761.23256566859,0.0,0.0,8628.440551439933,496.8620390897913,0.95,-192.58108784477682,0.0,0.0
65,contingent,node-016,0.0,0.0,23.765403029262714,0.0,0.0,23765.403029262714,0.0,0.0,8628.440551439933,496.8620390897913,0.95,-337.8227465292684,0.0,0.0
65,contingent,node-017,0.0,0.0,0.0,0.0,0.0,0.0,0.0,0.0,8628.440551439933,496.8620390897913,0.95,-447.032467293496,0.0,0.0
65,contingent,node-018,0.0,0.0,0.0,0.0,0.0,0.0,0.0,0.0,8628.440551439933,496.8620390897913,0.95,0.0,0.0,0.0
65,contingent,node-019,0.0,0.0,0.0,0.0,0.0,0.0,0.0,0.0,8628.440551439933,496.8620390897913,0.95,0.0,0.0,0.0
65,contingent,node-020,0.0,0.0,0.0,0.0,0.0,0.0,0.0,0.0,8628.440551439933,496.8620390897913,0.95,0.0,0.0,0.0
65,contingent,node-021,0.0,0.0,0.0,0.0,0.0,0.0,0.0,0.0,8628.440551439933,496.8620390897913,0.95,0.0,0.0,0.0
65,contingent,node-022,0.0,58.24116650168878,114.22647885668847,0.0,58241.16650168878,114226.47885668847,0.0,0.0,8628.440551439933,496.8620390897913,0.95,-248.2613972421683,0.0,0.0
65,contingent,node-023,0.0,0.0,118.31254275768802,0.0,0.0,0.25,157.75005701025069,473.2501710307521,8628.440551439933,496.8620390897913,0.95,-473.2501710307521,-47.32501710307521,-157.75005701025069
65,contingent,node-024,0.0,0.0,0.0,0.0,0.0,0.0,0.0,0.0,8628.440551439933,496.8620390897913,0.95,0.0,0.0,0.0
65,contingent,node-025,0.0,0.0,0.0,0.0,0.0,0.0,0.0,0.0,8628.440551439933,496.8620390897913,0.95,0.0,0.0,0.0
65,contingent,node-026,0.0,0.0,0.0,0.0,0.0,0.0,0.0,0.0,8628.440551439933,496.8620390897913,0.95,-412.6995979969056,0.0,0.0
65,contingent,node-027,0.0,0.0,0.0,0.0,0.0,0.0,0.0,0.0,8628.440551439933,496.8620390897913,0.95,-396.2844184596833,0.0,0.0
65,contingent,node-028,0.0,0.0,0.0,0.0,0.0,0.0,0.0,0.0,8628.440551439933,496.8620390897913,0.95,0.0,0.0,0.0
65,contingent,node-029,23.611868059039157,6.146067818330083,105.01690643485337,1.0000000000000002,0.2602957039638899,4.44763227425585,6.068761899954392,23.611868059039153,8628.440551439933,496.8620390897913,0.95,-92.7247707981932,-2.361186805903913,51.01089647477346
65,capped,node-000,0.0,72.91156790525844,72.91156790525844,0.0,72911.56790525843,72911.56790525843,0.0,0.0,8628.440551439933,499.5648302693793,0.95,-112.08425001724385,0.0,-44.87001320575451
65,capped,node-001,5.1138453793964445,89.740026411509,133.28676053823995,5113.8453793964445,89740.02641150901,133286.76053823993,0.0,0.0,8628.440551439933,499.5648302693793,0.95,-65.53329169884488,0.0,0.0
65,capped,node-002,0.0,0.0,0.0,0.0,0.0,0.0,0.0,0.0,8628.440551439933,499.5648302693793,0.95,0.0,0.0,0.0
65,capped,node-003,0.0,0.0,0.0,0.0,0.0,0.0,0.0,0.0,8628.440551439933,499.5648302693793,0.95,-80.87853829615514,0.0,0.0
65,capped,node-004,0.0,0.0,0.0,0.0,0.0,0.0,0.0,0.0,8628.440551439933,499.5648302693793,0.95,-42.397195619650276,0.0,0.0
65,capped,node-005,0.0,0.0,0.0,0.0,0.0,0.0,0.0,0.0,8628.440551439933,499.5648302693793,0.95,-41.57779822369855,0.0,0.0
65,capped,node-006,0.0,0.0,0.0,0.0,0.0,0.0,0.0,0.0,8628.440551439933,499.5648302693793,0.95,-41.52337989325787,0.0,0.0
65,capped,node-007,0.0,0.0,27.197074937533635,0.0,0.0,27197.074937533635,0.0,0.0,8628.440551439933,499.5648302693793,0.95,-94.21249839603419,0.0,0.0
65,capped,node-008,0.0,0.0,13.590021433571621,0.0,0.0,13590.021433571621,0.0,0.0,8628.440551439933,499.5648302693793,0.95,-87.35199007724464,0.0,0.0
65,capped,node-009,0.0,93.68625023083794,93.68625023083794,0.0,93686.25023083793,93686.25023083793,0.0,0.0,8628.440551439933,499.5648302693793,0.95,-102.78089857938532,0.0,0.0
65,capped,node-010,0.0,119.70880704856958,119.70880704856958,0.0,119708.80704856958,119708.80704856958,0.0,0.0,8628.440551439933,499.5648302693793,0.95,-94.46396638335716,0.0,0.0
65,capped,node-011,0.0,0.0,0.0,0.0,0.0,0.0,0.0,0.0,8628.440551439933,499.5648302693793,0.95,-104.23151899852313,0.0,0.0
65,capped,node-012,0.0,0.0,24.637703175411616,0.0,0.0,24637.703175411614,0.0,0.0,8628.440551439933,499.5648302693793,0.95,-110.6975393093357,0.0,0.0
65,capped,node-013,0.0,103.58747280535401,186.2882859220985,0.0,103587.472805354,186288.2859220985,0.0,0.0,8628.440551439933,499.5648302693793,0.95,-51.793736402677006,0.0,0.0
65,capped,node-014,0.0,0.0,0.0,0.0,0.0,0.0,0.0,0.0,8628.440551439933,499.5648302693793,0.95,0.0,0.0,0.0
65,capped,node-015,0.0,96.29054392238841,167.55129085337748,0.0,96290.5439223884,167551.2908533775,0.0,0.0,8628.440551439933,499.5648302693793,0.95,-48.145271961194204,0.0,0.0
65,capped,node-016,0.0,0.0,23.765403029262714,0.0,0.0,23765.403029262714,0.0,0.0,8628.440551439933,499.5648302693793,0.95,-84.4556866323171,0.0,0.0
65,capped,node-017,0.0,0.0,0.0,0.0,0.0,0.0,0.0,0.0,8628.440551439933,499.5648302693793,0.95,-111.758116823374,0.0,0.0
65,capped,node-018,0.0,0.0,0.0,0.0,0.0,0.0,0.0,0.0,8628.440551439933,499.5648302693793,0.95,0.0,0.0,0.0
65,capped,node-019,0.0,0.0,0.0,0.0,0.0,0.0,0.0,0.0,8628.440551439933,499.5648302693793,0.95,0.0,0.0,0.0
65,capped,node-020,0.0,0.0,0.0,0.0,0.0,0.0,0.0,0.0,8628.440551439933,499.5648302693793,0.95,0.0,0.0,0.0
65,capped,node-021,0.0,0.0,0.0,0.0,0.0,0.0,0.0,0.0,8628.440551439933,499.5648302693793,0.95,0.0,0.0,0.0
65,capped,node-022,0.0,58.24116650168878,114.22647885668847,0.0,58241.16650168878,114226.47885668847,0.0,0.0,8628.440551439933,499.5648302693793,0.95,-62.065349310542075,0.0,0.0
65,capped,node-023,0.0,0.0,118.31254275768802,0.0,0.0,0.25,157.75005701025069,473.2501710307521,8628.440551439933,499.5648302693793,0.95,-236.62508551537604,-47.32501710307521,-157.75005701025069
65,capped,node-024,0.0,0.0,0.0,0.0,0.0,0.0,0.0,0.0,8628.440551439933,499.5648302693793,0.95,0.0,0.0,0.0
65,capped,node-025,0.0,0.0,0.0,0.0,0.0,0.0,0.0,0.0,8628.440551439933,499.5648302693793,0.95,0.0,0.0,0.0
65,capped,node-026,0.0,0.0,0.0,0.0,0.0,0.0,0.0,0.0,8628.440551439933,499.5648302693793,0.95,-103.1748994992264,0.0,0.0
65,capped,node-027,0.0,0.0,0.0,0.0,0.0,0.0,0.0,0.0,8628.440551439933,499.5648302693793,0.95,-99.07110461492083,0.0,0.0
65,capped,node-028,0.0,0.0,0.0,0.0,0.0,0.0,0.0,0.0,8628.440551439933,499.5648302693793,0.95,0.0,0.0,0.0
65,capped,node-029,26.314659238627137,34.556451369577026,164.54046471693525,1.0,1.3132015526483356,6.252806210593343,8.771553079542377,26.314659238627137,8628.440551439933,499.5648302693793,0.95,-30.43555530410208,-2.631465923862711,61.8220611931254
65,proper_scoring,node-000,0.0,172.91156790525844,315.8713070169796,0.0,172911.56790525845,315871.30701697955,0.0,0.0,8628.440551439933,1408.002620099383,0.95,-437.7489974780528,0.0,251.57992861779474
65,proper_scoring,node-001,251.57992861779474,389.740026411509,532.7666458494225,251579.92861779474,389740.026411509,532766.6458494224,0.0,0.0,8628.440551439933,1408.002620099383,0.95,-262.13316679537957,0.0,0.0
65,proper_scoring,node-002,0.0,0.0,0.0,0.0,0.0,0.0,0.0,0.0,8628.440551439933,1408.002620099383,0.95,0.0,0.0,0.0
65,proper_scoring,node-003,0.0,0.0,134.12095900168953,0.0,0.0,134120.95900168954,0.0,0.0,8628.440551439933,1408.002620099383,0.95,-292.36111591673335,0.0,0.0
65,proper_scoring,node-004,0.0,0.0,7.60280438034971,0.0,0.0,7602.804380349709,0.0,0.0,8628.440551439933,1408.002620099383,0.95,-92.39719561965028,0.0,0.0
65,proper_scoring,node-005,0.0,0.0,8.42220177630145,0.0,0.0,8422.201776301448,0.0,0.0,8628.440551439933,1408.002620099383,0.95,-91.57779822369855,0.0,0.0
65,proper_scoring,node-006,0.0,0.0,8.476620106742132,0.0,0.0,8476.620106742132,0.0,0.0,8628.440551439933,1408.002620099383,0.95,-91.52337989325787,0.0,0.0
65,proper_scoring,node-007,0.0,0.0,242.10654294550636,0.0,0.0,242106.54294550637,0.0,0.0,8628.440551439933,1408.002620099383,0.95,-367.31823251828666,0.0,0.0
65,proper_scoring,node-008,0.0,0.0,63.590021433571636,0.0,0.0,63590.02143357164,0.0,0.0,8628.440551439933,1408.002620099383,0.95,-287.35199007724464,0.0,0.0
65,proper_scoring,node-009,0.0,243.68625023083797,337.18307120712524,0.0,243686.25023083796,337183.0712071252,0.0,0.0,8628.440551439933,1408.002620099383,0.95,-405.07026274087843,0.0,0.0
65,proper_scoring,node-010,0.0,219.70880704856955,447.2319831916786,0.0,219708.80704856955,447231.9831916786,0.0,0.0,8628.440551439933,1408.002620099383,0.95,-365.3078208913638,0.0,0.0
65,proper_scoring,node-011,0.0,0.0,95.76848100147689,0.0,0.0,95768.48100147689,0.0,0.0,8628.440551439933,1408.002620099383,0.95,-304.23151899852314,0.0,0.0
65,proper_scoring,node-012,115.20544415295423,0.0,189.3024606906643,115205.44415295422,0.0,189302.4606906643,0.0,0.0,8628.440551439933,1408.002620099383,0.95,-386.4376521067246,0.0,0.0
65,proper_scoring,node-013,0.0,514.1544648997086,514.1544648997086,0.0,514154.4648997086,514154.4648997086,0.0,0.0,8628.440551439933,1408.002620099383,0.95,-207.17494561070802,0.0,0.0
65,proper_scoring,node-014,0.0,0.0,0.0,0.0,0.0,0.0,0.0,0.0,8628.440551439933,1408.002620099383,0.95,0.0,0.0,0.0
65,proper_scoring,node-015,0.0,287.2035439474274,287.2035439474274,0.0,287203.5439474274,287203.5439474274,0.0,0.0,8628.440551439933,1408.002620099383,0.95,-192.58108784477682,0.0,0.0
65,proper_scoring,node-016,0.0,0.0,123.76540302926273,0.0,0.0,123765.40302926273,0.0,0.0,8628.440551439933,1408.002620099383,0.95,-284.4556866323171,0.0,0.0
65,proper_scoring,node-017,0.0,0.0,0.0,0.0,0.0,0.0,0.0,0.0,8628.440551439933,1408.002620099383,0.95,-311.758116823374,0.0,0.0
65,proper_scoring,node-018,0.0,0.0,0.0,0.0,0.0,0.0,0.0,0.0,8628.440551439933,1408.002620099383,0.95,0.0,0.0,0.0
65,proper_scoring,node-019,0.0,0.0,0.0,0.0,0.0,0.0,0.0,0.0,8628.440551439933,1408.002620099383,0.95,0.0,0.0,0.0
65,proper_scoring,node-020,0.0,0.0,0.0,0.0,0.0,0.0,0.0,0.0,8628.440551439933,1408.002620099383,0.95,0.0,0.0,0.0
65,proper_scoring,node-021,0.0,0.0,0.0,0.0,0.0,0.0,0.0,0.0,8628.440551439933,1408.002620099383,0.95,0.0,0.0,0.0
65,proper_scoring,node-022,0.0,257.99593773330986,303.77912513328533,0.0,257995.93773330987,303779.1251332853,0.0,0.0,8628.440551439933,1408.002620099383,0.95,-248.2613972421683,0.0,0.0
65,proper_scoring,node-023,0.0,0.45737920419242073,118.7699219618803,0.0,0.00047017125130381047,0.12209169615542952,657.2926778060584,972.7927918265596,8628.440551439933,1408.002620099383,0.95,-967.0061687402105,-47.32501710307531,-657.2926778060584
65,proper_scoring,node-024,0.0,0.0,0.0,0.0,0.0,0.0,0.0,0.0,8628.440551439933,1408.002620099383,0.95,0.0,0.0,0.0
65,proper_scoring,node-025,0.0,0.0,0.0,0.0,0.0,0.0,0.0,0.0,8628.440551439933,1408.002620099383,0.95,0.0,0.0,0.0
65,proper_scoring,node-026,0.0,0.0,274.5743101338335,0.0,0.0,274574.3101338335,0.0,0.0,8628.440551439933,1408.002620099383,0.95,-372.7549740572257,0.0,0.0
65,proper_scoring,node-027,0.0,0.0,0.9288953850791728,0.0,0.0,928.8953850791728,0.0,0.0,8628.440551439933,1408.002620099383,0.95,-299.07110461492084,0.0,0.0
65,proper_scoring,node-028,0.0,0.0,0.0,0.0,0.0,0.0,0.0,0.0,8628.440551439933,1408.002620099383,0.95,0.0,0.0,0.0
65,proper_scoring,node-029,23.61186805903924,394.47915729210234,493.34999590862554,0.054253986296094174,0.9064114173561643,1.1335911182579173,417.6667221137382,435.209828272823,8628.440551439933,1408.002620099383,0.95,-504.322731011977,-2.3611868059038557,-131.36154812328874
65,audits,node-000,0.0,172.91156790525844,287.91574998275615,0.0,172911.56790525845,287915.74998275616,0.0,0.0,8628.440551439933,1397.7514375446506,0.95,-1112.084250017244,0.0,251.57992861779474
65,audits,node-001,251.57992861779474,389.740026411509,532.7666458494225,251579.92861779474,389740.026411509,532766.6458494224,0.0,0.0,8628.440551439933,1397.7514375446506,0.95,-1065.533291698845,0.0,0.0
65,audits,node-002,0.0,0.0,0.0,0.0,0.0,0.0,0.0,0.0,8628.440551439933,1397.7514375446506,0.95,0.0,0.0,0.0
65,audits,node-003,0.0,0.0,126.88143094766042,0.0,0.0,126881.43094766041,0.0,0.0,8628.440551439933,1397.7514375446506,0.95,-328.2898919650805,0.0,0.0
65,audits,node-004,0.0,0.0,7.60280438034971,0.0,0.0,7602.804380349709,0.0,0.0,8628.440551439933,1397.7514375446506,0.95,-92.39719561965028,0.0,0.0
65,audits,node-005,0.0,0.0,8.42220177630145,0.0,0.0,8422.201776301448,0.0,0.0,8628.440551439933,1397.7514375446506,0.95,-91.57779822369855,0.0,0.0
65,audits,node-006,0.0,0.0,8.476620106742132,0.0,0.0,8476.620106742132,0.0,0.0,8628.440551439933,1397.7514375446506,0.95,-91.52337989325787,0.0,0.0
65,audits,node-007,0.0,0.0,215.92971376618584,0.0,0.0,215929.71376618583,0.0,0.0,8628.440551439933,1397.7514375446506,0.95,-1040.5407853195516,0.0,0.0
65,audits,node-008,0.0,0.0,63.590021433571636,0.0,0.0,63590.02143357164,0.0,0.0,8628.440551439933,1397.7514375446506,0.95,-287.35199007724464,0.0,0.0
65,audits,node-009,0.0,243.68625023083797,337.18307120712524,0.0,243686.25023083796,337183.0712071252,0.0,0.0,8628.440551439933,1397.7514375446506,0.95,-1102.7808985793852,0.0,0.0
65,audits,node-010,0.0,219.70880704856955,447.2319831916786,0.0,219708.80704856955,447231.9831916786,0.0,0.0,8628.440551439933,1397.7514375446506,0.95,-1094.463966383357,0.0,0.0
65,audits,node-011,0.0,0.0,95.76848100147689,0.0,0.0,95768.48100147689,0.0,0.0,8628.440551439933,1397.7514375446506,0.95,-304.23151899852314,0.0,0.0
65,audits,node-012,115.20544415295423,0.0,189.3024606906643,115205.44415295422,0.0,189302.4606906643,0.0,0.0,8628.440551439933,1397.7514375446506,0.95,-410.69753930933575,0.0,0.0
65,audits,node-013,0.0,503.587472805354,503.587472805354,0.0,503587.472805354,503587.472805354,0.0,0.0,8628.440551439933,1397.7514375446506,0.95,-1051.793736402677,0.0,0.0
65,audits,node-014,0.0,0.0,0.0,0.0,0.0,0.0,0.0,0.0,8628.440551439933,1397.7514375446506,0.95,0.0,0.0,0.0
65,audits,node-015,0.0,0.0,267.5512908533775,0.0,0.0,267551.2908533775,0.0,0.0,8628.440551439933,1397.7514375446506,0.95,-1048.1452719611943,0.0,0.0
65,audits,node-016,0.0,0.0,123.76540302926273,0.0,0.0,123765.40302926273,0.0,0.0,8628.440551439933,1397.7514375446506,0.95,-284.4556866323171,0.0,0.0
65,audits,node-017,0.0,0.0,0.0,0.0,0.0,0.0,0.0,0.0,8628.440551439933,1397.7514375446506,0.95,-311.758116823374,0.0,0.0
65,audits,node-018,0.0,0.0,0.0,0.0,0.0,0.0,0.0,0.0,8628.440551439933,1397.7514375446506,0.95,0.0,0.0,0.0
65,audits,node-019,0.0,0.0,0.0,0.0,0.0,0.0,0.0,0.0,8628.440551439933,1397.7514375446506,0.95,0.0,0.0,0.0
65,audits,node-020,0.0,0.0,0.0,0.0,0.0,0.0,0.0,0.0,8628.440551439933,1397.7514375446506,0.95,0.0,0.0,0.0
65,audits,node-021,0.0,0.0,0.0,0.0,0.0,0.0,0.0,0.0,8628.440551439933,1397.7514375446506,0.95,0.0,0.0,0.0
65,audits,node-022,0.0,257.99593773330986,301.6768126095764,0.0,257995.93773330987,301676.8126095764,0.0,0.0,8628.440551439933,1397.7514375446506,0.95,-1013.1578428444261,0.0,0.0
65,audits,node-023,0.0,0.45737920419242073,118.7699219618803,0.0,0.00047017125130381047,0.12209169615542952,657.2926778060584,972.7927918265596,8628.440551439933,1397.7514375446506,0.95,-1736.1677063111833,-47.32501710307531,-657.2926778060584
65,audits,node-024,0.0,0.0,0.0,0.0,0.0,0.0,0.0,0.0,8628.440551439933,1397.7514375446506,0.95,0.0,0.0,0.0
65,audits,node-025,0.0,0.0,0.0,0.0,0.0,0.0,0.0,0.0,8628.440551439933,1397.7514375446506,0.95,0.0,0.0,0.0
65,audits,node-026,0.0,0.0,246.99672695326558,0.0,0.0,246996.72695326558,0.0,0.0,8628.440551439933,1397.7514375446506,0.95,-1051.6249180636314,0.0,0.0
65,audits,node-027,0.0,0.0,0.9288953850791728,0.0,0.0,928.8953850791728,0.0,0.0,8628.440551439933,1397.7514375446506,0.95,-299.07110461492084,0.0,0.0
65,audits,node-028,0.0,0.0,0.0,0.0,0.0,0.0,0.0,0.0,8628.440551439933,1397.7514375446506,0.95,0.0,0.0,0.0
65,audits,node-029,26.3146592386272,0.0,26.3146592386272,0.061922870622295435,0.0,0.061922870622295435,407.41553955900577,424.9586457180905,8628.440551439933,1397.7514375446506,0.95,-2402.907338168939,-2.631465923862663,-121.11036556855629
67,greedy,node-000,0.0,0.0,0.0,0.0,0.0,0.0,0.0,0.0,8729.69752135987,221.91381661420604,0.9,0.0,0.0,0.0
67,greedy,node-001,0.0,0.0,0.0,0.0,0.0,0.0,0.0,0.0,8729.69752135987,221.91381661420604,0.9,0.0,0.0,0.0
67,greedy,node-002,0.0,0.0,0.0,0.0,0.0,0.0,0.0,0.0,8729.69752135987,221.91381661420604,0.9,0.0,0.0,0.0
67,greedy,node-003,2.9017865858126193,0.0,2.9017865858126193,2901.7865858126193,0.0,2901.7865858126193,0.0,0.0,8729.69752135987,221.91381661420604,0.9,-31.80423781452013,0.0,0.0
67,greedy,node-004,0.0,0.0,0.0,0.0,0.0,0.0,0.0,0.0,8729.69752135987,221.91381661420604,0.9,0.0,0.0,0.0
67,greedy,node-005,0.0,0.0,0.0,0.0,0.0,0.0,0.0,0.0,8729.69752135987,221.91381661420604,0.9,0.0,0.0,0.0
67,greedy,node-006,0.0,0.0,0.0,0.0,0.0,0.0,0.0,0.0,8729.69752135987,221.91381661420604,0.9,0.0,0.0,0.0
67,greedy,node-007,0.0,0.0,0.0,0.0,0.0,0.0,0.0,0.0,8729.69752135987,221.91381661420604,0.9,0.0,0.0,0.0
67,greedy,node-008,0.0,0.0,0.0,0.0,0.0,0.0,0.0,0.0,8729.69752135987,221.91381661420604,0.9,0.0,0.0,0.0
67,greedy,node-009,0.0,0.0,0.0,0.0,0.0,0.0,0.0,0.0,8729.69752135987,221.91381661420604,0.9,-41.57655115837765,0.0,0.0
67,greedy,node-010,0.0,0.0,0.0,0.0,0.0,0.0,0.0,0.0,8729.69752135987,221.91381661420604,0.9,0.0,0.0,0.0
67,greedy,node-011,0.0,0.0,0.0,0.0,0.0,0.0,0.0,0.0,8729.69752135987,221.91381661420604,0.9,0.0,0.0,0.0
67,greedy,node-012,0.0,0.0,0.0,0.0,0.0,0.0,0.0,0.0,8729.69752135987,221.91381661420604,0.9,0.0,0.0,0.0
67,greedy,node-013,0.0,0.0,0.0,0.0,0.0,0.0,0.0,0.0,8729.69752135987,221.91381661420604,0.9,0.0,0.0,0.0
67,greedy,node-014,0.0,0.0,0.0,0.0,0.0,0.0,0.0,0.0,8729.69752135987,221.91381661420604,0.9,0.0,0.0,0.0
67,greedy,node-015,0.0,0.0,0.0,0.0,0.0,0.0,0.0,0.0,8729.69752135987,221.91381661420604,0.9,0.0,0.0,0.0
67,greedy,node-016,0.0,0.0,0.0,0.0,0.0,0.0,0.0,0.0,8729.69752135987,221.91381661420604,0.9,0.0,0.0,0.0
67,greedy,node-017,0.0,0.0,0.0,0.0,0.0,0.0,0.0,0.0,8729.69752135987,221.91381661420604,0.9,0.0,0.0,0.0
67,greedy,node-018,15.29239928513893,0.0,15.29239928513893,15292.39928513893,0.0,15292.39928513893,0.0,0.0,8729.69752135987,221.91381661420604,0.9,-48.360849587835915,0.0,0.0
67,greedy,node-019,0.0,0.0,0.0,0.0,0.0,0.0,0.0,0.0,8729.69752135987,221.91381661420604,0.9,0.0,0.0,0.0
67,greedy,node-020,0.0,0.0,0.0,0.0,0.0,0.0,0.0,0.0,8729.69752135987,221.91381661420604,0.9,0.0,0.0,0.0
67,greedy,node-021,0.0,0.0,0.0,0.0,0.0,0.0,0.0,0.0,8729.69752135987,221.91381661420604,0.9,0.0,0.0,0.0
67,greedy,node-022,0.0,0.0,0.0,0.0,0.0,0.0,0.0,0.0,8729.69752135987,221.91381661420604,0.9,0.0,0.0,0.0
67,greedy,node-023,0.0,0.0,0.0,0.0,0.0,0.0,48.80221279540862,146.40663838622586,8729.69752135987,221.91381661420604,0.9,-88.80735650512041,-12.291089185428866,-48.80221279540862
67,greedy,node-024,0.0,0.0,0.0,0.0,0.0,0.0,0.0,0.0,8729.69752135987,221.91381661420604,0.9,0.0,0.0,0.0
67,greedy,node-025,0.0,0.0,0.0,0.0,0.0,0.0,0.0,0.0,8729.69752135987,221.91381661420604,0.9,0.0,0.0,0.0
67,greedy,node-026,0.0,0.0,0.0,0.0,0.0,0.0,0.0,0.0,8729.69752135987,221.91381661420604,0.9,0.0,0.0,0.0
67,greedy,node-027,5.152901627984452,0.0,5.152901627984452,0.0682438643439463,0.0,0.0682438643439463,25.169059409326714,75.50717822798013,8729.69752135987,221.91381661420604,0.9,-69.35547343749609,0.4037655879637221,-25.169059409326714
67,greedy,node-028,0.0,0.0,0.0,0.0,0.0,0.0,0.0,0.0,8729.69752135987,221.91381661420604,0.9,0.0,0.0,0.0
67,greedy,node-029,0.0,0.0,0.0,0.0,0.0,0.0,0.0,0.0,8729.69752135987,221.91381661420604,0.9,0.0,0.0,0.0
67,trust_vcg,node-000,0.0,0.0,0.0,0.0,0.0,0.0,0.0,0.0,8808.838118310963,602.0618486730675,0.95,0.0,0.0,0.0
67,trust_vcg,node-001,0.0,0.0,0.0,0.0,0.0,0.0,0.0,0.0,8808.838118310963,602.0618486730675,0.95,0.0,0.0,0.0
67,trust_vcg,node-002,0.0,0.0,0.0,0.0,0.0,0.0,0.0,0.0,8808.838118310963,602.0618486730675,0.95,0.0,0.0,0.0
67,trust_vcg,node-003,0.0,240.16289393668148,240.16289393668148,0.0,240162.89393668147,240162.89393668147,0.0,0.0,8808.838118310963,602.0618486730675,0.95,-5542.861920304792,0.0,0.0
67,trust_vcg,node-004,0.0,0.0,0.0,0.0,0.0,0.0,0.0,0.0,8808.838118310963,602.0618486730675,0.95,0.0,0.0,0.0
67,trust_vcg,node-005,0.0,0.0,0.0,0.0,0.0,0.0,0.0,0.0,8808.838118310963,602.0618486730675,0.95,0.0,0.0,0.0
67,trust_vcg,node-006,0.0,0.0,0.0,0.0,0.0,0.0,0.0,0.0,8808.838118310963,602.0618486730675,0.95,0.0,0.0,0.0
67,trust_vcg,node-007,0.0,0.0,0.0,0.0,0.0,0.0,0.0,0.0,8808.838118310963,602.0618486730675,0.95,0.0,0.0,0.0
67,trust_vcg,node-008,0.0,0.0,0.0,0.0,0.0,0.0,0.0,0.0,8808.838118310963,602.0618486730675,0.95,0.0,0.0,0.0
67,trust_vcg,node-009,0.0,243.1585625509534,458.4234488416224,0.0,243158.56255095341,458423.4488416224,0.0,0.0,8808.838118310963,602.0618486730675,0.95,-5541.576551158379,0.0,0.0
67,trust_vcg,node-010,0.0,0.0,0.0,0.0,0.0,0.0,0.0,0.0,8808.838118310963,602.0618486730675,0.95,0.0,0.0,0.0
67,trust_vcg,node-011,0.0,0.0,0.0,0.0,0.0,0.0,0.0,0.0,8808.838118310963,602.0618486730675,0.95,0.0,0.0,0.0
67,trust_vcg,node-012,0.0,0.0,0.0,0.0,0.0,0.0,0.0,0.0,8808.838118310963,602.0618486730675,0.95,0.0,0.0,0.0
67,trust_vcg,node-013,0.0,0.0,0.0,0.0,0.0,0.0,0.0,0.0,8808.838118310963,602.0618486730675,0.95,0.0,0.0,0.0
67,trust_vcg,node-014,0.0,0.0,0.0,0.0,0.0,0.0,0.0,0.0,8808.838118310963,602.0618486730675,0.95,-5571.390561117226,0.0,0.0
67,trust_vcg,node-015,0.0,0.0,0.0,0.0,0.0,0.0,0.0,0.0,8808.838118310963,602.0618486730675,0.95,0.0,0.0,0.0
67,trust_vcg,node-016,113.92437164672859,0.0,243.3523131034625,113924.37164672858,0.0,243352.3131034625,0.0,0.0,8808.838118310963,602.0618486730675,0.95,-3356.647686896537,0.0,0.0
67,trust_vcg,node-017,0.0,0.0,0.0,0.0,0.0,0.0,0.0,0.0,8808.838118310963,602.0618486730675,0.95,0.0,0.0,0.0
67,trust_vcg,node-018,0.0,0.0,285.05978131913713,0.0,0.0,285059.78131913714,0.0,0.0,8808.838118310963,602.0618486730675,0.95,-3265.847865478624,0.0,0.0
67,trust_vcg,node-019,0.0,0.0,0.0,0.0,0.0,0.0,0.0,0.0,8808.838118310963,602.0618486730675,0.95,0.0,0.0,0.0
67,trust_vcg,node-020,0.0,0.0,0.0,0.0,0.0,0.0,0.0,0.0,8808.838118310963,602.0618486730675,0.95,0.0,0.0,0.0
67,trust_vcg,node-021,0.0,0.0,0.0,0.0,0.0,0.0,0.0,0.0,8808.838118310963,602.0618486730675,0.95,-4421.758400643971,0.0,0.0
67,trust_vcg,node-022,0.0,0.0,0.0,0.0,0.0,0.0,0.0,0.0,8808.838118310963,602.0618486730675,0.95,0.0,0.0,0.0
67,trust_vcg,node-023,540.8259578569317,48.95617439274179,541.344785197367,1.8382171539074716,0.16639748564404125,1.839980599805822,167.2902068596601,294.2122244411145,8808.838118310963,602.0618486730675,0.95,-11207.29535056937,84.7544249908027,-167.2902068596601
67,trust_vcg,node-024,0.0,0.0,0.0,0.0,0.0,0.0,0.0,0.0,8808.838118310963,602.0618486730675,0.95,0.0,0.0,0.0
67,trust_vcg,node-025,0.0,0.0,0.0,0.0,0.0,0.0,0.0,0.0,8808.838118310963,602.0618486730675,0.95,0.0,0.0,0.0
67,trust_vcg,node-026,0.0,0.0,0.0,0.0,0.0,0.0,0.0,0.0,8808.838118310963,602.0618486730675,0.95,0.0,0.0,0.0
67,trust_vcg,node-027,81.22461440316465,0.0,81.22461440316465,0.2638450984171579,0.0,0.2638450984171579,282.1259885048505,307.8496242319527,8808.838118310963,602.0618486730675,0.95,-11222.369361025336,89.02169009847313,-282.1259885048505
67,trust_vcg,node-028,0.0,0.0,0.0,0.0,0.0,0.0,0.0,0.0,8808.838118310963,602.0618486730675,0.95,0.0,0.0,0.0
67,trust_vcg,node-029,0.0,0.0,0.0,0.0,0.0,0.0,0.0,0.0,8808.838118310963,602.0618486730675,0.95,0.0,0.0,0.0
67,contingent,node-000,0.0,0.0,0.0,0.0,0.0,0.0,0.0,0.0,8808.838118310963,220.54578041746262,0.95,0.0,0.0,0.0
67,contingent,node-001,0.0,0.0,0.0,0.0,0.0,0.0,0.0,0.0,8808.838118310963,220.54578041746262,0.95,0.0,0.0,0.0
67,contingent,node-002,0.0,0.0,0.0,0.0,0.0,0.0,0.0,0.0,8808.838118310963,220.54578041746262,0.95,0.0,0.0,0.0
67,contingent,node-003,0.0,40.162893936681485,40.162893936681485,0.0,40162.89393668148,40162.89393668148,0.0,0.0,8808.838118310963,220.54578041746262,0.95,-171.4476812191722,0.0,0.0
67,contingent,node-004,0.0,0.0,0.0,0.0,0.0,0.0,0.0,0.0,8808.838118310963,220.54578041746262,0.95,0.0,0.0,0.0
67,contingent,node-005,0.0,0.0,0.0,0.0,0.0,0.0,0.0,0.0,8808.838118310963,220.54578041746262,0.95,0.0,0.0,0.0
67,contingent,node-006,0.0,0.0,0.0,0.0,0.0,0.0,0.0,0.0,8808.838118310963,220.54578041746262,0.95,0.0,0.0,0.0
67,contingent,node-007,0.0,0.0,0.0,0.0,0.0,0.0,0.0,0.0,8808.838118310963,220.54578041746262,0.95,0.0,0.0,0.0
67,contingent,node-008,0.0,0.0,0.0,0.0,0.0,0.0,0.0,0.0,8808.838118310963,220.54578041746262,0.95,0.0,0.0,0.0
67,contingent,node-009,0.0,43.15856255095342,43.15856255095342,0.0,43158.56255095342,43158.56255095342,0.0,0.0,8808.838118310963,220.54578041746262,0.95,-166.3062046335106,0.0,0.0
67,contingent,node-010,0.0,0.0,0.0,0.0,0.0,0.0,0.0,0.0,8808.838118310963,220.54578041746262,0.95,0.0,0.0,0.0
67,contingent,node-011,0.0,0.0,0.0,0.0,0.0,0.0,0.0,0.0,8808.838118310963,220.54578041746262,0.95,0.0,0.0,0.0
67,contingent,node-012,0.0,0.0,0.0,0.0,0.0,0.0,0.0,0.0,8808.838118310963,220.54578041746262,0.95,0.0,0.0,0.0
67,contingent,node-013,0.0,0.0,0.0,0.0,0.0,0.0,0.0,0.0,8808.838118310963,220.54578041746262,0.95,0.0,0.0,0.0
67,contingent,node-014,0.0,0.0,0.0,0.0,0.0,0.0,0.0,0.0,8808.838118310963,220.54578041746262,0.95,-285.56224446890377,0.0,0.0
67,contingent,node-015,0.0,0.0,0.0,0.0,0.0,0.0,0.0,0.0,8808.838118310963,220.54578041746262,0.95,0.0,0.0,0.0
67,contingent,node-016,0.0,0.0,0.0,0.0,0.0,0.0,0.0,0.0,8808.838118310963,220.54578041746262,0.95,-226.59074758615,0.0,0.0
67,contingent,node-017,0.0,0.0,0.0,0.0,0.0,0.0,0.0,0.0,8808.838118310963,220.54578041746262,0.95,0.0,0.0,0.0
67,contingent,node-018,0.0,0.0,0.0,0.0,0.0,0.0,0.0,0.0,8808.838118310963,220.54578041746262,0.95,-55.74410948522914,0.0,0.0
67,contingent,node-019,0.0,0.0,0.0,0.0,0.0,0.0,0.0,0.0,8808.838118310963,220.54578041746262,0.95,0.0,0.0,0.0
67,contingent,node-020,0.0,0.0,0.0,0.0,0.0,0.0,0.0,0.0,8808.838118310963,220.54578041746262,0.95,0.0,0.0,0.0
67,contingent,node-021,0.0,0.0,0.0,0.0,0.0,0.0,0.0,0.0,8808.838118310963,220.54578041746262,0.95,-87.03360257588596,0.0,0.0
67,contingent,node-022,0.0,0.0,0.0,0.0,0.0,0.0,0.0,0.0,8808.838118310963,220.54578041746262,0.95,0.0,0.0,0.0
67,contingent,node-023,153.5966828116722,2.785372461674804,153.5966828116722,0.8441218230931526,0.015307581109842334,0.8441218230931526,55.0383092453549,181.96032682680934,8808.838118310963,220.54578041746262,0.95,-215.05888408420202,-14.299539586573182,-55.0383092453549
67,contingent,node-024,0.0,0.0,0.0,0.0,0.0,0.0,0.0,0.0,8808.838118310963,220.54578041746262,0.95,0.0,0.0,0.0
67,contingent,node-025,0.0,0.0,0.0,0.0,0.0,0.0,0.0,0.0,8808.838118310963,220.54578041746262,0.95,0.0,0.0,0.0
67,contingent,node-026,0.0,0.0,0.0,0.0,0.0,0.0,0.0,0.0,8808.838118310963,220.54578041746262,0.95,0.0,0.0,0.0
67,contingent,node-027,0.0,0.0,16.089642841669477,0.0,0.0,0.4169872670763923,12.861817863551092,38.58545359065327,8808.838118310963,220.54578041746262,0.95,-189.6074739762286,-0.7330334486266246,-12.861817863551092
67,contingent,node-028,0.0,0.0,0.0,0.0,0.0,0.0,0.0,0.0,8808.838118310963,220.54578041746262,0.95,0.0,0.0,0.0
67,contingent,node-029,0.0,0.0,0.0,0.0,0.0,0.0,0.0,0.0,8808.838118310963,220.54578041746262,0.95,0.0,0.0,0.0
67,capped,node-000,0.0,0.0,0.0,0.0,0.0,0.0,0.0,0.0,8808.838118310963,228.96847996283495,0.95,0.0,0.0,0.0
67,capped,node-001,0.0,0.0,0.0,0.0,0.0,0.0,0.0,0.0,8808.838118310963,228.96847996283495,0.95,0.0,0.0,0.0
67,capped,node-002,0.0,0.0,0.0,0.0,0.0,0.0,0.0,0.0,8808.838118310963,228.96847996283495,0.95,0.0,0.0,0.0
67,capped,node-003,0.0,40.162893936681485,40.162893936681485,0.0,40162.89393668148,40162.89393668148,0.0,0.0,8808.838118310963,228.96847996283495,0.95,-42.86192030479305,0.0,0.0
67,capped,node-004,0.0,0.0,0.0,0.0,0.0,0.0,0.0,0.0,8808.838118310963,228.96847996283495,0.95,0.0,0.0,0.0
67,capped,node-005,0.0,0.0,0.0,0.0,0.0,0.0,0.0,0.0,8808.838118310963,228.96847996283495,0.95,0.0,0.0,0.0
67,capped,node-006,0.0,0.0,0.0,0.0,0.0,0.0,0.0,0.0,8808.838118310963,228.96847996283495,0.95,0.0,0.0,0.0
67,capped,node-007,0.0,0.0,0.0,0.0,0.0,0.0,0.0,0.0,8808.838118310963,228.96847996283495,0.95,0.0,0.0,0.0
67,capped,node-008,0.0,0.0,0.0,0.0,0.0,0.0,0.0,0.0,8808.838118310963,228.96847996283495,0.95,0.0,0.0,0.0
67,capped,node-009,0.0,43.15856255095342,43.15856255095342,0.0,43158.56255095342,43158.56255095342,0.0,0.0,8808.838118310963,228.96847996283495,0.95,-41.57655115837765,0.0,0.0
67,capped,node-010,0.0,0.0,0.0,0.0,0.0,0.0,0.0,0.0,8808.838118310963,228.96847996283495,0.95,0.0,0.0,0.0
67,capped,node-011,0.0,0.0,0.0,0.0,0.0,0.0,0.0,0.0,8808.838118310963,228.96847996283495,0.95,0.0,0.0,0.0
67,capped,node-012,0.0,0.0,0.0,0.0,0.0,0.0,0.0,0.0,8808.838118310963,228.96847996283495,0.95,0.0,0.0,0.0
67,capped,node-013,0.0,0.0,0.0,0.0,0.0,0.0,0.0,0.0,8808.838118310963,228.96847996283495,0.95,0.0,0.0,0.0
67,capped,node-014,0.0,0.0,0.0,0.0,0.0,0.0,0.0,0.0,8808.838118310963,228.96847996283495,0.95,-71.39056111722594,0.0,0.0
67,capped,node-015,0.0,0.0,0.0,0.0,0.0,0.0,0.0,0.0,8808.838118310963,228.96847996283495,0.95,0.0,0.0,0.0
67,capped,node-016,0.0,0.0,0.0,0.0,0.0,0.0,0.0,0.0,8808.838118310963,228.96847996283495,0.95,-56.6476868965375,0.0,0.0
67,capped,node-017,0.0,0.0,0.0,0.0,0.0,0.0,0.0,0.0,8808.838118310963,228.96847996283495,0.95,0.0,0.0,0.0
67,capped,node-018,0.0,0.0,0.0,0.0,0.0,0.0,0.0,0.0,8808.838118310963,228.96847996283495,0.95,-13.936027371307288,0.0,0.0
67,capped,node-019,0.0,0.0,0.0,0.0,0.0,0.0,0.0,0.0,8808.838118310963,228.96847996283495,0.95,0.0,0.0,0.0
67,capped,node-020,0.0,0.0,0.0,0.0,0.0,0.0,0.0,0.0,8808.838118310963,228.96847996283495,0.95,0.0,0.0,0.0
67,capped,node-021,0.0,0.0,0.0,0.0,0.0,0.0,0.0,0.0,8808.838118310963,228.96847996283495,0.95,-21.75840064397149,0.0,0.0
67,capped,node-022,0.0,0.0,0.0,0.0,0.0,0.0,0.0,0.0,8808.838118310963,228.96847996283495,0.95,0.0,0.0,0.0
67,capped,node-023,145.17398326629987,2.785372461674804,145.17398326629987,0.7625363774945872,0.014630361302428566,0.7625363774945872,63.46100879072721,190.38302637218166,8808.838118310963,228.96847996283495,0.95,-103.466152500439,-15.141809541110412,-63.46100879072721
67,capped,node-024,0.0,0.0,0.0,0.0,0.0,0.0,0.0,0.0,8808.838118310963,228.96847996283495,0.95,0.0,0.0,0.0
67,capped,node-025,0.0,0.0,0.0,0.0,0.0,0.0,0.0,0.0,8808.838118310963,228.96847996283495,0.95,0.0,0.0,0.0
67,capped,node-026,0.0,0.0,0.0,0.0,0.0,0.0,0.0,0.0,8808.838118310963,228.96847996283495,0.95,0.0,0.0,0.0
67,capped,node-027,0.0,9.067908166093574,36.80265302198461,0.0,0.235008463611534,0.9537960448105107,12.861817863551092,38.58545359065327,8808.838118310963,228.96847996283495,0.95,-57.04823189172046,-0.7330334486266246,-12.861817863551092
67,capped,node-028,0.0,0.0,0.0,0.0,0.0,0.0,0.0,0.0,8808.838118310963,228.96847996283495,0.95,0.0,0.0,0.0
67,capped,node-029,0.0,0.0,0.0,0.0,0.0,0.0,0.0,0.0,8808.838118310963,228.96847996283495,0.95,0.0,0.0,0.0
67,proper_scoring,node-000,0.0,0.0,0.0,0.0,0.0,0.0,0.0,0.0,8808.838118310963,1139.1354755161963,0.95,0.0,0.0,0.0
67,proper_scoring,node-001,0.0,0.0,0.0,0.0,0.0,0.0,0.0,0.0,8808.838118310963,1139.1354755161963,0.95,0.0,0.0,0.0
67,proper_scoring,node-002,0.0,0.0,0.0,0.0,0.0,0.0,0.0,0.0,8808.838118310963,1139.1354755161963,0.95,0.0,0.0,0.0
67,proper_scoring,node-003,0.0,240.16289393668148,395.24274618062464,0.0,240162.89393668147,395242.74618062464,0.0,0.0,8808.838118310963,1139.1354755161963,0.95,-171.4476812191722,0.0,0.0
67,proper_scoring,node-004,0.0,0.0,0.0,0.0,0.0,0.0,0.0,0.0,8808.838118310963,1139.1354755161963,0.95,0.0,0.0,0.0
67,proper_scoring,node-005,0.0,0.0,0.0,0.0,0.0,0.0,0.0,0.0,8808.838118310963,1139.1354755161963,0.95,0.0,0.0,0.0
67,proper_scoring,node-006,0.0,0.0,0.0,0.0,0.0,0.0,0.0,0.0,8808.838118310963,1139.1354755161963,0.95,0.0,0.0,0.0
67,proper_scoring,node-007,0.0,0.0,0.0,0.0,0.0,0.0,0.0,0.0,8808.838118310963,1139.1354755161963,0.95,0.0,0.0,0.0
67,proper_scoring,node-008,0.0,0.0,0.0,0.0,0.0,0.0,0.0,0.0,8808.838118310963,1139.1354755161963,0.95,0.0,0.0,0.0
67,proper_scoring,node-009,0.0,243.1585625509534,458.4234488416224,0.0,243158.56255095341,458423.4488416224,0.0,0.0,8808.838118310963,1139.1354755161963,0.95,-166.3062046335106,0.0,0.0
67,proper_scoring,node-010,0.0,0.0,0.0,0.0,0.0,0.0,0.0,0.0,8808.838118310963,1139.1354755161963,0.95,0.0,0.0,0.0
67,proper_scoring,node-011,0.0,0.0,0.0,0.0,0.0,0.0,0.0,0.0,8808.838118310963,1139.1354755161963,0.95,0.0,0.0,0.0
67,proper_scoring,node-012,0.0,0.0,0.0,0.0,0.0,0.0,0.0,0.0,8808.838118310963,1139.1354755161963,0.95,0.0,0.0,0.0
67,proper_scoring,node-013,0.0,0.0,0.0,0.0,0.0,0.0,0.0,0.0,8808.838118310963,1139.1354755161963,0.95,0.0,0.0,0.0
67,proper_scoring,node-014,0.0,0.0,345.44916797087785,0.0,0.0,345449.16797087784,0.0,0.0,8808.838118310963,1139.1354755161963,0.95,-285.56224446890377,0.0,0.0
67,proper_scoring,node-015,0.0,0.0,0.0,0.0,0.0,0.0,0.0,0.0,8808.838118310963,1139.1354755161963,0.95,0.0,0.0,0.0
67,proper_scoring,node-016,113.92437164672859,0.0,243.3523131034625,113924.37164672858,0.0,243352.3131034625,0.0,0.0,8808.838118310963,1139.1354755161963,0.95,-226.59074758615,0.0,0.0
67,proper_scoring,node-017,0.0,0.0,0.0,0.0,0.0,0.0,0.0,0.0,8808.838118310963,1139.1354755161963,0.95,0.0,0.0,0.0
67,proper_scoring,node-018,0.0,0.0,285.05978131913713,0.0,0.0,285059.78131913714,0.0,0.0,8808.838118310963,1139.1354755161963,0.95,-55.74410948522914,0.0,0.0
67,proper_scoring,node-019,0.0,0.0,0.0,0.0,0.0,0.0,0.0,0.0,8808.838118310963,1139.1354755161963,0.95,0.0,0.0,0.0
67,proper_scoring,node-020,0.0,0.0,0.0,0.0,0.0,0.0,0.0,0.0,8808.838118310963,1139.1354755161963,0.95,0.0,0.0,0.0
67,proper_scoring,node-021,0.0,0.0,319.74659672766825,0.0,0.0,319746.59672766825,0.0,0.0,8808.838118310963,1139.1354755161963,0.95,-87.03360257588596,0.0,0.0
67,proper_scoring,node-022,0.0,0.0,0.0,0.0,0.0,0.0,0.0,0.0,8808.838118310963,1139.1354755161963,0.95,0.0,0.0,0.0
67,proper_scoring,node-023,258.3359415462106,53.4598480042406,259.3217134930376,0.3107666768863088,0.06430982546094238,0.3119525168056387,704.363833702789,831.2858512842433,8808.838118310963,1139.1354755161963,0.95,-864.384408541636,85.59669494533989,-704.363833702789
67,proper_scoring,node-024,0.0,0.0,0.0,0.0,0.0,0.0,0.0,0.0,8808.838118310963,1139.1354755161963,0.95,0.0,0.0,0.0
67,proper_scoring,node-025,0.0,0.0,0.0,0.0,0.0,0.0,0.0,0.0,8808.838118310963,1139.1354755161963,0.95,0.0,0.0,0.0
67,proper_scoring,node-026,0.0,0.0,0.0,0.0,0.0,0.0,0.0,0.0,8808.838118310963,1139.1354755161963,0.95,0.0,0.0,0.0
67,proper_scoring,node-027,81.22461440316465,125.44034532876242,454.09214252725553,0.2638450984171579,0.4074727901381098,1.4750453038887414,282.1259885048505,307.8496242319527,8808.838118310963,1139.1354755161963,0.95,-458.871644617528,89.02169009847313,-282.1259885048505
67,proper_scoring,node-028,0.0,0.0,0.0,0.0,0.0,0.0,0.0,0.0,8808.838118310963,1139.1354755161963,0.95,0.0,0.0,0.0
67,proper_scoring,node-029,0.0,0.0,0.0,0.0,0.0,0.0,0.0,0.0,8808.838118310963,1139.1354755161963,0.95,0.0,0.0,0.0
67,audits,node-000,0.0,0.0,0.0,0.0,0.0,0.0,0.0,0.0,8808.838118310963,1102.0618486730673,0.95,0.0,0.0,0.0
67,audits,node-001,0.0,0.0,0.0,0.0,0.0,0.0,0.0,0.0,8808.838118310963,1102.0618486730673,0.95,0.0,0.0,0.0
67,audits,node-002,0.0,0.0,0.0,0.0,0.0,0.0,0.0,0.0,8808.838118310963,1102.0618486730673,0.95,0.0,0.0,0.0
67,audits,node-003,0.0,240.16289393668148,357.138079695207,0.0,240162.89393668147,357138.079695207,0.0,0.0,8808.838118310963,1102.0618486730673,0.95,-542.861920304793,0.0,0.0
67,audits,node-004,0.0,0.0,0.0,0.0,0.0,0.0,0.0,0.0,8808.838118310963,1102.0618486730673,0.95,0.0,0.0,0.0
67,audits,node-005,0.0,0.0,0.0,0.0,0.0,0.0,0.0,0.0,8808.838118310963,1102.0618486730673,0.95,0.0,0.0,0.0
67,audits,node-006,0.0,0.0,0.0,0.0,0.0,0.0,0.0,0.0,8808.838118310963,1102.0618486730673,0.95,0.0,0.0,0.0
67,audits,node-007,0.0,0.0,0.0,0.0,0.0,0.0,0.0,0.0,8808.838118310963,1102.0618486730673,0.95,0.0,0.0,0.0
67,audits,node-008,0.0,0.0,0.0,0.0,0.0,0.0,0.0,0.0,8808.838118310963,1102.0618486730673,0.95,0.0,0.0,0.0
67,audits,node-009,0.0,243.1585625509534,458.4234488416224,0.0,243158.56255095341,458423.4488416224,0.0,0.0,8808.838118310963,1102.0618486730673,0.95,-541.5765511583776,0.0,0.0
67,audits,node-010,0.0,0.0,0.0,0.0,0.0,0.0,0.0,0.0,8808.838118310963,1102.0618486730673,0.95,0.0,0.0,0.0
67,audits,node-011,0.0,0.0,0.0,0.0,0.0,0.0,0.0,0.0,8808.838118310963,1102.0618486730673,0.95,0.0,0.0,0.0
67,audits,node-012,0.0,0.0,0.0,0.0,0.0,0.0,0.0,0.0,8808.838118310963,1102.0618486730673,0.95,0.0,0.0,0.0
67,audits,node-013,0.0,0.0,0.0,0.0,0.0,0.0,0.0,0.0,8808.838118310963,1102.0618486730673,0.95,0.0,0.0,0.0
67,audits,node-014,0.0,0.0,328.6094388827741,0.0,0.0,328609.4388827741,0.0,0.0,8808.838118310963,1102.0618486730673,0.95,-571.3905611172258,0.0,0.0
67,audits,node-015,0.0,0.0,0.0,0.0,0.0,0.0,0.0,0.0,8808.838118310963,1102.0618486730673,0.95,0.0,0.0,0.0
67,audits,node-016,113.92437164672859,0.0,243.3523131034625,113924.37164672858,0.0,243352.3131034625,0.0,0.0,8808.838118310963,1102.0618486730673,0.95,-356.6476868965375,0.0,0.0
67,audits,node-017,0.0,0.0,0.0,0.0,0.0,0.0,0.0,0.0,8808.838118310963,1102.0618486730673,0.95,0.0,0.0,0.0
67,audits,node-018,0.0,0.0,285.05978131913713,0.0,0.0,285059.78131913714,0.0,0.0,8808.838118310963,1102.0618486730673,0.95,-265.8478654786237,0.0,0.0
67,audits,node-019,0.0,0.0,0.0,0.0,0.0,0.0,0.0,0.0,8808.838118310963,1102.0618486730673,0.95,0.0,0.0,0.0
67,audits,node-020,0.0,0.0,0.0,0.0,0.0,0.0,0.0,0.0,8808.838118310963,1102.0618486730673,0.95,0.0,0.0,0.0
67,audits,node-021,0.0,0.0,278.2415993560285,0.0,0.0,278241.5993560285,0.0,0.0,8808.838118310963,1102.0618486730673,0.95,-421.7584006439715,0.0,0.0
67,audits,node-022,0.0,0.0,0.0,0.0,0.0,0.0,0.0,0.0,8808.838118310963,1102.0618486730673,0.95,0.0,0.0,0.0
67,audits,node-023,256.23026665986754,48.95617439274179,256.23026665986754,0.32262191234864995,0.06164117459560906,0.32262191234864995,667.2902068596601,794.2122244411145,8808.838118310963,1102.0618486730673,0.95,-2207.2953505693717,84.7544249908027,-667.2902068596601
67,audits,node-024,0.0,0.0,0.0,0.0,0.0,0.0,0.0,0.0,8808.838118310963,1102.0618486730673,0.95,0.0,0.0,0.0
67,audits,node-025,0.0,0.0,0.0,0.0,0.0,0.0,0.0,0.0,8808.838118310963,1102.0618486730673,0.95,0.0,0.0,0.0
67,audits,node-026,0.0,0.0,0.0,0.0,0.0,0.0,0.0,0.0,8808.838118310963,1102.0618486730673,0.95,0.0,0.0,0.0
67,audits,node-027,81.22461440316465,0.0,81.22461440316465,0.2638450984171579,0.0,0.2638450984171579,282.1259885048505,307.8496242319527,8808.838118310963,1102.0618486730673,0.95,-1722.3693610253351,89.02169009847313,-282.1259885048505
67,audits,node-028,0.0,0.0,0.0,0.0,0.0,0.0,0.0,0.0,8808.838118310963,1102.0618486730673,0.95,0.0,0.0,0.0
67,audits,node-029,0.0,0.0,0.0,0.0,0.0,0.0,0.0,0.0,8808.838118310963,1102.0618486730673,0.95,0.0,0.0,0.0
66,greedy,node-000,0.0,0.0,0.0,0.0,0.0,0.0,0.0,0.0,8876.676032218023,216.73744024958307,1.0,0.0,0.0,0.0
66,greedy,node-001,0.0,0.0,0.0,0.0,0.0,0.0,0.0,0.0,8876.676032218023,216.73744024958307,1.0,0.0,0.0,0.0
66,greedy,node-002,0.0,0.0,0.0,0.0,0.0,0.0,0.0,0.0,8876.676032218023,216.73744024958307,1.0,0.0,0.0,0.0
66,greedy,node-003,0.0,0.0,0.0,0.0,0.0,0.0,0.0,0.0,8876.676032218023,216.73744024958307,1.0,-50.47574614648409,0.0,0.0
66,greedy,node-004,0.0,0.0,0.0,0.0,0.0,0.0,0.0,0.0,8876.676032218023,216.73744024958307,1.0,-37.54371392918116,0.0,0.0
66,greedy,node-005,0.0,0.0,0.0,0.0,0.0,0.0,0.0,0.0,8876.676032218023,216.73744024958307,1.0,0.0,0.0,0.0
66,greedy,node-006,0.0,0.0,0.0,0.0,0.0,0.0,0.0,0.0,8876.676032218023,216.73744024958307,1.0,0.0,0.0,0.0
66,greedy,node-007,0.0,0.0,0.0,0.0,0.0,0.0,0.0,0.0,8876.676032218023,216.73744024958307,1.0,0.0,0.0,0.0
66,greedy,node-008,0.0,0.0,0.0,0.0,0.0,0.0,0.0,0.0,8876.676032218023,216.73744024958307,1.0,-17.974703823994815,0.0,0.0
66,greedy,node-009,0.0,0.0,0.0,0.0,0.0,0.0,0.0,0.0,8876.676032218023,216.73744024958307,1.0,0.0,0.0,0.0
66,greedy,node-010,0.0,0.0,0.0,0.0,0.0,0.0,0.0,0.0,8876.676032218023,216.73744024958307,1.0,0.0,0.0,0.0
66,greedy,node-011,19.164416750959987,0.0,19.164416750959987,0.14006598130997733,0.0,0.14006598130997733,45.60806883471007,136.82420650413025,8876.676032218023,216.73744024958307,1.0,-84.77423080875194,-9.723711491590826,-45.60806883471007
66,greedy,node-012,0.0,0.0,0.0,0.0,0.0,0.0,0.0,0.0,8876.676032218023,216.73744024958307,1.0,0.0,0.0,0.0
66,greedy,node-013,0.0,0.0,0.0,0.0,0.0,0.0,0.0,0.0,8876.676032218023,216.73744024958307,1.0,0.0,0.0,0.0
66,greedy,node-014,0.0,0.0,0.0,0.0,0.0,0.0,0.0,0.0,8876.676032218023,216.73744024958307,1.0,0.0,0.0,0.0
66,greedy,node-015,0.0,0.0,0.0,0.0,0.0,0.0,0.0,0.0,8876.676032218023,216.73744024958307,1.0,0.0,0.0,0.0
66,greedy,node-016,0.0,0.0,0.0,0.0,0.0,0.0,0.0,0.0,8876.676032218023,216.73744024958307,1.0,-48.991814066918835,0.0,0.0
66,greedy,node-017,0.0,0.0,0.0,0.0,0.0,0.0,0.0,0.0,8876.676032218023,216.73744024958307,1.0,0.0,0.0,0.0
66,greedy,node-018,0.0,0.0,0.0,0.0,0.0,0.0,0.0,0.0,8876.676032218023,216.73744024958307,1.0,0.0,0.0,0.0
66,greedy,node-019,0.0,0.0,0.0,0.0,0.0,0.0,0.0,0.0,8876.676032218023,216.73744024958307,1.0,0.0,0.0,0.0
66,greedy,node-020,0.0,0.0,0.0,0.0,0.0,0.0,0.0,0.0,8876.676032218023,216.73744024958307,1.0,0.0,0.0,0.0
66,greedy,node-021,0.7417947874434123,0.0,0.7417947874434123,741.7947874434122,0.0,741.7947874434122,0.0,0.0,8876.676032218023,216.73744024958307,1.0,-16.898331843301285,0.0,0.0
66,greedy,node-022,0.0,0.0,0.0,0.0,0.0,0.0,26.63774458181761,79.91323374545283,8876.676032218023,216.73744024958307,1.0,-74.80368172296564,-7.991323374545278,-26.63774458181761
66,greedy,node-023,0.0,0.0,0.0,0.0,0.0,0.0,0.0,0.0,8876.676032218023,216.73744024958307,1.0,0.0,0.0,0.0
66,greedy,node-024,0.0,0.0,0.0,0.0,0.0,0.0,0.0,0.0,8876.676032218023,216.73744024958307,1.0,0.0,0.0,0.0
66,greedy,node-025,0.0,0.0,0.0,0.0,0.0,0.0,0.0,0.0,8876.676032218023,216.73744024958307,1.0,0.0,0.0,0.0
66,greedy,node-026,0.0,0.0,0.0,0.0,0.0,0.0,0.0,0.0,8876.676032218023,216.73744024958307,1.0,0.0,0.0,0.0
66,greedy,node-027,0.0,0.0,0.0,0.0,0.0,0.0,0.0,0.0,8876.676032218023,216.73744024958307,1.0,0.0,0.0,0.0
66,greedy,node-028,0.0,0.0,0.0,0.0,0.0,0.0,0.0,0.0,8876.676032218023,216.73744024958307,1.0,0.0,0.0,0.0
66,greedy,node-029,0.0,0.0,0.0,0.0,0.0,0.0,0.0,0.0,8876.676032218023,216.73744024958307,1.0,-17.893342347859438,0.0,0.0
66,trust_vcg,node-000,60.67626400053628,0.0,94.94462975974568,60676.26400053628,0.0,94944.62975974567,0.0,0.0,8871.869939831084,1217.3000385826695,1.0,-1705.055370240254,0.0,0.0
66,trust_vcg,node-001,0.0,0.0,0.0,0.0,0.0,0.0,0.0,0.0,8871.869939831084,1217.3000385826695,1.0,0.0,0.0,60.67626400053628
66,trust_vcg,node-002,0.0,0.0,0.0,0.0,0.0,0.0,0.0,0.0,8871.869939831084,1217.3000385826695,1.0,0.0,0.0,60.67626400053628
66,trust_vcg,node-003,759.9819570569191,0.0,759.9819570569191,759981.9570569191,0.0,759981.9570569191,0.0,0.0,8871.869939831084,1217.3000385826695,1.0,-11058.940862584142,0.0,60.67626400053628
66,trust_vcg,node-004,0.0,0.0,0.0,0.0,0.0,0.0,0.0,0.0,8871.869939831084,1217.3000385826695,1.0,-5448.214504936729,0.0,60.67626400053628
66,trust_vcg,node-005,0.0,0.0,0.0,0.0,0.0,0.0,0.0,0.0,8871.869939831084,1217.3000385826695,1.0,0.0,0.0,60.67626400053628
66,trust_vcg,node-006,0.0,0.0,0.0,0.0,0.0,0.0,0.0,0.0,8871.869939831084,1217.3000385826695,1.0,0.0,0.0,60.67626400053628
66,trust_vcg,node-007,0.0,0.0,134.95761589949433,0.0,0.0,134957.61589949433,0.0,0.0,8871.869939831084,1217.3000385826695,1.0,-2265.0423841005054,0.0,60.67626400053628
66,trust_vcg,node-008,0.0,0.0,379.54628446027124,0.0,0.0,379546.28446027124,0.0,0.0,8871.869939831084,1217.3000385826695,1.0,-11120.10467001372,0.0,60.67626400053628
66,trust_vcg,node-009,0.0,0.0,0.0,0.0,0.0,0.0,0.0,0.0,8871.869939831084,1217.3000385826695,1.0,0.0,0.0,60.67626400053628
66,trust_vcg,node-010,0.0,0.0,0.0,0.0,0.0,0.0,0.0,0.0,8871.869939831084,1217.3000385826695,1.0,0.0,0.0,60.67626400053628
66,trust_vcg,node-011,139.4576200163275,400.11662265103917,461.965197920029,0.1872199570728089,0.5371511209503969,0.6201819915870748,678.2157012970446,744.8865078101323,8871.869939831084,1217.3000385826695,1.0,-11717.381863271086,42.179767750070596,-617.5394372965083
66,trust_vcg,node-012,0.0,0.0,0.0,0.0,0.0,0.0,0.0,0.0,8871.869939831084,1217.3000385826695,1.0,0.0,0.0,60.67626400053628
66,trust_vcg,node-013,0.0,0.0,0.0,0.0,0.0,0.0,0.0,0.0,8871.869939831084,1217.3000385826695,1.0,0.0,0.0,60.67626400053628
66,trust_vcg,node-014,0.0,0.0,0.0,0.0,0.0,0.0,0.0,0.0,8871.869939831084,1217.3000385826695,1.0,0.0,0.0,60.67626400053628
66,trust_vcg,node-015,0.0,0.0,0.0,0.0,0.0,0.0,0.0,0.0,8871.869939831084,1217.3000385826695,1.0,0.0,0.0,60.67626400053628
66,trust_vcg,node-016,43.560044745767215,0.0,43.560044745767215,43560.04474576721,0.0,43560.04474576721,0.0,0.0,8871.869939831084,1217.3000385826695,1.0,-10981.10801261194,0.0,60.67626400053628
66,trust_vcg,node-017,0.0,0.0,0.0,0.0,0.0,0.0,0.0,0.0,8871.869939831084,1217.3000385826695,1.0,-5047.0720327274485,0.0,60.67626400053628
66,trust_vcg,node-018,0.0,0.0,0.0,0.0,0.0,0.0,0.0,0.0,8871.869939831084,1217.3000385826695,1.0,0.0,0.0,60.67626400053628
66,trust_vcg,node-019,0.0,0.0,0.0,0.0,0.0,0.0,0.0,0.0,8871.869939831084,1217.3000385826695,1.0,0.0,0.0,60.67626400053628
66,trust_vcg,node-020,0.0,0.0,0.0,0.0,0.0,0.0,0.0,0.0,8871.869939831084,1217.3000385826695,1.0,0.0,0.0,60.67626400053628
66,trust_vcg,node-021,0.0,0.0,271.16019764605096,0.0,0.0,271160.19764605095,0.0,0.0,8871.869939831084,1217.3000385826695,1.0,-3838.6122127343688,0.0,60.67626400053628
66,trust_vcg,node-022,121.76535939943386,165.14608201075572,165.14608201075572,0.2577516338287583,0.34957949180814646,0.34957949180814646,389.7866180656309,472.41353077253723,8871.869939831084,1217.3000385826695,1.0,-5917.252968103823,93.58256240482461,-257.817123688984
66,trust_vcg,node-023,0.0,0.0,30.236213352454925,0.0,0.0,30236.213352454924,0.0,0.0,8871.869939831084,1217.3000385826695,1.0,-566.9794075655982,0.0,60.67626400053628
66,trust_vcg,node-024,0.0,0.0,58.44782969759943,0.0,0.0,58447.82969759943,0.0,0.0,8871.869939831084,1217.3000385826695,1.0,-1141.5521703024006,0.0,60.67626400053628
66,trust_vcg,node-025,0.0,0.0,0.0,0.0,0.0,0.0,0.0,0.0,8871.869939831084,1217.3000385826695,1.0,-3275.3545308938906,0.0,60.67626400053628
66,trust_vcg,node-026,0.0,0.0,0.0,0.0,0.0,0.0,0.0,0.0,8871.869939831084,1217.3000385826695,1.0,0.0,0.0,60.67626400053628
66,trust_vcg,node-027,0.0,0.0,0.0,0.0,0.0,0.0,0.0,0.0,8871.869939831084,1217.3000385826695,1.0,-5571.808066015967,0.0,60.67626400053628
66,trust_vcg,node-028,0.0,0.0,34.06372796923037,0.0,0.0,34063.72796923037,0.0,0.0,8871.869939831084,1217.3000385826695,1.0,-560.9478421918387,0.0,60.67626400053628
66,trust_vcg,node-029,0.0,0.0,0.0,0.0,0.0,0.0,0.0,0.0,8871.869939831084,1217.3000385826695,1.0,-9868.643011222974,0.0,60.67626400053628
66,contingent,node-000,0.0,0.0,0.0,0.0,0.0,0.0,0.0,0.0,8871.869939831084,223.94657882999078,1.0,-220.22148096101728,0.0,0.0
66,contingent,node-001,0.0,0.0,0.0,0.0,0.0,0.0,0.0,0.0,8871.869939831084,223.94657882999078,1.0,0.0,0.0,-39.31562250524912
66,contingent,node-002,0.0,0.0,0.0,0.0,0.0,0.0,0.0,0.0,8871.869939831084,223.94657882999078,1.0,0.0,0.0,-39.31562250524912
66,contingent,node-003,0.0,6.601453050498424,41.746942481904135,0.0,6601.453050498424,41746.94248190413,0.0,0.0,8871.869939831084,223.94657882999078,1.0,-235.76345033656736,0.0,-39.31562250524912
66,contingent,node-004,0.0,0.0,0.0,0.0,0.0,0.0,0.0,0.0,8871.869939831084,223.94657882999078,1.0,-150.17485571672464,0.0,-39.31562250524912
66,contingent,node-005,0.0,0.0,0.0,0.0,0.0,0.0,0.0,0.0,8871.869939831084,223.94657882999078,1.0,0.0,0.0,-39.31562250524912
66,contingent,node-006,0.0,0.0,0.0,0.0,0.0,0.0,0.0,0.0,8871.869939831084,223.94657882999078,1.0,0.0,0.0,-39.31562250524912
66,contingent,node-007,0.0,0.0,0.0,0.0,0.0,0.0,0.0,0.0,8871.869939831084,223.94657882999078,1.0,-260.16953640202274,0.0,-39.31562250524912
66,contingent,node-008,0.0,0.0,0.0,0.0,0.0,0.0,0.0,0.0,8871.869939831084,223.94657882999078,1.0,-480.4186800548847,0.0,-39.31562250524912
66,contingent,node-009,0.0,0.0,0.0,0.0,0.0,0.0,0.0,0.0,8871.869939831084,223.94657882999078,1.0,0.0,0.0,-39.31562250524912
66,contingent,node-010,0.0,0.0,0.0,0.0,0.0,0.0,0.0,0.0,8871.869939831084,223.94657882999078,1.0,0.0,0.0,-39.31562250524912
66,contingent,node-011,3.8477281388410205,44.99692069153997,185.96402087275212,0.03847489218623955,0.44994126659926775,1.859524736525146,33.33540325654377,100.0062097696313,8871.869939831084,223.94657882999078,1.0,-190.00005115271125,-7.426409022275749,-72.65102576179288
66,contingent,node-012,0.0,0.0,0.0,0.0,0.0,0.0,0.0,0.0,8871.869939831084,223.94657882999078,1.0,0.0,0.0,-39.31562250524912
66,contingent,node-013,0.0,0.0,0.0,0.0,0.0,0.0,0.0,0.0,8871.869939831084,223.94657882999078,1.0,0.0,0.0,-39.31562250524912
66,contingent,node-014,0.0,0.0,0.0,0.0,0.0,0.0,0.0,0.0,8871.869939831084,223.94657882999078,1.0,0.0,0.0,-39.31562250524912
66,contingent,node-015,0.0,0.0,0.0,0.0,0.0,0.0,0.0,0.0,8871.869939831084,223.94657882999078,1.0,0.0,0.0,-39.31562250524912
66,contingent,node-016,0.0,0.0,0.0,0.0,0.0,0.0,0.0,0.0,8871.869939831084,223.94657882999078,1.0,-228.42045237434624,0.0,-39.31562250524912
66,contingent,node-017,0.0,0.0,0.0,0.0,0.0,0.0,0.0,0.0,8871.869939831084,223.94657882999078,1.0,-388.2881309097911,0.0,-39.31562250524912
66,contingent,node-018,0.0,0.0,0.0,0.0,0.0,0.0,0.0,0.0,8871.869939831084,223.94657882999078,1.0,0.0,0.0,-39.31562250524912
66,contingent,node-019,0.0,0.0,0.0,0.0,0.0,0.0,0.0,0.0,8871.869939831084,223.94657882999078,1.0,0.0,0.0,-39.31562250524912
66,contingent,node-020,0.0,0.0,0.0,0.0,0.0,0.0,0.0,0.0,8871.869939831084,223.94657882999078,1.0,0.0,0.0,-39.31562250524912
66,contingent,node-021,0.0,0.0,0.0,0.0,0.0,0.0,0.0,0.0,8871.869939831084,223.94657882999078,1.0,-119.15405684559694,0.0,-39.31562250524912
66,contingent,node-022,11.361030936000816,13.61924372293349,105.08741575549925,0.09166529857973837,0.1098854539984536,0.8478869036150866,41.31345635345315,123.94036906035944,8871.869939831084,223.94657882999078,1.0,-151.17885650622642,-5.981198084369048,-109.32773498837703
66,contingent,node-023,0.0,0.0,0.0,0.0,0.0,0.0,0.0,0.0,8871.869939831084,223.94657882999078,1.0,-78.97761892146045,0.0,-39.31562250524912
66,contingent,node-024,0.0,0.0,0.0,0.0,0.0,0.0,0.0,0.0,8871.869939831084,223.94657882999078,1.0,-166.20868120960228,0.0,-39.31562250524912
66,contingent,node-025,0.0,0.0,0.0,0.0,0.0,0.0,0.0,0.0,8871.869939831084,223.94657882999078,1.0,-102.23510393023068,0.0,-39.31562250524912
66,contingent,node-026,0.0,0.0,0.0,0.0,0.0,0.0,0.0,0.0,8871.869939831084,223.94657882999078,1.0,0.0,0.0,-39.31562250524912
66,contingent,node-027,0.0,0.0,0.0,0.0,0.0,0.0,0.0,0.0,8871.869939831084,223.94657882999078,1.0,-287.2322640638679,0.0,-39.31562250524912
66,contingent,node-028,0.0,0.0,0.0,0.0,0.0,0.0,0.0,0.0,8871.869939831084,223.94657882999078,1.0,-63.49624380049916,0.0,-39.31562250524912
66,contingent,node-029,0.0,0.0,0.0,0.0,0.0,0.0,0.0,0.0,8871.869939831084,223.94657882999078,1.0,-244.77822994325982,0.0,-39.31562250524912
66,capped,node-000,0.0,0.0,0.0,0.0,0.0,0.0,0.0,0.0,8871.869939831084,223.94657882999078,1.0,-55.05537024025433,0.0,0.0
66,capped,node-001,0.0,0.0,0.0,0.0,0.0,0.0,0.0,0.0,8871.869939831084,223.94657882999078,1.0,0.0,0.0,-39.31562250524912
66,capped,node-002,0.0,0.0,0.0,0.0,0.0,0.0,0.0,0.0,8871.869939831084,223.94657882999078,1.0,0.0,0.0,-39.31562250524912
66,capped,node-003,0.0,83.1330341803464,137.4114188942141,0.0,83133.0341803464,137411.41889421412,0.0,0.0,8871.869939831084,223.94657882999078,1.0,-58.94086258414185,0.0,-39.31562250524912
66,capped,node-004,0.0,0.0,4.775827141133172,0.0,0.0,4775.8271411331725,0.0,0.0,8871.869939831084,223.94657882999078,1.0,-37.54371392918116,0.0,-39.31562250524912
66,capped,node-005,0.0,0.0,0.0,0.0,0.0,0.0,0.0,0.0,8871.869939831084,223.94657882999078,1.0,0.0,0.0,-39.31562250524912
66,capped,node-006,0.0,0.0,0.0,0.0,0.0,0.0,0.0,0.0,8871.869939831084,223.94657882999078,1.0,0.0,0.0,-39.31562250524912
66,capped,node-007,0.0,0.0,0.0,0.0,0.0,0.0,0.0,0.0,8871.869939831084,223.94657882999078,1.0,-65.04238410050569,0.0,-39.31562250524912
66,capped,node-008,0.0,0.0,0.0,0.0,0.0,0.0,0.0,0.0,8871.869939831084,223.94657882999078,1.0,-120.10467001372115,0.0,-39.31562250524912
66,capped,node-009,0.0,0.0,0.0,0.0,0.0,0.0,0.0,0.0,8871.869939831084,223.94657882999078,1.0,0.0,0.0,-39.31562250524912
66,capped,node-010,0.0,0.0,0.0,0.0,0.0,0.0,0.0,0.0,8871.869939831084,223.94657882999078,1.0,0.0,0.0,-39.31562250524912
66,capped,node-011,3.8477281388410205,44.99692069153997,185.96402087275212,0.03847489218623955,0.44994126659926775,1.859524736525146,33.33540325654377,100.0062097696313,8871.869939831084,223.94657882999078,1.0,-72.50156523058564,-7.426409022275749,-72.65102576179288
66,capped,node-012,0.0,0.0,0.0,0.0,0.0,0.0,0.0,0.0,8871.869939831084,223.94657882999078,1.0,0.0,0.0,-39.31562250524912
66,capped,node-013,0.0,0.0,0.0,0.0,0.0,0.0,0.0,0.0,8871.869939831084,223.94657882999078,1.0,0.0,0.0,-39.31562250524912
66,capped,node-014,0.0,0.0,0.0,0.0,0.0,0.0,0.0,0.0,8871.869939831084,223.94657882999078,1.0,0.0,0.0,-39.31562250524912
66,capped,node-015,0.0,0.0,0.0,0.0,0.0,0.0,0.0,0.0,8871.869939831084,223.94657882999078,1.0,0.0,0.0,-39.31562250524912
66,capped,node-016,0.0,80.15726923667786,80.15726923667786,0.0,80157.26923667786,80157.26923667786,0.0,0.0,8871.869939831084,223.94657882999078,1.0,-57.10511309358656,0.0,-39.31562250524912
66,capped,node-017,0.0,0.0,0.0,0.0,0.0,0.0,0.0,0.0,8871.869939831084,223.94657882999078,1.0,-97.07203272744778,0.0,-39.31562250524912
66,capped,node-018,0.0,0.0,0.0,0.0,0.0,0.0,0.0,0.0,8871.869939831084,223.94657882999078,1.0,0.0,0.0,-39.31562250524912
66,capped,node-019,0.0,0.0,0.0,0.0,0.0,0.0,0.0,0.0,8871.869939831084,223.94657882999078,1.0,0.0,0.0,-39.31562250524912
66,capped,node-020,0.0,0.0,0.0,0.0,0.0,0.0,0.0,0.0,8871.869939831084,223.94657882999078,1.0,0.0,0.0,-39.31562250524912
66,capped,node-021,0.0,0.0,0.0,0.0,0.0,0.0,0.0,0.0,8871.869939831084,223.94657882999078,1.0,-29.78851421139923,0.0,-39.31562250524912
66,capped,node-022,11.361030936000816,13.61924372293349,105.08741575549925,0.09166529857973837,0.1098854539984536,0.8478869036150866,41.31345635345315,123.94036906035944,8871.869939831084,223.94657882999078,1.0,-68.77980639164647,-5.981198084369048,-109.32773498837703
66,capped,node-023,0.0,0.0,0.0,0.0,0.0,0.0,0.0,0.0,8871.869939831084,223.94657882999078,1.0,-19.744404730365112,0.0,-39.31562250524912
66,capped,node-024,0.0,0.0,0.0,0.0,0.0,0.0,0.0,0.0,8871.869939831084,223.94657882999078,1.0,-41.55217030240057,0.0,-39.31562250524912
66,capped,node-025,0.0,0.0,0.0,0.0,0.0,0.0,0.0,0.0,8871.869939831084,223.94657882999078,1.0,-25.55877598255767,0.0,-39.31562250524912
66,capped,node-026,0.0,0.0,0.0,0.0,0.0,0.0,0.0,0.0,8871.869939831084,223.94657882999078,1.0,0.0,0.0,-39.31562250524912
66,capped,node-027,0.0,0.0,26.23165412500352,0.0,0.0,26231.65412500352,0.0,0.0,8871.869939831084,223.94657882999078,1.0,-71.80806601596697,0.0,-39.31562250524912
66,capped,node-028,0.0,0.0,0.0,0.0,0.0,0.0,0.0,0.0,8871.869939831084,223.94657882999078,1.0,-15.874060950124786,0.0,-39.31562250524912
66,capped,node-029,0.0,0.0,8.946671173929722,0.0,0.0,8946.671173929722,0.0,0.0,8871.869939831084,223.94657882999078,1.0,-61.19455748581495,0.0,-39.31562250524912
66,proper_scoring,node-000,60.67626400053628,0.0,94.94462975974568,60676.26400053628,0.0,94944.62975974567,0.0,0.0,8871.869939831084,1217.3000385826695,1.0,-202.27461344526995,0.0,0.0
66,proper_scoring,node-001,0.0,0.0,0.0,0.0,0.0,0.0,0.0,0.0,8871.869939831084,1217.3000385826695,1.0,0.0,0.0,60.67626400053628
66,proper_scoring,node-002,0.0,0.0,0.0,0.0,0.0,0.0,0.0,0.0,8871.869939831084,1217.3000385826695,1.0,0.0,0.0,60.67626400053628
66,proper_scoring,node-003,759.9819570569191,407.39215167644494,821.2380921820827,759981.9570569191,407392.1516764449,821238.0921820827,0.0,0.0,8871.869939831084,1217.3000385826695,1.0,-235.76345033656736,0.0,60.67626400053628
66,proper_scoring,node-004,0.0,0.0,211.34025344283123,0.0,0.0,211340.25344283122,0.0,0.0,8871.869939831084,1217.3000385826695,1.0,-150.17485571672464,0.0,60.67626400053628
66,proper_scoring,node-005,0.0,0.0,0.0,0.0,0.0,0.0,0.0,0.0,8871.869939831084,1217.3000385826695,1.0,0.0,0.0,60.67626400053628
66,proper_scoring,node-006,0.0,0.0,0.0,0.0,0.0,0.0,0.0,0.0,8871.869939831084,1217.3000385826695,1.0,0.0,0.0,60.67626400053628
66,proper_scoring,node-007,0.0,0.0,134.95761589949433,0.0,0.0,134957.61589949433,0.0,0.0,8871.869939831084,1217.3000385826695,1.0,-246.8175571758593,0.0,60.67626400053628
66,proper_scoring,node-008,416.9119976194658,0.0,822.5170177510668,416911.9976194658,0.0,822517.0177510667,0.0,0.0,8871.869939831084,1217.3000385826695,1.0,-460.13095544125383,0.0,60.67626400053628
66,proper_scoring,node-009,0.0,0.0,0.0,0.0,0.0,0.0,0.0,0.0,8871.869939831084,1217.3000385826695,1.0,0.0,0.0,60.67626400053628
66,proper_scoring,node-010,0.0,0.0,0.0,0.0,0.0,0.0,0.0,0.0,8871.869939831084,1217.3000385826695,1.0,0.0,0.0,60.67626400053628
66,proper_scoring,node-011,139.4576200163275,400.11662265103917,461.965197920029,0.1872199570728089,0.5371511209503969,0.6201819915870748,678.2157012970446,744.8865078101323,8871.869939831084,1217.3000385826695,1.0,-834.880349193212,42.179767750070596,-617.5394372965083
66,proper_scoring,node-012,0.0,0.0,0.0,0.0,0.0,0.0,0.0,0.0,8871.869939831084,1217.3000385826695,1.0,0.0,0.0,60.67626400053628
66,proper_scoring,node-013,0.0,0.0,0.0,0.0,0.0,0.0,0.0,0.0,8871.869939831084,1217.3000385826695,1.0,0.0,0.0,60.67626400053628
66,proper_scoring,node-014,0.0,0.0,0.0,0.0,0.0,0.0,0.0,0.0,8871.869939831084,1217.3000385826695,1.0,0.0,0.0,60.67626400053628
66,proper_scoring,node-015,0.0,0.0,0.0,0.0,0.0,0.0,0.0,0.0,8871.869939831084,1217.3000385826695,1.0,0.0,0.0,60.67626400053628
66,proper_scoring,node-016,43.560044745767215,211.2245012079888,467.8725355708113,43560.04474576721,211224.5012079888,467872.5355708113,0.0,0.0,8871.869939831084,1217.3000385826695,1.0,-228.42045237434624,0.0,60.67626400053628
66,proper_scoring,node-017,0.0,0.0,278.5239773678991,0.0,0.0,278523.9773678991,0.0,0.0,8871.869939831084,1217.3000385826695,1.0,-376.91296536938637,0.0,60.67626400053628
66,proper_scoring,node-018,0.0,0.0,0.0,0.0,0.0,0.0,0.0,0.0,8871.869939831084,1217.3000385826695,1.0,0.0,0.0,60.67626400053628
66,proper_scoring,node-019,0.0,0.0,0.0,0.0,0.0,0.0,0.0,0.0,8871.869939831084,1217.3000385826695,1.0,0.0,0.0,60.67626400053628
66,proper_scoring,node-020,0.0,0.0,0.0,0.0,0.0,0.0,0.0,0.0,8871.869939831084,1217.3000385826695,1.0,0.0,0.0,60.67626400053628
66,proper_scoring,node-021,0.0,0.0,271.16019764605096,0.0,0.0,271160.19764605095,0.0,0.0,8871.869939831084,1217.3000385826695,1.0,-119.15405684559694,0.0,60.67626400053628
66,proper_scoring,node-022,121.76535939943386,165.14608201075572,165.14608201075572,0.2577516338287583,0.34957949180814646,0.34957949180814646,389.7866180656309,472.41353077253723,8871.869939831084,1217.3000385826695,1.0,-499.6520182184041,93.58256240482461,-257.817123688984
66,proper_scoring,node-023,0.0,0.0,30.236213352454925,0.0,0.0,30236.213352454924,0.0,0.0,8871.869939831084,1217.3000385826695,1.0,-66.97940756559814,0.0,60.67626400053628
66,proper_scoring,node-024,0.0,0.0,58.44782969759943,0.0,0.0,58447.82969759943,0.0,0.0,8871.869939831084,1217.3000385826695,1.0,-141.55217030240055,0.0,60.67626400053628
66,proper_scoring,node-025,0.0,0.0,210.77156555069683,0.0,0.0,210771.56555069683,0.0,0.0,8871.869939831084,1217.3000385826695,1.0,-102.23510393023068,0.0,60.67626400053628
66,proper_scoring,node-026,0.0,0.0,0.0,0.0,0.0,0.0,0.0,0.0,8871.869939831084,1217.3000385826695,1.0,0.0,0.0,60.67626400053628
66,proper_scoring,node-027,0.0,0.0,292.53041384401735,0.0,0.0,292530.4138440173,0.0,0.0,8871.869939831084,1217.3000385826695,1.0,-287.2322640638679,0.0,60.67626400053628
66,proper_scoring,node-028,0.0,0.0,34.06372796923037,0.0,0.0,34063.72796923037,0.0,0.0,8871.869939831084,1217.3000385826695,1.0,-60.94784219183866,0.0,60.67626400053628
66,proper_scoring,node-029,36.682127428330396,0.0,490.08764650890726,36682.127428330394,0.0,490087.64650890726,0.0,0.0,8871.869939831084,1217.3000385826695,1.0,-244.77822994325982,0.0,60.67626400053628
66,audits,node-000,60.67626400053628,0.0,94.94462975974568,60676.26400053628,0.0,94944.62975974567,0.0,0.0,8871.869939831084,1217.3000385826695,1.0,-205.05537024025432,0.0,0.0
66,audits,node-001,0.0,0.0,0.0,0.0,0.0,0.0,0.0,0.0,8871.869939831084,1217.3000385826695,1.0,0.0,0.0,60.67626400053628
66,audits,node-002,0.0,0.0,0.0,0.0,0.0,0.0,0.0,0.0,8871.869939831084,1217.3000385826695,1.0,0.0,0.0,60.67626400053628
66,audits,node-003,759.9819570569191,383.13303418034644,778.6367780294687,759981.9570569191,383133.0341803464,778636.7780294687,0.0,0.0,8871.869939831084,1217.3000385826695,1.0,-1558.9408625841418,0.0,60.67626400053628
66,audits,node-004,0.0,0.0,96.93436706676239,0.0,0.0,96934.3670667624,0.0,0.0,8871.869939831084,1217.3000385826695,1.0,-448.21450493672927,0.0,60.67626400053628
66,audits,node-005,0.0,0.0,0.0,0.0,0.0,0.0,0.0,0.0,8871.869939831084,1217.3000385826695,1.0,0.0,0.0,60.67626400053628
66,audits,node-006,0.0,0.0,0.0,0.0,0.0,0.0,0.0,0.0,8871.869939831084,1217.3000385826695,1.0,0.0,0.0,60.67626400053628
66,audits,node-007,0.0,0.0,134.95761589949433,0.0,0.0,134957.61589949433,0.0,0.0,8871.869939831084,1217.3000385826695,1.0,-265.04238410050567,0.0,60.67626400053628
66,audits,node-008,385.1137431311056,0.0,779.8953299862789,385113.7431311056,0.0,779895.3299862788,0.0,0.0,8871.869939831084,1217.3000385826695,1.0,-1620.104670013721,0.0,60.67626400053628
66,audits,node-009,0.0,0.0,0.0,0.0,0.0,0.0,0.0,0.0,8871.869939831084,1217.3000385826695,1.0,0.0,0.0,60.67626400053628
66,audits,node-010,0.0,0.0,0.0,0.0,0.0,0.0,0.0,0.0,8871.869939831084,1217.3000385826695,1.0,0.0,0.0,60.67626400053628
66,audits,node-011,139.4576200163275,400.11662265103917,461.965197920029,0.1872199570728089,0.5371511209503969,0.6201819915870748,678.2157012970446,744.8865078101323,8871.869939831084,1217.3000385826695,1.0,-2217.3818632710863,42.179767750070596,-617.5394372965083
66,audits,node-012,0.0,0.0,0.0,0.0,0.0,0.0,0.0,0.0,8871.869939831084,1217.3000385826695,1.0,0.0,0.0,60.67626400053628
66,audits,node-013,0.0,0.0,0.0,0.0,0.0,0.0,0.0,0.0,8871.869939831084,1217.3000385826695,1.0,0.0,0.0,60.67626400053628
66,audits,node-014,0.0,0.0,0.0,0.0,0.0,0.0,0.0,0.0,8871.869939831084,1217.3000385826695,1.0,0.0,0.0,60.67626400053628
66,audits,node-015,0.0,0.0,0.0,0.0,0.0,0.0,0.0,0.0,8871.869939831084,1217.3000385826695,1.0,0.0,0.0,60.67626400053628
66,audits,node-016,43.560044745767215,98.97254535404173,98.97254535404173,43560.04474576721,98972.54535404172,98972.54535404172,0.0,0.0,8871.869939831084,1217.3000385826695,1.0,-1481.1080126119393,0.0,60.67626400053628
66,audits,node-017,0.0,0.0,252.92796727255225,0.0,0.0,252927.96727255225,0.0,0.0,8871.869939831084,1217.3000385826695,1.0,-547.0720327274479,0.0,60.67626400053628
66,audits,node-018,0.0,0.0,0.0,0.0,0.0,0.0,0.0,0.0,8871.869939831084,1217.3000385826695,1.0,0.0,0.0,60.67626400053628
66,audits,node-019,0.0,0.0,0.0,0.0,0.0,0.0,0.0,0.0,8871.869939831084,1217.3000385826695,1.0,0.0,0.0,60.67626400053628
66,audits,node-020,0.0,0.0,0.0,0.0,0.0,0.0,0.0,0.0,8871.869939831084,1217.3000385826695,1.0,0.0,0.0,60.67626400053628
66,audits,node-021,0.0,0.0,271.16019764605096,0.0,0.0,271160.19764605095,0.0,0.0,8871.869939831084,1217.3000385826695,1.0,-338.6122127343688,0.0,60.67626400053628
66,audits,node-022,121.76535939943386,165.14608201075572,165.14608201075572,0.2577516338287583,0.34957949180814646,0.34957949180814646,389.7866180656309,472.41353077253723,8871.869939831084,1217.3000385826695,1.0,-917.2529681038243,93.58256240482461,-257.817123688984
66,audits,node-023,0.0,0.0,30.236213352454925,0.0,0.0,30236.213352454924,0.0,0.0,8871.869939831084,1217.3000385826695,1.0,-66.97940756559814,0.0,60.67626400053628
66,audits,node-024,0.0,0.0,58.44782969759943,0.0,0.0,58447.82969759943,0.0,0.0,8871.869939831084,1217.3000385826695,1.0,-141.55217030240055,0.0,60.67626400053628
66,audits,node-025,0.0,0.0,181.89478782383753,0.0,0.0,181894.78782383754,0.0,0.0,8871.869939831084,1217.3000385826695,1.0,-275.3545308938913,0.0,60.67626400053628
66,audits,node-026,0.0,0.0,0.0,0.0,0.0,0.0,0.0,0.0,8871.869939831084,1217.3000385826695,1.0,0.0,0.0,60.67626400053628
66,audits,node-027,0.0,0.0,228.19193398403303,0.0,0.0,228191.93398403304,0.0,0.0,8871.869939831084,1217.3000385826695,1.0,-571.8080660159669,0.0,60.67626400053628
66,audits,node-028,0.0,0.0,34.06372796923037,0.0,0.0,34063.72796923037,0.0,0.0,8871.869939831084,1217.3000385826695,1.0,-60.94784219183866,0.0,60.67626400053628
66,audits,node-029,31.66688027667265,0.0,268.84175919990736,31666.880276672648,0.0,268841.75919990736,0.0,0.0,8871.869939831084,1217.3000385826695,1.0,-1368.643011222973,0.0,60.67626400053628
68,greedy,node-000,0.0,0.0,0.0,0.0,0.0,0.0,0.0,0.0,7024.30270896697,366.2905358924055,0.85,0.0,0.0,-44.66405915036316
68,greedy,node-001,12.455525878297346,0.0,12.455525878297346,12455.525878297345,0.0,12455.525878297345,0.0,0.0,7024.30270896697,366.2905358924055,0.85,-44.66405915036316,0.0,0.0
68,greedy,node-002,0.0,0.0,0.0,0.0,0.0,0.0,0.0,0.0,7024.30270896697,366.2905358924055,0.85,0.0,0.0,0.0
68,greedy,node-003,0.0,0.0,0.0,0.0,0.0,0.0,0.0,0.0,7024.30270896697,366.2905358924055,0.85,0.0,0.0,0.0
68,greedy,node-004,0.0,0.0,0.0,0.0,0.0,0.0,0.0,0.0,7024.30270896697,366.2905358924055,0.85,0.0,0.0,0.0
68,greedy,node-005,0.0,0.0,0.0,0.0,0.0,0.0,0.0,0.0,7024.30270896697,366.2905358924055,0.85,0.0,0.0,0.0
68,greedy,node-006,0.0,0.0,0.0,0.0,0.0,0.0,0.0,0.0,7024.30270896697,366.2905358924055,0.85,0.0,0.0,0.0
68,greedy,node-007,0.0,0.0,0.0,0.0,0.0,0.0,0.0,0.0,7024.30270896697,366.2905358924055,0.85,0.0,0.0,0.0
68,greedy,node-008,11.458855324554378,0.0,11.458855324554378,11458.855324554377,0.0,11458.855324554377,0.0,0.0,7024.30270896697,366.2905358924055,0.85,-68.6067630395527,0.0,0.0
68,greedy,node-009,0.0,0.0,0.0,0.0,0.0,0.0,0.0,0.0,7024.30270896697,366.2905358924055,0.85,0.0,0.0,0.0
68,greedy,node-010,0.0,0.0,0.0,0.0,0.0,0.0,0.0,0.0,7024.30270896697,366.2905358924055,0.85,0.0,0.0,0.0
68,greedy,node-011,0.0,0.0,0.0,0.0,0.0,0.0,0.0,0.0,7024.30270896697,366.2905358924055,0.85,-15.99172947657489,0.0,0.0
68,greedy,node-012,23.043259496587126,0.0,23.043259496587126,0.06290978673649344,0.0,0.06290978673649344,122.09684529746852,366.2905358924055,7024.30270896697,366.2905358924055,0.85,-183.14526794620278,-36.62905358924057,-139.43899335907594
68,greedy,node-013,0.0,0.0,0.0,0.0,0.0,0.0,0.0,0.0,7024.30270896697,366.2905358924055,0.85,0.0,0.0,0.0
68,greedy,node-014,0.0,0.0,0.0,0.0,0.0,0.0,0.0,0.0,7024.30270896697,366.2905358924055,0.85,0.0,0.0,0.0
68,greedy,node-015,0.0,0.0,0.0,0.0,0.0,0.0,0.0,0.0,7024.30270896697,366.2905358924055,0.85,0.0,0.0,0.0
68,greedy,node-016,0.0,0.0,0.0,0.0,0.0,0.0,0.0,0.0,7024.30270896697,366.2905358924055,0.85,0.0,0.0,0.0
68,greedy,node-017,0.0,0.0,0.0,0.0,0.0,0.0,0.0,0.0,7024.30270896697,366.2905358924055,0.85,0.0,0.0,0.0
68,greedy,node-018,13.505260397335283,0.0,13.505260397335283,13505.260397335282,0.0,13505.260397335282,0.0,0.0,7024.30270896697,366.2905358924055,0.85,-85.61130676182741,0.0,0.0
68,greedy,node-019,0.0,0.0,0.0,0.0,0.0,0.0,0.0,0.0,7024.30270896697,366.2905358924055,0.85,0.0,0.0,0.0
68,greedy,node-020,0.0,0.0,0.0,0.0,0.0,0.0,0.0,0.0,7024.30270896697,366.2905358924055,0.85,0.0,0.0,0.0
68,greedy,node-021,0.0,0.0,0.0,0.0,0.0,0.0,0.0,0.0,7024.30270896697,366.2905358924055,0.85,0.0,0.0,0.0
68,greedy,node-022,0.0,0.0,0.0,0.0,0.0,0.0,0.0,0.0,7024.30270896697,366.2905358924055,0.85,0.0,0.0,0.0
68,greedy,node-023,0.0,0.0,0.0,0.0,0.0,0.0,0.0,0.0,7024.30270896697,366.2905358924055,0.85,0.0,0.0,0.0
68,greedy,node-024,0.0,0.0,0.0,0.0,0.0,0.0,0.0,0.0,7024.30270896697,366.2905358924055,0.85,0.0,0.0,0.0
68,greedy,node-025,0.0,0.0,0.0,0.0,0.0,0.0,0.0,0.0,7024.30270896697,366.2905358924055,0.85,0.0,0.0,0.0
68,greedy,node-026,0.0,0.0,0.0,0.0,0.0,0.0,0.0,0.0,7024.30270896697,366.2905358924055,0.85,0.0,0.0,0.0
68,greedy,node-027,0.0,0.0,0.0,0.0,0.0,0.0,0.0,0.0,7024.30270896697,366.2905358924055,0.85,0.0,0.0,0.0
68,greedy,node-028,0.0,0.0,0.0,0.0,0.0,0.0,0.0,0.0,7024.30270896697,366.2905358924055,0.85,0.0,0.0,0.0
68,greedy,node-029,0.0,0.0,0.0,0.0,0.0,0.0,0.0,0.0,7024.30270896697,366.2905358924055,0.85,0.0,0.0,0.0
68,trust_vcg,node-000,0.0,0.0,0.0,0.0,0.0,0.0,0.0,0.0,7750.496695930972,241.41758774213602,0.8888888888888888,0.0,0.0,372.592285370311
68,trust_vcg,node-001,372.592285370311,438.80379529215475,488.1823506393689,372592.285370311,438803.7952921547,488182.3506393689,0.0,0.0,7750.496695930972,241.41758774213602,0.8888888888888888,-5599.636439339537,0.0,0.0
68,trust_vcg,node-002,0.0,0.0,0.0,0.0,0.0,0.0,0.0,0.0,7750.496695930972,241.41758774213602,0.8888888888888888,0.0,0.0,0.0
68,trust_vcg,node-003,0.0,0.0,0.0,0.0,0.0,0.0,0.0,0.0,7750.496695930972,241.41758774213602,0.8888888888888888,0.0,0.0,0.0
68,trust_vcg,node-004,0.0,0.0,0.0,0.0,0.0,0.0,0.0,0.0,7750.496695930972,241.41758774213602,0.8888888888888888,0.0,0.0,0.0
68,trust_vcg,node-005,0.0,0.0,0.0,0.0,0.0,0.0,0.0,0.0,7750.496695930972,241.41758774213602,0.8888888888888888,0.0,0.0,0.0
68,trust_vcg,node-006,34.8769942392026,0.0,34.8769942392026,34876.9942392026,0.0,34876.9942392026,0.0,0.0,7750.496695930972,241.41758774213602,0.8888888888888888,-5086.032628719162,0.0,0.0
68,trust_vcg,node-007,0.0,0.0,0.0,0.0,0.0,0.0,0.0,0.0,7750.496695930972,241.41758774213602,0.8888888888888888,0.0,0.0,0.0
68,trust_vcg,node-008,128.51036138363202,0.0,128.51036138363202,128510.36138363201,0.0,128510.36138363201,0.0,0.0,7750.496695930972,241.41758774213602,0.8888888888888888,-10462.953074360783,0.0,0.0
68,trust_vcg,node-009,0.0,0.0,179.0018368163658,0.0,0.0,179001.8368163658,0.0,0.0,7750.496695930972,241.41758774213602,0.8888888888888888,-3420.998163183634,0.0,0.0
68,trust_vcg,node-010,0.0,0.0,0.0,0.0,0.0,0.0,0.0,0.0,7750.496695930972,241.41758774213602,0.8888888888888888,0.0,0.0,0.0
68,trust_vcg,node-011,88.22191793284907,0.002951364906607523,88.22929634511559,0.17060977846374015,5.707557993300877e-06,0.1706240473587234,305.69725382255467,517.0976641974771,7750.496695930972,241.41758774213602,0.8888888888888888,-5911.770703654885,-31.710061556238372,-305.69725382255467
68,trust_vcg,node-012,644.156451217686,678.700119535095,799.897337751788,644156.4512176861,678700.1195350951,799897.337751788,-408.0847962733867,-275.6800764553412,7750.496695930972,241.41758774213602,0.8888888888888888,-10652.96362637535,31.874408180243734,-5.213683608875101
68,trust_vcg,node-013,0.0,0.0,0.0,0.0,0.0,0.0,0.0,0.0,7750.496695930972,241.41758774213602,0.8888888888888888,0.0,0.0,0.0
68,trust_vcg,node-014,0.0,0.0,0.0,0.0,0.0,0.0,0.0,0.0,7750.496695930972,241.41758774213602,0.8888888888888888,0.0,0.0,0.0
68,trust_vcg,node-015,0.0,0.0,0.0,0.0,0.0,0.0,0.0,0.0,7750.496695930972,241.41758774213602,0.8888888888888888,0.0,0.0,0.0
68,trust_vcg,node-016,0.0,0.0,0.0,0.0,0.0,0.0,0.0,0.0,7750.496695930972,241.41758774213602,0.8888888888888888,-3408.6877125477595,0.0,0.0
68,trust_vcg,node-017,0.0,0.0,0.0,0.0,0.0,0.0,0.0,0.0,7750.496695930972,241.41758774213602,0.8888888888888888,-3969.0456324836086,0.0,0.0
68,trust_vcg,node-018,0.0,23.742269460540413,116.54897155594577,0.0,23742.269460540414,116548.97155594577,0.0,0.0,7750.496695930972,241.41758774213602,0.8888888888888888,-5561.871134730271,0.0,0.0
68,trust_vcg,node-019,0.0,0.0,269.8803146717598,0.0,0.0,269880.3146717598,0.0,0.0,7750.496695930972,241.41758774213602,0.8888888888888888,-3930.1196853282404,0.0,0.0
68,trust_vcg,node-020,234.62076500714582,224.06554284245556,335.9412329221265,234620.76500714582,224065.54284245556,335941.2329221265,0.0,0.0,7750.496695930972,241.41758774213602,0.8888888888888888,-5604.548272590083,0.0,0.0
68,trust_vcg,node-021,0.0,0.0,230.1617384984705,0.0,0.0,230161.73849847048,0.0,0.0,7750.496695930972,241.41758774213602,0.8888888888888888,-3334.486660715408,0.0,0.0
68,trust_vcg,node-022,0.0,0.0,0.0,0.0,0.0,0.0,0.0,0.0,7750.496695930972,241.41758774213602,0.8888888888888888,0.0,0.0,0.0
68,trust_vcg,node-023,0.0,0.0,0.0,0.0,0.0,0.0,0.0,0.0,7750.496695930972,241.41758774213602,0.8888888888888888,0.0,0.0,0.0
68,trust_vcg,node-024,0.0,0.0,28.53152504214208,0.0,0.0,28531.52504214208,0.0,0.0,7750.496695930972,241.41758774213602,0.8888888888888888,-571.4684749578579,0.0,0.0
68,trust_vcg,node-025,0.0,0.0,0.0,0.0,0.0,0.0,0.0,0.0,7750.496695930972,241.41758774213602,0.8888888888888888,0.0,0.0,0.0
68,trust_vcg,node-026,0.0,0.0,0.0,0.0,0.0,0.0,0.0,0.0,7750.496695930972,241.41758774213602,0.8888888888888888,0.0,0.0,0.0
68,trust_vcg,node-027,0.0,0.0,0.0,0.0,0.0,0.0,0.0,0.0,7750.496695930972,241.41758774213602,0.8888888888888888,0.0,0.0,0.0
68,trust_vcg,node-028,0.0,0.0,0.0,0.0,0.0,0.0,0.0,0.0,7750.496695930972,241.41758774213602,0.8888888888888888,0.0,0.0,0.0
68,trust_vcg,node-029,0.0,0.0,0.0,0.0,0.0,0.0,0.0,0.0,7750.496695930972,241.41758774213602,0.8888888888888888,0.0,0.0,0.0
68,contingent,node-000,0.0,0.0,0.0,0.0,0.0,0.0,0.0,0.0,7750.496695930972,479.7906927703603,0.8888888888888888,0.0,0.0,-76.36470127873775
68,contingent,node-001,22.20094882303869,88.80379529215477,88.80379529215477,22200.94882303869,88803.79529215477,88803.79529215477,0.0,0.0,7750.496695930972,479.7906927703603,0.8888888888888888,-398.5457573581486,0.0,0.0
68,contingent,node-002,0.0,0.0,0.0,0.0,0.0,0.0,0.0,0.0,7750.496695930972,479.7906927703603,0.8888888888888888,0.0,0.0,0.0
68,contingent,node-003,0.0,0.0,0.0,0.0,0.0,0.0,0.0,0.0,7750.496695930972,479.7906927703603,0.8888888888888888,0.0,0.0,0.0
68,contingent,node-004,0.0,0.0,0.0,0.0,0.0,0.0,0.0,0.0,7750.496695930972,479.7906927703603,0.8888888888888888,0.0,0.0,0.0
68,contingent,node-005,0.0,0.0,0.0,0.0,0.0,0.0,0.0,0.0,7750.496695930972,479.7906927703603,0.8888888888888888,0.0,0.0,0.0
68,contingent,node-006,0.0,0.0,0.0,0.0,0.0,0.0,0.0,0.0,7750.496695930972,479.7906927703603,0.8888888888888888,-544.1305148766457,0.0,0.0
68,contingent,node-007,0.0,0.0,0.0,0.0,0.0,0.0,0.0,0.0,7750.496695930972,479.7906927703603,0.8888888888888888,0.0,0.0,0.0
68,contingent,node-008,0.0,36.66072772357195,36.66072772357195,0.0,36660.72772357195,36660.72772357195,0.0,0.0,7750.496695930972,479.7906927703603,0.8888888888888888,-384.47416319146623,0.0,0.0
68,contingent,node-009,0.0,0.0,0.0,0.0,0.0,0.0,0.0,0.0,7750.496695930972,479.7906927703603,0.8888888888888888,-483.99265273453693,0.0,0.0
68,contingent,node-010,0.0,0.0,0.0,0.0,0.0,0.0,0.0,0.0,7750.496695930972,479.7906927703603,0.8888888888888888,0.0,0.0,0.0
68,contingent,node-011,41.56553392994837,0.0,41.56553392994837,0.13107995345966492,0.0,0.13107995345966492,105.70020518746125,317.10061556238384,7750.496695930972,479.7906927703603,0.8888888888888888,-529.99400451678,-31.710061556238344,-105.70020518746125
68,contingent,node-012,9.694669674587864,26.499552396887715,210.59886032635805,0.0595898031457357,0.1628836426391988,1.2944788271084093,30.285357389931136,162.69007720797654,7750.496695930972,479.7906927703603,0.8888888888888888,-274.4790479848682,-13.579941841805315,-65.52836340412921
68,contingent,node-013,0.0,0.0,0.0,0.0,0.0,0.0,0.0,0.0,7750.496695930972,479.7906927703603,0.8888888888888888,0.0,0.0,0.0
68,contingent,node-014,0.0,0.0,0.0,0.0,0.0,0.0,0.0,0.0,7750.496695930972,479.7906927703603,0.8888888888888888,0.0,0.0,0.0
68,contingent,node-015,0.0,0.0,0.0,0.0,0.0,0.0,0.0,0.0,7750.496695930972,479.7906927703603,0.8888888888888888,0.0,0.0,0.0
68,contingent,node-016,0.0,0.0,0.0,0.0,0.0,0.0,0.0,0.0,7750.496695930972,479.7906927703603,0.8888888888888888,-434.75085019103733,0.0,0.0
68,contingent,node-017,0.0,0.0,0.0,0.0,0.0,0.0,0.0,0.0,7750.496695930972,479.7906927703603,0.8888888888888888,-476.18252993443525,0.0,0.0
68,contingent,node-018,0.0,95.24135880104023,180.9228332315705,0.0,95241.35880104023,180922.8332315705,0.0,0.0,7750.496695930972,479.7906927703603,0.8888888888888888,-247.48453892108077,0.0,0.0
68,contingent,node-019,0.0,0.0,0.0,0.0,0.0,0.0,0.0,0.0,7750.496695930972,479.7906927703603,0.8888888888888888,-320.47874131296084,0.0,0.0
68,contingent,node-020,0.0,74.06554284245556,74.06554284245556,0.0,74065.54284245556,74065.54284245556,0.0,0.0,7750.496695930972,479.7906927703603,0.8888888888888888,-418.19309036032723,0.0,0.0
68,contingent,node-021,0.0,0.0,0.0,0.0,0.0,0.0,0.0,0.0,7750.496695930972,479.7906927703603,0.8888888888888888,-277.2701532092158,0.0,0.0
68,contingent,node-022,0.0,0.0,0.0,0.0,0.0,0.0,0.0,0.0,7750.496695930972,479.7906927703603,0.8888888888888888,0.0,0.0,0.0
68,contingent,node-023,0.0,0.0,0.0,0.0,0.0,0.0,0.0,0.0,7750.496695930972,479.7906927703603,0.8888888888888888,0.0,0.0,0.0
68,contingent,node-024,0.0,0.0,0.0,0.0,0.0,0.0,0.0,0.0,7750.496695930972,479.7906927703603,0.8888888888888888,-85.87389983143169,0.0,0.0
68,contingent,node-025,0.0,0.0,0.0,0.0,0.0,0.0,0.0,0.0,7750.496695930972,479.7906927703603,0.8888888888888888,0.0,0.0,0.0
68,contingent,node-026,0.0,0.0,0.0,0.0,0.0,0.0,0.0,0.0,7750.496695930972,479.7906927703603,0.8888888888888888,0.0,0.0,0.0
68,contingent,node-027,0.0,0.0,0.0,0.0,0.0,0.0,0.0,0.0,7750.496695930972,479.7906927703603,0.8888888888888888,0.0,0.0,0.0
68,contingent,node-028,0.0,0.0,0.0,0.0,0.0,0.0,0.0,0.0,7750.496695930972,479.7906927703603,0.8888888888888888,0.0,0.0,0.0
68,contingent,node-029,0.0,0.0,0.0,0.0,0.0,0.0,0.0,0.0,7750.496695930972,479.7906927703603,0.8888888888888888,0.0,0.0,0.0
68,capped,node-000,0.0,0.0,0.0,0.0,0.0,0.0,0.0,0.0,7750.496695930972,515.7076952894517,0.8888888888888888,0.0,0.0,-76.36470127873775
68,capped,node-001,22.20094882303869,88.80379529215477,88.80379529215477,22200.94882303869,88803.79529215477,88803.79529215477,0.0,0.0,7750.496695930972,515.7076952894517,0.8888888888888888,-99.63643933953715,0.0,0.0
68,capped,node-002,0.0,0.0,0.0,0.0,0.0,0.0,0.0,0.0,7750.496695930972,515.7076952894517,0.8888888888888888,0.0,0.0,0.0
68,capped,node-003,0.0,0.0,0.0,0.0,0.0,0.0,0.0,0.0,7750.496695930972,515.7076952894517,0.8888888888888888,0.0,0.0,0.0
68,capped,node-004,0.0,0.0,0.0,0.0,0.0,0.0,0.0,0.0,7750.496695930972,515.7076952894517,0.8888888888888888,0.0,0.0,0.0
68,capped,node-005,0.0,0.0,0.0,0.0,0.0,0.0,0.0,0.0,7750.496695930972,515.7076952894517,0.8888888888888888,0.0,0.0,0.0
68,capped,node-006,0.0,0.0,0.0,0.0,0.0,0.0,0.0,0.0,7750.496695930972,515.7076952894517,0.8888888888888888,-136.03262871916144,0.0,0.0
68,capped,node-007,0.0,0.0,0.0,0.0,0.0,0.0,0.0,0.0,7750.496695930972,515.7076952894517,0.8888888888888888,0.0,0.0,0.0
68,capped,node-008,0.0,69.91772759695218,69.91772759695218,0.0,69917.72759695217,69917.72759695217,0.0,0.0,7750.496695930972,515.7076952894517,0.8888888888888888,-96.11854079786656,0.0,0.0
68,capped,node-009,0.0,0.0,0.0,0.0,0.0,0.0,0.0,0.0,7750.496695930972,515.7076952894517,0.8888888888888888,-120.99816318363422,0.0,0.0
68,capped,node-010,0.0,0.0,0.0,0.0,0.0,0.0,0.0,0.0,7750.496695930972,515.7076952894517,0.8888888888888888,0.0,0.0,0.0
68,capped,node-011,41.56553392994837,0.0,41.56553392994837,0.13107995345966492,0.0,0.13107995345966492,105.70020518746125,317.10061556238384,7750.496695930972,515.7076952894517,0.8888888888888888,-211.77365501979097,-31.710061556238344,-105.70020518746125
68,capped,node-012,0.0,52.10542308467865,297.7276042210315,0.0,0.26235430859908676,1.4990785053089644,66.20235990902269,198.60707972706808,7750.496695930972,515.7076952894517,0.8888888888888888,-127.25078255775696,-17.171642093714468,-86.14100604884725
68,capped,node-013,0.0,0.0,0.0,0.0,0.0,0.0,0.0,0.0,7750.496695930972,515.7076952894517,0.8888888888888888,0.0,0.0,0.0
68,capped,node-014,0.0,0.0,0.0,0.0,0.0,0.0,0.0,0.0,7750.496695930972,515.7076952894517,0.8888888888888888,0.0,0.0,0.0
68,capped,node-015,0.0,0.0,0.0,0.0,0.0,0.0,0.0,0.0,7750.496695930972,515.7076952894517,0.8888888888888888,0.0,0.0,0.0
68,capped,node-016,0.0,0.0,0.0,0.0,0.0,0.0,0.0,0.0,7750.496695930972,515.7076952894517,0.8888888888888888,-108.68771254775933,0.0,0.0
68,capped,node-017,0.0,0.0,0.0,0.0,0.0,0.0,0.0,0.0,7750.496695930972,515.7076952894517,0.8888888888888888,-119.04563248360881,0.0,0.0
68,capped,node-018,0.0,123.74226946054038,216.54897155594568,0.0,123742.26946054038,216548.97155594567,0.0,0.0,7750.496695930972,515.7076952894517,0.8888888888888888,-61.87113473027019,0.0,0.0
68,capped,node-019,0.0,0.0,0.0,0.0,0.0,0.0,0.0,0.0,7750.496695930972,515.7076952894517,0.8888888888888888,-80.11968532824022,0.0,0.0
68,capped,node-020,0.0,74.06554284245556,74.06554284245556,0.0,74065.54284245556,74065.54284245556,0.0,0.0,7750.496695930972,515.7076952894517,0.8888888888888888,-104.54827259008182,0.0,0.0
68,capped,node-021,0.0,0.0,0.0,0.0,0.0,0.0,0.0,0.0,7750.496695930972,515.7076952894517,0.8888888888888888,-69.31753830230394,0.0,0.0
68,capped,node-022,0.0,0.0,0.0,0.0,0.0,0.0,0.0,0.0,7750.496695930972,515.7076952894517,0.8888888888888888,0.0,0.0,0.0
68,capped,node-023,0.0,0.0,0.0,0.0,0.0,0.0,0.0,0.0,7750.496695930972,515.7076952894517,0.8888888888888888,0.0,0.0,0.0
68,capped,node-024,0.0,0.0,0.0,0.0,0.0,0.0,0.0,0.0,7750.496695930972,515.7076952894517,0.8888888888888888,-21.46847495785792,0.0,0.0
68,capped,node-025,0.0,0.0,0.0,0.0,0.0,0.0,0.0,0.0,7750.496695930972,515.7076952894517,0.8888888888888888,0.0,0.0,0.0
68,capped,node-026,0.0,0.0,0.0,0.0,0.0,0.0,0.0,0.0,7750.496695930972,515.7076952894517,0.8888888888888888,0.0,0.0,0.0
68,capped,node-027,0.0,0.0,0.0,0.0,0.0,0.0,0.0,0.0,7750.496695930972,515.7076952894517,0.8888888888888888,0.0,0.0,0.0
68,capped,node-028,0.0,0.0,0.0,0.0,0.0,0.0,0.0,0.0,7750.496695930972,515.7076952894517,0.8888888888888888,0.0,0.0,0.0
68,capped,node-029,0.0,0.0,0.0,0.0,0.0,0.0,0.0,0.0,7750.496695930972,515.7076952894517,0.8888888888888888,0.0,0.0,0.0
68,proper_scoring,node-000,0.0,0.0,0.0,0.0,0.0,0.0,0.0,0.0,7750.496695930972,1268.3403446929522,0.8888888888888888,0.0,0.0,372.592285370311
68,proper_scoring,node-001,372.592285370311,438.80379529215475,488.1823506393689,372592.285370311,438803.7952921547,488182.3506393689,0.0,0.0,7750.496695930972,1268.3403446929522,0.8888888888888888,-376.4006523286931,0.0,0.0
68,proper_scoring,node-002,0.0,0.0,0.0,0.0,0.0,0.0,0.0,0.0,7750.496695930972,1268.3403446929522,0.8888888888888888,0.0,0.0,0.0
68,proper_scoring,node-003,0.0,0.0,0.0,0.0,0.0,0.0,0.0,0.0,7750.496695930972,1268.3403446929522,0.8888888888888888,0.0,0.0,0.0
68,proper_scoring,node-004,0.0,0.0,0.0,0.0,0.0,0.0,0.0,0.0,7750.496695930972,1268.3403446929522,0.8888888888888888,0.0,0.0,0.0
68,proper_scoring,node-005,0.0,0.0,0.0,0.0,0.0,0.0,0.0,0.0,7750.496695930972,1268.3403446929522,0.8888888888888888,0.0,0.0,0.0
68,proper_scoring,node-006,34.8769942392026,0.0,228.22598278302394,34876.9942392026,0.0,228225.98278302394,0.0,0.0,7750.496695930972,1268.3403446929522,0.8888888888888888,-493.30010395691306,0.0,0.0
68,proper_scoring,node-007,0.0,0.0,0.0,0.0,0.0,0.0,0.0,0.0,7750.496695930972,1268.3403446929522,0.8888888888888888,0.0,0.0,0.0
68,proper_scoring,node-008,128.51036138363202,336.3668715293244,633.997736335048,128510.36138363201,336366.8715293244,633997.736335048,0.0,0.0,7750.496695930972,1268.3403446929522,0.8888888888888888,-379.4863186070121,0.0,0.0
68,proper_scoring,node-009,0.0,0.0,179.0018368163658,0.0,0.0,179001.8368163658,0.0,0.0,7750.496695930972,1268.3403446929522,0.8888888888888888,-405.9120583309877,0.0,0.0
68,proper_scoring,node-010,0.0,0.0,0.0,0.0,0.0,0.0,0.0,0.0,7750.496695930972,1268.3403446929522,0.8888888888888888,0.0,0.0,0.0
68,proper_scoring,node-011,88.22191793284907,0.002951364906607523,88.22929634511559,0.17060977846374015,5.707557993300877e-06,0.1706240473587234,305.69725382255467,517.0976641974771,7750.496695930972,1268.3403446929522,0.8888888888888888,-729.9910531518735,-31.710061556238372,-305.69725382255467
68,proper_scoring,node-012,0.0,237.94694910938972,254.57440335546426,0.0,0.31673779364140253,0.33887105986518534,618.8379606774291,751.2426804954746,7750.496695930972,1268.3403446929522,0.8888888888888888,-863.0316512723662,35.46610843215308,-504.46455957481294
68,proper_scoring,node-013,0.0,0.0,0.0,0.0,0.0,0.0,0.0,0.0,7750.496695930972,1268.3403446929522,0.8888888888888888,0.0,0.0,0.0
68,proper_scoring,node-014,0.0,0.0,0.0,0.0,0.0,0.0,0.0,0.0,7750.496695930972,1268.3403446929522,0.8888888888888888,0.0,0.0,0.0
68,proper_scoring,node-015,0.0,0.0,0.0,0.0,0.0,0.0,0.0,0.0,7750.496695930972,1268.3403446929522,0.8888888888888888,0.0,0.0,0.0
68,proper_scoring,node-016,0.0,0.0,92.12792308911719,0.0,0.0,92127.92308911719,0.0,0.0,7750.496695930972,1268.3403446929522,0.8888888888888888,-394.8624312284105,0.0,0.0
68,proper_scoring,node-017,0.0,0.0,142.15767344932334,0.0,0.0,142157.67344932334,0.0,0.0,7750.496695930972,1268.3403446929522,0.8888888888888888,-428.3652291278807,0.0,0.0
68,proper_scoring,node-018,0.0,545.2413588010402,630.9228332315706,0.0,545241.3588010402,630922.8332315707,0.0,0.0,7750.496695930972,1268.3403446929522,0.8888888888888888,-247.48453892108077,0.0,0.0
68,proper_scoring,node-019,0.0,0.0,269.8803146717598,0.0,0.0,269880.3146717598,0.0,0.0,7750.496695930972,1268.3403446929522,0.8888888888888888,-314.66717267440634,0.0,0.0
68,proper_scoring,node-020,234.62076500714582,224.06554284245556,335.9412329221265,234620.76500714582,224065.54284245556,335941.2329221265,0.0,0.0,7750.496695930972,1268.3403446929522,0.8888888888888888,-418.19309036032723,0.0,0.0
68,proper_scoring,node-021,0.0,0.0,230.1617384984705,0.0,0.0,230161.73849847048,0.0,0.0,7750.496695930972,1268.3403446929522,0.8888888888888888,-269.33234754611107,0.0,0.0
68,proper_scoring,node-022,0.0,0.0,0.0,0.0,0.0,0.0,0.0,0.0,7750.496695930972,1268.3403446929522,0.8888888888888888,0.0,0.0,0.0
68,proper_scoring,node-023,0.0,0.0,0.0,0.0,0.0,0.0,0.0,0.0,7750.496695930972,1268.3403446929522,0.8888888888888888,0.0,0.0,0.0
68,proper_scoring,node-024,0.0,0.0,28.53152504214208,0.0,0.0,28531.52504214208,0.0,0.0,7750.496695930972,1268.3403446929522,0.8888888888888888,-71.46847495785792,0.0,0.0
68,proper_scoring,node-025,0.0,0.0,0.0,0.0,0.0,0.0,0.0,0.0,7750.496695930972,1268.3403446929522,0.8888888888888888,0.0,0.0,0.0
68,proper_scoring,node-026,0.0,0.0,0.0,0.0,0.0,0.0,0.0,0.0,7750.496695930972,1268.3403446929522,0.8888888888888888,0.0,0.0,0.0
68,proper_scoring,node-027,0.0,0.0,0.0,0.0,0.0,0.0,0.0,0.0,7750.496695930972,1268.3403446929522,0.8888888888888888,0.0,0.0,0.0
68,proper_scoring,node-028,0.0,0.0,0.0,0.0,0.0,0.0,0.0,0.0,7750.496695930972,1268.3403446929522,0.8888888888888888,0.0,0.0,0.0
68,proper_scoring,node-029,0.0,0.0,0.0,0.0,0.0,0.0,0.0,0.0,7750.496695930972,1268.3403446929522,0.8888888888888888,0.0,0.0,0.0
68,audits,node-000,0.0,0.0,0.0,0.0,0.0,0.0,0.0,0.0,7750.496695930972,1241.4175877421364,0.8888888888888888,0.0,0.0,372.592285370311
68,audits,node-001,372.592285370311,438.80379529215475,488.1823506393689,372592.285370311,438803.7952921547,488182.3506393689,0.0,0.0,7750.496695930972,1241.4175877421364,0.8888888888888888,-1099.6364393395372,0.0,0.0
68,audits,node-002,0.0,0.0,0.0,0.0,0.0,0.0,0.0,0.0,7750.496695930972,1241.4175877421364,0.8888888888888888,0.0,0.0,0.0
68,audits,node-003,0.0,0.0,0.0,0.0,0.0,0.0,0.0,0.0,7750.496695930972,1241.4175877421364,0.8888888888888888,0.0,0.0,0.0
68,audits,node-004,0.0,0.0,0.0,0.0,0.0,0.0,0.0,0.0,7750.496695930972,1241.4175877421364,0.8888888888888888,0.0,0.0,0.0
68,audits,node-005,0.0,0.0,0.0,0.0,0.0,0.0,0.0,0.0,7750.496695930972,1241.4175877421364,0.8888888888888888,0.0,0.0,0.0
68,audits,node-006,34.8769942392026,0.0,213.9673712808385,34876.9942392026,0.0,213967.3712808385,0.0,0.0,7750.496695930972,1241.4175877421364,0.8888888888888888,-1086.0326287191615,0.0,0.0
68,audits,node-007,0.0,0.0,0.0,0.0,0.0,0.0,0.0,0.0,7750.496695930972,1241.4175877421364,0.8888888888888888,0.0,0.0,0.0
68,audits,node-008,128.51036138363202,324.00100121518255,566.2292321215739,128510.36138363201,324001.00121518254,566229.2321215739,0.0,0.0,7750.496695930972,1241.4175877421364,0.8888888888888888,-2962.953074360785,0.0,0.0
68,audits,node-009,0.0,0.0,179.0018368163658,0.0,0.0,179001.8368163658,0.0,0.0,7750.496695930972,1241.4175877421364,0.8888888888888888,-920.9981631836342,0.0,0.0
68,audits,node-010,0.0,0.0,0.0,0.0,0.0,0.0,0.0,0.0,7750.496695930972,1241.4175877421364,0.8888888888888888,0.0,0.0,0.0
68,audits,node-011,88.22191793284907,0.002951364906607523,88.22929634511559,0.17060977846374015,5.707557993300877e-06,0.1706240473587234,305.69725382255467,517.0976641974771,7750.496695930972,1241.4175877421364,0.8888888888888888,-1411.7707036548845,-31.710061556238372,-305.69725382255467
68,audits,node-012,0.0,176.39257926708785,208.40075181488305,0.0,0.24352854799832405,0.2877192039603393,591.9152037266134,724.3199235446589,7750.496695930972,1241.4175877421364,0.8888888888888888,-3652.963626375348,31.874408180243904,-505.21368360887516
68,audits,node-013,0.0,0.0,0.0,0.0,0.0,0.0,0.0,0.0,7750.496695930972,1241.4175877421364,0.8888888888888888,0.0,0.0,0.0
68,audits,node-014,0.0,0.0,0.0,0.0,0.0,0.0,0.0,0.0,7750.496695930972,1241.4175877421364,0.8888888888888888,0.0,0.0,0.0
68,audits,node-015,0.0,0.0,0.0,0.0,0.0,0.0,0.0,0.0,7750.496695930972,1241.4175877421364,0.8888888888888888,0.0,0.0,0.0
68,audits,node-016,0.0,0.0,91.31228745224067,0.0,0.0,91312.28745224066,0.0,0.0,7750.496695930972,1241.4175877421364,0.8888888888888888,-908.6877125477592,0.0,0.0
68,audits,node-017,0.0,0.0,130.9543675163912,0.0,0.0,130954.36751639118,0.0,0.0,7750.496695930972,1241.4175877421364,0.8888888888888888,-969.0456324836089,0.0,0.0
68,audits,node-018,0.0,523.7422694605403,616.5489715559457,0.0,523742.2694605403,616548.9715559457,0.0,0.0,7750.496695930972,1241.4175877421364,0.8888888888888888,-1061.8711347302701,0.0,0.0
68,audits,node-019,0.0,0.0,269.8803146717598,0.0,0.0,269880.3146717598,0.0,0.0,7750.496695930972,1241.4175877421364,0.8888888888888888,-430.11968532824017,0.0,0.0
68,audits,node-020,234.62076500714582,224.06554284245556,335.9412329221265,234620.76500714582,224065.54284245556,335941.2329221265,0.0,0.0,7750.496695930972,1241.4175877421364,0.8888888888888888,-1104.548272590082,0.0,0.0
68,audits,node-021,0.0,0.0,230.1617384984705,0.0,0.0,230161.73849847048,0.0,0.0,7750.496695930972,1241.4175877421364,0.8888888888888888,-334.4866607154079,0.0,0.0
68,audits,node-022,0.0,0.0,0.0,0.0,0.0,0.0,0.0,0.0,7750.496695930972,1241.4175877421364,0.8888888888888888,0.0,0.0,0.0
68,audits,node-023,0.0,0.0,0.0,0.0,0.0,0.0,0.0,0.0,7750.496695930972,1241.4175877421364,0.8888888888888888,0.0,0.0,0.0
68,audits,node-024,0.0,0.0,28.53152504214208,0.0,0.0,28531.52504214208,0.0,0.0,7750.496695930972,1241.4175877421364,0.8888888888888888,-71.46847495785792,0.0,0.0
68,audits,node-025,0.0,0.0,0.0,0.0,0.0,0.0,0.0,0.0,7750.496695930972,1241.4175877421364,0.8888888888888888,0.0,0.0,0.0
68,audits,node-026,0.0,0.0,0.0,0.0,0.0,0.0,0.0,0.0,7750.496695930972,1241.4175877421364,0.8888888888888888,0.0,0.0,0.0
68,audits,node-027,0.0,0.0,0.0,0.0,0.0,0.0,0.0,0.0,7750.496695930972,1241.4175877421364,0.8888888888888888,0.0,0.0,0.0
68,audits,node-028,0.0,0.0,0.0,0.0,0.0,0.0,0.0,0.0,7750.496695930972,1241.4175877421364,0.8888888888888888,0.0,0.0,0.0
68,audits,node-029,0.0,0.0,0.0,0.0,0.0,0.0,0.0,0.0,7750.496695930972,1241.4175877421364,0.8888888888888888,0.0,0.0,0.0
69,greedy,node-000,0.0,0.0,0.0,0.0,0.0,0.0,0.0,0.0,8909.949736086965,166.8268844461689,1.0,0.0,0.0,0.0
69,greedy,node-001,0.0,0.0,0.0,0.0,0.0,0.0,0.0,0.0,8909.949736086965,166.8268844461689,1.0,0.0,0.0,0.0
69,greedy,node-002,0.0,0.0,0.0,0.0,0.0,0.0,0.0,0.0,8909.949736086965,166.8268844461689,1.0,0.0,0.0,0.0
69,greedy,node-003,0.0,0.0,0.0,0.0,0.0,0.0,0.0,0.0,8909.949736086965,166.8268844461689,1.0,0.0,0.0,0.0
69,greedy,node-004,0.0,0.0,0.0,0.0,0.0,0.0,0.0,0.0,8909.949736086965,166.8268844461689,1.0,0.0,0.0,0.0
69,greedy,node-005,0.0,0.0,0.0,0.0,0.0,0.0,0.0,0.0,8909.949736086965,166.8268844461689,1.0,0.0,0.0,0.0
69,greedy,node-006,0.0,0.0,0.0,0.0,0.0,0.0,0.0,0.0,8909.949736086965,166.8268844461689,1.0,0.0,0.0,0.0
69,greedy,node-007,0.0,0.0,0.0,0.0,0.0,0.0,0.0,0.0,8909.949736086965,166.8268844461689,1.0,0.0,0.0,0.0
69,greedy,node-008,3.173469912550079,0.0,3.173469912550079,3173.469912550079,0.0,3173.469912550079,0.0,0.0,8909.949736086965,166.8268844461689,1.0,-20.568044227471233,0.0,0.0
69,greedy,node-009,5.519197370308969,0.0,5.519197370308969,5519.197370308969,0.0,5519.197370308969,0.0,0.0,8909.949736086965,166.8268844461689,1.0,-24.779599161085123,0.0,0.0
69,greedy,node-010,0.0,0.0,0.0,0.0,0.0,0.0,0.0,0.0,8909.949736086965,166.8268844461689,1.0,0.0,0.0,0.0
69,greedy,node-011,0.0,0.0,0.0,0.0,0.0,0.0,0.0,0.0,8909.949736086965,166.8268844461689,1.0,0.0,0.0,0.0
69,greedy,node-012,0.0,0.0,0.0,0.0,0.0,0.0,0.0,0.0,8909.949736086965,166.8268844461689,1.0,0.0,0.0,0.0
69,greedy,node-013,0.0,0.0,0.0,0.0,0.0,0.0,0.0,0.0,8909.949736086965,166.8268844461689,1.0,-10.32972155148017,0.0,0.0
69,greedy,node-014,0.0,0.0,0.0,0.0,0.0,0.0,0.0,0.0,8909.949736086965,166.8268844461689,1.0,0.0,0.0,0.0
69,greedy,node-015,0.0,0.0,0.0,0.0,0.0,0.0,0.0,0.0,8909.949736086965,166.8268844461689,1.0,0.0,0.0,0.0
69,greedy,node-016,0.0,0.0,0.0,0.0,0.0,0.0,0.0,0.0,8909.949736086965,166.8268844461689,1.0,0.0,0.0,0.0
69,greedy,node-017,0.0,0.0,0.0,0.0,0.0,0.0,0.0,0.0,8909.949736086965,166.8268844461689,1.0,0.0,0.0,0.0
69,greedy,node-018,0.0,0.0,0.0,0.0,0.0,0.0,0.0,0.0,8909.949736086965,166.8268844461689,1.0,0.0,0.0,0.0
69,greedy,node-019,0.0,0.0,0.0,0.0,0.0,0.0,0.0,0.0,8909.949736086965,166.8268844461689,1.0,0.0,0.0,0.0
69,greedy,node-020,0.0,0.0,0.0,0.0,0.0,0.0,0.0,0.0,8909.949736086965,166.8268844461689,1.0,0.0,0.0,0.0
69,greedy,node-021,0.0,0.0,0.0,0.0,0.0,0.0,0.0,0.0,8909.949736086965,166.8268844461689,1.0,0.0,0.0,0.0
69,greedy,node-022,0.0,0.0,0.0,0.0,0.0,0.0,0.0,0.0,8909.949736086965,166.8268844461689,1.0,0.0,0.0,0.0
69,greedy,node-023,0.0,0.0,0.0,0.0,0.0,0.0,0.0,0.0,8909.949736086965,166.8268844461689,1.0,0.0,0.0,0.0
69,greedy,node-024,23.541289414332596,0.0,23.541289414332596,0.1411120844969614,0.0,0.1411120844969614,55.60896148205629,166.8268844461689,8909.949736086965,166.8268844461689,1.0,-83.41344222308443,-16.682688444616886,-55.60896148205629
69,greedy,node-025,0.0,0.0,0.0,0.0,0.0,0.0,0.0,0.0,8909.949736086965,166.8268844461689,1.0,0.0,0.0,0.0
69,greedy,node-026,0.0,0.0,0.0,0.0,0.0,0.0,0.0,0.0,8909.949736086965,166.8268844461689,1.0,0.0,0.0,0.0
69,greedy,node-027,0.0,0.0,0.0,0.0,0.0,0.0,0.0,0.0,8909.949736086965,166.8268844461689,1.0,0.0,0.0,0.0
69,greedy,node-028,0.0,0.0,0.0,0.0,0.0,0.0,0.0,0.0,8909.949736086965,166.8268844461689,1.0,0.0,0.0,0.0
69,greedy,node-029,0.0,0.0,0.0,0.0,0.0,0.0,0.0,0.0,8909.949736086965,166.8268844461689,1.0,0.0,0.0,0.0
69,trust_vcg,node-000,0.0,0.0,0.0,0.0,0.0,0.0,0.0,0.0,8909.949736086965,1166.375112285943,1.0,0.0,0.0,0.0
69,trust_vcg,node-001,0.0,0.0,75.15597858940976,0.0,0.0,75155.97858940976,0.0,0.0,8909.949736086965,1166.375112285943,1.0,-1124.8440214105901,0.0,0.0
69,trust_vcg,node-002,0.0,0.0,0.0,0.0,0.0,0.0,0.0,0.0,8909.949736086965,1166.375112285943,1.0,0.0,0.0,0.0
69,trust_vcg,node-003,0.0,0.0,0.0,0.0,0.0,0.0,0.0,0.0,8909.949736086965,1166.375112285943,1.0,0.0,0.0,0.0
69,trust_vcg,node-004,0.0,0.0,0.0,0.0,0.0,0.0,0.0,0.0,8909.949736086965,1166.375112285943,1.0,0.0,0.0,0.0
69,trust_vcg,node-005,0.0,0.0,0.0,0.0,0.0,0.0,0.0,0.0,8909.949736086965,1166.375112285943,1.0,0.0,0.0,0.0
69,trust_vcg,node-006,0.0,0.0,74.23478787544492,0.0,0.0,74234.78787544492,0.0,0.0,8909.949736086965,1166.375112285943,1.0,-1125.765212124555,0.0,0.0
69,trust_vcg,node-007,0.0,0.0,0.0,0.0,0.0,0.0,0.0,0.0,8909.949736086965,1166.375112285943,1.0,0.0,0.0,0.0
69,trust_vcg,node-008,0.0,182.96636702339603,319.14170941972543,0.0,182966.36702339601,319141.7094197254,0.0,0.0,8909.949736086965,1166.375112285943,1.0,-3880.858290580274,0.0,0.0
69,trust_vcg,node-009,0.0,180.81223536840903,312.38979958054256,0.0,180812.23536840902,312389.79958054255,0.0,0.0,8909.949736086965,1166.375112285943,1.0,-5534.6913614604055,0.0,0.0
69,trust_vcg,node-010,0.0,0.0,0.0,0.0,0.0,0.0,0.0,0.0,8909.949736086965,1166.375112285943,1.0,0.0,0.0,0.0
69,trust_vcg,node-011,0.0,0.0,0.0,0.0,0.0,0.0,0.0,0.0,8909.949736086965,1166.375112285943,1.0,0.0,0.0,0.0
69,trust_vcg,node-012,0.0,0.0,0.0,0.0,0.0,0.0,0.0,0.0,8909.949736086965,1166.375112285943,1.0,0.0,0.0,0.0
69,trust_vcg,node-013,0.0,0.0,55.16486077574009,0.0,0.0,55164.86077574009,0.0,0.0,8909.949736086965,1166.375112285943,1.0,-2232.9297822288518,0.0,0.0
69,trust_vcg,node-014,0.0,0.0,0.0,0.0,0.0,0.0,0.0,0.0,8909.949736086965,1166.375112285943,1.0,0.0,0.0,0.0
69,trust_vcg,node-015,0.0,0.0,0.0,0.0,0.0,0.0,0.0,0.0,8909.949736086965,1166.375112285943,1.0,0.0,0.0,0.0
69,trust_vcg,node-016,0.0,0.0,0.0,0.0,0.0,0.0,0.0,0.0,8909.949736086965,1166.375112285943,1.0,0.0,0.0,0.0
69,trust_vcg,node-017,0.0,0.0,0.0,0.0,0.0,0.0,0.0,0.0,8909.949736086965,1166.375112285943,1.0,0.0,0.0,0.0
69,trust_vcg,node-018,0.0,0.0,165.16880312641234,0.0,0.0,165168.80312641233,0.0,0.0,8909.949736086965,1166.375112285943,1.0,-2234.831196873588,0.0,0.0
69,trust_vcg,node-019,0.0,0.0,0.0,0.0,0.0,0.0,0.0,0.0,8909.949736086965,1166.375112285943,1.0,0.0,0.0,0.0
69,trust_vcg,node-020,0.0,0.0,0.0,0.0,0.0,0.0,0.0,0.0,8909.949736086965,1166.375112285943,1.0,0.0,0.0,0.0
69,trust_vcg,node-021,0.0,0.0,0.0,0.0,0.0,0.0,0.0,0.0,8909.949736086965,1166.375112285943,1.0,0.0,0.0,0.0
69,trust_vcg,node-022,0.0,0.0,0.0,0.0,0.0,0.0,0.0,0.0,8909.949736086965,1166.375112285943,1.0,0.0,0.0,0.0
69,trust_vcg,node-023,0.0,0.0,0.0,0.0,0.0,0.0,0.0,0.0,8909.949736086965,1166.375112285943,1.0,0.0,0.0,0.0
69,trust_vcg,node-024,166.82688444616883,0.4517721602258007,167.27865660639463,0.14303021617051645,0.00038733007543378234,0.14341754624595024,1055.1571893218304,1166.375112285943,8909.949736086965,1166.375112285943,1.0,-12082.96167006286,-16.682688444616815,-435.2221955503825
69,trust_vcg,node-025,0.0,0.0,0.0,0.0,0.0,0.0,0.0,0.0,8909.949736086965,1166.375112285943,1.0,0.0,0.0,0.0
69,trust_vcg,node-026,0.0,0.0,75.88777759598389,0.0,0.0,75887.77759598389,0.0,0.0,8909.949736086965,1166.375112285943,1.0,-1124.1122224040162,0.0,0.0
69,trust_vcg,node-027,0.0,0.0,0.0,0.0,0.0,0.0,0.0,0.0,8909.949736086965,1166.375112285943,1.0,0.0,0.0,0.0
69,trust_vcg,node-028,0.0,0.0,0.0,0.0,0.0,0.0,0.0,0.0,8909.949736086965,1166.375112285943,1.0,0.0,0.0,0.0
69,trust_vcg,node-029,0.0,0.0,0.0,0.0,0.0,0.0,0.0,0.0,8909.949736086965,1166.375112285943,1.0,0.0,0.0,0.0
69,contingent,node-000,0.0,0.0,0.0,0.0,0.0,0.0,0.0,0.0,8909.949736086965,166.8268844461689,1.0,0.0,0.0,0.0
69,contingent,node-001,0.0,0.0,0.0,0.0,0.0,0.0,0.0,0.0,8909.949736086965,166.8268844461689,1.0,-99.37608564236095,0.0,0.0
69,contingent,node-002,0.0,0.0,0.0,0.0,0.0,0.0,0.0,0.0,8909.949736086965,166.8268844461689,1.0,0.0,0.0,0.0
69,contingent,node-003,0.0,0.0,0.0,0.0,0.0,0.0,0.0,0.0,8909.949736086965,166.8268844461689,1.0,0.0,0.0,0.0
69,contingent,node-004,0.0,0.0,0.0,0.0,0.0,0.0,0.0,0.0,8909.949736086965,166.8268844461689,1.0,0.0,0.0,0.0
69,contingent,node-005,0.0,0.0,0.0,0.0,0.0,0.0,0.0,0.0,8909.949736086965,166.8268844461689,1.0,0.0,0.0,0.0
69,contingent,node-006,0.0,0.0,0.0,0.0,0.0,0.0,0.0,0.0,8909.949736086965,166.8268844461689,1.0,-103.06084849822032,0.0,0.0
69,contingent,node-007,0.0,0.0,0.0,0.0,0.0,0.0,0.0,0.0,8909.949736086965,166.8268844461689,1.0,0.0,0.0,0.0
69,contingent,node-008,0.0,32.966367023396046,32.966367023396046,0.0,32966.367023396044,32966.367023396044,0.0,0.0,8909.949736086965,166.8268844461689,1.0,-123.43316232109835,0.0,0.0
69,contingent,node-009,0.0,30.812235368409045,30.812235368409045,0.0,30812.235368409045,30812.235368409045,0.0,0.0,8909.949736086965,166.8268844461689,1.0,-138.7654458416212,0.0,0.0
69,contingent,node-010,0.0,0.0,0.0,0.0,0.0,0.0,0.0,0.0,8909.949736086965,166.8268844461689,1.0,0.0,0.0,0.0
69,contingent,node-011,0.0,0.0,0.0,0.0,0.0,0.0,0.0,0.0,8909.949736086965,166.8268844461689,1.0,0.0,0.0,0.0
69,contingent,node-012,0.0,0.0,0.0,0.0,0.0,0.0,0.0,0.0,8909.949736086965,166.8268844461689,1.0,0.0,0.0,0.0
69,contingent,node-013,0.0,0.0,5.164860775740088,0.0,0.0,5164.860775740088,0.0,0.0,8909.949736086965,166.8268844461689,1.0,-131.71912891540717,0.0,0.0
69,contingent,node-014,0.0,0.0,0.0,0.0,0.0,0.0,0.0,0.0,8909.949736086965,166.8268844461689,1.0,0.0,0.0,0.0
69,contingent,node-015,0.0,0.0,0.0,0.0,0.0,0.0,0.0,0.0,8909.949736086965,166.8268844461689,1.0,0.0,0.0,0.0
69,contingent,node-016,0.0,0.0,0.0,0.0,0.0,0.0,0.0,0.0,8909.949736086965,166.8268844461689,1.0,0.0,0.0,0.0
69,contingent,node-017,0.0,0.0,0.0,0.0,0.0,0.0,0.0,0.0,8909.949736086965,166.8268844461689,1.0,0.0,0.0,0.0
69,contingent,node-018,0.0,0.0,0.0,0.0,0.0,0.0,0.0,0.0,8909.949736086965,166.8268844461689,1.0,-139.3247874943506,0.0,0.0
69,contingent,node-019,0.0,0.0,0.0,0.0,0.0,0.0,0.0,0.0,8909.949736086965,166.8268844461689,1.0,0.0,0.0,0.0
69,contingent,node-020,0.0,0.0,0.0,0.0,0.0,0.0,0.0,0.0,8909.949736086965,166.8268844461689,1.0,0.0,0.0,0.0
69,contingent,node-021,0.0,0.0,0.0,0.0,0.0,0.0,0.0,0.0,8909.949736086965,166.8268844461689,1.0,0.0,0.0,0.0
69,contingent,node-022,0.0,0.0,0.0,0.0,0.0,0.0,0.0,0.0,8909.949736086965,166.8268844461689,1.0,0.0,0.0,0.0
69,contingent,node-023,0.0,0.0,0.0,0.0,0.0,0.0,0.0,0.0,8909.949736086965,166.8268844461689,1.0,0.0,0.0,0.0
69,contingent,node-024,166.82688444616886,0.0,166.82688444616886,0.9999999999999998,0.0,0.9999999999999998,55.60896148205629,166.8268844461689,8909.949736086965,166.8268844461689,1.0,-166.82688444616886,-16.682688444616886,114.52932976149327
69,contingent,node-025,0.0,0.0,0.0,0.0,0.0,0.0,0.0,0.0,8909.949736086965,166.8268844461689,1.0,0.0,0.0,0.0
69,contingent,node-026,0.0,0.0,0.0,0.0,0.0,0.0,0.0,0.0,8909.949736086965,166.8268844461689,1.0,-96.44888961606445,0.0,0.0
69,contingent,node-027,0.0,0.0,0.0,0.0,0.0,0.0,0.0,0.0,8909.949736086965,166.8268844461689,1.0,0.0,0.0,0.0
69,contingent,node-028,0.0,0.0,0.0,0.0,0.0,0.0,0.0,0.0,8909.949736086965,166.8268844461689,1.0,0.0,0.0,0.0
69,contingent,node-029,0.0,0.0,0.0,0.0,0.0,0.0,0.0,0.0,8909.949736086965,166.8268844461689,1.0,0.0,0.0,0.0
69,capped,node-000,0.0,0.0,0.0,0.0,0.0,0.0,0.0,0.0,8909.949736086965,166.8268844461689,1.0,0.0,0.0,0.0
69,capped,node-001,0.0,0.0,0.0,0.0,0.0,0.0,0.0,0.0,8909.949736086965,166.8268844461689,1.0,-24.844021410590237,0.0,0.0
69,capped,node-002,0.0,0.0,0.0,0.0,0.0,0.0,0.0,0.0,8909.949736086965,166.8268844461689,1.0,0.0,0.0,0.0
69,capped,node-003,0.0,0.0,0.0,0.0,0.0,0.0,0.0,0.0,8909.949736086965,166.8268844461689,1.0,0.0,0.0,0.0
69,capped,node-004,0.0,0.0,0.0,0.0,0.0,0.0,0.0,0.0,8909.949736086965,166.8268844461689,1.0,0.0,0.0,0.0
69,capped,node-005,0.0,0.0,0.0,0.0,0.0,0.0,0.0,0.0,8909.949736086965,166.8268844461689,1.0,0.0,0.0,0.0
69,capped,node-006,0.0,0.0,0.0,0.0,0.0,0.0,0.0,0.0,8909.949736086965,166.8268844461689,1.0,-25.765212124555077,0.0,0.0
69,capped,node-007,0.0,0.0,0.0,0.0,0.0,0.0,0.0,0.0,8909.949736086965,166.8268844461689,1.0,0.0,0.0,0.0
69,capped,node-008,0.0,32.966367023396046,32.966367023396046,0.0,32966.367023396044,32966.367023396044,0.0,0.0,8909.949736086965,166.8268844461689,1.0,-30.858290580274588,0.0,0.0
69,capped,node-009,0.0,30.812235368409045,30.812235368409045,0.0,30812.235368409045,30812.235368409045,0.0,0.0,8909.949736086965,166.8268844461689,1.0,-34.6913614604053,0.0,0.0
69,capped,node-010,0.0,0.0,0.0,0.0,0.0,0.0,0.0,0.0,8909.949736086965,166.8268844461689,1.0,0.0,0.0,0.0
69,capped,node-011,0.0,0.0,0.0,0.0,0.0,0.0,0.0,0.0,8909.949736086965,166.8268844461689,1.0,0.0,0.0,0.0
69,capped,node-012,0.0,0.0,0.0,0.0,0.0,0.0,0.0,0.0,8909.949736086965,166.8268844461689,1.0,0.0,0.0,0.0
69,capped,node-013,0.0,0.0,5.164860775740088,0.0,0.0,5164.860775740088,0.0,0.0,8909.949736086965,166.8268844461689,1.0,-32.92978222885179,0.0,0.0
69,capped,node-014,0.0,0.0,0.0,0.0,0.0,0.0,0.0,0.0,8909.949736086965,166.8268844461689,1.0,0.0,0.0,0.0
69,capped,node-015,0.0,0.0,0.0,0.0,0.0,0.0,0.0,0.0,8909.949736086965,166.8268844461689,1.0,0.0,0.0,0.0
69,capped,node-016,0.0,0.0,0.0,0.0,0.0,0.0,0.0,0.0,8909.949736086965,166.8268844461689,1.0,0.0,0.0,0.0
69,capped,node-017,0.0,0.0,0.0,0.0,0.0,0.0,0.0,0.0,8909.949736086965,166.8268844461689,1.0,0.0,0.0,0.0
69,capped,node-018,0.0,0.0,0.0,0.0,0.0,0.0,0.0,0.0,8909.949736086965,166.8268844461689,1.0,-34.83119687358764,0.0,0.0
69,capped,node-019,0.0,0.0,0.0,0.0,0.0,0.0,0.0,0.0,8909.949736086965,166.8268844461689,1.0,0.0,0.0,0.0
69,capped,node-020,0.0,0.0,0.0,0.0,0.0,0.0,0.0,0.0,8909.949736086965,166.8268844461689,1.0,0.0,0.0,0.0
69,capped,node-021,0.0,0.0,0.0,0.0,0.0,0.0,0.0,0.0,8909.949736086965,166.8268844461689,1.0,0.0,0.0,0.0
69,capped,node-022,0.0,0.0,0.0,0.0,0.0,0.0,0.0,0.0,8909.949736086965,166.8268844461689,1.0,0.0,0.0,0.0
69,capped,node-023,0.0,0.0,0.0,0.0,0.0,0.0,0.0,0.0,8909.949736086965,166.8268844461689,1.0,0.0,0.0,0.0
69,capped,node-024,166.82688444616886,0.0,166.82688444616886,0.9999999999999998,0.0,0.9999999999999998,55.60896148205629,166.8268844461689,8909.949736086965,166.8268844461689,1.0,-83.41344222308443,-16.682688444616886,114.52932976149327
69,capped,node-025,0.0,0.0,0.0,0.0,0.0,0.0,0.0,0.0,8909.949736086965,166.8268844461689,1.0,0.0,0.0,0.0
69,capped,node-026,0.0,0.0,0.0,0.0,0.0,0.0,0.0,0.0,8909.949736086965,166.8268844461689,1.0,-24.11222240401611,0.0,0.0
69,capped,node-027,0.0,0.0,0.0,0.0,0.0,0.0,0.0,0.0,8909.949736086965,166.8268844461689,1.0,0.0,0.0,0.0
69,capped,node-028,0.0,0.0,0.0,0.0,0.0,0.0,0.0,0.0,8909.949736086965,166.8268844461689,1.0,0.0,0.0,0.0
69,capped,node-029,0.0,0.0,0.0,0.0,0.0,0.0,0.0,0.0,8909.949736086965,166.8268844461689,1.0,0.0,0.0,0.0
69,proper_scoring,node-000,0.0,0.0,0.0,0.0,0.0,0.0,0.0,0.0,8909.949736086965,1166.375112285943,1.0,0.0,0.0,0.0
69,proper_scoring,node-001,0.0,0.0,75.15597858940976,0.0,0.0,75155.97858940976,0.0,0.0,8909.949736086965,1166.375112285943,1.0,-99.37608564236095,0.0,0.0
69,proper_scoring,node-002,0.0,0.0,0.0,0.0,0.0,0.0,0.0,0.0,8909.949736086965,1166.375112285943,1.0,0.0,0.0,0.0
69,proper_scoring,node-003,0.0,0.0,0.0,0.0,0.0,0.0,0.0,0.0,8909.949736086965,1166.375112285943,1.0,0.0,0.0,0.0
69,proper_scoring,node-004,0.0,0.0,0.0,0.0,0.0,0.0,0.0,0.0,8909.949736086965,1166.375112285943,1.0,0.0,0.0,0.0
69,proper_scoring,node-005,0.0,0.0,0.0,0.0,0.0,0.0,0.0,0.0,8909.949736086965,1166.375112285943,1.0,0.0,0.0,0.0
69,proper_scoring,node-006,0.0,0.0,74.23478787544492,0.0,0.0,74234.78787544492,0.0,0.0,8909.949736086965,1166.375112285943,1.0,-103.06084849822032,0.0,0.0
69,proper_scoring,node-007,0.0,0.0,0.0,0.0,0.0,0.0,0.0,0.0,8909.949736086965,1166.375112285943,1.0,0.0,0.0,0.0
69,proper_scoring,node-008,0.0,182.96636702339603,319.14170941972543,0.0,182966.36702339601,319141.7094197254,0.0,0.0,8909.949736086965,1166.375112285943,1.0,-123.43316232109835,0.0,0.0
69,proper_scoring,node-009,0.0,180.81223536840903,407.4497035730724,0.0,180812.23536840902,407449.7035730724,0.0,0.0,8909.949736086965,1166.375112285943,1.0,-138.7654458416212,0.0,0.0
69,proper_scoring,node-010,0.0,0.0,0.0,0.0,0.0,0.0,0.0,0.0,8909.949736086965,1166.375112285943,1.0,0.0,0.0,0.0
69,proper_scoring,node-011,0.0,0.0,0.0,0.0,0.0,0.0,0.0,0.0,8909.949736086965,1166.375112285943,1.0,0.0,0.0,0.0
69,proper_scoring,node-012,0.0,0.0,0.0,0.0,0.0,0.0,0.0,0.0,8909.949736086965,1166.375112285943,1.0,0.0,0.0,0.0
69,proper_scoring,node-013,0.0,0.0,94.09774943823348,0.0,0.0,94097.74943823347,0.0,0.0,8909.949736086965,1166.375112285943,1.0,-131.71912891540717,0.0,0.0
69,proper_scoring,node-014,0.0,0.0,0.0,0.0,0.0,0.0,0.0,0.0,8909.949736086965,1166.375112285943,1.0,0.0,0.0,0.0
69,proper_scoring,node-015,0.0,0.0,0.0,0.0,0.0,0.0,0.0,0.0,8909.949736086965,1166.375112285943,1.0,0.0,0.0,0.0
69,proper_scoring,node-016,0.0,0.0,0.0,0.0,0.0,0.0,0.0,0.0,8909.949736086965,1166.375112285943,1.0,0.0,0.0,0.0
69,proper_scoring,node-017,0.0,0.0,0.0,0.0,0.0,0.0,0.0,0.0,8909.949736086965,1166.375112285943,1.0,0.0,0.0,0.0
69,proper_scoring,node-018,0.0,0.0,165.16880312641234,0.0,0.0,165168.80312641233,0.0,0.0,8909.949736086965,1166.375112285943,1.0,-139.3247874943506,0.0,0.0
69,proper_scoring,node-019,0.0,0.0,0.0,0.0,0.0,0.0,0.0,0.0,8909.949736086965,1166.375112285943,1.0,0.0,0.0,0.0
69,proper_scoring,node-020,0.0,0.0,0.0,0.0,0.0,0.0,0.0,0.0,8909.949736086965,1166.375112285943,1.0,0.0,0.0,0.0
69,proper_scoring,node-021,0.0,0.0,0.0,0.0,0.0,0.0,0.0,0.0,8909.949736086965,1166.375112285943,1.0,0.0,0.0,0.0
69,proper_scoring,node-022,0.0,0.0,0.0,0.0,0.0,0.0,0.0,0.0,8909.949736086965,1166.375112285943,1.0,0.0,0.0,0.0
69,proper_scoring,node-023,0.0,0.0,0.0,0.0,0.0,0.0,0.0,0.0,8909.949736086965,1166.375112285943,1.0,0.0,0.0,0.0
69,proper_scoring,node-024,166.82688444616883,0.4517721602258007,167.27865660639463,0.14303021617051645,0.00038733007543378234,0.14341754624595024,1055.1571893218304,1166.375112285943,8909.949736086965,1166.375112285943,1.0,-1166.375112285943,-16.682688444616815,-435.2221955503825
69,proper_scoring,node-025,0.0,0.0,0.0,0.0,0.0,0.0,0.0,0.0,8909.949736086965,1166.375112285943,1.0,0.0,0.0,0.0
69,proper_scoring,node-026,0.0,0.0,75.88777759598389,0.0,0.0,75887.77759598389,0.0,0.0,8909.949736086965,1166.375112285943,1.0,-96.44888961606445,0.0,0.0
69,proper_scoring,node-027,0.0,0.0,0.0,0.0,0.0,0.0,0.0,0.0,8909.949736086965,1166.375112285943,1.0,0.0,0.0,0.0
69,proper_scoring,node-028,0.0,0.0,0.0,0.0,0.0,0.0,0.0,0.0,8909.949736086965,1166.375112285943,1.0,0.0,0.0,0.0
69,proper_scoring,node-029,0.0,0.0,0.0,0.0,0.0,0.0,0.0,0.0,8909.949736086965,1166.375112285943,1.0,0.0,0.0,0.0
69,audits,node-000,0.0,0.0,0.0,0.0,0.0,0.0,0.0,0.0,8909.949736086965,1166.375112285943,1.0,0.0,0.0,0.0
69,audits,node-001,0.0,0.0,75.15597858940976,0.0,0.0,75155.97858940976,0.0,0.0,8909.949736086965,1166.375112285943,1.0,-124.84402141059024,0.0,0.0
69,audits,node-002,0.0,0.0,0.0,0.0,0.0,0.0,0.0,0.0,8909.949736086965,1166.375112285943,1.0,0.0,0.0,0.0
69,audits,node-003,0.0,0.0,0.0,0.0,0.0,0.0,0.0,0.0,8909.949736086965,1166.375112285943,1.0,0.0,0.0,0.0
69,audits,node-004,0.0,0.0,0.0,0.0,0.0,0.0,0.0,0.0,8909.949736086965,1166.375112285943,1.0,0.0,0.0,0.0
69,audits,node-005,0.0,0.0,0.0,0.0,0.0,0.0,0.0,0.0,8909.949736086965,1166.375112285943,1.0,0.0,0.0,0.0
69,audits,node-006,0.0,0.0,74.23478787544492,0.0,0.0,74234.78787544492,0.0,0.0,8909.949736086965,1166.375112285943,1.0,-125.76521212455508,0.0,0.0
69,audits,node-007,0.0,0.0,0.0,0.0,0.0,0.0,0.0,0.0,8909.949736086965,1166.375112285943,1.0,0.0,0.0,0.0
69,audits,node-008,0.0,182.96636702339603,319.14170941972543,0.0,182966.36702339601,319141.7094197254,0.0,0.0,8909.949736086965,1166.375112285943,1.0,-380.8582905802746,0.0,0.0
69,audits,node-009,0.0,180.81223536840903,365.30863853959465,0.0,180812.23536840902,365308.63853959466,0.0,0.0,8909.949736086965,1166.375112285943,1.0,-1034.6913614604055,0.0,0.0
69,audits,node-010,0.0,0.0,0.0,0.0,0.0,0.0,0.0,0.0,8909.949736086965,1166.375112285943,1.0,0.0,0.0,0.0
69,audits,node-011,0.0,0.0,0.0,0.0,0.0,0.0,0.0,0.0,8909.949736086965,1166.375112285943,1.0,0.0,0.0,0.0
69,audits,node-012,0.0,0.0,0.0,0.0,0.0,0.0,0.0,0.0,8909.949736086965,1166.375112285943,1.0,0.0,0.0,0.0
69,audits,node-013,0.0,0.0,67.07021777114821,0.0,0.0,67070.2177711482,0.0,0.0,8909.949736086965,1166.375112285943,1.0,-232.9297822288518,0.0,0.0
69,audits,node-014,0.0,0.0,0.0,0.0,0.0,0.0,0.0,0.0,8909.949736086965,1166.375112285943,1.0,0.0,0.0,0.0
69,audits,node-015,0.0,0.0,0.0,0.0,0.0,0.0,0.0,0.0,8909.949736086965,1166.375112285943,1.0,0.0,0.0,0.0
69,audits,node-016,0.0,0.0,0.0,0.0,0.0,0.0,0.0,0.0,8909.949736086965,1166.375112285943,1.0,0.0,0.0,0.0
69,audits,node-017,0.0,0.0,0.0,0.0,0.0,0.0,0.0,0.0,8909.949736086965,1166.375112285943,1.0,0.0,0.0,0.0
69,audits,node-018,0.0,0.0,165.16880312641234,0.0,0.0,165168.80312641233,0.0,0.0,8909.949736086965,1166.375112285943,1.0,-234.83119687358766,0.0,0.0
69,audits,node-019,0.0,0.0,0.0,0.0,0.0,0.0,0.0,0.0,8909.949736086965,1166.375112285943,1.0,0.0,0.0,0.0
69,audits,node-020,0.0,0.0,0.0,0.0,0.0,0.0,0.0,0.0,8909.949736086965,1166.375112285943,1.0,0.0,0.0,0.0
69,audits,node-021,0.0,0.0,0.0,0.0,0.0,0.0,0.0,0.0,8909.949736086965,1166.375112285943,1.0,0.0,0.0,0.0
69,audits,node-022,0.0,0.0,0.0,0.0,0.0,0.0,0.0,0.0,8909.949736086965,1166.375112285943,1.0,0.0,0.0,0.0
69,audits,node-023,0.0,0.0,0.0,0.0,0.0,0.0,0.0,0.0,8909.949736086965,1166.375112285943,1.0,0.0,0.0,0.0
69,audits,node-024,166.82688444616883,0.4517721602258007,167.27865660639463,0.14303021617051645,0.00038733007543378234,0.14341754624595024,1055.1571893218304,1166.375112285943,8909.949736086965,1166.375112285943,1.0,-3082.961670062859,-16.682688444616815,-435.2221955503825
69,audits,node-025,0.0,0.0,0.0,0.0,0.0,0.0,0.0,0.0,8909.949736086965,1166.375112285943,1.0,0.0,0.0,0.0
69,audits,node-026,0.0,0.0,75.88777759598389,0.0,0.0,75887.77759598389,0.0,0.0,8909.949736086965,1166.375112285943,1.0,-124.11222240401611,0.0,0.0
69,audits,node-027,0.0,0.0,0.0,0.0,0.0,0.0,0.0,0.0,8909.949736086965,1166.375112285943,1.0,0.0,0.0,0.0
69,audits,node-028,0.0,0.0,0.0,0.0,0.0,0.0,0.0,0.0,8909.949736086965,1166.375112285943,1.0,0.0,0.0,0.0
69,audits,node-029,0.0,0.0,0.0,0.0,0.0,0.0,0.0,0.0,8909.949736086965,1166.375112285943,1.0,0.0,0.0,0.0
70,greedy,node-000,0.0,0.0,0.0,0.0,0.0,0.0,0.0,0.0,8462.680210994358,291.127259816734,0.9,0.0,0.0,0.0
70,greedy,node-001,0.0,0.0,0.0,0.0,0.0,0.0,0.0,0.0,8462.680210994358,291.127259816734,0.9,0.0,0.0,0.0
70,greedy,node-002,0.0,0.0,0.0,0.0,0.0,0.0,0.0,0.0,8462.680210994358,291.127259816734,0.9,0.0,0.0,0.0
70,greedy,node-003,0.0,0.0,0.0,0.0,0.0,0.0,0.0,0.0,8462.680210994358,291.127259816734,0.9,0.0,0.0,0.0
70,greedy,node-004,0.0,0.0,0.0,0.0,0.0,0.0,0.0,0.0,8462.680210994358,291.127259816734,0.9,-58.15854625651054,0.0,0.0
70,greedy,node-005,0.0,0.0,0.0,0.0,0.0,0.0,0.0,0.0,8462.680210994358,291.127259816734,0.9,0.0,0.0,0.0
70,greedy,node-006,0.0,0.0,0.0,0.0,0.0,0.0,0.0,0.0,8462.680210994358,291.127259816734,0.9,0.0,0.0,0.0
70,greedy,node-007,0.0,0.0,0.0,0.0,0.0,0.0,0.0,0.0,8462.680210994358,291.127259816734,0.9,0.0,0.0,0.0
70,greedy,node-008,0.0,0.0,0.0,0.0,0.0,0.0,14.071878757092236,42.21563627127671,8462.680210994358,291.127259816734,0.9,-61.6493908620774,12.660989582532398,-14.071878757092236
70,greedy,node-009,19.11914245603687,0.0,19.11914245603687,19119.14245603687,0.0,19119.14245603687,0.0,0.0,8462.680210994358,291.127259816734,0.9,-51.9640230291398,0.0,0.0
70,greedy,node-010,0.0,0.0,0.0,0.0,0.0,0.0,0.0,0.0,8462.680210994358,291.127259816734,0.9,0.0,0.0,0.0
70,greedy,node-011,0.0,0.0,0.0,0.0,0.0,0.0,0.0,0.0,8462.680210994358,291.127259816734,0.9,0.0,0.0,0.0
70,greedy,node-012,0.0,0.0,0.0,0.0,0.0,0.0,0.0,0.0,8462.680210994358,291.127259816734,0.9,0.0,0.0,0.0
70,greedy,node-013,0.0,0.0,0.0,0.0,0.0,0.0,0.0,0.0,8462.680210994358,291.127259816734,0.9,0.0,0.0,0.0
70,greedy,node-014,0.0,0.0,0.0,0.0,0.0,0.0,0.0,0.0,8462.680210994358,291.127259816734,0.9,0.0,0.0,0.0
70,greedy,node-015,11.967038506851601,0.0,11.967038506851601,11967.0385068516,0.0,11967.0385068516,0.0,0.0,8462.680210994358,291.127259816734,0.9,-41.89537087851406,0.0,0.0
70,greedy,node-016,6.777111687202815,0.0,6.777111687202815,0.10993085180674744,0.0,0.10993085180674744,20.549619983286146,61.64885994985843,8462.680210994358,291.127259816734,0.9,-46.01358778069989,-6.164885994985843,-20.549619983286146
70,greedy,node-017,0.0,0.0,0.0,0.0,0.0,0.0,39.32339213131836,117.97017639395509,8462.680210994358,291.127259816734,0.9,-94.68607244061133,5.5518520097030475,-39.32339213131836
70,greedy,node-018,0.0,0.0,0.0,0.0,0.0,0.0,0.0,0.0,8462.680210994358,291.127259816734,0.9,0.0,0.0,0.0
70,greedy,node-019,0.0,0.0,0.0,0.0,0.0,0.0,0.0,0.0,8462.680210994358,291.127259816734,0.9,0.0,0.0,0.0
70,greedy,node-020,0.0,0.0,0.0,0.0,0.0,0.0,23.0975290672146,69.29258720164381,8462.680210994358,291.127259816734,0.9,-67.264419341445,9.771211591291696,-23.0975290672146
70,greedy,node-021,0.0,0.0,0.0,0.0,0.0,0.0,0.0,0.0,8462.680210994358,291.127259816734,0.9,-33.41554669842527,0.0,0.0
70,greedy,node-022,0.0,0.0,0.0,0.0,0.0,0.0,0.0,0.0,8462.680210994358,291.127259816734,0.9,0.0,0.0,0.0
70,greedy,node-023,0.0,0.0,0.0,0.0,0.0,0.0,0.0,0.0,8462.680210994358,291.127259816734,0.9,0.0,0.0,0.0
70,greedy,node-024,0.0,0.0,0.0,0.0,0.0,0.0,0.0,0.0,8462.680210994358,291.127259816734,0.9,0.0,0.0,0.0
70,greedy,node-025,0.0,0.0,0.0,0.0,0.0,0.0,0.0,0.0,8462.680210994358,291.127259816734,0.9,-36.0701657331621,0.0,0.0
70,greedy,node-026,0.0,0.0,0.0,0.0,0.0,0.0,0.0,0.0,8462.680210994358,291.127259816734,0.9,0.0,0.0,0.0
70,greedy,node-027,0.0,0.0,0.0,0.0,0.0,0.0,0.0,0.0,8462.680210994358,291.127259816734,0.9,-31.818308675419527,0.0,0.0
70,greedy,node-028,0.0,0.0,0.0,0.0,0.0,0.0,0.0,0.0,8462.680210994358,291.127259816734,0.9,0.0,0.0,0.0
70,greedy,node-029,0.0,0.0,0.0,0.0,0.0,0.0,0.0,0.0,8462.680210994358,291.127259816734,0.9,0.0,0.0,0.0
70,trust_vcg,node-000,0.0,0.0,0.0,0.0,0.0,0.0,0.0,0.0,6495.132131618793,-355.09295510979194,0.85,0.0,0.0,0.0
70,trust_vcg,node-001,0.0,0.0,107.46355389054415,0.0,0.0,107463.55389054415,0.0,0.0,6495.132131618793,-355.09295510979194,0.85,-2292.536446109456,0.0,0.0
70,trust_vcg,node-002,0.0,0.0,0.0,0.0,0.0,0.0,0.0,0.0,6495.132131618793,-355.09295510979194,0.85,0.0,0.0,0.0
70,trust_vcg,node-003,0.0,0.0,434.7422127443673,0.0,0.0,434742.2127443673,0.0,0.0,6495.132131618793,-355.09295510979194,0.85,-5616.75418266118,0.0,0.0
70,trust_vcg,node-004,0.0,0.0,0.0,0.0,0.0,0.0,0.0,0.0,6495.132131618793,-355.09295510979194,0.85,-5562.4008495631615,0.0,0.0
70,trust_vcg,node-005,0.0,0.0,0.0,0.0,0.0,0.0,0.0,0.0,6495.132131618793,-355.09295510979194,0.85,0.0,0.0,0.0
70,trust_vcg,node-006,0.0,0.0,0.0,0.0,0.0,0.0,0.0,0.0,6495.132131618793,-355.09295510979194,0.85,0.0,0.0,0.0
70,trust_vcg,node-007,0.0,0.0,265.1743771036413,0.0,0.0,265174.3771036413,0.0,0.0,6495.132131618793,-355.09295510979194,0.85,-3934.8256228963583,0.0,0.0
70,trust_vcg,node-008,0.0,0.0,0.0,0.0,0.0,0.0,0.0,0.0,6495.132131618793,-355.09295510979194,0.85,-5551.987110364114,0.0,0.0
70,trust_vcg,node-009,317.59543712340684,0.0,317.59543712340684,317595.43712340685,0.0,317595.43712340685,0.0,0.0,6495.132131618793,-355.09295510979194,0.85,-5547.26653987159,0.0,0.0
70,trust_vcg,node-010,0.0,0.0,62.50338001959284,0.0,0.0,62503.38001959284,0.0,0.0,6495.132131618793,-355.09295510979194,0.85,-2285.228991834629,0.0,0.0
70,trust_vcg,node-011,0.0,0.0,0.0,0.0,0.0,0.0,0.0,0.0,6495.132131618793,-355.09295510979194,0.85,0.0,0.0,0.0
70,trust_vcg,node-012,0.0,0.0,37.528697706771595,0.0,0.0,37528.69770677159,0.0,0.0,6495.132131618793,-355.09295510979194,0.85,-1162.4713022932283,0.0,0.0
70,trust_vcg,node-013,0.0,0.0,98.10251363204185,0.0,0.0,98102.51363204185,0.0,0.0,6495.132131618793,-355.09295510979194,0.85,-2301.897486367958,0.0,0.0
70,trust_vcg,node-014,0.0,0.0,0.0,0.0,0.0,0.0,0.0,0.0,6495.132131618793,-355.09295510979194,0.85,0.0,0.0,0.0
70,trust_vcg,node-015,86.24487344939087,444.76525775203055,531.6416044590601,86244.87344939087,444765.25775203056,531641.6044590601,0.0,0.0,6495.132131618793,-355.09295510979194,0.85,-5563.28320891812,0.0,0.0
70,trust_vcg,node-016,67.63816048571567,188.70418794517906,380.31088873276184,0.2610252914593537,0.7282363284908286,1.4676738672927057,157.26905922440864,259.1249304140635,6495.132131618793,-355.09295510979194,0.85,-11262.396776805606,101.86931892901873,-157.26905922440864
70,trust_vcg,node-017,97.53660166489128,246.5242664833147,376.9918606085428,97536.60166489128,246524.2664833147,376991.8606085428,0.0,0.0,6495.132131618793,-355.09295510979194,0.85,-11055.362680309296,0.0,0.0
70,trust_vcg,node-018,200.88707471828405,0.0,325.495253937434,200887.07471828404,0.0,325495.25393743394,0.0,0.0,6495.132131618793,-355.09295510979194,0.85,-5074.504746062566,0.0,0.0
70,trust_vcg,node-019,220.7766373977975,165.02169655782478,344.6212344834162,220776.6373977975,165021.6965578248,344621.2344834162,0.0,0.0,6495.132131618793,-355.09295510979194,0.85,-5055.378765516584,0.0,0.0
70,trust_vcg,node-020,468.6310403708996,468.6310403708996,468.6310403708996,468631.0403708996,468631.0403708996,468631.0403708996,-468.6310403708996,-438.4003727694877,6495.132131618793,-355.09295510979194,0.85,-5075.535849903331,49.49216939068879,468.6310403708996
70,trust_vcg,node-021,0.0,0.0,112.70840591288272,0.0,0.0,112708.40591288272,0.0,0.0,6495.132131618793,-355.09295510979194,0.85,-5586.995826552486,0.0,0.0
70,trust_vcg,node-022,0.0,0.0,0.0,0.0,0.0,0.0,0.0,0.0,6495.132131618793,-355.09295510979194,0.85,0.0,0.0,0.0
70,trust_vcg,node-023,0.0,0.0,63.33085565684897,0.0,0.0,63330.855656848966,0.0,0.0,6495.132131618793,-355.09295510979194,0.85,-1736.669144343151,0.0,0.0
70,trust_vcg,node-024,0.0,0.0,236.16840288927995,0.0,0.0,236168.40288927994,0.0,0.0,6495.132131618793,-355.09295510979194,0.85,-5073.190805122084,0.0,0.0
70,trust_vcg,node-025,320.0981756870161,320.0981756870161,320.0981756870161,320098.1756870161,320098.1756870161,320098.1756870161,-320.0981756870161,-175.81751275436773,6495.132131618793,-355.09295510979194,0.85,-5253.402464095266,-21.64209943989721,320.0981756870161
70,trust_vcg,node-026,240.92926049426652,0.0,364.303337996585,240929.26049426652,0.0,364303.337996585,0.0,0.0,6495.132131618793,-355.09295510979194,0.85,-5635.6966620034145,0.0,0.0
70,trust_vcg,node-027,0.0,427.4383741114691,427.4383741114691,0.0,427438.3741114691,427438.3741114691,0.0,0.0,6495.132131618793,-355.09295510979194,0.85,-10005.48853430278,0.0,0.0
70,trust_vcg,node-028,0.0,0.0,0.0,0.0,0.0,0.0,0.0,0.0,6495.132131618793,-355.09295510979194,0.85,0.0,0.0,0.0
70,trust_vcg,node-029,0.0,0.0,0.0,0.0,0.0,0.0,0.0,0.0,6495.132131618793,-355.09295510979194,0.85,0.0,0.0,0.0
70,contingent,node-000,0.0,0.0,0.0,0.0,0.0,0.0,0.0,0.0,6495.132131618793,329.9710007314399,0.85,0.0,0.0,0.0
70,contingent,node-001,0.0,0.0,0.0,0.0,0.0,0.0,0.0,0.0,6495.132131618793,329.9710007314399,0.85,-370.1457844378234,0.0,0.0
70,contingent,node-002,0.0,0.0,0.0,0.0,0.0,0.0,0.0,0.0,6495.132131618793,329.9710007314399,0.85,0.0,0.0,0.0
70,contingent,node-003,0.0,0.0,34.742212744367336,0.0,0.0,34742.21274436734,0.0,0.0,6495.132131618793,329.9710007314399,0.85,-467.01673064471606,0.0,0.0
70,contingent,node-004,0.0,69.32273979900523,113.4603139228211,0.0,69322.73979900523,113460.3139228211,0.0,0.0,6495.132131618793,329.9710007314399,0.85,-249.6033982526458,0.0,0.0
70,contingent,node-005,0.0,0.0,0.0,0.0,0.0,0.0,0.0,0.0,6495.132131618793,329.9710007314399,0.85,0.0,0.0,0.0
70,contingent,node-006,0.0,0.0,0.0,0.0,0.0,0.0,0.0,0.0,6495.132131618793,329.9710007314399,0.85,0.0,0.0,0.0
70,contingent,node-007,0.0,0.0,0.0,0.0,0.0,0.0,0.0,0.0,6495.132131618793,329.9710007314399,0.85,-339.3024915854347,0.0,0.0
70,contingent,node-008,0.0,36.60310677340047,131.7367015302209,0.0,36603.10677340047,131736.7015302209,0.0,0.0,6495.132131618793,329.9710007314399,0.85,-207.94844145645993,0.0,0.0
70,contingent,node-009,5.465445028993013,57.257284319720114,204.7797758319491,5465.445028993013,57257.284319720115,204779.7758319491,0.0,0.0,6495.132131618793,329.9710007314399,0.85,-189.06615948636048,0.0,0.0
70,contingent,node-010,0.0,0.0,12.50338001959284,0.0,0.0,12503.38001959284,0.0,0.0,6495.132131618793,329.9710007314399,0.85,-340.91596733851674,0.0,0.0
70,contingent,node-011,0.0,0.0,0.0,0.0,0.0,0.0,0.0,0.0,6495.132131618793,329.9710007314399,0.85,0.0,0.0,0.0
70,contingent,node-012,0.0,0.0,0.0,0.0,0.0,0.0,0.0,0.0,6495.132131618793,329.9710007314399,0.85,-249.88520917291365,0.0,0.0
70,contingent,node-013,0.0,0.0,0.0,0.0,0.0,0.0,0.0,0.0,6495.132131618793,329.9710007314399,0.85,-407.58994547183255,0.0,0.0
70,contingent,node-014,0.0,0.0,0.0,0.0,0.0,0.0,0.0,0.0,6495.132131618793,329.9710007314399,0.85,0.0,0.0,0.0
70,contingent,node-015,0.0,94.76525775203058,151.71460323631155,0.0,94765.25775203058,151714.60323631155,0.0,0.0,6495.132131618793,329.9710007314399,0.85,-253.13283567248033,0.0,0.0
70,contingent,node-016,0.0,45.04531157476019,58.60796786661196,0.0,0.307236698958592,0.3997423472168524,44.75848747077052,146.61435866042552,6495.132131618793,329.9710007314399,0.85,-465.26935779555356,2.937477907160712,-44.75848747077052
70,contingent,node-017,1.5190786389429345,82.66306217938174,282.19315748561337,1519.0786389429345,82663.06217938174,282193.15748561337,0.0,0.0,6495.132131618793,329.9710007314399,0.85,-221.45072123717182,0.0,0.0
70,contingent,node-018,0.0,0.0,0.0,0.0,0.0,0.0,0.0,0.0,6495.132131618793,329.9710007314399,0.85,-498.018984250264,0.0,0.0
70,contingent,node-019,0.0,65.0216965578248,65.0216965578248,0.0,65021.6965578248,65021.6965578248,0.0,0.0,6495.132131618793,329.9710007314399,0.85,-421.515062066335,0.0,0.0
70,contingent,node-020,7.572792451877035,53.539965103338076,210.47925034099933,0.33422341688702106,2.362973789465752,9.289452296471014,-7.572792451877035,22.657875149534775,6495.132131618793,329.9710007314399,0.85,-169.09476864504455,2.5571839570209374,7.572792451877035
70,contingent,node-021,0.0,24.379081576025747,62.708405912882725,0.0,24379.081576025746,62708.40591288272,0.0,0.0,6495.132131618793,329.9710007314399,0.85,-347.9833062099404,0.0,0.0
70,contingent,node-022,0.0,0.0,0.0,0.0,0.0,0.0,0.0,0.0,6495.132131618793,329.9710007314399,0.85,0.0,0.0,0.0
70,contingent,node-023,0.0,0.0,0.0,0.0,0.0,0.0,0.0,0.0,6495.132131618793,329.9710007314399,0.85,-346.676577372604,0.0,0.0
70,contingent,node-024,0.0,0.0,36.16840288927994,0.0,0.0,36168.40288927994,0.0,0.0,6495.132131618793,329.9710007314399,0.85,-492.7632204883385,0.0,0.0
70,contingent,node-025,0.0,26.471671618881327,43.065148878152726,0.0,0.16472852982011904,0.26798680352784,16.418103988831323,160.6987669214797,6495.132131618793,329.9710007314399,0.85,-310.42066311795946,-16.069876692147965,-16.418103988831323
70,contingent,node-026,0.0,0.0,17.276333274450145,0.0,0.0,17276.333274450146,0.0,0.0,6495.132131618793,329.9710007314399,0.85,-542.7866480136597,0.0,0.0
70,contingent,node-027,0.0,77.43837411146906,77.43837411146906,0.0,77438.37411146906,77438.37411146906,0.0,0.0,6495.132131618793,329.9710007314399,0.85,-421.95413721110936,0.0,0.0
70,contingent,node-028,0.0,0.0,0.0,0.0,0.0,0.0,0.0,0.0,6495.132131618793,329.9710007314399,0.85,0.0,0.0,0.0
70,contingent,node-029,0.0,0.0,0.0,0.0,0.0,0.0,0.0,0.0,6495.132131618793,329.9710007314399,0.85,0.0,0.0,0.0
70,capped,node-000,0.0,0.0,0.0,0.0,0.0,0.0,0.0,0.0,6495.132131618793,414.5508025855727,0.85,0.0,0.0,0.0
70,capped,node-001,0.0,0.0,0.0,0.0,0.0,0.0,0.0,0.0,6495.132131618793,414.5508025855727,0.85,-92.53644610945585,0.0,0.0
70,capped,node-002,0.0,0.0,0.0,0.0,0.0,0.0,0.0,0.0,6495.132131618793,414.5508025855727,0.85,0.0,0.0,0.0
70,capped,node-003,0.0,0.0,34.742212744367336,0.0,0.0,34742.21274436734,0.0,0.0,6495.132131618793,414.5508025855727,0.85,-116.75418266117902,0.0,0.0
70,capped,node-004,0.0,116.31709251302108,172.2032548153409,0.0,116317.09251302108,172203.2548153409,0.0,0.0,6495.132131618793,414.5508025855727,0.85,-62.40084956316145,0.0,0.0
70,capped,node-005,0.0,0.0,0.0,0.0,0.0,0.0,0.0,0.0,6495.132131618793,414.5508025855727,0.85,0.0,0.0,0.0
70,capped,node-006,0.0,0.0,0.0,0.0,0.0,0.0,0.0,0.0,6495.132131618793,414.5508025855727,0.85,0.0,0.0,0.0
70,capped,node-007,0.0,0.0,0.0,0.0,0.0,0.0,0.0,0.0,6495.132131618793,414.5508025855727,0.85,-84.82562289635868,0.0,0.0
70,capped,node-008,0.0,95.15502420997034,194.80433990455197,0.0,95155.02420997033,194804.33990455198,0.0,0.0,6495.132131618793,414.5508025855727,0.85,-51.98711036411498,0.0,0.0
70,capped,node-009,5.465445028993013,94.53307974318025,279.33136667886936,5465.445028993013,94533.07974318025,279331.36667886935,0.0,0.0,6495.132131618793,414.5508025855727,0.85,-47.26653987159011,0.0,0.0
70,capped,node-010,0.0,0.0,12.50338001959284,0.0,0.0,12503.38001959284,0.0,0.0,6495.132131618793,414.5508025855727,0.85,-85.22899183462918,0.0,0.0
70,capped,node-011,0.0,0.0,0.0,0.0,0.0,0.0,0.0,0.0,6495.132131618793,414.5508025855727,0.85,0.0,0.0,0.0
70,capped,node-012,0.0,0.0,0.0,0.0,0.0,0.0,0.0,0.0,6495.132131618793,414.5508025855727,0.85,-62.471302293228405,0.0,0.0
70,capped,node-013,0.0,0.0,0.0,0.0,0.0,0.0,0.0,0.0,6495.132131618793,414.5508025855727,0.85,-101.89748636795814,0.0,0.0
70,capped,node-014,0.0,0.0,0.0,0.0,0.0,0.0,0.0,0.0,6495.132131618793,414.5508025855727,0.85,0.0,0.0,0.0
70,capped,node-015,0.0,94.76525775203058,151.71460323631155,0.0,94765.25775203058,151714.60323631155,0.0,0.0,6495.132131618793,414.5508025855727,0.85,-63.28320891812008,0.0,0.0
70,capped,node-016,0.0,45.04531157476018,60.15032989762621,0.0,0.29483040462724747,0.3936957139867219,50.92793559482749,152.78380678448252,6495.132131618793,414.5508025855727,0.85,-156.05565317602324,2.320533094755021,-50.92793559482749
70,capped,node-017,1.5190786389429345,96.52426648331465,309.91556609347924,1519.0786389429345,96524.26648331464,309915.5660934792,0.0,0.0,6495.132131618793,414.5508025855727,0.85,-55.36268030929296,0.0,0.0
70,capped,node-018,0.0,0.0,0.0,0.0,0.0,0.0,0.0,0.0,6495.132131618793,414.5508025855727,0.85,-124.504746062566,0.0,0.0
70,capped,node-019,0.0,65.0216965578248,65.0216965578248,0.0,65021.6965578248,65021.6965578248,0.0,0.0,6495.132131618793,414.5508025855727,0.85,-105.37876551658375,0.0,0.0
70,capped,node-020,0.0,73.21844674775491,233.16737659358225,0.0,1.6146615905219708,5.141961129624387,15.115333800705905,45.346001402117714,6495.132131618793,414.5508025855727,0.85,-59.2822240749363,0.2883713317626455,-15.115333800705905
70,capped,node-021,25.06038080942663,84.46834926436358,116.95441344448844,25060.380809426628,84468.34926436358,116954.41344448844,0.0,0.0,6495.132131618793,414.5508025855727,0.85,-86.9958265524851,0.0,0.0
70,capped,node-022,0.0,0.0,0.0,0.0,0.0,0.0,0.0,0.0,6495.132131618793,414.5508025855727,0.85,0.0,0.0,0.0
70,capped,node-023,0.0,0.0,0.0,0.0,0.0,0.0,0.0,0.0,6495.132131618793,414.5508025855727,0.85,-86.66914434315102,0.0,0.0
70,capped,node-024,0.0,0.0,36.16840288927994,0.0,0.0,36168.40288927994,0.0,0.0,6495.132131618793,414.5508025855727,0.85,-123.19080512208463,0.0,0.0
70,capped,node-025,0.0,26.47167161888133,70.92626261689914,0.0,0.12231563620893798,0.3277235778990389,72.14033146632418,216.42099439897254,6495.132131618793,414.5508025855727,0.85,-145.64097124860623,-21.64209943989725,-72.14033146632418
70,capped,node-026,0.0,0.0,17.276333274450145,0.0,0.0,17276.333274450146,0.0,0.0,6495.132131618793,414.5508025855727,0.85,-135.69666200341496,0.0,0.0
70,capped,node-027,0.0,77.43837411146906,77.43837411146906,0.0,77438.37411146906,77438.37411146906,0.0,0.0,6495.132131618793,414.5508025855727,0.85,-105.48853430277735,0.0,0.0
70,capped,node-028,0.0,0.0,0.0,0.0,0.0,0.0,0.0,0.0,6495.132131618793,414.5508025855727,0.85,0.0,0.0,0.0
70,capped,node-029,0.0,0.0,0.0,0.0,0.0,0.0,0.0,0.0,6495.132131618793,414.5508025855727,0.85,0.0,0.0,0.0
70,proper_scoring,node-000,0.0,0.0,0.0,0.0,0.0,0.0,0.0,0.0,6495.132131618793,1189.725627037233,0.85,0.0,0.0,0.0
70,proper_scoring,node-001,0.0,0.0,107.46355389054415,0.0,0.0,107463.55389054415,0.0,0.0,6495.132131618793,1189.725627037233,0.85,-292.5364461094558,0.0,0.0
70,proper_scoring,node-002,0.0,0.0,0.0,0.0,0.0,0.0,0.0,0.0,6495.132131618793,1189.725627037233,0.85,0.0,0.0,0.0
70,proper_scoring,node-003,0.0,0.0,434.7422127443673,0.0,0.0,434742.2127443673,0.0,0.0,6495.132131618793,1189.725627037233,0.85,-424.4549230518595,0.0,0.0
70,proper_scoring,node-004,0.0,469.32273979900526,469.32273979900526,0.0,469322.73979900527,469322.73979900527,0.0,0.0,6495.132131618793,1189.725627037233,0.85,-249.6033982526458,0.0,0.0
70,proper_scoring,node-005,0.0,0.0,0.0,0.0,0.0,0.0,0.0,0.0,6495.132131618793,1189.725627037233,0.85,0.0,0.0,0.0
70,proper_scoring,node-006,0.0,0.0,0.0,0.0,0.0,0.0,0.0,0.0,6495.132131618793,1189.725627037233,0.85,0.0,0.0,0.0
70,proper_scoring,node-007,0.0,0.0,265.1743771036413,0.0,0.0,265174.3771036413,0.0,0.0,6495.132131618793,1189.725627037233,0.85,-326.0494948771609,0.0,0.0
70,proper_scoring,node-008,0.0,386.60310677340044,395.58290375918614,0.0,386603.10677340045,395582.90375918616,0.0,0.0,6495.132131618793,1189.725627037233,0.85,-207.94844145645993,0.0,0.0
70,proper_scoring,node-009,317.59543712340684,507.25728431972016,572.0213140915014,317595.43712340685,507257.2843197202,572021.3140915014,0.0,0.0,6495.132131618793,1189.725627037233,0.85,-189.06615948636048,0.0,0.0
70,proper_scoring,node-010,0.0,0.0,62.50338001959284,0.0,0.0,62503.38001959284,0.0,0.0,6495.132131618793,1189.725627037233,0.85,-285.22899183462914,0.0,0.0
70,proper_scoring,node-011,0.0,0.0,0.0,0.0,0.0,0.0,0.0,0.0,6495.132131618793,1189.725627037233,0.85,0.0,0.0,0.0
70,proper_scoring,node-012,0.0,0.0,37.528697706771595,0.0,0.0,37528.69770677159,0.0,0.0,6495.132131618793,1189.725627037233,0.85,-162.4713022932284,0.0,0.0
70,proper_scoring,node-013,0.0,0.0,98.10251363204185,0.0,0.0,98102.51363204185,0.0,0.0,6495.132131618793,1189.725627037233,0.85,-301.8974863679581,0.0,0.0
70,proper_scoring,node-014,0.0,0.0,0.0,0.0,0.0,0.0,0.0,0.0,6495.132131618793,1189.725627037233,0.85,0.0,0.0,0.0
70,proper_scoring,node-015,86.24487344939087,444.76525775203055,531.6416044590601,86244.87344939087,444765.25775203056,531641.6044590601,0.0,0.0,6495.132131618793,1189.725627037233,0.85,-253.13283567248033,0.0,0.0
70,proper_scoring,node-016,69.18052251672998,197.97820365204598,206.11117730407034,0.08716408966251599,0.24944289615877951,0.2596900469295257,691.8255953934847,793.6814665831398,6495.132131618793,1189.725627037233,0.85,-1084.8387464317443,102.48626374142464,-691.8255953934847
70,proper_scoring,node-017,593.3720824576532,782.6630621793818,916.5959573805931,593372.0824576531,782663.0621793817,916595.957380593,0.0,0.0,6495.132131618793,1189.725627037233,0.85,-221.45072123717182,0.0,0.0
70,proper_scoring,node-018,200.88707471828405,0.0,325.495253937434,200887.07471828404,0.0,325495.25393743394,0.0,0.0,6495.132131618793,1189.725627037233,0.85,-440.85969126673666,0.0,0.0
70,proper_scoring,node-019,220.7766373977975,165.02169655782478,344.6212344834162,220776.6373977975,165021.6965578248,344621.2344834162,0.0,0.0,6495.132131618793,1189.725627037233,0.85,-418.67552561267024,0.0,0.0
70,proper_scoring,node-020,201.76498307782168,404.336167044412,459.9948504815076,2.807685572426474,5.626589933016006,6.401115225178874,41.63100560704906,71.86167320846087,6495.132131618793,1189.725627037233,0.85,-218.29856670397066,51.76098201594705,-41.63100560704906
70,proper_scoring,node-021,288.5695552527219,184.4683492643636,332.959539603346,288569.5552527219,184468.3492643636,332959.53960334597,0.0,0.0,6495.132131618793,1189.725627037233,0.85,-347.9833062099404,0.0,0.0
70,proper_scoring,node-022,0.0,0.0,0.0,0.0,0.0,0.0,0.0,0.0,6495.132131618793,1189.725627037233,0.85,0.0,0.0,0.0
70,proper_scoring,node-023,0.0,0.0,63.33085565684897,0.0,0.0,63330.855656848966,0.0,0.0,6495.132131618793,1189.725627037233,0.85,-236.66914434315103,0.0,0.0
70,proper_scoring,node-024,0.0,0.0,243.58810088797756,0.0,0.0,243588.10088797755,0.0,0.0,6495.132131618793,1189.725627037233,0.85,-466.2834813683834,0.0,0.0
70,proper_scoring,node-025,167.11816387852502,118.71017877222164,212.12191637661175,0.5155064522405863,0.36618319447427533,0.6543287337291835,179.90182431298388,324.1824872456323,6495.132131618793,1189.725627037233,0.85,-473.904383442112,-21.642099439897237,-179.90182431298388
70,proper_scoring,node-026,240.92926049426652,0.0,364.303337996585,240929.26049426652,0.0,364303.337996585,0.0,0.0,6495.132131618793,1189.725627037233,0.85,-481.3679079060176,0.0,0.0
70,proper_scoring,node-027,0.0,427.4383741114691,639.8590744488272,0.0,427438.3741114691,639859.0744488272,0.0,0.0,6495.132131618793,1189.725627037233,0.85,-401.85989503066014,0.0,0.0
70,proper_scoring,node-028,0.0,0.0,0.0,0.0,0.0,0.0,0.0,0.0,6495.132131618793,1189.725627037233,0.85,0.0,0.0,0.0
70,proper_scoring,node-029,0.0,0.0,0.0,0.0,0.0,0.0,0.0,0.0,6495.132131618793,1189.725627037233,0.85,0.0,0.0,0.0
70,audits,node-000,0.0,0.0,0.0,0.0,0.0,0.0,0.0,0.0,6495.132131618793,1144.907044890208,0.85,0.0,0.0,0.0
70,audits,node-001,0.0,0.0,107.46355389054415,0.0,0.0,107463.55389054415,0.0,0.0,6495.132131618793,1144.907044890208,0.85,-792.5364461094557,0.0,0.0
70,audits,node-002,0.0,0.0,0.0,0.0,0.0,0.0,0.0,0.0,6495.132131618793,1144.907044890208,0.85,0.0,0.0,0.0
70,audits,node-003,0.0,0.0,434.7422127443673,0.0,0.0,434742.2127443673,0.0,0.0,6495.132131618793,1144.907044890208,0.85,-1116.7541826611791,0.0,0.0
70,audits,node-004,0.0,466.3170925130211,466.3170925130211,0.0,466317.09251302114,466317.09251302114,0.0,0.0,6495.132131618793,1144.907044890208,0.85,-1062.4008495631615,0.0,0.0
70,audits,node-005,0.0,0.0,0.0,0.0,0.0,0.0,0.0,0.0,6495.132131618793,1144.907044890208,0.85,0.0,0.0,0.0
70,audits,node-006,0.0,0.0,0.0,0.0,0.0,0.0,0.0,0.0,6495.132131618793,1144.907044890208,0.85,0.0,0.0,0.0
70,audits,node-007,0.0,0.0,265.1743771036413,0.0,0.0,265174.3771036413,0.0,0.0,6495.132131618793,1144.907044890208,0.85,-934.8256228963586,0.0,0.0
70,audits,node-008,0.0,0.0,0.0,0.0,0.0,0.0,0.0,0.0,6495.132131618793,1144.907044890208,0.85,-1051.9871103641149,0.0,0.0
70,audits,node-009,317.59543712340684,494.5330797431803,572.0213140915014,317595.43712340685,494533.07974318025,572021.3140915014,0.0,0.0,6495.132131618793,1144.907044890208,0.85,-1047.26653987159,0.0,0.0
70,audits,node-010,0.0,0.0,62.50338001959284,0.0,0.0,62503.38001959284,0.0,0.0,6495.132131618793,1144.907044890208,0.85,-785.2289918346291,0.0,0.0
70,audits,node-011,0.0,0.0,0.0,0.0,0.0,0.0,0.0,0.0,6495.132131618793,1144.907044890208,0.85,0.0,0.0,0.0
70,audits,node-012,0.0,0.0,37.528697706771595,0.0,0.0,37528.69770677159,0.0,0.0,6495.132131618793,1144.907044890208,0.85,-162.4713022932284,0.0,0.0
70,audits,node-013,0.0,0.0,98.10251363204185,0.0,0.0,98102.51363204185,0.0,0.0,6495.132131618793,1144.907044890208,0.85,-801.8974863679581,0.0,0.0
70,audits,node-014,0.0,0.0,0.0,0.0,0.0,0.0,0.0,0.0,6495.132131618793,1144.907044890208,0.85,0.0,0.0,0.0
70,audits,node-015,86.24487344939087,444.76525775203055,531.6416044590601,86244.87344939087,444765.25775203056,531641.6044590601,0.0,0.0,6495.132131618793,1144.907044890208,0.85,-1063.2832089181202,0.0,0.0
70,audits,node-016,67.63816048571562,188.70418794517911,195.29479956618923,0.08910017017728884,0.24858120236184406,0.25726305610812433,657.2690592244086,759.1249304140636,6495.132131618793,1144.907044890208,0.85,-2262.396776805604,101.86931892901873,-657.2690592244086
70,audits,node-017,576.5336961181262,746.5242664833147,876.9918606085428,576533.6961181262,746524.2664833147,876991.8606085428,0.0,0.0,6495.132131618793,1144.907044890208,0.85,-1555.362680309293,0.0,0.0
70,audits,node-018,200.88707471828405,0.0,325.495253937434,200887.07471828404,0.0,325495.25393743394,0.0,0.0,6495.132131618793,1144.907044890208,0.85,-1074.504746062566,0.0,0.0
70,audits,node-019,220.7766373977975,165.02169655782478,344.6212344834162,220776.6373977975,165021.6965578248,344621.2344834162,0.0,0.0,6495.132131618793,1144.907044890208,0.85,-1055.3787655165838,0.0,0.0
70,audits,node-020,167.30998854320706,356.96482091936036,423.83010188888534,2.716087678860711,5.794918524158607,6.88040043331543,31.36895962910043,61.59962723051224,6495.132131618793,1144.907044890208,0.85,-1075.5358499033307,49.49216939068876,-31.36895962910043
70,audits,node-021,276.9176001969987,184.4683492643636,313.0041734475149,276917.6001969987,184468.3492643636,313004.1734475149,0.0,0.0,6495.132131618793,1144.907044890208,0.85,-1086.995826552485,0.0,0.0
70,audits,node-022,0.0,0.0,0.0,0.0,0.0,0.0,0.0,0.0,6495.132131618793,1144.907044890208,0.85,0.0,0.0,0.0
70,audits,node-023,0.0,0.0,63.33085565684897,0.0,0.0,63330.855656848966,0.0,0.0,6495.132131618793,1144.907044890208,0.85,-236.66914434315103,0.0,0.0
70,audits,node-024,0.0,0.0,236.16840288927995,0.0,0.0,236168.40288927994,0.0,0.0,6495.132131618793,1144.907044890208,0.85,-1073.1908051220846,0.0,0.0
70,audits,node-025,153.28018989308538,118.71017877222164,203.9135869847314,0.4728206979821996,0.36618319447427533,0.6290086448446137,179.90182431298388,324.1824872456323,6495.132131618793,1144.907044890208,0.85,-1253.4024640952662,-21.642099439897237,-179.90182431298388
70,audits,node-026,240.92926049426652,0.0,364.303337996585,240929.26049426652,0.0,364303.337996585,0.0,0.0,6495.132131618793,1144.907044890208,0.85,-1135.6966620034148,0.0,0.0
70,audits,node-027,0.0,427.4383741114691,594.5114656972227,0.0,427438.3741114691,594511.4656972226,0.0,0.0,6495.132131618793,1144.907044890208,0.85,-1505.4885343027777,0.0,0.0
70,audits,node-028,0.0,0.0,0.0,0.0,0.0,0.0,0.0,0.0,6495.132131618793,1144.907044890208,0.85,0.0,0.0,0.0
70,audits,node-029,0.0,0.0,0.0,0.0,0.0,0.0,0.0,0.0,6495.132131618793,1144.907044890208,0.85,0.0,0.0,0.0
71,greedy,node-000,0.0,0.0,0.0,0.0,0.0,0.0,0.0,0.0,6581.8668089839475,253.95127510069685,0.95,0.0,0.0,0.0
71,greedy,node-001,0.0,0.0,0.0,0.0,0.0,0.0,0.0,0.0,6581.8668089839475,253.95127510069685,0.95,0.0,0.0,0.0
71,greedy,node-002,0.0,0.0,0.0,0.0,0.0,0.0,0.0,0.0,6581.8668089839475,253.95127510069685,0.95,0.0,0.0,0.0
71,greedy,node-003,0.0,0.0,0.0,0.0,0.0,0.0,0.0,0.0,6581.8668089839475,253.95127510069685,0.95,0.0,0.0,0.0
71,greedy,node-004,0.0,0.0,0.0,0.0,0.0,0.0,0.0,0.0,6581.8668089839475,253.95127510069685,0.95,0.0,0.0,0.0
71,greedy,node-005,0.0,0.0,0.0,0.0,0.0,0.0,0.0,0.0,6581.8668089839475,253.95127510069685,0.95,0.0,0.0,0.0
71,greedy,node-006,0.0,0.0,0.0,0.0,0.0,0.0,0.0,0.0,6581.8668089839475,253.95127510069685,0.95,0.0,0.0,0.0
71,greedy,node-007,0.0,0.0,0.0,0.0,0.0,0.0,0.0,0.0,6581.8668089839475,253.95127510069685,0.95,0.0,0.0,0.0
71,greedy,node-008,0.0,0.0,0.0,0.0,0.0,0.0,0.0,0.0,6581.8668089839475,253.95127510069685,0.95,-33.86367848646333,0.0,0.0
71,greedy,node-009,0.0,0.0,0.0,0.0,0.0,0.0,0.0,0.0,6581.8668089839475,253.95127510069685,0.95,0.0,0.0,0.0
71,greedy,node-010,0.0,0.0,0.0,0.0,0.0,0.0,0.0,0.0,6581.8668089839475,253.95127510069685,0.95,0.0,0.0,0.0
71,greedy,node-011,0.0,0.0,0.0,0.0,0.0,0.0,0.0,0.0,6581.8668089839475,253.95127510069685,0.95,0.0,0.0,0.0
71,greedy,node-012,0.0,0.0,0.0,0.0,0.0,0.0,0.0,0.0,6581.8668089839475,253.95127510069685,0.95,0.0,0.0,0.0
71,greedy,node-013,0.0,0.0,0.0,0.0,0.0,0.0,0.0,0.0,6581.8668089839475,253.95127510069685,0.95,0.0,0.0,0.0
71,greedy,node-014,0.0,0.0,0.0,0.0,0.0,0.0,0.0,0.0,6581.8668089839475,253.95127510069685,0.95,0.0,0.0,0.0
71,greedy,node-015,0.0,0.0,0.0,0.0,0.0,0.0,0.0,0.0,6581.8668089839475,253.95127510069685,0.95,0.0,0.0,0.0
71,greedy,node-016,17.479792895435885,0.0,17.479792895435885,0.10105496571091446,0.0,0.10105496571091446,57.65770727665153,172.97312182995452,6581.8668089839475,253.95127510069685,0.95,-100.99528052183067,-8.61015743064015,-57.65770727665153
71,greedy,node-017,0.0,0.0,0.0,0.0,0.0,0.0,0.0,0.0,6581.8668089839475,253.95127510069685,0.95,0.0,0.0,0.0
71,greedy,node-018,0.0,0.0,0.0,0.0,0.0,0.0,0.0,0.0,6581.8668089839475,253.95127510069685,0.95,0.0,0.0,0.0
71,greedy,node-019,0.0,0.0,0.0,0.0,0.0,0.0,0.0,0.0,6581.8668089839475,253.95127510069685,0.95,0.0,0.0,0.0
71,greedy,node-020,0.0,0.0,0.0,0.0,0.0,0.0,0.0,0.0,6581.8668089839475,253.95127510069685,0.95,0.0,0.0,0.0
71,greedy,node-021,0.0,0.0,0.0,0.0,0.0,0.0,26.99271775691411,80.97815327074234,6581.8668089839475,253.95127510069685,0.95,-69.23196709342922,-0.6353098617852986,-26.99271775691411
71,greedy,node-022,0.0,0.0,0.0,0.0,0.0,0.0,0.0,0.0,6581.8668089839475,253.95127510069685,0.95,0.0,0.0,0.0
71,greedy,node-023,0.0,0.0,0.0,0.0,0.0,0.0,0.0,0.0,6581.8668089839475,253.95127510069685,0.95,0.0,0.0,0.0
71,greedy,node-024,0.0,0.0,0.0,0.0,0.0,0.0,0.0,0.0,6581.8668089839475,253.95127510069685,0.95,0.0,0.0,0.0
71,greedy,node-025,0.0,0.0,0.0,0.0,0.0,0.0,0.0,0.0,6581.8668089839475,253.95127510069685,0.95,0.0,0.0,0.0
71,greedy,node-026,0.0,0.0,0.0,0.0,0.0,0.0,0.0,0.0,6581.8668089839475,253.95127510069685,0.95,-32.31272333958839,0.0,0.0
71,greedy,node-027,0.0,0.0,0.0,0.0,0.0,0.0,0.0,0.0,6581.8668089839475,253.95127510069685,0.95,0.0,0.0,0.0
71,greedy,node-028,0.0,0.0,0.0,0.0,0.0,0.0,0.0,0.0,6581.8668089839475,253.95127510069685,0.95,0.0,0.0,0.0
71,greedy,node-029,0.0,0.0,0.0,0.0,0.0,0.0,0.0,0.0,6581.8668089839475,253.95127510069685,0.95,0.0,0.0,0.0
71,trust_vcg,node-000,0.0,0.0,0.0,0.0,0.0,0.0,0.0,0.0,8847.817366070367,1252.096815828292,1.0,0.0,0.0,0.0
71,trust_vcg,node-001,0.0,0.0,0.0,0.0,0.0,0.0,0.0,0.0,8847.817366070367,1252.096815828292,1.0,0.0,0.0,0.0
71,trust_vcg,node-002,0.0,0.0,0.0,0.0,0.0,0.0,0.0,0.0,8847.817366070367,1252.096815828292,1.0,-5034.249412307702,0.0,0.0
71,trust_vcg,node-003,0.0,0.0,68.49675724609826,0.0,0.0,68496.75724609825,0.0,0.0,8847.817366070367,1252.096815828292,1.0,-1731.5032427539018,0.0,0.0
71,trust_vcg,node-004,0.0,0.0,0.0,0.0,0.0,0.0,0.0,0.0,8847.817366070367,1252.096815828292,1.0,0.0,0.0,0.0
71,trust_vcg,node-005,0.0,0.0,0.0,0.0,0.0,0.0,0.0,0.0,8847.817366070367,1252.096815828292,1.0,-2272.583494476744,0.0,0.0
71,trust_vcg,node-006,0.0,0.0,110.06960690593417,0.0,0.0,110069.60690593417,0.0,0.0,8847.817366070367,1252.096815828292,1.0,-2289.930393094066,0.0,0.0
71,trust_vcg,node-007,0.0,0.0,0.0,0.0,0.0,0.0,0.0,0.0,8847.817366070367,1252.096815828292,1.0,0.0,0.0,0.0
71,trust_vcg,node-008,0.0,217.72735697292666,217.72735697292666,0.0,217727.35697292665,217727.35697292665,0.0,0.0,8847.817366070367,1252.096815828292,1.0,-5025.893386783215,0.0,0.0
71,trust_vcg,node-009,0.0,90.0276966431309,175.88466573948307,0.0,90027.6966431309,175884.66573948305,0.0,0.0,8847.817366070367,1252.096815828292,1.0,-2264.466891798542,0.0,0.0
71,trust_vcg,node-010,0.0,0.0,0.0,0.0,0.0,0.0,0.0,0.0,8847.817366070367,1252.096815828292,1.0,0.0,0.0,0.0
71,trust_vcg,node-011,0.0,0.0,62.294811650254815,0.0,0.0,62294.811650254815,0.0,0.0,8847.817366070367,1252.096815828292,1.0,-1737.7051883497452,0.0,0.0
71,trust_vcg,node-012,0.0,0.0,0.0,0.0,0.0,0.0,0.0,0.0,8847.817366070367,1252.096815828292,1.0,0.0,0.0,0.0
71,trust_vcg,node-013,0.0,0.0,126.27711593207113,0.0,0.0,126277.11593207113,0.0,0.0,8847.817366070367,1252.096815828292,1.0,-2273.722884067929,0.0,0.0
71,trust_vcg,node-014,0.0,0.0,123.11549254137536,0.0,0.0,123115.49254137535,0.0,0.0,8847.817366070367,1252.096815828292,1.0,-2276.8845074586243,0.0,0.0
71,trust_vcg,node-015,0.0,0.0,0.0,0.0,0.0,0.0,0.0,0.0,8847.817366070367,1252.096815828292,1.0,-2267.8509453132847,0.0,0.0
71,trust_vcg,node-016,130.01271973553753,7.928623642782668,212.00474486672124,0.10383599582076328,0.006332276819614539,0.16931976999436343,1078.7465228475755,1252.096815828292,8847.817366070367,1252.096815828292,1.0,-12122.084096092754,-26.002543947107597,-973.7903653795981
71,trust_vcg,node-017,0.0,0.0,0.0,0.0,0.0,0.0,0.0,0.0,8847.817366070367,1252.096815828292,1.0,0.0,0.0,0.0
71,trust_vcg,node-018,0.0,0.0,0.0,0.0,0.0,0.0,0.0,0.0,8847.817366070367,1252.096815828292,1.0,0.0,0.0,0.0
71,trust_vcg,node-019,0.0,0.0,0.0,0.0,0.0,0.0,0.0,0.0,8847.817366070367,1252.096815828292,1.0,-5583.229612850167,0.0,0.0
71,trust_vcg,node-020,0.0,89.9678249568303,89.9678249568303,0.0,89967.8249568303,89967.8249568303,0.0,0.0,8847.817366070367,1252.096815828292,1.0,-3384.5357882038275,0.0,0.0
71,trust_vcg,node-021,0.0,0.0,0.0,0.0,0.0,0.0,0.0,0.0,8847.817366070367,1252.096815828292,1.0,-5542.239249336515,0.0,0.0
71,trust_vcg,node-022,0.0,0.0,35.46498214482047,0.0,0.0,35464.98214482047,0.0,0.0,8847.817366070367,1252.096815828292,1.0,-1164.5350178551796,0.0,0.0
71,trust_vcg,node-023,0.0,0.0,0.0,0.0,0.0,0.0,0.0,0.0,8847.817366070367,1252.096815828292,1.0,-2248.760445189698,0.0,0.0
71,trust_vcg,node-024,0.0,0.0,0.0,0.0,0.0,0.0,0.0,0.0,8847.817366070367,1252.096815828292,1.0,0.0,0.0,0.0
71,trust_vcg,node-025,0.0,0.0,0.0,0.0,0.0,0.0,0.0,0.0,8847.817366070367,1252.096815828292,1.0,-5597.051509595935,0.0,0.0
71,trust_vcg,node-026,0.0,0.0,130.55024661863823,0.0,0.0,130550.24661863822,0.0,0.0,8847.817366070367,1252.096815828292,1.0,-5562.12224635528,0.0,0.0
71,trust_vcg,node-027,32.208700523304685,163.77170919369973,227.73027140989808,32208.700523304684,163771.70919369973,227730.27140989807,0.0,0.0,8847.817366070367,1252.096815828292,1.0,-3373.454403356032,0.0,0.0
71,trust_vcg,node-028,0.0,0.0,11.094629642157201,0.0,0.0,11094.6296421572,0.0,0.0,8847.817366070367,1252.096815828292,1.0,-588.9053703578428,0.0,0.0
71,trust_vcg,node-029,0.0,0.0,0.0,0.0,0.0,0.0,0.0,0.0,8847.817366070367,1252.096815828292,1.0,0.0,0.0,0.0
71,contingent,node-000,0.0,0.0,0.0,0.0,0.0,0.0,0.0,0.0,8847.817366070367,260.0254394710748,1.0,0.0,0.0,0.0
71,contingent,node-001,0.0,0.0,0.0,0.0,0.0,0.0,0.0,0.0,8847.817366070367,260.0254394710748,1.0,0.0,0.0,0.0
71,contingent,node-002,0.0,14.613182423877582,14.613182423877582,0.0,14613.182423877583,14613.182423877583,0.0,0.0,8847.817366070367,260.0254394710748,1.0,-336.997649230813,0.0,0.0
71,contingent,node-003,0.0,0.0,0.0,0.0,0.0,0.0,0.0,0.0,8847.817366070367,260.0254394710748,1.0,-326.012971015607,0.0,0.0
71,contingent,node-004,0.0,0.0,0.0,0.0,0.0,0.0,0.0,0.0,8847.817366070367,260.0254394710748,1.0,0.0,0.0,0.0
71,contingent,node-005,0.0,0.0,0.0,0.0,0.0,0.0,0.0,0.0,8847.817366070367,260.0254394710748,1.0,-322.1838001245791,0.0,0.0
71,contingent,node-006,0.0,0.0,0.0,0.0,0.0,0.0,0.0,0.0,8847.817366070367,260.0254394710748,1.0,-359.72157237626334,0.0,0.0
71,contingent,node-007,0.0,0.0,0.0,0.0,0.0,0.0,0.0,0.0,8847.817366070367,260.0254394710748,1.0,0.0,0.0,0.0
71,contingent,node-008,0.0,67.72735697292666,83.9936305133159,0.0,67727.35697292666,83993.6305133159,0.0,0.0,8847.817366070367,260.0254394710748,1.0,-303.5735471328582,0.0,0.0
71,contingent,node-009,0.0,40.02769664313091,40.02769664313091,0.0,40027.696643130905,40027.696643130905,0.0,0.0,8847.817366070367,260.0254394710748,1.0,-257.86756719416576,0.0,0.0
71,contingent,node-010,0.0,0.0,0.0,0.0,0.0,0.0,0.0,0.0,8847.817366070367,260.0254394710748,1.0,0.0,0.0,0.0
71,contingent,node-011,0.0,0.0,0.0,0.0,0.0,0.0,0.0,0.0,8847.817366070367,260.0254394710748,1.0,-350.8207533989808,0.0,0.0
71,contingent,node-012,0.0,0.0,0.0,0.0,0.0,0.0,0.0,0.0,8847.817366070367,260.0254394710748,1.0,0.0,0.0,0.0
71,contingent,node-013,0.0,0.0,20.189778506940115,0.0,0.0,20189.778506940114,0.0,0.0,8847.817366070367,260.0254394710748,1.0,-294.89153627171544,0.0,0.0
71,contingent,node-014,0.0,0.0,21.376046803561053,0.0,0.0,21376.046803561054,0.0,0.0,8847.817366070367,260.0254394710748,1.0,-307.53802983449856,0.0,0.0
71,contingent,node-015,0.0,0.0,0.0,0.0,0.0,0.0,0.0,0.0,8847.817366070367,260.0254394710748,1.0,-280.2504320718479,0.0,0.0
71,contingent,node-016,187.6472486682847,0.0,254.0761212239384,0.7216495780181484,0.0,0.9771202453912277,86.67514649035827,260.0254394710748,8847.817366070367,260.0254394710748,1.0,-260.02543947107483,-26.002543947107483,-281.71806039219416
71,contingent,node-017,0.0,0.0,0.0,0.0,0.0,0.0,0.0,0.0,8847.817366070367,260.0254394710748,1.0,0.0,0.0,0.0
71,contingent,node-018,0.0,0.0,0.0,0.0,0.0,0.0,0.0,0.0,8847.817366070367,260.0254394710748,1.0,0.0,0.0,0.0
71,contingent,node-019,0.0,15.464357676520784,15.464357676520784,0.0,15464.357676520784,15464.357676520784,0.0,0.0,8847.817366070367,260.0254394710748,1.0,-332.91845140066783,0.0,0.0
71,contingent,node-020,0.0,39.967824956830285,39.967824956830285,0.0,39967.824956830285,39967.824956830285,0.0,0.0,8847.817366070367,260.0254394710748,1.0,-338.14315281531026,0.0,0.0
71,contingent,node-021,0.0,34.071460347625475,84.02372740856603,0.0,34071.46034762548,84023.72740856603,0.0,0.0,8847.817366070367,260.0254394710748,1.0,-168.95699734606043,0.0,0.0
71,contingent,node-022,0.0,0.0,0.0,0.0,0.0,0.0,0.0,0.0,8847.817366070367,260.0254394710748,1.0,-258.1400714207182,0.0,0.0
71,contingent,node-023,0.0,0.0,0.0,0.0,0.0,0.0,0.0,0.0,8847.817366070367,260.0254394710748,1.0,-225.43895004681286,0.0,0.0
71,contingent,node-024,0.0,0.0,0.0,0.0,0.0,0.0,0.0,0.0,8847.817366070367,260.0254394710748,1.0,0.0,0.0,0.0
71,contingent,node-025,0.0,0.0,0.0,0.0,0.0,0.0,0.0,0.0,8847.817366070367,260.0254394710748,1.0,-388.2060383837436,0.0,0.0
71,contingent,node-026,0.0,14.346914860168102,80.55024661863823,0.0,14346.9148601681,80550.24661863822,0.0,0.0,8847.817366070367,260.0254394710748,1.0,-248.48898542112073,0.0,0.0
71,contingent,node-027,0.0,63.771709193699756,63.771709193699756,0.0,63771.70919369975,63771.70919369975,0.0,0.0,8847.817366070367,260.0254394710748,1.0,-293.81761342412716,0.0,0.0
71,contingent,node-028,0.0,0.0,0.0,0.0,0.0,0.0,0.0,0.0,8847.817366070367,260.0254394710748,1.0,-155.62148143137125,0.0,0.0
71,contingent,node-029,0.0,0.0,0.0,0.0,0.0,0.0,0.0,0.0,8847.817366070367,260.0254394710748,1.0,0.0,0.0,0.0
71,capped,node-000,0.0,0.0,0.0,0.0,0.0,0.0,0.0,0.0,8847.817366070367,260.0254394710748,1.0,0.0,0.0,0.0
71,capped,node-001,0.0,0.0,0.0,0.0,0.0,0.0,0.0,0.0,8847.817366070367,260.0254394710748,1.0,0.0,0.0,0.0
71,capped,node-002,0.0,85.50056768802168,85.50056768802168,0.0,85500.56768802168,85500.56768802168,0.0,0.0,8847.817366070367,260.0254394710748,1.0,-84.24941230770325,0.0,0.0
71,capped,node-003,0.0,0.0,0.0,0.0,0.0,0.0,0.0,0.0,8847.817366070367,260.0254394710748,1.0,-81.50324275390174,0.0,0.0
71,capped,node-004,0.0,0.0,0.0,0.0,0.0,0.0,0.0,0.0,8847.817366070367,260.0254394710748,1.0,0.0,0.0,0.0
71,capped,node-005,0.0,0.0,0.0,0.0,0.0,0.0,0.0,0.0,8847.817366070367,260.0254394710748,1.0,-80.54595003114477,0.0,0.0
71,capped,node-006,0.0,0.0,0.0,0.0,0.0,0.0,0.0,0.0,8847.817366070367,260.0254394710748,1.0,-89.93039309406583,0.0,0.0
71,capped,node-007,0.0,0.0,0.0,0.0,0.0,0.0,0.0,0.0,8847.817366070367,260.0254394710748,1.0,0.0,0.0,0.0
71,capped,node-008,0.0,67.72735697292666,83.9936305133159,0.0,67727.35697292666,83993.6305133159,0.0,0.0,8847.817366070367,260.0254394710748,1.0,-75.89338678321457,0.0,0.0
71,capped,node-009,0.0,40.02769664313091,40.02769664313091,0.0,40027.696643130905,40027.696643130905,0.0,0.0,8847.817366070367,260.0254394710748,1.0,-64.46689179854144,0.0,0.0
71,capped,node-010,0.0,0.0,0.0,0.0,0.0,0.0,0.0,0.0,8847.817366070367,260.0254394710748,1.0,0.0,0.0,0.0
71,capped,node-011,0.0,0.0,0.0,0.0,0.0,0.0,0.0,0.0,8847.817366070367,260.0254394710748,1.0,-87.7051883497452,0.0,0.0
71,capped,node-012,0.0,0.0,0.0,0.0,0.0,0.0,0.0,0.0,8847.817366070367,260.0254394710748,1.0,0.0,0.0,0.0
71,capped,node-013,0.0,0.0,20.189778506940115,0.0,0.0,20189.778506940114,0.0,0.0,8847.817366070367,260.0254394710748,1.0,-73.72288406792886,0.0,0.0
71,capped,node-014,0.0,0.0,21.376046803561053,0.0,0.0,21376.046803561054,0.0,0.0,8847.817366070367,260.0254394710748,1.0,-76.88450745862464,0.0,0.0
71,capped,node-015,0.0,0.0,19.19068666570935,0.0,0.0,19190.68666570935,0.0,0.0,8847.817366070367,260.0254394710748,1.0,-70.06260801796198,0.0,0.0
71,capped,node-016,187.6472486682847,0.0,254.0761212239384,0.7216495780181484,0.0,0.9771202453912277,86.67514649035827,260.0254394710748,8847.817366070367,260.0254394710748,1.0,-130.01271973553742,-26.002543947107483,-281.71806039219416
71,capped,node-017,0.0,0.0,0.0,0.0,0.0,0.0,0.0,0.0,8847.817366070367,260.0254394710748,1.0,0.0,0.0,0.0
71,capped,node-018,0.0,0.0,0.0,0.0,0.0,0.0,0.0,0.0,8847.817366070367,260.0254394710748,1.0,0.0,0.0,0.0
71,capped,node-019,0.0,83.50422212211589,83.50422212211589,0.0,83504.22212211588,83504.22212211588,0.0,0.0,8847.817366070367,260.0254394710748,1.0,-83.22961285016696,0.0,0.0
71,capped,node-020,0.0,39.967824956830285,39.967824956830285,0.0,39967.824956830285,39967.824956830285,0.0,0.0,8847.817366070367,260.0254394710748,1.0,-84.53578820382756,0.0,0.0
71,capped,node-021,0.0,78.80701986634077,151.12706668663895,0.0,78807.01986634076,151127.06668663895,0.0,0.0,8847.817366070367,260.0254394710748,1.0,-42.23924933651511,0.0,0.0
71,capped,node-022,0.0,0.0,0.0,0.0,0.0,0.0,0.0,0.0,8847.817366070367,260.0254394710748,1.0,-64.53501785517955,0.0,0.0
71,capped,node-023,0.0,33.3575904132566,33.3575904132566,0.0,33357.5904132566,33357.5904132566,0.0,0.0,8847.817366070367,260.0254394710748,1.0,-56.35973751170322,0.0,0.0
71,capped,node-024,0.0,0.0,0.0,0.0,0.0,0.0,0.0,0.0,8847.817366070367,260.0254394710748,1.0,0.0,0.0,0.0
71,capped,node-025,0.0,0.0,38.83377372942299,0.0,0.0,38833.77372942299,0.0,0.0,8847.817366070367,260.0254394710748,1.0,-97.0515095959359,0.0,0.0
71,capped,node-026,0.0,64.62544667917676,129.90502731443885,0.0,64625.44667917676,129905.02731443885,0.0,0.0,8847.817366070367,260.0254394710748,1.0,-62.12224635528018,0.0,0.0
71,capped,node-027,0.0,63.771709193699756,63.771709193699756,0.0,63771.70919369975,63771.70919369975,0.0,0.0,8847.817366070367,260.0254394710748,1.0,-73.45440335603178,0.0,0.0
71,capped,node-028,0.0,0.0,0.0,0.0,0.0,0.0,0.0,0.0,8847.817366070367,260.0254394710748,1.0,-38.90537035784281,0.0,0.0
71,capped,node-029,0.0,0.0,0.0,0.0,0.0,0.0,0.0,0.0,8847.817366070367,260.0254394710748,1.0,0.0,0.0,0.0
71,proper_scoring,node-000,0.0,0.0,0.0,0.0,0.0,0.0,0.0,0.0,8847.817366070367,1252.096815828292,1.0,0.0,0.0,0.0
71,proper_scoring,node-001,0.0,0.0,0.0,0.0,0.0,0.0,0.0,0.0,8847.817366070367,1252.096815828292,1.0,0.0,0.0,0.0
71,proper_scoring,node-002,0.0,135.5005676880217,280.3068950602247,0.0,135500.5676880217,280306.8950602247,0.0,0.0,8847.817366070367,1252.096815828292,1.0,-335.1231091346789,0.0,0.0
71,proper_scoring,node-003,0.0,0.0,68.49675724609826,0.0,0.0,68496.75724609825,0.0,0.0,8847.817366070367,1252.096815828292,1.0,-231.50324275390176,0.0,0.0
71,proper_scoring,node-004,0.0,0.0,0.0,0.0,0.0,0.0,0.0,0.0,8847.817366070367,1252.096815828292,1.0,0.0,0.0,0.0
71,proper_scoring,node-005,0.0,0.0,0.0,0.0,0.0,0.0,0.0,0.0,8847.817366070367,1252.096815828292,1.0,-269.993553328754,0.0,0.0
71,proper_scoring,node-006,0.0,0.0,110.06960690593417,0.0,0.0,110069.60690593417,0.0,0.0,8847.817366070367,1252.096815828292,1.0,-285.3445017408172,0.0,0.0
71,proper_scoring,node-007,0.0,0.0,0.0,0.0,0.0,0.0,0.0,0.0,8847.817366070367,1252.096815828292,1.0,0.0,0.0,0.0
71,proper_scoring,node-008,0.0,217.72735697292666,217.72735697292666,0.0,217727.35697292665,217727.35697292665,0.0,0.0,8847.817366070367,1252.096815828292,1.0,-303.5735471328582,0.0,0.0
71,proper_scoring,node-009,0.0,90.0276966431309,175.88466573948307,0.0,90027.6966431309,175884.66573948305,0.0,0.0,8847.817366070367,1252.096815828292,1.0,-247.70461830125083,0.0,0.0
71,proper_scoring,node-010,0.0,0.0,0.0,0.0,0.0,0.0,0.0,0.0,8847.817366070367,1252.096815828292,1.0,0.0,0.0,0.0
71,proper_scoring,node-011,0.0,0.0,62.294811650254815,0.0,0.0,62294.811650254815,0.0,0.0,8847.817366070367,1252.096815828292,1.0,-237.70518834974519,0.0,0.0
71,proper_scoring,node-012,0.0,0.0,0.0,0.0,0.0,0.0,0.0,0.0,8847.817366070367,1252.096815828292,1.0,0.0,0.0,0.0
71,proper_scoring,node-013,0.0,0.0,126.27711593207113,0.0,0.0,126277.11593207113,0.0,0.0,8847.817366070367,1252.096815828292,1.0,-270.97343737175424,0.0,0.0
71,proper_scoring,node-014,0.0,0.0,123.11549254137536,0.0,0.0,123115.49254137535,0.0,0.0,8847.817366070367,1252.096815828292,1.0,-274.696575469638,0.0,0.0
71,proper_scoring,node-015,0.0,0.0,19.742835932248326,0.0,0.0,19742.835932248327,0.0,0.0,8847.817366070367,1252.096815828292,1.0,-263.29332136374325,0.0,0.0
71,proper_scoring,node-016,130.01271973553753,7.928623642782668,212.00474486672124,0.10383599582076328,0.006332276819614539,0.16931976999436343,1078.7465228475755,1252.096815828292,8847.817366070367,1252.096815828292,1.0,-1252.0968158282922,-26.002543947107597,-973.7903653795981
71,proper_scoring,node-017,0.0,0.0,0.0,0.0,0.0,0.0,0.0,0.0,8847.817366070367,1252.096815828292,1.0,0.0,0.0,0.0
71,proper_scoring,node-018,0.0,0.0,0.0,0.0,0.0,0.0,0.0,0.0,8847.817366070367,1252.096815828292,1.0,0.0,0.0,0.0
71,proper_scoring,node-019,0.0,133.5042221221159,332.75045492703543,0.0,133504.2221221159,332750.45492703543,0.0,0.0,8847.817366070367,1252.096815828292,1.0,-331.5106227743169,0.0,0.0
71,proper_scoring,node-020,0.0,89.9678249568303,89.9678249568303,0.0,89967.8249568303,89967.8249568303,0.0,0.0,8847.817366070367,1252.096815828292,1.0,-328.1914153800648,0.0,0.0
71,proper_scoring,node-021,0.0,434.0714603476255,437.5679550292211,0.0,434071.4603476255,437567.9550292211,0.0,0.0,8847.817366070367,1252.096815828292,1.0,-168.95699734606043,0.0,0.0
71,proper_scoring,node-022,0.0,0.0,35.46498214482047,0.0,0.0,35464.98214482047,0.0,0.0,8847.817366070367,1252.096815828292,1.0,-164.53501785517955,0.0,0.0
71,proper_scoring,node-023,0.0,0.0,0.0,0.0,0.0,0.0,0.0,0.0,8847.817366070367,1252.096815828292,1.0,-223.50274134642672,0.0,0.0
71,proper_scoring,node-024,0.0,0.0,0.0,0.0,0.0,0.0,0.0,0.0,8847.817366070367,1252.096815828292,1.0,0.0,0.0,0.0
71,proper_scoring,node-025,0.0,0.0,251.75490552823908,0.0,0.0,251754.90552823906,0.0,0.0,8847.817366070367,1252.096815828292,1.0,-369.6747641028335,0.0,0.0
71,proper_scoring,node-026,0.0,164.62544667917675,213.09453168855936,0.0,164625.44667917673,213094.53168855936,0.0,0.0,8847.817366070367,1252.096815828292,1.0,-248.48898542112073,0.0,0.0
71,proper_scoring,node-027,32.208700523304685,163.77170919369973,227.73027140989808,32208.700523304684,163771.70919369973,227730.27140989807,0.0,0.0,8847.817366070367,1252.096815828292,1.0,-291.39566932139286,0.0,0.0
71,proper_scoring,node-028,0.0,0.0,11.094629642157201,0.0,0.0,11094.6296421572,0.0,0.0,8847.817366070367,1252.096815828292,1.0,-88.90537035784281,0.0,0.0
71,proper_scoring,node-029,0.0,0.0,0.0,0.0,0.0,0.0,0.0,0.0,8847.817366070367,1252.096815828292,1.0,0.0,0.0,0.0
71,audits,node-000,0.0,0.0,0.0,0.0,0.0,0.0,0.0,0.0,8847.817366070367,1252.096815828292,1.0,0.0,0.0,0.0
71,audits,node-001,0.0,0.0,0.0,0.0,0.0,0.0,0.0,0.0,8847.817366070367,1252.096815828292,1.0,0.0,0.0,0.0
71,audits,node-002,0.0,135.5005676880217,265.75058769229673,0.0,135500.5676880217,265750.5876922967,0.0,0.0,8847.817366070367,1252.096815828292,1.0,-1534.249412307703,0.0,0.0
71,audits,node-003,0.0,0.0,68.49675724609826,0.0,0.0,68496.75724609825,0.0,0.0,8847.817366070367,1252.096815828292,1.0,-231.50324275390176,0.0,0.0
71,audits,node-004,0.0,0.0,0.0,0.0,0.0,0.0,0.0,0.0,8847.817366070367,1252.096815828292,1.0,0.0,0.0,0.0
71,audits,node-005,0.0,0.0,0.0,0.0,0.0,0.0,0.0,0.0,8847.817366070367,1252.096815828292,1.0,-272.583494476744,0.0,0.0
71,audits,node-006,0.0,0.0,110.06960690593417,0.0,0.0,110069.60690593417,0.0,0.0,8847.817366070367,1252.096815828292,1.0,-289.93039309406583,0.0,0.0
71,audits,node-007,0.0,0.0,0.0,0.0,0.0,0.0,0.0,0.0,8847.817366070367,1252.096815828292,1.0,0.0,0.0,0.0
71,audits,node-008,0.0,217.72735697292666,217.72735697292666,0.0,217727.35697292665,217727.35697292665,0.0,0.0,8847.817366070367,1252.096815828292,1.0,-1525.8933867832147,0.0,0.0
71,audits,node-009,0.0,90.0276966431309,175.88466573948307,0.0,90027.6966431309,175884.66573948305,0.0,0.0,8847.817366070367,1252.096815828292,1.0,-264.46689179854144,0.0,0.0
71,audits,node-010,0.0,0.0,0.0,0.0,0.0,0.0,0.0,0.0,8847.817366070367,1252.096815828292,1.0,0.0,0.0,0.0
71,audits,node-011,0.0,0.0,62.294811650254815,0.0,0.0,62294.811650254815,0.0,0.0,8847.817366070367,1252.096815828292,1.0,-237.70518834974519,0.0,0.0
71,audits,node-012,0.0,0.0,0.0,0.0,0.0,0.0,0.0,0.0,8847.817366070367,1252.096815828292,1.0,0.0,0.0,0.0
71,audits,node-013,0.0,0.0,126.27711593207113,0.0,0.0,126277.11593207113,0.0,0.0,8847.817366070367,1252.096815828292,1.0,-273.7228840679289,0.0,0.0
71,audits,node-014,0.0,0.0,123.11549254137536,0.0,0.0,123115.49254137535,0.0,0.0,8847.817366070367,1252.096815828292,1.0,-276.8845074586246,0.0,0.0
71,audits,node-015,0.0,0.0,19.742835932248326,0.0,0.0,19742.835932248327,0.0,0.0,8847.817366070367,1252.096815828292,1.0,-267.85094531328474,0.0,0.0
71,audits,node-016,130.01271973553753,7.928623642782668,212.00474486672124,0.10383599582076328,0.006332276819614539,0.16931976999436343,1078.7465228475755,1252.096815828292,8847.817366070367,1252.096815828292,1.0,-3122.0840960927544,-26.002543947107597,-973.7903653795981
71,audits,node-017,0.0,0.0,0.0,0.0,0.0,0.0,0.0,0.0,8847.817366070367,1252.096815828292,1.0,0.0,0.0,0.0
71,audits,node-018,0.0,0.0,0.0,0.0,0.0,0.0,0.0,0.0,8847.817366070367,1252.096815828292,1.0,0.0,0.0,0.0
71,audits,node-019,0.0,133.5042221221159,316.770387149833,0.0,133504.2221221159,316770.387149833,0.0,0.0,8847.817366070367,1252.096815828292,1.0,-1583.229612850167,0.0,0.0
71,audits,node-020,0.0,89.9678249568303,89.9678249568303,0.0,89967.8249568303,89967.8249568303,0.0,0.0,8847.817366070367,1252.096815828292,1.0,-384.53578820382756,0.0,0.0
71,audits,node-021,0.0,428.8070198663408,428.8070198663408,0.0,428807.0198663408,428807.0198663408,0.0,0.0,8847.817366070367,1252.096815828292,1.0,-1542.239249336515,0.0,0.0
71,audits,node-022,0.0,0.0,35.46498214482047,0.0,0.0,35464.98214482047,0.0,0.0,8847.817366070367,1252.096815828292,1.0,-164.53501785517955,0.0,0.0
71,audits,node-023,0.0,0.0,0.0,0.0,0.0,0.0,0.0,0.0,8847.817366070367,1252.096815828292,1.0,-248.76044518969837,0.0,0.0
71,audits,node-024,0.0,0.0,0.0,0.0,0.0,0.0,0.0,0.0,8847.817366070367,1252.096815828292,1.0,0.0,0.0,0.0
71,audits,node-025,0.0,0.0,202.94849040406407,0.0,0.0,202948.49040406407,0.0,0.0,8847.817366070367,1252.096815828292,1.0,-1597.0515095959358,0.0,0.0
71,audits,node-026,0.0,164.62544667917675,213.09453168855936,0.0,164625.44667917673,213094.53168855936,0.0,0.0,8847.817366070367,1252.096815828292,1.0,-1562.1222463552804,0.0,0.0
71,audits,node-027,32.208700523304685,163.77170919369973,227.73027140989808,32208.700523304684,163771.70919369973,227730.27140989807,0.0,0.0,8847.817366070367,1252.096815828292,1.0,-373.45440335603183,0.0,0.0
71,audits,node-028,0.0,0.0,11.094629642157201,0.0,0.0,11094.6296421572,0.0,0.0,8847.817366070367,1252.096815828292,1.0,-88.90537035784281,0.0,0.0
71,audits,node-029,0.0,0.0,0.0,0.0,0.0,0.0,0.0,0.0,8847.817366070367,1252.096815828292,1.0,0.0,0.0,0.0
