seed,mechanism,node_id,cost_regret,rel_regret,joint_regret,cost_regret_norm,rel_regret_norm,joint_regret_norm,truthful_util,truthful_pay,global_welfare,buyer_payment,sla_success_rate,wtd_gain,sybil_gain,collusion_gain
43,greedy,node-000,0.0,0.0,0.0,0.0,0.0,0.0,0.0,0.0,6268.856110714945,200.18385037343842,0.7,0.0,0.0,-46.00988507397199
43,greedy,node-001,0.0,0.0,0.0,0.0,0.0,0.0,19.582151589208507,58.74645476762552,6268.856110714945,200.18385037343842,0.7,-65.5920366631805,-5.874645476762549,-19.582151589208507
43,greedy,node-002,0.0,0.0,0.0,0.0,0.0,0.0,0.0,0.0,6268.856110714945,200.18385037343842,0.7,0.0,0.0,0.0
43,greedy,node-003,0.0,0.0,0.0,0.0,0.0,0.0,0.0,0.0,6268.856110714945,200.18385037343842,0.7,0.0,0.0,0.0
43,greedy,node-004,0.0,0.0,0.0,0.0,0.0,0.0,0.0,0.0,6268.856110714945,200.18385037343842,0.7,0.0,0.0,0.0
43,greedy,node-005,0.0,0.0,0.0,0.0,0.0,0.0,0.0,0.0,6268.856110714945,200.18385037343842,0.7,0.0,0.0,0.0
43,greedy,node-006,0.0,0.0,0.0,0.0,0.0,0.0,0.0,0.0,6268.856110714945,200.18385037343842,0.7,0.0,0.0,0.0
43,greedy,node-007,0.0,0.0,0.0,0.0,0.0,0.0,0.0,0.0,6268.856110714945,200.18385037343842,0.7,-14.144378406029722,0.0,0.0
43,greedy,node-008,0.0,0.0,0.0,0.0,0.0,0.0,0.0,0.0,6268.856110714945,200.18385037343842,0.7,0.0,0.0,0.0
43,greedy,node-009,0.0,0.0,0.0,0.0,0.0,0.0,0.0,0.0,6268.856110714945,200.18385037343842,0.7,0.0,0.0,0.0
43,greedy,node-010,0.0,0.0,0.0,0.0,0.0,0.0,0.0,0.0,6268.856110714945,200.18385037343842,0.7,0.0,0.0,0.0
43,greedy,node-011,0.0,0.0,0.0,0.0,0.0,0.0,0.0,0.0,6268.856110714945,200.18385037343842,0.7,0.0,0.0,0.0
43,greedy,node-012,0.0,0.0,0.0,0.0,0.0,0.0,0.0,0.0,6268.856110714945,200.18385037343842,0.7,0.0,0.0,0.0
43,greedy,node-013,0.0,0.0,0.0,0.0,0.0,0.0,0.0,0.0,6268.856110714945,200.18385037343842,0.7,0.0,0.0,0.0
43,greedy,node-014,0.0,0.0,0.0,0.0,0.0,0.0,0.0,0.0,6268.856110714945,200.18385037343842,0.7,0.0,0.0,0.0
43,greedy,node-015,21.984173916378303,0.0,21.984173916378303,0.15543395593657824,0.0,0.15543395593657824,47.14579853527096,141.43739560581287,6268.856110714945,200.18385037343842,0.7,-81.53512195132583,-4.942036430752246,-47.14579853527096
43,greedy,node-016,0.0,0.0,0.0,0.0,0.0,0.0,0.0,0.0,6268.856110714945,200.18385037343842,0.7,0.0,0.0,0.0
43,greedy,node-017,0.0,0.0,0.0,0.0,0.0,0.0,0.0,0.0,6268.856110714945,200.18385037343842,0.7,0.0,0.0,0.0
43,greedy,node-018,0.0,0.0,0.0,0.0,0.0,0.0,0.0,0.0,6268.856110714945,200.18385037343842,0.7,0.0,0.0,0.0
43,greedy,node-019,0.0,0.0,0.0,0.0,0.0,0.0,0.0,0.0,6268.856110714945,200.18385037343842,0.7,0.0,0.0,0.0
43,greedy,node-020,0.0,0.0,0.0,0.0,0.0,0.0,0.0,0.0,6268.856110714945,200.18385037343842,0.7,0.0,0.0,0.0
43,greedy,node-021,0.0,0.0,0.0,0.0,0.0,0.0,0.0,0.0,6268.856110714945,200.18385037343842,0.7,0.0,0.0,0.0
43,greedy,node-022,0.0,0.0,0.0,0.0,0.0,0.0,0.0,0.0,6268.856110714945,200.18385037343842,0.7,0.0,0.0,0.0
43,greedy,node-023,0.0,0.0,0.0,0.0,0.0,0.0,0.0,0.0,6268.856110714945,200.18385037343842,0.7,0.0,0.0,0.0
43,greedy,node-024,0.0,0.0,0.0,0.0,0.0,0.0,0.0,0.0,6268.856110714945,200.18385037343842,0.7,-7.150410470632295,0.0,0.0
43,greedy,node-025,0.0,0.0,0.0,0.0,0.0,0.0,0.0,0.0,6268.856110714945,200.18385037343842,0.7,0.0,0.0,0.0
43,greedy,node-026,0.0,0.0,0.0,0.0,0.0,0.0,0.0,0.0,6268.856110714945,200.18385037343842,0.7,0.0,0.0,0.0
43,greedy,node-027,0.0,0.0,0.0,0.0,0.0,0.0,0.0,0.0,6268.856110714945,200.18385037343842,0.7,0.0,0.0,0.0
43,greedy,node-028,0.0,0.0,0.0,0.0,0.0,0.0,0.0,0.0,6268.856110714945,200.18385037343842,0.7,-23.908431262722477,0.0,0.0
43,greedy,node-029,0.0,0.0,0.0,0.0,0.0,0.0,0.0,0.0,6268.856110714945,200.18385037343842,0.7,-32.75088412643963,0.0,0.0
43,trust_vcg,node-000,0.0,0.0,0.0,0.0,0.0,0.0,0.0,0.0,8380.128582497762,-425.23526740164334,0.85,0.0,0.0,-670.3330907870826
43,trust_vcg,node-001,640.9598634032697,640.9598634032697,673.4944142340777,640959.8634032697,640959.8634032697,673494.4142340777,-640.9598634032697,-601.7955602248527,8380.128582497762,-425.23526740164334,0.85,-10313.009189885828,-5.874645476762453,640.9598634032697
43,trust_vcg,node-002,0.0,91.59425058306348,244.25774847176626,0.0,91594.25058306348,244257.74847176624,0.0,0.0,8380.128582497762,-425.23526740164334,0.85,-3955.742251528234,0.0,0.0
43,trust_vcg,node-003,0.0,0.0,296.389596551417,0.0,0.0,296389.596551417,0.0,0.0,8380.128582497762,-425.23526740164334,0.85,-5703.6104034485825,0.0,0.0
43,trust_vcg,node-004,0.0,0.0,0.0,0.0,0.0,0.0,0.0,0.0,8380.128582497762,-425.23526740164334,0.85,0.0,0.0,0.0
43,trust_vcg,node-005,0.0,0.0,0.0,0.0,0.0,0.0,0.0,0.0,8380.128582497762,-425.23526740164334,0.85,0.0,0.0,0.0
43,trust_vcg,node-006,0.0,0.0,0.0,0.0,0.0,0.0,0.0,0.0,8380.128582497762,-425.23526740164334,0.85,0.0,0.0,0.0
43,trust_vcg,node-007,23.14736264135827,59.27409818413607,480.03655590265197,23147.36264135827,59274.09818413607,480036.555902652,0.0,0.0,8380.128582497762,-425.23526740164334,0.85,-11155.777832459682,0.0,0.0
43,trust_vcg,node-008,0.0,0.0,336.7778305308432,0.0,0.0,336777.8305308432,0.0,0.0,8380.128582497762,-425.23526740164334,0.85,-5554.250194111828,0.0,0.0
43,trust_vcg,node-009,59.634847947676505,0.0,89.44105187275787,59634.847947676506,0.0,89441.05187275786,0.0,0.0,8380.128582497762,-425.23526740164334,0.85,-2310.5589481272423,0.0,0.0
43,trust_vcg,node-010,0.0,0.0,70.80375397693672,0.0,0.0,70803.75397693671,0.0,0.0,8380.128582497762,-425.23526740164334,0.85,-2329.1962460230634,0.0,0.0
43,trust_vcg,node-011,44.192063549971365,65.89943142207972,376.6252772576667,44192.06354997137,65899.43142207971,376625.2772576667,0.0,0.0,8380.128582497762,-425.23526740164334,0.85,-8902.956675457703,0.0,0.0
43,trust_vcg,node-012,0.0,0.0,53.16644995827318,0.0,0.0,53166.44995827318,0.0,0.0,8380.128582497762,-425.23526740164334,0.85,-5648.233310534067,0.0,0.0
43,trust_vcg,node-013,0.0,0.0,0.0,0.0,0.0,0.0,0.0,0.0,8380.128582497762,-425.23526740164334,0.85,0.0,0.0,0.0
43,trust_vcg,node-014,0.0,0.0,127.93749665001565,0.0,0.0,127937.49665001564,0.0,0.0,8380.128582497762,-425.23526740164334,0.85,-5583.9150320936715,0.0,0.0
43,trust_vcg,node-015,492.25906418123503,0.0,492.25906418123503,492259.06418123504,0.0,492259.06418123504,0.0,0.0,8380.128582497762,-425.23526740164334,0.85,-11020.507028212787,284.36006287310835,0.0
43,trust_vcg,node-016,0.0,0.0,0.0,0.0,0.0,0.0,0.0,0.0,8380.128582497762,-425.23526740164334,0.85,-4477.185222015538,0.0,0.0
43,trust_vcg,node-017,420.615351668941,589.5170270497431,589.5170270497431,420615.351668941,589517.0270497431,589517.0270497431,0.0,0.0,8380.128582497762,-425.23526740164334,0.85,-5574.716031472497,0.0,0.0
43,trust_vcg,node-018,0.0,0.0,9.155101125235149,0.0,0.0,9155.101125235149,0.0,0.0,8380.128582497762,-425.23526740164334,0.85,-590.8448988747648,0.0,0.0
43,trust_vcg,node-019,0.0,0.0,97.0573920884619,0.0,0.0,97057.3920884619,0.0,0.0,8380.128582497762,-425.23526740164334,0.85,-2302.9426079115383,0.0,0.0
43,trust_vcg,node-020,0.0,0.0,0.0,0.0,0.0,0.0,0.0,0.0,8380.128582497762,-425.23526740164334,0.85,0.0,0.0,0.0
43,trust_vcg,node-021,0.0,0.0,0.0,0.0,0.0,0.0,0.0,0.0,8380.128582497762,-425.23526740164334,0.85,-5623.162717740978,0.0,0.0
43,trust_vcg,node-022,0.0,0.0,0.0,0.0,0.0,0.0,0.0,0.0,8380.128582497762,-425.23526740164334,0.85,0.0,0.0,0.0
43,trust_vcg,node-023,0.0,0.0,337.1866116899947,0.0,0.0,337186.6116899947,0.0,0.0,8380.128582497762,-425.23526740164334,0.85,-5662.813388310005,0.0,0.0
43,trust_vcg,node-024,0.0,0.0,0.0,0.0,0.0,0.0,0.0,0.0,8380.128582497762,-425.23526740164334,0.85,-11107.734180008387,0.0,0.0
43,trust_vcg,node-025,0.0,0.0,0.0,0.0,0.0,0.0,0.0,0.0,8380.128582497762,-425.23526740164334,0.85,0.0,0.0,0.0
43,trust_vcg,node-026,0.0,0.0,0.0,0.0,0.0,0.0,0.0,0.0,8380.128582497762,-425.23526740164334,0.85,0.0,0.0,0.0
43,trust_vcg,node-027,0.0,302.1904618276504,302.1904618276504,0.0,302190.4618276504,302190.4618276504,0.0,0.0,8380.128582497762,-425.23526740164334,0.85,-5599.623250611309,0.0,0.0
43,trust_vcg,node-028,6.598943406867875,1.318439468112615,182.36679493520654,0.03737501394764578,0.007467361132170155,1.0328867947552127,-1.318439468112615,176.5602928232094,8380.128582497762,-425.23526740164334,0.85,-6648.580227490945,-26.681809843698282,1.318439468112615
43,trust_vcg,node-029,0.0,0.0,325.67653259772146,0.0,0.0,325676.53259772144,0.0,0.0,8380.128582497762,-425.23526740164334,0.85,-8709.039103926856,0.0,0.0
43,contingent,node-000,0.0,0.0,0.0,0.0,0.0,0.0,0.0,0.0,8380.128582497762,294.1727718087015,0.85,0.0,0.0,-15.738638166956678
43,contingent,node-001,0.0,0.39087132257342283,142.08585904499827,0.0,0.008342800991608994,3.0326963818420274,7.687026844503659,46.85133002292067,8380.128582497762,294.1727718087015,0.85,-191.7265671403916,-4.685133002292066,-7.687026844503659
43,contingent,node-002,0.0,41.5942505830635,41.5942505830635,0.0,41594.2505830635,41594.2505830635,0.0,0.0,8380.128582497762,294.1727718087015,0.85,-422.96900611293484,0.0,0.0
43,contingent,node-003,0.0,0.0,0.0,0.0,0.0,0.0,0.0,0.0,8380.128582497762,294.1727718087015,0.85,-814.441613794332,0.0,0.0
43,contingent,node-004,0.0,0.0,0.0,0.0,0.0,0.0,0.0,0.0,8380.128582497762,294.1727718087015,0.85,0.0,0.0,0.0
43,contingent,node-005,0.0,0.0,0.0,0.0,0.0,0.0,0.0,0.0,8380.128582497762,294.1727718087015,0.85,0.0,0.0,0.0
43,contingent,node-006,0.0,0.0,0.0,0.0,0.0,0.0,0.0,0.0,8380.128582497762,294.1727718087015,0.85,0.0,0.0,0.0
43,contingent,node-007,0.0,9.274098184136076,30.03655590265201,0.0,9274.098184136075,30036.55590265201,0.0,0.0,8380.128582497762,294.1727718087015,0.85,-623.1113298387321,0.0,0.0
43,contingent,node-008,0.0,0.0,37.1138993730824,0.0,0.0,37113.89937308239,0.0,0.0,8380.128582497762,294.1727718087015,0.85,-404.09426366872253,0.0,0.0
43,contingent,node-009,0.0,0.0,0.0,0.0,0.0,0.0,0.0,0.0,8380.128582497762,294.1727718087015,0.85,-442.2357925089685,0.0,0.0
43,contingent,node-010,0.0,0.0,0.0,0.0,0.0,0.0,0.0,0.0,8380.128582497762,294.1727718087015,0.85,-516.7849840922531,0.0,0.0
43,contingent,node-011,0.0,133.47160906954153,176.6252772576667,0.0,133471.60906954153,176625.27725766672,0.0,0.0,8380.128582497762,294.1727718087015,0.85,-411.826701830808,0.0,0.0
43,contingent,node-012,0.0,0.0,3.16644995827318,0.0,0.0,3166.44995827318,0.0,0.0,8380.128582497762,294.1727718087015,0.85,-592.933242136265,0.0,0.0
43,contingent,node-013,0.0,0.0,0.0,0.0,0.0,0.0,0.0,0.0,8380.128582497762,294.1727718087015,0.85,0.0,0.0,0.0
43,contingent,node-014,0.0,46.49945861606392,101.61649346241771,0.0,46499.458616063916,101616.49346241771,0.0,0.0,8380.128582497762,294.1727718087015,0.85,-335.6601283746835,0.0,0.0
43,contingent,node-015,5.4082120742096915,20.76773063582858,92.56136174852158,5408.212074209691,20767.730635828582,92561.36174852158,0.0,0.0,8380.128582497762,294.1727718087015,0.85,-137.55729366421943,9.201703129829045,0.0
43,contingent,node-016,0.0,0.0,0.0,0.0,0.0,0.0,0.0,0.0,8380.128582497762,294.1727718087015,0.85,-308.7408880621521,0.0,0.0
43,contingent,node-017,16.780887552694843,139.51702704974318,167.80887552694847,16780.887552694843,139517.02704974316,167808.87552694845,0.0,0.0,8380.128582497762,294.1727718087015,0.85,-298.864125889989,0.0,0.0
43,contingent,node-018,0.0,0.0,0.0,0.0,0.0,0.0,0.0,0.0,8380.128582497762,294.1727718087015,0.85,-163.37959549905943,0.0,0.0
43,contingent,node-019,0.0,0.0,15.552780316583238,0.0,0.0,15552.780316583237,0.0,0.0,8380.128582497762,294.1727718087015,0.85,-411.7704316461524,0.0,0.0
43,contingent,node-020,0.0,0.0,0.0,0.0,0.0,0.0,0.0,0.0,8380.128582497762,294.1727718087015,0.85,0.0,0.0,0.0
43,contingent,node-021,0.0,0.0,0.0,0.0,0.0,0.0,0.0,0.0,8380.128582497762,294.1727718087015,0.85,-492.65087096391,0.0,0.0
43,contingent,node-022,0.0,0.0,0.0,0.0,0.0,0.0,0.0,0.0,8380.128582497762,294.1727718087015,0.85,0.0,0.0,0.0
43,contingent,node-023,0.0,0.0,0.0,0.0,0.0,0.0,0.0,0.0,8380.128582497762,294.1727718087015,0.85,-651.2535532400208,0.0,0.0
43,contingent,node-024,0.0,0.0,0.0,0.0,0.0,0.0,0.0,0.0,8380.128582497762,294.1727718087015,0.85,-608.4029727255673,0.0,0.0
43,contingent,node-025,0.0,0.0,0.0,0.0,0.0,0.0,0.0,0.0,8380.128582497762,294.1727718087015,0.85,0.0,0.0,0.0
43,contingent,node-026,0.0,0.0,0.0,0.0,0.0,0.0,0.0,0.0,8380.128582497762,294.1727718087015,0.85,0.0,0.0,0.0
43,contingent,node-027,0.0,102.19046182765041,102.19046182765041,0.0,102190.4618276504,102190.4618276504,0.0,0.0,8380.128582497762,294.1727718087015,0.85,-398.4930024452367,0.0,0.0
43,contingent,node-028,51.02012520839203,0.0,222.61233267023078,0.20629074794325133,0.0,0.9000931381560032,69.44270949445884,247.32144178578088,8380.128582497762,294.1727718087015,0.85,-269.03737733068834,-24.732144178578075,-69.44270949445884
43,contingent,node-029,0.0,48.166189946051595,126.60738778068442,0.0,48166.18994605159,126607.38778068441,0.0,0.0,8380.128582497762,294.1727718087015,0.85,-238.74008697337456,0.0,0.0
43,capped,node-000,0.0,0.0,0.0,0.0,0.0,0.0,0.0,0.0,8380.128582497762,325.56455320460856,0.85,0.0,0.0,-9.791075794604252
43,capped,node-001,0.0,72.43761855873547,286.8644559212771,0.0,1.2330551493748179,4.883093917002881,19.582151589208507,58.74645476762552,8380.128582497762,325.56455320460856,0.85,-65.5920366631805,-5.874645476762549,-19.582151589208507
43,capped,node-002,0.0,41.5942505830635,41.5942505830635,0.0,41594.2505830635,41594.2505830635,0.0,0.0,8380.128582497762,325.56455320460856,0.85,-105.74225152823374,0.0,0.0
43,capped,node-003,0.0,0.0,0.0,0.0,0.0,0.0,0.0,0.0,8380.128582497762,325.56455320460856,0.85,-203.610403448583,0.0,0.0
43,capped,node-004,0.0,0.0,0.0,0.0,0.0,0.0,0.0,0.0,8380.128582497762,325.56455320460856,0.85,0.0,0.0,0.0
43,capped,node-005,0.0,0.0,0.0,0.0,0.0,0.0,0.0,0.0,8380.128582497762,325.56455320460856,0.85,0.0,0.0,0.0
43,capped,node-006,0.0,0.0,0.0,0.0,0.0,0.0,0.0,0.0,8380.128582497762,325.56455320460856,0.85,0.0,0.0,0.0
43,capped,node-007,0.0,9.274098184136076,37.10874510566688,0.0,9274.098184136075,37108.74510566688,0.0,0.0,8380.128582497762,325.56455320460856,0.85,-155.777832459683,0.0,0.0
43,capped,node-008,0.0,0.0,37.1138993730824,0.0,0.0,37113.89937308239,0.0,0.0,8380.128582497762,325.56455320460856,0.85,-101.02356591718062,0.0,0.0
43,capped,node-009,0.0,0.0,0.0,0.0,0.0,0.0,0.0,0.0,8380.128582497762,325.56455320460856,0.85,-110.55894812724213,0.0,0.0
43,capped,node-010,0.0,0.0,0.0,0.0,0.0,0.0,0.0,0.0,8380.128582497762,325.56455320460856,0.85,-129.19624602306328,0.0,0.0
43,capped,node-011,0.0,165.89943142207974,176.6252772576667,0.0,165899.43142207974,176625.27725766672,0.0,0.0,8380.128582497762,325.56455320460856,0.85,-102.95667545770202,0.0,0.0
43,capped,node-012,0.0,0.0,3.16644995827318,0.0,0.0,3166.44995827318,0.0,0.0,8380.128582497762,325.56455320460856,0.85,-148.23331053406622,0.0,0.0
43,capped,node-013,0.0,0.0,0.0,0.0,0.0,0.0,0.0,0.0,8380.128582497762,325.56455320460856,0.85,0.0,0.0,0.0
43,capped,node-014,0.0,134.56208411932204,166.22499695930563,0.0,134562.08411932204,166224.99695930563,0.0,0.0,8380.128582497762,325.56455320460856,0.85,-83.91503209367087,0.0,0.0
43,capped,node-015,5.4082120742096915,68.77864683210971,188.58319414108385,5408.212074209691,68778.64683210972,188583.19414108383,0.0,0.0,8380.128582497762,325.56455320460856,0.85,-34.389323416054864,9.201703129829045,0.0
43,capped,node-016,0.0,0.0,0.0,0.0,0.0,0.0,0.0,0.0,8380.128582497762,325.56455320460856,0.85,-77.18522201553802,0.0,0.0
43,capped,node-017,16.780887552694843,139.51702704974318,167.80887552694847,16780.887552694843,139517.02704974316,167808.87552694845,0.0,0.0,8380.128582497762,325.56455320460856,0.85,-74.71603147249724,0.0,0.0
43,capped,node-018,0.0,0.0,0.0,0.0,0.0,0.0,0.0,0.0,8380.128582497762,325.56455320460856,0.85,-40.84489887476485,0.0,0.0
43,capped,node-019,0.0,0.0,15.552780316583238,0.0,0.0,15552.780316583237,0.0,0.0,8380.128582497762,325.56455320460856,0.85,-102.9426079115381,0.0,0.0
43,capped,node-020,0.0,0.0,0.0,0.0,0.0,0.0,0.0,0.0,8380.128582497762,325.56455320460856,0.85,0.0,0.0,0.0
43,capped,node-021,0.0,0.0,58.43061176451903,0.0,0.0,58430.611764519024,0.0,0.0,8380.128582497762,325.56455320460856,0.85,-123.1627177409775,0.0,0.0
43,capped,node-022,0.0,0.0,0.0,0.0,0.0,0.0,0.0,0.0,8380.128582497762,325.56455320460856,0.85,0.0,0.0,0.0
43,capped,node-023,0.0,0.0,0.0,0.0,0.0,0.0,0.0,0.0,8380.128582497762,325.56455320460856,0.85,-162.81338831000522,0.0,0.0
43,capped,node-024,0.0,0.0,22.542934838112863,0.0,0.0,22542.934838112862,0.0,0.0,8380.128582497762,325.56455320460856,0.85,-152.10074318139183,0.0,0.0
43,capped,node-025,0.0,0.0,0.0,0.0,0.0,0.0,0.0,0.0,8380.128582497762,325.56455320460856,0.85,0.0,0.0,0.0
43,capped,node-026,0.0,0.0,0.0,0.0,0.0,0.0,0.0,0.0,8380.128582497762,325.56455320460856,0.85,0.0,0.0,0.0
43,capped,node-027,0.0,102.19046182765041,102.19046182765041,0.0,102190.4618276504,102190.4618276504,0.0,0.0,8380.128582497762,325.56455320460856,0.85,-99.62325061130919,0.0,0.0
43,capped,node-028,55.89428937119254,0.0,242.10898932143294,0.20948462528824155,0.0,0.9073934292302668,88.93936614566104,266.81809843698306,8380.128582497762,325.56455320460856,0.85,-138.83803310471842,-26.681809843698318,-88.93936614566104
43,capped,node-029,0.0,90.25531666397742,157.9468041619605,0.0,90255.31666397743,157946.8041619605,0.0,0.0,8380.128582497762,325.56455320460856,0.85,-59.68502174334364,0.0,0.0
43,proper_scoring,node-000,0.0,0.0,0.0,0.0,0.0,0.0,0.0,0.0,8380.128582497762,1097.9472845520545,0.85,0.0,0.0,344.3777608974743
43,proper_scoring,node-001,0.0,394.03439744755184,515.0785697234758,0.0,0.9682202525767744,1.2656496643568493,367.8034259089347,406.9677290873516,8380.128582497762,1097.9472845520545,0.85,-551.8429662048227,-4.685133002292162,-367.8034259089347
43,proper_scoring,node-002,0.0,91.59425058306348,244.25774847176626,0.0,91594.25058306348,244257.74847176624,0.0,0.0,8380.128582497762,1097.9472845520545,0.85,-407.1903316997841,0.0,0.0
43,proper_scoring,node-003,0.0,0.0,296.389596551417,0.0,0.0,296389.596551417,0.0,0.0,8380.128582497762,1097.9472845520545,0.85,-623.2223670949234,0.0,0.0
43,proper_scoring,node-004,0.0,0.0,0.0,0.0,0.0,0.0,0.0,0.0,8380.128582497762,1097.9472845520545,0.85,0.0,0.0,0.0
43,proper_scoring,node-005,0.0,0.0,0.0,0.0,0.0,0.0,0.0,0.0,8380.128582497762,1097.9472845520545,0.85,0.0,0.0,0.0
43,proper_scoring,node-006,0.0,0.0,0.0,0.0,0.0,0.0,0.0,0.0,8380.128582497762,1097.9472845520545,0.85,0.0,0.0,0.0
43,proper_scoring,node-007,552.0533177070179,59.27409818413607,829.7367281844608,552053.3177070179,59274.09818413607,829736.7281844608,0.0,0.0,8380.128582497762,1097.9472845520545,0.85,-528.4303030936844,0.0,0.0
43,proper_scoring,node-008,0.0,0.0,336.7778305308432,0.0,0.0,336777.8305308432,0.0,0.0,8380.128582497762,1097.9472845520545,0.85,-391.89034149750637,0.0,0.0
43,proper_scoring,node-009,59.634847947676505,0.0,89.44105187275787,59634.847947676506,0.0,89441.05187275786,0.0,0.0,8380.128582497762,1097.9472845520545,0.85,-310.5589481272421,0.0,0.0
43,proper_scoring,node-010,0.0,0.0,70.80375397693672,0.0,0.0,70803.75397693671,0.0,0.0,8380.128582497762,1097.9472845520545,0.85,-329.1962460230633,0.0,0.0
43,proper_scoring,node-011,44.192063549971365,583.4716090695415,583.4716090695415,44192.06354997137,583471.6090695414,583471.6090695414,0.0,0.0,8380.128582497762,1097.9472845520545,0.85,-410.149131225505,0.0,0.0
43,proper_scoring,node-012,0.0,0.0,80.18161174449241,0.0,0.0,80181.61174449242,0.0,0.0,8380.128582497762,1097.9472845520545,0.85,-496.5884929434601,0.0,0.0
43,proper_scoring,node-013,0.0,0.0,0.0,0.0,0.0,0.0,0.0,0.0,8380.128582497762,1097.9472845520545,0.85,0.0,0.0,0.0
43,proper_scoring,node-014,0.0,298.18626141357424,375.9105469193919,0.0,298186.2614135742,375910.5469193919,0.0,0.0,8380.128582497762,1097.9472845520545,0.85,-335.6601283746835,0.0,0.0
43,proper_scoring,node-015,492.25906418123503,820.7483916479961,820.7483916479961,492259.06418123504,820748.391647996,820748.391647996,0.0,0.0,8380.128582497762,1097.9472845520545,0.85,-137.55729366421943,284.36006287310835,0.0
43,proper_scoring,node-016,0.0,0.0,243.84994990641607,0.0,0.0,243849.94990641606,0.0,0.0,8380.128582497762,1097.9472845520545,0.85,-308.7408880621521,0.0,0.0
43,proper_scoring,node-017,420.615351668941,589.5170270497431,589.5170270497431,420615.351668941,589517.0270497431,589517.0270497431,0.0,0.0,8380.128582497762,1097.9472845520545,0.85,-298.864125889989,0.0,0.0
43,proper_scoring,node-018,0.0,0.0,9.155101125235149,0.0,0.0,9155.101125235149,0.0,0.0,8380.128582497762,1097.9472845520545,0.85,-90.84489887476485,0.0,0.0
43,proper_scoring,node-019,0.0,0.0,97.0573920884619,0.0,0.0,97057.3920884619,0.0,0.0,8380.128582497762,1097.9472845520545,0.85,-302.9426079115381,0.0,0.0
43,proper_scoring,node-020,0.0,0.0,0.0,0.0,0.0,0.0,0.0,0.0,8380.128582497762,1097.9472845520545,0.85,0.0,0.0,0.0
43,proper_scoring,node-021,0.0,0.0,408.4306117645191,0.0,0.0,408430.61176451907,0.0,0.0,8380.128582497762,1097.9472845520545,0.85,-451.799357185678,0.0,0.0
43,proper_scoring,node-022,0.0,0.0,0.0,0.0,0.0,0.0,0.0,0.0,8380.128582497762,1097.9472845520545,0.85,0.0,0.0,0.0
43,proper_scoring,node-023,0.0,0.0,337.1866116899947,0.0,0.0,337186.6116899947,0.0,0.0,8380.128582497762,1097.9472845520545,0.85,-529.3349950607139,0.0,0.0
43,proper_scoring,node-024,0.0,0.0,526.4242348110918,0.0,0.0,526424.2348110918,0.0,0.0,8380.128582497762,1097.9472845520545,0.85,-517.9308420337825,0.0,0.0
43,proper_scoring,node-025,0.0,0.0,0.0,0.0,0.0,0.0,0.0,0.0,8380.128582497762,1097.9472845520545,0.85,0.0,0.0,0.0
43,proper_scoring,node-026,0.0,0.0,0.0,0.0,0.0,0.0,0.0,0.0,8380.128582497762,1097.9472845520545,0.85,0.0,0.0,0.0
43,proper_scoring,node-027,0.0,302.1904618276504,302.1904618276504,0.0,302190.4618276504,302190.4618276504,0.0,0.0,8380.128582497762,1097.9472845520545,0.85,-398.4930024452367,0.0,0.0
43,proper_scoring,node-028,1.7247792440673493,6.34188632107805,178.95421899130884,0.002496136434756579,0.00917810993237413,0.2589862718455645,513.1008231733807,690.9795554647028,8380.128582497762,1097.9472845520545,0.85,-712.6954910096102,-24.73214417857804,-513.1008231733807
43,proper_scoring,node-029,0.0,446.3044795801256,559.0343344216143,0.0,446304.4795801256,559034.3344216143,0.0,0.0,8380.128582497762,1097.9472845520545,0.85,-238.74008697337456,0.0,0.0
43,audits,node-000,0.0,0.0,0.0,0.0,0.0,0.0,0.0,0.0,8380.128582497762,74.76473259835674,0.85,0.0,0.0,-170.3330907870824
43,audits,node-001,140.9598634032697,140.9598634032697,173.4944142340778,140959.8634032697,140959.8634032697,173494.4142340778,-140.9598634032697,-101.79556022485266,8380.128582497762,74.76473259835674,0.85,-2313.0091898858277,-5.874645476762566,140.9598634032697
43,audits,node-002,0.0,91.59425058306348,244.25774847176626,0.0,91594.25058306348,244257.74847176624,0.0,0.0,8380.128582497762,74.76473259835674,0.85,-955.7422515282337,0.0,0.0
43,audits,node-003,0.0,0.0,296.389596551417,0.0,0.0,296389.596551417,0.0,0.0,8380.128582497762,74.76473259835674,0.85,-1703.610403448583,0.0,0.0
43,audits,node-004,0.0,0.0,0.0,0.0,0.0,0.0,0.0,0.0,8380.128582497762,74.76473259835674,0.85,0.0,0.0,0.0
43,audits,node-005,0.0,0.0,0.0,0.0,0.0,0.0,0.0,0.0,8380.128582497762,74.76473259835674,0.85,0.0,0.0,0.0
43,audits,node-006,0.0,0.0,0.0,0.0,0.0,0.0,0.0,0.0,8380.128582497762,74.76473259835674,0.85,0.0,0.0,0.0
43,audits,node-007,23.14736264135827,59.27409818413607,480.03655590265197,23147.36264135827,59274.09818413607,480036.555902652,0.0,0.0,8380.128582497762,74.76473259835674,0.85,-2655.7778324596825,0.0,0.0
43,audits,node-008,0.0,0.0,336.7778305308432,0.0,0.0,336777.8305308432,0.0,0.0,8380.128582497762,74.76473259835674,0.85,-1554.250194111828,0.0,0.0
43,audits,node-009,59.634847947676505,0.0,89.44105187275787,59634.847947676506,0.0,89441.05187275786,0.0,0.0,8380.128582497762,74.76473259835674,0.85,-310.5589481272421,0.0,0.0
43,audits,node-010,0.0,0.0,70.80375397693672,0.0,0.0,70803.75397693671,0.0,0.0,8380.128582497762,74.76473259835674,0.85,-329.1962460230633,0.0,0.0
43,audits,node-011,44.192063549971365,565.8994314220797,565.8994314220797,44192.06354997137,565899.4314220797,565899.4314220797,0.0,0.0,8380.128582497762,74.76473259835674,0.85,-1902.9566754577022,0.0,0.0
43,audits,node-012,0.0,0.0,53.16644995827318,0.0,0.0,53166.44995827318,0.0,0.0,8380.128582497762,74.76473259835674,0.85,-1648.233310534066,0.0,0.0
43,audits,node-013,0.0,0.0,0.0,0.0,0.0,0.0,0.0,0.0,8380.128582497762,74.76473259835674,0.85,0.0,0.0,0.0
43,audits,node-014,0.0,284.562084119322,341.95751604683545,0.0,284562.08411932195,341957.51604683546,0.0,0.0,8380.128582497762,74.76473259835674,0.85,-1583.915032093671,0.0,0.0
43,audits,node-015,492.25906418123503,171.53576688493084,492.25906418123503,492259.06418123504,171535.76688493084,492259.06418123504,0.0,0.0,8380.128582497762,74.76473259835674,0.85,-2520.5070282127863,284.36006287310835,0.0
43,audits,node-016,0.0,0.0,222.81477798446198,0.0,0.0,222814.77798446198,0.0,0.0,8380.128582497762,74.76473259835674,0.85,-1477.185222015538,0.0,0.0
43,audits,node-017,420.615351668941,589.5170270497431,589.5170270497431,420615.351668941,589517.0270497431,589517.0270497431,0.0,0.0,8380.128582497762,74.76473259835674,0.85,-1574.7160314724972,0.0,0.0
43,audits,node-018,0.0,0.0,9.155101125235149,0.0,0.0,9155.101125235149,0.0,0.0,8380.128582497762,74.76473259835674,0.85,-90.84489887476485,0.0,0.0
43,audits,node-019,0.0,0.0,97.0573920884619,0.0,0.0,97057.3920884619,0.0,0.0,8380.128582497762,74.76473259835674,0.85,-302.9426079115381,0.0,0.0
43,audits,node-020,0.0,0.0,0.0,0.0,0.0,0.0,0.0,0.0,8380.128582497762,74.76473259835674,0.85,0.0,0.0,0.0
43,audits,node-021,0.0,0.0,408.4306117645191,0.0,0.0,408430.61176451907,0.0,0.0,8380.128582497762,74.76473259835674,0.85,-1623.1627177409775,0.0,0.0
43,audits,node-022,0.0,0.0,0.0,0.0,0.0,0.0,0.0,0.0,8380.128582497762,74.76473259835674,0.85,0.0,0.0,0.0
43,audits,node-023,0.0,0.0,337.1866116899947,0.0,0.0,337186.6116899947,0.0,0.0,8380.128582497762,74.76473259835674,0.85,-1662.8133883100052,0.0,0.0
43,audits,node-024,0.0,0.0,0.0,0.0,0.0,0.0,0.0,0.0,8380.128582497762,74.76473259835674,0.85,-2607.734180008388,0.0,0.0
43,audits,node-025,0.0,0.0,0.0,0.0,0.0,0.0,0.0,0.0,8380.128582497762,74.76473259835674,0.85,0.0,0.0,0.0
43,audits,node-026,0.0,0.0,0.0,0.0,0.0,0.0,0.0,0.0,8380.128582497762,74.76473259835674,0.85,0.0,0.0,0.0
43,audits,node-027,0.0,302.1904618276504,302.1904618276504,0.0,302190.4618276504,302190.4618276504,0.0,0.0,8380.128582497762,74.76473259835674,0.85,-1599.6232506113092,0.0,0.0
43,audits,node-028,6.598943406867875,1.318439468112615,182.36679493520654,0.03737501394764578,0.007467361132170155,1.0328867947552127,-1.318439468112615,176.5602928232094,8380.128582497762,74.76473259835674,0.85,-1648.5802274909447,-26.681809843698282,1.318439468112615
43,audits,node-029,0.0,0.0,325.67653259772146,0.0,0.0,325676.53259772144,0.0,0.0,8380.128582497762,74.76473259835674,0.85,-1709.0391039268566,0.0,0.0
47,greedy,node-000,0.0,0.0,0.0,0.0,0.0,0.0,0.0,0.0,8777.93824831878,297.3537179189464,0.95,0.0,0.0,0.0
47,greedy,node-001,0.0,0.0,0.0,0.0,0.0,0.0,0.0,0.0,8777.93824831878,297.3537179189464,0.95,0.0,0.0,0.0
47,greedy,node-002,0.0,0.0,0.0,0.0,0.0,0.0,34.728928744863815,104.18678623459147,8777.93824831878,297.3537179189464,0.95,-88.2608697623533,0.22701150906480194,-34.728928744863815
47,greedy,node-003,11.556093256888069,0.0,11.556093256888069,11556.093256888069,0.0,11556.093256888069,0.0,0.0,8777.93824831878,297.3537179189464,0.95,-69.214898270368,0.0,0.0
47,greedy,node-004,0.0,0.0,0.0,0.0,0.0,0.0,0.0,0.0,8777.93824831878,297.3537179189464,0.95,0.0,0.0,0.0
47,greedy,node-005,1.888973896556692,0.0,1.888973896556692,1888.973896556692,0.0,1888.973896556692,0.0,0.0,8777.93824831878,297.3537179189464,0.95,-72.7548314416762,0.0,0.0
47,greedy,node-006,0.0,0.0,0.0,0.0,0.0,0.0,0.0,0.0,8777.93824831878,297.3537179189464,0.95,0.0,0.0,0.0
47,greedy,node-007,0.0,0.0,0.0,0.0,0.0,0.0,0.0,0.0,8777.93824831878,297.3537179189464,0.95,0.0,0.0,0.0
47,greedy,node-008,0.0,0.0,0.0,0.0,0.0,0.0,0.0,0.0,8777.93824831878,297.3537179189464,0.95,0.0,0.0,0.0
47,greedy,node-009,0.0,0.0,0.0,0.0,0.0,0.0,0.0,0.0,8777.93824831878,297.3537179189464,0.95,0.0,0.0,0.0
47,greedy,node-010,10.611797939397626,0.0,10.611797939397626,10611.797939397626,0.0,10611.797939397626,0.0,0.0,8777.93824831878,297.3537179189464,0.95,-74.54589580086525,0.0,0.0
47,greedy,node-011,0.0,0.0,0.0,0.0,0.0,0.0,11.423676561026207,34.27102968307862,8777.93824831878,297.3537179189464,0.95,-27.830595582878303,6.057465996726679,-11.423676561026207
47,greedy,node-012,0.0,0.0,0.0,0.0,0.0,0.0,0.0,0.0,8777.93824831878,297.3537179189464,0.95,-56.28229761933464,0.0,0.0
47,greedy,node-013,0.0,0.0,0.0,0.0,0.0,0.0,0.0,0.0,8777.93824831878,297.3537179189464,0.95,0.0,0.0,0.0
47,greedy,node-014,0.0,0.0,0.0,0.0,0.0,0.0,0.0,0.0,8777.93824831878,297.3537179189464,0.95,0.0,0.0,0.0
47,greedy,node-015,0.0,0.0,0.0,0.0,0.0,0.0,0.0,0.0,8777.93824831878,297.3537179189464,0.95,-64.63219931441431,0.0,0.0
47,greedy,node-016,7.7904307386895795,0.0,7.7904307386895795,0.049028518926982755,0.0,0.049028518926982755,52.965300667092144,158.89590200127645,8777.93824831878,297.3537179189464,0.95,-112.68466310275394,-8.014282951211278,-52.965300667092144
47,greedy,node-017,0.0,0.0,0.0,0.0,0.0,0.0,0.0,0.0,8777.93824831878,297.3537179189464,0.95,0.0,0.0,0.0
47,greedy,node-018,0.0,0.0,0.0,0.0,0.0,0.0,0.0,0.0,8777.93824831878,297.3537179189464,0.95,0.0,0.0,0.0
47,greedy,node-019,0.0,0.0,0.0,0.0,0.0,0.0,0.0,0.0,8777.93824831878,297.3537179189464,0.95,0.0,0.0,0.0
47,greedy,node-020,0.0,0.0,0.0,0.0,0.0,0.0,0.0,0.0,8777.93824831878,297.3537179189464,0.95,0.0,0.0,0.0
47,greedy,node-021,0.0,0.0,0.0,0.0,0.0,0.0,0.0,0.0,8777.93824831878,297.3537179189464,0.95,0.0,0.0,0.0
47,greedy,node-022,0.0,0.0,0.0,0.0,0.0,0.0,0.0,0.0,8777.93824831878,297.3537179189464,0.95,0.0,0.0,0.0
47,greedy,node-023,0.0,0.0,0.0,0.0,0.0,0.0,0.0,0.0,8777.93824831878,297.3537179189464,0.95,-22.434919514958544,0.0,0.0
47,greedy,node-024,0.0,0.0,0.0,0.0,0.0,0.0,0.0,0.0,8777.93824831878,297.3537179189464,0.95,0.0,0.0,0.0
47,greedy,node-025,0.0,0.0,0.0,0.0,0.0,0.0,0.0,0.0,8777.93824831878,297.3537179189464,0.95,0.0,0.0,0.0
47,greedy,node-026,0.0,0.0,0.0,0.0,0.0,0.0,0.0,0.0,8777.93824831878,297.3537179189464,0.95,0.0,0.0,0.0
47,greedy,node-027,0.0,0.0,0.0,0.0,0.0,0.0,0.0,0.0,8777.93824831878,297.3537179189464,0.95,0.0,0.0,0.0
47,greedy,node-028,0.0,0.0,0.0,0.0,0.0,0.0,0.0,0.0,8777.93824831878,297.3537179189464,0.95,-44.690558998624184,0.0,0.0
47,greedy,node-029,0.0,0.0,0.0,0.0,0.0,0.0,0.0,0.0,8777.93824831878,297.3537179189464,0.95,0.0,0.0,0.0
47,trust_vcg,node-000,0.0,0.0,0.0,0.0,0.0,0.0,0.0,0.0,8721.559901999426,707.0215458492967,0.9473684210526315,-3369.550740832874,0.0,0.0
47,trust_vcg,node-001,0.0,0.0,0.0,0.0,0.0,0.0,0.0,0.0,8721.559901999426,707.0215458492967,0.9473684210526315,0.0,0.0,0.0
47,trust_vcg,node-002,372.4923344769071,254.23683770759772,372.74434680318564,0.5130713648681272,0.3501861092136932,0.5134184869327703,608.5710382779879,726.0049185801811,8721.559901999426,707.0215458492967,0.9473684210526315,-11672.695091056457,207.58090839996612,-608.5710382779879
47,trust_vcg,node-003,265.38903687063396,175.26847620462024,334.4413201467768,0.9994630875517907,0.6600663480434479,1.2595160613274805,188.41217532731469,265.53160409426516,8721.559901999426,707.0215458492967,0.9473684210526315,-5734.119166275497,44.908708193540406,-188.41217532731469
47,trust_vcg,node-004,0.0,0.0,0.0,0.0,0.0,0.0,0.0,0.0,8721.559901999426,707.0215458492967,0.9473684210526315,0.0,0.0,0.0
47,trust_vcg,node-005,373.6902841095891,252.80698895264106,874.3321927740238,373690.28410958906,252806.98895264106,874332.1927740239,0.0,0.0,8721.559901999426,707.0215458492967,0.9473684210526315,-10525.667807225975,0.0,0.0
47,trust_vcg,node-006,0.0,0.0,0.0,0.0,0.0,0.0,0.0,0.0,8721.559901999426,707.0215458492967,0.9473684210526315,0.0,0.0,0.0
47,trust_vcg,node-007,0.0,0.0,0.0,0.0,0.0,0.0,0.0,0.0,8721.559901999426,707.0215458492967,0.9473684210526315,0.0,0.0,0.0
47,trust_vcg,node-008,0.0,0.0,0.0,0.0,0.0,0.0,0.0,0.0,8721.559901999426,707.0215458492967,0.9473684210526315,0.0,0.0,0.0
47,trust_vcg,node-009,0.0,0.0,0.0,0.0,0.0,0.0,0.0,0.0,8721.559901999426,707.0215458492967,0.9473684210526315,-2253.708815010029,0.0,0.0
47,trust_vcg,node-010,407.48653294349106,593.7206108049896,593.7206108049896,407486.53294349107,593720.6108049896,593720.6108049896,0.0,0.0,8721.559901999426,707.0215458492967,0.9473684210526315,-11074.545895800866,265.910789335288,0.0
47,trust_vcg,node-011,315.36145233819155,315.36145233819155,370.5014647848312,315361.45233819156,315361.45233819156,370501.4647848312,-315.36145233819155,-284.51497682514946,8721.559901999426,707.0215458492967,0.9473684210526315,-5123.384040000379,88.80992127658664,315.36145233819155
47,trust_vcg,node-012,0.0,0.0,110.99924162845524,0.0,0.0,110999.24162845523,0.0,0.0,8721.559901999426,707.0215458492967,0.9473684210526315,-5464.478344843168,0.0,0.0
47,trust_vcg,node-013,0.0,0.0,0.0,0.0,0.0,0.0,0.0,0.0,8721.559901999426,707.0215458492967,0.9473684210526315,0.0,0.0,0.0
47,trust_vcg,node-014,0.0,0.0,0.0,0.0,0.0,0.0,0.0,0.0,8721.559901999426,707.0215458492967,0.9473684210526315,0.0,0.0,0.0
47,trust_vcg,node-015,0.0,254.83603957349567,473.99995800532673,0.0,254836.03957349565,473999.95800532674,0.0,0.0,8721.559901999426,707.0215458492967,0.9473684210526315,-5551.668632308717,0.0,0.0
47,trust_vcg,node-016,46.9184975937281,514.2157395941156,517.4152266049298,46918.4975937281,514215.7395941156,517415.2266049298,0.0,0.0,8721.559901999426,707.0215458492967,0.9473684210526315,-5534.830453209859,0.0,0.0
47,trust_vcg,node-017,0.0,0.0,0.0,0.0,0.0,0.0,0.0,0.0,8721.559901999426,707.0215458492967,0.9473684210526315,0.0,0.0,0.0
47,trust_vcg,node-018,0.0,0.0,0.0,0.0,0.0,0.0,0.0,0.0,8721.559901999426,707.0215458492967,0.9473684210526315,0.0,0.0,0.0
47,trust_vcg,node-019,0.0,0.0,0.0,0.0,0.0,0.0,0.0,0.0,8721.559901999426,707.0215458492967,0.9473684210526315,0.0,0.0,0.0
47,trust_vcg,node-020,0.0,0.0,0.0,0.0,0.0,0.0,0.0,0.0,8721.559901999426,707.0215458492967,0.9473684210526315,0.0,0.0,0.0
47,trust_vcg,node-021,0.0,0.0,0.0,0.0,0.0,0.0,0.0,0.0,8721.559901999426,707.0215458492967,0.9473684210526315,0.0,0.0,0.0
47,trust_vcg,node-022,0.0,0.0,0.0,0.0,0.0,0.0,0.0,0.0,8721.559901999426,707.0215458492967,0.9473684210526315,0.0,0.0,0.0
47,trust_vcg,node-023,0.0,0.0,106.38358220714375,0.0,0.0,106383.58220714374,0.0,0.0,8721.559901999426,707.0215458492967,0.9473684210526315,-5529.5972546411,0.0,0.0
47,trust_vcg,node-024,0.0,0.0,0.0,0.0,0.0,0.0,0.0,0.0,8721.559901999426,707.0215458492967,0.9473684210526315,0.0,0.0,0.0
47,trust_vcg,node-025,0.0,0.0,0.0,0.0,0.0,0.0,0.0,0.0,8721.559901999426,707.0215458492967,0.9473684210526315,0.0,0.0,0.0
47,trust_vcg,node-026,0.0,0.0,0.0,0.0,0.0,0.0,0.0,0.0,8721.559901999426,707.0215458492967,0.9473684210526315,0.0,0.0,0.0
47,trust_vcg,node-027,0.0,0.0,41.35167645155357,0.0,0.0,41351.67645155357,0.0,0.0,8721.559901999426,707.0215458492967,0.9473684210526315,-4923.29839498859,0.0,0.0
47,trust_vcg,node-028,470.71344779741185,0.0,888.4757509595009,470713.4477974118,0.0,888475.7509595009,0.0,0.0,8721.559901999426,707.0215458492967,0.9473684210526315,-11111.524249040496,0.0,0.0
47,trust_vcg,node-029,0.0,0.0,0.0,0.0,0.0,0.0,0.0,0.0,8721.559901999426,707.0215458492967,0.9473684210526315,0.0,0.0,0.0
47,contingent,node-000,0.0,0.0,0.0,0.0,0.0,0.0,0.0,0.0,8721.559901999426,328.97933715778936,0.9473684210526315,-278.202963331496,0.0,0.0
47,contingent,node-001,0.0,0.0,0.0,0.0,0.0,0.0,0.0,0.0,8721.559901999426,328.97933715778936,0.9473684210526315,0.0,0.0,0.0
47,contingent,node-002,0.0,54.090935834489095,57.25428876750215,0.0,0.30707172237572694,0.3250299295806255,58.71694015109656,176.1508204532897,8721.559901999426,328.97933715778936,0.9473684210526315,-315.21315126497274,7.633963626551143,-58.71694015109656
47,contingent,node-003,0.0,25.120937148459717,45.234291272531024,0.0,0.2171604704557086,0.3910323852737195,38.55971438347525,115.67914315042574,8721.559901999426,328.97933715778936,0.9473684210526315,-221.3876781762067,-5.0421121210727335,-38.55971438347525
47,contingent,node-004,0.0,0.0,0.0,0.0,0.0,0.0,0.0,0.0,8721.559901999426,328.97933715778936,0.9473684210526315,0.0,0.0,0.0
47,contingent,node-005,0.0,52.80698895264109,74.85031002836853,0.0,52806.98895264109,74850.31002836852,0.0,0.0,8721.559901999426,328.97933715778936,0.9473684210526315,-302.6712289039048,0.0,0.0
47,contingent,node-006,0.0,0.0,0.0,0.0,0.0,0.0,0.0,0.0,8721.559901999426,328.97933715778936,0.9473684210526315,0.0,0.0,0.0
47,contingent,node-007,0.0,0.0,0.0,0.0,0.0,0.0,0.0,0.0,8721.559901999426,328.97933715778936,0.9473684210526315,0.0,0.0,0.0
47,contingent,node-008,0.0,0.0,0.0,0.0,0.0,0.0,0.0,0.0,8721.559901999426,328.97933715778936,0.9473684210526315,0.0,0.0,0.0
47,contingent,node-009,0.0,0.0,0.0,0.0,0.0,0.0,0.0,0.0,8721.559901999426,328.97933715778936,0.9473684210526315,-214.83526004011634,0.0,0.0
47,contingent,node-010,9.863540559468086,93.72061080498962,93.72061080498962,9863.540559468087,93720.61080498961,93720.61080498961,0.0,0.0,8721.559901999426,328.97933715778936,0.9473684210526315,-298.1835832034611,17.39641909527362,0.0
47,contingent,node-011,0.0,0.0,21.587345679359235,0.0,0.0,0.5810958197703413,6.302898041031896,37.14937355407394,8721.559901999426,328.97933715778936,0.9473684210526315,-71.93057412844028,1.205063560928906,-6.302898041031896
47,contingent,node-012,0.0,0.0,11.199111569543295,0.0,0.0,11199.111569543295,0.0,0.0,8721.559901999426,328.97933715778936,0.9473684210526315,-106.8159235089418,0.0,0.0
47,contingent,node-013,0.0,0.0,0.0,0.0,0.0,0.0,0.0,0.0,8721.559901999426,328.97933715778936,0.9473684210526315,0.0,0.0,0.0
47,contingent,node-014,0.0,0.0,0.0,0.0,0.0,0.0,0.0,0.0,8721.559901999426,328.97933715778936,0.9473684210526315,0.0,0.0,0.0
47,contingent,node-015,0.0,54.8360395734957,77.50078814225425,0.0,54836.0395734957,77500.78814225426,0.0,0.0,8721.559901999426,328.97933715778936,0.9473684210526315,-206.67452923486616,0.0,0.0
47,contingent,node-016,0.0,64.2157395941155,86.79390200825958,0.0,64215.739594115505,86793.90200825958,0.0,0.0,8721.559901999426,328.97933715778936,0.9473684210526315,-139.3218128394391,0.0,0.0
47,contingent,node-017,0.0,0.0,0.0,0.0,0.0,0.0,0.0,0.0,8721.559901999426,328.97933715778936,0.9473684210526315,0.0,0.0,0.0
47,contingent,node-018,0.0,0.0,0.0,0.0,0.0,0.0,0.0,0.0,8721.559901999426,328.97933715778936,0.9473684210526315,0.0,0.0,0.0
47,contingent,node-019,0.0,0.0,0.0,0.0,0.0,0.0,0.0,0.0,8721.559901999426,328.97933715778936,0.9473684210526315,0.0,0.0,0.0
47,contingent,node-020,0.0,0.0,0.0,0.0,0.0,0.0,0.0,0.0,8721.559901999426,328.97933715778936,0.9473684210526315,0.0,0.0,0.0
47,contingent,node-021,0.0,0.0,0.0,0.0,0.0,0.0,0.0,0.0,8721.559901999426,328.97933715778936,0.9473684210526315,0.0,0.0,0.0
47,contingent,node-022,0.0,0.0,0.0,0.0,0.0,0.0,0.0,0.0,8721.559901999426,328.97933715778936,0.9473684210526315,0.0,0.0,0.0
47,contingent,node-023,0.0,0.0,0.0,0.0,0.0,0.0,0.0,0.0,8721.559901999426,328.97933715778936,0.9473684210526315,-118.3890185644002,0.0,0.0
47,contingent,node-024,0.0,0.0,0.0,0.0,0.0,0.0,0.0,0.0,8721.559901999426,328.97933715778936,0.9473684210526315,0.0,0.0,0.0
47,contingent,node-025,0.0,0.0,0.0,0.0,0.0,0.0,0.0,0.0,8721.559901999426,328.97933715778936,0.9473684210526315,0.0,0.0,0.0
47,contingent,node-026,0.0,0.0,0.0,0.0,0.0,0.0,0.0,0.0,8721.559901999426,328.97933715778936,0.9473684210526315,0.0,0.0,0.0
47,contingent,node-027,0.0,0.0,0.0,0.0,0.0,0.0,0.0,0.0,8721.559901999426,328.97933715778936,0.9473684210526315,-119.04451261541134,0.0,0.0
47,contingent,node-028,10.708256054064119,0.0,11.980054822095164,10708.256054064119,0.0,11980.054822095164,0.0,0.0,8721.559901999426,328.97933715778936,0.9473684210526315,-446.0969961619963,0.0,0.0
47,contingent,node-029,0.0,0.0,0.0,0.0,0.0,0.0,0.0,0.0,8721.559901999426,328.97933715778936,0.9473684210526315,0.0,0.0,0.0
47,capped,node-000,0.0,0.0,0.0,0.0,0.0,0.0,0.0,0.0,8721.559901999426,338.0996768732785,0.9473684210526315,-69.550740832874,0.0,0.0
47,capped,node-001,0.0,0.0,0.0,0.0,0.0,0.0,0.0,0.0,8721.559901999426,338.0996768732785,0.9473684210526315,0.0,0.0,0.0
47,capped,node-002,0.0,54.090935834489095,57.25428876750215,0.0,0.30707172237572694,0.3250299295806255,58.71694015109656,176.1508204532897,8721.559901999426,338.0996768732785,0.9473684210526315,-122.8409929295656,7.633963626551143,-58.71694015109656
47,capped,node-003,0.0,25.120937148459717,45.234291272531024,0.0,0.2171604704557086,0.3910323852737195,38.55971438347525,115.67914315042574,8721.559901999426,338.0996768732785,0.9473684210526315,-84.26670533165812,-5.0421121210727335,-38.55971438347525
47,capped,node-004,0.0,0.0,0.0,0.0,0.0,0.0,0.0,0.0,8721.559901999426,338.0996768732785,0.9473684210526315,0.0,0.0,0.0
47,capped,node-005,0.0,52.80698895264109,74.85031002836853,0.0,52806.98895264109,74850.31002836852,0.0,0.0,8721.559901999426,338.0996768732785,0.9473684210526315,-75.66780722597622,0.0,0.0
47,capped,node-006,0.0,0.0,0.0,0.0,0.0,0.0,0.0,0.0,8721.559901999426,338.0996768732785,0.9473684210526315,0.0,0.0,0.0
47,capped,node-007,0.0,0.0,0.0,0.0,0.0,0.0,0.0,0.0,8721.559901999426,338.0996768732785,0.9473684210526315,0.0,0.0,0.0
47,capped,node-008,0.0,0.0,0.0,0.0,0.0,0.0,0.0,0.0,8721.559901999426,338.0996768732785,0.9473684210526315,0.0,0.0,0.0
47,capped,node-009,0.0,0.0,0.0,0.0,0.0,0.0,0.0,0.0,8721.559901999426,338.0996768732785,0.9473684210526315,-53.70881501002909,0.0,0.0
47,capped,node-010,9.863540559468086,93.72061080498962,93.72061080498962,9863.540559468087,93720.61080498961,93720.61080498961,0.0,0.0,8721.559901999426,338.0996768732785,0.9473684210526315,-74.54589580086525,17.39641909527362,0.0
47,capped,node-011,0.0,17.390600287183172,37.58879079033164,0.0,0.37585277837939357,0.8123843467830205,15.423237756521022,46.26971326956306,8721.559901999426,338.0996768732785,0.9473684210526315,-31.830156778373116,0.29302958937999435,-15.423237756521022
47,capped,node-012,0.0,22.069327776738362,22.069327776738362,0.0,22069.327776738362,22069.327776738362,0.0,0.0,8721.559901999426,338.0996768732785,0.9473684210526315,-26.70398087723544,0.0,0.0
47,capped,node-013,0.0,0.0,0.0,0.0,0.0,0.0,0.0,0.0,8721.559901999426,338.0996768732785,0.9473684210526315,0.0,0.0,0.0
47,capped,node-014,0.0,0.0,0.0,0.0,0.0,0.0,0.0,0.0,8721.559901999426,338.0996768732785,0.9473684210526315,0.0,0.0,0.0
47,capped,node-015,0.0,54.8360395734957,77.50078814225425,0.0,54836.0395734957,77500.78814225426,0.0,0.0,8721.559901999426,338.0996768732785,0.9473684210526315,-51.668632308716525,0.0,0.0
47,capped,node-016,0.0,64.2157395941155,86.79390200825958,0.0,64215.739594115505,86793.90200825958,0.0,0.0,8721.559901999426,338.0996768732785,0.9473684210526315,-34.830453209859776,0.0,0.0
47,capped,node-017,0.0,0.0,0.0,0.0,0.0,0.0,0.0,0.0,8721.559901999426,338.0996768732785,0.9473684210526315,0.0,0.0,0.0
47,capped,node-018,0.0,0.0,0.0,0.0,0.0,0.0,0.0,0.0,8721.559901999426,338.0996768732785,0.9473684210526315,0.0,0.0,0.0
47,capped,node-019,0.0,0.0,0.0,0.0,0.0,0.0,0.0,0.0,8721.559901999426,338.0996768732785,0.9473684210526315,0.0,0.0,0.0
47,capped,node-020,0.0,0.0,0.0,0.0,0.0,0.0,0.0,0.0,8721.559901999426,338.0996768732785,0.9473684210526315,0.0,0.0,0.0
47,capped,node-021,0.0,0.0,0.0,0.0,0.0,0.0,0.0,0.0,8721.559901999426,338.0996768732785,0.9473684210526315,0.0,0.0,0.0
47,capped,node-022,0.0,0.0,0.0,0.0,0.0,0.0,0.0,0.0,8721.559901999426,338.0996768732785,0.9473684210526315,0.0,0.0,0.0
47,capped,node-023,0.0,0.0,13.688385399397049,0.0,0.0,13688.385399397048,0.0,0.0,8721.559901999426,338.0996768732785,0.9473684210526315,-29.59725464110005,0.0,0.0
47,capped,node-024,0.0,0.0,0.0,0.0,0.0,0.0,0.0,0.0,8721.559901999426,338.0996768732785,0.9473684210526315,0.0,0.0,0.0
47,capped,node-025,0.0,0.0,0.0,0.0,0.0,0.0,0.0,0.0,8721.559901999426,338.0996768732785,0.9473684210526315,0.0,0.0,0.0
47,capped,node-026,0.0,0.0,0.0,0.0,0.0,0.0,0.0,0.0,8721.559901999426,338.0996768732785,0.9473684210526315,0.0,0.0,0.0
47,capped,node-027,0.0,0.0,0.0,0.0,0.0,0.0,0.0,0.0,8721.559901999426,338.0996768732785,0.9473684210526315,-29.76112815385284,0.0,0.0
47,capped,node-028,10.708256054064119,0.0,11.980054822095164,10708.256054064119,0.0,11980.054822095164,0.0,0.0,8721.559901999426,338.0996768732785,0.9473684210526315,-111.52424904049906,0.0,0.0
47,capped,node-029,0.0,0.0,0.0,0.0,0.0,0.0,0.0,0.0,8721.559901999426,338.0996768732785,0.9473684210526315,0.0,0.0,0.0
47,proper_scoring,node-000,0.0,0.0,58.94950388539594,0.0,0.0,58949.50388539594,0.0,0.0,8721.559901999426,1207.0215458492967,0.9473684210526315,-277.13856084290717,0.0,0.0
47,proper_scoring,node-001,0.0,0.0,0.0,0.0,0.0,0.0,0.0,0.0,8721.559901999426,1207.0215458492967,0.9473684210526315,0.0,0.0,0.0
47,proper_scoring,node-002,372.4923344769071,254.23683770759772,372.74434680318564,0.5130713648681272,0.3501861092136932,0.5134184869327703,608.5710382779879,726.0049185801811,8721.559901999426,1207.0215458492967,0.9473684210526315,-865.0672493918642,207.58090839996612,-608.5710382779879
47,proper_scoring,node-003,265.38903687063396,175.26847620462024,334.4413201467768,0.9994630875517907,0.6600663480434479,1.2595160613274805,188.41217532731469,265.53160409426516,8721.559901999426,1207.0215458492967,0.9473684210526315,-371.24013912004614,44.908708193540406,-188.41217532731469
47,proper_scoring,node-004,0.0,0.0,0.0,0.0,0.0,0.0,0.0,0.0,8721.559901999426,1207.0215458492967,0.9473684210526315,0.0,0.0,0.0
47,proper_scoring,node-005,373.6902841095891,252.80698895264106,874.3321927740238,373690.28410958906,252806.98895264106,874332.1927740239,0.0,0.0,8721.559901999426,1207.0215458492967,0.9473684210526315,-302.6712289039048,0.0,0.0
47,proper_scoring,node-006,0.0,0.0,0.0,0.0,0.0,0.0,0.0,0.0,8721.559901999426,1207.0215458492967,0.9473684210526315,0.0,0.0,0.0
47,proper_scoring,node-007,0.0,0.0,0.0,0.0,0.0,0.0,0.0,0.0,8721.559901999426,1207.0215458492967,0.9473684210526315,0.0,0.0,0.0
47,proper_scoring,node-008,0.0,0.0,0.0,0.0,0.0,0.0,0.0,0.0,8721.559901999426,1207.0215458492967,0.9473684210526315,0.0,0.0,0.0
47,proper_scoring,node-009,0.0,0.0,58.310325393319346,0.0,0.0,58310.32539331934,0.0,0.0,8721.559901999426,1207.0215458492967,0.9473684210526315,-214.83526004011634,0.0,0.0
47,proper_scoring,node-010,415.68204804742766,593.7206108049896,922.3541971215682,415682.04804742767,593720.6108049896,922354.1971215681,0.0,0.0,8721.559901999426,1207.0215458492967,0.9473684210526315,-298.1835832034611,265.910789335288,0.0
47,proper_scoring,node-011,124.57358365599546,164.43405279306594,164.43405279306594,0.5781078509336262,0.7630880808808675,0.7630880808808675,184.63854766180847,215.4850231748505,8721.559901999426,1207.0215458492967,0.9473684210526315,-250.26622374921686,88.8099212765866,-184.63854766180847
47,proper_scoring,node-012,271.9561452787417,89.2588092140651,356.1912150476197,271956.1452787417,89258.8092140651,356191.2150476197,0.0,0.0,8721.559901999426,1207.0215458492967,0.9473684210526315,-106.8159235089418,0.0,0.0
47,proper_scoring,node-013,0.0,0.0,0.0,0.0,0.0,0.0,0.0,0.0,8721.559901999426,1207.0215458492967,0.9473684210526315,0.0,0.0,0.0
47,proper_scoring,node-014,0.0,0.0,0.0,0.0,0.0,0.0,0.0,0.0,8721.559901999426,1207.0215458492967,0.9473684210526315,0.0,0.0,0.0
47,proper_scoring,node-015,0.0,254.83603957349567,473.99995800532673,0.0,254836.03957349565,473999.95800532674,0.0,0.0,8721.559901999426,1207.0215458492967,0.9473684210526315,-206.67452923486616,0.0,0.0
47,proper_scoring,node-016,46.9184975937281,514.2157395941156,517.4152266049298,46918.4975937281,514215.7395941156,517415.2266049298,0.0,0.0,8721.559901999426,1207.0215458492967,0.9473684210526315,-139.3218128394391,0.0,0.0
47,proper_scoring,node-017,0.0,0.0,0.0,0.0,0.0,0.0,0.0,0.0,8721.559901999426,1207.0215458492967,0.9473684210526315,0.0,0.0,0.0
47,proper_scoring,node-018,0.0,0.0,0.0,0.0,0.0,0.0,0.0,0.0,8721.559901999426,1207.0215458492967,0.9473684210526315,0.0,0.0,0.0
47,proper_scoring,node-019,0.0,0.0,0.0,0.0,0.0,0.0,0.0,0.0,8721.559901999426,1207.0215458492967,0.9473684210526315,0.0,0.0,0.0
47,proper_scoring,node-020,0.0,0.0,0.0,0.0,0.0,0.0,0.0,0.0,8721.559901999426,1207.0215458492967,0.9473684210526315,0.0,0.0,0.0
47,proper_scoring,node-021,0.0,0.0,0.0,0.0,0.0,0.0,0.0,0.0,8721.559901999426,1207.0215458492967,0.9473684210526315,0.0,0.0,0.0
47,proper_scoring,node-022,0.0,0.0,0.0,0.0,0.0,0.0,0.0,0.0,8721.559901999426,1207.0215458492967,0.9473684210526315,0.0,0.0,0.0
47,proper_scoring,node-023,333.87391852194645,0.0,350.63296230313375,333873.91852194647,0.0,350632.96230313374,0.0,0.0,8721.559901999426,1207.0215458492967,0.9473684210526315,-118.3890185644002,0.0,0.0
47,proper_scoring,node-024,0.0,0.0,0.0,0.0,0.0,0.0,0.0,0.0,8721.559901999426,1207.0215458492967,0.9473684210526315,0.0,0.0,0.0
47,proper_scoring,node-025,0.0,0.0,0.0,0.0,0.0,0.0,0.0,0.0,8721.559901999426,1207.0215458492967,0.9473684210526315,0.0,0.0,0.0
47,proper_scoring,node-026,0.0,0.0,0.0,0.0,0.0,0.0,0.0,0.0,8721.559901999426,1207.0215458492967,0.9473684210526315,0.0,0.0,0.0
47,proper_scoring,node-027,0.0,0.0,179.57551730666995,0.0,0.0,179575.51730666994,0.0,0.0,8721.559901999426,1207.0215458492967,0.9473684210526315,-119.04451261541134,0.0,0.0
47,proper_scoring,node-028,470.71344779741185,0.0,888.4757509595009,470713.4477974118,0.0,888475.7509595009,0.0,0.0,8721.559901999426,1207.0215458492967,0.9473684210526315,-439.2302592257856,0.0,0.0
47,proper_scoring,node-029,0.0,0.0,0.0,0.0,0.0,0.0,0.0,0.0,8721.559901999426,1207.0215458492967,0.9473684210526315,0.0,0.0,0.0
47,audits,node-000,0.0,0.0,30.449259167125987,0.0,0.0,30449.259167125987,0.0,0.0,8721.559901999426,1207.0215458492967,0.9473684210526315,-369.55074083287406,0.0,0.0
47,audits,node-001,0.0,0.0,0.0,0.0,0.0,0.0,0.0,0.0,8721.559901999426,1207.0215458492967,0.9473684210526315,0.0,0.0,0.0
47,audits,node-002,372.4923344769071,254.23683770759772,372.74434680318564,0.5130713648681272,0.3501861092136932,0.5134184869327703,608.5710382779879,726.0049185801811,8721.559901999426,1207.0215458492967,0.9473684210526315,-2172.695091056457,207.58090839996612,-608.5710382779879
47,audits,node-003,265.38903687063396,175.26847620462024,334.4413201467768,0.9994630875517907,0.6600663480434479,1.2595160613274805,188.41217532731469,265.53160409426516,8721.559901999426,1207.0215458492967,0.9473684210526315,-1234.1191662754977,44.908708193540406,-188.41217532731469
47,audits,node-004,0.0,0.0,0.0,0.0,0.0,0.0,0.0,0.0,8721.559901999426,1207.0215458492967,0.9473684210526315,0.0,0.0,0.0
47,audits,node-005,373.6902841095891,252.80698895264106,874.3321927740238,373690.28410958906,252806.98895264106,874332.1927740239,0.0,0.0,8721.559901999426,1207.0215458492967,0.9473684210526315,-1525.6678072259763,0.0,0.0
47,audits,node-006,0.0,0.0,0.0,0.0,0.0,0.0,0.0,0.0,8721.559901999426,1207.0215458492967,0.9473684210526315,0.0,0.0,0.0
47,audits,node-007,0.0,0.0,0.0,0.0,0.0,0.0,0.0,0.0,8721.559901999426,1207.0215458492967,0.9473684210526315,0.0,0.0,0.0
47,audits,node-008,0.0,0.0,0.0,0.0,0.0,0.0,0.0,0.0,8721.559901999426,1207.0215458492967,0.9473684210526315,0.0,0.0,0.0
47,audits,node-009,0.0,0.0,46.291184989970915,0.0,0.0,46291.18498997091,0.0,0.0,8721.559901999426,1207.0215458492967,0.9473684210526315,-253.70881501002907,0.0,0.0
47,audits,node-010,407.48653294349106,593.7206108049896,886.0843325332642,407486.53294349107,593720.6108049896,886084.3325332642,0.0,0.0,8721.559901999426,1207.0215458492967,0.9473684210526315,-1574.5458958008653,265.910789335288,0.0
47,audits,node-011,123.59536497348645,70.37515225428305,123.59536497348645,0.5735682376087815,0.3265895291348332,0.5735682376087815,184.63854766180847,215.4850231748505,8721.559901999426,1207.0215458492967,0.9473684210526315,-623.3840400003776,88.8099212765866,-184.63854766180847
47,audits,node-012,270.1775973667675,34.314585042463804,284.94166656522583,270177.59736676747,34314.585042463805,284941.6665652258,0.0,0.0,8721.559901999426,1207.0215458492967,0.9473684210526315,-464.4783448431679,0.0,0.0
47,audits,node-013,0.0,0.0,0.0,0.0,0.0,0.0,0.0,0.0,8721.559901999426,1207.0215458492967,0.9473684210526315,0.0,0.0,0.0
47,audits,node-014,0.0,0.0,0.0,0.0,0.0,0.0,0.0,0.0,8721.559901999426,1207.0215458492967,0.9473684210526315,0.0,0.0,0.0
47,audits,node-015,0.0,254.83603957349567,473.99995800532673,0.0,254836.03957349565,473999.95800532674,0.0,0.0,8721.559901999426,1207.0215458492967,0.9473684210526315,-1051.6686323087165,0.0,0.0
47,audits,node-016,46.9184975937281,514.2157395941156,517.4152266049298,46918.4975937281,514215.7395941156,517415.2266049298,0.0,0.0,8721.559901999426,1207.0215458492967,0.9473684210526315,-1034.8304532098596,0.0,0.0
47,audits,node-017,0.0,0.0,0.0,0.0,0.0,0.0,0.0,0.0,8721.559901999426,1207.0215458492967,0.9473684210526315,0.0,0.0,0.0
47,audits,node-018,0.0,0.0,0.0,0.0,0.0,0.0,0.0,0.0,8721.559901999426,1207.0215458492967,0.9473684210526315,0.0,0.0,0.0
47,audits,node-019,0.0,0.0,0.0,0.0,0.0,0.0,0.0,0.0,8721.559901999426,1207.0215458492967,0.9473684210526315,0.0,0.0,0.0
47,audits,node-020,0.0,0.0,0.0,0.0,0.0,0.0,0.0,0.0,8721.559901999426,1207.0215458492967,0.9473684210526315,0.0,0.0,0.0
47,audits,node-021,0.0,0.0,0.0,0.0,0.0,0.0,0.0,0.0,8721.559901999426,1207.0215458492967,0.9473684210526315,0.0,0.0,0.0
47,audits,node-022,0.0,0.0,0.0,0.0,0.0,0.0,0.0,0.0,8721.559901999426,1207.0215458492967,0.9473684210526315,0.0,0.0,0.0
47,audits,node-023,307.3487483118396,0.0,307.3487483118396,307348.7483118396,0.0,307348.7483118396,0.0,0.0,8721.559901999426,1207.0215458492967,0.9473684210526315,-529.5972546411001,0.0,0.0
47,audits,node-024,0.0,0.0,0.0,0.0,0.0,0.0,0.0,0.0,8721.559901999426,1207.0215458492967,0.9473684210526315,0.0,0.0,0.0
47,audits,node-025,0.0,0.0,0.0,0.0,0.0,0.0,0.0,0.0,8721.559901999426,1207.0215458492967,0.9473684210526315,0.0,0.0,0.0
47,audits,node-026,0.0,0.0,0.0,0.0,0.0,0.0,0.0,0.0,8721.559901999426,1207.0215458492967,0.9473684210526315,0.0,0.0,0.0
47,audits,node-027,0.0,0.0,44.82537283057383,0.0,0.0,44825.37283057383,0.0,0.0,8721.559901999426,1207.0215458492967,0.9473684210526315,-423.2983949885904,0.0,0.0
47,audits,node-028,470.71344779741185,0.0,888.4757509595009,470713.4477974118,0.0,888475.7509595009,0.0,0.0,8721.559901999426,1207.0215458492967,0.9473684210526315,-1611.5242490404985,0.0,0.0
47,audits,node-029,0.0,0.0,0.0,0.0,0.0,0.0,0.0,0.0,8721.559901999426,1207.0215458492967,0.9473684210526315,0.0,0.0,0.0
55,greedy,node-000,0.0,0.0,0.0,0.0,0.0,0.0,0.0,0.0,8243.0550589745,202.88226184758645,0.85,0.0,0.0,0.0
55,greedy,node-001,0.0,0.0,0.0,0.0,0.0,0.0,0.0,0.0,8243.0550589745,202.88226184758645,0.85,0.0,0.0,0.0
55,greedy,node-002,0.0,0.0,0.0,0.0,0.0,0.0,0.0,0.0,8243.0550589745,202.88226184758645,0.85,0.0,0.0,0.0
55,greedy,node-003,0.0,0.0,0.0,0.0,0.0,0.0,0.0,0.0,8243.0550589745,202.88226184758645,0.85,0.0,0.0,0.0
55,greedy,node-004,0.0,0.0,0.0,0.0,0.0,0.0,0.0,0.0,8243.0550589745,202.88226184758645,0.85,0.0,0.0,0.0
55,greedy,node-005,0.0,0.0,0.0,0.0,0.0,0.0,0.0,0.0,8243.0550589745,202.88226184758645,0.85,0.0,0.0,0.0
55,greedy,node-006,0.0,0.0,0.0,0.0,0.0,0.0,0.0,0.0,8243.0550589745,202.88226184758645,0.85,0.0,0.0,0.0
55,greedy,node-007,0.0,0.0,0.0,0.0,0.0,0.0,0.0,0.0,8243.0550589745,202.88226184758645,0.85,0.0,0.0,0.0
55,greedy,node-008,44.81365897551611,0.0,44.81365897551611,0.304145993360599,0.0,0.304145993360599,49.11419729755081,147.34259189265242,8243.0550589745,202.88226184758645,0.85,-85.33213316390598,-14.734259189265238,-62.66508335347377
55,greedy,node-009,0.0,0.0,0.0,0.0,0.0,0.0,0.0,0.0,8243.0550589745,202.88226184758645,0.85,0.0,0.0,0.0
55,greedy,node-010,0.0,0.0,0.0,0.0,0.0,0.0,0.0,0.0,8243.0550589745,202.88226184758645,0.85,0.0,0.0,0.0
55,greedy,node-011,0.0,0.0,0.0,0.0,0.0,0.0,0.0,0.0,8243.0550589745,202.88226184758645,0.85,0.0,0.0,0.0
55,greedy,node-012,0.0,0.0,0.0,0.0,0.0,0.0,0.0,0.0,8243.0550589745,202.88226184758645,0.85,0.0,0.0,0.0
55,greedy,node-013,0.0,0.0,0.0,0.0,0.0,0.0,0.0,0.0,8243.0550589745,202.88226184758645,0.85,0.0,0.0,0.0
55,greedy,node-014,0.05600472298732839,0.0,0.05600472298732839,0.0010083733488652656,0.0,0.0010083733488652656,18.513223318311343,55.53966995493403,8243.0550589745,202.88226184758645,0.85,-47.7319867777676,-5.553966995493402,-18.513223318311343
55,greedy,node-015,0.0,0.0,0.0,0.0,0.0,0.0,0.0,0.0,8243.0550589745,202.88226184758645,0.85,0.0,0.0,0.0
55,greedy,node-016,0.0,0.0,0.0,0.0,0.0,0.0,0.0,0.0,8243.0550589745,202.88226184758645,0.85,0.0,0.0,0.0
55,greedy,node-017,0.0,0.0,0.0,0.0,0.0,0.0,0.0,0.0,8243.0550589745,202.88226184758645,0.85,0.0,0.0,0.0
55,greedy,node-018,0.0,0.0,0.0,0.0,0.0,0.0,0.0,0.0,8243.0550589745,202.88226184758645,0.85,0.0,0.0,0.0
55,greedy,node-019,0.0,0.0,0.0,0.0,0.0,0.0,0.0,0.0,8243.0550589745,202.88226184758645,0.85,0.0,0.0,0.0
55,greedy,node-020,0.0,0.0,0.0,0.0,0.0,0.0,0.0,0.0,8243.0550589745,202.88226184758645,0.85,0.0,0.0,0.0
55,greedy,node-021,0.0,0.0,0.0,0.0,0.0,0.0,0.0,0.0,8243.0550589745,202.88226184758645,0.85,0.0,0.0,0.0
55,greedy,node-022,0.0,0.0,0.0,0.0,0.0,0.0,0.0,0.0,8243.0550589745,202.88226184758645,0.85,0.0,0.0,0.0
55,greedy,node-023,0.0,0.0,0.0,0.0,0.0,0.0,0.0,0.0,8243.0550589745,202.88226184758645,0.85,0.0,0.0,0.0
55,greedy,node-024,0.0,0.0,0.0,0.0,0.0,0.0,0.0,0.0,8243.0550589745,202.88226184758645,0.85,0.0,0.0,0.0
55,greedy,node-025,0.0,0.0,0.0,0.0,0.0,0.0,0.0,0.0,8243.0550589745,202.88226184758645,0.85,0.0,0.0,0.0
55,greedy,node-026,0.0,0.0,0.0,0.0,0.0,0.0,0.0,0.0,8243.0550589745,202.88226184758645,0.85,0.0,0.0,0.0
55,greedy,node-027,0.0,0.0,0.0,0.0,0.0,0.0,0.0,0.0,8243.0550589745,202.88226184758645,0.85,0.0,0.0,0.0
55,greedy,node-028,0.0,0.0,0.0,0.0,0.0,0.0,0.0,0.0,8243.0550589745,202.88226184758645,0.85,0.0,0.0,0.0
55,greedy,node-029,0.0,0.0,0.0,0.0,0.0,0.0,0.0,0.0,8243.0550589745,202.88226184758645,0.85,0.0,0.0,0.0
55,trust_vcg,node-000,0.0,0.0,0.0,0.0,0.0,0.0,0.0,0.0,8243.0550589745,-559.6307661603323,0.85,0.0,0.0,0.0
55,trust_vcg,node-001,0.0,0.0,113.09584825689768,0.0,0.0,113095.84825689768,0.0,0.0,8243.0550589745,-559.6307661603323,0.85,-1686.9041517431021,0.0,0.0
55,trust_vcg,node-002,0.0,0.0,0.0,0.0,0.0,0.0,0.0,0.0,8243.0550589745,-559.6307661603323,0.85,0.0,0.0,0.0
55,trust_vcg,node-003,0.0,0.0,108.89614735754137,0.0,0.0,108896.14735754137,0.0,0.0,8243.0550589745,-559.6307661603323,0.85,-5539.4162035933305,0.0,0.0
55,trust_vcg,node-004,0.0,0.0,0.0,0.0,0.0,0.0,0.0,0.0,8243.0550589745,-559.6307661603323,0.85,-1102.080752917709,0.0,0.0
55,trust_vcg,node-005,0.0,0.0,0.0,0.0,0.0,0.0,0.0,0.0,8243.0550589745,-559.6307661603323,0.85,0.0,0.0,0.0
55,trust_vcg,node-006,0.0,0.0,0.0,0.0,0.0,0.0,0.0,0.0,8243.0550589745,-559.6307661603323,0.85,0.0,0.0,0.0
55,trust_vcg,node-007,0.0,0.0,0.0,0.0,0.0,0.0,0.0,0.0,8243.0550589745,-559.6307661603323,0.85,0.0,0.0,0.0
55,trust_vcg,node-008,147.34259189265242,46.4389250176286,410.2209891512736,2.8450299471061236,0.8966866314040836,7.920934361716419,-46.4389250176286,51.78946957747308,8243.0550589745,-559.6307661603323,0.85,-10989.779010848726,-14.734259189265252,46.4389250176286
55,trust_vcg,node-009,0.0,0.0,0.0,0.0,0.0,0.0,0.0,0.0,8243.0550589745,-559.6307661603323,0.85,0.0,0.0,0.0
55,trust_vcg,node-010,0.0,0.0,0.0,0.0,0.0,0.0,0.0,0.0,8243.0550589745,-559.6307661603323,0.85,0.0,0.0,0.0
55,trust_vcg,node-011,0.0,0.0,0.0,0.0,0.0,0.0,0.0,0.0,8243.0550589745,-559.6307661603323,0.85,0.0,0.0,0.0
55,trust_vcg,node-012,0.0,0.0,0.0,0.0,0.0,0.0,0.0,0.0,8243.0550589745,-559.6307661603323,0.85,0.0,0.0,0.0
55,trust_vcg,node-013,0.0,0.0,0.0,0.0,0.0,0.0,0.0,0.0,8243.0550589745,-559.6307661603323,0.85,0.0,0.0,0.0
55,trust_vcg,node-014,648.4466823744282,0.0,691.4422155880271,648446.6823744281,0.0,691442.2155880271,-648.4466823744282,-611.4202357378055,8243.0550589745,-559.6307661603323,0.85,-10407.43046222264,-5.553966995493397,648.4466823744282
55,trust_vcg,node-015,0.0,0.0,0.0,0.0,0.0,0.0,0.0,0.0,8243.0550589745,-559.6307661603323,0.85,0.0,0.0,0.0
55,trust_vcg,node-016,0.0,0.0,0.0,0.0,0.0,0.0,0.0,0.0,8243.0550589745,-559.6307661603323,0.85,0.0,0.0,0.0
55,trust_vcg,node-017,0.0,0.0,0.0,0.0,0.0,0.0,0.0,0.0,8243.0550589745,-559.6307661603323,0.85,0.0,0.0,0.0
55,trust_vcg,node-018,0.0,0.0,0.0,0.0,0.0,0.0,0.0,0.0,8243.0550589745,-559.6307661603323,0.85,0.0,0.0,0.0
55,trust_vcg,node-019,0.0,0.0,0.0,0.0,0.0,0.0,0.0,0.0,8243.0550589745,-559.6307661603323,0.85,0.0,0.0,0.0
55,trust_vcg,node-020,0.0,0.0,0.0,0.0,0.0,0.0,0.0,0.0,8243.0550589745,-559.6307661603323,0.85,0.0,0.0,0.0
55,trust_vcg,node-021,0.0,0.0,0.0,0.0,0.0,0.0,0.0,0.0,8243.0550589745,-559.6307661603323,0.85,-9988.651742154165,0.0,0.0
55,trust_vcg,node-022,0.0,0.0,0.0,0.0,0.0,0.0,0.0,0.0,8243.0550589745,-559.6307661603323,0.85,0.0,0.0,0.0
55,trust_vcg,node-023,0.0,0.0,0.0,0.0,0.0,0.0,0.0,0.0,8243.0550589745,-559.6307661603323,0.85,0.0,0.0,0.0
55,trust_vcg,node-024,0.0,0.0,0.0,0.0,0.0,0.0,0.0,0.0,8243.0550589745,-559.6307661603323,0.85,0.0,0.0,0.0
55,trust_vcg,node-025,0.0,0.0,108.7376725124096,0.0,0.0,108737.6725124096,0.0,0.0,8243.0550589745,-559.6307661603323,0.85,-1691.2623274875905,0.0,0.0
55,trust_vcg,node-026,0.0,0.0,0.0,0.0,0.0,0.0,0.0,0.0,8243.0550589745,-559.6307661603323,0.85,0.0,0.0,0.0
55,trust_vcg,node-027,0.0,0.0,0.0,0.0,0.0,0.0,0.0,0.0,8243.0550589745,-559.6307661603323,0.85,0.0,0.0,0.0
55,trust_vcg,node-028,0.0,0.0,0.0,0.0,0.0,0.0,0.0,0.0,8243.0550589745,-559.6307661603323,0.85,0.0,0.0,0.0
55,trust_vcg,node-029,0.0,0.0,0.0,0.0,0.0,0.0,0.0,0.0,8243.0550589745,-559.6307661603323,0.85,-1685.5647582922115,0.0,0.0
55,contingent,node-000,0.0,0.0,0.0,0.0,0.0,0.0,0.0,0.0,8243.0550589745,180.2233297132958,0.85,0.0,0.0,0.0
55,contingent,node-001,0.0,0.0,0.0,0.0,0.0,0.0,0.0,0.0,8243.0550589745,180.2233297132958,0.85,-147.61660697240924,0.0,0.0
55,contingent,node-002,0.0,0.0,0.0,0.0,0.0,0.0,0.0,0.0,8243.0550589745,180.2233297132958,0.85,0.0,0.0,0.0
55,contingent,node-003,0.0,0.0,8.907844007681778,0.0,0.0,8907.844007681777,0.0,0.0,8243.0550589745,180.2233297132958,0.85,-218.61035541971117,0.0,0.0
55,contingent,node-004,0.0,0.0,0.0,0.0,0.0,0.0,0.0,0.0,8243.0550589745,180.2233297132958,0.85,-22.880014753562598,0.0,0.0
55,contingent,node-005,0.0,0.0,0.0,0.0,0.0,0.0,0.0,0.0,8243.0550589745,180.2233297132958,0.85,0.0,0.0,0.0
55,contingent,node-006,0.0,0.0,0.0,0.0,0.0,0.0,0.0,0.0,8243.0550589745,180.2233297132958,0.85,0.0,0.0,0.0
55,contingent,node-007,0.0,0.0,0.0,0.0,0.0,0.0,0.0,0.0,8243.0550589745,180.2233297132958,0.85,0.0,0.0,0.0
55,contingent,node-008,135.54743935352292,0.0,135.54743935352292,1.0,0.0,1.0,37.319044758421306,135.54743935352292,8243.0550589745,180.2233297132958,0.85,-182.190788223842,-13.554743935352281,-37.319044758421306
55,contingent,node-009,0.0,0.0,0.0,0.0,0.0,0.0,0.0,0.0,8243.0550589745,180.2233297132958,0.85,0.0,0.0,0.0
55,contingent,node-010,0.0,0.0,0.0,0.0,0.0,0.0,0.0,0.0,8243.0550589745,180.2233297132958,0.85,0.0,0.0,0.0
55,contingent,node-011,0.0,0.0,0.0,0.0,0.0,0.0,0.0,0.0,8243.0550589745,180.2233297132958,0.85,0.0,0.0,0.0
55,contingent,node-012,0.0,0.0,0.0,0.0,0.0,0.0,0.0,0.0,8243.0550589745,180.2233297132958,0.85,0.0,0.0,0.0
55,contingent,node-013,0.0,0.0,0.0,0.0,0.0,0.0,0.0,0.0,8243.0550589745,180.2233297132958,0.85,0.0,0.0,0.0
55,contingent,node-014,11.168972589943223,6.370424739756934,38.13708231212719,0.25,0.14259200406429948,0.853638998686115,7.649443723150211,44.67589035977289,8243.0550589745,180.2233297132958,0.85,-231.15802211142517,-4.467589035977289,-7.649443723150211
55,contingent,node-015,0.0,0.0,0.0,0.0,0.0,0.0,0.0,0.0,8243.0550589745,180.2233297132958,0.85,0.0,0.0,0.0
55,contingent,node-016,0.0,0.0,0.0,0.0,0.0,0.0,0.0,0.0,8243.0550589745,180.2233297132958,0.85,0.0,0.0,0.0
55,contingent,node-017,0.0,0.0,0.0,0.0,0.0,0.0,0.0,0.0,8243.0550589745,180.2233297132958,0.85,0.0,0.0,0.0
55,contingent,node-018,0.0,0.0,0.0,0.0,0.0,0.0,0.0,0.0,8243.0550589745,180.2233297132958,0.85,0.0,0.0,0.0
55,contingent,node-019,0.0,0.0,0.0,0.0,0.0,0.0,0.0,0.0,8243.0550589745,180.2233297132958,0.85,0.0,0.0,0.0
55,contingent,node-020,0.0,0.0,0.0,0.0,0.0,0.0,0.0,0.0,8243.0550589745,180.2233297132958,0.85,0.0,0.0,0.0
55,contingent,node-021,0.0,0.0,0.0,0.0,0.0,0.0,0.0,0.0,8243.0550589745,180.2233297132958,0.85,-354.6069686166563,0.0,0.0
55,contingent,node-022,0.0,0.0,0.0,0.0,0.0,0.0,0.0,0.0,8243.0550589745,180.2233297132958,0.85,0.0,0.0,0.0
55,contingent,node-023,0.0,0.0,0.0,0.0,0.0,0.0,0.0,0.0,8243.0550589745,180.2233297132958,0.85,0.0,0.0,0.0
55,contingent,node-024,0.0,0.0,0.0,0.0,0.0,0.0,0.0,0.0,8243.0550589745,180.2233297132958,0.85,0.0,0.0,0.0
55,contingent,node-025,0.0,0.0,0.0,0.0,0.0,0.0,0.0,0.0,8243.0550589745,180.2233297132958,0.85,-165.0493099503615,0.0,0.0
55,contingent,node-026,0.0,0.0,0.0,0.0,0.0,0.0,0.0,0.0,8243.0550589745,180.2233297132958,0.85,0.0,0.0,0.0
55,contingent,node-027,0.0,0.0,0.0,0.0,0.0,0.0,0.0,0.0,8243.0550589745,180.2233297132958,0.85,0.0,0.0,0.0
55,contingent,node-028,0.0,0.0,0.0,0.0,0.0,0.0,0.0,0.0,8243.0550589745,180.2233297132958,0.85,0.0,0.0,0.0
55,contingent,node-029,0.0,0.0,0.0,0.0,0.0,0.0,0.0,0.0,8243.0550589745,180.2233297132958,0.85,-142.25903316884603,0.0,0.0
55,capped,node-000,0.0,0.0,0.0,0.0,0.0,0.0,0.0,0.0,8243.0550589745,202.88226184758645,0.85,0.0,0.0,0.0
55,capped,node-001,0.0,0.0,0.0,0.0,0.0,0.0,0.0,0.0,8243.0550589745,202.88226184758645,0.85,-36.90415174310231,0.0,0.0
55,capped,node-002,0.0,0.0,0.0,0.0,0.0,0.0,0.0,0.0,8243.0550589745,202.88226184758645,0.85,0.0,0.0,0.0
55,capped,node-003,0.0,0.0,8.907844007681778,0.0,0.0,8907.844007681777,0.0,0.0,8243.0550589745,202.88226184758645,0.85,-54.652588854927785,0.0,0.0
55,capped,node-004,0.0,0.0,0.0,0.0,0.0,0.0,0.0,0.0,8243.0550589745,202.88226184758645,0.85,-5.720003688390651,0.0,0.0
55,capped,node-005,0.0,0.0,0.0,0.0,0.0,0.0,0.0,0.0,8243.0550589745,202.88226184758645,0.85,0.0,0.0,0.0
55,capped,node-006,0.0,0.0,0.0,0.0,0.0,0.0,0.0,0.0,8243.0550589745,202.88226184758645,0.85,0.0,0.0,0.0
55,capped,node-007,0.0,0.0,0.0,0.0,0.0,0.0,0.0,0.0,8243.0550589745,202.88226184758645,0.85,0.0,0.0,0.0
55,capped,node-008,147.34259189265242,0.0,147.34259189265242,1.0,0.0,1.0,49.11419729755081,147.34259189265242,8243.0550589745,202.88226184758645,0.85,-85.33213316390598,-14.734259189265238,-49.11419729755081
55,capped,node-009,0.0,0.0,0.0,0.0,0.0,0.0,0.0,0.0,8243.0550589745,202.88226184758645,0.85,0.0,0.0,0.0
55,capped,node-010,0.0,0.0,0.0,0.0,0.0,0.0,0.0,0.0,8243.0550589745,202.88226184758645,0.85,0.0,0.0,0.0
55,capped,node-011,0.0,0.0,0.0,0.0,0.0,0.0,0.0,0.0,8243.0550589745,202.88226184758645,0.85,0.0,0.0,0.0
55,capped,node-012,0.0,0.0,0.0,0.0,0.0,0.0,0.0,0.0,8243.0550589745,202.88226184758645,0.85,0.0,0.0,0.0
55,capped,node-013,0.0,0.0,0.0,0.0,0.0,0.0,0.0,0.0,8243.0550589745,202.88226184758645,0.85,0.0,0.0,0.0
55,capped,node-014,13.88491748873351,17.1941976056988,49.000861907288325,0.25000000000000006,0.30958407962543727,0.8822677906989469,18.513223318311343,55.53966995493403,8243.0550589745,202.88226184758645,0.85,-74.39036791538008,-5.553966995493402,-18.513223318311343
55,capped,node-015,0.0,0.0,0.0,0.0,0.0,0.0,0.0,0.0,8243.0550589745,202.88226184758645,0.85,0.0,0.0,0.0
55,capped,node-016,0.0,0.0,0.0,0.0,0.0,0.0,0.0,0.0,8243.0550589745,202.88226184758645,0.85,0.0,0.0,0.0
55,capped,node-017,0.0,0.0,0.0,0.0,0.0,0.0,0.0,0.0,8243.0550589745,202.88226184758645,0.85,0.0,0.0,0.0
55,capped,node-018,0.0,0.0,0.0,0.0,0.0,0.0,0.0,0.0,8243.0550589745,202.88226184758645,0.85,0.0,0.0,0.0
55,capped,node-019,0.0,0.0,0.0,0.0,0.0,0.0,0.0,0.0,8243.0550589745,202.88226184758645,0.85,0.0,0.0,0.0
55,capped,node-020,0.0,0.0,0.0,0.0,0.0,0.0,0.0,0.0,8243.0550589745,202.88226184758645,0.85,0.0,0.0,0.0
55,capped,node-021,0.0,0.0,0.0,0.0,0.0,0.0,0.0,0.0,8243.0550589745,202.88226184758645,0.85,-88.65174215416405,0.0,0.0
55,capped,node-022,0.0,0.0,0.0,0.0,0.0,0.0,0.0,0.0,8243.0550589745,202.88226184758645,0.85,0.0,0.0,0.0
55,capped,node-023,0.0,0.0,0.0,0.0,0.0,0.0,0.0,0.0,8243.0550589745,202.88226184758645,0.85,0.0,0.0,0.0
55,capped,node-024,0.0,0.0,0.0,0.0,0.0,0.0,0.0,0.0,8243.0550589745,202.88226184758645,0.85,0.0,0.0,0.0
55,capped,node-025,0.0,0.0,0.0,0.0,0.0,0.0,0.0,0.0,8243.0550589745,202.88226184758645,0.85,-41.26232748759038,0.0,0.0
55,capped,node-026,0.0,0.0,0.0,0.0,0.0,0.0,0.0,0.0,8243.0550589745,202.88226184758645,0.85,0.0,0.0,0.0
55,capped,node-027,0.0,0.0,0.0,0.0,0.0,0.0,0.0,0.0,8243.0550589745,202.88226184758645,0.85,0.0,0.0,0.0
55,capped,node-028,0.0,0.0,0.0,0.0,0.0,0.0,0.0,0.0,8243.0550589745,202.88226184758645,0.85,0.0,0.0,0.0
55,capped,node-029,0.0,0.0,0.0,0.0,0.0,0.0,0.0,0.0,8243.0550589745,202.88226184758645,0.85,-35.56475829221151,0.0,0.0
55,proper_scoring,node-000,0.0,0.0,0.0,0.0,0.0,0.0,0.0,0.0,8243.0550589745,1018.7674002961962,0.85,0.0,0.0,0.0
55,proper_scoring,node-001,0.0,0.0,113.09584825689768,0.0,0.0,113095.84825689768,0.0,0.0,8243.0550589745,1018.7674002961962,0.85,-147.61660697240924,0.0,0.0
55,proper_scoring,node-002,0.0,0.0,0.0,0.0,0.0,0.0,0.0,0.0,8243.0550589745,1018.7674002961962,0.85,0.0,0.0,0.0
55,proper_scoring,node-003,0.0,0.0,243.98064603247212,0.0,0.0,243980.6460324721,0.0,0.0,8243.0550589745,1018.7674002961962,0.85,-218.61035541971117,0.0,0.0
55,proper_scoring,node-004,0.0,0.0,35.66572697021651,0.0,0.0,35665.72697021651,0.0,0.0,8243.0550589745,1018.7674002961962,0.85,-22.880014753562598,0.0,0.0
55,proper_scoring,node-005,0.0,0.0,0.0,0.0,0.0,0.0,0.0,0.0,8243.0550589745,1018.7674002961962,0.85,0.0,0.0,0.0
55,proper_scoring,node-006,0.0,0.0,0.0,0.0,0.0,0.0,0.0,0.0,8243.0550589745,1018.7674002961962,0.85,0.0,0.0,0.0
55,proper_scoring,node-007,0.0,0.0,0.0,0.0,0.0,0.0,0.0,0.0,8243.0550589745,1018.7674002961962,0.85,0.0,0.0,0.0
55,proper_scoring,node-008,135.54743935352298,0.5843406215196296,421.14978372717843,0.23171964120017605,0.0009989358692647056,0.719959574612629,486.7347041369017,584.9630987320033,8243.0550589745,1018.7674002961962,0.85,-631.6064476023224,-13.554743935352235,-486.7347041369017
55,proper_scoring,node-009,0.0,0.0,0.0,0.0,0.0,0.0,0.0,0.0,8243.0550589745,1018.7674002961962,0.85,0.0,0.0,0.0
55,proper_scoring,node-010,0.0,0.0,0.0,0.0,0.0,0.0,0.0,0.0,8243.0550589745,1018.7674002961962,0.85,0.0,0.0,0.0
55,proper_scoring,node-011,0.0,0.0,0.0,0.0,0.0,0.0,0.0,0.0,8243.0550589745,1018.7674002961962,0.85,0.0,0.0,0.0
55,proper_scoring,node-012,0.0,0.0,0.0,0.0,0.0,0.0,0.0,0.0,8243.0550589745,1018.7674002961962,0.85,0.0,0.0,0.0
55,proper_scoring,node-013,0.0,0.0,0.0,0.0,0.0,0.0,0.0,0.0,8243.0550589745,1018.7674002961962,0.85,0.0,0.0,0.0
55,proper_scoring,node-014,11.16897258994328,167.24201353533704,464.8950530251369,0.025746569477690003,0.38552410138005305,1.0716699934713378,396.77785492757016,433.80430156419294,8243.0550589745,1018.7674002961962,0.85,-620.2864333158451,-4.467589035977312,-396.77785492757016
55,proper_scoring,node-015,0.0,0.0,0.0,0.0,0.0,0.0,0.0,0.0,8243.0550589745,1018.7674002961962,0.85,0.0,0.0,0.0
55,proper_scoring,node-016,0.0,0.0,0.0,0.0,0.0,0.0,0.0,0.0,8243.0550589745,1018.7674002961962,0.85,0.0,0.0,0.0
55,proper_scoring,node-017,0.0,0.0,0.0,0.0,0.0,0.0,0.0,0.0,8243.0550589745,1018.7674002961962,0.85,0.0,0.0,0.0
55,proper_scoring,node-018,0.0,0.0,0.0,0.0,0.0,0.0,0.0,0.0,8243.0550589745,1018.7674002961962,0.85,0.0,0.0,0.0
55,proper_scoring,node-019,0.0,0.0,0.0,0.0,0.0,0.0,0.0,0.0,8243.0550589745,1018.7674002961962,0.85,0.0,0.0,0.0
55,proper_scoring,node-020,0.0,0.0,0.0,0.0,0.0,0.0,0.0,0.0,8243.0550589745,1018.7674002961962,0.85,0.0,0.0,0.0
55,proper_scoring,node-021,0.0,0.0,578.3065846511147,0.0,0.0,578306.5846511147,0.0,0.0,8243.0550589745,1018.7674002961962,0.85,-354.6069686166563,0.0,0.0
55,proper_scoring,node-022,0.0,0.0,0.0,0.0,0.0,0.0,0.0,0.0,8243.0550589745,1018.7674002961962,0.85,0.0,0.0,0.0
55,proper_scoring,node-023,0.0,0.0,0.0,0.0,0.0,0.0,0.0,0.0,8243.0550589745,1018.7674002961962,0.85,0.0,0.0,0.0
55,proper_scoring,node-024,0.0,0.0,0.0,0.0,0.0,0.0,0.0,0.0,8243.0550589745,1018.7674002961962,0.85,0.0,0.0,0.0
55,proper_scoring,node-025,0.0,0.0,108.7376725124096,0.0,0.0,108737.6725124096,0.0,0.0,8243.0550589745,1018.7674002961962,0.85,-165.0493099503615,0.0,0.0
55,proper_scoring,node-026,0.0,0.0,0.0,0.0,0.0,0.0,0.0,0.0,8243.0550589745,1018.7674002961962,0.85,0.0,0.0,0.0
55,proper_scoring,node-027,0.0,0.0,0.0,0.0,0.0,0.0,0.0,0.0,8243.0550589745,1018.7674002961962,0.85,0.0,0.0,0.0
55,proper_scoring,node-028,0.0,0.0,0.0,0.0,0.0,0.0,0.0,0.0,8243.0550589745,1018.7674002961962,0.85,0.0,0.0,0.0
55,proper_scoring,node-029,0.0,0.0,29.76099110661331,0.0,0.0,29760.99110661331,0.0,0.0,8243.0550589745,1018.7674002961962,0.85,-142.25903316884603,0.0,0.0
55,audits,node-000,0.0,0.0,0.0,0.0,0.0,0.0,0.0,0.0,8243.0550589745,940.3692338396676,0.85,0.0,0.0,0.0
55,audits,node-001,0.0,0.0,113.09584825689768,0.0,0.0,113095.84825689768,0.0,0.0,8243.0550589745,940.3692338396676,0.85,-186.90415174310232,0.0,0.0
55,audits,node-002,0.0,0.0,0.0,0.0,0.0,0.0,0.0,0.0,8243.0550589745,940.3692338396676,0.85,0.0,0.0,0.0
55,audits,node-003,0.0,0.0,149.87738844805978,0.0,0.0,149877.38844805976,0.0,0.0,8243.0550589745,940.3692338396676,0.85,-1539.4162035933311,0.0,0.0
55,audits,node-004,0.0,0.0,0.0,0.0,0.0,0.0,0.0,0.0,8243.0550589745,940.3692338396676,0.85,-102.08075291770926,0.0,0.0
55,audits,node-005,0.0,0.0,0.0,0.0,0.0,0.0,0.0,0.0,8243.0550589745,940.3692338396676,0.85,0.0,0.0,0.0
55,audits,node-006,0.0,0.0,0.0,0.0,0.0,0.0,0.0,0.0,8243.0550589745,940.3692338396676,0.85,0.0,0.0,0.0
55,audits,node-007,0.0,0.0,0.0,0.0,0.0,0.0,0.0,0.0,8243.0550589745,940.3692338396676,0.85,0.0,0.0,0.0
55,audits,node-008,147.34259189265254,0.0,410.22098915127356,0.267026828194961,0.0,0.7434375097179654,453.56107498237134,551.789469577473,8243.0550589745,940.3692338396676,0.85,-2989.7790108487256,-14.734259189265174,-453.56107498237134
55,audits,node-009,0.0,0.0,0.0,0.0,0.0,0.0,0.0,0.0,8243.0550589745,940.3692338396676,0.85,0.0,0.0,0.0
55,audits,node-010,0.0,0.0,0.0,0.0,0.0,0.0,0.0,0.0,8243.0550589745,940.3692338396676,0.85,0.0,0.0,0.0
55,audits,node-011,0.0,0.0,0.0,0.0,0.0,0.0,0.0,0.0,8243.0550589745,940.3692338396676,0.85,0.0,0.0,0.0
55,audits,node-012,0.0,0.0,0.0,0.0,0.0,0.0,0.0,0.0,8243.0550589745,940.3692338396676,0.85,0.0,0.0,0.0
55,audits,node-013,0.0,0.0,0.0,0.0,0.0,0.0,0.0,0.0,8243.0550589745,940.3692338396676,0.85,0.0,0.0,0.0
55,audits,node-014,13.88491748873355,0.0,27.769834977467042,0.035732476998891496,0.0,0.07146495399778285,351.5533176255718,388.5797642621946,8243.0550589745,940.3692338396676,0.85,-2907.4304622226405,-5.553966995493397,-351.5533176255718
55,audits,node-015,0.0,0.0,0.0,0.0,0.0,0.0,0.0,0.0,8243.0550589745,940.3692338396676,0.85,0.0,0.0,0.0
55,audits,node-016,0.0,0.0,0.0,0.0,0.0,0.0,0.0,0.0,8243.0550589745,940.3692338396676,0.85,0.0,0.0,0.0
55,audits,node-017,0.0,0.0,0.0,0.0,0.0,0.0,0.0,0.0,8243.0550589745,940.3692338396676,0.85,0.0,0.0,0.0
55,audits,node-018,0.0,0.0,0.0,0.0,0.0,0.0,0.0,0.0,8243.0550589745,940.3692338396676,0.85,0.0,0.0,0.0
55,audits,node-019,0.0,0.0,0.0,0.0,0.0,0.0,0.0,0.0,8243.0550589745,940.3692338396676,0.85,0.0,0.0,0.0
55,audits,node-020,0.0,0.0,0.0,0.0,0.0,0.0,0.0,0.0,8243.0550589745,940.3692338396676,0.85,0.0,0.0,0.0
55,audits,node-021,0.0,0.0,416.76899880031544,0.0,0.0,416768.9988003154,0.0,0.0,8243.0550589745,940.3692338396676,0.85,-2488.651742154164,0.0,0.0
55,audits,node-022,0.0,0.0,0.0,0.0,0.0,0.0,0.0,0.0,8243.0550589745,940.3692338396676,0.85,0.0,0.0,0.0
55,audits,node-023,0.0,0.0,0.0,0.0,0.0,0.0,0.0,0.0,8243.0550589745,940.3692338396676,0.85,0.0,0.0,0.0
55,audits,node-024,0.0,0.0,0.0,0.0,0.0,0.0,0.0,0.0,8243.0550589745,940.3692338396676,0.85,0.0,0.0,0.0
55,audits,node-025,0.0,0.0,108.7376725124096,0.0,0.0,108737.6725124096,0.0,0.0,8243.0550589745,940.3692338396676,0.85,-191.2623274875904,0.0,0.0
55,audits,node-026,0.0,0.0,0.0,0.0,0.0,0.0,0.0,0.0,8243.0550589745,940.3692338396676,0.85,0.0,0.0,0.0
55,audits,node-027,0.0,0.0,0.0,0.0,0.0,0.0,0.0,0.0,8243.0550589745,940.3692338396676,0.85,0.0,0.0,0.0
55,audits,node-028,0.0,0.0,0.0,0.0,0.0,0.0,0.0,0.0,8243.0550589745,940.3692338396676,0.85,0.0,0.0,0.0
55,audits,node-029,0.0,0.0,14.435241707788492,0.0,0.0,14435.241707788491,0.0,0.0,8243.0550589745,940.3692338396676,0.85,-185.56475829221154,0.0,0.0
50,greedy,node-000,0.0,0.0,0.0,0.0,0.0,0.0,0.0,0.0,7298.7308952929,278.9045752367321,0.7,0.0,0.0,-13.389062420246356
50,greedy,node-001,0.0,0.0,0.0,0.0,0.0,0.0,0.0,0.0,7298.7308952929,278.9045752367321,0.7,-13.389062420246356,0.0,0.0
50,greedy,node-002,0.0,0.0,0.0,0.0,0.0,0.0,0.0,0.0,7298.7308952929,278.9045752367321,0.7,0.0,0.0,0.0
50,greedy,node-003,0.0,0.0,0.0,0.0,0.0,0.0,0.0,0.0,7298.7308952929,278.9045752367321,0.7,0.0,0.0,0.0
50,greedy,node-004,0.0,0.0,0.0,0.0,0.0,0.0,0.0,0.0,7298.7308952929,278.9045752367321,0.7,-35.67080193396704,0.0,0.0
50,greedy,node-005,0.0,0.0,0.0,0.0,0.0,0.0,0.0,0.0,7298.7308952929,278.9045752367321,0.7,0.0,0.0,0.0
50,greedy,node-006,5.075691326982408,0.0,5.075691326982408,5075.691326982408,0.0,5075.691326982408,0.0,0.0,7298.7308952929,278.9045752367321,0.7,-41.414539188630556,0.0,0.0
50,greedy,node-007,0.0,0.0,0.0,0.0,0.0,0.0,0.0,0.0,7298.7308952929,278.9045752367321,0.7,0.0,0.0,0.0
50,greedy,node-008,0.0,0.0,0.0,0.0,0.0,0.0,0.0,0.0,7298.7308952929,278.9045752367321,0.7,0.0,0.0,0.0
50,greedy,node-009,0.0,0.0,0.0,0.0,0.0,0.0,0.0,0.0,7298.7308952929,278.9045752367321,0.7,0.0,0.0,0.0
50,greedy,node-010,0.0,0.0,0.0,0.0,0.0,0.0,0.0,0.0,7298.7308952929,278.9045752367321,0.7,0.0,0.0,0.0
50,greedy,node-011,0.0,0.0,0.0,0.0,0.0,0.0,0.0,0.0,7298.7308952929,278.9045752367321,0.7,0.0,0.0,0.0
50,greedy,node-012,0.0,0.0,0.0,0.0,0.0,0.0,0.0,0.0,7298.7308952929,278.9045752367321,0.7,-47.96194397864623,0.0,0.0
50,greedy,node-013,0.0,0.0,0.0,0.0,0.0,0.0,0.0,0.0,7298.7308952929,278.9045752367321,0.7,0.0,0.0,0.0
50,greedy,node-014,18.303901788635144,0.0,18.303901788635144,0.09567364740767621,0.0,0.09567364740767621,63.77200787812953,191.3160236343886,7298.7308952929,278.9045752367321,0.7,-108.2189331441413,-15.368451276207168,-63.77200787812953
50,greedy,node-015,0.0,0.0,0.0,0.0,0.0,0.0,0.0,0.0,7298.7308952929,278.9045752367321,0.7,0.0,0.0,0.0
50,greedy,node-016,0.0,0.0,0.0,0.0,0.0,0.0,0.0,0.0,7298.7308952929,278.9045752367321,0.7,0.0,0.0,0.0
50,greedy,node-017,0.0,0.0,0.0,0.0,0.0,0.0,0.0,0.0,7298.7308952929,278.9045752367321,0.7,-52.548930371978926,0.0,0.0
50,greedy,node-018,0.0,0.0,0.0,0.0,0.0,0.0,0.0,0.0,7298.7308952929,278.9045752367321,0.7,0.0,0.0,0.0
50,greedy,node-019,0.0,0.0,0.0,0.0,0.0,0.0,0.0,0.0,7298.7308952929,278.9045752367321,0.7,0.0,0.0,0.0
50,greedy,node-020,0.0,0.0,0.0,0.0,0.0,0.0,0.0,0.0,7298.7308952929,278.9045752367321,0.7,-23.49911732413309,0.0,0.0
50,greedy,node-021,0.0,0.0,0.0,0.0,0.0,0.0,0.0,0.0,7298.7308952929,278.9045752367321,0.7,-54.17095760595913,0.0,0.0
50,greedy,node-022,0.0,0.0,0.0,0.0,0.0,0.0,0.0,0.0,7298.7308952929,278.9045752367321,0.7,0.0,0.0,0.0
50,greedy,node-023,13.230401438089885,0.0,13.230401438089885,0.15105172075634474,0.0,0.15105172075634474,29.196183867447836,87.58855160234351,7298.7308952929,278.9045752367321,0.7,-69.20699294244298,-0.4620214033806107,-29.196183867447836
50,greedy,node-024,0.0,0.0,0.0,0.0,0.0,0.0,0.0,0.0,7298.7308952929,278.9045752367321,0.7,-61.19251948413877,0.0,0.0
50,greedy,node-025,0.0,0.0,0.0,0.0,0.0,0.0,0.0,0.0,7298.7308952929,278.9045752367321,0.7,0.0,0.0,0.0
50,greedy,node-026,0.0,0.0,0.0,0.0,0.0,0.0,0.0,0.0,7298.7308952929,278.9045752367321,0.7,-43.15400054731232,0.0,0.0
50,greedy,node-027,0.0,0.0,0.0,0.0,0.0,0.0,0.0,0.0,7298.7308952929,278.9045752367321,0.7,0.0,0.0,0.0
50,greedy,node-028,0.0,0.0,0.0,0.0,0.0,0.0,0.0,0.0,7298.7308952929,278.9045752367321,0.7,0.0,0.0,0.0
50,greedy,node-029,0.0,0.0,0.0,0.0,0.0,0.0,0.0,0.0,7298.7308952929,278.9045752367321,0.7,0.0,0.0,0.0
50,trust_vcg,node-000,0.0,0.0,0.0,0.0,0.0,0.0,0.0,0.0,8549.08315106123,934.759069147459,0.9473684210526315,0.0,0.0,90.54903808115023
50,trust_vcg,node-001,90.54903808115023,0.0,160.225377539069,90549.03808115023,0.0,160225.37753906898,0.0,0.0,8549.08315106123,934.759069147459,0.9473684210526315,-8876.552527299766,0.0,0.0
50,trust_vcg,node-002,0.0,0.0,0.0,0.0,0.0,0.0,0.0,0.0,8549.08315106123,934.759069147459,0.9473684210526315,0.0,0.0,0.0
50,trust_vcg,node-003,0.0,0.0,0.0,0.0,0.0,0.0,0.0,0.0,8549.08315106123,934.759069147459,0.9473684210526315,0.0,0.0,0.0
50,trust_vcg,node-004,177.34315918089138,630.326516218036,663.1135412439824,177343.15918089138,630326.516218036,663113.5412439824,0.0,0.0,8549.08315106123,934.759069147459,0.9473684210526315,-6672.475148719175,0.0,0.0
50,trust_vcg,node-005,0.0,0.0,0.0,0.0,0.0,0.0,0.0,0.0,8549.08315106123,934.759069147459,0.9473684210526315,0.0,0.0,0.0
50,trust_vcg,node-006,169.6516681280438,0.0,192.78075914822523,9.165319971072542,0.0,10.414853926023271,-53.83974263400129,18.51017407613658,8549.08315106123,934.759069147459,0.9473684210526315,-11037.788430988823,147.96071569190389,53.83974263400129
50,trust_vcg,node-007,0.0,0.0,212.61382306724371,0.0,0.0,212613.8230672437,0.0,0.0,8549.08315106123,934.759069147459,0.9473684210526315,-9382.969930543532,0.0,0.0
50,trust_vcg,node-008,0.0,0.0,0.0,0.0,0.0,0.0,0.0,0.0,8549.08315106123,934.759069147459,0.9473684210526315,0.0,0.0,0.0
50,trust_vcg,node-009,0.0,0.0,0.0,0.0,0.0,0.0,0.0,0.0,8549.08315106123,934.759069147459,0.9473684210526315,0.0,0.0,0.0
50,trust_vcg,node-010,0.0,0.0,0.0,0.0,0.0,0.0,0.0,0.0,8549.08315106123,934.759069147459,0.9473684210526315,-2242.6366265784,0.0,0.0
50,trust_vcg,node-011,0.0,0.0,0.0,0.0,0.0,0.0,0.0,0.0,8549.08315106123,934.759069147459,0.9473684210526315,0.0,0.0,0.0
50,trust_vcg,node-012,43.68231268125763,0.0,43.68231268125763,43682.31268125763,0.0,43682.31268125763,0.0,0.0,8549.08315106123,934.759069147459,0.9473684210526315,-5559.155492734387,0.0,0.0
50,trust_vcg,node-013,0.0,0.0,230.41336464253283,0.0,0.0,230413.36464253283,0.0,0.0,8549.08315106123,934.759069147459,0.9473684210526315,-3369.5866353574675,0.0,0.0
50,trust_vcg,node-014,0.0,0.0,0.0,0.0,0.0,0.0,0.0,0.0,8549.08315106123,934.759069147459,0.9473684210526315,-5484.735636294406,0.0,0.0
50,trust_vcg,node-015,0.0,0.0,47.33358140342787,0.0,0.0,47333.581403427874,0.0,0.0,8549.08315106123,934.759069147459,0.9473684210526315,-1152.6664185965722,0.0,0.0
50,trust_vcg,node-016,160.6718345120833,0.0,160.6718345120833,160671.8345120833,0.0,160671.8345120833,0.0,0.0,8549.08315106123,934.759069147459,0.9473684210526315,-3366.7974401264655,0.0,0.0
50,trust_vcg,node-017,0.0,9.473774770016732,23.996696476556863,0.0,9473.774770016731,23996.696476556863,0.0,0.0,8549.08315106123,934.759069147459,0.9473684210526315,-5503.162047587607,0.0,0.0
50,trust_vcg,node-018,0.0,0.0,0.0,0.0,0.0,0.0,0.0,0.0,8549.08315106123,934.759069147459,0.9473684210526315,-2241.1369975326857,0.0,0.0
50,trust_vcg,node-019,0.0,0.0,0.0,0.0,0.0,0.0,0.0,0.0,8549.08315106123,934.759069147459,0.9473684210526315,-5614.600840321862,0.0,0.0
50,trust_vcg,node-020,0.0,0.0,0.0,0.0,0.0,0.0,0.0,0.0,8549.08315106123,934.759069147459,0.9473684210526315,-8777.924108962152,0.0,0.0
50,trust_vcg,node-021,266.0773007549786,608.3419152119183,623.8560018720733,266077.30075497855,608341.9152119183,623856.0018720733,0.0,0.0,8549.08315106123,934.759069147459,0.9473684210526315,-5554.170957605958,0.0,0.0
50,trust_vcg,node-022,0.0,0.0,314.9616261320492,0.0,0.0,314961.6261320492,0.0,0.0,8549.08315106123,934.759069147459,0.9473684210526315,-4485.038373867951,0.0,0.0
50,trust_vcg,node-023,46.067414768001726,405.689973947539,583.3374691189963,46067.41476800173,405689.973947539,583337.4691189963,0.0,0.0,8549.08315106123,934.759069147459,0.9473684210526315,-11033.449132982141,0.0,0.0
50,trust_vcg,node-024,0.0,0.0,0.0,0.0,0.0,0.0,0.0,0.0,8549.08315106123,934.759069147459,0.9473684210526315,-5486.893783567974,0.0,0.0
50,trust_vcg,node-025,0.0,0.0,0.0,0.0,0.0,0.0,0.0,0.0,8549.08315106123,934.759069147459,0.9473684210526315,0.0,0.0,0.0
50,trust_vcg,node-026,130.68441504685853,0.0,130.68441504685853,130684.41504685853,0.0,130684.41504685853,0.0,0.0,8549.08315106123,934.759069147459,0.9473684210526315,-5563.821442441866,0.0,0.0
50,trust_vcg,node-027,0.0,0.0056001762103505826,0.0056001762103505826,0.0,6.112068718963809e-06,6.112068718963809e-06,605.4125649063004,916.2488950713223,8549.08315106123,934.759069147459,0.9473684210526315,-6188.746644398167,-46.625449524753094,-605.4125649063004
50,trust_vcg,node-028,0.0,0.0,114.59210209928929,0.0,0.0,114592.10209928929,0.0,0.0,8549.08315106123,934.759069147459,0.9473684210526315,-1685.4078979007109,0.0,0.0
50,trust_vcg,node-029,0.0,0.0,0.0,0.0,0.0,0.0,0.0,0.0,8549.08315106123,934.759069147459,0.9473684210526315,0.0,0.0,0.0
50,contingent,node-000,0.0,0.0,0.0,0.0,0.0,0.0,0.0,0.0,8549.08315106123,564.5305372169872,0.9473684210526315,0.0,0.0,-4.106602842180102
50,contingent,node-001,0.0,0.0,10.225377539068994,0.0,0.0,10225.377539068993,0.0,0.0,8549.08315106123,564.5305372169872,0.9473684210526315,-306.2101091990665,0.0,0.0
50,contingent,node-002,0.0,0.0,0.0,0.0,0.0,0.0,0.0,0.0,8549.08315106123,564.5305372169872,0.9473684210526315,0.0,0.0,0.0
50,contingent,node-003,0.0,0.0,0.0,0.0,0.0,0.0,0.0,0.0,8549.08315106123,564.5305372169872,0.9473684210526315,0.0,0.0,0.0
50,contingent,node-004,0.0,130.32651621803615,213.11354124398238,0.0,130326.51621803615,213113.54124398238,0.0,0.0,8549.08315106123,564.5305372169872,0.9473684210526315,-289.90059487670436,0.0,0.0
50,contingent,node-005,0.0,0.0,0.0,0.0,0.0,0.0,0.0,0.0,8549.08315106123,564.5305372169872,0.9473684210526315,0.0,0.0,0.0
50,contingent,node-006,8.521652405400868,0.0,97.64164161127913,0.08671139206083933,0.0,0.9935447099266316,25.926125259316766,98.27604196945448,8549.08315106123,564.5305372169872,0.9473684210526315,-392.4388197506194,2.2200605113075333,-25.926125259316766
50,contingent,node-007,0.0,0.0,12.715235077177837,0.0,0.0,12715.235077177837,0.0,0.0,8549.08315106123,564.5305372169872,0.9473684210526315,-346.7034342100921,0.0,0.0
50,contingent,node-008,0.0,0.0,0.0,0.0,0.0,0.0,0.0,0.0,8549.08315106123,564.5305372169872,0.9473684210526315,0.0,0.0,0.0
50,contingent,node-009,0.0,0.0,0.0,0.0,0.0,0.0,0.0,0.0,8549.08315106123,564.5305372169872,0.9473684210526315,0.0,0.0,0.0
50,contingent,node-010,0.0,0.0,0.0,0.0,0.0,0.0,0.0,0.0,8549.08315106123,564.5305372169872,0.9473684210526315,-174.11386889839127,0.0,0.0
50,contingent,node-011,0.0,0.0,0.0,0.0,0.0,0.0,0.0,0.0,8549.08315106123,564.5305372169872,0.9473684210526315,0.0,0.0,0.0
50,contingent,node-012,0.0,71.30753866062823,148.2899160601715,0.0,71307.53866062823,148289.9160601715,0.0,0.0,8549.08315106123,564.5305372169872,0.9473684210526315,-236.62197093754472,0.0,0.0
50,contingent,node-013,0.0,0.0,0.0,0.0,0.0,0.0,0.0,0.0,8549.08315106123,564.5305372169872,0.9473684210526315,-278.34654142986864,0.0,0.0
50,contingent,node-014,0.0,15.551687261902655,92.47546889560019,0.0,15551.687261902654,92475.46889560019,0.0,0.0,8549.08315106123,564.5305372169872,0.9473684210526315,-138.2958760054925,0.0,0.0
50,contingent,node-015,0.0,0.0,0.0,0.0,0.0,0.0,0.0,0.0,8549.08315106123,564.5305372169872,0.9473684210526315,-210.66567438628852,0.0,0.0
50,contingent,node-016,0.0,0.0,0.0,0.0,0.0,0.0,0.0,0.0,8549.08315106123,564.5305372169872,0.9473684210526315,-267.18976050586247,0.0,0.0
50,contingent,node-017,0.0,57.48733374293336,110.04509322673066,0.0,57487.333742933355,110045.09322673065,0.0,0.0,8549.08315106123,564.5305372169872,0.9473684210526315,-210.1957214879157,0.0,0.0
50,contingent,node-018,0.0,0.0,0.0,0.0,0.0,0.0,0.0,0.0,8549.08315106123,564.5305372169872,0.9473684210526315,-164.54799013074378,0.0,0.0
50,contingent,node-019,0.0,0.0,0.0,0.0,0.0,0.0,0.0,0.0,8549.08315106123,564.5305372169872,0.9473684210526315,-458.4033612874521,0.0,0.0
50,contingent,node-020,0.0,0.0,0.0,0.0,0.0,0.0,0.0,0.0,8549.08315106123,564.5305372169872,0.9473684210526315,-268.08650556603277,0.0,0.0
50,contingent,node-021,4.606642194455183,108.34191521191828,173.85600187207334,4606.642194455183,108341.91521191827,173856.00187207334,0.0,0.0,8549.08315106123,564.5305372169872,0.9473684210526315,-216.68383042383655,0.0,0.0
50,contingent,node-022,0.0,0.0,14.60083065396983,0.0,0.0,14600.83065396983,0.0,0.0,8549.08315106123,564.5305372169872,0.9473684210526315,-340.1534954718032,0.0,0.0
50,contingent,node-023,0.5281558420796078,55.777855118254436,73.509517905376,528.1558420796077,55777.85511825443,73509.517905376,0.0,0.0,8549.08315106123,564.5305372169872,0.9473684210526315,-312.0668241392278,0.0,0.0
50,contingent,node-024,0.0,0.0,0.0,0.0,0.0,0.0,0.0,0.0,8549.08315106123,564.5305372169872,0.9473684210526315,-265.7035852996253,0.0,0.0
50,contingent,node-025,0.0,0.0,0.0,0.0,0.0,0.0,0.0,0.0,8549.08315106123,564.5305372169872,0.9473684210526315,0.0,0.0,0.0
50,contingent,node-026,0.0,23.60294448230757,78.59355711643207,0.0,23602.944482307572,78593.55711643207,0.0,0.0,8549.08315106123,564.5305372169872,0.9473684210526315,-255.2857697674624,0.0,0.0
50,contingent,node-027,52.9199595443485,0.0,52.9199595443485,0.11350015942742495,0.0,0.11350015942742495,155.4181650825109,466.25449524753265,8549.08315106123,564.5305372169872,0.9473684210526315,-488.7544830499703,-46.625449524753236,-155.4181650825109
50,contingent,node-028,0.0,0.0,0.0,0.0,0.0,0.0,0.0,0.0,8549.08315106123,564.5305372169872,0.9473684210526315,-141.63159160284292,0.0,0.0
50,contingent,node-029,0.0,0.0,0.0,0.0,0.0,0.0,0.0,0.0,8549.08315106123,564.5305372169872,0.9473684210526315,0.0,0.0,0.0
50,capped,node-000,0.0,0.0,0.0,0.0,0.0,0.0,0.0,0.0,8549.08315106123,574.7793703127393,0.9473684210526315,0.0,0.0,-4.106602842180102
50,capped,node-001,0.0,0.0,10.225377539068994,0.0,0.0,10225.377539068993,0.0,0.0,8549.08315106123,574.7793703127393,0.9473684210526315,-76.55252729976664,0.0,0.0
50,capped,node-002,0.0,0.0,0.0,0.0,0.0,0.0,0.0,0.0,8549.08315106123,574.7793703127393,0.9473684210526315,0.0,0.0,0.0
50,capped,node-003,0.0,0.0,0.0,0.0,0.0,0.0,0.0,0.0,8549.08315106123,574.7793703127393,0.9473684210526315,0.0,0.0,0.0
50,capped,node-004,0.0,130.32651621803615,213.11354124398238,0.0,130326.51621803615,213113.54124398238,0.0,0.0,8549.08315106123,574.7793703127393,0.9473684210526315,-72.47514871917609,0.0,0.0
50,capped,node-005,0.0,0.0,0.0,0.0,0.0,0.0,0.0,0.0,8549.08315106123,574.7793703127393,0.9473684210526315,0.0,0.0,0.0
50,capped,node-006,11.083860679338883,62.3175578307048,103.58036296349425,0.10213198285350898,0.5742237233008711,0.9544389053777629,36.17495835506887,108.52487506520659,8549.08315106123,574.7793703127393,0.9473684210526315,-127.80313197789452,1.1951772017323208,-36.17495835506887
50,capped,node-007,0.0,0.0,12.715235077177837,0.0,0.0,12715.235077177837,0.0,0.0,8549.08315106123,574.7793703127393,0.9473684210526315,-86.67585855252301,0.0,0.0
50,capped,node-008,0.0,0.0,0.0,0.0,0.0,0.0,0.0,0.0,8549.08315106123,574.7793703127393,0.9473684210526315,0.0,0.0,0.0
50,capped,node-009,0.0,0.0,0.0,0.0,0.0,0.0,0.0,0.0,8549.08315106123,574.7793703127393,0.9473684210526315,0.0,0.0,0.0
50,capped,node-010,0.0,0.0,0.0,0.0,0.0,0.0,0.0,0.0,8549.08315106123,574.7793703127393,0.9473684210526315,-43.52846722459782,0.0,0.0
50,capped,node-011,0.0,0.0,0.0,0.0,0.0,0.0,0.0,0.0,8549.08315106123,574.7793703127393,0.9473684210526315,0.0,0.0,0.0
50,capped,node-012,0.0,118.31098546877236,207.04422457035167,0.0,118310.98546877236,207044.22457035168,0.0,0.0,8549.08315106123,574.7793703127393,0.9473684210526315,-59.15549273438618,0.0,0.0
50,capped,node-013,0.0,0.0,0.0,0.0,0.0,0.0,0.0,0.0,8549.08315106123,574.7793703127393,0.9473684210526315,-69.58663535746717,0.0,0.0
50,capped,node-014,0.0,69.14793800274622,172.86984500686555,0.0,69147.93800274622,172869.84500686554,0.0,0.0,8549.08315106123,574.7793703127393,0.9473684210526315,-34.573969001373115,0.0,0.0
50,capped,node-015,0.0,0.0,0.0,0.0,0.0,0.0,0.0,0.0,8549.08315106123,574.7793703127393,0.9473684210526315,-52.66641859657213,0.0,0.0
50,capped,node-016,0.0,0.0,0.0,0.0,0.0,0.0,0.0,0.0,8549.08315106123,574.7793703127393,0.9473684210526315,-66.79744012646563,0.0,0.0
50,capped,node-017,0.0,105.09786074395782,169.5582519780113,0.0,105097.86074395782,169558.2519780113,0.0,0.0,8549.08315106123,574.7793703127393,0.9473684210526315,-52.548930371978926,0.0,0.0
50,capped,node-018,0.0,0.0,0.0,0.0,0.0,0.0,0.0,0.0,8549.08315106123,574.7793703127393,0.9473684210526315,-41.136997532685946,0.0,0.0
50,capped,node-019,0.0,0.0,23.341943185963387,0.0,0.0,23341.943185963388,0.0,0.0,8549.08315106123,574.7793703127393,0.9473684210526315,-114.60084032186305,0.0,0.0
50,capped,node-020,0.0,0.0,12.247539705790484,0.0,0.0,12247.539705790483,0.0,0.0,8549.08315106123,574.7793703127393,0.9473684210526315,-67.02162639150819,0.0,0.0
50,capped,node-021,4.606642194455183,108.34191521191828,173.85600187207334,4606.642194455183,108341.91521191827,173856.00187207334,0.0,0.0,8549.08315106123,574.7793703127393,0.9473684210526315,-54.17095760595913,0.0,0.0
50,capped,node-022,0.0,0.0,14.60083065396983,0.0,0.0,14600.83065396983,0.0,0.0,8549.08315106123,574.7793703127393,0.9473684210526315,-85.0383738679508,0.0,0.0
50,capped,node-023,0.5281558420796078,55.777855118254436,80.02161814999027,528.1558420796077,55777.85511825443,80021.61814999027,0.0,0.0,8549.08315106123,574.7793703127393,0.9473684210526315,-78.01670603480692,0.0,0.0
50,capped,node-024,0.0,0.0,28.25117447196443,0.0,0.0,28251.17447196443,0.0,0.0,8549.08315106123,574.7793703127393,0.9473684210526315,-66.42589632490632,0.0,0.0
50,capped,node-025,0.0,0.0,0.0,0.0,0.0,0.0,0.0,0.0,8549.08315106123,574.7793703127393,0.9473684210526315,0.0,0.0,0.0
50,capped,node-026,0.0,127.6428848837312,208.64348261821164,0.0,127642.8848837312,208643.48261821162,0.0,0.0,8549.08315106123,574.7793703127393,0.9473684210526315,-63.8214424418656,0.0,0.0
50,capped,node-027,52.9199595443485,0.0,52.9199595443485,0.11350015942742495,0.0,0.11350015942742495,155.4181650825109,466.25449524753265,8549.08315106123,574.7793703127393,0.9473684210526315,-238.75224457437577,-46.625449524753236,-155.4181650825109
50,capped,node-028,0.0,0.0,0.0,0.0,0.0,0.0,0.0,0.0,8549.08315106123,574.7793703127393,0.9473684210526315,-35.40789790071072,0.0,0.0
50,capped,node-029,0.0,0.0,0.0,0.0,0.0,0.0,0.0,0.0,8549.08315106123,574.7793703127393,0.9473684210526315,0.0,0.0,0.0
50,proper_scoring,node-000,0.0,0.0,0.0,0.0,0.0,0.0,0.0,0.0,8549.08315106123,1454.8215525112912,0.9473684210526315,0.0,0.0,90.54903808115023
50,proper_scoring,node-001,90.54903808115023,0.0,389.8768646704725,90549.03808115023,0.0,389876.8646704725,0.0,0.0,8549.08315106123,1454.8215525112912,0.9473684210526315,-306.2101091990665,0.0,0.0
50,proper_scoring,node-002,0.0,0.0,0.0,0.0,0.0,0.0,0.0,0.0,8549.08315106123,1454.8215525112912,0.9473684210526315,0.0,0.0,0.0
50,proper_scoring,node-003,0.0,0.0,0.0,0.0,0.0,0.0,0.0,0.0,8549.08315106123,1454.8215525112912,0.9473684210526315,0.0,0.0,0.0
50,proper_scoring,node-004,177.34315918089138,630.326516218036,663.1135412439824,177343.15918089138,630326.516218036,663113.5412439824,0.0,0.0,8549.08315106123,1454.8215525112912,0.9473684210526315,-289.90059487670436,0.0,0.0
50,proper_scoring,node-005,0.0,0.0,0.0,0.0,0.0,0.0,0.0,0.0,8549.08315106123,1454.8215525112912,0.9473684210526315,0.0,0.0,0.0
50,proper_scoring,node-006,133.80958795246192,258.4972365918503,374.2619419335125,0.2484522489286914,0.4799672486542141,0.6949144869561618,466.2227407298309,538.5726574399687,8549.08315106123,1454.8215525112912,0.9473684210526315,-828.9300135660717,148.98559900147905,-466.2227407298309
50,proper_scoring,node-007,0.0,0.0,646.5235457705801,0.0,0.0,646523.5457705801,0.0,0.0,8549.08315106123,1454.8215525112912,0.9473684210526315,-346.7034342100921,0.0,0.0
50,proper_scoring,node-008,0.0,0.0,0.0,0.0,0.0,0.0,0.0,0.0,8549.08315106123,1454.8215525112912,0.9473684210526315,0.0,0.0,0.0
50,proper_scoring,node-009,0.0,0.0,0.0,0.0,0.0,0.0,0.0,0.0,8549.08315106123,1454.8215525112912,0.9473684210526315,0.0,0.0,0.0
50,proper_scoring,node-010,0.0,0.0,73.89372077008174,0.0,0.0,73893.72077008174,0.0,0.0,8549.08315106123,1454.8215525112912,0.9473684210526315,-174.11386889839127,0.0,0.0
50,proper_scoring,node-011,0.0,0.0,0.0,0.0,0.0,0.0,0.0,0.0,8549.08315106123,1454.8215525112912,0.9473684210526315,0.0,0.0,0.0
50,proper_scoring,node-012,43.68231268125763,471.3075386606282,548.2899160601714,43682.31268125763,471307.5386606282,548289.9160601714,0.0,0.0,8549.08315106123,1454.8215525112912,0.9473684210526315,-236.62197093754472,0.0,0.0
50,proper_scoring,node-013,0.0,0.0,230.41336464253283,0.0,0.0,230413.36464253283,0.0,0.0,8549.08315106123,1454.8215525112912,0.9473684210526315,-278.34654142986864,0.0,0.0
50,proper_scoring,node-014,0.0,365.10583049082015,442.02961212451777,0.0,365105.83049082017,442029.61212451773,0.0,0.0,8549.08315106123,1454.8215525112912,0.9473684210526315,-138.2958760054925,0.0,0.0
50,proper_scoring,node-015,0.0,0.0,47.33358140342787,0.0,0.0,47333.581403427874,0.0,0.0,8549.08315106123,1454.8215525112912,0.9473684210526315,-152.66641859657213,0.0,0.0
50,proper_scoring,node-016,160.6718345120833,0.0,160.6718345120833,160671.8345120833,0.0,160671.8345120833,0.0,0.0,8549.08315106123,1454.8215525112912,0.9473684210526315,-267.18976050586247,0.0,0.0
50,proper_scoring,node-017,0.0,509.47377477001686,523.9966964765566,0.0,509473.77477001684,523996.6964765566,0.0,0.0,8549.08315106123,1454.8215525112912,0.9473684210526315,-210.1957214879157,0.0,0.0
50,proper_scoring,node-018,40.27328905630174,0.0,78.1220251008301,40273.28905630174,0.0,78122.0251008301,0.0,0.0,8549.08315106123,1454.8215525112912,0.9473684210526315,-164.54799013074378,0.0,0.0
50,proper_scoring,node-019,0.0,0.0,294.38366469542046,0.0,0.0,294383.6646954205,0.0,0.0,8549.08315106123,1454.8215525112912,0.9473684210526315,-454.64095443007994,0.0,0.0
50,proper_scoring,node-020,0.0,0.0,244.9788743951023,0.0,0.0,244978.8743951023,0.0,0.0,8549.08315106123,1454.8215525112912,0.9473684210526315,-268.08650556603277,0.0,0.0
50,proper_scoring,node-021,266.0773007549786,608.3419152119183,623.8560018720733,266077.30075497855,608341.9152119183,623856.0018720733,0.0,0.0,8549.08315106123,1454.8215525112912,0.9473684210526315,-216.68383042383655,0.0,0.0
50,proper_scoring,node-022,0.0,0.0,314.9616261320492,0.0,0.0,314961.6261320492,0.0,0.0,8549.08315106123,1454.8215525112912,0.9473684210526315,-328.820043450339,0.0,0.0
50,proper_scoring,node-023,46.067414768001726,405.689973947539,873.299402457259,46067.41476800173,405689.973947539,873299.402457259,0.0,0.0,8549.08315106123,1454.8215525112912,0.9473684210526315,-311.3401884861756,0.0,0.0
50,proper_scoring,node-024,0.0,0.0,248.31169457792984,0.0,0.0,248311.69457792983,0.0,0.0,8549.08315106123,1454.8215525112912,0.9473684210526315,-265.7035852996253,0.0,0.0
50,proper_scoring,node-025,0.0,0.0,0.0,0.0,0.0,0.0,0.0,0.0,8549.08315106123,1454.8215525112912,0.9473684210526315,0.0,0.0,0.0
50,proper_scoring,node-026,130.68441504685853,428.95764299730456,458.6434826182117,130684.41504685853,428957.64299730456,458643.4826182117,0.0,0.0,8549.08315106123,1454.8215525112912,0.9473684210526315,-255.2857697674624,0.0,0.0
50,proper_scoring,node-027,0.0,0.0056001762103505826,0.0056001762103505826,0.0,6.112068718963809e-06,6.112068718963809e-06,605.4125649063004,916.2488950713223,8549.08315106123,1454.8215525112912,0.9473684210526315,-938.7488828737598,-46.625449524753094,-605.4125649063004
50,proper_scoring,node-028,0.0,0.0,114.59210209928929,0.0,0.0,114592.10209928929,0.0,0.0,8549.08315106123,1454.8215525112912,0.9473684210526315,-141.63159160284292,0.0,0.0
50,proper_scoring,node-029,0.0,0.0,0.0,0.0,0.0,0.0,0.0,0.0,8549.08315106123,1454.8215525112912,0.9473684210526315,0.0,0.0,0.0
50,audits,node-000,0.0,0.0,0.0,0.0,0.0,0.0,0.0,0.0,8549.08315106123,1434.759069147459,0.9473684210526315,0.0,0.0,90.54903808115023
50,audits,node-001,90.54903808115023,0.0,160.225377539069,90549.03808115023,0.0,160225.37753906898,0.0,0.0,8549.08315106123,1434.759069147459,0.9473684210526315,-2876.5525272997666,0.0,0.0
50,audits,node-002,0.0,0.0,0.0,0.0,0.0,0.0,0.0,0.0,8549.08315106123,1434.759069147459,0.9473684210526315,0.0,0.0,0.0
50,audits,node-003,0.0,0.0,0.0,0.0,0.0,0.0,0.0,0.0,8549.08315106123,1434.759069147459,0.9473684210526315,0.0,0.0,0.0
50,audits,node-004,177.34315918089138,630.326516218036,663.1135412439824,177343.15918089138,630326.516218036,663113.5412439824,0.0,0.0,8549.08315106123,1434.759069147459,0.9473684210526315,-2172.4751487191756,0.0,0.0
50,audits,node-005,0.0,0.0,0.0,0.0,0.0,0.0,0.0,0.0,8549.08315106123,1434.759069147459,0.9473684210526315,0.0,0.0,0.0
50,audits,node-006,128.6851714045859,0.0,192.7807591482254,0.24818253881685673,0.0,0.37179744735330506,446.1602573659987,518.5101740761365,8549.08315106123,1434.759069147459,0.9473684210526315,-3537.7884309888245,147.96071569190389,-446.1602573659987
50,audits,node-007,0.0,0.0,569.2621908818702,0.0,0.0,569262.1908818702,0.0,0.0,8549.08315106123,1434.759069147459,0.9473684210526315,-2882.9699305435306,0.0,0.0
50,audits,node-008,0.0,0.0,0.0,0.0,0.0,0.0,0.0,0.0,8549.08315106123,1434.759069147459,0.9473684210526315,0.0,0.0,0.0
50,audits,node-009,0.0,0.0,0.0,0.0,0.0,0.0,0.0,0.0,8549.08315106123,1434.759069147459,0.9473684210526315,0.0,0.0,0.0
50,audits,node-010,0.0,0.0,56.69411968648337,0.0,0.0,56694.11968648337,0.0,0.0,8549.08315106123,1434.759069147459,0.9473684210526315,-742.6366265783997,0.0,0.0
50,audits,node-011,0.0,0.0,0.0,0.0,0.0,0.0,0.0,0.0,8549.08315106123,1434.759069147459,0.9473684210526315,0.0,0.0,0.0
50,audits,node-012,43.68231268125763,418.3109854687723,507.0442245703517,43682.31268125763,418310.9854687723,507044.22457035165,0.0,0.0,8549.08315106123,1434.759069147459,0.9473684210526315,-1559.1554927343861,0.0,0.0
50,audits,node-013,0.0,0.0,230.41336464253283,0.0,0.0,230413.36464253283,0.0,0.0,8549.08315106123,1434.759069147459,0.9473684210526315,-1369.5866353574675,0.0,0.0
50,audits,node-014,0.0,0.0,0.0,0.0,0.0,0.0,0.0,0.0,8549.08315106123,1434.759069147459,0.9473684210526315,-1484.735636294406,0.0,0.0
50,audits,node-015,0.0,0.0,47.33358140342787,0.0,0.0,47333.581403427874,0.0,0.0,8549.08315106123,1434.759069147459,0.9473684210526315,-152.66641859657213,0.0,0.0
50,audits,node-016,160.6718345120833,0.0,160.6718345120833,160671.8345120833,0.0,160671.8345120833,0.0,0.0,8549.08315106123,1434.759069147459,0.9473684210526315,-1366.7974401264655,0.0,0.0
50,audits,node-017,0.0,509.47377477001686,523.9966964765566,0.0,509473.77477001684,523996.6964765566,0.0,0.0,8549.08315106123,1434.759069147459,0.9473684210526315,-1503.1620475876066,0.0,0.0
50,audits,node-018,24.323449179411703,0.0,58.86300246731406,24323.449179411702,0.0,58863.00246731406,0.0,0.0,8549.08315106123,1434.759069147459,0.9473684210526315,-741.1369975326859,0.0,0.0
50,audits,node-019,0.0,0.0,285.399159678137,0.0,0.0,285399.159678137,0.0,0.0,8549.08315106123,1434.759069147459,0.9473684210526315,-1614.6008403218632,0.0,0.0
50,audits,node-020,0.0,0.0,0.0,0.0,0.0,0.0,0.0,0.0,8549.08315106123,1434.759069147459,0.9473684210526315,-2777.92410896215,0.0,0.0
50,audits,node-021,266.0773007549786,608.3419152119183,623.8560018720733,266077.30075497855,608341.9152119183,623856.0018720733,0.0,0.0,8549.08315106123,1434.759069147459,0.9473684210526315,-1554.170957605959,0.0,0.0
50,audits,node-022,0.0,0.0,314.9616261320492,0.0,0.0,314961.6261320492,0.0,0.0,8549.08315106123,1434.759069147459,0.9473684210526315,-1485.0383738679511,0.0,0.0
50,audits,node-023,46.067414768001726,405.689973947539,745.4800632749943,46067.41476800173,405689.973947539,745480.0632749944,0.0,0.0,8549.08315106123,1434.759069147459,0.9473684210526315,-3033.449132982141,0.0,0.0
50,audits,node-024,0.0,0.0,201.1222880479513,0.0,0.0,201122.2880479513,0.0,0.0,8549.08315106123,1434.759069147459,0.9473684210526315,-1486.8937835679737,0.0,0.0
50,audits,node-025,0.0,0.0,0.0,0.0,0.0,0.0,0.0,0.0,8549.08315106123,1434.759069147459,0.9473684210526315,0.0,0.0,0.0
50,audits,node-026,130.68441504685853,427.6428848837312,458.6434826182117,130684.41504685853,427642.8848837312,458643.4826182117,0.0,0.0,8549.08315106123,1434.759069147459,0.9473684210526315,-1563.8214424418654,0.0,0.0
50,audits,node-027,0.0,0.0056001762103505826,0.0056001762103505826,0.0,6.112068718963809e-06,6.112068718963809e-06,605.4125649063004,916.2488950713223,8549.08315106123,1434.759069147459,0.9473684210526315,-2188.7466443981652,-46.625449524753094,-605.4125649063004
50,audits,node-028,0.0,0.0,114.59210209928929,0.0,0.0,114592.10209928929,0.0,0.0,8549.08315106123,1434.759069147459,0.9473684210526315,-185.40789790071074,0.0,0.0
50,audits,node-029,0.0,0.0,0.0,0.0,0.0,0.0,0.0,0.0,8549.08315106123,1434.759069147459,0.9473684210526315,0.0,0.0,0.0
44,greedy,node-000,0.0,0.0,0.0,0.0,0.0,0.0,0.0,0.0,6079.842093963845,186.6670457018819,0.9,0.0,0.0,0.0
44,greedy,node-001,0.0,0.0,0.0,0.0,0.0,0.0,0.0,0.0,6079.842093963845,186.6670457018819,0.9,0.0,0.0,0.0
44,greedy,node-002,0.0,0.0,0.0,0.0,0.0,0.0,0.0,0.0,6079.842093963845,186.6670457018819,0.9,0.0,0.0,0.0
44,greedy,node-003,0.0,0.0,0.0,0.0,0.0,0.0,0.0,0.0,6079.842093963845,186.6670457018819,0.9,0.0,0.0,0.0
44,greedy,node-004,0.0,0.0,0.0,0.0,0.0,0.0,0.0,0.0,6079.842093963845,186.6670457018819,0.9,0.0,0.0,0.0
44,greedy,node-005,0.0,0.0,0.0,0.0,0.0,0.0,0.0,0.0,6079.842093963845,186.6670457018819,0.9,0.0,0.0,0.0
44,greedy,node-006,0.0,0.0,0.0,0.0,0.0,0.0,0.0,0.0,6079.842093963845,186.6670457018819,0.9,0.0,0.0,0.0
44,greedy,node-007,0.0,0.0,0.0,0.0,0.0,0.0,0.0,0.0,6079.842093963845,186.6670457018819,0.9,0.0,0.0,0.0
44,greedy,node-008,7.442520280168203,0.0,7.442520280168203,7442.5202801682035,0.0,7442.5202801682035,0.0,0.0,6079.842093963845,186.6670457018819,0.9,-31.583440083842547,0.0,0.0
44,greedy,node-009,0.0,0.0,0.0,0.0,0.0,0.0,0.0,0.0,6079.842093963845,186.6670457018819,0.9,0.0,0.0,0.0
44,greedy,node-010,0.0,0.0,0.0,0.0,0.0,0.0,0.0,0.0,6079.842093963845,186.6670457018819,0.9,0.0,0.0,0.0
44,greedy,node-011,0.0,0.0,0.0,0.0,0.0,0.0,0.0,0.0,6079.842093963845,186.6670457018819,0.9,-10.667846574448992,0.0,0.0
44,greedy,node-012,0.0,0.0,0.0,0.0,0.0,0.0,0.0,0.0,6079.842093963845,186.6670457018819,0.9,0.0,0.0,0.0
44,greedy,node-013,0.0,0.0,0.0,0.0,0.0,0.0,0.0,0.0,6079.842093963845,186.6670457018819,0.9,0.0,0.0,0.0
44,greedy,node-014,0.0,0.0,0.0,0.0,0.0,0.0,0.0,0.0,6079.842093963845,186.6670457018819,0.9,0.0,0.0,0.0
44,greedy,node-015,0.0,0.0,0.0,0.0,0.0,0.0,0.0,0.0,6079.842093963845,186.6670457018819,0.9,0.0,0.0,0.0
44,greedy,node-016,0.0,0.0,0.0,0.0,0.0,0.0,19.91898583502528,59.75695750507583,6079.842093963845,186.6670457018819,0.9,-49.645486292853235,-2.3089255948842684,-19.91898583502528
44,greedy,node-017,0.0,0.0,0.0,0.0,0.0,0.0,0.0,0.0,6079.842093963845,186.6670457018819,0.9,0.0,0.0,0.0
44,greedy,node-018,0.0,0.0,0.0,0.0,0.0,0.0,0.0,0.0,6079.842093963845,186.6670457018819,0.9,0.0,0.0,0.0
44,greedy,node-019,0.0,0.0,0.0,0.0,0.0,0.0,0.0,0.0,6079.842093963845,186.6670457018819,0.9,-35.796463732400085,0.0,0.0
44,greedy,node-020,0.0,0.0,0.0,0.0,0.0,0.0,0.0,0.0,6079.842093963845,186.6670457018819,0.9,0.0,0.0,0.0
44,greedy,node-021,0.0,0.0,0.0,0.0,0.0,0.0,0.0,0.0,6079.842093963845,186.6670457018819,0.9,0.0,0.0,0.0
44,greedy,node-022,0.0,0.0,0.0,0.0,0.0,0.0,0.0,0.0,6079.842093963845,186.6670457018819,0.9,0.0,0.0,0.0
44,greedy,node-023,0.0,0.0,0.0,0.0,0.0,0.0,0.0,0.0,6079.842093963845,186.6670457018819,0.9,0.0,0.0,0.0
44,greedy,node-024,0.0,0.0,0.0,0.0,0.0,0.0,26.624956237134583,79.87486871140375,6079.842093963845,186.6670457018819,0.9,-61.243438428197805,-3.709524810258401,-26.624956237134583
44,greedy,node-025,0.0,0.0,0.0,0.0,0.0,0.0,0.0,0.0,6079.842093963845,186.6670457018819,0.9,0.0,0.0,0.0
44,greedy,node-026,0.0,0.0,0.0,0.0,0.0,0.0,0.0,0.0,6079.842093963845,186.6670457018819,0.9,0.0,0.0,0.0
44,greedy,node-027,0.0,0.0,0.0,0.0,0.0,0.0,15.678406495134114,47.03521948540234,6079.842093963845,186.6670457018819,0.9,-32.71707083630559,-3.232026620585115,-15.678406495134114
44,greedy,node-028,0.0,0.0,0.0,0.0,0.0,0.0,0.0,0.0,6079.842093963845,186.6670457018819,0.9,0.0,0.0,0.0
44,greedy,node-029,0.0,0.0,0.0,0.0,0.0,0.0,0.0,0.0,6079.842093963845,186.6670457018819,0.9,0.0,0.0,0.0
44,trust_vcg,node-000,0.0,0.0,0.0,0.0,0.0,0.0,0.0,0.0,8799.167853139506,1305.123149804492,1.0,0.0,0.0,0.0
44,trust_vcg,node-001,0.0,0.0,0.0,0.0,0.0,0.0,0.0,0.0,8799.167853139506,1305.123149804492,1.0,0.0,0.0,0.0
44,trust_vcg,node-002,0.0,0.0,0.0,0.0,0.0,0.0,0.0,0.0,8799.167853139506,1305.123149804492,1.0,0.0,0.0,0.0
44,trust_vcg,node-003,0.0,0.0,153.26188247549078,0.0,0.0,153261.88247549077,0.0,0.0,8799.167853139506,1305.123149804492,1.0,-2244.305876003512,0.0,0.0
44,trust_vcg,node-004,0.0,0.0,0.0,0.0,0.0,0.0,0.0,0.0,8799.167853139506,1305.123149804492,1.0,0.0,0.0,0.0
44,trust_vcg,node-005,0.0,0.0,0.0,0.0,0.0,0.0,0.0,0.0,8799.167853139506,1305.123149804492,1.0,0.0,0.0,0.0
44,trust_vcg,node-006,232.17263808724567,0.0,422.10531518365497,232172.63808724566,0.0,422105.31518365495,0.0,0.0,8799.167853139506,1305.123149804492,1.0,-4977.894684816346,0.0,0.0
44,trust_vcg,node-007,0.0,0.0,0.0,0.0,0.0,0.0,0.0,0.0,8799.167853139506,1305.123149804492,1.0,-5586.920173795681,0.0,0.0
44,trust_vcg,node-008,50.88114170518022,0.0,243.52518548302834,50881.14170518022,0.0,243525.18548302833,0.0,0.0,8799.167853139506,1305.123149804492,1.0,-5531.583440083842,0.0,0.0
44,trust_vcg,node-009,0.0,0.0,0.0,0.0,0.0,0.0,0.0,0.0,8799.167853139506,1305.123149804492,1.0,0.0,0.0,0.0
44,trust_vcg,node-010,0.0,0.0,28.22222262764825,0.0,0.0,28222.22262764825,0.0,0.0,8799.167853139506,1305.123149804492,1.0,-571.7777773723518,0.0,0.0
44,trust_vcg,node-011,0.0,0.23192289764915586,0.23192289764915586,0.0,0.00029784385595737486,0.00029784385595737486,592.7363050502609,778.6727609460808,8799.167853139506,1305.123149804492,1.0,-6139.220419024216,-27.890468384373207,-592.7363050502609
44,trust_vcg,node-012,0.0,0.0,0.0,0.0,0.0,0.0,0.0,0.0,8799.167853139506,1305.123149804492,1.0,0.0,0.0,0.0
44,trust_vcg,node-013,0.0,0.0,0.0,0.0,0.0,0.0,0.0,0.0,8799.167853139506,1305.123149804492,1.0,-3346.166125390132,0.0,0.0
44,trust_vcg,node-014,0.0,194.756368277813,194.756368277813,0.0,194756.36827781302,194756.36827781302,0.0,0.0,8799.167853139506,1305.123149804492,1.0,-5560.396596684034,0.0,0.0
44,trust_vcg,node-015,0.0,0.0,0.0,0.0,0.0,0.0,0.0,0.0,8799.167853139506,1305.123149804492,1.0,0.0,0.0,0.0
44,trust_vcg,node-016,284.0704782246481,0.0,284.0704782246481,284070.4782246481,0.0,284070.4782246481,0.0,0.0,8799.167853139506,1305.123149804492,1.0,-5525.831645612922,52.47252849647283,0.0
44,trust_vcg,node-017,172.7600161366153,0.0,172.7600161366153,172760.01613661528,0.0,172760.01613661528,0.0,0.0,8799.167853139506,1305.123149804492,1.0,-7134.982959410025,0.0,0.0
44,trust_vcg,node-018,0.0,0.0,0.0,0.0,0.0,0.0,0.0,0.0,8799.167853139506,1305.123149804492,1.0,0.0,0.0,0.0
44,trust_vcg,node-019,0.0,0.0,0.0,0.0,0.0,0.0,0.0,0.0,8799.167853139506,1305.123149804492,1.0,-5497.336980531945,0.0,0.0
44,trust_vcg,node-020,0.0,0.0,0.0,0.0,0.0,0.0,0.0,0.0,8799.167853139506,1305.123149804492,1.0,0.0,0.0,0.0
44,trust_vcg,node-021,0.0,0.0,0.0,0.0,0.0,0.0,0.0,0.0,8799.167853139506,1305.123149804492,1.0,-6659.606171608116,0.0,0.0
44,trust_vcg,node-022,0.0,0.0,0.0,0.0,0.0,0.0,0.0,0.0,8799.167853139506,1305.123149804492,1.0,0.0,0.0,0.0
44,trust_vcg,node-023,0.0,0.0,0.0,0.0,0.0,0.0,0.0,0.0,8799.167853139506,1305.123149804492,1.0,0.0,0.0,0.0
44,trust_vcg,node-024,0.0,0.0,50.64655092901853,0.0,0.0,0.2311027631825921,202.77987286735154,219.15164592386623,8799.167853139506,1305.123149804492,1.0,-11237.398355058414,97.63485525775556,-202.77987286735154
44,trust_vcg,node-025,0.0,0.0,79.64572346574481,0.0,0.0,79645.72346574481,0.0,0.0,8799.167853139506,1305.123149804492,1.0,-5552.995742656898,0.0,0.0
44,trust_vcg,node-026,0.0,0.0,0.0,0.0,0.0,0.0,0.0,0.0,8799.167853139506,1305.123149804492,1.0,-5603.68664947366,0.0,0.0
44,trust_vcg,node-027,166.4381918452126,453.48802172971233,632.7681892820531,0.5416168977972813,1.4757236472858122,2.059130418951414,287.6071659753092,307.29874293454526,8799.167853139506,1305.123149804492,1.0,-11367.231810717947,92.27646566295755,-287.6071659753092
44,trust_vcg,node-028,0.0,0.0,0.0,0.0,0.0,0.0,0.0,0.0,8799.167853139506,1305.123149804492,1.0,0.0,0.0,0.0
44,trust_vcg,node-029,0.0,0.0,0.0,0.0,0.0,0.0,0.0,0.0,8799.167853139506,1305.123149804492,1.0,0.0,0.0,0.0
44,contingent,node-000,0.0,0.0,0.0,0.0,0.0,0.0,0.0,0.0,8799.167853139506,332.99970886735593,1.0,0.0,0.0,0.0
44,contingent,node-001,0.0,0.0,0.0,0.0,0.0,0.0,0.0,0.0,8799.167853139506,332.99970886735593,1.0,0.0,0.0,0.0
44,contingent,node-002,0.0,0.0,0.0,0.0,0.0,0.0,0.0,0.0,8799.167853139506,332.99970886735593,1.0,0.0,0.0,0.0
44,contingent,node-003,0.0,0.0,6.793953381969914,0.0,0.0,6793.953381969914,0.0,0.0,8799.167853139506,332.99970886735593,1.0,-186.93768060099575,0.0,0.0
44,contingent,node-004,0.0,0.0,0.0,0.0,0.0,0.0,0.0,0.0,8799.167853139506,332.99970886735593,1.0,0.0,0.0,0.0
44,contingent,node-005,0.0,0.0,0.0,0.0,0.0,0.0,0.0,0.0,8799.167853139506,332.99970886735593,1.0,0.0,0.0,0.0
44,contingent,node-006,0.0,0.0,0.0,0.0,0.0,0.0,0.0,0.0,8799.167853139506,332.99970886735593,1.0,-111.57873926538011,0.0,0.0
44,contingent,node-007,0.0,0.0,0.0,0.0,0.0,0.0,0.0,0.0,8799.167853139506,332.99970886735593,1.0,-347.68069518272523,0.0,0.0
44,contingent,node-008,1.3293171125313084,29.01474303729953,93.52518548302834,1329.3171125313083,29014.74303729953,93525.18548302834,0.0,0.0,8799.167853139506,332.99970886735593,1.0,-126.33376033537017,0.0,0.0
44,contingent,node-009,0.0,0.0,0.0,0.0,0.0,0.0,0.0,0.0,8799.167853139506,332.99970886735593,1.0,0.0,0.0,0.0
44,contingent,node-010,0.0,0.0,0.0,0.0,0.0,0.0,0.0,0.0,8799.167853139506,332.99970886735593,1.0,-87.11110948940697,0.0,0.0
44,contingent,node-011,0.0,0.0,36.17321686776239,0.0,0.0,0.12969741622564582,92.96822794790998,278.9046838437299,8799.167853139506,332.99970886735593,1.0,-278.9046838437299,-27.89046838437301,-92.96822794790998
44,contingent,node-012,0.0,0.0,0.0,0.0,0.0,0.0,0.0,0.0,8799.167853139506,332.99970886735593,1.0,0.0,0.0,0.0
44,contingent,node-013,0.0,0.0,0.0,0.0,0.0,0.0,0.0,0.0,8799.167853139506,332.99970886735593,1.0,-184.6645015605283,0.0,0.0
44,contingent,node-014,0.0,44.75636827781298,44.75636827781298,0.0,44756.36827781298,44756.36827781298,0.0,0.0,8799.167853139506,332.99970886735593,1.0,-241.58638673613595,0.0,0.0
44,contingent,node-015,0.0,0.0,0.0,0.0,0.0,0.0,0.0,0.0,8799.167853139506,332.99970886735593,1.0,0.0,0.0,0.0
44,contingent,node-016,4.289886287076747,29.201394166707964,95.46538247590841,4289.886287076747,29201.394166707963,95465.38247590841,0.0,0.0,8799.167853139506,332.99970886735593,1.0,-103.32658245169294,2.918610266418204,0.0
44,contingent,node-017,0.0,0.0,0.0,0.0,0.0,0.0,0.0,0.0,8799.167853139506,332.99970886735593,1.0,-145.48231855944462,0.0,0.0
44,contingent,node-018,0.0,0.0,0.0,0.0,0.0,0.0,0.0,0.0,8799.167853139506,332.99970886735593,1.0,0.0,0.0,0.0
44,contingent,node-019,0.0,0.0,0.0,0.0,0.0,0.0,0.0,0.0,8799.167853139506,332.99970886735593,1.0,-154.24543428924673,0.0,0.0
44,contingent,node-020,0.0,0.0,0.0,0.0,0.0,0.0,0.0,0.0,8799.167853139506,332.99970886735593,1.0,0.0,0.0,0.0
44,contingent,node-021,0.0,0.0,0.0,0.0,0.0,0.0,0.0,0.0,8799.167853139506,332.99970886735593,1.0,-291.06884350048847,0.0,0.0
44,contingent,node-022,0.0,0.0,0.0,0.0,0.0,0.0,0.0,0.0,8799.167853139506,332.99970886735593,1.0,0.0,0.0,0.0
44,contingent,node-023,0.0,0.0,0.0,0.0,0.0,0.0,0.0,0.0,8799.167853139506,332.99970886735593,1.0,0.0,0.0,0.0
44,contingent,node-024,0.0,16.266120948414432,118.82733388322552,0.0,0.6623644607607845,4.838707592351725,8.185886528257342,24.557659584772026,8799.167853139506,332.99970886735593,1.0,-146.65981529251025,0.33786208820843733,-8.185886528257342
44,contingent,node-025,0.0,12.179686051431819,29.64572346574481,0.0,12179.68605143182,29645.723465744806,0.0,0.0,8799.167853139506,332.99970886735593,1.0,-211.98297062759312,0.0,0.0
44,contingent,node-026,0.0,0.0,0.0,0.0,0.0,0.0,0.0,0.0,8799.167853139506,332.99970886735593,1.0,-414.74659789464056,0.0,0.0
44,contingent,node-027,0.0,31.24939922540363,49.78953671448215,0.0,1.0579616279621733,1.685645824356022,9.845788479618008,29.537365438854017,8799.167853139506,332.99970886735593,1.0,-328.3443674501691,-0.310660168939501,-9.845788479618008
44,contingent,node-028,0.0,0.0,0.0,0.0,0.0,0.0,0.0,0.0,8799.167853139506,332.99970886735593,1.0,0.0,0.0,0.0
44,contingent,node-029,0.0,0.0,0.0,0.0,0.0,0.0,0.0,0.0,8799.167853139506,332.99970886735593,1.0,0.0,0.0,0.0
44,capped,node-000,0.0,0.0,0.0,0.0,0.0,0.0,0.0,0.0,8799.167853139506,332.99970886735593,1.0,0.0,0.0,0.0
44,capped,node-001,0.0,0.0,0.0,0.0,0.0,0.0,0.0,0.0,8799.167853139506,332.99970886735593,1.0,0.0,0.0,0.0
44,capped,node-002,0.0,0.0,0.0,0.0,0.0,0.0,0.0,0.0,8799.167853139506,332.99970886735593,1.0,0.0,0.0,0.0
44,capped,node-003,0.0,0.0,6.793953381969914,0.0,0.0,6793.953381969914,0.0,0.0,8799.167853139506,332.99970886735593,1.0,-46.73442015024894,0.0,0.0
44,capped,node-004,0.0,0.0,0.0,0.0,0.0,0.0,0.0,0.0,8799.167853139506,332.99970886735593,1.0,0.0,0.0,0.0
44,capped,node-005,0.0,0.0,0.0,0.0,0.0,0.0,0.0,0.0,8799.167853139506,332.99970886735593,1.0,0.0,0.0,0.0
44,capped,node-006,0.0,0.0,0.0,0.0,0.0,0.0,0.0,0.0,8799.167853139506,332.99970886735593,1.0,-27.894684816345027,0.0,0.0
44,capped,node-007,0.0,0.0,0.0,0.0,0.0,0.0,0.0,0.0,8799.167853139506,332.99970886735593,1.0,-86.92017379568131,0.0,0.0
44,capped,node-008,1.3293171125313084,63.166880167685086,110.54204029344892,1329.3171125313083,63166.880167685085,110542.04029344892,0.0,0.0,8799.167853139506,332.99970886735593,1.0,-31.583440083842547,0.0,0.0
44,capped,node-009,0.0,0.0,0.0,0.0,0.0,0.0,0.0,0.0,8799.167853139506,332.99970886735593,1.0,0.0,0.0,0.0
44,capped,node-010,0.0,0.0,0.0,0.0,0.0,0.0,0.0,0.0,8799.167853139506,332.99970886735593,1.0,-21.77777737235175,0.0,0.0
44,capped,node-011,0.0,0.0,36.17321686776239,0.0,0.0,0.12969741622564582,92.96822794790998,278.9046838437299,8799.167853139506,332.99970886735593,1.0,-139.45234192186496,-27.89046838437301,-92.96822794790998
44,capped,node-012,0.0,0.0,0.0,0.0,0.0,0.0,0.0,0.0,8799.167853139506,332.99970886735593,1.0,0.0,0.0,0.0
44,capped,node-013,0.0,0.0,0.0,0.0,0.0,0.0,0.0,0.0,8799.167853139506,332.99970886735593,1.0,-46.16612539013207,0.0,0.0
44,capped,node-014,0.0,44.75636827781298,44.75636827781298,0.0,44756.36827781298,44756.36827781298,0.0,0.0,8799.167853139506,332.99970886735593,1.0,-60.39659668403398,0.0,0.0
44,capped,node-015,0.0,0.0,0.0,0.0,0.0,0.0,0.0,0.0,8799.167853139506,332.99970886735593,1.0,0.0,0.0,0.0
44,capped,node-016,4.289886287076747,51.66329122584647,129.15822806461617,4289.886287076747,51663.29122584647,129158.22806461617,0.0,0.0,8799.167853139506,332.99970886735593,1.0,-25.831645612923232,2.918610266418204,0.0
44,capped,node-017,0.0,0.0,9.295527949281272,0.0,0.0,9295.527949281272,0.0,0.0,8799.167853139506,332.99970886735593,1.0,-36.370579639861155,0.0,0.0
44,capped,node-018,0.0,0.0,0.0,0.0,0.0,0.0,0.0,0.0,8799.167853139506,332.99970886735593,1.0,0.0,0.0,0.0
44,capped,node-019,0.0,77.12271714462338,77.12271714462338,0.0,77122.71714462338,77122.71714462338,0.0,0.0,8799.167853139506,332.99970886735593,1.0,-38.561358572311676,0.0,0.0
44,capped,node-020,0.0,0.0,0.0,0.0,0.0,0.0,0.0,0.0,8799.167853139506,332.99970886735593,1.0,0.0,0.0,0.0
44,capped,node-021,0.0,0.0,32.880222364587524,0.0,0.0,32880.22236458752,0.0,0.0,8799.167853139506,332.99970886735593,1.0,-72.76721087512213,0.0,0.0
44,capped,node-022,0.0,0.0,0.0,0.0,0.0,0.0,0.0,0.0,8799.167853139506,332.99970886735593,1.0,0.0,0.0,0.0
44,capped,node-023,0.0,0.0,0.0,0.0,0.0,0.0,0.0,0.0,8799.167853139506,332.99970886735593,1.0,0.0,0.0,0.0
44,capped,node-024,0.0,57.19016665117077,188.85032669800535,0.0,2.3288117686358785,7.690078366226302,8.185886528257342,24.557659584772026,8799.167853139506,332.99970886735593,1.0,-42.804368719320564,0.33786208820843733,-8.185886528257342
44,capped,node-025,0.0,54.6692248579685,54.6692248579685,0.0,54669.224857968504,54669.224857968504,0.0,0.0,8799.167853139506,332.99970886735593,1.0,-52.99574265689828,0.0,0.0
44,capped,node-026,0.0,0.0,0.0,0.0,0.0,0.0,0.0,0.0,8799.167853139506,332.99970886735593,1.0,-103.68664947366014,0.0,0.0
44,capped,node-027,0.0,31.24939922540363,49.78953671448215,0.0,1.0579616279621733,1.685645824356022,9.845788479618008,29.537365438854017,8799.167853139506,332.99970886735593,1.0,-89.47043322225578,-0.310660168939501,-9.845788479618008
44,capped,node-028,0.0,0.0,0.0,0.0,0.0,0.0,0.0,0.0,8799.167853139506,332.99970886735593,1.0,0.0,0.0,0.0
44,capped,node-029,0.0,0.0,0.0,0.0,0.0,0.0,0.0,0.0,8799.167853139506,332.99970886735593,1.0,0.0,0.0,0.0
44,proper_scoring,node-000,0.0,0.0,0.0,0.0,0.0,0.0,0.0,0.0,8799.167853139506,1305.123149804492,1.0,0.0,0.0,0.0
44,proper_scoring,node-001,0.0,0.0,0.0,0.0,0.0,0.0,0.0,0.0,8799.167853139506,1305.123149804492,1.0,0.0,0.0,0.0
44,proper_scoring,node-002,0.0,0.0,0.0,0.0,0.0,0.0,0.0,0.0,8799.167853139506,1305.123149804492,1.0,0.0,0.0,0.0
44,proper_scoring,node-003,0.0,0.0,153.26188247549078,0.0,0.0,153261.88247549077,0.0,0.0,8799.167853139506,1305.123149804492,1.0,-186.93768060099575,0.0,0.0
44,proper_scoring,node-004,0.0,0.0,0.0,0.0,0.0,0.0,0.0,0.0,8799.167853139506,1305.123149804492,1.0,0.0,0.0,0.0
44,proper_scoring,node-005,0.0,0.0,0.0,0.0,0.0,0.0,0.0,0.0,8799.167853139506,1305.123149804492,1.0,0.0,0.0,0.0
44,proper_scoring,node-006,232.17263808724567,0.0,422.10531518365497,232172.63808724566,0.0,422105.31518365495,0.0,0.0,8799.167853139506,1305.123149804492,1.0,-111.57873926538011,0.0,0.0
44,proper_scoring,node-007,0.0,0.0,101.02757160082363,0.0,0.0,101027.57160082363,0.0,0.0,8799.167853139506,1305.123149804492,1.0,-346.80526825957514,0.0,0.0
44,proper_scoring,node-008,164.4328302818967,429.0147430372995,467.85186888046695,164432.83028189672,429014.74303729954,467851.86888046697,0.0,0.0,8799.167853139506,1305.123149804492,1.0,-126.33376033537017,0.0,0.0
44,proper_scoring,node-009,0.0,0.0,0.0,0.0,0.0,0.0,0.0,0.0,8799.167853139506,1305.123149804492,1.0,0.0,0.0,0.0
44,proper_scoring,node-010,0.0,0.0,28.22222262764825,0.0,0.0,28222.22262764825,0.0,0.0,8799.167853139506,1305.123149804492,1.0,-71.77777737235175,0.0,0.0
44,proper_scoring,node-011,0.0,0.23192289764915586,0.23192289764915586,0.0,0.00029784385595737486,0.00029784385595737486,592.7363050502609,778.6727609460808,8799.167853139506,1305.123149804492,1.0,-778.6727609460809,-27.890468384373207,-592.7363050502609
44,proper_scoring,node-012,0.0,0.0,0.0,0.0,0.0,0.0,0.0,0.0,8799.167853139506,1305.123149804492,1.0,0.0,0.0,0.0
44,proper_scoring,node-013,0.0,0.0,180.79040292642472,0.0,0.0,180790.40292642472,0.0,0.0,8799.167853139506,1305.123149804492,1.0,-184.6645015605283,0.0,0.0
44,proper_scoring,node-014,0.0,194.756368277813,306.039413552341,0.0,194756.36827781302,306039.413552341,0.0,0.0,8799.167853139506,1305.123149804492,1.0,-241.58638673613595,0.0,0.0
44,proper_scoring,node-015,0.0,0.0,0.0,0.0,0.0,0.0,0.0,0.0,8799.167853139506,1305.123149804492,1.0,0.0,0.0,0.0
44,proper_scoring,node-016,284.0704782246481,479.201394166708,545.4653824759083,284070.4782246481,479201.394166708,545465.3824759083,0.0,0.0,8799.167853139506,1305.123149804492,1.0,-103.32658245169294,52.47252849647283,0.0
44,proper_scoring,node-017,172.7600161366153,0.0,433.3566346385023,172760.01613661528,0.0,433356.6346385023,0.0,0.0,8799.167853139506,1305.123149804492,1.0,-145.48231855944462,0.0,0.0
44,proper_scoring,node-018,0.0,0.0,0.0,0.0,0.0,0.0,0.0,0.0,8799.167853139506,1305.123149804492,1.0,0.0,0.0,0.0
44,proper_scoring,node-019,0.0,296.0920320430074,296.0920320430074,0.0,296092.0320430074,296092.0320430074,0.0,0.0,8799.167853139506,1305.123149804492,1.0,-154.24543428924673,0.0,0.0
44,proper_scoring,node-020,0.0,0.0,0.0,0.0,0.0,0.0,0.0,0.0,8799.167853139506,1305.123149804492,1.0,0.0,0.0,0.0
44,proper_scoring,node-021,0.0,0.0,439.0749788049035,0.0,0.0,439074.97880490345,0.0,0.0,8799.167853139506,1305.123149804492,1.0,-291.06884350048847,0.0,0.0
44,proper_scoring,node-022,0.0,0.0,0.0,0.0,0.0,0.0,0.0,0.0,8799.167853139506,1305.123149804492,1.0,0.0,0.0,0.0
44,proper_scoring,node-023,0.0,0.0,0.0,0.0,0.0,0.0,0.0,0.0,8799.167853139506,1305.123149804492,1.0,0.0,0.0,0.0
44,proper_scoring,node-024,269.4168163197422,571.6721346093201,633.836333951113,1.229362504598018,2.608568747906736,2.892227120992325,202.77987286735154,219.15164592386623,8799.167853139506,1305.123149804492,1.0,-341.25380163160446,97.63485525775556,-202.77987286735154
44,proper_scoring,node-025,0.0,162.17968605143182,376.185371516225,0.0,162179.6860514318,376185.371516225,0.0,0.0,8799.167853139506,1305.123149804492,1.0,-211.98297062759312,0.0,0.0
44,proper_scoring,node-026,0.0,0.0,314.1150923511161,0.0,0.0,314115.0923511161,0.0,0.0,8799.167853139506,1305.123149804492,1.0,-397.4696595358258,0.0,0.0
44,proper_scoring,node-027,166.4381918452126,453.48802172971233,632.7681892820531,0.5416168977972813,1.4757236472858122,2.059130418951414,287.6071659753092,307.29874293454526,8799.167853139506,1305.123149804492,1.0,-601.8433641678489,92.27646566295755,-287.6071659753092
44,proper_scoring,node-028,0.0,0.0,0.0,0.0,0.0,0.0,0.0,0.0,8799.167853139506,1305.123149804492,1.0,0.0,0.0,0.0
44,proper_scoring,node-029,0.0,0.0,0.0,0.0,0.0,0.0,0.0,0.0,8799.167853139506,1305.123149804492,1.0,0.0,0.0,0.0
44,audits,node-000,0.0,0.0,0.0,0.0,0.0,0.0,0.0,0.0,8799.167853139506,1305.123149804492,1.0,0.0,0.0,0.0
44,audits,node-001,0.0,0.0,0.0,0.0,0.0,0.0,0.0,0.0,8799.167853139506,1305.123149804492,1.0,0.0,0.0,0.0
44,audits,node-002,0.0,0.0,0.0,0.0,0.0,0.0,0.0,0.0,8799.167853139506,1305.123149804492,1.0,0.0,0.0,0.0
44,audits,node-003,0.0,0.0,153.26188247549078,0.0,0.0,153261.88247549077,0.0,0.0,8799.167853139506,1305.123149804492,1.0,-744.3058760035119,0.0,0.0
44,audits,node-004,0.0,0.0,0.0,0.0,0.0,0.0,0.0,0.0,8799.167853139506,1305.123149804492,1.0,0.0,0.0,0.0
44,audits,node-005,0.0,0.0,0.0,0.0,0.0,0.0,0.0,0.0,8799.167853139506,1305.123149804492,1.0,0.0,0.0,0.0
44,audits,node-006,232.17263808724567,0.0,422.10531518365497,232172.63808724566,0.0,422105.31518365495,0.0,0.0,8799.167853139506,1305.123149804492,1.0,-477.89468481634503,0.0,0.0
44,audits,node-007,0.0,0.0,13.079826204318678,0.0,0.0,13079.826204318679,0.0,0.0,8799.167853139506,1305.123149804492,1.0,-1086.9201737956812,0.0,0.0
44,audits,node-008,107.39090966564888,363.1668801676851,410.5420402934489,107390.90966564887,363166.8801676851,410542.0402934489,0.0,0.0,8799.167853139506,1305.123149804492,1.0,-1031.5834400838426,0.0,0.0
44,audits,node-009,0.0,0.0,0.0,0.0,0.0,0.0,0.0,0.0,8799.167853139506,1305.123149804492,1.0,0.0,0.0,0.0
44,audits,node-010,0.0,0.0,28.22222262764825,0.0,0.0,28222.22262764825,0.0,0.0,8799.167853139506,1305.123149804492,1.0,-71.77777737235175,0.0,0.0
44,audits,node-011,0.0,0.23192289764915586,0.23192289764915586,0.0,0.00029784385595737486,0.00029784385595737486,592.7363050502609,778.6727609460808,8799.167853139506,1305.123149804492,1.0,-1639.220419024216,-27.890468384373207,-592.7363050502609
44,audits,node-012,0.0,0.0,0.0,0.0,0.0,0.0,0.0,0.0,8799.167853139506,1305.123149804492,1.0,0.0,0.0,0.0
44,audits,node-013,0.0,0.0,153.83387460986793,0.0,0.0,153833.87460986793,0.0,0.0,8799.167853139506,1305.123149804492,1.0,-346.1661253901321,0.0,0.0
44,audits,node-014,0.0,194.756368277813,194.756368277813,0.0,194756.36827781302,194756.36827781302,0.0,0.0,8799.167853139506,1305.123149804492,1.0,-1060.3965966840342,0.0,0.0
44,audits,node-015,0.0,0.0,0.0,0.0,0.0,0.0,0.0,0.0,8799.167853139506,1305.123149804492,1.0,0.0,0.0,0.0
44,audits,node-016,284.0704782246481,451.6632912258464,529.1582280646161,284070.4782246481,451663.2912258464,529158.2280646161,0.0,0.0,8799.167853139506,1305.123149804492,1.0,-1025.8316456129232,52.47252849647283,0.0
44,audits,node-017,172.7600161366153,0.0,325.08955084225084,172760.01613661528,0.0,325089.5508422508,0.0,0.0,8799.167853139506,1305.123149804492,1.0,-634.9829594100249,0.0,0.0
44,audits,node-018,0.0,0.0,0.0,0.0,0.0,0.0,0.0,0.0,8799.167853139506,1305.123149804492,1.0,0.0,0.0,0.0
44,audits,node-019,0.0,0.0,0.0,0.0,0.0,0.0,0.0,0.0,8799.167853139506,1305.123149804492,1.0,-997.3369805319452,0.0,0.0
44,audits,node-020,0.0,0.0,0.0,0.0,0.0,0.0,0.0,0.0,8799.167853139506,1305.123149804492,1.0,0.0,0.0,0.0
44,audits,node-021,0.0,0.0,433.94976167193624,0.0,0.0,433949.76167193626,0.0,0.0,8799.167853139506,1305.123149804492,1.0,-1159.606171608117,0.0,0.0
44,audits,node-022,0.0,0.0,0.0,0.0,0.0,0.0,0.0,0.0,8799.167853139506,1305.123149804492,1.0,0.0,0.0,0.0
44,audits,node-023,0.0,0.0,0.0,0.0,0.0,0.0,0.0,0.0,8799.167853139506,1305.123149804492,1.0,0.0,0.0,0.0
44,audits,node-024,244.27242336708062,462.5961803120765,514.5441802884064,1.1146273729193958,2.1108496738043367,2.347891014549625,202.77987286735154,219.15164592386623,8799.167853139506,1305.123149804492,1.0,-1737.3983550584153,97.63485525775556,-202.77987286735154
44,audits,node-025,0.0,154.66922485796852,326.49787132844915,0.0,154669.2248579685,326497.87132844917,0.0,0.0,8799.167853139506,1305.123149804492,1.0,-1052.9957426568983,0.0,0.0
44,audits,node-026,0.0,0.0,0.0,0.0,0.0,0.0,0.0,0.0,8799.167853139506,1305.123149804492,1.0,-1103.68664947366,0.0,0.0
44,audits,node-027,166.4381918452126,453.48802172971233,632.7681892820531,0.5416168977972813,1.4757236472858122,2.059130418951414,287.6071659753092,307.29874293454526,8799.167853139506,1305.123149804492,1.0,-1867.2318107179472,92.27646566295755,-287.6071659753092
44,audits,node-028,0.0,0.0,0.0,0.0,0.0,0.0,0.0,0.0,8799.167853139506,1305.123149804492,1.0,0.0,0.0,0.0
44,audits,node-029,0.0,0.0,0.0,0.0,0.0,0.0,0.0,0.0,8799.167853139506,1305.123149804492,1.0,0.0,0.0,0.0
46,greedy,node-000,0.0,0.0,0.0,0.0,0.0,0.0,0.0,0.0,5893.026052394249,166.4867552080795,0.8,0.0,0.0,0.0
46,greedy,node-001,0.0,0.0,0.0,0.0,0.0,0.0,0.0,0.0,5893.026052394249,166.4867552080795,0.8,0.0,0.0,0.0
46,greedy,node-002,0.0,0.0,0.0,0.0,0.0,0.0,0.0,0.0,5893.026052394249,166.4867552080795,0.8,0.0,0.0,0.0
46,greedy,node-003,0.0,0.0,0.0,0.0,0.0,0.0,0.0,0.0,5893.026052394249,166.4867552080795,0.8,0.0,0.0,0.0
46,greedy,node-004,0.0,0.0,0.0,0.0,0.0,0.0,0.0,0.0,5893.026052394249,166.4867552080795,0.8,0.0,0.0,0.0
46,greedy,node-005,0.0,0.0,0.0,0.0,0.0,0.0,0.0,0.0,5893.026052394249,166.4867552080795,0.8,0.0,0.0,0.0
46,greedy,node-006,0.0,0.0,0.0,0.0,0.0,0.0,0.0,0.0,5893.026052394249,166.4867552080795,0.8,0.0,0.0,0.0
46,greedy,node-007,0.0,0.0,0.0,0.0,0.0,0.0,0.0,0.0,5893.026052394249,166.4867552080795,0.8,0.0,0.0,0.0
46,greedy,node-008,0.0,0.0,0.0,0.0,0.0,0.0,0.0,0.0,5893.026052394249,166.4867552080795,0.8,0.0,0.0,0.0
46,greedy,node-009,0.0,0.0,0.0,0.0,0.0,0.0,0.0,0.0,5893.026052394249,166.4867552080795,0.8,-16.098172237757918,0.0,0.0
46,greedy,node-010,0.0,0.0,0.0,0.0,0.0,0.0,0.0,0.0,5893.026052394249,166.4867552080795,0.8,0.0,0.0,0.0
46,greedy,node-011,0.0,0.0,0.0,0.0,0.0,0.0,0.0,0.0,5893.026052394249,166.4867552080795,0.8,0.0,0.0,0.0
46,greedy,node-012,0.0,0.0,0.0,0.0,0.0,0.0,0.0,0.0,5893.026052394249,166.4867552080795,0.8,0.0,0.0,0.0
46,greedy,node-013,0.0,0.0,0.0,0.0,0.0,0.0,0.0,0.0,5893.026052394249,166.4867552080795,0.8,0.0,0.0,0.0
46,greedy,node-014,0.0,0.0,0.0,0.0,0.0,0.0,0.0,0.0,5893.026052394249,166.4867552080795,0.8,-54.19612392526898,0.0,0.0
46,greedy,node-015,0.0,0.0,0.0,0.0,0.0,0.0,0.0,0.0,5893.026052394249,166.4867552080795,0.8,0.0,0.0,0.0
46,greedy,node-016,0.0,0.0,0.0,0.0,0.0,0.0,0.0,0.0,5893.026052394249,166.4867552080795,0.8,0.0,0.0,0.0
46,greedy,node-017,0.0,0.0,0.0,0.0,0.0,0.0,0.0,0.0,5893.026052394249,166.4867552080795,0.8,0.0,0.0,0.0
46,greedy,node-018,0.0,0.0,0.0,0.0,0.0,0.0,0.0,0.0,5893.026052394249,166.4867552080795,0.8,0.0,0.0,0.0
46,greedy,node-019,0.0,0.0,0.0,0.0,0.0,0.0,0.0,0.0,5893.026052394249,166.4867552080795,0.8,0.0,0.0,0.0
46,greedy,node-020,0.0,0.0,0.0,0.0,0.0,0.0,0.0,0.0,5893.026052394249,166.4867552080795,0.8,0.0,0.0,0.0
46,greedy,node-021,0.0,0.0,0.0,0.0,0.0,0.0,0.0,0.0,5893.026052394249,166.4867552080795,0.8,0.0,0.0,0.0
46,greedy,node-022,0.0,0.0,0.0,0.0,0.0,0.0,0.0,0.0,5893.026052394249,166.4867552080795,0.8,0.0,0.0,0.0
46,greedy,node-023,41.244019727975314,0.0,41.244019727975314,0.2477315368206165,0.0,0.2477315368206165,55.49558506935982,166.4867552080795,5893.026052394249,166.4867552080795,0.8,-83.24337760403972,-16.64867552080794,-55.49558506935982
46,greedy,node-024,0.0,0.0,0.0,0.0,0.0,0.0,0.0,0.0,5893.026052394249,166.4867552080795,0.8,0.0,0.0,0.0
46,greedy,node-025,0.0,0.0,0.0,0.0,0.0,0.0,0.0,0.0,5893.026052394249,166.4867552080795,0.8,-16.107256597061063,0.0,0.0
46,greedy,node-026,0.0,0.0,0.0,0.0,0.0,0.0,0.0,0.0,5893.026052394249,166.4867552080795,0.8,0.0,0.0,0.0
46,greedy,node-027,0.0,0.0,0.0,0.0,0.0,0.0,0.0,0.0,5893.026052394249,166.4867552080795,0.8,0.0,0.0,0.0
46,greedy,node-028,0.0,0.0,0.0,0.0,0.0,0.0,0.0,0.0,5893.026052394249,166.4867552080795,0.8,0.0,0.0,0.0
46,greedy,node-029,2.874753724844428,0.0,2.874753724844428,2874.7537248444282,0.0,2874.7537248444282,0.0,0.0,5893.026052394249,166.4867552080795,0.8,-19.884814652254526,0.0,0.0
46,trust_vcg,node-000,0.0,0.0,0.0,0.0,0.0,0.0,0.0,0.0,8763.205954936539,726.7600782693527,0.95,-1710.1279361349611,0.0,-204.47329715335846
46,trust_vcg,node-001,0.0,0.0,0.0,0.0,0.0,0.0,0.0,0.0,8763.205954936539,726.7600782693527,0.95,-5608.2377524921385,0.0,0.0
46,trust_vcg,node-002,0.0,0.0,0.0,0.0,0.0,0.0,0.0,0.0,8763.205954936539,726.7600782693527,0.95,0.0,0.0,0.0
46,trust_vcg,node-003,0.0,0.0,0.0,0.0,0.0,0.0,0.0,0.0,8763.205954936539,726.7600782693527,0.95,-5545.7702145653175,0.0,0.0
46,trust_vcg,node-004,0.0,0.0,123.73985984685238,0.0,0.0,123739.85984685239,0.0,0.0,8763.205954936539,726.7600782693527,0.95,-2276.2601401531474,0.0,0.0
46,trust_vcg,node-005,0.0,79.76706322027214,223.7038116867337,0.0,79767.06322027213,223703.8116867337,0.0,0.0,8763.205954936539,726.7600782693527,0.95,-5590.101089403352,0.0,0.0
46,trust_vcg,node-006,206.95223590065055,229.91651903061006,591.1229948173223,206952.23590065056,229916.51903061007,591122.9948173222,0.0,0.0,8763.205954936539,726.7600782693527,0.95,-11096.872131630724,0.0,0.0
46,trust_vcg,node-007,0.0,0.0,0.0,0.0,0.0,0.0,0.0,0.0,8763.205954936539,726.7600782693527,0.95,0.0,0.0,0.0
46,trust_vcg,node-008,0.0,0.0,0.0,0.0,0.0,0.0,0.0,0.0,8763.205954936539,726.7600782693527,0.95,0.0,0.0,0.0
46,trust_vcg,node-009,0.0,0.0,335.8915849913799,0.0,0.0,335891.5849913799,0.0,0.0,8763.205954936539,726.7600782693527,0.95,-6652.400126273103,0.0,0.0
46,trust_vcg,node-010,0.0,0.0,0.0,0.0,0.0,0.0,0.0,0.0,8763.205954936539,726.7600782693527,0.95,0.0,0.0,0.0
46,trust_vcg,node-011,0.0,0.0,0.0,0.0,0.0,0.0,0.0,0.0,8763.205954936539,726.7600782693527,0.95,-5614.006954522967,0.0,0.0
46,trust_vcg,node-012,0.0,0.0,135.42684277818736,0.0,0.0,135426.84277818736,0.0,0.0,8763.205954936539,726.7600782693527,0.95,-2264.573157221813,0.0,0.0
46,trust_vcg,node-013,0.0,0.0,0.0,0.0,0.0,0.0,0.0,0.0,8763.205954936539,726.7600782693527,0.95,0.0,0.0,0.0
46,trust_vcg,node-014,281.0211967651454,583.2498624660514,708.1246561651283,281021.1967651454,583249.8624660514,708124.6561651282,0.0,0.0,8763.205954936539,726.7600782693527,0.95,-6644.280769698005,52.04645012862554,0.0
46,trust_vcg,node-015,0.0,0.0,0.0,0.0,0.0,0.0,0.0,0.0,8763.205954936539,726.7600782693527,0.95,0.0,0.0,0.0
46,trust_vcg,node-016,0.0,79.10466331776507,79.10466331776507,0.0,79104.66331776507,79104.66331776507,0.0,0.0,8763.205954936539,726.7600782693527,0.95,-5591.99816237057,0.0,0.0
46,trust_vcg,node-017,0.0,0.0,0.0,0.0,0.0,0.0,0.0,0.0,8763.205954936539,726.7600782693527,0.95,-1722.819239310865,0.0,0.0
46,trust_vcg,node-018,0.0,0.0,0.0,0.0,0.0,0.0,0.0,0.0,8763.205954936539,726.7600782693527,0.95,-1151.5364013556023,0.0,0.0
46,trust_vcg,node-019,0.0,0.0,0.0,0.0,0.0,0.0,0.0,0.0,8763.205954936539,726.7600782693527,0.95,0.0,0.0,0.0
46,trust_vcg,node-020,0.0,0.0,157.4583313837057,0.0,0.0,157458.33138370572,0.0,0.0,8763.205954936539,726.7600782693527,0.95,-10561.85779512535,0.0,0.0
46,trust_vcg,node-021,0.0,0.0,0.0,0.0,0.0,0.0,0.0,0.0,8763.205954936539,726.7600782693527,0.95,-5024.1483837580245,0.0,0.0
46,trust_vcg,node-022,0.0,0.0,0.0,0.0,0.0,0.0,0.0,0.0,8763.205954936539,726.7600782693527,0.95,0.0,0.0,0.0
46,trust_vcg,node-023,38.95277825911155,0.0,161.85086309756957,38952.77825911155,0.0,161850.86309756956,-78.52610954045304,-52.77807942623731,8763.205954936539,726.7600782693527,0.95,-10949.221682994226,-3.862204517132369,78.52610954045304
46,trust_vcg,node-024,0.0,0.0,0.0,0.0,0.0,0.0,0.0,0.0,8763.205954936539,726.7600782693527,0.95,-5592.4888489221385,0.0,0.0
46,trust_vcg,node-025,0.0,1.2919551253928603,71.49948333063867,0.0,0.0016573340414945657,0.09172031237316192,592.3180824816014,779.53815769559,8763.205954936539,726.7600782693527,0.95,-6139.123101285099,-28.083011282098255,-592.3180824816014
46,trust_vcg,node-026,0.0,216.0929565713909,216.0929565713909,0.0,216092.9565713909,216092.9565713909,0.0,0.0,8763.205954936539,726.7600782693527,0.95,-5031.887986046001,0.0,0.0
46,trust_vcg,node-027,0.0,0.0,0.0,0.0,0.0,0.0,0.0,0.0,8763.205954936539,726.7600782693527,0.95,-3939.5003714929853,0.0,0.0
46,trust_vcg,node-028,40.01479027481477,264.87535241093883,433.3388274628298,40014.79027481477,264875.3524109388,433338.82746282977,0.0,0.0,8763.205954936539,726.7600782693527,0.95,-5566.66117253717,0.0,0.0
46,trust_vcg,node-029,0.0,0.0,397.0459465405136,0.0,0.0,397045.9465405136,0.0,0.0,8763.205954936539,726.7600782693527,0.95,-5542.416342964572,0.0,0.0
46,contingent,node-000,0.0,0.0,0.0,0.0,0.0,0.0,0.0,0.0,8763.205954936539,315.6720649302153,0.95,-240.51174453984405,0.0,-132.5449501971787
46,contingent,node-001,0.0,0.0,0.0,0.0,0.0,0.0,0.0,0.0,8763.205954936539,315.6720649302153,0.95,-432.9510099685506,0.0,0.0
46,contingent,node-002,0.0,0.0,0.0,0.0,0.0,0.0,0.0,0.0,8763.205954936539,315.6720649302153,0.95,0.0,0.0,0.0
46,contingent,node-003,0.0,0.0,0.0,0.0,0.0,0.0,0.0,0.0,8763.205954936539,315.6720649302153,0.95,-368.398936038579,0.0,0.0
46,contingent,node-004,0.0,0.0,0.0,0.0,0.0,0.0,0.0,0.0,8763.205954936539,315.6720649302153,0.95,-305.04056061259047,0.0,0.0
46,contingent,node-005,0.0,29.767063220272135,29.767063220272135,0.0,29767.063220272135,29767.063220272135,0.0,0.0,8763.205954936539,315.6720649302153,0.95,-360.4043576134086,0.0,0.0
46,contingent,node-006,7.479129757652506,29.91651903061003,41.122994817322294,7479.129757652507,29916.51903061003,41122.994817322295,0.0,0.0,8763.205954936539,315.6720649302153,0.95,-387.4885265229036,0.0,0.0
46,contingent,node-007,0.0,0.0,0.0,0.0,0.0,0.0,0.0,0.0,8763.205954936539,315.6720649302153,0.95,0.0,0.0,0.0
46,contingent,node-008,0.0,0.0,0.0,0.0,0.0,0.0,0.0,0.0,8763.205954936539,315.6720649302153,0.95,0.0,0.0,0.0
46,contingent,node-009,0.0,48.77840630820488,135.89158499137983,0.0,48778.40630820488,135891.58499137982,0.0,0.0,8763.205954936539,315.6720649302153,0.95,-209.6005050924078,0.0,0.0
46,contingent,node-010,0.0,0.0,0.0,0.0,0.0,0.0,0.0,0.0,8763.205954936539,315.6720649302153,0.95,0.0,0.0,0.0
46,contingent,node-011,0.0,0.0,0.0,0.0,0.0,0.0,0.0,0.0,8763.205954936539,315.6720649302153,0.95,-456.02781809186865,0.0,0.0
46,contingent,node-012,0.0,0.0,9.711161331698705,0.0,0.0,9711.161331698704,0.0,0.0,8763.205954936539,315.6720649302153,0.95,-258.2926288872506,0.0,0.0
46,contingent,node-013,0.0,0.0,0.0,0.0,0.0,0.0,0.0,0.0,8763.205954936539,315.6720649302153,0.95,0.0,0.0,0.0
46,contingent,node-014,3.173211496155467,83.24986246605128,208.12465616512821,3173.211496155467,83249.86246605129,208124.65616512822,0.0,0.0,8763.205954936539,315.6720649302153,0.95,-177.1230787920223,2.7161058552444057,0.0
46,contingent,node-015,0.0,0.0,0.0,0.0,0.0,0.0,0.0,0.0,8763.205954936539,315.6720649302153,0.95,0.0,0.0,0.0
46,contingent,node-016,0.0,29.104663317765073,29.104663317765073,0.0,29104.663317765073,29104.663317765073,0.0,0.0,8763.205954936539,315.6720649302153,0.95,-367.9926494822787,0.0,0.0
46,contingent,node-017,0.0,0.0,0.0,0.0,0.0,0.0,0.0,0.0,8763.205954936539,315.6720649302153,0.95,-291.27695724345995,0.0,0.0
46,contingent,node-018,0.0,0.0,0.0,0.0,0.0,0.0,0.0,0.0,8763.205954936539,315.6720649302153,0.95,-206.14560542240878,0.0,0.0
46,contingent,node-019,0.0,0.0,0.0,0.0,0.0,0.0,0.0,0.0,8763.205954936539,315.6720649302153,0.95,0.0,0.0,0.0
46,contingent,node-020,0.0,0.0,7.458331383705712,0.0,0.0,7458.331383705712,0.0,0.0,8763.205954936539,315.6720649302153,0.95,-447.43118050140225,0.0,0.0
46,contingent,node-021,0.0,0.0,0.0,0.0,0.0,0.0,0.0,0.0,8763.205954936539,315.6720649302153,0.95,-390.08117635488844,0.0,0.0
46,contingent,node-022,0.0,0.0,0.0,0.0,0.0,0.0,0.0,0.0,8763.205954936539,315.6720649302153,0.95,0.0,0.0,0.0
46,contingent,node-023,34.8419521092324,0.0,119.1463671621135,1.0,0.0,3.4196237566879084,9.093921995016707,34.8419521092324,8763.205954936539,315.6720649302153,0.95,-120.08509213373634,-3.4841952109232386,-9.093921995016707
46,contingent,node-024,0.0,0.0,17.098345238682356,0.0,0.0,17098.345238682356,0.0,0.0,8763.205954936539,315.6720649302153,0.95,-369.9553956885523,0.0,0.0
46,contingent,node-025,41.79293093289341,0.0,123.03471205682605,0.1488192648326663,0.0,0.4381108237322662,93.61003760699431,280.8301128209829,8763.205954936539,315.6720649302153,0.95,-280.83011282098295,-28.083011282098298,-93.61003760699431
46,contingent,node-026,0.0,66.09295657139091,66.09295657139091,0.0,66092.95657139091,66092.95657139091,0.0,0.0,8763.205954936539,315.6720649302153,0.95,-327.5519441840041,0.0,0.0
46,contingent,node-027,0.0,0.0,0.0,0.0,0.0,0.0,0.0,0.0,8763.205954936539,315.6720649302153,0.95,-358.00148597194345,0.0,0.0
46,contingent,node-028,0.0,64.87535241093883,89.87696168829328,0.0,64875.35241093883,89876.96168829328,0.0,0.0,8763.205954936539,315.6720649302153,0.95,-266.6446901486809,0.0,0.0
46,contingent,node-029,0.0,55.620788322604994,124.7716779817773,0.0,55620.788322604996,124771.6779817773,0.0,0.0,8763.205954936539,315.6720649302153,0.95,-169.66537185829057,0.0,0.0
46,capped,node-000,0.0,0.0,0.0,0.0,0.0,0.0,0.0,0.0,8763.205954936539,319.4521579923064,0.95,-60.127936134961004,0.0,-108.23775249213763
46,capped,node-001,0.0,0.0,0.0,0.0,0.0,0.0,0.0,0.0,8763.205954936539,319.4521579923064,0.95,-108.23775249213763,0.0,0.0
46,capped,node-002,0.0,0.0,0.0,0.0,0.0,0.0,0.0,0.0,8763.205954936539,319.4521579923064,0.95,0.0,0.0,0.0
46,capped,node-003,0.0,0.0,0.0,0.0,0.0,0.0,0.0,0.0,8763.205954936539,319.4521579923064,0.95,-92.09973400964473,0.0,0.0
46,capped,node-004,0.0,0.0,0.0,0.0,0.0,0.0,0.0,0.0,8763.205954936539,319.4521579923064,0.95,-76.26014015314762,0.0,0.0
46,capped,node-005,0.0,29.767063220272135,29.767063220272135,0.0,29767.063220272135,29767.063220272135,0.0,0.0,8763.205954936539,319.4521579923064,0.95,-90.10108940335215,0.0,0.0
46,capped,node-006,7.479129757652506,29.91651903061003,41.122994817322294,7479.129757652507,29916.51903061003,41122.994817322295,0.0,0.0,8763.205954936539,319.4521579923064,0.95,-96.87213163072589,0.0,0.0
46,capped,node-007,0.0,0.0,0.0,0.0,0.0,0.0,0.0,0.0,8763.205954936539,319.4521579923064,0.95,0.0,0.0,0.0
46,capped,node-008,0.0,0.0,0.0,0.0,0.0,0.0,0.0,0.0,8763.205954936539,319.4521579923064,0.95,0.0,0.0,0.0
46,capped,node-009,0.0,95.042078811621,156.03725877532742,0.0,95042.07881162099,156037.2587753274,0.0,0.0,8763.205954936539,319.4521579923064,0.95,-52.40012627310193,0.0,0.0
46,capped,node-010,0.0,0.0,0.0,0.0,0.0,0.0,0.0,0.0,8763.205954936539,319.4521579923064,0.95,0.0,0.0,0.0
46,capped,node-011,0.0,0.0,0.0,0.0,0.0,0.0,0.0,0.0,8763.205954936539,319.4521579923064,0.95,-114.00695452296718,0.0,0.0
46,capped,node-012,0.0,0.0,9.711161331698705,0.0,0.0,9711.161331698704,0.0,0.0,8763.205954936539,319.4521579923064,0.95,-64.57315722181266,0.0,0.0
46,capped,node-013,0.0,0.0,0.0,0.0,0.0,0.0,0.0,0.0,8763.205954936539,319.4521579923064,0.95,0.0,0.0,0.0
46,capped,node-014,3.173211496155467,83.24986246605128,208.12465616512821,3173.211496155467,83249.86246605129,208124.65616512822,0.0,0.0,8763.205954936539,319.4521579923064,0.95,-44.28076969800557,2.7161058552444057,0.0
46,capped,node-015,0.0,0.0,0.0,0.0,0.0,0.0,0.0,0.0,8763.205954936539,319.4521579923064,0.95,0.0,0.0,0.0
46,capped,node-016,0.0,29.104663317765073,29.104663317765073,0.0,29104.663317765073,29104.663317765073,0.0,0.0,8763.205954936539,319.4521579923064,0.95,-91.99816237056967,0.0,0.0
46,capped,node-017,0.0,0.0,0.0,0.0,0.0,0.0,0.0,0.0,8763.205954936539,319.4521579923064,0.95,-72.81923931086499,0.0,0.0
46,capped,node-018,0.0,0.0,0.0,0.0,0.0,0.0,0.0,0.0,8763.205954936539,319.4521579923064,0.95,-51.53640135560218,0.0,0.0
46,capped,node-019,0.0,0.0,0.0,0.0,0.0,0.0,0.0,0.0,8763.205954936539,319.4521579923064,0.95,0.0,0.0,0.0
46,capped,node-020,0.0,0.0,7.458331383705712,0.0,0.0,7458.331383705712,0.0,0.0,8763.205954936539,319.4521579923064,0.95,-111.85779512535056,0.0,0.0
46,capped,node-021,0.0,0.0,0.0,0.0,0.0,0.0,0.0,0.0,8763.205954936539,319.4521579923064,0.95,-97.52029408872211,0.0,0.0
46,capped,node-022,0.0,0.0,0.0,0.0,0.0,0.0,0.0,0.0,8763.205954936539,319.4521579923064,0.95,0.0,0.0,0.0
46,capped,node-023,38.622045171323535,42.62157001225198,209.10832522033144,0.9999999999999998,1.1035554907355876,5.414221962942349,12.874015057107844,38.62204517132354,8763.205954936539,319.4521579923064,0.95,-40.62180759178776,-3.8622045171323514,-12.874015057107844
46,capped,node-024,0.0,0.0,35.65325125374126,0.0,0.0,35653.25125374126,0.0,0.0,8763.205954936539,319.4521579923064,0.95,-92.48884892213808,0.0,0.0
46,capped,node-025,41.79293093289341,0.0,123.03471205682605,0.1488192648326663,0.0,0.4381108237322662,93.61003760699431,280.8301128209829,8763.205954936539,319.4521579923064,0.95,-140.41505641049145,-28.083011282098298,-93.61003760699431
46,capped,node-026,0.0,66.09295657139091,66.09295657139091,0.0,66092.95657139091,66092.95657139091,0.0,0.0,8763.205954936539,319.4521579923064,0.95,-81.88798604600103,0.0,0.0
46,capped,node-027,0.0,0.0,17.614266476384508,0.0,0.0,17614.266476384506,0.0,0.0,8763.205954936539,319.4521579923064,0.95,-89.50037149298586,0.0,0.0
46,capped,node-028,0.0,64.87535241093883,89.87696168829328,0.0,64875.35241093883,89876.96168829328,0.0,0.0,8763.205954936539,319.4521579923064,0.95,-66.66117253717024,0.0,0.0
46,capped,node-029,0.0,77.64471846396383,124.7716779817773,0.0,77644.71846396383,124771.6779817773,0.0,0.0,8763.205954936539,319.4521579923064,0.95,-42.41634296457264,0.0,0.0
46,proper_scoring,node-000,0.0,0.0,0.0,0.0,0.0,0.0,0.0,0.0,8763.205954936539,1247.3847146766025,0.95,-210.127936134961,0.0,317.05684330607517
46,proper_scoring,node-001,317.05684330607517,0.0,317.4550498028213,317056.84330607514,0.0,317455.0498028213,0.0,0.0,8763.205954936539,1247.3847146766025,0.95,-408.21557239844185,0.0,0.0
46,proper_scoring,node-002,0.0,0.0,0.0,0.0,0.0,0.0,0.0,0.0,8763.205954936539,1247.3847146766025,0.95,0.0,0.0,0.0
46,proper_scoring,node-003,0.0,0.0,268.67614949976837,0.0,0.0,268676.1494997684,0.0,0.0,8763.205954936539,1247.3847146766025,0.95,-358.22455575517614,0.0,0.0
46,proper_scoring,node-004,0.0,0.0,123.73985984685238,0.0,0.0,123739.85984685239,0.0,0.0,8763.205954936539,1247.3847146766025,0.95,-270.7005349901923,0.0,0.0
46,proper_scoring,node-005,0.0,79.76706322027214,268.21295208664094,0.0,79767.06322027213,268212.95208664093,0.0,0.0,8763.205954936539,1247.3847146766025,0.95,-360.4043576134086,0.0,0.0
46,proper_scoring,node-006,682.9400352866053,229.91651903061006,793.6578415000218,682940.0352866052,229916.51903061007,793657.8415000219,0.0,0.0,8763.205954936539,1247.3847146766025,0.95,-379.16585977910415,0.0,0.0
46,proper_scoring,node-007,0.0,0.0,0.0,0.0,0.0,0.0,0.0,0.0,8763.205954936539,1247.3847146766025,0.95,0.0,0.0,0.0
46,proper_scoring,node-008,0.0,0.0,0.0,0.0,0.0,0.0,0.0,0.0,8763.205954936539,1247.3847146766025,0.95,0.0,0.0,0.0
46,proper_scoring,node-009,0.0,448.7784063082049,448.7784063082049,0.0,448778.4063082049,448778.4063082049,0.0,0.0,8763.205954936539,1247.3847146766025,0.95,-209.6005050924078,0.0,0.0
46,proper_scoring,node-010,0.0,0.0,0.0,0.0,0.0,0.0,0.0,0.0,8763.205954936539,1247.3847146766025,0.95,0.0,0.0,0.0
46,proper_scoring,node-011,0.0,0.0,319.9274399139271,0.0,0.0,319927.4399139271,0.0,0.0,8763.205954936539,1247.3847146766025,0.95,-421.6654685212759,0.0,0.0
46,proper_scoring,node-012,0.0,0.0,135.42684277818736,0.0,0.0,135426.84277818736,0.0,0.0,8763.205954936539,1247.3847146766025,0.95,-250.02566089705832,0.0,0.0
46,proper_scoring,node-013,0.0,0.0,0.0,0.0,0.0,0.0,0.0,0.0,8763.205954936539,1247.3847146766025,0.95,0.0,0.0,0.0
46,proper_scoring,node-014,281.0211967651454,583.2498624660514,708.1246561651283,281021.1967651454,583249.8624660514,708124.6561651282,0.0,0.0,8763.205954936539,1247.3847146766025,0.95,-177.1230787920223,52.04645012862554,0.0
46,proper_scoring,node-015,0.0,0.0,0.0,0.0,0.0,0.0,0.0,0.0,8763.205954936539,1247.3847146766025,0.95,0.0,0.0,0.0
46,proper_scoring,node-016,0.0,79.10466331776507,286.80569807000245,0.0,79104.66331776507,286805.6980700024,0.0,0.0,8763.205954936539,1247.3847146766025,0.95,-367.9926494822787,0.0,0.0
46,proper_scoring,node-017,0.0,0.0,0.0,0.0,0.0,0.0,0.0,0.0,8763.205954936539,1247.3847146766025,0.95,-222.819239310865,0.0,0.0
46,proper_scoring,node-018,0.0,0.0,0.0,0.0,0.0,0.0,0.0,0.0,8763.205954936539,1247.3847146766025,0.95,-151.53640135560218,0.0,0.0
46,proper_scoring,node-019,0.0,0.0,0.0,0.0,0.0,0.0,0.0,0.0,8763.205954936539,1247.3847146766025,0.95,0.0,0.0,0.0
46,proper_scoring,node-020,0.0,0.0,683.1369453106245,0.0,0.0,683136.9453106244,0.0,0.0,8763.205954936539,1247.3847146766025,0.95,-419.5130483464007,0.0,0.0
46,proper_scoring,node-021,0.0,0.0,118.17733191237404,0.0,0.0,118177.33191237404,0.0,0.0,8763.205954936539,1247.3847146766025,0.95,-379.76603347083056,0.0,0.0
46,proper_scoring,node-022,0.0,0.0,0.0,0.0,0.0,0.0,0.0,0.0,8763.205954936539,1247.3847146766025,0.95,0.0,0.0,0.0
46,proper_scoring,node-023,39.8978015246343,366.5260326424082,493.5017534539426,0.08527967328025784,0.7834321470859589,1.0548367751992906,442.09852686679704,467.8465569810127,8763.205954936539,1247.3847146766025,0.95,-553.0896970055167,-3.4841952109233034,-442.09852686679704
46,proper_scoring,node-024,0.0,0.0,417.0983452386823,0.0,0.0,417098.3452386823,0.0,0.0,8763.205954936539,1247.3847146766025,0.95,-356.4083564445857,0.0,0.0
46,proper_scoring,node-025,0.0,1.2919551253928603,71.49948333063867,0.0,0.0016573340414945657,0.09172031237316192,592.3180824816014,779.53815769559,8763.205954936539,1247.3847146766025,0.95,-779.53815769559,-28.083011282098255,-592.3180824816014
46,proper_scoring,node-026,0.0,216.0929565713909,290.9799831716248,0.0,216092.9565713909,290979.9831716248,0.0,0.0,8763.205954936539,1247.3847146766025,0.95,-327.5519441840041,0.0,0.0
46,proper_scoring,node-027,0.0,0.0,70.39380723457653,0.0,0.0,70393.80723457652,0.0,0.0,8763.205954936539,1247.3847146766025,0.95,-349.9711056687935,0.0,0.0
46,proper_scoring,node-028,40.01479027481477,264.87535241093883,433.3388274628298,40014.79027481477,264875.3524109388,433338.82746282977,0.0,0.0,8763.205954936539,1247.3847146766025,0.95,-266.6446901486809,0.0,0.0
46,proper_scoring,node-029,0.0,455.620788322605,455.620788322605,0.0,455620.78832260496,455620.78832260496,0.0,0.0,8763.205954936539,1247.3847146766025,0.95,-169.66537185829057,0.0,0.0
46,audits,node-000,0.0,0.0,0.0,0.0,0.0,0.0,0.0,0.0,8763.205954936539,1226.7600782693526,0.95,-210.127936134961,0.0,295.5267028466415
46,audits,node-001,295.5267028466415,0.0,295.5267028466415,295526.7028466415,0.0,295526.7028466415,0.0,0.0,8763.205954936539,1226.7600782693526,0.95,-608.2377524921377,0.0,0.0
46,audits,node-002,0.0,0.0,0.0,0.0,0.0,0.0,0.0,0.0,8763.205954936539,1226.7600782693526,0.95,0.0,0.0,0.0
46,audits,node-003,0.0,0.0,216.72664310272978,0.0,0.0,216726.64310272978,0.0,0.0,8763.205954936539,1226.7600782693526,0.95,-545.7702145653175,0.0,0.0
46,audits,node-004,0.0,0.0,123.73985984685238,0.0,0.0,123739.85984685239,0.0,0.0,8763.205954936539,1226.7600782693526,0.95,-276.26014015314763,0.0,0.0
46,audits,node-005,0.0,79.76706322027214,223.7038116867337,0.0,79767.06322027213,223703.8116867337,0.0,0.0,8763.205954936539,1226.7600782693526,0.95,-590.1010894033521,0.0,0.0
46,audits,node-006,645.1623508609122,229.91651903061006,703.1278683692741,645162.3508609121,229916.51903061007,703127.8683692741,0.0,0.0,8763.205954936539,1226.7600782693526,0.95,-1096.872131630726,0.0,0.0
46,audits,node-007,0.0,0.0,0.0,0.0,0.0,0.0,0.0,0.0,8763.205954936539,1226.7600782693526,0.95,0.0,0.0,0.0
46,audits,node-008,0.0,0.0,0.0,0.0,0.0,0.0,0.0,0.0,8763.205954936539,1226.7600782693526,0.95,0.0,0.0,0.0
46,audits,node-009,0.0,395.04207881162097,406.0372587753275,0.0,395042.07881162094,406037.2587753275,0.0,0.0,8763.205954936539,1226.7600782693526,0.95,-652.4001262731019,0.0,0.0
46,audits,node-010,0.0,0.0,0.0,0.0,0.0,0.0,0.0,0.0,8763.205954936539,1226.7600782693526,0.95,0.0,0.0,0.0
46,audits,node-011,0.0,0.0,285.99304547703287,0.0,0.0,285993.04547703284,0.0,0.0,8763.205954936539,1226.7600782693526,0.95,-614.0069545229671,0.0,0.0
46,audits,node-012,0.0,0.0,135.42684277818736,0.0,0.0,135426.84277818736,0.0,0.0,8763.205954936539,1226.7600782693526,0.95,-264.5731572218126,0.0,0.0
46,audits,node-013,0.0,0.0,0.0,0.0,0.0,0.0,0.0,0.0,8763.205954936539,1226.7600782693526,0.95,0.0,0.0,0.0
46,audits,node-014,281.0211967651454,583.2498624660514,708.1246561651283,281021.1967651454,583249.8624660514,708124.6561651282,0.0,0.0,8763.205954936539,1226.7600782693526,0.95,-644.2807696980055,52.04645012862554,0.0
46,audits,node-015,0.0,0.0,0.0,0.0,0.0,0.0,0.0,0.0,8763.205954936539,1226.7600782693526,0.95,0.0,0.0,0.0
46,audits,node-016,0.0,79.10466331776507,264.90268089013296,0.0,79104.66331776507,264902.68089013296,0.0,0.0,8763.205954936539,1226.7600782693526,0.95,-591.9981623705697,0.0,0.0
46,audits,node-017,0.0,0.0,0.0,0.0,0.0,0.0,0.0,0.0,8763.205954936539,1226.7600782693526,0.95,-222.819239310865,0.0,0.0
46,audits,node-018,0.0,0.0,0.0,0.0,0.0,0.0,0.0,0.0,8763.205954936539,1226.7600782693526,0.95,-151.53640135560218,0.0,0.0
46,audits,node-019,0.0,0.0,0.0,0.0,0.0,0.0,0.0,0.0,8763.205954936539,1226.7600782693526,0.95,0.0,0.0,0.0
46,audits,node-020,0.0,0.0,638.1422048746493,0.0,0.0,638142.2048746493,0.0,0.0,8763.205954936539,1226.7600782693526,0.95,-1061.8577951253505,0.0,0.0
46,audits,node-021,0.0,0.0,60.16785081401035,0.0,0.0,60167.85081401035,0.0,0.0,8763.205954936539,1226.7600782693526,0.95,-524.1483837580254,0.0,0.0
46,audits,node-022,0.0,0.0,0.0,0.0,0.0,0.0,0.0,0.0,8763.205954936539,1226.7600782693526,0.95,0.0,0.0,0.0
46,audits,node-023,38.95277825911154,234.02169460981276,400.5084498178924,0.08709943870626273,0.5232786762991738,0.8955474483541879,421.473890459547,447.22192057376265,8763.205954936539,1226.7600782693526,0.95,-1449.221682994227,-3.8622045171324544,-421.473890459547
46,audits,node-024,0.0,0.0,385.65325125374125,0.0,0.0,385653.2512537412,0.0,0.0,8763.205954936539,1226.7600782693526,0.95,-592.488848922138,0.0,0.0
46,audits,node-025,0.0,1.2919551253928603,71.49948333063867,0.0,0.0016573340414945657,0.09172031237316192,592.3180824816014,779.53815769559,8763.205954936539,1226.7600782693526,0.95,-1139.1231012850985,-28.083011282098255,-592.3180824816014
46,audits,node-026,0.0,216.0929565713909,268.11201395399894,0.0,216092.9565713909,268112.0139539989,0.0,0.0,8763.205954936539,1226.7600782693526,0.95,-531.8879860460012,0.0,0.0
46,audits,node-027,0.0,0.0,60.49962850701414,0.0,0.0,60499.62850701414,0.0,0.0,8763.205954936539,1226.7600782693526,0.95,-439.50037149298583,0.0,0.0
46,audits,node-028,40.01479027481477,264.87535241093883,433.3388274628298,40014.79027481477,264875.3524109388,433338.82746282977,0.0,0.0,8763.205954936539,1226.7600782693526,0.95,-566.6611725371702,0.0,0.0
46,audits,node-029,0.0,427.6447184639638,427.6447184639638,0.0,427644.71846396377,427644.71846396377,0.0,0.0,8763.205954936539,1226.7600782693526,0.95,-542.4163429645727,0.0,0.0
48,greedy,node-000,0.0,0.0,0.0,0.0,0.0,0.0,0.0,0.0,6265.122540198768,319.8969077282694,0.8,0.0,0.0,0.0
48,greedy,node-001,0.0,0.0,0.0,0.0,0.0,0.0,0.0,0.0,6265.122540198768,319.8969077282694,0.8,0.0,0.0,0.0
48,greedy,node-002,0.0,0.0,0.0,0.0,0.0,0.0,0.0,0.0,6265.122540198768,319.8969077282694,0.8,-10.140605497843566,0.0,0.0
48,greedy,node-003,0.0,0.0,0.0,0.0,0.0,0.0,0.0,0.0,6265.122540198768,319.8969077282694,0.8,0.0,0.0,0.0
48,greedy,node-004,11.518557030789879,0.0,11.518557030789879,11518.557030789878,0.0,11518.557030789878,0.0,0.0,6265.122540198768,319.8969077282694,0.8,-59.63919916090789,0.0,0.0
48,greedy,node-005,0.0,0.0,0.0,0.0,0.0,0.0,0.0,0.0,6265.122540198768,319.8969077282694,0.8,-53.539802567040546,0.0,0.0
48,greedy,node-006,0.0,0.0,0.0,0.0,0.0,0.0,0.0,0.0,6265.122540198768,319.8969077282694,0.8,0.0,0.0,0.0
48,greedy,node-007,0.0,0.0,0.0,0.0,0.0,0.0,0.0,0.0,6265.122540198768,319.8969077282694,0.8,0.0,0.0,0.0
48,greedy,node-008,0.0,0.0,0.0,0.0,0.0,0.0,0.0,0.0,6265.122540198768,319.8969077282694,0.8,0.0,0.0,0.0
48,greedy,node-009,0.0,0.0,0.0,0.0,0.0,0.0,0.0,0.0,6265.122540198768,319.8969077282694,0.8,0.0,0.0,0.0
48,greedy,node-010,0.0,0.0,0.0,0.0,0.0,0.0,0.0,0.0,6265.122540198768,319.8969077282694,0.8,0.0,0.0,0.0
48,greedy,node-011,13.42119729538679,0.0,13.42119729538679,13421.19729538679,0.0,13421.19729538679,0.0,0.0,6265.122540198768,319.8969077282694,0.8,-47.469374412331554,0.0,0.0
48,greedy,node-012,19.692292293686418,0.0,19.692292293686418,19692.292293686416,0.0,19692.292293686416,0.0,0.0,6265.122540198768,319.8969077282694,0.8,-67.55786852398374,27.74240170498762,0.0
48,greedy,node-013,19.854390428324848,0.0,19.854390428324848,19854.39042832485,0.0,19854.39042832485,0.0,0.0,6265.122540198768,319.8969077282694,0.8,-55.385437756528354,17.749255564538394,0.0
48,greedy,node-014,0.0,0.0,0.0,0.0,0.0,0.0,0.0,0.0,6265.122540198768,319.8969077282694,0.8,0.0,0.0,0.0
48,greedy,node-015,0.0,0.0,0.0,0.0,0.0,0.0,0.0,0.0,6265.122540198768,319.8969077282694,0.8,0.0,0.0,0.0
48,greedy,node-016,0.0,0.0,0.0,0.0,0.0,0.0,0.0,0.0,6265.122540198768,319.8969077282694,0.8,0.0,0.0,0.0
48,greedy,node-017,13.767442463947262,0.0,13.767442463947262,13767.442463947262,0.0,13767.442463947262,0.0,0.0,6265.122540198768,319.8969077282694,0.8,-48.18172279549277,0.0,0.0
48,greedy,node-018,0.0,0.0,0.0,0.0,0.0,0.0,0.0,0.0,6265.122540198768,319.8969077282694,0.8,-49.769780425023214,0.0,0.0
48,greedy,node-019,0.0,0.0,0.0,0.0,0.0,0.0,0.0,0.0,6265.122540198768,319.8969077282694,0.8,0.0,0.0,0.0
48,greedy,node-020,0.0,0.0,0.0,0.0,0.0,0.0,63.55932523952277,190.6779757185683,6265.122540198768,319.8969077282694,0.8,-123.68163596431509,-19.06779757185683,-63.55932523952277
48,greedy,node-021,0.0,0.0,0.0,0.0,0.0,0.0,0.0,0.0,6265.122540198768,319.8969077282694,0.8,0.0,0.0,0.0
48,greedy,node-022,0.0,0.0,0.0,0.0,0.0,0.0,0.0,0.0,6265.122540198768,319.8969077282694,0.8,0.0,0.0,0.0
48,greedy,node-023,0.0,0.0,0.0,0.0,0.0,0.0,0.0,0.0,6265.122540198768,319.8969077282694,0.8,0.0,0.0,0.0
48,greedy,node-024,0.0,0.0,0.0,0.0,0.0,0.0,0.0,0.0,6265.122540198768,319.8969077282694,0.8,0.0,0.0,0.0
48,greedy,node-025,0.0,0.0,0.0,0.0,0.0,0.0,0.0,0.0,6265.122540198768,319.8969077282694,0.8,0.0,0.0,0.0
48,greedy,node-026,0.0,0.0,0.0,0.0,0.0,0.0,0.0,0.0,6265.122540198768,319.8969077282694,0.8,0.0,0.0,0.0
48,greedy,node-027,0.0,0.0,0.0,0.0,0.0,0.0,0.0,0.0,6265.122540198768,319.8969077282694,0.8,0.0,0.0,0.0
48,greedy,node-028,0.0,0.0,0.0,0.0,0.0,0.0,43.07297733656702,129.21893200970106,6265.122540198768,319.8969077282694,0.8,-86.37308406765035,-12.9218932009701,-43.07297733656702
48,greedy,node-029,0.0,0.0,0.0,0.0,0.0,0.0,0.0,0.0,6265.122540198768,319.8969077282694,0.8,0.0,0.0,0.0
48,trust_vcg,node-000,0.0,0.0,0.0,0.0,0.0,0.0,0.0,0.0,8685.166528657743,795.1194483328999,0.95,0.0,0.0,0.0
48,trust_vcg,node-001,0.0,0.0,0.0,0.0,0.0,0.0,0.0,0.0,8685.166528657743,795.1194483328999,0.95,0.0,0.0,0.0
48,trust_vcg,node-002,0.0,0.0,52.661816143938054,0.0,0.0,52661.81614393806,0.0,0.0,8685.166528657743,795.1194483328999,0.95,-7814.327400836694,0.0,0.0
48,trust_vcg,node-003,0.0,0.0,0.0,0.0,0.0,0.0,0.0,0.0,8685.166528657743,795.1194483328999,0.95,-2267.476668502499,0.0,0.0
48,trust_vcg,node-004,0.0,19.278398321815786,562.0760001110659,0.0,19278.398321815785,562076.0001110659,0.0,0.0,8685.166528657743,795.1194483328999,0.95,-5559.639199160908,0.0,0.0
48,trust_vcg,node-005,537.2702084618412,0.0,537.2906954452483,537270.2084618412,0.0,537290.6954452483,0.0,0.0,8685.166528657743,795.1194483328999,0.95,-5574.5813908904975,68.58733922154477,0.0
48,trust_vcg,node-006,0.0,0.0,0.0,0.0,0.0,0.0,0.0,0.0,8685.166528657743,795.1194483328999,0.95,0.0,0.0,0.0
48,trust_vcg,node-007,0.0,0.0,42.12662972836082,0.0,0.0,42126.629728360815,0.0,0.0,8685.166528657743,795.1194483328999,0.95,-557.8733702716391,0.0,0.0
48,trust_vcg,node-008,0.0,0.0,0.0,0.0,0.0,0.0,0.0,0.0,8685.166528657743,795.1194483328999,0.95,0.0,0.0,0.0
48,trust_vcg,node-009,0.0,0.0,0.0,0.0,0.0,0.0,0.0,0.0,8685.166528657743,795.1194483328999,0.95,0.0,0.0,0.0
48,trust_vcg,node-010,0.0,0.0,0.0,0.0,0.0,0.0,0.0,0.0,8685.166528657743,795.1194483328999,0.95,0.0,0.0,0.0
48,trust_vcg,node-011,0.0,0.0,0.0,0.0,0.0,0.0,0.0,0.0,8685.166528657743,795.1194483328999,0.95,-5516.007972720701,0.0,0.0
48,trust_vcg,node-012,46.15242415724572,0.5969410891604525,90.85182078944919,46152.42415724572,596.9410891604525,90851.8207894492,0.0,0.0,8685.166528657743,795.1194483328999,0.95,-8309.14817921055,0.0,0.0
48,trust_vcg,node-013,0.0,0.2612104753305857,21.42237852166818,0.0,0.0003139354975997591,0.02574646002408165,610.5096650377262,832.0514160638398,8685.166528657743,795.1194483328999,0.95,-8378.577621478333,-33.23126265391704,-610.5096650377262
48,trust_vcg,node-014,0.0,0.0,0.0,0.0,0.0,0.0,0.0,0.0,8685.166528657743,795.1194483328999,0.95,0.0,0.0,0.0
48,trust_vcg,node-015,0.0,0.0,0.0,0.0,0.0,0.0,0.0,0.0,8685.166528657743,795.1194483328999,0.95,0.0,0.0,0.0
48,trust_vcg,node-016,0.0,0.0,0.0,0.0,0.0,0.0,0.0,0.0,8685.166528657743,795.1194483328999,0.95,-3889.18463258165,0.0,0.0
48,trust_vcg,node-017,0.0,0.0,0.0,0.0,0.0,0.0,0.0,0.0,8685.166528657743,795.1194483328999,0.95,-5572.757909216591,0.0,0.0
48,trust_vcg,node-018,607.4330683335713,0.0,701.4769436645529,607433.0683335713,0.0,701476.9436645529,0.0,0.0,8685.166528657743,795.1194483328999,0.95,-8898.523056335447,168.82934303921957,0.0
48,trust_vcg,node-019,0.0,0.0,0.0,0.0,0.0,0.0,0.0,0.0,8685.166528657743,795.1194483328999,0.95,0.0,0.0,0.0
48,trust_vcg,node-020,0.0,0.0,383.05776106487565,0.0,0.0,383057.76106487564,-78.16589730595027,-36.93196773093975,8685.166528657743,795.1194483328999,0.95,-10981.95641341884,-6.185089436251474,78.16589730595027
48,trust_vcg,node-021,0.0,0.0,168.53330322990027,0.0,0.0,168533.30322990025,0.0,0.0,8685.166528657743,795.1194483328999,0.95,-2231.4666967700996,0.0,0.0
48,trust_vcg,node-022,0.0,0.0,0.0,0.0,0.0,0.0,0.0,0.0,8685.166528657743,795.1194483328999,0.95,0.0,0.0,0.0
48,trust_vcg,node-023,0.0,0.0,0.0,0.0,0.0,0.0,0.0,0.0,8685.166528657743,795.1194483328999,0.95,-5618.027000001082,0.0,0.0
48,trust_vcg,node-024,0.0,0.0,0.0,0.0,0.0,0.0,0.0,0.0,8685.166528657743,795.1194483328999,0.95,0.0,0.0,0.0
48,trust_vcg,node-025,412.6588154589448,0.0,816.1748487560156,412658.81545894477,0.0,816174.8487560156,0.0,0.0,8685.166528657743,795.1194483328999,0.95,-10583.825151243986,0.0,0.0
48,trust_vcg,node-026,0.0,0.0,0.0,0.0,0.0,0.0,0.0,0.0,8685.166528657743,795.1194483328999,0.95,0.0,0.0,0.0
48,trust_vcg,node-027,0.0,0.0,0.0,0.0,0.0,0.0,0.0,0.0,8685.166528657743,795.1194483328999,0.95,0.0,0.0,0.0
48,trust_vcg,node-028,0.0,0.0,89.79198539698254,0.0,0.0,89791.98539698253,0.0,0.0,8685.166528657743,795.1194483328999,0.95,-5558.238128235182,0.0,0.0
48,trust_vcg,node-029,0.0,0.0,0.0,0.0,0.0,0.0,0.0,0.0,8685.166528657743,795.1194483328999,0.95,0.0,0.0,0.0
48,contingent,node-000,0.0,0.0,0.0,0.0,0.0,0.0,0.0,0.0,8685.166528657743,387.35737136091325,0.95,0.0,0.0,0.0
48,contingent,node-001,0.0,0.0,0.0,0.0,0.0,0.0,0.0,0.0,8685.166528657743,387.35737136091325,0.95,0.0,0.0,0.0
48,contingent,node-002,0.0,0.0,2.6618161439380614,0.0,0.0,2661.8161439380615,0.0,0.0,8685.166528657743,387.35737136091325,0.95,-457.3096033467749,0.0,0.0
48,contingent,node-003,0.0,0.0,0.0,0.0,0.0,0.0,0.0,0.0,8685.166528657743,387.35737136091325,0.95,-269.90667400999337,0.0,0.0
48,contingent,node-004,0.0,97.67120368956627,112.07600011106594,0.0,97671.20368956626,112076.00011106594,0.0,0.0,8685.166528657743,387.35737136091325,0.95,-238.55679664363154,0.0,0.0
48,contingent,node-005,37.29069544524827,0.0,37.29069544524827,37290.69544524827,0.0,37290.69544524827,0.0,0.0,8685.166528657743,387.35737136091325,0.95,-298.32556356198603,18.589387919885482,0.0
48,contingent,node-006,0.0,0.0,0.0,0.0,0.0,0.0,0.0,0.0,8685.166528657743,387.35737136091325,0.95,0.0,0.0,0.0
48,contingent,node-007,0.0,0.0,0.0,0.0,0.0,0.0,0.0,0.0,8685.166528657743,387.35737136091325,0.95,-31.493481086556734,0.0,0.0
48,contingent,node-008,0.0,0.0,0.0,0.0,0.0,0.0,0.0,0.0,8685.166528657743,387.35737136091325,0.95,0.0,0.0,0.0
48,contingent,node-009,0.0,0.0,0.0,0.0,0.0,0.0,0.0,0.0,8685.166528657743,387.35737136091325,0.95,0.0,0.0,0.0
48,contingent,node-010,0.0,0.0,0.0,0.0,0.0,0.0,0.0,0.0,8685.166528657743,387.35737136091325,0.95,0.0,0.0,0.0
48,contingent,node-011,0.0,0.0,0.0,0.0,0.0,0.0,0.0,0.0,8685.166528657743,387.35737136091325,0.95,-289.2297733575377,0.0,0.0
48,contingent,node-012,0.0,83.78634767220667,87.65365495841951,0.0,83786.34767220667,87653.6549584195,0.0,0.0,8685.166528657743,387.35737136091325,0.95,-236.5927168422031,0.0,0.0
48,contingent,node-013,0.0,0.0,42.737222723198826,0.0,0.0,0.1286054736116424,110.77087551305671,332.3126265391702,8685.166528657743,387.35737136091325,0.95,-383.042701275479,-33.231262653917014,-110.77087551305671
48,contingent,node-014,0.0,0.0,0.0,0.0,0.0,0.0,0.0,0.0,8685.166528657743,387.35737136091325,0.95,0.0,0.0,0.0
48,contingent,node-015,0.0,0.0,0.0,0.0,0.0,0.0,0.0,0.0,8685.166528657743,387.35737136091325,0.95,0.0,0.0,0.0
48,contingent,node-016,0.0,0.0,0.0,0.0,0.0,0.0,0.0,0.0,8685.166528657743,387.35737136091325,0.95,-156.7385303265997,0.0,0.0
48,contingent,node-017,0.0,0.0,0.0,0.0,0.0,0.0,0.0,0.0,8685.166528657743,387.35737136091325,0.95,-291.031636866361,0.0,0.0
48,contingent,node-018,19.559616693827344,0.0,40.08491688460937,19559.616693827345,0.0,40084.91688460937,0.0,0.0,8685.166528657743,387.35737136091325,0.95,-394.09222534178787,18.839020522900192,0.0
48,contingent,node-019,0.0,0.0,0.0,0.0,0.0,0.0,0.0,0.0,8685.166528657743,387.35737136091325,0.95,0.0,0.0,0.0
48,contingent,node-020,24.108745483847816,0.0,86.66434729414041,0.4379845080928544,0.0,1.5744345363902466,13.810815246732627,55.04474482174303,8685.166528657743,387.35737136091325,0.95,-254.30005814590186,-5.504474482174299,-13.810815246732627
48,contingent,node-021,0.0,0.0,0.0,0.0,0.0,0.0,0.0,0.0,8685.166528657743,387.35737136091325,0.95,-125.8667870803989,0.0,0.0
48,contingent,node-022,0.0,0.0,0.0,0.0,0.0,0.0,0.0,0.0,8685.166528657743,387.35737136091325,0.95,0.0,0.0,0.0
48,contingent,node-023,0.0,0.0,0.0,0.0,0.0,0.0,0.0,0.0,8685.166528657743,387.35737136091325,0.95,-472.10800000433,0.0,0.0
48,contingent,node-024,0.0,0.0,0.0,0.0,0.0,0.0,0.0,0.0,8685.166528657743,387.35737136091325,0.95,0.0,0.0,0.0
48,contingent,node-025,0.0,0.0,7.930119879419465,0.0,0.0,7930.119879419464,0.0,0.0,8685.166528657743,387.35737136091325,0.95,-535.3006049759376,0.0,0.0
48,contingent,node-026,0.0,0.0,0.0,0.0,0.0,0.0,0.0,0.0,8685.166528657743,387.35737136091325,0.95,0.0,0.0,0.0
48,contingent,node-027,0.0,0.0,0.0,0.0,0.0,0.0,0.0,0.0,8685.166528657743,387.35737136091325,0.95,0.0,0.0,0.0
48,contingent,node-028,0.0,15.525511459118416,39.79198539698254,0.0,15525.511459118416,39791.98539698254,0.0,0.0,8685.166528657743,387.35737136091325,0.95,-232.95251294073063,0.0,0.0
48,contingent,node-029,0.0,0.0,0.0,0.0,0.0,0.0,0.0,0.0,8685.166528657743,387.35737136091325,0.95,0.0,0.0,0.0
48,capped,node-000,0.0,0.0,0.0,0.0,0.0,0.0,0.0,0.0,8685.166528657743,394.16352090168584,0.95,0.0,0.0,0.0
48,capped,node-001,0.0,0.0,0.0,0.0,0.0,0.0,0.0,0.0,8685.166528657743,394.16352090168584,0.95,0.0,0.0,0.0
48,capped,node-002,0.0,0.0,2.6618161439380614,0.0,0.0,2661.8161439380615,0.0,0.0,8685.166528657743,394.16352090168584,0.95,-114.32740083669374,0.0,0.0
48,capped,node-003,0.0,0.0,0.0,0.0,0.0,0.0,0.0,0.0,8685.166528657743,394.16352090168584,0.95,-67.47666850249834,0.0,0.0
48,capped,node-004,0.0,119.27839832181577,119.27839832181577,0.0,119278.39832181577,119278.39832181577,0.0,0.0,8685.166528657743,394.16352090168584,0.95,-59.63919916090789,0.0,0.0
48,capped,node-005,37.29069544524827,0.0,37.29069544524827,37290.69544524827,0.0,37290.69544524827,0.0,0.0,8685.166528657743,394.16352090168584,0.95,-74.58139089049651,18.589387919885482,0.0
48,capped,node-006,0.0,0.0,0.0,0.0,0.0,0.0,0.0,0.0,8685.166528657743,394.16352090168584,0.95,0.0,0.0,0.0
48,capped,node-007,0.0,0.0,0.0,0.0,0.0,0.0,0.0,0.0,8685.166528657743,394.16352090168584,0.95,-7.873370271639182,0.0,0.0
48,capped,node-008,0.0,0.0,0.0,0.0,0.0,0.0,0.0,0.0,8685.166528657743,394.16352090168584,0.95,0.0,0.0,0.0
48,capped,node-009,0.0,0.0,0.0,0.0,0.0,0.0,0.0,0.0,8685.166528657743,394.16352090168584,0.95,0.0,0.0,0.0
48,capped,node-010,0.0,0.0,0.0,0.0,0.0,0.0,0.0,0.0,8685.166528657743,394.16352090168584,0.95,0.0,0.0,0.0
48,capped,node-011,0.0,0.0,4.967563813847477,0.0,0.0,4967.563813847477,0.0,0.0,8685.166528657743,394.16352090168584,0.95,-72.30744333938442,0.0,0.0
48,capped,node-012,0.0,100.59694108916041,108.6668967296117,0.0,100596.9410891604,108666.89672961169,0.0,0.0,8685.166528657743,394.16352090168584,0.95,-59.14817921055077,0.0,0.0
48,capped,node-013,0.0,0.0,42.737222723198826,0.0,0.0,0.1286054736116424,110.77087551305671,332.3126265391702,8685.166528657743,394.16352090168584,0.95,-178.8388319536623,-33.231262653917014,-110.77087551305671
48,capped,node-014,0.0,0.0,0.0,0.0,0.0,0.0,0.0,0.0,8685.166528657743,394.16352090168584,0.95,0.0,0.0,0.0
48,capped,node-015,0.0,0.0,0.0,0.0,0.0,0.0,0.0,0.0,8685.166528657743,394.16352090168584,0.95,0.0,0.0,0.0
48,capped,node-016,0.0,0.0,0.0,0.0,0.0,0.0,0.0,0.0,8685.166528657743,394.16352090168584,0.95,-39.18463258164993,0.0,0.0
48,capped,node-017,0.0,55.06976985578908,55.06976985578908,0.0,55069.76985578908,55069.76985578908,0.0,0.0,8685.166528657743,394.16352090168584,0.95,-72.75790921659024,0.0,0.0
48,capped,node-018,19.559616693827344,0.0,40.08491688460937,19559.616693827345,0.0,40084.91688460937,0.0,0.0,8685.166528657743,394.16352090168584,0.95,-98.52305633544697,18.839020522900192,0.0
48,capped,node-019,0.0,0.0,0.0,0.0,0.0,0.0,0.0,0.0,8685.166528657743,394.16352090168584,0.95,0.0,0.0,0.0
48,capped,node-020,30.91489502462039,99.62765666207943,107.7028046889277,0.49982939362888495,1.6107714801688986,1.7413297867233495,20.6169647875052,61.8508943625156,8685.166528657743,394.16352090168584,0.95,-80.73927551229751,-6.185089436251559,-20.6169647875052
48,capped,node-021,0.0,0.0,0.0,0.0,0.0,0.0,0.0,0.0,8685.166528657743,394.16352090168584,0.95,-31.466696770099723,0.0,0.0
48,capped,node-022,0.0,0.0,0.0,0.0,0.0,0.0,0.0,0.0,8685.166528657743,394.16352090168584,0.95,0.0,0.0,0.0
48,capped,node-023,0.0,0.0,0.0,0.0,0.0,0.0,0.0,0.0,8685.166528657743,394.16352090168584,0.95,-118.0270000010825,0.0,0.0
48,capped,node-024,0.0,0.0,0.0,0.0,0.0,0.0,0.0,0.0,8685.166528657743,394.16352090168584,0.95,0.0,0.0,0.0
48,capped,node-025,0.0,0.0,7.930119879419465,0.0,0.0,7930.119879419464,0.0,0.0,8685.166528657743,394.16352090168584,0.95,-133.8251512439844,0.0,0.0
48,capped,node-026,0.0,0.0,0.0,0.0,0.0,0.0,0.0,0.0,8685.166528657743,394.16352090168584,0.95,0.0,0.0,0.0
48,capped,node-027,0.0,0.0,0.0,0.0,0.0,0.0,0.0,0.0,8685.166528657743,394.16352090168584,0.95,0.0,0.0,0.0
48,capped,node-028,0.0,54.852880787221764,75.37771033899229,0.0,54852.880787221766,75377.71033899228,0.0,0.0,8685.166528657743,394.16352090168584,0.95,-58.23812823518266,0.0,0.0
48,capped,node-029,0.0,0.0,0.0,0.0,0.0,0.0,0.0,0.0,8685.166528657743,394.16352090168584,0.95,0.0,0.0,0.0
48,proper_scoring,node-000,0.0,0.0,0.0,0.0,0.0,0.0,0.0,0.0,8685.166528657743,1303.322538441932,0.95,0.0,0.0,0.0
48,proper_scoring,node-001,0.0,0.0,0.0,0.0,0.0,0.0,0.0,0.0,8685.166528657743,1303.322538441932,0.95,0.0,0.0,0.0
48,proper_scoring,node-002,0.0,0.0,426.2951573867335,0.0,0.0,426295.15738673345,0.0,0.0,8685.166528657743,1303.322538441932,0.95,-446.47898123125844,0.0,0.0
48,proper_scoring,node-003,0.0,0.0,35.25640747152831,0.0,0.0,35256.40747152831,0.0,0.0,8685.166528657743,1303.322538441932,0.95,-254.66010686268066,0.0,0.0
48,proper_scoring,node-004,0.0,547.6712036895663,562.0760001110659,0.0,547671.2036895662,562076.0001110659,0.0,0.0,8685.166528657743,1303.322538441932,0.95,-238.55679664363154,0.0,0.0
48,proper_scoring,node-005,537.2702084618412,0.0,537.2906954452483,537270.2084618412,0.0,537290.6954452483,0.0,0.0,8685.166528657743,1303.322538441932,0.95,-298.32556356198603,68.58733922154477,0.0
48,proper_scoring,node-006,0.0,0.0,0.0,0.0,0.0,0.0,0.0,0.0,8685.166528657743,1303.322538441932,0.95,0.0,0.0,0.0
48,proper_scoring,node-007,0.0,0.0,42.12662972836082,0.0,0.0,42126.629728360815,0.0,0.0,8685.166528657743,1303.322538441932,0.95,-31.493481086556734,0.0,0.0
48,proper_scoring,node-008,0.0,0.0,0.0,0.0,0.0,0.0,0.0,0.0,8685.166528657743,1303.322538441932,0.95,0.0,0.0,0.0
48,proper_scoring,node-009,0.0,0.0,0.0,0.0,0.0,0.0,0.0,0.0,8685.166528657743,1303.322538441932,0.95,0.0,0.0,0.0
48,proper_scoring,node-010,0.0,0.0,0.0,0.0,0.0,0.0,0.0,0.0,8685.166528657743,1303.322538441932,0.95,0.0,0.0,0.0
48,proper_scoring,node-011,0.0,0.0,270.98261853466,0.0,0.0,270982.61853465997,0.0,0.0,8685.166528657743,1303.322538441932,0.95,-289.2297733575377,0.0,0.0
48,proper_scoring,node-012,46.15242415724572,533.7863476722067,632.4465240809723,46152.42415724572,533786.3476722067,632446.5240809723,0.0,0.0,8685.166528657743,1303.322538441932,0.95,-236.5927168422031,0.0,0.0
48,proper_scoring,node-013,0.0,0.2612104753305857,21.42237852166818,0.0,0.0003139354975997591,0.02574646002408165,610.5096650377262,832.0514160638398,8685.166528657743,1303.322538441932,0.95,-882.7814908001485,-33.23126265391704,-610.5096650377262
48,proper_scoring,node-014,0.0,0.0,0.0,0.0,0.0,0.0,0.0,0.0,8685.166528657743,1303.322538441932,0.95,0.0,0.0,0.0
48,proper_scoring,node-015,0.0,0.0,0.0,0.0,0.0,0.0,0.0,0.0,8685.166528657743,1303.322538441932,0.95,0.0,0.0,0.0
48,proper_scoring,node-016,0.0,0.0,239.70223862706243,0.0,0.0,239702.2386270624,0.0,0.0,8685.166528657743,1303.322538441932,0.95,-156.7385303265997,0.0,0.0
48,proper_scoring,node-017,0.0,105.0697698557891,346.423562920271,0.0,105069.7698557891,346423.562920271,0.0,0.0,8685.166528657743,1303.322538441932,0.95,-291.031636866361,0.0,0.0
48,proper_scoring,node-018,607.4330683335713,0.0,701.4769436645529,607433.0683335713,0.0,701476.9436645529,0.0,0.0,8685.166528657743,1303.322538441932,0.95,-393.26139500113027,168.82934303921957,0.0
48,proper_scoring,node-019,0.0,0.0,0.0,0.0,0.0,0.0,0.0,0.0,8685.166528657743,1303.322538441932,0.95,0.0,0.0,0.0
48,proper_scoring,node-020,0.0,290.4480882439403,320.4379697377912,0.0,0.6163078416057052,0.679943995127097,430.03719280308195,471.2711223780924,8685.166528657743,1303.322538441932,0.95,-670.5264357022512,-5.504474482174317,-430.03719280308195
48,proper_scoring,node-021,0.0,0.0,168.53330322990027,0.0,0.0,168533.30322990025,0.0,0.0,8685.166528657743,1303.322538441932,0.95,-125.8667870803989,0.0,0.0
48,proper_scoring,node-022,0.0,0.0,0.0,0.0,0.0,0.0,0.0,0.0,8685.166528657743,1303.322538441932,0.95,0.0,0.0,0.0
48,proper_scoring,node-023,0.0,0.0,302.5521793122446,0.0,0.0,302552.17931224464,0.0,0.0,8685.166528657743,1303.322538441932,0.95,-457.44191067031824,0.0,0.0
48,proper_scoring,node-024,0.0,0.0,0.0,0.0,0.0,0.0,0.0,0.0,8685.166528657743,1303.322538441932,0.95,0.0,0.0,0.0
48,proper_scoring,node-025,412.6588154589448,0.0,816.1748487560156,412658.81545894477,0.0,816174.8487560156,0.0,0.0,8685.166528657743,1303.322538441932,0.95,-508.54394770133007,0.0,0.0
48,proper_scoring,node-026,0.0,0.0,0.0,0.0,0.0,0.0,0.0,0.0,8685.166528657743,1303.322538441932,0.95,0.0,0.0,0.0
48,proper_scoring,node-027,0.0,0.0,0.0,0.0,0.0,0.0,0.0,0.0,8685.166528657743,1303.322538441932,0.95,0.0,0.0,0.0
48,proper_scoring,node-028,0.0,165.52551145911843,377.0536980700157,0.0,165525.51145911842,377053.6980700157,0.0,0.0,8685.166528657743,1303.322538441932,0.95,-232.95251294073063,0.0,0.0
48,proper_scoring,node-029,0.0,0.0,0.0,0.0,0.0,0.0,0.0,0.0,8685.166528657743,1303.322538441932,0.95,0.0,0.0,0.0
48,audits,node-000,0.0,0.0,0.0,0.0,0.0,0.0,0.0,0.0,8685.166528657743,1295.1194483328998,0.95,0.0,0.0,0.0
48,audits,node-001,0.0,0.0,0.0,0.0,0.0,0.0,0.0,0.0,8685.166528657743,1295.1194483328998,0.95,0.0,0.0,0.0
48,audits,node-002,0.0,0.0,385.67259916330624,0.0,0.0,385672.59916330624,0.0,0.0,8685.166528657743,1295.1194483328998,0.95,-1814.3274008366939,0.0,0.0
48,audits,node-003,0.0,0.0,0.0,0.0,0.0,0.0,0.0,0.0,8685.166528657743,1295.1194483328998,0.95,-767.4766685024983,0.0,0.0
48,audits,node-004,0.0,19.278398321815786,562.0760001110659,0.0,19278.398321815785,562076.0001110659,0.0,0.0,8685.166528657743,1295.1194483328998,0.95,-1559.639199160908,0.0,0.0
48,audits,node-005,537.2702084618412,0.0,537.2906954452483,537270.2084618412,0.0,537290.6954452483,0.0,0.0,8685.166528657743,1295.1194483328998,0.95,-1574.5813908904963,68.58733922154477,0.0
48,audits,node-006,0.0,0.0,0.0,0.0,0.0,0.0,0.0,0.0,8685.166528657743,1295.1194483328998,0.95,0.0,0.0,0.0
48,audits,node-007,0.0,0.0,42.12662972836082,0.0,0.0,42126.629728360815,0.0,0.0,8685.166528657743,1295.1194483328998,0.95,-557.8733702716391,0.0,0.0
48,audits,node-008,0.0,0.0,0.0,0.0,0.0,0.0,0.0,0.0,8685.166528657743,1295.1194483328998,0.95,0.0,0.0,0.0
48,audits,node-009,0.0,0.0,0.0,0.0,0.0,0.0,0.0,0.0,8685.166528657743,1295.1194483328998,0.95,0.0,0.0,0.0
48,audits,node-010,0.0,0.0,0.0,0.0,0.0,0.0,0.0,0.0,8685.166528657743,1295.1194483328998,0.95,0.0,0.0,0.0
48,audits,node-011,0.0,0.0,238.30002610584108,0.0,0.0,238300.02610584107,0.0,0.0,8685.166528657743,1295.1194483328998,0.95,-1516.007972720702,0.0,0.0
48,audits,node-012,46.15242415724572,500.59694108916045,590.8518207894492,46152.42415724572,500596.94108916045,590851.8207894493,0.0,0.0,8685.166528657743,1295.1194483328998,0.95,-1809.1481792105503,0.0,0.0
48,audits,node-013,0.0,0.2612104753305857,21.42237852166818,0.0,0.0003139354975997591,0.02574646002408165,610.5096650377262,832.0514160638398,8685.166528657743,1295.1194483328998,0.95,-2378.577621478332,-33.23126265391704,-610.5096650377262
48,audits,node-014,0.0,0.0,0.0,0.0,0.0,0.0,0.0,0.0,8685.166528657743,1295.1194483328998,0.95,0.0,0.0,0.0
48,audits,node-015,0.0,0.0,0.0,0.0,0.0,0.0,0.0,0.0,8685.166528657743,1295.1194483328998,0.95,0.0,0.0,0.0
48,audits,node-016,0.0,0.0,0.0,0.0,0.0,0.0,0.0,0.0,8685.166528657743,1295.1194483328998,0.95,-889.18463258165,0.0,0.0
48,audits,node-017,0.0,105.0697698557891,327.2420907834097,0.0,105069.7698557891,327242.0907834097,0.0,0.0,8685.166528657743,1295.1194483328998,0.95,-1572.7579092165906,0.0,0.0
48,audits,node-018,607.4330683335713,0.0,701.4769436645529,607433.0683335713,0.0,701476.9436645529,0.0,0.0,8685.166528657743,1295.1194483328998,0.95,-1898.523056335447,168.82934303921957,0.0
48,audits,node-019,0.0,0.0,0.0,0.0,0.0,0.0,0.0,0.0,8685.166528657743,1295.1194483328998,0.95,0.0,0.0,0.0
48,audits,node-020,0.0,0.0,0.0,0.0,0.0,0.0,421.8341026940498,463.06803226906027,8685.166528657743,1295.1194483328998,0.95,-2481.956413418842,-6.185089436251644,-421.8341026940498
48,audits,node-021,0.0,0.0,168.53330322990027,0.0,0.0,168533.30322990025,0.0,0.0,8685.166528657743,1295.1194483328998,0.95,-731.4666967700998,0.0,0.0
48,audits,node-022,0.0,0.0,0.0,0.0,0.0,0.0,0.0,0.0,8685.166528657743,1295.1194483328998,0.95,0.0,0.0,0.0
48,audits,node-023,0.0,0.0,281.97299999891754,0.0,0.0,281972.9999989175,0.0,0.0,8685.166528657743,1295.1194483328998,0.95,-1618.0270000010826,0.0,0.0
48,audits,node-024,0.0,0.0,0.0,0.0,0.0,0.0,0.0,0.0,8685.166528657743,1295.1194483328998,0.95,0.0,0.0,0.0
48,audits,node-025,412.6588154589448,0.0,816.1748487560156,412658.81545894477,0.0,816174.8487560156,0.0,0.0,8685.166528657743,1295.1194483328998,0.95,-2083.8251512439847,0.0,0.0
48,audits,node-026,0.0,0.0,0.0,0.0,0.0,0.0,0.0,0.0,8685.166528657743,1295.1194483328998,0.95,0.0,0.0,0.0
48,audits,node-027,0.0,0.0,0.0,0.0,0.0,0.0,0.0,0.0,8685.166528657743,1295.1194483328998,0.95,0.0,0.0,0.0
48,audits,node-028,0.0,0.0,89.79198539698254,0.0,0.0,89791.98539698253,0.0,0.0,8685.166528657743,1295.1194483328998,0.95,-1558.2381282351826,0.0,0.0
48,audits,node-029,0.0,0.0,0.0,0.0,0.0,0.0,0.0,0.0,8685.166528657743,1295.1194483328998,0.95,0.0,0.0,0.0
54,greedy,node-000,0.0,0.0,0.0,0.0,0.0,0.0,0.0,0.0,8587.01723799823,183.22563157927513,0.95,0.0,0.0,0.0
54,greedy,node-001,0.0,0.0,0.0,0.0,0.0,0.0,0.0,0.0,8587.01723799823,183.22563157927513,0.95,0.0,0.0,0.0
54,greedy,node-002,0.0,0.0,0.0,0.0,0.0,0.0,0.0,0.0,8587.01723799823,183.22563157927513,0.95,0.0,0.0,0.0
54,greedy,node-003,32.62054015826859,0.0,32.62054015826859,0.17803480810573633,0.0,0.17803480810573633,61.07521052642503,183.22563157927513,8587.01723799823,183.22563157927513,0.95,-91.61281578963755,-18.322563157927497,-61.07521052642503
54,greedy,node-004,0.0,0.0,0.0,0.0,0.0,0.0,0.0,0.0,8587.01723799823,183.22563157927513,0.95,0.0,0.0,0.0
54,greedy,node-005,0.0,0.0,0.0,0.0,0.0,0.0,0.0,0.0,8587.01723799823,183.22563157927513,0.95,0.0,0.0,0.0
54,greedy,node-006,0.0,0.0,0.0,0.0,0.0,0.0,0.0,0.0,8587.01723799823,183.22563157927513,0.95,0.0,0.0,0.0
54,greedy,node-007,0.0,0.0,0.0,0.0,0.0,0.0,0.0,0.0,8587.01723799823,183.22563157927513,0.95,0.0,0.0,0.0
54,greedy,node-008,0.0,0.0,0.0,0.0,0.0,0.0,0.0,0.0,8587.01723799823,183.22563157927513,0.95,0.0,0.0,0.0
54,greedy,node-009,0.0,0.0,0.0,0.0,0.0,0.0,0.0,0.0,8587.01723799823,183.22563157927513,0.95,0.0,0.0,0.0
54,greedy,node-010,0.0,0.0,0.0,0.0,0.0,0.0,0.0,0.0,8587.01723799823,183.22563157927513,0.95,0.0,0.0,0.0
54,greedy,node-011,0.0,0.0,0.0,0.0,0.0,0.0,0.0,0.0,8587.01723799823,183.22563157927513,0.95,-1.359282096237873,0.0,0.0
54,greedy,node-012,0.0,0.0,0.0,0.0,0.0,0.0,0.0,0.0,8587.01723799823,183.22563157927513,0.95,0.0,0.0,0.0
54,greedy,node-013,0.0,0.0,0.0,0.0,0.0,0.0,0.0,0.0,8587.01723799823,183.22563157927513,0.95,0.0,0.0,0.0
54,greedy,node-014,0.0,0.0,0.0,0.0,0.0,0.0,0.0,0.0,8587.01723799823,183.22563157927513,0.95,0.0,0.0,0.0
54,greedy,node-015,0.0,0.0,0.0,0.0,0.0,0.0,0.0,0.0,8587.01723799823,183.22563157927513,0.95,0.0,0.0,0.0
54,greedy,node-016,7.305372583614567,0.0,7.305372583614567,7305.372583614567,0.0,7305.372583614567,0.0,0.0,8587.01723799823,183.22563157927513,0.95,-24.783245109220008,7.805713124745001,0.0
54,greedy,node-017,0.0,0.0,0.0,0.0,0.0,0.0,0.0,0.0,8587.01723799823,183.22563157927513,0.95,0.0,0.0,0.0
54,greedy,node-018,0.0,0.0,0.0,0.0,0.0,0.0,0.0,0.0,8587.01723799823,183.22563157927513,0.95,0.0,0.0,0.0
54,greedy,node-019,0.0,0.0,0.0,0.0,0.0,0.0,0.0,0.0,8587.01723799823,183.22563157927513,0.95,0.0,0.0,0.0
54,greedy,node-020,0.0,0.0,0.0,0.0,0.0,0.0,0.0,0.0,8587.01723799823,183.22563157927513,0.95,0.0,0.0,0.0
54,greedy,node-021,0.0,0.0,0.0,0.0,0.0,0.0,0.0,0.0,8587.01723799823,183.22563157927513,0.95,0.0,0.0,0.0
54,greedy,node-022,0.0,0.0,0.0,0.0,0.0,0.0,0.0,0.0,8587.01723799823,183.22563157927513,0.95,-16.862524428955304,0.0,0.0
54,greedy,node-023,0.0,0.0,0.0,0.0,0.0,0.0,0.0,0.0,8587.01723799823,183.22563157927513,0.95,0.0,0.0,0.0
54,greedy,node-024,0.0,0.0,0.0,0.0,0.0,0.0,0.0,0.0,8587.01723799823,183.22563157927513,0.95,0.0,0.0,0.0
54,greedy,node-025,0.0,0.0,0.0,0.0,0.0,0.0,0.0,0.0,8587.01723799823,183.22563157927513,0.95,0.0,0.0,0.0
54,greedy,node-026,0.0,0.0,0.0,0.0,0.0,0.0,0.0,0.0,8587.01723799823,183.22563157927513,0.95,0.0,0.0,0.0
54,greedy,node-027,0.0,0.0,0.0,0.0,0.0,0.0,0.0,0.0,8587.01723799823,183.22563157927513,0.95,0.0,0.0,0.0
54,greedy,node-028,0.0,0.0,0.0,0.0,0.0,0.0,0.0,0.0,8587.01723799823,183.22563157927513,0.95,0.0,0.0,0.0
54,greedy,node-029,0.0,0.0,0.0,0.0,0.0,0.0,0.0,0.0,8587.01723799823,183.22563157927513,0.95,0.0,0.0,0.0
54,trust_vcg,node-000,0.0,0.0,0.0,0.0,0.0,0.0,0.0,0.0,8587.01723799823,587.5232822953741,0.95,0.0,0.0,0.0
54,trust_vcg,node-001,0.0,0.0,0.0,0.0,0.0,0.0,0.0,0.0,8587.01723799823,587.5232822953741,0.95,0.0,0.0,0.0
54,trust_vcg,node-002,0.0,0.0,0.0,0.0,0.0,0.0,0.0,0.0,8587.01723799823,587.5232822953741,0.95,-3380.5377825287187,0.0,0.0
54,trust_vcg,node-003,183.225631579275,22.172932707310622,183.225631579275,0.31186105657538743,0.037739666453189685,0.31186105657538743,465.37286124252404,587.5232822953741,8587.01723799823,587.5232822953741,0.95,-11495.91046650574,-18.322563157927732,-739.8591370496897
54,trust_vcg,node-004,0.0,0.0,0.0,0.0,0.0,0.0,0.0,0.0,8587.01723799823,587.5232822953741,0.95,0.0,0.0,0.0
54,trust_vcg,node-005,0.0,0.0,0.0,0.0,0.0,0.0,0.0,0.0,8587.01723799823,587.5232822953741,0.95,0.0,0.0,0.0
54,trust_vcg,node-006,0.0,0.0,76.78729622567657,0.0,0.0,76787.29622567657,0.0,0.0,8587.01723799823,587.5232822953741,0.95,-1723.2127037743235,0.0,0.0
54,trust_vcg,node-007,0.0,0.0,129.3554059476387,0.0,0.0,129355.4059476387,0.0,0.0,8587.01723799823,587.5232822953741,0.95,-2270.6445940523613,0.0,0.0
54,trust_vcg,node-008,0.0,86.19976650271553,273.0130900822112,0.0,86199.76650271553,273013.0900822112,0.0,0.0,8587.01723799823,587.5232822953741,0.95,-3926.986909917789,0.0,0.0
54,trust_vcg,node-009,0.0,0.0,0.0,0.0,0.0,0.0,0.0,0.0,8587.01723799823,587.5232822953741,0.95,0.0,0.0,0.0
54,trust_vcg,node-010,0.0,0.0,0.0,0.0,0.0,0.0,0.0,0.0,8587.01723799823,587.5232822953741,0.95,-2286.044630949235,0.0,0.0
54,trust_vcg,node-011,0.0,0.0,0.0,0.0,0.0,0.0,0.0,0.0,8587.01723799823,587.5232822953741,0.95,-5621.640404896436,0.0,0.0
54,trust_vcg,node-012,0.0,0.0,0.0,0.0,0.0,0.0,0.0,0.0,8587.01723799823,587.5232822953741,0.95,-2263.091776628761,0.0,0.0
54,trust_vcg,node-013,0.0,0.0,0.0,0.0,0.0,0.0,0.0,0.0,8587.01723799823,587.5232822953741,0.95,0.0,0.0,0.0
54,trust_vcg,node-014,0.0,0.0,0.0,0.0,0.0,0.0,0.0,0.0,8587.01723799823,587.5232822953741,0.95,0.0,0.0,0.0
54,trust_vcg,node-015,0.0,0.0,0.0,0.0,0.0,0.0,0.0,0.0,8587.01723799823,587.5232822953741,0.95,0.0,0.0,0.0
54,trust_vcg,node-016,0.0,235.79301647997332,311.1362417136708,0.0,235793.0164799733,311136.2417136708,0.0,0.0,8587.01723799823,587.5232822953741,0.95,-5447.052825499341,0.0,0.0
54,trust_vcg,node-017,0.0,0.0,0.0,0.0,0.0,0.0,0.0,0.0,8587.01723799823,587.5232822953741,0.95,0.0,0.0,0.0
54,trust_vcg,node-018,0.0,0.0,0.0,0.0,0.0,0.0,0.0,0.0,8587.01723799823,587.5232822953741,0.95,0.0,0.0,0.0
54,trust_vcg,node-019,0.0,85.03838524336307,85.03838524336307,0.0,85038.38524336307,85038.38524336307,0.0,0.0,8587.01723799823,587.5232822953741,0.95,-3375.0908662381453,0.0,0.0
54,trust_vcg,node-020,0.0,0.0,0.0,0.0,0.0,0.0,0.0,0.0,8587.01723799823,587.5232822953741,0.95,-2278.1255327630374,0.0,0.0
54,trust_vcg,node-021,0.0,0.0,0.0,0.0,0.0,0.0,0.0,0.0,8587.01723799823,587.5232822953741,0.95,0.0,0.0,0.0
54,trust_vcg,node-022,0.0,377.1405125577621,475.45339222031237,0.0,377140.5125577621,475453.3922203124,0.0,0.0,8587.01723799823,587.5232822953741,0.95,-5554.757125514119,0.0,0.0
54,trust_vcg,node-023,0.0,0.0,92.88637058134084,0.0,0.0,92886.37058134085,0.0,0.0,8587.01723799823,587.5232822953741,0.95,-5549.0900224885645,0.0,0.0
54,trust_vcg,node-024,0.0,0.0,0.0,0.0,0.0,0.0,0.0,0.0,8587.01723799823,587.5232822953741,0.95,0.0,0.0,0.0
54,trust_vcg,node-025,0.0,0.0,0.0,0.0,0.0,0.0,0.0,0.0,8587.01723799823,587.5232822953741,0.95,0.0,0.0,0.0
54,trust_vcg,node-026,0.0,0.0,0.0,0.0,0.0,0.0,0.0,0.0,8587.01723799823,587.5232822953741,0.95,-3922.2345277705217,0.0,0.0
54,trust_vcg,node-027,0.0,0.0,0.0,0.0,0.0,0.0,0.0,0.0,8587.01723799823,587.5232822953741,0.95,0.0,0.0,0.0
54,trust_vcg,node-028,0.0,0.0,118.44381355982907,0.0,0.0,118443.81355982907,0.0,0.0,8587.01723799823,587.5232822953741,0.95,-2263.761568662583,0.0,0.0
54,trust_vcg,node-029,0.0,0.0,75.30007543267321,0.0,0.0,75300.07543267321,0.0,0.0,8587.01723799823,587.5232822953741,0.95,-1724.699924567327,0.0,0.0
54,contingent,node-000,0.0,0.0,0.0,0.0,0.0,0.0,0.0,0.0,8587.01723799823,175.714001098677,0.95,0.0,0.0,0.0
54,contingent,node-001,0.0,0.0,0.0,0.0,0.0,0.0,0.0,0.0,8587.01723799823,175.714001098677,0.95,0.0,0.0,0.0
54,contingent,node-002,0.0,0.0,0.0,0.0,0.0,0.0,0.0,0.0,8587.01723799823,175.714001098677,0.95,-322.1511301148747,0.0,0.0
54,contingent,node-003,175.71400109867696,0.0,175.71400109867696,0.9999999999999999,0.0,0.9999999999999999,53.56358004582689,175.714001098677,8587.01723799823,175.714001098677,0.95,-175.71400109867696,-17.57140010986769,-303.31047668329336
54,contingent,node-004,0.0,0.0,0.0,0.0,0.0,0.0,0.0,0.0,8587.01723799823,175.714001098677,0.95,0.0,0.0,0.0
54,contingent,node-005,0.0,0.0,0.0,0.0,0.0,0.0,0.0,0.0,8587.01723799823,175.714001098677,0.95,0.0,0.0,0.0
54,contingent,node-006,0.0,0.0,0.0,0.0,0.0,0.0,0.0,0.0,8587.01723799823,175.714001098677,0.95,-292.85081509729366,0.0,0.0
54,contingent,node-007,0.0,0.0,10.41102016007828,0.0,0.0,10411.02016007828,0.0,0.0,8587.01723799823,175.714001098677,0.95,-282.5783762094452,0.0,0.0
54,contingent,node-008,0.0,36.19976650271553,36.19976650271553,0.0,36199.76650271553,36199.76650271553,0.0,0.0,8587.01723799823,175.714001098677,0.95,-307.94763967115523,0.0,0.0
54,contingent,node-009,0.0,0.0,0.0,0.0,0.0,0.0,0.0,0.0,8587.01723799823,175.714001098677,0.95,0.0,0.0,0.0
54,contingent,node-010,0.0,0.0,0.0,0.0,0.0,0.0,0.0,0.0,8587.01723799823,175.714001098677,0.95,-344.1785237969402,0.0,0.0
54,contingent,node-011,0.0,0.0,0.0,0.0,0.0,0.0,0.0,0.0,8587.01723799823,175.714001098677,0.95,-486.5616195857454,0.0,0.0
54,contingent,node-012,0.0,0.0,0.0,0.0,0.0,0.0,0.0,0.0,8587.01723799823,175.714001098677,0.95,-252.36710651504478,0.0,0.0
54,contingent,node-013,0.0,0.0,0.0,0.0,0.0,0.0,0.0,0.0,8587.01723799823,175.714001098677,0.95,0.0,0.0,0.0
54,contingent,node-014,0.0,0.0,0.0,0.0,0.0,0.0,0.0,0.0,8587.01723799823,175.714001098677,0.95,0.0,0.0,0.0
54,contingent,node-015,0.0,0.0,0.0,0.0,0.0,0.0,0.0,0.0,8587.01723799823,175.714001098677,0.95,0.0,0.0,0.0
54,contingent,node-016,0.0,36.62993704059942,51.13760808530196,0.0,36629.93704059942,51137.60808530196,0.0,0.0,8587.01723799823,175.714001098677,0.95,-145.77554621522162,0.0,0.0
54,contingent,node-017,0.0,0.0,0.0,0.0,0.0,0.0,0.0,0.0,8587.01723799823,175.714001098677,0.95,0.0,0.0,0.0
54,contingent,node-018,0.0,0.0,0.0,0.0,0.0,0.0,0.0,0.0,8587.01723799823,175.714001098677,0.95,0.0,0.0,0.0
54,contingent,node-019,0.0,35.03838524336307,35.03838524336307,0.0,35038.38524336307,35038.38524336307,0.0,0.0,8587.01723799823,175.714001098677,0.95,-300.36346495258096,0.0,0.0
54,contingent,node-020,0.0,0.0,0.0,0.0,0.0,0.0,0.0,0.0,8587.01723799823,175.714001098677,0.95,-312.50213105214925,0.0,0.0
54,contingent,node-021,0.0,0.0,0.0,0.0,0.0,0.0,0.0,0.0,8587.01723799823,175.714001098677,0.95,0.0,0.0,0.0
54,contingent,node-022,0.0,77.14051255776212,118.16859610127526,0.0,77140.51255776212,118168.59610127525,0.0,0.0,8587.01723799823,175.714001098677,0.95,-219.02850205647337,0.0,0.0
54,contingent,node-023,0.0,9.570917465203408,42.89540982715597,0.0,9570.917465203407,42895.40982715597,0.0,0.0,8587.01723799823,175.714001098677,0.95,-272.05847884953414,0.0,0.0
54,contingent,node-024,0.0,0.0,0.0,0.0,0.0,0.0,0.0,0.0,8587.01723799823,175.714001098677,0.95,0.0,0.0,0.0
54,contingent,node-025,0.0,0.0,0.0,0.0,0.0,0.0,0.0,0.0,8587.01723799823,175.714001098677,0.95,0.0,0.0,0.0
54,contingent,node-026,0.0,0.0,0.0,0.0,0.0,0.0,0.0,0.0,8587.01723799823,175.714001098677,0.95,-288.9381110820885,0.0,0.0
54,contingent,node-027,0.0,0.0,0.0,0.0,0.0,0.0,0.0,0.0,8587.01723799823,175.714001098677,0.95,0.0,0.0,0.0
54,contingent,node-028,0.0,0.0,18.443813559829067,0.0,0.0,18443.81355982907,0.0,0.0,8587.01723799823,175.714001098677,0.95,-255.04627465033357,0.0,0.0
54,contingent,node-029,0.0,0.0,0.0,0.0,0.0,0.0,0.0,0.0,8587.01723799823,175.714001098677,0.95,-298.79969826930716,0.0,0.0
54,capped,node-000,0.0,0.0,0.0,0.0,0.0,0.0,0.0,0.0,8587.01723799823,183.22563157927513,0.95,0.0,0.0,0.0
54,capped,node-001,0.0,0.0,0.0,0.0,0.0,0.0,0.0,0.0,8587.01723799823,183.22563157927513,0.95,0.0,0.0,0.0
54,capped,node-002,0.0,0.0,26.1994522862932,0.0,0.0,26199.452286293203,0.0,0.0,8587.01723799823,183.22563157927513,0.95,-80.53778252871868,0.0,0.0
54,capped,node-003,183.2256315792751,0.0,183.2256315792751,0.9999999999999999,0.0,0.9999999999999999,61.07521052642503,183.22563157927513,8587.01723799823,183.22563157927513,0.95,-91.61281578963755,-18.322563157927497,-237.678510640114
54,capped,node-004,0.0,0.0,0.0,0.0,0.0,0.0,0.0,0.0,8587.01723799823,183.22563157927513,0.95,0.0,0.0,0.0
54,capped,node-005,0.0,0.0,0.0,0.0,0.0,0.0,0.0,0.0,8587.01723799823,183.22563157927513,0.95,0.0,0.0,0.0
54,capped,node-006,0.0,0.0,0.0,0.0,0.0,0.0,0.0,0.0,8587.01723799823,183.22563157927513,0.95,-73.21270377432343,0.0,0.0
54,capped,node-007,0.0,0.0,10.41102016007828,0.0,0.0,10411.02016007828,0.0,0.0,8587.01723799823,183.22563157927513,0.95,-70.6445940523613,0.0,0.0
54,capped,node-008,0.0,36.19976650271553,36.19976650271553,0.0,36199.76650271553,36199.76650271553,0.0,0.0,8587.01723799823,183.22563157927513,0.95,-76.98690991778881,0.0,0.0
54,capped,node-009,0.0,0.0,0.0,0.0,0.0,0.0,0.0,0.0,8587.01723799823,183.22563157927513,0.95,0.0,0.0,0.0
54,capped,node-010,0.0,0.0,0.0,0.0,0.0,0.0,0.0,0.0,8587.01723799823,183.22563157927513,0.95,-86.04463094923506,0.0,0.0
54,capped,node-011,0.0,0.0,0.0,0.0,0.0,0.0,0.0,0.0,8587.01723799823,183.22563157927513,0.95,-121.64040489643634,0.0,0.0
54,capped,node-012,0.0,0.0,25.607881296832524,0.0,0.0,25607.881296832522,0.0,0.0,8587.01723799823,183.22563157927513,0.95,-63.091776628761195,0.0,0.0
54,capped,node-013,0.0,0.0,0.0,0.0,0.0,0.0,0.0,0.0,8587.01723799823,183.22563157927513,0.95,0.0,0.0,0.0
54,capped,node-014,0.0,0.0,0.0,0.0,0.0,0.0,0.0,0.0,8587.01723799823,183.22563157927513,0.95,0.0,0.0,0.0
54,capped,node-015,0.0,0.0,0.0,0.0,0.0,0.0,0.0,0.0,8587.01723799823,183.22563157927513,0.95,0.0,0.0,0.0
54,capped,node-016,0.0,36.62993704059942,51.13760808530196,0.0,36629.93704059942,51137.60808530196,0.0,0.0,8587.01723799823,183.22563157927513,0.95,-36.4438865538054,0.0,0.0
54,capped,node-017,0.0,0.0,0.0,0.0,0.0,0.0,0.0,0.0,8587.01723799823,183.22563157927513,0.95,0.0,0.0,0.0
54,capped,node-018,0.0,0.0,0.0,0.0,0.0,0.0,0.0,0.0,8587.01723799823,183.22563157927513,0.95,0.0,0.0,0.0
54,capped,node-019,0.0,35.03838524336307,35.03838524336307,0.0,35038.38524336307,35038.38524336307,0.0,0.0,8587.01723799823,183.22563157927513,0.95,-75.09086623814525,0.0,0.0
54,capped,node-020,0.0,0.0,0.0,0.0,0.0,0.0,0.0,0.0,8587.01723799823,183.22563157927513,0.95,-78.12553276303731,0.0,0.0
54,capped,node-021,0.0,0.0,0.0,0.0,0.0,0.0,0.0,0.0,8587.01723799823,183.22563157927513,0.95,0.0,0.0,0.0
54,capped,node-022,0.0,77.14051255776212,118.16859610127526,0.0,77140.51255776212,118168.59610127525,0.0,0.0,8587.01723799823,183.22563157927513,0.95,-54.75712551411834,0.0,0.0
54,capped,node-023,0.0,61.583107981377225,61.583107981377225,0.0,61583.10798137722,61583.10798137722,0.0,0.0,8587.01723799823,183.22563157927513,0.95,-68.01461971238352,0.0,0.0
54,capped,node-024,0.0,0.0,0.0,0.0,0.0,0.0,0.0,0.0,8587.01723799823,183.22563157927513,0.95,0.0,0.0,0.0
54,capped,node-025,0.0,0.0,0.0,0.0,0.0,0.0,0.0,0.0,8587.01723799823,183.22563157927513,0.95,0.0,0.0,0.0
54,capped,node-026,0.0,58.381007848549416,58.381007848549416,0.0,58381.007848549416,58381.007848549416,0.0,0.0,8587.01723799823,183.22563157927513,0.95,-72.23452777052213,0.0,0.0
54,capped,node-027,0.0,0.0,0.0,0.0,0.0,0.0,0.0,0.0,8587.01723799823,183.22563157927513,0.95,0.0,0.0,0.0
54,capped,node-028,0.0,0.0,18.443813559829067,0.0,0.0,18443.81355982907,0.0,0.0,8587.01723799823,183.22563157927513,0.95,-63.76156866258339,0.0,0.0
54,capped,node-029,0.0,0.0,0.0,0.0,0.0,0.0,0.0,0.0,8587.01723799823,183.22563157927513,0.95,-74.69992456732679,0.0,0.0
54,proper_scoring,node-000,0.0,0.0,0.0,0.0,0.0,0.0,0.0,0.0,8587.01723799823,1116.7362349687287,0.95,0.0,0.0,0.0
54,proper_scoring,node-001,0.0,0.0,0.0,0.0,0.0,0.0,0.0,0.0,8587.01723799823,1116.7362349687287,0.95,0.0,0.0,0.0
54,proper_scoring,node-002,0.0,0.0,126.32453776968487,0.0,0.0,126324.53776968486,0.0,0.0,8587.01723799823,1116.7362349687287,0.95,-308.092096098712,0.0,0.0
54,proper_scoring,node-003,175.71400109867704,8.97776612994835,184.6917672286254,0.1573460192268208,0.008039289716608639,0.16538530894342943,994.5858139158786,1116.7362349687287,8587.01723799823,1116.7362349687287,0.95,-1116.7362349687287,-17.57140010986768,-769.0720897230443
54,proper_scoring,node-004,0.0,0.0,0.0,0.0,0.0,0.0,0.0,0.0,8587.01723799823,1116.7362349687287,0.95,0.0,0.0,0.0
54,proper_scoring,node-005,0.0,0.0,0.0,0.0,0.0,0.0,0.0,0.0,8587.01723799823,1116.7362349687287,0.95,0.0,0.0,0.0
54,proper_scoring,node-006,0.0,0.0,76.78729622567657,0.0,0.0,76787.29622567657,0.0,0.0,8587.01723799823,1116.7362349687287,0.95,-223.21270377432342,0.0,0.0
54,proper_scoring,node-007,0.0,0.0,129.3554059476387,0.0,0.0,129355.4059476387,0.0,0.0,8587.01723799823,1116.7362349687287,0.95,-265.3083664123489,0.0,0.0
54,proper_scoring,node-008,0.0,86.19976650271553,273.0130900822112,0.0,86199.76650271553,273013.0900822112,0.0,0.0,8587.01723799823,1116.7362349687287,0.95,-303.64798991708193,0.0,0.0
54,proper_scoring,node-009,0.0,0.0,0.0,0.0,0.0,0.0,0.0,0.0,8587.01723799823,1116.7362349687287,0.95,0.0,0.0,0.0
54,proper_scoring,node-010,0.0,0.0,13.955369050764943,0.0,0.0,13955.369050764943,0.0,0.0,8587.01723799823,1116.7362349687287,0.95,-278.48125521826273,0.0,0.0
54,proper_scoring,node-011,0.0,0.0,310.02377286768,0.0,0.0,310023.77286768,0.0,0.0,8587.01723799823,1116.7362349687287,0.95,-420.24710850529783,0.0,0.0
54,proper_scoring,node-012,0.0,0.0,0.0,0.0,0.0,0.0,0.0,0.0,8587.01723799823,1116.7362349687287,0.95,-241.72323493775724,0.0,0.0
54,proper_scoring,node-013,0.0,0.0,0.0,0.0,0.0,0.0,0.0,0.0,8587.01723799823,1116.7362349687287,0.95,0.0,0.0,0.0
54,proper_scoring,node-014,0.0,0.0,0.0,0.0,0.0,0.0,0.0,0.0,8587.01723799823,1116.7362349687287,0.95,0.0,0.0,0.0
54,proper_scoring,node-015,0.0,0.0,0.0,0.0,0.0,0.0,0.0,0.0,8587.01723799823,1116.7362349687287,0.95,0.0,0.0,0.0
54,proper_scoring,node-016,0.0,235.79301647997332,344.69800795661035,0.0,235793.0164799733,344698.00795661035,0.0,0.0,8587.01723799823,1116.7362349687287,0.95,-145.77554621522162,0.0,0.0
54,proper_scoring,node-017,0.0,0.0,0.0,0.0,0.0,0.0,0.0,0.0,8587.01723799823,1116.7362349687287,0.95,0.0,0.0,0.0
54,proper_scoring,node-018,0.0,0.0,0.0,0.0,0.0,0.0,0.0,0.0,8587.01723799823,1116.7362349687287,0.95,0.0,0.0,0.0
54,proper_scoring,node-019,0.0,85.03838524336307,135.54617040388766,0.0,85038.38524336307,135546.17040388766,0.0,0.0,8587.01723799823,1116.7362349687287,0.95,-297.80588708753635,0.0,0.0
54,proper_scoring,node-020,0.0,0.0,21.874467236962673,0.0,0.0,21874.46723696267,0.0,0.0,8587.01723799823,1116.7362349687287,0.95,-271.90425928208276,0.0,0.0
54,proper_scoring,node-021,0.0,0.0,0.0,0.0,0.0,0.0,0.0,0.0,8587.01723799823,1116.7362349687287,0.95,0.0,0.0,0.0
54,proper_scoring,node-022,0.0,377.1405125577621,475.45339222031237,0.0,377140.5125577621,475453.3922203124,0.0,0.0,8587.01723799823,1116.7362349687287,0.95,-219.02850205647337,0.0,0.0
54,proper_scoring,node-023,0.0,113.45748921212883,288.9650513030953,0.0,113457.48921212883,288965.0513030953,0.0,0.0,8587.01723799823,1116.7362349687287,0.95,-272.05847884953414,0.0,0.0
54,proper_scoring,node-024,0.0,0.0,0.0,0.0,0.0,0.0,0.0,0.0,8587.01723799823,1116.7362349687287,0.95,0.0,0.0,0.0
54,proper_scoring,node-025,0.0,0.0,0.0,0.0,0.0,0.0,0.0,0.0,8587.01723799823,1116.7362349687287,0.95,0.0,0.0,0.0
54,proper_scoring,node-026,0.0,58.3810078485494,58.3810078485494,0.0,58381.0078485494,58381.0078485494,0.0,0.0,8587.01723799823,1116.7362349687287,0.95,-288.9381110820885,0.0,0.0
54,proper_scoring,node-027,0.0,0.0,0.0,0.0,0.0,0.0,0.0,0.0,8587.01723799823,1116.7362349687287,0.95,0.0,0.0,0.0
54,proper_scoring,node-028,0.0,0.0,118.44381355982907,0.0,0.0,118443.81355982907,0.0,0.0,8587.01723799823,1116.7362349687287,0.95,-244.18077532261006,0.0,0.0
54,proper_scoring,node-029,0.0,0.0,75.30007543267321,0.0,0.0,75300.07543267321,0.0,0.0,8587.01723799823,1116.7362349687287,0.95,-224.6999245673268,0.0,0.0
54,audits,node-000,0.0,0.0,0.0,0.0,0.0,0.0,0.0,0.0,8587.01723799823,1087.5232822953742,0.95,0.0,0.0,0.0
54,audits,node-001,0.0,0.0,0.0,0.0,0.0,0.0,0.0,0.0,8587.01723799823,1087.5232822953742,0.95,0.0,0.0,0.0
54,audits,node-002,0.0,0.0,119.46221747128132,0.0,0.0,119462.21747128131,0.0,0.0,8587.01723799823,1087.5232822953742,0.95,-1880.5377825287187,0.0,0.0
54,audits,node-003,183.2256315792754,0.0,183.2256315792754,0.1684797323994309,0.0,0.1684797323994309,965.3728612425239,1087.5232822953742,8587.01723799823,1087.5232822953742,0.95,-3995.910466505736,-18.322563157927334,-739.8591370496896
54,audits,node-004,0.0,0.0,0.0,0.0,0.0,0.0,0.0,0.0,8587.01723799823,1087.5232822953742,0.95,0.0,0.0,0.0
54,audits,node-005,0.0,0.0,0.0,0.0,0.0,0.0,0.0,0.0,8587.01723799823,1087.5232822953742,0.95,0.0,0.0,0.0
54,audits,node-006,0.0,0.0,76.78729622567657,0.0,0.0,76787.29622567657,0.0,0.0,8587.01723799823,1087.5232822953742,0.95,-1223.2127037743235,0.0,0.0
54,audits,node-007,0.0,0.0,129.3554059476387,0.0,0.0,129355.4059476387,0.0,0.0,8587.01723799823,1087.5232822953742,0.95,-1270.6445940523613,0.0,0.0
54,audits,node-008,0.0,86.19976650271553,273.0130900822112,0.0,86199.76650271553,273013.0900822112,0.0,0.0,8587.01723799823,1087.5232822953742,0.95,-1926.986909917789,0.0,0.0
54,audits,node-009,0.0,0.0,0.0,0.0,0.0,0.0,0.0,0.0,8587.01723799823,1087.5232822953742,0.95,0.0,0.0,0.0
54,audits,node-010,0.0,0.0,0.0,0.0,0.0,0.0,0.0,0.0,8587.01723799823,1087.5232822953742,0.95,-1286.044630949235,0.0,0.0
54,audits,node-011,0.0,0.0,278.3595951035637,0.0,0.0,278359.59510356374,0.0,0.0,8587.01723799823,1087.5232822953742,0.95,-2121.6404048964364,0.0,0.0
54,audits,node-012,0.0,0.0,0.0,0.0,0.0,0.0,0.0,0.0,8587.01723799823,1087.5232822953742,0.95,-1263.0917766287612,0.0,0.0
54,audits,node-013,0.0,0.0,0.0,0.0,0.0,0.0,0.0,0.0,8587.01723799823,1087.5232822953742,0.95,0.0,0.0,0.0
54,audits,node-014,0.0,0.0,0.0,0.0,0.0,0.0,0.0,0.0,8587.01723799823,1087.5232822953742,0.95,0.0,0.0,0.0
54,audits,node-015,0.0,0.0,0.0,0.0,0.0,0.0,0.0,0.0,8587.01723799823,1087.5232822953742,0.95,0.0,0.0,0.0
54,audits,node-016,0.0,235.79301647997332,311.1362417136708,0.0,235793.0164799733,311136.2417136708,0.0,0.0,8587.01723799823,1087.5232822953742,0.95,-1947.0528254993412,0.0,0.0
54,audits,node-017,0.0,0.0,0.0,0.0,0.0,0.0,0.0,0.0,8587.01723799823,1087.5232822953742,0.95,0.0,0.0,0.0
54,audits,node-018,0.0,0.0,0.0,0.0,0.0,0.0,0.0,0.0,8587.01723799823,1087.5232822953742,0.95,0.0,0.0,0.0
54,audits,node-019,0.0,85.03838524336307,124.90913376185475,0.0,85038.38524336307,124909.13376185474,0.0,0.0,8587.01723799823,1087.5232822953742,0.95,-1875.0908662381455,0.0,0.0
54,audits,node-020,0.0,0.0,0.0,0.0,0.0,0.0,0.0,0.0,8587.01723799823,1087.5232822953742,0.95,-1278.1255327630372,0.0,0.0
54,audits,node-021,0.0,0.0,0.0,0.0,0.0,0.0,0.0,0.0,8587.01723799823,1087.5232822953742,0.95,0.0,0.0,0.0
54,audits,node-022,0.0,377.1405125577621,475.45339222031237,0.0,377140.5125577621,475453.3922203124,0.0,0.0,8587.01723799823,1087.5232822953742,0.95,-2054.7571255141183,0.0,0.0
54,audits,node-023,0.0,113.45748921212883,113.45748921212883,0.0,113457.48921212883,113457.48921212883,0.0,0.0,8587.01723799823,1087.5232822953742,0.95,-2049.090022488565,0.0,0.0
54,audits,node-024,0.0,0.0,0.0,0.0,0.0,0.0,0.0,0.0,8587.01723799823,1087.5232822953742,0.95,0.0,0.0,0.0
54,audits,node-025,0.0,0.0,0.0,0.0,0.0,0.0,0.0,0.0,8587.01723799823,1087.5232822953742,0.95,0.0,0.0,0.0
54,audits,node-026,0.0,0.0,0.0,0.0,0.0,0.0,0.0,0.0,8587.01723799823,1087.5232822953742,0.95,-1922.234527770522,0.0,0.0
54,audits,node-027,0.0,0.0,0.0,0.0,0.0,0.0,0.0,0.0,8587.01723799823,1087.5232822953742,0.95,0.0,0.0,0.0
54,audits,node-028,0.0,0.0,118.44381355982907,0.0,0.0,118443.81355982907,0.0,0.0,8587.01723799823,1087.5232822953742,0.95,-1263.7615686625834,0.0,0.0
54,audits,node-029,0.0,0.0,75.30007543267321,0.0,0.0,75300.07543267321,0.0,0.0,8587.01723799823,1087.5232822953742,0.95,-1224.6999245673267,0.0,0.0
49,greedy,node-000,0.0,0.0,0.0,0.0,0.0,0.0,0.0,0.0,8752.209351912716,190.2027233433482,0.85,0.0,0.0,0.0
49,greedy,node-001,0.0,0.0,0.0,0.0,0.0,0.0,0.0,0.0,8752.209351912716,190.2027233433482,0.85,0.0,0.0,0.0
49,greedy,node-002,0.0,0.0,0.0,0.0,0.0,0.0,0.0,0.0,8752.209351912716,190.2027233433482,0.85,0.0,0.0,0.0
49,greedy,node-003,0.0,0.0,0.0,0.0,0.0,0.0,0.0,0.0,8752.209351912716,190.2027233433482,0.85,0.0,0.0,0.0
49,greedy,node-004,0.0,0.0,0.0,0.0,0.0,0.0,0.0,0.0,8752.209351912716,190.2027233433482,0.85,0.0,0.0,0.0
49,greedy,node-005,0.0,0.0,0.0,0.0,0.0,0.0,0.0,0.0,8752.209351912716,190.2027233433482,0.85,0.0,0.0,0.0
49,greedy,node-006,0.0,0.0,0.0,0.0,0.0,0.0,0.0,0.0,8752.209351912716,190.2027233433482,0.85,0.0,0.0,0.0
49,greedy,node-007,0.0,0.0,0.0,0.0,0.0,0.0,0.0,0.0,8752.209351912716,190.2027233433482,0.85,0.0,0.0,0.0
49,greedy,node-008,0.0,0.0,0.0,0.0,0.0,0.0,0.0,0.0,8752.209351912716,190.2027233433482,0.85,0.0,0.0,0.0
49,greedy,node-009,0.0,0.0,0.0,0.0,0.0,0.0,0.0,0.0,8752.209351912716,190.2027233433482,0.85,0.0,0.0,0.0
49,greedy,node-010,0.0,0.0,0.0,0.0,0.0,0.0,0.0,0.0,8752.209351912716,190.2027233433482,0.85,0.0,0.0,0.0
49,greedy,node-011,0.0,0.0,0.0,0.0,0.0,0.0,0.0,0.0,8752.209351912716,190.2027233433482,0.85,0.0,0.0,0.0
49,greedy,node-012,0.0,0.0,0.0,0.0,0.0,0.0,0.0,0.0,8752.209351912716,190.2027233433482,0.85,0.0,0.0,0.0
49,greedy,node-013,38.39912208147601,0.0,38.39912208147601,0.2865969184474205,0.0,0.2865969184474205,44.66100832427567,133.983024972827,8752.209351912716,190.2027233433482,0.85,-72.0840497425983,-10.866183153970695,-44.66100832427567
49,greedy,node-014,0.0,0.0,0.0,0.0,0.0,0.0,0.0,0.0,8752.209351912716,190.2027233433482,0.85,0.0,0.0,0.0
49,greedy,node-015,0.0,0.0,0.0,0.0,0.0,0.0,0.0,0.0,8752.209351912716,190.2027233433482,0.85,0.0,0.0,0.0
49,greedy,node-016,0.0,0.0,0.0,0.0,0.0,0.0,0.0,0.0,8752.209351912716,190.2027233433482,0.85,0.0,0.0,0.0
49,greedy,node-017,0.0,0.0,0.0,0.0,0.0,0.0,0.0,0.0,8752.209351912716,190.2027233433482,0.85,0.0,0.0,0.0
49,greedy,node-018,0.0,0.0,0.0,0.0,0.0,0.0,0.0,0.0,8752.209351912716,190.2027233433482,0.85,0.0,0.0,0.0
49,greedy,node-019,0.0,0.0,0.0,0.0,0.0,0.0,0.0,0.0,8752.209351912716,190.2027233433482,0.85,0.0,0.0,0.0
49,greedy,node-020,0.0,0.0,0.0,0.0,0.0,0.0,0.0,0.0,8752.209351912716,190.2027233433482,0.85,-29.14300281359022,0.0,0.0
49,greedy,node-021,0.0,0.0,0.0,0.0,0.0,0.0,0.0,0.0,8752.209351912716,190.2027233433482,0.85,-23.979030478181684,0.0,0.0
49,greedy,node-022,0.0,0.0,0.0,0.0,0.0,0.0,0.0,0.0,8752.209351912716,190.2027233433482,0.85,0.0,0.0,0.0
49,greedy,node-023,0.0,0.0,0.0,0.0,0.0,0.0,0.0,0.0,8752.209351912716,190.2027233433482,0.85,0.0,0.0,0.0
49,greedy,node-024,0.0,0.0,0.0,0.0,0.0,0.0,0.0,0.0,8752.209351912716,190.2027233433482,0.85,0.0,0.0,0.0
49,greedy,node-025,19.476600364619113,0.0,19.476600364619113,0.3464372974087615,0.0,0.3464372974087615,18.739899456840394,56.219698370521186,8752.209351912716,190.2027233433482,0.85,-41.42172971108469,-5.6219698370521165,-18.739899456840394
49,greedy,node-026,0.0,0.0,0.0,0.0,0.0,0.0,0.0,0.0,8752.209351912716,190.2027233433482,0.85,0.0,0.0,0.0
49,greedy,node-027,0.0,0.0,0.0,0.0,0.0,0.0,0.0,0.0,8752.209351912716,190.2027233433482,0.85,0.0,0.0,0.0
49,greedy,node-028,0.0,0.0,0.0,0.0,0.0,0.0,0.0,0.0,8752.209351912716,190.2027233433482,0.85,0.0,0.0,0.0
49,greedy,node-029,0.0,0.0,0.0,0.0,0.0,0.0,0.0,0.0,8752.209351912716,190.2027233433482,0.85,-24.858940662428253,0.0,0.0
49,trust_vcg,node-000,0.0,0.0,0.0,0.0,0.0,0.0,0.0,0.0,8751.88132427405,-524.1894674091877,0.85,0.0,0.0,0.0
49,trust_vcg,node-001,0.0,0.0,0.0,0.0,0.0,0.0,0.0,0.0,8751.88132427405,-524.1894674091877,0.85,0.0,0.0,0.0
49,trust_vcg,node-002,0.0,0.0,0.0,0.0,0.0,0.0,0.0,0.0,8751.88132427405,-524.1894674091877,0.85,0.0,0.0,0.0
49,trust_vcg,node-003,0.0,0.0,363.3850347179977,0.0,0.0,363385.0347179977,0.0,0.0,8751.88132427405,-524.1894674091877,0.85,-5591.535483881057,0.0,0.0
49,trust_vcg,node-004,0.0,0.0,0.0,0.0,0.0,0.0,0.0,0.0,8751.88132427405,-524.1894674091877,0.85,0.0,0.0,0.0
49,trust_vcg,node-005,0.0,0.0,0.0,0.0,0.0,0.0,0.0,0.0,8751.88132427405,-524.1894674091877,0.85,0.0,0.0,0.0
49,trust_vcg,node-006,0.0,0.0,0.0,0.0,0.0,0.0,0.0,0.0,8751.88132427405,-524.1894674091877,0.85,0.0,0.0,0.0
49,trust_vcg,node-007,0.0,0.0,141.49848599310815,0.0,0.0,141498.48599310813,0.0,0.0,8751.88132427405,-524.1894674091877,0.85,-2258.5015140068917,0.0,0.0
49,trust_vcg,node-008,0.0,0.0,0.0,0.0,0.0,0.0,0.0,0.0,8751.88132427405,-524.1894674091877,0.85,0.0,0.0,0.0
49,trust_vcg,node-009,0.0,0.0,0.0,0.0,0.0,0.0,0.0,0.0,8751.88132427405,-524.1894674091877,0.85,0.0,0.0,0.0
49,trust_vcg,node-010,0.0,0.0,0.0,0.0,0.0,0.0,0.0,0.0,8751.88132427405,-524.1894674091877,0.85,0.0,0.0,0.0
49,trust_vcg,node-011,0.0,0.0,0.0,0.0,0.0,0.0,0.0,0.0,8751.88132427405,-524.1894674091877,0.85,0.0,0.0,0.0
49,trust_vcg,node-012,0.0,0.0,0.0,0.0,0.0,0.0,0.0,0.0,8751.88132427405,-524.1894674091877,0.85,0.0,0.0,0.0
49,trust_vcg,node-013,72.41748250779642,1.4993629535839545,146.33432796917668,0.11256563802109674,0.0023306077710890257,0.22746188381328233,546.7789587182804,643.3356020620088,8751.88132427405,-524.1894674091877,0.85,-7174.2020001366045,-14.483496501559216,-546.7789587182804
49,trust_vcg,node-014,0.0,0.0,179.4036281750623,0.0,0.0,179403.6281750623,0.0,0.0,8751.88132427405,-524.1894674091877,0.85,-3316.155208500012,0.0,0.0
49,trust_vcg,node-015,0.0,0.0,0.0,0.0,0.0,0.0,0.0,0.0,8751.88132427405,-524.1894674091877,0.85,0.0,0.0,0.0
49,trust_vcg,node-016,0.0,0.0,144.486117780944,0.0,0.0,144486.11778094398,0.0,0.0,8751.88132427405,-524.1894674091877,0.85,-2255.513882219056,0.0,0.0
49,trust_vcg,node-017,0.0,0.0,0.0,0.0,0.0,0.0,0.0,0.0,8751.88132427405,-524.1894674091877,0.85,-3925.5118748632567,0.0,0.0
49,trust_vcg,node-018,0.0,0.0,0.0,0.0,0.0,0.0,0.0,0.0,8751.88132427405,-524.1894674091877,0.85,0.0,0.0,0.0
49,trust_vcg,node-019,0.0,0.0,0.0,0.0,0.0,0.0,0.0,0.0,8751.88132427405,-524.1894674091877,0.85,-4920.235917632514,0.0,0.0
49,trust_vcg,node-020,90.595933666675,161.2781600881914,181.32984680924073,90595.93366667499,161278.16008819142,181329.84680924073,0.0,0.0,8751.88132427405,-524.1894674091877,0.85,-11073.712772911576,0.0,0.0
49,trust_vcg,node-021,47.012999321373854,428.20862600780004,523.7836490218398,47012.999321373856,428208.62600780005,523783.6490218398,0.0,0.0,8751.88132427405,-524.1894674091877,0.85,-5547.567298043679,0.0,0.0
49,trust_vcg,node-022,0.0,0.0,0.0,0.0,0.0,0.0,0.0,0.0,8751.88132427405,-524.1894674091877,0.85,-5579.292429782893,0.0,0.0
49,trust_vcg,node-023,0.0,0.0,0.0,0.0,0.0,0.0,0.0,0.0,8751.88132427405,-524.1894674091877,0.85,0.0,0.0,0.0
49,trust_vcg,node-024,0.0,0.0,427.4562373176986,0.0,0.0,427456.2373176986,0.0,0.0,8751.88132427405,-524.1894674091877,0.85,-5572.543762682302,0.0,0.0
49,trust_vcg,node-025,1245.4788542698996,1229.8690629707855,1245.4788542698996,1245478.8542698994,1229869.0629707854,1245478.8542698994,-1198.0982693283647,-1167.5250694711965,8751.88132427405,-524.1894674091877,0.85,-7493.556683909693,-4.585979978574642,1198.0982693283647
49,trust_vcg,node-026,0.0,0.0,236.09407538410386,0.0,0.0,236094.07538410387,0.0,0.0,8751.88132427405,-524.1894674091877,0.85,-3363.905924615896,0.0,0.0
49,trust_vcg,node-027,0.0,0.0,0.0,0.0,0.0,0.0,0.0,0.0,8751.88132427405,-524.1894674091877,0.85,0.0,0.0,0.0
49,trust_vcg,node-028,0.0,0.0,0.0,0.0,0.0,0.0,0.0,0.0,8751.88132427405,-524.1894674091877,0.85,0.0,0.0,0.0
49,trust_vcg,node-029,0.0,0.0,50.467264935097354,0.0,0.0,50467.26493509735,0.0,0.0,8751.88132427405,-524.1894674091877,0.85,-11073.806157445882,-939.2824428953542,0.0
49,contingent,node-000,0.0,0.0,0.0,0.0,0.0,0.0,0.0,0.0,8751.88132427405,177.39380574265752,0.85,0.0,0.0,0.0
49,contingent,node-001,0.0,0.0,0.0,0.0,0.0,0.0,0.0,0.0,8751.88132427405,177.39380574265752,0.85,0.0,0.0,0.0
49,contingent,node-002,0.0,0.0,0.0,0.0,0.0,0.0,0.0,0.0,8751.88132427405,177.39380574265752,0.85,0.0,0.0,0.0
49,contingent,node-003,0.0,0.0,0.0,0.0,0.0,0.0,0.0,0.0,8751.88132427405,177.39380574265752,0.85,-366.1419355242306,0.0,0.0
49,contingent,node-004,0.0,0.0,0.0,0.0,0.0,0.0,0.0,0.0,8751.88132427405,177.39380574265752,0.85,0.0,0.0,0.0
49,contingent,node-005,0.0,0.0,0.0,0.0,0.0,0.0,0.0,0.0,8751.88132427405,177.39380574265752,0.85,0.0,0.0,0.0
49,contingent,node-006,0.0,0.0,0.0,0.0,0.0,0.0,0.0,0.0,8751.88132427405,177.39380574265752,0.85,0.0,0.0,0.0
49,contingent,node-007,0.0,0.0,0.0,0.0,0.0,0.0,0.0,0.0,8751.88132427405,177.39380574265752,0.85,-234.00605602756738,0.0,0.0
49,contingent,node-008,0.0,0.0,0.0,0.0,0.0,0.0,0.0,0.0,8751.88132427405,177.39380574265752,0.85,0.0,0.0,0.0
49,contingent,node-009,0.0,0.0,0.0,0.0,0.0,0.0,0.0,0.0,8751.88132427405,177.39380574265752,0.85,0.0,0.0,0.0
49,contingent,node-010,0.0,0.0,0.0,0.0,0.0,0.0,0.0,0.0,8751.88132427405,177.39380574265752,0.85,0.0,0.0,0.0
49,contingent,node-011,0.0,0.0,0.0,0.0,0.0,0.0,0.0,0.0,8751.88132427405,177.39380574265752,0.85,0.0,0.0,0.0
49,contingent,node-012,0.0,0.0,0.0,0.0,0.0,0.0,0.0,0.0,8751.88132427405,177.39380574265752,0.85,0.0,0.0,0.0
49,contingent,node-013,84.61788697733843,0.0,144.8349650155928,0.5842365962406147,0.0,1.0000000000000002,48.27832167186426,144.83496501559276,8751.88132427405,177.39380574265752,0.85,-157.97048734515482,-14.483496501559287,-48.27832167186426
49,contingent,node-014,0.0,0.0,0.0,0.0,0.0,0.0,0.0,0.0,8751.88132427405,177.39380574265752,0.85,-105.45135395850969,0.0,0.0
49,contingent,node-015,0.0,0.0,0.0,0.0,0.0,0.0,0.0,0.0,8751.88132427405,177.39380574265752,0.85,0.0,0.0,0.0
49,contingent,node-016,0.0,0.0,0.0,0.0,0.0,0.0,0.0,0.0,8751.88132427405,177.39380574265752,0.85,-222.05552887622406,0.0,0.0
49,contingent,node-017,0.0,0.0,0.0,0.0,0.0,0.0,0.0,0.0,8751.88132427405,177.39380574265752,0.85,-302.0474994530274,0.0,0.0
49,contingent,node-018,0.0,0.0,0.0,0.0,0.0,0.0,0.0,0.0,8751.88132427405,177.39380574265752,0.85,0.0,0.0,0.0
49,contingent,node-019,0.0,0.0,0.0,0.0,0.0,0.0,0.0,0.0,8751.88132427405,177.39380574265752,0.85,-86.22526292359143,0.0,0.0
49,contingent,node-020,0.0,11.278160088191402,11.278160088191402,0.0,11278.160088191402,11278.160088191402,0.0,0.0,8751.88132427405,177.39380574265752,0.85,-294.8510916463108,0.0,0.0
49,contingent,node-021,0.0,78.20862600779998,78.20862600779998,0.0,78208.62600779998,78208.62600779998,0.0,0.0,8751.88132427405,177.39380574265752,0.85,-190.2691921747182,0.0,0.0
49,contingent,node-022,0.0,0.0,0.0,0.0,0.0,0.0,0.0,0.0,8751.88132427405,177.39380574265752,0.85,-317.1697191315694,0.0,0.0
49,contingent,node-023,0.0,0.0,0.0,0.0,0.0,0.0,0.0,0.0,8751.88132427405,177.39380574265752,0.85,0.0,0.0,0.0
49,contingent,node-024,0.0,0.0,16.685970262947173,0.0,0.0,16685.970262947172,0.0,0.0,8751.88132427405,177.39380574265752,0.85,-290.1750507292055,0.0,0.0
49,contingent,node-025,1.2426532437347042,3.453299528256593,32.55884072706476,0.0381663847970404,0.10606334412226212,1.0,1.9856408698971575,32.55884072706476,8751.88132427405,177.39380574265752,0.85,-92.71296188687433,-3.2558840727064746,-1.9856408698971575
49,contingent,node-026,0.0,0.0,0.0,0.0,0.0,0.0,0.0,0.0,8751.88132427405,177.39380574265752,0.85,-255.6236984635846,0.0,0.0
49,contingent,node-027,0.0,0.0,0.0,0.0,0.0,0.0,0.0,0.0,8751.88132427405,177.39380574265752,0.85,0.0,0.0,0.0
49,contingent,node-028,0.0,0.0,0.0,0.0,0.0,0.0,0.0,0.0,8751.88132427405,177.39380574265752,0.85,0.0,0.0,0.0
49,contingent,node-029,0.0,6.550571942841707,7.981136316318189,0.0,6550.571942841707,7981.136316318189,0.0,0.0,8751.88132427405,177.39380574265752,0.85,-295.22462978352564,-7.293247570483304,0.0
49,capped,node-000,0.0,0.0,0.0,0.0,0.0,0.0,0.0,0.0,8751.88132427405,190.69476480134412,0.85,0.0,0.0,0.0
49,capped,node-001,0.0,0.0,0.0,0.0,0.0,0.0,0.0,0.0,8751.88132427405,190.69476480134412,0.85,0.0,0.0,0.0
49,capped,node-002,0.0,0.0,0.0,0.0,0.0,0.0,0.0,0.0,8751.88132427405,190.69476480134412,0.85,0.0,0.0,0.0
49,capped,node-003,0.0,0.0,0.0,0.0,0.0,0.0,0.0,0.0,8751.88132427405,190.69476480134412,0.85,-91.53548388105764,0.0,0.0
49,capped,node-004,0.0,0.0,0.0,0.0,0.0,0.0,0.0,0.0,8751.88132427405,190.69476480134412,0.85,0.0,0.0,0.0
49,capped,node-005,0.0,0.0,0.0,0.0,0.0,0.0,0.0,0.0,8751.88132427405,190.69476480134412,0.85,0.0,0.0,0.0
49,capped,node-006,0.0,0.0,0.0,0.0,0.0,0.0,0.0,0.0,8751.88132427405,190.69476480134412,0.85,0.0,0.0,0.0
49,capped,node-007,0.0,0.0,0.0,0.0,0.0,0.0,0.0,0.0,8751.88132427405,190.69476480134412,0.85,-58.50151400689185,0.0,0.0
49,capped,node-008,0.0,0.0,0.0,0.0,0.0,0.0,0.0,0.0,8751.88132427405,190.69476480134412,0.85,0.0,0.0,0.0
49,capped,node-009,0.0,0.0,0.0,0.0,0.0,0.0,0.0,0.0,8751.88132427405,190.69476480134412,0.85,0.0,0.0,0.0
49,capped,node-010,0.0,0.0,0.0,0.0,0.0,0.0,0.0,0.0,8751.88132427405,190.69476480134412,0.85,0.0,0.0,0.0
49,capped,node-011,0.0,0.0,0.0,0.0,0.0,0.0,0.0,0.0,8751.88132427405,190.69476480134412,0.85,0.0,0.0,0.0
49,capped,node-012,0.0,0.0,0.0,0.0,0.0,0.0,0.0,0.0,8751.88132427405,190.69476480134412,0.85,0.0,0.0,0.0
49,capped,node-013,84.61788697733843,0.0,144.8349650155928,0.5842365962406147,0.0,1.0000000000000002,48.27832167186426,144.83496501559276,8751.88132427405,190.69476480134412,0.85,-75.7013630901869,-14.483496501559287,-48.27832167186426
49,capped,node-014,0.0,0.0,0.0,0.0,0.0,0.0,0.0,0.0,8751.88132427405,190.69476480134412,0.85,-26.362838489627425,0.0,0.0
49,capped,node-015,0.0,0.0,0.0,0.0,0.0,0.0,0.0,0.0,8751.88132427405,190.69476480134412,0.85,0.0,0.0,0.0
49,capped,node-016,0.0,0.0,0.0,0.0,0.0,0.0,0.0,0.0,8751.88132427405,190.69476480134412,0.85,-55.51388221905601,0.0,0.0
49,capped,node-017,0.0,0.0,0.0,0.0,0.0,0.0,0.0,0.0,8751.88132427405,190.69476480134412,0.85,-75.51187486325685,0.0,0.0
49,capped,node-018,0.0,0.0,0.0,0.0,0.0,0.0,0.0,0.0,8751.88132427405,190.69476480134412,0.85,0.0,0.0,0.0
49,capped,node-019,0.0,0.0,0.0,0.0,0.0,0.0,0.0,0.0,8751.88132427405,190.69476480134412,0.85,-21.556315730897865,0.0,0.0
49,capped,node-020,0.0,11.278160088191402,34.79304670225448,0.0,11278.160088191402,34793.046702254476,0.0,0.0,8751.88132427405,190.69476480134412,0.85,-73.7127729115777,0.0,0.0
49,capped,node-021,0.0,78.20862600779998,78.20862600779998,0.0,78208.62600779998,78208.62600779998,0.0,0.0,8751.88132427405,190.69476480134412,0.85,-47.56729804367956,0.0,0.0
49,capped,node-022,0.0,0.0,0.0,0.0,0.0,0.0,0.0,0.0,8751.88132427405,190.69476480134412,0.85,-79.29242978289236,0.0,0.0
49,capped,node-023,0.0,0.0,0.0,0.0,0.0,0.0,0.0,0.0,8751.88132427405,190.69476480134412,0.85,0.0,0.0,0.0
49,capped,node-024,0.0,0.0,16.685970262947173,0.0,0.0,16685.970262947172,0.0,0.0,8751.88132427405,190.69476480134412,0.85,-72.54376268230136,0.0,0.0
49,capped,node-025,0.0,3.4532995282565917,45.859799785751406,0.0,0.07530123429212024,1.0000000000000002,15.286599928583803,45.8597997857514,8751.88132427405,190.69476480134412,0.85,-37.968430182828094,-4.585979978575141,-15.286599928583803
49,capped,node-026,0.0,0.0,0.0,0.0,0.0,0.0,0.0,0.0,8751.88132427405,190.69476480134412,0.85,-63.90592461589615,0.0,0.0
49,capped,node-027,0.0,0.0,0.0,0.0,0.0,0.0,0.0,0.0,8751.88132427405,190.69476480134412,0.85,0.0,0.0,0.0
49,capped,node-028,0.0,0.0,0.0,0.0,0.0,0.0,0.0,0.0,8751.88132427405,190.69476480134412,0.85,0.0,0.0,0.0
49,capped,node-029,6.075111788407713,40.66022512045137,40.66022512045137,6075.111788407713,40660.225120451374,40660.225120451374,0.0,0.0,8751.88132427405,190.69476480134412,0.85,-73.80615744588141,7.9137603824054,0.0
49,proper_scoring,node-000,0.0,0.0,0.0,0.0,0.0,0.0,0.0,0.0,8751.88132427405,984.9604785843947,0.85,0.0,0.0,0.0
49,proper_scoring,node-001,0.0,0.0,0.0,0.0,0.0,0.0,0.0,0.0,8751.88132427405,984.9604785843947,0.85,0.0,0.0,0.0
49,proper_scoring,node-002,0.0,0.0,0.0,0.0,0.0,0.0,0.0,0.0,8751.88132427405,984.9604785843947,0.85,0.0,0.0,0.0
49,proper_scoring,node-003,0.0,0.0,363.3850347179977,0.0,0.0,363385.0347179977,0.0,0.0,8751.88132427405,984.9604785843947,0.85,-359.1150134267212,0.0,0.0
49,proper_scoring,node-004,0.0,0.0,0.0,0.0,0.0,0.0,0.0,0.0,8751.88132427405,984.9604785843947,0.85,0.0,0.0,0.0
49,proper_scoring,node-005,0.0,0.0,0.0,0.0,0.0,0.0,0.0,0.0,8751.88132427405,984.9604785843947,0.85,0.0,0.0,0.0
49,proper_scoring,node-006,0.0,0.0,0.0,0.0,0.0,0.0,0.0,0.0,8751.88132427405,984.9604785843947,0.85,0.0,0.0,0.0
49,proper_scoring,node-007,0.0,0.0,141.49848599310815,0.0,0.0,141498.48599310813,0.0,0.0,8751.88132427405,984.9604785843947,0.85,-225.19107687556448,0.0,0.0
49,proper_scoring,node-008,0.0,0.0,0.0,0.0,0.0,0.0,0.0,0.0,8751.88132427405,984.9604785843947,0.85,0.0,0.0,0.0
49,proper_scoring,node-009,0.0,0.0,0.0,0.0,0.0,0.0,0.0,0.0,8751.88132427405,984.9604785843947,0.85,0.0,0.0,0.0
49,proper_scoring,node-010,0.0,0.0,0.0,0.0,0.0,0.0,0.0,0.0,8751.88132427405,984.9604785843947,0.85,0.0,0.0,0.0
49,proper_scoring,node-011,0.0,0.0,0.0,0.0,0.0,0.0,0.0,0.0,8751.88132427405,984.9604785843947,0.85,0.0,0.0,0.0
49,proper_scoring,node-012,0.0,0.0,0.0,0.0,0.0,0.0,0.0,0.0,8751.88132427405,984.9604785843947,0.85,0.0,0.0,0.0
49,proper_scoring,node-013,72.41748250779642,1.4993629535839545,146.33432796917668,0.11256563802109674,0.0023306077710890257,0.22746188381328233,546.7789587182804,643.3356020620088,8751.88132427405,984.9604785843947,0.85,-656.4711243915709,-14.483496501559216,-546.7789587182804
49,proper_scoring,node-014,0.0,0.0,214.86647653912306,0.0,0.0,214866.47653912305,0.0,0.0,8751.88132427405,984.9604785843947,0.85,-105.45135395850969,0.0,0.0
49,proper_scoring,node-015,0.0,0.0,0.0,0.0,0.0,0.0,0.0,0.0,8751.88132427405,984.9604785843947,0.85,0.0,0.0,0.0
49,proper_scoring,node-016,0.0,0.0,144.486117780944,0.0,0.0,144486.11778094398,0.0,0.0,8751.88132427405,984.9604785843947,0.85,-217.31771739508014,0.0,0.0
49,proper_scoring,node-017,0.0,0.0,187.41367896136072,0.0,0.0,187413.6789613607,0.0,0.0,8751.88132427405,984.9604785843947,0.85,-297.0375890216102,0.0,0.0
49,proper_scoring,node-018,0.0,0.0,0.0,0.0,0.0,0.0,0.0,0.0,8751.88132427405,984.9604785843947,0.85,0.0,0.0,0.0
49,proper_scoring,node-019,0.0,0.0,312.2745206398019,0.0,0.0,312274.52063980186,0.0,0.0,8751.88132427405,984.9604785843947,0.85,-86.22526292359143,0.0,0.0
49,proper_scoring,node-020,90.595933666675,161.2781600881914,663.0425911900215,90595.93366667499,161278.16008819142,663042.5911900215,0.0,0.0,8751.88132427405,984.9604785843947,0.85,-294.8510916463108,0.0,0.0
49,proper_scoring,node-021,47.012999321373854,428.20862600780004,523.7836490218398,47012.999321373856,428208.62600780005,523783.6490218398,0.0,0.0,8751.88132427405,984.9604785843947,0.85,-190.2691921747182,0.0,0.0
49,proper_scoring,node-022,0.0,0.0,243.68595841975628,0.0,0.0,243685.95841975627,0.0,0.0,8751.88132427405,984.9604785843947,0.85,-315.25077767644655,0.0,0.0
49,proper_scoring,node-023,0.0,0.0,0.0,0.0,0.0,0.0,0.0,0.0,8751.88132427405,984.9604785843947,0.85,0.0,0.0,0.0
49,proper_scoring,node-024,0.0,0.0,427.4562373176986,0.0,0.0,427456.2373176986,0.0,0.0,8751.88132427405,984.9604785843947,0.85,-290.1750507292055,0.0,0.0
49,proper_scoring,node-025,0.0,92.98810900363799,247.60782107049272,0.0,0.2721936117481326,0.7247944692759156,311.0516766652181,341.62487652238565,8751.88132427405,984.9604785843947,0.85,-401.77899768219527,-3.2558840727065217,-311.0516766652181
49,proper_scoring,node-026,0.0,0.0,236.09407538410386,0.0,0.0,236094.07538410387,0.0,0.0,8751.88132427405,984.9604785843947,0.85,-255.6236984635846,0.0,0.0
49,proper_scoring,node-027,0.0,0.0,0.0,0.0,0.0,0.0,0.0,0.0,8751.88132427405,984.9604785843947,0.85,0.0,0.0,0.0
49,proper_scoring,node-028,0.0,0.0,0.0,0.0,0.0,0.0,0.0,0.0,8751.88132427405,984.9604785843947,0.85,0.0,0.0,0.0
49,proper_scoring,node-029,358.60871169859354,456.55057194284177,771.1902135608331,358608.7116985935,456550.57194284175,771190.213560833,0.0,0.0,8751.88132427405,984.9604785843947,0.85,-295.22462978352564,87.80814371289911,0.0
49,audits,node-000,0.0,0.0,0.0,0.0,0.0,0.0,0.0,0.0,8751.88132427405,975.8105325908123,0.85,0.0,0.0,0.0
49,audits,node-001,0.0,0.0,0.0,0.0,0.0,0.0,0.0,0.0,8751.88132427405,975.8105325908123,0.85,0.0,0.0,0.0
49,audits,node-002,0.0,0.0,0.0,0.0,0.0,0.0,0.0,0.0,8751.88132427405,975.8105325908123,0.85,0.0,0.0,0.0
49,audits,node-003,0.0,0.0,363.3850347179977,0.0,0.0,363385.0347179977,0.0,0.0,8751.88132427405,975.8105325908123,0.85,-1591.5354838810574,0.0,0.0
49,audits,node-004,0.0,0.0,0.0,0.0,0.0,0.0,0.0,0.0,8751.88132427405,975.8105325908123,0.85,0.0,0.0,0.0
49,audits,node-005,0.0,0.0,0.0,0.0,0.0,0.0,0.0,0.0,8751.88132427405,975.8105325908123,0.85,0.0,0.0,0.0
49,audits,node-006,0.0,0.0,0.0,0.0,0.0,0.0,0.0,0.0,8751.88132427405,975.8105325908123,0.85,0.0,0.0,0.0
49,audits,node-007,0.0,0.0,141.49848599310815,0.0,0.0,141498.48599310813,0.0,0.0,8751.88132427405,975.8105325908123,0.85,-758.5015140068917,0.0,0.0
49,audits,node-008,0.0,0.0,0.0,0.0,0.0,0.0,0.0,0.0,8751.88132427405,975.8105325908123,0.85,0.0,0.0,0.0
49,audits,node-009,0.0,0.0,0.0,0.0,0.0,0.0,0.0,0.0,8751.88132427405,975.8105325908123,0.85,0.0,0.0,0.0
49,audits,node-010,0.0,0.0,0.0,0.0,0.0,0.0,0.0,0.0,8751.88132427405,975.8105325908123,0.85,0.0,0.0,0.0
49,audits,node-011,0.0,0.0,0.0,0.0,0.0,0.0,0.0,0.0,8751.88132427405,975.8105325908123,0.85,0.0,0.0,0.0
49,audits,node-012,0.0,0.0,0.0,0.0,0.0,0.0,0.0,0.0,8751.88132427405,975.8105325908123,0.85,0.0,0.0,0.0
49,audits,node-013,72.41748250779642,1.4993629535839545,146.33432796917668,0.11256563802109674,0.0023306077710890257,0.22746188381328233,546.7789587182804,643.3356020620088,8751.88132427405,975.8105325908123,0.85,-2174.2020001366027,-14.483496501559216,-546.7789587182804
49,audits,node-014,0.0,0.0,179.4036281750623,0.0,0.0,179403.6281750623,0.0,0.0,8751.88132427405,975.8105325908123,0.85,-316.1552085000119,0.0,0.0
49,audits,node-015,0.0,0.0,0.0,0.0,0.0,0.0,0.0,0.0,8751.88132427405,975.8105325908123,0.85,0.0,0.0,0.0
49,audits,node-016,0.0,0.0,144.486117780944,0.0,0.0,144486.11778094398,0.0,0.0,8751.88132427405,975.8105325908123,0.85,-755.513882219056,0.0,0.0
49,audits,node-017,0.0,0.0,174.48812513674315,0.0,0.0,174488.12513674315,0.0,0.0,8751.88132427405,975.8105325908123,0.85,-1425.511874863257,0.0,0.0
49,audits,node-018,0.0,0.0,0.0,0.0,0.0,0.0,0.0,0.0,8751.88132427405,975.8105325908123,0.85,0.0,0.0,0.0
49,audits,node-019,0.0,0.0,239.26236389439927,0.0,0.0,239262.36389439926,0.0,0.0,8751.88132427405,975.8105325908123,0.85,-420.23591763251443,0.0,0.0
49,audits,node-020,90.595933666675,161.2781600881914,181.32984680924073,90595.93366667499,161278.16008819142,181329.84680924073,0.0,0.0,8751.88132427405,975.8105325908123,0.85,-2073.7127729115778,0.0,0.0
49,audits,node-021,47.012999321373854,428.20862600780004,523.7836490218398,47012.999321373856,428208.62600780005,523783.6490218398,0.0,0.0,8751.88132427405,975.8105325908123,0.85,-1547.5672980436796,0.0,0.0
49,audits,node-022,0.0,0.0,183.36618569744354,0.0,0.0,183366.18569744355,0.0,0.0,8751.88132427405,975.8105325908123,0.85,-1579.2924297828924,0.0,0.0
49,audits,node-023,0.0,0.0,0.0,0.0,0.0,0.0,0.0,0.0,8751.88132427405,975.8105325908123,0.85,0.0,0.0,0.0
49,audits,node-024,0.0,0.0,427.4562373176986,0.0,0.0,427456.2373176986,0.0,0.0,8751.88132427405,975.8105325908123,0.85,-1572.5437626823016,0.0,0.0
49,audits,node-025,0.0,0.0,106.0744262342206,0.0,0.0,0.3190448857768272,301.90173067163573,332.47493052880327,8751.88132427405,975.8105325908123,0.85,-1493.5566839096914,-4.585979978575153,-301.90173067163573
49,audits,node-026,0.0,0.0,236.09407538410386,0.0,0.0,236094.07538410387,0.0,0.0,8751.88132427405,975.8105325908123,0.85,-1363.9059246158963,0.0,0.0
49,audits,node-027,0.0,0.0,0.0,0.0,0.0,0.0,0.0,0.0,8751.88132427405,975.8105325908123,0.85,0.0,0.0,0.0
49,audits,node-028,0.0,0.0,0.0,0.0,0.0,0.0,0.0,0.0,8751.88132427405,975.8105325908123,0.85,0.0,0.0,0.0
49,audits,node-029,324.7594548890564,340.6602251204514,636.9030787229408,324759.45488905645,340660.2251204514,636903.0787229408,0.0,0.0,8751.88132427405,975.8105325908123,0.85,-2073.806157445881,60.71755710464594,0.0
57,greedy,node-000,0.0,0.0,0.0,0.0,0.0,0.0,0.0,0.0,6127.965546449424,390.3282307436772,0.85,0.0,0.0,0.0
57,greedy,node-001,0.0,0.0,0.0,0.0,0.0,0.0,0.0,0.0,6127.965546449424,390.3282307436772,0.85,0.0,0.0,0.0
57,greedy,node-002,0.0,0.0,0.0,0.0,0.0,0.0,0.0,0.0,6127.965546449424,390.3282307436772,0.85,0.0,0.0,0.0
57,greedy,node-003,0.0,0.0,0.0,0.0,0.0,0.0,0.0,0.0,6127.965546449424,390.3282307436772,0.85,0.0,0.0,0.0
57,greedy,node-004,0.0,0.0,0.0,0.0,0.0,0.0,45.76682594107418,137.30047782322256,6127.965546449424,390.3282307436772,0.85,-126.7330751344409,0.24865535065948308,-45.76682594107418
57,greedy,node-005,0.0,0.0,0.0,0.0,0.0,0.0,0.0,0.0,6127.965546449424,390.3282307436772,0.85,0.0,0.0,0.0
57,greedy,node-006,0.0,0.0,0.0,0.0,0.0,0.0,0.0,0.0,6127.965546449424,390.3282307436772,0.85,0.0,0.0,0.0
57,greedy,node-007,0.0,0.0,0.0,0.0,0.0,0.0,0.0,0.0,6127.965546449424,390.3282307436772,0.85,-16.71351551559224,0.0,0.0
57,greedy,node-008,0.0,0.0,0.0,0.0,0.0,0.0,0.0,0.0,6127.965546449424,390.3282307436772,0.85,-17.141226627199494,0.0,0.0
57,greedy,node-009,0.0,0.0,0.0,0.0,0.0,0.0,0.0,0.0,6127.965546449424,390.3282307436772,0.85,-103.88384249377623,0.0,0.0
57,greedy,node-010,0.0,0.0,0.0,0.0,0.0,0.0,0.0,0.0,6127.965546449424,390.3282307436772,0.85,-4.244234487765954,0.0,0.0
57,greedy,node-011,0.0,0.0,0.0,0.0,0.0,0.0,0.0,0.0,6127.965546449424,390.3282307436772,0.85,0.0,0.0,0.0
57,greedy,node-012,0.0,0.0,0.0,0.0,0.0,0.0,0.0,0.0,6127.965546449424,390.3282307436772,0.85,0.0,0.0,0.0
57,greedy,node-013,0.0,0.0,0.0,0.0,0.0,0.0,0.0,0.0,6127.965546449424,390.3282307436772,0.85,0.0,0.0,0.0
57,greedy,node-014,1.4360133482436073,0.0,1.4360133482436073,1436.0133482436072,0.0,1436.0133482436072,0.0,0.0,6127.965546449424,390.3282307436772,0.85,-34.376549260908874,0.0,0.0
57,greedy,node-015,0.0,0.0,0.0,0.0,0.0,0.0,0.0,0.0,6127.965546449424,390.3282307436772,0.85,0.0,0.0,0.0
57,greedy,node-016,0.0,0.0,0.0,0.0,0.0,0.0,0.0,0.0,6127.965546449424,390.3282307436772,0.85,-31.61309885462074,0.0,0.0
57,greedy,node-017,0.0,0.0,0.0,0.0,0.0,0.0,0.0,0.0,6127.965546449424,390.3282307436772,0.85,0.0,0.0,0.0
57,greedy,node-018,25.264588904043023,0.0,25.264588904043023,25264.588904043023,0.0,25264.588904043023,0.0,0.0,6127.965546449424,390.3282307436772,0.85,-84.64483664669994,0.0,0.0
57,greedy,node-019,5.852654924234885,0.0,5.852654924234885,5852.654924234886,0.0,5852.654924234886,0.0,0.0,6127.965546449424,390.3282307436772,0.85,-36.56871417874963,0.0,0.0
57,greedy,node-020,0.0,0.0,0.0,0.0,0.0,0.0,0.0,0.0,6127.965546449424,390.3282307436772,0.85,0.0,0.0,0.0
57,greedy,node-021,0.0,0.0,0.0,0.0,0.0,0.0,0.0,0.0,6127.965546449424,390.3282307436772,0.85,0.0,0.0,0.0
57,greedy,node-022,0.0,0.0,0.0,0.0,0.0,0.0,0.0,0.0,6127.965546449424,390.3282307436772,0.85,-84.51966442091826,0.0,0.0
57,greedy,node-023,0.0,0.0,0.0,0.0,0.0,0.0,0.0,0.0,6127.965546449424,390.3282307436772,0.85,-54.878600289488546,0.0,0.0
57,greedy,node-024,0.0,0.0,0.0,0.0,0.0,0.0,0.0,0.0,6127.965546449424,390.3282307436772,0.85,0.0,0.0,0.0
57,greedy,node-025,0.0,0.0,0.0,0.0,0.0,0.0,0.0,0.0,6127.965546449424,390.3282307436772,0.85,-73.47202187375164,0.0,0.0
57,greedy,node-026,0.0,0.0,0.0,0.0,0.0,0.0,0.0,0.0,6127.965546449424,390.3282307436772,0.85,0.0,0.0,0.0
57,greedy,node-027,0.0,0.0,0.0,0.0,0.0,0.0,0.0,0.0,6127.965546449424,390.3282307436772,0.85,0.0,0.0,0.0
57,greedy,node-028,0.0,0.0,0.0,0.0,0.0,0.0,84.34258430681815,253.02775292045445,6127.965546449424,390.3282307436772,0.85,-154.00739207247688,-25.30277529204544,-84.34258430681815
57,greedy,node-029,0.0,0.0,0.0,0.0,0.0,0.0,0.0,0.0,6127.965546449424,390.3282307436772,0.85,0.0,0.0,0.0
57,trust_vcg,node-000,0.0,0.0,0.0,0.0,0.0,0.0,0.0,0.0,6006.097049784715,-636.4688902318164,0.8125,0.0,0.0,0.0
57,trust_vcg,node-001,0.0,0.0,0.0,0.0,0.0,0.0,0.0,0.0,6006.097049784715,-636.4688902318164,0.8125,0.0,0.0,0.0
57,trust_vcg,node-002,0.0,0.0,0.0,0.0,0.0,0.0,0.0,0.0,6006.097049784715,-636.4688902318164,0.8125,0.0,0.0,0.0
57,trust_vcg,node-003,0.0,0.0,0.0,0.0,0.0,0.0,0.0,0.0,6006.097049784715,-636.4688902318164,0.8125,0.0,0.0,0.0
57,trust_vcg,node-004,477.384608839458,338.0520293034992,502.3552398878978,477384.608839458,338052.02930349915,502355.2398878978,-255.4180180839906,-199.5840380049704,6006.097049784715,-636.4688902318164,0.8125,-10825.548231109378,92.49434708730752,255.4180180839906
57,trust_vcg,node-005,0.0,0.0,0.0,0.0,0.0,0.0,0.0,0.0,6006.097049784715,-636.4688902318164,0.8125,0.0,0.0,0.0
57,trust_vcg,node-006,0.0,0.0,0.0,0.0,0.0,0.0,0.0,0.0,6006.097049784715,-636.4688902318164,0.8125,-5608.84920570076,0.0,0.0
57,trust_vcg,node-007,0.0,0.0,0.0,0.0,0.0,0.0,0.0,0.0,6006.097049784715,-636.4688902318164,0.8125,-4993.760681024404,0.0,0.0
57,trust_vcg,node-008,0.0,0.0,136.441424263425,0.0,0.0,136441.424263425,0.0,0.0,6006.097049784715,-636.4688902318164,0.8125,-4438.68183649476,0.0,0.0
57,trust_vcg,node-009,310.80916921558503,201.56395133901972,479.4949370978672,310809.16921558505,201563.95133901972,479494.9370978672,0.0,0.0,6006.097049784715,-636.4688902318164,0.8125,-5563.886315722262,0.0,0.0
57,trust_vcg,node-010,0.0,0.0,0.0,0.0,0.0,0.0,0.0,0.0,6006.097049784715,-636.4688902318164,0.8125,0.0,0.0,0.0
57,trust_vcg,node-011,0.0,0.0,0.0,0.0,0.0,0.0,0.0,0.0,6006.097049784715,-636.4688902318164,0.8125,0.0,0.0,0.0
57,trust_vcg,node-012,0.0,0.0,0.0,0.0,0.0,0.0,0.0,0.0,6006.097049784715,-636.4688902318164,0.8125,0.0,0.0,0.0
57,trust_vcg,node-013,0.0,0.0,0.0,0.0,0.0,0.0,0.0,0.0,6006.097049784715,-636.4688902318164,0.8125,0.0,0.0,0.0
57,trust_vcg,node-014,285.49685911298855,0.0,463.90136231221305,285496.8591129885,0.0,463901.36231221305,0.0,0.0,6006.097049784715,-636.4688902318164,0.8125,-5453.102531107343,0.0,0.0
57,trust_vcg,node-015,0.0,0.0,0.0,0.0,0.0,0.0,0.0,0.0,6006.097049784715,-636.4688902318164,0.8125,0.0,0.0,0.0
57,trust_vcg,node-016,0.0,73.38258189853366,165.80654942731036,0.0,73382.58189853365,165806.54942731035,0.0,0.0,6006.097049784715,-636.4688902318164,0.8125,-5585.325679145155,0.0,0.0
57,trust_vcg,node-017,0.0,0.0,0.0,0.0,0.0,0.0,0.0,0.0,6006.097049784715,-636.4688902318164,0.8125,0.0,0.0,0.0
57,trust_vcg,node-018,541.2853912459866,427.6794634029002,775.4984378231665,541285.3912459866,427679.46340290015,775498.4378231665,0.0,0.0,6006.097049784715,-636.4688902318164,0.8125,-9424.501562176834,0.0,0.0
57,trust_vcg,node-019,0.0,0.0,0.0,0.0,0.0,0.0,0.0,0.0,6006.097049784715,-636.4688902318164,0.8125,-5462.346265860805,0.0,0.0
57,trust_vcg,node-020,0.0,0.0,0.0,0.0,0.0,0.0,0.0,0.0,6006.097049784715,-636.4688902318164,0.8125,0.0,0.0,0.0
57,trust_vcg,node-021,0.0,0.0,0.0,0.0,0.0,0.0,0.0,0.0,6006.097049784715,-636.4688902318164,0.8125,0.0,0.0,0.0
57,trust_vcg,node-022,0.0,0.0,0.0,0.0,0.0,0.0,0.0,0.0,6006.097049784715,-636.4688902318164,0.8125,-6691.872998075711,0.0,0.0
57,trust_vcg,node-023,0.0,0.0,0.0,0.0,0.0,0.0,0.0,0.0,6006.097049784715,-636.4688902318164,0.8125,-5581.503665075349,0.0,0.0
57,trust_vcg,node-024,0.0,0.0,0.0,0.0,0.0,0.0,0.0,0.0,6006.097049784715,-636.4688902318164,0.8125,0.0,0.0,0.0
57,trust_vcg,node-025,0.0,0.0,418.16089247599064,0.0,0.0,418160.89247599064,0.0,0.0,6006.097049784715,-636.4688902318164,0.8125,-5581.839107524011,0.0,0.0
57,trust_vcg,node-026,0.0,0.0,0.0,0.0,0.0,0.0,0.0,0.0,6006.097049784715,-636.4688902318164,0.8125,0.0,0.0,0.0
57,trust_vcg,node-027,0.0,0.0,0.0,0.0,0.0,0.0,0.0,0.0,6006.097049784715,-636.4688902318164,0.8125,0.0,0.0,0.0
57,trust_vcg,node-028,605.5700208404821,605.5700208404821,731.8870447008296,605570.0208404821,605570.0208404821,731887.0447008297,-605.5700208404821,-436.88485222684614,6006.097049784715,-636.4688902318164,0.8125,-9911.38798315526,-25.302775292045794,605.5700208404821
57,trust_vcg,node-029,0.0,0.0,59.69526187307048,0.0,0.0,59695.26187307048,0.0,0.0,6006.097049784715,-636.4688902318164,0.8125,-1140.3047381269296,0.0,0.0
57,contingent,node-000,0.0,0.0,0.0,0.0,0.0,0.0,0.0,0.0,6006.097049784715,262.73374852885166,0.8125,0.0,0.0,0.0
57,contingent,node-001,0.0,0.0,0.0,0.0,0.0,0.0,0.0,0.0,6006.097049784715,262.73374852885166,0.8125,0.0,0.0,0.0
57,contingent,node-002,0.0,0.0,0.0,0.0,0.0,0.0,0.0,0.0,6006.097049784715,262.73374852885166,0.8125,0.0,0.0,0.0
57,contingent,node-003,0.0,0.0,0.0,0.0,0.0,0.0,0.0,0.0,6006.097049784715,262.73374852885166,0.8125,0.0,0.0,0.0
57,contingent,node-004,18.63342274347795,74.14101091021746,74.14101091021746,0.26597664449360153,1.058301395977582,1.058301395977582,14.22263251925711,70.05661259827724,6006.097049784715,262.73374852885166,0.8125,-338.087629292724,-0.6914849070333506,-14.22263251925711
57,contingent,node-005,0.0,0.0,0.0,0.0,0.0,0.0,0.0,0.0,6006.097049784715,262.73374852885166,0.8125,0.0,0.0,0.0
57,contingent,node-006,0.0,0.0,0.0,0.0,0.0,0.0,0.0,0.0,6006.097049784715,262.73374852885166,0.8125,-435.39682280303725,0.0,0.0
57,contingent,node-007,0.0,0.0,0.0,0.0,0.0,0.0,0.0,0.0,6006.097049784715,262.73374852885166,0.8125,-175.0427240976178,0.0,0.0
57,contingent,node-008,0.0,0.0,0.0,0.0,0.0,0.0,0.0,0.0,6006.097049784715,262.73374852885166,0.8125,-154.72734597903946,0.0,0.0
57,contingent,node-009,0.0,51.563951339019695,51.563951339019695,0.0,51563.951339019695,51563.951339019695,0.0,0.0,6006.097049784715,262.73374852885166,0.8125,-255.54526288904756,0.0,0.0
57,contingent,node-010,0.0,0.0,0.0,0.0,0.0,0.0,0.0,0.0,6006.097049784715,262.73374852885166,0.8125,0.0,0.0,0.0
57,contingent,node-011,0.0,0.0,0.0,0.0,0.0,0.0,0.0,0.0,6006.097049784715,262.73374852885166,0.8125,0.0,0.0,0.0
57,contingent,node-012,0.0,0.0,0.0,0.0,0.0,0.0,0.0,0.0,6006.097049784715,262.73374852885166,0.8125,0.0,0.0,0.0
57,contingent,node-013,0.0,0.0,0.0,0.0,0.0,0.0,0.0,0.0,6006.097049784715,262.73374852885166,0.8125,0.0,0.0,0.0
57,contingent,node-014,0.0,0.0,14.199334554482801,0.0,0.0,14199.3345544828,0.0,0.0,6006.097049784715,262.73374852885166,0.8125,-137.5061970436355,0.0,0.0
57,contingent,node-015,0.0,0.0,0.0,0.0,0.0,0.0,0.0,0.0,6006.097049784715,262.73374852885166,0.8125,0.0,0.0,0.0
57,contingent,node-016,0.0,23.38258189853365,23.38258189853365,0.0,23382.581898533652,23382.581898533652,0.0,0.0,6006.097049784715,262.73374852885166,0.8125,-341.30271658061827,0.0,0.0
57,contingent,node-017,0.0,0.0,0.0,0.0,0.0,0.0,0.0,0.0,6006.097049784715,262.73374852885166,0.8125,0.0,0.0,0.0
57,contingent,node-018,14.901835423650393,77.67946340290021,77.67946340290021,14901.835423650393,77679.4634029002,77679.4634029002,0.0,0.0,6006.097049784715,262.73374852885166,0.8125,-298.00624870733384,0.0,0.0
57,contingent,node-019,0.0,0.0,0.0,0.0,0.0,0.0,0.0,0.0,6006.097049784715,262.73374852885166,0.8125,-135.11013506337085,0.0,0.0
57,contingent,node-020,0.0,0.0,0.0,0.0,0.0,0.0,0.0,0.0,6006.097049784715,262.73374852885166,0.8125,0.0,0.0,0.0
57,contingent,node-021,0.0,0.0,0.0,0.0,0.0,0.0,0.0,0.0,6006.097049784715,262.73374852885166,0.8125,0.0,0.0,0.0
57,contingent,node-022,0.0,0.0,0.0,0.0,0.0,0.0,0.0,0.0,6006.097049784715,262.73374852885166,0.8125,-367.4919923028446,0.0,0.0
57,contingent,node-023,0.0,0.0,0.0,0.0,0.0,0.0,0.0,0.0,6006.097049784715,262.73374852885166,0.8125,-326.0146603013985,0.0,0.0
57,contingent,node-024,0.0,0.0,0.0,0.0,0.0,0.0,0.0,0.0,6006.097049784715,262.73374852885166,0.8125,0.0,0.0,0.0
57,contingent,node-025,0.0,0.0,16.10259565030564,0.0,0.0,16102.59565030564,0.0,0.0,6006.097049784715,262.73374852885166,0.8125,-327.3564300960374,0.0,0.0
57,contingent,node-026,0.0,0.0,0.0,0.0,0.0,0.0,0.0,0.0,6006.097049784715,262.73374852885166,0.8125,0.0,0.0,0.0
57,contingent,node-027,0.0,0.0,0.0,0.0,0.0,0.0,0.0,0.0,6006.097049784715,262.73374852885166,0.8125,0.0,0.0,0.0
57,contingent,node-028,48.169283982643606,0.0,77.63939002705077,0.25000000000000006,0.0,0.4029507167629161,23.9919673169381,192.6771359305744,6006.097049784715,262.73374852885166,0.8125,-291.8239832999062,-19.267713593057437,-23.9919673169381
57,contingent,node-029,0.0,0.0,0.0,0.0,0.0,0.0,0.0,0.0,6006.097049784715,262.73374852885166,0.8125,-161.21895250771811,0.0,0.0
57,capped,node-000,0.0,0.0,0.0,0.0,0.0,0.0,0.0,0.0,6006.097049784715,336.77872303898477,0.8125,0.0,0.0,0.0
57,capped,node-001,0.0,0.0,0.0,0.0,0.0,0.0,0.0,0.0,6006.097049784715,336.77872303898477,0.8125,0.0,0.0,0.0
57,capped,node-002,0.0,0.0,0.0,0.0,0.0,0.0,0.0,0.0,6006.097049784715,336.77872303898477,0.8125,0.0,0.0,0.0
57,capped,node-003,0.0,0.0,0.0,0.0,0.0,0.0,0.0,0.0,6006.097049784715,336.77872303898477,0.8125,0.0,0.0,0.0
57,capped,node-004,4.939065223224993,101.03179117370121,101.03179117370121,0.05897322999643926,1.2063357717613776,1.2063357717613776,27.91699003951007,83.7509701185302,6006.097049784715,336.77872303898477,0.8125,-108.88323923287679,-2.0609206590586453,-27.91699003951007
57,capped,node-005,0.0,0.0,0.0,0.0,0.0,0.0,0.0,0.0,6006.097049784715,336.77872303898477,0.8125,0.0,0.0,0.0
57,capped,node-006,0.0,0.0,0.0,0.0,0.0,0.0,0.0,0.0,6006.097049784715,336.77872303898477,0.8125,-108.84920570075931,0.0,0.0
57,capped,node-007,0.0,0.0,0.0,0.0,0.0,0.0,0.0,0.0,6006.097049784715,336.77872303898477,0.8125,-43.76068102440445,0.0,0.0
57,capped,node-008,0.0,0.0,0.0,0.0,0.0,0.0,0.0,0.0,6006.097049784715,336.77872303898477,0.8125,-38.68183649475987,0.0,0.0
57,capped,node-009,0.0,51.563951339019695,51.563951339019695,0.0,51563.951339019695,51563.951339019695,0.0,0.0,6006.097049784715,336.77872303898477,0.8125,-63.8863157222619,0.0,0.0
57,capped,node-010,0.0,0.0,0.0,0.0,0.0,0.0,0.0,0.0,6006.097049784715,336.77872303898477,0.8125,0.0,0.0,0.0
57,capped,node-011,0.0,0.0,0.0,0.0,0.0,0.0,0.0,0.0,6006.097049784715,336.77872303898477,0.8125,0.0,0.0,0.0
57,capped,node-012,0.0,0.0,0.0,0.0,0.0,0.0,0.0,0.0,6006.097049784715,336.77872303898477,0.8125,0.0,0.0,0.0
57,capped,node-013,0.0,0.0,0.0,0.0,0.0,0.0,0.0,0.0,6006.097049784715,336.77872303898477,0.8125,0.0,0.0,0.0
57,capped,node-014,0.0,0.0,14.199334554482801,0.0,0.0,14199.3345544828,0.0,0.0,6006.097049784715,336.77872303898477,0.8125,-34.376549260908874,0.0,0.0
57,capped,node-015,0.0,0.0,0.0,0.0,0.0,0.0,0.0,0.0,6006.097049784715,336.77872303898477,0.8125,0.0,0.0,0.0
57,capped,node-016,0.0,23.38258189853365,23.38258189853365,0.0,23382.581898533652,23382.581898533652,0.0,0.0,6006.097049784715,336.77872303898477,0.8125,-85.32567914515457,0.0,0.0
57,capped,node-017,0.0,0.0,0.0,0.0,0.0,0.0,0.0,0.0,6006.097049784715,336.77872303898477,0.8125,0.0,0.0,0.0
57,capped,node-018,14.901835423650393,77.67946340290021,77.67946340290021,14901.835423650393,77679.4634029002,77679.4634029002,0.0,0.0,6006.097049784715,336.77872303898477,0.8125,-74.50156217683347,0.0,0.0
57,capped,node-019,0.0,0.0,12.636071991653129,0.0,0.0,12636.071991653129,0.0,0.0,6006.097049784715,336.77872303898477,0.8125,-33.777533765842705,0.0,0.0
57,capped,node-020,0.0,0.0,0.0,0.0,0.0,0.0,0.0,0.0,6006.097049784715,336.77872303898477,0.8125,0.0,0.0,0.0
57,capped,node-021,0.0,0.0,0.0,0.0,0.0,0.0,0.0,0.0,6006.097049784715,336.77872303898477,0.8125,0.0,0.0,0.0
57,capped,node-022,0.0,0.0,0.0,0.0,0.0,0.0,0.0,0.0,6006.097049784715,336.77872303898477,0.8125,-91.87299807571117,0.0,0.0
57,capped,node-023,0.0,0.0,20.12948685862719,0.0,0.0,20129.486858627188,0.0,0.0,6006.097049784715,336.77872303898477,0.8125,-81.50366507534963,0.0,0.0
57,capped,node-024,0.0,0.0,0.0,0.0,0.0,0.0,0.0,0.0,6006.097049784715,336.77872303898477,0.8125,0.0,0.0,0.0
57,capped,node-025,0.0,0.0,16.10259565030564,0.0,0.0,16102.59565030564,0.0,0.0,6006.097049784715,336.77872303898477,0.8125,-81.83910752400936,0.0,0.0
57,capped,node-026,0.0,0.0,0.0,0.0,0.0,0.0,0.0,0.0,6006.097049784715,336.77872303898477,0.8125,0.0,0.0,0.0
57,capped,node-027,0.0,0.0,0.0,0.0,0.0,0.0,0.0,0.0,6006.097049784715,336.77872303898477,0.8125,0.0,0.0,0.0
57,capped,node-028,63.25693823011365,0.0,78.76906468339315,0.25000000000000017,0.0,0.31130602779433514,84.34258430681815,253.02775292045445,6006.097049784715,336.77872303898477,0.8125,-151.3005883025602,-25.30277529204544,-84.34258430681815
57,capped,node-029,0.0,0.0,0.0,0.0,0.0,0.0,0.0,0.0,6006.097049784715,336.77872303898477,0.8125,-40.30473812692952,0.0,0.0
57,proper_scoring,node-000,0.0,0.0,0.0,0.0,0.0,0.0,0.0,0.0,6006.097049784715,898.5366688302861,0.8125,0.0,0.0,0.0
57,proper_scoring,node-001,0.0,0.0,0.0,0.0,0.0,0.0,0.0,0.0,6006.097049784715,898.5366688302861,0.8125,0.0,0.0,0.0
57,proper_scoring,node-002,0.0,0.0,0.0,0.0,0.0,0.0,0.0,0.0,6006.097049784715,898.5366688302861,0.8125,0.0,0.0,0.0
57,proper_scoring,node-003,0.0,0.0,0.0,0.0,0.0,0.0,0.0,0.0,6006.097049784715,898.5366688302861,0.8125,0.0,0.0,0.0
57,proper_scoring,node-004,145.1573112428116,587.7528415443021,608.340316592585,0.4736817847326664,1.91797307748898,1.9851547567341778,250.61080188517246,306.44478196419266,6006.097049784715,898.5366688302861,0.8125,-574.4757986586394,93.86378283933288,-250.61080188517246
57,proper_scoring,node-005,0.0,0.0,0.0,0.0,0.0,0.0,0.0,0.0,6006.097049784715,898.5366688302861,0.8125,0.0,0.0,0.0
57,proper_scoring,node-006,0.0,0.0,225.23164800162027,0.0,0.0,225231.64800162025,0.0,0.0,6006.097049784715,898.5366688302861,0.8125,-419.17588594188555,0.0,0.0
57,proper_scoring,node-007,0.0,0.0,212.6940993616578,0.0,0.0,212694.0993616578,0.0,0.0,6006.097049784715,898.5366688302861,0.8125,-175.0427240976178,0.0,0.0
57,proper_scoring,node-008,0.0,0.0,296.5518442075447,0.0,0.0,296551.8442075447,0.0,0.0,6006.097049784715,898.5366688302861,0.8125,-154.72734597903946,0.0,0.0
57,proper_scoring,node-009,310.80916921558503,201.56395133901972,479.4949370978672,310809.16921558505,201563.95133901972,479494.9370978672,0.0,0.0,6006.097049784715,898.5366688302861,0.8125,-255.54526288904756,0.0,0.0
57,proper_scoring,node-010,0.0,0.0,0.0,0.0,0.0,0.0,0.0,0.0,6006.097049784715,898.5366688302861,0.8125,0.0,0.0,0.0
57,proper_scoring,node-011,0.0,0.0,0.0,0.0,0.0,0.0,0.0,0.0,6006.097049784715,898.5366688302861,0.8125,0.0,0.0,0.0
57,proper_scoring,node-012,0.0,0.0,0.0,0.0,0.0,0.0,0.0,0.0,6006.097049784715,898.5366688302861,0.8125,0.0,0.0,0.0
57,proper_scoring,node-013,0.0,0.0,0.0,0.0,0.0,0.0,0.0,0.0,6006.097049784715,898.5366688302861,0.8125,0.0,0.0,0.0
57,proper_scoring,node-014,285.49685911298855,0.0,463.90136231221305,285496.8591129885,0.0,463901.36231221305,0.0,0.0,6006.097049784715,898.5366688302861,0.8125,-137.5061970436355,0.0,0.0
57,proper_scoring,node-015,0.0,0.0,0.0,0.0,0.0,0.0,0.0,0.0,6006.097049784715,898.5366688302861,0.8125,0.0,0.0,0.0
57,proper_scoring,node-016,0.0,73.38258189853366,196.55740165240746,0.0,73382.58189853365,196557.40165240745,0.0,0.0,6006.097049784715,898.5366688302861,0.8125,-341.30271658061827,0.0,0.0
57,proper_scoring,node-017,0.0,0.0,0.0,0.0,0.0,0.0,0.0,0.0,6006.097049784715,898.5366688302861,0.8125,0.0,0.0,0.0
57,proper_scoring,node-018,541.2853912459866,427.6794634029002,775.4984378231665,541285.3912459866,427679.46340290015,775498.4378231665,0.0,0.0,6006.097049784715,898.5366688302861,0.8125,-298.00624870733384,0.0,0.0
57,proper_scoring,node-019,195.1911502141461,0.0,348.2065651350737,195191.1502141461,0.0,348206.5651350737,0.0,0.0,6006.097049784715,898.5366688302861,0.8125,-135.11013506337085,0.0,0.0
57,proper_scoring,node-020,0.0,0.0,0.0,0.0,0.0,0.0,0.0,0.0,6006.097049784715,898.5366688302861,0.8125,0.0,0.0,0.0
57,proper_scoring,node-021,0.0,0.0,0.0,0.0,0.0,0.0,0.0,0.0,6006.097049784715,898.5366688302861,0.8125,0.0,0.0,0.0
57,proper_scoring,node-022,0.0,0.0,441.7514376909947,0.0,0.0,441751.4376909947,0.0,0.0,6006.097049784715,898.5366688302861,0.8125,-367.4919923028446,0.0,0.0
57,proper_scoring,node-023,0.0,0.0,343.6774532912649,0.0,0.0,343677.4532912649,0.0,0.0,6006.097049784715,898.5366688302861,0.8125,-326.0146603013985,0.0,0.0
57,proper_scoring,node-024,0.0,0.0,0.0,0.0,0.0,0.0,0.0,0.0,6006.097049784715,898.5366688302861,0.8125,0.0,0.0,0.0
57,proper_scoring,node-025,0.0,0.0,418.16089247599064,0.0,0.0,418160.89247599064,0.0,0.0,6006.097049784715,898.5366688302861,0.8125,-326.6106986647979,0.0,0.0
57,proper_scoring,node-026,0.0,0.0,0.0,0.0,0.0,0.0,0.0,0.0,6006.097049784715,898.5366688302861,0.8125,0.0,0.0,0.0
57,proper_scoring,node-027,0.0,0.0,0.0,0.0,0.0,0.0,0.0,0.0,6006.097049784715,898.5366688302861,0.8125,0.0,0.0,0.0
57,proper_scoring,node-028,328.2163149948387,0.5852490644809336,329.4599692568606,0.5543334105320505,0.0009884429722194327,0.5564338518480167,423.4067182524572,592.0918868660935,6006.097049784715,898.5366688302861,0.8125,-691.2387342354253,-19.267713593057408,-423.4067182524572
57,proper_scoring,node-029,0.0,0.0,59.69526187307048,0.0,0.0,59695.26187307048,0.0,0.0,6006.097049784715,898.5366688302861,0.8125,-140.30473812692952,0.0,0.0
57,audits,node-000,0.0,0.0,0.0,0.0,0.0,0.0,0.0,0.0,6006.097049784715,863.5311097681836,0.8125,0.0,0.0,0.0
57,audits,node-001,0.0,0.0,0.0,0.0,0.0,0.0,0.0,0.0,6006.097049784715,863.5311097681836,0.8125,0.0,0.0,0.0
57,audits,node-002,0.0,0.0,0.0,0.0,0.0,0.0,0.0,0.0,6006.097049784715,863.5311097681836,0.8125,0.0,0.0,0.0
57,audits,node-003,0.0,0.0,0.0,0.0,0.0,0.0,0.0,0.0,6006.097049784715,863.5311097681836,0.8125,0.0,0.0,0.0
57,audits,node-004,138.31013248268522,534.3667992972019,544.8079898995506,0.46039541828664077,1.778756347527376,1.8135121259254678,244.5819819160094,300.4159619950296,6006.097049784715,863.5311097681836,0.8125,-2325.5482311093765,92.49434708730752,-244.5819819160094
57,audits,node-005,0.0,0.0,0.0,0.0,0.0,0.0,0.0,0.0,6006.097049784715,863.5311097681836,0.8125,0.0,0.0,0.0
57,audits,node-006,0.0,0.0,191.15079429924072,0.0,0.0,191150.79429924072,0.0,0.0,6006.097049784715,863.5311097681836,0.8125,-1108.849205700759,0.0,0.0
57,audits,node-007,0.0,0.0,106.23931897559554,0.0,0.0,106239.31897559554,0.0,0.0,6006.097049784715,863.5311097681836,0.8125,-493.76068102440445,0.0,0.0
57,audits,node-008,0.0,0.0,261.31816350524014,0.0,0.0,261318.16350524014,0.0,0.0,6006.097049784715,863.5311097681836,0.8125,-438.68183649475986,0.0,0.0
57,audits,node-009,310.80916921558503,201.56395133901972,479.4949370978672,310809.16921558505,201563.95133901972,479494.9370978672,0.0,0.0,6006.097049784715,863.5311097681836,0.8125,-1063.8863157222618,0.0,0.0
57,audits,node-010,0.0,0.0,0.0,0.0,0.0,0.0,0.0,0.0,6006.097049784715,863.5311097681836,0.8125,0.0,0.0,0.0
57,audits,node-011,0.0,0.0,0.0,0.0,0.0,0.0,0.0,0.0,6006.097049784715,863.5311097681836,0.8125,0.0,0.0,0.0
57,audits,node-012,0.0,0.0,0.0,0.0,0.0,0.0,0.0,0.0,6006.097049784715,863.5311097681836,0.8125,0.0,0.0,0.0
57,audits,node-013,0.0,0.0,0.0,0.0,0.0,0.0,0.0,0.0,6006.097049784715,863.5311097681836,0.8125,0.0,0.0,0.0
57,audits,node-014,285.49685911298855,0.0,463.90136231221305,285496.8591129885,0.0,463901.36231221305,0.0,0.0,6006.097049784715,863.5311097681836,0.8125,-953.1025311073429,0.0,0.0
57,audits,node-015,0.0,0.0,0.0,0.0,0.0,0.0,0.0,0.0,6006.097049784715,863.5311097681836,0.8125,0.0,0.0,0.0
57,audits,node-016,0.0,73.38258189853366,165.80654942731036,0.0,73382.58189853365,165806.54942731035,0.0,0.0,6006.097049784715,863.5311097681836,0.8125,-1085.3256791451545,0.0,0.0
57,audits,node-017,0.0,0.0,0.0,0.0,0.0,0.0,0.0,0.0,6006.097049784715,863.5311097681836,0.8125,0.0,0.0,0.0
57,audits,node-018,541.2853912459866,427.6794634029002,775.4984378231665,541285.3912459866,427679.46340290015,775498.4378231665,0.0,0.0,6006.097049784715,863.5311097681836,0.8125,-1424.5015621768334,0.0,0.0
57,audits,node-019,195.1911502141461,0.0,318.852883851354,195191.1502141461,0.0,318852.883851354,0.0,0.0,6006.097049784715,863.5311097681836,0.8125,-462.346265860806,0.0,0.0
57,audits,node-020,0.0,0.0,0.0,0.0,0.0,0.0,0.0,0.0,6006.097049784715,863.5311097681836,0.8125,0.0,0.0,0.0
57,audits,node-021,0.0,0.0,0.0,0.0,0.0,0.0,0.0,0.0,6006.097049784715,863.5311097681836,0.8125,0.0,0.0,0.0
57,audits,node-022,0.0,0.0,0.0,0.0,0.0,0.0,0.0,0.0,6006.097049784715,863.5311097681836,0.8125,-1191.8729980757114,0.0,0.0
57,audits,node-023,0.0,0.0,318.49633492465034,0.0,0.0,318496.3349246503,0.0,0.0,6006.097049784715,863.5311097681836,0.8125,-1081.5036650753495,0.0,0.0
57,audits,node-024,0.0,0.0,0.0,0.0,0.0,0.0,0.0,0.0,6006.097049784715,863.5311097681836,0.8125,0.0,0.0,0.0
57,audits,node-025,0.0,0.0,418.16089247599064,0.0,0.0,418160.89247599064,0.0,0.0,6006.097049784715,863.5311097681836,0.8125,-1081.8391075240093,0.0,0.0
57,audits,node-026,0.0,0.0,0.0,0.0,0.0,0.0,0.0,0.0,6006.097049784715,863.5311097681836,0.8125,0.0,0.0,0.0
57,audits,node-027,0.0,0.0,0.0,0.0,0.0,0.0,0.0,0.0,6006.097049784715,863.5311097681836,0.8125,0.0,0.0,0.0
57,audits,node-028,298.04100649989874,0.0,298.04100649989874,0.5292718686018405,0.0,0.5292718686018405,394.4299791595177,563.1151477731539,6006.097049784715,863.5311097681836,0.8125,-1911.3879831552595,-25.30277529204551,-394.4299791595177
57,audits,node-029,0.0,0.0,59.69526187307048,0.0,0.0,59695.26187307048,0.0,0.0,6006.097049784715,863.5311097681836,0.8125,-140.30473812692952,0.0,0.0
45,greedy,node-000,27.637839366615246,0.0,27.637839366615246,0.24999999999999994,0.0,0.24999999999999994,36.850452488820345,110.55135746646101,8445.92055680537,167.7972220825837,0.9,-66.85196763619847,-7.7670430835747055,-36.850452488820345
45,greedy,node-001,0.0,0.0,0.0,0.0,0.0,0.0,0.0,0.0,8445.92055680537,167.7972220825837,0.9,0.0,0.0,-30.001515147378118
45,greedy,node-002,0.0,0.0,0.0,0.0,0.0,0.0,0.0,0.0,8445.92055680537,167.7972220825837,0.9,0.0,0.0,-30.001515147378118
45,greedy,node-003,0.0,0.0,0.0,0.0,0.0,0.0,0.0,0.0,8445.92055680537,167.7972220825837,0.9,0.0,0.0,-30.001515147378118
45,greedy,node-004,0.0,0.0,0.0,0.0,0.0,0.0,0.0,0.0,8445.92055680537,167.7972220825837,0.9,0.0,0.0,-30.001515147378118
45,greedy,node-005,0.0,0.0,0.0,0.0,0.0,0.0,0.0,0.0,8445.92055680537,167.7972220825837,0.9,0.0,0.0,-30.001515147378118
45,greedy,node-006,0.0,0.0,0.0,0.0,0.0,0.0,0.0,0.0,8445.92055680537,167.7972220825837,0.9,0.0,0.0,-30.001515147378118
45,greedy,node-007,0.0,0.0,0.0,0.0,0.0,0.0,0.0,0.0,8445.92055680537,167.7972220825837,0.9,0.0,0.0,-30.001515147378118
45,greedy,node-008,0.0,0.0,0.0,0.0,0.0,0.0,0.0,0.0,8445.92055680537,167.7972220825837,0.9,0.0,0.0,-30.001515147378118
45,greedy,node-009,0.0,0.0,0.0,0.0,0.0,0.0,0.0,0.0,8445.92055680537,167.7972220825837,0.9,0.0,0.0,-30.001515147378118
45,greedy,node-010,0.0,0.0,0.0,0.0,0.0,0.0,0.0,0.0,8445.92055680537,167.7972220825837,0.9,0.0,0.0,-30.001515147378118
45,greedy,node-011,0.0,0.0,0.0,0.0,0.0,0.0,0.0,0.0,8445.92055680537,167.7972220825837,0.9,0.0,0.0,-30.001515147378118
45,greedy,node-012,0.0,0.0,0.0,0.0,0.0,0.0,0.0,0.0,8445.92055680537,167.7972220825837,0.9,0.0,0.0,-30.001515147378118
45,greedy,node-013,0.0,0.0,0.0,0.0,0.0,0.0,0.0,0.0,8445.92055680537,167.7972220825837,0.9,-15.769426863762696,0.0,-30.001515147378118
45,greedy,node-014,0.0,0.0,0.0,0.0,0.0,0.0,0.0,0.0,8445.92055680537,167.7972220825837,0.9,0.0,0.0,-30.001515147378118
45,greedy,node-015,0.0,0.0,0.0,0.0,0.0,0.0,0.0,0.0,8445.92055680537,167.7972220825837,0.9,-42.306699801366676,0.0,-30.001515147378118
45,greedy,node-016,0.0,0.0,0.0,0.0,0.0,0.0,19.081954872040882,57.24586461612265,8445.92055680537,167.7972220825837,0.9,-36.35320052609158,-5.724586461612262,-49.083470019418996
45,greedy,node-017,0.0,0.0,0.0,0.0,0.0,0.0,0.0,0.0,8445.92055680537,167.7972220825837,0.9,0.0,0.0,-30.001515147378118
45,greedy,node-018,0.0,0.0,0.0,0.0,0.0,0.0,0.0,0.0,8445.92055680537,167.7972220825837,0.9,0.0,0.0,-30.001515147378118
45,greedy,node-019,0.0,0.0,0.0,0.0,0.0,0.0,0.0,0.0,8445.92055680537,167.7972220825837,0.9,-8.07306290232215,0.0,-30.001515147378118
45,greedy,node-020,0.0,0.0,0.0,0.0,0.0,0.0,0.0,0.0,8445.92055680537,167.7972220825837,0.9,0.0,0.0,-30.001515147378118
45,greedy,node-021,0.0,0.0,0.0,0.0,0.0,0.0,0.0,0.0,8445.92055680537,167.7972220825837,0.9,0.0,0.0,-30.001515147378118
45,greedy,node-022,0.0,0.0,0.0,0.0,0.0,0.0,0.0,0.0,8445.92055680537,167.7972220825837,0.9,0.0,0.0,-30.001515147378118
45,greedy,node-023,0.0,0.0,0.0,0.0,0.0,0.0,0.0,0.0,8445.92055680537,167.7972220825837,0.9,0.0,0.0,-30.001515147378118
45,greedy,node-024,0.0,0.0,0.0,0.0,0.0,0.0,0.0,0.0,8445.92055680537,167.7972220825837,0.9,0.0,0.0,-30.001515147378118
45,greedy,node-025,0.0,0.0,0.0,0.0,0.0,0.0,0.0,0.0,8445.92055680537,167.7972220825837,0.9,0.0,0.0,-30.001515147378118
45,greedy,node-026,0.0,0.0,0.0,0.0,0.0,0.0,0.0,0.0,8445.92055680537,167.7972220825837,0.9,0.0,0.0,-30.001515147378118
45,greedy,node-027,0.0,0.0,0.0,0.0,0.0,0.0,0.0,0.0,8445.92055680537,167.7972220825837,0.9,0.0,0.0,-30.001515147378118
45,greedy,node-028,0.0,0.0,0.0,0.0,0.0,0.0,0.0,0.0,8445.92055680537,167.7972220825837,0.9,0.0,0.0,-30.001515147378118
45,greedy,node-029,0.0,0.0,0.0,0.0,0.0,0.0,0.0,0.0,8445.92055680537,167.7972220825837,0.9,0.0,0.0,-30.001515147378118
45,trust_vcg,node-000,0.0,0.0,212.49645498397524,0.0,0.0,212496.45498397524,0.0,0.0,8798.570686001727,627.5568217225032,0.95,-9814.399528373415,0.0,0.0
45,trust_vcg,node-001,0.0,0.0,0.0,0.0,0.0,0.0,0.0,0.0,8798.570686001727,627.5568217225032,0.95,0.0,0.0,0.0
45,trust_vcg,node-002,0.0,0.0,153.88705284711457,0.0,0.0,153887.05284711457,0.0,0.0,8798.570686001727,627.5568217225032,0.95,-2240.417417184421,0.0,0.0
45,trust_vcg,node-003,0.0,0.0,0.0,0.0,0.0,0.0,0.0,0.0,8798.570686001727,627.5568217225032,0.95,0.0,0.0,0.0
45,trust_vcg,node-004,0.0,0.0,0.0,0.0,0.0,0.0,0.0,0.0,8798.570686001727,627.5568217225032,0.95,-5558.132420685248,0.0,0.0
45,trust_vcg,node-005,0.0,0.0,141.98079018797813,0.0,0.0,141980.79018797813,0.0,0.0,8798.570686001727,627.5568217225032,0.95,-2258.019209812022,0.0,0.0
45,trust_vcg,node-006,0.0,0.0,0.0,0.0,0.0,0.0,0.0,0.0,8798.570686001727,627.5568217225032,0.95,0.0,0.0,0.0
45,trust_vcg,node-007,0.0,0.0,0.0,0.0,0.0,0.0,0.0,0.0,8798.570686001727,627.5568217225032,0.95,-7774.76107948591,0.0,0.0
45,trust_vcg,node-008,0.0,0.0,0.0,0.0,0.0,0.0,0.0,0.0,8798.570686001727,627.5568217225032,0.95,0.0,0.0,0.0
45,trust_vcg,node-009,0.0,0.0,0.0,0.0,0.0,0.0,0.0,0.0,8798.570686001727,627.5568217225032,0.95,0.0,0.0,0.0
45,trust_vcg,node-010,0.0,0.0,26.273726361011427,0.0,0.0,26273.726361011428,0.0,0.0,8798.570686001727,627.5568217225032,0.95,-573.7262736389886,0.0,0.0
45,trust_vcg,node-011,0.0,0.0,0.0,0.0,0.0,0.0,0.0,0.0,8798.570686001727,627.5568217225032,0.95,0.0,0.0,0.0
45,trust_vcg,node-012,0.0,0.0,27.328818781725303,0.0,0.0,27328.818781725302,0.0,0.0,8798.570686001727,627.5568217225032,0.95,-572.6711812182747,0.0,0.0
45,trust_vcg,node-013,0.0,0.0,0.0,0.0,0.0,0.0,0.0,0.0,8798.570686001727,627.5568217225032,0.95,-10552.09434335037,0.0,0.0
45,trust_vcg,node-014,0.0,0.0,25.179586092982817,0.0,0.0,25179.586092982816,0.0,0.0,8798.570686001727,627.5568217225032,0.95,-574.8204139070172,0.0,0.0
45,trust_vcg,node-015,100.70558281531589,1.833848028089733,168.6452682976726,0.15144207416779412,0.00275775921571044,0.2536104604689245,553.7699587284379,664.9775722414932,8798.570686001727,627.5568217225032,0.95,-7185.2342830899315,-16.68114202695824,-553.7699587284379
45,trust_vcg,node-016,347.9357105073009,381.79150175030134,458.31596487153274,347935.71050730086,381791.50175030134,458315.96487153275,-75.58466026307175,-37.42075051899001,8798.570686001727,627.5568217225032,0.95,-10998.421291619074,-5.724586461612262,-597.0149203900113
45,trust_vcg,node-017,0.0,0.0,0.0,0.0,0.0,0.0,0.0,0.0,8798.570686001727,627.5568217225032,0.95,0.0,0.0,0.0
45,trust_vcg,node-018,0.0,0.0,0.0,0.0,0.0,0.0,0.0,0.0,8798.570686001727,627.5568217225032,0.95,0.0,0.0,0.0
45,trust_vcg,node-019,0.0,0.0,777.3721071148656,0.0,0.0,777372.1071148656,0.0,0.0,8798.570686001727,627.5568217225032,0.95,-10997.8569244101,0.0,0.0
45,trust_vcg,node-020,0.0,0.0,0.0,0.0,0.0,0.0,0.0,0.0,8798.570686001727,627.5568217225032,0.95,-3373.3086589375744,0.0,0.0
45,trust_vcg,node-021,0.0,0.0,0.0,0.0,0.0,0.0,0.0,0.0,8798.570686001727,627.5568217225032,0.95,0.0,0.0,0.0
45,trust_vcg,node-022,36.18540432248368,0.0,238.1967123655927,36185.40432248368,0.0,238196.71236559268,0.0,0.0,8798.570686001727,627.5568217225032,0.95,-3361.8032876344073,0.0,0.0
45,trust_vcg,node-023,0.0,0.0,0.0,0.0,0.0,0.0,0.0,0.0,8798.570686001727,627.5568217225032,0.95,0.0,0.0,0.0
45,trust_vcg,node-024,0.0,0.0,0.0,0.0,0.0,0.0,0.0,0.0,8798.570686001727,627.5568217225032,0.95,0.0,0.0,0.0
45,trust_vcg,node-025,0.0,0.0,33.660533557272714,0.0,0.0,33660.53355727271,0.0,0.0,8798.570686001727,627.5568217225032,0.95,-10534.011876485454,0.0,0.0
45,trust_vcg,node-026,0.0,0.0,0.0,0.0,0.0,0.0,0.0,0.0,8798.570686001727,627.5568217225032,0.95,0.0,0.0,0.0
45,trust_vcg,node-027,0.0,0.0,0.0,0.0,0.0,0.0,0.0,0.0,8798.570686001727,627.5568217225032,0.95,0.0,0.0,0.0
45,trust_vcg,node-028,134.18593801533765,0.0,405.9449120546917,134185.93801533766,0.0,405944.9120546917,0.0,0.0,8798.570686001727,627.5568217225032,0.95,-5594.0550879453085,0.0,0.0
45,trust_vcg,node-029,0.0,0.0,26.02856440566333,0.0,0.0,26028.564405663332,0.0,0.0,8798.570686001727,627.5568217225032,0.95,-573.9714355943366,0.0,0.0
45,contingent,node-000,0.0,28.163829498512644,79.0961967365893,0.0,28163.829498512645,79096.1967365893,0.0,0.0,8798.570686001727,217.46924304825737,0.95,-110.87102910450938,0.0,0.0
45,contingent,node-001,0.0,0.0,0.0,0.0,0.0,0.0,0.0,0.0,8798.570686001727,217.46924304825737,0.95,0.0,0.0,0.0
45,contingent,node-002,0.0,0.0,6.6970249899533485,0.0,0.0,6697.024989953348,0.0,0.0,8798.570686001727,217.46924304825737,0.95,-184.3706909574875,0.0,0.0
45,contingent,node-003,0.0,0.0,0.0,0.0,0.0,0.0,0.0,0.0,8798.570686001727,217.46924304825737,0.95,0.0,0.0,0.0
45,contingent,node-004,0.0,0.0,0.0,0.0,0.0,0.0,0.0,0.0,8798.570686001727,217.46924304825737,0.95,-232.5296827409861,0.0,0.0
45,contingent,node-005,0.0,0.0,0.0,0.0,0.0,0.0,0.0,0.0,8798.570686001727,217.46924304825737,0.95,-232.07683924808745,0.0,0.0
45,contingent,node-006,0.0,0.0,0.0,0.0,0.0,0.0,0.0,0.0,8798.570686001727,217.46924304825737,0.95,0.0,0.0,0.0
45,contingent,node-007,0.0,0.0,2.2426440100872824,0.0,0.0,2242.6440100872824,0.0,0.0,8798.570686001727,217.46924304825737,0.95,-299.04431794363813,0.0,0.0
45,contingent,node-008,0.0,0.0,0.0,0.0,0.0,0.0,0.0,0.0,8798.570686001727,217.46924304825737,0.95,0.0,0.0,0.0
45,contingent,node-009,0.0,0.0,0.0,0.0,0.0,0.0,0.0,0.0,8798.570686001727,217.46924304825737,0.95,0.0,0.0,0.0
45,contingent,node-010,0.0,0.0,0.0,0.0,0.0,0.0,0.0,0.0,8798.570686001727,217.46924304825737,0.95,-94.9050945559543,0.0,0.0
45,contingent,node-011,0.0,0.0,0.0,0.0,0.0,0.0,0.0,0.0,8798.570686001727,217.46924304825737,0.95,0.0,0.0,0.0
45,contingent,node-012,0.0,0.0,0.0,0.0,0.0,0.0,0.0,0.0,8798.570686001727,217.46924304825737,0.95,-90.6847248730988,0.0,0.0
45,contingent,node-013,0.0,0.0,0.0,0.0,0.0,0.0,0.0,0.0,8798.570686001727,217.46924304825737,0.95,-408.37737340148897,0.0,0.0
45,contingent,node-014,0.0,0.0,0.0,0.0,0.0,0.0,0.0,0.0,8798.570686001727,217.46924304825737,0.95,-99.28165562806873,0.0,0.0
45,contingent,node-015,150.52219801250686,0.0,166.81142026958287,0.9023494780468202,0.0,1.0,55.603806756527625,166.81142026958287,8798.570686001727,217.46924304825737,0.95,-181.46110420250145,-16.681142026958284,-55.603806756527625
45,contingent,node-016,25.328911389337247,2.236281968567617,44.29874587969316,0.5,0.04414484961854753,0.8744699919938461,12.493913034592726,50.65782277867449,8798.570686001727,217.46924304825737,0.95,-308.5177205631739,-5.065782277867449,-31.081224296597615
45,contingent,node-017,0.0,0.0,0.0,0.0,0.0,0.0,0.0,0.0,8798.570686001727,217.46924304825737,0.95,0.0,0.0,0.0
45,contingent,node-018,0.0,0.0,0.0,0.0,0.0,0.0,0.0,0.0,8798.570686001727,217.46924304825737,0.95,0.0,0.0,0.0
45,contingent,node-019,0.0,0.0,27.94974745594,0.0,0.0,27949.74745594,0.0,0.0,8798.570686001727,217.46924304825737,0.95,-302.32776312806845,0.0,0.0
45,contingent,node-020,0.0,0.0,0.0,0.0,0.0,0.0,0.0,0.0,8798.570686001727,217.46924304825737,0.95,-293.2346357502969,0.0,0.0
45,contingent,node-021,0.0,0.0,0.0,0.0,0.0,0.0,0.0,0.0,8798.570686001727,217.46924304825737,0.95,0.0,0.0,0.0
45,contingent,node-022,0.0,0.0,18.084160301489725,0.0,0.0,18084.160301489723,0.0,0.0,8798.570686001727,217.46924304825737,0.95,-247.2131505376292,0.0,0.0
45,contingent,node-023,0.0,0.0,0.0,0.0,0.0,0.0,0.0,0.0,8798.570686001727,217.46924304825737,0.95,0.0,0.0,0.0
45,contingent,node-024,0.0,0.0,0.0,0.0,0.0,0.0,0.0,0.0,8798.570686001727,217.46924304825737,0.95,0.0,0.0,0.0
45,contingent,node-025,0.0,0.0,17.256527763330748,0.0,0.0,17256.52776333075,0.0,0.0,8798.570686001727,217.46924304825737,0.95,-336.0475059418101,0.0,0.0
45,contingent,node-026,0.0,0.0,0.0,0.0,0.0,0.0,0.0,0.0,8798.570686001727,217.46924304825737,0.95,0.0,0.0,0.0
45,contingent,node-027,0.0,0.0,0.0,0.0,0.0,0.0,0.0,0.0,8798.570686001727,217.46924304825737,0.95,0.0,0.0,0.0
45,contingent,node-028,0.0,0.0,0.0,0.0,0.0,0.0,0.0,0.0,8798.570686001727,217.46924304825737,0.95,-376.2203517812331,0.0,0.0
45,contingent,node-029,0.0,0.0,0.0,0.0,0.0,0.0,0.0,0.0,8798.570686001727,217.46924304825737,0.95,-95.88574237734665,0.0,0.0
45,capped,node-000,0.0,36.850452488820345,92.12613122205086,0.0,36850.452488820345,92126.13122205086,0.0,0.0,8798.570686001727,224.0572848857055,0.95,-27.717757276127344,0.0,0.0
45,capped,node-001,0.0,0.0,0.0,0.0,0.0,0.0,0.0,0.0,8798.570686001727,224.0572848857055,0.95,0.0,0.0,0.0
45,capped,node-002,0.0,0.0,6.6970249899533485,0.0,0.0,6697.024989953348,0.0,0.0,8798.570686001727,224.0572848857055,0.95,-46.092672739371885,0.0,0.0
45,capped,node-003,0.0,0.0,0.0,0.0,0.0,0.0,0.0,0.0,8798.570686001727,224.0572848857055,0.95,0.0,0.0,0.0
45,capped,node-004,0.0,67.151429668011,67.151429668011,0.0,67151.429668011,67151.429668011,0.0,0.0,8798.570686001727,224.0572848857055,0.95,-58.13242068524652,0.0,0.0
45,capped,node-005,0.0,0.0,0.0,0.0,0.0,0.0,0.0,0.0,8798.570686001727,224.0572848857055,0.95,-58.01920981202186,0.0,0.0
45,capped,node-006,0.0,0.0,0.0,0.0,0.0,0.0,0.0,0.0,8798.570686001727,224.0572848857055,0.95,0.0,0.0,0.0
45,capped,node-007,0.0,0.0,32.268352343041656,0.0,0.0,32268.352343041654,0.0,0.0,8798.570686001727,224.0572848857055,0.95,-74.76107948590953,0.0,0.0
45,capped,node-008,0.0,0.0,0.0,0.0,0.0,0.0,0.0,0.0,8798.570686001727,224.0572848857055,0.95,0.0,0.0,0.0
45,capped,node-009,0.0,0.0,0.0,0.0,0.0,0.0,0.0,0.0,8798.570686001727,224.0572848857055,0.95,0.0,0.0,0.0
45,capped,node-010,0.0,0.0,0.0,0.0,0.0,0.0,0.0,0.0,8798.570686001727,224.0572848857055,0.95,-23.726273638988573,0.0,0.0
45,capped,node-011,0.0,0.0,0.0,0.0,0.0,0.0,0.0,0.0,8798.570686001727,224.0572848857055,0.95,0.0,0.0,0.0
45,capped,node-012,0.0,0.0,0.0,0.0,0.0,0.0,0.0,0.0,8798.570686001727,224.0572848857055,0.95,-22.671181218274697,0.0,0.0
45,capped,node-013,0.0,0.0,7.864692126586974,0.0,0.0,7864.692126586973,0.0,0.0,8798.570686001727,224.0572848857055,0.95,-102.09434335037227,0.0,0.0
45,capped,node-014,0.0,0.0,0.0,0.0,0.0,0.0,0.0,0.0,8798.570686001727,224.0572848857055,0.95,-24.820413907017183,0.0,0.0
45,capped,node-015,150.52219801250686,0.0,166.81142026958287,0.9023494780468202,0.0,1.0,55.603806756527625,166.81142026958287,8798.570686001727,224.0572848857055,0.95,-87.06813111802109,-16.681142026958284,-55.603806756527625
45,capped,node-016,28.622932308061337,30.74275652745407,50.88678771714132,0.5000000000000002,0.537030172111257,0.8889163969900041,19.081954872040882,57.24586461612265,8798.570686001727,224.0572848857055,0.95,-93.08790675418618,-5.724586461612262,-30.658243775008827
45,capped,node-017,0.0,0.0,0.0,0.0,0.0,0.0,0.0,0.0,8798.570686001727,224.0572848857055,0.95,0.0,0.0,0.0
45,capped,node-018,0.0,0.0,0.0,0.0,0.0,0.0,0.0,0.0,8798.570686001727,224.0572848857055,0.95,0.0,0.0,0.0
45,capped,node-019,0.0,0.0,27.94974745594,0.0,0.0,27949.74745594,0.0,0.0,8798.570686001727,224.0572848857055,0.95,-75.58194078201711,0.0,0.0
45,capped,node-020,0.0,0.0,0.0,0.0,0.0,0.0,0.0,0.0,8798.570686001727,224.0572848857055,0.95,-73.30865893757425,0.0,0.0
45,capped,node-021,0.0,0.0,0.0,0.0,0.0,0.0,0.0,0.0,8798.570686001727,224.0572848857055,0.95,0.0,0.0,0.0
45,capped,node-022,0.0,0.0,18.084160301489725,0.0,0.0,18084.160301489723,0.0,0.0,8798.570686001727,224.0572848857055,0.95,-61.8032876344073,0.0,0.0
45,capped,node-023,0.0,0.0,0.0,0.0,0.0,0.0,0.0,0.0,8798.570686001727,224.0572848857055,0.95,0.0,0.0,0.0
45,capped,node-024,0.0,0.0,0.0,0.0,0.0,0.0,0.0,0.0,8798.570686001727,224.0572848857055,0.95,0.0,0.0,0.0
45,capped,node-025,0.0,0.0,33.6605335572728,0.0,0.0,33660.5335572728,0.0,0.0,8798.570686001727,224.0572848857055,0.95,-84.01187648545252,0.0,0.0
45,capped,node-026,0.0,0.0,0.0,0.0,0.0,0.0,0.0,0.0,8798.570686001727,224.0572848857055,0.95,0.0,0.0,0.0
45,capped,node-027,0.0,0.0,0.0,0.0,0.0,0.0,0.0,0.0,8798.570686001727,224.0572848857055,0.95,0.0,0.0,0.0
45,capped,node-028,0.0,0.0,0.0,0.0,0.0,0.0,0.0,0.0,8798.570686001727,224.0572848857055,0.95,-94.05508794530826,0.0,0.0
45,capped,node-029,0.0,0.0,0.0,0.0,0.0,0.0,0.0,0.0,8798.570686001727,224.0572848857055,0.95,-23.97143559433667,0.0,0.0
45,proper_scoring,node-000,0.0,477.242866923409,709.3929712445091,0.0,477242.866923409,709392.9712445091,0.0,0.0,8798.570686001727,1140.139168370626,0.95,-110.87102910450938,0.0,0.0
45,proper_scoring,node-001,0.0,0.0,0.0,0.0,0.0,0.0,0.0,0.0,8798.570686001727,1140.139168370626,0.95,0.0,0.0,0.0
45,proper_scoring,node-002,0.0,0.0,153.88705284711457,0.0,0.0,153887.05284711457,0.0,0.0,8798.570686001727,1140.139168370626,0.95,-184.3706909574875,0.0,0.0
45,proper_scoring,node-003,0.0,0.0,0.0,0.0,0.0,0.0,0.0,0.0,8798.570686001727,1140.139168370626,0.95,0.0,0.0,0.0
45,proper_scoring,node-004,0.0,85.44525899989482,296.746151630711,0.0,85445.25899989481,296746.151630711,0.0,0.0,8798.570686001727,1140.139168370626,0.95,-232.5296827409861,0.0,0.0
45,proper_scoring,node-005,0.0,0.0,141.98079018797813,0.0,0.0,141980.79018797813,0.0,0.0,8798.570686001727,1140.139168370626,0.95,-227.8084318061241,0.0,0.0
45,proper_scoring,node-006,0.0,0.0,0.0,0.0,0.0,0.0,0.0,0.0,8798.570686001727,1140.139168370626,0.95,0.0,0.0,0.0
45,proper_scoring,node-007,0.0,0.0,497.64960065434286,0.0,0.0,497649.60065434285,0.0,0.0,8798.570686001727,1140.139168370626,0.95,-299.04431794363813,0.0,0.0
45,proper_scoring,node-008,0.0,0.0,0.0,0.0,0.0,0.0,0.0,0.0,8798.570686001727,1140.139168370626,0.95,0.0,0.0,0.0
45,proper_scoring,node-009,0.0,0.0,0.0,0.0,0.0,0.0,0.0,0.0,8798.570686001727,1140.139168370626,0.95,0.0,0.0,0.0
45,proper_scoring,node-010,0.0,0.0,26.273726361011427,0.0,0.0,26273.726361011428,0.0,0.0,8798.570686001727,1140.139168370626,0.95,-73.72627363898857,0.0,0.0
45,proper_scoring,node-011,0.0,0.0,0.0,0.0,0.0,0.0,0.0,0.0,8798.570686001727,1140.139168370626,0.95,0.0,0.0,0.0
45,proper_scoring,node-012,0.0,0.0,27.328818781725303,0.0,0.0,27328.818781725302,0.0,0.0,8798.570686001727,1140.139168370626,0.95,-72.6711812182747,0.0,0.0
45,proper_scoring,node-013,0.0,0.0,441.2290499557739,0.0,0.0,441229.0499557739,0.0,0.0,8798.570686001727,1140.139168370626,0.95,-393.6418385343963,0.0,0.0
45,proper_scoring,node-014,0.0,0.0,25.179586092982817,0.0,0.0,25179.586092982816,0.0,0.0,8798.570686001727,1140.139168370626,0.95,-74.82041390701718,0.0,0.0
45,proper_scoring,node-015,100.70558281531589,1.833848028089733,168.6452682976726,0.15144207416779412,0.00275775921571044,0.2536104604689245,553.7699587284379,664.9775722414932,8798.570686001727,1140.139168370626,0.95,-679.6272561744117,-16.68114202695824,-553.7699587284379
45,proper_scoring,node-016,25.328911389337236,173.0828567034572,326.1191791037053,0.05330588918733595,0.3642610390095986,0.6863332006635424,436.9976863850511,475.1615961291329,8798.570686001727,1140.139168370626,0.95,-733.0214939136323,-5.06578227786747,-98.6400891851855
45,proper_scoring,node-017,0.0,0.0,0.0,0.0,0.0,0.0,0.0,0.0,8798.570686001727,1140.139168370626,0.95,0.0,0.0,0.0
45,proper_scoring,node-018,0.0,0.0,0.0,0.0,0.0,0.0,0.0,0.0,8798.570686001727,1140.139168370626,0.95,0.0,0.0,0.0
45,proper_scoring,node-019,0.0,0.0,867.9138215670388,0.0,0.0,867913.8215670388,0.0,0.0,8798.570686001727,1140.139168370626,0.95,-302.32776312806845,0.0,0.0
45,proper_scoring,node-020,0.0,0.0,126.69134106242576,0.0,0.0,126691.34106242577,0.0,0.0,8798.570686001727,1140.139168370626,0.95,-289.4259222636513,0.0,0.0
45,proper_scoring,node-021,0.0,0.0,0.0,0.0,0.0,0.0,0.0,0.0,8798.570686001727,1140.139168370626,0.95,0.0,0.0,0.0
45,proper_scoring,node-022,36.18540432248368,0.0,238.1967123655927,36185.40432248368,0.0,238196.71236559268,0.0,0.0,8798.570686001727,1140.139168370626,0.95,-247.2131505376292,0.0,0.0
45,proper_scoring,node-023,0.0,0.0,0.0,0.0,0.0,0.0,0.0,0.0,8798.570686001727,1140.139168370626,0.95,0.0,0.0,0.0
45,proper_scoring,node-024,0.0,0.0,0.0,0.0,0.0,0.0,0.0,0.0,8798.570686001727,1140.139168370626,0.95,0.0,0.0,0.0
45,proper_scoring,node-025,320.01587950428103,0.0,747.8653859213553,320015.87950428104,0.0,747865.3859213552,0.0,0.0,8798.570686001727,1140.139168370626,0.95,-336.0475059418101,0.0,0.0
45,proper_scoring,node-026,0.0,0.0,0.0,0.0,0.0,0.0,0.0,0.0,8798.570686001727,1140.139168370626,0.95,0.0,0.0,0.0
45,proper_scoring,node-027,0.0,0.0,0.0,0.0,0.0,0.0,0.0,0.0,8798.570686001727,1140.139168370626,0.95,0.0,0.0,0.0
45,proper_scoring,node-028,134.18593801533765,0.0,405.9449120546917,134185.93801533766,0.0,405944.9120546917,0.0,0.0,8798.570686001727,1140.139168370626,0.95,-366.3749499664867,0.0,0.0
45,proper_scoring,node-029,0.0,0.0,26.02856440566333,0.0,0.0,26028.564405663332,0.0,0.0,8798.570686001727,1140.139168370626,0.95,-73.97143559433667,0.0,0.0
45,audits,node-000,0.0,442.22494707497856,497.500625808209,0.0,442224.94707497855,497500.625808209,0.0,0.0,8798.570686001727,1127.5568217225032,0.95,-2814.399528373414,0.0,0.0
45,audits,node-001,0.0,0.0,0.0,0.0,0.0,0.0,0.0,0.0,8798.570686001727,1127.5568217225032,0.95,0.0,0.0,0.0
45,audits,node-002,0.0,0.0,153.88705284711457,0.0,0.0,153887.05284711457,0.0,0.0,8798.570686001727,1127.5568217225032,0.95,-240.41741718442142,0.0,0.0
45,audits,node-003,0.0,0.0,0.0,0.0,0.0,0.0,0.0,0.0,8798.570686001727,1127.5568217225032,0.95,0.0,0.0,0.0
45,audits,node-004,0.0,67.15142966801102,229.0662103426233,0.0,67151.42966801101,229066.2103426233,0.0,0.0,8798.570686001727,1127.5568217225032,0.95,-1058.1324206852466,0.0,0.0
45,audits,node-005,0.0,0.0,141.98079018797813,0.0,0.0,141980.79018797813,0.0,0.0,8798.570686001727,1127.5568217225032,0.95,-258.01920981202187,0.0,0.0
45,audits,node-006,0.0,0.0,0.0,0.0,0.0,0.0,0.0,0.0,8798.570686001727,1127.5568217225032,0.95,0.0,0.0,0.0
45,audits,node-007,0.0,0.0,432.2683523430416,0.0,0.0,432268.3523430416,0.0,0.0,8798.570686001727,1127.5568217225032,0.95,-2274.7610794859097,0.0,0.0
45,audits,node-008,0.0,0.0,0.0,0.0,0.0,0.0,0.0,0.0,8798.570686001727,1127.5568217225032,0.95,0.0,0.0,0.0
45,audits,node-009,0.0,0.0,0.0,0.0,0.0,0.0,0.0,0.0,8798.570686001727,1127.5568217225032,0.95,0.0,0.0,0.0
45,audits,node-010,0.0,0.0,26.273726361011427,0.0,0.0,26273.726361011428,0.0,0.0,8798.570686001727,1127.5568217225032,0.95,-73.72627363898857,0.0,0.0
45,audits,node-011,0.0,0.0,0.0,0.0,0.0,0.0,0.0,0.0,8798.570686001727,1127.5568217225032,0.95,0.0,0.0,0.0
45,audits,node-012,0.0,0.0,27.328818781725303,0.0,0.0,27328.818781725302,0.0,0.0,8798.570686001727,1127.5568217225032,0.95,-72.6711812182747,0.0,0.0
45,audits,node-013,0.0,0.0,7.864692126586974,0.0,0.0,7864.692126586973,0.0,0.0,8798.570686001727,1127.5568217225032,0.95,-3052.094343350372,0.0,0.0
45,audits,node-014,0.0,0.0,25.179586092982817,0.0,0.0,25179.586092982816,0.0,0.0,8798.570686001727,1127.5568217225032,0.95,-74.82041390701718,0.0,0.0
45,audits,node-015,100.70558281531589,1.833848028089733,168.6452682976726,0.15144207416779412,0.00275775921571044,0.2536104604689245,553.7699587284379,664.9775722414932,8798.570686001727,1127.5568217225032,0.95,-1685.2342830899315,-16.68114202695824,-553.7699587284379
45,audits,node-016,28.622932308061422,75.40937166256668,212.58763620414436,0.061876818599569415,0.16301935667709283,0.45957019568572666,424.4153397369282,462.57924948101004,8798.570686001727,1127.5568217225032,0.95,-3498.421291619074,-5.724586461612262,-597.0149203900113
45,audits,node-017,0.0,0.0,0.0,0.0,0.0,0.0,0.0,0.0,8798.570686001727,1127.5568217225032,0.95,0.0,0.0,0.0
45,audits,node-018,0.0,0.0,0.0,0.0,0.0,0.0,0.0,0.0,8798.570686001727,1127.5568217225032,0.95,0.0,0.0,0.0
45,audits,node-019,0.0,0.0,827.5726322712176,0.0,0.0,827572.6322712175,0.0,0.0,8798.570686001727,1127.5568217225032,0.95,-2997.8569244101027,0.0,0.0
45,audits,node-020,0.0,0.0,126.69134106242576,0.0,0.0,126691.34106242577,0.0,0.0,8798.570686001727,1127.5568217225032,0.95,-873.3086589375741,0.0,0.0
45,audits,node-021,0.0,0.0,0.0,0.0,0.0,0.0,0.0,0.0,8798.570686001727,1127.5568217225032,0.95,0.0,0.0,0.0
45,audits,node-022,36.18540432248368,0.0,238.1967123655927,36185.40432248368,0.0,238196.71236559268,0.0,0.0,8798.570686001727,1127.5568217225032,0.95,-861.8032876344073,0.0,0.0
45,audits,node-023,0.0,0.0,0.0,0.0,0.0,0.0,0.0,0.0,8798.570686001727,1127.5568217225032,0.95,0.0,0.0,0.0
45,audits,node-024,0.0,0.0,0.0,0.0,0.0,0.0,0.0,0.0,8798.570686001727,1127.5568217225032,0.95,0.0,0.0,0.0
45,audits,node-025,290.76744326195154,0.0,665.9881235145474,290767.44326195156,0.0,665988.1235145474,0.0,0.0,8798.570686001727,1127.5568217225032,0.95,-3034.0118764854533,0.0,0.0
45,audits,node-026,0.0,0.0,0.0,0.0,0.0,0.0,0.0,0.0,8798.570686001727,1127.5568217225032,0.95,0.0,0.0,0.0
45,audits,node-027,0.0,0.0,0.0,0.0,0.0,0.0,0.0,0.0,8798.570686001727,1127.5568217225032,0.95,0.0,0.0,0.0
45,audits,node-028,134.18593801533765,0.0,405.9449120546917,134185.93801533766,0.0,405944.9120546917,0.0,0.0,8798.570686001727,1127.5568217225032,0.95,-1094.0550879453083,0.0,0.0
45,audits,node-029,0.0,0.0,26.02856440566333,0.0,0.0,26028.564405663332,0.0,0.0,8798.570686001727,1127.5568217225032,0.95,-73.97143559433667,0.0,0.0
56,greedy,node-000,0.0,0.0,0.0,0.0,0.0,0.0,0.0,0.0,7157.36556200172,256.21274739453287,0.9,0.0,0.0,0.0
56,greedy,node-001,0.0,0.0,0.0,0.0,0.0,0.0,0.0,0.0,7157.36556200172,256.21274739453287,0.9,0.0,0.0,0.0
56,greedy,node-002,18.570526539449716,0.0,18.570526539449716,18570.526539449715,0.0,18570.526539449715,0.0,0.0,7157.36556200172,256.21274739453287,0.9,-54.25630845697748,0.0,0.0
56,greedy,node-003,0.0,0.0,0.0,0.0,0.0,0.0,0.0,0.0,7157.36556200172,256.21274739453287,0.9,0.0,0.0,0.0
56,greedy,node-004,0.0,0.0,0.0,0.0,0.0,0.0,85.40424913151095,256.21274739453287,7157.36556200172,256.21274739453287,0.9,-128.10637369726643,-25.621274739453284,-85.40424913151095
56,greedy,node-005,0.0,0.0,0.0,0.0,0.0,0.0,0.0,0.0,7157.36556200172,256.21274739453287,0.9,-6.978552352887977,0.0,0.0
56,greedy,node-006,0.0,0.0,0.0,0.0,0.0,0.0,0.0,0.0,7157.36556200172,256.21274739453287,0.9,0.0,0.0,0.0
56,greedy,node-007,0.0,0.0,0.0,0.0,0.0,0.0,0.0,0.0,7157.36556200172,256.21274739453287,0.9,0.0,0.0,0.0
56,greedy,node-008,0.0,0.0,0.0,0.0,0.0,0.0,0.0,0.0,7157.36556200172,256.21274739453287,0.9,-27.895270100002435,0.0,0.0
56,greedy,node-009,0.0,0.0,0.0,0.0,0.0,0.0,0.0,0.0,7157.36556200172,256.21274739453287,0.9,0.0,0.0,0.0
56,greedy,node-010,0.0,0.0,0.0,0.0,0.0,0.0,0.0,0.0,7157.36556200172,256.21274739453287,0.9,-14.063996743810211,0.0,0.0
56,greedy,node-011,0.0,0.0,0.0,0.0,0.0,0.0,0.0,0.0,7157.36556200172,256.21274739453287,0.9,0.0,0.0,0.0
56,greedy,node-012,0.0,0.0,0.0,0.0,0.0,0.0,0.0,0.0,7157.36556200172,256.21274739453287,0.9,0.0,0.0,0.0
56,greedy,node-013,0.0,0.0,0.0,0.0,0.0,0.0,0.0,0.0,7157.36556200172,256.21274739453287,0.9,0.0,0.0,0.0
56,greedy,node-014,0.0,0.0,0.0,0.0,0.0,0.0,0.0,0.0,7157.36556200172,256.21274739453287,0.9,0.0,0.0,0.0
56,greedy,node-015,0.0,0.0,0.0,0.0,0.0,0.0,0.0,0.0,7157.36556200172,256.21274739453287,0.9,0.0,0.0,0.0
56,greedy,node-016,0.0,0.0,0.0,0.0,0.0,0.0,0.0,0.0,7157.36556200172,256.21274739453287,0.9,0.0,0.0,0.0
56,greedy,node-017,0.0,0.0,0.0,0.0,0.0,0.0,0.0,0.0,7157.36556200172,256.21274739453287,0.9,0.0,0.0,0.0
56,greedy,node-018,0.0,0.0,0.0,0.0,0.0,0.0,0.0,0.0,7157.36556200172,256.21274739453287,0.9,0.0,0.0,0.0
56,greedy,node-019,0.0,0.0,0.0,0.0,0.0,0.0,0.0,0.0,7157.36556200172,256.21274739453287,0.9,0.0,0.0,0.0
56,greedy,node-020,0.0,0.0,0.0,0.0,0.0,0.0,0.0,0.0,7157.36556200172,256.21274739453287,0.9,0.0,0.0,0.0
56,greedy,node-021,0.0,0.0,0.0,0.0,0.0,0.0,0.0,0.0,7157.36556200172,256.21274739453287,0.9,0.0,0.0,0.0
56,greedy,node-022,0.0,0.0,0.0,0.0,0.0,0.0,0.0,0.0,7157.36556200172,256.21274739453287,0.9,0.0,0.0,0.0
56,greedy,node-023,0.0,0.0,0.0,0.0,0.0,0.0,0.0,0.0,7157.36556200172,256.21274739453287,0.9,0.0,0.0,0.0
56,greedy,node-024,0.0,0.0,0.0,0.0,0.0,0.0,0.0,0.0,7157.36556200172,256.21274739453287,0.9,0.0,0.0,0.0
56,greedy,node-025,0.0,0.0,0.0,0.0,0.0,0.0,0.0,0.0,7157.36556200172,256.21274739453287,0.9,-28.005887430087398,0.0,0.0
56,greedy,node-026,0.0,0.0,0.0,0.0,0.0,0.0,0.0,0.0,7157.36556200172,256.21274739453287,0.9,0.0,0.0,0.0
56,greedy,node-027,0.0,0.0,0.0,0.0,0.0,0.0,0.0,0.0,7157.36556200172,256.21274739453287,0.9,0.0,0.0,0.0
56,greedy,node-028,0.0,0.0,0.0,0.0,0.0,0.0,0.0,0.0,7157.36556200172,256.21274739453287,0.9,0.0,0.0,0.0
56,greedy,node-029,0.0,0.0,0.0,0.0,0.0,0.0,0.0,0.0,7157.36556200172,256.21274739453287,0.9,-13.640754244860858,0.0,0.0
56,trust_vcg,node-000,0.0,0.0,0.0,0.0,0.0,0.0,0.0,0.0,6836.223894202218,-830.1224466517383,0.7857142857142857,0.0,0.0,0.0
56,trust_vcg,node-001,0.0,0.0,0.0,0.0,0.0,0.0,0.0,0.0,6836.223894202218,-830.1224466517383,0.7857142857142857,0.0,0.0,0.0
56,trust_vcg,node-002,921.5377963867402,921.5377963867402,921.5377963867402,921537.7963867402,921537.7963867402,921537.7963867402,-921.5377963867402,-887.0271781556569,6836.223894202218,-830.1224466517383,0.7857142857142857,-9580.614055471839,44.26024290407054,921.5377963867402
56,trust_vcg,node-003,25.43174105102517,0.0,122.86558517156372,25431.74105102517,0.0,122865.58517156373,0.0,0.0,6836.223894202218,-830.1224466517383,0.7857142857142857,-2283.907414661841,0.0,0.0
56,trust_vcg,node-004,162.54347157966276,41.04675307951621,258.77532283354594,2.8564139972872042,0.7213240796451126,4.547518562946331,-41.04675307951621,56.904731503918434,6836.223894202218,-830.1224466517383,0.7857142857142857,-9898.041374678383,-14.692722687515243,41.04675307951621
56,trust_vcg,node-005,0.0,0.0,0.0,0.0,0.0,0.0,0.0,0.0,6836.223894202218,-830.1224466517383,0.7857142857142857,-8998.526984051285,0.0,0.0
56,trust_vcg,node-006,0.0,0.0,0.0,0.0,0.0,0.0,0.0,0.0,6836.223894202218,-830.1224466517383,0.7857142857142857,-5592.98566584744,0.0,0.0
56,trust_vcg,node-007,0.0,0.0,0.0,0.0,0.0,0.0,0.0,0.0,6836.223894202218,-830.1224466517383,0.7857142857142857,0.0,0.0,0.0
56,trust_vcg,node-008,402.66343650217783,229.64057477554675,786.3251516907144,402663.43650217785,229640.57477554676,786325.1516907144,0.0,0.0,6836.223894202218,-830.1224466517383,0.7857142857142857,-10613.674848309285,0.0,0.0
56,trust_vcg,node-009,0.0,93.18681038653332,200.99128360403535,0.0,93186.81038653333,200991.28360403533,0.0,0.0,6836.223894202218,-830.1224466517383,0.7857142857142857,-3399.0087163959647,0.0,0.0
56,trust_vcg,node-010,0.0,0.0,0.0,0.0,0.0,0.0,0.0,0.0,6836.223894202218,-830.1224466517383,0.7857142857142857,-8346.987649806966,0.0,0.0
56,trust_vcg,node-011,0.0,0.0,0.0,0.0,0.0,0.0,0.0,0.0,6836.223894202218,-830.1224466517383,0.7857142857142857,0.0,0.0,0.0
56,trust_vcg,node-012,0.0,0.0,0.0,0.0,0.0,0.0,0.0,0.0,6836.223894202218,-830.1224466517383,0.7857142857142857,-1180.0954689609598,0.0,0.0
56,trust_vcg,node-013,0.0,0.0,0.0,0.0,0.0,0.0,0.0,0.0,6836.223894202218,-830.1224466517383,0.7857142857142857,0.0,0.0,0.0
56,trust_vcg,node-014,100.48411237773442,168.17800943162376,254.64039474685904,100484.11237773442,168178.00943162377,254640.39474685903,0.0,0.0,6836.223894202218,-830.1224466517383,0.7857142857142857,-3945.3596052531407,0.0,0.0
56,trust_vcg,node-015,0.0,0.0,0.0,0.0,0.0,0.0,0.0,0.0,6836.223894202218,-830.1224466517383,0.7857142857142857,-2284.1768871538143,0.0,0.0
56,trust_vcg,node-016,0.0,0.0,0.0,0.0,0.0,0.0,0.0,0.0,6836.223894202218,-830.1224466517383,0.7857142857142857,-4992.99801255178,0.0,0.0
56,trust_vcg,node-017,0.0,0.0,0.0,0.0,0.0,0.0,0.0,0.0,6836.223894202218,-830.1224466517383,0.7857142857142857,0.0,0.0,0.0
56,trust_vcg,node-018,0.0,0.0,44.97938178958124,0.0,0.0,44979.38178958124,0.0,0.0,6836.223894202218,-830.1224466517383,0.7857142857142857,-1755.0206182104187,0.0,0.0
56,trust_vcg,node-019,0.0,316.77658024929656,496.5072408689462,0.0,316776.58024929656,496507.2408689462,0.0,0.0,6836.223894202218,-830.1224466517383,0.7857142857142857,-5598.685432901218,0.0,0.0
56,trust_vcg,node-020,0.0,92.84890298459113,178.81114704225615,0.0,92848.90298459113,178811.14704225614,0.0,0.0,6836.223894202218,-830.1224466517383,0.7857142857142857,-2273.1642724717335,0.0,0.0
56,trust_vcg,node-021,0.0,0.0,0.0,0.0,0.0,0.0,0.0,0.0,6836.223894202218,-830.1224466517383,0.7857142857142857,0.0,0.0,0.0
56,trust_vcg,node-022,0.0,0.0,0.0,0.0,0.0,0.0,0.0,0.0,6836.223894202218,-830.1224466517383,0.7857142857142857,-1696.9945602913497,0.0,0.0
56,trust_vcg,node-023,0.0,292.55581015122846,292.55581015122846,0.0,292555.81015122845,292555.81015122845,0.0,0.0,6836.223894202218,-830.1224466517383,0.7857142857142857,-5586.901059601414,0.0,0.0
56,trust_vcg,node-024,0.0,0.0,0.0,0.0,0.0,0.0,0.0,0.0,6836.223894202218,-830.1224466517383,0.7857142857142857,0.0,0.0,0.0
56,trust_vcg,node-025,296.3471011974391,0.0,338.87494970647236,296347.1011974391,0.0,338874.94970647234,0.0,0.0,6836.223894202218,-830.1224466517383,0.7857142857142857,-10542.610527358429,0.0,0.0
56,trust_vcg,node-026,0.0,0.0,0.0,0.0,0.0,0.0,0.0,0.0,6836.223894202218,-830.1224466517383,0.7857142857142857,0.0,0.0,0.0
56,trust_vcg,node-027,0.0,0.0,0.0,0.0,0.0,0.0,0.0,0.0,6836.223894202218,-830.1224466517383,0.7857142857142857,0.0,0.0,0.0
56,trust_vcg,node-028,0.0,0.0,0.0,0.0,0.0,0.0,0.0,0.0,6836.223894202218,-830.1224466517383,0.7857142857142857,0.0,0.0,0.0
56,trust_vcg,node-029,0.0,0.0,0.0,0.0,0.0,0.0,0.0,0.0,6836.223894202218,-830.1224466517383,0.7857142857142857,-4984.288812274257,0.0,0.0
56,contingent,node-000,0.0,0.0,0.0,0.0,0.0,0.0,0.0,0.0,6836.223894202218,154.24285047490508,0.7857142857142857,0.0,0.0,0.0
56,contingent,node-001,0.0,0.0,0.0,0.0,0.0,0.0,0.0,0.0,6836.223894202218,154.24285047490508,0.7857142857142857,0.0,0.0,0.0
56,contingent,node-002,8.73451761636322,8.73451761636322,70.94882802076272,0.3388610925647598,0.3388610925647598,2.7525043093696513,-8.73451761636322,25.77610061472007,6836.223894202218,154.24285047490508,0.7857142857142857,-199.87288981795086,0.4154461832286973,8.73451761636322
56,contingent,node-003,0.0,0.0,22.865585171563723,0.0,0.0,22865.58517156372,0.0,0.0,6836.223894202218,154.24285047490508,0.7857142857142857,-335.62965864736395,0.0,0.0
56,contingent,node-004,128.466749860185,0.0,128.466749860185,0.9999999999999998,0.0,0.9999999999999998,30.515265276750277,128.46674986018502,6836.223894202218,154.24285047490508,0.7857142857142857,-186.86777630834388,-12.846674986018499,-30.515265276750277
56,contingent,node-005,0.0,0.0,0.0,0.0,0.0,0.0,0.0,0.0,6836.223894202218,154.24285047490508,0.7857142857142857,-794.107936205138,0.0,0.0
56,contingent,node-006,0.0,0.0,0.0,0.0,0.0,0.0,0.0,0.0,6836.223894202218,154.24285047490508,0.7857142857142857,-486.7977686625298,0.0,0.0
56,contingent,node-007,0.0,0.0,0.0,0.0,0.0,0.0,0.0,0.0,6836.223894202218,154.24285047490508,0.7857142857142857,0.0,0.0,0.0
56,contingent,node-008,10.947874899685056,29.640574775546746,57.25022348253553,10947.874899685055,29640.574775546746,57250.22348253553,0.0,0.0,6836.223894202218,154.24285047490508,0.7857142857142857,-654.6993932371423,0.0,0.0
56,contingent,node-009,0.0,43.186810386533324,43.186810386533324,0.0,43186.810386533325,43186.810386533325,0.0,0.0,6836.223894202218,154.24285047490508,0.7857142857142857,-396.0348655838587,0.0,0.0
56,contingent,node-010,0.0,0.0,0.0,0.0,0.0,0.0,0.0,0.0,6836.223894202218,154.24285047490508,0.7857142857142857,-665.4294794547484,0.0,0.0
56,contingent,node-011,0.0,0.0,0.0,0.0,0.0,0.0,0.0,0.0,6836.223894202218,154.24285047490508,0.7857142857142857,0.0,0.0,0.0
56,contingent,node-012,0.0,0.0,0.0,0.0,0.0,0.0,0.0,0.0,6836.223894202218,154.24285047490508,0.7857142857142857,-320.38187584383866,0.0,0.0
56,contingent,node-013,0.0,0.0,0.0,0.0,0.0,0.0,0.0,0.0,6836.223894202218,154.24285047490508,0.7857142857142857,0.0,0.0,0.0
56,contingent,node-014,0.0,68.17800943162374,68.17800943162374,0.0,68178.00943162374,68178.00943162374,0.0,0.0,6836.223894202218,154.24285047490508,0.7857142857142857,-381.4384210125638,0.0,0.0
56,contingent,node-015,0.0,0.0,0.0,0.0,0.0,0.0,0.0,0.0,6836.223894202218,154.24285047490508,0.7857142857142857,-336.707548615257,0.0,0.0
56,contingent,node-016,0.0,0.0,0.0,0.0,0.0,0.0,0.0,0.0,6836.223894202218,154.24285047490508,0.7857142857142857,-171.99205020712049,0.0,0.0
56,contingent,node-017,0.0,0.0,0.0,0.0,0.0,0.0,0.0,0.0,6836.223894202218,154.24285047490508,0.7857142857142857,0.0,0.0,0.0
56,contingent,node-018,0.0,0.0,0.0,0.0,0.0,0.0,0.0,0.0,6836.223894202218,154.24285047490508,0.7857142857142857,-420.082472841675,0.0,0.0
56,contingent,node-019,0.0,116.77658024929656,116.77658024929656,0.0,116776.58024929656,116776.58024929656,0.0,0.0,6836.223894202218,154.24285047490508,0.7857142857142857,-394.74173160486845,0.0,0.0
56,contingent,node-020,0.0,42.848902984591135,42.848902984591135,0.0,42848.902984591135,42848.902984591135,0.0,0.0,6836.223894202218,154.24285047490508,0.7857142857142857,-292.65708988693444,0.0,0.0
56,contingent,node-021,0.0,0.0,0.0,0.0,0.0,0.0,0.0,0.0,6836.223894202218,154.24285047490508,0.7857142857142857,0.0,0.0,0.0
56,contingent,node-022,0.0,0.0,0.0,0.0,0.0,0.0,0.0,0.0,6836.223894202218,154.24285047490508,0.7857142857142857,-276.39559478380505,0.0,0.0
56,contingent,node-023,0.0,92.55581015122843,130.91192885212746,0.0,92555.81015122842,130911.92885212746,0.0,0.0,6836.223894202218,154.24285047490508,0.7857142857142857,-347.6042384056548,0.0,0.0
56,contingent,node-024,0.0,0.0,0.0,0.0,0.0,0.0,0.0,0.0,6836.223894202218,154.24285047490508,0.7857142857142857,0.0,0.0,0.0
56,contingent,node-025,0.0,0.0,8.755482434247702,0.0,0.0,8755.482434247702,0.0,0.0,6836.223894202218,154.24285047490508,0.7857142857142857,-650.1167641094536,0.0,0.0
56,contingent,node-026,0.0,0.0,0.0,0.0,0.0,0.0,0.0,0.0,6836.223894202218,154.24285047490508,0.7857142857142857,0.0,0.0,0.0
56,contingent,node-027,0.0,0.0,0.0,0.0,0.0,0.0,0.0,0.0,6836.223894202218,154.24285047490508,0.7857142857142857,0.0,0.0,0.0
56,contingent,node-028,0.0,0.0,0.0,0.0,0.0,0.0,0.0,0.0,6836.223894202218,154.24285047490508,0.7857142857142857,0.0,0.0,0.0
56,contingent,node-029,0.0,0.0,0.0,0.0,0.0,0.0,0.0,0.0,6836.223894202218,154.24285047490508,0.7857142857142857,-137.15524909703004,0.0,0.0
56,capped,node-000,0.0,0.0,0.0,0.0,0.0,0.0,0.0,0.0,6836.223894202218,198.69315422177704,0.7857142857142857,0.0,0.0,0.0
56,capped,node-001,0.0,0.0,0.0,0.0,0.0,0.0,0.0,0.0,6836.223894202218,198.69315422177704,0.7857142857142857,0.0,0.0,0.0
56,capped,node-002,0.0,74.30423389312129,186.31022271380988,0.0,1.4353888301001494,3.599089831160091,17.255309115541646,51.765927346624935,6836.223894202218,198.69315422177704,0.7857142857142857,-69.40716097412017,-2.1835364899617904,-17.255309115541646
56,capped,node-003,0.0,0.0,22.865585171563723,0.0,0.0,22865.58517156372,0.0,0.0,6836.223894202218,198.69315422177704,0.7857142857142857,-83.90741466184099,0.0,0.0
56,capped,node-004,146.9272268751521,0.0,146.9272268751521,1.0,0.0,1.0,48.97574229171736,146.9272268751521,6836.223894202218,198.69315422177704,0.7857142857142857,-88.06387004961576,-14.692722687515207,-48.97574229171736
56,capped,node-005,0.0,0.0,0.0,0.0,0.0,0.0,0.0,0.0,6836.223894202218,198.69315422177704,0.7857142857142857,-198.52698405128447,0.0,0.0
56,capped,node-006,0.0,0.0,29.747385236873498,0.0,0.0,29747.3852368735,0.0,0.0,6836.223894202218,198.69315422177704,0.7857142857142857,-121.69944216563243,0.0,0.0
56,capped,node-007,0.0,0.0,0.0,0.0,0.0,0.0,0.0,0.0,6836.223894202218,198.69315422177704,0.7857142857142857,0.0,0.0,0.0
56,capped,node-008,10.947874899685056,29.640574775546746,57.25022348253553,10947.874899685055,29640.574775546746,57250.22348253553,0.0,0.0,6836.223894202218,198.69315422177704,0.7857142857142857,-163.67484830928558,0.0,0.0
56,capped,node-009,0.0,43.186810386533324,43.186810386533324,0.0,43186.810386533325,43186.810386533325,0.0,0.0,6836.223894202218,198.69315422177704,0.7857142857142857,-99.00871639596467,0.0,0.0
56,capped,node-010,0.0,0.0,0.0,0.0,0.0,0.0,0.0,0.0,6836.223894202218,198.69315422177704,0.7857142857142857,-166.3573698636871,0.0,0.0
56,capped,node-011,0.0,0.0,0.0,0.0,0.0,0.0,0.0,0.0,6836.223894202218,198.69315422177704,0.7857142857142857,0.0,0.0,0.0
56,capped,node-012,0.0,0.0,0.0,0.0,0.0,0.0,0.0,0.0,6836.223894202218,198.69315422177704,0.7857142857142857,-80.09546896095966,0.0,0.0
56,capped,node-013,0.0,0.0,0.0,0.0,0.0,0.0,0.0,0.0,6836.223894202218,198.69315422177704,0.7857142857142857,0.0,0.0,0.0
56,capped,node-014,0.0,68.17800943162374,68.17800943162374,0.0,68178.00943162374,68178.00943162374,0.0,0.0,6836.223894202218,198.69315422177704,0.7857142857142857,-95.35960525314096,0.0,0.0
56,capped,node-015,0.0,0.0,23.854255163081092,0.0,0.0,23854.255163081092,0.0,0.0,6836.223894202218,198.69315422177704,0.7857142857142857,-84.17688715381423,0.0,0.0
56,capped,node-016,0.0,0.0,0.0,0.0,0.0,0.0,0.0,0.0,6836.223894202218,198.69315422177704,0.7857142857142857,-42.99801255178012,0.0,0.0
56,capped,node-017,0.0,0.0,0.0,0.0,0.0,0.0,0.0,0.0,6836.223894202218,198.69315422177704,0.7857142857142857,0.0,0.0,0.0
56,capped,node-018,0.0,0.0,0.0,0.0,0.0,0.0,0.0,0.0,6836.223894202218,198.69315422177704,0.7857142857142857,-105.02061821041876,0.0,0.0
56,capped,node-019,0.0,116.77658024929656,116.77658024929656,0.0,116776.58024929656,116776.58024929656,0.0,0.0,6836.223894202218,198.69315422177704,0.7857142857142857,-98.68543290121714,0.0,0.0
56,capped,node-020,0.0,42.848902984591135,42.848902984591135,0.0,42848.902984591135,42848.902984591135,0.0,0.0,6836.223894202218,198.69315422177704,0.7857142857142857,-73.1642724717336,0.0,0.0
56,capped,node-021,0.0,0.0,0.0,0.0,0.0,0.0,0.0,0.0,6836.223894202218,198.69315422177704,0.7857142857142857,0.0,0.0,0.0
56,capped,node-022,0.0,0.0,0.0,0.0,0.0,0.0,0.0,0.0,6836.223894202218,198.69315422177704,0.7857142857142857,-69.09889869595126,0.0,0.0
56,capped,node-023,0.0,92.55581015122843,130.91192885212746,0.0,92555.81015122842,130911.92885212746,0.0,0.0,6836.223894202218,198.69315422177704,0.7857142857142857,-86.90105960141369,0.0,0.0
56,capped,node-024,0.0,0.0,0.0,0.0,0.0,0.0,0.0,0.0,6836.223894202218,198.69315422177704,0.7857142857142857,0.0,0.0,0.0
56,capped,node-025,0.0,0.0,8.755482434247702,0.0,0.0,8755.482434247702,0.0,0.0,6836.223894202218,198.69315422177704,0.7857142857142857,-162.5291910273634,0.0,0.0
56,capped,node-026,0.0,0.0,0.0,0.0,0.0,0.0,0.0,0.0,6836.223894202218,198.69315422177704,0.7857142857142857,0.0,0.0,0.0
56,capped,node-027,0.0,0.0,0.0,0.0,0.0,0.0,0.0,0.0,6836.223894202218,198.69315422177704,0.7857142857142857,0.0,0.0,0.0
56,capped,node-028,0.0,0.0,0.0,0.0,0.0,0.0,0.0,0.0,6836.223894202218,198.69315422177704,0.7857142857142857,0.0,0.0,0.0
56,capped,node-029,11.897966222304971,0.0,15.44732033821113,11897.96622230497,0.0,15447.32033821113,0.0,0.0,6836.223894202218,198.69315422177704,0.7857142857142857,-34.28881227425751,0.0,0.0
56,proper_scoring,node-000,0.0,0.0,0.0,0.0,0.0,0.0,0.0,0.0,6836.223894202218,687.2564362897978,0.7857142857142857,0.0,0.0,0.0
56,proper_scoring,node-001,0.0,0.0,0.0,0.0,0.0,0.0,0.0,0.0,6836.223894202218,687.2564362897978,0.7857142857142857,0.0,0.0,0.0
56,proper_scoring,node-002,155.85960170471705,460.7410643925808,460.7410643925808,1.3134568956421346,3.882747816066163,3.882747816066163,84.15304117170129,118.66365940278459,6836.223894202218,687.2564362897978,0.7857142857142857,-292.76044860601536,46.85922557726096,-84.15304117170129
56,proper_scoring,node-003,25.43174105102517,0.0,122.86558517156372,25431.74105102517,0.0,122865.58517156373,0.0,0.0,6836.223894202218,687.2564362897978,0.7857142857142857,-283.907414661841,0.0,0.0
56,proper_scoring,node-004,258.0396525899616,9.873972973171647,283.24191968922577,0.4538215451886358,0.017365632091266847,0.4981454763459115,470.6412923035786,568.5927768870132,6836.223894202218,687.2564362897978,0.7857142857142857,-626.9938033351722,-12.84667498601857,-470.6412923035786
56,proper_scoring,node-005,167.2044835062338,0.0,439.711021863104,167204.4835062338,0.0,439711.021863104,0.0,0.0,6836.223894202218,687.2564362897978,0.7857142857142857,-642.896231784067,0.0,0.0
56,proper_scoring,node-006,0.0,0.0,53.27202064908033,0.0,0.0,53272.02064908033,0.0,0.0,6836.223894202218,687.2564362897978,0.7857142857142857,-449.69932434583103,0.0,0.0
56,proper_scoring,node-007,0.0,0.0,0.0,0.0,0.0,0.0,0.0,0.0,6836.223894202218,687.2564362897978,0.7857142857142857,0.0,0.0,0.0
56,proper_scoring,node-008,402.66343650217783,229.64057477554675,786.3251516907144,402663.43650217785,229640.57477554676,786325.1516907144,0.0,0.0,6836.223894202218,687.2564362897978,0.7857142857142857,-588.6491297206916,0.0,0.0
56,proper_scoring,node-009,0.0,93.18681038653332,200.99128360403535,0.0,93186.81038653333,200991.28360403533,0.0,0.0,6836.223894202218,687.2564362897978,0.7857142857142857,-374.0617640087289,0.0,0.0
56,proper_scoring,node-010,0.0,0.0,258.4894961876146,0.0,0.0,258489.49618761457,0.0,0.0,6836.223894202218,687.2564362897978,0.7857142857142857,-556.4004730790219,0.0,0.0
56,proper_scoring,node-011,0.0,0.0,0.0,0.0,0.0,0.0,0.0,0.0,6836.223894202218,687.2564362897978,0.7857142857142857,0.0,0.0,0.0
56,proper_scoring,node-012,0.0,0.0,0.0,0.0,0.0,0.0,0.0,0.0,6836.223894202218,687.2564362897978,0.7857142857142857,-180.09546896095966,0.0,0.0
56,proper_scoring,node-013,0.0,0.0,0.0,0.0,0.0,0.0,0.0,0.0,6836.223894202218,687.2564362897978,0.7857142857142857,0.0,0.0,0.0
56,proper_scoring,node-014,100.48411237773442,168.17800943162376,254.64039474685904,100484.11237773442,168178.00943162377,254640.39474685903,0.0,0.0,6836.223894202218,687.2564362897978,0.7857142857142857,-376.6287501096037,0.0,0.0
56,proper_scoring,node-015,0.0,0.0,23.854255163081092,0.0,0.0,23854.255163081092,0.0,0.0,6836.223894202218,687.2564362897978,0.7857142857142857,-284.1768871538143,0.0,0.0
56,proper_scoring,node-016,105.51785346631124,0.0,342.0174484996223,105517.85346631124,0.0,342017.4484996223,0.0,0.0,6836.223894202218,687.2564362897978,0.7857142857142857,-171.99205020712049,0.0,0.0
56,proper_scoring,node-017,0.0,0.0,0.0,0.0,0.0,0.0,0.0,0.0,6836.223894202218,687.2564362897978,0.7857142857142857,0.0,0.0,0.0
56,proper_scoring,node-018,0.0,0.0,44.97938178958124,0.0,0.0,44979.38178958124,0.0,0.0,6836.223894202218,687.2564362897978,0.7857142857142857,-255.02061821041875,0.0,0.0
56,proper_scoring,node-019,0.0,316.77658024929656,496.5072408689462,0.0,316776.58024929656,496507.2408689462,0.0,0.0,6836.223894202218,687.2564362897978,0.7857142857142857,-385.81734484918763,0.0,0.0
56,proper_scoring,node-020,0.0,92.84890298459113,178.81114704225615,0.0,92848.90298459113,178811.14704225614,0.0,0.0,6836.223894202218,687.2564362897978,0.7857142857142857,-269.7902076333976,0.0,0.0
56,proper_scoring,node-021,0.0,0.0,0.0,0.0,0.0,0.0,0.0,0.0,6836.223894202218,687.2564362897978,0.7857142857142857,0.0,0.0,0.0
56,proper_scoring,node-022,0.0,0.0,0.0,0.0,0.0,0.0,0.0,0.0,6836.223894202218,687.2564362897978,0.7857142857142857,-196.99456029134976,0.0,0.0
56,proper_scoring,node-023,0.0,292.55581015122846,340.8363825778963,0.0,292555.81015122845,340836.3825778963,0.0,0.0,6836.223894202218,687.2564362897978,0.7857142857142857,-347.6042384056548,0.0,0.0
56,proper_scoring,node-024,0.0,0.0,0.0,0.0,0.0,0.0,0.0,0.0,6836.223894202218,687.2564362897978,0.7857142857142857,0.0,0.0,0.0
56,proper_scoring,node-025,296.3471011974391,0.0,522.787646343196,296347.1011974391,0.0,522787.646343196,0.0,0.0,6836.223894202218,687.2564362897978,0.7857142857142857,-554.8635674125426,0.0,0.0
56,proper_scoring,node-026,0.0,0.0,0.0,0.0,0.0,0.0,0.0,0.0,6836.223894202218,687.2564362897978,0.7857142857142857,0.0,0.0,0.0
56,proper_scoring,node-027,0.0,0.0,0.0,0.0,0.0,0.0,0.0,0.0,6836.223894202218,687.2564362897978,0.7857142857142857,0.0,0.0,0.0
56,proper_scoring,node-028,0.0,0.0,0.0,0.0,0.0,0.0,0.0,0.0,6836.223894202218,687.2564362897978,0.7857142857142857,0.0,0.0,0.0
56,proper_scoring,node-029,286.60226577775484,0.0,292.4581936352582,286602.26577775483,0.0,292458.19363525824,0.0,0.0,6836.223894202218,687.2564362897978,0.7857142857142857,-137.15524909703004,0.0,0.0
56,audits,node-000,0.0,0.0,0.0,0.0,0.0,0.0,0.0,0.0,6836.223894202218,669.8775533482616,0.7857142857142857,0.0,0.0,0.0
56,audits,node-001,0.0,0.0,0.0,0.0,0.0,0.0,0.0,0.0,6836.223894202218,669.8775533482616,0.7857142857142857,0.0,0.0,0.0
56,audits,node-002,133.40599362296294,0.0,133.40599362296294,1.1808680304256995,0.0,1.1808680304256995,78.46220361325985,112.97282184434314,6836.223894202218,669.8775533482616,0.7857142857142857,-2580.6140554718386,44.260242904070466,-78.46220361325985
56,audits,node-003,25.43174105102517,0.0,122.86558517156372,25431.74105102517,0.0,122865.58517156373,0.0,0.0,6836.223894202218,669.8775533482616,0.7857142857142857,-783.907414661841,0.0,0.0
56,audits,node-004,224.1078507954109,0.0,258.7753228335459,0.402416855375261,0.0,0.46466712921386827,458.95324692048376,556.9047315039185,6836.223894202218,669.8775533482616,0.7857142857142857,-2398.041374678382,-14.692722687515243,-458.95324692048376
56,audits,node-005,139.1959705533197,0.0,185.13936194245733,139195.9705533197,0.0,185139.36194245733,0.0,0.0,6836.223894202218,669.8775533482616,0.7857142857142857,-1998.5269840512844,0.0,0.0
56,audits,node-006,0.0,0.0,43.775134822464835,0.0,0.0,43775.13482246483,0.0,0.0,6836.223894202218,669.8775533482616,0.7857142857142857,-1592.98566584744,0.0,0.0
56,audits,node-007,0.0,0.0,0.0,0.0,0.0,0.0,0.0,0.0,6836.223894202218,669.8775533482616,0.7857142857142857,0.0,0.0,0.0
56,audits,node-008,402.66343650217783,229.64057477554675,786.3251516907144,402663.43650217785,229640.57477554676,786325.1516907144,0.0,0.0,6836.223894202218,669.8775533482616,0.7857142857142857,-2613.6748483092856,0.0,0.0
56,audits,node-009,0.0,93.18681038653332,200.99128360403535,0.0,93186.81038653333,200991.28360403533,0.0,0.0,6836.223894202218,669.8775533482616,0.7857142857142857,-899.0087163959645,0.0,0.0
56,audits,node-010,0.0,0.0,0.0,0.0,0.0,0.0,0.0,0.0,6836.223894202218,669.8775533482616,0.7857142857142857,-1846.9876498069664,0.0,0.0
56,audits,node-011,0.0,0.0,0.0,0.0,0.0,0.0,0.0,0.0,6836.223894202218,669.8775533482616,0.7857142857142857,0.0,0.0,0.0
56,audits,node-012,0.0,0.0,0.0,0.0,0.0,0.0,0.0,0.0,6836.223894202218,669.8775533482616,0.7857142857142857,-180.09546896095966,0.0,0.0
56,audits,node-013,0.0,0.0,0.0,0.0,0.0,0.0,0.0,0.0,6836.223894202218,669.8775533482616,0.7857142857142857,0.0,0.0,0.0
56,audits,node-014,100.48411237773442,168.17800943162376,254.64039474685904,100484.11237773442,168178.00943162377,254640.39474685903,0.0,0.0,6836.223894202218,669.8775533482616,0.7857142857142857,-945.3596052531409,0.0,0.0
56,audits,node-015,0.0,0.0,23.854255163081092,0.0,0.0,23854.255163081092,0.0,0.0,6836.223894202218,669.8775533482616,0.7857142857142857,-784.1768871538143,0.0,0.0
56,audits,node-016,104.08148594170652,0.0,307.0019874482199,104081.48594170652,0.0,307001.9874482199,0.0,0.0,6836.223894202218,669.8775533482616,0.7857142857142857,-992.9980125517801,0.0,0.0
56,audits,node-017,0.0,0.0,0.0,0.0,0.0,0.0,0.0,0.0,6836.223894202218,669.8775533482616,0.7857142857142857,0.0,0.0,0.0
56,audits,node-018,0.0,0.0,44.97938178958124,0.0,0.0,44979.38178958124,0.0,0.0,6836.223894202218,669.8775533482616,0.7857142857142857,-755.0206182104187,0.0,0.0
56,audits,node-019,0.0,316.77658024929656,496.5072408689462,0.0,316776.58024929656,496507.2408689462,0.0,0.0,6836.223894202218,669.8775533482616,0.7857142857142857,-1598.6854329012172,0.0,0.0
56,audits,node-020,0.0,92.84890298459113,178.81114704225615,0.0,92848.90298459113,178811.14704225614,0.0,0.0,6836.223894202218,669.8775533482616,0.7857142857142857,-773.1642724717335,0.0,0.0
56,audits,node-021,0.0,0.0,0.0,0.0,0.0,0.0,0.0,0.0,6836.223894202218,669.8775533482616,0.7857142857142857,0.0,0.0,0.0
56,audits,node-022,0.0,0.0,0.0,0.0,0.0,0.0,0.0,0.0,6836.223894202218,669.8775533482616,0.7857142857142857,-696.9945602913498,0.0,0.0
56,audits,node-023,0.0,292.55581015122846,313.0989403985863,0.0,292555.81015122845,313098.9403985863,0.0,0.0,6836.223894202218,669.8775533482616,0.7857142857142857,-1586.9010596014134,0.0,0.0
56,audits,node-024,0.0,0.0,0.0,0.0,0.0,0.0,0.0,0.0,6836.223894202218,669.8775533482616,0.7857142857142857,0.0,0.0,0.0
56,audits,node-025,296.3471011974391,0.0,338.87494970647236,296347.1011974391,0.0,338874.94970647234,0.0,0.0,6836.223894202218,669.8775533482616,0.7857142857142857,-2542.6105273584294,0.0,0.0
56,audits,node-026,0.0,0.0,0.0,0.0,0.0,0.0,0.0,0.0,6836.223894202218,669.8775533482616,0.7857142857142857,0.0,0.0,0.0
56,audits,node-027,0.0,0.0,0.0,0.0,0.0,0.0,0.0,0.0,6836.223894202218,669.8775533482616,0.7857142857142857,0.0,0.0,0.0
56,audits,node-028,0.0,0.0,0.0,0.0,0.0,0.0,0.0,0.0,6836.223894202218,669.8775533482616,0.7857142857142857,0.0,0.0,0.0
56,audits,node-029,225.17134255662316,0.0,225.17134255662316,225171.34255662316,0.0,225171.34255662316,0.0,0.0,6836.223894202218,669.8775533482616,0.7857142857142857,-984.2888122742575,0.0,0.0
53,greedy,node-000,0.0,0.0,0.0,0.0,0.0,0.0,0.0,0.0,4511.453197705329,535.2822815132346,0.85,0.0,0.0,0.0
53,greedy,node-001,0.0,0.0,0.0,0.0,0.0,0.0,0.0,0.0,4511.453197705329,535.2822815132346,0.85,0.0,0.0,0.0
53,greedy,node-002,39.23421984125493,0.0,39.23421984125493,39234.219841254926,0.0,39234.219841254926,0.0,0.0,4511.453197705329,535.2822815132346,0.85,-100.28261217143532,0.0,0.0
53,greedy,node-003,0.0,0.0,0.0,0.0,0.0,0.0,0.0,0.0,4511.453197705329,535.2822815132346,0.85,-36.79777422321643,0.0,0.0
53,greedy,node-004,0.0,0.0,0.0,0.0,0.0,0.0,0.0,0.0,4511.453197705329,535.2822815132346,0.85,0.0,0.0,0.0
53,greedy,node-005,0.0,0.0,0.0,0.0,0.0,0.0,0.0,0.0,4511.453197705329,535.2822815132346,0.85,0.0,0.0,0.0
53,greedy,node-006,0.0,0.0,0.0,0.0,0.0,0.0,75.41862643356102,226.25587930068303,4511.453197705329,535.2822815132346,0.85,-185.85501151006508,-4.794066685250968,-75.41862643356102
53,greedy,node-007,0.0,0.0,0.0,0.0,0.0,0.0,0.0,0.0,4511.453197705329,535.2822815132346,0.85,0.0,0.0,0.0
53,greedy,node-008,0.0,0.0,0.0,0.0,0.0,0.0,38.81707823587928,116.45123470763784,4511.453197705329,535.2822815132346,0.85,-145.44257548246648,22.308470452334134,-38.81707823587928
53,greedy,node-009,0.0,0.0,0.0,0.0,0.0,0.0,0.0,0.0,4511.453197705329,535.2822815132346,0.85,0.0,0.0,0.0
53,greedy,node-010,0.0,0.0,0.0,0.0,0.0,0.0,0.0,0.0,4511.453197705329,535.2822815132346,0.85,0.0,0.0,0.0
53,greedy,node-011,0.0,0.0,0.0,0.0,0.0,0.0,0.0,0.0,4511.453197705329,535.2822815132346,0.85,0.0,0.0,0.0
53,greedy,node-012,38.62280016161186,0.0,38.62280016161186,38622.80016161186,0.0,38622.80016161186,0.0,0.0,4511.453197705329,535.2822815132346,0.85,-111.90301190350107,50.43642603212761,0.0
53,greedy,node-013,0.0,0.0,0.0,0.0,0.0,0.0,0.0,0.0,4511.453197705329,535.2822815132346,0.85,0.0,0.0,0.0
53,greedy,node-014,0.0,0.0,0.0,0.0,0.0,0.0,0.0,0.0,4511.453197705329,535.2822815132346,0.85,-64.70806594367293,0.0,0.0
53,greedy,node-015,33.30014039956939,0.0,33.30014039956939,33300.14039956939,0.0,33300.14039956939,0.0,0.0,4511.453197705329,535.2822815132346,0.85,-116.33214558826218,26.197310887249476,0.0
53,greedy,node-016,0.0,0.0,0.0,0.0,0.0,0.0,0.0,0.0,4511.453197705329,535.2822815132346,0.85,-22.61777022731554,0.0,0.0
53,greedy,node-017,0.0,0.0,0.0,0.0,0.0,0.0,0.0,0.0,4511.453197705329,535.2822815132346,0.85,0.0,0.0,0.0
53,greedy,node-018,0.0,0.0,0.0,0.0,0.0,0.0,0.0,0.0,4511.453197705329,535.2822815132346,0.85,-97.49439773926295,0.0,0.0
53,greedy,node-019,0.0,0.0,0.0,0.0,0.0,0.0,64.19172250163788,192.57516750491365,4511.453197705329,535.2822815132346,0.85,-141.37838070024821,-8.247750737763901,-64.19172250163788
53,greedy,node-020,0.0,0.0,0.0,0.0,0.0,0.0,0.0,0.0,4511.453197705329,535.2822815132346,0.85,-66.10965137381366,0.0,0.0
53,greedy,node-021,32.91068666350247,0.0,32.91068666350247,32910.68666350246,0.0,32910.68666350246,0.0,0.0,4511.453197705329,535.2822815132346,0.85,-112.74087629183771,43.51423172730073,0.0
53,greedy,node-022,0.0,0.0,0.0,0.0,0.0,0.0,0.0,0.0,4511.453197705329,535.2822815132346,0.85,0.0,0.0,0.0
53,greedy,node-023,0.0,0.0,0.0,0.0,0.0,0.0,0.0,0.0,4511.453197705329,535.2822815132346,0.85,0.0,0.0,0.0
53,greedy,node-024,0.0,0.0,0.0,0.0,0.0,0.0,0.0,0.0,4511.453197705329,535.2822815132346,0.85,0.0,0.0,0.0
53,greedy,node-025,0.0,0.0,0.0,0.0,0.0,0.0,0.0,0.0,4511.453197705329,535.2822815132346,0.85,0.0,0.0,0.0
53,greedy,node-026,0.0,0.0,0.0,0.0,0.0,0.0,0.0,0.0,4511.453197705329,535.2822815132346,0.85,0.0,0.0,0.0
53,greedy,node-027,0.0,0.0,0.0,0.0,0.0,0.0,0.0,0.0,4511.453197705329,535.2822815132346,0.85,0.0,0.0,0.0
53,greedy,node-028,0.0,0.0,0.0,0.0,0.0,0.0,0.0,0.0,4511.453197705329,535.2822815132346,0.85,0.0,0.0,0.0
53,greedy,node-029,0.0,0.0,0.0,0.0,0.0,0.0,0.0,0.0,4511.453197705329,535.2822815132346,0.85,0.0,0.0,0.0
53,trust_vcg,node-000,0.0,0.0,208.98318219855878,0.0,0.0,208983.1821985588,0.0,0.0,8526.496171032028,1539.2753703398062,1.0,-3991.016817801441,0.0,0.0
53,trust_vcg,node-001,0.0,0.0,0.0,0.0,0.0,0.0,0.0,0.0,8526.496171032028,1539.2753703398062,1.0,0.0,0.0,0.0
53,trust_vcg,node-002,0.0,0.0,0.0,0.0,0.0,0.0,0.0,0.0,8526.496171032028,1539.2753703398062,1.0,-10016.621205786032,0.0,0.0
53,trust_vcg,node-003,137.8186117724546,0.0,416.2010265914672,137818.6117724546,0.0,416201.0265914672,0.0,0.0,8526.496171032028,1539.2753703398062,1.0,-4983.798973408533,0.0,0.0
53,trust_vcg,node-004,0.0,0.0,0.0,0.0,0.0,0.0,0.0,0.0,8526.496171032028,1539.2753703398062,1.0,-2313.2512805237575,0.0,0.0
53,trust_vcg,node-005,0.0,0.0,0.0,0.0,0.0,0.0,0.0,0.0,8526.496171032028,1539.2753703398062,1.0,0.0,0.0,0.0
53,trust_vcg,node-006,46.254975373065236,0.7544142270294287,80.63480395245006,0.030049837907075792,0.0004901099839354191,0.052384911437028545,1112.588847295249,1539.2753703398062,8526.496171032028,1539.2753703398062,1.0,-12223.025232371756,-11.351189043369686,-787.1635548872557
53,trust_vcg,node-007,0.0,0.0,40.4714330663076,0.0,0.0,40471.433066307596,0.0,0.0,8526.496171032028,1539.2753703398062,1.0,-1759.5285669336927,0.0,0.0
53,trust_vcg,node-008,294.292399165858,0.0,294.292399165858,294292.399165858,0.0,294292.399165858,0.0,0.0,8526.496171032028,1539.2753703398062,1.0,-10483.649006704174,0.0,0.0
53,trust_vcg,node-009,0.0,0.0,98.97662417478402,0.0,0.0,98976.62417478402,0.0,0.0,8526.496171032028,1539.2753703398062,1.0,-2301.023375825216,0.0,0.0
53,trust_vcg,node-010,0.0,0.0,0.0,0.0,0.0,0.0,0.0,0.0,8526.496171032028,1539.2753703398062,1.0,0.0,0.0,0.0
53,trust_vcg,node-011,0.0,0.0,0.0,0.0,0.0,0.0,0.0,0.0,8526.496171032028,1539.2753703398062,1.0,0.0,0.0,0.0
53,trust_vcg,node-012,0.0,0.0,0.0,0.0,0.0,0.0,0.0,0.0,8526.496171032028,1539.2753703398062,1.0,-5577.245600323224,0.0,0.0
53,trust_vcg,node-013,0.0,0.0,0.0,0.0,0.0,0.0,0.0,0.0,8526.496171032028,1539.2753703398062,1.0,0.0,0.0,0.0
53,trust_vcg,node-014,23.503728712121813,0.0,239.58191092017753,23503.72871212181,0.0,239581.91092017753,0.0,0.0,8526.496171032028,1539.2753703398062,1.0,-5080.015169178823,0.0,0.0
53,trust_vcg,node-015,178.16459180837364,624.1911138133157,624.1911138133157,178164.59180837363,624191.1138133158,624191.1138133158,0.0,0.0,8526.496171032028,1539.2753703398062,1.0,-5591.1637279637225,0.0,0.0
53,trust_vcg,node-016,0.0,0.0,413.10220573781805,0.0,0.0,413102.20573781803,0.0,0.0,8526.496171032028,1539.2753703398062,1.0,-4986.897794262182,0.0,0.0
53,trust_vcg,node-017,0.0,0.0,0.0,0.0,0.0,0.0,0.0,0.0,8526.496171032028,1539.2753703398062,1.0,0.0,0.0,0.0
53,trust_vcg,node-018,0.0,0.0,0.0,0.0,0.0,0.0,0.0,0.0,8526.496171032028,1539.2753703398062,1.0,-5623.658583451677,0.0,0.0
53,trust_vcg,node-019,0.0,0.0,0.0,0.0,0.0,0.0,0.0,0.0,8526.496171032028,1539.2753703398062,1.0,-5577.18665819861,0.0,0.0
53,trust_vcg,node-020,0.0,173.89872632593418,248.72387963646963,0.0,173898.72632593417,248723.87963646962,0.0,0.0,8526.496171032028,1539.2753703398062,1.0,-3951.2761203635305,0.0,0.0
53,trust_vcg,node-021,0.0,0.0,0.0,0.0,0.0,0.0,0.0,0.0,8526.496171032028,1539.2753703398062,1.0,-10445.664291585626,0.0,0.0
53,trust_vcg,node-022,0.0,0.0,26.87418695123128,0.0,0.0,26874.18695123128,0.0,0.0,8526.496171032028,1539.2753703398062,1.0,-1173.1258130487686,0.0,0.0
53,trust_vcg,node-023,0.0,0.0,0.0,0.0,0.0,0.0,0.0,0.0,8526.496171032028,1539.2753703398062,1.0,-5646.728596076659,0.0,0.0
53,trust_vcg,node-024,0.0,0.0,0.0,0.0,0.0,0.0,0.0,0.0,8526.496171032028,1539.2753703398062,1.0,-1733.9347770559764,0.0,0.0
53,trust_vcg,node-025,0.0,0.0,0.0,0.0,0.0,0.0,0.0,0.0,8526.496171032028,1539.2753703398062,1.0,0.0,0.0,0.0
53,trust_vcg,node-026,104.65312687199291,0.0,177.320839097247,104653.1268719929,0.0,177320.839097247,0.0,0.0,8526.496171032028,1539.2753703398062,1.0,-3422.679160902753,0.0,0.0
53,trust_vcg,node-027,0.0,0.0,40.18101048506038,0.0,0.0,40181.01048506038,0.0,0.0,8526.496171032028,1539.2753703398062,1.0,-1148.5802019018322,0.0,0.0
53,trust_vcg,node-028,19.892074868611644,0.0,39.315370016538324,19892.074868611642,0.0,39315.37001653832,0.0,0.0,8526.496171032028,1539.2753703398062,1.0,-1760.684629983462,0.0,0.0
53,trust_vcg,node-029,0.0,0.0,0.0,0.0,0.0,0.0,0.0,0.0,8526.496171032028,1539.2753703398062,1.0,-2287.1014589068054,0.0,0.0
53,contingent,node-000,0.0,0.0,0.0,0.0,0.0,0.0,0.0,0.0,8526.496171032028,640.0297845668355,1.0,-564.0672712057649,0.0,0.0
53,contingent,node-001,0.0,0.0,0.0,0.0,0.0,0.0,0.0,0.0,8526.496171032028,640.0297845668355,1.0,0.0,0.0,0.0
53,contingent,node-002,0.0,27.591032763034615,48.825053021772995,0.0,27591.032763034615,48825.05302177299,0.0,0.0,8526.496171032028,640.0297845668355,1.0,-466.4848231441235,0.0,0.0
53,contingent,node-003,0.0,0.0,0.0,0.0,0.0,0.0,0.0,0.0,8526.496171032028,640.0297845668355,1.0,-135.19589363413118,0.0,0.0
53,contingent,node-004,0.0,0.0,0.0,0.0,0.0,0.0,0.0,0.0,8526.496171032028,640.0297845668355,1.0,-453.00512209502983,0.0,0.0
53,contingent,node-005,0.0,0.0,0.0,0.0,0.0,0.0,0.0,0.0,8526.496171032028,640.0297845668355,1.0,0.0,0.0,0.0
53,contingent,node-006,146.171151570062,0.0,279.88038972542074,0.22838179580812615,0.0,0.4372927580469407,213.34326152227848,640.0297845668355,8526.496171032028,640.0297845668355,1.0,-655.0888018282948,-61.30927714186805,-382.84260086185327
53,contingent,node-007,0.0,0.0,0.0,0.0,0.0,0.0,0.0,0.0,8526.496171032028,640.0297845668355,1.0,-438.11426773476967,0.0,0.0
53,contingent,node-008,0.0,87.58037294289115,129.1932921536546,0.0,87580.37294289115,129193.29215365459,0.0,0.0,8526.496171032028,640.0297845668355,1.0,-414.2256534832428,0.0,0.0
53,contingent,node-009,0.0,0.0,15.709067413531855,0.0,0.0,15709.067413531855,0.0,0.0,8526.496171032028,640.0297845668355,1.0,-404.093503300864,0.0,0.0
53,contingent,node-010,0.0,0.0,0.0,0.0,0.0,0.0,0.0,0.0,8526.496171032028,640.0297845668355,1.0,0.0,0.0,0.0
53,contingent,node-011,0.0,0.0,0.0,0.0,0.0,0.0,0.0,0.0,8526.496171032028,640.0297845668355,1.0,0.0,0.0,0.0
53,contingent,node-012,0.0,54.885420961466444,77.24021086840855,0.0,54885.42096146644,77240.21086840855,0.0,0.0,8526.496171032028,640.0297845668355,1.0,-308.9824012928949,0.0,0.0
53,contingent,node-013,0.0,0.0,0.0,0.0,0.0,0.0,0.0,0.0,8526.496171032028,640.0297845668355,1.0,0.0,0.0,0.0
53,contingent,node-014,0.0,0.0,39.581910920177485,0.0,0.0,39581.910920177485,0.0,0.0,8526.496171032028,640.0297845668355,1.0,-520.0606767152914,0.0,0.0
53,contingent,node-015,0.0,174.1911138133157,174.1911138133157,0.0,174191.1138133157,174191.1138133157,0.0,0.0,8526.496171032028,640.0297845668355,1.0,-364.65491185488844,0.0,0.0
53,contingent,node-016,0.0,0.0,0.0,0.0,0.0,0.0,0.0,0.0,8526.496171032028,640.0297845668355,1.0,-147.59117704872799,0.0,0.0
53,contingent,node-017,0.0,0.0,0.0,0.0,0.0,0.0,0.0,0.0,8526.496171032028,640.0297845668355,1.0,0.0,0.0,0.0
53,contingent,node-018,0.0,0.0,5.011130107850676,0.0,0.0,5011.130107850676,0.0,0.0,8526.496171032028,640.0297845668355,1.0,-494.6343338067129,0.0,0.0
53,contingent,node-019,0.0,0.0,0.0,0.0,0.0,0.0,0.0,0.0,8526.496171032028,640.0297845668355,1.0,-308.7466327944412,0.0,0.0
53,contingent,node-020,0.0,73.89872632593418,73.89872632593418,0.0,73898.72632593417,73898.72632593417,0.0,0.0,8526.496171032028,640.0297845668355,1.0,-405.10448145412147,0.0,0.0
53,contingent,node-021,0.0,0.0,0.0,0.0,0.0,0.0,0.0,0.0,8526.496171032028,640.0297845668355,1.0,-441.39609293526195,0.0,0.0
53,contingent,node-022,0.0,0.0,0.0,0.0,0.0,0.0,0.0,0.0,8526.496171032028,640.0297845668355,1.0,-292.5032521950749,0.0,0.0
53,contingent,node-023,0.0,0.0,0.0,0.0,0.0,0.0,0.0,0.0,8526.496171032028,640.0297845668355,1.0,-726.3778550128399,0.0,0.0
53,contingent,node-024,0.0,0.0,0.0,0.0,0.0,0.0,0.0,0.0,8526.496171032028,640.0297845668355,1.0,-335.7391082239059,0.0,0.0
53,contingent,node-025,0.0,0.0,0.0,0.0,0.0,0.0,0.0,0.0,8526.496171032028,640.0297845668355,1.0,0.0,0.0,0.0
53,contingent,node-026,0.0,0.0,28.10774261682161,0.0,0.0,28107.74261682161,0.0,0.0,8526.496171032028,640.0297845668355,1.0,-490.71664361101205,0.0,0.0
53,contingent,node-027,0.0,0.0,0.0,0.0,0.0,0.0,0.0,0.0,8526.496171032028,640.0297845668355,1.0,-238.64440632469575,0.0,0.0
53,contingent,node-028,0.0,0.0,0.0,0.0,0.0,0.0,0.0,0.0,8526.496171032028,640.0297845668355,1.0,-442.7385199338466,0.0,0.0
53,contingent,node-029,0.0,0.0,0.0,0.0,0.0,0.0,0.0,0.0,8526.496171032028,640.0297845668355,1.0,-348.4058356272219,0.0,0.0
53,capped,node-000,0.0,0.0,0.0,0.0,0.0,0.0,0.0,0.0,8526.496171032028,640.0297845668355,1.0,-141.01681780144122,0.0,0.0
53,capped,node-001,0.0,0.0,0.0,0.0,0.0,0.0,0.0,0.0,8526.496171032028,640.0297845668355,1.0,0.0,0.0,0.0
53,capped,node-002,0.0,123.15969615485557,168.28588226154918,0.0,123159.69615485557,168285.88226154918,0.0,0.0,8526.496171032028,640.0297845668355,1.0,-116.62120578603088,0.0,0.0
53,capped,node-003,0.0,0.0,0.0,0.0,0.0,0.0,0.0,0.0,8526.496171032028,640.0297845668355,1.0,-33.7989734085328,0.0,0.0
53,capped,node-004,0.0,0.0,0.0,0.0,0.0,0.0,0.0,0.0,8526.496171032028,640.0297845668355,1.0,-113.25128052375746,0.0,0.0
53,capped,node-005,0.0,0.0,0.0,0.0,0.0,0.0,0.0,0.0,8526.496171032028,640.0297845668355,1.0,0.0,0.0,0.0
53,capped,node-006,146.171151570062,0.0,279.88038972542074,0.22838179580812615,0.0,0.4372927580469407,213.34326152227848,640.0297845668355,8526.496171032028,640.0297845668355,1.0,-323.7796465987825,-61.30927714186805,-382.84260086185327
53,capped,node-007,0.0,0.0,0.0,0.0,0.0,0.0,0.0,0.0,8526.496171032028,640.0297845668355,1.0,-109.52856693369242,0.0,0.0
53,capped,node-008,0.0,122.65118210652871,129.1932921536546,0.0,122651.18210652871,129193.29215365459,0.0,0.0,8526.496171032028,640.0297845668355,1.0,-103.55641337081073,0.0,0.0
53,capped,node-009,0.0,0.0,15.709067413531855,0.0,0.0,15709.067413531855,0.0,0.0,8526.496171032028,640.0297845668355,1.0,-101.023375825216,0.0,0.0
53,capped,node-010,0.0,0.0,0.0,0.0,0.0,0.0,0.0,0.0,8526.496171032028,640.0297845668355,1.0,0.0,0.0,0.0
53,capped,node-011,0.0,0.0,0.0,0.0,0.0,0.0,0.0,0.0,8526.496171032028,640.0297845668355,1.0,0.0,0.0,0.0
53,capped,node-012,0.0,124.5725027121224,181.7708334943925,0.0,124572.5027121224,181770.8334943925,0.0,0.0,8526.496171032028,640.0297845668355,1.0,-77.24560032322373,0.0,0.0
53,capped,node-013,0.0,0.0,0.0,0.0,0.0,0.0,0.0,0.0,8526.496171032028,640.0297845668355,1.0,0.0,0.0,0.0
53,capped,node-014,0.0,0.0,39.581910920177485,0.0,0.0,39581.910920177485,0.0,0.0,8526.496171032028,640.0297845668355,1.0,-130.01516917882284,0.0,0.0
53,capped,node-015,0.0,174.1911138133157,174.1911138133157,0.0,174191.1138133157,174191.1138133157,0.0,0.0,8526.496171032028,640.0297845668355,1.0,-91.16372796372212,0.0,0.0
53,capped,node-016,0.0,0.0,0.0,0.0,0.0,0.0,0.0,0.0,8526.496171032028,640.0297845668355,1.0,-36.897794262182,0.0,0.0
53,capped,node-017,0.0,0.0,0.0,0.0,0.0,0.0,0.0,0.0,8526.496171032028,640.0297845668355,1.0,0.0,0.0,0.0
53,capped,node-018,0.0,0.0,47.5186021914181,0.0,0.0,47518.6021914181,0.0,0.0,8526.496171032028,640.0297845668355,1.0,-123.65858345167823,0.0,0.0
53,capped,node-019,0.0,106.80549624067686,160.47930625409475,0.0,106805.49624067686,160479.30625409476,0.0,0.0,8526.496171032028,640.0297845668355,1.0,-77.18665819861032,0.0,0.0
53,capped,node-020,0.0,73.89872632593418,73.89872632593418,0.0,73898.72632593417,73898.72632593417,0.0,0.0,8526.496171032028,640.0297845668355,1.0,-101.27612036353038,0.0,0.0
53,capped,node-021,0.0,0.0,43.52201013601852,0.0,0.0,43522.01013601852,0.0,0.0,8526.496171032028,640.0297845668355,1.0,-110.34902323381552,0.0,0.0
53,capped,node-022,0.0,0.0,0.0,0.0,0.0,0.0,0.0,0.0,8526.496171032028,640.0297845668355,1.0,-73.12581304876872,0.0,0.0
53,capped,node-023,0.0,0.0,0.0,0.0,0.0,0.0,0.0,0.0,8526.496171032028,640.0297845668355,1.0,-181.59446375321,0.0,0.0
53,capped,node-024,0.0,0.0,15.645271499450573,0.0,0.0,15645.271499450573,0.0,0.0,8526.496171032028,640.0297845668355,1.0,-83.93477705597647,0.0,0.0
53,capped,node-025,0.0,0.0,0.0,0.0,0.0,0.0,0.0,0.0,8526.496171032028,640.0297845668355,1.0,0.0,0.0,0.0
53,capped,node-026,0.0,0.0,28.10774261682161,0.0,0.0,28107.74261682161,0.0,0.0,8526.496171032028,640.0297845668355,1.0,-122.67916090275301,0.0,0.0
53,capped,node-027,0.0,0.0,0.0,0.0,0.0,0.0,0.0,0.0,8526.496171032028,640.0297845668355,1.0,-59.66110158117394,0.0,0.0
53,capped,node-028,0.0,0.0,0.0,0.0,0.0,0.0,0.0,0.0,8526.496171032028,640.0297845668355,1.0,-110.68462998346166,0.0,0.0
53,capped,node-029,0.0,0.0,34.91832200993893,0.0,0.0,34918.32200993893,0.0,0.0,8526.496171032028,640.0297845668355,1.0,-87.10145890680548,0.0,0.0
53,proper_scoring,node-000,0.0,0.0,208.98318219855878,0.0,0.0,208983.1821985588,0.0,0.0,8526.496171032028,1539.2753703398062,1.0,-451.24652111524784,0.0,0.0
53,proper_scoring,node-001,0.0,0.0,0.0,0.0,0.0,0.0,0.0,0.0,8526.496171032028,1539.2753703398062,1.0,0.0,0.0,0.0
53,proper_scoring,node-002,0.0,323.1596961548556,620.277347951775,0.0,323159.6961548556,620277.3479517751,0.0,0.0,8526.496171032028,1539.2753703398062,1.0,-466.4848231441235,0.0,0.0
53,proper_scoring,node-003,137.8186117724546,0.0,416.2010265914672,137818.6117724546,0.0,416201.0265914672,0.0,0.0,8526.496171032028,1539.2753703398062,1.0,-135.19589363413118,0.0,0.0
53,proper_scoring,node-004,0.0,0.0,0.0,0.0,0.0,0.0,0.0,0.0,8526.496171032028,1539.2753703398062,1.0,-313.2512805237575,0.0,0.0
53,proper_scoring,node-005,0.0,0.0,0.0,0.0,0.0,0.0,0.0,0.0,8526.496171032028,1539.2753703398062,1.0,0.0,0.0,0.0
53,proper_scoring,node-006,46.254975373065236,0.7544142270294287,80.63480395245006,0.030049837907075792,0.0004901099839354191,0.052384911437028545,1112.588847295249,1539.2753703398062,8526.496171032028,1539.2753703398062,1.0,-1540.1510400713655,-11.351189043369686,-787.1635548872557
53,proper_scoring,node-007,0.0,0.0,40.4714330663076,0.0,0.0,40471.433066307596,0.0,0.0,8526.496171032028,1539.2753703398062,1.0,-259.52856693369245,0.0,0.0
53,proper_scoring,node-008,294.292399165858,387.37348624640015,718.4537366131725,294292.399165858,387373.48624640016,718453.7366131725,0.0,0.0,8526.496171032028,1539.2753703398062,1.0,-414.2256534832428,0.0,0.0
53,proper_scoring,node-009,0.0,0.0,98.97662417478402,0.0,0.0,98976.62417478402,0.0,0.0,8526.496171032028,1539.2753703398062,1.0,-301.023375825216,0.0,0.0
53,proper_scoring,node-010,0.0,0.0,0.0,0.0,0.0,0.0,0.0,0.0,8526.496171032028,1539.2753703398062,1.0,0.0,0.0,0.0
53,proper_scoring,node-011,0.0,0.0,0.0,0.0,0.0,0.0,0.0,0.0,8526.496171032028,1539.2753703398062,1.0,0.0,0.0,0.0
53,proper_scoring,node-012,0.0,374.5725027121224,438.6228001616119,0.0,374572.5027121224,438622.80016161187,0.0,0.0,8526.496171032028,1539.2753703398062,1.0,-308.9824012928949,0.0,0.0
53,proper_scoring,node-013,0.0,0.0,0.0,0.0,0.0,0.0,0.0,0.0,8526.496171032028,1539.2753703398062,1.0,0.0,0.0,0.0
53,proper_scoring,node-014,23.503728712121813,0.0,242.32327373487905,23503.72871212181,0.0,242323.27373487904,0.0,0.0,8526.496171032028,1539.2753703398062,1.0,-475.29215958984236,0.0,0.0
53,proper_scoring,node-015,178.16459180837364,624.1911138133157,624.1911138133157,178164.59180837363,624191.1138133158,624191.1138133158,0.0,0.0,8526.496171032028,1539.2753703398062,1.0,-352.04581702405534,0.0,0.0
53,proper_scoring,node-016,0.0,0.0,413.10220573781805,0.0,0.0,413102.20573781803,0.0,0.0,8526.496171032028,1539.2753703398062,1.0,-147.59117704872799,0.0,0.0
53,proper_scoring,node-017,0.0,0.0,0.0,0.0,0.0,0.0,0.0,0.0,8526.496171032028,1539.2753703398062,1.0,0.0,0.0,0.0
53,proper_scoring,node-018,0.0,0.0,298.0031018259435,0.0,0.0,298003.10182594345,0.0,0.0,8526.496171032028,1539.2753703398062,1.0,-454.5100143444055,0.0,0.0
53,proper_scoring,node-019,0.0,109.62078475755922,131.65302796686484,0.0,109620.78475755922,131653.02796686484,0.0,0.0,8526.496171032028,1539.2753703398062,1.0,-308.7466327944412,0.0,0.0
53,proper_scoring,node-020,0.0,173.89872632593418,248.72387963646963,0.0,173898.72632593417,248723.87963646962,0.0,0.0,8526.496171032028,1539.2753703398062,1.0,-394.2563919652202,0.0,0.0
53,proper_scoring,node-021,0.0,0.0,560.2288082333,0.0,0.0,560228.8082333,0.0,0.0,8526.496171032028,1539.2753703398062,1.0,-425.89936793866354,0.0,0.0
53,proper_scoring,node-022,0.0,0.0,26.87418695123128,0.0,0.0,26874.18695123128,0.0,0.0,8526.496171032028,1539.2753703398062,1.0,-173.12581304876872,0.0,0.0
53,proper_scoring,node-023,0.0,0.0,125.13125096697286,0.0,0.0,125131.25096697286,0.0,0.0,8526.496171032028,1539.2753703398062,1.0,-549.4916229828808,0.0,0.0
53,proper_scoring,node-024,0.0,0.0,0.0,0.0,0.0,0.0,0.0,0.0,8526.496171032028,1539.2753703398062,1.0,-233.93477705597644,0.0,0.0
53,proper_scoring,node-025,0.0,0.0,0.0,0.0,0.0,0.0,0.0,0.0,8526.496171032028,1539.2753703398062,1.0,0.0,0.0,0.0
53,proper_scoring,node-026,104.65312687199291,0.0,177.320839097247,104653.1268719929,0.0,177320.839097247,0.0,0.0,8526.496171032028,1539.2753703398062,1.0,-405.0436584740619,0.0,0.0
53,proper_scoring,node-027,0.0,0.0,40.18101048506038,0.0,0.0,40181.01048506038,0.0,0.0,8526.496171032028,1539.2753703398062,1.0,-148.58020190183217,0.0,0.0
53,proper_scoring,node-028,19.892074868611644,0.0,39.315370016538324,19892.074868611642,0.0,39315.37001653832,0.0,0.0,8526.496171032028,1539.2753703398062,1.0,-260.68462998346166,0.0,0.0
53,proper_scoring,node-029,0.0,0.0,84.91832200993893,0.0,0.0,84918.32200993893,0.0,0.0,8526.496171032028,1539.2753703398062,1.0,-287.1014589068055,0.0,0.0
53,audits,node-000,0.0,0.0,208.98318219855878,0.0,0.0,208983.1821985588,0.0,0.0,8526.496171032028,1539.2753703398062,1.0,-991.0168178014412,0.0,0.0
53,audits,node-001,0.0,0.0,0.0,0.0,0.0,0.0,0.0,0.0,8526.496171032028,1539.2753703398062,1.0,0.0,0.0,0.0
53,audits,node-002,0.0,323.1596961548556,583.3787942139691,0.0,323159.6961548556,583378.794213969,0.0,0.0,8526.496171032028,1539.2753703398062,1.0,-1516.621205786031,0.0,0.0
53,audits,node-003,137.8186117724546,0.0,416.2010265914672,137818.6117724546,0.0,416201.0265914672,0.0,0.0,8526.496171032028,1539.2753703398062,1.0,-483.7989734085328,0.0,0.0
53,audits,node-004,0.0,0.0,0.0,0.0,0.0,0.0,0.0,0.0,8526.496171032028,1539.2753703398062,1.0,-813.2512805237574,0.0,0.0
53,audits,node-005,0.0,0.0,0.0,0.0,0.0,0.0,0.0,0.0,8526.496171032028,1539.2753703398062,1.0,0.0,0.0,0.0
53,audits,node-006,46.254975373065236,0.7544142270294287,80.63480395245006,0.030049837907075792,0.0004901099839354191,0.052384911437028545,1112.588847295249,1539.2753703398062,8526.496171032028,1539.2753703398062,1.0,-2723.025232371753,-11.351189043369686,-787.1635548872557
53,audits,node-007,0.0,0.0,40.4714330663076,0.0,0.0,40471.433066307596,0.0,0.0,8526.496171032028,1539.2753703398062,1.0,-759.5285669336923,0.0,0.0
53,audits,node-008,294.292399165858,376.1236326030186,653.2160820417599,294292.399165858,376123.6326030186,653216.08204176,0.0,0.0,8526.496171032028,1539.2753703398062,1.0,-1483.6490067041746,0.0,0.0
53,audits,node-009,0.0,0.0,98.97662417478402,0.0,0.0,98976.62417478402,0.0,0.0,8526.496171032028,1539.2753703398062,1.0,-801.0233758252159,0.0,0.0
53,audits,node-010,0.0,0.0,0.0,0.0,0.0,0.0,0.0,0.0,8526.496171032028,1539.2753703398062,1.0,0.0,0.0,0.0
53,audits,node-011,0.0,0.0,0.0,0.0,0.0,0.0,0.0,0.0,8526.496171032028,1539.2753703398062,1.0,0.0,0.0,0.0
53,audits,node-012,0.0,0.0,0.0,0.0,0.0,0.0,0.0,0.0,8526.496171032028,1539.2753703398062,1.0,-1077.2456003232237,0.0,0.0
53,audits,node-013,0.0,0.0,0.0,0.0,0.0,0.0,0.0,0.0,8526.496171032028,1539.2753703398062,1.0,0.0,0.0,0.0
53,audits,node-014,23.503728712121813,0.0,239.58191092017753,23503.72871212181,0.0,239581.91092017753,0.0,0.0,8526.496171032028,1539.2753703398062,1.0,-1080.0151691788228,0.0,0.0
53,audits,node-015,178.16459180837364,624.1911138133157,624.1911138133157,178164.59180837363,624191.1138133158,624191.1138133158,0.0,0.0,8526.496171032028,1539.2753703398062,1.0,-1091.163727963722,0.0,0.0
53,audits,node-016,0.0,0.0,413.10220573781805,0.0,0.0,413102.20573781803,0.0,0.0,8526.496171032028,1539.2753703398062,1.0,-486.89779426218195,0.0,0.0
53,audits,node-017,0.0,0.0,0.0,0.0,0.0,0.0,0.0,0.0,8526.496171032028,1539.2753703398062,1.0,0.0,0.0,0.0
53,audits,node-018,0.0,0.0,276.3414165483218,0.0,0.0,276341.4165483218,0.0,0.0,8526.496171032028,1539.2753703398062,1.0,-1123.6585834516784,0.0,0.0
53,audits,node-019,0.0,106.80549624067686,110.47930625409474,0.0,106805.49624067686,110479.30625409473,0.0,0.0,8526.496171032028,1539.2753703398062,1.0,-1077.1866581986103,0.0,0.0
53,audits,node-020,0.0,173.89872632593418,248.72387963646963,0.0,173898.72632593417,248723.87963646962,0.0,0.0,8526.496171032028,1539.2753703398062,1.0,-951.2761203635304,0.0,0.0
53,audits,node-021,0.0,0.0,462.38600617368985,0.0,0.0,462386.00617368985,0.0,0.0,8526.496171032028,1539.2753703398062,1.0,-1445.6642915856294,0.0,0.0
53,audits,node-022,0.0,0.0,26.87418695123128,0.0,0.0,26874.18695123128,0.0,0.0,8526.496171032028,1539.2753703398062,1.0,-673.1258130487687,0.0,0.0
53,audits,node-023,0.0,0.0,125.13125096697286,0.0,0.0,125131.25096697286,0.0,0.0,8526.496171032028,1539.2753703398062,1.0,-1146.728596076659,0.0,0.0
53,audits,node-024,0.0,0.0,0.0,0.0,0.0,0.0,0.0,0.0,8526.496171032028,1539.2753703398062,1.0,-733.9347770559764,0.0,0.0
53,audits,node-025,0.0,0.0,0.0,0.0,0.0,0.0,0.0,0.0,8526.496171032028,1539.2753703398062,1.0,0.0,0.0,0.0
53,audits,node-026,104.65312687199291,0.0,177.320839097247,104653.1268719929,0.0,177320.839097247,0.0,0.0,8526.496171032028,1539.2753703398062,1.0,-922.679160902753,0.0,0.0
53,audits,node-027,0.0,0.0,40.18101048506038,0.0,0.0,40181.01048506038,0.0,0.0,8526.496171032028,1539.2753703398062,1.0,-648.5802019018322,0.0,0.0
53,audits,node-028,19.892074868611644,0.0,39.315370016538324,19892.074868611642,0.0,39315.37001653832,0.0,0.0,8526.496171032028,1539.2753703398062,1.0,-760.6846299834617,0.0,0.0
53,audits,node-029,0.0,0.0,84.91832200993893,0.0,0.0,84918.32200993893,0.0,0.0,8526.496171032028,1539.2753703398062,1.0,-787.1014589068055,0.0,0.0
52,greedy,node-000,0.0,0.0,0.0,0.0,0.0,0.0,0.0,0.0,6499.835404216818,136.17759093842523,0.7,0.0,0.0,-22.6962651564042
52,greedy,node-001,136.1775909384252,0.0,136.1775909384252,0.9999999999999998,0.0,0.9999999999999998,45.39253031280839,136.17759093842523,6499.835404216818,136.17759093842523,0.7,-68.08879546921258,-13.617759093842505,-125.2916506461655
52,greedy,node-002,0.0,0.0,0.0,0.0,0.0,0.0,0.0,0.0,6499.835404216818,136.17759093842523,0.7,0.0,0.0,0.0
52,greedy,node-003,0.0,0.0,0.0,0.0,0.0,0.0,0.0,0.0,6499.835404216818,136.17759093842523,0.7,0.0,0.0,0.0
52,greedy,node-004,0.0,0.0,0.0,0.0,0.0,0.0,0.0,0.0,6499.835404216818,136.17759093842523,0.7,0.0,0.0,0.0
52,greedy,node-005,0.0,0.0,0.0,0.0,0.0,0.0,0.0,0.0,6499.835404216818,136.17759093842523,0.7,0.0,0.0,0.0
52,greedy,node-006,0.0,0.0,0.0,0.0,0.0,0.0,0.0,0.0,6499.835404216818,136.17759093842523,0.7,0.0,0.0,0.0
52,greedy,node-007,0.0,0.0,0.0,0.0,0.0,0.0,0.0,0.0,6499.835404216818,136.17759093842523,0.7,0.0,0.0,0.0
52,greedy,node-008,0.0,0.0,0.0,0.0,0.0,0.0,0.0,0.0,6499.835404216818,136.17759093842523,0.7,0.0,0.0,0.0
52,greedy,node-009,0.0,0.0,0.0,0.0,0.0,0.0,0.0,0.0,6499.835404216818,136.17759093842523,0.7,0.0,0.0,0.0
52,greedy,node-010,0.0,0.0,0.0,0.0,0.0,0.0,0.0,0.0,6499.835404216818,136.17759093842523,0.7,0.0,0.0,0.0
52,greedy,node-011,0.0,0.0,0.0,0.0,0.0,0.0,0.0,0.0,6499.835404216818,136.17759093842523,0.7,0.0,0.0,0.0
52,greedy,node-012,0.0,0.0,0.0,0.0,0.0,0.0,0.0,0.0,6499.835404216818,136.17759093842523,0.7,0.0,0.0,0.0
52,greedy,node-013,0.0,0.0,0.0,0.0,0.0,0.0,0.0,0.0,6499.835404216818,136.17759093842523,0.7,0.0,0.0,0.0
52,greedy,node-014,0.0,0.0,0.0,0.0,0.0,0.0,0.0,0.0,6499.835404216818,136.17759093842523,0.7,0.0,0.0,0.0
52,greedy,node-015,0.0,0.0,0.0,0.0,0.0,0.0,0.0,0.0,6499.835404216818,136.17759093842523,0.7,0.0,0.0,0.0
52,greedy,node-016,0.0,0.0,0.0,0.0,0.0,0.0,0.0,0.0,6499.835404216818,136.17759093842523,0.7,0.0,0.0,0.0
52,greedy,node-017,0.0,0.0,0.0,0.0,0.0,0.0,0.0,0.0,6499.835404216818,136.17759093842523,0.7,0.0,0.0,0.0
52,greedy,node-018,0.0,0.0,0.0,0.0,0.0,0.0,0.0,0.0,6499.835404216818,136.17759093842523,0.7,0.0,0.0,0.0
52,greedy,node-019,0.0,0.0,0.0,0.0,0.0,0.0,0.0,0.0,6499.835404216818,136.17759093842523,0.7,0.0,0.0,0.0
52,greedy,node-020,0.0,0.0,0.0,0.0,0.0,0.0,0.0,0.0,6499.835404216818,136.17759093842523,0.7,0.0,0.0,0.0
52,greedy,node-021,0.0,0.0,0.0,0.0,0.0,0.0,0.0,0.0,6499.835404216818,136.17759093842523,0.7,0.0,0.0,0.0
52,greedy,node-022,0.0,0.0,0.0,0.0,0.0,0.0,0.0,0.0,6499.835404216818,136.17759093842523,0.7,0.0,0.0,0.0
52,greedy,node-023,0.0,0.0,0.0,0.0,0.0,0.0,0.0,0.0,6499.835404216818,136.17759093842523,0.7,0.0,0.0,0.0
52,greedy,node-024,0.0,0.0,0.0,0.0,0.0,0.0,0.0,0.0,6499.835404216818,136.17759093842523,0.7,0.0,0.0,0.0
52,greedy,node-025,0.0,0.0,0.0,0.0,0.0,0.0,0.0,0.0,6499.835404216818,136.17759093842523,0.7,0.0,0.0,0.0
52,greedy,node-026,0.0,0.0,0.0,0.0,0.0,0.0,0.0,0.0,6499.835404216818,136.17759093842523,0.7,0.0,0.0,0.0
52,greedy,node-027,0.0,0.0,0.0,0.0,0.0,0.0,0.0,0.0,6499.835404216818,136.17759093842523,0.7,0.0,0.0,0.0
52,greedy,node-028,0.0,0.0,0.0,0.0,0.0,0.0,0.0,0.0,6499.835404216818,136.17759093842523,0.7,0.0,0.0,0.0
52,greedy,node-029,0.0,0.0,0.0,0.0,0.0,0.0,0.0,0.0,6499.835404216818,136.17759093842523,0.7,0.0,0.0,0.0
52,trust_vcg,node-000,0.0,0.0,251.00910726466708,0.0,0.0,251009.10726466708,0.0,0.0,8541.944724511193,-941.2956062897581,0.8,-3299.1662154905343,0.0,-1618.2423594361005
52,trust_vcg,node-001,12.13343051000129,0.0,12.13343051000129,12133.43051000129,0.0,12133.43051000129,-1593.9754984160984,-1561.6196837227608,8541.944724511193,-941.2956062897581,0.8,-9428.720766740307,-4.853372204000607,362.4022827008391
52,trust_vcg,node-002,0.0,0.0,0.0,0.0,0.0,0.0,0.0,0.0,8541.944724511193,-941.2956062897581,0.8,0.0,0.0,0.0
52,trust_vcg,node-003,0.0,464.4882917635005,464.4882917635005,0.0,464488.2917635005,464488.2917635005,0.0,0.0,8541.944724511193,-941.2956062897581,0.8,-5571.931599410749,0.0,0.0
52,trust_vcg,node-004,0.0,0.0,0.0,0.0,0.0,0.0,0.0,0.0,8541.944724511193,-941.2956062897581,0.8,-5602.423459437867,0.0,0.0
52,trust_vcg,node-005,0.0,0.0,109.95661394735761,0.0,0.0,109956.6139473576,0.0,0.0,8541.944724511193,-941.2956062897581,0.8,-1690.0433860526423,0.0,0.0
52,trust_vcg,node-006,0.0,0.0,0.0,0.0,0.0,0.0,0.0,0.0,8541.944724511193,-941.2956062897581,0.8,0.0,0.0,0.0
52,trust_vcg,node-007,0.0,0.0,0.0,0.0,0.0,0.0,0.0,0.0,8541.944724511193,-941.2956062897581,0.8,0.0,0.0,0.0
52,trust_vcg,node-008,0.0,0.0,0.0,0.0,0.0,0.0,0.0,0.0,8541.944724511193,-941.2956062897581,0.8,0.0,0.0,0.0
52,trust_vcg,node-009,0.0,0.0,38.3364343955416,0.0,0.0,38336.434395541604,0.0,0.0,8541.944724511193,-941.2956062897581,0.8,-560.9307669197926,0.0,0.0
52,trust_vcg,node-010,0.0,303.46871185590055,303.46871185590055,0.0,303468.71185590053,303468.71185590053,0.0,0.0,8541.944724511193,-941.2956062897581,0.8,-5580.0456553400645,0.0,0.0
52,trust_vcg,node-011,0.0,0.0,0.0,0.0,0.0,0.0,0.0,0.0,8541.944724511193,-941.2956062897581,0.8,0.0,0.0,0.0
52,trust_vcg,node-012,0.0,0.0,0.0,0.0,0.0,0.0,0.0,0.0,8541.944724511193,-941.2956062897581,0.8,-1689.3571145597157,0.0,0.0
52,trust_vcg,node-013,0.0,0.0,120.08451662468607,0.0,0.0,120084.51662468608,0.0,0.0,8541.944724511193,-941.2956062897581,0.8,-2279.9154833753137,0.0,0.0
52,trust_vcg,node-014,0.0,0.0,0.0,0.0,0.0,0.0,0.0,0.0,8541.944724511193,-941.2956062897581,0.8,0.0,0.0,0.0
52,trust_vcg,node-015,0.0,0.0,256.935293261578,0.0,0.0,256935.29326157802,0.0,0.0,8541.944724511193,-941.2956062897581,0.8,-3287.7976864982065,0.0,0.0
52,trust_vcg,node-016,0.0,0.0,0.0,0.0,0.0,0.0,0.0,0.0,8541.944724511193,-941.2956062897581,0.8,0.0,0.0,0.0
52,trust_vcg,node-017,78.89490140129072,0.05438731836795796,78.9764823788426,0.12718336152252877,8.767565268951209e-05,0.12731487500156294,406.73843426542226,620.3240774330028,8541.944724511193,-941.2956062897581,0.8,-5983.852904735346,26.611060672909332,-406.73843426542226
52,trust_vcg,node-018,0.0,0.0,231.45155437007568,0.0,0.0,231451.55437007567,0.0,0.0,8541.944724511193,-941.2956062897581,0.8,-3968.548445629924,0.0,0.0
52,trust_vcg,node-019,0.0,0.0,0.0,0.0,0.0,0.0,0.0,0.0,8541.944724511193,-941.2956062897581,0.8,-3412.3140249867324,0.0,0.0
52,trust_vcg,node-020,0.0,0.0,0.0,0.0,0.0,0.0,0.0,0.0,8541.944724511193,-941.2956062897581,0.8,0.0,0.0,0.0
52,trust_vcg,node-021,0.0,0.0,0.0,0.0,0.0,0.0,0.0,0.0,8541.944724511193,-941.2956062897581,0.8,0.0,0.0,0.0
52,trust_vcg,node-022,0.0,0.0,49.71772284516622,0.0,0.0,49717.72284516622,0.0,0.0,8541.944724511193,-941.2956062897581,0.8,-1150.2822771548338,0.0,0.0
52,trust_vcg,node-023,0.0,0.0,0.0,0.0,0.0,0.0,0.0,0.0,8541.944724511193,-941.2956062897581,0.8,0.0,0.0,0.0
52,trust_vcg,node-024,0.0,0.0,0.0,0.0,0.0,0.0,0.0,0.0,8541.944724511193,-941.2956062897581,0.8,-3414.159246295234,0.0,0.0
52,trust_vcg,node-025,0.0,0.0,0.0,0.0,0.0,0.0,0.0,0.0,8541.944724511193,-941.2956062897581,0.8,0.0,0.0,0.0
52,trust_vcg,node-026,0.0,0.0,0.0,0.0,0.0,0.0,0.0,0.0,8541.944724511193,-941.2956062897581,0.8,0.0,0.0,0.0
52,trust_vcg,node-027,0.0,0.0,0.0,0.0,0.0,0.0,0.0,0.0,8541.944724511193,-941.2956062897581,0.8,0.0,0.0,0.0
52,trust_vcg,node-028,0.0,0.0,0.0,0.0,0.0,0.0,0.0,0.0,8541.944724511193,-941.2956062897581,0.8,-3393.982715343227,0.0,0.0
52,trust_vcg,node-029,0.0,0.0,0.0,0.0,0.0,0.0,0.0,0.0,8541.944724511193,-941.2956062897581,0.8,-3958.44518613925,0.0,0.0
52,contingent,node-000,0.0,0.0,0.0,0.0,0.0,0.0,0.0,0.0,8541.944724511193,357.8760551214114,0.8,-191.8260735037511,0.0,-13.607019508316974
52,contingent,node-001,29.256425941456367,2.241511366880996,100.40985903608217,0.7802214929744211,0.05977747755951519,2.6777683057817616,5.141775676703335,37.49759037004062,8541.944724511193,357.8760551214114,0.8,-95.92683630232013,-3.7497590370040603,47.60903662788979
52,contingent,node-002,0.0,0.0,0.0,0.0,0.0,0.0,0.0,0.0,8541.944724511193,357.8760551214114,0.8,0.0,0.0,0.0
52,contingent,node-003,0.0,114.4882917635005,114.4882917635005,0.0,114488.2917635005,114488.2917635005,0.0,0.0,8541.944724511193,357.8760551214114,0.8,-287.7263976429912,0.0,0.0
52,contingent,node-004,0.0,0.0,0.0,0.0,0.0,0.0,0.0,0.0,8541.944724511193,357.8760551214114,0.8,-409.693837751465,0.0,0.0
52,contingent,node-005,0.0,0.0,0.0,0.0,0.0,0.0,0.0,0.0,8541.944724511193,357.8760551214114,0.8,-160.17354421056956,0.0,0.0
52,contingent,node-006,0.0,0.0,0.0,0.0,0.0,0.0,0.0,0.0,8541.944724511193,357.8760551214114,0.8,0.0,0.0,0.0
52,contingent,node-007,0.0,0.0,0.0,0.0,0.0,0.0,0.0,0.0,8541.944724511193,357.8760551214114,0.8,0.0,0.0,0.0
52,contingent,node-008,0.0,0.0,0.0,0.0,0.0,0.0,0.0,0.0,8541.944724511193,357.8760551214114,0.8,0.0,0.0,0.0
52,contingent,node-009,0.0,0.0,0.0,0.0,0.0,0.0,0.0,0.0,8541.944724511193,357.8760551214114,0.8,-46.64889247871109,0.0,0.0
52,contingent,node-010,0.0,53.470084866074984,53.470084866074984,0.0,53470.08486607498,53470.08486607498,0.0,0.0,8541.944724511193,357.8760551214114,0.8,-333.4285336853776,0.0,0.0
52,contingent,node-011,0.0,0.0,0.0,0.0,0.0,0.0,0.0,0.0,8541.944724511193,357.8760551214114,0.8,0.0,0.0,0.0
52,contingent,node-012,0.0,0.0,0.0,0.0,0.0,0.0,0.0,0.0,8541.944724511193,357.8760551214114,0.8,-157.42845823886182,0.0,0.0
52,contingent,node-013,0.0,0.0,0.0,0.0,0.0,0.0,0.0,0.0,8541.944724511193,357.8760551214114,0.8,-319.66193350125565,0.0,0.0
52,contingent,node-014,0.0,0.0,0.0,0.0,0.0,0.0,0.0,0.0,8541.944724511193,357.8760551214114,0.8,0.0,0.0,0.0
52,contingent,node-015,0.0,0.0,0.0,0.0,0.0,0.0,0.0,0.0,8541.944724511193,357.8760551214114,0.8,-167.168087743301,0.0,0.0
52,contingent,node-016,0.0,0.0,0.0,0.0,0.0,0.0,0.0,0.0,8541.944724511193,357.8760551214114,0.8,0.0,0.0,0.0
52,contingent,node-017,150.17375904352292,0.0,150.17375904352292,0.4687386187460042,0.0,0.4687386187460042,106.79282158379026,320.37846475137076,8541.944724511193,357.8760551214114,0.8,-415.2507034634833,-23.379874774029375,-106.79282158379026
52,contingent,node-018,0.0,0.0,0.0,0.0,0.0,0.0,0.0,0.0,8541.944724511193,357.8760551214114,0.8,-474.1937825196973,0.0,0.0
52,contingent,node-019,0.0,0.0,0.0,0.0,0.0,0.0,0.0,0.0,8541.944724511193,357.8760551214114,0.8,-449.25609994692934,0.0,0.0
52,contingent,node-020,0.0,0.0,0.0,0.0,0.0,0.0,0.0,0.0,8541.944724511193,357.8760551214114,0.8,0.0,0.0,0.0
52,contingent,node-021,0.0,0.0,0.0,0.0,0.0,0.0,0.0,0.0,8541.944724511193,357.8760551214114,0.8,0.0,0.0,0.0
52,contingent,node-022,0.0,0.0,0.0,0.0,0.0,0.0,0.0,0.0,8541.944724511193,357.8760551214114,0.8,-201.12910861933506,0.0,0.0
52,contingent,node-023,0.0,0.0,0.0,0.0,0.0,0.0,0.0,0.0,8541.944724511193,357.8760551214114,0.8,0.0,0.0,0.0
52,contingent,node-024,0.0,0.0,0.0,0.0,0.0,0.0,0.0,0.0,8541.944724511193,357.8760551214114,0.8,-456.63698518093577,0.0,0.0
52,contingent,node-025,0.0,0.0,0.0,0.0,0.0,0.0,0.0,0.0,8541.944724511193,357.8760551214114,0.8,0.0,0.0,0.0
52,contingent,node-026,0.0,0.0,0.0,0.0,0.0,0.0,0.0,0.0,8541.944724511193,357.8760551214114,0.8,0.0,0.0,0.0
52,contingent,node-027,0.0,0.0,0.0,0.0,0.0,0.0,0.0,0.0,8541.944724511193,357.8760551214114,0.8,0.0,0.0,0.0
52,contingent,node-028,0.0,0.0,0.0,0.0,0.0,0.0,0.0,0.0,8541.944724511193,357.8760551214114,0.8,-375.9308613729074,0.0,0.0
52,contingent,node-029,0.0,0.0,0.0,0.0,0.0,0.0,0.0,0.0,8541.944724511193,357.8760551214114,0.8,-433.78074455699874,0.0,0.0
52,capped,node-000,0.0,0.0,0.0,0.0,0.0,0.0,0.0,0.0,8541.944724511193,368.91218679137677,0.8,-47.956518375937776,0.0,-8.088953673334322
52,capped,node-001,40.29255761142167,29.214622966139753,165.39221390456495,0.8301971478348368,0.6019448280117152,3.4077793120468614,16.177907346668636,48.53372204000592,8541.944724511193,368.91218679137677,0.8,-38.874172503072835,-4.853372204000589,78.96636840069614
52,capped,node-002,0.0,0.0,0.0,0.0,0.0,0.0,0.0,0.0,8541.944724511193,368.91218679137677,0.8,0.0,0.0,0.0
52,capped,node-003,0.0,114.4882917635005,114.4882917635005,0.0,114488.2917635005,114488.2917635005,0.0,0.0,8541.944724511193,368.91218679137677,0.8,-71.9315994107478,0.0,0.0
52,capped,node-004,0.0,0.0,40.777589065908394,0.0,0.0,40777.589065908396,0.0,0.0,8541.944724511193,368.91218679137677,0.8,-102.42345943786626,0.0,0.0
52,capped,node-005,0.0,0.0,0.0,0.0,0.0,0.0,0.0,0.0,8541.944724511193,368.91218679137677,0.8,-40.04338605264238,0.0,0.0
52,capped,node-006,0.0,0.0,0.0,0.0,0.0,0.0,0.0,0.0,8541.944724511193,368.91218679137677,0.8,0.0,0.0,0.0
52,capped,node-007,0.0,0.0,0.0,0.0,0.0,0.0,0.0,0.0,8541.944724511193,368.91218679137677,0.8,0.0,0.0,0.0
52,capped,node-008,0.0,0.0,0.0,0.0,0.0,0.0,0.0,0.0,8541.944724511193,368.91218679137677,0.8,0.0,0.0,0.0
52,capped,node-009,0.0,0.0,0.0,0.0,0.0,0.0,0.0,0.0,8541.944724511193,368.91218679137677,0.8,-11.662223119677776,0.0,0.0
52,capped,node-010,0.0,53.470084866074984,53.470084866074984,0.0,53470.08486607498,53470.08486607498,0.0,0.0,8541.944724511193,368.91218679137677,0.8,-83.3571334213444,0.0,0.0
52,capped,node-011,0.0,0.0,0.0,0.0,0.0,0.0,0.0,0.0,8541.944724511193,368.91218679137677,0.8,0.0,0.0,0.0
52,capped,node-012,0.0,0.0,0.0,0.0,0.0,0.0,0.0,0.0,8541.944724511193,368.91218679137677,0.8,-39.35711455971546,0.0,0.0
52,capped,node-013,0.0,0.0,0.0,0.0,0.0,0.0,0.0,0.0,8541.944724511193,368.91218679137677,0.8,-79.91548337531393,0.0,0.0
52,capped,node-014,0.0,0.0,0.0,0.0,0.0,0.0,0.0,0.0,8541.944724511193,368.91218679137677,0.8,0.0,0.0,0.0
52,capped,node-015,0.0,0.0,0.0,0.0,0.0,0.0,0.0,0.0,8541.944724511193,368.91218679137677,0.8,-41.79202193582523,0.0,0.0
52,capped,node-016,0.0,0.0,0.0,0.0,0.0,0.0,0.0,0.0,8541.944724511193,368.91218679137677,0.8,0.0,0.0,0.0
52,capped,node-017,150.17375904352292,0.0,150.17375904352292,0.4687386187460042,0.0,0.4687386187460042,106.79282158379026,320.37846475137076,8541.944724511193,368.91218679137677,0.8,-183.90729205371352,-23.379874774029375,-106.79282158379026
52,capped,node-018,0.0,0.0,0.0,0.0,0.0,0.0,0.0,0.0,8541.944724511193,368.91218679137677,0.8,-118.54844562992432,0.0,0.0
52,capped,node-019,0.0,0.0,0.0,0.0,0.0,0.0,0.0,0.0,8541.944724511193,368.91218679137677,0.8,-112.31402498673233,0.0,0.0
52,capped,node-020,0.0,0.0,0.0,0.0,0.0,0.0,0.0,0.0,8541.944724511193,368.91218679137677,0.8,0.0,0.0,0.0
52,capped,node-021,0.0,0.0,0.0,0.0,0.0,0.0,0.0,0.0,8541.944724511193,368.91218679137677,0.8,0.0,0.0,0.0
52,capped,node-022,0.0,0.0,0.0,0.0,0.0,0.0,0.0,0.0,8541.944724511193,368.91218679137677,0.8,-50.28227715483378,0.0,0.0
52,capped,node-023,0.0,0.0,0.0,0.0,0.0,0.0,0.0,0.0,8541.944724511193,368.91218679137677,0.8,0.0,0.0,0.0
52,capped,node-024,0.0,0.0,0.0,0.0,0.0,0.0,0.0,0.0,8541.944724511193,368.91218679137677,0.8,-114.15924629523394,0.0,0.0
52,capped,node-025,0.0,0.0,0.0,0.0,0.0,0.0,0.0,0.0,8541.944724511193,368.91218679137677,0.8,0.0,0.0,0.0
52,capped,node-026,0.0,0.0,0.0,0.0,0.0,0.0,0.0,0.0,8541.944724511193,368.91218679137677,0.8,0.0,0.0,0.0
52,capped,node-027,0.0,0.0,0.0,0.0,0.0,0.0,0.0,0.0,8541.944724511193,368.91218679137677,0.8,0.0,0.0,0.0
52,capped,node-028,0.0,0.0,0.0,0.0,0.0,0.0,0.0,0.0,8541.944724511193,368.91218679137677,0.8,-93.98271534322684,0.0,0.0
52,capped,node-029,0.0,0.0,0.0,0.0,0.0,0.0,0.0,0.0,8541.944724511193,368.91218679137677,0.8,-108.44518613924969,0.0,0.0
52,proper_scoring,node-000,0.0,0.0,251.00910726466708,0.0,0.0,251009.10726466708,0.0,0.0,8541.944724511193,1134.2314163652397,0.8,-191.8260735037511,0.0,462.8027290538793
52,proper_scoring,node-001,9.374397592510206,225.83176280468467,324.0001104738857,0.018241416073153802,0.4394406261523782,0.630464066045587,481.5515242388997,513.9073389322369,8541.944724511193,1134.2314163652397,0.8,-572.3365848645165,-3.7497590370040257,-190.59583765320838
52,proper_scoring,node-002,0.0,0.0,0.0,0.0,0.0,0.0,0.0,0.0,8541.944724511193,1134.2314163652397,0.8,0.0,0.0,0.0
52,proper_scoring,node-003,0.0,464.4882917635005,464.82043389033277,0.0,464488.2917635005,464820.43389033276,0.0,0.0,8541.944724511193,1134.2314163652397,0.8,-287.7263976429912,0.0,0.0
52,proper_scoring,node-004,0.0,0.0,84.79041739205466,0.0,0.0,84790.41739205466,0.0,0.0,8541.944724511193,1134.2314163652397,0.8,-404.0466860105801,0.0,0.0
52,proper_scoring,node-005,0.0,0.0,109.95661394735761,0.0,0.0,109956.6139473576,0.0,0.0,8541.944724511193,1134.2314163652397,0.8,-160.17354421056956,0.0,0.0
52,proper_scoring,node-006,0.0,0.0,0.0,0.0,0.0,0.0,0.0,0.0,8541.944724511193,1134.2314163652397,0.8,0.0,0.0,0.0
52,proper_scoring,node-007,0.0,0.0,0.0,0.0,0.0,0.0,0.0,0.0,8541.944724511193,1134.2314163652397,0.8,0.0,0.0,0.0
52,proper_scoring,node-008,0.0,0.0,0.0,0.0,0.0,0.0,0.0,0.0,8541.944724511193,1134.2314163652397,0.8,0.0,0.0,0.0
52,proper_scoring,node-009,0.0,0.0,38.3364343955416,0.0,0.0,38336.434395541604,0.0,0.0,8541.944724511193,1134.2314163652397,0.8,-46.64889247871109,0.0,0.0
52,proper_scoring,node-010,0.0,303.46871185590055,473.345911393553,0.0,303468.71185590053,473345.911393553,0.0,0.0,8541.944724511193,1134.2314163652397,0.8,-328.3192530283147,0.0,0.0
52,proper_scoring,node-011,0.0,0.0,0.0,0.0,0.0,0.0,0.0,0.0,8541.944724511193,1134.2314163652397,0.8,0.0,0.0,0.0
52,proper_scoring,node-012,0.0,0.0,26.54061342835162,0.0,0.0,26540.61342835162,0.0,0.0,8541.944724511193,1134.2314163652397,0.8,-157.42845823886182,0.0,0.0
52,proper_scoring,node-013,0.0,0.0,120.08451662468607,0.0,0.0,120084.51662468608,0.0,0.0,8541.944724511193,1134.2314163652397,0.8,-278.93158269745726,0.0,0.0
52,proper_scoring,node-014,0.0,0.0,0.0,0.0,0.0,0.0,0.0,0.0,8541.944724511193,1134.2314163652397,0.8,0.0,0.0,0.0
52,proper_scoring,node-015,0.0,0.0,256.935293261578,0.0,0.0,256935.29326157802,0.0,0.0,8541.944724511193,1134.2314163652397,0.8,-167.168087743301,0.0,0.0
52,proper_scoring,node-016,0.0,0.0,0.0,0.0,0.0,0.0,0.0,0.0,8541.944724511193,1134.2314163652397,0.8,0.0,0.0,0.0
52,proper_scoring,node-017,78.89490140129072,0.05438731836795796,78.9764823788426,0.12718336152252877,8.767565268951209e-05,0.12731487500156294,406.73843426542226,620.3240774330028,8541.944724511193,1134.2314163652397,0.8,-715.1963161451154,26.611060672909332,-406.73843426542226
52,proper_scoring,node-018,0.0,0.0,231.45155437007568,0.0,0.0,231451.55437007567,0.0,0.0,8541.944724511193,1134.2314163652397,0.8,-417.9302409302169,0.0,0.0
52,proper_scoring,node-019,0.0,0.0,0.0,0.0,0.0,0.0,0.0,0.0,8541.944724511193,1134.2314163652397,0.8,-397.45100381320105,0.0,0.0
52,proper_scoring,node-020,0.0,0.0,0.0,0.0,0.0,0.0,0.0,0.0,8541.944724511193,1134.2314163652397,0.8,0.0,0.0,0.0
52,proper_scoring,node-021,0.0,0.0,0.0,0.0,0.0,0.0,0.0,0.0,8541.944724511193,1134.2314163652397,0.8,0.0,0.0,0.0
52,proper_scoring,node-022,0.0,0.0,49.71772284516622,0.0,0.0,49717.72284516622,0.0,0.0,8541.944724511193,1134.2314163652397,0.8,-150.28227715483376,0.0,0.0
52,proper_scoring,node-023,0.0,0.0,0.0,0.0,0.0,0.0,0.0,0.0,8541.944724511193,1134.2314163652397,0.8,0.0,0.0,0.0
52,proper_scoring,node-024,0.0,0.0,93.71549589484542,0.0,0.0,93715.49589484542,0.0,0.0,8541.944724511193,1134.2314163652397,0.8,-398.31019818486186,0.0,0.0
52,proper_scoring,node-025,0.0,0.0,0.0,0.0,0.0,0.0,0.0,0.0,8541.944724511193,1134.2314163652397,0.8,0.0,0.0,0.0
52,proper_scoring,node-026,0.0,0.0,0.0,0.0,0.0,0.0,0.0,0.0,8541.944724511193,1134.2314163652397,0.8,0.0,0.0,0.0
52,proper_scoring,node-027,0.0,0.0,0.0,0.0,0.0,0.0,0.0,0.0,8541.944724511193,1134.2314163652397,0.8,0.0,0.0,0.0
52,proper_scoring,node-028,0.0,0.0,107.3323291129605,0.0,0.0,107332.32911296049,0.0,0.0,8541.944724511193,1134.2314163652397,0.8,-362.1587745111356,0.0,0.0
52,proper_scoring,node-029,0.0,0.0,141.5548138607503,0.0,0.0,141554.8138607503,0.0,0.0,8541.944724511193,1134.2314163652397,0.8,-409.27175511499314,0.0,0.0
52,audits,node-000,0.0,0.0,251.00910726466708,0.0,0.0,251009.10726466708,0.0,0.0,8541.944724511193,558.704393710242,0.8,-299.166215490534,0.0,-118.24235943610105
52,audits,node-001,12.13343051000146,39.368028728906495,175.54561966733166,12133.43051000146,39368.028728906495,175545.61966733166,-93.97549841609808,-61.61968372276069,8541.944724511193,558.704393710242,0.8,-1428.720766740306,-4.853372204000721,-137.59771729916127
52,audits,node-002,0.0,0.0,0.0,0.0,0.0,0.0,0.0,0.0,8541.944724511193,558.704393710242,0.8,0.0,0.0,0.0
52,audits,node-003,0.0,464.4882917635005,464.4882917635005,0.0,464488.2917635005,464488.2917635005,0.0,0.0,8541.944724511193,558.704393710242,0.8,-571.9315994107477,0.0,0.0
52,audits,node-004,0.0,0.0,0.0,0.0,0.0,0.0,0.0,0.0,8541.944724511193,558.704393710242,0.8,-602.4234594378663,0.0,0.0
52,audits,node-005,0.0,0.0,109.95661394735761,0.0,0.0,109956.6139473576,0.0,0.0,8541.944724511193,558.704393710242,0.8,-190.04338605264238,0.0,0.0
52,audits,node-006,0.0,0.0,0.0,0.0,0.0,0.0,0.0,0.0,8541.944724511193,558.704393710242,0.8,0.0,0.0,0.0
52,audits,node-007,0.0,0.0,0.0,0.0,0.0,0.0,0.0,0.0,8541.944724511193,558.704393710242,0.8,0.0,0.0,0.0
52,audits,node-008,0.0,0.0,0.0,0.0,0.0,0.0,0.0,0.0,8541.944724511193,558.704393710242,0.8,0.0,0.0,0.0
52,audits,node-009,0.0,0.0,38.3364343955416,0.0,0.0,38336.434395541604,0.0,0.0,8541.944724511193,558.704393710242,0.8,-60.93076691979262,0.0,0.0
52,audits,node-010,0.0,303.46871185590055,442.0072431004862,0.0,303468.71185590053,442007.24310048623,0.0,0.0,8541.944724511193,558.704393710242,0.8,-580.0456553400645,0.0,0.0
52,audits,node-011,0.0,0.0,0.0,0.0,0.0,0.0,0.0,0.0,8541.944724511193,558.704393710242,0.8,0.0,0.0,0.0
52,audits,node-012,0.0,0.0,10.642885440284545,0.0,0.0,10642.885440284545,0.0,0.0,8541.944724511193,558.704393710242,0.8,-189.35711455971546,0.0,0.0
52,audits,node-013,0.0,0.0,120.08451662468607,0.0,0.0,120084.51662468608,0.0,0.0,8541.944724511193,558.704393710242,0.8,-279.9154833753139,0.0,0.0
52,audits,node-014,0.0,0.0,0.0,0.0,0.0,0.0,0.0,0.0,8541.944724511193,558.704393710242,0.8,0.0,0.0,0.0
52,audits,node-015,0.0,0.0,256.935293261578,0.0,0.0,256935.29326157802,0.0,0.0,8541.944724511193,558.704393710242,0.8,-287.79768649820636,0.0,0.0
52,audits,node-016,0.0,0.0,0.0,0.0,0.0,0.0,0.0,0.0,8541.944724511193,558.704393710242,0.8,0.0,0.0,0.0
52,audits,node-017,78.89490140129072,0.05438731836795796,78.9764823788426,0.12718336152252877,8.767565268951209e-05,0.12731487500156294,406.73843426542226,620.3240774330028,8541.944724511193,558.704393710242,0.8,-983.8529047353455,26.611060672909332,-406.73843426542226
52,audits,node-018,0.0,0.0,231.45155437007568,0.0,0.0,231451.55437007567,0.0,0.0,8541.944724511193,558.704393710242,0.8,-468.5484456299244,0.0,0.0
52,audits,node-019,0.0,0.0,0.0,0.0,0.0,0.0,0.0,0.0,8541.944724511193,558.704393710242,0.8,-412.31402498673236,0.0,0.0
52,audits,node-020,0.0,0.0,0.0,0.0,0.0,0.0,0.0,0.0,8541.944724511193,558.704393710242,0.8,0.0,0.0,0.0
52,audits,node-021,0.0,0.0,0.0,0.0,0.0,0.0,0.0,0.0,8541.944724511193,558.704393710242,0.8,0.0,0.0,0.0
52,audits,node-022,0.0,0.0,49.71772284516622,0.0,0.0,49717.72284516622,0.0,0.0,8541.944724511193,558.704393710242,0.8,-150.28227715483376,0.0,0.0
52,audits,node-023,0.0,0.0,0.0,0.0,0.0,0.0,0.0,0.0,8541.944724511193,558.704393710242,0.8,0.0,0.0,0.0
52,audits,node-024,0.0,0.0,85.84075370476606,0.0,0.0,85840.75370476606,0.0,0.0,8541.944724511193,558.704393710242,0.8,-414.1592462952339,0.0,0.0
52,audits,node-025,0.0,0.0,0.0,0.0,0.0,0.0,0.0,0.0,8541.944724511193,558.704393710242,0.8,0.0,0.0,0.0
52,audits,node-026,0.0,0.0,0.0,0.0,0.0,0.0,0.0,0.0,8541.944724511193,558.704393710242,0.8,0.0,0.0,0.0
52,audits,node-027,0.0,0.0,0.0,0.0,0.0,0.0,0.0,0.0,8541.944724511193,558.704393710242,0.8,0.0,0.0,0.0
52,audits,node-028,0.0,0.0,106.01728465677316,0.0,0.0,106017.28465677316,0.0,0.0,8541.944724511193,558.704393710242,0.8,-393.9827153432269,0.0,0.0
52,audits,node-029,0.0,0.0,141.5548138607503,0.0,0.0,141554.8138607503,0.0,0.0,8541.944724511193,558.704393710242,0.8,-458.4451861392497,0.0,0.0
51,greedy,node-000,0.0,0.0,0.0,0.0,0.0,0.0,0.0,0.0,8490.614949195302,184.46971956434695,0.85,0.0,0.0,-33.75364057217562
51,greedy,node-001,0.0,0.0,0.0,0.0,0.0,0.0,39.50347943474559,118.51043830423677,8490.614949195302,184.46971956434695,0.85,-73.25712000692121,-8.453542830590745,-39.50347943474559
51,greedy,node-002,0.0,0.0,0.0,0.0,0.0,0.0,0.0,0.0,8490.614949195302,184.46971956434695,0.85,0.0,0.0,0.0
51,greedy,node-003,0.6263202085955344,0.0,0.6263202085955344,626.3202085955344,0.0,626.3202085955344,0.0,0.0,8490.614949195302,184.46971956434695,0.85,-14.759210972571818,0.0,0.0
51,greedy,node-004,0.0,0.0,0.0,0.0,0.0,0.0,0.0,0.0,8490.614949195302,184.46971956434695,0.85,0.0,0.0,0.0
51,greedy,node-005,0.0,0.0,0.0,0.0,0.0,0.0,0.0,0.0,8490.614949195302,184.46971956434695,0.85,0.0,0.0,0.0
51,greedy,node-006,0.0,0.0,0.0,0.0,0.0,0.0,0.0,0.0,8490.614949195302,184.46971956434695,0.85,0.0,0.0,0.0
51,greedy,node-007,0.0,0.0,0.0,0.0,0.0,0.0,0.0,0.0,8490.614949195302,184.46971956434695,0.85,0.0,0.0,0.0
51,greedy,node-008,0.0,0.0,0.0,0.0,0.0,0.0,0.0,0.0,8490.614949195302,184.46971956434695,0.85,0.0,0.0,0.0
51,greedy,node-009,0.0,0.0,0.0,0.0,0.0,0.0,0.0,0.0,8490.614949195302,184.46971956434695,0.85,0.0,0.0,0.0
51,greedy,node-010,0.0,0.0,0.0,0.0,0.0,0.0,21.986427086703408,65.95928126011025,8490.614949195302,184.46971956434695,0.85,-58.26618299716109,1.183185228003417,-21.986427086703408
51,greedy,node-011,0.0,0.0,0.0,0.0,0.0,0.0,0.0,0.0,8490.614949195302,184.46971956434695,0.85,0.0,0.0,0.0
51,greedy,node-012,0.0,0.0,0.0,0.0,0.0,0.0,0.0,0.0,8490.614949195302,184.46971956434695,0.85,0.0,0.0,0.0
51,greedy,node-013,0.0,0.0,0.0,0.0,0.0,0.0,0.0,0.0,8490.614949195302,184.46971956434695,0.85,0.0,0.0,0.0
51,greedy,node-014,0.0,0.0,0.0,0.0,0.0,0.0,0.0,0.0,8490.614949195302,184.46971956434695,0.85,0.0,0.0,0.0
51,greedy,node-015,0.0,0.0,0.0,0.0,0.0,0.0,0.0,0.0,8490.614949195302,184.46971956434695,0.85,0.0,0.0,0.0
51,greedy,node-016,0.0,0.0,0.0,0.0,0.0,0.0,0.0,0.0,8490.614949195302,184.46971956434695,0.85,-34.48665735808376,0.0,0.0
51,greedy,node-017,0.0,0.0,0.0,0.0,0.0,0.0,0.0,0.0,8490.614949195302,184.46971956434695,0.85,0.0,0.0,0.0
51,greedy,node-018,0.0,0.0,0.0,0.0,0.0,0.0,0.0,0.0,8490.614949195302,184.46971956434695,0.85,0.0,0.0,0.0
51,greedy,node-019,0.0,0.0,0.0,0.0,0.0,0.0,0.0,0.0,8490.614949195302,184.46971956434695,0.85,0.0,0.0,0.0
51,greedy,node-020,0.0,0.0,0.0,0.0,0.0,0.0,0.0,0.0,8490.614949195302,184.46971956434695,0.85,0.0,0.0,0.0
51,greedy,node-021,0.0,0.0,0.0,0.0,0.0,0.0,0.0,0.0,8490.614949195302,184.46971956434695,0.85,-7.899385925568464,0.0,0.0
51,greedy,node-022,6.955693292294914,0.0,6.955693292294914,6955.693292294914,0.0,6955.693292294914,0.0,0.0,8490.614949195302,184.46971956434695,0.85,-33.91240287222537,0.0,0.0
51,greedy,node-023,0.0,0.0,0.0,0.0,0.0,0.0,0.0,0.0,8490.614949195302,184.46971956434695,0.85,0.0,0.0,0.0
51,greedy,node-024,0.0,0.0,0.0,0.0,0.0,0.0,0.0,0.0,8490.614949195302,184.46971956434695,0.85,0.0,0.0,0.0
51,greedy,node-025,0.0,0.0,0.0,0.0,0.0,0.0,0.0,0.0,8490.614949195302,184.46971956434695,0.85,0.0,0.0,0.0
51,greedy,node-026,0.0,0.0,0.0,0.0,0.0,0.0,0.0,0.0,8490.614949195302,184.46971956434695,0.85,-19.91962815523192,0.0,0.0
51,greedy,node-027,0.0,0.0,0.0,0.0,0.0,0.0,0.0,0.0,8490.614949195302,184.46971956434695,0.85,0.0,0.0,0.0
51,greedy,node-028,0.0,0.0,0.0,0.0,0.0,0.0,0.0,0.0,8490.614949195302,184.46971956434695,0.85,0.0,0.0,0.0
51,greedy,node-029,0.0,0.0,0.0,0.0,0.0,0.0,0.0,0.0,8490.614949195302,184.46971956434695,0.85,0.0,0.0,0.0
51,trust_vcg,node-000,0.0,0.0,0.0,0.0,0.0,0.0,0.0,0.0,8833.86732166986,608.9722418747914,0.95,0.0,0.0,96.85007523378296
51,trust_vcg,node-001,96.85007523378296,0.0,96.85007523378296,96850.07523378296,0.0,96850.07523378296,0.0,0.0,8833.86732166986,608.9722418747914,0.95,-11033.753640572173,0.0,0.0
51,trust_vcg,node-002,0.0,0.0,0.0,0.0,0.0,0.0,0.0,0.0,8833.86732166986,608.9722418747914,0.95,0.0,0.0,0.0
51,trust_vcg,node-003,0.0,0.0,193.71976626399388,0.0,0.0,193719.76626399386,0.0,0.0,8833.86732166986,608.9722418747914,0.95,-2168.8326444205572,0.0,0.0
51,trust_vcg,node-004,0.0,0.0,0.0,0.0,0.0,0.0,0.0,0.0,8833.86732166986,608.9722418747914,0.95,0.0,0.0,0.0
51,trust_vcg,node-005,0.0,0.0,0.0,0.0,0.0,0.0,0.0,0.0,8833.86732166986,608.9722418747914,0.95,0.0,0.0,0.0
51,trust_vcg,node-006,0.0,0.0,0.0,0.0,0.0,0.0,0.0,0.0,8833.86732166986,608.9722418747914,0.95,0.0,0.0,0.0
51,trust_vcg,node-007,0.0,0.0,0.0,0.0,0.0,0.0,0.0,0.0,8833.86732166986,608.9722418747914,0.95,0.0,0.0,0.0
51,trust_vcg,node-008,0.0,0.0,39.31088872205808,0.0,0.0,39310.88872205808,0.0,0.0,8833.86732166986,608.9722418747914,0.95,-560.689111277942,0.0,0.0
51,trust_vcg,node-009,0.0,0.0,0.0,0.0,0.0,0.0,0.0,0.0,8833.86732166986,608.9722418747914,0.95,0.0,0.0,0.0
51,trust_vcg,node-010,32.355909728549705,0.12737246998085539,64.83919192708049,0.051416020488050614,0.00020240461730459955,0.10303444559340619,543.013840501419,629.2962664442186,8833.86732166986,608.9722418747914,0.95,-6064.584446987119,-12.942363891420086,-543.013840501419
51,trust_vcg,node-011,0.0,0.0,0.0,0.0,0.0,0.0,0.0,0.0,8833.86732166986,608.9722418747914,0.95,0.0,0.0,0.0
51,trust_vcg,node-012,0.0,0.0,0.0,0.0,0.0,0.0,0.0,0.0,8833.86732166986,608.9722418747914,0.95,0.0,0.0,0.0
51,trust_vcg,node-013,0.0,0.0,0.0,0.0,0.0,0.0,0.0,0.0,8833.86732166986,608.9722418747914,0.95,0.0,0.0,0.0
51,trust_vcg,node-014,0.0,0.0,0.0,0.0,0.0,0.0,0.0,0.0,8833.86732166986,608.9722418747914,0.95,0.0,0.0,0.0
51,trust_vcg,node-015,0.0,0.0,0.0,0.0,0.0,0.0,0.0,0.0,8833.86732166986,608.9722418747914,0.95,0.0,0.0,0.0
51,trust_vcg,node-016,0.0,0.0,0.0,0.0,0.0,0.0,0.0,0.0,8833.86732166986,608.9722418747914,0.95,-5537.241874972257,0.0,0.0
51,trust_vcg,node-017,0.0,0.0,0.0,0.0,0.0,0.0,0.0,0.0,8833.86732166986,608.9722418747914,0.95,0.0,0.0,0.0
51,trust_vcg,node-018,0.0,0.0,0.0,0.0,0.0,0.0,0.0,0.0,8833.86732166986,608.9722418747914,0.95,0.0,0.0,0.0
51,trust_vcg,node-019,0.0,0.0,0.0,0.0,0.0,0.0,0.0,0.0,8833.86732166986,608.9722418747914,0.95,0.0,0.0,0.0
51,trust_vcg,node-020,0.0,0.0,0.0,0.0,0.0,0.0,0.0,0.0,8833.86732166986,608.9722418747914,0.95,0.0,0.0,0.0
51,trust_vcg,node-021,0.0,0.0,46.493975313399694,0.0,0.0,46493.97531339969,0.0,0.0,8833.86732166986,608.9722418747914,0.95,-553.5060246866003,0.0,0.0
51,trust_vcg,node-022,68.93932782894899,161.77717322774902,293.273686512422,68939.32782894898,161777.173227749,293273.686512422,-68.93932782894899,-20.324024569427166,8833.86732166986,608.9722418747914,0.95,-10978.433199784984,-7.292295488928318,68.93932782894899
51,trust_vcg,node-023,0.0,0.0,0.0,0.0,0.0,0.0,0.0,0.0,8833.86732166986,608.9722418747914,0.95,0.0,0.0,0.0
51,trust_vcg,node-024,0.0,0.0,0.0,0.0,0.0,0.0,0.0,0.0,8833.86732166986,608.9722418747914,0.95,0.0,0.0,0.0
51,trust_vcg,node-025,0.0,0.0,0.0,0.0,0.0,0.0,0.0,0.0,8833.86732166986,608.9722418747914,0.95,0.0,0.0,0.0
51,trust_vcg,node-026,0.0,0.0,457.74844597012753,0.0,0.0,457748.44597012753,0.0,0.0,8833.86732166986,608.9722418747914,0.95,-5542.251554029874,0.0,0.0
51,trust_vcg,node-027,0.0,0.0,0.0,0.0,0.0,0.0,0.0,0.0,8833.86732166986,608.9722418747914,0.95,0.0,0.0,0.0
51,trust_vcg,node-028,0.0,0.0,0.0,0.0,0.0,0.0,0.0,0.0,8833.86732166986,608.9722418747914,0.95,0.0,0.0,0.0
51,trust_vcg,node-029,0.0,0.0,0.0,0.0,0.0,0.0,0.0,0.0,8833.86732166986,608.9722418747914,0.95,0.0,0.0,0.0
51,contingent,node-000,0.0,0.0,0.0,0.0,0.0,0.0,0.0,0.0,8833.86732166986,195.05305419882825,0.95,0.0,0.0,-1.9828501387211732
51,contingent,node-001,0.0,4.78265836710182,12.736041608514466,0.0,4782.65836710182,12736.041608514466,0.0,0.0,8833.86732166986,195.05305419882825,0.95,-135.01456228870248,0.0,0.0
51,contingent,node-002,0.0,0.0,0.0,0.0,0.0,0.0,0.0,0.0,8833.86732166986,195.05305419882825,0.95,0.0,0.0,0.0
51,contingent,node-003,0.0,0.0,0.0,0.0,0.0,0.0,0.0,0.0,8833.86732166986,195.05305419882825,0.95,-21.615130080178087,0.0,0.0
51,contingent,node-004,0.0,0.0,0.0,0.0,0.0,0.0,0.0,0.0,8833.86732166986,195.05305419882825,0.95,0.0,0.0,0.0
51,contingent,node-005,0.0,0.0,0.0,0.0,0.0,0.0,0.0,0.0,8833.86732166986,195.05305419882825,0.95,0.0,0.0,0.0
51,contingent,node-006,0.0,0.0,0.0,0.0,0.0,0.0,0.0,0.0,8833.86732166986,195.05305419882825,0.95,0.0,0.0,0.0
51,contingent,node-007,0.0,0.0,0.0,0.0,0.0,0.0,0.0,0.0,8833.86732166986,195.05305419882825,0.95,0.0,0.0,0.0
51,contingent,node-008,0.0,0.0,0.0,0.0,0.0,0.0,0.0,0.0,8833.86732166986,195.05305419882825,0.95,-42.75644511176769,0.0,0.0
51,contingent,node-009,0.0,0.0,0.0,0.0,0.0,0.0,0.0,0.0,8833.86732166986,195.05305419882825,0.95,0.0,0.0,0.0
51,contingent,node-010,75.16387629543757,0.0,89.25657168406775,0.580758483736244,0.0,0.689646593411269,43.14121297139979,129.4236389141994,8833.86732166986,195.05305419882825,0.95,-129.42363891419936,-12.942363891419937,-43.14121297139979
51,contingent,node-011,0.0,0.0,0.0,0.0,0.0,0.0,0.0,0.0,8833.86732166986,195.05305419882825,0.95,0.0,0.0,0.0
51,contingent,node-012,0.0,0.0,0.0,0.0,0.0,0.0,0.0,0.0,8833.86732166986,195.05305419882825,0.95,0.0,0.0,0.0
51,contingent,node-013,0.0,0.0,0.0,0.0,0.0,0.0,0.0,0.0,8833.86732166986,195.05305419882825,0.95,0.0,0.0,0.0
51,contingent,node-014,0.0,0.0,0.0,0.0,0.0,0.0,0.0,0.0,8833.86732166986,195.05305419882825,0.95,0.0,0.0,0.0
51,contingent,node-015,0.0,0.0,0.0,0.0,0.0,0.0,0.0,0.0,8833.86732166986,195.05305419882825,0.95,0.0,0.0,0.0
51,contingent,node-016,0.0,0.0,0.0,0.0,0.0,0.0,0.0,0.0,8833.86732166986,195.05305419882825,0.95,-148.96749988902687,0.0,0.0
51,contingent,node-017,0.0,0.0,0.0,0.0,0.0,0.0,0.0,0.0,8833.86732166986,195.05305419882825,0.95,0.0,0.0,0.0
51,contingent,node-018,0.0,0.0,0.0,0.0,0.0,0.0,0.0,0.0,8833.86732166986,195.05305419882825,0.95,0.0,0.0,0.0
51,contingent,node-019,0.0,0.0,0.0,0.0,0.0,0.0,0.0,0.0,8833.86732166986,195.05305419882825,0.95,0.0,0.0,0.0
51,contingent,node-020,0.0,0.0,0.0,0.0,0.0,0.0,0.0,0.0,8833.86732166986,195.05305419882825,0.95,0.0,0.0,0.0
51,contingent,node-021,0.0,0.0,0.0,0.0,0.0,0.0,0.0,0.0,8833.86732166986,195.05305419882825,0.95,-14.02409874640123,0.0,0.0
51,contingent,node-022,16.407353821157233,11.380826749817142,21.191286375091774,0.25000000000000006,0.17341045475507458,0.32289311558219824,17.01411202510717,65.62941528462892,8833.86732166986,195.05305419882825,0.95,-206.50422248085007,-6.562941528462886,-17.01411202510717
51,contingent,node-023,0.0,0.0,0.0,0.0,0.0,0.0,0.0,0.0,8833.86732166986,195.05305419882825,0.95,0.0,0.0,0.0
51,contingent,node-024,0.0,0.0,0.0,0.0,0.0,0.0,0.0,0.0,8833.86732166986,195.05305419882825,0.95,0.0,0.0,0.0
51,contingent,node-025,0.0,0.0,0.0,0.0,0.0,0.0,0.0,0.0,8833.86732166986,195.05305419882825,0.95,0.0,0.0,0.0
51,contingent,node-026,0.0,0.0,7.823069753327264,0.0,0.0,7823.069753327264,0.0,0.0,8833.86732166986,195.05305419882825,0.95,-169.0062161194901,0.0,0.0
51,contingent,node-027,0.0,0.0,0.0,0.0,0.0,0.0,0.0,0.0,8833.86732166986,195.05305419882825,0.95,0.0,0.0,0.0
51,contingent,node-028,0.0,0.0,0.0,0.0,0.0,0.0,0.0,0.0,8833.86732166986,195.05305419882825,0.95,0.0,0.0,0.0
51,contingent,node-029,0.0,0.0,0.0,0.0,0.0,0.0,0.0,0.0,8833.86732166986,195.05305419882825,0.95,0.0,0.0,0.0
51,capped,node-000,0.0,0.0,0.0,0.0,0.0,0.0,0.0,0.0,8833.86732166986,202.346593803482,0.95,0.0,0.0,-1.9828501387211732
51,capped,node-001,0.0,47.06648981584776,47.06648981584776,0.0,47066.48981584776,47066.48981584776,0.0,0.0,8833.86732166986,202.346593803482,0.95,-33.75364057217562,0.0,0.0
51,capped,node-002,0.0,0.0,0.0,0.0,0.0,0.0,0.0,0.0,8833.86732166986,202.346593803482,0.95,0.0,0.0,0.0
51,capped,node-003,0.0,0.0,0.0,0.0,0.0,0.0,0.0,0.0,8833.86732166986,202.346593803482,0.95,-5.403782520044522,0.0,0.0
51,capped,node-004,0.0,0.0,0.0,0.0,0.0,0.0,0.0,0.0,8833.86732166986,202.346593803482,0.95,0.0,0.0,0.0
51,capped,node-005,0.0,0.0,0.0,0.0,0.0,0.0,0.0,0.0,8833.86732166986,202.346593803482,0.95,0.0,0.0,0.0
51,capped,node-006,0.0,0.0,0.0,0.0,0.0,0.0,0.0,0.0,8833.86732166986,202.346593803482,0.95,0.0,0.0,0.0
51,capped,node-007,0.0,0.0,0.0,0.0,0.0,0.0,0.0,0.0,8833.86732166986,202.346593803482,0.95,0.0,0.0,0.0
51,capped,node-008,0.0,0.0,0.0,0.0,0.0,0.0,0.0,0.0,8833.86732166986,202.346593803482,0.95,-10.689111277941919,0.0,0.0
51,capped,node-009,0.0,0.0,0.0,0.0,0.0,0.0,0.0,0.0,8833.86732166986,202.346593803482,0.95,0.0,0.0,0.0
51,capped,node-010,75.16387629543757,0.0,89.25657168406775,0.580758483736244,0.0,0.689646593411269,43.14121297139979,129.4236389141994,8833.86732166986,202.346593803482,0.95,-64.71181945709968,-12.942363891419937,-43.14121297139979
51,capped,node-011,0.0,0.0,0.0,0.0,0.0,0.0,0.0,0.0,8833.86732166986,202.346593803482,0.95,0.0,0.0,0.0
51,capped,node-012,0.0,0.0,0.0,0.0,0.0,0.0,0.0,0.0,8833.86732166986,202.346593803482,0.95,0.0,0.0,0.0
51,capped,node-013,0.0,0.0,0.0,0.0,0.0,0.0,0.0,0.0,8833.86732166986,202.346593803482,0.95,0.0,0.0,0.0
51,capped,node-014,0.0,0.0,0.0,0.0,0.0,0.0,0.0,0.0,8833.86732166986,202.346593803482,0.95,0.0,0.0,0.0
51,capped,node-015,0.0,0.0,0.0,0.0,0.0,0.0,0.0,0.0,8833.86732166986,202.346593803482,0.95,0.0,0.0,0.0
51,capped,node-016,0.0,0.0,9.631437229799323,0.0,0.0,9631.437229799323,0.0,0.0,8833.86732166986,202.346593803482,0.95,-37.24187497225671,0.0,0.0
51,capped,node-017,0.0,0.0,0.0,0.0,0.0,0.0,0.0,0.0,8833.86732166986,202.346593803482,0.95,0.0,0.0,0.0
51,capped,node-018,0.0,0.0,0.0,0.0,0.0,0.0,0.0,0.0,8833.86732166986,202.346593803482,0.95,0.0,0.0,0.0
51,capped,node-019,0.0,0.0,0.0,0.0,0.0,0.0,0.0,0.0,8833.86732166986,202.346593803482,0.95,0.0,0.0,0.0
51,capped,node-020,0.0,0.0,0.0,0.0,0.0,0.0,0.0,0.0,8833.86732166986,202.346593803482,0.95,0.0,0.0,0.0
51,capped,node-021,0.0,0.0,0.0,0.0,0.0,0.0,0.0,0.0,8833.86732166986,202.346593803482,0.95,-3.5060246866003073,0.0,0.0
51,capped,node-022,18.230738722320655,11.38082674981715,24.83805617741862,0.25,0.15606645077803577,0.3406068255891401,24.307651629760873,72.92295488928262,8833.86732166986,202.346593803482,0.95,-71.6801792436966,-7.292295488928257,-24.307651629760873
51,capped,node-023,0.0,0.0,0.0,0.0,0.0,0.0,0.0,0.0,8833.86732166986,202.346593803482,0.95,0.0,0.0,0.0
51,capped,node-024,0.0,0.0,0.0,0.0,0.0,0.0,0.0,0.0,8833.86732166986,202.346593803482,0.95,0.0,0.0,0.0
51,capped,node-025,0.0,0.0,0.0,0.0,0.0,0.0,0.0,0.0,8833.86732166986,202.346593803482,0.95,0.0,0.0,0.0
51,capped,node-026,0.0,0.0,7.823069753327264,0.0,0.0,7823.069753327264,0.0,0.0,8833.86732166986,202.346593803482,0.95,-42.25155402987252,0.0,0.0
51,capped,node-027,0.0,0.0,0.0,0.0,0.0,0.0,0.0,0.0,8833.86732166986,202.346593803482,0.95,0.0,0.0,0.0
51,capped,node-028,0.0,0.0,0.0,0.0,0.0,0.0,0.0,0.0,8833.86732166986,202.346593803482,0.95,0.0,0.0,0.0
51,capped,node-029,0.0,0.0,0.0,0.0,0.0,0.0,0.0,0.0,8833.86732166986,202.346593803482,0.95,0.0,0.0,0.0
51,proper_scoring,node-000,0.0,0.0,0.0,0.0,0.0,0.0,0.0,0.0,8833.86732166986,1143.260209391488,0.95,0.0,0.0,96.85007523378296
51,proper_scoring,node-001,96.85007523378296,354.7826583671018,689.0177259891775,96850.07523378296,354782.6583671018,689017.7259891775,0.0,0.0,8833.86732166986,1143.260209391488,0.95,-135.01456228870248,0.0,0.0
51,proper_scoring,node-002,0.0,0.0,0.0,0.0,0.0,0.0,0.0,0.0,8833.86732166986,1143.260209391488,0.95,0.0,0.0,0.0
51,proper_scoring,node-003,0.0,0.0,193.71976626399388,0.0,0.0,193719.76626399386,0.0,0.0,8833.86732166986,1143.260209391488,0.95,-21.615130080178087,0.0,0.0
51,proper_scoring,node-004,0.0,0.0,0.0,0.0,0.0,0.0,0.0,0.0,8833.86732166986,1143.260209391488,0.95,0.0,0.0,0.0
51,proper_scoring,node-005,0.0,0.0,0.0,0.0,0.0,0.0,0.0,0.0,8833.86732166986,1143.260209391488,0.95,0.0,0.0,0.0
51,proper_scoring,node-006,0.0,0.0,0.0,0.0,0.0,0.0,0.0,0.0,8833.86732166986,1143.260209391488,0.95,0.0,0.0,0.0
51,proper_scoring,node-007,0.0,0.0,0.0,0.0,0.0,0.0,0.0,0.0,8833.86732166986,1143.260209391488,0.95,0.0,0.0,0.0
51,proper_scoring,node-008,0.0,0.0,39.31088872205808,0.0,0.0,39310.88872205808,0.0,0.0,8833.86732166986,1143.260209391488,0.95,-42.75644511176769,0.0,0.0
51,proper_scoring,node-009,0.0,0.0,0.0,0.0,0.0,0.0,0.0,0.0,8833.86732166986,1143.260209391488,0.95,0.0,0.0,0.0
51,proper_scoring,node-010,32.355909728549705,0.12737246998085539,64.83919192708049,0.051416020488050614,0.00020240461730459955,0.10303444559340619,543.013840501419,629.2962664442186,8833.86732166986,1143.260209391488,0.95,-629.2962664442186,-12.942363891420086,-543.013840501419
51,proper_scoring,node-011,0.0,0.0,0.0,0.0,0.0,0.0,0.0,0.0,8833.86732166986,1143.260209391488,0.95,0.0,0.0,0.0
51,proper_scoring,node-012,0.0,0.0,0.0,0.0,0.0,0.0,0.0,0.0,8833.86732166986,1143.260209391488,0.95,0.0,0.0,0.0
51,proper_scoring,node-013,0.0,0.0,0.0,0.0,0.0,0.0,0.0,0.0,8833.86732166986,1143.260209391488,0.95,0.0,0.0,0.0
51,proper_scoring,node-014,0.0,0.0,0.0,0.0,0.0,0.0,0.0,0.0,8833.86732166986,1143.260209391488,0.95,0.0,0.0,0.0
51,proper_scoring,node-015,0.0,0.0,0.0,0.0,0.0,0.0,0.0,0.0,8833.86732166986,1143.260209391488,0.95,0.0,0.0,0.0
51,proper_scoring,node-016,0.0,0.0,401.3758621296971,0.0,0.0,401375.8621296971,0.0,0.0,8833.86732166986,1143.260209391488,0.95,-148.96749988902687,0.0,0.0
51,proper_scoring,node-017,0.0,0.0,0.0,0.0,0.0,0.0,0.0,0.0,8833.86732166986,1143.260209391488,0.95,0.0,0.0,0.0
51,proper_scoring,node-018,0.0,0.0,0.0,0.0,0.0,0.0,0.0,0.0,8833.86732166986,1143.260209391488,0.95,0.0,0.0,0.0
51,proper_scoring,node-019,0.0,0.0,0.0,0.0,0.0,0.0,0.0,0.0,8833.86732166986,1143.260209391488,0.95,0.0,0.0,0.0
51,proper_scoring,node-020,0.0,0.0,0.0,0.0,0.0,0.0,0.0,0.0,8833.86732166986,1143.260209391488,0.95,0.0,0.0,0.0
51,proper_scoring,node-021,0.0,0.0,46.493975313399694,0.0,0.0,46493.97531339969,0.0,0.0,8833.86732166986,1143.260209391488,0.95,-14.02409874640123,0.0,0.0
51,proper_scoring,node-022,16.407353821157187,163.04629908717664,387.1466972862943,0.03192316123787017,0.31723295247562633,0.7532565320949255,465.34863968774766,513.9639429472694,8833.86732166986,1143.260209391488,0.95,-654.8387501434905,-6.562941528462943,-465.34863968774766
51,proper_scoring,node-023,0.0,0.0,0.0,0.0,0.0,0.0,0.0,0.0,8833.86732166986,1143.260209391488,0.95,0.0,0.0,0.0
51,proper_scoring,node-024,0.0,0.0,0.0,0.0,0.0,0.0,0.0,0.0,8833.86732166986,1143.260209391488,0.95,0.0,0.0,0.0
51,proper_scoring,node-025,0.0,0.0,0.0,0.0,0.0,0.0,0.0,0.0,8833.86732166986,1143.260209391488,0.95,0.0,0.0,0.0
51,proper_scoring,node-026,0.0,0.0,457.74844597012753,0.0,0.0,457748.44597012753,0.0,0.0,8833.86732166986,1143.260209391488,0.95,-169.0062161194901,0.0,0.0
51,proper_scoring,node-027,0.0,0.0,0.0,0.0,0.0,0.0,0.0,0.0,8833.86732166986,1143.260209391488,0.95,0.0,0.0,0.0
51,proper_scoring,node-028,0.0,0.0,0.0,0.0,0.0,0.0,0.0,0.0,8833.86732166986,1143.260209391488,0.95,0.0,0.0,0.0
51,proper_scoring,node-029,0.0,0.0,0.0,0.0,0.0,0.0,0.0,0.0,8833.86732166986,1143.260209391488,0.95,0.0,0.0,0.0
51,audits,node-000,0.0,0.0,0.0,0.0,0.0,0.0,0.0,0.0,8833.86732166986,1108.9722418747913,0.95,0.0,0.0,96.85007523378296
51,audits,node-001,96.85007523378296,247.06648981584777,262.25834666029505,96850.07523378296,247066.48981584777,262258.34666029504,0.0,0.0,8833.86732166986,1108.9722418747913,0.95,-2033.7536405721758,0.0,0.0
51,audits,node-002,0.0,0.0,0.0,0.0,0.0,0.0,0.0,0.0,8833.86732166986,1108.9722418747913,0.95,0.0,0.0,0.0
51,audits,node-003,0.0,0.0,193.71976626399388,0.0,0.0,193719.76626399386,0.0,0.0,8833.86732166986,1108.9722418747913,0.95,-668.8326444205572,0.0,0.0
51,audits,node-004,0.0,0.0,0.0,0.0,0.0,0.0,0.0,0.0,8833.86732166986,1108.9722418747913,0.95,0.0,0.0,0.0
51,audits,node-005,0.0,0.0,0.0,0.0,0.0,0.0,0.0,0.0,8833.86732166986,1108.9722418747913,0.95,0.0,0.0,0.0
51,audits,node-006,0.0,0.0,0.0,0.0,0.0,0.0,0.0,0.0,8833.86732166986,1108.9722418747913,0.95,0.0,0.0,0.0
51,audits,node-007,0.0,0.0,0.0,0.0,0.0,0.0,0.0,0.0,8833.86732166986,1108.9722418747913,0.95,0.0,0.0,0.0
51,audits,node-008,0.0,0.0,39.31088872205808,0.0,0.0,39310.88872205808,0.0,0.0,8833.86732166986,1108.9722418747913,0.95,-60.68911127794192,0.0,0.0
51,audits,node-009,0.0,0.0,0.0,0.0,0.0,0.0,0.0,0.0,8833.86732166986,1108.9722418747913,0.95,0.0,0.0,0.0
51,audits,node-010,32.355909728549705,0.12737246998085539,64.83919192708049,0.051416020488050614,0.00020240461730459955,0.10303444559340619,543.013840501419,629.2962664442186,8833.86732166986,1108.9722418747913,0.95,-1064.584446987119,-12.942363891420086,-543.013840501419
51,audits,node-011,0.0,0.0,0.0,0.0,0.0,0.0,0.0,0.0,8833.86732166986,1108.9722418747913,0.95,0.0,0.0,0.0
51,audits,node-012,0.0,0.0,0.0,0.0,0.0,0.0,0.0,0.0,8833.86732166986,1108.9722418747913,0.95,0.0,0.0,0.0
51,audits,node-013,0.0,0.0,0.0,0.0,0.0,0.0,0.0,0.0,8833.86732166986,1108.9722418747913,0.95,0.0,0.0,0.0
51,audits,node-014,0.0,0.0,0.0,0.0,0.0,0.0,0.0,0.0,8833.86732166986,1108.9722418747913,0.95,0.0,0.0,0.0
51,audits,node-015,0.0,0.0,0.0,0.0,0.0,0.0,0.0,0.0,8833.86732166986,1108.9722418747913,0.95,0.0,0.0,0.0
51,audits,node-016,0.0,0.0,362.75812502774335,0.0,0.0,362758.12502774334,0.0,0.0,8833.86732166986,1108.9722418747913,0.95,-537.2418749722567,0.0,0.0
51,audits,node-017,0.0,0.0,0.0,0.0,0.0,0.0,0.0,0.0,8833.86732166986,1108.9722418747913,0.95,0.0,0.0,0.0
51,audits,node-018,0.0,0.0,0.0,0.0,0.0,0.0,0.0,0.0,8833.86732166986,1108.9722418747913,0.95,0.0,0.0,0.0
51,audits,node-019,0.0,0.0,0.0,0.0,0.0,0.0,0.0,0.0,8833.86732166986,1108.9722418747913,0.95,0.0,0.0,0.0
51,audits,node-020,0.0,0.0,0.0,0.0,0.0,0.0,0.0,0.0,8833.86732166986,1108.9722418747913,0.95,0.0,0.0,0.0
51,audits,node-021,0.0,0.0,46.493975313399694,0.0,0.0,46493.97531339969,0.0,0.0,8833.86732166986,1108.9722418747913,0.95,-53.506024686600306,0.0,0.0
51,audits,node-022,18.230738722320552,154.62780620852686,338.8108061040326,0.0380063619111965,0.3223588716731704,0.7063326567479327,431.0606721710511,479.67597543057286,8833.86732166986,1108.9722418747913,0.95,-2478.4331997849868,-7.292295488928403,-431.0606721710511
51,audits,node-023,0.0,0.0,0.0,0.0,0.0,0.0,0.0,0.0,8833.86732166986,1108.9722418747913,0.95,0.0,0.0,0.0
51,audits,node-024,0.0,0.0,0.0,0.0,0.0,0.0,0.0,0.0,8833.86732166986,1108.9722418747913,0.95,0.0,0.0,0.0
51,audits,node-025,0.0,0.0,0.0,0.0,0.0,0.0,0.0,0.0,8833.86732166986,1108.9722418747913,0.95,0.0,0.0,0.0
51,audits,node-026,0.0,0.0,457.74844597012753,0.0,0.0,457748.44597012753,0.0,0.0,8833.86732166986,1108.9722418747913,0.95,-542.2515540298724,0.0,0.0
51,audits,node-027,0.0,0.0,0.0,0.0,0.0,0.0,0.0,0.0,8833.86732166986,1108.9722418747913,0.95,0.0,0.0,0.0
51,audits,node-028,0.0,0.0,0.0,0.0,0.0,0.0,0.0,0.0,8833.86732166986,1108.9722418747913,0.95,0.0,0.0,0.0
51,audits,node-029,0.0,0.0,0.0,0.0,0.0,0.0,0.0,0.0,8833.86732166986,1108.9722418747913,0.95,0.0,0.0,0.0
42,greedy,node-000,0.0,0.0,0.0,0.0,0.0,0.0,0.0,0.0,8799.175139076804,332.9887799614134,1.0,0.0,0.0,0.0
42,greedy,node-001,0.0,0.0,0.0,0.0,0.0,0.0,0.0,0.0,8799.175139076804,332.9887799614134,1.0,0.0,0.0,0.0
42,greedy,node-002,0.0,0.0,0.0,0.0,0.0,0.0,39.81358752255631,119.44076256766893,8799.175139076804,332.9887799614134,1.0,-87.00032219319098,-8.66252267895625,-39.81358752255631
42,greedy,node-003,0.0,0.0,0.0,0.0,0.0,0.0,0.0,0.0,8799.175139076804,332.9887799614134,1.0,-35.3444802565517,0.0,0.0
42,greedy,node-004,0.0,0.0,0.0,0.0,0.0,0.0,0.0,0.0,8799.175139076804,332.9887799614134,1.0,0.0,0.0,0.0
42,greedy,node-005,0.0,0.0,0.0,0.0,0.0,0.0,0.0,0.0,8799.175139076804,332.9887799614134,1.0,0.0,0.0,0.0
42,greedy,node-006,0.0,0.0,0.0,0.0,0.0,0.0,0.0,0.0,8799.175139076804,332.9887799614134,1.0,0.0,0.0,0.0
42,greedy,node-007,0.0,0.0,0.0,0.0,0.0,0.0,0.0,0.0,8799.175139076804,332.9887799614134,1.0,0.0,0.0,0.0
42,greedy,node-008,0.0,0.0,0.0,0.0,0.0,0.0,0.0,0.0,8799.175139076804,332.9887799614134,1.0,-38.11197745314418,0.0,0.0
42,greedy,node-009,0.0,0.0,0.0,0.0,0.0,0.0,0.0,0.0,8799.175139076804,332.9887799614134,1.0,0.0,0.0,0.0
42,greedy,node-010,0.0,0.0,0.0,0.0,0.0,0.0,0.0,0.0,8799.175139076804,332.9887799614134,1.0,0.0,0.0,0.0
42,greedy,node-011,0.0,0.0,0.0,0.0,0.0,0.0,0.0,0.0,8799.175139076804,332.9887799614134,1.0,-37.08144640624654,0.0,0.0
42,greedy,node-012,0.0,0.0,0.0,0.0,0.0,0.0,0.0,0.0,8799.175139076804,332.9887799614134,1.0,0.0,0.0,0.0
42,greedy,node-013,0.0,0.0,0.0,0.0,0.0,0.0,0.0,0.0,8799.175139076804,332.9887799614134,1.0,0.0,0.0,0.0
42,greedy,node-014,0.0,0.0,0.0,0.0,0.0,0.0,0.0,0.0,8799.175139076804,332.9887799614134,1.0,0.0,0.0,0.0
42,greedy,node-015,0.0,0.0,0.0,0.0,0.0,0.0,0.0,0.0,8799.175139076804,332.9887799614134,1.0,0.0,0.0,0.0
42,greedy,node-016,0.0,0.0,0.0,0.0,0.0,0.0,0.0,0.0,8799.175139076804,332.9887799614134,1.0,0.0,0.0,0.0
42,greedy,node-017,0.0,0.0,0.0,0.0,0.0,0.0,0.0,0.0,8799.175139076804,332.9887799614134,1.0,0.0,0.0,0.0
42,greedy,node-018,0.0,0.0,0.0,0.0,0.0,0.0,0.0,0.0,8799.175139076804,332.9887799614134,1.0,0.0,0.0,0.0
42,greedy,node-019,0.0,0.0,0.0,0.0,0.0,0.0,0.0,0.0,8799.175139076804,332.9887799614134,1.0,-36.451369410938916,0.0,0.0
42,greedy,node-020,13.661050152493708,0.0,13.661050152493708,13661.050152493708,0.0,13661.050152493708,0.0,0.0,8799.175139076804,332.9887799614134,1.0,-55.479791465376586,0.0,0.0
42,greedy,node-021,0.0,0.0,0.0,0.0,0.0,0.0,0.0,0.0,8799.175139076804,332.9887799614134,1.0,0.0,0.0,0.0
42,greedy,node-022,0.0,0.0,0.0,0.0,0.0,0.0,0.0,0.0,8799.175139076804,332.9887799614134,1.0,0.0,0.0,0.0
42,greedy,node-023,0.0,0.0,0.0,0.0,0.0,0.0,0.0,0.0,8799.175139076804,332.9887799614134,1.0,0.0,0.0,0.0
42,greedy,node-024,0.0,0.0,0.0,0.0,0.0,0.0,0.0,0.0,8799.175139076804,332.9887799614134,1.0,0.0,0.0,0.0
42,greedy,node-025,0.0,0.0,0.0,0.0,0.0,0.0,0.0,0.0,8799.175139076804,332.9887799614134,1.0,0.0,0.0,0.0
42,greedy,node-026,62.982083714859584,0.0,62.982083714859584,0.2949317183251195,0.0,0.2949317183251195,71.18267246458151,213.54801739374454,8799.175139076804,332.9887799614134,1.0,-127.60533558591774,7.809055905289213,-71.18267246458151
42,greedy,node-027,0.0,0.0,0.0,0.0,0.0,0.0,0.0,0.0,8799.175139076804,332.9887799614134,1.0,0.0,0.0,0.0
42,greedy,node-028,0.0,0.0,0.0,0.0,0.0,0.0,0.0,0.0,8799.175139076804,332.9887799614134,1.0,-47.291060315981014,0.0,0.0
42,greedy,node-029,0.0,0.0,0.0,0.0,0.0,0.0,0.0,0.0,8799.175139076804,332.9887799614134,1.0,0.0,0.0,0.0
42,trust_vcg,node-000,0.0,0.0,0.0,0.0,0.0,0.0,0.0,0.0,8778.334725053024,1266.7906769138206,1.0,0.0,0.0,0.0
42,trust_vcg,node-001,0.0,0.0,0.0,0.0,0.0,0.0,0.0,0.0,8778.334725053024,1266.7906769138206,1.0,0.0,0.0,0.0
42,trust_vcg,node-002,171.37280971033334,58.775375823064735,505.7692846944579,0.3013141191210769,0.10334107623065442,0.889262577615419,488.1224676802963,568.7513423208379,8778.334725053024,1266.7906769138206,1.0,-11577.999514372239,-12.094331196081214,-488.1224676802963
42,trust_vcg,node-003,416.5905225010903,0.0,714.2900450371035,416590.52250109025,0.0,714290.0450371035,0.0,0.0,8778.334725053024,1266.7906769138206,1.0,-8885.709954962897,0.0,0.0
42,trust_vcg,node-004,0.0,0.0,0.0,0.0,0.0,0.0,0.0,0.0,8778.334725053024,1266.7906769138206,1.0,0.0,0.0,0.0
42,trust_vcg,node-005,0.0,0.0,0.0,0.0,0.0,0.0,0.0,0.0,8778.334725053024,1266.7906769138206,1.0,0.0,0.0,0.0
42,trust_vcg,node-006,0.0,0.0,0.0,0.0,0.0,0.0,0.0,0.0,8778.334725053024,1266.7906769138206,1.0,0.0,0.0,0.0
42,trust_vcg,node-007,0.0,0.0,0.0,0.0,0.0,0.0,0.0,0.0,8778.334725053024,1266.7906769138206,1.0,0.0,0.0,0.0
42,trust_vcg,node-008,0.0,0.0,294.62336293687224,0.0,0.0,294623.36293687223,0.0,0.0,8778.334725053024,1266.7906769138206,1.0,-3905.3766370631274,0.0,0.0
42,trust_vcg,node-009,0.0,0.0,56.8994194979108,0.0,0.0,56899.4194979108,0.0,0.0,8778.334725053024,1266.7906769138206,1.0,-1143.100580502089,0.0,0.0
42,trust_vcg,node-010,0.0,0.0,0.0,0.0,0.0,0.0,0.0,0.0,8778.334725053024,1266.7906769138206,1.0,0.0,0.0,0.0
42,trust_vcg,node-011,0.0,0.0,329.4574619881344,0.0,0.0,329457.4619881344,0.0,0.0,8778.334725053024,1266.7906769138206,1.0,-4470.542538011865,0.0,0.0
42,trust_vcg,node-012,0.0,0.0,0.0,0.0,0.0,0.0,0.0,0.0,8778.334725053024,1266.7906769138206,1.0,0.0,0.0,0.0
42,trust_vcg,node-013,0.0,0.0,0.0,0.0,0.0,0.0,0.0,0.0,8778.334725053024,1266.7906769138206,1.0,0.0,0.0,0.0
42,trust_vcg,node-014,0.0,0.0,0.0,0.0,0.0,0.0,0.0,0.0,8778.334725053024,1266.7906769138206,1.0,0.0,0.0,0.0
42,trust_vcg,node-015,0.0,0.0,0.0,0.0,0.0,0.0,0.0,0.0,8778.334725053024,1266.7906769138206,1.0,0.0,0.0,0.0
42,trust_vcg,node-016,0.0,0.0,0.0,0.0,0.0,0.0,0.0,0.0,8778.334725053024,1266.7906769138206,1.0,0.0,0.0,0.0
42,trust_vcg,node-017,0.0,0.0,0.0,0.0,0.0,0.0,0.0,0.0,8778.334725053024,1266.7906769138206,1.0,0.0,0.0,0.0
42,trust_vcg,node-018,0.0,0.0,0.0,0.0,0.0,0.0,0.0,0.0,8778.334725053024,1266.7906769138206,1.0,-5589.352126961203,0.0,0.0
42,trust_vcg,node-019,44.01868635676331,0.0,93.45893204304429,44018.68635676331,0.0,93458.93204304429,0.0,0.0,8778.334725053024,1266.7906769138206,1.0,-5536.451369410938,0.0,0.0
42,trust_vcg,node-020,0.0,0.0,0.0,0.0,0.0,0.0,0.0,0.0,8778.334725053024,1266.7906769138206,1.0,-5573.398352672385,0.0,0.0
42,trust_vcg,node-021,0.0,0.0,0.0,0.0,0.0,0.0,0.0,0.0,8778.334725053024,1266.7906769138206,1.0,0.0,0.0,0.0
42,trust_vcg,node-022,0.0,0.0,0.0,0.0,0.0,0.0,0.0,0.0,8778.334725053024,1266.7906769138206,1.0,0.0,0.0,0.0
42,trust_vcg,node-023,0.0,0.0,0.0,0.0,0.0,0.0,0.0,0.0,8778.334725053024,1266.7906769138206,1.0,0.0,0.0,0.0
42,trust_vcg,node-024,0.0,0.0,0.0,0.0,0.0,0.0,0.0,0.0,8778.334725053024,1266.7906769138206,1.0,0.0,0.0,0.0
42,trust_vcg,node-025,0.0,0.0,0.0,0.0,0.0,0.0,0.0,0.0,8778.334725053024,1266.7906769138206,1.0,0.0,0.0,0.0
42,trust_vcg,node-026,49.871132127893816,1.4451939185929632,101.1874581743806,0.07144458722655367,0.0020703617217153482,0.14495953617482268,565.0496489185989,698.0393345929824,8778.334725053024,1266.7906769138206,1.0,-6650.597467265027,-19.948452851157526,-565.0496489185989
42,trust_vcg,node-027,0.0,0.0,0.0,0.0,0.0,0.0,0.0,0.0,8778.334725053024,1266.7906769138206,1.0,0.0,0.0,0.0
42,trust_vcg,node-028,0.0,0.0,0.0,0.0,0.0,0.0,0.0,0.0,8778.334725053024,1266.7906769138206,1.0,-10574.7808058373,0.0,0.0
42,trust_vcg,node-029,0.0,0.0,0.0,0.0,0.0,0.0,0.0,0.0,8778.334725053024,1266.7906769138206,1.0,0.0,0.0,0.0
42,contingent,node-000,0.0,0.0,0.0,0.0,0.0,0.0,0.0,0.0,8778.334725053024,320.42784047238786,1.0,0.0,0.0,0.0
42,contingent,node-001,0.0,0.0,0.0,0.0,0.0,0.0,0.0,0.0,8778.334725053024,320.42784047238786,1.0,0.0,0.0,0.0
42,contingent,node-002,7.442878454230382,6.583406183090254,27.910299500445184,0.061540223544084775,0.0544338175989705,0.2307717479201211,40.31443732027082,120.94331196081248,8778.334725053024,320.42784047238786,1.0,-399.8226240880493,-12.094331196081242,-40.31443732027082
42,contingent,node-003,0.0,0.0,0.0,0.0,0.0,0.0,0.0,0.0,8778.334725053024,320.42784047238786,1.0,-342.83981985158556,0.0,0.0
42,contingent,node-004,0.0,0.0,0.0,0.0,0.0,0.0,0.0,0.0,8778.334725053024,320.42784047238786,1.0,0.0,0.0,0.0
42,contingent,node-005,0.0,0.0,0.0,0.0,0.0,0.0,0.0,0.0,8778.334725053024,320.42784047238786,1.0,0.0,0.0,0.0
42,contingent,node-006,0.0,0.0,0.0,0.0,0.0,0.0,0.0,0.0,8778.334725053024,320.42784047238786,1.0,0.0,0.0,0.0
42,contingent,node-007,0.0,0.0,0.0,0.0,0.0,0.0,0.0,0.0,8778.334725053024,320.42784047238786,1.0,0.0,0.0,0.0
42,contingent,node-008,0.0,0.0,0.0,0.0,0.0,0.0,0.0,0.0,8778.334725053024,320.42784047238786,1.0,-221.50654825251115,0.0,0.0
42,contingent,node-009,0.0,0.0,0.0,0.0,0.0,0.0,0.0,0.0,8778.334725053024,320.42784047238786,1.0,-172.40232200835686,0.0,0.0
42,contingent,node-010,0.0,0.0,0.0,0.0,0.0,0.0,0.0,0.0,8778.334725053024,320.42784047238786,1.0,0.0,0.0,0.0
42,contingent,node-011,0.0,0.0,0.0,0.0,0.0,0.0,0.0,0.0,8778.334725053024,320.42784047238786,1.0,-282.17015204746224,0.0,0.0
42,contingent,node-012,0.0,0.0,0.0,0.0,0.0,0.0,0.0,0.0,8778.334725053024,320.42784047238786,1.0,0.0,0.0,0.0
42,contingent,node-013,0.0,0.0,0.0,0.0,0.0,0.0,0.0,0.0,8778.334725053024,320.42784047238786,1.0,0.0,0.0,0.0
42,contingent,node-014,0.0,0.0,0.0,0.0,0.0,0.0,0.0,0.0,8778.334725053024,320.42784047238786,1.0,0.0,0.0,0.0
42,contingent,node-015,0.0,0.0,0.0,0.0,0.0,0.0,0.0,0.0,8778.334725053024,320.42784047238786,1.0,0.0,0.0,0.0
42,contingent,node-016,0.0,0.0,0.0,0.0,0.0,0.0,0.0,0.0,8778.334725053024,320.42784047238786,1.0,0.0,0.0,0.0
42,contingent,node-017,0.0,0.0,0.0,0.0,0.0,0.0,0.0,0.0,8778.334725053024,320.42784047238786,1.0,0.0,0.0,0.0
42,contingent,node-018,0.0,0.0,0.0,0.0,0.0,0.0,0.0,0.0,8778.334725053024,320.42784047238786,1.0,-357.40850784481063,0.0,0.0
42,contingent,node-019,0.0,0.0,0.0,0.0,0.0,0.0,0.0,0.0,8778.334725053024,320.42784047238786,1.0,-145.8054776437557,0.0,0.0
42,contingent,node-020,0.0,0.0,0.0,0.0,0.0,0.0,0.0,0.0,8778.334725053024,320.42784047238786,1.0,-293.59341068954024,0.0,0.0
42,contingent,node-021,0.0,0.0,0.0,0.0,0.0,0.0,0.0,0.0,8778.334725053024,320.42784047238786,1.0,0.0,0.0,0.0
42,contingent,node-022,0.0,0.0,0.0,0.0,0.0,0.0,0.0,0.0,8778.334725053024,320.42784047238786,1.0,0.0,0.0,0.0
42,contingent,node-023,0.0,0.0,0.0,0.0,0.0,0.0,0.0,0.0,8778.334725053024,320.42784047238786,1.0,0.0,0.0,0.0
42,contingent,node-024,0.0,0.0,0.0,0.0,0.0,0.0,0.0,0.0,8778.334725053024,320.42784047238786,1.0,0.0,0.0,0.0
42,contingent,node-025,0.0,0.0,0.0,0.0,0.0,0.0,0.0,0.0,8778.334725053024,320.42784047238786,1.0,0.0,0.0,0.0
42,contingent,node-026,86.97082690492081,0.0,136.72228043392496,0.43597780516534734,0.0,0.685377865913002,66.49484283719181,199.48452851157543,8778.334725053024,320.42784047238786,1.0,-208.6861162229041,-19.94845285115754,-66.49484283719181
42,contingent,node-027,0.0,0.0,0.0,0.0,0.0,0.0,0.0,0.0,8778.334725053024,320.42784047238786,1.0,0.0,0.0,0.0
42,contingent,node-028,0.0,0.0,0.0,0.0,0.0,0.0,0.0,0.0,8778.334725053024,320.42784047238786,1.0,-499.1232233492044,0.0,0.0
42,contingent,node-029,0.0,0.0,0.0,0.0,0.0,0.0,0.0,0.0,8778.334725053024,320.42784047238786,1.0,0.0,0.0,0.0
42,capped,node-000,0.0,0.0,0.0,0.0,0.0,0.0,0.0,0.0,8778.334725053024,320.42784047238786,1.0,0.0,0.0,0.0
42,capped,node-001,0.0,0.0,0.0,0.0,0.0,0.0,0.0,0.0,8778.334725053024,320.42784047238786,1.0,0.0,0.0,0.0
42,capped,node-002,7.442878454230382,6.583406183090254,27.910299500445184,0.061540223544084775,0.0544338175989705,0.2307717479201211,40.31443732027082,120.94331196081248,8778.334725053024,320.42784047238786,1.0,-130.19148401221543,-12.094331196081242,-40.31443732027082
42,capped,node-003,0.0,0.0,0.0,0.0,0.0,0.0,0.0,0.0,8778.334725053024,320.42784047238786,1.0,-85.70995496289638,0.0,0.0
42,capped,node-004,0.0,0.0,0.0,0.0,0.0,0.0,0.0,0.0,8778.334725053024,320.42784047238786,1.0,0.0,0.0,0.0
42,capped,node-005,0.0,0.0,0.0,0.0,0.0,0.0,0.0,0.0,8778.334725053024,320.42784047238786,1.0,0.0,0.0,0.0
42,capped,node-006,0.0,0.0,0.0,0.0,0.0,0.0,0.0,0.0,8778.334725053024,320.42784047238786,1.0,0.0,0.0,0.0
42,capped,node-007,0.0,0.0,0.0,0.0,0.0,0.0,0.0,0.0,8778.334725053024,320.42784047238786,1.0,0.0,0.0,0.0
42,capped,node-008,0.0,0.0,0.0,0.0,0.0,0.0,0.0,0.0,8778.334725053024,320.42784047238786,1.0,-55.37663706312779,0.0,0.0
42,capped,node-009,0.0,0.0,0.0,0.0,0.0,0.0,0.0,0.0,8778.334725053024,320.42784047238786,1.0,-43.1005805020892,0.0,0.0
42,capped,node-010,0.0,0.0,0.0,0.0,0.0,0.0,0.0,0.0,8778.334725053024,320.42784047238786,1.0,0.0,0.0,0.0
42,capped,node-011,0.0,0.0,0.0,0.0,0.0,0.0,0.0,0.0,8778.334725053024,320.42784047238786,1.0,-70.54253801186555,0.0,0.0
42,capped,node-012,0.0,0.0,0.0,0.0,0.0,0.0,0.0,0.0,8778.334725053024,320.42784047238786,1.0,0.0,0.0,0.0
42,capped,node-013,0.0,0.0,0.0,0.0,0.0,0.0,0.0,0.0,8778.334725053024,320.42784047238786,1.0,0.0,0.0,0.0
42,capped,node-014,0.0,0.0,0.0,0.0,0.0,0.0,0.0,0.0,8778.334725053024,320.42784047238786,1.0,0.0,0.0,0.0
42,capped,node-015,0.0,0.0,0.0,0.0,0.0,0.0,0.0,0.0,8778.334725053024,320.42784047238786,1.0,0.0,0.0,0.0
42,capped,node-016,0.0,0.0,0.0,0.0,0.0,0.0,0.0,0.0,8778.334725053024,320.42784047238786,1.0,0.0,0.0,0.0
42,capped,node-017,0.0,0.0,0.0,0.0,0.0,0.0,0.0,0.0,8778.334725053024,320.42784047238786,1.0,0.0,0.0,0.0
42,capped,node-018,0.0,0.0,7.959767854622001,0.0,0.0,7959.767854622,0.0,0.0,8778.334725053024,320.42784047238786,1.0,-89.35212696120267,0.0,0.0
42,capped,node-019,0.0,0.0,0.0,0.0,0.0,0.0,0.0,0.0,8778.334725053024,320.42784047238786,1.0,-36.451369410938916,0.0,0.0
42,capped,node-020,0.0,0.0,36.69917633619253,0.0,0.0,36699.176336192526,0.0,0.0,8778.334725053024,320.42784047238786,1.0,-73.39835267238506,0.0,0.0
42,capped,node-021,0.0,0.0,0.0,0.0,0.0,0.0,0.0,0.0,8778.334725053024,320.42784047238786,1.0,0.0,0.0,0.0
42,capped,node-022,0.0,0.0,0.0,0.0,0.0,0.0,0.0,0.0,8778.334725053024,320.42784047238786,1.0,0.0,0.0,0.0
42,capped,node-023,0.0,0.0,0.0,0.0,0.0,0.0,0.0,0.0,8778.334725053024,320.42784047238786,1.0,0.0,0.0,0.0
42,capped,node-024,0.0,0.0,0.0,0.0,0.0,0.0,0.0,0.0,8778.334725053024,320.42784047238786,1.0,0.0,0.0,0.0
42,capped,node-025,0.0,0.0,0.0,0.0,0.0,0.0,0.0,0.0,8778.334725053024,320.42784047238786,1.0,0.0,0.0,0.0
42,capped,node-026,86.97082690492081,0.0,136.72228043392496,0.43597780516534734,0.0,0.685377865913002,66.49484283719181,199.48452851157543,8778.334725053024,320.42784047238786,1.0,-102.04266118361988,-19.94845285115754,-66.49484283719181
42,capped,node-027,0.0,0.0,0.0,0.0,0.0,0.0,0.0,0.0,8778.334725053024,320.42784047238786,1.0,0.0,0.0,0.0
42,capped,node-028,0.0,0.0,0.0,0.0,0.0,0.0,0.0,0.0,8778.334725053024,320.42784047238786,1.0,-124.7808058373011,0.0,0.0
42,capped,node-029,0.0,0.0,0.0,0.0,0.0,0.0,0.0,0.0,8778.334725053024,320.42784047238786,1.0,0.0,0.0,0.0
42,proper_scoring,node-000,0.0,0.0,0.0,0.0,0.0,0.0,0.0,0.0,8778.334725053024,1266.7906769138206,1.0,0.0,0.0,0.0
42,proper_scoring,node-001,0.0,0.0,0.0,0.0,0.0,0.0,0.0,0.0,8778.334725053024,1266.7906769138206,1.0,0.0,0.0,0.0
42,proper_scoring,node-002,171.37280971033334,58.775375823064735,505.7692846944579,0.3013141191210769,0.10334107623065442,0.889262577615419,488.1224676802963,568.7513423208379,8778.334725053024,1266.7906769138206,1.0,-847.6306544480748,-12.094331196081214,-488.1224676802963
42,proper_scoring,node-003,416.5905225010903,0.0,714.2900450371035,416590.52250109025,0.0,714290.0450371035,0.0,0.0,8778.334725053024,1266.7906769138206,1.0,-342.83981985158556,0.0,0.0
42,proper_scoring,node-004,0.0,0.0,0.0,0.0,0.0,0.0,0.0,0.0,8778.334725053024,1266.7906769138206,1.0,0.0,0.0,0.0
42,proper_scoring,node-005,0.0,0.0,0.0,0.0,0.0,0.0,0.0,0.0,8778.334725053024,1266.7906769138206,1.0,0.0,0.0,0.0
42,proper_scoring,node-006,0.0,0.0,0.0,0.0,0.0,0.0,0.0,0.0,8778.334725053024,1266.7906769138206,1.0,0.0,0.0,0.0
42,proper_scoring,node-007,0.0,0.0,0.0,0.0,0.0,0.0,0.0,0.0,8778.334725053024,1266.7906769138206,1.0,0.0,0.0,0.0
42,proper_scoring,node-008,0.0,0.0,294.62336293687224,0.0,0.0,294623.36293687223,0.0,0.0,8778.334725053024,1266.7906769138206,1.0,-221.50654825251115,0.0,0.0
42,proper_scoring,node-009,0.0,0.0,56.8994194979108,0.0,0.0,56899.4194979108,0.0,0.0,8778.334725053024,1266.7906769138206,1.0,-143.1005805020892,0.0,0.0
42,proper_scoring,node-010,0.0,0.0,0.0,0.0,0.0,0.0,0.0,0.0,8778.334725053024,1266.7906769138206,1.0,0.0,0.0,0.0
42,proper_scoring,node-011,0.0,0.0,329.4574619881344,0.0,0.0,329457.4619881344,0.0,0.0,8778.334725053024,1266.7906769138206,1.0,-282.17015204746224,0.0,0.0
42,proper_scoring,node-012,0.0,0.0,0.0,0.0,0.0,0.0,0.0,0.0,8778.334725053024,1266.7906769138206,1.0,0.0,0.0,0.0
42,proper_scoring,node-013,0.0,0.0,0.0,0.0,0.0,0.0,0.0,0.0,8778.334725053024,1266.7906769138206,1.0,0.0,0.0,0.0
42,proper_scoring,node-014,0.0,0.0,0.0,0.0,0.0,0.0,0.0,0.0,8778.334725053024,1266.7906769138206,1.0,0.0,0.0,0.0
42,proper_scoring,node-015,0.0,0.0,0.0,0.0,0.0,0.0,0.0,0.0,8778.334725053024,1266.7906769138206,1.0,0.0,0.0,0.0
42,proper_scoring,node-016,0.0,0.0,0.0,0.0,0.0,0.0,0.0,0.0,8778.334725053024,1266.7906769138206,1.0,0.0,0.0,0.0
42,proper_scoring,node-017,0.0,0.0,0.0,0.0,0.0,0.0,0.0,0.0,8778.334725053024,1266.7906769138206,1.0,0.0,0.0,0.0
42,proper_scoring,node-018,0.0,0.0,88.73261440924696,0.0,0.0,88732.61440924696,0.0,0.0,8778.334725053024,1266.7906769138206,1.0,-357.40850784481063,0.0,0.0
42,proper_scoring,node-019,44.01868635676331,0.0,278.8445334443951,44018.68635676331,0.0,278844.5334443951,0.0,0.0,8778.334725053024,1266.7906769138206,1.0,-145.8054776437557,0.0,0.0
42,proper_scoring,node-020,0.0,0.0,281.70165813158883,0.0,0.0,281701.65813158883,0.0,0.0,8778.334725053024,1266.7906769138206,1.0,-293.59341068954024,0.0,0.0
42,proper_scoring,node-021,0.0,0.0,0.0,0.0,0.0,0.0,0.0,0.0,8778.334725053024,1266.7906769138206,1.0,0.0,0.0,0.0
42,proper_scoring,node-022,0.0,0.0,0.0,0.0,0.0,0.0,0.0,0.0,8778.334725053024,1266.7906769138206,1.0,0.0,0.0,0.0
42,proper_scoring,node-023,0.0,0.0,0.0,0.0,0.0,0.0,0.0,0.0,8778.334725053024,1266.7906769138206,1.0,0.0,0.0,0.0
42,proper_scoring,node-024,0.0,0.0,0.0,0.0,0.0,0.0,0.0,0.0,8778.334725053024,1266.7906769138206,1.0,0.0,0.0,0.0
42,proper_scoring,node-025,0.0,0.0,0.0,0.0,0.0,0.0,0.0,0.0,8778.334725053024,1266.7906769138206,1.0,0.0,0.0,0.0
42,proper_scoring,node-026,49.871132127893816,1.4451939185929632,101.1874581743806,0.07144458722655367,0.0020703617217153482,0.14495953617482268,565.0496489185989,698.0393345929824,8778.334725053024,1266.7906769138206,1.0,-707.2409223043112,-19.948452851157526,-565.0496489185989
42,proper_scoring,node-027,0.0,0.0,0.0,0.0,0.0,0.0,0.0,0.0,8778.334725053024,1266.7906769138206,1.0,0.0,0.0,0.0
42,proper_scoring,node-028,295.5237817668602,0.0,569.7636986122764,295523.7817668602,0.0,569763.6986122763,0.0,0.0,8778.334725053024,1266.7906769138206,1.0,-486.3411805512041,0.0,0.0
42,proper_scoring,node-029,0.0,0.0,0.0,0.0,0.0,0.0,0.0,0.0,8778.334725053024,1266.7906769138206,1.0,0.0,0.0,0.0
42,audits,node-000,0.0,0.0,0.0,0.0,0.0,0.0,0.0,0.0,8778.334725053024,1266.7906769138206,1.0,0.0,0.0,0.0
42,audits,node-001,0.0,0.0,0.0,0.0,0.0,0.0,0.0,0.0,8778.334725053024,1266.7906769138206,1.0,0.0,0.0,0.0
42,audits,node-002,171.37280971033334,58.775375823064735,505.7692846944579,0.3013141191210769,0.10334107623065442,0.889262577615419,488.1224676802963,568.7513423208379,8778.334725053024,1266.7906769138206,1.0,-2077.9995143722413,-12.094331196081214,-488.1224676802963
42,audits,node-003,416.5905225010903,0.0,714.2900450371035,416590.52250109025,0.0,714290.0450371035,0.0,0.0,8778.334725053024,1266.7906769138206,1.0,-1385.7099549628965,0.0,0.0
42,audits,node-004,0.0,0.0,0.0,0.0,0.0,0.0,0.0,0.0,8778.334725053024,1266.7906769138206,1.0,0.0,0.0,0.0
42,audits,node-005,0.0,0.0,0.0,0.0,0.0,0.0,0.0,0.0,8778.334725053024,1266.7906769138206,1.0,0.0,0.0,0.0
42,audits,node-006,0.0,0.0,0.0,0.0,0.0,0.0,0.0,0.0,8778.334725053024,1266.7906769138206,1.0,0.0,0.0,0.0
42,audits,node-007,0.0,0.0,0.0,0.0,0.0,0.0,0.0,0.0,8778.334725053024,1266.7906769138206,1.0,0.0,0.0,0.0
42,audits,node-008,0.0,0.0,294.62336293687224,0.0,0.0,294623.36293687223,0.0,0.0,8778.334725053024,1266.7906769138206,1.0,-405.37663706312776,0.0,0.0
42,audits,node-009,0.0,0.0,56.8994194979108,0.0,0.0,56899.4194979108,0.0,0.0,8778.334725053024,1266.7906769138206,1.0,-143.1005805020892,0.0,0.0
42,audits,node-010,0.0,0.0,0.0,0.0,0.0,0.0,0.0,0.0,8778.334725053024,1266.7906769138206,1.0,0.0,0.0,0.0
42,audits,node-011,0.0,0.0,329.4574619881344,0.0,0.0,329457.4619881344,0.0,0.0,8778.334725053024,1266.7906769138206,1.0,-470.5425380118656,0.0,0.0
42,audits,node-012,0.0,0.0,0.0,0.0,0.0,0.0,0.0,0.0,8778.334725053024,1266.7906769138206,1.0,0.0,0.0,0.0
42,audits,node-013,0.0,0.0,0.0,0.0,0.0,0.0,0.0,0.0,8778.334725053024,1266.7906769138206,1.0,0.0,0.0,0.0
42,audits,node-014,0.0,0.0,0.0,0.0,0.0,0.0,0.0,0.0,8778.334725053024,1266.7906769138206,1.0,0.0,0.0,0.0
42,audits,node-015,0.0,0.0,0.0,0.0,0.0,0.0,0.0,0.0,8778.334725053024,1266.7906769138206,1.0,0.0,0.0,0.0
42,audits,node-016,0.0,0.0,0.0,0.0,0.0,0.0,0.0,0.0,8778.334725053024,1266.7906769138206,1.0,0.0,0.0,0.0
42,audits,node-017,0.0,0.0,0.0,0.0,0.0,0.0,0.0,0.0,8778.334725053024,1266.7906769138206,1.0,0.0,0.0,0.0
42,audits,node-018,0.0,0.0,10.6478730387973,0.0,0.0,10647.8730387973,0.0,0.0,8778.334725053024,1266.7906769138206,1.0,-589.3521269612027,0.0,0.0
42,audits,node-019,44.01868635676331,0.0,163.54863058906108,44018.68635676331,0.0,163548.63058906107,0.0,0.0,8778.334725053024,1266.7906769138206,1.0,-1036.451369410939,0.0,0.0
42,audits,node-020,0.0,0.0,236.69917633619247,0.0,0.0,236699.17633619247,0.0,0.0,8778.334725053024,1266.7906769138206,1.0,-573.398352672385,0.0,0.0
42,audits,node-021,0.0,0.0,0.0,0.0,0.0,0.0,0.0,0.0,8778.334725053024,1266.7906769138206,1.0,0.0,0.0,0.0
42,audits,node-022,0.0,0.0,0.0,0.0,0.0,0.0,0.0,0.0,8778.334725053024,1266.7906769138206,1.0,0.0,0.0,0.0
42,audits,node-023,0.0,0.0,0.0,0.0,0.0,0.0,0.0,0.0,8778.334725053024,1266.7906769138206,1.0,0.0,0.0,0.0
42,audits,node-024,0.0,0.0,0.0,0.0,0.0,0.0,0.0,0.0,8778.334725053024,1266.7906769138206,1.0,0.0,0.0,0.0
42,audits,node-025,0.0,0.0,0.0,0.0,0.0,0.0,0.0,0.0,8778.334725053024,1266.7906769138206,1.0,0.0,0.0,0.0
42,audits,node-026,49.871132127893816,1.4451939185929632,101.1874581743806,0.07144458722655367,0.0020703617217153482,0.14495953617482268,565.0496489185989,698.0393345929824,8778.334725053024,1266.7906769138206,1.0,-1150.5974672650268,-19.948452851157526,-565.0496489185989
42,audits,node-027,0.0,0.0,0.0,0.0,0.0,0.0,0.0,0.0,8778.334725053024,1266.7906769138206,1.0,0.0,0.0,0.0
42,audits,node-028,249.52187591835946,0.0,425.21919416269884,249521.87591835944,0.0,425219.1941626988,0.0,0.0,8778.334725053024,1266.7906769138206,1.0,-1574.7808058373012,0.0,0.0
42,audits,node-029,0.0,0.0,0.0,0.0,0.0,0.0,0.0,0.0,8778.334725053024,1266.7906769138206,1.0,0.0,0.0,0.0
60,greedy,node-000,0.0,0.0,0.0,0.0,0.0,0.0,0.0,0.0,8270.453570963924,195.91165551344034,0.9,0.0,0.0,-47.5995239968004
60,greedy,node-001,8.688890591194472,0.0,8.688890591194472,8688.890591194471,0.0,8688.890591194471,0.0,0.0,8270.453570963924,195.91165551344034,0.9,-47.5995239968004,5.3465987164170325,0.0
60,greedy,node-002,3.6498083710404066,0.0,3.6498083710404066,0.1917046682089805,0.0,0.1917046682089805,6.346234558151514,19.038703674454545,8270.453570963924,195.91165551344034,0.9,-51.43352905504209,14.324972934969786,-6.346234558151514
60,greedy,node-003,0.0,0.0,0.0,0.0,0.0,0.0,0.0,0.0,8270.453570963924,195.91165551344034,0.9,0.0,0.0,0.0
60,greedy,node-004,0.0,0.0,0.0,0.0,0.0,0.0,0.0,0.0,8270.453570963924,195.91165551344034,0.9,0.0,0.0,0.0
60,greedy,node-005,0.0,0.0,0.0,0.0,0.0,0.0,0.0,0.0,8270.453570963924,195.91165551344034,0.9,0.0,0.0,0.0
60,greedy,node-006,0.0,0.0,0.0,0.0,0.0,0.0,0.0,0.0,8270.453570963924,195.91165551344034,0.9,0.0,0.0,0.0
60,greedy,node-007,0.0,0.0,0.0,0.0,0.0,0.0,0.0,0.0,8270.453570963924,195.91165551344034,0.9,0.0,0.0,0.0
60,greedy,node-008,0.0,0.0,0.0,0.0,0.0,0.0,0.0,0.0,8270.453570963924,195.91165551344034,0.9,0.0,0.0,0.0
60,greedy,node-009,0.0,0.0,0.0,0.0,0.0,0.0,0.0,0.0,8270.453570963924,195.91165551344034,0.9,0.0,0.0,0.0
60,greedy,node-010,0.0,0.0,0.0,0.0,0.0,0.0,0.0,0.0,8270.453570963924,195.91165551344034,0.9,-12.872378077271566,0.0,0.0
60,greedy,node-011,0.0,0.0,0.0,0.0,0.0,0.0,0.0,0.0,8270.453570963924,195.91165551344034,0.9,0.0,0.0,0.0
60,greedy,node-012,0.0,0.0,0.0,0.0,0.0,0.0,0.0,0.0,8270.453570963924,195.91165551344034,0.9,0.0,0.0,0.0
60,greedy,node-013,0.0,0.0,0.0,0.0,0.0,0.0,0.0,0.0,8270.453570963924,195.91165551344034,0.9,0.0,0.0,0.0
60,greedy,node-014,0.0,0.0,0.0,0.0,0.0,0.0,0.0,0.0,8270.453570963924,195.91165551344034,0.9,0.0,0.0,0.0
60,greedy,node-015,0.0,0.0,0.0,0.0,0.0,0.0,0.0,0.0,8270.453570963924,195.91165551344034,0.9,0.0,0.0,0.0
60,greedy,node-016,0.0,0.0,0.0,0.0,0.0,0.0,0.0,0.0,8270.453570963924,195.91165551344034,0.9,0.0,0.0,0.0
60,greedy,node-017,0.0,0.0,0.0,0.0,0.0,0.0,0.0,0.0,8270.453570963924,195.91165551344034,0.9,0.0,0.0,0.0
60,greedy,node-018,0.0,0.0,0.0,0.0,0.0,0.0,0.0,0.0,8270.453570963924,195.91165551344034,0.9,0.0,0.0,0.0
60,greedy,node-019,0.0,0.0,0.0,0.0,0.0,0.0,0.0,0.0,8270.453570963924,195.91165551344034,0.9,0.0,0.0,0.0
60,greedy,node-020,0.0,0.0,0.0,0.0,0.0,0.0,0.0,0.0,8270.453570963924,195.91165551344034,0.9,0.0,0.0,0.0
60,greedy,node-021,0.0,0.0,0.0,0.0,0.0,0.0,0.0,0.0,8270.453570963924,195.91165551344034,0.9,0.0,0.0,0.0
60,greedy,node-022,0.0,0.0,0.0,0.0,0.0,0.0,0.0,0.0,8270.453570963924,195.91165551344034,0.9,-25.37771445122706,0.0,0.0
60,greedy,node-023,0.0,0.0,0.0,0.0,0.0,0.0,0.0,0.0,8270.453570963924,195.91165551344034,0.9,0.0,0.0,0.0
60,greedy,node-024,0.0,0.0,0.0,0.0,0.0,0.0,0.0,0.0,8270.453570963924,195.91165551344034,0.9,0.0,0.0,0.0
60,greedy,node-025,0.0,0.0,0.0,0.0,0.0,0.0,0.0,0.0,8270.453570963924,195.91165551344034,0.9,0.0,0.0,0.0
60,greedy,node-026,0.0,0.0,0.0,0.0,0.0,0.0,0.0,0.0,8270.453570963924,195.91165551344034,0.9,0.0,0.0,0.0
60,greedy,node-027,0.0,0.0,0.0,0.0,0.0,0.0,0.0,0.0,8270.453570963924,195.91165551344034,0.9,0.0,0.0,0.0
60,greedy,node-028,23.31218586802359,0.0,23.31218586802359,0.16529573463467126,0.0,0.16529573463467126,47.011065590101424,141.03319677030427,8270.453570963924,195.91165551344034,0.9,-85.62146309285843,-11.832501436214137,-47.011065590101424
60,greedy,node-029,0.0,0.0,0.0,0.0,0.0,0.0,11.946585022893842,35.839755068681534,8270.453570963924,195.91165551344034,0.9,-37.9573163543418,1.0692792586669047,-11.946585022893842
60,trust_vcg,node-000,0.0,0.0,0.0,0.0,0.0,0.0,0.0,0.0,8339.615070929613,608.4480632639925,0.95,0.0,0.0,285.27104276931755
60,trust_vcg,node-001,285.27104276931755,574.5798414239176,574.6866013613977,285271.0427693175,574579.8414239176,574686.6013613977,0.0,0.0,8339.615070929613,608.4480632639925,0.95,-6088.39157357738,0.0,0.0
60,trust_vcg,node-002,46.250408356526876,574.605369175064,630.5593960563618,46250.408356526874,574605.3691750639,630559.3960563618,0.0,0.0,8339.615070929613,608.4480632639925,0.95,-11045.08729449689,0.0,0.0
60,trust_vcg,node-003,0.0,0.0,0.0,0.0,0.0,0.0,0.0,0.0,8339.615070929613,608.4480632639925,0.95,0.0,0.0,0.0
60,trust_vcg,node-004,0.0,0.0,0.0,0.0,0.0,0.0,0.0,0.0,8339.615070929613,608.4480632639925,0.95,0.0,0.0,0.0
60,trust_vcg,node-005,0.0,0.0,0.0,0.0,0.0,0.0,0.0,0.0,8339.615070929613,608.4480632639925,0.95,0.0,0.0,0.0
60,trust_vcg,node-006,0.0,0.0,0.0,0.0,0.0,0.0,0.0,0.0,8339.615070929613,608.4480632639925,0.95,0.0,0.0,0.0
60,trust_vcg,node-007,0.0,0.0,0.0,0.0,0.0,0.0,0.0,0.0,8339.615070929613,608.4480632639925,0.95,-5006.755134035209,0.0,0.0
60,trust_vcg,node-008,0.0,0.0,0.0,0.0,0.0,0.0,0.0,0.0,8339.615070929613,608.4480632639925,0.95,0.0,0.0,0.0
60,trust_vcg,node-009,0.0,0.0,0.0,0.0,0.0,0.0,0.0,0.0,8339.615070929613,608.4480632639925,0.95,0.0,0.0,0.0
60,trust_vcg,node-010,0.0,0.0,0.0,0.0,0.0,0.0,0.0,0.0,8339.615070929613,608.4480632639925,0.95,-5561.782044402228,0.0,0.0
60,trust_vcg,node-011,0.0,0.0,0.0,0.0,0.0,0.0,0.0,0.0,8339.615070929613,608.4480632639925,0.95,0.0,0.0,0.0
60,trust_vcg,node-012,0.0,0.0,0.0,0.0,0.0,0.0,0.0,0.0,8339.615070929613,608.4480632639925,0.95,0.0,0.0,0.0
60,trust_vcg,node-013,0.0,0.0,0.0,0.0,0.0,0.0,0.0,0.0,8339.615070929613,608.4480632639925,0.95,0.0,0.0,0.0
60,trust_vcg,node-014,0.0,0.0,0.0,0.0,0.0,0.0,0.0,0.0,8339.615070929613,608.4480632639925,0.95,0.0,0.0,0.0
60,trust_vcg,node-015,0.0,0.0,0.0,0.0,0.0,0.0,0.0,0.0,8339.615070929613,608.4480632639925,0.95,0.0,0.0,0.0
60,trust_vcg,node-016,0.0,0.0,0.0,0.0,0.0,0.0,0.0,0.0,8339.615070929613,608.4480632639925,0.95,0.0,0.0,0.0
60,trust_vcg,node-017,0.0,0.0,0.0,0.0,0.0,0.0,0.0,0.0,8339.615070929613,608.4480632639925,0.95,0.0,0.0,0.0
60,trust_vcg,node-018,0.0,0.0,0.0,0.0,0.0,0.0,0.0,0.0,8339.615070929613,608.4480632639925,0.95,0.0,0.0,0.0
60,trust_vcg,node-019,0.0,0.0,0.0,0.0,0.0,0.0,0.0,0.0,8339.615070929613,608.4480632639925,0.95,0.0,0.0,0.0
60,trust_vcg,node-020,0.0,0.0,0.0,0.0,0.0,0.0,0.0,0.0,8339.615070929613,608.4480632639925,0.95,0.0,0.0,0.0
60,trust_vcg,node-021,0.0,0.0,0.0,0.0,0.0,0.0,0.0,0.0,8339.615070929613,608.4480632639925,0.95,0.0,0.0,0.0
60,trust_vcg,node-022,437.913853084804,0.0,530.7988389493096,437913.85308480397,0.0,530798.8389493095,0.0,0.0,8339.615070929613,608.4480632639925,0.95,-6113.1895922351205,0.0,0.0
60,trust_vcg,node-023,0.0,0.0,0.0,0.0,0.0,0.0,0.0,0.0,8339.615070929613,608.4480632639925,0.95,0.0,0.0,0.0
60,trust_vcg,node-024,0.0,0.0,0.0,0.0,0.0,0.0,0.0,0.0,8339.615070929613,608.4480632639925,0.95,0.0,0.0,0.0
60,trust_vcg,node-025,0.0,0.0,148.92326173433565,0.0,0.0,148923.26173433565,0.0,0.0,8339.615070929613,608.4480632639925,0.95,-2251.076738265664,0.0,0.0
60,trust_vcg,node-026,0.0,0.0,0.0,0.0,0.0,0.0,0.0,0.0,8339.615070929613,608.4480632639925,0.95,0.0,0.0,0.0
60,trust_vcg,node-027,0.0,0.0,0.0,0.0,0.0,0.0,0.0,0.0,8339.615070929613,608.4480632639925,0.95,0.0,0.0,0.0
60,trust_vcg,node-028,446.337791623451,256.6016863341141,569.1188886671141,446337.791623451,256601.6863341141,569118.8886671141,-256.6016863341141,-183.7656117609896,8339.615070929613,608.4480632639925,0.95,-7473.996438372669,-10.925411185968699,256.6016863341141
60,trust_vcg,node-029,294.4744402952998,372.1163830037025,372.1163830037025,0.37171087748013654,0.4697171921350234,0.4697171921350234,730.378029429285,792.2136750249821,8339.615070929613,608.4480632639925,0.95,-11781.625235645779,99.04424253274351,-730.378029429285
60,contingent,node-000,0.0,0.0,0.0,0.0,0.0,0.0,0.0,0.0,8339.615070929613,189.58492250110578,0.95,0.0,0.0,-13.074518451980309
60,contingent,node-001,0.0,74.57984142391769,124.68660136139766,0.0,74579.84142391768,124686.60136139765,0.0,0.0,8339.615070929613,189.58492250110578,0.95,-153.56629430952017,0.0,0.0
60,contingent,node-002,0.0,74.60536917506391,130.55939605636186,0.0,74605.36917506391,130559.39605636186,0.0,0.0,8339.615070929613,189.58492250110578,0.95,-180.34917798756229,0.0,0.0
60,contingent,node-003,0.0,0.0,0.0,0.0,0.0,0.0,0.0,0.0,8339.615070929613,189.58492250110578,0.95,0.0,0.0,0.0
60,contingent,node-004,0.0,0.0,0.0,0.0,0.0,0.0,0.0,0.0,8339.615070929613,189.58492250110578,0.95,0.0,0.0,0.0
60,contingent,node-005,0.0,0.0,0.0,0.0,0.0,0.0,0.0,0.0,8339.615070929613,189.58492250110578,0.95,0.0,0.0,0.0
60,contingent,node-006,0.0,0.0,0.0,0.0,0.0,0.0,0.0,0.0,8339.615070929613,189.58492250110578,0.95,0.0,0.0,0.0
60,contingent,node-007,0.0,0.0,0.0,0.0,0.0,0.0,0.0,0.0,8339.615070929613,189.58492250110578,0.95,-227.0205361408382,0.0,0.0
60,contingent,node-008,0.0,0.0,0.0,0.0,0.0,0.0,0.0,0.0,8339.615070929613,189.58492250110578,0.95,0.0,0.0,0.0
60,contingent,node-009,0.0,0.0,0.0,0.0,0.0,0.0,0.0,0.0,8339.615070929613,189.58492250110578,0.95,0.0,0.0,0.0
60,contingent,node-010,0.0,0.0,9.206929216313187,0.0,0.0,9206.929216313187,0.0,0.0,8339.615070929613,189.58492250110578,0.95,-247.12817760891105,0.0,0.0
60,contingent,node-011,0.0,0.0,0.0,0.0,0.0,0.0,0.0,0.0,8339.615070929613,189.58492250110578,0.95,0.0,0.0,0.0
60,contingent,node-012,0.0,0.0,0.0,0.0,0.0,0.0,0.0,0.0,8339.615070929613,189.58492250110578,0.95,0.0,0.0,0.0
60,contingent,node-013,0.0,0.0,0.0,0.0,0.0,0.0,0.0,0.0,8339.615070929613,189.58492250110578,0.95,0.0,0.0,0.0
60,contingent,node-014,0.0,0.0,0.0,0.0,0.0,0.0,0.0,0.0,8339.615070929613,189.58492250110578,0.95,0.0,0.0,0.0
60,contingent,node-015,0.0,0.0,0.0,0.0,0.0,0.0,0.0,0.0,8339.615070929613,189.58492250110578,0.95,0.0,0.0,0.0
60,contingent,node-016,0.0,0.0,0.0,0.0,0.0,0.0,0.0,0.0,8339.615070929613,189.58492250110578,0.95,0.0,0.0,0.0
60,contingent,node-017,0.0,0.0,0.0,0.0,0.0,0.0,0.0,0.0,8339.615070929613,189.58492250110578,0.95,0.0,0.0,0.0
60,contingent,node-018,0.0,0.0,0.0,0.0,0.0,0.0,0.0,0.0,8339.615070929613,189.58492250110578,0.95,0.0,0.0,0.0
60,contingent,node-019,0.0,0.0,0.0,0.0,0.0,0.0,0.0,0.0,8339.615070929613,189.58492250110578,0.95,0.0,0.0,0.0
60,contingent,node-020,0.0,0.0,0.0,0.0,0.0,0.0,0.0,0.0,8339.615070929613,189.58492250110578,0.95,0.0,0.0,0.0
60,contingent,node-021,0.0,0.0,0.0,0.0,0.0,0.0,0.0,0.0,8339.615070929613,189.58492250110578,0.95,0.0,0.0,0.0
60,contingent,node-022,0.0,0.0,30.79883894930969,0.0,0.0,30798.83894930969,0.0,0.0,8339.615070929613,189.58492250110578,0.95,-252.75836894048072,0.0,0.0
60,contingent,node-023,0.0,0.0,0.0,0.0,0.0,0.0,0.0,0.0,8339.615070929613,189.58492250110578,0.95,0.0,0.0,0.0
60,contingent,node-024,0.0,0.0,0.0,0.0,0.0,0.0,0.0,0.0,8339.615070929613,189.58492250110578,0.95,0.0,0.0,0.0
60,contingent,node-025,0.0,0.0,7.799171456544833,0.0,0.0,7799.171456544833,0.0,0.0,8339.615070929613,189.58492250110578,0.95,-204.3069530626573,0.0,0.0
60,contingent,node-026,0.0,0.0,0.0,0.0,0.0,0.0,0.0,0.0,8339.615070929613,189.58492250110578,0.95,0.0,0.0,0.0
60,contingent,node-027,0.0,0.0,0.0,0.0,0.0,0.0,0.0,0.0,8339.615070929613,189.58492250110578,0.95,0.0,0.0,0.0
60,contingent,node-028,16.211356462665698,13.837054361848132,88.52182279856424,0.16741828997691316,0.14289834320238481,0.9141845861390683,23.995379534435784,96.83145410756035,8339.615070929613,189.58492250110578,0.95,-146.38787836156638,-9.683145410756033,-23.995379534435784
60,contingent,node-029,4.185497591428039,71.57658963513899,71.57658963513899,0.04512497121583972,0.7716863948574441,0.7716863948574441,30.917822797848487,92.75346839354548,8339.615070929613,189.58492250110578,0.95,-235.90664766382343,-0.8786441288904356,-30.917822797848487
60,capped,node-000,0.0,0.0,0.0,0.0,0.0,0.0,0.0,0.0,8339.615070929613,202.00758025323228,0.95,0.0,0.0,-13.074518451980309
60,capped,node-001,0.0,74.57984142391769,124.68660136139766,0.0,74579.84142391768,124686.60136139765,0.0,0.0,8339.615070929613,202.00758025323228,0.95,-38.39157357738004,0.0,0.0
60,capped,node-002,0.0,74.60536917506391,130.55939605636186,0.0,74605.36917506391,130559.39605636186,0.0,0.0,8339.615070929613,202.00758025323228,0.95,-45.08729449689057,0.0,0.0
60,capped,node-003,0.0,0.0,0.0,0.0,0.0,0.0,0.0,0.0,8339.615070929613,202.00758025323228,0.95,0.0,0.0,0.0
60,capped,node-004,0.0,0.0,0.0,0.0,0.0,0.0,0.0,0.0,8339.615070929613,202.00758025323228,0.95,0.0,0.0,0.0
60,capped,node-005,0.0,0.0,0.0,0.0,0.0,0.0,0.0,0.0,8339.615070929613,202.00758025323228,0.95,0.0,0.0,0.0
60,capped,node-006,0.0,0.0,0.0,0.0,0.0,0.0,0.0,0.0,8339.615070929613,202.00758025323228,0.95,0.0,0.0,0.0
60,capped,node-007,0.0,51.904219254885774,51.904219254885774,0.0,51904.21925488577,51904.21925488577,0.0,0.0,8339.615070929613,202.00758025323228,0.95,-56.75513403520955,0.0,0.0
60,capped,node-008,0.0,0.0,0.0,0.0,0.0,0.0,0.0,0.0,8339.615070929613,202.00758025323228,0.95,0.0,0.0,0.0
60,capped,node-009,0.0,0.0,0.0,0.0,0.0,0.0,0.0,0.0,8339.615070929613,202.00758025323228,0.95,0.0,0.0,0.0
60,capped,node-010,0.0,0.0,29.485367935727226,0.0,0.0,29485.367935727227,0.0,0.0,8339.615070929613,202.00758025323228,0.95,-61.78204440222777,0.0,0.0
60,capped,node-011,0.0,0.0,0.0,0.0,0.0,0.0,0.0,0.0,8339.615070929613,202.00758025323228,0.95,0.0,0.0,0.0
60,capped,node-012,0.0,0.0,0.0,0.0,0.0,0.0,0.0,0.0,8339.615070929613,202.00758025323228,0.95,0.0,0.0,0.0
60,capped,node-013,0.0,0.0,0.0,0.0,0.0,0.0,0.0,0.0,8339.615070929613,202.00758025323228,0.95,0.0,0.0,0.0
60,capped,node-014,0.0,0.0,0.0,0.0,0.0,0.0,0.0,0.0,8339.615070929613,202.00758025323228,0.95,0.0,0.0,0.0
60,capped,node-015,0.0,0.0,0.0,0.0,0.0,0.0,0.0,0.0,8339.615070929613,202.00758025323228,0.95,0.0,0.0,0.0
60,capped,node-016,0.0,0.0,0.0,0.0,0.0,0.0,0.0,0.0,8339.615070929613,202.00758025323228,0.95,0.0,0.0,0.0
60,capped,node-017,0.0,0.0,0.0,0.0,0.0,0.0,0.0,0.0,8339.615070929613,202.00758025323228,0.95,0.0,0.0,0.0
60,capped,node-018,0.0,0.0,0.0,0.0,0.0,0.0,0.0,0.0,8339.615070929613,202.00758025323228,0.95,0.0,0.0,0.0
60,capped,node-019,0.0,0.0,0.0,0.0,0.0,0.0,0.0,0.0,8339.615070929613,202.00758025323228,0.95,0.0,0.0,0.0
60,capped,node-020,0.0,0.0,0.0,0.0,0.0,0.0,0.0,0.0,8339.615070929613,202.00758025323228,0.95,0.0,0.0,0.0
60,capped,node-021,0.0,0.0,0.0,0.0,0.0,0.0,0.0,0.0,8339.615070929613,202.00758025323228,0.95,0.0,0.0,0.0
60,capped,node-022,0.0,0.0,30.79883894930969,0.0,0.0,30798.83894930969,0.0,0.0,8339.615070929613,202.00758025323228,0.95,-63.1895922351202,0.0,0.0
60,capped,node-023,0.0,0.0,0.0,0.0,0.0,0.0,0.0,0.0,8339.615070929613,202.00758025323228,0.95,0.0,0.0,0.0
60,capped,node-024,0.0,0.0,0.0,0.0,0.0,0.0,0.0,0.0,8339.615070929613,202.00758025323228,0.95,0.0,0.0,0.0
60,capped,node-025,0.0,0.0,7.799171456544833,0.0,0.0,7799.171456544833,0.0,0.0,8339.615070929613,202.00758025323228,0.95,-51.07673826566433,0.0,0.0
60,capped,node-026,0.0,0.0,0.0,0.0,0.0,0.0,0.0,0.0,8339.615070929613,202.00758025323228,0.95,0.0,0.0,0.0
60,capped,node-027,0.0,0.0,0.0,0.0,0.0,0.0,0.0,0.0,8339.615070929613,202.00758025323228,0.95,0.0,0.0,0.0
60,capped,node-028,3.788698710539201,13.837054361848132,76.09916504643775,0.03467785922240584,0.12665019308031922,0.6965336475772242,36.41803728656228,109.25411185968684,8339.615070929613,202.00758025323228,0.95,-67.01616199334492,-10.925411185968684,-36.41803728656228
60,capped,node-029,4.185497591428039,71.57658963513899,71.57658963513899,0.04512497121583972,0.7716863948574441,0.7716863948574441,30.917822797848487,92.75346839354548,8339.615070929613,202.00758025323228,0.95,-82.16502901434222,-0.8786441288904356,-30.917822797848487
60,proper_scoring,node-000,0.0,0.0,0.0,0.0,0.0,0.0,0.0,0.0,8339.615070929613,1138.2607446196012,0.95,0.0,0.0,285.27104276931755
60,proper_scoring,node-001,285.27104276931755,574.5798414239176,574.6866013613977,285271.0427693175,574579.8414239176,574686.6013613977,0.0,0.0,8339.615070929613,1138.2607446196012,0.95,-153.56629430952017,0.0,0.0
60,proper_scoring,node-002,46.250408356526876,574.605369175064,968.6925344773939,46250.408356526874,574605.3691750639,968692.5344773938,0.0,0.0,8339.615070929613,1138.2607446196012,0.95,-180.34917798756229,0.0,0.0
60,proper_scoring,node-003,0.0,0.0,0.0,0.0,0.0,0.0,0.0,0.0,8339.615070929613,1138.2607446196012,0.95,0.0,0.0,0.0
60,proper_scoring,node-004,0.0,0.0,0.0,0.0,0.0,0.0,0.0,0.0,8339.615070929613,1138.2607446196012,0.95,0.0,0.0,0.0
60,proper_scoring,node-005,0.0,0.0,0.0,0.0,0.0,0.0,0.0,0.0,8339.615070929613,1138.2607446196012,0.95,0.0,0.0,0.0
60,proper_scoring,node-006,0.0,0.0,0.0,0.0,0.0,0.0,0.0,0.0,8339.615070929613,1138.2607446196012,0.95,0.0,0.0,0.0
60,proper_scoring,node-007,0.0,101.90421925488576,247.1259066734246,0.0,101904.21925488576,247125.9066734246,0.0,0.0,8339.615070929613,1138.2607446196012,0.95,-227.0205361408382,0.0,0.0
60,proper_scoring,node-008,0.0,0.0,0.0,0.0,0.0,0.0,0.0,0.0,8339.615070929613,1138.2607446196012,0.95,0.0,0.0,0.0
60,proper_scoring,node-009,0.0,0.0,0.0,0.0,0.0,0.0,0.0,0.0,8339.615070929613,1138.2607446196012,0.95,0.0,0.0,0.0
60,proper_scoring,node-010,0.0,0.0,409.2069292163132,0.0,0.0,409206.9292163132,0.0,0.0,8339.615070929613,1138.2607446196012,0.95,-247.12817760891105,0.0,0.0
60,proper_scoring,node-011,0.0,0.0,0.0,0.0,0.0,0.0,0.0,0.0,8339.615070929613,1138.2607446196012,0.95,0.0,0.0,0.0
60,proper_scoring,node-012,0.0,0.0,0.0,0.0,0.0,0.0,0.0,0.0,8339.615070929613,1138.2607446196012,0.95,0.0,0.0,0.0
60,proper_scoring,node-013,0.0,0.0,0.0,0.0,0.0,0.0,0.0,0.0,8339.615070929613,1138.2607446196012,0.95,0.0,0.0,0.0
60,proper_scoring,node-014,0.0,0.0,0.0,0.0,0.0,0.0,0.0,0.0,8339.615070929613,1138.2607446196012,0.95,0.0,0.0,0.0
60,proper_scoring,node-015,0.0,0.0,0.0,0.0,0.0,0.0,0.0,0.0,8339.615070929613,1138.2607446196012,0.95,0.0,0.0,0.0
60,proper_scoring,node-016,0.0,0.0,0.0,0.0,0.0,0.0,0.0,0.0,8339.615070929613,1138.2607446196012,0.95,0.0,0.0,0.0
60,proper_scoring,node-017,0.0,0.0,0.0,0.0,0.0,0.0,0.0,0.0,8339.615070929613,1138.2607446196012,0.95,0.0,0.0,0.0
60,proper_scoring,node-018,0.0,0.0,0.0,0.0,0.0,0.0,0.0,0.0,8339.615070929613,1138.2607446196012,0.95,0.0,0.0,0.0
60,proper_scoring,node-019,0.0,0.0,0.0,0.0,0.0,0.0,0.0,0.0,8339.615070929613,1138.2607446196012,0.95,0.0,0.0,0.0
60,proper_scoring,node-020,0.0,0.0,0.0,0.0,0.0,0.0,0.0,0.0,8339.615070929613,1138.2607446196012,0.95,0.0,0.0,0.0
60,proper_scoring,node-021,0.0,0.0,0.0,0.0,0.0,0.0,0.0,0.0,8339.615070929613,1138.2607446196012,0.95,0.0,0.0,0.0
60,proper_scoring,node-022,437.913853084804,0.0,530.7988389493096,437913.85308480397,0.0,530798.8389493095,0.0,0.0,8339.615070929613,1138.2607446196012,0.95,-252.75836894048072,0.0,0.0
60,proper_scoring,node-023,0.0,0.0,0.0,0.0,0.0,0.0,0.0,0.0,8339.615070929613,1138.2607446196012,0.95,0.0,0.0,0.0
60,proper_scoring,node-024,0.0,0.0,0.0,0.0,0.0,0.0,0.0,0.0,8339.615070929613,1138.2607446196012,0.95,0.0,0.0,0.0
60,proper_scoring,node-025,0.0,0.0,148.92326173433565,0.0,0.0,148923.26173433565,0.0,0.0,8339.615070929613,1138.2607446196012,0.95,-204.3069530626573,0.0,0.0
60,proper_scoring,node-026,0.0,0.0,0.0,0.0,0.0,0.0,0.0,0.0,8339.615070929613,1138.2607446196012,0.95,0.0,0.0,0.0
60,proper_scoring,node-027,0.0,0.0,0.0,0.0,0.0,0.0,0.0,0.0,8339.615070929613,1138.2607446196012,0.95,0.0,0.0,0.0
60,proper_scoring,node-028,144.03823815494297,214.62143887478908,339.9795513956593,0.4162388611574667,0.6202088031729607,0.9824662055191861,273.2109950214948,346.0470695946193,8339.615070929613,1138.2607446196012,0.95,-395.6034938486254,-9.683145410756026,-273.2109950214948
60,proper_scoring,node-029,294.4744402952998,372.1163830037025,372.1163830037025,0.37171087748013654,0.4697171921350234,0.4697171921350234,730.378029429285,792.2136750249821,8339.615070929613,1138.2607446196012,0.95,-935.3668542952599,99.04424253274351,-730.378029429285
60,audits,node-000,0.0,0.0,0.0,0.0,0.0,0.0,0.0,0.0,8339.615070929613,1108.4480632639925,0.95,0.0,0.0,285.27104276931755
60,audits,node-001,285.27104276931755,574.5798414239176,574.6866013613977,285271.0427693175,574579.8414239176,574686.6013613977,0.0,0.0,8339.615070929613,1108.4480632639925,0.95,-1088.39157357738,0.0,0.0
60,audits,node-002,46.250408356526876,574.605369175064,922.5436472484452,46250.408356526874,574605.3691750639,922543.6472484451,0.0,0.0,8339.615070929613,1108.4480632639925,0.95,-2045.0872944968903,0.0,0.0
60,audits,node-003,0.0,0.0,0.0,0.0,0.0,0.0,0.0,0.0,8339.615070929613,1108.4480632639925,0.95,0.0,0.0,0.0
60,audits,node-004,0.0,0.0,0.0,0.0,0.0,0.0,0.0,0.0,8339.615070929613,1108.4480632639925,0.95,0.0,0.0,0.0
60,audits,node-005,0.0,0.0,0.0,0.0,0.0,0.0,0.0,0.0,8339.615070929613,1108.4480632639925,0.95,0.0,0.0,0.0
60,audits,node-006,0.0,0.0,0.0,0.0,0.0,0.0,0.0,0.0,8339.615070929613,1108.4480632639925,0.95,0.0,0.0,0.0
60,audits,node-007,0.0,101.90421925488576,193.24486596479045,0.0,101904.21925488576,193244.86596479046,0.0,0.0,8339.615070929613,1108.4480632639925,0.95,-506.75513403520955,0.0,0.0
60,audits,node-008,0.0,0.0,0.0,0.0,0.0,0.0,0.0,0.0,8339.615070929613,1108.4480632639925,0.95,0.0,0.0,0.0
60,audits,node-009,0.0,0.0,0.0,0.0,0.0,0.0,0.0,0.0,8339.615070929613,1108.4480632639925,0.95,0.0,0.0,0.0
60,audits,node-010,0.0,0.0,379.48536793572725,0.0,0.0,379485.36793572723,0.0,0.0,8339.615070929613,1108.4480632639925,0.95,-1061.7820444022277,0.0,0.0
60,audits,node-011,0.0,0.0,0.0,0.0,0.0,0.0,0.0,0.0,8339.615070929613,1108.4480632639925,0.95,0.0,0.0,0.0
60,audits,node-012,0.0,0.0,0.0,0.0,0.0,0.0,0.0,0.0,8339.615070929613,1108.4480632639925,0.95,0.0,0.0,0.0
60,audits,node-013,0.0,0.0,0.0,0.0,0.0,0.0,0.0,0.0,8339.615070929613,1108.4480632639925,0.95,0.0,0.0,0.0
60,audits,node-014,0.0,0.0,0.0,0.0,0.0,0.0,0.0,0.0,8339.615070929613,1108.4480632639925,0.95,0.0,0.0,0.0
60,audits,node-015,0.0,0.0,0.0,0.0,0.0,0.0,0.0,0.0,8339.615070929613,1108.4480632639925,0.95,0.0,0.0,0.0
60,audits,node-016,0.0,0.0,0.0,0.0,0.0,0.0,0.0,0.0,8339.615070929613,1108.4480632639925,0.95,0.0,0.0,0.0
60,audits,node-017,0.0,0.0,0.0,0.0,0.0,0.0,0.0,0.0,8339.615070929613,1108.4480632639925,0.95,0.0,0.0,0.0
60,audits,node-018,0.0,0.0,0.0,0.0,0.0,0.0,0.0,0.0,8339.615070929613,1108.4480632639925,0.95,0.0,0.0,0.0
60,audits,node-019,0.0,0.0,0.0,0.0,0.0,0.0,0.0,0.0,8339.615070929613,1108.4480632639925,0.95,0.0,0.0,0.0
60,audits,node-020,0.0,0.0,0.0,0.0,0.0,0.0,0.0,0.0,8339.615070929613,1108.4480632639925,0.95,0.0,0.0,0.0
60,audits,node-021,0.0,0.0,0.0,0.0,0.0,0.0,0.0,0.0,8339.615070929613,1108.4480632639925,0.95,0.0,0.0,0.0
60,audits,node-022,437.913853084804,0.0,530.7988389493096,437913.85308480397,0.0,530798.8389493095,0.0,0.0,8339.615070929613,1108.4480632639925,0.95,-1113.1895922351202,0.0,0.0
60,audits,node-023,0.0,0.0,0.0,0.0,0.0,0.0,0.0,0.0,8339.615070929613,1108.4480632639925,0.95,0.0,0.0,0.0
60,audits,node-024,0.0,0.0,0.0,0.0,0.0,0.0,0.0,0.0,8339.615070929613,1108.4480632639925,0.95,0.0,0.0,0.0
60,audits,node-025,0.0,0.0,148.92326173433565,0.0,0.0,148923.26173433565,0.0,0.0,8339.615070929613,1108.4480632639925,0.95,-251.07673826566432,0.0,0.0
60,audits,node-026,0.0,0.0,0.0,0.0,0.0,0.0,0.0,0.0,8339.615070929613,1108.4480632639925,0.95,0.0,0.0,0.0
60,audits,node-027,0.0,0.0,0.0,0.0,0.0,0.0,0.0,0.0,8339.615070929613,1108.4480632639925,0.95,0.0,0.0,0.0
60,audits,node-028,137.82690927887973,206.85677798252448,326.00356162733135,0.4358378291696409,0.6541248696399894,1.03089219184138,243.3983136658859,316.2343882390104,8339.615070929613,1108.4480632639925,0.95,-1473.9964383726683,-10.925411185968699,-243.3983136658859
60,audits,node-029,294.4744402952998,372.1163830037025,372.1163830037025,0.37171087748013654,0.4697171921350234,0.4697171921350234,730.378029429285,792.2136750249821,8339.615070929613,1108.4480632639925,0.95,-2781.625235645779,99.04424253274351,-730.378029429285
64,greedy,node-000,0.0,0.0,0.0,0.0,0.0,0.0,0.0,0.0,8800.855783964018,128.9525804742313,0.85,0.0,0.0,0.0
64,greedy,node-001,0.0,0.0,0.0,0.0,0.0,0.0,0.0,0.0,8800.855783964018,128.9525804742313,0.85,0.0,0.0,0.0
64,greedy,node-002,0.0,0.0,0.0,0.0,0.0,0.0,0.0,0.0,8800.855783964018,128.9525804742313,0.85,0.0,0.0,0.0
64,greedy,node-003,0.0,0.0,0.0,0.0,0.0,0.0,0.0,0.0,8800.855783964018,128.9525804742313,0.85,0.0,0.0,0.0
64,greedy,node-004,0.0,0.0,0.0,0.0,0.0,0.0,0.0,0.0,8800.855783964018,128.9525804742313,0.85,0.0,0.0,0.0
64,greedy,node-005,0.0,0.0,0.0,0.0,0.0,0.0,0.0,0.0,8800.855783964018,128.9525804742313,0.85,0.0,0.0,0.0
64,greedy,node-006,0.0,0.0,0.0,0.0,0.0,0.0,0.0,0.0,8800.855783964018,128.9525804742313,0.85,0.0,0.0,0.0
64,greedy,node-007,0.0,0.0,0.0,0.0,0.0,0.0,0.0,0.0,8800.855783964018,128.9525804742313,0.85,-30.17448960286921,0.0,0.0
64,greedy,node-008,0.0,0.0,0.0,0.0,0.0,0.0,0.0,0.0,8800.855783964018,128.9525804742313,0.85,0.0,0.0,0.0
64,greedy,node-009,0.0,0.0,0.0,0.0,0.0,0.0,0.0,0.0,8800.855783964018,128.9525804742313,0.85,0.0,0.0,0.0
64,greedy,node-010,0.0,0.0,0.0,0.0,0.0,0.0,15.266537415656869,45.799612246970604,8800.855783964018,128.9525804742313,0.85,-43.074740263935915,-2.033049330897706,-15.266537415656869
64,greedy,node-011,0.0,0.0,0.0,0.0,0.0,0.0,0.0,0.0,8800.855783964018,128.9525804742313,0.85,0.0,0.0,0.0
64,greedy,node-012,0.0,0.0,0.0,0.0,0.0,0.0,0.0,0.0,8800.855783964018,128.9525804742313,0.85,0.0,0.0,0.0
64,greedy,node-013,0.0,0.0,0.0,0.0,0.0,0.0,0.0,0.0,8800.855783964018,128.9525804742313,0.85,-15.426423129219135,0.0,0.0
64,greedy,node-014,0.0,0.0,0.0,0.0,0.0,0.0,0.0,0.0,8800.855783964018,128.9525804742313,0.85,0.0,0.0,0.0
64,greedy,node-015,0.0,0.0,0.0,0.0,0.0,0.0,0.0,0.0,8800.855783964018,128.9525804742313,0.85,0.0,0.0,0.0
64,greedy,node-016,0.0,0.0,0.0,0.0,0.0,0.0,0.0,0.0,8800.855783964018,128.9525804742313,0.85,0.0,0.0,0.0
64,greedy,node-017,0.0,0.0,0.0,0.0,0.0,0.0,0.0,0.0,8800.855783964018,128.9525804742313,0.85,0.0,0.0,0.0
64,greedy,node-018,0.0,0.0,0.0,0.0,0.0,0.0,0.0,0.0,8800.855783964018,128.9525804742313,0.85,0.0,0.0,0.0
64,greedy,node-019,0.0,0.0,0.0,0.0,0.0,0.0,0.0,0.0,8800.855783964018,128.9525804742313,0.85,0.0,0.0,0.0
64,greedy,node-020,0.0,0.0,0.0,0.0,0.0,0.0,0.0,0.0,8800.855783964018,128.9525804742313,0.85,0.0,0.0,0.0
64,greedy,node-021,0.0,0.0,0.0,0.0,0.0,0.0,0.0,0.0,8800.855783964018,128.9525804742313,0.85,0.0,0.0,0.0
64,greedy,node-022,0.0,0.0,0.0,0.0,0.0,0.0,0.0,0.0,8800.855783964018,128.9525804742313,0.85,-35.794615848547274,0.0,0.0
64,greedy,node-023,0.0,0.0,0.0,0.0,0.0,0.0,0.0,0.0,8800.855783964018,128.9525804742313,0.85,0.0,0.0,0.0
64,greedy,node-024,0.0,0.0,0.0,0.0,0.0,0.0,0.0,0.0,8800.855783964018,128.9525804742313,0.85,0.0,0.0,0.0
64,greedy,node-025,0.0,0.0,0.0,0.0,0.0,0.0,0.0,0.0,8800.855783964018,128.9525804742313,0.85,0.0,0.0,0.0
64,greedy,node-026,0.0,0.0,0.0,0.0,0.0,0.0,0.0,0.0,8800.855783964018,128.9525804742313,0.85,0.0,0.0,0.0
64,greedy,node-027,0.0,0.0,0.0,0.0,0.0,0.0,0.0,0.0,8800.855783964018,128.9525804742313,0.85,0.0,0.0,0.0
64,greedy,node-028,0.0,0.0,0.0,0.0,0.0,0.0,0.0,0.0,8800.855783964018,128.9525804742313,0.85,0.0,0.0,0.0
64,greedy,node-029,5.539127230794698,0.0,5.539127230794698,0.06661370422347426,0.0,0.06661370422347426,27.717656075753567,83.1529682272607,8800.855783964018,128.9525804742313,0.85,-50.6410190602423,-4.923843821898103,-27.717656075753567
64,trust_vcg,node-000,0.0,0.0,68.07554372780467,0.0,0.0,68075.54372780467,0.0,0.0,8738.279374581178,-519.6342121196653,0.85,-1131.9244562721951,0.0,0.0
64,trust_vcg,node-001,0.0,0.0,0.0,0.0,0.0,0.0,0.0,0.0,8738.279374581178,-519.6342121196653,0.85,-5014.803270881574,0.0,0.0
64,trust_vcg,node-002,0.0,0.0,0.0,0.0,0.0,0.0,0.0,0.0,8738.279374581178,-519.6342121196653,0.85,0.0,0.0,0.0
64,trust_vcg,node-003,0.0,0.0,249.68282498859037,0.0,0.0,249682.82498859035,0.0,0.0,8738.279374581178,-519.6342121196653,0.85,-3350.3171750114097,0.0,0.0
64,trust_vcg,node-004,0.0,0.0,0.0,0.0,0.0,0.0,0.0,0.0,8738.279374581178,-519.6342121196653,0.85,-5559.443425819315,0.0,0.0
64,trust_vcg,node-005,0.0,0.0,0.0,0.0,0.0,0.0,0.0,0.0,8738.279374581178,-519.6342121196653,0.85,0.0,0.0,0.0
64,trust_vcg,node-006,0.0,0.0,0.0,0.0,0.0,0.0,0.0,0.0,8738.279374581178,-519.6342121196653,0.85,0.0,0.0,0.0
64,trust_vcg,node-007,450.36877117324923,99.92130613612738,477.4896103660876,1.1235966899413576,0.24928737518077368,1.1912587639926302,269.28223277114535,400.82778385254477,8738.279374581178,-519.6342121196653,0.85,-11305.548580222645,82.58054539641307,128.57779300954786
64,trust_vcg,node-008,0.0,0.0,66.23318856147995,0.0,0.0,66233.18856147995,0.0,0.0,8738.279374581178,-519.6342121196653,0.85,-1133.76681143852,0.0,0.0
64,trust_vcg,node-009,0.0,0.0,161.43039791660794,0.0,0.0,161430.39791660794,0.0,0.0,8738.279374581178,-519.6342121196653,0.85,-2238.569602083392,0.0,0.0
64,trust_vcg,node-010,0.0,0.0,290.2577714884144,0.0,0.0,290257.7714884144,0.0,0.0,8738.279374581178,-519.6342121196653,0.85,-3252.3043442561834,0.0,0.0
64,trust_vcg,node-011,0.0,0.0,0.0,0.0,0.0,0.0,0.0,0.0,8738.279374581178,-519.6342121196653,0.85,0.0,0.0,0.0
64,trust_vcg,node-012,0.0,0.0,162.93973437329856,0.0,0.0,162939.73437329856,0.0,0.0,8738.279374581178,-519.6342121196653,0.85,-2237.0602656267015,0.0,0.0
64,trust_vcg,node-013,0.0,0.0,210.86432074382847,0.0,0.0,210864.32074382846,0.0,0.0,8738.279374581178,-519.6342121196653,0.85,-5532.122984334755,0.0,0.0
64,trust_vcg,node-014,0.0,0.0,0.0,0.0,0.0,0.0,0.0,0.0,8738.279374581178,-519.6342121196653,0.85,0.0,0.0,0.0
64,trust_vcg,node-015,0.0,0.0,0.0,0.0,0.0,0.0,0.0,0.0,8738.279374581178,-519.6342121196653,0.85,0.0,0.0,0.0
64,trust_vcg,node-016,0.0,0.0,0.0,0.0,0.0,0.0,0.0,0.0,8738.279374581178,-519.6342121196653,0.85,0.0,0.0,0.0
64,trust_vcg,node-017,0.0,0.0,0.0,0.0,0.0,0.0,0.0,0.0,8738.279374581178,-519.6342121196653,0.85,0.0,0.0,0.0
64,trust_vcg,node-018,0.0,0.0,0.0,0.0,0.0,0.0,0.0,0.0,8738.279374581178,-519.6342121196653,0.85,0.0,0.0,0.0
64,trust_vcg,node-019,0.0,0.0,0.0,0.0,0.0,0.0,0.0,0.0,8738.279374581178,-519.6342121196653,0.85,0.0,0.0,0.0
64,trust_vcg,node-020,0.0,0.0,0.0,0.0,0.0,0.0,0.0,0.0,8738.279374581178,-519.6342121196653,0.85,0.0,0.0,0.0
64,trust_vcg,node-021,0.0,0.0,0.0,0.0,0.0,0.0,0.0,0.0,8738.279374581178,-519.6342121196653,0.85,0.0,0.0,0.0
64,trust_vcg,node-022,0.0,0.0,284.4983404087658,0.0,0.0,284498.34040876577,0.0,0.0,8738.279374581178,-519.6342121196653,0.85,-11035.794615848545,0.0,0.0
64,trust_vcg,node-023,0.0,0.0,0.0,0.0,0.0,0.0,0.0,0.0,8738.279374581178,-519.6342121196653,0.85,-2233.55914293476,0.0,0.0
64,trust_vcg,node-024,0.0,0.0,0.0,0.0,0.0,0.0,0.0,0.0,8738.279374581178,-519.6342121196653,0.85,0.0,0.0,0.0
64,trust_vcg,node-025,0.0,0.0,0.0,0.0,0.0,0.0,0.0,0.0,8738.279374581178,-519.6342121196653,0.85,0.0,0.0,0.0
64,trust_vcg,node-026,0.0,0.0,56.66468902087901,0.0,0.0,56664.68902087901,0.0,0.0,8738.279374581178,-519.6342121196653,0.85,-3904.839242531147,0.0,0.0
64,trust_vcg,node-027,0.0,0.0,0.0,0.0,0.0,0.0,0.0,0.0,8738.279374581178,-519.6342121196653,0.85,-3354.7392084453636,0.0,0.0
64,trust_vcg,node-028,0.0,0.0,0.0,0.0,0.0,0.0,0.0,0.0,8738.279374581178,-519.6342121196653,0.85,-5576.306290788945,0.0,0.0
64,trust_vcg,node-029,976.7875758393473,929.3009108991748,976.7875758393473,976787.5758393472,929300.9108991747,976787.5758393472,-929.3009108991748,-920.4619959722099,8738.279374581178,-519.6342121196653,0.85,-10055.193678259464,-466.5895356990336,929.3009108991748
64,contingent,node-000,0.0,0.0,0.0,0.0,0.0,0.0,0.0,0.0,8738.279374581178,198.55921353504988,0.85,-127.69782508878134,0.0,0.0
64,contingent,node-001,0.0,0.0,0.0,0.0,0.0,0.0,0.0,0.0,8738.279374581178,198.55921353504988,0.85,-259.21308352629507,0.0,0.0
64,contingent,node-002,0.0,0.0,0.0,0.0,0.0,0.0,0.0,0.0,8738.279374581178,198.55921353504988,0.85,0.0,0.0,0.0
64,contingent,node-003,0.0,0.0,6.510628911038076,0.0,0.0,6510.628911038076,0.0,0.0,8738.279374581178,198.55921353504988,0.85,-201.2687000456386,0.0,0.0
64,contingent,node-004,0.0,0.0,0.0,0.0,0.0,0.0,0.0,0.0,8738.279374581178,198.55921353504988,0.85,-237.7737032772592,0.0,0.0
64,contingent,node-005,0.0,0.0,0.0,0.0,0.0,0.0,0.0,0.0,8738.279374581178,198.55921353504988,0.85,0.0,0.0,0.0
64,contingent,node-006,0.0,0.0,0.0,0.0,0.0,0.0,0.0,0.0,8738.279374581178,198.55921353504988,0.85,0.0,0.0,0.0
64,contingent,node-007,159.67270911332017,3.430763366573103,159.67270911332017,0.8317602699652564,0.017871386286447785,0.8317602699652564,60.42407632096491,191.96962740236424,8738.279374581178,198.55921353504988,0.85,-205.4894661269666,-16.79542838363526,-162.04693342454573
64,contingent,node-008,0.0,0.0,0.0,0.0,0.0,0.0,0.0,0.0,8738.279374581178,198.55921353504988,0.85,-135.06724575408018,0.0,0.0
64,contingent,node-009,0.0,0.0,10.950873188153643,0.0,0.0,10950.873188153642,0.0,0.0,8738.279374581178,198.55921353504988,0.85,-154.27840833356822,0.0,0.0
64,contingent,node-010,0.0,0.0,0.0,0.0,0.0,0.0,0.0,0.0,8738.279374581178,198.55921353504988,0.85,-33.47039646678084,0.0,0.0
64,contingent,node-011,0.0,0.0,0.0,0.0,0.0,0.0,0.0,0.0,8738.279374581178,198.55921353504988,0.85,0.0,0.0,0.0
64,contingent,node-012,0.0,0.0,10.545378044820964,0.0,0.0,10545.378044820964,0.0,0.0,8738.279374581178,198.55921353504988,0.85,-148.2410625068058,0.0,0.0
64,contingent,node-013,0.0,23.049091570465606,60.86432074382846,0.0,23049.091570465607,60864.32074382846,0.0,0.0,8738.279374581178,198.55921353504988,0.85,-128.49193733901822,0.0,0.0
64,contingent,node-014,0.0,0.0,0.0,0.0,0.0,0.0,0.0,0.0,8738.279374581178,198.55921353504988,0.85,0.0,0.0,0.0
64,contingent,node-015,0.0,0.0,0.0,0.0,0.0,0.0,0.0,0.0,8738.279374581178,198.55921353504988,0.85,0.0,0.0,0.0
64,contingent,node-016,0.0,0.0,0.0,0.0,0.0,0.0,0.0,0.0,8738.279374581178,198.55921353504988,0.85,0.0,0.0,0.0
64,contingent,node-017,0.0,0.0,0.0,0.0,0.0,0.0,0.0,0.0,8738.279374581178,198.55921353504988,0.85,0.0,0.0,0.0
64,contingent,node-018,0.0,0.0,0.0,0.0,0.0,0.0,0.0,0.0,8738.279374581178,198.55921353504988,0.85,0.0,0.0,0.0
64,contingent,node-019,0.0,0.0,0.0,0.0,0.0,0.0,0.0,0.0,8738.279374581178,198.55921353504988,0.85,0.0,0.0,0.0
64,contingent,node-020,0.0,0.0,0.0,0.0,0.0,0.0,0.0,0.0,8738.279374581178,198.55921353504988,0.85,0.0,0.0,0.0
64,contingent,node-021,0.0,0.0,0.0,0.0,0.0,0.0,0.0,0.0,8738.279374581178,198.55921353504988,0.85,0.0,0.0,0.0
64,contingent,node-022,0.0,48.551883521415654,90.50349290189696,0.0,48551.88352141565,90503.49290189696,0.0,0.0,8738.279374581178,198.55921353504988,0.85,-143.17846339418912,0.0,0.0
64,contingent,node-023,0.0,0.0,0.0,0.0,0.0,0.0,0.0,0.0,8738.279374581178,198.55921353504988,0.85,-134.23657173904073,0.0,0.0
64,contingent,node-024,0.0,0.0,0.0,0.0,0.0,0.0,0.0,0.0,8738.279374581178,198.55921353504988,0.85,0.0,0.0,0.0
64,contingent,node-025,0.0,0.0,0.0,0.0,0.0,0.0,0.0,0.0,8738.279374581178,198.55921353504988,0.85,0.0,0.0,0.0
64,contingent,node-026,0.0,0.0,6.66468902087901,0.0,0.0,6664.689020879009,0.0,0.0,8738.279374581178,198.55921353504988,0.85,-219.35697012459053,0.0,0.0
64,contingent,node-027,0.0,0.0,0.0,0.0,0.0,0.0,0.0,0.0,8738.279374581178,198.55921353504988,0.85,-218.95683378145574,0.0,0.0
64,contingent,node-028,0.0,0.0,0.0,0.0,0.0,0.0,0.0,0.0,8738.279374581178,198.55921353504988,0.85,-305.2251631557817,0.0,0.0
64,contingent,node-029,4.131464955085158,6.242649349969414,54.086035596791994,0.626968806825708,0.9473507477206545,8.207804634120269,-2.2493287942792244,6.589586132685657,8738.279374581178,198.55921353504988,0.85,-89.44412314367572,-2.135882622167546,2.2493287942792244
64,capped,node-000,0.0,0.0,0.0,0.0,0.0,0.0,0.0,0.0,8738.279374581178,210.57669901254636,0.85,-31.924456272195336,0.0,0.0
64,capped,node-001,0.0,0.0,0.0,0.0,0.0,0.0,0.0,0.0,8738.279374581178,210.57669901254636,0.85,-64.80327088157377,0.0,0.0
64,capped,node-002,0.0,0.0,0.0,0.0,0.0,0.0,0.0,0.0,8738.279374581178,210.57669901254636,0.85,0.0,0.0,0.0
64,capped,node-003,0.0,0.0,6.510628911038076,0.0,0.0,6510.628911038076,0.0,0.0,8738.279374581178,210.57669901254636,0.85,-50.31717501140965,0.0,0.0
64,capped,node-004,0.0,0.0,15.271643670465764,0.0,0.0,15271.643670465764,0.0,0.0,8738.279374581178,210.57669901254636,0.85,-59.4434258193148,0.0,0.0
64,capped,node-005,0.0,0.0,0.0,0.0,0.0,0.0,0.0,0.0,8738.279374581178,210.57669901254636,0.85,0.0,0.0,0.0
64,capped,node-006,0.0,0.0,0.0,0.0,0.0,0.0,0.0,0.0,8738.279374581178,210.57669901254636,0.85,0.0,0.0,0.0
64,capped,node-007,154.32400989358538,3.430763366573089,154.32400989358538,0.7821068247205659,0.01738694740272977,0.7821068247205659,65.77277554069968,197.31832662209902,8738.279374581178,210.57669901254636,0.85,-102.0391229922001,-17.33029830560875,-167.3956326442805
64,capped,node-008,0.0,0.0,0.0,0.0,0.0,0.0,0.0,0.0,8738.279374581178,210.57669901254636,0.85,-33.766811438520044,0.0,0.0
64,capped,node-009,0.0,0.0,10.950873188153643,0.0,0.0,10950.873188153642,0.0,0.0,8738.279374581178,210.57669901254636,0.85,-38.569602083392056,0.0,0.0
64,capped,node-010,0.0,0.0,0.0,0.0,0.0,0.0,0.0,0.0,8738.279374581178,210.57669901254636,0.85,-8.36759911669521,0.0,0.0
64,capped,node-011,0.0,0.0,0.0,0.0,0.0,0.0,0.0,0.0,8738.279374581178,210.57669901254636,0.85,0.0,0.0,0.0
64,capped,node-012,0.0,0.0,10.545378044820964,0.0,0.0,10545.378044820964,0.0,0.0,8738.279374581178,210.57669901254636,0.85,-37.06026562670145,0.0,0.0
64,capped,node-013,0.0,42.570445453186274,60.86432074382846,0.0,42570.44545318627,60864.32074382846,0.0,0.0,8738.279374581178,210.57669901254636,0.85,-32.12298433475456,0.0,0.0
64,capped,node-014,0.0,0.0,0.0,0.0,0.0,0.0,0.0,0.0,8738.279374581178,210.57669901254636,0.85,0.0,0.0,0.0
64,capped,node-015,0.0,0.0,0.0,0.0,0.0,0.0,0.0,0.0,8738.279374581178,210.57669901254636,0.85,0.0,0.0,0.0
64,capped,node-016,0.0,0.0,0.0,0.0,0.0,0.0,0.0,0.0,8738.279374581178,210.57669901254636,0.85,0.0,0.0,0.0
64,capped,node-017,0.0,0.0,0.0,0.0,0.0,0.0,0.0,0.0,8738.279374581178,210.57669901254636,0.85,0.0,0.0,0.0
64,capped,node-018,0.0,0.0,0.0,0.0,0.0,0.0,0.0,0.0,8738.279374581178,210.57669901254636,0.85,0.0,0.0,0.0
64,capped,node-019,0.0,0.0,0.0,0.0,0.0,0.0,0.0,0.0,8738.279374581178,210.57669901254636,0.85,0.0,0.0,0.0
64,capped,node-020,0.0,0.0,0.0,0.0,0.0,0.0,0.0,0.0,8738.279374581178,210.57669901254636,0.85,0.0,0.0,0.0
64,capped,node-021,0.0,0.0,0.0,0.0,0.0,0.0,0.0,0.0,8738.279374581178,210.57669901254636,0.85,0.0,0.0,0.0
64,capped,node-022,0.0,71.58923169709456,119.3001781214956,0.0,71589.23169709455,119300.1781214956,0.0,0.0,8738.279374581178,210.57669901254636,0.85,-35.794615848547274,0.0,0.0
64,capped,node-023,0.0,19.423087525103576,19.423087525103576,0.0,19423.087525103576,19423.087525103576,0.0,0.0,8738.279374581178,210.57669901254636,0.85,-33.559142934760175,0.0,0.0
64,capped,node-024,0.0,0.0,0.0,0.0,0.0,0.0,0.0,0.0,8738.279374581178,210.57669901254636,0.85,0.0,0.0,0.0
64,capped,node-025,0.0,0.0,0.0,0.0,0.0,0.0,0.0,0.0,8738.279374581178,210.57669901254636,0.85,0.0,0.0,0.0
64,capped,node-026,0.0,0.0,6.66468902087901,0.0,0.0,6664.689020879009,0.0,0.0,8738.279374581178,210.57669901254636,0.85,-54.83924253114763,0.0,0.0
64,capped,node-027,0.0,0.0,0.0,0.0,0.0,0.0,0.0,0.0,8738.279374581178,210.57669901254636,0.85,-54.739208445363936,0.0,0.0
64,capped,node-028,0.0,0.0,0.0,0.0,0.0,0.0,0.0,0.0,8738.279374581178,210.57669901254636,0.85,-76.30629078894542,0.0,0.0
64,capped,node-029,0.0,41.427268505495036,123.75995900078422,0.0,3.124611927127907,9.334476009284026,4.41945746348244,13.25837239044732,8738.279374581178,210.57669901254636,0.85,-27.342820447971178,0.270648482295039,-4.41945746348244
64,proper_scoring,node-000,0.0,0.0,68.07554372780467,0.0,0.0,68075.54372780467,0.0,0.0,8738.279374581178,1039.0995988589475,0.85,-124.9326000696131,0.0,0.0
64,proper_scoring,node-001,0.0,0.0,306.719274504172,0.0,0.0,306719.274504172,0.0,0.0,8738.279374581178,1039.0995988589475,0.85,-259.21308352629507,0.0,0.0
64,proper_scoring,node-002,0.0,0.0,0.0,0.0,0.0,0.0,0.0,0.0,8738.279374581178,1039.0995988589475,0.85,0.0,0.0,0.0
64,proper_scoring,node-003,0.0,0.0,249.68282498859037,0.0,0.0,249682.82498859035,0.0,0.0,8738.279374581178,1039.0995988589475,0.85,-201.2687000456386,0.0,0.0
64,proper_scoring,node-004,0.0,0.0,242.0217152718258,0.0,0.0,242021.7152718258,0.0,0.0,8738.279374581178,1039.0995988589475,0.85,-237.7737032772592,0.0,0.0
64,proper_scoring,node-005,0.0,0.0,0.0,0.0,0.0,0.0,0.0,0.0,8738.279374581178,1039.0995988589475,0.85,0.0,0.0,0.0
64,proper_scoring,node-006,0.0,0.0,0.0,0.0,0.0,0.0,0.0,0.0,8738.279374581178,1039.0995988589475,0.85,0.0,0.0,0.0
64,proper_scoring,node-007,153.51926039402804,104.0994356014088,154.36624522481986,0.1630926427421986,0.11059102301971173,0.16399244511267538,809.7554040861293,941.3009551675286,8738.279374581178,1039.0995988589475,0.85,-954.820793892131,83.11541531838657,-411.89537830543605
64,proper_scoring,node-008,0.0,0.0,66.23318856147995,0.0,0.0,66233.18856147995,0.0,0.0,8738.279374581178,1039.0995988589475,0.85,-128.79164576431492,0.0,0.0
64,proper_scoring,node-009,0.0,0.0,161.43039791660794,0.0,0.0,161430.39791660794,0.0,0.0,8738.279374581178,1039.0995988589475,0.85,-154.27840833356822,0.0,0.0
64,proper_scoring,node-010,0.0,0.0,290.2577714884144,0.0,0.0,290257.7714884144,0.0,0.0,8738.279374581178,1039.0995988589475,0.85,-33.47039646678084,0.0,0.0
64,proper_scoring,node-011,0.0,0.0,0.0,0.0,0.0,0.0,0.0,0.0,8738.279374581178,1039.0995988589475,0.85,0.0,0.0,0.0
64,proper_scoring,node-012,0.0,0.0,162.93973437329856,0.0,0.0,162939.73437329856,0.0,0.0,8738.279374581178,1039.0995988589475,0.85,-148.2410625068058,0.0,0.0
64,proper_scoring,node-013,0.0,273.0490915704656,408.1163387238851,0.0,273049.0915704656,408116.3387238851,0.0,0.0,8738.279374581178,1039.0995988589475,0.85,-128.49193733901822,0.0,0.0
64,proper_scoring,node-014,0.0,0.0,0.0,0.0,0.0,0.0,0.0,0.0,8738.279374581178,1039.0995988589475,0.85,0.0,0.0,0.0
64,proper_scoring,node-015,0.0,0.0,0.0,0.0,0.0,0.0,0.0,0.0,8738.279374581178,1039.0995988589475,0.85,0.0,0.0,0.0
64,proper_scoring,node-016,0.0,0.0,0.0,0.0,0.0,0.0,0.0,0.0,8738.279374581178,1039.0995988589475,0.85,0.0,0.0,0.0
64,proper_scoring,node-017,0.0,0.0,0.0,0.0,0.0,0.0,0.0,0.0,8738.279374581178,1039.0995988589475,0.85,0.0,0.0,0.0
64,proper_scoring,node-018,0.0,0.0,0.0,0.0,0.0,0.0,0.0,0.0,8738.279374581178,1039.0995988589475,0.85,0.0,0.0,0.0
64,proper_scoring,node-019,0.0,0.0,0.0,0.0,0.0,0.0,0.0,0.0,8738.279374581178,1039.0995988589475,0.85,0.0,0.0,0.0
64,proper_scoring,node-020,0.0,0.0,0.0,0.0,0.0,0.0,0.0,0.0,8738.279374581178,1039.0995988589475,0.85,0.0,0.0,0.0
64,proper_scoring,node-021,0.0,0.0,0.0,0.0,0.0,0.0,0.0,0.0,8738.279374581178,1039.0995988589475,0.85,0.0,0.0,0.0
64,proper_scoring,node-022,312.6143550849585,898.5518835214156,898.5518835214156,312614.3550849585,898551.8835214155,898551.8835214155,0.0,0.0,8738.279374581178,1039.0995988589475,0.85,-143.17846339418912,0.0,0.0
64,proper_scoring,node-023,0.0,0.0,87.30622577758446,0.0,0.0,87306.22577758446,0.0,0.0,8738.279374581178,1039.0995988589475,0.85,-134.23657173904073,0.0,0.0
64,proper_scoring,node-024,0.0,0.0,0.0,0.0,0.0,0.0,0.0,0.0,8738.279374581178,1039.0995988589475,0.85,0.0,0.0,0.0
64,proper_scoring,node-025,0.0,0.0,0.0,0.0,0.0,0.0,0.0,0.0,8738.279374581178,1039.0995988589475,0.85,0.0,0.0,0.0
64,proper_scoring,node-026,0.0,0.0,229.22460058290687,0.0,0.0,229224.60058290686,0.0,0.0,8738.279374581178,1039.0995988589475,0.85,-219.35697012459053,0.0,0.0
64,proper_scoring,node-027,0.0,0.0,178.35903301585125,0.0,0.0,178359.03301585125,0.0,0.0,8738.279374581178,1039.0995988589475,0.85,-218.95683378145574,0.0,0.0
64,proper_scoring,node-028,0.0,0.0,349.857371154495,0.0,0.0,349857.371154495,0.0,0.0,8738.279374581178,1039.0995988589475,0.85,-301.8518225623868,0.0,0.0
64,proper_scoring,node-029,129.50837849045072,664.8937982615491,712.7371845083717,1.3242349137180758,6.79859937893893,7.287802341689431,88.95972876445387,97.79864369141873,8738.279374581178,1039.0995988589475,0.85,-180.6531807024088,43.468646157198975,-88.95972876445387
64,audits,node-000,0.0,0.0,68.07554372780467,0.0,0.0,68075.54372780467,0.0,0.0,8738.279374581178,980.3657878803347,0.85,-131.92445627219533,0.0,0.0
64,audits,node-001,0.0,0.0,285.1967291184262,0.0,0.0,285196.7291184262,0.0,0.0,8738.279374581178,980.3657878803347,0.85,-514.8032708815738,0.0,0.0
64,audits,node-002,0.0,0.0,0.0,0.0,0.0,0.0,0.0,0.0,8738.279374581178,980.3657878803347,0.85,0.0,0.0,0.0
64,audits,node-003,0.0,0.0,249.68282498859037,0.0,0.0,249682.82498859035,0.0,0.0,8738.279374581178,980.3657878803347,0.85,-350.31717501140963,0.0,0.0
64,audits,node-004,0.0,0.0,140.5565741806852,0.0,0.0,140556.5741806852,0.0,0.0,8738.279374581178,980.3657878803347,0.85,-559.4434258193148,0.0,0.0
64,audits,node-005,0.0,0.0,0.0,0.0,0.0,0.0,0.0,0.0,8738.279374581178,980.3657878803347,0.85,0.0,0.0,0.0
64,audits,node-006,0.0,0.0,0.0,0.0,0.0,0.0,0.0,0.0,8738.279374581178,980.3657878803347,0.85,0.0,0.0,0.0
64,audits,node-007,152.1820855890943,99.92130613612744,152.1820855890943,0.16893582582262448,0.11092165220392827,0.16893582582262448,769.2822327711455,900.8277838525447,8738.279374581178,980.3657878803347,0.85,-2805.548580222646,82.58054539641307,-371.42220699045225
64,audits,node-008,0.0,0.0,66.23318856147995,0.0,0.0,66233.18856147995,0.0,0.0,8738.279374581178,980.3657878803347,0.85,-133.76681143852005,0.0,0.0
64,audits,node-009,0.0,0.0,161.43039791660794,0.0,0.0,161430.39791660794,0.0,0.0,8738.279374581178,980.3657878803347,0.85,-238.56960208339206,0.0,0.0
64,audits,node-010,0.0,0.0,290.2577714884144,0.0,0.0,290257.7714884144,0.0,0.0,8738.279374581178,980.3657878803347,0.85,-252.30434425618373,0.0,0.0
64,audits,node-011,0.0,0.0,0.0,0.0,0.0,0.0,0.0,0.0,8738.279374581178,980.3657878803347,0.85,0.0,0.0,0.0
64,audits,node-012,0.0,0.0,162.93973437329856,0.0,0.0,162939.73437329856,0.0,0.0,8738.279374581178,980.3657878803347,0.85,-237.06026562670144,0.0,0.0
64,audits,node-013,0.0,242.57044545318627,367.87701566524544,0.0,242570.44545318626,367877.0156652454,0.0,0.0,8738.279374581178,980.3657878803347,0.85,-532.1229843347545,0.0,0.0
64,audits,node-014,0.0,0.0,0.0,0.0,0.0,0.0,0.0,0.0,8738.279374581178,980.3657878803347,0.85,0.0,0.0,0.0
64,audits,node-015,0.0,0.0,0.0,0.0,0.0,0.0,0.0,0.0,8738.279374581178,980.3657878803347,0.85,0.0,0.0,0.0
64,audits,node-016,0.0,0.0,0.0,0.0,0.0,0.0,0.0,0.0,8738.279374581178,980.3657878803347,0.85,0.0,0.0,0.0
64,audits,node-017,0.0,0.0,0.0,0.0,0.0,0.0,0.0,0.0,8738.279374581178,980.3657878803347,0.85,0.0,0.0,0.0
64,audits,node-018,0.0,0.0,0.0,0.0,0.0,0.0,0.0,0.0,8738.279374581178,980.3657878803347,0.85,0.0,0.0,0.0
64,audits,node-019,0.0,0.0,0.0,0.0,0.0,0.0,0.0,0.0,8738.279374581178,980.3657878803347,0.85,0.0,0.0,0.0
64,audits,node-020,0.0,0.0,0.0,0.0,0.0,0.0,0.0,0.0,8738.279374581178,980.3657878803347,0.85,0.0,0.0,0.0
64,audits,node-021,0.0,0.0,0.0,0.0,0.0,0.0,0.0,0.0,8738.279374581178,980.3657878803347,0.85,0.0,0.0,0.0
64,audits,node-022,301.08010151364573,771.5892316970945,771.5892316970945,301080.1015136457,771589.2316970945,771589.2316970945,0.0,0.0,8738.279374581178,980.3657878803347,0.85,-2035.7946158485472,0.0,0.0
64,audits,node-023,0.0,0.0,66.44085706523981,0.0,0.0,66440.8570652398,0.0,0.0,8738.279374581178,980.3657878803347,0.85,-233.55914293476016,0.0,0.0
64,audits,node-024,0.0,0.0,0.0,0.0,0.0,0.0,0.0,0.0,8738.279374581178,980.3657878803347,0.85,0.0,0.0,0.0
64,audits,node-025,0.0,0.0,0.0,0.0,0.0,0.0,0.0,0.0,8738.279374581178,980.3657878803347,0.85,0.0,0.0,0.0
64,audits,node-026,0.0,0.0,195.1607574688524,0.0,0.0,195160.75746885242,0.0,0.0,8738.279374581178,980.3657878803347,0.85,-404.83924253114765,0.0,0.0
64,audits,node-027,0.0,0.0,145.26079155463609,0.0,0.0,145260.7915546361,0.0,0.0,8738.279374581178,980.3657878803347,0.85,-354.73920844536394,0.0,0.0
64,audits,node-028,0.0,0.0,323.6937092110545,0.0,0.0,323693.7092110545,0.0,0.0,8738.279374581178,980.3657878803347,0.85,-576.3062907889455,0.0,0.0
64,audits,node-029,115.41672225100737,484.61503679492773,553.3851257483938,1.4510889940195315,6.092874000529434,6.957493245053577,70.6990891008252,79.5380040277901,8738.279374581178,980.3657878803347,0.85,-2055.1936782594644,33.410464300966424,-70.6990891008252
59,greedy,node-000,0.0,0.0,0.0,0.0,0.0,0.0,0.0,0.0,5958.431236489432,245.04945623176334,0.7,0.0,0.0,0.0
59,greedy,node-001,0.0,0.0,0.0,0.0,0.0,0.0,0.0,0.0,5958.431236489432,245.04945623176334,0.7,0.0,0.0,0.0
59,greedy,node-002,0.0,0.0,0.0,0.0,0.0,0.0,0.0,0.0,5958.431236489432,245.04945623176334,0.7,0.0,0.0,0.0
59,greedy,node-003,0.0,0.0,0.0,0.0,0.0,0.0,0.0,0.0,5958.431236489432,245.04945623176334,0.7,0.0,0.0,0.0
59,greedy,node-004,0.0,0.0,0.0,0.0,0.0,0.0,0.0,0.0,5958.431236489432,245.04945623176334,0.7,0.0,0.0,0.0
59,greedy,node-005,0.0,0.0,0.0,0.0,0.0,0.0,0.0,0.0,5958.431236489432,245.04945623176334,0.7,0.0,0.0,0.0
59,greedy,node-006,0.0,0.0,0.0,0.0,0.0,0.0,0.0,0.0,5958.431236489432,245.04945623176334,0.7,0.0,0.0,0.0
59,greedy,node-007,0.0,0.0,0.0,0.0,0.0,0.0,0.0,0.0,5958.431236489432,245.04945623176334,0.7,0.0,0.0,0.0
59,greedy,node-008,0.0,0.0,0.0,0.0,0.0,0.0,0.0,0.0,5958.431236489432,245.04945623176334,0.7,0.0,0.0,0.0
59,greedy,node-009,0.0,0.0,0.0,0.0,0.0,0.0,0.0,0.0,5958.431236489432,245.04945623176334,0.7,0.0,0.0,0.0
59,greedy,node-010,0.0,0.0,0.0,0.0,0.0,0.0,0.0,0.0,5958.431236489432,245.04945623176334,0.7,0.0,0.0,0.0
59,greedy,node-011,12.713486195039991,0.0,12.713486195039991,0.15211417083866646,0.0,0.15211417083866646,27.859526225039694,83.57857867511909,5958.431236489432,245.04945623176334,0.7,-59.205080925087614,-8.35785786751191,-27.859526225039694
59,greedy,node-012,0.0,0.0,0.0,0.0,0.0,0.0,0.0,0.0,5958.431236489432,245.04945623176334,0.7,-35.605061250425344,0.0,0.0
59,greedy,node-013,0.0,0.0,0.0,0.0,0.0,0.0,0.0,0.0,5958.431236489432,245.04945623176334,0.7,0.0,0.0,0.0
59,greedy,node-014,0.0,0.0,0.0,0.0,0.0,0.0,0.0,0.0,5958.431236489432,245.04945623176334,0.7,0.0,0.0,0.0
59,greedy,node-015,0.0,0.0,0.0,0.0,0.0,0.0,0.0,0.0,5958.431236489432,245.04945623176334,0.7,0.0,0.0,0.0
59,greedy,node-016,0.0,0.0,0.0,0.0,0.0,0.0,0.0,0.0,5958.431236489432,245.04945623176334,0.7,0.0,0.0,0.0
59,greedy,node-017,0.0,0.0,0.0,0.0,0.0,0.0,0.0,0.0,5958.431236489432,245.04945623176334,0.7,0.0,0.0,0.0
59,greedy,node-018,0.0,0.0,0.0,0.0,0.0,0.0,0.0,0.0,5958.431236489432,245.04945623176334,0.7,0.0,0.0,0.0
59,greedy,node-019,0.0,0.0,0.0,0.0,0.0,0.0,0.0,0.0,5958.431236489432,245.04945623176334,0.7,0.0,0.0,0.0
59,greedy,node-020,0.0,0.0,0.0,0.0,0.0,0.0,0.0,0.0,5958.431236489432,245.04945623176334,0.7,-29.510333223233392,0.0,0.0
59,greedy,node-021,0.0,0.0,0.0,0.0,0.0,0.0,0.0,0.0,5958.431236489432,245.04945623176334,0.7,0.0,0.0,0.0
59,greedy,node-022,4.407281971794534,0.0,4.407281971794534,4407.281971794534,0.0,4407.281971794534,0.0,0.0,5958.431236489432,245.04945623176334,0.7,-45.2418557697756,0.0,0.0
59,greedy,node-023,43.59385182759218,0.0,43.59385182759218,0.2699796550761878,0.0,0.2699796550761878,53.82362585221477,161.4708775566443,5958.431236489432,245.04945623176334,0.7,-100.9380024719706,-12.802583188528963,-109.89714565311249
59,greedy,node-024,0.0,0.0,0.0,0.0,0.0,0.0,0.0,0.0,5958.431236489432,245.04945623176334,0.7,0.0,0.0,0.0
59,greedy,node-025,0.0,0.0,0.0,0.0,0.0,0.0,0.0,0.0,5958.431236489432,245.04945623176334,0.7,0.0,0.0,0.0
59,greedy,node-026,0.0,0.0,0.0,0.0,0.0,0.0,0.0,0.0,5958.431236489432,245.04945623176334,0.7,0.0,0.0,0.0
59,greedy,node-027,0.0,0.0,0.0,0.0,0.0,0.0,0.0,0.0,5958.431236489432,245.04945623176334,0.7,0.0,0.0,0.0
59,greedy,node-028,0.0,0.0,0.0,0.0,0.0,0.0,0.0,0.0,5958.431236489432,245.04945623176334,0.7,0.0,0.0,0.0
59,greedy,node-029,0.0,0.0,0.0,0.0,0.0,0.0,0.0,0.0,5958.431236489432,245.04945623176334,0.7,0.0,0.0,0.0
59,trust_vcg,node-000,0.0,0.0,0.0,0.0,0.0,0.0,0.0,0.0,6439.84990810851,777.9121419252637,0.9473684210526315,-1115.0943238370778,0.0,0.0
59,trust_vcg,node-001,0.0,0.0,0.0,0.0,0.0,0.0,0.0,0.0,6439.84990810851,777.9121419252637,0.9473684210526315,0.0,0.0,0.0
59,trust_vcg,node-002,0.0,0.0,46.396172622239796,0.0,0.0,46396.17262223979,0.0,0.0,6439.84990810851,777.9121419252637,0.9473684210526315,-553.6038273777602,0.0,0.0
59,trust_vcg,node-003,0.0,0.0,0.0,0.0,0.0,0.0,0.0,0.0,6439.84990810851,777.9121419252637,0.9473684210526315,0.0,0.0,0.0
59,trust_vcg,node-004,0.0,0.0,176.71403133608536,0.0,0.0,176714.03133608535,0.0,0.0,6439.84990810851,777.9121419252637,0.9473684210526315,-5612.4015100514325,0.0,0.0
59,trust_vcg,node-005,0.0,223.43289651183224,223.43289651183224,0.0,223432.89651183222,223432.89651183222,0.0,0.0,6439.84990810851,777.9121419252637,0.9473684210526315,-5581.308241691724,0.0,0.0
59,trust_vcg,node-006,0.0,0.0,82.60339721927505,0.0,0.0,82603.39721927505,0.0,0.0,6439.84990810851,777.9121419252637,0.9473684210526315,-1717.3966027807248,0.0,0.0
59,trust_vcg,node-007,0.0,0.0,0.0,0.0,0.0,0.0,0.0,0.0,6439.84990810851,777.9121419252637,0.9473684210526315,-11172.815828398632,0.0,0.0
59,trust_vcg,node-008,93.23415183050288,0.0,128.33436947046246,93234.15183050287,0.0,128334.36947046246,0.0,0.0,6439.84990810851,777.9121419252637,0.9473684210526315,-2271.6656305295373,0.0,0.0
59,trust_vcg,node-009,0.0,0.0,0.0,0.0,0.0,0.0,0.0,0.0,6439.84990810851,777.9121419252637,0.9473684210526315,0.0,0.0,0.0
59,trust_vcg,node-010,0.0,0.0,0.0,0.0,0.0,0.0,0.0,0.0,6439.84990810851,777.9121419252637,0.9473684210526315,0.0,0.0,0.0
59,trust_vcg,node-011,0.0,0.0,383.52399288575106,0.0,0.0,383523.99288575107,0.0,0.0,6439.84990810851,777.9121419252637,0.9473684210526315,-11073.308455927114,48.705839941197354,0.0
59,trust_vcg,node-012,471.57238788050813,0.0,471.57238788050813,471572.38788050815,0.0,471572.38788050815,0.0,0.0,6439.84990810851,777.9121419252637,0.9473684210526315,-11105.116060934077,0.0,0.0
59,trust_vcg,node-013,0.0,0.0,0.0,0.0,0.0,0.0,0.0,0.0,6439.84990810851,777.9121419252637,0.9473684210526315,0.0,0.0,0.0
59,trust_vcg,node-014,0.0,0.0,0.0,0.0,0.0,0.0,0.0,0.0,6439.84990810851,777.9121419252637,0.9473684210526315,0.0,0.0,0.0
59,trust_vcg,node-015,0.0,0.0,107.00277834629998,0.0,0.0,107002.77834629998,0.0,0.0,6439.84990810851,777.9121419252637,0.9473684210526315,-2292.9972216537,0.0,0.0
59,trust_vcg,node-016,0.0,0.0,0.0,0.0,0.0,0.0,0.0,0.0,6439.84990810851,777.9121419252637,0.9473684210526315,0.0,0.0,0.0
59,trust_vcg,node-017,0.0,0.0,0.0,0.0,0.0,0.0,0.0,0.0,6439.84990810851,777.9121419252637,0.9473684210526315,0.0,0.0,0.0
59,trust_vcg,node-018,0.0,0.0,256.789015072958,0.0,0.0,256789.01507295802,0.0,0.0,6439.84990810851,777.9121419252637,0.9473684210526315,-3943.210984927042,0.0,0.0
59,trust_vcg,node-019,0.0,0.0,0.0,0.0,0.0,0.0,0.0,0.0,6439.84990810851,777.9121419252637,0.9473684210526315,0.0,0.0,0.0
59,trust_vcg,node-020,185.98921703661276,0.0,279.1078812643936,185989.21703661274,0.0,279107.88126439357,0.0,0.0,6439.84990810851,777.9121419252637,0.9473684210526315,-11085.671163560497,0.0,0.0
59,trust_vcg,node-021,0.0,0.0,0.0,0.0,0.0,0.0,0.0,0.0,6439.84990810851,777.9121419252637,0.9473684210526315,-5588.335765188143,0.0,0.0
59,trust_vcg,node-022,0.0,0.0,0.0,0.0,0.0,0.0,495.808764665824,777.9121419252637,6439.84990810851,777.9121419252637,0.9473684210526315,-11568.19275250114,-42.315506588915866,-495.808764665824
59,trust_vcg,node-023,0.0,0.0,162.25067777806942,0.0,0.0,162250.67777806942,0.0,0.0,6439.84990810851,777.9121419252637,0.9473684210526315,-5444.617767047246,0.0,0.0
59,trust_vcg,node-024,0.0,0.0,0.0,0.0,0.0,0.0,0.0,0.0,6439.84990810851,777.9121419252637,0.9473684210526315,0.0,0.0,0.0
59,trust_vcg,node-025,0.0,0.0,0.0,0.0,0.0,0.0,0.0,0.0,6439.84990810851,777.9121419252637,0.9473684210526315,0.0,0.0,0.0
59,trust_vcg,node-026,21.182148226416558,0.0,74.69624894869796,21182.148226416557,0.0,74696.24894869796,0.0,0.0,6439.84990810851,777.9121419252637,0.9473684210526315,-1725.3037510513022,0.0,0.0
59,trust_vcg,node-027,0.0,0.0,0.0,0.0,0.0,0.0,0.0,0.0,6439.84990810851,777.9121419252637,0.9473684210526315,0.0,0.0,0.0
59,trust_vcg,node-028,0.0,0.0,0.0,0.0,0.0,0.0,0.0,0.0,6439.84990810851,777.9121419252637,0.9473684210526315,0.0,0.0,0.0
59,trust_vcg,node-029,0.0,0.0,0.0,0.0,0.0,0.0,0.0,0.0,6439.84990810851,777.9121419252637,0.9473684210526315,0.0,0.0,0.0
59,contingent,node-000,0.0,0.0,0.0,0.0,0.0,0.0,0.0,0.0,6439.84990810851,355.8790781954998,0.9473684210526315,-129.54417996679683,0.0,0.0
59,contingent,node-001,0.0,0.0,0.0,0.0,0.0,0.0,0.0,0.0,6439.84990810851,355.8790781954998,0.9473684210526315,0.0,0.0,0.0
59,contingent,node-002,0.0,0.0,0.0,0.0,0.0,0.0,0.0,0.0,6439.84990810851,355.8790781954998,0.9473684210526315,-14.41530951104084,0.0,0.0
59,contingent,node-003,0.0,0.0,0.0,0.0,0.0,0.0,0.0,0.0,6439.84990810851,355.8790781954998,0.9473684210526315,0.0,0.0,0.0
59,contingent,node-004,0.0,0.0,26.71403133608535,0.0,0.0,26714.031336085347,0.0,0.0,6439.84990810851,355.8790781954998,0.9473684210526315,-449.606040205726,0.0,0.0
59,contingent,node-005,0.0,73.43289651183227,73.43289651183227,0.0,73432.89651183227,73432.89651183227,0.0,0.0,6439.84990810851,355.8790781954998,0.9473684210526315,-325.23296676689836,0.0,0.0
59,contingent,node-006,0.0,0.0,0.0,0.0,0.0,0.0,0.0,0.0,6439.84990810851,355.8790781954998,0.9473684210526315,-269.58641112289985,0.0,0.0
59,contingent,node-007,0.0,0.0,0.0,0.0,0.0,0.0,0.0,0.0,6439.84990810851,355.8790781954998,0.9473684210526315,-691.2633135945396,0.0,0.0
59,contingent,node-008,0.0,0.0,10.616223238101355,0.0,0.0,10616.223238101355,0.0,0.0,6439.84990810851,355.8790781954998,0.9473684210526315,-286.6625221181501,0.0,0.0
59,contingent,node-009,0.0,0.0,0.0,0.0,0.0,0.0,0.0,0.0,6439.84990810851,355.8790781954998,0.9473684210526315,0.0,0.0,0.0
59,contingent,node-010,0.0,0.0,0.0,0.0,0.0,0.0,0.0,0.0,6439.84990810851,355.8790781954998,0.9473684210526315,0.0,0.0,0.0
59,contingent,node-011,0.0,53.973981477209506,83.52399288575099,0.0,53973.981477209505,83523.99288575098,0.0,0.0,6439.84990810851,355.8790781954998,0.9473684210526315,-293.2338237084637,1.5035940595833495,0.0
59,contingent,node-012,2.758264643513005,0.0,4.671664281263299,2758.264643513005,0.0,4671.664281263299,0.0,0.0,6439.84990810851,355.8790781954998,0.9473684210526315,-420.4642437363085,0.0,0.0
59,contingent,node-013,0.0,0.0,0.0,0.0,0.0,0.0,0.0,0.0,6439.84990810851,355.8790781954998,0.9473684210526315,0.0,0.0,0.0
59,contingent,node-014,0.0,0.0,0.0,0.0,0.0,0.0,0.0,0.0,6439.84990810851,355.8790781954998,0.9473684210526315,0.0,0.0,0.0
59,contingent,node-015,0.0,0.0,0.0,0.0,0.0,0.0,0.0,0.0,6439.84990810851,355.8790781954998,0.9473684210526315,-371.9888866148001,0.0,0.0
59,contingent,node-016,0.0,0.0,0.0,0.0,0.0,0.0,0.0,0.0,6439.84990810851,355.8790781954998,0.9473684210526315,0.0,0.0,0.0
59,contingent,node-017,0.0,0.0,0.0,0.0,0.0,0.0,0.0,0.0,6439.84990810851,355.8790781954998,0.9473684210526315,0.0,0.0,0.0
59,contingent,node-018,0.0,0.0,26.03606646543154,0.0,0.0,26036.066465431537,0.0,0.0,6439.84990810851,355.8790781954998,0.9473684210526315,-372.84393970816797,0.0,0.0
59,contingent,node-019,0.0,0.0,0.0,0.0,0.0,0.0,0.0,0.0,6439.84990810851,355.8790781954998,0.9473684210526315,0.0,0.0,0.0
59,contingent,node-020,3.182445836012292,9.296851698151343,9.752622821242165,3182.4458360122917,9296.851698151342,9752.622821242165,0.0,0.0,6439.84990810851,355.8790781954998,0.9473684210526315,-459.43305385544926,0.0,0.0
59,contingent,node-021,0.0,2.9033324631749764,2.9033324631749764,0.0,2903.3324631749765,2903.3324631749765,0.0,0.0,6439.84990810851,355.8790781954998,0.9473684210526315,-353.34306075257626,0.0,0.0
59,contingent,node-022,92.85874172722814,0.0,192.47477777194146,0.26092779097347446,0.0,0.5408431952445564,73.77570093606019,355.8790781954998,6439.84990810851,355.8790781954998,0.9473684210526315,-363.3116522773163,-35.587907819549976,-73.77570093606019
59,contingent,node-023,0.0,5.90053992714296,62.62527450009383,0.0,5900.53992714296,62625.27450009383,0.0,0.0,6439.84990810851,355.8790781954998,0.9473684210526315,-117.2029790391023,0.0,0.0
59,contingent,node-024,0.0,0.0,0.0,0.0,0.0,0.0,0.0,0.0,6439.84990810851,355.8790781954998,0.9473684210526315,0.0,0.0,0.0
59,contingent,node-025,0.0,0.0,0.0,0.0,0.0,0.0,0.0,0.0,6439.84990810851,355.8790781954998,0.9473684210526315,0.0,0.0,0.0
59,contingent,node-026,0.0,0.0,0.0,0.0,0.0,0.0,0.0,0.0,6439.84990810851,355.8790781954998,0.9473684210526315,-301.2150042052082,0.0,0.0
59,contingent,node-027,0.0,0.0,0.0,0.0,0.0,0.0,0.0,0.0,6439.84990810851,355.8790781954998,0.9473684210526315,0.0,0.0,0.0
59,contingent,node-028,0.0,0.0,0.0,0.0,0.0,0.0,0.0,0.0,6439.84990810851,355.8790781954998,0.9473684210526315,0.0,0.0,0.0
59,contingent,node-029,0.0,0.0,0.0,0.0,0.0,0.0,0.0,0.0,6439.84990810851,355.8790781954998,0.9473684210526315,0.0,0.0,0.0
59,capped,node-000,0.0,0.0,0.0,0.0,0.0,0.0,0.0,0.0,6439.84990810851,423.1550658891594,0.9473684210526315,-32.38604499169921,0.0,0.0
59,capped,node-001,0.0,0.0,0.0,0.0,0.0,0.0,0.0,0.0,6439.84990810851,423.1550658891594,0.9473684210526315,0.0,0.0,0.0
59,capped,node-002,0.0,0.0,0.0,0.0,0.0,0.0,0.0,0.0,6439.84990810851,423.1550658891594,0.9473684210526315,-3.6038273777602097,0.0,0.0
59,capped,node-003,0.0,0.0,0.0,0.0,0.0,0.0,0.0,0.0,6439.84990810851,423.1550658891594,0.9473684210526315,0.0,0.0,0.0
59,capped,node-004,0.0,0.0,26.71403133608535,0.0,0.0,26714.031336085347,0.0,0.0,6439.84990810851,423.1550658891594,0.9473684210526315,-112.4015100514315,0.0,0.0
59,capped,node-005,0.0,73.43289651183227,73.43289651183227,0.0,73432.89651183227,73432.89651183227,0.0,0.0,6439.84990810851,423.1550658891594,0.9473684210526315,-81.30824169172458,0.0,0.0
59,capped,node-006,0.0,0.0,0.0,0.0,0.0,0.0,0.0,0.0,6439.84990810851,423.1550658891594,0.9473684210526315,-67.39660278072495,0.0,0.0
59,capped,node-007,0.0,0.0,0.0,0.0,0.0,0.0,0.0,0.0,6439.84990810851,423.1550658891594,0.9473684210526315,-172.81582839863495,0.0,0.0
59,capped,node-008,0.0,0.0,10.616223238101355,0.0,0.0,10616.223238101355,0.0,0.0,6439.84990810851,423.1550658891594,0.9473684210526315,-71.66563052953752,0.0,0.0
59,capped,node-009,0.0,0.0,0.0,0.0,0.0,0.0,0.0,0.0,6439.84990810851,423.1550658891594,0.9473684210526315,0.0,0.0,0.0
59,capped,node-010,0.0,0.0,0.0,0.0,0.0,0.0,0.0,0.0,6439.84990810851,423.1550658891594,0.9473684210526315,0.0,0.0,0.0
59,capped,node-011,2.155803748278786,130.02768765438935,146.61691185423186,2155.8037482787863,130027.68765438934,146616.91185423185,0.0,0.0,6439.84990810851,423.1550658891594,0.9473684210526315,-73.30845592711593,1.5035940595833495,0.0
59,capped,node-012,2.758264643513005,0.0,52.55803046703856,2758.264643513005,0.0,52558.03046703856,0.0,0.0,6439.84990810851,423.1550658891594,0.9473684210526315,-105.11606093407713,0.0,0.0
59,capped,node-013,0.0,0.0,0.0,0.0,0.0,0.0,0.0,0.0,6439.84990810851,423.1550658891594,0.9473684210526315,0.0,0.0,0.0
59,capped,node-014,0.0,0.0,0.0,0.0,0.0,0.0,0.0,0.0,6439.84990810851,423.1550658891594,0.9473684210526315,0.0,0.0,0.0
59,capped,node-015,0.0,0.0,0.0,0.0,0.0,0.0,0.0,0.0,6439.84990810851,423.1550658891594,0.9473684210526315,-92.99722165370002,0.0,0.0
59,capped,node-016,0.0,0.0,0.0,0.0,0.0,0.0,0.0,0.0,6439.84990810851,423.1550658891594,0.9473684210526315,0.0,0.0,0.0
59,capped,node-017,0.0,0.0,0.0,0.0,0.0,0.0,0.0,0.0,6439.84990810851,423.1550658891594,0.9473684210526315,0.0,0.0,0.0
59,capped,node-018,0.0,0.0,26.03606646543154,0.0,0.0,26036.066465431537,0.0,0.0,6439.84990810851,423.1550658891594,0.9473684210526315,-93.21098492704198,0.0,0.0
59,capped,node-019,0.0,0.0,0.0,0.0,0.0,0.0,0.0,0.0,6439.84990810851,423.1550658891594,0.9473684210526315,0.0,0.0,0.0
59,capped,node-020,3.182445836012292,31.45709107214085,31.45709107214085,3182.4458360122917,31457.09107214085,31457.09107214085,0.0,0.0,6439.84990810851,423.1550658891594,0.9473684210526315,-114.85826346386231,0.0,0.0
59,capped,node-021,0.0,78.33356586969401,78.33356586969401,0.0,78333.56586969401,78333.56586969401,0.0,0.0,6439.84990810851,423.1550658891594,0.9473684210526315,-88.33576518814408,0.0,0.0
59,capped,node-022,123.13588751451675,0.0,259.7507654656011,0.2909947143271842,0.0,0.6138429772069415,141.05168862971982,423.1550658891594,6439.84990810851,423.1550658891594,0.9473684210526315,-213.43567646503385,-42.31550658891594,-141.05168862971982
59,capped,node-023,0.0,58.60148951955115,70.7932829594068,0.0,58601.48951955115,70793.28295940679,0.0,0.0,6439.84990810851,423.1550658891594,0.9473684210526315,-29.300744759775576,0.0,0.0
59,capped,node-024,0.0,0.0,0.0,0.0,0.0,0.0,0.0,0.0,6439.84990810851,423.1550658891594,0.9473684210526315,0.0,0.0,0.0
59,capped,node-025,0.0,0.0,0.0,0.0,0.0,0.0,0.0,0.0,6439.84990810851,423.1550658891594,0.9473684210526315,0.0,0.0,0.0
59,capped,node-026,0.0,0.0,0.0,0.0,0.0,0.0,0.0,0.0,6439.84990810851,423.1550658891594,0.9473684210526315,-75.30375105130204,0.0,0.0
59,capped,node-027,0.0,0.0,0.0,0.0,0.0,0.0,0.0,0.0,6439.84990810851,423.1550658891594,0.9473684210526315,0.0,0.0,0.0
59,capped,node-028,0.0,0.0,0.0,0.0,0.0,0.0,0.0,0.0,6439.84990810851,423.1550658891594,0.9473684210526315,0.0,0.0,0.0
59,capped,node-029,0.0,0.0,0.0,0.0,0.0,0.0,0.0,0.0,6439.84990810851,423.1550658891594,0.9473684210526315,0.0,0.0,0.0
59,proper_scoring,node-000,0.0,0.0,0.0,0.0,0.0,0.0,0.0,0.0,6439.84990810851,1277.9121419252638,0.9473684210526315,-115.09432383707778,0.0,0.0
59,proper_scoring,node-001,0.0,0.0,0.0,0.0,0.0,0.0,0.0,0.0,6439.84990810851,1277.9121419252638,0.9473684210526315,0.0,0.0,0.0
59,proper_scoring,node-002,0.0,0.0,46.396172622239796,0.0,0.0,46396.17262223979,0.0,0.0,6439.84990810851,1277.9121419252638,0.9473684210526315,-14.41530951104084,0.0,0.0
59,proper_scoring,node-003,0.0,0.0,0.0,0.0,0.0,0.0,0.0,0.0,6439.84990810851,1277.9121419252638,0.9473684210526315,0.0,0.0,0.0
59,proper_scoring,node-004,0.0,0.0,313.9254947720193,0.0,0.0,313925.4947720193,0.0,0.0,6439.84990810851,1277.9121419252638,0.9473684210526315,-433.6704475771663,0.0,0.0
59,proper_scoring,node-005,0.0,223.43289651183224,294.8071372453305,0.0,223432.89651183222,294807.1372453305,0.0,0.0,6439.84990810851,1277.9121419252638,0.9473684210526315,-325.23296676689836,0.0,0.0
59,proper_scoring,node-006,0.0,0.0,82.60339721927505,0.0,0.0,82603.39721927505,0.0,0.0,6439.84990810851,1277.9121419252638,0.9473684210526315,-217.39660278072495,0.0,0.0
59,proper_scoring,node-007,167.77433340372943,0.0,708.123317256905,167774.33340372943,0.0,708123.317256905,0.0,0.0,6439.84990810851,1277.9121419252638,0.9473684210526315,-603.3181236401952,0.0,0.0
59,proper_scoring,node-008,93.23415183050288,0.0,128.33436947046246,93234.15183050287,0.0,128334.36947046246,0.0,0.0,6439.84990810851,1277.9121419252638,0.9473684210526315,-266.68682313830726,0.0,0.0
59,proper_scoring,node-009,0.0,0.0,0.0,0.0,0.0,0.0,0.0,0.0,6439.84990810851,1277.9121419252638,0.9473684210526315,0.0,0.0,0.0
59,proper_scoring,node-010,0.0,0.0,0.0,0.0,0.0,0.0,0.0,0.0,6439.84990810851,1277.9121419252638,0.9473684210526315,0.0,0.0,0.0
59,proper_scoring,node-011,226.05747075479087,559.3394182294169,868.1852757582119,226057.47075479088,559339.4182294168,868185.2757582119,0.0,0.0,6439.84990810851,1277.9121419252638,0.9473684210526315,-293.2338237084637,48.705839941197354,0.0
59,proper_scoring,node-012,471.57238788050813,0.0,884.144103773262,471572.38788050815,0.0,884144.103773262,0.0,0.0,6439.84990810851,1277.9121419252638,0.9473684210526315,-409.02710836030064,0.0,0.0
59,proper_scoring,node-013,0.0,0.0,0.0,0.0,0.0,0.0,0.0,0.0,6439.84990810851,1277.9121419252638,0.9473684210526315,0.0,0.0,0.0
59,proper_scoring,node-014,0.0,0.0,0.0,0.0,0.0,0.0,0.0,0.0,6439.84990810851,1277.9121419252638,0.9473684210526315,0.0,0.0,0.0
59,proper_scoring,node-015,0.0,0.0,107.00277834629998,0.0,0.0,107002.77834629998,0.0,0.0,6439.84990810851,1277.9121419252638,0.9473684210526315,-290.09596094079154,0.0,0.0
59,proper_scoring,node-016,0.0,0.0,0.0,0.0,0.0,0.0,0.0,0.0,6439.84990810851,1277.9121419252638,0.9473684210526315,0.0,0.0,0.0
59,proper_scoring,node-017,0.0,0.0,0.0,0.0,0.0,0.0,0.0,0.0,6439.84990810851,1277.9121419252638,0.9473684210526315,0.0,0.0,0.0
59,proper_scoring,node-018,0.0,0.0,256.789015072958,0.0,0.0,256789.01507295802,0.0,0.0,6439.84990810851,1277.9121419252638,0.9473684210526315,-361.0781053903338,0.0,0.0
59,proper_scoring,node-019,0.0,0.0,0.0,0.0,0.0,0.0,0.0,0.0,6439.84990810851,1277.9121419252638,0.9473684210526315,0.0,0.0,0.0
59,proper_scoring,node-020,293.5470398446033,359.25930719339,707.3455728477471,293547.03984460334,359259.30719339,707345.5728477471,0.0,0.0,6439.84990810851,1277.9121419252638,0.9473684210526315,-430.81054377605807,0.0,0.0
59,proper_scoring,node-021,0.0,128.333565869694,176.78691113885023,0.0,128333.56586969401,176786.91113885024,0.0,0.0,6439.84990810851,1277.9121419252638,0.9473684210526315,-353.34306075257626,0.0,0.0
59,proper_scoring,node-022,0.0,0.0,0.0,0.0,0.0,0.0,995.8087646658241,1277.9121419252638,6439.84990810851,1277.9121419252638,0.9473684210526315,-1285.3447160070803,-42.31550658891592,-995.8087646658241
59,proper_scoring,node-023,0.0,354.58945140005756,354.58945140005756,0.0,354589.4514000575,354589.4514000575,0.0,0.0,6439.84990810851,1277.9121419252638,0.9473684210526315,-117.2029790391023,0.0,0.0
59,proper_scoring,node-024,0.0,0.0,0.0,0.0,0.0,0.0,0.0,0.0,6439.84990810851,1277.9121419252638,0.9473684210526315,0.0,0.0,0.0
59,proper_scoring,node-025,0.0,0.0,0.0,0.0,0.0,0.0,0.0,0.0,6439.84990810851,1277.9121419252638,0.9473684210526315,0.0,0.0,0.0
59,proper_scoring,node-026,21.182148226416558,0.0,74.69624894869796,21182.148226416557,0.0,74696.24894869796,0.0,0.0,6439.84990810851,1277.9121419252638,0.9473684210526315,-225.30375105130204,0.0,0.0
59,proper_scoring,node-027,0.0,0.0,0.0,0.0,0.0,0.0,0.0,0.0,6439.84990810851,1277.9121419252638,0.9473684210526315,0.0,0.0,0.0
59,proper_scoring,node-028,0.0,0.0,0.0,0.0,0.0,0.0,0.0,0.0,6439.84990810851,1277.9121419252638,0.9473684210526315,0.0,0.0,0.0
59,proper_scoring,node-029,0.0,0.0,0.0,0.0,0.0,0.0,0.0,0.0,6439.84990810851,1277.9121419252638,0.9473684210526315,0.0,0.0,0.0
59,audits,node-000,0.0,0.0,0.0,0.0,0.0,0.0,0.0,0.0,6439.84990810851,1277.9121419252638,0.9473684210526315,-615.0943238370778,0.0,0.0
59,audits,node-001,0.0,0.0,0.0,0.0,0.0,0.0,0.0,0.0,6439.84990810851,1277.9121419252638,0.9473684210526315,0.0,0.0,0.0
59,audits,node-002,0.0,0.0,46.396172622239796,0.0,0.0,46396.17262223979,0.0,0.0,6439.84990810851,1277.9121419252638,0.9473684210526315,-53.603827377760204,0.0,0.0
59,audits,node-003,0.0,0.0,0.0,0.0,0.0,0.0,0.0,0.0,6439.84990810851,1277.9121419252638,0.9473684210526315,0.0,0.0,0.0
59,audits,node-004,0.0,0.0,287.59848994856844,0.0,0.0,287598.48994856846,0.0,0.0,6439.84990810851,1277.9121419252638,0.9473684210526315,-2612.4015100514316,0.0,0.0
59,audits,node-005,0.0,223.43289651183224,223.43289651183224,0.0,223432.89651183222,223432.89651183222,0.0,0.0,6439.84990810851,1277.9121419252638,0.9473684210526315,-2581.3082416917246,0.0,0.0
59,audits,node-006,0.0,0.0,82.60339721927505,0.0,0.0,82603.39721927505,0.0,0.0,6439.84990810851,1277.9121419252638,0.9473684210526315,-1217.396602780725,0.0,0.0
59,audits,node-007,152.4976769457238,0.0,627.1841716013649,152497.6769457238,0.0,627184.171601365,0.0,0.0,6439.84990810851,1277.9121419252638,0.9473684210526315,-3172.815828398634,0.0,0.0
59,audits,node-008,93.23415183050288,0.0,128.33436947046246,93234.15183050287,0.0,128334.36947046246,0.0,0.0,6439.84990810851,1277.9121419252638,0.9473684210526315,-1771.6656305295373,0.0,0.0
59,audits,node-009,0.0,0.0,0.0,0.0,0.0,0.0,0.0,0.0,6439.84990810851,1277.9121419252638,0.9473684210526315,0.0,0.0,0.0
59,audits,node-010,0.0,0.0,0.0,0.0,0.0,0.0,0.0,0.0,6439.84990810851,1277.9121419252638,0.9473684210526315,0.0,0.0,0.0
59,audits,node-011,210.04440645907297,0.0,395.46413650844914,210044.40645907298,0.0,395464.13650844916,0.0,0.0,6439.84990810851,1277.9121419252638,0.9473684210526315,-3073.3084559271165,48.705839941197354,0.0
59,audits,node-012,471.57238788050813,0.0,852.5580304670384,471572.38788050815,0.0,852558.0304670384,0.0,0.0,6439.84990810851,1277.9121419252638,0.9473684210526315,-3105.116060934077,0.0,0.0
59,audits,node-013,0.0,0.0,0.0,0.0,0.0,0.0,0.0,0.0,6439.84990810851,1277.9121419252638,0.9473684210526315,0.0,0.0,0.0
59,audits,node-014,0.0,0.0,0.0,0.0,0.0,0.0,0.0,0.0,6439.84990810851,1277.9121419252638,0.9473684210526315,0.0,0.0,0.0
59,audits,node-015,0.0,0.0,107.00277834629998,0.0,0.0,107002.77834629998,0.0,0.0,6439.84990810851,1277.9121419252638,0.9473684210526315,-1792.9972216537,0.0,0.0
59,audits,node-016,0.0,0.0,0.0,0.0,0.0,0.0,0.0,0.0,6439.84990810851,1277.9121419252638,0.9473684210526315,0.0,0.0,0.0
59,audits,node-017,0.0,0.0,0.0,0.0,0.0,0.0,0.0,0.0,6439.84990810851,1277.9121419252638,0.9473684210526315,0.0,0.0,0.0
59,audits,node-018,0.0,0.0,256.789015072958,0.0,0.0,256789.01507295802,0.0,0.0,6439.84990810851,1277.9121419252638,0.9473684210526315,-2443.210984927042,0.0,0.0
59,audits,node-019,0.0,0.0,0.0,0.0,0.0,0.0,0.0,0.0,6439.84990810851,1277.9121419252638,0.9473684210526315,0.0,0.0,0.0
59,audits,node-020,278.9599821235951,284.3382565577159,626.8844623685758,278959.98212359514,284338.2565577159,626884.4623685757,0.0,0.0,6439.84990810851,1277.9121419252638,0.9473684210526315,-3085.671163560498,0.0,0.0
59,audits,node-021,0.0,0.0,0.0,0.0,0.0,0.0,0.0,0.0,6439.84990810851,1277.9121419252638,0.9473684210526315,-2588.3357651881443,0.0,0.0
59,audits,node-022,0.0,0.0,0.0,0.0,0.0,0.0,995.8087646658241,1277.9121419252638,6439.84990810851,1277.9121419252638,0.9473684210526315,-4068.192752501138,-42.31550658891592,-995.8087646658241
59,audits,node-023,0.0,0.0,162.25067777806942,0.0,0.0,162250.67777806942,0.0,0.0,6439.84990810851,1277.9121419252638,0.9473684210526315,-2444.6177670472475,0.0,0.0
59,audits,node-024,0.0,0.0,0.0,0.0,0.0,0.0,0.0,0.0,6439.84990810851,1277.9121419252638,0.9473684210526315,0.0,0.0,0.0
59,audits,node-025,0.0,0.0,0.0,0.0,0.0,0.0,0.0,0.0,6439.84990810851,1277.9121419252638,0.9473684210526315,0.0,0.0,0.0
59,audits,node-026,21.182148226416558,0.0,74.69624894869796,21182.148226416557,0.0,74696.24894869796,0.0,0.0,6439.84990810851,1277.9121419252638,0.9473684210526315,-1225.3037510513022,0.0,0.0
59,audits,node-027,0.0,0.0,0.0,0.0,0.0,0.0,0.0,0.0,6439.84990810851,1277.9121419252638,0.9473684210526315,0.0,0.0,0.0
59,audits,node-028,0.0,0.0,0.0,0.0,0.0,0.0,0.0,0.0,6439.84990810851,1277.9121419252638,0.9473684210526315,0.0,0.0,0.0
59,audits,node-029,0.0,0.0,0.0,0.0,0.0,0.0,0.0,0.0,6439.84990810851,1277.9121419252638,0.9473684210526315,0.0,0.0,0.0
58,greedy,node-000,0.0,0.0,0.0,0.0,0.0,0.0,0.0,0.0,7287.168605172446,326.5762425303242,0.85,0.0,0.0,-76.8267292857368
58,greedy,node-001,5.572043788263629,0.0,5.572043788263629,5572.043788263629,0.0,5572.043788263629,0.0,0.0,7287.168605172446,326.5762425303242,0.85,-76.8267292857368,0.0,0.0
58,greedy,node-002,0.0,0.0,0.0,0.0,0.0,0.0,80.80008846375556,242.40026539126666,7287.168605172446,326.5762425303242,0.85,-145.25372280556388,-24.240026539126653,-80.80008846375556
58,greedy,node-003,0.0,0.0,0.0,0.0,0.0,0.0,0.0,0.0,7287.168605172446,326.5762425303242,0.85,0.0,0.0,0.0
58,greedy,node-004,0.0,0.0,0.0,0.0,0.0,0.0,0.0,0.0,7287.168605172446,326.5762425303242,0.85,0.0,0.0,0.0
58,greedy,node-005,0.0,0.0,0.0,0.0,0.0,0.0,0.0,0.0,7287.168605172446,326.5762425303242,0.85,0.0,0.0,0.0
58,greedy,node-006,0.0,0.0,0.0,0.0,0.0,0.0,0.0,0.0,7287.168605172446,326.5762425303242,0.85,0.0,0.0,0.0
58,greedy,node-007,21.04399428476438,0.0,21.04399428476438,0.24999999999999992,0.0,0.24999999999999992,28.058659046352524,84.17597713905755,7287.168605172446,326.5762425303242,0.85,-68.71005738900757,-4.10708514041993,-28.058659046352524
58,greedy,node-008,0.0,0.0,0.0,0.0,0.0,0.0,0.0,0.0,7287.168605172446,326.5762425303242,0.85,0.0,0.0,0.0
58,greedy,node-009,0.0,0.0,0.0,0.0,0.0,0.0,0.0,0.0,7287.168605172446,326.5762425303242,0.85,0.0,0.0,0.0
58,greedy,node-010,0.0,0.0,0.0,0.0,0.0,0.0,0.0,0.0,7287.168605172446,326.5762425303242,0.85,0.0,0.0,0.0
58,greedy,node-011,0.0,0.0,0.0,0.0,0.0,0.0,0.0,0.0,7287.168605172446,326.5762425303242,0.85,0.0,0.0,0.0
58,greedy,node-012,9.06761381678821,0.0,9.06761381678821,9067.613816788209,0.0,9067.613816788209,0.0,0.0,7287.168605172446,326.5762425303242,0.85,-32.840760078679494,0.0,0.0
58,greedy,node-013,0.0,0.0,0.0,0.0,0.0,0.0,0.0,0.0,7287.168605172446,326.5762425303242,0.85,0.0,0.0,0.0
58,greedy,node-014,0.0,0.0,0.0,0.0,0.0,0.0,0.0,0.0,7287.168605172446,326.5762425303242,0.85,0.0,0.0,0.0
58,greedy,node-015,0.0,0.0,0.0,0.0,0.0,0.0,0.0,0.0,7287.168605172446,326.5762425303242,0.85,0.0,0.0,0.0
58,greedy,node-016,0.0,0.0,0.0,0.0,0.0,0.0,0.0,0.0,7287.168605172446,326.5762425303242,0.85,0.0,0.0,0.0
58,greedy,node-017,12.509631152630543,0.0,12.509631152630543,12509.631152630544,0.0,12509.631152630544,0.0,0.0,7287.168605172446,326.5762425303242,0.85,-53.22207371923138,10.149609356104694,0.0
58,greedy,node-018,0.0,0.0,0.0,0.0,0.0,0.0,0.0,0.0,7287.168605172446,326.5762425303242,0.85,0.0,0.0,0.0
58,greedy,node-019,0.0,0.0,0.0,0.0,0.0,0.0,0.0,0.0,7287.168605172446,326.5762425303242,0.85,0.0,0.0,0.0
58,greedy,node-020,0.0,0.0,0.0,0.0,0.0,0.0,0.0,0.0,7287.168605172446,326.5762425303242,0.85,0.0,0.0,0.0
58,greedy,node-021,0.0,0.0,0.0,0.0,0.0,0.0,0.0,0.0,7287.168605172446,326.5762425303242,0.85,0.0,0.0,0.0
58,greedy,node-022,0.0,0.0,0.0,0.0,0.0,0.0,0.0,0.0,7287.168605172446,326.5762425303242,0.85,0.0,0.0,0.0
58,greedy,node-023,0.0,0.0,0.0,0.0,0.0,0.0,0.0,0.0,7287.168605172446,326.5762425303242,0.85,-74.37975366960409,0.0,0.0
58,greedy,node-024,0.0,0.0,0.0,0.0,0.0,0.0,0.0,0.0,7287.168605172446,326.5762425303242,0.85,0.0,0.0,0.0
58,greedy,node-025,0.0,0.0,0.0,0.0,0.0,0.0,0.0,0.0,7287.168605172446,326.5762425303242,0.85,0.0,0.0,0.0
58,greedy,node-026,0.0,0.0,0.0,0.0,0.0,0.0,0.0,0.0,7287.168605172446,326.5762425303242,0.85,0.0,0.0,0.0
58,greedy,node-027,0.0,0.0,0.0,0.0,0.0,0.0,0.0,0.0,7287.168605172446,326.5762425303242,0.85,0.0,0.0,0.0
58,greedy,node-028,0.0,0.0,0.0,0.0,0.0,0.0,0.0,0.0,7287.168605172446,326.5762425303242,0.85,-33.94124472807703,0.0,0.0
58,greedy,node-029,0.0,0.0,0.0,0.0,0.0,0.0,0.0,0.0,7287.168605172446,326.5762425303242,0.85,-71.69498856563261,0.0,0.0
58,trust_vcg,node-000,0.0,0.0,0.0,0.0,0.0,0.0,0.0,0.0,8650.217574824903,1422.210668724506,1.0,-5640.660526750449,0.0,101.31456894585847
58,trust_vcg,node-001,101.31456894585847,20.205062995589827,238.4133646428685,101314.56894585847,20205.062995589826,238413.3646428685,0.0,0.0,8650.217574824903,1422.210668724506,1.0,-11087.623768881644,0.0,0.0
58,trust_vcg,node-002,0.0,0.0,0.0,0.0,0.0,0.0,0.0,0.0,8650.217574824903,1422.210668724506,1.0,-5507.747490914683,0.0,0.0
58,trust_vcg,node-003,0.0,0.0,0.0,0.0,0.0,0.0,0.0,0.0,8650.217574824903,1422.210668724506,1.0,0.0,0.0,0.0
58,trust_vcg,node-004,0.0,0.0,0.0,0.0,0.0,0.0,0.0,0.0,8650.217574824903,1422.210668724506,1.0,0.0,0.0,0.0
58,trust_vcg,node-005,0.0,0.0,172.65736179030722,0.0,0.0,172657.36179030722,0.0,0.0,8650.217574824903,1422.210668724506,1.0,-3427.3426382096927,0.0,0.0
58,trust_vcg,node-006,0.0,0.0,260.41472219660375,0.0,0.0,260414.72219660375,0.0,0.0,8650.217574824903,1422.210668724506,1.0,-3939.585277803397,0.0,0.0
58,trust_vcg,node-007,0.0,0.0,0.0,0.0,0.0,0.0,330.5727652255003,369.29164326815715,8650.217574824903,1422.210668724506,1.0,-11290.866600945417,-419.2627782716644,-330.5727652255003
58,trust_vcg,node-008,0.0,0.0,0.0,0.0,0.0,0.0,0.0,0.0,8650.217574824903,1422.210668724506,1.0,-2308.717696215533,0.0,0.0
58,trust_vcg,node-009,244.2118918058171,0.0,432.424849934482,244211.89180581708,0.0,432424.84993448196,0.0,0.0,8650.217574824903,1422.210668724506,1.0,-6767.575150065519,0.0,0.0
58,trust_vcg,node-010,0.0,0.0,0.0,0.0,0.0,0.0,0.0,0.0,8650.217574824903,1422.210668724506,1.0,-5117.789125012704,0.0,0.0
58,trust_vcg,node-011,158.84689990132577,0.0,158.85615579548218,158846.89990132576,0.0,158856.1557954822,0.0,0.0,8650.217574824903,1422.210668724506,1.0,-3441.143844204518,0.0,0.0
58,trust_vcg,node-012,533.7950451401857,133.4180455379814,593.5976263752511,1.185333071367304,0.29626506115624623,1.318129315799353,349.99759579698326,450.33337720379564,8650.217574824903,1422.210668724506,1.0,-11490.802044128013,318.44504116987576,-349.99759579698326
58,trust_vcg,node-013,0.0,0.0,0.0,0.0,0.0,0.0,0.0,0.0,8650.217574824903,1422.210668724506,1.0,0.0,0.0,0.0
58,trust_vcg,node-014,0.0,0.0,0.0,0.0,0.0,0.0,0.0,0.0,8650.217574824903,1422.210668724506,1.0,-4433.568867343734,0.0,0.0
58,trust_vcg,node-015,0.0,0.0,0.0,0.0,0.0,0.0,0.0,0.0,8650.217574824903,1422.210668724506,1.0,-5661.171856640922,0.0,0.0
58,trust_vcg,node-016,0.0,90.27333853612721,240.94111153739996,0.0,90273.33853612721,240941.11153739996,0.0,0.0,8650.217574824903,1422.210668724506,1.0,-3959.0588884626,0.0,0.0
58,trust_vcg,node-017,0.0,0.0,0.0,0.0,0.0,0.0,0.0,0.0,8650.217574824903,1422.210668724506,1.0,-5534.407275655899,0.0,0.0
58,trust_vcg,node-018,0.0,0.0,0.0,0.0,0.0,0.0,0.0,0.0,8650.217574824903,1422.210668724506,1.0,0.0,0.0,0.0
58,trust_vcg,node-019,0.0,0.0,113.07616560233134,0.0,0.0,113076.16560233134,0.0,0.0,8650.217574824903,1422.210668724506,1.0,-2283.858948855936,0.0,0.0
58,trust_vcg,node-020,0.0,0.0,0.0,0.0,0.0,0.0,0.0,0.0,8650.217574824903,1422.210668724506,1.0,0.0,0.0,0.0
58,trust_vcg,node-021,0.0,0.0,234.98751718878367,0.0,0.0,234987.51718878368,0.0,0.0,8650.217574824903,1422.210668724506,1.0,-3965.0124828112157,0.0,0.0
58,trust_vcg,node-022,0.0,0.0,109.89647469348034,0.0,0.0,109896.47469348034,0.0,0.0,8650.217574824903,1422.210668724506,1.0,-5596.774707476149,0.0,0.0
58,trust_vcg,node-023,0.0,0.0,0.0,0.0,0.0,0.0,0.0,0.0,8650.217574824903,1422.210668724506,1.0,-7790.494888313074,0.0,0.0
58,trust_vcg,node-024,0.0,0.0,0.0,0.0,0.0,0.0,0.0,0.0,8650.217574824903,1422.210668724506,1.0,-7797.939412737254,0.0,0.0
58,trust_vcg,node-025,0.0,0.0,0.0,0.0,0.0,0.0,0.0,0.0,8650.217574824903,1422.210668724506,1.0,0.0,0.0,0.0
58,trust_vcg,node-026,0.0,0.0,0.0,0.0,0.0,0.0,0.0,0.0,8650.217574824903,1422.210668724506,1.0,0.0,0.0,0.0
58,trust_vcg,node-027,0.0,0.0,179.8719971419569,0.0,0.0,179871.9971419569,0.0,0.0,8650.217574824903,1422.210668724506,1.0,-2220.128002858043,0.0,0.0
58,trust_vcg,node-028,0.0,3.9771557083681373,95.18320399096945,0.0,3977.1557083681373,95183.20399096944,0.0,0.0,8650.217574824903,1422.210668724506,1.0,-10012.308077910246,0.0,0.0
58,trust_vcg,node-029,81.2923803403163,183.4988831650764,183.4988831650764,0.13490593507505072,0.30451917282996604,0.30451917282996604,399.9045971589748,602.5856482525533,8650.217574824903,1422.210668724506,1.0,-6525.99860891838,27.100122329136525,-399.9045971589748
58,contingent,node-000,0.0,0.0,0.0,0.0,0.0,0.0,0.0,0.0,8650.217574824903,512.6035658145715,1.0,-562.6421070017974,0.0,-57.856615808910796
58,contingent,node-001,0.0,64.57615614724489,161.34885933382094,0.0,64576.15614724489,161348.85933382093,0.0,0.0,8650.217574824903,512.6035658145715,1.0,-350.495075526567,0.0,0.0
58,contingent,node-002,0.0,35.474912330339464,163.23094994059448,0.0,35474.912330339466,163230.9499405945,0.0,0.0,8650.217574824903,512.6035658145715,1.0,-161.60017692751111,0.0,0.0
58,contingent,node-003,0.0,0.0,0.0,0.0,0.0,0.0,0.0,0.0,8650.217574824903,512.6035658145715,1.0,0.0,0.0,0.0
58,contingent,node-004,0.0,0.0,0.0,0.0,0.0,0.0,0.0,0.0,8650.217574824903,512.6035658145715,1.0,0.0,0.0,0.0
58,contingent,node-005,0.0,0.0,0.0,0.0,0.0,0.0,0.0,0.0,8650.217574824903,512.6035658145715,1.0,-509.3705528387712,0.0,0.0
58,contingent,node-006,0.0,0.0,0.0,0.0,0.0,0.0,0.0,0.0,8650.217574824903,512.6035658145715,1.0,-358.341111213585,0.0,0.0
58,contingent,node-007,0.0,17.45713395996473,65.96347713124578,0.0,0.30057919792565796,1.135767709291119,19.359439021328406,58.07831706398521,8650.217574824903,512.6035658145715,1.0,-416.7906330298839,-8.303014439681313,-19.359439021328406
58,contingent,node-008,0.0,0.0,0.0,0.0,0.0,0.0,0.0,0.0,8650.217574824903,512.6035658145715,1.0,-434.8707848621309,0.0,0.0
58,contingent,node-009,0.0,0.0,0.0,0.0,0.0,0.0,0.0,0.0,8650.217574824903,512.6035658145715,1.0,-670.3006002620721,0.0,0.0
58,contingent,node-010,0.0,0.0,0.0,0.0,0.0,0.0,0.0,0.0,8650.217574824903,512.6035658145715,1.0,-671.1565000508145,0.0,0.0
58,contingent,node-011,0.0,0.0,0.0,0.0,0.0,0.0,0.0,0.0,8650.217574824903,512.6035658145715,1.0,-564.5753768180712,0.0,0.0
58,contingent,node-012,0.0,33.24775063155855,54.952637888482606,0.0,0.22090989651873863,0.3651248977383028,50.16789070340618,150.50367211021856,8650.217574824903,512.6035658145715,1.0,-613.3856840275155,18.615336076298682,-50.16789070340618
58,contingent,node-013,0.0,0.0,0.0,0.0,0.0,0.0,0.0,0.0,8650.217574824903,512.6035658145715,1.0,0.0,0.0,0.0
58,contingent,node-014,0.0,0.0,0.0,0.0,0.0,0.0,0.0,0.0,8650.217574824903,512.6035658145715,1.0,-134.27546937493767,0.0,0.0
58,contingent,node-015,0.0,0.0,0.0,0.0,0.0,0.0,0.0,0.0,8650.217574824903,512.6035658145715,1.0,-644.6874265636875,0.0,0.0
58,contingent,node-016,0.0,40.27333853612721,40.27333853612721,0.0,40273.33853612721,40273.33853612721,0.0,0.0,8650.217574824903,512.6035658145715,1.0,-436.23555385040015,0.0,0.0
58,contingent,node-017,0.0,4.542528915178245,85.31383996137531,0.0,4542.528915178245,85313.8399613753,0.0,0.0,8650.217574824903,512.6035658145715,1.0,-212.88829487692556,0.0,0.0
58,contingent,node-018,0.0,0.0,0.0,0.0,0.0,0.0,0.0,0.0,8650.217574824903,512.6035658145715,1.0,0.0,0.0,0.0
58,contingent,node-019,0.0,0.0,12.701339766347772,0.0,0.0,12701.339766347772,0.0,0.0,8650.217574824903,512.6035658145715,1.0,-347.67185378221484,0.0,0.0
58,contingent,node-020,0.0,0.0,0.0,0.0,0.0,0.0,0.0,0.0,8650.217574824903,512.6035658145715,1.0,0.0,0.0,0.0
58,contingent,node-021,0.0,0.0,28.986473809812196,0.0,0.0,28986.473809812196,0.0,0.0,8650.217574824903,512.6035658145715,1.0,-460.0499312448654,0.0,0.0
58,contingent,node-022,0.0,0.0,59.89647469348034,0.0,0.0,59896.47469348034,0.0,0.0,8650.217574824903,512.6035658145715,1.0,-387.0988299045954,0.0,0.0
58,contingent,node-023,0.0,26.914205113100127,86.74713993543622,0.0,26914.205113100128,86747.13993543622,0.0,0.0,8650.217574824903,512.6035658145715,1.0,-361.97955325229395,0.0,0.0
58,contingent,node-024,0.0,0.0,0.0,0.0,0.0,0.0,0.0,0.0,8650.217574824903,512.6035658145715,1.0,-391.75765094901436,0.0,0.0
58,contingent,node-025,0.0,0.0,0.0,0.0,0.0,0.0,0.0,0.0,8650.217574824903,512.6035658145715,1.0,0.0,0.0,0.0
58,contingent,node-026,0.0,0.0,0.0,0.0,0.0,0.0,0.0,0.0,8650.217574824903,512.6035658145715,1.0,0.0,0.0,0.0
58,contingent,node-027,0.0,0.0,0.0,0.0,0.0,0.0,0.0,0.0,8650.217574824903,512.6035658145715,1.0,-80.5120114321724,0.0,0.0
58,contingent,node-028,0.0,114.82653440146927,164.22707775200018,0.0,114826.53440146927,164227.0777520002,0.0,0.0,8650.217574824903,512.6035658145715,1.0,-449.23231164098644,0.0,0.0
58,contingent,node-029,54.447317240562285,32.062954777262064,147.92002291297322,0.17909030616260807,0.10546276067500915,0.4865444898601729,101.34052554678928,304.0215766403678,8650.217574824903,512.6035658145715,1.0,-405.716572584408,-22.660556272894326,-101.34052554678928
58,capped,node-000,0.0,0.0,22.4138446011573,0.0,0.0,22413.8446011573,0.0,0.0,8650.217574824903,512.6035658145715,1.0,-140.66052675044935,0.0,-49.69512969721356
58,capped,node-001,0.0,120.2050629955899,244.7922196063385,0.0,120205.06299558989,244792.2196063385,0.0,0.0,8650.217574824903,512.6035658145715,1.0,-87.62376888164174,0.0,0.0
58,capped,node-002,0.0,80.80008846375556,253.88130220742664,0.0,80800.08846375556,253881.30220742663,0.0,0.0,8650.217574824903,512.6035658145715,1.0,-40.40004423187777,0.0,0.0
58,capped,node-003,0.0,0.0,0.0,0.0,0.0,0.0,0.0,0.0,8650.217574824903,512.6035658145715,1.0,0.0,0.0,0.0
58,capped,node-004,0.0,0.0,0.0,0.0,0.0,0.0,0.0,0.0,8650.217574824903,512.6035658145715,1.0,0.0,0.0,0.0
58,capped,node-005,0.0,0.0,0.0,0.0,0.0,0.0,0.0,0.0,8650.217574824903,512.6035658145715,1.0,-127.3426382096928,0.0,0.0
58,capped,node-006,0.0,0.0,0.0,0.0,0.0,0.0,0.0,0.0,8650.217574824903,512.6035658145715,1.0,-89.58527780339625,0.0,0.0
58,capped,node-007,0.0,61.94335766398171,77.88658372957866,0.0,1.0665487706150019,1.3410613059564136,19.359439021328406,58.07831706398521,8650.217574824903,512.6035658145715,1.0,-118.71723752346728,0.28162231111836533,-19.359439021328406
58,capped,node-008,0.0,0.0,0.0,0.0,0.0,0.0,0.0,0.0,8650.217574824903,512.6035658145715,1.0,-108.71769621553274,0.0,0.0
58,capped,node-009,0.0,0.0,0.0,0.0,0.0,0.0,0.0,0.0,8650.217574824903,512.6035658145715,1.0,-167.57515006551802,0.0,0.0
58,capped,node-010,0.0,0.0,0.0,0.0,0.0,0.0,0.0,0.0,8650.217574824903,512.6035658145715,1.0,-167.7891250127036,0.0,0.0
58,capped,node-011,0.0,0.0,0.0,0.0,0.0,0.0,0.0,0.0,8650.217574824903,512.6035658145715,1.0,-141.1438442045178,0.0,0.0
58,capped,node-012,0.0,33.24775063155855,54.952637888482606,0.0,0.22090989651873863,0.3651248977383028,50.16789070340618,150.50367211021856,8650.217574824903,512.6035658145715,1.0,-190.97233903443347,18.615336076298682,-50.16789070340618
58,capped,node-013,0.0,0.0,0.0,0.0,0.0,0.0,0.0,0.0,8650.217574824903,512.6035658145715,1.0,0.0,0.0,0.0
58,capped,node-014,0.0,0.0,0.0,0.0,0.0,0.0,0.0,0.0,8650.217574824903,512.6035658145715,1.0,-33.56886734373442,0.0,0.0
58,capped,node-015,0.0,0.0,0.0,0.0,0.0,0.0,0.0,0.0,8650.217574824903,512.6035658145715,1.0,-161.1718566409219,0.0,0.0
58,capped,node-016,0.0,40.27333853612721,40.27333853612721,0.0,40273.33853612721,40273.33853612721,0.0,0.0,8650.217574824903,512.6035658145715,1.0,-109.05888846260001,0.0,0.0
58,capped,node-017,0.0,97.45551556349074,174.22354466527,0.0,97455.51556349073,174223.54466527,0.0,0.0,8650.217574824903,512.6035658145715,1.0,-53.22207371923138,0.0,0.0
58,capped,node-018,0.0,0.0,0.0,0.0,0.0,0.0,0.0,0.0,8650.217574824903,512.6035658145715,1.0,0.0,0.0,0.0
58,capped,node-019,0.0,0.0,12.701339766347772,0.0,0.0,12701.339766347772,0.0,0.0,8650.217574824903,512.6035658145715,1.0,-86.91796344555371,0.0,0.0
58,capped,node-020,0.0,0.0,0.0,0.0,0.0,0.0,0.0,0.0,8650.217574824903,512.6035658145715,1.0,0.0,0.0,0.0
58,capped,node-021,0.0,0.0,28.986473809812196,0.0,0.0,28986.473809812196,0.0,0.0,8650.217574824903,512.6035658145715,1.0,-115.01248281121634,0.0,0.0
58,capped,node-022,0.0,138.59288013935748,138.59288013935748,0.0,138592.88013935747,138592.88013935747,0.0,0.0,8650.217574824903,512.6035658145715,1.0,-96.77470747614886,0.0,0.0
58,capped,node-023,0.0,139.1873424114052,188.83838573286133,0.0,139187.3424114052,188838.38573286132,0.0,0.0,8650.217574824903,512.6035658145715,1.0,-90.49488831307349,0.0,0.0
58,capped,node-024,0.0,0.0,0.0,0.0,0.0,0.0,0.0,0.0,8650.217574824903,512.6035658145715,1.0,-97.93941273725356,0.0,0.0
58,capped,node-025,0.0,0.0,0.0,0.0,0.0,0.0,0.0,0.0,8650.217574824903,512.6035658145715,1.0,0.0,0.0,0.0
58,capped,node-026,0.0,0.0,0.0,0.0,0.0,0.0,0.0,0.0,8650.217574824903,512.6035658145715,1.0,0.0,0.0,0.0
58,capped,node-027,0.0,0.0,0.0,0.0,0.0,0.0,0.0,0.0,8650.217574824903,512.6035658145715,1.0,-20.1280028580431,0.0,0.0
58,capped,node-028,0.0,153.97715570836814,213.16535438562386,0.0,153977.15570836814,213165.35438562385,0.0,0.0,8650.217574824903,512.6035658145715,1.0,-112.30807791024661,0.0,0.0
58,capped,node-029,54.447317240562285,32.062954777262064,147.92002291297322,0.17909030616260807,0.10546276067500915,0.4865444898601729,101.34052554678928,304.0215766403678,8650.217574824903,512.6035658145715,1.0,-177.434537306194,-22.660556272894326,-101.34052554678928
58,proper_scoring,node-000,0.0,0.0,165.65976150070304,0.0,0.0,165659.76150070303,0.0,0.0,8650.217574824903,1422.210668724506,1.0,-494.9879072159923,0.0,619.1779368163925
58,proper_scoring,node-001,619.1779368163925,520.20506299559,746.6916845066095,619177.9368163925,520205.06299559,746691.6845066095,0.0,0.0,8650.217574824903,1422.210668724506,1.0,-350.495075526567,0.0,0.0
58,proper_scoring,node-002,0.0,435.2581203904166,533.7956650193419,0.0,435258.1203904166,533795.6650193419,0.0,0.0,8650.217574824903,1422.210668724506,1.0,-161.60017692751111,0.0,0.0
58,proper_scoring,node-003,0.0,0.0,0.0,0.0,0.0,0.0,0.0,0.0,8650.217574824903,1422.210668724506,1.0,0.0,0.0,0.0
58,proper_scoring,node-004,0.0,0.0,0.0,0.0,0.0,0.0,0.0,0.0,8650.217574824903,1422.210668724506,1.0,0.0,0.0,0.0
58,proper_scoring,node-005,0.0,0.0,172.65736179030722,0.0,0.0,172657.36179030722,0.0,0.0,8650.217574824903,1422.210668724506,1.0,-423.23057060924305,0.0,0.0
58,proper_scoring,node-006,0.0,0.0,260.41472219660375,0.0,0.0,260414.72219660375,0.0,0.0,8650.217574824903,1422.210668724506,1.0,-343.2471283177198,0.0,0.0
58,proper_scoring,node-007,69.41945498245201,404.49014708733847,522.9966466302697,0.18798003217214374,1.0953135670974885,1.4162157637845634,330.5727652255003,369.29164326815715,8650.217574824903,1422.210668724506,1.0,-703.3966691272983,80.73722172833556,-330.5727652255003
58,proper_scoring,node-008,0.0,0.0,0.0,0.0,0.0,0.0,0.0,0.0,8650.217574824903,1422.210668724506,1.0,-308.7176962155327,0.0,0.0
58,proper_scoring,node-009,244.2118918058171,0.0,432.424849934482,244211.89180581708,0.0,432424.84993448196,0.0,0.0,8650.217574824903,1422.210668724506,1.0,-557.8537512456821,0.0,0.0
58,proper_scoring,node-010,0.0,0.0,197.2197204591751,0.0,0.0,197219.7204591751,0.0,0.0,8650.217574824903,1422.210668724506,1.0,-549.0779639071167,0.0,0.0
58,proper_scoring,node-011,158.84689990132577,0.0,158.85615579548218,158846.89990132576,0.0,158856.1557954822,0.0,0.0,8650.217574824903,1422.210668724506,1.0,-434.3156683137284,0.0,0.0
58,proper_scoring,node-012,533.7950451401857,133.4180455379814,593.5976263752511,1.185333071367304,0.29626506115624623,1.318129315799353,349.99759579698326,450.33337720379564,8650.217574824903,1422.210668724506,1.0,-846.4529031602135,318.44504116987576,-349.99759579698326
58,proper_scoring,node-013,0.0,0.0,0.0,0.0,0.0,0.0,0.0,0.0,8650.217574824903,1422.210668724506,1.0,0.0,0.0,0.0
58,proper_scoring,node-014,0.0,0.0,302.37853799014175,0.0,0.0,302378.5379901417,0.0,0.0,8650.217574824903,1422.210668724506,1.0,-134.27546937493767,0.0,0.0
58,proper_scoring,node-015,0.0,0.0,165.23876256475563,0.0,0.0,165238.76256475563,0.0,0.0,8650.217574824903,1422.210668724506,1.0,-539.7042080848679,0.0,0.0
58,proper_scoring,node-016,0.0,90.27333853612721,240.94111153739996,0.0,90273.33853612721,240941.11153739996,0.0,0.0,8650.217574824903,1422.210668724506,1.0,-422.6250599458026,0.0,0.0
58,proper_scoring,node-017,0.0,304.4889239405787,306.8637577363485,0.0,304488.92394057865,306863.7577363485,0.0,0.0,8650.217574824903,1422.210668724506,1.0,-212.88829487692556,0.0,0.0
58,proper_scoring,node-018,0.0,0.0,0.0,0.0,0.0,0.0,0.0,0.0,8650.217574824903,1422.210668724506,1.0,0.0,0.0,0.0
58,proper_scoring,node-019,0.0,0.0,113.07616560233134,0.0,0.0,113076.16560233134,0.0,0.0,8650.217574824903,1422.210668724506,1.0,-283.85894885593586,0.0,0.0
58,proper_scoring,node-020,0.0,0.0,0.0,0.0,0.0,0.0,0.0,0.0,8650.217574824903,1422.210668724506,1.0,0.0,0.0,0.0
58,proper_scoring,node-021,0.0,0.0,234.98751718878367,0.0,0.0,234987.51718878368,0.0,0.0,8650.217574824903,1422.210668724506,1.0,-436.1310883859921,0.0,0.0
58,proper_scoring,node-022,0.0,139.96864564208204,214.09193620903716,0.0,139968.64564208203,214091.93620903714,0.0,0.0,8650.217574824903,1422.210668724506,1.0,-385.75899445304077,0.0,0.0
58,proper_scoring,node-023,0.0,408.5872017510402,453.368543037774,0.0,408587.2017510402,453368.543037774,0.0,0.0,8650.217574824903,1422.210668724506,1.0,-361.97955325229395,0.0,0.0
58,proper_scoring,node-024,0.0,0.0,456.60005779414814,0.0,0.0,456600.05779414816,0.0,0.0,8650.217574824903,1422.210668724506,1.0,-391.75765094901436,0.0,0.0
58,proper_scoring,node-025,0.0,0.0,0.0,0.0,0.0,0.0,0.0,0.0,8650.217574824903,1422.210668724506,1.0,0.0,0.0,0.0
58,proper_scoring,node-026,0.0,0.0,0.0,0.0,0.0,0.0,0.0,0.0,8650.217574824903,1422.210668724506,1.0,0.0,0.0,0.0
58,proper_scoring,node-027,0.0,0.0,179.8719971419569,0.0,0.0,179871.9971419569,0.0,0.0,8650.217574824903,1422.210668724506,1.0,-80.5120114321724,0.0,0.0
58,proper_scoring,node-028,0.0,514.8265344014693,656.8830273675786,0.0,514826.5344014693,656883.0273675786,0.0,0.0,8650.217574824903,1422.210668724506,1.0,-449.23231164098644,0.0,0.0
58,proper_scoring,node-029,81.2923803403163,183.4988831650764,183.4988831650764,0.13490593507505072,0.30451917282996604,0.30451917282996604,399.9045971589748,602.5856482525533,8650.217574824903,1422.210668724506,1.0,-704.2806441965936,27.100122329136525,-399.9045971589748
58,audits,node-000,0.0,0.0,159.33947324955062,0.0,0.0,159339.47324955062,0.0,0.0,8650.217574824903,1422.210668724506,1.0,-1140.6605267504492,0.0,601.3145689458585
58,audits,node-001,601.3145689458585,520.20506299559,738.4133646428683,601314.5689458585,520205.06299559,738413.3646428683,0.0,0.0,8650.217574824903,1422.210668724506,1.0,-1587.6237688816416,0.0,0.0
58,audits,node-002,0.0,387.1138071872717,508.313939882905,0.0,387113.80718727165,508313.939882905,0.0,0.0,8650.217574824903,1422.210668724506,1.0,-1007.7474909146827,0.0,0.0
58,audits,node-003,0.0,0.0,0.0,0.0,0.0,0.0,0.0,0.0,8650.217574824903,1422.210668724506,1.0,0.0,0.0,0.0
58,audits,node-004,0.0,0.0,0.0,0.0,0.0,0.0,0.0,0.0,8650.217574824903,1422.210668724506,1.0,0.0,0.0,0.0
58,audits,node-005,0.0,0.0,172.65736179030722,0.0,0.0,172657.36179030722,0.0,0.0,8650.217574824903,1422.210668724506,1.0,-427.3426382096928,0.0,0.0
58,audits,node-006,0.0,0.0,260.41472219660375,0.0,0.0,260414.72219660375,0.0,0.0,8650.217574824903,1422.210668724506,1.0,-939.5852778033963,0.0,0.0
58,audits,node-007,68.110825157477,362.8827670695778,470.2677106865047,0.1844364106230778,0.9826454881516894,1.2734317693320367,330.5727652255003,369.29164326815715,8650.217574824903,1422.210668724506,1.0,-1790.866600945417,80.73722172833556,-330.5727652255003
58,audits,node-008,0.0,0.0,0.0,0.0,0.0,0.0,0.0,0.0,8650.217574824903,1422.210668724506,1.0,-308.7176962155327,0.0,0.0
58,audits,node-009,244.2118918058171,0.0,432.424849934482,244211.89180581708,0.0,432424.84993448196,0.0,0.0,8650.217574824903,1422.210668724506,1.0,-1267.575150065518,0.0,0.0
58,audits,node-010,0.0,0.0,0.0,0.0,0.0,0.0,0.0,0.0,8650.217574824903,1422.210668724506,1.0,-1117.7891250127036,0.0,0.0
58,audits,node-011,158.84689990132577,0.0,158.85615579548218,158846.89990132576,0.0,158856.1557954822,0.0,0.0,8650.217574824903,1422.210668724506,1.0,-441.1438442045178,0.0,0.0
58,audits,node-012,533.7950451401857,133.4180455379814,593.5976263752511,1.185333071367304,0.29626506115624623,1.318129315799353,349.99759579698326,450.33337720379564,8650.217574824903,1422.210668724506,1.0,-1990.8020441280105,318.44504116987576,-349.99759579698326
58,audits,node-013,0.0,0.0,0.0,0.0,0.0,0.0,0.0,0.0,8650.217574824903,1422.210668724506,1.0,0.0,0.0,0.0
58,audits,node-014,0.0,0.0,266.4311326562656,0.0,0.0,266431.13265626563,0.0,0.0,8650.217574824903,1422.210668724506,1.0,-433.56886734373444,0.0,0.0
58,audits,node-015,0.0,0.0,138.8281433590781,0.0,0.0,138828.1433590781,0.0,0.0,8650.217574824903,1422.210668724506,1.0,-1161.1718566409218,0.0,0.0
58,audits,node-016,0.0,90.27333853612721,240.94111153739996,0.0,90273.33853612721,240941.11153739996,0.0,0.0,8650.217574824903,1422.210668724506,1.0,-959.0588884626001,0.0,0.0
58,audits,node-017,0.0,253.04635000789074,292.11916732864,0.0,253046.35000789072,292119.16732864,0.0,0.0,8650.217574824903,1422.210668724506,1.0,-1034.4072756558994,0.0,0.0
58,audits,node-018,0.0,0.0,0.0,0.0,0.0,0.0,0.0,0.0,8650.217574824903,1422.210668724506,1.0,0.0,0.0,0.0
58,audits,node-019,0.0,0.0,113.07616560233134,0.0,0.0,113076.16560233134,0.0,0.0,8650.217574824903,1422.210668724506,1.0,-283.85894885593586,0.0,0.0
58,audits,node-020,0.0,0.0,0.0,0.0,0.0,0.0,0.0,0.0,8650.217574824903,1422.210668724506,1.0,0.0,0.0,0.0
58,audits,node-021,0.0,0.0,234.98751718878367,0.0,0.0,234987.51718878368,0.0,0.0,8650.217574824903,1422.210668724506,1.0,-965.0124828112163,0.0,0.0
58,audits,node-022,0.0,138.59288013935745,195.14550503303477,0.0,138592.88013935744,195145.50503303477,0.0,0.0,8650.217574824903,1422.210668724506,1.0,-1096.774707476149,0.0,0.0
58,audits,node-023,0.0,389.1873424114052,409.50511168692657,0.0,389187.34241140523,409505.11168692657,0.0,0.0,8650.217574824903,1422.210668724506,1.0,-1290.4948883130735,0.0,0.0
58,audits,node-024,0.0,0.0,0.0,0.0,0.0,0.0,0.0,0.0,8650.217574824903,1422.210668724506,1.0,-1297.9394127372536,0.0,0.0
58,audits,node-025,0.0,0.0,0.0,0.0,0.0,0.0,0.0,0.0,8650.217574824903,1422.210668724506,1.0,0.0,0.0,0.0
58,audits,node-026,0.0,0.0,0.0,0.0,0.0,0.0,0.0,0.0,8650.217574824903,1422.210668724506,1.0,0.0,0.0,0.0
58,audits,node-027,0.0,0.0,179.8719971419569,0.0,0.0,179871.9971419569,0.0,0.0,8650.217574824903,1422.210668724506,1.0,-220.1280028580431,0.0,0.0
58,audits,node-028,0.0,503.9771557083682,595.1832039909694,0.0,503977.15570836817,595183.2039909695,0.0,0.0,8650.217574824903,1422.210668724506,1.0,-1512.3080779102468,0.0,0.0
58,audits,node-029,81.2923803403163,183.4988831650764,183.4988831650764,0.13490593507505072,0.30451917282996604,0.30451917282996604,399.9045971589748,602.5856482525533,8650.217574824903,1422.210668724506,1.0,-1525.9986089183797,27.100122329136525,-399.9045971589748
62,greedy,node-000,0.0,0.0,0.0,0.0,0.0,0.0,0.0,0.0,8322.718270498191,337.2989139215628,0.8,0.0,0.0,0.0
62,greedy,node-001,0.0,0.0,0.0,0.0,0.0,0.0,0.0,0.0,8322.718270498191,337.2989139215628,0.8,0.0,0.0,0.0
62,greedy,node-002,4.713561464068874,0.0,4.713561464068874,0.013974434157724532,0.0,0.013974434157724532,112.43297130718764,337.2989139215628,8322.718270498191,337.2989139215628,0.8,-168.64945696078146,-33.72989139215632,-112.43297130718764
62,greedy,node-003,0.0,0.0,0.0,0.0,0.0,0.0,0.0,0.0,8322.718270498191,337.2989139215628,0.8,-23.71639923099929,0.0,0.0
62,greedy,node-004,0.0,0.0,0.0,0.0,0.0,0.0,0.0,0.0,8322.718270498191,337.2989139215628,0.8,0.0,0.0,0.0
62,greedy,node-005,0.0,0.0,0.0,0.0,0.0,0.0,0.0,0.0,8322.718270498191,337.2989139215628,0.8,0.0,0.0,0.0
62,greedy,node-006,0.0,0.0,0.0,0.0,0.0,0.0,0.0,0.0,8322.718270498191,337.2989139215628,0.8,-110.04033133034699,0.0,0.0
62,greedy,node-007,0.0,0.0,0.0,0.0,0.0,0.0,0.0,0.0,8322.718270498191,337.2989139215628,0.8,-16.581259528890627,0.0,0.0
62,greedy,node-008,0.0,0.0,0.0,0.0,0.0,0.0,0.0,0.0,8322.718270498191,337.2989139215628,0.8,0.0,0.0,0.0
62,greedy,node-009,0.0,0.0,0.0,0.0,0.0,0.0,0.0,0.0,8322.718270498191,337.2989139215628,0.8,0.0,0.0,0.0
62,greedy,node-010,0.0,0.0,0.0,0.0,0.0,0.0,0.0,0.0,8322.718270498191,337.2989139215628,0.8,0.0,0.0,0.0
62,greedy,node-011,0.0,0.0,0.0,0.0,0.0,0.0,0.0,0.0,8322.718270498191,337.2989139215628,0.8,0.0,0.0,0.0
62,greedy,node-012,0.0,0.0,0.0,0.0,0.0,0.0,0.0,0.0,8322.718270498191,337.2989139215628,0.8,0.0,0.0,0.0
62,greedy,node-013,0.0,0.0,0.0,0.0,0.0,0.0,0.0,0.0,8322.718270498191,337.2989139215628,0.8,0.0,0.0,0.0
62,greedy,node-014,0.0,0.0,0.0,0.0,0.0,0.0,0.0,0.0,8322.718270498191,337.2989139215628,0.8,0.0,0.0,0.0
62,greedy,node-015,0.0,0.0,0.0,0.0,0.0,0.0,0.0,0.0,8322.718270498191,337.2989139215628,0.8,-30.651056687650076,0.0,0.0
62,greedy,node-016,0.0,0.0,0.0,0.0,0.0,0.0,0.0,0.0,8322.718270498191,337.2989139215628,0.8,0.0,0.0,0.0
62,greedy,node-017,0.0,0.0,0.0,0.0,0.0,0.0,0.0,0.0,8322.718270498191,337.2989139215628,0.8,0.0,0.0,0.0
62,greedy,node-018,0.0,0.0,0.0,0.0,0.0,0.0,0.0,0.0,8322.718270498191,337.2989139215628,0.8,0.0,0.0,0.0
62,greedy,node-019,0.0,0.0,0.0,0.0,0.0,0.0,0.0,0.0,8322.718270498191,337.2989139215628,0.8,0.0,0.0,0.0
62,greedy,node-020,0.0,0.0,0.0,0.0,0.0,0.0,0.0,0.0,8322.718270498191,337.2989139215628,0.8,0.0,0.0,0.0
62,greedy,node-021,0.0,0.0,0.0,0.0,0.0,0.0,0.0,0.0,8322.718270498191,337.2989139215628,0.8,0.0,0.0,0.0
62,greedy,node-022,0.0,0.0,0.0,0.0,0.0,0.0,0.0,0.0,8322.718270498191,337.2989139215628,0.8,0.0,0.0,0.0
62,greedy,node-023,0.0,0.0,0.0,0.0,0.0,0.0,0.0,0.0,8322.718270498191,337.2989139215628,0.8,0.0,0.0,0.0
62,greedy,node-024,5.759930317731438,0.0,5.759930317731438,5759.930317731438,0.0,5759.930317731438,0.0,0.0,8322.718270498191,337.2989139215628,0.8,-37.68808424656451,0.0,0.0
62,greedy,node-025,0.0,0.0,0.0,0.0,0.0,0.0,0.0,0.0,8322.718270498191,337.2989139215628,0.8,-2.4458170968011252,0.0,0.0
62,greedy,node-026,0.0,0.0,0.0,0.0,0.0,0.0,0.0,0.0,8322.718270498191,337.2989139215628,0.8,-89.7076556002565,0.0,0.0
62,greedy,node-027,15.084950275471769,0.0,15.084950275471769,15084.950275471769,0.0,15084.950275471769,0.0,0.0,8322.718270498191,337.2989139215628,0.8,-55.87194175140536,24.481594055079544,0.0
62,greedy,node-028,0.0,0.0,0.0,0.0,0.0,0.0,0.0,0.0,8322.718270498191,337.2989139215628,0.8,-72.71471194604175,0.0,0.0
62,greedy,node-029,0.0,0.0,0.0,0.0,0.0,0.0,0.0,0.0,8322.718270498191,337.2989139215628,0.8,0.0,0.0,0.0
62,trust_vcg,node-000,0.0,0.0,0.0,0.0,0.0,0.0,0.0,0.0,8306.317236216504,808.9133160288272,0.9444444444444444,0.0,0.0,0.0
62,trust_vcg,node-001,0.0,0.0,0.0,0.0,0.0,0.0,0.0,0.0,8306.317236216504,808.9133160288272,0.9444444444444444,0.0,0.0,0.0
62,trust_vcg,node-002,0.0,0.0,244.07017963420162,0.0,0.0,244070.17963420163,0.0,0.0,8306.317236216504,808.9133160288272,0.9444444444444444,-11056.216485653593,149.76053161086207,0.0
62,trust_vcg,node-003,431.8432154709798,241.05353248655098,575.2202286049101,0.8383773274368791,0.46797960253904786,1.1167284344607766,437.7191232766409,515.0941006375116,8306.317236216504,808.9133160288272,0.9444444444444444,-11565.735871019535,41.40116299578119,-437.7191232766409
62,trust_vcg,node-004,0.0,0.0,80.98814715634556,0.0,0.0,80988.14715634556,0.0,0.0,8306.317236216504,808.9133160288272,0.9444444444444444,-1691.056716361934,0.0,0.0
62,trust_vcg,node-005,0.0,0.0,183.32950832334097,0.0,0.0,183329.50832334097,0.0,0.0,8306.317236216504,808.9133160288272,0.9444444444444444,-3410.188961492404,0.0,0.0
62,trust_vcg,node-006,504.48451901177407,0.0,504.48451901177407,504484.51901177404,0.0,504484.51901177404,0.0,0.0,8306.317236216504,808.9133160288272,0.9444444444444444,-11110.040331330349,0.0,0.0
62,trust_vcg,node-007,0.0,239.77748361183552,259.69100574780305,0.0,239777.48361183552,259691.00574780305,0.0,0.0,8306.317236216504,808.9133160288272,0.9444444444444444,-3940.308994252197,0.0,0.0
62,trust_vcg,node-008,0.0,0.0,0.0,0.0,0.0,0.0,0.0,0.0,8306.317236216504,808.9133160288272,0.9444444444444444,0.0,0.0,0.0
62,trust_vcg,node-009,0.0,0.0,0.0,0.0,0.0,0.0,0.0,0.0,8306.317236216504,808.9133160288272,0.9444444444444444,0.0,0.0,0.0
62,trust_vcg,node-010,0.0,0.0,90.81912441037622,0.0,0.0,90819.12441037621,0.0,0.0,8306.317236216504,808.9133160288272,0.9444444444444444,-2309.180875589624,0.0,0.0
62,trust_vcg,node-011,0.0,0.0,0.0,0.0,0.0,0.0,0.0,0.0,8306.317236216504,808.9133160288272,0.9444444444444444,0.0,0.0,0.0
62,trust_vcg,node-012,0.0,0.0,0.0,0.0,0.0,0.0,0.0,0.0,8306.317236216504,808.9133160288272,0.9444444444444444,0.0,0.0,0.0
62,trust_vcg,node-013,0.0,173.2292544696038,334.12667964559876,0.0,173229.2544696038,334126.67964559875,0.0,0.0,8306.317236216504,808.9133160288272,0.9444444444444444,-5065.873320354402,0.0,0.0
62,trust_vcg,node-014,0.0,0.0,0.0,0.0,0.0,0.0,0.0,0.0,8306.317236216504,808.9133160288272,0.9444444444444444,0.0,0.0,0.0
62,trust_vcg,node-015,0.0,306.9114704533993,398.29758078470775,0.0,306911.4704533993,398297.58078470774,0.0,0.0,8306.317236216504,808.9133160288272,0.9444444444444444,-5601.702419215291,0.0,0.0
62,trust_vcg,node-016,0.0,0.0,395.99127891103393,0.0,0.0,395991.27891103394,0.0,0.0,8306.317236216504,808.9133160288272,0.9444444444444444,-5608.429556775658,0.0,0.0
62,trust_vcg,node-017,0.0,0.0,0.0,0.0,0.0,0.0,0.0,0.0,8306.317236216504,808.9133160288272,0.9444444444444444,-1684.208042717603,0.0,0.0
62,trust_vcg,node-018,0.0,0.0,0.0,0.0,0.0,0.0,0.0,0.0,8306.317236216504,808.9133160288272,0.9444444444444444,-593.1652684925679,0.0,0.0
62,trust_vcg,node-019,0.0,0.0,0.0,0.0,0.0,0.0,0.0,0.0,8306.317236216504,808.9133160288272,0.9444444444444444,0.0,0.0,0.0
62,trust_vcg,node-020,0.0,0.0,0.0,0.0,0.0,0.0,0.0,0.0,8306.317236216504,808.9133160288272,0.9444444444444444,-3984.366828903335,0.0,0.0
62,trust_vcg,node-021,0.0,0.0,0.0,0.0,0.0,0.0,0.0,0.0,8306.317236216504,808.9133160288272,0.9444444444444444,0.0,0.0,0.0
62,trust_vcg,node-022,0.0,0.0,0.0,0.0,0.0,0.0,0.0,0.0,8306.317236216504,808.9133160288272,0.9444444444444444,0.0,0.0,0.0
62,trust_vcg,node-023,0.0,0.0,0.0,0.0,0.0,0.0,0.0,0.0,8306.317236216504,808.9133160288272,0.9444444444444444,0.0,0.0,0.0
62,trust_vcg,node-024,0.0,401.7446065440857,401.7446065440857,0.0,401744.60654408566,401744.60654408566,0.0,0.0,8306.317236216504,808.9133160288272,0.9444444444444444,-5574.555402151951,0.0,0.0
62,trust_vcg,node-025,272.1177686439179,0.0,631.8106264492806,272117.76864391787,0.0,631810.6264492805,0.0,0.0,8306.317236216504,808.9133160288272,0.9444444444444444,-7768.189373550718,0.0,0.0
62,trust_vcg,node-026,498.4544033880781,0.0,498.4544033880781,1.6964663210478739,0.0,1.6964663210478739,36.328734892105054,293.81921539131565,8306.317236216504,808.9133160288272,0.9444444444444444,-10573.61604870336,-38.623572074881665,-36.328734892105054
62,trust_vcg,node-027,0.0,0.0,0.0,0.0,0.0,0.0,0.0,0.0,8306.317236216504,808.9133160288272,0.9444444444444444,-10535.800281402322,0.0,0.0
62,trust_vcg,node-028,129.92915238618662,0.0,129.92915238618662,129929.15238618662,0.0,129929.15238618662,0.0,0.0,8306.317236216504,808.9133160288272,0.9444444444444444,-10548.530713400503,0.0,0.0
62,trust_vcg,node-029,0.0,0.0,0.0,0.0,0.0,0.0,0.0,0.0,8306.317236216504,808.9133160288272,0.9444444444444444,0.0,0.0,0.0
62,contingent,node-000,0.0,0.0,0.0,0.0,0.0,0.0,0.0,0.0,8306.317236216504,479.470261412661,0.9444444444444444,0.0,0.0,0.0
62,contingent,node-001,0.0,0.0,0.0,0.0,0.0,0.0,0.0,0.0,8306.317236216504,479.470261412661,0.9444444444444444,0.0,0.0,0.0
62,contingent,node-002,0.23550645177128793,79.32089797805234,314.3061351651369,235.5064517712879,79320.89797805234,314306.1351651369,0.0,0.0,8306.317236216504,479.470261412661,0.9444444444444444,-224.86594261437529,5.513373588156018,0.0
62,contingent,node-003,0.0,40.08516708275661,44.554388904736726,0.0,0.3453758002047841,0.38388283847837673,38.68748868043531,116.06246604130592,8306.317236216504,479.470261412661,0.9444444444444444,-550.7544796520091,-8.477791328744505,-38.68748868043531
62,contingent,node-004,0.0,0.0,0.0,0.0,0.0,0.0,0.0,0.0,8306.317236216504,479.470261412661,0.9444444444444444,-273.44244585557897,0.0,0.0
62,contingent,node-005,0.0,0.0,33.32950832334096,0.0,0.0,33329.50832334096,0.0,0.0,8306.317236216504,479.470261412661,0.9444444444444444,-440.75584596961414,0.0,0.0
62,contingent,node-006,12.12786504901364,0.0,64.36466048570388,12127.865049013639,0.0,64364.66048570388,0.0,0.0,8306.317236216504,479.470261412661,0.9444444444444444,-440.16132532138795,0.0,0.0
62,contingent,node-007,0.0,89.77748361183552,89.77748361183552,0.0,89777.48361183552,89777.48361183552,0.0,0.0,8306.317236216504,479.470261412661,0.9444444444444444,-361.2359770087877,0.0,0.0
62,contingent,node-008,0.0,0.0,0.0,0.0,0.0,0.0,0.0,0.0,8306.317236216504,479.470261412661,0.9444444444444444,0.0,0.0,0.0
62,contingent,node-009,0.0,0.0,0.0,0.0,0.0,0.0,0.0,0.0,8306.317236216504,479.470261412661,0.9444444444444444,0.0,0.0,0.0
62,contingent,node-010,0.0,0.0,0.0,0.0,0.0,0.0,0.0,0.0,8306.317236216504,479.470261412661,0.9444444444444444,-436.7235023584951,0.0,0.0
62,contingent,node-011,0.0,0.0,0.0,0.0,0.0,0.0,0.0,0.0,8306.317236216504,479.470261412661,0.9444444444444444,0.0,0.0,0.0
62,contingent,node-012,0.0,0.0,0.0,0.0,0.0,0.0,0.0,0.0,8306.317236216504,479.470261412661,0.9444444444444444,0.0,0.0,0.0
62,contingent,node-013,0.0,73.22925446960377,73.22925446960377,0.0,73229.25446960377,73229.25446960377,0.0,0.0,8306.317236216504,479.470261412661,0.9444444444444444,-463.4932814176047,0.0,0.0
62,contingent,node-014,0.0,0.0,0.0,0.0,0.0,0.0,0.0,0.0,8306.317236216504,479.470261412661,0.9444444444444444,0.0,0.0,0.0
62,contingent,node-015,0.0,106.91147045339932,106.91147045339932,0.0,106911.47045339932,106911.47045339932,0.0,0.0,8306.317236216504,479.470261412661,0.9444444444444444,-406.80967686116907,0.0,0.0
62,contingent,node-016,0.0,0.0,45.99127891103398,0.0,0.0,45991.27891103398,0.0,0.0,8306.317236216504,479.470261412661,0.9444444444444444,-433.71822710262813,0.0,0.0
62,contingent,node-017,0.0,0.0,0.0,0.0,0.0,0.0,0.0,0.0,8306.317236216504,479.470261412661,0.9444444444444444,-248.5297217422326,0.0,0.0
62,contingent,node-018,0.0,0.0,0.0,0.0,0.0,0.0,0.0,0.0,8306.317236216504,479.470261412661,0.9444444444444444,-172.6610739702717,0.0,0.0
62,contingent,node-019,0.0,0.0,0.0,0.0,0.0,0.0,0.0,0.0,8306.317236216504,479.470261412661,0.9444444444444444,0.0,0.0,0.0
62,contingent,node-020,0.0,0.0,0.0,0.0,0.0,0.0,0.0,0.0,8306.317236216504,479.470261412661,0.9444444444444444,-537.4673156133383,0.0,0.0
62,contingent,node-021,0.0,0.0,0.0,0.0,0.0,0.0,0.0,0.0,8306.317236216504,479.470261412661,0.9444444444444444,0.0,0.0,0.0
62,contingent,node-022,0.0,0.0,0.0,0.0,0.0,0.0,0.0,0.0,8306.317236216504,479.470261412661,0.9444444444444444,0.0,0.0,0.0
62,contingent,node-023,0.0,0.0,0.0,0.0,0.0,0.0,0.0,0.0,8306.317236216504,479.470261412661,0.9444444444444444,0.0,0.0,0.0
62,contingent,node-024,0.0,101.7446065440856,150.53306665767838,0.0,101744.6065440856,150533.06665767837,0.0,0.0,8306.317236216504,479.470261412661,0.9444444444444444,-298.22160860780355,0.0,0.0
62,contingent,node-025,0.0,0.0,4.173765862425276,0.0,0.0,4173.765862425275,0.0,0.0,8306.317236216504,479.470261412661,0.9444444444444444,-272.7574942028781,0.0,0.0
62,contingent,node-026,80.67526229387357,0.0,207.7172251774267,0.22199651004028145,0.0,0.571581644155891,105.91731487214452,363.40779537135506,8306.317236216504,479.470261412661,0.9444444444444444,-455.06657011714503,-36.34077953713552,-105.91731487214452
62,contingent,node-027,0.0,38.916956322786085,127.40993738802278,0.0,38916.956322786085,127409.93738802278,0.0,0.0,8306.317236216504,479.470261412661,0.9444444444444444,-343.20112560928965,0.0,0.0
62,contingent,node-028,0.0,18.354705042152926,75.69153290467943,0.0,18354.705042152924,75691.53290467944,0.0,0.0,8306.317236216504,479.470261412661,0.9444444444444444,-394.1228536020112,0.0,0.0
62,contingent,node-029,0.0,0.0,0.0,0.0,0.0,0.0,0.0,0.0,8306.317236216504,479.470261412661,0.9444444444444444,0.0,0.0,0.0
62,capped,node-000,0.0,0.0,0.0,0.0,0.0,0.0,0.0,0.0,8306.317236216504,502.2981867901218,0.9444444444444444,0.0,0.0,0.0
62,capped,node-001,0.0,0.0,0.0,0.0,0.0,0.0,0.0,0.0,8306.317236216504,502.2981867901218,0.9444444444444444,0.0,0.0,0.0
62,capped,node-002,6.412816916101826,109.90714424163548,341.9129110613281,6412.816916101826,109907.14424163547,341912.9110613281,0.0,0.0,8306.317236216504,502.2981867901218,0.9444444444444444,-56.21648565359382,5.513373588156018,0.0
62,capped,node-003,0.0,40.08516708275661,44.554388904736726,0.0,0.3453758002047841,0.38388283847837673,38.68748868043531,116.06246604130592,8306.317236216504,502.2981867901218,0.9444444444444444,-166.70423642332875,-8.477791328744505,-38.68748868043531
62,capped,node-004,0.0,0.0,0.0,0.0,0.0,0.0,0.0,0.0,8306.317236216504,502.2981867901218,0.9444444444444444,-68.36061146389474,0.0,0.0
62,capped,node-005,0.0,0.0,33.32950832334096,0.0,0.0,33329.50832334096,0.0,0.0,8306.317236216504,502.2981867901218,0.9444444444444444,-110.18896149240355,0.0,0.0
62,capped,node-006,12.12786504901364,177.80130297457052,177.80130297457052,12127.865049013639,177801.3029745705,177801.3029745705,0.0,0.0,8306.317236216504,502.2981867901218,0.9444444444444444,-110.04033133034699,0.0,0.0
62,capped,node-007,0.0,89.77748361183552,89.77748361183552,0.0,89777.48361183552,89777.48361183552,0.0,0.0,8306.317236216504,502.2981867901218,0.9444444444444444,-90.3089942521969,0.0,0.0
62,capped,node-008,0.0,0.0,0.0,0.0,0.0,0.0,0.0,0.0,8306.317236216504,502.2981867901218,0.9444444444444444,0.0,0.0,0.0
62,capped,node-009,0.0,0.0,0.0,0.0,0.0,0.0,0.0,0.0,8306.317236216504,502.2981867901218,0.9444444444444444,0.0,0.0,0.0
62,capped,node-010,0.0,0.0,0.0,0.0,0.0,0.0,0.0,0.0,8306.317236216504,502.2981867901218,0.9444444444444444,-109.18087558962378,0.0,0.0
62,capped,node-011,0.0,0.0,0.0,0.0,0.0,0.0,0.0,0.0,8306.317236216504,502.2981867901218,0.9444444444444444,0.0,0.0,0.0
62,capped,node-012,0.0,0.0,0.0,0.0,0.0,0.0,0.0,0.0,8306.317236216504,502.2981867901218,0.9444444444444444,0.0,0.0,0.0
62,capped,node-013,0.0,73.22925446960377,73.22925446960377,0.0,73229.25446960377,73229.25446960377,0.0,0.0,8306.317236216504,502.2981867901218,0.9444444444444444,-115.87332035440117,0.0,0.0
62,capped,node-014,0.0,0.0,0.0,0.0,0.0,0.0,0.0,0.0,8306.317236216504,502.2981867901218,0.9444444444444444,0.0,0.0,0.0
62,capped,node-015,0.0,106.91147045339932,106.91147045339932,0.0,106911.47045339932,106911.47045339932,0.0,0.0,8306.317236216504,502.2981867901218,0.9444444444444444,-101.70241921529227,0.0,0.0
62,capped,node-016,0.0,0.0,54.21477838782851,0.0,0.0,54214.77838782851,0.0,0.0,8306.317236216504,502.2981867901218,0.9444444444444444,-108.42955677565705,0.0,0.0
62,capped,node-017,0.0,0.0,0.0,0.0,0.0,0.0,0.0,0.0,8306.317236216504,502.2981867901218,0.9444444444444444,-62.132430435558156,0.0,0.0
62,capped,node-018,0.0,0.0,0.0,0.0,0.0,0.0,0.0,0.0,8306.317236216504,502.2981867901218,0.9444444444444444,-43.16526849256792,0.0,0.0
62,capped,node-019,0.0,0.0,0.0,0.0,0.0,0.0,0.0,0.0,8306.317236216504,502.2981867901218,0.9444444444444444,0.0,0.0,0.0
62,capped,node-020,0.0,0.0,0.0,0.0,0.0,0.0,0.0,0.0,8306.317236216504,502.2981867901218,0.9444444444444444,-134.36682890333458,0.0,0.0
62,capped,node-021,0.0,0.0,0.0,0.0,0.0,0.0,0.0,0.0,8306.317236216504,502.2981867901218,0.9444444444444444,0.0,0.0,0.0
62,capped,node-022,0.0,0.0,0.0,0.0,0.0,0.0,0.0,0.0,8306.317236216504,502.2981867901218,0.9444444444444444,0.0,0.0,0.0
62,capped,node-023,0.0,0.0,0.0,0.0,0.0,0.0,0.0,0.0,8306.317236216504,502.2981867901218,0.9444444444444444,0.0,0.0,0.0
62,capped,node-024,0.0,101.7446065440856,150.53306665767838,0.0,101744.6065440856,150533.06665767837,0.0,0.0,8306.317236216504,502.2981867901218,0.9444444444444444,-74.55540215195089,0.0,0.0
62,capped,node-025,0.0,0.0,4.173765862425276,0.0,0.0,4173.765862425275,0.0,0.0,8306.317236216504,502.2981867901218,0.9444444444444444,-68.18937355071954,0.0,0.0
62,capped,node-026,57.84733691641276,0.0,184.8892997999659,0.14977210498361215,0.0,0.4786954956975784,128.74524024960533,386.2357207488159,8306.317236216504,502.2981867901218,0.9444444444444444,-216.03255406085546,-38.62357207488162,-128.74524024960533
62,capped,node-027,0.0,111.74388350281072,198.13631326478117,0.0,111743.88350281071,198136.31326478117,0.0,0.0,8306.317236216504,502.2981867901218,0.9444444444444444,-85.80028140232241,0.0,0.0
62,capped,node-028,0.0,145.4294238920835,194.290250163642,0.0,145429.4238920835,194290.25016364202,0.0,0.0,8306.317236216504,502.2981867901218,0.9444444444444444,-98.53071340050279,0.0,0.0
62,capped,node-029,0.0,0.0,0.0,0.0,0.0,0.0,0.0,0.0,8306.317236216504,502.2981867901218,0.9444444444444444,0.0,0.0,0.0
62,proper_scoring,node-000,0.0,0.0,0.0,0.0,0.0,0.0,0.0,0.0,8306.317236216504,1326.1754745842218,0.9444444444444444,0.0,0.0,0.0
62,proper_scoring,node-001,0.0,0.0,0.0,0.0,0.0,0.0,0.0,0.0,8306.317236216504,1326.1754745842218,0.9444444444444444,0.0,0.0,0.0
62,proper_scoring,node-002,439.0405595900049,879.3208979780524,879.3208979780524,439040.55959000485,879320.8979780524,879320.8979780524,0.0,0.0,8306.317236216504,1326.1754745842218,0.9444444444444444,-224.86594261437529,149.76053161086207,0.0
62,proper_scoring,node-003,431.8432154709798,241.05353248655098,575.2202286049101,0.8383773274368791,0.46797960253904786,1.1167284344607766,437.7191232766409,515.0941006375116,8306.317236216504,1326.1754745842218,0.9444444444444444,-919.9533093821685,41.40116299578119,-437.7191232766409
62,proper_scoring,node-004,0.0,0.0,80.98814715634556,0.0,0.0,80988.14715634556,0.0,0.0,8306.317236216504,1326.1754745842218,0.9444444444444444,-191.05671636193415,0.0,0.0
62,proper_scoring,node-005,0.0,0.0,183.32950832334097,0.0,0.0,183329.50832334097,0.0,0.0,8306.317236216504,1326.1754745842218,0.9444444444444444,-390.77879602956835,0.0,0.0
62,proper_scoring,node-006,504.48451901177407,500.7008896782585,733.4383092526099,504484.51901177404,500700.88967825845,733438.3092526098,0.0,0.0,8306.317236216504,1326.1754745842218,0.9444444444444444,-434.9916163336418,0.0,0.0
62,proper_scoring,node-007,0.0,239.77748361183552,259.69100574780305,0.0,239777.48361183552,259691.00574780305,0.0,0.0,8306.317236216504,1326.1754745842218,0.9444444444444444,-361.2359770087877,0.0,0.0
62,proper_scoring,node-008,0.0,0.0,0.0,0.0,0.0,0.0,0.0,0.0,8306.317236216504,1326.1754745842218,0.9444444444444444,0.0,0.0,0.0
62,proper_scoring,node-009,0.0,0.0,0.0,0.0,0.0,0.0,0.0,0.0,8306.317236216504,1326.1754745842218,0.9444444444444444,0.0,0.0,0.0
62,proper_scoring,node-010,0.0,0.0,90.81912441037622,0.0,0.0,90819.12441037621,0.0,0.0,8306.317236216504,1326.1754745842218,0.9444444444444444,-309.1808755896238,0.0,0.0
62,proper_scoring,node-011,0.0,0.0,0.0,0.0,0.0,0.0,0.0,0.0,8306.317236216504,1326.1754745842218,0.9444444444444444,0.0,0.0,0.0
62,proper_scoring,node-012,0.0,0.0,0.0,0.0,0.0,0.0,0.0,0.0,8306.317236216504,1326.1754745842218,0.9444444444444444,0.0,0.0,0.0
62,proper_scoring,node-013,0.0,173.2292544696038,334.12667964559876,0.0,173229.2544696038,334126.67964559875,0.0,0.0,8306.317236216504,1326.1754745842218,0.9444444444444444,-453.64939971319905,0.0,0.0
62,proper_scoring,node-014,0.0,0.0,0.0,0.0,0.0,0.0,0.0,0.0,8306.317236216504,1326.1754745842218,0.9444444444444444,0.0,0.0,0.0
62,proper_scoring,node-015,0.0,306.9114704533993,398.29758078470775,0.0,306911.4704533993,398297.58078470774,0.0,0.0,8306.317236216504,1326.1754745842218,0.9444444444444444,-406.49679461745785,0.0,0.0
62,proper_scoring,node-016,232.59897725564645,0.0,481.61124125110877,232598.97725564643,0.0,481611.24125110876,0.0,0.0,8306.317236216504,1326.1754745842218,0.9444444444444444,-405.1630936380342,0.0,0.0
62,proper_scoring,node-017,0.0,0.0,0.0,0.0,0.0,0.0,0.0,0.0,8306.317236216504,1326.1754745842218,0.9444444444444444,-184.20804271760272,0.0,0.0
62,proper_scoring,node-018,0.0,0.0,0.0,0.0,0.0,0.0,0.0,0.0,8306.317236216504,1326.1754745842218,0.9444444444444444,-93.16526849256792,0.0,0.0
62,proper_scoring,node-019,0.0,0.0,0.0,0.0,0.0,0.0,0.0,0.0,8306.317236216504,1326.1754745842218,0.9444444444444444,0.0,0.0,0.0
62,proper_scoring,node-020,0.0,0.0,126.53016908957726,0.0,0.0,126530.16908957725,0.0,0.0,8306.317236216504,1326.1754745842218,0.9444444444444444,-446.4291684819879,0.0,0.0
62,proper_scoring,node-021,0.0,0.0,0.0,0.0,0.0,0.0,0.0,0.0,8306.317236216504,1326.1754745842218,0.9444444444444444,0.0,0.0,0.0
62,proper_scoring,node-022,0.0,0.0,0.0,0.0,0.0,0.0,0.0,0.0,8306.317236216504,1326.1754745842218,0.9444444444444444,0.0,0.0,0.0
62,proper_scoring,node-023,0.0,0.0,0.0,0.0,0.0,0.0,0.0,0.0,8306.317236216504,1326.1754745842218,0.9444444444444444,0.0,0.0,0.0
62,proper_scoring,node-024,0.0,401.7446065440857,460.6533475080308,0.0,401744.60654408566,460653.34750803077,0.0,0.0,8306.317236216504,1326.1754745842218,0.9444444444444444,-298.22160860780355,0.0,0.0
62,proper_scoring,node-025,272.1177686439179,0.0,631.8106264492806,272117.76864391787,0.0,631810.6264492805,0.0,0.0,8306.317236216504,1326.1754745842218,0.9444444444444444,-272.7574942028781,0.0,0.0
62,proper_scoring,node-026,243.0549872032301,2.326421424644991,321.69825839027794,0.2996678200370057,0.002868295955712382,0.3966288324744765,553.5908934474994,811.0813739467102,8306.317236216504,1326.1754745842218,0.9444444444444444,-902.7401486924999,-36.340779537135404,-553.5908934474994
62,proper_scoring,node-027,0.0,438.91695632278606,667.8435714461731,0.0,438916.95632278605,667843.5714461731,0.0,0.0,8306.317236216504,1326.1754745842218,0.9444444444444444,-343.20112560928965,0.0,0.0
62,proper_scoring,node-028,129.92915238618662,388.51228912518116,520.7068299137268,129929.15238618662,388512.28912518115,520706.8299137268,0.0,0.0,8306.317236216504,1326.1754745842218,0.9444444444444444,-394.1228536020112,0.0,0.0
62,proper_scoring,node-029,0.0,0.0,0.0,0.0,0.0,0.0,0.0,0.0,8306.317236216504,1326.1754745842218,0.9444444444444444,0.0,0.0,0.0
62,audits,node-000,0.0,0.0,0.0,0.0,0.0,0.0,0.0,0.0,8306.317236216504,1308.9133160288272,0.9444444444444444,0.0,0.0,0.0
62,audits,node-001,0.0,0.0,0.0,0.0,0.0,0.0,0.0,0.0,8306.317236216504,1308.9133160288272,0.9444444444444444,0.0,0.0,0.0
62,audits,node-002,366.8498790258653,759.9071442416355,759.9071442416355,366849.8790258653,759907.1442416355,759907.1442416355,0.0,0.0,8306.317236216504,1308.9133160288272,0.9444444444444444,-1556.2164856535937,149.76053161086207,0.0
62,audits,node-003,431.8432154709798,241.05353248655098,575.2202286049101,0.8383773274368791,0.46797960253904786,1.1167284344607766,437.7191232766409,515.0941006375116,8306.317236216504,1308.9133160288272,0.9444444444444444,-2065.7358710195344,41.40116299578119,-437.7191232766409
62,audits,node-004,0.0,0.0,80.98814715634556,0.0,0.0,80988.14715634556,0.0,0.0,8306.317236216504,1308.9133160288272,0.9444444444444444,-191.05671636193415,0.0,0.0
62,audits,node-005,0.0,0.0,183.32950832334097,0.0,0.0,183329.50832334097,0.0,0.0,8306.317236216504,1308.9133160288272,0.9444444444444444,-410.18896149240356,0.0,0.0
62,audits,node-006,504.48451901177407,477.8013029745705,703.7636192248439,504484.51901177404,477801.3029745705,703763.6192248438,0.0,0.0,8306.317236216504,1308.9133160288272,0.9444444444444444,-1610.040331330347,0.0,0.0
62,audits,node-007,0.0,239.77748361183552,259.69100574780305,0.0,239777.48361183552,259691.00574780305,0.0,0.0,8306.317236216504,1308.9133160288272,0.9444444444444444,-440.30899425219684,0.0,0.0
62,audits,node-008,0.0,0.0,0.0,0.0,0.0,0.0,0.0,0.0,8306.317236216504,1308.9133160288272,0.9444444444444444,0.0,0.0,0.0
62,audits,node-009,0.0,0.0,0.0,0.0,0.0,0.0,0.0,0.0,8306.317236216504,1308.9133160288272,0.9444444444444444,0.0,0.0,0.0
62,audits,node-010,0.0,0.0,90.81912441037622,0.0,0.0,90819.12441037621,0.0,0.0,8306.317236216504,1308.9133160288272,0.9444444444444444,-309.1808755896238,0.0,0.0
62,audits,node-011,0.0,0.0,0.0,0.0,0.0,0.0,0.0,0.0,8306.317236216504,1308.9133160288272,0.9444444444444444,0.0,0.0,0.0
62,audits,node-012,0.0,0.0,0.0,0.0,0.0,0.0,0.0,0.0,8306.317236216504,1308.9133160288272,0.9444444444444444,0.0,0.0,0.0
62,audits,node-013,0.0,173.2292544696038,334.12667964559876,0.0,173229.2544696038,334126.67964559875,0.0,0.0,8306.317236216504,1308.9133160288272,0.9444444444444444,-565.8733203544012,0.0,0.0
62,audits,node-014,0.0,0.0,0.0,0.0,0.0,0.0,0.0,0.0,8306.317236216504,1308.9133160288272,0.9444444444444444,0.0,0.0,0.0
62,audits,node-015,0.0,306.9114704533993,398.29758078470775,0.0,306911.4704533993,398297.58078470774,0.0,0.0,8306.317236216504,1308.9133160288272,0.9444444444444444,-601.7024192152924,0.0,0.0
62,audits,node-016,209.50417326743656,0.0,454.2147783878285,209504.17326743656,0.0,454214.7783878285,0.0,0.0,8306.317236216504,1308.9133160288272,0.9444444444444444,-608.4295567756569,0.0,0.0
62,audits,node-017,0.0,0.0,0.0,0.0,0.0,0.0,0.0,0.0,8306.317236216504,1308.9133160288272,0.9444444444444444,-184.20804271760272,0.0,0.0
62,audits,node-018,0.0,0.0,0.0,0.0,0.0,0.0,0.0,0.0,8306.317236216504,1308.9133160288272,0.9444444444444444,-93.16526849256792,0.0,0.0
62,audits,node-019,0.0,0.0,0.0,0.0,0.0,0.0,0.0,0.0,8306.317236216504,1308.9133160288272,0.9444444444444444,0.0,0.0,0.0
62,audits,node-020,0.0,0.0,115.63317109666541,0.0,0.0,115633.1710966654,0.0,0.0,8306.317236216504,1308.9133160288272,0.9444444444444444,-484.3668289033345,0.0,0.0
62,audits,node-021,0.0,0.0,0.0,0.0,0.0,0.0,0.0,0.0,8306.317236216504,1308.9133160288272,0.9444444444444444,0.0,0.0,0.0
62,audits,node-022,0.0,0.0,0.0,0.0,0.0,0.0,0.0,0.0,8306.317236216504,1308.9133160288272,0.9444444444444444,0.0,0.0,0.0
62,audits,node-023,0.0,0.0,0.0,0.0,0.0,0.0,0.0,0.0,8306.317236216504,1308.9133160288272,0.9444444444444444,0.0,0.0,0.0
62,audits,node-024,0.0,401.7446065440857,437.2777010759755,0.0,401744.60654408566,437277.70107597543,0.0,0.0,8306.317236216504,1308.9133160288272,0.9444444444444444,-574.555402151951,0.0,0.0
62,audits,node-025,272.1177686439179,0.0,631.8106264492806,272117.76864391787,0.0,631810.6264492805,0.0,0.0,8306.317236216504,1308.9133160288272,0.9444444444444444,-1268.18937355072,0.0,0.0
62,audits,node-026,231.6410245144998,0.0,306.081360978768,0.29180576638008393,0.0,0.3855806902178403,536.328734892105,793.8192153913158,8306.317236216504,1308.9133160288272,0.9444444444444444,-2073.6160487033553,-38.62357207488151,-536.328734892105
62,audits,node-027,0.0,411.7438835028107,564.1997185976776,0.0,411743.8835028107,564199.7185976775,0.0,0.0,8306.317236216504,1308.9133160288272,0.9444444444444444,-1535.8002814023228,0.0,0.0
62,audits,node-028,129.92915238618662,345.4294238920835,351.46928659949714,129929.15238618662,345429.42389208346,351469.28659949714,0.0,0.0,8306.317236216504,1308.9133160288272,0.9444444444444444,-1548.530713400503,0.0,0.0
62,audits,node-029,0.0,0.0,0.0,0.0,0.0,0.0,0.0,0.0,8306.317236216504,1308.9133160288272,0.9444444444444444,0.0,0.0,0.0
63,greedy,node-000,0.0,0.0,0.0,0.0,0.0,0.0,27.499546791809045,82.49864037542714,6204.166561647411,206.40733565765015,0.8,-66.13648823268039,4.151970116101438,-27.499546791809045
63,greedy,node-001,0.0,0.0,0.0,0.0,0.0,0.0,0.0,0.0,6204.166561647411,206.40733565765015,0.8,0.0,0.0,-38.636941440871354
63,greedy,node-002,0.0,0.0,0.0,0.0,0.0,0.0,0.0,0.0,6204.166561647411,206.40733565765015,0.8,0.0,0.0,-38.636941440871354
63,greedy,node-003,0.0,0.0,0.0,0.0,0.0,0.0,0.0,0.0,6204.166561647411,206.40733565765015,0.8,0.0,0.0,-38.636941440871354
63,greedy,node-004,0.0,0.0,0.0,0.0,0.0,0.0,0.0,0.0,6204.166561647411,206.40733565765015,0.8,-29.311191413175493,0.0,-38.636941440871354
63,greedy,node-005,0.0,0.0,0.0,0.0,0.0,0.0,0.0,0.0,6204.166561647411,206.40733565765015,0.8,0.0,0.0,-38.636941440871354
63,greedy,node-006,0.0,0.0,0.0,0.0,0.0,0.0,0.0,0.0,6204.166561647411,206.40733565765015,0.8,0.0,0.0,-38.636941440871354
63,greedy,node-007,0.0,0.0,0.0,0.0,0.0,0.0,17.094572915009074,51.28371874502723,6204.166561647411,206.40733565765015,0.8,-58.506037204279494,15.532393833355336,-55.73151435588043
63,greedy,node-008,0.0,0.0,0.0,0.0,0.0,0.0,0.0,0.0,6204.166561647411,206.40733565765015,0.8,0.0,0.0,-38.636941440871354
63,greedy,node-009,0.0,0.0,0.0,0.0,0.0,0.0,0.0,0.0,6204.166561647411,206.40733565765015,0.8,0.0,0.0,-38.636941440871354
63,greedy,node-010,0.0,0.0,0.0,0.0,0.0,0.0,0.0,0.0,6204.166561647411,206.40733565765015,0.8,0.0,0.0,-38.636941440871354
63,greedy,node-011,0.0,0.0,0.0,0.0,0.0,0.0,0.0,0.0,6204.166561647411,206.40733565765015,0.8,0.0,0.0,-38.636941440871354
63,greedy,node-012,0.0,0.0,0.0,0.0,0.0,0.0,0.0,0.0,6204.166561647411,206.40733565765015,0.8,0.0,0.0,-38.636941440871354
63,greedy,node-013,0.0,0.0,0.0,0.0,0.0,0.0,0.0,0.0,6204.166561647411,206.40733565765015,0.8,0.0,0.0,-38.636941440871354
63,greedy,node-014,0.0,0.0,0.0,0.0,0.0,0.0,0.0,0.0,6204.166561647411,206.40733565765015,0.8,0.0,0.0,-38.636941440871354
63,greedy,node-015,0.0,0.0,0.0,0.0,0.0,0.0,0.0,0.0,6204.166561647411,206.40733565765015,0.8,0.0,0.0,-38.636941440871354
63,greedy,node-016,0.0,0.0,0.0,0.0,0.0,0.0,0.0,0.0,6204.166561647411,206.40733565765015,0.8,0.0,0.0,-38.636941440871354
63,greedy,node-017,0.0,0.0,0.0,0.0,0.0,0.0,0.0,0.0,6204.166561647411,206.40733565765015,0.8,0.0,0.0,-38.636941440871354
63,greedy,node-018,0.0,0.0,0.0,0.0,0.0,0.0,0.0,0.0,6204.166561647411,206.40733565765015,0.8,0.0,0.0,-38.636941440871354
63,greedy,node-019,0.0,0.0,0.0,0.0,0.0,0.0,0.0,0.0,6204.166561647411,206.40733565765015,0.8,0.0,0.0,-38.636941440871354
63,greedy,node-020,0.0,0.0,0.0,0.0,0.0,0.0,0.0,0.0,6204.166561647411,206.40733565765015,0.8,0.0,0.0,-38.636941440871354
63,greedy,node-021,0.0,0.0,0.0,0.0,0.0,0.0,0.0,0.0,6204.166561647411,206.40733565765015,0.8,0.0,0.0,-38.636941440871354
63,greedy,node-022,2.0557984602046915,0.0,2.0557984602046915,2055.7984602046913,0.0,2055.7984602046913,0.0,0.0,6204.166561647411,206.40733565765015,0.8,-54.83937243104493,0.0,-38.636941440871354
63,greedy,node-023,0.0,0.0,0.0,0.0,0.0,0.0,0.0,0.0,6204.166561647411,206.40733565765015,0.8,0.0,0.0,-38.636941440871354
63,greedy,node-024,0.0,0.0,0.0,0.0,0.0,0.0,0.0,0.0,6204.166561647411,206.40733565765015,0.8,0.0,0.0,-38.636941440871354
63,greedy,node-025,0.0,0.0,0.0,0.0,0.0,0.0,0.0,0.0,6204.166561647411,206.40733565765015,0.8,0.0,0.0,-38.636941440871354
63,greedy,node-026,0.0,0.0,0.0,0.0,0.0,0.0,0.0,0.0,6204.166561647411,206.40733565765015,0.8,0.0,0.0,-38.636941440871354
63,greedy,node-027,0.0,0.0,0.0,0.0,0.0,0.0,0.0,0.0,6204.166561647411,206.40733565765015,0.8,0.0,0.0,-38.636941440871354
63,greedy,node-028,0.0,0.0,0.0,0.0,0.0,0.0,0.0,0.0,6204.166561647411,206.40733565765015,0.8,-14.766550248650692,0.0,-38.636941440871354
63,greedy,node-029,5.239145484568638,0.0,5.239145484568638,0.0721397201675561,0.0,0.0721397201675561,24.208325512398623,72.62497653719588,6204.166561647411,206.40733565765015,0.8,-54.30375623899765,-2.6085612440328063,-62.84526695326998
63,trust_vcg,node-000,120.73242751336113,231.99493179877499,237.06213518296659,0.3733930583607091,0.7174981808341601,0.733169683577279,245.27895108296775,323.33870384041774,8468.436018814838,767.2943578617292,0.95,-11283.915892523837,42.22145186242483,-245.27895108296775
63,trust_vcg,node-001,0.0,0.0,128.00562515436982,0.0,0.0,128005.62515436982,0.0,0.0,8468.436018814838,767.2943578617292,0.95,-2271.99437484563,0.0,366.0113785963289
63,trust_vcg,node-002,0.0,0.0,0.0,0.0,0.0,0.0,0.0,0.0,8468.436018814838,767.2943578617292,0.95,0.0,0.0,366.0113785963289
63,trust_vcg,node-003,0.0,0.0,0.0,0.0,0.0,0.0,0.0,0.0,8468.436018814838,767.2943578617292,0.95,0.0,0.0,366.0113785963289
63,trust_vcg,node-004,0.0,0.0,0.0,0.0,0.0,0.0,0.0,0.0,8468.436018814838,767.2943578617292,0.95,-9835.98706121147,0.0,366.0113785963289
63,trust_vcg,node-005,0.0,0.0,0.0,0.0,0.0,0.0,0.0,0.0,8468.436018814838,767.2943578617292,0.95,0.0,0.0,366.0113785963289
63,trust_vcg,node-006,0.0,0.0,0.0,0.0,0.0,0.0,0.0,0.0,8468.436018814838,767.2943578617292,0.95,0.0,0.0,366.0113785963289
63,trust_vcg,node-007,93.58282637688282,0.0,93.58282637688282,93582.82637688282,0.0,93582.82637688282,0.0,0.0,8468.436018814838,767.2943578617292,0.95,-11041.411464289267,0.0,366.0113785963289
63,trust_vcg,node-008,0.0,0.0,0.0,0.0,0.0,0.0,0.0,0.0,8468.436018814838,767.2943578617292,0.95,0.0,0.0,366.0113785963289
63,trust_vcg,node-009,0.0,0.0,0.0,0.0,0.0,0.0,0.0,0.0,8468.436018814838,767.2943578617292,0.95,0.0,0.0,366.0113785963289
63,trust_vcg,node-010,0.0,0.0,0.0,0.0,0.0,0.0,0.0,0.0,8468.436018814838,767.2943578617292,0.95,0.0,0.0,366.0113785963289
63,trust_vcg,node-011,0.0,0.0,0.0,0.0,0.0,0.0,0.0,0.0,8468.436018814838,767.2943578617292,0.95,-5562.168107405951,0.0,366.0113785963289
63,trust_vcg,node-012,0.0,266.14044833595483,436.2847496495268,0.0,266140.4483359548,436284.7496495268,0.0,0.0,8468.436018814838,767.2943578617292,0.95,-5563.715250350473,0.0,366.0113785963289
63,trust_vcg,node-013,199.60573623344192,119.79531545159466,251.37559288791897,0.4496073750281827,0.2698362198262353,0.5662177981313693,281.2837665425192,443.9556540213115,8468.436018814838,767.2943578617292,0.95,-5846.602485403397,89.3933250580451,84.72761205380971
63,trust_vcg,node-014,0.0,0.0,135.5219039669971,0.0,0.0,135521.90396699708,0.0,0.0,8468.436018814838,767.2943578617292,0.95,-2264.478096033003,0.0,366.0113785963289
63,trust_vcg,node-015,0.0,0.0,0.0,0.0,0.0,0.0,0.0,0.0,8468.436018814838,767.2943578617292,0.95,0.0,0.0,366.0113785963289
63,trust_vcg,node-016,0.0,0.0,0.0,0.0,0.0,0.0,0.0,0.0,8468.436018814838,767.2943578617292,0.95,0.0,0.0,366.0113785963289
63,trust_vcg,node-017,0.0,0.0,0.0,0.0,0.0,0.0,0.0,0.0,8468.436018814838,767.2943578617292,0.95,0.0,0.0,366.0113785963289
63,trust_vcg,node-018,0.0,81.97214227053487,81.97214227053487,0.0,81972.14227053487,81972.14227053487,0.0,0.0,8468.436018814838,767.2943578617292,0.95,-5581.689955736441,0.0,366.0113785963289
63,trust_vcg,node-019,290.2622805441838,285.9680343835207,483.35024584572915,290262.2805441838,285968.0343835207,483350.24584572914,0.0,0.0,8468.436018814838,767.2943578617292,0.95,-5570.462388777729,0.0,366.0113785963289
63,trust_vcg,node-020,0.0,0.0,0.0,0.0,0.0,0.0,0.0,0.0,8468.436018814838,767.2943578617292,0.95,0.0,0.0,366.0113785963289
63,trust_vcg,node-021,0.0,0.0,0.0,0.0,0.0,0.0,0.0,0.0,8468.436018814838,767.2943578617292,0.95,-1150.4100036139776,0.0,366.0113785963289
63,trust_vcg,node-022,0.0,0.0,0.0,0.0,0.0,0.0,0.0,0.0,8468.436018814838,767.2943578617292,0.95,-11056.43181967614,0.0,366.0113785963289
63,trust_vcg,node-023,0.0,0.0,119.39427295402155,0.0,0.0,119394.27295402154,0.0,0.0,8468.436018814838,767.2943578617292,0.95,-2280.6057270459787,0.0,366.0113785963289
63,trust_vcg,node-024,0.0,0.0,0.0,0.0,0.0,0.0,0.0,0.0,8468.436018814838,767.2943578617292,0.95,0.0,0.0,366.0113785963289
63,trust_vcg,node-025,0.0,0.0,19.26634968892141,0.0,0.0,19266.349688921408,0.0,0.0,8468.436018814838,767.2943578617292,0.95,-580.7336503110786,0.0,366.0113785963289
63,trust_vcg,node-026,0.0,0.0,0.0,0.0,0.0,0.0,0.0,0.0,8468.436018814838,767.2943578617292,0.95,0.0,0.0,366.0113785963289
63,trust_vcg,node-027,0.0,0.0,0.0,0.0,0.0,0.0,0.0,0.0,8468.436018814838,767.2943578617292,0.95,-5033.567778307703,0.0,366.0113785963289
63,trust_vcg,node-028,0.0,0.0,101.19571497011856,0.0,0.0,101195.71497011856,0.0,0.0,8468.436018814838,767.2943578617292,0.95,-9419.186657915325,0.0,366.0113785963289
63,trust_vcg,node-029,0.0,0.0,0.0,0.0,0.0,0.0,0.0,0.0,8468.436018814838,767.2943578617292,0.95,-5467.122652232362,0.0,366.0113785963289
63,contingent,node-000,0.0,38.24400650301772,197.3210137807056,0.0,0.3551393005174821,1.8323510850242826,29.62758696330591,107.68733972075592,8468.436018814838,351.69517093894444,0.95,-184.17535272679135,-6.438130529272591,-29.62758696330591
63,contingent,node-001,0.0,0.0,0.0,0.0,0.0,0.0,0.0,0.0,8468.436018814838,351.69517093894444,0.95,-287.97749938252065,0.0,-43.3380861485809
63,contingent,node-002,0.0,0.0,0.0,0.0,0.0,0.0,0.0,0.0,8468.436018814838,351.69517093894444,0.95,0.0,0.0,-43.3380861485809
63,contingent,node-003,0.0,0.0,0.0,0.0,0.0,0.0,0.0,0.0,8468.436018814838,351.69517093894444,0.95,0.0,0.0,-43.3380861485809
63,contingent,node-004,0.0,0.0,0.0,0.0,0.0,0.0,0.0,0.0,8468.436018814838,351.69517093894444,0.95,-268.35971927502027,0.0,-43.3380861485809
63,contingent,node-005,0.0,0.0,0.0,0.0,0.0,0.0,0.0,0.0,8468.436018814838,351.69517093894444,0.95,0.0,0.0,-43.3380861485809
63,contingent,node-006,0.0,0.0,0.0,0.0,0.0,0.0,0.0,0.0,8468.436018814838,351.69517093894444,0.95,0.0,0.0,-43.3380861485809
63,contingent,node-007,0.7988090311006415,0.0,92.70572215643489,798.8090311006415,0.0,92705.72215643489,0.0,0.0,8468.436018814838,351.69517093894444,0.95,-165.64585715708165,0.0,-43.3380861485809
63,contingent,node-008,0.0,0.0,0.0,0.0,0.0,0.0,0.0,0.0,8468.436018814838,351.69517093894444,0.95,0.0,0.0,-43.3380861485809
63,contingent,node-009,0.0,0.0,0.0,0.0,0.0,0.0,0.0,0.0,8468.436018814838,351.69517093894444,0.95,0.0,0.0,-43.3380861485809
63,contingent,node-010,0.0,0.0,0.0,0.0,0.0,0.0,0.0,0.0,8468.436018814838,351.69517093894444,0.95,0.0,0.0,-43.3380861485809
63,contingent,node-011,0.0,17.4856519628617,17.4856519628617,0.0,17485.6519628617,17485.6519628617,0.0,0.0,8468.436018814838,351.69517093894444,0.95,-248.67242962380138,0.0,-43.3380861485809
63,contingent,node-012,0.0,66.14044833595486,93.0204798001035,0.0,66140.44833595486,93020.4798001035,0.0,0.0,8468.436018814838,351.69517093894444,0.95,-254.86100140189262,0.0,-43.3380861485809
63,contingent,node-013,0.0,19.743138254717692,19.743138254717692,0.0,0.0809119041636973,0.0809119041636973,81.33594373939617,244.00783121818847,8468.436018814838,351.69517093894444,0.95,-342.61081918290176,-10.580586343516458,-124.67402988797707
63,contingent,node-014,0.0,0.0,9.937891391336379,0.0,0.0,9937.89139133638,0.0,0.0,8468.436018814838,351.69517093894444,0.95,-257.91238413201165,0.0,-43.3380861485809
63,contingent,node-015,0.0,0.0,0.0,0.0,0.0,0.0,0.0,0.0,8468.436018814838,351.69517093894444,0.95,0.0,0.0,-43.3380861485809
63,contingent,node-016,0.0,0.0,0.0,0.0,0.0,0.0,0.0,0.0,8468.436018814838,351.69517093894444,0.95,0.0,0.0,-43.3380861485809
63,contingent,node-017,0.0,0.0,0.0,0.0,0.0,0.0,0.0,0.0,8468.436018814838,351.69517093894444,0.95,0.0,0.0,-43.3380861485809
63,contingent,node-018,0.0,31.972142270534874,31.972142270534874,0.0,31972.142270534874,31972.142270534874,0.0,0.0,8468.436018814838,351.69517093894444,0.95,-326.75982294576454,0.0,-43.3380861485809
63,contingent,node-019,0.0,85.9680343835207,85.9680343835207,0.0,85968.0343835207,85968.0343835207,0.0,0.0,8468.436018814838,351.69517093894444,0.95,-281.84955511091545,0.0,-43.3380861485809
63,contingent,node-020,0.0,0.0,0.0,0.0,0.0,0.0,0.0,0.0,8468.436018814838,351.69517093894444,0.95,0.0,0.0,-43.3380861485809
63,contingent,node-021,0.0,0.0,0.0,0.0,0.0,0.0,0.0,0.0,8468.436018814838,351.69517093894444,0.95,-201.64001445590955,0.0,-43.3380861485809
63,contingent,node-022,0.0,40.49953488987026,113.7497852039681,0.0,40499.53488987026,113749.7852039681,0.0,0.0,8468.436018814838,351.69517093894444,0.95,-225.72727870456634,0.0,-43.3380861485809
63,contingent,node-023,0.0,0.0,0.0,0.0,0.0,0.0,0.0,0.0,8468.436018814838,351.69517093894444,0.95,-322.4229081839139,0.0,-43.3380861485809
63,contingent,node-024,0.0,0.0,0.0,0.0,0.0,0.0,0.0,0.0,8468.436018814838,351.69517093894444,0.95,0.0,0.0,-43.3380861485809
63,contingent,node-025,0.0,0.0,0.0,0.0,0.0,0.0,0.0,0.0,8468.436018814838,351.69517093894444,0.95,-122.93460124431432,0.0,-43.3380861485809
63,contingent,node-026,0.0,0.0,0.0,0.0,0.0,0.0,0.0,0.0,8468.436018814838,351.69517093894444,0.95,0.0,0.0,-43.3380861485809
63,contingent,node-027,0.0,0.0,0.0,0.0,0.0,0.0,0.0,0.0,8468.436018814838,351.69517093894444,0.95,-334.27111323081334,0.0,-43.3380861485809
63,contingent,node-028,0.0,0.0,1.1957149701185719,0.0,0.0,1195.7149701185717,0.0,0.0,8468.436018814838,351.69517093894444,0.95,-276.7466316612979,0.0,-43.3380861485809
63,contingent,node-029,0.0,0.0,7.043807247321416,0.0,0.0,7043.807247321416,0.0,0.0,8468.436018814838,351.69517093894444,0.95,-131.5112761751517,0.0,-43.3380861485809
63,capped,node-000,2.0413198544841435,38.244006503017715,206.72330319612468,0.01743382287179416,0.32662163835654495,1.765513348374397,39.02987637872499,117.08962913617499,8468.436018814838,361.09746035436353,0.95,-77.66681781959635,-7.378359470814509,-39.02987637872499
63,capped,node-001,0.0,0.0,0.0,0.0,0.0,0.0,0.0,0.0,8468.436018814838,361.09746035436353,0.95,-71.99437484563018,0.0,-38.636941440871354
63,capped,node-002,0.0,0.0,0.0,0.0,0.0,0.0,0.0,0.0,8468.436018814838,361.09746035436353,0.95,0.0,0.0,-38.636941440871354
63,capped,node-003,0.0,0.0,0.0,0.0,0.0,0.0,0.0,0.0,8468.436018814838,361.09746035436353,0.95,0.0,0.0,-38.636941440871354
63,capped,node-004,0.0,0.0,20.835905901877474,0.0,0.0,20835.905901877475,0.0,0.0,8468.436018814838,361.09746035436353,0.95,-67.08992981875508,0.0,-38.636941440871354
63,capped,node-005,0.0,0.0,0.0,0.0,0.0,0.0,0.0,0.0,8468.436018814838,361.09746035436353,0.95,0.0,0.0,-38.636941440871354
63,capped,node-006,0.0,0.0,0.0,0.0,0.0,0.0,0.0,0.0,8468.436018814838,361.09746035436353,0.95,0.0,0.0,-38.636941440871354
63,capped,node-007,0.7988090311006415,82.82292857854083,225.15806997209862,798.8090311006415,82822.92857854083,225158.0699720986,0.0,0.0,8468.436018814838,361.09746035436353,0.95,-41.41146428927042,0.0,-38.636941440871354
63,capped,node-008,0.0,0.0,0.0,0.0,0.0,0.0,0.0,0.0,8468.436018814838,361.09746035436353,0.95,0.0,0.0,-38.636941440871354
63,capped,node-009,0.0,0.0,0.0,0.0,0.0,0.0,0.0,0.0,8468.436018814838,361.09746035436353,0.95,0.0,0.0,-38.636941440871354
63,capped,node-010,0.0,0.0,0.0,0.0,0.0,0.0,0.0,0.0,8468.436018814838,361.09746035436353,0.95,0.0,0.0,-38.636941440871354
63,capped,node-011,0.0,94.69569014389378,94.69569014389378,0.0,94695.69014389378,94695.69014389378,0.0,0.0,8468.436018814838,361.09746035436353,0.95,-62.168107405950344,0.0,-38.636941440871354
63,capped,node-012,0.0,66.14044833595486,93.0204798001035,0.0,66140.44833595486,93020.4798001035,0.0,0.0,8468.436018814838,361.09746035436353,0.95,-63.715250350473156,0.0,-38.636941440871354
63,capped,node-013,0.0,19.743138254717692,19.743138254717692,0.0,0.0809119041636973,0.0809119041636973,81.33594373939617,244.00783121818847,8468.436018814838,361.09746035436353,0.95,-146.65466260027256,-10.580586343516458,-119.97288518026753
63,capped,node-014,0.0,0.0,9.937891391336379,0.0,0.0,9937.89139133638,0.0,0.0,8468.436018814838,361.09746035436353,0.95,-64.47809603300293,0.0,-38.636941440871354
63,capped,node-015,0.0,0.0,0.0,0.0,0.0,0.0,0.0,0.0,8468.436018814838,361.09746035436353,0.95,0.0,0.0,-38.636941440871354
63,capped,node-016,0.0,0.0,0.0,0.0,0.0,0.0,0.0,0.0,8468.436018814838,361.09746035436353,0.95,0.0,0.0,-38.636941440871354
63,capped,node-017,0.0,0.0,0.0,0.0,0.0,0.0,0.0,0.0,8468.436018814838,361.09746035436353,0.95,0.0,0.0,-38.636941440871354
63,capped,node-018,0.0,31.972142270534874,31.972142270534874,0.0,31972.142270534874,31972.142270534874,0.0,0.0,8468.436018814838,361.09746035436353,0.95,-81.68995573644114,0.0,-38.636941440871354
63,capped,node-019,0.0,85.9680343835207,85.9680343835207,0.0,85968.0343835207,85968.0343835207,0.0,0.0,8468.436018814838,361.09746035436353,0.95,-70.46238877772886,0.0,-38.636941440871354
63,capped,node-020,0.0,0.0,0.0,0.0,0.0,0.0,0.0,0.0,8468.436018814838,361.09746035436353,0.95,0.0,0.0,-38.636941440871354
63,capped,node-021,0.0,0.0,0.0,0.0,0.0,0.0,0.0,0.0,8468.436018814838,361.09746035436353,0.95,-50.41000361397738,0.0,-38.636941440871354
63,capped,node-022,0.0,79.6675825278703,150.75415748765252,0.0,79667.5825278703,150754.15748765253,0.0,0.0,8468.436018814838,361.09746035436353,0.95,-56.4318196761416,0.0,-38.636941440871354
63,capped,node-023,0.0,0.0,0.0,0.0,0.0,0.0,0.0,0.0,8468.436018814838,361.09746035436353,0.95,-80.60572704597847,0.0,-38.636941440871354
63,capped,node-024,0.0,0.0,0.0,0.0,0.0,0.0,0.0,0.0,8468.436018814838,361.09746035436353,0.95,0.0,0.0,-38.636941440871354
63,capped,node-025,0.0,0.0,0.0,0.0,0.0,0.0,0.0,0.0,8468.436018814838,361.09746035436353,0.95,-30.733650311078577,0.0,-38.636941440871354
63,capped,node-026,0.0,0.0,0.0,0.0,0.0,0.0,0.0,0.0,8468.436018814838,361.09746035436353,0.95,0.0,0.0,-38.636941440871354
63,capped,node-027,0.0,0.0,25.261703058704192,0.0,0.0,25261.70305870419,0.0,0.0,8468.436018814838,361.09746035436353,0.95,-83.56777830770334,0.0,-38.636941440871354
63,capped,node-028,0.0,0.0,5.608913435635399,0.0,0.0,5608.913435635399,0.0,0.0,8468.436018814838,361.09746035436353,0.95,-69.18665791532446,0.0,-38.636941440871354
63,capped,node-029,0.0,43.0080411767398,77.14201524416362,0.0,43008.0411767398,77142.01524416362,0.0,0.0,8468.436018814838,361.09746035436353,0.95,-32.87781904378792,0.0,-38.636941440871354
63,proper_scoring,node-000,125.43357222107045,244.24683650442728,246.96346753476394,0.1472770383746961,0.2867808839037278,0.2899705991085187,773.6247569618965,851.6845097193466,8468.436018814838,1295.6401637406577,0.95,-928.172522725382,43.16168080396653,-773.6247569618965
63,proper_scoring,node-001,0.0,0.0,128.00562515436982,0.0,0.0,128005.62515436982,0.0,0.0,8468.436018814838,1295.6401637406577,0.95,-264.07169688928417,0.0,899.058329182967
63,proper_scoring,node-002,0.0,0.0,0.0,0.0,0.0,0.0,0.0,0.0,8468.436018814838,1295.6401637406577,0.95,0.0,0.0,899.058329182967
63,proper_scoring,node-003,0.0,0.0,0.0,0.0,0.0,0.0,0.0,0.0,8468.436018814838,1295.6401637406577,0.95,0.0,0.0,899.058329182967
63,proper_scoring,node-004,0.0,0.0,572.7317536458345,0.0,0.0,572731.7536458345,0.0,0.0,8468.436018814838,1295.6401637406577,0.95,-268.35971927502027,0.0,899.058329182967
63,proper_scoring,node-005,0.0,0.0,0.0,0.0,0.0,0.0,0.0,0.0,8468.436018814838,1295.6401637406577,0.95,0.0,0.0,899.058329182967
63,proper_scoring,node-006,0.0,0.0,0.0,0.0,0.0,0.0,0.0,0.0,8468.436018814838,1295.6401637406577,0.95,0.0,0.0,899.058329182967
63,proper_scoring,node-007,266.5708303351329,746.5936972692783,794.2817929316549,266570.8303351329,746593.6972692783,794281.7929316548,0.0,0.0,8468.436018814838,1295.6401637406577,0.95,-165.64585715708165,0.0,899.058329182967
63,proper_scoring,node-008,0.0,0.0,0.0,0.0,0.0,0.0,0.0,0.0,8468.436018814838,1295.6401637406577,0.95,0.0,0.0,899.058329182967
63,proper_scoring,node-009,0.0,0.0,0.0,0.0,0.0,0.0,0.0,0.0,8468.436018814838,1295.6401637406577,0.95,0.0,0.0,899.058329182967
63,proper_scoring,node-010,0.0,0.0,0.0,0.0,0.0,0.0,0.0,0.0,8468.436018814838,1295.6401637406577,0.95,0.0,0.0,899.058329182967
63,proper_scoring,node-011,0.0,294.6956901438938,431.08405370297515,0.0,294695.69014389376,431084.05370297516,0.0,0.0,8468.436018814838,1295.6401637406577,0.95,-248.67242962380138,0.0,899.058329182967
63,proper_scoring,node-012,0.0,266.14044833595483,436.2847496495268,0.0,266140.4483359548,436284.7496495268,0.0,0.0,8468.436018814838,1295.6401637406577,0.95,-254.86100140189262,0.0,899.058329182967
63,proper_scoring,node-013,199.60573623344192,119.79531545159466,251.37559288791897,0.4496073750281827,0.2698362198262353,0.5662177981313693,281.2837665425192,443.9556540213115,8468.436018814838,1295.6401637406577,0.95,-542.5586419860248,89.3933250580451,617.7745626404478
63,proper_scoring,node-014,0.0,0.0,135.5219039669971,0.0,0.0,135521.90396699708,0.0,0.0,8468.436018814838,1295.6401637406577,0.95,-248.21925224478682,0.0,899.058329182967
63,proper_scoring,node-015,0.0,0.0,0.0,0.0,0.0,0.0,0.0,0.0,8468.436018814838,1295.6401637406577,0.95,0.0,0.0,899.058329182967
63,proper_scoring,node-016,0.0,0.0,0.0,0.0,0.0,0.0,0.0,0.0,8468.436018814838,1295.6401637406577,0.95,0.0,0.0,899.058329182967
63,proper_scoring,node-017,0.0,0.0,0.0,0.0,0.0,0.0,0.0,0.0,8468.436018814838,1295.6401637406577,0.95,0.0,0.0,899.058329182967
63,proper_scoring,node-018,0.0,81.97214227053487,251.15282125759182,0.0,81972.14227053487,251152.82125759183,0.0,0.0,8468.436018814838,1295.6401637406577,0.95,-326.75982294576454,0.0,899.058329182967
63,proper_scoring,node-019,290.2622805441838,285.9680343835207,483.35024584572915,290262.2805441838,285968.0343835207,483350.24584572914,0.0,0.0,8468.436018814838,1295.6401637406577,0.95,-281.84955511091545,0.0,899.058329182967
63,proper_scoring,node-020,0.0,0.0,0.0,0.0,0.0,0.0,0.0,0.0,8468.436018814838,1295.6401637406577,0.95,0.0,0.0,899.058329182967
63,proper_scoring,node-021,0.0,0.0,0.0,0.0,0.0,0.0,0.0,0.0,8468.436018814838,1295.6401637406577,0.95,-150.41000361397738,0.0,899.058329182967
63,proper_scoring,node-022,0.0,440.4995348898703,769.2068147695684,0.0,440499.53488987027,769206.8147695684,0.0,0.0,8468.436018814838,1295.6401637406577,0.95,-225.72727870456634,0.0,899.058329182967
63,proper_scoring,node-023,0.0,0.0,119.39427295402155,0.0,0.0,119394.27295402154,0.0,0.0,8468.436018814838,1295.6401637406577,0.95,-273.29353267400325,0.0,899.058329182967
63,proper_scoring,node-024,0.0,0.0,0.0,0.0,0.0,0.0,0.0,0.0,8468.436018814838,1295.6401637406577,0.95,0.0,0.0,899.058329182967
63,proper_scoring,node-025,0.0,0.0,19.26634968892141,0.0,0.0,19266.349688921408,0.0,0.0,8468.436018814838,1295.6401637406577,0.95,-80.73365031107858,0.0,899.058329182967
63,proper_scoring,node-026,0.0,0.0,0.0,0.0,0.0,0.0,0.0,0.0,8468.436018814838,1295.6401637406577,0.95,0.0,0.0,899.058329182967
63,proper_scoring,node-027,0.0,0.0,288.9615252497748,0.0,0.0,288961.5252497748,0.0,0.0,8468.436018814838,1295.6401637406577,0.95,-334.27111323081334,0.0,899.058329182967
63,proper_scoring,node-028,137.01863352924326,0.0,660.3564407365609,137018.63352924326,0.0,660356.4407365608,0.0,0.0,8468.436018814838,1295.6401637406577,0.95,-276.7466316612979,0.0,899.058329182967
63,proper_scoring,node-029,0.0,195.82870039753294,284.44685183435706,0.0,195828.70039753293,284446.8518343571,0.0,0.0,8468.436018814838,1295.6401637406577,0.95,-131.5112761751517,0.0,899.058329182967
63,audits,node-000,120.7324275133609,231.99493179877516,237.0621351829667,0.14663761942710962,0.2817733828333924,0.28792784072606264,745.2789510829678,823.3387038404178,8468.436018814838,1267.2943578617292,0.95,-3283.915892523839,42.221451862424715,-745.2789510829678
63,audits,node-001,0.0,0.0,128.00562515436982,0.0,0.0,128005.62515436982,0.0,0.0,8468.436018814838,1267.2943578617292,0.95,-771.9943748456301,0.0,866.0113785963287
63,audits,node-002,0.0,0.0,0.0,0.0,0.0,0.0,0.0,0.0,8468.436018814838,1267.2943578617292,0.95,0.0,0.0,866.0113785963287
63,audits,node-003,0.0,0.0,0.0,0.0,0.0,0.0,0.0,0.0,8468.436018814838,1267.2943578617292,0.95,0.0,0.0,866.0113785963287
63,audits,node-004,0.0,0.0,460.1164554006558,0.0,0.0,460116.4554006558,0.0,0.0,8468.436018814838,1267.2943578617292,0.95,-2335.9870612114682,0.0,866.0113785963287
63,audits,node-005,0.0,0.0,0.0,0.0,0.0,0.0,0.0,0.0,8468.436018814838,1267.2943578617292,0.95,0.0,0.0,866.0113785963287
63,audits,node-006,0.0,0.0,0.0,0.0,0.0,0.0,0.0,0.0,8468.436018814838,1267.2943578617292,0.95,0.0,0.0,866.0113785963287
63,audits,node-007,93.58282637688282,82.82292857854087,473.4607448010588,93582.82637688282,82822.92857854087,473460.7448010588,0.0,0.0,8468.436018814838,1267.2943578617292,0.95,-2541.411464289271,0.0,866.0113785963287
63,audits,node-008,0.0,0.0,0.0,0.0,0.0,0.0,0.0,0.0,8468.436018814838,1267.2943578617292,0.95,0.0,0.0,866.0113785963287
63,audits,node-009,0.0,0.0,0.0,0.0,0.0,0.0,0.0,0.0,8468.436018814838,1267.2943578617292,0.95,0.0,0.0,866.0113785963287
63,audits,node-010,0.0,0.0,0.0,0.0,0.0,0.0,0.0,0.0,8468.436018814838,1267.2943578617292,0.95,0.0,0.0,866.0113785963287
63,audits,node-011,0.0,294.6956901438938,431.08405370297515,0.0,294695.69014389376,431084.05370297516,0.0,0.0,8468.436018814838,1267.2943578617292,0.95,-1562.1681074059504,0.0,866.0113785963287
63,audits,node-012,0.0,266.14044833595483,436.2847496495268,0.0,266140.4483359548,436284.7496495268,0.0,0.0,8468.436018814838,1267.2943578617292,0.95,-1563.715250350473,0.0,866.0113785963287
63,audits,node-013,199.60573623344192,119.79531545159466,251.37559288791897,0.4496073750281827,0.2698362198262353,0.5662177981313693,281.2837665425192,443.9556540213115,8468.436018814838,1267.2943578617292,0.95,-1846.6024854033953,89.3933250580451,584.7276120538095
63,audits,node-014,0.0,0.0,135.5219039669971,0.0,0.0,135521.90396699708,0.0,0.0,8468.436018814838,1267.2943578617292,0.95,-764.4780960330029,0.0,866.0113785963287
63,audits,node-015,0.0,0.0,0.0,0.0,0.0,0.0,0.0,0.0,8468.436018814838,1267.2943578617292,0.95,0.0,0.0,866.0113785963287
63,audits,node-016,0.0,0.0,0.0,0.0,0.0,0.0,0.0,0.0,8468.436018814838,1267.2943578617292,0.95,0.0,0.0,866.0113785963287
63,audits,node-017,0.0,0.0,0.0,0.0,0.0,0.0,0.0,0.0,8468.436018814838,1267.2943578617292,0.95,0.0,0.0,866.0113785963287
63,audits,node-018,0.0,81.97214227053487,230.41074262839663,0.0,81972.14227053487,230410.74262839663,0.0,0.0,8468.436018814838,1267.2943578617292,0.95,-1581.689955736441,0.0,866.0113785963287
63,audits,node-019,290.2622805441838,285.9680343835207,483.35024584572915,290262.2805441838,285968.0343835207,483350.24584572914,0.0,0.0,8468.436018814838,1267.2943578617292,0.95,-1570.462388777729,0.0,866.0113785963287
63,audits,node-020,0.0,0.0,0.0,0.0,0.0,0.0,0.0,0.0,8468.436018814838,1267.2943578617292,0.95,0.0,0.0,866.0113785963287
63,audits,node-021,0.0,0.0,0.0,0.0,0.0,0.0,0.0,0.0,8468.436018814838,1267.2943578617292,0.95,-650.4100036139773,0.0,866.0113785963287
63,audits,node-022,0.0,379.66758252787025,643.5681803238584,0.0,379667.58252787025,643568.1803238584,0.0,0.0,8468.436018814838,1267.2943578617292,0.95,-2556.431819676141,0.0,866.0113785963287
63,audits,node-023,0.0,0.0,119.39427295402155,0.0,0.0,119394.27295402154,0.0,0.0,8468.436018814838,1267.2943578617292,0.95,-780.6057270459785,0.0,866.0113785963287
63,audits,node-024,0.0,0.0,0.0,0.0,0.0,0.0,0.0,0.0,8468.436018814838,1267.2943578617292,0.95,0.0,0.0,866.0113785963287
63,audits,node-025,0.0,0.0,19.26634968892141,0.0,0.0,19266.349688921408,0.0,0.0,8468.436018814838,1267.2943578617292,0.95,-80.73365031107858,0.0,866.0113785963287
63,audits,node-026,0.0,0.0,0.0,0.0,0.0,0.0,0.0,0.0,8468.436018814838,1267.2943578617292,0.95,0.0,0.0,866.0113785963287
63,audits,node-027,0.0,0.0,266.43222169229665,0.0,0.0,266432.2216922966,0.0,0.0,8468.436018814838,1267.2943578617292,0.95,-1033.5677783077033,0.0,866.0113785963287
63,audits,node-028,0.0,0.0,293.18846239308914,0.0,0.0,293188.46239308914,0.0,0.0,8468.436018814838,1267.2943578617292,0.95,-1919.1866579153245,0.0,866.0113785963287
63,audits,node-029,0.0,155.71187242437946,186.06612729901025,0.0,155711.87242437946,186066.12729901023,0.0,0.0,8468.436018814838,1267.2943578617292,0.95,-1467.1226522323627,0.0,866.0113785963287
65,greedy,node-000,0.0,0.0,0.0,0.0,0.0,0.0,0.0,0.0,8783.654563251019,129.98401334735823,0.85,0.0,0.0,0.0
65,greedy,node-001,0.0,0.0,0.0,0.0,0.0,0.0,0.0,0.0,8783.654563251019,129.98401334735823,0.85,0.0,0.0,0.0
65,greedy,node-002,0.0,0.0,0.0,0.0,0.0,0.0,0.0,0.0,8783.654563251019,129.98401334735823,0.85,0.0,0.0,0.0
65,greedy,node-003,0.0,0.0,0.0,0.0,0.0,0.0,0.0,0.0,8783.654563251019,129.98401334735823,0.85,0.0,0.0,0.0
65,greedy,node-004,0.0,0.0,0.0,0.0,0.0,0.0,0.0,0.0,8783.654563251019,129.98401334735823,0.85,0.0,0.0,0.0
65,greedy,node-005,0.0,0.0,0.0,0.0,0.0,0.0,0.0,0.0,8783.654563251019,129.98401334735823,0.85,0.0,0.0,0.0
65,greedy,node-006,0.0,0.0,0.0,0.0,0.0,0.0,0.0,0.0,8783.654563251019,129.98401334735823,0.85,0.0,0.0,0.0
65,greedy,node-007,0.0,0.0,0.0,0.0,0.0,0.0,0.0,0.0,8783.654563251019,129.98401334735823,0.85,0.0,0.0,0.0
65,greedy,node-008,0.0,0.0,0.0,0.0,0.0,0.0,0.0,0.0,8783.654563251019,129.98401334735823,0.85,0.0,0.0,0.0
65,greedy,node-009,0.0,0.0,0.0,0.0,0.0,0.0,0.0,0.0,8783.654563251019,129.98401334735823,0.85,0.0,0.0,0.0
65,greedy,node-010,0.0,0.0,0.0,0.0,0.0,0.0,0.0,0.0,8783.654563251019,129.98401334735823,0.85,0.0,0.0,0.0
65,greedy,node-011,0.0,0.0,0.0,0.0,0.0,0.0,0.0,0.0,8783.654563251019,129.98401334735823,0.85,0.0,0.0,0.0
65,greedy,node-012,0.0,0.0,0.0,0.0,0.0,0.0,0.0,0.0,8783.654563251019,129.98401334735823,0.85,0.0,0.0,0.0
65,greedy,node-013,0.0,0.0,0.0,0.0,0.0,0.0,0.0,0.0,8783.654563251019,129.98401334735823,0.85,0.0,0.0,0.0
65,greedy,node-014,0.0,0.0,0.0,0.0,0.0,0.0,0.0,0.0,8783.654563251019,129.98401334735823,0.85,0.0,0.0,0.0
65,greedy,node-015,0.0,0.0,0.0,0.0,0.0,0.0,0.0,0.0,8783.654563251019,129.98401334735823,0.85,-7.875212924220758,0.0,0.0
65,greedy,node-016,0.0,0.0,0.0,0.0,0.0,0.0,0.0,0.0,8783.654563251019,129.98401334735823,0.85,0.0,0.0,0.0
65,greedy,node-017,0.0,0.0,0.0,0.0,0.0,0.0,0.0,0.0,8783.654563251019,129.98401334735823,0.85,0.0,0.0,0.0
65,greedy,node-018,0.0,0.0,0.0,0.0,0.0,0.0,0.0,0.0,8783.654563251019,129.98401334735823,0.85,0.0,0.0,0.0
65,greedy,node-019,0.0,0.0,0.0,0.0,0.0,0.0,0.0,0.0,8783.654563251019,129.98401334735823,0.85,0.0,0.0,0.0
65,greedy,node-020,0.0,0.0,0.0,0.0,0.0,0.0,0.0,0.0,8783.654563251019,129.98401334735823,0.85,0.0,0.0,0.0
65,greedy,node-021,0.0,0.0,0.0,0.0,0.0,0.0,0.0,0.0,8783.654563251019,129.98401334735823,0.85,0.0,0.0,0.0
65,greedy,node-022,0.0,0.0,0.0,0.0,0.0,0.0,0.0,0.0,8783.654563251019,129.98401334735823,0.85,0.0,0.0,0.0
65,greedy,node-023,0.0,0.0,0.0,0.0,0.0,0.0,0.0,0.0,8783.654563251019,129.98401334735823,0.85,0.0,0.0,0.0
65,greedy,node-024,0.0,0.0,0.0,0.0,0.0,0.0,0.0,0.0,8783.654563251019,129.98401334735823,0.85,0.0,0.0,0.0
65,greedy,node-025,0.0,0.0,0.0,0.0,0.0,0.0,0.0,0.0,8783.654563251019,129.98401334735823,0.85,0.0,0.0,0.0
65,greedy,node-026,0.0,0.0,0.0,0.0,0.0,0.0,0.0,0.0,8783.654563251019,129.98401334735823,0.85,0.0,0.0,0.0
65,greedy,node-027,0.0,0.0,0.0,0.0,0.0,0.0,0.0,0.0,8783.654563251019,129.98401334735823,0.85,0.0,0.0,0.0
65,greedy,node-028,0.0,0.0,0.0,0.0,0.0,0.0,0.0,0.0,8783.654563251019,129.98401334735823,0.85,0.0,0.0,0.0
65,greedy,node-029,97.79295779555143,0.0,97.79295779555143,0.7523460406951572,0.0,0.7523460406951572,43.328004449119405,129.98401334735823,8783.654563251019,129.98401334735823,0.85,-64.9920066736791,-12.998401334735817,-43.328004449119405
65,trust_vcg,node-000,0.0,0.0,0.0,0.0,0.0,0.0,0.0,0.0,8537.267351969673,-219.6227233048317,0.85,-5612.084250017243,0.0,-333.03597098287355
65,trust_vcg,node-001,0.0,0.0,0.0,0.0,0.0,0.0,0.0,0.0,8537.267351969673,-219.6227233048317,0.85,-5565.533291698845,0.0,0.0
65,trust_vcg,node-002,0.0,0.0,0.0,0.0,0.0,0.0,0.0,0.0,8537.267351969673,-219.6227233048317,0.85,0.0,0.0,0.0
65,trust_vcg,node-003,0.0,0.0,217.9156955302086,0.0,0.0,217915.6955302086,0.0,0.0,8537.267351969673,-219.6227233048317,0.85,-3328.2898919650806,0.0,0.0
65,trust_vcg,node-004,0.0,0.0,7.60280438034971,0.0,0.0,7602.804380349709,0.0,0.0,8537.267351969673,-219.6227233048317,0.85,-592.3971956196503,0.0,0.0
65,trust_vcg,node-005,0.0,0.0,8.42220177630145,0.0,0.0,8422.201776301448,0.0,0.0,8537.267351969673,-219.6227233048317,0.85,-591.5777982236986,0.0,0.0
65,trust_vcg,node-006,0.0,0.0,8.476620106742132,0.0,0.0,8476.620106742132,0.0,0.0,8537.267351969673,-219.6227233048317,0.85,-591.5233798932579,0.0,0.0
65,trust_vcg,node-007,0.0,0.0,405.04733853762025,0.0,0.0,405047.33853762026,0.0,0.0,8537.267351969673,-219.6227233048317,0.85,-5540.540785319552,0.0,0.0
65,trust_vcg,node-008,0.0,0.0,0.0,0.0,0.0,0.0,0.0,0.0,8537.267351969673,-219.6227233048317,0.85,-2287.3519900772444,0.0,0.0
65,trust_vcg,node-009,0.0,243.68625023083797,397.21910142061466,0.0,243686.25023083796,397219.10142061464,0.0,0.0,8537.267351969673,-219.6227233048317,0.85,-5602.780898579385,0.0,0.0
65,trust_vcg,node-010,0.0,319.7088070485696,389.8291464237287,0.0,319708.8070485696,389829.1464237287,0.0,0.0,8537.267351969673,-219.6227233048317,0.85,-5594.463966383357,0.0,0.0
65,trust_vcg,node-011,0.0,0.0,95.76848100147689,0.0,0.0,95768.48100147689,0.0,0.0,8537.267351969673,-219.6227233048317,0.85,-2304.2315189985234,0.0,0.0
65,trust_vcg,node-012,115.20544415295423,0.0,189.3024606906643,115205.44415295422,0.0,189302.4606906643,0.0,0.0,8537.267351969673,-219.6227233048317,0.85,-3410.6975393093358,0.0,0.0
65,trust_vcg,node-013,0.0,3.587472805353954,493.79492421085735,0.0,3587.4728053539543,493794.9242108573,0.0,0.0,8537.267351969673,-219.6227233048317,0.85,-5551.793736402677,0.0,0.0
65,trust_vcg,node-014,0.0,0.0,0.0,0.0,0.0,0.0,0.0,0.0,8537.267351969673,-219.6227233048317,0.85,0.0,0.0,0.0
65,trust_vcg,node-015,0.0,0.0,0.0,0.0,0.0,0.0,0.0,0.0,8537.267351969673,-219.6227233048317,0.85,-5548.145271961195,0.0,0.0
65,trust_vcg,node-016,0.0,0.0,123.76540302926273,0.0,0.0,123765.40302926273,0.0,0.0,8537.267351969673,-219.6227233048317,0.85,-2284.4556866323173,0.0,0.0
65,trust_vcg,node-017,0.0,0.0,0.0,0.0,0.0,0.0,0.0,0.0,8537.267351969673,-219.6227233048317,0.85,-2311.758116823374,0.0,0.0
65,trust_vcg,node-018,0.0,0.0,0.0,0.0,0.0,0.0,0.0,0.0,8537.267351969673,-219.6227233048317,0.85,0.0,0.0,0.0
65,trust_vcg,node-019,0.0,0.0,0.0,0.0,0.0,0.0,0.0,0.0,8537.267351969673,-219.6227233048317,0.85,0.0,0.0,0.0
65,trust_vcg,node-020,0.0,0.0,0.0,0.0,0.0,0.0,0.0,0.0,8537.267351969673,-219.6227233048317,0.85,0.0,0.0,0.0
65,trust_vcg,node-021,0.0,0.0,0.0,0.0,0.0,0.0,0.0,0.0,8537.267351969673,-219.6227233048317,0.85,0.0,0.0,0.0
65,trust_vcg,node-022,0.0,0.0,0.0,0.0,0.0,0.0,0.0,0.0,8537.267351969673,-219.6227233048317,0.85,-5513.157842844426,0.0,0.0
65,trust_vcg,node-023,0.0,0.45737920419242073,118.7699219618803,0.0,0.00047017125130381047,0.12209169615542952,657.2926778060584,972.7927918265596,8537.267351969673,-219.6227233048317,0.85,-6236.167706311183,-47.32501710307531,-657.2926778060584
65,trust_vcg,node-024,0.0,0.0,0.0,0.0,0.0,0.0,0.0,0.0,8537.267351969673,-219.6227233048317,0.85,0.0,0.0,0.0
65,trust_vcg,node-025,0.0,0.0,0.0,0.0,0.0,0.0,0.0,0.0,8537.267351969673,-219.6227233048317,0.85,0.0,0.0,0.0
65,trust_vcg,node-026,0.0,0.0,0.0,0.0,0.0,0.0,0.0,0.0,8537.267351969673,-219.6227233048317,0.85,-5051.624918063631,0.0,0.0
65,trust_vcg,node-027,0.0,0.0,100.92889538507917,0.0,0.0,100928.89538507917,0.0,0.0,8537.267351969673,-219.6227233048317,0.85,-2299.071104614921,0.0,0.0
65,trust_vcg,node-028,0.0,0.0,0.0,0.0,0.0,0.0,0.0,0.0,8537.267351969673,-219.6227233048317,0.85,0.0,0.0,0.0
65,trust_vcg,node-029,26.3146592386272,457.1391965748179,587.1232099221761,26314.6592386272,457139.1965748179,587123.2099221761,-1209.9586212904762,-1192.4155151313912,8537.267351969673,-219.6227233048317,0.85,-9785.53317731946,-2.6314659238626064,437.57671485618494
65,contingent,node-000,0.0,0.0,0.0,0.0,0.0,0.0,0.0,0.0,8537.267351969673,491.7299496504411,0.85,-448.3370000689754,0.0,-75.55308548213316
65,contingent,node-001,0.0,28.373881858751698,41.23754370910396,0.0,28373.881858751698,41237.54370910396,0.0,0.0,8537.267351969673,491.7299496504411,0.85,-262.13316679537957,0.0,0.0
65,contingent,node-002,0.0,0.0,0.0,0.0,0.0,0.0,0.0,0.0,8537.267351969673,491.7299496504411,0.85,0.0,0.0,0.0
65,contingent,node-003,0.0,0.0,0.0,0.0,0.0,0.0,0.0,0.0,8537.267351969673,491.7299496504411,0.85,-323.51415318462057,0.0,0.0
65,contingent,node-004,0.0,0.0,0.0,0.0,0.0,0.0,0.0,0.0,8537.267351969673,491.7299496504411,0.85,-169.5887824786011,0.0,0.0
65,contingent,node-005,0.0,0.0,0.0,0.0,0.0,0.0,0.0,0.0,8537.267351969673,491.7299496504411,0.85,-166.31119289479423,0.0,0.0
65,contingent,node-006,0.0,0.0,0.0,0.0,0.0,0.0,0.0,0.0,8537.267351969673,491.7299496504411,0.85,-166.09351957303144,0.0,0.0
65,contingent,node-007,0.0,0.0,27.197074937533635,0.0,0.0,27197.074937533635,0.0,0.0,8537.267351969673,491.7299496504411,0.85,-376.84999358413677,0.0,0.0
65,contingent,node-008,0.0,0.0,0.0,0.0,0.0,0.0,0.0,0.0,8537.267351969673,491.7299496504411,0.85,-349.40796030897855,0.0,0.0
65,contingent,node-009,0.0,93.68625023083794,93.68625023083794,0.0,93686.25023083793,93686.25023083793,0.0,0.0,8537.267351969673,491.7299496504411,0.85,-411.1235943175413,0.0,0.0
65,contingent,node-010,0.0,119.70880704856958,119.70880704856958,0.0,119708.80704856958,119708.80704856958,0.0,0.0,8537.267351969673,491.7299496504411,0.85,-377.85586553342864,0.0,0.0
65,contingent,node-011,0.0,0.0,0.0,0.0,0.0,0.0,0.0,0.0,8537.267351969673,491.7299496504411,0.85,-416.9260759940925,0.0,0.0
65,contingent,node-012,0.0,0.0,24.637703175411616,0.0,0.0,24637.703175411614,0.0,0.0,8537.267351969673,491.7299496504411,0.85,-442.7901572373428,0.0,0.0
65,contingent,node-013,0.0,81.7547855683974,186.2882859220985,0.0,81754.78556839739,186288.2859220985,0.0,0.0,8537.267351969673,491.7299496504411,0.85,-207.17494561070802,0.0,0.0
65,contingent,node-014,0.0,0.0,0.0,0.0,0.0,0.0,0.0,0.0,8537.267351969673,491.7299496504411,0.85,0.0,0.0,0.0
65,contingent,node-015,0.0,12.204824101431631,108.73855421588111,0.0,12204.824101431632,108738.5542158811,0.0,0.0,8537.267351969673,491.7299496504411,0.85,-192.58108784477682,0.0,0.0
65,contingent,node-016,0.0,0.0,23.765403029262714,0.0,0.0,23765.403029262714,0.0,0.0,8537.267351969673,491.7299496504411,0.85,-337.8227465292684,0.0,0.0
65,contingent,node-017,0.0,0.0,0.0,0.0,0.0,0.0,0.0,0.0,8537.267351969673,491.7299496504411,0.85,-447.032467293496,0.0,0.0
65,contingent,node-018,0.0,0.0,0.0,0.0,0.0,0.0,0.0,0.0,8537.267351969673,491.7299496504411,0.85,0.0,0.0,0.0
65,contingent,node-019,0.0,0.0,0.0,0.0,0.0,0.0,0.0,0.0,8537.267351969673,491.7299496504411,0.85,0.0,0.0,0.0
65,contingent,node-020,0.0,0.0,0.0,0.0,0.0,0.0,0.0,0.0,8537.267351969673,491.7299496504411,0.85,0.0,0.0,0.0
65,contingent,node-021,0.0,0.0,0.0,0.0,0.0,0.0,0.0,0.0,8537.267351969673,491.7299496504411,0.85,0.0,0.0,0.0
65,contingent,node-022,0.0,7.688330278340857,38.73099609877046,0.0,7688.330278340856,38730.99609877046,0.0,0.0,8537.267351969673,491.7299496504411,0.85,-248.2613972421683,0.0,0.0
65,contingent,node-023,0.0,0.0,118.31254275768802,0.0,0.0,0.25,157.75005701025069,473.2501710307521,8537.267351969673,491.7299496504411,0.85,-473.2501710307521,-47.32501710307521,-157.75005701025069
65,contingent,node-024,0.0,0.0,0.0,0.0,0.0,0.0,0.0,0.0,8537.267351969673,491.7299496504411,0.85,0.0,0.0,0.0
65,contingent,node-025,0.0,0.0,0.0,0.0,0.0,0.0,0.0,0.0,8537.267351969673,491.7299496504411,0.85,0.0,0.0,0.0
65,contingent,node-026,0.0,0.0,0.0,0.0,0.0,0.0,0.0,0.0,8537.267351969673,491.7299496504411,0.85,-412.6995979969056,0.0,0.0
65,contingent,node-027,0.0,0.0,0.0,0.0,0.0,0.0,0.0,0.0,8537.267351969673,491.7299496504411,0.85,-396.2844184596833,0.0,0.0
65,contingent,node-028,0.0,0.0,0.0,0.0,0.0,0.0,0.0,0.0,8537.267351969673,491.7299496504411,0.85,0.0,0.0,0.0
65,contingent,node-029,18.47977861968894,34.556451369577026,156.70558409799705,1.0,1.869960245776943,8.479840983107772,0.9366724606041787,18.47977861968894,8537.267351969673,491.7299496504411,0.85,-87.592681358843,-1.8479778619688936,42.98217921157502
65,capped,node-000,0.0,72.91156790525844,72.91156790525844,0.0,72911.56790525843,72911.56790525843,0.0,0.0,8537.267351969673,499.5648302693793,0.85,-112.08425001724385,0.0,-44.87001320575451
65,capped,node-001,5.1138453793964445,89.740026411509,133.28676053823995,5113.8453793964445,89740.02641150901,133286.76053823993,0.0,0.0,8537.267351969673,499.5648302693793,0.85,-65.53329169884488,0.0,0.0
65,capped,node-002,0.0,0.0,0.0,0.0,0.0,0.0,0.0,0.0,8537.267351969673,499.5648302693793,0.85,0.0,0.0,0.0
65,capped,node-003,0.0,0.0,0.0,0.0,0.0,0.0,0.0,0.0,8537.267351969673,499.5648302693793,0.85,-80.87853829615514,0.0,0.0
65,capped,node-004,0.0,0.0,0.0,0.0,0.0,0.0,0.0,0.0,8537.267351969673,499.5648302693793,0.85,-42.397195619650276,0.0,0.0
65,capped,node-005,0.0,0.0,0.0,0.0,0.0,0.0,0.0,0.0,8537.267351969673,499.5648302693793,0.85,-41.57779822369855,0.0,0.0
65,capped,node-006,0.0,0.0,0.0,0.0,0.0,0.0,0.0,0.0,8537.267351969673,499.5648302693793,0.85,-41.52337989325787,0.0,0.0
65,capped,node-007,0.0,0.0,27.197074937533635,0.0,0.0,27197.074937533635,0.0,0.0,8537.267351969673,499.5648302693793,0.85,-94.21249839603419,0.0,0.0
65,capped,node-008,0.0,0.0,13.590021433571621,0.0,0.0,13590.021433571621,0.0,0.0,8537.267351969673,499.5648302693793,0.85,-87.35199007724464,0.0,0.0
65,capped,node-009,0.0,93.68625023083794,93.68625023083794,0.0,93686.25023083793,93686.25023083793,0.0,0.0,8537.267351969673,499.5648302693793,0.85,-102.78089857938532,0.0,0.0
65,capped,node-010,0.0,119.70880704856958,119.70880704856958,0.0,119708.80704856958,119708.80704856958,0.0,0.0,8537.267351969673,499.5648302693793,0.85,-94.46396638335716,0.0,0.0
65,capped,node-011,0.0,0.0,0.0,0.0,0.0,0.0,0.0,0.0,8537.267351969673,499.5648302693793,0.85,-104.23151899852313,0.0,0.0
65,capped,node-012,0.0,0.0,24.637703175411616,0.0,0.0,24637.703175411614,0.0,0.0,8537.267351969673,499.5648302693793,0.85,-110.6975393093357,0.0,0.0
65,capped,node-013,0.0,103.58747280535401,186.2882859220985,0.0,103587.472805354,186288.2859220985,0.0,0.0,8537.267351969673,499.5648302693793,0.85,-51.793736402677006,0.0,0.0
65,capped,node-014,0.0,0.0,0.0,0.0,0.0,0.0,0.0,0.0,8537.267351969673,499.5648302693793,0.85,0.0,0.0,0.0
65,capped,node-015,0.0,96.29054392238841,167.55129085337748,0.0,96290.5439223884,167551.2908533775,0.0,0.0,8537.267351969673,499.5648302693793,0.85,-48.145271961194204,0.0,0.0
65,capped,node-016,0.0,0.0,23.765403029262714,0.0,0.0,23765.403029262714,0.0,0.0,8537.267351969673,499.5648302693793,0.85,-84.4556866323171,0.0,0.0
65,capped,node-017,0.0,0.0,0.0,0.0,0.0,0.0,0.0,0.0,8537.267351969673,499.5648302693793,0.85,-111.758116823374,0.0,0.0
65,capped,node-018,0.0,0.0,0.0,0.0,0.0,0.0,0.0,0.0,8537.267351969673,499.5648302693793,0.85,0.0,0.0,0.0
65,capped,node-019,0.0,0.0,0.0,0.0,0.0,0.0,0.0,0.0,8537.267351969673,499.5648302693793,0.85,0.0,0.0,0.0
65,capped,node-020,0.0,0.0,0.0,0.0,0.0,0.0,0.0,0.0,8537.267351969673,499.5648302693793,0.85,0.0,0.0,0.0
65,capped,node-021,0.0,0.0,0.0,0.0,0.0,0.0,0.0,0.0,8537.267351969673,499.5648302693793,0.85,0.0,0.0,0.0
65,capped,node-022,0.0,58.24116650168878,114.22647885668847,0.0,58241.16650168878,114226.47885668847,0.0,0.0,8537.267351969673,499.5648302693793,0.85,-62.065349310542075,0.0,0.0
65,capped,node-023,0.0,0.0,118.31254275768802,0.0,0.0,0.25,157.75005701025069,473.2501710307521,8537.267351969673,499.5648302693793,0.85,-236.62508551537604,-47.32501710307521,-157.75005701025069
65,capped,node-024,0.0,0.0,0.0,0.0,0.0,0.0,0.0,0.0,8537.267351969673,499.5648302693793,0.85,0.0,0.0,0.0
65,capped,node-025,0.0,0.0,0.0,0.0,0.0,0.0,0.0,0.0,8537.267351969673,499.5648302693793,0.85,0.0,0.0,0.0
65,capped,node-026,0.0,0.0,0.0,0.0,0.0,0.0,0.0,0.0,8537.267351969673,499.5648302693793,0.85,-103.1748994992264,0.0,0.0
65,capped,node-027,0.0,0.0,0.0,0.0,0.0,0.0,0.0,0.0,8537.267351969673,499.5648302693793,0.85,-99.07110461492083,0.0,0.0
65,capped,node-028,0.0,0.0,0.0,0.0,0.0,0.0,0.0,0.0,8537.267351969673,499.5648302693793,0.85,0.0,0.0,0.0
65,capped,node-029,26.314659238627137,34.556451369577026,164.54046471693525,1.0,1.3132015526483356,6.252806210593343,8.771553079542377,26.314659238627137,8537.267351969673,499.5648302693793,0.85,-30.43555530410208,-2.631465923862711,61.8220611931254
65,proper_scoring,node-000,0.0,72.91156790525844,287.91574998275615,0.0,72911.56790525843,287915.74998275616,0.0,0.0,8537.267351969673,1311.4043172791914,0.85,-437.7489974780528,0.0,171.4885327041579
65,proper_scoring,node-001,171.4885327041579,289.74002641150906,364.3538873649459,171488.5327041579,289740.0264115091,364353.88736494584,0.0,0.0,8537.267351969673,1311.4043172791914,0.85,-262.13316679537957,0.0,0.0
65,proper_scoring,node-002,0.0,0.0,0.0,0.0,0.0,0.0,0.0,0.0,8537.267351969673,1311.4043172791914,0.85,0.0,0.0,0.0
65,proper_scoring,node-003,0.0,0.0,217.9156955302086,0.0,0.0,217915.6955302086,0.0,0.0,8537.267351969673,1311.4043172791914,0.85,-292.36111591673335,0.0,0.0
65,proper_scoring,node-004,0.0,0.0,7.60280438034971,0.0,0.0,7602.804380349709,0.0,0.0,8537.267351969673,1311.4043172791914,0.85,-92.39719561965028,0.0,0.0
65,proper_scoring,node-005,0.0,0.0,8.42220177630145,0.0,0.0,8422.201776301448,0.0,0.0,8537.267351969673,1311.4043172791914,0.85,-91.57779822369855,0.0,0.0
65,proper_scoring,node-006,0.0,0.0,8.476620106742132,0.0,0.0,8476.620106742132,0.0,0.0,8537.267351969673,1311.4043172791914,0.85,-91.52337989325787,0.0,0.0
65,proper_scoring,node-007,0.0,0.0,405.04733853762025,0.0,0.0,405047.33853762026,0.0,0.0,8537.267351969673,1311.4043172791914,0.85,-367.31823251828666,0.0,0.0
65,proper_scoring,node-008,0.0,0.0,12.64800992275535,0.0,0.0,12648.00992275535,0.0,0.0,8537.267351969673,1311.4043172791914,0.85,-287.35199007724464,0.0,0.0
65,proper_scoring,node-009,0.0,243.68625023083797,397.21910142061466,0.0,243686.25023083796,397219.10142061464,0.0,0.0,8537.267351969673,1311.4043172791914,0.85,-405.07026274087843,0.0,0.0
65,proper_scoring,node-010,0.0,319.7088070485696,474.1537587978618,0.0,319708.8070485696,474153.7587978618,0.0,0.0,8537.267351969673,1311.4043172791914,0.85,-365.3078208913638,0.0,0.0
65,proper_scoring,node-011,0.0,0.0,95.76848100147689,0.0,0.0,95768.48100147689,0.0,0.0,8537.267351969673,1311.4043172791914,0.85,-304.23151899852314,0.0,0.0
65,proper_scoring,node-012,115.20544415295423,0.0,189.3024606906643,115205.44415295422,0.0,189302.4606906643,0.0,0.0,8537.267351969673,1311.4043172791914,0.85,-386.4376521067246,0.0,0.0
65,proper_scoring,node-013,0.0,531.7547855683974,531.7547855683974,0.0,531754.7855683974,531754.7855683974,0.0,0.0,8537.267351969673,1311.4043172791914,0.85,-207.17494561070802,0.0,0.0
65,proper_scoring,node-014,0.0,0.0,0.0,0.0,0.0,0.0,0.0,0.0,8537.267351969673,1311.4043172791914,0.85,0.0,0.0,0.0
65,proper_scoring,node-015,0.0,362.20482410143165,367.5512908533775,0.0,362204.82410143164,367551.2908533775,0.0,0.0,8537.267351969673,1311.4043172791914,0.85,-192.58108784477682,0.0,0.0
65,proper_scoring,node-016,0.0,0.0,123.76540302926273,0.0,0.0,123765.40302926273,0.0,0.0,8537.267351969673,1311.4043172791914,0.85,-284.4556866323171,0.0,0.0
65,proper_scoring,node-017,0.0,0.0,0.0,0.0,0.0,0.0,0.0,0.0,8537.267351969673,1311.4043172791914,0.85,-311.758116823374,0.0,0.0
65,proper_scoring,node-018,0.0,0.0,0.0,0.0,0.0,0.0,0.0,0.0,8537.267351969673,1311.4043172791914,0.85,0.0,0.0,0.0
65,proper_scoring,node-019,0.0,0.0,0.0,0.0,0.0,0.0,0.0,0.0,8537.267351969673,1311.4043172791914,0.85,0.0,0.0,0.0
65,proper_scoring,node-020,0.0,0.0,0.0,0.0,0.0,0.0,0.0,0.0,8537.267351969673,1311.4043172791914,0.85,0.0,0.0,0.0
65,proper_scoring,node-021,0.0,0.0,0.0,0.0,0.0,0.0,0.0,0.0,8537.267351969673,1311.4043172791914,0.85,0.0,0.0,0.0
65,proper_scoring,node-022,0.0,162.94799557201623,228.55283597103576,0.0,162947.99557201623,228552.83597103576,0.0,0.0,8537.267351969673,1311.4043172791914,0.85,-248.2613972421683,0.0,0.0
65,proper_scoring,node-023,0.0,0.45737920419242073,118.7699219618803,0.0,0.00047017125130381047,0.12209169615542952,657.2926778060584,972.7927918265596,8537.267351969673,1311.4043172791914,0.85,-967.0061687402105,-47.32501710307531,-657.2926778060584
65,proper_scoring,node-024,0.0,0.0,0.0,0.0,0.0,0.0,0.0,0.0,8537.267351969673,1311.4043172791914,0.85,0.0,0.0,0.0
65,proper_scoring,node-025,0.0,0.0,0.0,0.0,0.0,0.0,0.0,0.0,8537.267351969673,1311.4043172791914,0.85,0.0,0.0,0.0
65,proper_scoring,node-026,0.0,0.0,170.11785761074196,0.0,0.0,170117.85761074195,0.0,0.0,8537.267351969673,1311.4043172791914,0.85,-372.7549740572257,0.0,0.0
65,proper_scoring,node-027,0.0,0.0,100.92889538507917,0.0,0.0,100928.89538507917,0.0,0.0,8537.267351969673,1311.4043172791914,0.85,-299.07110461492084,0.0,0.0
65,proper_scoring,node-028,0.0,0.0,0.0,0.0,0.0,0.0,0.0,0.0,8537.267351969673,1311.4043172791914,0.85,0.0,0.0,0.0
65,proper_scoring,node-029,18.479778619688943,564.3514448296621,686.5005775580823,0.05457516130021411,1.666663425219437,2.027398732634446,321.06841929354727,338.61152545263195,8537.267351969673,1311.4043172791914,0.85,-407.72442819178605,-1.8479778619689569,-93.4503257278387
65,audits,node-000,0.0,72.91156790525844,287.91574998275615,0.0,72911.56790525843,287915.74998275616,0.0,0.0,8537.267351969673,1280.3772766951683,0.85,-1112.084250017244,0.0,166.9640290171264
65,audits,node-001,166.9640290171264,289.74002641150906,332.7666458494224,166964.0290171264,289740.0264115091,332766.6458494224,0.0,0.0,8537.267351969673,1280.3772766951683,0.85,-1065.533291698845,0.0,0.0
65,audits,node-002,0.0,0.0,0.0,0.0,0.0,0.0,0.0,0.0,8537.267351969673,1280.3772766951683,0.85,0.0,0.0,0.0
65,audits,node-003,0.0,0.0,217.9156955302086,0.0,0.0,217915.6955302086,0.0,0.0,8537.267351969673,1280.3772766951683,0.85,-328.2898919650805,0.0,0.0
65,audits,node-004,0.0,0.0,7.60280438034971,0.0,0.0,7602.804380349709,0.0,0.0,8537.267351969673,1280.3772766951683,0.85,-92.39719561965028,0.0,0.0
65,audits,node-005,0.0,0.0,8.42220177630145,0.0,0.0,8422.201776301448,0.0,0.0,8537.267351969673,1280.3772766951683,0.85,-91.57779822369855,0.0,0.0
65,audits,node-006,0.0,0.0,8.476620106742132,0.0,0.0,8476.620106742132,0.0,0.0,8537.267351969673,1280.3772766951683,0.85,-91.52337989325787,0.0,0.0
65,audits,node-007,0.0,0.0,405.04733853762025,0.0,0.0,405047.33853762026,0.0,0.0,8537.267351969673,1280.3772766951683,0.85,-1040.5407853195516,0.0,0.0
65,audits,node-008,0.0,0.0,12.64800992275535,0.0,0.0,12648.00992275535,0.0,0.0,8537.267351969673,1280.3772766951683,0.85,-287.35199007724464,0.0,0.0
65,audits,node-009,0.0,243.68625023083797,397.21910142061466,0.0,243686.25023083796,397219.10142061464,0.0,0.0,8537.267351969673,1280.3772766951683,0.85,-1102.7808985793852,0.0,0.0
65,audits,node-010,0.0,319.7088070485696,447.2319831916786,0.0,319708.8070485696,447231.9831916786,0.0,0.0,8537.267351969673,1280.3772766951683,0.85,-1094.463966383357,0.0,0.0
65,audits,node-011,0.0,0.0,95.76848100147689,0.0,0.0,95768.48100147689,0.0,0.0,8537.267351969673,1280.3772766951683,0.85,-304.23151899852314,0.0,0.0
65,audits,node-012,115.20544415295423,0.0,189.3024606906643,115205.44415295422,0.0,189302.4606906643,0.0,0.0,8537.267351969673,1280.3772766951683,0.85,-410.69753930933575,0.0,0.0
65,audits,node-013,0.0,3.587472805353954,493.79492421085735,0.0,3587.4728053539543,493794.9242108573,0.0,0.0,8537.267351969673,1280.3772766951683,0.85,-1051.793736402677,0.0,0.0
65,audits,node-014,0.0,0.0,0.0,0.0,0.0,0.0,0.0,0.0,8537.267351969673,1280.3772766951683,0.85,0.0,0.0,0.0
65,audits,node-015,0.0,296.2905439223884,367.5512908533775,0.0,296290.5439223884,367551.2908533775,0.0,0.0,8537.267351969673,1280.3772766951683,0.85,-1048.1452719611943,0.0,0.0
65,audits,node-016,0.0,0.0,123.76540302926273,0.0,0.0,123765.40302926273,0.0,0.0,8537.267351969673,1280.3772766951683,0.85,-284.4556866323171,0.0,0.0
65,audits,node-017,0.0,0.0,0.0,0.0,0.0,0.0,0.0,0.0,8537.267351969673,1280.3772766951683,0.85,-311.758116823374,0.0,0.0
65,audits,node-018,0.0,0.0,0.0,0.0,0.0,0.0,0.0,0.0,8537.267351969673,1280.3772766951683,0.85,0.0,0.0,0.0
65,audits,node-019,0.0,0.0,0.0,0.0,0.0,0.0,0.0,0.0,8537.267351969673,1280.3772766951683,0.85,0.0,0.0,0.0
65,audits,node-020,0.0,0.0,0.0,0.0,0.0,0.0,0.0,0.0,8537.267351969673,1280.3772766951683,0.85,0.0,0.0,0.0
65,audits,node-021,0.0,0.0,0.0,0.0,0.0,0.0,0.0,0.0,8537.267351969673,1280.3772766951683,0.85,0.0,0.0,0.0
65,audits,node-022,0.0,162.94799557201623,206.62887044828278,0.0,162947.99557201623,206628.87044828277,0.0,0.0,8537.267351969673,1280.3772766951683,0.85,-1013.1578428444261,0.0,0.0
65,audits,node-023,0.0,0.45737920419242073,118.7699219618803,0.0,0.00047017125130381047,0.12209169615542952,657.2926778060584,972.7927918265596,8537.267351969673,1280.3772766951683,0.85,-1736.1677063111833,-47.32501710307531,-657.2926778060584
65,audits,node-024,0.0,0.0,0.0,0.0,0.0,0.0,0.0,0.0,8537.267351969673,1280.3772766951683,0.85,0.0,0.0,0.0
65,audits,node-025,0.0,0.0,0.0,0.0,0.0,0.0,0.0,0.0,8537.267351969673,1280.3772766951683,0.85,0.0,0.0,0.0
65,audits,node-026,0.0,0.0,147.16902132615346,0.0,0.0,147169.02132615345,0.0,0.0,8537.267351969673,1280.3772766951683,0.85,-1051.6249180636314,0.0,0.0
65,audits,node-027,0.0,0.0,100.92889538507917,0.0,0.0,100928.89538507917,0.0,0.0,8537.267351969673,1280.3772766951683,0.85,-299.07110461492084,0.0,0.0
65,audits,node-028,0.0,0.0,0.0,0.0,0.0,0.0,0.0,0.0,8537.267351969673,1280.3772766951683,0.85,0.0,0.0,0.0
65,audits,node-029,26.314659238627144,457.1391965748177,587.123209922176,0.08555262223277615,1.4862231974089797,1.9088193286894104,290.041378709524,307.5844848686088,8537.267351969673,1280.3772766951683,0.85,-2285.5331773194575,-2.63146592386272,-62.423285143815434
61,greedy,node-000,0.0,0.0,0.0,0.0,0.0,0.0,0.0,0.0,6414.210423574644,214.59919624453968,0.75,0.0,0.0,0.0
61,greedy,node-001,0.0,0.0,0.0,0.0,0.0,0.0,0.0,0.0,6414.210423574644,214.59919624453968,0.75,0.0,0.0,0.0
61,greedy,node-002,0.0,0.0,0.0,0.0,0.0,0.0,0.0,0.0,6414.210423574644,214.59919624453968,0.75,0.0,0.0,0.0
61,greedy,node-003,0.0,0.0,0.0,0.0,0.0,0.0,0.0,0.0,6414.210423574644,214.59919624453968,0.75,0.0,0.0,0.0
61,greedy,node-004,0.0,0.0,0.0,0.0,0.0,0.0,26.812972768111273,80.4389183043338,6414.210423574644,214.59919624453968,0.75,-64.50964034714256,14.640516124200403,-26.812972768111273
61,greedy,node-005,0.0,0.0,0.0,0.0,0.0,0.0,0.0,0.0,6414.210423574644,214.59919624453968,0.75,0.0,0.0,0.0
61,greedy,node-006,0.0,0.0,0.0,0.0,0.0,0.0,0.0,0.0,6414.210423574644,214.59919624453968,0.75,0.0,0.0,0.0
61,greedy,node-007,0.0,0.0,0.0,0.0,0.0,0.0,0.0,0.0,6414.210423574644,214.59919624453968,0.75,0.0,0.0,0.0
61,greedy,node-008,0.0,0.0,0.0,0.0,0.0,0.0,0.0,0.0,6414.210423574644,214.59919624453968,0.75,0.0,0.0,0.0
61,greedy,node-009,0.0,0.0,0.0,0.0,0.0,0.0,0.0,0.0,6414.210423574644,214.59919624453968,0.75,0.0,0.0,0.0
61,greedy,node-010,0.0,0.0,0.0,0.0,0.0,0.0,0.0,0.0,6414.210423574644,214.59919624453968,0.75,-42.98790345139684,0.0,0.0
61,greedy,node-011,0.0,0.0,0.0,0.0,0.0,0.0,0.0,0.0,6414.210423574644,214.59919624453968,0.75,0.0,0.0,0.0
61,greedy,node-012,0.0,0.0,0.0,0.0,0.0,0.0,0.0,0.0,6414.210423574644,214.59919624453968,0.75,0.0,0.0,0.0
61,greedy,node-013,0.0,0.0,0.0,0.0,0.0,0.0,0.0,0.0,6414.210423574644,214.59919624453968,0.75,0.0,0.0,0.0
61,greedy,node-014,0.0,0.0,0.0,0.0,0.0,0.0,0.0,0.0,6414.210423574644,214.59919624453968,0.75,0.0,0.0,0.0
61,greedy,node-015,0.0,0.0,0.0,0.0,0.0,0.0,0.0,0.0,6414.210423574644,214.59919624453968,0.75,0.0,0.0,0.0
61,greedy,node-016,9.746960415197723,0.0,9.746960415197723,9746.960415197722,0.0,9746.960415197722,0.0,0.0,6414.210423574644,214.59919624453968,0.75,-37.31795574929963,15.60919715390041,0.0
61,greedy,node-017,0.0,0.0,0.0,0.0,0.0,0.0,15.634467119439563,46.903401358318696,6414.210423574644,214.59919624453968,0.75,-62.77018066229574,-4.690340135831869,-15.634467119439563
61,greedy,node-018,0.0,0.0,0.0,0.0,0.0,0.0,0.0,0.0,6414.210423574644,214.59919624453968,0.75,0.0,0.0,0.0
61,greedy,node-019,0.0,0.0,0.0,0.0,0.0,0.0,0.0,0.0,6414.210423574644,214.59919624453968,0.75,0.0,0.0,0.0
61,greedy,node-020,13.094124483558506,0.0,13.094124483558506,13094.124483558506,0.0,13094.124483558506,0.0,0.0,6414.210423574644,214.59919624453968,0.75,-47.15015439733176,0.0,0.0
61,greedy,node-021,0.0,0.0,0.0,0.0,0.0,0.0,0.0,0.0,6414.210423574644,214.59919624453968,0.75,0.0,0.0,0.0
61,greedy,node-022,0.0,0.0,0.0,0.0,0.0,0.0,29.085625527295726,87.25687658188718,6414.210423574644,214.59919624453968,0.75,-69.33618196421037,-4.2772163477539635,-29.085625527295726
61,greedy,node-023,0.0,0.0,0.0,0.0,0.0,0.0,0.0,0.0,6414.210423574644,214.59919624453968,0.75,0.0,0.0,0.0
61,greedy,node-024,0.0,0.0,0.0,0.0,0.0,0.0,0.0,0.0,6414.210423574644,214.59919624453968,0.75,0.0,0.0,0.0
61,greedy,node-025,0.0,0.0,0.0,0.0,0.0,0.0,0.0,0.0,6414.210423574644,214.59919624453968,0.75,0.0,0.0,0.0
61,greedy,node-026,0.0,0.0,0.0,0.0,0.0,0.0,0.0,0.0,6414.210423574644,214.59919624453968,0.75,0.0,0.0,0.0
61,greedy,node-027,0.0,0.0,0.0,0.0,0.0,0.0,0.0,0.0,6414.210423574644,214.59919624453968,0.75,0.0,0.0,0.0
61,greedy,node-028,0.0,0.0,0.0,0.0,0.0,0.0,0.0,0.0,6414.210423574644,214.59919624453968,0.75,0.0,0.0,0.0
61,greedy,node-029,0.0,0.0,0.0,0.0,0.0,0.0,0.0,0.0,6414.210423574644,214.59919624453968,0.75,0.0,0.0,0.0
61,trust_vcg,node-000,0.0,0.0,0.0,0.0,0.0,0.0,0.0,0.0,7429.589951592568,-2097.051594109935,0.7,0.0,0.0,0.0
61,trust_vcg,node-001,0.0,0.0,0.0,0.0,0.0,0.0,0.0,0.0,7429.589951592568,-2097.051594109935,0.7,0.0,0.0,0.0
61,trust_vcg,node-002,355.2382523891229,0.0,355.27180484707554,355238.2523891229,0.0,355271.80484707555,0.0,0.0,7429.589951592568,-2097.051594109935,0.7,-5644.728195152925,0.0,0.0
61,trust_vcg,node-003,0.0,0.0,0.0,0.0,0.0,0.0,0.0,0.0,7429.589951592568,-2097.051594109935,0.7,0.0,0.0,0.0
61,trust_vcg,node-004,464.12528217774997,1075.3933351580627,1075.3933351580627,464125.28217774996,1075393.3351580626,1075393.3351580626,0.0,0.0,7429.589951592568,-2097.051594109935,0.7,-11037.696667579028,0.0,0.0
61,trust_vcg,node-005,207.07336902719138,51.90091859903303,207.07336902719138,1.0619635635685643,0.26617080084631034,1.0619635635685643,-31.761464039096467,194.99102994772568,7429.589951592568,-2097.051594109935,0.7,-5528.308263240871,20.644167072184814,31.761464039096467
61,trust_vcg,node-006,0.0,0.0,175.2853284913357,0.0,0.0,175285.32849133568,0.0,0.0,7429.589951592568,-2097.051594109935,0.7,-5607.734405910171,0.0,0.0
61,trust_vcg,node-007,0.0,56.709445162414234,56.709445162414234,0.0,56709.44516241423,56709.44516241423,0.0,0.0,7429.589951592568,-2097.051594109935,0.7,-11015.442165725854,0.0,0.0
61,trust_vcg,node-008,262.88821542237366,283.10534968834156,485.6707941755643,262888.2154223737,283105.34968834155,485670.7941755643,0.0,0.0,7429.589951592568,-2097.051594109935,0.7,-5576.575036280453,0.0,0.0
61,trust_vcg,node-009,0.0,0.0,0.0,0.0,0.0,0.0,0.0,0.0,7429.589951592568,-2097.051594109935,0.7,0.0,0.0,0.0
61,trust_vcg,node-010,0.0,712.2313894188807,712.2313894188807,0.0,712231.3894188807,712231.3894188807,0.0,0.0,7429.589951592568,-2097.051594109935,0.7,-11065.325587021738,0.0,0.0
61,trust_vcg,node-011,0.0,0.0,78.65494202830736,0.0,0.0,78654.94202830736,0.0,0.0,7429.589951592568,-2097.051594109935,0.7,-1721.3450579716928,0.0,0.0
61,trust_vcg,node-012,0.0,0.0,0.0,0.0,0.0,0.0,0.0,0.0,7429.589951592568,-2097.051594109935,0.7,0.0,0.0,0.0
61,trust_vcg,node-013,0.0,0.0,213.74241514747413,0.0,0.0,213742.41514747412,0.0,0.0,7429.589951592568,-2097.051594109935,0.7,-3386.2575848525257,0.0,0.0
61,trust_vcg,node-014,0.0,0.0,0.0,0.0,0.0,0.0,0.0,0.0,7429.589951592568,-2097.051594109935,0.7,0.0,0.0,0.0
61,trust_vcg,node-015,0.0,0.0,0.0,0.0,0.0,0.0,0.0,0.0,7429.589951592568,-2097.051594109935,0.7,0.0,0.0,0.0
61,trust_vcg,node-016,413.43777809013534,574.6359114985993,630.6128451225486,413437.7780901353,574635.9114985992,630612.8451225486,0.0,0.0,7429.589951592568,-2097.051594109935,0.7,-5537.3179557492995,0.0,0.0
61,trust_vcg,node-017,2381.05709719926,2329.4004080256395,2381.05709719926,2381057.0971992603,2329400.4080256396,2381057.0971992603,-2329.4004080256395,-2292.042624057661,7429.589951592568,-2097.051594109935,0.7,-8717.735305517215,-5.603667595196839,2329.4004080256395
61,trust_vcg,node-018,0.0,0.0,39.564839441972765,0.0,0.0,39564.83944197276,0.0,0.0,7429.589951592568,-2097.051594109935,0.7,-1160.4351605580273,0.0,0.0
61,trust_vcg,node-019,0.0,0.0,0.0,0.0,0.0,0.0,0.0,0.0,7429.589951592568,-2097.051594109935,0.7,0.0,0.0,0.0
61,trust_vcg,node-020,0.0,0.0,681.5058937539027,0.0,0.0,681505.8937539026,0.0,0.0,7429.589951592568,-2097.051594109935,0.7,-11047.15015439733,0.0,0.0
61,trust_vcg,node-021,0.0,0.0,0.0,0.0,0.0,0.0,0.0,0.0,7429.589951592568,-2097.051594109935,0.7,0.0,0.0,0.0
61,trust_vcg,node-022,0.0,0.0,0.0,0.0,0.0,0.0,0.0,0.0,7429.589951592568,-2097.051594109935,0.7,-5475.941492957199,0.0,0.0
61,trust_vcg,node-023,88.71177992780353,0.0,133.62619045786846,88711.77992780354,0.0,133626.19045786845,0.0,0.0,7429.589951592568,-2097.051594109935,0.7,-5594.014446948469,0.0,0.0
61,trust_vcg,node-024,0.0,0.0,82.99334022952246,0.0,0.0,82993.34022952245,0.0,0.0,7429.589951592568,-2097.051594109935,0.7,-1717.0066597704777,0.0,0.0
61,trust_vcg,node-025,126.32886552234305,0.0,166.74852409401416,126328.86552234305,0.0,166748.52409401417,0.0,0.0,7429.589951592568,-2097.051594109935,0.7,-2233.251475905986,0.0,0.0
61,trust_vcg,node-026,0.0,0.0,0.0,0.0,0.0,0.0,0.0,0.0,7429.589951592568,-2097.051594109935,0.7,-8868.033665658235,0.0,0.0
61,trust_vcg,node-027,0.0,0.0,0.0,0.0,0.0,0.0,0.0,0.0,7429.589951592568,-2097.051594109935,0.7,-1674.9874440410745,0.0,0.0
61,trust_vcg,node-028,0.0,0.0,174.7984099932335,0.0,0.0,174798.40999323348,0.0,0.0,7429.589951592568,-2097.051594109935,0.7,-3942.2309217658108,0.0,0.0
61,trust_vcg,node-029,0.0,0.0,0.0,0.0,0.0,0.0,0.0,0.0,7429.589951592568,-2097.051594109935,0.7,-8875.11340018734,0.0,0.0
61,contingent,node-000,0.0,0.0,0.0,0.0,0.0,0.0,0.0,0.0,7429.589951592568,331.4583751095339,0.7,0.0,0.0,0.0
61,contingent,node-001,0.0,0.0,0.0,0.0,0.0,0.0,0.0,0.0,7429.589951592568,331.4583751095339,0.7,0.0,0.0,0.0
61,contingent,node-002,0.0,0.0,0.0,0.0,0.0,0.0,0.0,0.0,7429.589951592568,331.4583751095339,0.7,-578.9127806116977,0.0,0.0
61,contingent,node-003,0.0,0.0,0.0,0.0,0.0,0.0,0.0,0.0,7429.589951592568,331.4583751095339,0.7,0.0,0.0,0.0
61,contingent,node-004,2.7101142475919584,75.3933351580626,229.23185409582558,2710.1142475919582,75393.33515806259,229231.85409582558,0.0,0.0,7429.589951592568,331.4583751095339,0.7,-150.7866703161252,0.0,0.0
61,contingent,node-005,0.0,6.76320756652548,75.73764047392653,0.0,0.022324459556057157,0.25000000000000006,76.19806790888389,302.9505618957061,7429.589951592568,331.4583751095339,0.7,-316.476977028757,-25.560810893002753,-76.19806790888389
61,contingent,node-006,0.0,0.0,25.28532849133569,0.0,0.0,25285.32849133569,0.0,0.0,7429.589951592568,331.4583751095339,0.7,-430.9376236406862,0.0,0.0
61,contingent,node-007,0.0,6.761563031978222,6.761563031978222,0.0,6761.563031978221,6761.563031978221,0.0,0.0,7429.589951592568,331.4583751095339,0.7,-422.86864909030317,0.0,0.0
61,contingent,node-008,0.0,83.10534968834152,83.10534968834152,0.0,83105.34968834152,83105.34968834152,0.0,0.0,7429.589951592568,331.4583751095339,0.7,-306.3001451218148,0.0,0.0
61,contingent,node-009,0.0,0.0,0.0,0.0,0.0,0.0,0.0,0.0,7429.589951592568,331.4583751095339,0.7,0.0,0.0,0.0
61,contingent,node-010,0.0,112.2313894188806,187.45517124855226,0.0,112231.3894188806,187455.17124855224,0.0,0.0,7429.589951592568,331.4583751095339,0.7,-261.3023480869429,0.0,0.0
61,contingent,node-011,0.0,0.0,0.0,0.0,0.0,0.0,0.0,0.0,7429.589951592568,331.4583751095339,0.7,-285.3802318867705,0.0,0.0
61,contingent,node-012,0.0,0.0,0.0,0.0,0.0,0.0,0.0,0.0,7429.589951592568,331.4583751095339,0.7,0.0,0.0,0.0
61,contingent,node-013,0.0,0.0,17.810694477348378,0.0,0.0,17810.694477348377,0.0,0.0,7429.589951592568,331.4583751095339,0.7,-345.0303394101034,0.0,0.0
61,contingent,node-014,0.0,0.0,0.0,0.0,0.0,0.0,0.0,0.0,7429.589951592568,331.4583751095339,0.7,0.0,0.0,0.0
61,contingent,node-015,0.0,0.0,0.0,0.0,0.0,0.0,0.0,0.0,7429.589951592568,331.4583751095339,0.7,0.0,0.0,0.0
61,contingent,node-016,8.912017459452084,74.63591149859924,172.99826073207507,8912.017459452083,74635.91149859923,172998.26073207505,0.0,0.0,7429.589951592568,331.4583751095339,0.7,-149.27182299719848,0.0,0.0
61,contingent,node-017,11.874885705866694,12.856956570976969,106.22396657514373,0.41654846047983485,0.45099764315632007,3.726135209964797,-8.849970754150707,28.507813213827873,7429.589951592568,331.4583751095339,0.7,-179.69288341727398,-2.8507813213827866,8.849970754150707
61,contingent,node-018,0.0,0.0,0.0,0.0,0.0,0.0,0.0,0.0,7429.589951592568,331.4583751095339,0.7,-241.7406422321089,0.0,0.0
61,contingent,node-019,0.0,0.0,0.0,0.0,0.0,0.0,0.0,0.0,7429.589951592568,331.4583751095339,0.7,0.0,0.0,0.0
61,contingent,node-020,0.0,77.29236853365411,231.5058937539026,0.0,77292.36853365411,231505.89375390258,0.0,0.0,7429.589951592568,331.4583751095339,0.7,-188.6006175893271,0.0,0.0
61,contingent,node-021,0.0,0.0,0.0,0.0,0.0,0.0,0.0,0.0,7429.589951592568,331.4583751095339,0.7,0.0,0.0,0.0
61,contingent,node-022,0.0,0.0,53.502145839703516,0.0,0.0,53502.14583970352,0.0,0.0,7429.589951592568,331.4583751095339,0.7,-123.67107519708408,0.0,0.0
61,contingent,node-023,0.0,0.0,15.160042350869823,0.0,0.0,15160.042350869822,0.0,0.0,7429.589951592568,331.4583751095339,0.7,-376.05778779387083,0.0,0.0
61,contingent,node-024,0.0,0.0,0.0,0.0,0.0,0.0,0.0,0.0,7429.589951592568,331.4583751095339,0.7,-268.02663908191016,0.0,0.0
61,contingent,node-025,0.0,0.0,0.0,0.0,0.0,0.0,0.0,0.0,7429.589951592568,331.4583751095339,0.7,-133.00590362394342,0.0,0.0
61,contingent,node-026,0.0,0.0,0.0,0.0,0.0,0.0,0.0,0.0,7429.589951592568,331.4583751095339,0.7,-272.13466263293657,0.0,0.0
61,contingent,node-027,0.0,0.0,0.0,0.0,0.0,0.0,0.0,0.0,7429.589951592568,331.4583751095339,0.7,-99.94977616429748,0.0,0.0
61,contingent,node-028,0.0,0.0,24.7984099932335,0.0,0.0,24798.409993233498,0.0,0.0,7429.589951592568,331.4583751095339,0.7,-368.92368706324277,0.0,0.0
61,contingent,node-029,0.0,60.751620528281684,60.751620528281684,0.0,60751.62052828168,60751.62052828168,0.0,0.0,7429.589951592568,331.4583751095339,0.7,-300.4536007493543,0.0,0.0
61,capped,node-000,0.0,0.0,0.0,0.0,0.0,0.0,0.0,0.0,7429.589951592568,396.165416932201,0.7,0.0,0.0,0.0
61,capped,node-001,0.0,0.0,0.0,0.0,0.0,0.0,0.0,0.0,7429.589951592568,396.165416932201,0.7,0.0,0.0,0.0
61,capped,node-002,0.0,0.0,0.0,0.0,0.0,0.0,0.0,0.0,7429.589951592568,396.165416932201,0.7,-144.72819515292443,0.0,0.0
61,capped,node-003,0.0,0.0,0.0,0.0,0.0,0.0,0.0,0.0,7429.589951592568,396.165416932201,0.7,0.0,0.0,0.0
61,capped,node-004,2.7101142475919584,75.3933351580626,229.23185409582558,2710.1142475919582,75393.33515806259,229231.85409582558,0.0,0.0,7429.589951592568,396.165416932201,0.7,-37.69666757903129,0.0,0.0
61,capped,node-005,0.0,6.76320756652548,85.03218524505832,0.0,0.019884257787313914,0.25,113.37624699341109,340.12874098023326,7429.589951592568,396.165416932201,0.7,-173.44597427337936,-29.27862880145547,-113.37624699341109
61,capped,node-006,0.0,0.0,25.28532849133569,0.0,0.0,25285.32849133569,0.0,0.0,7429.589951592568,396.165416932201,0.7,-107.73440591017155,0.0,0.0
61,capped,node-007,0.0,6.761563031978222,16.11704386153358,0.0,6761.563031978221,16117.04386153358,0.0,0.0,7429.589951592568,396.165416932201,0.7,-105.71716227257579,0.0,0.0
61,capped,node-008,0.0,83.10534968834152,83.10534968834152,0.0,83105.34968834152,83105.34968834152,0.0,0.0,7429.589951592568,396.165416932201,0.7,-76.5750362804537,0.0,0.0
61,capped,node-009,0.0,0.0,0.0,0.0,0.0,0.0,0.0,0.0,7429.589951592568,396.165416932201,0.7,0.0,0.0,0.0
61,capped,node-010,0.0,112.2313894188806,187.45517124855226,0.0,112231.3894188806,187455.17124855224,0.0,0.0,7429.589951592568,396.165416932201,0.7,-65.32558702173571,0.0,0.0
61,capped,node-011,0.0,0.0,0.0,0.0,0.0,0.0,0.0,0.0,7429.589951592568,396.165416932201,0.7,-71.34505797169263,0.0,0.0
61,capped,node-012,0.0,0.0,0.0,0.0,0.0,0.0,0.0,0.0,7429.589951592568,396.165416932201,0.7,0.0,0.0,0.0
61,capped,node-013,0.0,0.0,17.810694477348378,0.0,0.0,17810.694477348377,0.0,0.0,7429.589951592568,396.165416932201,0.7,-86.25758485252584,0.0,0.0
61,capped,node-014,0.0,0.0,0.0,0.0,0.0,0.0,0.0,0.0,7429.589951592568,396.165416932201,0.7,0.0,0.0,0.0
61,capped,node-015,0.0,0.0,0.0,0.0,0.0,0.0,0.0,0.0,7429.589951592568,396.165416932201,0.7,0.0,0.0,0.0
61,capped,node-016,8.912017459452084,74.63591149859924,172.99826073207507,8912.017459452083,74635.91149859923,172998.26073207505,0.0,0.0,7429.589951592568,396.165416932201,0.7,-37.31795574929963,0.0,0.0
61,capped,node-017,0.0,75.59253510172307,213.5476364351128,0.0,1.3489832117543448,3.810854816194955,18.67889198398929,56.03667595196787,7429.589951592568,396.165416932201,0.7,-65.81460552684547,-5.603667595196786,-18.67889198398929
61,capped,node-018,0.0,0.0,0.0,0.0,0.0,0.0,0.0,0.0,7429.589951592568,396.165416932201,0.7,-60.435160558027235,0.0,0.0
61,capped,node-019,0.0,0.0,0.0,0.0,0.0,0.0,0.0,0.0,7429.589951592568,396.165416932201,0.7,0.0,0.0,0.0
61,capped,node-020,4.688901016487003,94.30030879466352,231.5058937539026,4688.901016487003,94300.30879466352,231505.89375390258,0.0,0.0,7429.589951592568,396.165416932201,0.7,-47.15015439733176,0.0,0.0
61,capped,node-021,0.0,0.0,0.0,0.0,0.0,0.0,0.0,0.0,7429.589951592568,396.165416932201,0.7,0.0,0.0,0.0
61,capped,node-022,0.0,61.83553759854205,154.58884399635508,0.0,61835.53759854205,154588.84399635508,0.0,0.0,7429.589951592568,396.165416932201,0.7,-30.91776879927102,0.0,0.0
61,capped,node-023,0.0,0.0,47.00722347423386,0.0,0.0,47007.22347423386,0.0,0.0,7429.589951592568,396.165416932201,0.7,-94.0144469484677,0.0,0.0
61,capped,node-024,0.0,0.0,0.0,0.0,0.0,0.0,0.0,0.0,7429.589951592568,396.165416932201,0.7,-67.00665977047754,0.0,0.0
61,capped,node-025,0.0,0.0,0.0,0.0,0.0,0.0,0.0,0.0,7429.589951592568,396.165416932201,0.7,-33.251475905985856,0.0,0.0
61,capped,node-026,0.0,0.0,0.0,0.0,0.0,0.0,0.0,0.0,7429.589951592568,396.165416932201,0.7,-68.03366565823413,0.0,0.0
61,capped,node-027,0.0,0.0,0.0,0.0,0.0,0.0,0.0,0.0,7429.589951592568,396.165416932201,0.7,-24.98744404107437,0.0,0.0
61,capped,node-028,0.0,0.0,24.7984099932335,0.0,0.0,24798.409993233498,0.0,0.0,7429.589951592568,396.165416932201,0.7,-92.2309217658107,0.0,0.0
61,capped,node-029,0.0,128.89941836854746,128.89941836854746,0.0,128899.41836854746,128899.41836854746,0.0,0.0,7429.589951592568,396.165416932201,0.7,-75.11340018733858,0.0,0.0
61,proper_scoring,node-000,0.0,0.0,0.0,0.0,0.0,0.0,0.0,0.0,7429.589951592568,1022.6313874300855,0.7,0.0,0.0,0.0
61,proper_scoring,node-001,0.0,0.0,0.0,0.0,0.0,0.0,0.0,0.0,7429.589951592568,1022.6313874300855,0.7,0.0,0.0,0.0
61,proper_scoring,node-002,355.2382523891229,0.0,355.27180484707554,355238.2523891229,0.0,355271.80484707555,0.0,0.0,7429.589951592568,1022.6313874300855,0.7,-495.635468021836,0.0,0.0
61,proper_scoring,node-003,0.0,0.0,0.0,0.0,0.0,0.0,0.0,0.0,7429.589951592568,1022.6313874300855,0.7,0.0,0.0,0.0
61,proper_scoring,node-004,464.12528217774997,1075.3933351580627,1075.3933351580627,464125.28217774996,1075393.3351580626,1075393.3351580626,0.0,0.0,7429.589951592568,1022.6313874300855,0.7,-150.7866703161252,0.0,0.0
61,proper_scoring,node-005,0.0,57.38084057740275,76.35527348480377,0.0,0.08170034212764682,0.10871663614867302,475.5804348980066,702.3329288848288,7429.589951592568,1022.6313874300855,0.7,-715.8593440178797,24.361984980637544,-475.5804348980066
61,proper_scoring,node-006,320.7075212930809,0.0,320.8319414396479,320707.5212930809,0.0,320831.94143964787,0.0,0.0,7429.589951592568,1022.6313874300855,0.7,-419.86719327754537,0.0,0.0
61,proper_scoring,node-007,0.0,56.709445162414234,575.3173363367338,0.0,56709.44516241423,575317.3363367338,0.0,0.0,7429.589951592568,1022.6313874300855,0.7,-400.5419336335211,0.0,0.0
61,proper_scoring,node-008,262.88821542237366,283.10534968834156,485.6707941755643,262888.2154223737,283105.34968834155,485670.7941755643,0.0,0.0,7429.589951592568,1022.6313874300855,0.7,-306.3001451218148,0.0,0.0
61,proper_scoring,node-009,0.0,0.0,0.0,0.0,0.0,0.0,0.0,0.0,7429.589951592568,1022.6313874300855,0.7,0.0,0.0,0.0
61,proper_scoring,node-010,414.6062846179637,712.2313894188807,921.943641454926,414606.2846179637,712231.3894188807,921943.641454926,0.0,0.0,7429.589951592568,1022.6313874300855,0.7,-261.3023480869429,0.0,0.0
61,proper_scoring,node-011,0.0,0.0,78.65494202830736,0.0,0.0,78654.94202830736,0.0,0.0,7429.589951592568,1022.6313874300855,0.7,-221.34505797169263,0.0,0.0
61,proper_scoring,node-012,0.0,0.0,0.0,0.0,0.0,0.0,0.0,0.0,7429.589951592568,1022.6313874300855,0.7,0.0,0.0,0.0
61,proper_scoring,node-013,0.0,0.0,213.74241514747413,0.0,0.0,213742.41514747412,0.0,0.0,7429.589951592568,1022.6313874300855,0.7,-337.33537754687393,0.0,0.0
61,proper_scoring,node-014,0.0,0.0,0.0,0.0,0.0,0.0,0.0,0.0,7429.589951592568,1022.6313874300855,0.7,0.0,0.0,0.0
61,proper_scoring,node-015,0.0,0.0,0.0,0.0,0.0,0.0,0.0,0.0,7429.589951592568,1022.6313874300855,0.7,0.0,0.0,0.0
61,proper_scoring,node-016,413.43777809013534,574.6359114985993,630.6128451225486,413437.7780901353,574635.9114985992,630612.8451225486,0.0,0.0,7429.589951592568,1022.6313874300855,0.7,-149.27182299719848,0.0,0.0
61,proper_scoring,node-017,17.80186393726649,271.06631123954804,319.2037712366105,0.05557898722997184,0.846292899662043,0.996582289800525,282.94067457727823,320.2984585452568,7429.589951592568,1022.6313874300855,0.7,-471.48352874870295,-2.850781321382783,-282.94067457727823
61,proper_scoring,node-018,0.0,0.0,39.564839441972765,0.0,0.0,39564.83944197276,0.0,0.0,7429.589951592568,1022.6313874300855,0.7,-160.43516055802723,0.0,0.0
61,proper_scoring,node-019,0.0,0.0,0.0,0.0,0.0,0.0,0.0,0.0,7429.589951592568,1022.6313874300855,0.7,0.0,0.0,0.0
61,proper_scoring,node-020,320.0340028332544,927.2923685336541,944.3294554947003,320034.0028332544,927292.368533654,944329.4554947002,0.0,0.0,7429.589951592568,1022.6313874300855,0.7,-188.6006175893271,0.0,0.0
61,proper_scoring,node-021,0.0,0.0,0.0,0.0,0.0,0.0,0.0,0.0,7429.589951592568,1022.6313874300855,0.7,0.0,0.0,0.0
61,proper_scoring,node-022,0.0,343.9004284881932,411.175689953628,0.0,343900.4284881932,411175.689953628,0.0,0.0,7429.589951592568,1022.6313874300855,0.7,-123.67107519708408,0.0,0.0
61,proper_scoring,node-023,88.71177992780353,0.0,465.16004235086984,88711.77992780354,0.0,465160.04235086986,0.0,0.0,7429.589951592568,1022.6313874300855,0.7,-364.90064347486407,0.0,0.0
61,proper_scoring,node-024,0.0,0.0,82.99334022952246,0.0,0.0,82993.34022952245,0.0,0.0,7429.589951592568,1022.6313874300855,0.7,-217.00665977047754,0.0,0.0
61,proper_scoring,node-025,126.32886552234305,0.0,166.74852409401416,126328.86552234305,0.0,166748.52409401417,0.0,0.0,7429.589951592568,1022.6313874300855,0.7,-133.00590362394342,0.0,0.0
61,proper_scoring,node-026,0.0,0.0,475.1349121671429,0.0,0.0,475134.9121671429,0.0,0.0,7429.589951592568,1022.6313874300855,0.7,-272.13466263293657,0.0,0.0
61,proper_scoring,node-027,0.0,0.0,48.63693673995302,0.0,0.0,48636.936739953024,0.0,0.0,7429.589951592568,1022.6313874300855,0.7,-99.94977616429748,0.0,0.0
61,proper_scoring,node-028,0.0,0.0,176.52716114417615,0.0,0.0,176527.16114417615,0.0,0.0,7429.589951592568,1022.6313874300855,0.7,-361.42264281395006,0.0,0.0
61,proper_scoring,node-029,0.0,460.75162052828165,535.3149601258744,0.0,460751.62052828167,535314.9601258745,0.0,0.0,7429.589951592568,1022.6313874300855,0.7,-300.4536007493543,0.0,0.0
61,audits,node-000,0.0,0.0,0.0,0.0,0.0,0.0,0.0,0.0,7429.589951592568,902.9484058900651,0.7,0.0,0.0,0.0
61,audits,node-001,0.0,0.0,0.0,0.0,0.0,0.0,0.0,0.0,7429.589951592568,902.9484058900651,0.7,0.0,0.0,0.0
61,audits,node-002,355.2382523891229,0.0,355.27180484707554,355238.2523891229,0.0,355271.80484707555,0.0,0.0,7429.589951592568,902.9484058900651,0.7,-644.7281951529244,0.0,0.0
61,audits,node-003,0.0,0.0,0.0,0.0,0.0,0.0,0.0,0.0,7429.589951592568,902.9484058900651,0.7,0.0,0.0,0.0
61,audits,node-004,464.12528217774997,1075.3933351580627,1075.3933351580627,464125.28217774996,1075393.3351580626,1075393.3351580626,0.0,0.0,7429.589951592568,902.9484058900651,0.7,-1537.6966675790313,0.0,0.0
61,audits,node-005,0.0,51.90091859903305,80.16989627756595,0.0,0.07467854456040506,0.1153538575650336,468.2385359609035,694.9910299477258,7429.589951592568,902.9484058900651,0.7,-1028.3082632408718,20.644167072184814,-468.2385359609035
61,audits,node-006,294.47889882113105,0.0,294.47889882113105,294478.89882113104,0.0,294478.89882113104,0.0,0.0,7429.589951592568,902.9484058900651,0.7,-607.7344059101715,0.0,0.0
61,audits,node-007,0.0,56.709445162414234,416.0698188206459,0.0,56709.44516241423,416069.81882064586,0.0,0.0,7429.589951592568,902.9484058900651,0.7,-1515.4421657258495,0.0,0.0
61,audits,node-008,262.88821542237366,283.10534968834156,485.6707941755643,262888.2154223737,283105.34968834155,485670.7941755643,0.0,0.0,7429.589951592568,902.9484058900651,0.7,-576.5750362804537,0.0,0.0
61,audits,node-009,0.0,0.0,0.0,0.0,0.0,0.0,0.0,0.0,7429.589951592568,902.9484058900651,0.7,0.0,0.0,0.0
61,audits,node-010,369.0282795421269,712.2313894188807,832.6627935108678,369028.27954212687,712231.3894188807,832662.7935108677,0.0,0.0,7429.589951592568,902.9484058900651,0.7,-1565.3255870217358,0.0,0.0
61,audits,node-011,0.0,0.0,78.65494202830736,0.0,0.0,78654.94202830736,0.0,0.0,7429.589951592568,902.9484058900651,0.7,-221.34505797169263,0.0,0.0
61,audits,node-012,0.0,0.0,0.0,0.0,0.0,0.0,0.0,0.0,7429.589951592568,902.9484058900651,0.7,0.0,0.0,0.0
61,audits,node-013,0.0,0.0,213.74241514747413,0.0,0.0,213742.41514747412,0.0,0.0,7429.589951592568,902.9484058900651,0.7,-386.25758485252584,0.0,0.0
61,audits,node-014,0.0,0.0,0.0,0.0,0.0,0.0,0.0,0.0,7429.589951592568,902.9484058900651,0.7,0.0,0.0,0.0
61,audits,node-015,0.0,0.0,0.0,0.0,0.0,0.0,0.0,0.0,7429.589951592568,902.9484058900651,0.7,0.0,0.0,0.0
61,audits,node-016,413.43777809013534,574.6359114985993,630.6128451225486,413437.7780901353,574635.9114985992,630612.8451225486,0.0,0.0,7429.589951592568,902.9484058900651,0.7,-537.3179557492997,0.0,0.0
61,audits,node-017,0.0,23.67183511135144,134.57768353322507,0.0,0.11383022604552843,0.6471407081542495,170.59959197436092,207.9573759423395,7429.589951592568,902.9484058900651,0.7,-1717.735305517217,-5.603667595196782,-170.59959197436092
61,audits,node-018,0.0,0.0,39.564839441972765,0.0,0.0,39564.83944197276,0.0,0.0,7429.589951592568,902.9484058900651,0.7,-160.43516055802723,0.0,0.0
61,audits,node-019,0.0,0.0,0.0,0.0,0.0,0.0,0.0,0.0,7429.589951592568,902.9484058900651,0.7,0.0,0.0,0.0
61,audits,node-020,279.5287446191451,794.3003087946636,863.2516741661684,279528.74461914506,794300.3087946635,863251.6741661684,0.0,0.0,7429.589951592568,902.9484058900651,0.7,-1547.1501543973318,0.0,0.0
61,audits,node-021,0.0,0.0,0.0,0.0,0.0,0.0,0.0,0.0,7429.589951592568,902.9484058900651,0.7,0.0,0.0,0.0
61,audits,node-022,0.0,277.7844433452489,370.53774974306197,0.0,277784.44334524893,370537.74974306196,0.0,0.0,7429.589951592568,902.9484058900651,0.7,-475.94149295719967,0.0,0.0
61,audits,node-023,88.71177992780353,0.0,447.0072234742338,88711.77992780354,0.0,447007.22347423376,0.0,0.0,7429.589951592568,902.9484058900651,0.7,-594.0144469484678,0.0,0.0
61,audits,node-024,0.0,0.0,82.99334022952246,0.0,0.0,82993.34022952245,0.0,0.0,7429.589951592568,902.9484058900651,0.7,-217.00665977047754,0.0,0.0
61,audits,node-025,126.32886552234305,0.0,166.74852409401416,126328.86552234305,0.0,166748.52409401417,0.0,0.0,7429.589951592568,902.9484058900651,0.7,-233.25147590598584,0.0,0.0
61,audits,node-026,0.0,0.0,331.96633434176584,0.0,0.0,331966.33434176585,0.0,0.0,7429.589951592568,902.9484058900651,0.7,-1368.0336656582344,0.0,0.0
61,audits,node-027,0.0,0.0,25.01255595892564,0.0,0.0,25012.555958925637,0.0,0.0,7429.589951592568,902.9484058900651,0.7,-174.98744404107435,0.0,0.0
61,audits,node-028,0.0,0.0,174.7984099932335,0.0,0.0,174798.40999323348,0.0,0.0,7429.589951592568,902.9484058900651,0.7,-442.2309217658107,0.0,0.0
61,audits,node-029,0.0,428.89941836854746,428.89941836854746,0.0,428899.41836854746,428899.41836854746,0.0,0.0,7429.589951592568,902.9484058900651,0.7,-875.1134001873387,0.0,0.0
67,greedy,node-000,0.0,0.0,0.0,0.0,0.0,0.0,0.0,0.0,8025.736559010431,221.91381661420604,0.7,0.0,0.0,0.0
67,greedy,node-001,0.0,0.0,0.0,0.0,0.0,0.0,0.0,0.0,8025.736559010431,221.91381661420604,0.7,0.0,0.0,0.0
67,greedy,node-002,0.0,0.0,0.0,0.0,0.0,0.0,0.0,0.0,8025.736559010431,221.91381661420604,0.7,0.0,0.0,0.0
67,greedy,node-003,2.9017865858126193,0.0,2.9017865858126193,2901.7865858126193,0.0,2901.7865858126193,0.0,0.0,8025.736559010431,221.91381661420604,0.7,-31.80423781452013,0.0,0.0
67,greedy,node-004,0.0,0.0,0.0,0.0,0.0,0.0,0.0,0.0,8025.736559010431,221.91381661420604,0.7,0.0,0.0,0.0
67,greedy,node-005,0.0,0.0,0.0,0.0,0.0,0.0,0.0,0.0,8025.736559010431,221.91381661420604,0.7,0.0,0.0,0.0
67,greedy,node-006,0.0,0.0,0.0,0.0,0.0,0.0,0.0,0.0,8025.736559010431,221.91381661420604,0.7,0.0,0.0,0.0
67,greedy,node-007,0.0,0.0,0.0,0.0,0.0,0.0,0.0,0.0,8025.736559010431,221.91381661420604,0.7,0.0,0.0,0.0
67,greedy,node-008,0.0,0.0,0.0,0.0,0.0,0.0,0.0,0.0,8025.736559010431,221.91381661420604,0.7,0.0,0.0,0.0
67,greedy,node-009,0.0,0.0,0.0,0.0,0.0,0.0,0.0,0.0,8025.736559010431,221.91381661420604,0.7,-41.57655115837765,0.0,0.0
67,greedy,node-010,0.0,0.0,0.0,0.0,0.0,0.0,0.0,0.0,8025.736559010431,221.91381661420604,0.7,0.0,0.0,0.0
67,greedy,node-011,0.0,0.0,0.0,0.0,0.0,0.0,0.0,0.0,8025.736559010431,221.91381661420604,0.7,0.0,0.0,0.0
67,greedy,node-012,0.0,0.0,0.0,0.0,0.0,0.0,0.0,0.0,8025.736559010431,221.91381661420604,0.7,0.0,0.0,0.0
67,greedy,node-013,0.0,0.0,0.0,0.0,0.0,0.0,0.0,0.0,8025.736559010431,221.91381661420604,0.7,0.0,0.0,0.0
67,greedy,node-014,0.0,0.0,0.0,0.0,0.0,0.0,0.0,0.0,8025.736559010431,221.91381661420604,0.7,0.0,0.0,0.0
67,greedy,node-015,0.0,0.0,0.0,0.0,0.0,0.0,0.0,0.0,8025.736559010431,221.91381661420604,0.7,0.0,0.0,0.0
67,greedy,node-016,0.0,0.0,0.0,0.0,0.0,0.0,0.0,0.0,8025.736559010431,221.91381661420604,0.7,0.0,0.0,0.0
67,greedy,node-017,0.0,0.0,0.0,0.0,0.0,0.0,0.0,0.0,8025.736559010431,221.91381661420604,0.7,0.0,0.0,0.0
67,greedy,node-018,15.29239928513893,0.0,15.29239928513893,15292.39928513893,0.0,15292.39928513893,0.0,0.0,8025.736559010431,221.91381661420604,0.7,-48.360849587835915,0.0,0.0
67,greedy,node-019,0.0,0.0,0.0,0.0,0.0,0.0,0.0,0.0,8025.736559010431,221.91381661420604,0.7,0.0,0.0,0.0
67,greedy,node-020,0.0,0.0,0.0,0.0,0.0,0.0,0.0,0.0,8025.736559010431,221.91381661420604,0.7,0.0,0.0,0.0
67,greedy,node-021,0.0,0.0,0.0,0.0,0.0,0.0,0.0,0.0,8025.736559010431,221.91381661420604,0.7,0.0,0.0,0.0
67,greedy,node-022,0.0,0.0,0.0,0.0,0.0,0.0,0.0,0.0,8025.736559010431,221.91381661420604,0.7,0.0,0.0,0.0
67,greedy,node-023,0.0,0.0,0.0,0.0,0.0,0.0,48.80221279540862,146.40663838622586,8025.736559010431,221.91381661420604,0.7,-88.80735650512041,-12.291089185428866,-48.80221279540862
67,greedy,node-024,0.0,0.0,0.0,0.0,0.0,0.0,0.0,0.0,8025.736559010431,221.91381661420604,0.7,0.0,0.0,0.0
67,greedy,node-025,0.0,0.0,0.0,0.0,0.0,0.0,0.0,0.0,8025.736559010431,221.91381661420604,0.7,0.0,0.0,0.0
67,greedy,node-026,0.0,0.0,0.0,0.0,0.0,0.0,0.0,0.0,8025.736559010431,221.91381661420604,0.7,0.0,0.0,0.0
67,greedy,node-027,5.152901627984452,0.0,5.152901627984452,0.0682438643439463,0.0,0.0682438643439463,25.169059409326714,75.50717822798013,8025.736559010431,221.91381661420604,0.7,-69.35547343749609,0.4037655879637221,-25.169059409326714
67,greedy,node-028,0.0,0.0,0.0,0.0,0.0,0.0,0.0,0.0,8025.736559010431,221.91381661420604,0.7,0.0,0.0,0.0
67,greedy,node-029,0.0,0.0,0.0,0.0,0.0,0.0,0.0,0.0,8025.736559010431,221.91381661420604,0.7,0.0,0.0,0.0
67,trust_vcg,node-000,0.0,0.0,0.0,0.0,0.0,0.0,0.0,0.0,8224.244930824643,-507.40516749054217,0.85,0.0,0.0,0.0
67,trust_vcg,node-001,0.0,0.0,0.0,0.0,0.0,0.0,0.0,0.0,8224.244930824643,-507.40516749054217,0.85,0.0,0.0,0.0
67,trust_vcg,node-002,0.0,0.0,0.0,0.0,0.0,0.0,0.0,0.0,8224.244930824643,-507.40516749054217,0.85,0.0,0.0,0.0
67,trust_vcg,node-003,0.0,240.16289393668148,314.0045606486161,0.0,240162.89393668147,314004.5606486161,0.0,0.0,8224.244930824643,-507.40516749054217,0.85,-5542.861920304792,0.0,0.0
67,trust_vcg,node-004,0.0,0.0,0.0,0.0,0.0,0.0,0.0,0.0,8224.244930824643,-507.40516749054217,0.85,0.0,0.0,0.0
67,trust_vcg,node-005,0.0,0.0,0.0,0.0,0.0,0.0,0.0,0.0,8224.244930824643,-507.40516749054217,0.85,0.0,0.0,0.0
67,trust_vcg,node-006,0.0,0.0,0.0,0.0,0.0,0.0,0.0,0.0,8224.244930824643,-507.40516749054217,0.85,0.0,0.0,0.0
67,trust_vcg,node-007,0.0,0.0,0.0,0.0,0.0,0.0,0.0,0.0,8224.244930824643,-507.40516749054217,0.85,0.0,0.0,0.0
67,trust_vcg,node-008,0.0,0.0,0.0,0.0,0.0,0.0,0.0,0.0,8224.244930824643,-507.40516749054217,0.85,0.0,0.0,0.0
67,trust_vcg,node-009,0.0,243.1585625509534,243.1585625509534,0.0,243158.56255095341,243158.56255095341,0.0,0.0,8224.244930824643,-507.40516749054217,0.85,-5541.576551158379,0.0,0.0
67,trust_vcg,node-010,0.0,0.0,0.0,0.0,0.0,0.0,0.0,0.0,8224.244930824643,-507.40516749054217,0.85,0.0,0.0,0.0
67,trust_vcg,node-011,0.0,0.0,0.0,0.0,0.0,0.0,0.0,0.0,8224.244930824643,-507.40516749054217,0.85,0.0,0.0,0.0
67,trust_vcg,node-012,0.0,0.0,0.0,0.0,0.0,0.0,0.0,0.0,8224.244930824643,-507.40516749054217,0.85,0.0,0.0,0.0
67,trust_vcg,node-013,0.0,0.0,0.0,0.0,0.0,0.0,0.0,0.0,8224.244930824643,-507.40516749054217,0.85,0.0,0.0,0.0
67,trust_vcg,node-014,0.0,0.0,0.0,0.0,0.0,0.0,0.0,0.0,8224.244930824643,-507.40516749054217,0.85,-5571.390561117226,0.0,0.0
67,trust_vcg,node-015,0.0,0.0,0.0,0.0,0.0,0.0,0.0,0.0,8224.244930824643,-507.40516749054217,0.85,0.0,0.0,0.0
67,trust_vcg,node-016,113.92437164672859,0.0,243.3523131034625,113924.37164672858,0.0,243352.3131034625,0.0,0.0,8224.244930824643,-507.40516749054217,0.85,-3356.647686896537,0.0,0.0
67,trust_vcg,node-017,0.0,0.0,0.0,0.0,0.0,0.0,0.0,0.0,8224.244930824643,-507.40516749054217,0.85,0.0,0.0,0.0
67,trust_vcg,node-018,0.0,0.0,0.0,0.0,0.0,0.0,0.0,0.0,8224.244930824643,-507.40516749054217,0.85,-3265.847865478624,0.0,0.0
67,trust_vcg,node-019,0.0,0.0,0.0,0.0,0.0,0.0,0.0,0.0,8224.244930824643,-507.40516749054217,0.85,0.0,0.0,0.0
67,trust_vcg,node-020,0.0,0.0,0.0,0.0,0.0,0.0,0.0,0.0,8224.244930824643,-507.40516749054217,0.85,0.0,0.0,0.0
67,trust_vcg,node-021,0.0,0.0,0.0,0.0,0.0,0.0,0.0,0.0,8224.244930824643,-507.40516749054217,0.85,-4421.758400643971,0.0,0.0
67,trust_vcg,node-022,0.0,0.0,0.0,0.0,0.0,0.0,0.0,0.0,8224.244930824643,-507.40516749054217,0.85,0.0,0.0,0.0
67,trust_vcg,node-023,256.2302666598674,48.9561743927417,269.1540834062364,0.8709028564214227,0.1663974856440409,0.914829708104486,167.29020685966017,294.2122244411146,8224.244930824643,-507.40516749054217,0.85,-11207.29535056937,84.75442499080259,-167.29020685966017
67,trust_vcg,node-024,0.0,0.0,0.0,0.0,0.0,0.0,0.0,0.0,8224.244930824643,-507.40516749054217,0.85,0.0,0.0,0.0
67,trust_vcg,node-025,0.0,0.0,0.0,0.0,0.0,0.0,0.0,0.0,8224.244930824643,-507.40516749054217,0.85,0.0,0.0,0.0
67,trust_vcg,node-026,0.0,0.0,0.0,0.0,0.0,0.0,0.0,0.0,8224.244930824643,-507.40516749054217,0.85,0.0,0.0,0.0
67,trust_vcg,node-027,827.3410276587589,827.3410276587589,892.0344588107157,827341.0276587589,827341.0276587589,892034.4588107157,-827.3410276587589,-801.6173919316567,8224.244930824643,-507.40516749054217,0.85,-10112.902344861726,-465.71181798333157,827.3410276587589
67,trust_vcg,node-028,0.0,0.0,0.0,0.0,0.0,0.0,0.0,0.0,8224.244930824643,-507.40516749054217,0.85,0.0,0.0,0.0
67,trust_vcg,node-029,0.0,0.0,0.0,0.0,0.0,0.0,0.0,0.0,8224.244930824643,-507.40516749054217,0.85,0.0,0.0,0.0
67,contingent,node-000,0.0,0.0,0.0,0.0,0.0,0.0,0.0,0.0,8224.244930824643,203.05454089981941,0.85,0.0,0.0,0.0
67,contingent,node-001,0.0,0.0,0.0,0.0,0.0,0.0,0.0,0.0,8224.244930824643,203.05454089981941,0.85,0.0,0.0,0.0
67,contingent,node-002,0.0,0.0,0.0,0.0,0.0,0.0,0.0,0.0,8224.244930824643,203.05454089981941,0.85,0.0,0.0,0.0
67,contingent,node-003,0.0,40.162893936681485,40.162893936681485,0.0,40162.89393668148,40162.89393668148,0.0,0.0,8224.244930824643,203.05454089981941,0.85,-171.4476812191722,0.0,0.0
67,contingent,node-004,0.0,0.0,0.0,0.0,0.0,0.0,0.0,0.0,8224.244930824643,203.05454089981941,0.85,0.0,0.0,0.0
67,contingent,node-005,0.0,0.0,0.0,0.0,0.0,0.0,0.0,0.0,8224.244930824643,203.05454089981941,0.85,0.0,0.0,0.0
67,contingent,node-006,0.0,0.0,0.0,0.0,0.0,0.0,0.0,0.0,8224.244930824643,203.05454089981941,0.85,0.0,0.0,0.0
67,contingent,node-007,0.0,0.0,0.0,0.0,0.0,0.0,0.0,0.0,8224.244930824643,203.05454089981941,0.85,0.0,0.0,0.0
67,contingent,node-008,0.0,0.0,0.0,0.0,0.0,0.0,0.0,0.0,8224.244930824643,203.05454089981941,0.85,0.0,0.0,0.0
67,contingent,node-009,0.0,43.15856255095342,43.15856255095342,0.0,43158.56255095342,43158.56255095342,0.0,0.0,8224.244930824643,203.05454089981941,0.85,-166.3062046335106,0.0,0.0
67,contingent,node-010,0.0,0.0,0.0,0.0,0.0,0.0,0.0,0.0,8224.244930824643,203.05454089981941,0.85,0.0,0.0,0.0
67,contingent,node-011,0.0,0.0,0.0,0.0,0.0,0.0,0.0,0.0,8224.244930824643,203.05454089981941,0.85,0.0,0.0,0.0
67,contingent,node-012,0.0,0.0,0.0,0.0,0.0,0.0,0.0,0.0,8224.244930824643,203.05454089981941,0.85,0.0,0.0,0.0
67,contingent,node-013,0.0,0.0,0.0,0.0,0.0,0.0,0.0,0.0,8224.244930824643,203.05454089981941,0.85,0.0,0.0,0.0
67,contingent,node-014,0.0,0.0,0.0,0.0,0.0,0.0,0.0,0.0,8224.244930824643,203.05454089981941,0.85,-285.56224446890377,0.0,0.0
67,contingent,node-015,0.0,0.0,0.0,0.0,0.0,0.0,0.0,0.0,8224.244930824643,203.05454089981941,0.85,0.0,0.0,0.0
67,contingent,node-016,0.0,0.0,0.0,0.0,0.0,0.0,0.0,0.0,8224.244930824643,203.05454089981941,0.85,-226.59074758615,0.0,0.0
67,contingent,node-017,0.0,0.0,0.0,0.0,0.0,0.0,0.0,0.0,8224.244930824643,203.05454089981941,0.85,0.0,0.0,0.0
67,contingent,node-018,0.0,0.0,0.0,0.0,0.0,0.0,0.0,0.0,8224.244930824643,203.05454089981941,0.85,-55.74410948522914,0.0,0.0
67,contingent,node-019,0.0,0.0,0.0,0.0,0.0,0.0,0.0,0.0,8224.244930824643,203.05454089981941,0.85,0.0,0.0,0.0
67,contingent,node-020,0.0,0.0,0.0,0.0,0.0,0.0,0.0,0.0,8224.244930824643,203.05454089981941,0.85,0.0,0.0,0.0
67,contingent,node-021,0.0,0.0,0.0,0.0,0.0,0.0,0.0,0.0,8224.244930824643,203.05454089981941,0.85,-87.03360257588596,0.0,0.0
67,contingent,node-022,0.0,0.0,0.0,0.0,0.0,0.0,0.0,0.0,8224.244930824643,203.05454089981941,0.85,0.0,0.0,0.0
67,contingent,node-023,132.2962111502371,2.785372461674811,132.2962111502371,0.745308704830503,0.015691774721529377,0.745308704830503,50.58323667466444,177.5052542561189,8224.244930824643,203.05454089981941,0.85,-210.60381151351157,-13.854032329504136,-50.58323667466444
67,contingent,node-024,0.0,0.0,0.0,0.0,0.0,0.0,0.0,0.0,8224.244930824643,203.05454089981941,0.85,0.0,0.0,0.0
67,contingent,node-025,0.0,0.0,0.0,0.0,0.0,0.0,0.0,0.0,8224.244930824643,203.05454089981941,0.85,0.0,0.0,0.0
67,contingent,node-026,0.0,0.0,0.0,0.0,0.0,0.0,0.0,0.0,8224.244930824643,203.05454089981941,0.85,0.0,0.0,0.0
67,contingent,node-027,0.174349083401661,0.174349083401661,1.2196534555367915,0.00682402940767228,0.00682402940767228,0.047737280204553624,-0.174349083401661,25.549286643700526,8224.244930824643,203.05454089981941,0.85,-176.57130702927583,-5.461260947724745,0.174349083401661
67,contingent,node-028,0.0,0.0,0.0,0.0,0.0,0.0,0.0,0.0,8224.244930824643,203.05454089981941,0.85,0.0,0.0,0.0
67,contingent,node-029,0.0,0.0,0.0,0.0,0.0,0.0,0.0,0.0,8224.244930824643,203.05454089981941,0.85,0.0,0.0,0.0
67,capped,node-000,0.0,0.0,0.0,0.0,0.0,0.0,0.0,0.0,8224.244930824643,228.96847996283495,0.85,0.0,0.0,0.0
67,capped,node-001,0.0,0.0,0.0,0.0,0.0,0.0,0.0,0.0,8224.244930824643,228.96847996283495,0.85,0.0,0.0,0.0
67,capped,node-002,0.0,0.0,0.0,0.0,0.0,0.0,0.0,0.0,8224.244930824643,228.96847996283495,0.85,0.0,0.0,0.0
67,capped,node-003,0.0,40.162893936681485,40.162893936681485,0.0,40162.89393668148,40162.89393668148,0.0,0.0,8224.244930824643,228.96847996283495,0.85,-42.86192030479305,0.0,0.0
67,capped,node-004,0.0,0.0,0.0,0.0,0.0,0.0,0.0,0.0,8224.244930824643,228.96847996283495,0.85,0.0,0.0,0.0
67,capped,node-005,0.0,0.0,0.0,0.0,0.0,0.0,0.0,0.0,8224.244930824643,228.96847996283495,0.85,0.0,0.0,0.0
67,capped,node-006,0.0,0.0,0.0,0.0,0.0,0.0,0.0,0.0,8224.244930824643,228.96847996283495,0.85,0.0,0.0,0.0
67,capped,node-007,0.0,0.0,0.0,0.0,0.0,0.0,0.0,0.0,8224.244930824643,228.96847996283495,0.85,0.0,0.0,0.0
67,capped,node-008,0.0,0.0,0.0,0.0,0.0,0.0,0.0,0.0,8224.244930824643,228.96847996283495,0.85,0.0,0.0,0.0
67,capped,node-009,0.0,43.15856255095342,43.15856255095342,0.0,43158.56255095342,43158.56255095342,0.0,0.0,8224.244930824643,228.96847996283495,0.85,-41.57655115837765,0.0,0.0
67,capped,node-010,0.0,0.0,0.0,0.0,0.0,0.0,0.0,0.0,8224.244930824643,228.96847996283495,0.85,0.0,0.0,0.0
67,capped,node-011,0.0,0.0,0.0,0.0,0.0,0.0,0.0,0.0,8224.244930824643,228.96847996283495,0.85,0.0,0.0,0.0
67,capped,node-012,0.0,0.0,0.0,0.0,0.0,0.0,0.0,0.0,8224.244930824643,228.96847996283495,0.85,0.0,0.0,0.0
67,capped,node-013,0.0,0.0,0.0,0.0,0.0,0.0,0.0,0.0,8224.244930824643,228.96847996283495,0.85,0.0,0.0,0.0
67,capped,node-014,0.0,0.0,0.0,0.0,0.0,0.0,0.0,0.0,8224.244930824643,228.96847996283495,0.85,-71.39056111722594,0.0,0.0
67,capped,node-015,0.0,0.0,0.0,0.0,0.0,0.0,0.0,0.0,8224.244930824643,228.96847996283495,0.85,0.0,0.0,0.0
67,capped,node-016,0.0,0.0,0.0,0.0,0.0,0.0,0.0,0.0,8224.244930824643,228.96847996283495,0.85,-56.6476868965375,0.0,0.0
67,capped,node-017,0.0,0.0,0.0,0.0,0.0,0.0,0.0,0.0,8224.244930824643,228.96847996283495,0.85,0.0,0.0,0.0
67,capped,node-018,0.0,0.0,0.0,0.0,0.0,0.0,0.0,0.0,8224.244930824643,228.96847996283495,0.85,-13.936027371307288,0.0,0.0
67,capped,node-019,0.0,0.0,0.0,0.0,0.0,0.0,0.0,0.0,8224.244930824643,228.96847996283495,0.85,0.0,0.0,0.0
67,capped,node-020,0.0,0.0,0.0,0.0,0.0,0.0,0.0,0.0,8224.244930824643,228.96847996283495,0.85,0.0,0.0,0.0
67,capped,node-021,0.0,0.0,0.0,0.0,0.0,0.0,0.0,0.0,8224.244930824643,228.96847996283495,0.85,-21.75840064397149,0.0,0.0
67,capped,node-022,0.0,0.0,0.0,0.0,0.0,0.0,0.0,0.0,8224.244930824643,228.96847996283495,0.85,0.0,0.0,0.0
67,capped,node-023,145.17398326629987,2.785372461674804,145.17398326629987,0.7625363774945872,0.014630361302428566,0.7625363774945872,63.46100879072721,190.38302637218166,8224.244930824643,228.96847996283495,0.85,-103.466152500439,-15.141809541110412,-63.46100879072721
67,capped,node-024,0.0,0.0,0.0,0.0,0.0,0.0,0.0,0.0,8224.244930824643,228.96847996283495,0.85,0.0,0.0,0.0
67,capped,node-025,0.0,0.0,0.0,0.0,0.0,0.0,0.0,0.0,8224.244930824643,228.96847996283495,0.85,0.0,0.0,0.0
67,capped,node-026,0.0,0.0,0.0,0.0,0.0,0.0,0.0,0.0,8224.244930824643,228.96847996283495,0.85,0.0,0.0,0.0
67,capped,node-027,0.0,9.067908166093574,36.80265302198461,0.0,0.235008463611534,0.9537960448105107,12.861817863551092,38.58545359065327,8224.244930824643,228.96847996283495,0.85,-57.04823189172046,-0.7330334486266246,-12.861817863551092
67,capped,node-028,0.0,0.0,0.0,0.0,0.0,0.0,0.0,0.0,8224.244930824643,228.96847996283495,0.85,0.0,0.0,0.0
67,capped,node-029,0.0,0.0,0.0,0.0,0.0,0.0,0.0,0.0,8224.244930824643,228.96847996283495,0.85,0.0,0.0,0.0
67,proper_scoring,node-000,0.0,0.0,0.0,0.0,0.0,0.0,0.0,0.0,8224.244930824643,1031.8895124514531,0.85,0.0,0.0,0.0
67,proper_scoring,node-001,0.0,0.0,0.0,0.0,0.0,0.0,0.0,0.0,8224.244930824643,1031.8895124514531,0.85,0.0,0.0,0.0
67,proper_scoring,node-002,0.0,0.0,0.0,0.0,0.0,0.0,0.0,0.0,8224.244930824643,1031.8895124514531,0.85,0.0,0.0,0.0
67,proper_scoring,node-003,0.0,240.16289393668148,396.23470669805613,0.0,240162.89393668147,396234.70669805614,0.0,0.0,8224.244930824643,1031.8895124514531,0.85,-171.4476812191722,0.0,0.0
67,proper_scoring,node-004,0.0,0.0,0.0,0.0,0.0,0.0,0.0,0.0,8224.244930824643,1031.8895124514531,0.85,0.0,0.0,0.0
67,proper_scoring,node-005,0.0,0.0,0.0,0.0,0.0,0.0,0.0,0.0,8224.244930824643,1031.8895124514531,0.85,0.0,0.0,0.0
67,proper_scoring,node-006,0.0,0.0,0.0,0.0,0.0,0.0,0.0,0.0,8224.244930824643,1031.8895124514531,0.85,0.0,0.0,0.0
67,proper_scoring,node-007,0.0,0.0,0.0,0.0,0.0,0.0,0.0,0.0,8224.244930824643,1031.8895124514531,0.85,0.0,0.0,0.0
67,proper_scoring,node-008,0.0,0.0,0.0,0.0,0.0,0.0,0.0,0.0,8224.244930824643,1031.8895124514531,0.85,0.0,0.0,0.0
67,proper_scoring,node-009,0.0,243.1585625509534,338.00540846356625,0.0,243158.56255095341,338005.4084635663,0.0,0.0,8224.244930824643,1031.8895124514531,0.85,-166.3062046335106,0.0,0.0
67,proper_scoring,node-010,0.0,0.0,0.0,0.0,0.0,0.0,0.0,0.0,8224.244930824643,1031.8895124514531,0.85,0.0,0.0,0.0
67,proper_scoring,node-011,0.0,0.0,0.0,0.0,0.0,0.0,0.0,0.0,8224.244930824643,1031.8895124514531,0.85,0.0,0.0,0.0
67,proper_scoring,node-012,0.0,0.0,0.0,0.0,0.0,0.0,0.0,0.0,8224.244930824643,1031.8895124514531,0.85,0.0,0.0,0.0
67,proper_scoring,node-013,0.0,0.0,0.0,0.0,0.0,0.0,0.0,0.0,8224.244930824643,1031.8895124514531,0.85,0.0,0.0,0.0
67,proper_scoring,node-014,0.0,0.0,336.2984785337878,0.0,0.0,336298.47853378777,0.0,0.0,8224.244930824643,1031.8895124514531,0.85,-285.56224446890377,0.0,0.0
67,proper_scoring,node-015,0.0,0.0,0.0,0.0,0.0,0.0,0.0,0.0,8224.244930824643,1031.8895124514531,0.85,0.0,0.0,0.0
67,proper_scoring,node-016,113.92437164672859,0.0,243.3523131034625,113924.37164672858,0.0,243352.3131034625,0.0,0.0,8224.244930824643,1031.8895124514531,0.85,-226.59074758615,0.0,0.0
67,proper_scoring,node-017,0.0,0.0,0.0,0.0,0.0,0.0,0.0,0.0,8224.244930824643,1031.8895124514531,0.85,0.0,0.0,0.0
67,proper_scoring,node-018,0.0,0.0,227.51128791979164,0.0,0.0,227511.28791979165,0.0,0.0,8224.244930824643,1031.8895124514531,0.85,-55.74410948522914,0.0,0.0
67,proper_scoring,node-019,0.0,0.0,0.0,0.0,0.0,0.0,0.0,0.0,8224.244930824643,1031.8895124514531,0.85,0.0,0.0,0.0
67,proper_scoring,node-020,0.0,0.0,0.0,0.0,0.0,0.0,0.0,0.0,8224.244930824643,1031.8895124514531,0.85,0.0,0.0,0.0
67,proper_scoring,node-021,0.0,0.0,203.29715482712172,0.0,0.0,203297.1548271217,0.0,0.0,8224.244930824643,1031.8895124514531,0.85,-87.03360257588596,0.0,0.0
67,proper_scoring,node-022,0.0,0.0,0.0,0.0,0.0,0.0,0.0,0.0,8224.244930824643,1031.8895124514531,0.85,0.0,0.0,0.0
67,proper_scoring,node-023,259.4497096888832,53.4598480042406,260.4354816357102,0.31378816121547276,0.0646563352266803,0.31498039059566185,699.9087611320986,826.830778713553,8224.244930824643,1031.8895124514531,0.85,-859.9293359709457,86.04220220240882,-699.9087611320986
67,proper_scoring,node-024,0.0,0.0,0.0,0.0,0.0,0.0,0.0,0.0,8224.244930824643,1031.8895124514531,0.85,0.0,0.0,0.0
67,proper_scoring,node-025,0.0,0.0,0.0,0.0,0.0,0.0,0.0,0.0,8224.244930824643,1031.8895124514531,0.85,0.0,0.0,0.0
67,proper_scoring,node-026,0.0,0.0,0.0,0.0,0.0,0.0,0.0,0.0,8224.244930824643,1031.8895124514531,0.85,0.0,0.0,0.0
67,proper_scoring,node-027,34.57975753819176,58.70103930008045,256.86642544789675,0.16863342959286268,0.28626451665848257,1.2526480621704006,179.33509801079796,205.05873373790013,8224.244930824643,1031.8895124514531,0.85,-356.08075412347546,39.41610082582517,-179.33509801079796
67,proper_scoring,node-028,0.0,0.0,0.0,0.0,0.0,0.0,0.0,0.0,8224.244930824643,1031.8895124514531,0.85,0.0,0.0,0.0
67,proper_scoring,node-029,0.0,0.0,0.0,0.0,0.0,0.0,0.0,0.0,8224.244930824643,1031.8895124514531,0.85,0.0,0.0,0.0
67,audits,node-000,0.0,0.0,0.0,0.0,0.0,0.0,0.0,0.0,8224.244930824643,992.5948325094579,0.85,0.0,0.0,0.0
67,audits,node-001,0.0,0.0,0.0,0.0,0.0,0.0,0.0,0.0,8224.244930824643,992.5948325094579,0.85,0.0,0.0,0.0
67,audits,node-002,0.0,0.0,0.0,0.0,0.0,0.0,0.0,0.0,8224.244930824643,992.5948325094579,0.85,0.0,0.0,0.0
67,audits,node-003,0.0,240.16289393668148,357.1380796952069,0.0,240162.89393668147,357138.0796952069,0.0,0.0,8224.244930824643,992.5948325094579,0.85,-542.861920304793,0.0,0.0
67,audits,node-004,0.0,0.0,0.0,0.0,0.0,0.0,0.0,0.0,8224.244930824643,992.5948325094579,0.85,0.0,0.0,0.0
67,audits,node-005,0.0,0.0,0.0,0.0,0.0,0.0,0.0,0.0,8224.244930824643,992.5948325094579,0.85,0.0,0.0,0.0
67,audits,node-006,0.0,0.0,0.0,0.0,0.0,0.0,0.0,0.0,8224.244930824643,992.5948325094579,0.85,0.0,0.0,0.0
67,audits,node-007,0.0,0.0,0.0,0.0,0.0,0.0,0.0,0.0,8224.244930824643,992.5948325094579,0.85,0.0,0.0,0.0
67,audits,node-008,0.0,0.0,0.0,0.0,0.0,0.0,0.0,0.0,8224.244930824643,992.5948325094579,0.85,0.0,0.0,0.0
67,audits,node-009,0.0,243.1585625509534,266.0691552145159,0.0,243158.56255095341,266069.15521451586,0.0,0.0,8224.244930824643,992.5948325094579,0.85,-541.5765511583776,0.0,0.0
67,audits,node-010,0.0,0.0,0.0,0.0,0.0,0.0,0.0,0.0,8224.244930824643,992.5948325094579,0.85,0.0,0.0,0.0
67,audits,node-011,0.0,0.0,0.0,0.0,0.0,0.0,0.0,0.0,8224.244930824643,992.5948325094579,0.85,0.0,0.0,0.0
67,audits,node-012,0.0,0.0,0.0,0.0,0.0,0.0,0.0,0.0,8224.244930824643,992.5948325094579,0.85,0.0,0.0,0.0
67,audits,node-013,0.0,0.0,0.0,0.0,0.0,0.0,0.0,0.0,8224.244930824643,992.5948325094579,0.85,0.0,0.0,0.0
67,audits,node-014,0.0,0.0,328.6094388827741,0.0,0.0,328609.4388827741,0.0,0.0,8224.244930824643,992.5948325094579,0.85,-571.3905611172258,0.0,0.0
67,audits,node-015,0.0,0.0,0.0,0.0,0.0,0.0,0.0,0.0,8224.244930824643,992.5948325094579,0.85,0.0,0.0,0.0
67,audits,node-016,113.92437164672859,0.0,243.3523131034625,113924.37164672858,0.0,243352.3131034625,0.0,0.0,8224.244930824643,992.5948325094579,0.85,-356.6476868965375,0.0,0.0
67,audits,node-017,0.0,0.0,0.0,0.0,0.0,0.0,0.0,0.0,8224.244930824643,992.5948325094579,0.85,0.0,0.0,0.0
67,audits,node-018,0.0,0.0,193.24184018617697,0.0,0.0,193241.84018617697,0.0,0.0,8224.244930824643,992.5948325094579,0.85,-265.8478654786237,0.0,0.0
67,audits,node-019,0.0,0.0,0.0,0.0,0.0,0.0,0.0,0.0,8224.244930824643,992.5948325094579,0.85,0.0,0.0,0.0
67,audits,node-020,0.0,0.0,0.0,0.0,0.0,0.0,0.0,0.0,8224.244930824643,992.5948325094579,0.85,0.0,0.0,0.0
67,audits,node-021,0.0,0.0,78.2415993560285,0.0,0.0,78241.5993560285,0.0,0.0,8224.244930824643,992.5948325094579,0.85,-421.7584006439715,0.0,0.0
67,audits,node-022,0.0,0.0,0.0,0.0,0.0,0.0,0.0,0.0,8224.244930824643,992.5948325094579,0.85,0.0,0.0,0.0
67,audits,node-023,256.2302666598674,48.95617439274167,256.2302666598674,0.3226219123486498,0.06164117459560891,0.3226219123486498,667.2902068596602,794.2122244411146,8224.244930824643,992.5948325094579,0.85,-2207.295350569372,84.75442499080259,-667.2902068596602
67,audits,node-024,0.0,0.0,0.0,0.0,0.0,0.0,0.0,0.0,8224.244930824643,992.5948325094579,0.85,0.0,0.0,0.0
67,audits,node-025,0.0,0.0,0.0,0.0,0.0,0.0,0.0,0.0,8224.244930824643,992.5948325094579,0.85,0.0,0.0,0.0
67,audits,node-026,0.0,0.0,0.0,0.0,0.0,0.0,0.0,0.0,8224.244930824643,992.5948325094579,0.85,0.0,0.0,0.0
67,audits,node-027,26.491106321359865,0.0,26.491106321359865,0.13353542721967654,0.0,0.13353542721967654,172.65897234124108,198.38260806834325,8224.244930824643,992.5948325094579,0.85,-1612.9023448617256,34.288182016668486,-172.65897234124108
67,audits,node-028,0.0,0.0,0.0,0.0,0.0,0.0,0.0,0.0,8224.244930824643,992.5948325094579,0.85,0.0,0.0,0.0
67,audits,node-029,0.0,0.0,0.0,0.0,0.0,0.0,0.0,0.0,8224.244930824643,992.5948325094579,0.85,0.0,0.0,0.0
66,greedy,node-000,0.0,0.0,0.0,0.0,0.0,0.0,0.0,0.0,8636.89009889758,216.73744024958307,0.95,0.0,0.0,0.0
66,greedy,node-001,0.0,0.0,0.0,0.0,0.0,0.0,0.0,0.0,8636.89009889758,216.73744024958307,0.95,0.0,0.0,0.0
66,greedy,node-002,0.0,0.0,0.0,0.0,0.0,0.0,0.0,0.0,8636.89009889758,216.73744024958307,0.95,0.0,0.0,0.0
66,greedy,node-003,0.0,0.0,0.0,0.0,0.0,0.0,0.0,0.0,8636.89009889758,216.73744024958307,0.95,-50.47574614648409,0.0,0.0
66,greedy,node-004,0.0,0.0,0.0,0.0,0.0,0.0,0.0,0.0,8636.89009889758,216.73744024958307,0.95,-37.54371392918116,0.0,0.0
66,greedy,node-005,0.0,0.0,0.0,0.0,0.0,0.0,0.0,0.0,8636.89009889758,216.73744024958307,0.95,0.0,0.0,0.0
66,greedy,node-006,0.0,0.0,0.0,0.0,0.0,0.0,0.0,0.0,8636.89009889758,216.73744024958307,0.95,0.0,0.0,0.0
66,greedy,node-007,0.0,0.0,0.0,0.0,0.0,0.0,0.0,0.0,8636.89009889758,216.73744024958307,0.95,0.0,0.0,0.0
66,greedy,node-008,0.0,0.0,0.0,0.0,0.0,0.0,0.0,0.0,8636.89009889758,216.73744024958307,0.95,-17.974703823994815,0.0,0.0
66,greedy,node-009,0.0,0.0,0.0,0.0,0.0,0.0,0.0,0.0,8636.89009889758,216.73744024958307,0.95,0.0,0.0,0.0
66,greedy,node-010,0.0,0.0,0.0,0.0,0.0,0.0,0.0,0.0,8636.89009889758,216.73744024958307,0.95,0.0,0.0,0.0
66,greedy,node-011,19.164416750959987,0.0,19.164416750959987,0.14006598130997733,0.0,0.14006598130997733,45.60806883471007,136.82420650413025,8636.89009889758,216.73744024958307,0.95,-84.77423080875194,-9.723711491590826,-45.60806883471007
66,greedy,node-012,0.0,0.0,0.0,0.0,0.0,0.0,0.0,0.0,8636.89009889758,216.73744024958307,0.95,0.0,0.0,0.0
66,greedy,node-013,0.0,0.0,0.0,0.0,0.0,0.0,0.0,0.0,8636.89009889758,216.73744024958307,0.95,0.0,0.0,0.0
66,greedy,node-014,0.0,0.0,0.0,0.0,0.0,0.0,0.0,0.0,8636.89009889758,216.73744024958307,0.95,0.0,0.0,0.0
66,greedy,node-015,0.0,0.0,0.0,0.0,0.0,0.0,0.0,0.0,8636.89009889758,216.73744024958307,0.95,0.0,0.0,0.0
66,greedy,node-016,0.0,0.0,0.0,0.0,0.0,0.0,0.0,0.0,8636.89009889758,216.73744024958307,0.95,-48.991814066918835,0.0,0.0
66,greedy,node-017,0.0,0.0,0.0,0.0,0.0,0.0,0.0,0.0,8636.89009889758,216.73744024958307,0.95,0.0,0.0,0.0
66,greedy,node-018,0.0,0.0,0.0,0.0,0.0,0.0,0.0,0.0,8636.89009889758,216.73744024958307,0.95,0.0,0.0,0.0
66,greedy,node-019,0.0,0.0,0.0,0.0,0.0,0.0,0.0,0.0,8636.89009889758,216.73744024958307,0.95,0.0,0.0,0.0
66,greedy,node-020,0.0,0.0,0.0,0.0,0.0,0.0,0.0,0.0,8636.89009889758,216.73744024958307,0.95,0.0,0.0,0.0
66,greedy,node-021,0.7417947874434123,0.0,0.7417947874434123,741.7947874434122,0.0,741.7947874434122,0.0,0.0,8636.89009889758,216.73744024958307,0.95,-16.898331843301285,0.0,0.0
66,greedy,node-022,0.0,0.0,0.0,0.0,0.0,0.0,26.63774458181761,79.91323374545283,8636.89009889758,216.73744024958307,0.95,-74.80368172296564,-7.991323374545278,-26.63774458181761
66,greedy,node-023,0.0,0.0,0.0,0.0,0.0,0.0,0.0,0.0,8636.89009889758,216.73744024958307,0.95,0.0,0.0,0.0
66,greedy,node-024,0.0,0.0,0.0,0.0,0.0,0.0,0.0,0.0,8636.89009889758,216.73744024958307,0.95,0.0,0.0,0.0
66,greedy,node-025,0.0,0.0,0.0,0.0,0.0,0.0,0.0,0.0,8636.89009889758,216.73744024958307,0.95,0.0,0.0,0.0
66,greedy,node-026,0.0,0.0,0.0,0.0,0.0,0.0,0.0,0.0,8636.89009889758,216.73744024958307,0.95,0.0,0.0,0.0
66,greedy,node-027,0.0,0.0,0.0,0.0,0.0,0.0,0.0,0.0,8636.89009889758,216.73744024958307,0.95,0.0,0.0,0.0
66,greedy,node-028,0.0,0.0,0.0,0.0,0.0,0.0,0.0,0.0,8636.89009889758,216.73744024958307,0.95,0.0,0.0,0.0
66,greedy,node-029,0.0,0.0,0.0,0.0,0.0,0.0,0.0,0.0,8636.89009889758,216.73744024958307,0.95,-17.893342347859438,0.0,0.0
66,trust_vcg,node-000,60.67626400053628,0.0,94.94462975974568,60676.26400053628,0.0,94944.62975974567,0.0,0.0,8632.084006510642,629.851105910252,0.95,-1705.055370240254,0.0,0.0
66,trust_vcg,node-001,0.0,0.0,0.0,0.0,0.0,0.0,0.0,0.0,8632.084006510642,629.851105910252,0.95,0.0,0.0,60.67626400053628
66,trust_vcg,node-002,0.0,0.0,0.0,0.0,0.0,0.0,0.0,0.0,8632.084006510642,629.851105910252,0.95,0.0,0.0,60.67626400053628
66,trust_vcg,node-003,0.0,583.1330341803464,587.4114188942142,0.0,583133.0341803464,587411.4188942142,0.0,0.0,8632.084006510642,629.851105910252,0.95,-11058.940862584142,0.0,60.67626400053628
66,trust_vcg,node-004,0.0,0.0,0.0,0.0,0.0,0.0,0.0,0.0,8632.084006510642,629.851105910252,0.95,-5448.214504936729,0.0,60.67626400053628
66,trust_vcg,node-005,0.0,0.0,0.0,0.0,0.0,0.0,0.0,0.0,8632.084006510642,629.851105910252,0.95,0.0,0.0,60.67626400053628
66,trust_vcg,node-006,0.0,0.0,0.0,0.0,0.0,0.0,0.0,0.0,8632.084006510642,629.851105910252,0.95,0.0,0.0,60.67626400053628
66,trust_vcg,node-007,0.0,0.0,134.95761589949433,0.0,0.0,134957.61589949433,0.0,0.0,8632.084006510642,629.851105910252,0.95,-2265.0423841005054,0.0,60.67626400053628
66,trust_vcg,node-008,0.0,0.0,379.54628446027124,0.0,0.0,379546.28446027124,0.0,0.0,8632.084006510642,629.851105910252,0.95,-11120.10467001372,0.0,60.67626400053628
66,trust_vcg,node-009,0.0,0.0,0.0,0.0,0.0,0.0,0.0,0.0,8632.084006510642,629.851105910252,0.95,0.0,0.0,60.67626400053628
66,trust_vcg,node-010,0.0,0.0,0.0,0.0,0.0,0.0,0.0,0.0,8632.084006510642,629.851105910252,0.95,0.0,0.0,60.67626400053628
66,trust_vcg,node-011,392.8719537218735,387.56555532345646,449.41413059244667,2.4954141562344208,2.461709378999536,2.854554449275102,90.76676862462725,157.4375751377147,8632.084006510642,629.851105910252,0.95,-11129.93293059867,42.179767750070624,-30.09050462409097
66,trust_vcg,node-012,0.0,0.0,0.0,0.0,0.0,0.0,0.0,0.0,8632.084006510642,629.851105910252,0.95,0.0,0.0,60.67626400053628
66,trust_vcg,node-013,0.0,0.0,0.0,0.0,0.0,0.0,0.0,0.0,8632.084006510642,629.851105910252,0.95,0.0,0.0,60.67626400053628
66,trust_vcg,node-014,0.0,0.0,0.0,0.0,0.0,0.0,0.0,0.0,8632.084006510642,629.851105910252,0.95,0.0,0.0,60.67626400053628
66,trust_vcg,node-015,0.0,0.0,0.0,0.0,0.0,0.0,0.0,0.0,8632.084006510642,629.851105910252,0.95,0.0,0.0,60.67626400053628
66,trust_vcg,node-016,43.560044745767215,0.0,87.09246518177906,43560.04474576721,0.0,87092.46518177906,0.0,0.0,8632.084006510642,629.851105910252,0.95,-10981.10801261194,0.0,60.67626400053628
66,trust_vcg,node-017,0.0,0.0,352.9279672725523,0.0,0.0,352927.96727255225,0.0,0.0,8632.084006510642,629.851105910252,0.95,-5047.0720327274485,0.0,60.67626400053628
66,trust_vcg,node-018,0.0,0.0,0.0,0.0,0.0,0.0,0.0,0.0,8632.084006510642,629.851105910252,0.95,0.0,0.0,60.67626400053628
66,trust_vcg,node-019,0.0,0.0,0.0,0.0,0.0,0.0,0.0,0.0,8632.084006510642,629.851105910252,0.95,0.0,0.0,60.67626400053628
66,trust_vcg,node-020,0.0,0.0,0.0,0.0,0.0,0.0,0.0,0.0,8632.084006510642,629.851105910252,0.95,0.0,0.0,60.67626400053628
66,trust_vcg,node-021,0.0,0.0,0.0,0.0,0.0,0.0,0.0,0.0,8632.084006510642,629.851105910252,0.95,-3838.6122127343688,0.0,60.67626400053628
66,trust_vcg,node-022,121.76535939943386,165.14608201075572,165.14608201075572,0.2577516338287583,0.34957949180814646,0.34957949180814646,389.7866180656309,472.41353077253723,8632.084006510642,629.851105910252,0.95,-5917.252968103823,93.58256240482461,-257.817123688984
66,trust_vcg,node-023,0.0,0.0,30.236213352454925,0.0,0.0,30236.213352454924,0.0,0.0,8632.084006510642,629.851105910252,0.95,-566.9794075655982,0.0,60.67626400053628
66,trust_vcg,node-024,0.0,0.0,0.0,0.0,0.0,0.0,0.0,0.0,8632.084006510642,629.851105910252,0.95,-1141.5521703024006,0.0,60.67626400053628
66,trust_vcg,node-025,0.0,0.0,0.0,0.0,0.0,0.0,0.0,0.0,8632.084006510642,629.851105910252,0.95,-3275.3545308938906,0.0,60.67626400053628
66,trust_vcg,node-026,0.0,0.0,0.0,0.0,0.0,0.0,0.0,0.0,8632.084006510642,629.851105910252,0.95,0.0,0.0,60.67626400053628
66,trust_vcg,node-027,0.0,0.0,0.0,0.0,0.0,0.0,0.0,0.0,8632.084006510642,629.851105910252,0.95,-5571.808066015967,0.0,60.67626400053628
66,trust_vcg,node-028,0.0,0.0,34.06372796923037,0.0,0.0,34063.72796923037,0.0,0.0,8632.084006510642,629.851105910252,0.95,-560.9478421918387,0.0,60.67626400053628
66,trust_vcg,node-029,0.0,0.0,0.0,0.0,0.0,0.0,0.0,0.0,8632.084006510642,629.851105910252,0.95,-9868.643011222974,0.0,60.67626400053628
66,contingent,node-000,0.0,0.0,0.0,0.0,0.0,0.0,0.0,0.0,8632.084006510642,214.68583691024955,0.95,-220.22148096101728,0.0,0.0
66,contingent,node-001,0.0,0.0,0.0,0.0,0.0,0.0,0.0,0.0,8632.084006510642,214.68583691024955,0.95,0.0,0.0,-39.31562250524912
66,contingent,node-002,0.0,0.0,0.0,0.0,0.0,0.0,0.0,0.0,8632.084006510642,214.68583691024955,0.95,0.0,0.0,-39.31562250524912
66,contingent,node-003,0.0,83.1330341803464,137.4114188942141,0.0,83133.0341803464,137411.41889421412,0.0,0.0,8632.084006510642,214.68583691024955,0.95,-235.76345033656736,0.0,-39.31562250524912
66,contingent,node-004,0.0,0.0,0.0,0.0,0.0,0.0,0.0,0.0,8632.084006510642,214.68583691024955,0.95,-150.17485571672464,0.0,-39.31562250524912
66,contingent,node-005,0.0,0.0,0.0,0.0,0.0,0.0,0.0,0.0,8632.084006510642,214.68583691024955,0.95,0.0,0.0,-39.31562250524912
66,contingent,node-006,0.0,0.0,0.0,0.0,0.0,0.0,0.0,0.0,8632.084006510642,214.68583691024955,0.95,0.0,0.0,-39.31562250524912
66,contingent,node-007,0.0,0.0,0.0,0.0,0.0,0.0,0.0,0.0,8632.084006510642,214.68583691024955,0.95,-260.16953640202274,0.0,-39.31562250524912
66,contingent,node-008,0.0,0.0,0.0,0.0,0.0,0.0,0.0,0.0,8632.084006510642,214.68583691024955,0.95,-480.4186800548847,0.0,-39.31562250524912
66,contingent,node-009,0.0,0.0,0.0,0.0,0.0,0.0,0.0,0.0,8632.084006510642,214.68583691024955,0.95,0.0,0.0,-39.31562250524912
66,contingent,node-010,0.0,0.0,0.0,0.0,0.0,0.0,0.0,0.0,8632.084006510642,214.68583691024955,0.95,0.0,0.0,-39.31562250524912
66,contingent,node-011,13.10847005858227,44.99692069153997,176.70327895301085,0.14445316520122115,0.4958586005195684,1.94724081697734,24.07466133680252,90.74546784989005,8632.084006510642,214.68583691024955,0.95,-180.73930923297002,-6.500334830301625,-63.39028384205164
66,contingent,node-012,0.0,0.0,0.0,0.0,0.0,0.0,0.0,0.0,8632.084006510642,214.68583691024955,0.95,0.0,0.0,-39.31562250524912
66,contingent,node-013,0.0,0.0,0.0,0.0,0.0,0.0,0.0,0.0,8632.084006510642,214.68583691024955,0.95,0.0,0.0,-39.31562250524912
66,contingent,node-014,0.0,0.0,0.0,0.0,0.0,0.0,0.0,0.0,8632.084006510642,214.68583691024955,0.95,0.0,0.0,-39.31562250524912
66,contingent,node-015,0.0,0.0,0.0,0.0,0.0,0.0,0.0,0.0,8632.084006510642,214.68583691024955,0.95,0.0,0.0,-39.31562250524912
66,contingent,node-016,0.0,9.785772896506206,9.785772896506206,0.0,9785.772896506205,9785.772896506205,0.0,0.0,8632.084006510642,214.68583691024955,0.95,-228.42045237434624,0.0,-39.31562250524912
66,contingent,node-017,0.0,0.0,0.0,0.0,0.0,0.0,0.0,0.0,8632.084006510642,214.68583691024955,0.95,-388.2881309097911,0.0,-39.31562250524912
66,contingent,node-018,0.0,0.0,0.0,0.0,0.0,0.0,0.0,0.0,8632.084006510642,214.68583691024955,0.95,0.0,0.0,-39.31562250524912
66,contingent,node-019,0.0,0.0,0.0,0.0,0.0,0.0,0.0,0.0,8632.084006510642,214.68583691024955,0.95,0.0,0.0,-39.31562250524912
66,contingent,node-020,0.0,0.0,0.0,0.0,0.0,0.0,0.0,0.0,8632.084006510642,214.68583691024955,0.95,0.0,0.0,-39.31562250524912
66,contingent,node-021,0.0,0.0,0.0,0.0,0.0,0.0,0.0,0.0,8632.084006510642,214.68583691024955,0.95,-119.15405684559694,0.0,-39.31562250524912
66,contingent,node-022,11.361030936000816,13.61924372293349,105.08741575549925,0.09166529857973837,0.1098854539984536,0.8478869036150866,41.31345635345315,123.94036906035944,8632.084006510642,214.68583691024955,0.95,-151.17885650622642,-5.981198084369048,-109.32773498837703
66,contingent,node-023,0.0,0.0,0.0,0.0,0.0,0.0,0.0,0.0,8632.084006510642,214.68583691024955,0.95,-78.97761892146045,0.0,-39.31562250524912
66,contingent,node-024,0.0,0.0,0.0,0.0,0.0,0.0,0.0,0.0,8632.084006510642,214.68583691024955,0.95,-166.20868120960228,0.0,-39.31562250524912
66,contingent,node-025,0.0,0.0,0.0,0.0,0.0,0.0,0.0,0.0,8632.084006510642,214.68583691024955,0.95,-102.23510393023068,0.0,-39.31562250524912
66,contingent,node-026,0.0,0.0,0.0,0.0,0.0,0.0,0.0,0.0,8632.084006510642,214.68583691024955,0.95,0.0,0.0,-39.31562250524912
66,contingent,node-027,0.0,0.0,0.0,0.0,0.0,0.0,0.0,0.0,8632.084006510642,214.68583691024955,0.95,-287.2322640638679,0.0,-39.31562250524912
66,contingent,node-028,0.0,0.0,0.0,0.0,0.0,0.0,0.0,0.0,8632.084006510642,214.68583691024955,0.95,-63.49624380049916,0.0,-39.31562250524912
66,contingent,node-029,0.0,0.0,0.0,0.0,0.0,0.0,0.0,0.0,8632.084006510642,214.68583691024955,0.95,-244.77822994325982,0.0,-39.31562250524912
66,capped,node-000,0.0,0.0,0.0,0.0,0.0,0.0,0.0,0.0,8632.084006510642,223.94657882999078,0.95,-55.05537024025433,0.0,0.0
66,capped,node-001,0.0,0.0,0.0,0.0,0.0,0.0,0.0,0.0,8632.084006510642,223.94657882999078,0.95,0.0,0.0,-39.31562250524912
66,capped,node-002,0.0,0.0,0.0,0.0,0.0,0.0,0.0,0.0,8632.084006510642,223.94657882999078,0.95,0.0,0.0,-39.31562250524912
66,capped,node-003,0.0,83.1330341803464,137.4114188942141,0.0,83133.0341803464,137411.41889421412,0.0,0.0,8632.084006510642,223.94657882999078,0.95,-58.94086258414185,0.0,-39.31562250524912
66,capped,node-004,0.0,0.0,4.775827141133172,0.0,0.0,4775.8271411331725,0.0,0.0,8632.084006510642,223.94657882999078,0.95,-37.54371392918116,0.0,-39.31562250524912
66,capped,node-005,0.0,0.0,0.0,0.0,0.0,0.0,0.0,0.0,8632.084006510642,223.94657882999078,0.95,0.0,0.0,-39.31562250524912
66,capped,node-006,0.0,0.0,0.0,0.0,0.0,0.0,0.0,0.0,8632.084006510642,223.94657882999078,0.95,0.0,0.0,-39.31562250524912
66,capped,node-007,0.0,0.0,0.0,0.0,0.0,0.0,0.0,0.0,8632.084006510642,223.94657882999078,0.95,-65.04238410050569,0.0,-39.31562250524912
66,capped,node-008,0.0,0.0,0.0,0.0,0.0,0.0,0.0,0.0,8632.084006510642,223.94657882999078,0.95,-120.10467001372115,0.0,-39.31562250524912
66,capped,node-009,0.0,0.0,0.0,0.0,0.0,0.0,0.0,0.0,8632.084006510642,223.94657882999078,0.95,0.0,0.0,-39.31562250524912
66,capped,node-010,0.0,0.0,0.0,0.0,0.0,0.0,0.0,0.0,8632.084006510642,223.94657882999078,0.95,0.0,0.0,-39.31562250524912
66,capped,node-011,3.8477281388410205,44.99692069153997,185.96402087275212,0.03847489218623955,0.44994126659926775,1.859524736525146,33.33540325654377,100.0062097696313,8632.084006510642,223.94657882999078,0.95,-72.50156523058564,-7.426409022275749,-72.65102576179288
66,capped,node-012,0.0,0.0,0.0,0.0,0.0,0.0,0.0,0.0,8632.084006510642,223.94657882999078,0.95,0.0,0.0,-39.31562250524912
66,capped,node-013,0.0,0.0,0.0,0.0,0.0,0.0,0.0,0.0,8632.084006510642,223.94657882999078,0.95,0.0,0.0,-39.31562250524912
66,capped,node-014,0.0,0.0,0.0,0.0,0.0,0.0,0.0,0.0,8632.084006510642,223.94657882999078,0.95,0.0,0.0,-39.31562250524912
66,capped,node-015,0.0,0.0,0.0,0.0,0.0,0.0,0.0,0.0,8632.084006510642,223.94657882999078,0.95,0.0,0.0,-39.31562250524912
66,capped,node-016,0.0,80.15726923667786,80.15726923667786,0.0,80157.26923667786,80157.26923667786,0.0,0.0,8632.084006510642,223.94657882999078,0.95,-57.10511309358656,0.0,-39.31562250524912
66,capped,node-017,0.0,0.0,0.0,0.0,0.0,0.0,0.0,0.0,8632.084006510642,223.94657882999078,0.95,-97.07203272744778,0.0,-39.31562250524912
66,capped,node-018,0.0,0.0,0.0,0.0,0.0,0.0,0.0,0.0,8632.084006510642,223.94657882999078,0.95,0.0,0.0,-39.31562250524912
66,capped,node-019,0.0,0.0,0.0,0.0,0.0,0.0,0.0,0.0,8632.084006510642,223.94657882999078,0.95,0.0,0.0,-39.31562250524912
66,capped,node-020,0.0,0.0,0.0,0.0,0.0,0.0,0.0,0.0,8632.084006510642,223.94657882999078,0.95,0.0,0.0,-39.31562250524912
66,capped,node-021,0.0,0.0,0.0,0.0,0.0,0.0,0.0,0.0,8632.084006510642,223.94657882999078,0.95,-29.78851421139923,0.0,-39.31562250524912
66,capped,node-022,11.361030936000816,13.61924372293349,105.08741575549925,0.09166529857973837,0.1098854539984536,0.8478869036150866,41.31345635345315,123.94036906035944,8632.084006510642,223.94657882999078,0.95,-68.77980639164647,-5.981198084369048,-109.32773498837703
66,capped,node-023,0.0,0.0,0.0,0.0,0.0,0.0,0.0,0.0,8632.084006510642,223.94657882999078,0.95,-19.744404730365112,0.0,-39.31562250524912
66,capped,node-024,0.0,0.0,0.0,0.0,0.0,0.0,0.0,0.0,8632.084006510642,223.94657882999078,0.95,-41.55217030240057,0.0,-39.31562250524912
66,capped,node-025,0.0,0.0,0.0,0.0,0.0,0.0,0.0,0.0,8632.084006510642,223.94657882999078,0.95,-25.55877598255767,0.0,-39.31562250524912
66,capped,node-026,0.0,0.0,0.0,0.0,0.0,0.0,0.0,0.0,8632.084006510642,223.94657882999078,0.95,0.0,0.0,-39.31562250524912
66,capped,node-027,0.0,0.0,26.23165412500352,0.0,0.0,26231.65412500352,0.0,0.0,8632.084006510642,223.94657882999078,0.95,-71.80806601596697,0.0,-39.31562250524912
66,capped,node-028,0.0,0.0,0.0,0.0,0.0,0.0,0.0,0.0,8632.084006510642,223.94657882999078,0.95,-15.874060950124786,0.0,-39.31562250524912
66,capped,node-029,0.0,0.0,8.946671173929722,0.0,0.0,8946.671173929722,0.0,0.0,8632.084006510642,223.94657882999078,0.95,-61.19455748581495,0.0,-39.31562250524912
66,proper_scoring,node-000,60.67626400053628,0.0,94.94462975974568,60676.26400053628,0.0,94944.62975974567,0.0,0.0,8632.084006510642,1158.4331198905818,0.95,-202.27461344526995,0.0,0.0
66,proper_scoring,node-001,0.0,0.0,0.0,0.0,0.0,0.0,0.0,0.0,8632.084006510642,1158.4331198905818,0.95,0.0,0.0,60.67626400053628
66,proper_scoring,node-002,0.0,0.0,0.0,0.0,0.0,0.0,0.0,0.0,8632.084006510642,1158.4331198905818,0.95,0.0,0.0,60.67626400053628
66,proper_scoring,node-003,595.238062631753,583.1330341803464,804.8215626572683,595238.062631753,583133.0341803464,804821.5626572683,0.0,0.0,8632.084006510642,1158.4331198905818,0.95,-235.76345033656736,0.0,60.67626400053628
66,proper_scoring,node-004,0.0,0.0,221.56554733749635,0.0,0.0,221565.54733749636,0.0,0.0,8632.084006510642,1158.4331198905818,0.95,-150.17485571672464,0.0,60.67626400053628
66,proper_scoring,node-005,0.0,0.0,0.0,0.0,0.0,0.0,0.0,0.0,8632.084006510642,1158.4331198905818,0.95,0.0,0.0,60.67626400053628
66,proper_scoring,node-006,0.0,0.0,0.0,0.0,0.0,0.0,0.0,0.0,8632.084006510642,1158.4331198905818,0.95,0.0,0.0,60.67626400053628
66,proper_scoring,node-007,0.0,0.0,134.95761589949433,0.0,0.0,134957.61589949433,0.0,0.0,8632.084006510642,1158.4331198905818,0.95,-246.8175571758593,0.0,60.67626400053628
66,proper_scoring,node-008,416.9119976194658,0.0,722.5170177510668,416911.9976194658,0.0,722517.0177510667,0.0,0.0,8632.084006510642,1158.4331198905818,0.95,-460.13095544125383,0.0,60.67626400053628
66,proper_scoring,node-009,0.0,0.0,0.0,0.0,0.0,0.0,0.0,0.0,8632.084006510642,1158.4331198905818,0.95,0.0,0.0,60.67626400053628
66,proper_scoring,node-010,0.0,0.0,0.0,0.0,0.0,0.0,0.0,0.0,8632.084006510642,1158.4331198905818,0.95,0.0,0.0,60.67626400053628
66,proper_scoring,node-011,144.08799097619806,399.72279942338525,456.9410037325048,0.21003480550962017,0.5826696580738662,0.6660757374581006,619.3487826049571,686.0195891180447,8632.084006510642,1158.4331198905818,0.95,-776.0134305011246,43.10584194204466,-558.6725186044208
66,proper_scoring,node-012,0.0,0.0,0.0,0.0,0.0,0.0,0.0,0.0,8632.084006510642,1158.4331198905818,0.95,0.0,0.0,60.67626400053628
66,proper_scoring,node-013,0.0,0.0,0.0,0.0,0.0,0.0,0.0,0.0,8632.084006510642,1158.4331198905818,0.95,0.0,0.0,60.67626400053628
66,proper_scoring,node-014,0.0,0.0,0.0,0.0,0.0,0.0,0.0,0.0,8632.084006510642,1158.4331198905818,0.95,0.0,0.0,60.67626400053628
66,proper_scoring,node-015,0.0,0.0,0.0,0.0,0.0,0.0,0.0,0.0,8632.084006510642,1158.4331198905818,0.95,0.0,0.0,60.67626400053628
66,proper_scoring,node-016,43.560044745767215,409.4913744916296,651.3158180973595,43560.04474576721,409491.3744916296,651315.8180973595,0.0,0.0,8632.084006510642,1158.4331198905818,0.95,-228.42045237434624,0.0,60.67626400053628
66,proper_scoring,node-017,0.0,0.0,352.9279672725523,0.0,0.0,352927.96727255225,0.0,0.0,8632.084006510642,1158.4331198905818,0.95,-376.91296536938637,0.0,60.67626400053628
66,proper_scoring,node-018,0.0,0.0,0.0,0.0,0.0,0.0,0.0,0.0,8632.084006510642,1158.4331198905818,0.95,0.0,0.0,60.67626400053628
66,proper_scoring,node-019,0.0,0.0,0.0,0.0,0.0,0.0,0.0,0.0,8632.084006510642,1158.4331198905818,0.95,0.0,0.0,60.67626400053628
66,proper_scoring,node-020,0.0,0.0,0.0,0.0,0.0,0.0,0.0,0.0,8632.084006510642,1158.4331198905818,0.95,0.0,0.0,60.67626400053628
66,proper_scoring,node-021,0.0,0.0,191.3724042967138,0.0,0.0,191372.4042967138,0.0,0.0,8632.084006510642,1158.4331198905818,0.95,-119.15405684559694,0.0,60.67626400053628
66,proper_scoring,node-022,121.76535939943386,165.14608201075572,165.14608201075572,0.2577516338287583,0.34957949180814646,0.34957949180814646,389.7866180656309,472.41353077253723,8632.084006510642,1158.4331198905818,0.95,-499.6520182184041,93.58256240482461,-257.817123688984
66,proper_scoring,node-023,0.0,0.0,30.236213352454925,0.0,0.0,30236.213352454924,0.0,0.0,8632.084006510642,1158.4331198905818,0.95,-66.97940756559814,0.0,60.67626400053628
66,proper_scoring,node-024,0.0,0.0,0.0,0.0,0.0,0.0,0.0,0.0,8632.084006510642,1158.4331198905818,0.95,-141.55217030240055,0.0,60.67626400053628
66,proper_scoring,node-025,0.0,0.0,151.72667758802197,0.0,0.0,151726.67758802196,0.0,0.0,8632.084006510642,1158.4331198905818,0.95,-102.23510393023068,0.0,60.67626400053628
66,proper_scoring,node-026,0.0,0.0,0.0,0.0,0.0,0.0,0.0,0.0,8632.084006510642,1158.4331198905818,0.95,0.0,0.0,60.67626400053628
66,proper_scoring,node-027,0.0,0.0,290.5582223448022,0.0,0.0,290558.22234480217,0.0,0.0,8632.084006510642,1158.4331198905818,0.95,-287.2322640638679,0.0,60.67626400053628
66,proper_scoring,node-028,0.0,0.0,34.06372796923037,0.0,0.0,34063.72796923037,0.0,0.0,8632.084006510642,1158.4331198905818,0.95,-60.94784219183866,0.0,60.67626400053628
66,proper_scoring,node-029,36.682127428330396,0.0,528.9062476997284,36682.127428330394,0.0,528906.2476997284,0.0,0.0,8632.084006510642,1158.4331198905818,0.95,-244.77822994325982,0.0,60.67626400053628
66,audits,node-000,60.67626400053628,0.0,94.94462975974568,60676.26400053628,0.0,94944.62975974567,0.0,0.0,8632.084006510642,1129.8511059102518,0.95,-205.05537024025432,0.0,0.0
66,audits,node-001,0.0,0.0,0.0,0.0,0.0,0.0,0.0,0.0,8632.084006510642,1129.8511059102518,0.95,0.0,0.0,60.67626400053628
66,audits,node-002,0.0,0.0,0.0,0.0,0.0,0.0,0.0,0.0,8632.084006510642,1129.8511059102518,0.95,0.0,0.0,60.67626400053628
66,audits,node-003,496.85334145675984,583.1330341803464,678.6367780294687,496853.34145675984,583133.0341803464,678636.7780294687,0.0,0.0,8632.084006510642,1129.8511059102518,0.95,-1558.9408625841418,0.0,60.67626400053628
66,audits,node-004,0.0,0.0,96.93436706676238,0.0,0.0,96934.36706676238,0.0,0.0,8632.084006510642,1129.8511059102518,0.95,-448.21450493672927,0.0,60.67626400053628
66,audits,node-005,0.0,0.0,0.0,0.0,0.0,0.0,0.0,0.0,8632.084006510642,1129.8511059102518,0.95,0.0,0.0,60.67626400053628
66,audits,node-006,0.0,0.0,0.0,0.0,0.0,0.0,0.0,0.0,8632.084006510642,1129.8511059102518,0.95,0.0,0.0,60.67626400053628
66,audits,node-007,0.0,0.0,134.95761589949433,0.0,0.0,134957.61589949433,0.0,0.0,8632.084006510642,1129.8511059102518,0.95,-265.04238410050567,0.0,60.67626400053628
66,audits,node-008,385.1137431311056,0.0,679.8953299862787,385113.7431311056,0.0,679895.3299862788,0.0,0.0,8632.084006510642,1129.8511059102518,0.95,-1620.104670013721,0.0,60.67626400053628
66,audits,node-009,0.0,0.0,0.0,0.0,0.0,0.0,0.0,0.0,8632.084006510642,1129.8511059102518,0.95,0.0,0.0,60.67626400053628
66,audits,node-010,0.0,0.0,0.0,0.0,0.0,0.0,0.0,0.0,8632.084006510642,1129.8511059102518,0.95,0.0,0.0,60.67626400053628
66,audits,node-011,139.45762001632738,387.56555532345635,449.41413059244655,0.2121229836720466,0.589509285717769,0.6835844916504914,590.7667686246273,657.4375751377148,8632.084006510642,1129.8511059102518,0.95,-2129.9329305986694,42.17976775007048,-530.090504624091
66,audits,node-012,0.0,0.0,0.0,0.0,0.0,0.0,0.0,0.0,8632.084006510642,1129.8511059102518,0.95,0.0,0.0,60.67626400053628
66,audits,node-013,0.0,0.0,0.0,0.0,0.0,0.0,0.0,0.0,8632.084006510642,1129.8511059102518,0.95,0.0,0.0,60.67626400053628
66,audits,node-014,0.0,0.0,0.0,0.0,0.0,0.0,0.0,0.0,8632.084006510642,1129.8511059102518,0.95,0.0,0.0,60.67626400053628
66,audits,node-015,0.0,0.0,0.0,0.0,0.0,0.0,0.0,0.0,8632.084006510642,1129.8511059102518,0.95,0.0,0.0,60.67626400053628
66,audits,node-016,43.560044745767215,387.46258087996597,496.21872221432847,43560.04474576721,387462.580879966,496218.7222143285,0.0,0.0,8632.084006510642,1129.8511059102518,0.95,-1481.1080126119393,0.0,60.67626400053628
66,audits,node-017,0.0,0.0,352.9279672725523,0.0,0.0,352927.96727255225,0.0,0.0,8632.084006510642,1129.8511059102518,0.95,-547.0720327274479,0.0,60.67626400053628
66,audits,node-018,0.0,0.0,0.0,0.0,0.0,0.0,0.0,0.0,8632.084006510642,1129.8511059102518,0.95,0.0,0.0,60.67626400053628
66,audits,node-019,0.0,0.0,0.0,0.0,0.0,0.0,0.0,0.0,8632.084006510642,1129.8511059102518,0.95,0.0,0.0,60.67626400053628
66,audits,node-020,0.0,0.0,0.0,0.0,0.0,0.0,0.0,0.0,8632.084006510642,1129.8511059102518,0.95,0.0,0.0,60.67626400053628
66,audits,node-021,0.0,0.0,131.5304119222694,0.0,0.0,131530.41192226938,0.0,0.0,8632.084006510642,1129.8511059102518,0.95,-338.6122127343688,0.0,60.67626400053628
66,audits,node-022,121.76535939943386,165.14608201075572,165.14608201075572,0.2577516338287583,0.34957949180814646,0.34957949180814646,389.7866180656309,472.41353077253723,8632.084006510642,1129.8511059102518,0.95,-917.2529681038243,93.58256240482461,-257.817123688984
66,audits,node-023,0.0,0.0,30.236213352454925,0.0,0.0,30236.213352454924,0.0,0.0,8632.084006510642,1129.8511059102518,0.95,-66.97940756559814,0.0,60.67626400053628
66,audits,node-024,0.0,0.0,0.0,0.0,0.0,0.0,0.0,0.0,8632.084006510642,1129.8511059102518,0.95,-141.55217030240055,0.0,60.67626400053628
66,audits,node-025,0.0,0.0,90.44492408029177,0.0,0.0,90444.92408029176,0.0,0.0,8632.084006510642,1129.8511059102518,0.95,-275.3545308938913,0.0,60.67626400053628
66,audits,node-026,0.0,0.0,0.0,0.0,0.0,0.0,0.0,0.0,8632.084006510642,1129.8511059102518,0.95,0.0,0.0,60.67626400053628
66,audits,node-027,0.0,0.0,228.19193398403303,0.0,0.0,228191.93398403304,0.0,0.0,8632.084006510642,1129.8511059102518,0.95,-571.8080660159669,0.0,60.67626400053628
66,audits,node-028,0.0,0.0,34.06372796923037,0.0,0.0,34063.72796923037,0.0,0.0,8632.084006510642,1129.8511059102518,0.95,-60.94784219183866,0.0,60.67626400053628
66,audits,node-029,31.66688027667265,0.0,363.63215673514736,31666.880276672648,0.0,363632.15673514735,0.0,0.0,8632.084006510642,1129.8511059102518,0.95,-1368.643011222973,0.0,60.67626400053628
68,greedy,node-000,0.0,0.0,0.0,0.0,0.0,0.0,0.0,0.0,8230.093100503496,366.2905358924055,0.95,0.0,0.0,-44.66405915036316
68,greedy,node-001,12.455525878297346,0.0,12.455525878297346,12455.525878297345,0.0,12455.525878297345,0.0,0.0,8230.093100503496,366.2905358924055,0.95,-44.66405915036316,0.0,0.0
68,greedy,node-002,0.0,0.0,0.0,0.0,0.0,0.0,0.0,0.0,8230.093100503496,366.2905358924055,0.95,0.0,0.0,0.0
68,greedy,node-003,0.0,0.0,0.0,0.0,0.0,0.0,0.0,0.0,8230.093100503496,366.2905358924055,0.95,0.0,0.0,0.0
68,greedy,node-004,0.0,0.0,0.0,0.0,0.0,0.0,0.0,0.0,8230.093100503496,366.2905358924055,0.95,0.0,0.0,0.0
68,greedy,node-005,0.0,0.0,0.0,0.0,0.0,0.0,0.0,0.0,8230.093100503496,366.2905358924055,0.95,0.0,0.0,0.0
68,greedy,node-006,0.0,0.0,0.0,0.0,0.0,0.0,0.0,0.0,8230.093100503496,366.2905358924055,0.95,0.0,0.0,0.0
68,greedy,node-007,0.0,0.0,0.0,0.0,0.0,0.0,0.0,0.0,8230.093100503496,366.2905358924055,0.95,0.0,0.0,0.0
68,greedy,node-008,11.458855324554378,0.0,11.458855324554378,11458.855324554377,0.0,11458.855324554377,0.0,0.0,8230.093100503496,366.2905358924055,0.95,-68.6067630395527,0.0,0.0
68,greedy,node-009,0.0,0.0,0.0,0.0,0.0,0.0,0.0,0.0,8230.093100503496,366.2905358924055,0.95,0.0,0.0,0.0
68,greedy,node-010,0.0,0.0,0.0,0.0,0.0,0.0,0.0,0.0,8230.093100503496,366.2905358924055,0.95,0.0,0.0,0.0
68,greedy,node-011,0.0,0.0,0.0,0.0,0.0,0.0,0.0,0.0,8230.093100503496,366.2905358924055,0.95,-15.99172947657489,0.0,0.0
68,greedy,node-012,23.043259496587126,0.0,23.043259496587126,0.06290978673649344,0.0,0.06290978673649344,122.09684529746852,366.2905358924055,8230.093100503496,366.2905358924055,0.95,-183.14526794620278,-36.62905358924057,-139.43899335907594
68,greedy,node-013,0.0,0.0,0.0,0.0,0.0,0.0,0.0,0.0,8230.093100503496,366.2905358924055,0.95,0.0,0.0,0.0
68,greedy,node-014,0.0,0.0,0.0,0.0,0.0,0.0,0.0,0.0,8230.093100503496,366.2905358924055,0.95,0.0,0.0,0.0
68,greedy,node-015,0.0,0.0,0.0,0.0,0.0,0.0,0.0,0.0,8230.093100503496,366.2905358924055,0.95,0.0,0.0,0.0
68,greedy,node-016,0.0,0.0,0.0,0.0,0.0,0.0,0.0,0.0,8230.093100503496,366.2905358924055,0.95,0.0,0.0,0.0
68,greedy,node-017,0.0,0.0,0.0,0.0,0.0,0.0,0.0,0.0,8230.093100503496,366.2905358924055,0.95,0.0,0.0,0.0
68,greedy,node-018,13.505260397335283,0.0,13.505260397335283,13505.260397335282,0.0,13505.260397335282,0.0,0.0,8230.093100503496,366.2905358924055,0.95,-85.61130676182741,0.0,0.0
68,greedy,node-019,0.0,0.0,0.0,0.0,0.0,0.0,0.0,0.0,8230.093100503496,366.2905358924055,0.95,0.0,0.0,0.0
68,greedy,node-020,0.0,0.0,0.0,0.0,0.0,0.0,0.0,0.0,8230.093100503496,366.2905358924055,0.95,0.0,0.0,0.0
68,greedy,node-021,0.0,0.0,0.0,0.0,0.0,0.0,0.0,0.0,8230.093100503496,366.2905358924055,0.95,0.0,0.0,0.0
68,greedy,node-022,0.0,0.0,0.0,0.0,0.0,0.0,0.0,0.0,8230.093100503496,366.2905358924055,0.95,0.0,0.0,0.0
68,greedy,node-023,0.0,0.0,0.0,0.0,0.0,0.0,0.0,0.0,8230.093100503496,366.2905358924055,0.95,0.0,0.0,0.0
68,greedy,node-024,0.0,0.0,0.0,0.0,0.0,0.0,0.0,0.0,8230.093100503496,366.2905358924055,0.95,0.0,0.0,0.0
68,greedy,node-025,0.0,0.0,0.0,0.0,0.0,0.0,0.0,0.0,8230.093100503496,366.2905358924055,0.95,0.0,0.0,0.0
68,greedy,node-026,0.0,0.0,0.0,0.0,0.0,0.0,0.0,0.0,8230.093100503496,366.2905358924055,0.95,0.0,0.0,0.0
68,greedy,node-027,0.0,0.0,0.0,0.0,0.0,0.0,0.0,0.0,8230.093100503496,366.2905358924055,0.95,0.0,0.0,0.0
68,greedy,node-028,0.0,0.0,0.0,0.0,0.0,0.0,0.0,0.0,8230.093100503496,366.2905358924055,0.95,0.0,0.0,0.0
68,greedy,node-029,0.0,0.0,0.0,0.0,0.0,0.0,0.0,0.0,8230.093100503496,366.2905358924055,0.95,0.0,0.0,0.0
68,trust_vcg,node-000,0.0,0.0,0.0,0.0,0.0,0.0,0.0,0.0,8062.496695930972,821.8835177510479,0.9444444444444444,0.0,0.0,372.592285370311
68,trust_vcg,node-001,372.592285370311,438.80379529215475,488.1823506393689,372592.285370311,438803.7952921547,488182.3506393689,0.0,0.0,8062.496695930972,821.8835177510479,0.9444444444444444,-5599.636439339537,0.0,0.0
68,trust_vcg,node-002,0.0,0.0,0.0,0.0,0.0,0.0,0.0,0.0,8062.496695930972,821.8835177510479,0.9444444444444444,0.0,0.0,0.0
68,trust_vcg,node-003,0.0,0.0,0.0,0.0,0.0,0.0,0.0,0.0,8062.496695930972,821.8835177510479,0.9444444444444444,0.0,0.0,0.0
68,trust_vcg,node-004,0.0,0.0,0.0,0.0,0.0,0.0,0.0,0.0,8062.496695930972,821.8835177510479,0.9444444444444444,0.0,0.0,0.0
68,trust_vcg,node-005,0.0,0.0,0.0,0.0,0.0,0.0,0.0,0.0,8062.496695930972,821.8835177510479,0.9444444444444444,0.0,0.0,0.0
68,trust_vcg,node-006,34.8769942392026,0.0,313.9673712808385,34876.9942392026,0.0,313967.3712808385,0.0,0.0,8062.496695930972,821.8835177510479,0.9444444444444444,-5086.032628719162,0.0,0.0
68,trust_vcg,node-007,0.0,0.0,0.0,0.0,0.0,0.0,0.0,0.0,8062.496695930972,821.8835177510479,0.9444444444444444,0.0,0.0,0.0
68,trust_vcg,node-008,0.0,0.0,0.0,0.0,0.0,0.0,0.0,0.0,8062.496695930972,821.8835177510479,0.9444444444444444,-10462.953074360783,0.0,0.0
68,trust_vcg,node-009,0.0,0.0,179.0018368163658,0.0,0.0,179001.8368163658,0.0,0.0,8062.496695930972,821.8835177510479,0.9444444444444444,-3420.998163183634,0.0,0.0
68,trust_vcg,node-010,0.0,0.0,0.0,0.0,0.0,0.0,0.0,0.0,8062.496695930972,821.8835177510479,0.9444444444444444,0.0,0.0,0.0
68,trust_vcg,node-011,88.22191793284907,0.002951364906607523,88.22929634511559,0.17060977846374015,5.707557993300877e-06,0.1706240473587234,305.69725382255467,517.0976641974771,8062.496695930972,821.8835177510479,0.9444444444444444,-5911.770703654885,-31.710061556238372,-305.69725382255467
68,trust_vcg,node-012,63.69052120877413,295.926649258176,327.93482180597096,0.20896810159064547,0.9709330200463603,1.0759515836529192,172.38113373552525,304.7858535535706,8062.496695930972,821.8835177510479,0.9444444444444444,-11233.42955638426,31.87440818024365,7.16876294706924
68,trust_vcg,node-013,0.0,0.0,0.0,0.0,0.0,0.0,0.0,0.0,8062.496695930972,821.8835177510479,0.9444444444444444,0.0,0.0,0.0
68,trust_vcg,node-014,0.0,0.0,0.0,0.0,0.0,0.0,0.0,0.0,8062.496695930972,821.8835177510479,0.9444444444444444,0.0,0.0,0.0
68,trust_vcg,node-015,0.0,0.0,0.0,0.0,0.0,0.0,0.0,0.0,8062.496695930972,821.8835177510479,0.9444444444444444,0.0,0.0,0.0
68,trust_vcg,node-016,0.0,0.0,0.0,0.0,0.0,0.0,0.0,0.0,8062.496695930972,821.8835177510479,0.9444444444444444,-3408.6877125477595,0.0,0.0
68,trust_vcg,node-017,0.0,0.0,0.0,0.0,0.0,0.0,0.0,0.0,8062.496695930972,821.8835177510479,0.9444444444444444,-3969.0456324836086,0.0,0.0
68,trust_vcg,node-018,0.0,23.7422694605403,299.3789230248786,0.0,23742.269460540298,299378.9230248786,0.0,0.0,8062.496695930972,821.8835177510479,0.9444444444444444,-5561.871134730271,0.0,0.0
68,trust_vcg,node-019,0.0,0.0,269.8803146717598,0.0,0.0,269880.3146717598,0.0,0.0,8062.496695930972,821.8835177510479,0.9444444444444444,-3930.1196853282404,0.0,0.0
68,trust_vcg,node-020,234.62076500714582,224.06554284245556,395.45172740991813,234620.76500714582,224065.54284245556,395451.72740991815,0.0,0.0,8062.496695930972,821.8835177510479,0.9444444444444444,-5604.548272590083,0.0,0.0
68,trust_vcg,node-021,0.0,0.0,230.1617384984705,0.0,0.0,230161.73849847048,0.0,0.0,8062.496695930972,821.8835177510479,0.9444444444444444,-3334.486660715408,0.0,0.0
68,trust_vcg,node-022,0.0,0.0,0.0,0.0,0.0,0.0,0.0,0.0,8062.496695930972,821.8835177510479,0.9444444444444444,0.0,0.0,0.0
68,trust_vcg,node-023,0.0,0.0,0.0,0.0,0.0,0.0,0.0,0.0,8062.496695930972,821.8835177510479,0.9444444444444444,0.0,0.0,0.0
68,trust_vcg,node-024,0.0,0.0,28.53152504214208,0.0,0.0,28531.52504214208,0.0,0.0,8062.496695930972,821.8835177510479,0.9444444444444444,-571.4684749578579,0.0,0.0
68,trust_vcg,node-025,0.0,0.0,0.0,0.0,0.0,0.0,0.0,0.0,8062.496695930972,821.8835177510479,0.9444444444444444,0.0,0.0,0.0
68,trust_vcg,node-026,0.0,0.0,0.0,0.0,0.0,0.0,0.0,0.0,8062.496695930972,821.8835177510479,0.9444444444444444,0.0,0.0,0.0
68,trust_vcg,node-027,0.0,0.0,0.0,0.0,0.0,0.0,0.0,0.0,8062.496695930972,821.8835177510479,0.9444444444444444,0.0,0.0,0.0
68,trust_vcg,node-028,0.0,0.0,0.0,0.0,0.0,0.0,0.0,0.0,8062.496695930972,821.8835177510479,0.9444444444444444,0.0,0.0,0.0
68,trust_vcg,node-029,0.0,0.0,0.0,0.0,0.0,0.0,0.0,0.0,8062.496695930972,821.8835177510479,0.9444444444444444,0.0,0.0,0.0
68,contingent,node-000,0.0,0.0,0.0,0.0,0.0,0.0,0.0,0.0,8062.496695930972,495.8150700576562,0.9444444444444444,0.0,0.0,-76.36470127873775
68,contingent,node-001,22.20094882303869,88.80379529215477,88.80379529215477,22200.94882303869,88803.79529215477,88803.79529215477,0.0,0.0,8062.496695930972,495.8150700576562,0.9444444444444444,-398.5457573581486,0.0,0.0
68,contingent,node-002,0.0,0.0,0.0,0.0,0.0,0.0,0.0,0.0,8062.496695930972,495.8150700576562,0.9444444444444444,0.0,0.0,0.0
68,contingent,node-003,0.0,0.0,0.0,0.0,0.0,0.0,0.0,0.0,8062.496695930972,495.8150700576562,0.9444444444444444,0.0,0.0,0.0
68,contingent,node-004,0.0,0.0,0.0,0.0,0.0,0.0,0.0,0.0,8062.496695930972,495.8150700576562,0.9444444444444444,0.0,0.0,0.0
68,contingent,node-005,0.0,0.0,0.0,0.0,0.0,0.0,0.0,0.0,8062.496695930972,495.8150700576562,0.9444444444444444,0.0,0.0,0.0
68,contingent,node-006,0.0,0.0,0.0,0.0,0.0,0.0,0.0,0.0,8062.496695930972,495.8150700576562,0.9444444444444444,-544.1305148766457,0.0,0.0
68,contingent,node-007,0.0,0.0,0.0,0.0,0.0,0.0,0.0,0.0,8062.496695930972,495.8150700576562,0.9444444444444444,0.0,0.0,0.0
68,contingent,node-008,0.0,36.66072772357195,36.66072772357195,0.0,36660.72772357195,36660.72772357195,0.0,0.0,8062.496695930972,495.8150700576562,0.9444444444444444,-384.47416319146623,0.0,0.0
68,contingent,node-009,0.0,0.0,0.0,0.0,0.0,0.0,0.0,0.0,8062.496695930972,495.8150700576562,0.9444444444444444,-483.99265273453693,0.0,0.0
68,contingent,node-010,0.0,0.0,0.0,0.0,0.0,0.0,0.0,0.0,8062.496695930972,495.8150700576562,0.9444444444444444,0.0,0.0,0.0
68,contingent,node-011,41.56553392994837,0.0,41.56553392994837,0.13107995345966492,0.0,0.13107995345966492,105.70020518746125,317.10061556238384,8062.496695930972,495.8150700576562,0.9444444444444444,-529.99400451678,-31.710061556238344,-105.70020518746125
68,contingent,node-012,0.0,52.10542308467864,277.83497898923594,0.0,0.2915568482238071,1.5546307083772313,46.30973467722709,178.7144544952725,8062.496695930972,495.8150700576562,0.9444444444444444,-290.5034252721641,-15.18237957053491,-66.24838081705164
68,contingent,node-013,0.0,0.0,0.0,0.0,0.0,0.0,0.0,0.0,8062.496695930972,495.8150700576562,0.9444444444444444,0.0,0.0,0.0
68,contingent,node-014,0.0,0.0,0.0,0.0,0.0,0.0,0.0,0.0,8062.496695930972,495.8150700576562,0.9444444444444444,0.0,0.0,0.0
68,contingent,node-015,0.0,0.0,0.0,0.0,0.0,0.0,0.0,0.0,8062.496695930972,495.8150700576562,0.9444444444444444,0.0,0.0,0.0
68,contingent,node-016,0.0,0.0,0.0,0.0,0.0,0.0,0.0,0.0,8062.496695930972,495.8150700576562,0.9444444444444444,-434.75085019103733,0.0,0.0
68,contingent,node-017,0.0,0.0,0.0,0.0,0.0,0.0,0.0,0.0,8062.496695930972,495.8150700576562,0.9444444444444444,-476.18252993443525,0.0,0.0
68,contingent,node-018,0.0,104.12017688186046,192.02135583259576,0.0,104120.17688186046,192021.35583259576,0.0,0.0,8062.496695930972,495.8150700576562,0.9444444444444444,-247.48453892108077,0.0,0.0
68,contingent,node-019,0.0,0.0,0.0,0.0,0.0,0.0,0.0,0.0,8062.496695930972,495.8150700576562,0.9444444444444444,-320.47874131296084,0.0,0.0
68,contingent,node-020,0.0,74.06554284245556,74.06554284245556,0.0,74065.54284245556,74065.54284245556,0.0,0.0,8062.496695930972,495.8150700576562,0.9444444444444444,-418.19309036032723,0.0,0.0
68,contingent,node-021,0.0,0.0,0.0,0.0,0.0,0.0,0.0,0.0,8062.496695930972,495.8150700576562,0.9444444444444444,-277.2701532092158,0.0,0.0
68,contingent,node-022,0.0,0.0,0.0,0.0,0.0,0.0,0.0,0.0,8062.496695930972,495.8150700576562,0.9444444444444444,0.0,0.0,0.0
68,contingent,node-023,0.0,0.0,0.0,0.0,0.0,0.0,0.0,0.0,8062.496695930972,495.8150700576562,0.9444444444444444,0.0,0.0,0.0
68,contingent,node-024,0.0,0.0,0.0,0.0,0.0,0.0,0.0,0.0,8062.496695930972,495.8150700576562,0.9444444444444444,-85.87389983143169,0.0,0.0
68,contingent,node-025,0.0,0.0,0.0,0.0,0.0,0.0,0.0,0.0,8062.496695930972,495.8150700576562,0.9444444444444444,0.0,0.0,0.0
68,contingent,node-026,0.0,0.0,0.0,0.0,0.0,0.0,0.0,0.0,8062.496695930972,495.8150700576562,0.9444444444444444,0.0,0.0,0.0
68,contingent,node-027,0.0,0.0,0.0,0.0,0.0,0.0,0.0,0.0,8062.496695930972,495.8150700576562,0.9444444444444444,0.0,0.0,0.0
68,contingent,node-028,0.0,0.0,0.0,0.0,0.0,0.0,0.0,0.0,8062.496695930972,495.8150700576562,0.9444444444444444,0.0,0.0,0.0
68,contingent,node-029,0.0,0.0,0.0,0.0,0.0,0.0,0.0,0.0,8062.496695930972,495.8150700576562,0.9444444444444444,0.0,0.0,0.0
68,capped,node-000,0.0,0.0,0.0,0.0,0.0,0.0,0.0,0.0,8062.496695930972,515.7076952894517,0.9444444444444444,0.0,0.0,-76.36470127873775
68,capped,node-001,22.20094882303869,88.80379529215477,88.80379529215477,22200.94882303869,88803.79529215477,88803.79529215477,0.0,0.0,8062.496695930972,515.7076952894517,0.9444444444444444,-99.63643933953715,0.0,0.0
68,capped,node-002,0.0,0.0,0.0,0.0,0.0,0.0,0.0,0.0,8062.496695930972,515.7076952894517,0.9444444444444444,0.0,0.0,0.0
68,capped,node-003,0.0,0.0,0.0,0.0,0.0,0.0,0.0,0.0,8062.496695930972,515.7076952894517,0.9444444444444444,0.0,0.0,0.0
68,capped,node-004,0.0,0.0,0.0,0.0,0.0,0.0,0.0,0.0,8062.496695930972,515.7076952894517,0.9444444444444444,0.0,0.0,0.0
68,capped,node-005,0.0,0.0,0.0,0.0,0.0,0.0,0.0,0.0,8062.496695930972,515.7076952894517,0.9444444444444444,0.0,0.0,0.0
68,capped,node-006,0.0,0.0,0.0,0.0,0.0,0.0,0.0,0.0,8062.496695930972,515.7076952894517,0.9444444444444444,-136.03262871916144,0.0,0.0
68,capped,node-007,0.0,0.0,0.0,0.0,0.0,0.0,0.0,0.0,8062.496695930972,515.7076952894517,0.9444444444444444,0.0,0.0,0.0
68,capped,node-008,0.0,69.91772759695218,69.91772759695218,0.0,69917.72759695217,69917.72759695217,0.0,0.0,8062.496695930972,515.7076952894517,0.9444444444444444,-96.11854079786656,0.0,0.0
68,capped,node-009,0.0,0.0,0.0,0.0,0.0,0.0,0.0,0.0,8062.496695930972,515.7076952894517,0.9444444444444444,-120.99816318363422,0.0,0.0
68,capped,node-010,0.0,0.0,0.0,0.0,0.0,0.0,0.0,0.0,8062.496695930972,515.7076952894517,0.9444444444444444,0.0,0.0,0.0
68,capped,node-011,41.56553392994837,0.0,41.56553392994837,0.13107995345966492,0.0,0.13107995345966492,105.70020518746125,317.10061556238384,8062.496695930972,515.7076952894517,0.9444444444444444,-211.77365501979097,-31.710061556238344,-105.70020518746125
68,capped,node-012,0.0,52.10542308467865,297.7276042210315,0.0,0.26235430859908676,1.4990785053089644,66.20235990902269,198.60707972706808,8062.496695930972,515.7076952894517,0.9444444444444444,-127.25078255775696,-17.171642093714468,-86.14100604884725
68,capped,node-013,0.0,0.0,0.0,0.0,0.0,0.0,0.0,0.0,8062.496695930972,515.7076952894517,0.9444444444444444,0.0,0.0,0.0
68,capped,node-014,0.0,0.0,0.0,0.0,0.0,0.0,0.0,0.0,8062.496695930972,515.7076952894517,0.9444444444444444,0.0,0.0,0.0
68,capped,node-015,0.0,0.0,0.0,0.0,0.0,0.0,0.0,0.0,8062.496695930972,515.7076952894517,0.9444444444444444,0.0,0.0,0.0
68,capped,node-016,0.0,0.0,0.0,0.0,0.0,0.0,0.0,0.0,8062.496695930972,515.7076952894517,0.9444444444444444,-108.68771254775933,0.0,0.0
68,capped,node-017,0.0,0.0,0.0,0.0,0.0,0.0,0.0,0.0,8062.496695930972,515.7076952894517,0.9444444444444444,-119.04563248360881,0.0,0.0
68,capped,node-018,0.0,123.74226946054038,216.54897155594568,0.0,123742.26946054038,216548.97155594567,0.0,0.0,8062.496695930972,515.7076952894517,0.9444444444444444,-61.87113473027019,0.0,0.0
68,capped,node-019,0.0,0.0,0.0,0.0,0.0,0.0,0.0,0.0,8062.496695930972,515.7076952894517,0.9444444444444444,-80.11968532824022,0.0,0.0
68,capped,node-020,0.0,74.06554284245556,74.06554284245556,0.0,74065.54284245556,74065.54284245556,0.0,0.0,8062.496695930972,515.7076952894517,0.9444444444444444,-104.54827259008182,0.0,0.0
68,capped,node-021,0.0,0.0,0.0,0.0,0.0,0.0,0.0,0.0,8062.496695930972,515.7076952894517,0.9444444444444444,-69.31753830230394,0.0,0.0
68,capped,node-022,0.0,0.0,0.0,0.0,0.0,0.0,0.0,0.0,8062.496695930972,515.7076952894517,0.9444444444444444,0.0,0.0,0.0
68,capped,node-023,0.0,0.0,0.0,0.0,0.0,0.0,0.0,0.0,8062.496695930972,515.7076952894517,0.9444444444444444,0.0,0.0,0.0
68,capped,node-024,0.0,0.0,0.0,0.0,0.0,0.0,0.0,0.0,8062.496695930972,515.7076952894517,0.9444444444444444,-21.46847495785792,0.0,0.0
68,capped,node-025,0.0,0.0,0.0,0.0,0.0,0.0,0.0,0.0,8062.496695930972,515.7076952894517,0.9444444444444444,0.0,0.0,0.0
68,capped,node-026,0.0,0.0,0.0,0.0,0.0,0.0,0.0,0.0,8062.496695930972,515.7076952894517,0.9444444444444444,0.0,0.0,0.0
68,capped,node-027,0.0,0.0,0.0,0.0,0.0,0.0,0.0,0.0,8062.496695930972,515.7076952894517,0.9444444444444444,0.0,0.0,0.0
68,capped,node-028,0.0,0.0,0.0,0.0,0.0,0.0,0.0,0.0,8062.496695930972,515.7076952894517,0.9444444444444444,0.0,0.0,0.0
68,capped,node-029,0.0,0.0,0.0,0.0,0.0,0.0,0.0,0.0,8062.496695930972,515.7076952894517,0.9444444444444444,0.0,0.0,0.0
68,proper_scoring,node-000,0.0,0.0,0.0,0.0,0.0,0.0,0.0,0.0,8062.496695930972,1333.4107722542062,0.9444444444444444,0.0,0.0,372.592285370311
68,proper_scoring,node-001,372.592285370311,438.80379529215475,488.1823506393689,372592.285370311,438803.7952921547,488182.3506393689,0.0,0.0,8062.496695930972,1333.4107722542062,0.9444444444444444,-376.4006523286931,0.0,0.0
68,proper_scoring,node-002,0.0,0.0,0.0,0.0,0.0,0.0,0.0,0.0,8062.496695930972,1333.4107722542062,0.9444444444444444,0.0,0.0,0.0
68,proper_scoring,node-003,0.0,0.0,0.0,0.0,0.0,0.0,0.0,0.0,8062.496695930972,1333.4107722542062,0.9444444444444444,0.0,0.0,0.0
68,proper_scoring,node-004,0.0,0.0,0.0,0.0,0.0,0.0,0.0,0.0,8062.496695930972,1333.4107722542062,0.9444444444444444,0.0,0.0,0.0
68,proper_scoring,node-005,0.0,0.0,0.0,0.0,0.0,0.0,0.0,0.0,8062.496695930972,1333.4107722542062,0.9444444444444444,0.0,0.0,0.0
68,proper_scoring,node-006,34.8769942392026,0.0,313.9673712808385,34876.9942392026,0.0,313967.3712808385,0.0,0.0,8062.496695930972,1333.4107722542062,0.9444444444444444,-493.30010395691306,0.0,0.0
68,proper_scoring,node-007,0.0,0.0,0.0,0.0,0.0,0.0,0.0,0.0,8062.496695930972,1333.4107722542062,0.9444444444444444,0.0,0.0,0.0
68,proper_scoring,node-008,76.71394712663034,336.3668715293244,558.690896936147,76713.94712663034,336366.8715293244,558690.896936147,0.0,0.0,8062.496695930972,1333.4107722542062,0.9444444444444444,-379.4863186070121,0.0,0.0
68,proper_scoring,node-009,0.0,0.0,179.0018368163658,0.0,0.0,179001.8368163658,0.0,0.0,8062.496695930972,1333.4107722542062,0.9444444444444444,-405.9120583309877,0.0,0.0
68,proper_scoring,node-010,0.0,0.0,0.0,0.0,0.0,0.0,0.0,0.0,8062.496695930972,1333.4107722542062,0.9444444444444444,0.0,0.0,0.0
68,proper_scoring,node-011,88.22191793284907,0.002951364906607523,88.22929634511559,0.17060977846374015,5.707557993300877e-06,0.1706240473587234,305.69725382255467,517.0976641974771,8062.496695930972,1333.4107722542062,0.9444444444444444,-729.9910531518735,-31.710061556238372,-305.69725382255467
68,proper_scoring,node-012,56.50769015248284,314.5067695232224,341.54178576306845,0.0692230586459674,0.3852771276354001,0.4183955670834744,683.9083882386833,816.3131080567285,8062.496695930972,1333.4107722542062,0.9444444444444444,-928.1020788336203,33.863670703423395,-504.3584915560888
68,proper_scoring,node-013,0.0,0.0,0.0,0.0,0.0,0.0,0.0,0.0,8062.496695930972,1333.4107722542062,0.9444444444444444,0.0,0.0,0.0
68,proper_scoring,node-014,0.0,0.0,0.0,0.0,0.0,0.0,0.0,0.0,8062.496695930972,1333.4107722542062,0.9444444444444444,0.0,0.0,0.0
68,proper_scoring,node-015,0.0,0.0,0.0,0.0,0.0,0.0,0.0,0.0,8062.496695930972,1333.4107722542062,0.9444444444444444,0.0,0.0,0.0
68,proper_scoring,node-016,0.0,0.0,97.83673306560064,0.0,0.0,97836.73306560064,0.0,0.0,8062.496695930972,1333.4107722542062,0.9444444444444444,-394.8624312284105,0.0,0.0
68,proper_scoring,node-017,0.0,0.0,130.9543675163912,0.0,0.0,130954.36751639118,0.0,0.0,8062.496695930972,1333.4107722542062,0.9444444444444444,-428.3652291278807,0.0,0.0
68,proper_scoring,node-018,0.0,554.1201768818604,642.0213558325959,0.0,554120.1768818604,642021.3558325958,0.0,0.0,8062.496695930972,1333.4107722542062,0.9444444444444444,-247.48453892108077,0.0,0.0
68,proper_scoring,node-019,0.0,0.0,269.8803146717598,0.0,0.0,269880.3146717598,0.0,0.0,8062.496695930972,1333.4107722542062,0.9444444444444444,-314.66717267440634,0.0,0.0
68,proper_scoring,node-020,234.62076500714582,224.06554284245556,395.45172740991813,234620.76500714582,224065.54284245556,395451.72740991815,0.0,0.0,8062.496695930972,1333.4107722542062,0.9444444444444444,-418.19309036032723,0.0,0.0
68,proper_scoring,node-021,0.0,0.0,230.1617384984705,0.0,0.0,230161.73849847048,0.0,0.0,8062.496695930972,1333.4107722542062,0.9444444444444444,-269.33234754611107,0.0,0.0
68,proper_scoring,node-022,0.0,0.0,0.0,0.0,0.0,0.0,0.0,0.0,8062.496695930972,1333.4107722542062,0.9444444444444444,0.0,0.0,0.0
68,proper_scoring,node-023,0.0,0.0,0.0,0.0,0.0,0.0,0.0,0.0,8062.496695930972,1333.4107722542062,0.9444444444444444,0.0,0.0,0.0
68,proper_scoring,node-024,0.0,0.0,28.53152504214208,0.0,0.0,28531.52504214208,0.0,0.0,8062.496695930972,1333.4107722542062,0.9444444444444444,-71.46847495785792,0.0,0.0
68,proper_scoring,node-025,0.0,0.0,0.0,0.0,0.0,0.0,0.0,0.0,8062.496695930972,1333.4107722542062,0.9444444444444444,0.0,0.0,0.0
68,proper_scoring,node-026,0.0,0.0,0.0,0.0,0.0,0.0,0.0,0.0,8062.496695930972,1333.4107722542062,0.9444444444444444,0.0,0.0,0.0
68,proper_scoring,node-027,0.0,0.0,0.0,0.0,0.0,0.0,0.0,0.0,8062.496695930972,1333.4107722542062,0.9444444444444444,0.0,0.0,0.0
68,proper_scoring,node-028,0.0,0.0,0.0,0.0,0.0,0.0,0.0,0.0,8062.496695930972,1333.4107722542062,0.9444444444444444,0.0,0.0,0.0
68,proper_scoring,node-029,0.0,0.0,0.0,0.0,0.0,0.0,0.0,0.0,8062.496695930972,1333.4107722542062,0.9444444444444444,0.0,0.0,0.0
68,audits,node-000,0.0,0.0,0.0,0.0,0.0,0.0,0.0,0.0,8062.496695930972,1321.8835177510482,0.9444444444444444,0.0,0.0,372.592285370311
68,audits,node-001,372.592285370311,438.80379529215475,488.1823506393689,372592.285370311,438803.7952921547,488182.3506393689,0.0,0.0,8062.496695930972,1321.8835177510482,0.9444444444444444,-1099.6364393395372,0.0,0.0
68,audits,node-002,0.0,0.0,0.0,0.0,0.0,0.0,0.0,0.0,8062.496695930972,1321.8835177510482,0.9444444444444444,0.0,0.0,0.0
68,audits,node-003,0.0,0.0,0.0,0.0,0.0,0.0,0.0,0.0,8062.496695930972,1321.8835177510482,0.9444444444444444,0.0,0.0,0.0
68,audits,node-004,0.0,0.0,0.0,0.0,0.0,0.0,0.0,0.0,8062.496695930972,1321.8835177510482,0.9444444444444444,0.0,0.0,0.0
68,audits,node-005,0.0,0.0,0.0,0.0,0.0,0.0,0.0,0.0,8062.496695930972,1321.8835177510482,0.9444444444444444,0.0,0.0,0.0
68,audits,node-006,34.8769942392026,0.0,313.9673712808385,34876.9942392026,0.0,313967.3712808385,0.0,0.0,8062.496695930972,1321.8835177510482,0.9444444444444444,-1086.0326287191615,0.0,0.0
68,audits,node-007,0.0,0.0,0.0,0.0,0.0,0.0,0.0,0.0,8062.496695930972,1321.8835177510482,0.9444444444444444,0.0,0.0,0.0
68,audits,node-008,72.93646722848457,324.00100121518255,383.22052150362157,72936.46722848457,324001.00121518254,383220.52150362154,0.0,0.0,8062.496695930972,1321.8835177510482,0.9444444444444444,-2962.953074360785,0.0,0.0
68,audits,node-009,0.0,0.0,179.0018368163658,0.0,0.0,179001.8368163658,0.0,0.0,8062.496695930972,1321.8835177510482,0.9444444444444444,-920.9981631836342,0.0,0.0
68,audits,node-010,0.0,0.0,0.0,0.0,0.0,0.0,0.0,0.0,8062.496695930972,1321.8835177510482,0.9444444444444444,0.0,0.0,0.0
68,audits,node-011,88.22191793284907,0.002951364906607523,88.22929634511559,0.17060977846374015,5.707557993300877e-06,0.1706240473587234,305.69725382255467,517.0976641974771,8062.496695930972,1321.8835177510482,0.9444444444444444,-1411.7707036548845,-31.710061556238372,-305.69725382255467
68,audits,node-012,51.53453384453394,295.9266492581761,327.93482180597107,0.06403508910722118,0.3677085624101092,0.40748084767886905,672.3811337355252,804.7858535535705,8062.496695930972,1321.8835177510482,0.9444444444444444,-3733.4295563842597,31.874408180243904,-492.83123705293065
68,audits,node-013,0.0,0.0,0.0,0.0,0.0,0.0,0.0,0.0,8062.496695930972,1321.8835177510482,0.9444444444444444,0.0,0.0,0.0
68,audits,node-014,0.0,0.0,0.0,0.0,0.0,0.0,0.0,0.0,8062.496695930972,1321.8835177510482,0.9444444444444444,0.0,0.0,0.0
68,audits,node-015,0.0,0.0,0.0,0.0,0.0,0.0,0.0,0.0,8062.496695930972,1321.8835177510482,0.9444444444444444,0.0,0.0,0.0
68,audits,node-016,0.0,0.0,91.31228745224067,0.0,0.0,91312.28745224066,0.0,0.0,8062.496695930972,1321.8835177510482,0.9444444444444444,-908.6877125477592,0.0,0.0
68,audits,node-017,0.0,0.0,130.9543675163912,0.0,0.0,130954.36751639118,0.0,0.0,8062.496695930972,1321.8835177510482,0.9444444444444444,-969.0456324836089,0.0,0.0
68,audits,node-018,0.0,523.7422694605403,616.5489715559457,0.0,523742.2694605403,616548.9715559457,0.0,0.0,8062.496695930972,1321.8835177510482,0.9444444444444444,-1061.8711347302701,0.0,0.0
68,audits,node-019,0.0,0.0,269.8803146717598,0.0,0.0,269880.3146717598,0.0,0.0,8062.496695930972,1321.8835177510482,0.9444444444444444,-430.11968532824017,0.0,0.0
68,audits,node-020,234.62076500714582,224.06554284245556,395.45172740991813,234620.76500714582,224065.54284245556,395451.72740991815,0.0,0.0,8062.496695930972,1321.8835177510482,0.9444444444444444,-1104.548272590082,0.0,0.0
68,audits,node-021,0.0,0.0,230.1617384984705,0.0,0.0,230161.73849847048,0.0,0.0,8062.496695930972,1321.8835177510482,0.9444444444444444,-334.4866607154079,0.0,0.0
68,audits,node-022,0.0,0.0,0.0,0.0,0.0,0.0,0.0,0.0,8062.496695930972,1321.8835177510482,0.9444444444444444,0.0,0.0,0.0
68,audits,node-023,0.0,0.0,0.0,0.0,0.0,0.0,0.0,0.0,8062.496695930972,1321.8835177510482,0.9444444444444444,0.0,0.0,0.0
68,audits,node-024,0.0,0.0,28.53152504214208,0.0,0.0,28531.52504214208,0.0,0.0,8062.496695930972,1321.8835177510482,0.9444444444444444,-71.46847495785792,0.0,0.0
68,audits,node-025,0.0,0.0,0.0,0.0,0.0,0.0,0.0,0.0,8062.496695930972,1321.8835177510482,0.9444444444444444,0.0,0.0,0.0
68,audits,node-026,0.0,0.0,0.0,0.0,0.0,0.0,0.0,0.0,8062.496695930972,1321.8835177510482,0.9444444444444444,0.0,0.0,0.0
68,audits,node-027,0.0,0.0,0.0,0.0,0.0,0.0,0.0,0.0,8062.496695930972,1321.8835177510482,0.9444444444444444,0.0,0.0,0.0
68,audits,node-028,0.0,0.0,0.0,0.0,0.0,0.0,0.0,0.0,8062.496695930972,1321.8835177510482,0.9444444444444444,0.0,0.0,0.0
68,audits,node-029,0.0,0.0,0.0,0.0,0.0,0.0,0.0,0.0,8062.496695930972,1321.8835177510482,0.9444444444444444,0.0,0.0,0.0
69,greedy,node-000,0.0,0.0,0.0,0.0,0.0,0.0,0.0,0.0,8909.949736086965,166.8268844461689,1.0,0.0,0.0,0.0
69,greedy,node-001,0.0,0.0,0.0,0.0,0.0,0.0,0.0,0.0,8909.949736086965,166.8268844461689,1.0,0.0,0.0,0.0
69,greedy,node-002,0.0,0.0,0.0,0.0,0.0,0.0,0.0,0.0,8909.949736086965,166.8268844461689,1.0,0.0,0.0,0.0
69,greedy,node-003,0.0,0.0,0.0,0.0,0.0,0.0,0.0,0.0,8909.949736086965,166.8268844461689,1.0,0.0,0.0,0.0
69,greedy,node-004,0.0,0.0,0.0,0.0,0.0,0.0,0.0,0.0,8909.949736086965,166.8268844461689,1.0,0.0,0.0,0.0
69,greedy,node-005,0.0,0.0,0.0,0.0,0.0,0.0,0.0,0.0,8909.949736086965,166.8268844461689,1.0,0.0,0.0,0.0
69,greedy,node-006,0.0,0.0,0.0,0.0,0.0,0.0,0.0,0.0,8909.949736086965,166.8268844461689,1.0,0.0,0.0,0.0
69,greedy,node-007,0.0,0.0,0.0,0.0,0.0,0.0,0.0,0.0,8909.949736086965,166.8268844461689,1.0,0.0,0.0,0.0
69,greedy,node-008,3.173469912550079,0.0,3.173469912550079,3173.469912550079,0.0,3173.469912550079,0.0,0.0,8909.949736086965,166.8268844461689,1.0,-20.568044227471233,0.0,0.0
69,greedy,node-009,5.519197370308969,0.0,5.519197370308969,5519.197370308969,0.0,5519.197370308969,0.0,0.0,8909.949736086965,166.8268844461689,1.0,-24.779599161085123,0.0,0.0
69,greedy,node-010,0.0,0.0,0.0,0.0,0.0,0.0,0.0,0.0,8909.949736086965,166.8268844461689,1.0,0.0,0.0,0.0
69,greedy,node-011,0.0,0.0,0.0,0.0,0.0,0.0,0.0,0.0,8909.949736086965,166.8268844461689,1.0,0.0,0.0,0.0
69,greedy,node-012,0.0,0.0,0.0,0.0,0.0,0.0,0.0,0.0,8909.949736086965,166.8268844461689,1.0,0.0,0.0,0.0
69,greedy,node-013,0.0,0.0,0.0,0.0,0.0,0.0,0.0,0.0,8909.949736086965,166.8268844461689,1.0,-10.32972155148017,0.0,0.0
69,greedy,node-014,0.0,0.0,0.0,0.0,0.0,0.0,0.0,0.0,8909.949736086965,166.8268844461689,1.0,0.0,0.0,0.0
69,greedy,node-015,0.0,0.0,0.0,0.0,0.0,0.0,0.0,0.0,8909.949736086965,166.8268844461689,1.0,0.0,0.0,0.0
69,greedy,node-016,0.0,0.0,0.0,0.0,0.0,0.0,0.0,0.0,8909.949736086965,166.8268844461689,1.0,0.0,0.0,0.0
69,greedy,node-017,0.0,0.0,0.0,0.0,0.0,0.0,0.0,0.0,8909.949736086965,166.8268844461689,1.0,0.0,0.0,0.0
69,greedy,node-018,0.0,0.0,0.0,0.0,0.0,0.0,0.0,0.0,8909.949736086965,166.8268844461689,1.0,0.0,0.0,0.0
69,greedy,node-019,0.0,0.0,0.0,0.0,0.0,0.0,0.0,0.0,8909.949736086965,166.8268844461689,1.0,0.0,0.0,0.0
69,greedy,node-020,0.0,0.0,0.0,0.0,0.0,0.0,0.0,0.0,8909.949736086965,166.8268844461689,1.0,0.0,0.0,0.0
69,greedy,node-021,0.0,0.0,0.0,0.0,0.0,0.0,0.0,0.0,8909.949736086965,166.8268844461689,1.0,0.0,0.0,0.0
69,greedy,node-022,0.0,0.0,0.0,0.0,0.0,0.0,0.0,0.0,8909.949736086965,166.8268844461689,1.0,0.0,0.0,0.0
69,greedy,node-023,0.0,0.0,0.0,0.0,0.0,0.0,0.0,0.0,8909.949736086965,166.8268844461689,1.0,0.0,0.0,0.0
69,greedy,node-024,23.541289414332596,0.0,23.541289414332596,0.1411120844969614,0.0,0.1411120844969614,55.60896148205629,166.8268844461689,8909.949736086965,166.8268844461689,1.0,-83.41344222308443,-16.682688444616886,-55.60896148205629
69,greedy,node-025,0.0,0.0,0.0,0.0,0.0,0.0,0.0,0.0,8909.949736086965,166.8268844461689,1.0,0.0,0.0,0.0
69,greedy,node-026,0.0,0.0,0.0,0.0,0.0,0.0,0.0,0.0,8909.949736086965,166.8268844461689,1.0,0.0,0.0,0.0
69,greedy,node-027,0.0,0.0,0.0,0.0,0.0,0.0,0.0,0.0,8909.949736086965,166.8268844461689,1.0,0.0,0.0,0.0
69,greedy,node-028,0.0,0.0,0.0,0.0,0.0,0.0,0.0,0.0,8909.949736086965,166.8268844461689,1.0,0.0,0.0,0.0
69,greedy,node-029,0.0,0.0,0.0,0.0,0.0,0.0,0.0,0.0,8909.949736086965,166.8268844461689,1.0,0.0,0.0,0.0
69,trust_vcg,node-000,0.0,0.0,0.0,0.0,0.0,0.0,0.0,0.0,8909.949736086965,1166.375112285943,1.0,0.0,0.0,0.0
69,trust_vcg,node-001,0.0,0.0,75.15597858940976,0.0,0.0,75155.97858940976,0.0,0.0,8909.949736086965,1166.375112285943,1.0,-1124.8440214105901,0.0,0.0
69,trust_vcg,node-002,0.0,0.0,0.0,0.0,0.0,0.0,0.0,0.0,8909.949736086965,1166.375112285943,1.0,0.0,0.0,0.0
69,trust_vcg,node-003,0.0,0.0,0.0,0.0,0.0,0.0,0.0,0.0,8909.949736086965,1166.375112285943,1.0,0.0,0.0,0.0
69,trust_vcg,node-004,0.0,0.0,0.0,0.0,0.0,0.0,0.0,0.0,8909.949736086965,1166.375112285943,1.0,0.0,0.0,0.0
69,trust_vcg,node-005,0.0,0.0,0.0,0.0,0.0,0.0,0.0,0.0,8909.949736086965,1166.375112285943,1.0,0.0,0.0,0.0
69,trust_vcg,node-006,0.0,0.0,74.23478787544492,0.0,0.0,74234.78787544492,0.0,0.0,8909.949736086965,1166.375112285943,1.0,-1125.765212124555,0.0,0.0
69,trust_vcg,node-007,0.0,0.0,0.0,0.0,0.0,0.0,0.0,0.0,8909.949736086965,1166.375112285943,1.0,0.0,0.0,0.0
69,trust_vcg,node-008,0.0,0.0,72.21428938785053,0.0,0.0,72214.28938785053,0.0,0.0,8909.949736086965,1166.375112285943,1.0,-3880.858290580274,0.0,0.0
69,trust_vcg,node-009,0.0,180.81223536840903,180.81223536840903,0.0,180812.23536840902,180812.23536840902,0.0,0.0,8909.949736086965,1166.375112285943,1.0,-5534.6913614604055,0.0,0.0
69,trust_vcg,node-010,0.0,0.0,0.0,0.0,0.0,0.0,0.0,0.0,8909.949736086965,1166.375112285943,1.0,0.0,0.0,0.0
69,trust_vcg,node-011,0.0,0.0,0.0,0.0,0.0,0.0,0.0,0.0,8909.949736086965,1166.375112285943,1.0,0.0,0.0,0.0
69,trust_vcg,node-012,0.0,0.0,0.0,0.0,0.0,0.0,0.0,0.0,8909.949736086965,1166.375112285943,1.0,0.0,0.0,0.0
69,trust_vcg,node-013,0.0,0.0,167.07021777114818,0.0,0.0,167070.21777114816,0.0,0.0,8909.949736086965,1166.375112285943,1.0,-2232.9297822288518,0.0,0.0
69,trust_vcg,node-014,0.0,0.0,0.0,0.0,0.0,0.0,0.0,0.0,8909.949736086965,1166.375112285943,1.0,0.0,0.0,0.0
69,trust_vcg,node-015,0.0,0.0,0.0,0.0,0.0,0.0,0.0,0.0,8909.949736086965,1166.375112285943,1.0,0.0,0.0,0.0
69,trust_vcg,node-016,0.0,0.0,0.0,0.0,0.0,0.0,0.0,0.0,8909.949736086965,1166.375112285943,1.0,0.0,0.0,0.0
69,trust_vcg,node-017,0.0,0.0,0.0,0.0,0.0,0.0,0.0,0.0,8909.949736086965,1166.375112285943,1.0,0.0,0.0,0.0
69,trust_vcg,node-018,0.0,0.0,165.16880312641234,0.0,0.0,165168.80312641233,0.0,0.0,8909.949736086965,1166.375112285943,1.0,-2234.831196873588,0.0,0.0
69,trust_vcg,node-019,0.0,0.0,0.0,0.0,0.0,0.0,0.0,0.0,8909.949736086965,1166.375112285943,1.0,0.0,0.0,0.0
69,trust_vcg,node-020,0.0,0.0,0.0,0.0,0.0,0.0,0.0,0.0,8909.949736086965,1166.375112285943,1.0,0.0,0.0,0.0
69,trust_vcg,node-021,0.0,0.0,0.0,0.0,0.0,0.0,0.0,0.0,8909.949736086965,1166.375112285943,1.0,0.0,0.0,0.0
69,trust_vcg,node-022,0.0,0.0,0.0,0.0,0.0,0.0,0.0,0.0,8909.949736086965,1166.375112285943,1.0,0.0,0.0,0.0
69,trust_vcg,node-023,0.0,0.0,0.0,0.0,0.0,0.0,0.0,0.0,8909.949736086965,1166.375112285943,1.0,0.0,0.0,0.0
69,trust_vcg,node-024,166.82688444616883,0.4517721602258007,167.27865660639463,0.14303021617051645,0.00038733007543378234,0.14341754624595024,1055.1571893218304,1166.375112285943,8909.949736086965,1166.375112285943,1.0,-12082.96167006286,-16.682688444616815,-435.2221955503825
69,trust_vcg,node-025,0.0,0.0,0.0,0.0,0.0,0.0,0.0,0.0,8909.949736086965,1166.375112285943,1.0,0.0,0.0,0.0
69,trust_vcg,node-026,0.0,0.0,75.88777759598389,0.0,0.0,75887.77759598389,0.0,0.0,8909.949736086965,1166.375112285943,1.0,-1124.1122224040162,0.0,0.0
69,trust_vcg,node-027,0.0,0.0,0.0,0.0,0.0,0.0,0.0,0.0,8909.949736086965,1166.375112285943,1.0,0.0,0.0,0.0
69,trust_vcg,node-028,0.0,0.0,0.0,0.0,0.0,0.0,0.0,0.0,8909.949736086965,1166.375112285943,1.0,0.0,0.0,0.0
69,trust_vcg,node-029,0.0,0.0,0.0,0.0,0.0,0.0,0.0,0.0,8909.949736086965,1166.375112285943,1.0,0.0,0.0,0.0
69,contingent,node-000,0.0,0.0,0.0,0.0,0.0,0.0,0.0,0.0,8909.949736086965,166.8268844461689,1.0,0.0,0.0,0.0
69,contingent,node-001,0.0,0.0,0.0,0.0,0.0,0.0,0.0,0.0,8909.949736086965,166.8268844461689,1.0,-99.37608564236095,0.0,0.0
69,contingent,node-002,0.0,0.0,0.0,0.0,0.0,0.0,0.0,0.0,8909.949736086965,166.8268844461689,1.0,0.0,0.0,0.0
69,contingent,node-003,0.0,0.0,0.0,0.0,0.0,0.0,0.0,0.0,8909.949736086965,166.8268844461689,1.0,0.0,0.0,0.0
69,contingent,node-004,0.0,0.0,0.0,0.0,0.0,0.0,0.0,0.0,8909.949736086965,166.8268844461689,1.0,0.0,0.0,0.0
69,contingent,node-005,0.0,0.0,0.0,0.0,0.0,0.0,0.0,0.0,8909.949736086965,166.8268844461689,1.0,0.0,0.0,0.0
69,contingent,node-006,0.0,0.0,0.0,0.0,0.0,0.0,0.0,0.0,8909.949736086965,166.8268844461689,1.0,-103.06084849822032,0.0,0.0
69,contingent,node-007,0.0,0.0,0.0,0.0,0.0,0.0,0.0,0.0,8909.949736086965,166.8268844461689,1.0,0.0,0.0,0.0
69,contingent,node-008,0.0,0.0,22.21428938785053,0.0,0.0,22214.28938785053,0.0,0.0,8909.949736086965,166.8268844461689,1.0,-123.43316232109835,0.0,0.0
69,contingent,node-009,0.0,30.812235368409045,30.812235368409045,0.0,30812.235368409045,30812.235368409045,0.0,0.0,8909.949736086965,166.8268844461689,1.0,-138.7654458416212,0.0,0.0
69,contingent,node-010,0.0,0.0,0.0,0.0,0.0,0.0,0.0,0.0,8909.949736086965,166.8268844461689,1.0,0.0,0.0,0.0
69,contingent,node-011,0.0,0.0,0.0,0.0,0.0,0.0,0.0,0.0,8909.949736086965,166.8268844461689,1.0,0.0,0.0,0.0
69,contingent,node-012,0.0,0.0,0.0,0.0,0.0,0.0,0.0,0.0,8909.949736086965,166.8268844461689,1.0,0.0,0.0,0.0
69,contingent,node-013,0.0,0.0,5.164860775740088,0.0,0.0,5164.860775740088,0.0,0.0,8909.949736086965,166.8268844461689,1.0,-131.71912891540717,0.0,0.0
69,contingent,node-014,0.0,0.0,0.0,0.0,0.0,0.0,0.0,0.0,8909.949736086965,166.8268844461689,1.0,0.0,0.0,0.0
69,contingent,node-015,0.0,0.0,0.0,0.0,0.0,0.0,0.0,0.0,8909.949736086965,166.8268844461689,1.0,0.0,0.0,0.0
69,contingent,node-016,0.0,0.0,0.0,0.0,0.0,0.0,0.0,0.0,8909.949736086965,166.8268844461689,1.0,0.0,0.0,0.0
69,contingent,node-017,0.0,0.0,0.0,0.0,0.0,0.0,0.0,0.0,8909.949736086965,166.8268844461689,1.0,0.0,0.0,0.0
69,contingent,node-018,0.0,0.0,0.0,0.0,0.0,0.0,0.0,0.0,8909.949736086965,166.8268844461689,1.0,-139.3247874943506,0.0,0.0
69,contingent,node-019,0.0,0.0,0.0,0.0,0.0,0.0,0.0,0.0,8909.949736086965,166.8268844461689,1.0,0.0,0.0,0.0
69,contingent,node-020,0.0,0.0,0.0,0.0,0.0,0.0,0.0,0.0,8909.949736086965,166.8268844461689,1.0,0.0,0.0,0.0
69,contingent,node-021,0.0,0.0,0.0,0.0,0.0,0.0,0.0,0.0,8909.949736086965,166.8268844461689,1.0,0.0,0.0,0.0
69,contingent,node-022,0.0,0.0,0.0,0.0,0.0,0.0,0.0,0.0,8909.949736086965,166.8268844461689,1.0,0.0,0.0,0.0
69,contingent,node-023,0.0,0.0,0.0,0.0,0.0,0.0,0.0,0.0,8909.949736086965,166.8268844461689,1.0,0.0,0.0,0.0
69,contingent,node-024,166.82688444616886,0.0,166.82688444616886,0.9999999999999998,0.0,0.9999999999999998,55.60896148205629,166.8268844461689,8909.949736086965,166.8268844461689,1.0,-166.82688444616886,-16.682688444616886,114.52932976149327
69,contingent,node-025,0.0,0.0,0.0,0.0,0.0,0.0,0.0,0.0,8909.949736086965,166.8268844461689,1.0,0.0,0.0,0.0
69,contingent,node-026,0.0,0.0,0.0,0.0,0.0,0.0,0.0,0.0,8909.949736086965,166.8268844461689,1.0,-96.44888961606445,0.0,0.0
69,contingent,node-027,0.0,0.0,0.0,0.0,0.0,0.0,0.0,0.0,8909.949736086965,166.8268844461689,1.0,0.0,0.0,0.0
69,contingent,node-028,0.0,0.0,0.0,0.0,0.0,0.0,0.0,0.0,8909.949736086965,166.8268844461689,1.0,0.0,0.0,0.0
69,contingent,node-029,0.0,0.0,0.0,0.0,0.0,0.0,0.0,0.0,8909.949736086965,166.8268844461689,1.0,0.0,0.0,0.0
69,capped,node-000,0.0,0.0,0.0,0.0,0.0,0.0,0.0,0.0,8909.949736086965,166.8268844461689,1.0,0.0,0.0,0.0
69,capped,node-001,0.0,0.0,0.0,0.0,0.0,0.0,0.0,0.0,8909.949736086965,166.8268844461689,1.0,-24.844021410590237,0.0,0.0
69,capped,node-002,0.0,0.0,0.0,0.0,0.0,0.0,0.0,0.0,8909.949736086965,166.8268844461689,1.0,0.0,0.0,0.0
69,capped,node-003,0.0,0.0,0.0,0.0,0.0,0.0,0.0,0.0,8909.949736086965,166.8268844461689,1.0,0.0,0.0,0.0
69,capped,node-004,0.0,0.0,0.0,0.0,0.0,0.0,0.0,0.0,8909.949736086965,166.8268844461689,1.0,0.0,0.0,0.0
69,capped,node-005,0.0,0.0,0.0,0.0,0.0,0.0,0.0,0.0,8909.949736086965,166.8268844461689,1.0,0.0,0.0,0.0
69,capped,node-006,0.0,0.0,0.0,0.0,0.0,0.0,0.0,0.0,8909.949736086965,166.8268844461689,1.0,-25.765212124555077,0.0,0.0
69,capped,node-007,0.0,0.0,0.0,0.0,0.0,0.0,0.0,0.0,8909.949736086965,166.8268844461689,1.0,0.0,0.0,0.0
69,capped,node-008,0.0,32.966367023396046,32.966367023396046,0.0,32966.367023396044,32966.367023396044,0.0,0.0,8909.949736086965,166.8268844461689,1.0,-30.858290580274588,0.0,0.0
69,capped,node-009,0.0,30.812235368409045,30.812235368409045,0.0,30812.235368409045,30812.235368409045,0.0,0.0,8909.949736086965,166.8268844461689,1.0,-34.6913614604053,0.0,0.0
69,capped,node-010,0.0,0.0,0.0,0.0,0.0,0.0,0.0,0.0,8909.949736086965,166.8268844461689,1.0,0.0,0.0,0.0
69,capped,node-011,0.0,0.0,0.0,0.0,0.0,0.0,0.0,0.0,8909.949736086965,166.8268844461689,1.0,0.0,0.0,0.0
69,capped,node-012,0.0,0.0,0.0,0.0,0.0,0.0,0.0,0.0,8909.949736086965,166.8268844461689,1.0,0.0,0.0,0.0
69,capped,node-013,0.0,0.0,5.164860775740088,0.0,0.0,5164.860775740088,0.0,0.0,8909.949736086965,166.8268844461689,1.0,-32.92978222885179,0.0,0.0
69,capped,node-014,0.0,0.0,0.0,0.0,0.0,0.0,0.0,0.0,8909.949736086965,166.8268844461689,1.0,0.0,0.0,0.0
69,capped,node-015,0.0,0.0,0.0,0.0,0.0,0.0,0.0,0.0,8909.949736086965,166.8268844461689,1.0,0.0,0.0,0.0
69,capped,node-016,0.0,0.0,0.0,0.0,0.0,0.0,0.0,0.0,8909.949736086965,166.8268844461689,1.0,0.0,0.0,0.0
69,capped,node-017,0.0,0.0,0.0,0.0,0.0,0.0,0.0,0.0,8909.949736086965,166.8268844461689,1.0,0.0,0.0,0.0
69,capped,node-018,0.0,0.0,0.0,0.0,0.0,0.0,0.0,0.0,8909.949736086965,166.8268844461689,1.0,-34.83119687358764,0.0,0.0
69,capped,node-019,0.0,0.0,0.0,0.0,0.0,0.0,0.0,0.0,8909.949736086965,166.8268844461689,1.0,0.0,0.0,0.0
69,capped,node-020,0.0,0.0,0.0,0.0,0.0,0.0,0.0,0.0,8909.949736086965,166.8268844461689,1.0,0.0,0.0,0.0
69,capped,node-021,0.0,0.0,0.0,0.0,0.0,0.0,0.0,0.0,8909.949736086965,166.8268844461689,1.0,0.0,0.0,0.0
69,capped,node-022,0.0,0.0,0.0,0.0,0.0,0.0,0.0,0.0,8909.949736086965,166.8268844461689,1.0,0.0,0.0,0.0
69,capped,node-023,0.0,0.0,0.0,0.0,0.0,0.0,0.0,0.0,8909.949736086965,166.8268844461689,1.0,0.0,0.0,0.0
69,capped,node-024,166.82688444616886,0.0,166.82688444616886,0.9999999999999998,0.0,0.9999999999999998,55.60896148205629,166.8268844461689,8909.949736086965,166.8268844461689,1.0,-83.41344222308443,-16.682688444616886,114.52932976149327
69,capped,node-025,0.0,0.0,0.0,0.0,0.0,0.0,0.0,0.0,8909.949736086965,166.8268844461689,1.0,0.0,0.0,0.0
69,capped,node-026,0.0,0.0,0.0,0.0,0.0,0.0,0.0,0.0,8909.949736086965,166.8268844461689,1.0,-24.11222240401611,0.0,0.0
69,capped,node-027,0.0,0.0,0.0,0.0,0.0,0.0,0.0,0.0,8909.949736086965,166.8268844461689,1.0,0.0,0.0,0.0
69,capped,node-028,0.0,0.0,0.0,0.0,0.0,0.0,0.0,0.0,8909.949736086965,166.8268844461689,1.0,0.0,0.0,0.0
69,capped,node-029,0.0,0.0,0.0,0.0,0.0,0.0,0.0,0.0,8909.949736086965,166.8268844461689,1.0,0.0,0.0,0.0
69,proper_scoring,node-000,0.0,0.0,0.0,0.0,0.0,0.0,0.0,0.0,8909.949736086965,1166.375112285943,1.0,0.0,0.0,0.0
69,proper_scoring,node-001,0.0,0.0,75.15597858940976,0.0,0.0,75155.97858940976,0.0,0.0,8909.949736086965,1166.375112285943,1.0,-99.37608564236095,0.0,0.0
69,proper_scoring,node-002,0.0,0.0,0.0,0.0,0.0,0.0,0.0,0.0,8909.949736086965,1166.375112285943,1.0,0.0,0.0,0.0
69,proper_scoring,node-003,0.0,0.0,0.0,0.0,0.0,0.0,0.0,0.0,8909.949736086965,1166.375112285943,1.0,0.0,0.0,0.0
69,proper_scoring,node-004,0.0,0.0,0.0,0.0,0.0,0.0,0.0,0.0,8909.949736086965,1166.375112285943,1.0,0.0,0.0,0.0
69,proper_scoring,node-005,0.0,0.0,0.0,0.0,0.0,0.0,0.0,0.0,8909.949736086965,1166.375112285943,1.0,0.0,0.0,0.0
69,proper_scoring,node-006,0.0,0.0,74.23478787544492,0.0,0.0,74234.78787544492,0.0,0.0,8909.949736086965,1166.375112285943,1.0,-103.06084849822032,0.0,0.0
69,proper_scoring,node-007,0.0,0.0,0.0,0.0,0.0,0.0,0.0,0.0,8909.949736086965,1166.375112285943,1.0,0.0,0.0,0.0
69,proper_scoring,node-008,0.0,22.148904903808834,72.21428938785053,0.0,22148.904903808834,72214.28938785053,0.0,0.0,8909.949736086965,1166.375112285943,1.0,-123.43316232109835,0.0,0.0
69,proper_scoring,node-009,0.0,180.81223536840903,232.98842330802188,0.0,180812.23536840902,232988.42330802188,0.0,0.0,8909.949736086965,1166.375112285943,1.0,-138.7654458416212,0.0,0.0
69,proper_scoring,node-010,0.0,0.0,0.0,0.0,0.0,0.0,0.0,0.0,8909.949736086965,1166.375112285943,1.0,0.0,0.0,0.0
69,proper_scoring,node-011,0.0,0.0,0.0,0.0,0.0,0.0,0.0,0.0,8909.949736086965,1166.375112285943,1.0,0.0,0.0,0.0
69,proper_scoring,node-012,0.0,0.0,0.0,0.0,0.0,0.0,0.0,0.0,8909.949736086965,1166.375112285943,1.0,0.0,0.0,0.0
69,proper_scoring,node-013,0.0,0.0,167.07021777114818,0.0,0.0,167070.21777114816,0.0,0.0,8909.949736086965,1166.375112285943,1.0,-131.71912891540717,0.0,0.0
69,proper_scoring,node-014,0.0,0.0,0.0,0.0,0.0,0.0,0.0,0.0,8909.949736086965,1166.375112285943,1.0,0.0,0.0,0.0
69,proper_scoring,node-015,0.0,0.0,0.0,0.0,0.0,0.0,0.0,0.0,8909.949736086965,1166.375112285943,1.0,0.0,0.0,0.0
69,proper_scoring,node-016,0.0,0.0,0.0,0.0,0.0,0.0,0.0,0.0,8909.949736086965,1166.375112285943,1.0,0.0,0.0,0.0
69,proper_scoring,node-017,0.0,0.0,0.0,0.0,0.0,0.0,0.0,0.0,8909.949736086965,1166.375112285943,1.0,0.0,0.0,0.0
69,proper_scoring,node-018,0.0,0.0,165.16880312641234,0.0,0.0,165168.80312641233,0.0,0.0,8909.949736086965,1166.375112285943,1.0,-139.3247874943506,0.0,0.0
69,proper_scoring,node-019,0.0,0.0,0.0,0.0,0.0,0.0,0.0,0.0,8909.949736086965,1166.375112285943,1.0,0.0,0.0,0.0
69,proper_scoring,node-020,0.0,0.0,0.0,0.0,0.0,0.0,0.0,0.0,8909.949736086965,1166.375112285943,1.0,0.0,0.0,0.0
69,proper_scoring,node-021,0.0,0.0,0.0,0.0,0.0,0.0,0.0,0.0,8909.949736086965,1166.375112285943,1.0,0.0,0.0,0.0
69,proper_scoring,node-022,0.0,0.0,0.0,0.0,0.0,0.0,0.0,0.0,8909.949736086965,1166.375112285943,1.0,0.0,0.0,0.0
69,proper_scoring,node-023,0.0,0.0,0.0,0.0,0.0,0.0,0.0,0.0,8909.949736086965,1166.375112285943,1.0,0.0,0.0,0.0
69,proper_scoring,node-024,166.82688444616883,0.4517721602258007,167.27865660639463,0.14303021617051645,0.00038733007543378234,0.14341754624595024,1055.1571893218304,1166.375112285943,8909.949736086965,1166.375112285943,1.0,-1166.375112285943,-16.682688444616815,-435.2221955503825
69,proper_scoring,node-025,0.0,0.0,0.0,0.0,0.0,0.0,0.0,0.0,8909.949736086965,1166.375112285943,1.0,0.0,0.0,0.0
69,proper_scoring,node-026,0.0,0.0,75.88777759598389,0.0,0.0,75887.77759598389,0.0,0.0,8909.949736086965,1166.375112285943,1.0,-96.44888961606445,0.0,0.0
69,proper_scoring,node-027,0.0,0.0,0.0,0.0,0.0,0.0,0.0,0.0,8909.949736086965,1166.375112285943,1.0,0.0,0.0,0.0
69,proper_scoring,node-028,0.0,0.0,0.0,0.0,0.0,0.0,0.0,0.0,8909.949736086965,1166.375112285943,1.0,0.0,0.0,0.0
69,proper_scoring,node-029,0.0,0.0,0.0,0.0,0.0,0.0,0.0,0.0,8909.949736086965,1166.375112285943,1.0,0.0,0.0,0.0
69,audits,node-000,0.0,0.0,0.0,0.0,0.0,0.0,0.0,0.0,8909.949736086965,1166.375112285943,1.0,0.0,0.0,0.0
69,audits,node-001,0.0,0.0,75.15597858940976,0.0,0.0,75155.97858940976,0.0,0.0,8909.949736086965,1166.375112285943,1.0,-124.84402141059024,0.0,0.0
69,audits,node-002,0.0,0.0,0.0,0.0,0.0,0.0,0.0,0.0,8909.949736086965,1166.375112285943,1.0,0.0,0.0,0.0
69,audits,node-003,0.0,0.0,0.0,0.0,0.0,0.0,0.0,0.0,8909.949736086965,1166.375112285943,1.0,0.0,0.0,0.0
69,audits,node-004,0.0,0.0,0.0,0.0,0.0,0.0,0.0,0.0,8909.949736086965,1166.375112285943,1.0,0.0,0.0,0.0
69,audits,node-005,0.0,0.0,0.0,0.0,0.0,0.0,0.0,0.0,8909.949736086965,1166.375112285943,1.0,0.0,0.0,0.0
69,audits,node-006,0.0,0.0,74.23478787544492,0.0,0.0,74234.78787544492,0.0,0.0,8909.949736086965,1166.375112285943,1.0,-125.76521212455508,0.0,0.0
69,audits,node-007,0.0,0.0,0.0,0.0,0.0,0.0,0.0,0.0,8909.949736086965,1166.375112285943,1.0,0.0,0.0,0.0
69,audits,node-008,0.0,0.0,72.21428938785053,0.0,0.0,72214.28938785053,0.0,0.0,8909.949736086965,1166.375112285943,1.0,-380.8582905802746,0.0,0.0
69,audits,node-009,0.0,180.81223536840903,180.81223536840903,0.0,180812.23536840902,180812.23536840902,0.0,0.0,8909.949736086965,1166.375112285943,1.0,-1034.6913614604055,0.0,0.0
69,audits,node-010,0.0,0.0,0.0,0.0,0.0,0.0,0.0,0.0,8909.949736086965,1166.375112285943,1.0,0.0,0.0,0.0
69,audits,node-011,0.0,0.0,0.0,0.0,0.0,0.0,0.0,0.0,8909.949736086965,1166.375112285943,1.0,0.0,0.0,0.0
69,audits,node-012,0.0,0.0,0.0,0.0,0.0,0.0,0.0,0.0,8909.949736086965,1166.375112285943,1.0,0.0,0.0,0.0
69,audits,node-013,0.0,0.0,167.07021777114818,0.0,0.0,167070.21777114816,0.0,0.0,8909.949736086965,1166.375112285943,1.0,-232.9297822288518,0.0,0.0
69,audits,node-014,0.0,0.0,0.0,0.0,0.0,0.0,0.0,0.0,8909.949736086965,1166.375112285943,1.0,0.0,0.0,0.0
69,audits,node-015,0.0,0.0,0.0,0.0,0.0,0.0,0.0,0.0,8909.949736086965,1166.375112285943,1.0,0.0,0.0,0.0
69,audits,node-016,0.0,0.0,0.0,0.0,0.0,0.0,0.0,0.0,8909.949736086965,1166.375112285943,1.0,0.0,0.0,0.0
69,audits,node-017,0.0,0.0,0.0,0.0,0.0,0.0,0.0,0.0,8909.949736086965,1166.375112285943,1.0,0.0,0.0,0.0
69,audits,node-018,0.0,0.0,165.16880312641234,0.0,0.0,165168.80312641233,0.0,0.0,8909.949736086965,1166.375112285943,1.0,-234.83119687358766,0.0,0.0
69,audits,node-019,0.0,0.0,0.0,0.0,0.0,0.0,0.0,0.0,8909.949736086965,1166.375112285943,1.0,0.0,0.0,0.0
69,audits,node-020,0.0,0.0,0.0,0.0,0.0,0.0,0.0,0.0,8909.949736086965,1166.375112285943,1.0,0.0,0.0,0.0
69,audits,node-021,0.0,0.0,0.0,0.0,0.0,0.0,0.0,0.0,8909.949736086965,1166.375112285943,1.0,0.0,0.0,0.0
69,audits,node-022,0.0,0.0,0.0,0.0,0.0,0.0,0.0,0.0,8909.949736086965,1166.375112285943,1.0,0.0,0.0,0.0
69,audits,node-023,0.0,0.0,0.0,0.0,0.0,0.0,0.0,0.0,8909.949736086965,1166.375112285943,1.0,0.0,0.0,0.0
69,audits,node-024,166.82688444616883,0.4517721602258007,167.27865660639463,0.14303021617051645,0.00038733007543378234,0.14341754624595024,1055.1571893218304,1166.375112285943,8909.949736086965,1166.375112285943,1.0,-3082.961670062859,-16.682688444616815,-435.2221955503825
69,audits,node-025,0.0,0.0,0.0,0.0,0.0,0.0,0.0,0.0,8909.949736086965,1166.375112285943,1.0,0.0,0.0,0.0
69,audits,node-026,0.0,0.0,75.88777759598389,0.0,0.0,75887.77759598389,0.0,0.0,8909.949736086965,1166.375112285943,1.0,-124.11222240401611,0.0,0.0
69,audits,node-027,0.0,0.0,0.0,0.0,0.0,0.0,0.0,0.0,8909.949736086965,1166.375112285943,1.0,0.0,0.0,0.0
69,audits,node-028,0.0,0.0,0.0,0.0,0.0,0.0,0.0,0.0,8909.949736086965,1166.375112285943,1.0,0.0,0.0,0.0
69,audits,node-029,0.0,0.0,0.0,0.0,0.0,0.0,0.0,0.0,8909.949736086965,1166.375112285943,1.0,0.0,0.0,0.0
71,greedy,node-000,0.0,0.0,0.0,0.0,0.0,0.0,0.0,0.0,6769.120366545171,253.95127510069685,0.85,0.0,0.0,0.0
71,greedy,node-001,0.0,0.0,0.0,0.0,0.0,0.0,0.0,0.0,6769.120366545171,253.95127510069685,0.85,0.0,0.0,0.0
71,greedy,node-002,0.0,0.0,0.0,0.0,0.0,0.0,0.0,0.0,6769.120366545171,253.95127510069685,0.85,0.0,0.0,0.0
71,greedy,node-003,0.0,0.0,0.0,0.0,0.0,0.0,0.0,0.0,6769.120366545171,253.95127510069685,0.85,0.0,0.0,0.0
71,greedy,node-004,0.0,0.0,0.0,0.0,0.0,0.0,0.0,0.0,6769.120366545171,253.95127510069685,0.85,0.0,0.0,0.0
71,greedy,node-005,0.0,0.0,0.0,0.0,0.0,0.0,0.0,0.0,6769.120366545171,253.95127510069685,0.85,0.0,0.0,0.0
71,greedy,node-006,0.0,0.0,0.0,0.0,0.0,0.0,0.0,0.0,6769.120366545171,253.95127510069685,0.85,0.0,0.0,0.0
71,greedy,node-007,0.0,0.0,0.0,0.0,0.0,0.0,0.0,0.0,6769.120366545171,253.95127510069685,0.85,0.0,0.0,0.0
71,greedy,node-008,0.0,0.0,0.0,0.0,0.0,0.0,0.0,0.0,6769.120366545171,253.95127510069685,0.85,-33.86367848646333,0.0,0.0
71,greedy,node-009,0.0,0.0,0.0,0.0,0.0,0.0,0.0,0.0,6769.120366545171,253.95127510069685,0.85,0.0,0.0,0.0
71,greedy,node-010,0.0,0.0,0.0,0.0,0.0,0.0,0.0,0.0,6769.120366545171,253.95127510069685,0.85,0.0,0.0,0.0
71,greedy,node-011,0.0,0.0,0.0,0.0,0.0,0.0,0.0,0.0,6769.120366545171,253.95127510069685,0.85,0.0,0.0,0.0
71,greedy,node-012,0.0,0.0,0.0,0.0,0.0,0.0,0.0,0.0,6769.120366545171,253.95127510069685,0.85,0.0,0.0,0.0
71,greedy,node-013,0.0,0.0,0.0,0.0,0.0,0.0,0.0,0.0,6769.120366545171,253.95127510069685,0.85,0.0,0.0,0.0
71,greedy,node-014,0.0,0.0,0.0,0.0,0.0,0.0,0.0,0.0,6769.120366545171,253.95127510069685,0.85,0.0,0.0,0.0
71,greedy,node-015,0.0,0.0,0.0,0.0,0.0,0.0,0.0,0.0,6769.120366545171,253.95127510069685,0.85,0.0,0.0,0.0
71,greedy,node-016,17.479792895435885,0.0,17.479792895435885,0.10105496571091446,0.0,0.10105496571091446,57.65770727665153,172.97312182995452,6769.120366545171,253.95127510069685,0.85,-100.99528052183067,-8.61015743064015,-57.65770727665153
71,greedy,node-017,0.0,0.0,0.0,0.0,0.0,0.0,0.0,0.0,6769.120366545171,253.95127510069685,0.85,0.0,0.0,0.0
71,greedy,node-018,0.0,0.0,0.0,0.0,0.0,0.0,0.0,0.0,6769.120366545171,253.95127510069685,0.85,0.0,0.0,0.0
71,greedy,node-019,0.0,0.0,0.0,0.0,0.0,0.0,0.0,0.0,6769.120366545171,253.95127510069685,0.85,0.0,0.0,0.0
71,greedy,node-020,0.0,0.0,0.0,0.0,0.0,0.0,0.0,0.0,6769.120366545171,253.95127510069685,0.85,0.0,0.0,0.0
71,greedy,node-021,0.0,0.0,0.0,0.0,0.0,0.0,26.99271775691411,80.97815327074234,6769.120366545171,253.95127510069685,0.85,-69.23196709342922,-0.6353098617852986,-26.99271775691411
71,greedy,node-022,0.0,0.0,0.0,0.0,0.0,0.0,0.0,0.0,6769.120366545171,253.95127510069685,0.85,0.0,0.0,0.0
71,greedy,node-023,0.0,0.0,0.0,0.0,0.0,0.0,0.0,0.0,6769.120366545171,253.95127510069685,0.85,0.0,0.0,0.0
71,greedy,node-024,0.0,0.0,0.0,0.0,0.0,0.0,0.0,0.0,6769.120366545171,253.95127510069685,0.85,0.0,0.0,0.0
71,greedy,node-025,0.0,0.0,0.0,0.0,0.0,0.0,0.0,0.0,6769.120366545171,253.95127510069685,0.85,0.0,0.0,0.0
71,greedy,node-026,0.0,0.0,0.0,0.0,0.0,0.0,0.0,0.0,6769.120366545171,253.95127510069685,0.85,-32.31272333958839,0.0,0.0
71,greedy,node-027,0.0,0.0,0.0,0.0,0.0,0.0,0.0,0.0,6769.120366545171,253.95127510069685,0.85,0.0,0.0,0.0
71,greedy,node-028,0.0,0.0,0.0,0.0,0.0,0.0,0.0,0.0,6769.120366545171,253.95127510069685,0.85,0.0,0.0,0.0
71,greedy,node-029,0.0,0.0,0.0,0.0,0.0,0.0,0.0,0.0,6769.120366545171,253.95127510069685,0.85,0.0,0.0,0.0
71,trust_vcg,node-000,0.0,0.0,0.0,0.0,0.0,0.0,0.0,0.0,8413.070923631589,77.28192832402281,0.9,0.0,0.0,0.0
71,trust_vcg,node-001,0.0,0.0,0.0,0.0,0.0,0.0,0.0,0.0,8413.070923631589,77.28192832402281,0.9,0.0,0.0,0.0
71,trust_vcg,node-002,0.0,0.0,0.0,0.0,0.0,0.0,0.0,0.0,8413.070923631589,77.28192832402281,0.9,-5034.249412307702,0.0,0.0
71,trust_vcg,node-003,0.0,0.0,0.0,0.0,0.0,0.0,0.0,0.0,8413.070923631589,77.28192832402281,0.9,-1731.5032427539018,0.0,0.0
71,trust_vcg,node-004,0.0,0.0,0.0,0.0,0.0,0.0,0.0,0.0,8413.070923631589,77.28192832402281,0.9,0.0,0.0,0.0
71,trust_vcg,node-005,0.0,0.0,0.0,0.0,0.0,0.0,0.0,0.0,8413.070923631589,77.28192832402281,0.9,-2272.583494476744,0.0,0.0
71,trust_vcg,node-006,0.0,0.0,110.06960690593417,0.0,0.0,110069.60690593417,0.0,0.0,8413.070923631589,77.28192832402281,0.9,-2289.930393094066,0.0,0.0
71,trust_vcg,node-007,0.0,0.0,0.0,0.0,0.0,0.0,0.0,0.0,8413.070923631589,77.28192832402281,0.9,0.0,0.0,0.0
71,trust_vcg,node-008,0.0,0.0,115.32068620304287,0.0,0.0,115320.68620304286,0.0,0.0,8413.070923631589,77.28192832402281,0.9,-5025.893386783215,0.0,0.0
71,trust_vcg,node-009,0.0,0.0,0.0,0.0,0.0,0.0,0.0,0.0,8413.070923631589,77.28192832402281,0.9,-2264.466891798542,0.0,0.0
71,trust_vcg,node-010,0.0,0.0,0.0,0.0,0.0,0.0,0.0,0.0,8413.070923631589,77.28192832402281,0.9,0.0,0.0,0.0
71,trust_vcg,node-011,0.0,0.0,62.294811650254815,0.0,0.0,62294.811650254815,0.0,0.0,8413.070923631589,77.28192832402281,0.9,-1737.7051883497452,0.0,0.0
71,trust_vcg,node-012,0.0,0.0,0.0,0.0,0.0,0.0,0.0,0.0,8413.070923631589,77.28192832402281,0.9,0.0,0.0,0.0
71,trust_vcg,node-013,0.0,0.0,120.18977850694012,0.0,0.0,120189.77850694011,0.0,0.0,8413.070923631589,77.28192832402281,0.9,-2273.722884067929,0.0,0.0
71,trust_vcg,node-014,0.0,0.0,123.11549254137536,0.0,0.0,123115.49254137535,0.0,0.0,8413.070923631589,77.28192832402281,0.9,-2276.8845074586243,0.0,0.0
71,trust_vcg,node-015,0.0,0.0,0.0,0.0,0.0,0.0,0.0,0.0,8413.070923631589,77.28192832402281,0.9,-2267.8509453132847,0.0,0.0
71,trust_vcg,node-016,130.01271973553756,0.0,344.50972173542823,1.6823172319203579,0.0,4.457830300131611,-96.06836465669366,77.28192832402281,8413.070923631589,77.28192832402281,0.9,-10947.269208588485,-26.002543947107483,201.02452212467108
71,trust_vcg,node-017,0.0,0.0,0.0,0.0,0.0,0.0,0.0,0.0,8413.070923631589,77.28192832402281,0.9,0.0,0.0,0.0
71,trust_vcg,node-018,0.0,0.0,0.0,0.0,0.0,0.0,0.0,0.0,8413.070923631589,77.28192832402281,0.9,0.0,0.0,0.0
71,trust_vcg,node-019,0.0,0.0,0.0,0.0,0.0,0.0,0.0,0.0,8413.070923631589,77.28192832402281,0.9,-5583.229612850167,0.0,0.0
71,trust_vcg,node-020,0.0,89.9678249568303,89.9678249568303,0.0,89967.8249568303,89967.8249568303,0.0,0.0,8413.070923631589,77.28192832402281,0.9,-3384.5357882038275,0.0,0.0
71,trust_vcg,node-021,0.0,0.0,0.0,0.0,0.0,0.0,0.0,0.0,8413.070923631589,77.28192832402281,0.9,-5542.239249336515,0.0,0.0
71,trust_vcg,node-022,0.0,0.0,35.46498214482047,0.0,0.0,35464.98214482047,0.0,0.0,8413.070923631589,77.28192832402281,0.9,-1164.5350178551796,0.0,0.0
71,trust_vcg,node-023,0.0,83.34848034887754,83.34848034887754,0.0,83348.48034887754,83348.48034887754,0.0,0.0,8413.070923631589,77.28192832402281,0.9,-2248.760445189698,0.0,0.0
71,trust_vcg,node-024,0.0,0.0,0.0,0.0,0.0,0.0,0.0,0.0,8413.070923631589,77.28192832402281,0.9,0.0,0.0,0.0
71,trust_vcg,node-025,0.0,0.0,0.0,0.0,0.0,0.0,0.0,0.0,8413.070923631589,77.28192832402281,0.9,-5597.051509595935,0.0,0.0
71,trust_vcg,node-026,0.0,0.0,130.55024661863823,0.0,0.0,130550.24661863822,0.0,0.0,8413.070923631589,77.28192832402281,0.9,-5562.12224635528,0.0,0.0
71,trust_vcg,node-027,32.208700523304685,163.77170919369973,227.73027140989808,32208.700523304684,163771.70919369973,227730.27140989807,0.0,0.0,8413.070923631589,77.28192832402281,0.9,-3373.454403356032,0.0,0.0
71,trust_vcg,node-028,0.0,0.0,11.094629642157201,0.0,0.0,11094.6296421572,0.0,0.0,8413.070923631589,77.28192832402281,0.9,-588.9053703578428,0.0,0.0
71,trust_vcg,node-029,0.0,0.0,0.0,0.0,0.0,0.0,0.0,0.0,8413.070923631589,77.28192832402281,0.9,0.0,0.0,0.0
71,contingent,node-000,0.0,0.0,0.0,0.0,0.0,0.0,0.0,0.0,8413.070923631589,243.4837566595544,0.9,0.0,0.0,0.0
71,contingent,node-001,0.0,0.0,0.0,0.0,0.0,0.0,0.0,0.0,8413.070923631589,243.4837566595544,0.9,0.0,0.0,0.0
71,contingent,node-002,0.0,3.6353300803690374,3.6353300803690374,0.0,3635.330080369037,3635.330080369037,0.0,0.0,8413.070923631589,243.4837566595544,0.9,-336.997649230813,0.0,0.0
71,contingent,node-003,0.0,0.0,0.0,0.0,0.0,0.0,0.0,0.0,8413.070923631589,243.4837566595544,0.9,-326.012971015607,0.0,0.0
71,contingent,node-004,0.0,0.0,0.0,0.0,0.0,0.0,0.0,0.0,8413.070923631589,243.4837566595544,0.9,0.0,0.0,0.0
71,contingent,node-005,0.0,0.0,0.0,0.0,0.0,0.0,0.0,0.0,8413.070923631589,243.4837566595544,0.9,-322.1838001245791,0.0,0.0
71,contingent,node-006,0.0,0.0,0.0,0.0,0.0,0.0,0.0,0.0,8413.070923631589,243.4837566595544,0.9,-359.72157237626334,0.0,0.0
71,contingent,node-007,0.0,0.0,0.0,0.0,0.0,0.0,0.0,0.0,8413.070923631589,243.4837566595544,0.9,0.0,0.0,0.0
71,contingent,node-008,0.0,2.1230995366079455,65.32068620304287,0.0,2123.0995366079455,65320.68620304287,0.0,0.0,8413.070923631589,243.4837566595544,0.9,-303.5735471328582,0.0,0.0
71,contingent,node-009,0.0,0.0,0.0,0.0,0.0,0.0,0.0,0.0,8413.070923631589,243.4837566595544,0.9,-257.86756719416576,0.0,0.0
71,contingent,node-010,0.0,0.0,0.0,0.0,0.0,0.0,0.0,0.0,8413.070923631589,243.4837566595544,0.9,0.0,0.0,0.0
71,contingent,node-011,0.0,0.0,0.0,0.0,0.0,0.0,0.0,0.0,8413.070923631589,243.4837566595544,0.9,-350.8207533989808,0.0,0.0
71,contingent,node-012,0.0,0.0,0.0,0.0,0.0,0.0,0.0,0.0,8413.070923631589,243.4837566595544,0.9,0.0,0.0,0.0
71,contingent,node-013,0.0,0.0,20.189778506940115,0.0,0.0,20189.778506940114,0.0,0.0,8413.070923631589,243.4837566595544,0.9,-294.89153627171544,0.0,0.0
71,contingent,node-014,0.0,0.0,21.376046803561053,0.0,0.0,21376.046803561054,0.0,0.0,8413.070923631589,243.4837566595544,0.9,-307.53802983449856,0.0,0.0
71,contingent,node-015,0.0,0.0,0.0,0.0,0.0,0.0,0.0,0.0,8413.070923631589,243.4837566595544,0.9,-280.2504320718479,0.0,0.0
71,contingent,node-016,171.1055658567643,0.0,237.5344384124181,0.702739140401915,0.0,0.9755658515838705,70.1334636788379,243.4837566595544,8413.070923631589,243.4837566595544,0.9,-243.48375665955444,-24.348375665955444,-265.17637758067383
71,contingent,node-017,0.0,0.0,0.0,0.0,0.0,0.0,0.0,0.0,8413.070923631589,243.4837566595544,0.9,0.0,0.0,0.0
71,contingent,node-018,0.0,0.0,0.0,0.0,0.0,0.0,0.0,0.0,8413.070923631589,243.4837566595544,0.9,0.0,0.0,0.0
71,contingent,node-019,0.0,15.464357676520784,15.464357676520784,0.0,15464.357676520784,15464.357676520784,0.0,0.0,8413.070923631589,243.4837566595544,0.9,-332.91845140066783,0.0,0.0
71,contingent,node-020,0.0,39.967824956830285,39.967824956830285,0.0,39967.824956830285,39967.824956830285,0.0,0.0,8413.070923631589,243.4837566595544,0.9,-338.14315281531026,0.0,0.0
71,contingent,node-021,0.0,21.324264271783854,78.12857189668196,0.0,21324.264271783853,78128.57189668195,0.0,0.0,8413.070923631589,243.4837566595544,0.9,-168.95699734606043,0.0,0.0
71,contingent,node-022,0.0,0.0,0.0,0.0,0.0,0.0,0.0,0.0,8413.070923631589,243.4837566595544,0.9,-258.1400714207182,0.0,0.0
71,contingent,node-023,0.0,33.3575904132566,33.3575904132566,0.0,33357.5904132566,33357.5904132566,0.0,0.0,8413.070923631589,243.4837566595544,0.9,-225.43895004681286,0.0,0.0
71,contingent,node-024,0.0,0.0,0.0,0.0,0.0,0.0,0.0,0.0,8413.070923631589,243.4837566595544,0.9,0.0,0.0,0.0
71,contingent,node-025,0.0,0.0,0.0,0.0,0.0,0.0,0.0,0.0,8413.070923631589,243.4837566595544,0.9,-388.2060383837436,0.0,0.0
71,contingent,node-026,0.0,14.346914860168102,80.55024661863823,0.0,14346.9148601681,80550.24661863822,0.0,0.0,8413.070923631589,243.4837566595544,0.9,-248.48898542112073,0.0,0.0
71,contingent,node-027,0.0,63.771709193699756,63.771709193699756,0.0,63771.70919369975,63771.70919369975,0.0,0.0,8413.070923631589,243.4837566595544,0.9,-293.81761342412716,0.0,0.0
71,contingent,node-028,0.0,0.0,0.0,0.0,0.0,0.0,0.0,0.0,8413.070923631589,243.4837566595544,0.9,-155.62148143137125,0.0,0.0
71,contingent,node-029,0.0,0.0,0.0,0.0,0.0,0.0,0.0,0.0,8413.070923631589,243.4837566595544,0.9,0.0,0.0,0.0
71,capped,node-000,0.0,0.0,0.0,0.0,0.0,0.0,0.0,0.0,8413.070923631589,260.0254394710748,0.9,0.0,0.0,0.0
71,capped,node-001,0.0,0.0,0.0,0.0,0.0,0.0,0.0,0.0,8413.070923631589,260.0254394710748,0.9,0.0,0.0,0.0
71,capped,node-002,0.0,85.50056768802168,85.50056768802168,0.0,85500.56768802168,85500.56768802168,0.0,0.0,8413.070923631589,260.0254394710748,0.9,-84.24941230770325,0.0,0.0
71,capped,node-003,0.0,0.0,0.0,0.0,0.0,0.0,0.0,0.0,8413.070923631589,260.0254394710748,0.9,-81.50324275390174,0.0,0.0
71,capped,node-004,0.0,0.0,0.0,0.0,0.0,0.0,0.0,0.0,8413.070923631589,260.0254394710748,0.9,0.0,0.0,0.0
71,capped,node-005,0.0,0.0,0.0,0.0,0.0,0.0,0.0,0.0,8413.070923631589,260.0254394710748,0.9,-80.54595003114477,0.0,0.0
71,capped,node-006,0.0,0.0,0.0,0.0,0.0,0.0,0.0,0.0,8413.070923631589,260.0254394710748,0.9,-89.93039309406583,0.0,0.0
71,capped,node-007,0.0,0.0,0.0,0.0,0.0,0.0,0.0,0.0,8413.070923631589,260.0254394710748,0.9,0.0,0.0,0.0
71,capped,node-008,0.0,67.72735697292666,83.9936305133159,0.0,67727.35697292666,83993.6305133159,0.0,0.0,8413.070923631589,260.0254394710748,0.9,-75.89338678321457,0.0,0.0
71,capped,node-009,0.0,40.02769664313091,40.02769664313091,0.0,40027.696643130905,40027.696643130905,0.0,0.0,8413.070923631589,260.0254394710748,0.9,-64.46689179854144,0.0,0.0
71,capped,node-010,0.0,0.0,0.0,0.0,0.0,0.0,0.0,0.0,8413.070923631589,260.0254394710748,0.9,0.0,0.0,0.0
71,capped,node-011,0.0,0.0,0.0,0.0,0.0,0.0,0.0,0.0,8413.070923631589,260.0254394710748,0.9,-87.7051883497452,0.0,0.0
71,capped,node-012,0.0,0.0,0.0,0.0,0.0,0.0,0.0,0.0,8413.070923631589,260.0254394710748,0.9,0.0,0.0,0.0
71,capped,node-013,0.0,0.0,20.189778506940115,0.0,0.0,20189.778506940114,0.0,0.0,8413.070923631589,260.0254394710748,0.9,-73.72288406792886,0.0,0.0
71,capped,node-014,0.0,0.0,21.376046803561053,0.0,0.0,21376.046803561054,0.0,0.0,8413.070923631589,260.0254394710748,0.9,-76.88450745862464,0.0,0.0
71,capped,node-015,0.0,0.0,19.19068666570935,0.0,0.0,19190.68666570935,0.0,0.0,8413.070923631589,260.0254394710748,0.9,-70.06260801796198,0.0,0.0
71,capped,node-016,187.6472486682847,0.0,254.0761212239384,0.7216495780181484,0.0,0.9771202453912277,86.67514649035827,260.0254394710748,8413.070923631589,260.0254394710748,0.9,-130.01271973553742,-26.002543947107483,-281.71806039219416
71,capped,node-017,0.0,0.0,0.0,0.0,0.0,0.0,0.0,0.0,8413.070923631589,260.0254394710748,0.9,0.0,0.0,0.0
71,capped,node-018,0.0,0.0,0.0,0.0,0.0,0.0,0.0,0.0,8413.070923631589,260.0254394710748,0.9,0.0,0.0,0.0
71,capped,node-019,0.0,83.50422212211589,83.50422212211589,0.0,83504.22212211588,83504.22212211588,0.0,0.0,8413.070923631589,260.0254394710748,0.9,-83.22961285016696,0.0,0.0
71,capped,node-020,0.0,39.967824956830285,39.967824956830285,0.0,39967.824956830285,39967.824956830285,0.0,0.0,8413.070923631589,260.0254394710748,0.9,-84.53578820382756,0.0,0.0
71,capped,node-021,0.0,78.80701986634077,151.12706668663895,0.0,78807.01986634076,151127.06668663895,0.0,0.0,8413.070923631589,260.0254394710748,0.9,-42.23924933651511,0.0,0.0
71,capped,node-022,0.0,0.0,0.0,0.0,0.0,0.0,0.0,0.0,8413.070923631589,260.0254394710748,0.9,-64.53501785517955,0.0,0.0
71,capped,node-023,0.0,33.3575904132566,33.3575904132566,0.0,33357.5904132566,33357.5904132566,0.0,0.0,8413.070923631589,260.0254394710748,0.9,-56.35973751170322,0.0,0.0
71,capped,node-024,0.0,0.0,0.0,0.0,0.0,0.0,0.0,0.0,8413.070923631589,260.0254394710748,0.9,0.0,0.0,0.0
71,capped,node-025,0.0,0.0,38.83377372942299,0.0,0.0,38833.77372942299,0.0,0.0,8413.070923631589,260.0254394710748,0.9,-97.0515095959359,0.0,0.0
71,capped,node-026,0.0,64.62544667917676,129.90502731443885,0.0,64625.44667917676,129905.02731443885,0.0,0.0,8413.070923631589,260.0254394710748,0.9,-62.12224635528018,0.0,0.0
71,capped,node-027,0.0,63.771709193699756,63.771709193699756,0.0,63771.70919369975,63771.70919369975,0.0,0.0,8413.070923631589,260.0254394710748,0.9,-73.45440335603178,0.0,0.0
71,capped,node-028,0.0,0.0,0.0,0.0,0.0,0.0,0.0,0.0,8413.070923631589,260.0254394710748,0.9,-38.90537035784281,0.0,0.0
71,capped,node-029,0.0,0.0,0.0,0.0,0.0,0.0,0.0,0.0,8413.070923631589,260.0254394710748,0.9,0.0,0.0,0.0
71,proper_scoring,node-000,0.0,0.0,0.0,0.0,0.0,0.0,0.0,0.0,8413.070923631589,1136.34799538105,0.9,0.0,0.0,0.0
71,proper_scoring,node-001,0.0,0.0,0.0,0.0,0.0,0.0,0.0,0.0,8413.070923631589,1136.34799538105,0.9,0.0,0.0,0.0
71,proper_scoring,node-002,0.0,135.50056768802168,274.8179688884704,0.0,135500.56768802166,274817.9688884704,0.0,0.0,8413.070923631589,1136.34799538105,0.9,-335.1231091346789,0.0,0.0
71,proper_scoring,node-003,0.0,0.0,0.0,0.0,0.0,0.0,0.0,0.0,8413.070923631589,1136.34799538105,0.9,-231.50324275390176,0.0,0.0
71,proper_scoring,node-004,0.0,0.0,0.0,0.0,0.0,0.0,0.0,0.0,8413.070923631589,1136.34799538105,0.9,0.0,0.0,0.0
71,proper_scoring,node-005,0.0,0.0,24.004586399847625,0.0,0.0,24004.586399847623,0.0,0.0,8413.070923631589,1136.34799538105,0.9,-269.993553328754,0.0,0.0
71,proper_scoring,node-006,0.0,0.0,110.06960690593417,0.0,0.0,110069.60690593417,0.0,0.0,8413.070923631589,1136.34799538105,0.9,-285.3445017408172,0.0,0.0
71,proper_scoring,node-007,0.0,0.0,0.0,0.0,0.0,0.0,0.0,0.0,8413.070923631589,1136.34799538105,0.9,0.0,0.0,0.0
71,proper_scoring,node-008,0.0,117.72735697292664,219.81499705785274,0.0,117727.35697292665,219814.99705785274,0.0,0.0,8413.070923631589,1136.34799538105,0.9,-303.5735471328582,0.0,0.0
71,proper_scoring,node-009,0.0,0.0,75.88466573948305,0.0,0.0,75884.66573948305,0.0,0.0,8413.070923631589,1136.34799538105,0.9,-247.70461830125083,0.0,0.0
71,proper_scoring,node-010,0.0,0.0,0.0,0.0,0.0,0.0,0.0,0.0,8413.070923631589,1136.34799538105,0.9,0.0,0.0,0.0
71,proper_scoring,node-011,0.0,0.0,62.294811650254815,0.0,0.0,62294.811650254815,0.0,0.0,8413.070923631589,1136.34799538105,0.9,-237.70518834974519,0.0,0.0
71,proper_scoring,node-012,0.0,0.0,0.0,0.0,0.0,0.0,0.0,0.0,8413.070923631589,1136.34799538105,0.9,0.0,0.0,0.0
71,proper_scoring,node-013,0.0,0.0,120.18977850694012,0.0,0.0,120189.77850694011,0.0,0.0,8413.070923631589,1136.34799538105,0.9,-270.97343737175424,0.0,0.0
71,proper_scoring,node-014,0.0,0.0,123.11549254137536,0.0,0.0,123115.49254137535,0.0,0.0,8413.070923631589,1136.34799538105,0.9,-274.696575469638,0.0,0.0
71,proper_scoring,node-015,0.0,0.0,30.488008429316316,0.0,0.0,30488.008429316316,0.0,0.0,8413.070923631589,1136.34799538105,0.9,-263.29332136374325,0.0,0.0
71,proper_scoring,node-016,121.74187832977759,7.13576127850456,194.6701996909228,0.10713432753401748,0.006279556357303852,0.17131213367929982,962.9977024003333,1136.34799538105,8413.070923631589,1136.34799538105,0.9,-1136.34799538105,-24.348375665955473,-858.0415449323559
71,proper_scoring,node-017,0.0,0.0,0.0,0.0,0.0,0.0,0.0,0.0,8413.070923631589,1136.34799538105,0.9,0.0,0.0,0.0
71,proper_scoring,node-018,0.0,0.0,0.0,0.0,0.0,0.0,0.0,0.0,8413.070923631589,1136.34799538105,0.9,0.0,0.0,0.0
71,proper_scoring,node-019,0.0,133.5042221221159,267.7930826035358,0.0,133504.2221221159,267793.0826035358,0.0,0.0,8413.070923631589,1136.34799538105,0.9,-331.5106227743169,0.0,0.0
71,proper_scoring,node-020,0.0,89.9678249568303,121.05532315003632,0.0,89967.8249568303,121055.32315003632,0.0,0.0,8413.070923631589,1136.34799538105,0.9,-328.1914153800648,0.0,0.0
71,proper_scoring,node-021,0.0,371.3242642717839,378.0075579723399,0.0,371324.2642717839,378007.5579723399,0.0,0.0,8413.070923631589,1136.34799538105,0.9,-168.95699734606043,0.0,0.0
71,proper_scoring,node-022,0.0,0.0,35.46498214482047,0.0,0.0,35464.98214482047,0.0,0.0,8413.070923631589,1136.34799538105,0.9,-164.53501785517955,0.0,0.0
71,proper_scoring,node-023,0.0,83.34848034887754,83.34848034887754,0.0,83348.48034887754,83348.48034887754,0.0,0.0,8413.070923631589,1136.34799538105,0.9,-223.50274134642672,0.0,0.0
71,proper_scoring,node-024,0.0,0.0,0.0,0.0,0.0,0.0,0.0,0.0,8413.070923631589,1136.34799538105,0.9,0.0,0.0,0.0
71,proper_scoring,node-025,0.0,0.0,302.9484904040641,0.0,0.0,302948.49040406407,0.0,0.0,8413.070923631589,1136.34799538105,0.9,-369.6747641028335,0.0,0.0
71,proper_scoring,node-026,0.0,164.62544667917675,362.7384877352155,0.0,164625.44667917673,362738.48773521546,0.0,0.0,8413.070923631589,1136.34799538105,0.9,-248.48898542112073,0.0,0.0
71,proper_scoring,node-027,32.208700523304685,163.77170919369973,227.73027140989808,32208.700523304684,163771.70919369973,227730.27140989807,0.0,0.0,8413.070923631589,1136.34799538105,0.9,-291.39566932139286,0.0,0.0
71,proper_scoring,node-028,0.0,0.0,11.094629642157201,0.0,0.0,11094.6296421572,0.0,0.0,8413.070923631589,1136.34799538105,0.9,-88.90537035784281,0.0,0.0
71,proper_scoring,node-029,0.0,0.0,0.0,0.0,0.0,0.0,0.0,0.0,8413.070923631589,1136.34799538105,0.9,0.0,0.0,0.0
71,audits,node-000,0.0,0.0,0.0,0.0,0.0,0.0,0.0,0.0,8413.070923631589,577.2819283240228,0.9,0.0,0.0,0.0
71,audits,node-001,0.0,0.0,0.0,0.0,0.0,0.0,0.0,0.0,8413.070923631589,577.2819283240228,0.9,0.0,0.0,0.0
71,audits,node-002,0.0,135.50056768802168,265.75058769229673,0.0,135500.56768802166,265750.5876922967,0.0,0.0,8413.070923631589,577.2819283240228,0.9,-1534.249412307703,0.0,0.0
71,audits,node-003,0.0,0.0,0.0,0.0,0.0,0.0,0.0,0.0,8413.070923631589,577.2819283240228,0.9,-231.50324275390176,0.0,0.0
71,audits,node-004,0.0,0.0,0.0,0.0,0.0,0.0,0.0,0.0,8413.070923631589,577.2819283240228,0.9,0.0,0.0,0.0
71,audits,node-005,0.0,0.0,21.414645251857586,0.0,0.0,21414.645251857586,0.0,0.0,8413.070923631589,577.2819283240228,0.9,-272.583494476744,0.0,0.0
71,audits,node-006,0.0,0.0,110.06960690593417,0.0,0.0,110069.60690593417,0.0,0.0,8413.070923631589,577.2819283240228,0.9,-289.93039309406583,0.0,0.0
71,audits,node-007,0.0,0.0,0.0,0.0,0.0,0.0,0.0,0.0,8413.070923631589,577.2819283240228,0.9,0.0,0.0,0.0
71,audits,node-008,0.0,117.72735697292664,174.693096550951,0.0,117727.35697292665,174693.09655095098,0.0,0.0,8413.070923631589,577.2819283240228,0.9,-1525.8933867832147,0.0,0.0
71,audits,node-009,0.0,0.0,75.88466573948305,0.0,0.0,75884.66573948305,0.0,0.0,8413.070923631589,577.2819283240228,0.9,-264.46689179854144,0.0,0.0
71,audits,node-010,0.0,0.0,0.0,0.0,0.0,0.0,0.0,0.0,8413.070923631589,577.2819283240228,0.9,0.0,0.0,0.0
71,audits,node-011,0.0,0.0,62.294811650254815,0.0,0.0,62294.811650254815,0.0,0.0,8413.070923631589,577.2819283240228,0.9,-237.70518834974519,0.0,0.0
71,audits,node-012,0.0,0.0,0.0,0.0,0.0,0.0,0.0,0.0,8413.070923631589,577.2819283240228,0.9,0.0,0.0,0.0
71,audits,node-013,0.0,0.0,120.18977850694012,0.0,0.0,120189.77850694011,0.0,0.0,8413.070923631589,577.2819283240228,0.9,-273.7228840679289,0.0,0.0
71,audits,node-014,0.0,0.0,123.11549254137536,0.0,0.0,123115.49254137535,0.0,0.0,8413.070923631589,577.2819283240228,0.9,-276.8845074586246,0.0,0.0
71,audits,node-015,0.0,0.0,30.488008429316316,0.0,0.0,30488.008429316316,0.0,0.0,8413.070923631589,577.2819283240228,0.9,-267.85094531328474,0.0,0.0
71,audits,node-016,130.0127197355376,0.0,186.8196323709904,0.22521529491316883,0.0,0.3236194018984262,403.93163534330637,577.2819283240228,8413.070923631589,577.2819283240228,0.9,-2447.2692085884855,-26.002543947107483,-298.9754778753289
71,audits,node-017,0.0,0.0,0.0,0.0,0.0,0.0,0.0,0.0,8413.070923631589,577.2819283240228,0.9,0.0,0.0,0.0
71,audits,node-018,0.0,0.0,0.0,0.0,0.0,0.0,0.0,0.0,8413.070923631589,577.2819283240228,0.9,0.0,0.0,0.0
71,audits,node-019,0.0,133.5042221221159,231.6247862723592,0.0,133504.2221221159,231624.7862723592,0.0,0.0,8413.070923631589,577.2819283240228,0.9,-1583.229612850167,0.0,0.0
71,audits,node-020,0.0,89.9678249568303,115.46421179617245,0.0,89967.8249568303,115464.21179617244,0.0,0.0,8413.070923631589,577.2819283240228,0.9,-384.53578820382756,0.0,0.0
71,audits,node-021,0.0,328.8070198663408,328.8070198663408,0.0,328807.0198663408,328807.0198663408,0.0,0.0,8413.070923631589,577.2819283240228,0.9,-1542.239249336515,0.0,0.0
71,audits,node-022,0.0,0.0,35.46498214482047,0.0,0.0,35464.98214482047,0.0,0.0,8413.070923631589,577.2819283240228,0.9,-164.53501785517955,0.0,0.0
71,audits,node-023,0.0,83.34848034887754,83.34848034887754,0.0,83348.48034887754,83348.48034887754,0.0,0.0,8413.070923631589,577.2819283240228,0.9,-248.76044518969837,0.0,0.0
71,audits,node-024,0.0,0.0,0.0,0.0,0.0,0.0,0.0,0.0,8413.070923631589,577.2819283240228,0.9,0.0,0.0,0.0
71,audits,node-025,0.0,0.0,302.9484904040641,0.0,0.0,302948.49040406407,0.0,0.0,8413.070923631589,577.2819283240228,0.9,-1597.0515095959358,0.0,0.0
71,audits,node-026,0.0,164.62544667917675,337.87775364471986,0.0,164625.44667917673,337877.75364471984,0.0,0.0,8413.070923631589,577.2819283240228,0.9,-1562.1222463552804,0.0,0.0
71,audits,node-027,32.208700523304685,163.77170919369973,227.73027140989808,32208.700523304684,163771.70919369973,227730.27140989807,0.0,0.0,8413.070923631589,577.2819283240228,0.9,-373.45440335603183,0.0,0.0
71,audits,node-028,0.0,0.0,11.094629642157201,0.0,0.0,11094.6296421572,0.0,0.0,8413.070923631589,577.2819283240228,0.9,-88.90537035784281,0.0,0.0
71,audits,node-029,0.0,0.0,0.0,0.0,0.0,0.0,0.0,0.0,8413.070923631589,577.2819283240228,0.9,0.0,0.0,0.0
70,greedy,node-000,0.0,0.0,0.0,0.0,0.0,0.0,0.0,0.0,8587.296885852813,291.127259816734,0.95,0.0,0.0,0.0
70,greedy,node-001,0.0,0.0,0.0,0.0,0.0,0.0,0.0,0.0,8587.296885852813,291.127259816734,0.95,0.0,0.0,0.0
70,greedy,node-002,0.0,0.0,0.0,0.0,0.0,0.0,0.0,0.0,8587.296885852813,291.127259816734,0.95,0.0,0.0,0.0
70,greedy,node-003,0.0,0.0,0.0,0.0,0.0,0.0,0.0,0.0,8587.296885852813,291.127259816734,0.95,0.0,0.0,0.0
70,greedy,node-004,0.0,0.0,0.0,0.0,0.0,0.0,0.0,0.0,8587.296885852813,291.127259816734,0.95,-58.15854625651054,0.0,0.0
70,greedy,node-005,0.0,0.0,0.0,0.0,0.0,0.0,0.0,0.0,8587.296885852813,291.127259816734,0.95,0.0,0.0,0.0
70,greedy,node-006,0.0,0.0,0.0,0.0,0.0,0.0,0.0,0.0,8587.296885852813,291.127259816734,0.95,0.0,0.0,0.0
70,greedy,node-007,0.0,0.0,0.0,0.0,0.0,0.0,0.0,0.0,8587.296885852813,291.127259816734,0.95,0.0,0.0,0.0
70,greedy,node-008,0.0,0.0,0.0,0.0,0.0,0.0,14.071878757092236,42.21563627127671,8587.296885852813,291.127259816734,0.95,-61.6493908620774,12.660989582532398,-14.071878757092236
70,greedy,node-009,19.11914245603687,0.0,19.11914245603687,19119.14245603687,0.0,19119.14245603687,0.0,0.0,8587.296885852813,291.127259816734,0.95,-51.9640230291398,0.0,0.0
70,greedy,node-010,0.0,0.0,0.0,0.0,0.0,0.0,0.0,0.0,8587.296885852813,291.127259816734,0.95,0.0,0.0,0.0
70,greedy,node-011,0.0,0.0,0.0,0.0,0.0,0.0,0.0,0.0,8587.296885852813,291.127259816734,0.95,0.0,0.0,0.0
70,greedy,node-012,0.0,0.0,0.0,0.0,0.0,0.0,0.0,0.0,8587.296885852813,291.127259816734,0.95,0.0,0.0,0.0
70,greedy,node-013,0.0,0.0,0.0,0.0,0.0,0.0,0.0,0.0,8587.296885852813,291.127259816734,0.95,0.0,0.0,0.0
70,greedy,node-014,0.0,0.0,0.0,0.0,0.0,0.0,0.0,0.0,8587.296885852813,291.127259816734,0.95,0.0,0.0,0.0
70,greedy,node-015,11.967038506851601,0.0,11.967038506851601,11967.0385068516,0.0,11967.0385068516,0.0,0.0,8587.296885852813,291.127259816734,0.95,-41.89537087851406,0.0,0.0
70,greedy,node-016,6.777111687202815,0.0,6.777111687202815,0.10993085180674744,0.0,0.10993085180674744,20.549619983286146,61.64885994985843,8587.296885852813,291.127259816734,0.95,-46.01358778069989,-6.164885994985843,-20.549619983286146
70,greedy,node-017,0.0,0.0,0.0,0.0,0.0,0.0,39.32339213131836,117.97017639395509,8587.296885852813,291.127259816734,0.95,-94.68607244061133,5.5518520097030475,-39.32339213131836
70,greedy,node-018,0.0,0.0,0.0,0.0,0.0,0.0,0.0,0.0,8587.296885852813,291.127259816734,0.95,0.0,0.0,0.0
70,greedy,node-019,0.0,0.0,0.0,0.0,0.0,0.0,0.0,0.0,8587.296885852813,291.127259816734,0.95,0.0,0.0,0.0
70,greedy,node-020,0.0,0.0,0.0,0.0,0.0,0.0,23.0975290672146,69.29258720164381,8587.296885852813,291.127259816734,0.95,-67.264419341445,9.771211591291696,-23.0975290672146
70,greedy,node-021,0.0,0.0,0.0,0.0,0.0,0.0,0.0,0.0,8587.296885852813,291.127259816734,0.95,-33.41554669842527,0.0,0.0
70,greedy,node-022,0.0,0.0,0.0,0.0,0.0,0.0,0.0,0.0,8587.296885852813,291.127259816734,0.95,0.0,0.0,0.0
70,greedy,node-023,0.0,0.0,0.0,0.0,0.0,0.0,0.0,0.0,8587.296885852813,291.127259816734,0.95,0.0,0.0,0.0
70,greedy,node-024,0.0,0.0,0.0,0.0,0.0,0.0,0.0,0.0,8587.296885852813,291.127259816734,0.95,0.0,0.0,0.0
70,greedy,node-025,0.0,0.0,0.0,0.0,0.0,0.0,0.0,0.0,8587.296885852813,291.127259816734,0.95,-36.0701657331621,0.0,0.0
70,greedy,node-026,0.0,0.0,0.0,0.0,0.0,0.0,0.0,0.0,8587.296885852813,291.127259816734,0.95,0.0,0.0,0.0
70,greedy,node-027,0.0,0.0,0.0,0.0,0.0,0.0,0.0,0.0,8587.296885852813,291.127259816734,0.95,-31.818308675419527,0.0,0.0
70,greedy,node-028,0.0,0.0,0.0,0.0,0.0,0.0,0.0,0.0,8587.296885852813,291.127259816734,0.95,0.0,0.0,0.0
70,greedy,node-029,0.0,0.0,0.0,0.0,0.0,0.0,0.0,0.0,8587.296885852813,291.127259816734,0.95,0.0,0.0,0.0
70,trust_vcg,node-000,0.0,0.0,0.0,0.0,0.0,0.0,0.0,0.0,8195.534739797691,826.9267033482746,0.95,0.0,0.0,0.0
70,trust_vcg,node-001,0.0,0.0,107.46355389054415,0.0,0.0,107463.55389054415,0.0,0.0,8195.534739797691,826.9267033482746,0.95,-2292.536446109456,0.0,0.0
70,trust_vcg,node-002,0.0,0.0,0.0,0.0,0.0,0.0,0.0,0.0,8195.534739797691,826.9267033482746,0.95,0.0,0.0,0.0
70,trust_vcg,node-003,0.0,0.0,434.7422127443673,0.0,0.0,434742.2127443673,0.0,0.0,8195.534739797691,826.9267033482746,0.95,-5616.75418266118,0.0,0.0
70,trust_vcg,node-004,0.0,0.0,0.0,0.0,0.0,0.0,0.0,0.0,8195.534739797691,826.9267033482746,0.95,-5562.4008495631615,0.0,0.0
70,trust_vcg,node-005,0.0,0.0,0.0,0.0,0.0,0.0,0.0,0.0,8195.534739797691,826.9267033482746,0.95,0.0,0.0,0.0
70,trust_vcg,node-006,0.0,0.0,0.0,0.0,0.0,0.0,0.0,0.0,8195.534739797691,826.9267033482746,0.95,0.0,0.0,0.0
70,trust_vcg,node-007,0.0,0.0,265.1743771036413,0.0,0.0,265174.3771036413,0.0,0.0,8195.534739797691,826.9267033482746,0.95,-3934.8256228963583,0.0,0.0
70,trust_vcg,node-008,0.0,0.0,394.80433990455197,0.0,0.0,394804.339904552,0.0,0.0,8195.534739797691,826.9267033482746,0.95,-5551.987110364114,0.0,0.0
70,trust_vcg,node-009,317.59543712340684,594.5330797431801,672.0213140915015,317595.43712340685,594533.0797431801,672021.3140915015,0.0,0.0,8195.534739797691,826.9267033482746,0.95,-5547.26653987159,0.0,0.0
70,trust_vcg,node-010,0.0,0.0,114.77100816537082,0.0,0.0,114771.00816537082,0.0,0.0,8195.534739797691,826.9267033482746,0.95,-2285.228991834629,0.0,0.0
70,trust_vcg,node-011,0.0,0.0,0.0,0.0,0.0,0.0,0.0,0.0,8195.534739797691,826.9267033482746,0.95,0.0,0.0,0.0
70,trust_vcg,node-012,0.0,0.0,37.528697706771595,0.0,0.0,37528.69770677159,0.0,0.0,8195.534739797691,826.9267033482746,0.95,-1162.4713022932283,0.0,0.0
70,trust_vcg,node-013,0.0,0.0,98.10251363204185,0.0,0.0,98102.51363204185,0.0,0.0,8195.534739797691,826.9267033482746,0.95,-2301.897486367958,0.0,0.0
70,trust_vcg,node-014,0.0,0.0,0.0,0.0,0.0,0.0,0.0,0.0,8195.534739797691,826.9267033482746,0.95,0.0,0.0,0.0
70,trust_vcg,node-015,86.24487344939087,0.0,121.41706374958638,86244.87344939087,0.0,121417.06374958638,0.0,0.0,8195.534739797691,826.9267033482746,0.95,-5563.28320891812,0.0,0.0
70,trust_vcg,node-016,85.54115825467863,198.203810734914,304.7944223559241,0.10068103843783054,0.23328378869636027,0.3587398110917529,747.7694364346737,849.6253076243287,8195.534739797691,826.9267033482746,0.95,-11852.897154015871,101.86931892901862,-747.7694364346737
70,trust_vcg,node-017,97.53660166489128,246.52426648331465,759.9155660934792,97536.60166489128,246524.26648331466,759915.5660934793,0.0,0.0,8195.534739797691,826.9267033482746,0.95,-11055.362680309296,0.0,0.0
70,trust_vcg,node-018,200.88707471828405,0.0,325.495253937434,200887.07471828404,0.0,325495.25393743394,0.0,0.0,8195.534739797691,826.9267033482746,0.95,-5074.504746062566,0.0,0.0
70,trust_vcg,node-019,0.0,165.02169655782478,165.02169655782478,0.0,165021.6965578248,165021.6965578248,0.0,0.0,8195.534739797691,826.9267033482746,0.95,-5055.378765516584,0.0,0.0
70,trust_vcg,node-020,468.6310403708996,468.6310403708996,468.6310403708996,468631.0403708996,468631.0403708996,468631.0403708996,-468.6310403708996,-438.4003727694877,8195.534739797691,826.9267033482746,0.95,-5075.535849903331,49.49216939068879,468.6310403708996
70,trust_vcg,node-021,368.43427195159256,284.4683492643636,413.0041734475149,368434.2719515925,284468.3492643636,413004.1734475149,0.0,0.0,8195.534739797691,826.9267033482746,0.95,-5586.995826552486,0.0,0.0
70,trust_vcg,node-022,0.0,0.0,0.0,0.0,0.0,0.0,0.0,0.0,8195.534739797691,826.9267033482746,0.95,0.0,0.0,0.0
70,trust_vcg,node-023,0.0,0.0,0.0,0.0,0.0,0.0,0.0,0.0,8195.534739797691,826.9267033482746,0.95,-1736.669144343151,0.0,0.0
70,trust_vcg,node-024,0.0,0.0,0.0,0.0,0.0,0.0,0.0,0.0,8195.534739797691,826.9267033482746,0.95,-5073.190805122084,0.0,0.0
70,trust_vcg,node-025,153.28018989308538,127.19089752442028,212.39430573693005,0.36872633582627296,0.3059666981581036,0.5109295216777144,271.42110556078524,415.70176849343363,8195.534739797691,826.9267033482746,0.95,-5844.9217453430665,-21.642099439897237,-271.42110556078524
70,trust_vcg,node-026,240.92926049426652,0.0,240.92926049426652,240929.26049426652,0.0,240929.26049426652,0.0,0.0,8195.534739797691,826.9267033482746,0.95,-5635.6966620034145,0.0,0.0
70,trust_vcg,node-027,0.0,0.0,66.87651258211424,0.0,0.0,66876.51258211424,0.0,0.0,8195.534739797691,826.9267033482746,0.95,-10005.48853430278,0.0,0.0
70,trust_vcg,node-028,0.0,0.0,0.0,0.0,0.0,0.0,0.0,0.0,8195.534739797691,826.9267033482746,0.95,0.0,0.0,0.0
70,trust_vcg,node-029,0.0,0.0,0.0,0.0,0.0,0.0,0.0,0.0,8195.534739797691,826.9267033482746,0.95,0.0,0.0,0.0
70,contingent,node-000,0.0,0.0,0.0,0.0,0.0,0.0,0.0,0.0,8195.534739797691,391.86267633298974,0.95,0.0,0.0,0.0
70,contingent,node-001,0.0,0.0,0.0,0.0,0.0,0.0,0.0,0.0,8195.534739797691,391.86267633298974,0.95,-370.1457844378234,0.0,0.0
70,contingent,node-002,0.0,0.0,0.0,0.0,0.0,0.0,0.0,0.0,8195.534739797691,391.86267633298974,0.95,0.0,0.0,0.0
70,contingent,node-003,0.0,0.0,34.742212744367336,0.0,0.0,34742.21274436734,0.0,0.0,8195.534739797691,391.86267633298974,0.95,-467.01673064471606,0.0,0.0
70,contingent,node-004,0.0,78.01187968971587,124.32173878620942,0.0,78011.87968971586,124321.73878620942,0.0,0.0,8195.534739797691,391.86267633298974,0.95,-249.6033982526458,0.0,0.0
70,contingent,node-005,0.0,0.0,0.0,0.0,0.0,0.0,0.0,0.0,8195.534739797691,391.86267633298974,0.95,0.0,0.0,0.0
70,contingent,node-006,0.0,0.0,0.0,0.0,0.0,0.0,0.0,0.0,8195.534739797691,391.86267633298974,0.95,0.0,0.0,0.0
70,contingent,node-007,0.0,0.0,0.0,0.0,0.0,0.0,0.0,0.0,8195.534739797691,391.86267633298974,0.95,-339.3024915854347,0.0,0.0
70,contingent,node-008,0.0,38.67059161486851,194.80433990455197,0.0,38670.591614868514,194804.33990455198,0.0,0.0,8195.534739797691,391.86267633298974,0.95,-207.94844145645993,0.0,0.0
70,contingent,node-009,5.465445028993013,94.53307974318025,279.33136667886936,5465.445028993013,94533.07974318025,279331.36667886935,0.0,0.0,8195.534739797691,391.86267633298974,0.95,-189.06615948636048,0.0,0.0
70,contingent,node-010,0.0,0.0,12.50338001959284,0.0,0.0,12503.38001959284,0.0,0.0,8195.534739797691,391.86267633298974,0.95,-340.91596733851674,0.0,0.0
70,contingent,node-011,0.0,0.0,0.0,0.0,0.0,0.0,0.0,0.0,8195.534739797691,391.86267633298974,0.95,0.0,0.0,0.0
70,contingent,node-012,0.0,0.0,0.0,0.0,0.0,0.0,0.0,0.0,8195.534739797691,391.86267633298974,0.95,-249.88520917291365,0.0,0.0
70,contingent,node-013,0.0,0.0,0.0,0.0,0.0,0.0,0.0,0.0,8195.534739797691,391.86267633298974,0.95,-407.58994547183255,0.0,0.0
70,contingent,node-014,0.0,0.0,0.0,0.0,0.0,0.0,0.0,0.0,8195.534739797691,391.86267633298974,0.95,0.0,0.0,0.0
70,contingent,node-015,0.0,51.45730382020315,92.49885566001494,0.0,51457.30382020315,92498.85566001493,0.0,0.0,8195.534739797691,391.86267633298974,0.95,-253.13283567248033,0.0,0.0
70,contingent,node-016,0.0,45.04531157476018,60.15032989762621,0.0,0.29483040462724747,0.3936957139867219,50.92793559482749,152.78380678448252,8195.534739797691,391.86267633298974,0.95,-471.4388059196105,2.320533094755021,-50.92793559482749
70,contingent,node-017,1.5190786389429345,84.08991146489953,309.91556609347924,1519.0786389429345,84089.91146489953,309915.5660934792,0.0,0.0,8195.534739797691,391.86267633298974,0.95,-221.45072123717182,0.0,0.0
70,contingent,node-018,0.0,0.0,0.0,0.0,0.0,0.0,0.0,0.0,8195.534739797691,391.86267633298974,0.95,-498.018984250264,0.0,0.0
70,contingent,node-019,0.0,65.0216965578248,65.0216965578248,0.0,65021.6965578248,65021.6965578248,0.0,0.0,8195.534739797691,391.86267633298974,0.95,-421.515062066335,0.0,0.0
70,contingent,node-020,7.572792451877035,28.70332117456543,121.44899919462037,0.33422341688702106,1.2668143409358836,5.360123065075413,-7.572792451877035,22.657875149534775,8195.534739797691,391.86267633298974,0.95,-169.09476864504455,2.5571839570209374,7.572792451877035
70,contingent,node-021,25.06038080942663,84.46834926436358,116.95441344448844,25060.380809426628,84468.34926436358,116954.41344448844,0.0,0.0,8195.534739797691,391.86267633298974,0.95,-347.9833062099404,0.0,0.0
70,contingent,node-022,0.0,0.0,0.0,0.0,0.0,0.0,0.0,0.0,8195.534739797691,391.86267633298974,0.95,0.0,0.0,0.0
70,contingent,node-023,0.0,0.0,0.0,0.0,0.0,0.0,0.0,0.0,8195.534739797691,391.86267633298974,0.95,-346.676577372604,0.0,0.0
70,contingent,node-024,0.0,0.0,0.0,0.0,0.0,0.0,0.0,0.0,8195.534739797691,391.86267633298974,0.95,-492.7632204883385,0.0,0.0
70,contingent,node-025,0.0,26.47167161888133,70.92626261689914,0.0,0.12231563620893798,0.3277235778990389,72.14033146632418,216.42099439897254,8195.534739797691,391.86267633298974,0.95,-366.14289059545234,-21.64209943989725,-72.14033146632418
70,contingent,node-026,0.0,0.0,17.276333274450145,0.0,0.0,17276.333274450146,0.0,0.0,8195.534739797691,391.86267633298974,0.95,-542.7866480136597,0.0,0.0
70,contingent,node-027,0.0,19.24183381489134,19.24183381489134,0.0,19241.83381489134,19241.83381489134,0.0,0.0,8195.534739797691,391.86267633298974,0.95,-421.95413721110936,0.0,0.0
70,contingent,node-028,0.0,0.0,0.0,0.0,0.0,0.0,0.0,0.0,8195.534739797691,391.86267633298974,0.95,0.0,0.0,0.0
70,contingent,node-029,0.0,0.0,0.0,0.0,0.0,0.0,0.0,0.0,8195.534739797691,391.86267633298974,0.95,0.0,0.0,0.0
70,capped,node-000,0.0,0.0,0.0,0.0,0.0,0.0,0.0,0.0,8195.534739797691,414.5508025855727,0.95,0.0,0.0,0.0
70,capped,node-001,0.0,0.0,0.0,0.0,0.0,0.0,0.0,0.0,8195.534739797691,414.5508025855727,0.95,-92.53644610945585,0.0,0.0
70,capped,node-002,0.0,0.0,0.0,0.0,0.0,0.0,0.0,0.0,8195.534739797691,414.5508025855727,0.95,0.0,0.0,0.0
70,capped,node-003,0.0,0.0,34.742212744367336,0.0,0.0,34742.21274436734,0.0,0.0,8195.534739797691,414.5508025855727,0.95,-116.75418266117902,0.0,0.0
70,capped,node-004,0.0,116.31709251302108,172.2032548153409,0.0,116317.09251302108,172203.2548153409,0.0,0.0,8195.534739797691,414.5508025855727,0.95,-62.40084956316145,0.0,0.0
70,capped,node-005,0.0,0.0,0.0,0.0,0.0,0.0,0.0,0.0,8195.534739797691,414.5508025855727,0.95,0.0,0.0,0.0
70,capped,node-006,0.0,0.0,0.0,0.0,0.0,0.0,0.0,0.0,8195.534739797691,414.5508025855727,0.95,0.0,0.0,0.0
70,capped,node-007,0.0,0.0,0.0,0.0,0.0,0.0,0.0,0.0,8195.534739797691,414.5508025855727,0.95,-84.82562289635868,0.0,0.0
70,capped,node-008,0.0,95.15502420997034,194.80433990455197,0.0,95155.02420997033,194804.33990455198,0.0,0.0,8195.534739797691,414.5508025855727,0.95,-51.98711036411498,0.0,0.0
70,capped,node-009,5.465445028993013,94.53307974318025,279.33136667886936,5465.445028993013,94533.07974318025,279331.36667886935,0.0,0.0,8195.534739797691,414.5508025855727,0.95,-47.26653987159011,0.0,0.0
70,capped,node-010,0.0,0.0,12.50338001959284,0.0,0.0,12503.38001959284,0.0,0.0,8195.534739797691,414.5508025855727,0.95,-85.22899183462918,0.0,0.0
70,capped,node-011,0.0,0.0,0.0,0.0,0.0,0.0,0.0,0.0,8195.534739797691,414.5508025855727,0.95,0.0,0.0,0.0
70,capped,node-012,0.0,0.0,0.0,0.0,0.0,0.0,0.0,0.0,8195.534739797691,414.5508025855727,0.95,-62.471302293228405,0.0,0.0
70,capped,node-013,0.0,0.0,0.0,0.0,0.0,0.0,0.0,0.0,8195.534739797691,414.5508025855727,0.95,-101.89748636795814,0.0,0.0
70,capped,node-014,0.0,0.0,0.0,0.0,0.0,0.0,0.0,0.0,8195.534739797691,414.5508025855727,0.95,0.0,0.0,0.0
70,capped,node-015,0.0,94.76525775203058,151.71460323631155,0.0,94765.25775203058,151714.60323631155,0.0,0.0,8195.534739797691,414.5508025855727,0.95,-63.28320891812008,0.0,0.0
70,capped,node-016,0.0,45.04531157476018,60.15032989762621,0.0,0.29483040462724747,0.3936957139867219,50.92793559482749,152.78380678448252,8195.534739797691,414.5508025855727,0.95,-156.05565317602324,2.320533094755021,-50.92793559482749
70,capped,node-017,1.5190786389429345,96.52426648331465,309.91556609347924,1519.0786389429345,96524.26648331464,309915.5660934792,0.0,0.0,8195.534739797691,414.5508025855727,0.95,-55.36268030929296,0.0,0.0
70,capped,node-018,0.0,0.0,0.0,0.0,0.0,0.0,0.0,0.0,8195.534739797691,414.5508025855727,0.95,-124.504746062566,0.0,0.0
70,capped,node-019,0.0,65.0216965578248,65.0216965578248,0.0,65021.6965578248,65021.6965578248,0.0,0.0,8195.534739797691,414.5508025855727,0.95,-105.37876551658375,0.0,0.0
70,capped,node-020,0.0,73.21844674775491,233.16737659358225,0.0,1.6146615905219708,5.141961129624387,15.115333800705905,45.346001402117714,8195.534739797691,414.5508025855727,0.95,-59.2822240749363,0.2883713317626455,-15.115333800705905
70,capped,node-021,25.06038080942663,84.46834926436358,116.95441344448844,25060.380809426628,84468.34926436358,116954.41344448844,0.0,0.0,8195.534739797691,414.5508025855727,0.95,-86.9958265524851,0.0,0.0
70,capped,node-022,0.0,0.0,0.0,0.0,0.0,0.0,0.0,0.0,8195.534739797691,414.5508025855727,0.95,0.0,0.0,0.0
70,capped,node-023,0.0,0.0,0.0,0.0,0.0,0.0,0.0,0.0,8195.534739797691,414.5508025855727,0.95,-86.66914434315102,0.0,0.0
70,capped,node-024,0.0,0.0,36.16840288927994,0.0,0.0,36168.40288927994,0.0,0.0,8195.534739797691,414.5508025855727,0.95,-123.19080512208463,0.0,0.0
70,capped,node-025,0.0,26.47167161888133,70.92626261689914,0.0,0.12231563620893798,0.3277235778990389,72.14033146632418,216.42099439897254,8195.534739797691,414.5508025855727,0.95,-145.64097124860623,-21.64209943989725,-72.14033146632418
70,capped,node-026,0.0,0.0,17.276333274450145,0.0,0.0,17276.333274450146,0.0,0.0,8195.534739797691,414.5508025855727,0.95,-135.69666200341496,0.0,0.0
70,capped,node-027,0.0,77.43837411146906,77.43837411146906,0.0,77438.37411146906,77438.37411146906,0.0,0.0,8195.534739797691,414.5508025855727,0.95,-105.48853430277735,0.0,0.0
70,capped,node-028,0.0,0.0,0.0,0.0,0.0,0.0,0.0,0.0,8195.534739797691,414.5508025855727,0.95,0.0,0.0,0.0
70,capped,node-029,0.0,0.0,0.0,0.0,0.0,0.0,0.0,0.0,8195.534739797691,414.5508025855727,0.95,0.0,0.0,0.0
70,proper_scoring,node-000,0.0,0.0,0.0,0.0,0.0,0.0,0.0,0.0,8195.534739797691,1337.1887493262234,0.95,0.0,0.0,0.0
70,proper_scoring,node-001,0.0,0.0,107.46355389054415,0.0,0.0,107463.55389054415,0.0,0.0,8195.534739797691,1337.1887493262234,0.95,-292.5364461094558,0.0,0.0
70,proper_scoring,node-002,0.0,0.0,0.0,0.0,0.0,0.0,0.0,0.0,8195.534739797691,1337.1887493262234,0.95,0.0,0.0,0.0
70,proper_scoring,node-003,0.0,0.0,434.7422127443673,0.0,0.0,434742.2127443673,0.0,0.0,8195.534739797691,1337.1887493262234,0.95,-424.4549230518595,0.0,0.0
70,proper_scoring,node-004,0.0,478.011879689716,478.011879689716,0.0,478011.879689716,478011.879689716,0.0,0.0,8195.534739797691,1337.1887493262234,0.95,-249.6033982526458,0.0,0.0
70,proper_scoring,node-005,0.0,0.0,0.0,0.0,0.0,0.0,0.0,0.0,8195.534739797691,1337.1887493262234,0.95,0.0,0.0,0.0
70,proper_scoring,node-006,0.0,0.0,0.0,0.0,0.0,0.0,0.0,0.0,8195.534739797691,1337.1887493262234,0.95,0.0,0.0,0.0
70,proper_scoring,node-007,0.0,0.0,265.1743771036413,0.0,0.0,265174.3771036413,0.0,0.0,8195.534739797691,1337.1887493262234,0.95,-326.0494948771609,0.0,0.0
70,proper_scoring,node-008,0.0,388.67059161486856,394.80433990455197,0.0,388670.59161486855,394804.339904552,0.0,0.0,8195.534739797691,1337.1887493262234,0.95,-207.94844145645993,0.0,0.0
70,proper_scoring,node-009,317.59543712340684,594.5330797431801,672.0213140915015,317595.43712340685,594533.0797431801,672021.3140915015,0.0,0.0,8195.534739797691,1337.1887493262234,0.95,-189.06615948636048,0.0,0.0
70,proper_scoring,node-010,0.0,0.0,114.77100816537082,0.0,0.0,114771.00816537082,0.0,0.0,8195.534739797691,1337.1887493262234,0.95,-285.22899183462914,0.0,0.0
70,proper_scoring,node-011,0.0,0.0,0.0,0.0,0.0,0.0,0.0,0.0,8195.534739797691,1337.1887493262234,0.95,0.0,0.0,0.0
70,proper_scoring,node-012,0.0,0.0,37.528697706771595,0.0,0.0,37528.69770677159,0.0,0.0,8195.534739797691,1337.1887493262234,0.95,-162.4713022932284,0.0,0.0
70,proper_scoring,node-013,0.0,0.0,98.10251363204185,0.0,0.0,98102.51363204185,0.0,0.0,8195.534739797691,1337.1887493262234,0.95,-301.8974863679581,0.0,0.0
70,proper_scoring,node-014,0.0,0.0,0.0,0.0,0.0,0.0,0.0,0.0,8195.534739797691,1337.1887493262234,0.95,0.0,0.0,0.0
70,proper_scoring,node-015,86.24487344939087,351.4573038202031,449.16063901018947,86244.87344939087,351457.30382020306,449160.63901018945,0.0,0.0,8195.534739797691,1337.1887493262234,0.95,-253.13283567248033,0.0,0.0
70,proper_scoring,node-016,85.54115825467863,198.203810734914,304.7944223559241,0.10068103843783054,0.23328378869636027,0.3587398110917529,747.7694364346737,849.6253076243287,8195.534739797691,1337.1887493262234,0.95,-1140.7825874729333,101.86931892901862,-747.7694364346737
70,proper_scoring,node-017,594.085507100412,784.0899114648996,917.6660943447314,594085.5071004119,784089.9114648995,917666.0943447314,0.0,0.0,8195.534739797691,1337.1887493262234,0.95,-221.45072123717182,0.0,0.0
70,proper_scoring,node-018,200.88707471828405,0.0,325.495253937434,200887.07471828404,0.0,325495.25393743394,0.0,0.0,8195.534739797691,1337.1887493262234,0.95,-440.85969126673666,0.0,0.0
70,proper_scoring,node-019,140.73546509005175,165.02169655782478,264.34992693360783,140735.46509005173,165021.6965578248,264349.92693360784,0.0,0.0,8195.534739797691,1337.1887493262234,0.95,-418.67552561267024,0.0,0.0
70,proper_scoring,node-020,260.8080219589562,379.4995231156393,434.5929525370286,3.6293062812827617,5.280972543107411,6.047631973114987,41.63100560704906,71.86167320846087,8195.534739797691,1337.1887493262234,0.95,-218.29856670397066,51.76098201594705,-41.63100560704906
70,proper_scoring,node-021,368.43427195159256,284.4683492643636,413.0041734475149,368434.2719515925,284468.3492643636,413004.1734475149,0.0,0.0,8195.534739797691,1337.1887493262234,0.95,-347.9833062099404,0.0,0.0
70,proper_scoring,node-022,0.0,0.0,0.0,0.0,0.0,0.0,0.0,0.0,8195.534739797691,1337.1887493262234,0.95,0.0,0.0,0.0
70,proper_scoring,node-023,0.0,0.0,0.0,0.0,0.0,0.0,0.0,0.0,8195.534739797691,1337.1887493262234,0.95,-236.66914434315103,0.0,0.0
70,proper_scoring,node-024,0.0,0.0,226.83589309624278,0.0,0.0,226835.89309624277,0.0,0.0,8195.534739797691,1337.1887493262234,0.95,-466.2834813683834,0.0,0.0
70,proper_scoring,node-025,153.28018989308538,127.19089752442028,212.39430573693005,0.36872633582627296,0.3059666981581036,0.5109295216777144,271.42110556078524,415.70176849343363,8195.534739797691,1337.1887493262234,0.95,-565.4236646899134,-21.642099439897237,-271.42110556078524
70,proper_scoring,node-026,240.92926049426652,0.0,264.30333799658507,240929.26049426652,0.0,264303.33799658506,0.0,0.0,8195.534739797691,1337.1887493262234,0.95,-481.3679079060176,0.0,0.0
70,proper_scoring,node-027,0.0,327.4383741114691,615.4131955489338,0.0,327438.3741114691,615413.1955489338,0.0,0.0,8195.534739797691,1337.1887493262234,0.95,-401.85989503066014,0.0,0.0
70,proper_scoring,node-028,0.0,0.0,0.0,0.0,0.0,0.0,0.0,0.0,8195.534739797691,1337.1887493262234,0.95,0.0,0.0,0.0
70,proper_scoring,node-029,0.0,0.0,0.0,0.0,0.0,0.0,0.0,0.0,8195.534739797691,1337.1887493262234,0.95,0.0,0.0,0.0
70,audits,node-000,0.0,0.0,0.0,0.0,0.0,0.0,0.0,0.0,8195.534739797691,1326.9267033482747,0.95,0.0,0.0,0.0
70,audits,node-001,0.0,0.0,107.46355389054415,0.0,0.0,107463.55389054415,0.0,0.0,8195.534739797691,1326.9267033482747,0.95,-792.5364461094557,0.0,0.0
70,audits,node-002,0.0,0.0,0.0,0.0,0.0,0.0,0.0,0.0,8195.534739797691,1326.9267033482747,0.95,0.0,0.0,0.0
70,audits,node-003,0.0,0.0,434.7422127443673,0.0,0.0,434742.2127443673,0.0,0.0,8195.534739797691,1326.9267033482747,0.95,-1116.7541826611791,0.0,0.0
70,audits,node-004,0.0,0.0,0.0,0.0,0.0,0.0,0.0,0.0,8195.534739797691,1326.9267033482747,0.95,-1062.4008495631615,0.0,0.0
70,audits,node-005,0.0,0.0,0.0,0.0,0.0,0.0,0.0,0.0,8195.534739797691,1326.9267033482747,0.95,0.0,0.0,0.0
70,audits,node-006,0.0,0.0,0.0,0.0,0.0,0.0,0.0,0.0,8195.534739797691,1326.9267033482747,0.95,0.0,0.0,0.0
70,audits,node-007,0.0,0.0,265.1743771036413,0.0,0.0,265174.3771036413,0.0,0.0,8195.534739797691,1326.9267033482747,0.95,-934.8256228963586,0.0,0.0
70,audits,node-008,0.0,345.1550242099703,394.80433990455197,0.0,345155.02420997026,394804.339904552,0.0,0.0,8195.534739797691,1326.9267033482747,0.95,-1051.9871103641149,0.0,0.0
70,audits,node-009,317.59543712340684,594.5330797431801,672.0213140915015,317595.43712340685,594533.0797431801,672021.3140915015,0.0,0.0,8195.534739797691,1326.9267033482747,0.95,-1047.26653987159,0.0,0.0
70,audits,node-010,0.0,0.0,114.77100816537082,0.0,0.0,114771.00816537082,0.0,0.0,8195.534739797691,1326.9267033482747,0.95,-785.2289918346291,0.0,0.0
70,audits,node-011,0.0,0.0,0.0,0.0,0.0,0.0,0.0,0.0,8195.534739797691,1326.9267033482747,0.95,0.0,0.0,0.0
70,audits,node-012,0.0,0.0,37.528697706771595,0.0,0.0,37528.69770677159,0.0,0.0,8195.534739797691,1326.9267033482747,0.95,-162.4713022932284,0.0,0.0
70,audits,node-013,0.0,0.0,98.10251363204185,0.0,0.0,98102.51363204185,0.0,0.0,8195.534739797691,1326.9267033482747,0.95,-801.8974863679581,0.0,0.0
70,audits,node-014,0.0,0.0,0.0,0.0,0.0,0.0,0.0,0.0,8195.534739797691,1326.9267033482747,0.95,0.0,0.0,0.0
70,audits,node-015,86.24487344939087,344.76525775203055,431.6416044590601,86244.87344939087,344765.25775203056,431641.60445906006,0.0,0.0,8195.534739797691,1326.9267033482747,0.95,-1063.2832089181202,0.0,0.0
70,audits,node-016,85.54115825467863,198.203810734914,304.7944223559241,0.10068103843783054,0.23328378869636027,0.3587398110917529,747.7694364346737,849.6253076243287,8195.534739797691,1326.9267033482747,0.95,-2352.897154015869,101.86931892901862,-747.7694364346737
70,audits,node-017,576.5336961181262,746.5242664833147,876.9918606085428,576533.6961181262,746524.2664833147,876991.8606085428,0.0,0.0,8195.534739797691,1326.9267033482747,0.95,-1555.362680309293,0.0,0.0
70,audits,node-018,200.88707471828405,0.0,325.495253937434,200887.07471828404,0.0,325495.25393743394,0.0,0.0,8195.534739797691,1326.9267033482747,0.95,-1074.504746062566,0.0,0.0
70,audits,node-019,130.37112002194482,165.02169655782478,244.62123448341623,130371.12002194482,165021.6965578248,244621.23448341622,0.0,0.0,8195.534739797691,1326.9267033482747,0.95,-1055.3787655165838,0.0,0.0
70,audits,node-020,249.4639588326647,356.96482091936036,423.83010188888534,4.049764098395344,5.794918524158607,6.88040043331543,31.36895962910043,61.59962723051224,8195.534739797691,1326.9267033482747,0.95,-1075.5358499033307,49.49216939068876,-31.36895962910043
70,audits,node-021,368.43427195159256,284.4683492643636,413.0041734475149,368434.2719515925,284468.3492643636,413004.1734475149,0.0,0.0,8195.534739797691,1326.9267033482747,0.95,-1086.995826552485,0.0,0.0
70,audits,node-022,0.0,0.0,0.0,0.0,0.0,0.0,0.0,0.0,8195.534739797691,1326.9267033482747,0.95,0.0,0.0,0.0
70,audits,node-023,0.0,0.0,0.0,0.0,0.0,0.0,0.0,0.0,8195.534739797691,1326.9267033482747,0.95,-236.66914434315103,0.0,0.0
70,audits,node-024,0.0,0.0,226.80919487791536,0.0,0.0,226809.19487791535,0.0,0.0,8195.534739797691,1326.9267033482747,0.95,-1073.1908051220846,0.0,0.0
70,audits,node-025,153.28018989308538,127.19089752442028,212.39430573693005,0.36872633582627296,0.3059666981581036,0.5109295216777144,271.42110556078524,415.70176849343363,8195.534739797691,1326.9267033482747,0.95,-1344.9217453430674,-21.642099439897237,-271.42110556078524
70,audits,node-026,240.92926049426652,0.0,264.30333799658507,240929.26049426652,0.0,264303.33799658506,0.0,0.0,8195.534739797691,1326.9267033482747,0.95,-1135.6966620034148,0.0,0.0
70,audits,node-027,0.0,0.0,94.51146569722272,0.0,0.0,94511.46569722271,0.0,0.0,8195.534739797691,1326.9267033482747,0.95,-1505.4885343027777,0.0,0.0
70,audits,node-028,0.0,0.0,0.0,0.0,0.0,0.0,0.0,0.0,8195.534739797691,1326.9267033482747,0.95,0.0,0.0,0.0
70,audits,node-029,0.0,0.0,0.0,0.0,0.0,0.0,0.0,0.0,8195.534739797691,1326.9267033482747,0.95,0.0,0.0,0.0
