seed,mechanism,node_id,cost_regret,rel_regret,joint_regret,cost_regret_norm,rel_regret_norm,joint_regret_norm,truthful_util,truthful_pay,global_welfare,buyer_payment,sla_success_rate,wtd_gain,sybil_gain,collusion_gain
56,greedy,node-000,0.0,0.0,0.0,0.0,0.0,0.0,0.0,0.0,6267.867993466169,256.21274739453287,0.8,0.0,0.0,0.0
56,greedy,node-001,0.0,0.0,0.0,0.0,0.0,0.0,0.0,0.0,6267.867993466169,256.21274739453287,0.8,0.0,0.0,0.0
56,greedy,node-002,18.570526539449716,0.0,18.570526539449716,18570.526539449715,0.0,18570.526539449715,0.0,0.0,6267.867993466169,256.21274739453287,0.8,-54.25630845697748,0.0,0.0
56,greedy,node-003,0.0,0.0,0.0,0.0,0.0,0.0,0.0,0.0,6267.867993466169,256.21274739453287,0.8,0.0,0.0,0.0
56,greedy,node-004,0.0,0.0,0.0,0.0,0.0,0.0,85.40424913151095,256.21274739453287,6267.867993466169,256.21274739453287,0.8,-128.10637369726643,-25.621274739453284,-85.40424913151095
56,greedy,node-005,0.0,0.0,0.0,0.0,0.0,0.0,0.0,0.0,6267.867993466169,256.21274739453287,0.8,-6.978552352887977,0.0,0.0
56,greedy,node-006,0.0,0.0,0.0,0.0,0.0,0.0,0.0,0.0,6267.867993466169,256.21274739453287,0.8,0.0,0.0,0.0
56,greedy,node-007,0.0,0.0,0.0,0.0,0.0,0.0,0.0,0.0,6267.867993466169,256.21274739453287,0.8,0.0,0.0,0.0
56,greedy,node-008,0.0,0.0,0.0,0.0,0.0,0.0,0.0,0.0,6267.867993466169,256.21274739453287,0.8,-27.895270100002435,0.0,0.0
56,greedy,node-009,0.0,0.0,0.0,0.0,0.0,0.0,0.0,0.0,6267.867993466169,256.21274739453287,0.8,0.0,0.0,0.0
56,greedy,node-010,0.0,0.0,0.0,0.0,0.0,0.0,0.0,0.0,6267.867993466169,256.21274739453287,0.8,-14.063996743810211,0.0,0.0
56,greedy,node-011,0.0,0.0,0.0,0.0,0.0,0.0,0.0,0.0,6267.867993466169,256.21274739453287,0.8,0.0,0.0,0.0
56,greedy,node-012,0.0,0.0,0.0,0.0,0.0,0.0,0.0,0.0,6267.867993466169,256.21274739453287,0.8,0.0,0.0,0.0
56,greedy,node-013,0.0,0.0,0.0,0.0,0.0,0.0,0.0,0.0,6267.867993466169,256.21274739453287,0.8,0.0,0.0,0.0
56,greedy,node-014,0.0,0.0,0.0,0.0,0.0,0.0,0.0,0.0,6267.867993466169,256.21274739453287,0.8,0.0,0.0,0.0
56,greedy,node-015,0.0,0.0,0.0,0.0,0.0,0.0,0.0,0.0,6267.867993466169,256.21274739453287,0.8,0.0,0.0,0.0
56,greedy,node-016,0.0,0.0,0.0,0.0,0.0,0.0,0.0,0.0,6267.867993466169,256.21274739453287,0.8,0.0,0.0,0.0
56,greedy,node-017,0.0,0.0,0.0,0.0,0.0,0.0,0.0,0.0,6267.867993466169,256.21274739453287,0.8,0.0,0.0,0.0
56,greedy,node-018,0.0,0.0,0.0,0.0,0.0,0.0,0.0,0.0,6267.867993466169,256.21274739453287,0.8,0.0,0.0,0.0
56,greedy,node-019,0.0,0.0,0.0,0.0,0.0,0.0,0.0,0.0,6267.867993466169,256.21274739453287,0.8,0.0,0.0,0.0
56,greedy,node-020,0.0,0.0,0.0,0.0,0.0,0.0,0.0,0.0,6267.867993466169,256.21274739453287,0.8,0.0,0.0,0.0
56,greedy,node-021,0.0,0.0,0.0,0.0,0.0,0.0,0.0,0.0,6267.867993466169,256.21274739453287,0.8,0.0,0.0,0.0
56,greedy,node-022,0.0,0.0,0.0,0.0,0.0,0.0,0.0,0.0,6267.867993466169,256.21274739453287,0.8,0.0,0.0,0.0
56,greedy,node-023,0.0,0.0,0.0,0.0,0.0,0.0,0.0,0.0,6267.867993466169,256.21274739453287,0.8,0.0,0.0,0.0
56,greedy,node-024,0.0,0.0,0.0,0.0,0.0,0.0,0.0,0.0,6267.867993466169,256.21274739453287,0.8,0.0,0.0,0.0
56,greedy,node-025,0.0,0.0,0.0,0.0,0.0,0.0,0.0,0.0,6267.867993466169,256.21274739453287,0.8,-28.005887430087398,0.0,0.0
56,greedy,node-026,0.0,0.0,0.0,0.0,0.0,0.0,0.0,0.0,6267.867993466169,256.21274739453287,0.8,0.0,0.0,0.0
56,greedy,node-027,0.0,0.0,0.0,0.0,0.0,0.0,0.0,0.0,6267.867993466169,256.21274739453287,0.8,0.0,0.0,0.0
56,greedy,node-028,0.0,0.0,0.0,0.0,0.0,0.0,0.0,0.0,6267.867993466169,256.21274739453287,0.8,0.0,0.0,0.0
56,greedy,node-029,0.0,0.0,0.0,0.0,0.0,0.0,0.0,0.0,6267.867993466169,256.21274739453287,0.8,-13.640754244860858,0.0,0.0
56,trust_vcg,node-000,0.0,0.0,0.0,0.0,0.0,0.0,0.0,0.0,6045.260320162066,-1425.9411636923965,0.7142857142857143,0.0,0.0,0.0
56,trust_vcg,node-001,0.0,0.0,0.0,0.0,0.0,0.0,0.0,0.0,6045.260320162066,-1425.9411636923965,0.7142857142857143,0.0,0.0,0.0
56,trust_vcg,node-002,359.25368484753477,359.25368484753477,912.8192166768863,359253.68484753475,359253.68484753475,912819.2166768863,-359.25368484753477,-324.7430666164514,6045.260320162066,-1425.9411636923965,0.7142857142857143,-10142.898167011042,44.260242904070424,359.25368484753477
56,trust_vcg,node-003,25.43174105102517,0.0,122.86558517156372,25431.74105102517,0.0,122865.58517156373,0.0,0.0,6045.260320162066,-1425.9411636923965,0.7142857142857143,-2283.907414661841,0.0,0.0
56,trust_vcg,node-004,146.92722687515197,1199.1495816593795,1354.7064388669814,146927.22687515197,1199149.5816593794,1354706.4388669813,-1199.1495816593795,-1101.198097075945,6045.260320162066,-1425.9411636923965,0.7142857142857143,-8739.93854609852,-14.69272268751547,1199.1495816593795
56,trust_vcg,node-005,228.69056893388105,0.0,601.4730159487154,228690.56893388106,0.0,601473.0159487154,0.0,0.0,6045.260320162066,-1425.9411636923965,0.7142857142857143,-8998.526984051285,0.0,0.0
56,trust_vcg,node-006,0.0,0.0,0.0,0.0,0.0,0.0,0.0,0.0,6045.260320162066,-1425.9411636923965,0.7142857142857143,-5592.98566584744,0.0,0.0
56,trust_vcg,node-007,0.0,0.0,0.0,0.0,0.0,0.0,0.0,0.0,6045.260320162066,-1425.9411636923965,0.7142857142857143,0.0,0.0,0.0
56,trust_vcg,node-008,0.0,0.0,186.3251516907144,0.0,0.0,186325.15169071438,0.0,0.0,6045.260320162066,-1425.9411636923965,0.7142857142857143,-10613.674848309285,0.0,0.0
56,trust_vcg,node-009,0.0,93.18681038653332,200.99128360403535,0.0,93186.81038653333,200991.28360403533,0.0,0.0,6045.260320162066,-1425.9411636923965,0.7142857142857143,-3399.0087163959647,0.0,0.0
56,trust_vcg,node-010,0.0,0.0,0.0,0.0,0.0,0.0,0.0,0.0,6045.260320162066,-1425.9411636923965,0.7142857142857143,-8346.987649806966,0.0,0.0
56,trust_vcg,node-011,0.0,0.0,0.0,0.0,0.0,0.0,0.0,0.0,6045.260320162066,-1425.9411636923965,0.7142857142857143,0.0,0.0,0.0
56,trust_vcg,node-012,0.0,0.0,19.904531039040336,0.0,0.0,19904.531039040336,0.0,0.0,6045.260320162066,-1425.9411636923965,0.7142857142857143,-1180.0954689609598,0.0,0.0
56,trust_vcg,node-013,0.0,0.0,0.0,0.0,0.0,0.0,0.0,0.0,6045.260320162066,-1425.9411636923965,0.7142857142857143,0.0,0.0,0.0
56,trust_vcg,node-014,100.48411237773442,168.17800943162376,254.64039474685904,100484.11237773442,168178.00943162377,254640.39474685903,0.0,0.0,6045.260320162066,-1425.9411636923965,0.7142857142857143,-3945.3596052531407,0.0,0.0
56,trust_vcg,node-015,0.0,0.0,123.85425516308109,0.0,0.0,123854.25516308109,0.0,0.0,6045.260320162066,-1425.9411636923965,0.7142857142857143,-2284.1768871538143,0.0,0.0
56,trust_vcg,node-016,0.0,0.0,0.0,0.0,0.0,0.0,0.0,0.0,6045.260320162066,-1425.9411636923965,0.7142857142857143,-4992.99801255178,0.0,0.0
56,trust_vcg,node-017,0.0,0.0,0.0,0.0,0.0,0.0,0.0,0.0,6045.260320162066,-1425.9411636923965,0.7142857142857143,0.0,0.0,0.0
56,trust_vcg,node-018,0.0,0.0,44.97938178958124,0.0,0.0,44979.38178958124,0.0,0.0,6045.260320162066,-1425.9411636923965,0.7142857142857143,-1755.0206182104187,0.0,0.0
56,trust_vcg,node-019,0.0,316.77658024929656,316.77658024929656,0.0,316776.58024929656,316776.58024929656,0.0,0.0,6045.260320162066,-1425.9411636923965,0.7142857142857143,-5598.685432901218,0.0,0.0
56,trust_vcg,node-020,0.0,0.0,0.0,0.0,0.0,0.0,0.0,0.0,6045.260320162066,-1425.9411636923965,0.7142857142857143,-2273.1642724717335,0.0,0.0
56,trust_vcg,node-021,0.0,0.0,0.0,0.0,0.0,0.0,0.0,0.0,6045.260320162066,-1425.9411636923965,0.7142857142857143,0.0,0.0,0.0
56,trust_vcg,node-022,0.0,0.0,80.47820436035067,0.0,0.0,80478.20436035068,0.0,0.0,6045.260320162066,-1425.9411636923965,0.7142857142857143,-1696.9945602913497,0.0,0.0
56,trust_vcg,node-023,0.0,292.55581015122846,383.9468701054664,0.0,292555.81015122845,383946.8701054664,0.0,0.0,6045.260320162066,-1425.9411636923965,0.7142857142857143,-5586.901059601414,0.0,0.0
56,trust_vcg,node-024,0.0,0.0,0.0,0.0,0.0,0.0,0.0,0.0,6045.260320162066,-1425.9411636923965,0.7142857142857143,0.0,0.0,0.0
56,trust_vcg,node-025,0.0,0.0,0.0,0.0,0.0,0.0,0.0,0.0,6045.260320162066,-1425.9411636923965,0.7142857142857143,-10542.610527358429,0.0,0.0
56,trust_vcg,node-026,0.0,0.0,0.0,0.0,0.0,0.0,0.0,0.0,6045.260320162066,-1425.9411636923965,0.7142857142857143,0.0,0.0,0.0
56,trust_vcg,node-027,0.0,0.0,0.0,0.0,0.0,0.0,0.0,0.0,6045.260320162066,-1425.9411636923965,0.7142857142857143,0.0,0.0,0.0
56,trust_vcg,node-028,0.0,0.0,0.0,0.0,0.0,0.0,0.0,0.0,6045.260320162066,-1425.9411636923965,0.7142857142857143,0.0,0.0,0.0
56,trust_vcg,node-029,408.1821376232381,0.0,415.71118772574255,408182.1376232381,0.0,415711.1877257425,0.0,0.0,6045.260320162066,-1425.9411636923965,0.7142857142857143,-4984.288812274257,0.0,0.0
56,contingent,node-000,0.0,0.0,0.0,0.0,0.0,0.0,0.0,0.0,6045.260320162066,141.79666797710843,0.7142857142857143,0.0,0.0,0.0
56,contingent,node-001,0.0,0.0,0.0,0.0,0.0,0.0,0.0,0.0,6045.260320162066,141.79666797710843,0.7142857142857143,0.0,0.0,0.0
56,contingent,node-002,0.0,46.415489911875326,199.3177835452714,0.0,1.1975605291238525,5.142574403059332,4.247748284080142,38.75836651516343,6045.260320162066,141.79666797710843,0.7142857142857143,-212.8551557183942,-0.8827804068156411,-4.247748284080142
56,contingent,node-003,0.0,0.0,22.865585171563723,0.0,0.0,22865.58517156372,0.0,0.0,6045.260320162066,141.79666797710843,0.7142857142857143,-335.62965864736395,0.0,0.0
56,contingent,node-004,103.03830146194498,0.0,103.03830146194498,0.9999999999999998,0.0,0.9999999999999998,5.086816878510273,103.03830146194501,6045.260320162066,141.79666797710843,0.7142857142857143,-161.43932791010386,-10.3038301461945,-5.086816878510273
56,contingent,node-005,0.0,0.0,0.0,0.0,0.0,0.0,0.0,0.0,6045.260320162066,141.79666797710843,0.7142857142857143,-794.107936205138,0.0,0.0
56,contingent,node-006,0.0,0.0,0.0,0.0,0.0,0.0,0.0,0.0,6045.260320162066,141.79666797710843,0.7142857142857143,-486.7977686625298,0.0,0.0
56,contingent,node-007,0.0,0.0,0.0,0.0,0.0,0.0,0.0,0.0,6045.260320162066,141.79666797710843,0.7142857142857143,0.0,0.0,0.0
56,contingent,node-008,0.0,7.069578983936051,40.32197663882751,0.0,7069.5789839360505,40321.97663882751,0.0,0.0,6045.260320162066,141.79666797710843,0.7142857142857143,-654.6993932371423,0.0,0.0
56,contingent,node-009,0.0,43.186810386533324,43.186810386533324,0.0,43186.810386533325,43186.810386533325,0.0,0.0,6045.260320162066,141.79666797710843,0.7142857142857143,-396.0348655838587,0.0,0.0
56,contingent,node-010,0.0,0.0,0.0,0.0,0.0,0.0,0.0,0.0,6045.260320162066,141.79666797710843,0.7142857142857143,-665.4294794547484,0.0,0.0
56,contingent,node-011,0.0,0.0,0.0,0.0,0.0,0.0,0.0,0.0,6045.260320162066,141.79666797710843,0.7142857142857143,0.0,0.0,0.0
56,contingent,node-012,0.0,0.0,0.0,0.0,0.0,0.0,0.0,0.0,6045.260320162066,141.79666797710843,0.7142857142857143,-320.38187584383866,0.0,0.0
56,contingent,node-013,0.0,0.0,0.0,0.0,0.0,0.0,0.0,0.0,6045.260320162066,141.79666797710843,0.7142857142857143,0.0,0.0,0.0
56,contingent,node-014,0.0,68.17800943162374,68.17800943162374,0.0,68178.00943162374,68178.00943162374,0.0,0.0,6045.260320162066,141.79666797710843,0.7142857142857143,-381.4384210125638,0.0,0.0
56,contingent,node-015,0.0,0.0,23.854255163081092,0.0,0.0,23854.255163081092,0.0,0.0,6045.260320162066,141.79666797710843,0.7142857142857143,-336.707548615257,0.0,0.0
56,contingent,node-016,0.0,0.0,0.0,0.0,0.0,0.0,0.0,0.0,6045.260320162066,141.79666797710843,0.7142857142857143,-171.99205020712049,0.0,0.0
56,contingent,node-017,0.0,0.0,0.0,0.0,0.0,0.0,0.0,0.0,6045.260320162066,141.79666797710843,0.7142857142857143,0.0,0.0,0.0
56,contingent,node-018,0.0,0.0,0.0,0.0,0.0,0.0,0.0,0.0,6045.260320162066,141.79666797710843,0.7142857142857143,-420.082472841675,0.0,0.0
56,contingent,node-019,0.0,116.77658024929656,116.77658024929656,0.0,116776.58024929656,116776.58024929656,0.0,0.0,6045.260320162066,141.79666797710843,0.7142857142857143,-394.74173160486845,0.0,0.0
56,contingent,node-020,0.0,0.0,0.0,0.0,0.0,0.0,0.0,0.0,6045.260320162066,141.79666797710843,0.7142857142857143,-292.65708988693444,0.0,0.0
56,contingent,node-021,0.0,0.0,0.0,0.0,0.0,0.0,0.0,0.0,6045.260320162066,141.79666797710843,0.7142857142857143,0.0,0.0,0.0
56,contingent,node-022,0.0,0.0,0.0,0.0,0.0,0.0,0.0,0.0,6045.260320162066,141.79666797710843,0.7142857142857143,-276.39559478380505,0.0,0.0
56,contingent,node-023,0.0,92.55581015122843,130.91192885212746,0.0,92555.81015122842,130911.92885212746,0.0,0.0,6045.260320162066,141.79666797710843,0.7142857142857143,-347.6042384056548,0.0,0.0
56,contingent,node-024,0.0,0.0,0.0,0.0,0.0,0.0,0.0,0.0,6045.260320162066,141.79666797710843,0.7142857142857143,0.0,0.0,0.0
56,contingent,node-025,0.0,0.0,0.0,0.0,0.0,0.0,0.0,0.0,6045.260320162066,141.79666797710843,0.7142857142857143,-650.1167641094536,0.0,0.0
56,contingent,node-026,0.0,0.0,0.0,0.0,0.0,0.0,0.0,0.0,6045.260320162066,141.79666797710843,0.7142857142857143,0.0,0.0,0.0
56,contingent,node-027,0.0,0.0,0.0,0.0,0.0,0.0,0.0,0.0,6045.260320162066,141.79666797710843,0.7142857142857143,0.0,0.0,0.0
56,contingent,node-028,0.0,0.0,0.0,0.0,0.0,0.0,0.0,0.0,6045.260320162066,141.79666797710843,0.7142857142857143,0.0,0.0,0.0
56,contingent,node-029,11.897966222304971,0.0,15.44732033821113,11897.96622230497,0.0,15447.32033821113,0.0,0.0,6045.260320162066,141.79666797710843,0.7142857142857143,-137.15524909703004,0.0,0.0
56,capped,node-000,0.0,0.0,0.0,0.0,0.0,0.0,0.0,0.0,6045.260320162066,198.69315422177704,0.7142857142857143,0.0,0.0,0.0
56,capped,node-001,0.0,0.0,0.0,0.0,0.0,0.0,0.0,0.0,6045.260320162066,198.69315422177704,0.7142857142857143,0.0,0.0,0.0
56,capped,node-002,0.0,74.30423389312129,186.31022271380988,0.0,1.4353888301001494,3.599089831160091,17.255309115541646,51.765927346624935,6045.260320162066,198.69315422177704,0.7142857142857143,-69.40716097412017,-2.1835364899617904,-17.255309115541646
56,capped,node-003,0.0,0.0,22.865585171563723,0.0,0.0,22865.58517156372,0.0,0.0,6045.260320162066,198.69315422177704,0.7142857142857143,-83.90741466184099,0.0,0.0
56,capped,node-004,146.9272268751521,0.0,146.9272268751521,1.0,0.0,1.0,48.97574229171736,146.9272268751521,6045.260320162066,198.69315422177704,0.7142857142857143,-88.06387004961576,-14.692722687515207,-48.97574229171736
56,capped,node-005,0.0,0.0,0.0,0.0,0.0,0.0,0.0,0.0,6045.260320162066,198.69315422177704,0.7142857142857143,-198.52698405128447,0.0,0.0
56,capped,node-006,0.0,0.0,29.747385236873498,0.0,0.0,29747.3852368735,0.0,0.0,6045.260320162066,198.69315422177704,0.7142857142857143,-121.69944216563243,0.0,0.0
56,capped,node-007,0.0,0.0,0.0,0.0,0.0,0.0,0.0,0.0,6045.260320162066,198.69315422177704,0.7142857142857143,0.0,0.0,0.0
56,capped,node-008,10.947874899685056,29.640574775546746,57.25022348253553,10947.874899685055,29640.574775546746,57250.22348253553,0.0,0.0,6045.260320162066,198.69315422177704,0.7142857142857143,-163.67484830928558,0.0,0.0
56,capped,node-009,0.0,43.186810386533324,43.186810386533324,0.0,43186.810386533325,43186.810386533325,0.0,0.0,6045.260320162066,198.69315422177704,0.7142857142857143,-99.00871639596467,0.0,0.0
56,capped,node-010,0.0,0.0,0.0,0.0,0.0,0.0,0.0,0.0,6045.260320162066,198.69315422177704,0.7142857142857143,-166.3573698636871,0.0,0.0
56,capped,node-011,0.0,0.0,0.0,0.0,0.0,0.0,0.0,0.0,6045.260320162066,198.69315422177704,0.7142857142857143,0.0,0.0,0.0
56,capped,node-012,0.0,0.0,0.0,0.0,0.0,0.0,0.0,0.0,6045.260320162066,198.69315422177704,0.7142857142857143,-80.09546896095966,0.0,0.0
56,capped,node-013,0.0,0.0,0.0,0.0,0.0,0.0,0.0,0.0,6045.260320162066,198.69315422177704,0.7142857142857143,0.0,0.0,0.0
56,capped,node-014,0.0,68.17800943162374,68.17800943162374,0.0,68178.00943162374,68178.00943162374,0.0,0.0,6045.260320162066,198.69315422177704,0.7142857142857143,-95.35960525314096,0.0,0.0
56,capped,node-015,0.0,0.0,23.854255163081092,0.0,0.0,23854.255163081092,0.0,0.0,6045.260320162066,198.69315422177704,0.7142857142857143,-84.17688715381423,0.0,0.0
56,capped,node-016,0.0,0.0,0.0,0.0,0.0,0.0,0.0,0.0,6045.260320162066,198.69315422177704,0.7142857142857143,-42.99801255178012,0.0,0.0
56,capped,node-017,0.0,0.0,0.0,0.0,0.0,0.0,0.0,0.0,6045.260320162066,198.69315422177704,0.7142857142857143,0.0,0.0,0.0
56,capped,node-018,0.0,0.0,0.0,0.0,0.0,0.0,0.0,0.0,6045.260320162066,198.69315422177704,0.7142857142857143,-105.02061821041876,0.0,0.0
56,capped,node-019,0.0,116.77658024929656,116.77658024929656,0.0,116776.58024929656,116776.58024929656,0.0,0.0,6045.260320162066,198.69315422177704,0.7142857142857143,-98.68543290121714,0.0,0.0
56,capped,node-020,0.0,42.848902984591135,42.848902984591135,0.0,42848.902984591135,42848.902984591135,0.0,0.0,6045.260320162066,198.69315422177704,0.7142857142857143,-73.1642724717336,0.0,0.0
56,capped,node-021,0.0,0.0,0.0,0.0,0.0,0.0,0.0,0.0,6045.260320162066,198.69315422177704,0.7142857142857143,0.0,0.0,0.0
56,capped,node-022,0.0,0.0,0.0,0.0,0.0,0.0,0.0,0.0,6045.260320162066,198.69315422177704,0.7142857142857143,-69.09889869595126,0.0,0.0
56,capped,node-023,0.0,92.55581015122843,130.91192885212746,0.0,92555.81015122842,130911.92885212746,0.0,0.0,6045.260320162066,198.69315422177704,0.7142857142857143,-86.90105960141369,0.0,0.0
56,capped,node-024,0.0,0.0,0.0,0.0,0.0,0.0,0.0,0.0,6045.260320162066,198.69315422177704,0.7142857142857143,0.0,0.0,0.0
56,capped,node-025,0.0,0.0,8.755482434247702,0.0,0.0,8755.482434247702,0.0,0.0,6045.260320162066,198.69315422177704,0.7142857142857143,-162.5291910273634,0.0,0.0
56,capped,node-026,0.0,0.0,0.0,0.0,0.0,0.0,0.0,0.0,6045.260320162066,198.69315422177704,0.7142857142857143,0.0,0.0,0.0
56,capped,node-027,0.0,0.0,0.0,0.0,0.0,0.0,0.0,0.0,6045.260320162066,198.69315422177704,0.7142857142857143,0.0,0.0,0.0
56,capped,node-028,0.0,0.0,0.0,0.0,0.0,0.0,0.0,0.0,6045.260320162066,198.69315422177704,0.7142857142857143,0.0,0.0,0.0
56,capped,node-029,11.897966222304971,0.0,15.44732033821113,11897.96622230497,0.0,15447.32033821113,0.0,0.0,6045.260320162066,198.69315422177704,0.7142857142857143,-34.28881227425751,0.0,0.0
56,proper_scoring,node-000,0.0,0.0,0.0,0.0,0.0,0.0,0.0,0.0,6045.260320162066,623.4482494022938,0.7142857142857143,0.0,0.0,0.0
56,proper_scoring,node-001,0.0,0.0,0.0,0.0,0.0,0.0,0.0,0.0,6045.260320162066,623.4482494022938,0.7142857142857143,0.0,0.0,0.0
56,proper_scoring,node-002,43.72039237406253,557.0841517297786,566.5904940225075,0.24549646173193496,3.1281098066661515,3.1814893229548056,143.57908646617688,178.08970469726017,6045.260320162066,623.4482494022938,0.7142857142857143,-352.186493900491,45.560998987216635,-143.57908646617688
56,proper_scoring,node-003,25.43174105102517,0.0,122.86558517156372,25431.74105102517,0.0,122865.58517156373,0.0,0.0,6045.260320162066,623.4482494022938,0.7142857142857143,-283.907414661841,0.0,0.0
56,proper_scoring,node-004,270.6872463750331,7.679756756911331,286.0467598888559,0.6077962342775135,0.0172439865546932,0.6422842073869002,347.40706012159893,445.35854470503364,6045.260320162066,623.4482494022938,0.7142857142857143,-503.7595711531925,-10.30383014619457,-347.40706012159893
56,proper_scoring,node-005,228.69056893388105,0.0,601.4730159487154,228690.56893388106,0.0,601473.0159487154,0.0,0.0,6045.260320162066,623.4482494022938,0.7142857142857143,-642.896231784067,0.0,0.0
56,proper_scoring,node-006,0.0,0.0,183.87600615344522,0.0,0.0,183876.00615344523,0.0,0.0,6045.260320162066,623.4482494022938,0.7142857142857143,-449.69932434583103,0.0,0.0
56,proper_scoring,node-007,0.0,0.0,0.0,0.0,0.0,0.0,0.0,0.0,6045.260320162066,623.4482494022938,0.7142857142857143,0.0,0.0,0.0
56,proper_scoring,node-008,343.0612115922349,157.06957898393605,725.039653794909,343061.2115922349,157069.57898393605,725039.653794909,0.0,0.0,6045.260320162066,623.4482494022938,0.7142857142857143,-588.6491297206916,0.0,0.0
56,proper_scoring,node-009,0.0,93.18681038653332,200.99128360403535,0.0,93186.81038653333,200991.28360403533,0.0,0.0,6045.260320162066,623.4482494022938,0.7142857142857143,-374.0617640087289,0.0,0.0
56,proper_scoring,node-010,0.0,0.0,364.85428428038546,0.0,0.0,364854.2842803855,0.0,0.0,6045.260320162066,623.4482494022938,0.7142857142857143,-556.4004730790219,0.0,0.0
56,proper_scoring,node-011,0.0,0.0,0.0,0.0,0.0,0.0,0.0,0.0,6045.260320162066,623.4482494022938,0.7142857142857143,0.0,0.0,0.0
56,proper_scoring,node-012,0.0,0.0,19.904531039040336,0.0,0.0,19904.531039040336,0.0,0.0,6045.260320162066,623.4482494022938,0.7142857142857143,-180.09546896095966,0.0,0.0
56,proper_scoring,node-013,0.0,0.0,0.0,0.0,0.0,0.0,0.0,0.0,6045.260320162066,623.4482494022938,0.7142857142857143,0.0,0.0,0.0
56,proper_scoring,node-014,100.48411237773442,168.17800943162376,254.64039474685904,100484.11237773442,168178.00943162377,254640.39474685903,0.0,0.0,6045.260320162066,623.4482494022938,0.7142857142857143,-376.6287501096037,0.0,0.0
56,proper_scoring,node-015,0.0,0.0,123.85425516308109,0.0,0.0,123854.25516308109,0.0,0.0,6045.260320162066,623.4482494022938,0.7142857142857143,-284.1768871538143,0.0,0.0
56,proper_scoring,node-016,106.70328173201527,0.0,281.0677074800243,106703.28173201527,0.0,281067.7074800243,0.0,0.0,6045.260320162066,623.4482494022938,0.7142857142857143,-171.99205020712049,0.0,0.0
56,proper_scoring,node-017,0.0,0.0,0.0,0.0,0.0,0.0,0.0,0.0,6045.260320162066,623.4482494022938,0.7142857142857143,0.0,0.0,0.0
56,proper_scoring,node-018,0.0,0.0,44.97938178958124,0.0,0.0,44979.38178958124,0.0,0.0,6045.260320162066,623.4482494022938,0.7142857142857143,-255.02061821041875,0.0,0.0
56,proper_scoring,node-019,0.0,316.77658024929656,333.7230555749922,0.0,316776.58024929656,333723.0555749922,0.0,0.0,6045.260320162066,623.4482494022938,0.7142857142857143,-385.81734484918763,0.0,0.0
56,proper_scoring,node-020,0.0,0.0,78.81114704225615,0.0,0.0,78811.14704225615,0.0,0.0,6045.260320162066,623.4482494022938,0.7142857142857143,-269.7902076333976,0.0,0.0
56,proper_scoring,node-021,0.0,0.0,0.0,0.0,0.0,0.0,0.0,0.0,6045.260320162066,623.4482494022938,0.7142857142857143,0.0,0.0,0.0
56,proper_scoring,node-022,0.0,0.0,80.47820436035067,0.0,0.0,80478.20436035068,0.0,0.0,6045.260320162066,623.4482494022938,0.7142857142857143,-196.99456029134976,0.0,0.0
56,proper_scoring,node-023,0.0,292.55581015122846,383.9468701054664,0.0,292555.81015122845,383946.8701054664,0.0,0.0,6045.260320162066,623.4482494022938,0.7142857142857143,-347.6042384056548,0.0,0.0
56,proper_scoring,node-024,0.0,0.0,0.0,0.0,0.0,0.0,0.0,0.0,6045.260320162066,623.4482494022938,0.7142857142857143,0.0,0.0,0.0
56,proper_scoring,node-025,242.4211942072136,0.0,559.6408487530539,242421.1942072136,0.0,559640.8487530539,0.0,0.0,6045.260320162066,623.4482494022938,0.7142857142857143,-554.8635674125426,0.0,0.0
56,proper_scoring,node-026,0.0,0.0,0.0,0.0,0.0,0.0,0.0,0.0,6045.260320162066,623.4482494022938,0.7142857142857143,0.0,0.0,0.0
56,proper_scoring,node-027,0.0,0.0,0.0,0.0,0.0,0.0,0.0,0.0,6045.260320162066,623.4482494022938,0.7142857142857143,0.0,0.0,0.0
56,proper_scoring,node-028,0.0,0.0,0.0,0.0,0.0,0.0,0.0,0.0,6045.260320162066,623.4482494022938,0.7142857142857143,0.0,0.0,0.0
56,proper_scoring,node-029,408.1821376232381,0.0,415.71118772574255,408182.1376232381,0.0,415711.1877257425,0.0,0.0,6045.260320162066,623.4482494022938,0.7142857142857143,-137.15524909703004,0.0,0.0
56,audits,node-000,0.0,0.0,0.0,0.0,0.0,0.0,0.0,0.0,6045.260320162066,574.0588363076035,0.7142857142857143,0.0,0.0,0.0
56,audits,node-001,0.0,0.0,0.0,0.0,0.0,0.0,0.0,0.0,6045.260320162066,574.0588363076035,0.7142857142857143,0.0,0.0,0.0
56,audits,node-002,19.798839302419594,0.0,412.81921667688624,0.11297036254246204,0.0,2.3555086164462002,140.74631515246523,175.25693338354853,6045.260320162066,574.0588363076035,0.7142857142857143,-2642.898167011044,44.26024290407048,-140.74631515246523
56,audits,node-003,25.43174105102517,0.0,122.86558517156372,25431.74105102517,0.0,122865.58517156373,0.0,0.0,6045.260320162066,574.0588363076035,0.7142857142857143,-783.907414661841,0.0,0.0
56,audits,node-004,224.1078507954109,0.0,224.1078507954109,0.5619528120408402,0.0,0.5619528120408402,300.85041834062025,398.801902924055,6045.260320162066,574.0588363076035,0.7142857142857143,-2239.9385460985186,-14.692722687515186,-300.85041834062025
56,audits,node-005,228.69056893388105,0.0,601.4730159487154,228690.56893388106,0.0,601473.0159487154,0.0,0.0,6045.260320162066,574.0588363076035,0.7142857142857143,-1998.5269840512844,0.0,0.0
56,audits,node-006,0.0,0.0,0.0,0.0,0.0,0.0,0.0,0.0,6045.260320162066,574.0588363076035,0.7142857142857143,-1592.98566584744,0.0,0.0
56,audits,node-007,0.0,0.0,0.0,0.0,0.0,0.0,0.0,0.0,6045.260320162066,574.0588363076035,0.7142857142857143,0.0,0.0,0.0
56,audits,node-008,328.6116386430771,129.64057477554675,686.3251516907144,328611.63864307705,129640.57477554675,686325.1516907144,0.0,0.0,6045.260320162066,574.0588363076035,0.7142857142857143,-2613.6748483092856,0.0,0.0
56,audits,node-009,0.0,93.18681038653332,200.99128360403535,0.0,93186.81038653333,200991.28360403533,0.0,0.0,6045.260320162066,574.0588363076035,0.7142857142857143,-899.0087163959645,0.0,0.0
56,audits,node-010,0.0,0.0,0.0,0.0,0.0,0.0,0.0,0.0,6045.260320162066,574.0588363076035,0.7142857142857143,-1846.9876498069664,0.0,0.0
56,audits,node-011,0.0,0.0,0.0,0.0,0.0,0.0,0.0,0.0,6045.260320162066,574.0588363076035,0.7142857142857143,0.0,0.0,0.0
56,audits,node-012,0.0,0.0,19.904531039040336,0.0,0.0,19904.531039040336,0.0,0.0,6045.260320162066,574.0588363076035,0.7142857142857143,-180.09546896095966,0.0,0.0
56,audits,node-013,0.0,0.0,0.0,0.0,0.0,0.0,0.0,0.0,6045.260320162066,574.0588363076035,0.7142857142857143,0.0,0.0,0.0
56,audits,node-014,100.48411237773442,168.17800943162376,254.64039474685904,100484.11237773442,168178.00943162377,254640.39474685903,0.0,0.0,6045.260320162066,574.0588363076035,0.7142857142857143,-945.3596052531409,0.0,0.0
56,audits,node-015,0.0,0.0,123.85425516308109,0.0,0.0,123854.25516308109,0.0,0.0,6045.260320162066,574.0588363076035,0.7142857142857143,-784.1768871538143,0.0,0.0
56,audits,node-016,104.08148594170652,0.0,215.35637428953757,104081.48594170652,0.0,215356.37428953758,0.0,0.0,6045.260320162066,574.0588363076035,0.7142857142857143,-992.9980125517801,0.0,0.0
56,audits,node-017,0.0,0.0,0.0,0.0,0.0,0.0,0.0,0.0,6045.260320162066,574.0588363076035,0.7142857142857143,0.0,0.0,0.0
56,audits,node-018,0.0,0.0,44.97938178958124,0.0,0.0,44979.38178958124,0.0,0.0,6045.260320162066,574.0588363076035,0.7142857142857143,-755.0206182104187,0.0,0.0
56,audits,node-019,0.0,316.77658024929656,316.77658024929656,0.0,316776.58024929656,316776.58024929656,0.0,0.0,6045.260320162066,574.0588363076035,0.7142857142857143,-1598.6854329012172,0.0,0.0
56,audits,node-020,0.0,0.0,78.81114704225615,0.0,0.0,78811.14704225615,0.0,0.0,6045.260320162066,574.0588363076035,0.7142857142857143,-773.1642724717335,0.0,0.0
56,audits,node-021,0.0,0.0,0.0,0.0,0.0,0.0,0.0,0.0,6045.260320162066,574.0588363076035,0.7142857142857143,0.0,0.0,0.0
56,audits,node-022,0.0,0.0,80.47820436035067,0.0,0.0,80478.20436035068,0.0,0.0,6045.260320162066,574.0588363076035,0.7142857142857143,-696.9945602913498,0.0,0.0
56,audits,node-023,0.0,292.55581015122846,383.9468701054664,0.0,292555.81015122845,383946.8701054664,0.0,0.0,6045.260320162066,574.0588363076035,0.7142857142857143,-1586.9010596014134,0.0,0.0
56,audits,node-024,0.0,0.0,0.0,0.0,0.0,0.0,0.0,0.0,6045.260320162066,574.0588363076035,0.7142857142857143,0.0,0.0,0.0
56,audits,node-025,240.06152319109248,0.0,497.9587207431172,240061.52319109248,0.0,497958.7207431172,0.0,0.0,6045.260320162066,574.0588363076035,0.7142857142857143,-2542.6105273584294,0.0,0.0
56,audits,node-026,0.0,0.0,0.0,0.0,0.0,0.0,0.0,0.0,6045.260320162066,574.0588363076035,0.7142857142857143,0.0,0.0,0.0
56,audits,node-027,0.0,0.0,0.0,0.0,0.0,0.0,0.0,0.0,6045.260320162066,574.0588363076035,0.7142857142857143,0.0,0.0,0.0
56,audits,node-028,0.0,0.0,0.0,0.0,0.0,0.0,0.0,0.0,6045.260320162066,574.0588363076035,0.7142857142857143,0.0,0.0,0.0
56,audits,node-029,408.1821376232381,0.0,415.71118772574255,408182.1376232381,0.0,415711.1877257425,0.0,0.0,6045.260320162066,574.0588363076035,0.7142857142857143,-984.2888122742575,0.0,0.0
55,greedy,node-000,0.0,0.0,0.0,0.0,0.0,0.0,0.0,0.0,8841.32321311235,202.88226184758645,0.95,0.0,0.0,0.0
55,greedy,node-001,0.0,0.0,0.0,0.0,0.0,0.0,0.0,0.0,8841.32321311235,202.88226184758645,0.95,0.0,0.0,0.0
55,greedy,node-002,0.0,0.0,0.0,0.0,0.0,0.0,0.0,0.0,8841.32321311235,202.88226184758645,0.95,0.0,0.0,0.0
55,greedy,node-003,0.0,0.0,0.0,0.0,0.0,0.0,0.0,0.0,8841.32321311235,202.88226184758645,0.95,0.0,0.0,0.0
55,greedy,node-004,0.0,0.0,0.0,0.0,0.0,0.0,0.0,0.0,8841.32321311235,202.88226184758645,0.95,0.0,0.0,0.0
55,greedy,node-005,0.0,0.0,0.0,0.0,0.0,0.0,0.0,0.0,8841.32321311235,202.88226184758645,0.95,0.0,0.0,0.0
55,greedy,node-006,0.0,0.0,0.0,0.0,0.0,0.0,0.0,0.0,8841.32321311235,202.88226184758645,0.95,0.0,0.0,0.0
55,greedy,node-007,0.0,0.0,0.0,0.0,0.0,0.0,0.0,0.0,8841.32321311235,202.88226184758645,0.95,0.0,0.0,0.0
55,greedy,node-008,44.81365897551611,0.0,44.81365897551611,0.304145993360599,0.0,0.304145993360599,49.11419729755081,147.34259189265242,8841.32321311235,202.88226184758645,0.95,-85.33213316390598,-14.734259189265238,-62.66508335347377
55,greedy,node-009,0.0,0.0,0.0,0.0,0.0,0.0,0.0,0.0,8841.32321311235,202.88226184758645,0.95,0.0,0.0,0.0
55,greedy,node-010,0.0,0.0,0.0,0.0,0.0,0.0,0.0,0.0,8841.32321311235,202.88226184758645,0.95,0.0,0.0,0.0
55,greedy,node-011,0.0,0.0,0.0,0.0,0.0,0.0,0.0,0.0,8841.32321311235,202.88226184758645,0.95,0.0,0.0,0.0
55,greedy,node-012,0.0,0.0,0.0,0.0,0.0,0.0,0.0,0.0,8841.32321311235,202.88226184758645,0.95,0.0,0.0,0.0
55,greedy,node-013,0.0,0.0,0.0,0.0,0.0,0.0,0.0,0.0,8841.32321311235,202.88226184758645,0.95,0.0,0.0,0.0
55,greedy,node-014,0.05600472298732839,0.0,0.05600472298732839,0.0010083733488652656,0.0,0.0010083733488652656,18.513223318311343,55.53966995493403,8841.32321311235,202.88226184758645,0.95,-47.7319867777676,-5.553966995493402,-18.513223318311343
55,greedy,node-015,0.0,0.0,0.0,0.0,0.0,0.0,0.0,0.0,8841.32321311235,202.88226184758645,0.95,0.0,0.0,0.0
55,greedy,node-016,0.0,0.0,0.0,0.0,0.0,0.0,0.0,0.0,8841.32321311235,202.88226184758645,0.95,0.0,0.0,0.0
55,greedy,node-017,0.0,0.0,0.0,0.0,0.0,0.0,0.0,0.0,8841.32321311235,202.88226184758645,0.95,0.0,0.0,0.0
55,greedy,node-018,0.0,0.0,0.0,0.0,0.0,0.0,0.0,0.0,8841.32321311235,202.88226184758645,0.95,0.0,0.0,0.0
55,greedy,node-019,0.0,0.0,0.0,0.0,0.0,0.0,0.0,0.0,8841.32321311235,202.88226184758645,0.95,0.0,0.0,0.0
55,greedy,node-020,0.0,0.0,0.0,0.0,0.0,0.0,0.0,0.0,8841.32321311235,202.88226184758645,0.95,0.0,0.0,0.0
55,greedy,node-021,0.0,0.0,0.0,0.0,0.0,0.0,0.0,0.0,8841.32321311235,202.88226184758645,0.95,0.0,0.0,0.0
55,greedy,node-022,0.0,0.0,0.0,0.0,0.0,0.0,0.0,0.0,8841.32321311235,202.88226184758645,0.95,0.0,0.0,0.0
55,greedy,node-023,0.0,0.0,0.0,0.0,0.0,0.0,0.0,0.0,8841.32321311235,202.88226184758645,0.95,0.0,0.0,0.0
55,greedy,node-024,0.0,0.0,0.0,0.0,0.0,0.0,0.0,0.0,8841.32321311235,202.88226184758645,0.95,0.0,0.0,0.0
55,greedy,node-025,0.0,0.0,0.0,0.0,0.0,0.0,0.0,0.0,8841.32321311235,202.88226184758645,0.95,0.0,0.0,0.0
55,greedy,node-026,0.0,0.0,0.0,0.0,0.0,0.0,0.0,0.0,8841.32321311235,202.88226184758645,0.95,0.0,0.0,0.0
55,greedy,node-027,0.0,0.0,0.0,0.0,0.0,0.0,0.0,0.0,8841.32321311235,202.88226184758645,0.95,0.0,0.0,0.0
55,greedy,node-028,0.0,0.0,0.0,0.0,0.0,0.0,0.0,0.0,8841.32321311235,202.88226184758645,0.95,0.0,0.0,0.0
55,greedy,node-029,0.0,0.0,0.0,0.0,0.0,0.0,0.0,0.0,8841.32321311235,202.88226184758645,0.95,0.0,0.0,0.0
55,trust_vcg,node-000,0.0,0.0,0.0,0.0,0.0,0.0,0.0,0.0,8841.32321311235,611.9582986467352,0.95,0.0,0.0,0.0
55,trust_vcg,node-001,0.0,0.0,113.09584825689768,0.0,0.0,113095.84825689768,0.0,0.0,8841.32321311235,611.9582986467352,0.95,-1686.9041517431021,0.0,0.0
55,trust_vcg,node-002,0.0,0.0,0.0,0.0,0.0,0.0,0.0,0.0,8841.32321311235,611.9582986467352,0.95,0.0,0.0,0.0
55,trust_vcg,node-003,0.0,0.0,108.89614735754137,0.0,0.0,108896.14735754137,0.0,0.0,8841.32321311235,611.9582986467352,0.95,-5539.4162035933305,0.0,0.0
55,trust_vcg,node-004,0.0,0.0,94.26328877265713,0.0,0.0,94263.28877265714,0.0,0.0,8841.32321311235,611.9582986467352,0.95,-1102.080752917709,0.0,0.0
55,trust_vcg,node-005,0.0,0.0,0.0,0.0,0.0,0.0,0.0,0.0,8841.32321311235,611.9582986467352,0.95,0.0,0.0,0.0
55,trust_vcg,node-006,0.0,0.0,0.0,0.0,0.0,0.0,0.0,0.0,8841.32321311235,611.9582986467352,0.95,0.0,0.0,0.0
55,trust_vcg,node-007,0.0,0.0,0.0,0.0,0.0,0.0,0.0,0.0,8841.32321311235,611.9582986467352,0.95,0.0,0.0,0.0
55,trust_vcg,node-008,147.34259189265242,0.6492673572439571,147.9918592498965,0.22783997654298496,0.0010039802988694802,0.2288439568418546,548.4649299403069,646.6933245354085,8841.32321311235,611.9582986467352,0.95,-11584.68286580666,-14.73425918926523,-548.4649299403069
55,trust_vcg,node-009,0.0,0.0,0.0,0.0,0.0,0.0,0.0,0.0,8841.32321311235,611.9582986467352,0.95,0.0,0.0,0.0
55,trust_vcg,node-010,0.0,0.0,0.0,0.0,0.0,0.0,0.0,0.0,8841.32321311235,611.9582986467352,0.95,0.0,0.0,0.0
55,trust_vcg,node-011,0.0,0.0,0.0,0.0,0.0,0.0,0.0,0.0,8841.32321311235,611.9582986467352,0.95,0.0,0.0,0.0
55,trust_vcg,node-012,0.0,0.0,0.0,0.0,0.0,0.0,0.0,0.0,8841.32321311235,611.9582986467352,0.95,0.0,0.0,0.0
55,trust_vcg,node-013,0.0,0.0,0.0,0.0,0.0,0.0,0.0,0.0,8841.32321311235,611.9582986467352,0.95,0.0,0.0,0.0
55,trust_vcg,node-014,71.76147252529603,207.46889344930617,499.7000448238305,71761.47252529602,207468.89344930617,499700.04482383054,-71.76147252529603,-34.735025888673256,8841.32321311235,611.9582986467352,0.95,-10984.115672071772,-5.553966995493397,71.76147252529603
55,trust_vcg,node-015,0.0,0.0,0.0,0.0,0.0,0.0,0.0,0.0,8841.32321311235,611.9582986467352,0.95,0.0,0.0,0.0
55,trust_vcg,node-016,0.0,0.0,0.0,0.0,0.0,0.0,0.0,0.0,8841.32321311235,611.9582986467352,0.95,0.0,0.0,0.0
55,trust_vcg,node-017,0.0,0.0,0.0,0.0,0.0,0.0,0.0,0.0,8841.32321311235,611.9582986467352,0.95,0.0,0.0,0.0
55,trust_vcg,node-018,0.0,0.0,0.0,0.0,0.0,0.0,0.0,0.0,8841.32321311235,611.9582986467352,0.95,0.0,0.0,0.0
55,trust_vcg,node-019,0.0,0.0,0.0,0.0,0.0,0.0,0.0,0.0,8841.32321311235,611.9582986467352,0.95,0.0,0.0,0.0
55,trust_vcg,node-020,0.0,0.0,0.0,0.0,0.0,0.0,0.0,0.0,8841.32321311235,611.9582986467352,0.95,0.0,0.0,0.0
55,trust_vcg,node-021,0.0,0.0,211.3482578458359,0.0,0.0,211348.25784583588,0.0,0.0,8841.32321311235,611.9582986467352,0.95,-9988.651742154165,0.0,0.0
55,trust_vcg,node-022,0.0,0.0,0.0,0.0,0.0,0.0,0.0,0.0,8841.32321311235,611.9582986467352,0.95,0.0,0.0,0.0
55,trust_vcg,node-023,0.0,0.0,0.0,0.0,0.0,0.0,0.0,0.0,8841.32321311235,611.9582986467352,0.95,0.0,0.0,0.0
55,trust_vcg,node-024,0.0,0.0,0.0,0.0,0.0,0.0,0.0,0.0,8841.32321311235,611.9582986467352,0.95,0.0,0.0,0.0
55,trust_vcg,node-025,0.0,0.0,108.7376725124096,0.0,0.0,108737.6725124096,0.0,0.0,8841.32321311235,611.9582986467352,0.95,-1691.2623274875905,0.0,0.0
55,trust_vcg,node-026,0.0,0.0,0.0,0.0,0.0,0.0,0.0,0.0,8841.32321311235,611.9582986467352,0.95,0.0,0.0,0.0
55,trust_vcg,node-027,0.0,0.0,0.0,0.0,0.0,0.0,0.0,0.0,8841.32321311235,611.9582986467352,0.95,0.0,0.0,0.0
55,trust_vcg,node-028,0.0,0.0,0.0,0.0,0.0,0.0,0.0,0.0,8841.32321311235,611.9582986467352,0.95,0.0,0.0,0.0
55,trust_vcg,node-029,0.0,0.0,114.43524170778848,0.0,0.0,114435.24170778847,0.0,0.0,8841.32321311235,611.9582986467352,0.95,-1685.5647582922115,0.0,0.0
55,contingent,node-000,0.0,0.0,0.0,0.0,0.0,0.0,0.0,0.0,8841.32321311235,197.54592153835588,0.95,0.0,0.0,0.0
55,contingent,node-001,0.0,0.0,0.0,0.0,0.0,0.0,0.0,0.0,8841.32321311235,197.54592153835588,0.95,-147.61660697240924,0.0,0.0
55,contingent,node-002,0.0,0.0,0.0,0.0,0.0,0.0,0.0,0.0,8841.32321311235,197.54592153835588,0.95,0.0,0.0,0.0
55,contingent,node-003,0.0,0.0,8.907844007681778,0.0,0.0,8907.844007681777,0.0,0.0,8841.32321311235,197.54592153835588,0.95,-218.61035541971117,0.0,0.0
55,contingent,node-004,0.0,0.0,0.0,0.0,0.0,0.0,0.0,0.0,8841.32321311235,197.54592153835588,0.95,-22.880014753562598,0.0,0.0
55,contingent,node-005,0.0,0.0,0.0,0.0,0.0,0.0,0.0,0.0,8841.32321311235,197.54592153835588,0.95,0.0,0.0,0.0
55,contingent,node-006,0.0,0.0,0.0,0.0,0.0,0.0,0.0,0.0,8841.32321311235,197.54592153835588,0.95,0.0,0.0,0.0
55,contingent,node-007,0.0,0.0,0.0,0.0,0.0,0.0,0.0,0.0,8841.32321311235,197.54592153835588,0.95,0.0,0.0,0.0
55,contingent,node-008,147.34259189265242,0.0,147.34259189265242,1.0,0.0,1.0,49.11419729755081,147.34259189265242,8841.32321311235,197.54592153835588,0.95,-193.9859407629715,-14.734259189265238,-49.11419729755081
55,contingent,node-009,0.0,0.0,0.0,0.0,0.0,0.0,0.0,0.0,8841.32321311235,197.54592153835588,0.95,0.0,0.0,0.0
55,contingent,node-010,0.0,0.0,0.0,0.0,0.0,0.0,0.0,0.0,8841.32321311235,197.54592153835588,0.95,0.0,0.0,0.0
55,contingent,node-011,0.0,0.0,0.0,0.0,0.0,0.0,0.0,0.0,8841.32321311235,197.54592153835588,0.95,0.0,0.0,0.0
55,contingent,node-012,0.0,0.0,0.0,0.0,0.0,0.0,0.0,0.0,8841.32321311235,197.54592153835588,0.95,0.0,0.0,0.0
55,contingent,node-013,0.0,0.0,0.0,0.0,0.0,0.0,0.0,0.0,8841.32321311235,197.54592153835588,0.95,0.0,0.0,0.0
55,contingent,node-014,12.55083241142587,17.1941976056988,43.664521598057746,0.2500000000000001,0.34249117990862843,0.8697534985469769,13.176883009080772,50.203329645703455,8841.32321311235,197.54592153835588,0.95,-236.68546139735574,-5.020332964570343,-13.176883009080772
55,contingent,node-015,0.0,0.0,0.0,0.0,0.0,0.0,0.0,0.0,8841.32321311235,197.54592153835588,0.95,0.0,0.0,0.0
55,contingent,node-016,0.0,0.0,0.0,0.0,0.0,0.0,0.0,0.0,8841.32321311235,197.54592153835588,0.95,0.0,0.0,0.0
55,contingent,node-017,0.0,0.0,0.0,0.0,0.0,0.0,0.0,0.0,8841.32321311235,197.54592153835588,0.95,0.0,0.0,0.0
55,contingent,node-018,0.0,0.0,0.0,0.0,0.0,0.0,0.0,0.0,8841.32321311235,197.54592153835588,0.95,0.0,0.0,0.0
55,contingent,node-019,0.0,0.0,0.0,0.0,0.0,0.0,0.0,0.0,8841.32321311235,197.54592153835588,0.95,0.0,0.0,0.0
55,contingent,node-020,0.0,0.0,0.0,0.0,0.0,0.0,0.0,0.0,8841.32321311235,197.54592153835588,0.95,0.0,0.0,0.0
55,contingent,node-021,0.0,0.0,0.0,0.0,0.0,0.0,0.0,0.0,8841.32321311235,197.54592153835588,0.95,-354.6069686166563,0.0,0.0
55,contingent,node-022,0.0,0.0,0.0,0.0,0.0,0.0,0.0,0.0,8841.32321311235,197.54592153835588,0.95,0.0,0.0,0.0
55,contingent,node-023,0.0,0.0,0.0,0.0,0.0,0.0,0.0,0.0,8841.32321311235,197.54592153835588,0.95,0.0,0.0,0.0
55,contingent,node-024,0.0,0.0,0.0,0.0,0.0,0.0,0.0,0.0,8841.32321311235,197.54592153835588,0.95,0.0,0.0,0.0
55,contingent,node-025,0.0,0.0,0.0,0.0,0.0,0.0,0.0,0.0,8841.32321311235,197.54592153835588,0.95,-165.0493099503615,0.0,0.0
55,contingent,node-026,0.0,0.0,0.0,0.0,0.0,0.0,0.0,0.0,8841.32321311235,197.54592153835588,0.95,0.0,0.0,0.0
55,contingent,node-027,0.0,0.0,0.0,0.0,0.0,0.0,0.0,0.0,8841.32321311235,197.54592153835588,0.95,0.0,0.0,0.0
55,contingent,node-028,0.0,0.0,0.0,0.0,0.0,0.0,0.0,0.0,8841.32321311235,197.54592153835588,0.95,0.0,0.0,0.0
55,contingent,node-029,0.0,0.0,0.0,0.0,0.0,0.0,0.0,0.0,8841.32321311235,197.54592153835588,0.95,-142.25903316884603,0.0,0.0
55,capped,node-000,0.0,0.0,0.0,0.0,0.0,0.0,0.0,0.0,8841.32321311235,202.88226184758645,0.95,0.0,0.0,0.0
55,capped,node-001,0.0,0.0,0.0,0.0,0.0,0.0,0.0,0.0,8841.32321311235,202.88226184758645,0.95,-36.90415174310231,0.0,0.0
55,capped,node-002,0.0,0.0,0.0,0.0,0.0,0.0,0.0,0.0,8841.32321311235,202.88226184758645,0.95,0.0,0.0,0.0
55,capped,node-003,0.0,0.0,8.907844007681778,0.0,0.0,8907.844007681777,0.0,0.0,8841.32321311235,202.88226184758645,0.95,-54.652588854927785,0.0,0.0
55,capped,node-004,0.0,0.0,0.0,0.0,0.0,0.0,0.0,0.0,8841.32321311235,202.88226184758645,0.95,-5.720003688390651,0.0,0.0
55,capped,node-005,0.0,0.0,0.0,0.0,0.0,0.0,0.0,0.0,8841.32321311235,202.88226184758645,0.95,0.0,0.0,0.0
55,capped,node-006,0.0,0.0,0.0,0.0,0.0,0.0,0.0,0.0,8841.32321311235,202.88226184758645,0.95,0.0,0.0,0.0
55,capped,node-007,0.0,0.0,0.0,0.0,0.0,0.0,0.0,0.0,8841.32321311235,202.88226184758645,0.95,0.0,0.0,0.0
55,capped,node-008,147.34259189265242,0.0,147.34259189265242,1.0,0.0,1.0,49.11419729755081,147.34259189265242,8841.32321311235,202.88226184758645,0.95,-85.33213316390598,-14.734259189265238,-49.11419729755081
55,capped,node-009,0.0,0.0,0.0,0.0,0.0,0.0,0.0,0.0,8841.32321311235,202.88226184758645,0.95,0.0,0.0,0.0
55,capped,node-010,0.0,0.0,0.0,0.0,0.0,0.0,0.0,0.0,8841.32321311235,202.88226184758645,0.95,0.0,0.0,0.0
55,capped,node-011,0.0,0.0,0.0,0.0,0.0,0.0,0.0,0.0,8841.32321311235,202.88226184758645,0.95,0.0,0.0,0.0
55,capped,node-012,0.0,0.0,0.0,0.0,0.0,0.0,0.0,0.0,8841.32321311235,202.88226184758645,0.95,0.0,0.0,0.0
55,capped,node-013,0.0,0.0,0.0,0.0,0.0,0.0,0.0,0.0,8841.32321311235,202.88226184758645,0.95,0.0,0.0,0.0
55,capped,node-014,13.88491748873351,17.1941976056988,49.000861907288325,0.25000000000000006,0.30958407962543727,0.8822677906989469,18.513223318311343,55.53966995493403,8841.32321311235,202.88226184758645,0.95,-74.39036791538008,-5.553966995493402,-18.513223318311343
55,capped,node-015,0.0,0.0,0.0,0.0,0.0,0.0,0.0,0.0,8841.32321311235,202.88226184758645,0.95,0.0,0.0,0.0
55,capped,node-016,0.0,0.0,0.0,0.0,0.0,0.0,0.0,0.0,8841.32321311235,202.88226184758645,0.95,0.0,0.0,0.0
55,capped,node-017,0.0,0.0,0.0,0.0,0.0,0.0,0.0,0.0,8841.32321311235,202.88226184758645,0.95,0.0,0.0,0.0
55,capped,node-018,0.0,0.0,0.0,0.0,0.0,0.0,0.0,0.0,8841.32321311235,202.88226184758645,0.95,0.0,0.0,0.0
55,capped,node-019,0.0,0.0,0.0,0.0,0.0,0.0,0.0,0.0,8841.32321311235,202.88226184758645,0.95,0.0,0.0,0.0
55,capped,node-020,0.0,0.0,0.0,0.0,0.0,0.0,0.0,0.0,8841.32321311235,202.88226184758645,0.95,0.0,0.0,0.0
55,capped,node-021,0.0,0.0,0.0,0.0,0.0,0.0,0.0,0.0,8841.32321311235,202.88226184758645,0.95,-88.65174215416405,0.0,0.0
55,capped,node-022,0.0,0.0,0.0,0.0,0.0,0.0,0.0,0.0,8841.32321311235,202.88226184758645,0.95,0.0,0.0,0.0
55,capped,node-023,0.0,0.0,0.0,0.0,0.0,0.0,0.0,0.0,8841.32321311235,202.88226184758645,0.95,0.0,0.0,0.0
55,capped,node-024,0.0,0.0,0.0,0.0,0.0,0.0,0.0,0.0,8841.32321311235,202.88226184758645,0.95,0.0,0.0,0.0
55,capped,node-025,0.0,0.0,0.0,0.0,0.0,0.0,0.0,0.0,8841.32321311235,202.88226184758645,0.95,-41.26232748759038,0.0,0.0
55,capped,node-026,0.0,0.0,0.0,0.0,0.0,0.0,0.0,0.0,8841.32321311235,202.88226184758645,0.95,0.0,0.0,0.0
55,capped,node-027,0.0,0.0,0.0,0.0,0.0,0.0,0.0,0.0,8841.32321311235,202.88226184758645,0.95,0.0,0.0,0.0
55,capped,node-028,0.0,0.0,0.0,0.0,0.0,0.0,0.0,0.0,8841.32321311235,202.88226184758645,0.95,0.0,0.0,0.0
55,capped,node-029,0.0,0.0,0.0,0.0,0.0,0.0,0.0,0.0,8841.32321311235,202.88226184758645,0.95,-35.56475829221151,0.0,0.0
55,proper_scoring,node-000,0.0,0.0,0.0,0.0,0.0,0.0,0.0,0.0,8841.32321311235,1134.6661167860843,0.95,0.0,0.0,0.0
55,proper_scoring,node-001,0.0,0.0,113.09584825689768,0.0,0.0,113095.84825689768,0.0,0.0,8841.32321311235,1134.6661167860843,0.95,-147.61660697240924,0.0,0.0
55,proper_scoring,node-002,0.0,0.0,0.0,0.0,0.0,0.0,0.0,0.0,8841.32321311235,1134.6661167860843,0.95,0.0,0.0,0.0
55,proper_scoring,node-003,0.0,0.0,255.72393671252732,0.0,0.0,255723.93671252733,0.0,0.0,8841.32321311235,1134.6661167860843,0.95,-218.61035541971117,0.0,0.0
55,proper_scoring,node-004,0.0,0.0,94.26328877265713,0.0,0.0,94263.28877265714,0.0,0.0,8841.32321311235,1134.6661167860843,0.95,-22.880014753562598,0.0,0.0
55,proper_scoring,node-005,0.0,0.0,0.0,0.0,0.0,0.0,0.0,0.0,8841.32321311235,1134.6661167860843,0.95,0.0,0.0,0.0
55,proper_scoring,node-006,0.0,0.0,0.0,0.0,0.0,0.0,0.0,0.0,8841.32321311235,1134.6661167860843,0.95,0.0,0.0,0.0
55,proper_scoring,node-007,0.0,0.0,0.0,0.0,0.0,0.0,0.0,0.0,8841.32321311235,1134.6661167860843,0.95,0.0,0.0,0.0
55,proper_scoring,node-008,147.34259189265242,0.6492673572439571,361.71751252639694,0.22783997654298496,0.0010039802988694802,0.5593339204270568,548.4649299403069,646.6933245354085,8841.32321311235,1134.6661167860843,0.95,-693.3366734057275,-14.73425918926523,-548.4649299403069
55,proper_scoring,node-009,0.0,0.0,0.0,0.0,0.0,0.0,0.0,0.0,8841.32321311235,1134.6661167860843,0.95,0.0,0.0,0.0
55,proper_scoring,node-010,0.0,0.0,0.0,0.0,0.0,0.0,0.0,0.0,8841.32321311235,1134.6661167860843,0.95,0.0,0.0,0.0
55,proper_scoring,node-011,0.0,0.0,0.0,0.0,0.0,0.0,0.0,0.0,8841.32321311235,1134.6661167860843,0.95,0.0,0.0,0.0
55,proper_scoring,node-012,0.0,0.0,0.0,0.0,0.0,0.0,0.0,0.0,8841.32321311235,1134.6661167860843,0.95,0.0,0.0,0.0
55,proper_scoring,node-013,0.0,0.0,0.0,0.0,0.0,0.0,0.0,0.0,8841.32321311235,1134.6661167860843,0.95,0.0,0.0,0.0
55,proper_scoring,node-014,12.550832411425915,229.4247350007264,522.9899714525583,0.025720352877744955,0.4701588667322027,1.0717605156639423,450.94634561405326,487.972792250676,8841.32321311235,1134.6661167860843,0.95,-674.4549240023282,-5.020332964570343,-450.94634561405326
55,proper_scoring,node-015,0.0,0.0,0.0,0.0,0.0,0.0,0.0,0.0,8841.32321311235,1134.6661167860843,0.95,0.0,0.0,0.0
55,proper_scoring,node-016,0.0,0.0,0.0,0.0,0.0,0.0,0.0,0.0,8841.32321311235,1134.6661167860843,0.95,0.0,0.0,0.0
55,proper_scoring,node-017,0.0,0.0,0.0,0.0,0.0,0.0,0.0,0.0,8841.32321311235,1134.6661167860843,0.95,0.0,0.0,0.0
55,proper_scoring,node-018,0.0,0.0,0.0,0.0,0.0,0.0,0.0,0.0,8841.32321311235,1134.6661167860843,0.95,0.0,0.0,0.0
55,proper_scoring,node-019,0.0,0.0,0.0,0.0,0.0,0.0,0.0,0.0,8841.32321311235,1134.6661167860843,0.95,0.0,0.0,0.0
55,proper_scoring,node-020,0.0,0.0,0.0,0.0,0.0,0.0,0.0,0.0,8841.32321311235,1134.6661167860843,0.95,0.0,0.0,0.0
55,proper_scoring,node-021,0.0,0.0,753.1054184917729,0.0,0.0,753105.4184917728,0.0,0.0,8841.32321311235,1134.6661167860843,0.95,-354.6069686166563,0.0,0.0
55,proper_scoring,node-022,0.0,0.0,0.0,0.0,0.0,0.0,0.0,0.0,8841.32321311235,1134.6661167860843,0.95,0.0,0.0,0.0
55,proper_scoring,node-023,0.0,0.0,0.0,0.0,0.0,0.0,0.0,0.0,8841.32321311235,1134.6661167860843,0.95,0.0,0.0,0.0
55,proper_scoring,node-024,0.0,0.0,0.0,0.0,0.0,0.0,0.0,0.0,8841.32321311235,1134.6661167860843,0.95,0.0,0.0,0.0
55,proper_scoring,node-025,0.0,0.0,108.7376725124096,0.0,0.0,108737.6725124096,0.0,0.0,8841.32321311235,1134.6661167860843,0.95,-165.0493099503615,0.0,0.0
55,proper_scoring,node-026,0.0,0.0,0.0,0.0,0.0,0.0,0.0,0.0,8841.32321311235,1134.6661167860843,0.95,0.0,0.0,0.0
55,proper_scoring,node-027,0.0,0.0,0.0,0.0,0.0,0.0,0.0,0.0,8841.32321311235,1134.6661167860843,0.95,0.0,0.0,0.0
55,proper_scoring,node-028,0.0,0.0,0.0,0.0,0.0,0.0,0.0,0.0,8841.32321311235,1134.6661167860843,0.95,0.0,0.0,0.0
55,proper_scoring,node-029,0.0,0.0,114.43524170778848,0.0,0.0,114435.24170778847,0.0,0.0,8841.32321311235,1134.6661167860843,0.95,-142.25903316884603,0.0,0.0
55,audits,node-000,0.0,0.0,0.0,0.0,0.0,0.0,0.0,0.0,8841.32321311235,1111.958298646735,0.95,0.0,0.0,0.0
55,audits,node-001,0.0,0.0,113.09584825689768,0.0,0.0,113095.84825689768,0.0,0.0,8841.32321311235,1111.958298646735,0.95,-186.90415174310232,0.0,0.0
55,audits,node-002,0.0,0.0,0.0,0.0,0.0,0.0,0.0,0.0,8841.32321311235,1111.958298646735,0.95,0.0,0.0,0.0
55,audits,node-003,0.0,0.0,108.89614735754137,0.0,0.0,108896.14735754137,0.0,0.0,8841.32321311235,1111.958298646735,0.95,-1539.4162035933311,0.0,0.0
55,audits,node-004,0.0,0.0,94.26328877265713,0.0,0.0,94263.28877265714,0.0,0.0,8841.32321311235,1111.958298646735,0.95,-102.08075291770926,0.0,0.0
55,audits,node-005,0.0,0.0,0.0,0.0,0.0,0.0,0.0,0.0,8841.32321311235,1111.958298646735,0.95,0.0,0.0,0.0
55,audits,node-006,0.0,0.0,0.0,0.0,0.0,0.0,0.0,0.0,8841.32321311235,1111.958298646735,0.95,0.0,0.0,0.0
55,audits,node-007,0.0,0.0,0.0,0.0,0.0,0.0,0.0,0.0,8841.32321311235,1111.958298646735,0.95,0.0,0.0,0.0
55,audits,node-008,147.34259189265242,0.6492673572439571,315.317134193338,0.22783997654298496,0.0010039802988694802,0.48758371585150545,548.4649299403069,646.6933245354085,8841.32321311235,1111.958298646735,0.95,-3084.682865806661,-14.73425918926523,-548.4649299403069
55,audits,node-009,0.0,0.0,0.0,0.0,0.0,0.0,0.0,0.0,8841.32321311235,1111.958298646735,0.95,0.0,0.0,0.0
55,audits,node-010,0.0,0.0,0.0,0.0,0.0,0.0,0.0,0.0,8841.32321311235,1111.958298646735,0.95,0.0,0.0,0.0
55,audits,node-011,0.0,0.0,0.0,0.0,0.0,0.0,0.0,0.0,8841.32321311235,1111.958298646735,0.95,0.0,0.0,0.0
55,audits,node-012,0.0,0.0,0.0,0.0,0.0,0.0,0.0,0.0,8841.32321311235,1111.958298646735,0.95,0.0,0.0,0.0
55,audits,node-013,0.0,0.0,0.0,0.0,0.0,0.0,0.0,0.0,8841.32321311235,1111.958298646735,0.95,0.0,0.0,0.0
55,audits,node-014,13.88491748873355,207.4688934493061,499.7000448238304,0.02984303195239283,0.4459155642342932,1.0740117408972722,428.2385274747041,465.2649741113268,8841.32321311235,1111.958298646735,0.95,-2984.1156720717727,-5.553966995493397,-428.2385274747041
55,audits,node-015,0.0,0.0,0.0,0.0,0.0,0.0,0.0,0.0,8841.32321311235,1111.958298646735,0.95,0.0,0.0,0.0
55,audits,node-016,0.0,0.0,0.0,0.0,0.0,0.0,0.0,0.0,8841.32321311235,1111.958298646735,0.95,0.0,0.0,0.0
55,audits,node-017,0.0,0.0,0.0,0.0,0.0,0.0,0.0,0.0,8841.32321311235,1111.958298646735,0.95,0.0,0.0,0.0
55,audits,node-018,0.0,0.0,0.0,0.0,0.0,0.0,0.0,0.0,8841.32321311235,1111.958298646735,0.95,0.0,0.0,0.0
55,audits,node-019,0.0,0.0,0.0,0.0,0.0,0.0,0.0,0.0,8841.32321311235,1111.958298646735,0.95,0.0,0.0,0.0
55,audits,node-020,0.0,0.0,0.0,0.0,0.0,0.0,0.0,0.0,8841.32321311235,1111.958298646735,0.95,0.0,0.0,0.0
55,audits,node-021,0.0,0.0,211.3482578458359,0.0,0.0,211348.25784583588,0.0,0.0,8841.32321311235,1111.958298646735,0.95,-2488.651742154164,0.0,0.0
55,audits,node-022,0.0,0.0,0.0,0.0,0.0,0.0,0.0,0.0,8841.32321311235,1111.958298646735,0.95,0.0,0.0,0.0
55,audits,node-023,0.0,0.0,0.0,0.0,0.0,0.0,0.0,0.0,8841.32321311235,1111.958298646735,0.95,0.0,0.0,0.0
55,audits,node-024,0.0,0.0,0.0,0.0,0.0,0.0,0.0,0.0,8841.32321311235,1111.958298646735,0.95,0.0,0.0,0.0
55,audits,node-025,0.0,0.0,108.7376725124096,0.0,0.0,108737.6725124096,0.0,0.0,8841.32321311235,1111.958298646735,0.95,-191.2623274875904,0.0,0.0
55,audits,node-026,0.0,0.0,0.0,0.0,0.0,0.0,0.0,0.0,8841.32321311235,1111.958298646735,0.95,0.0,0.0,0.0
55,audits,node-027,0.0,0.0,0.0,0.0,0.0,0.0,0.0,0.0,8841.32321311235,1111.958298646735,0.95,0.0,0.0,0.0
55,audits,node-028,0.0,0.0,0.0,0.0,0.0,0.0,0.0,0.0,8841.32321311235,1111.958298646735,0.95,0.0,0.0,0.0
55,audits,node-029,0.0,0.0,114.43524170778848,0.0,0.0,114435.24170778847,0.0,0.0,8841.32321311235,1111.958298646735,0.95,-185.56475829221154,0.0,0.0
45,greedy,node-000,27.637839366615246,0.0,27.637839366615246,0.24999999999999994,0.0,0.24999999999999994,36.850452488820345,110.55135746646101,7551.086581138579,167.7972220825837,0.7,-66.85196763619847,-7.7670430835747055,-36.850452488820345
45,greedy,node-001,0.0,0.0,0.0,0.0,0.0,0.0,0.0,0.0,7551.086581138579,167.7972220825837,0.7,0.0,0.0,-30.001515147378118
45,greedy,node-002,0.0,0.0,0.0,0.0,0.0,0.0,0.0,0.0,7551.086581138579,167.7972220825837,0.7,0.0,0.0,-30.001515147378118
45,greedy,node-003,0.0,0.0,0.0,0.0,0.0,0.0,0.0,0.0,7551.086581138579,167.7972220825837,0.7,0.0,0.0,-30.001515147378118
45,greedy,node-004,0.0,0.0,0.0,0.0,0.0,0.0,0.0,0.0,7551.086581138579,167.7972220825837,0.7,0.0,0.0,-30.001515147378118
45,greedy,node-005,0.0,0.0,0.0,0.0,0.0,0.0,0.0,0.0,7551.086581138579,167.7972220825837,0.7,0.0,0.0,-30.001515147378118
45,greedy,node-006,0.0,0.0,0.0,0.0,0.0,0.0,0.0,0.0,7551.086581138579,167.7972220825837,0.7,0.0,0.0,-30.001515147378118
45,greedy,node-007,0.0,0.0,0.0,0.0,0.0,0.0,0.0,0.0,7551.086581138579,167.7972220825837,0.7,0.0,0.0,-30.001515147378118
45,greedy,node-008,0.0,0.0,0.0,0.0,0.0,0.0,0.0,0.0,7551.086581138579,167.7972220825837,0.7,0.0,0.0,-30.001515147378118
45,greedy,node-009,0.0,0.0,0.0,0.0,0.0,0.0,0.0,0.0,7551.086581138579,167.7972220825837,0.7,0.0,0.0,-30.001515147378118
45,greedy,node-010,0.0,0.0,0.0,0.0,0.0,0.0,0.0,0.0,7551.086581138579,167.7972220825837,0.7,0.0,0.0,-30.001515147378118
45,greedy,node-011,0.0,0.0,0.0,0.0,0.0,0.0,0.0,0.0,7551.086581138579,167.7972220825837,0.7,0.0,0.0,-30.001515147378118
45,greedy,node-012,0.0,0.0,0.0,0.0,0.0,0.0,0.0,0.0,7551.086581138579,167.7972220825837,0.7,0.0,0.0,-30.001515147378118
45,greedy,node-013,0.0,0.0,0.0,0.0,0.0,0.0,0.0,0.0,7551.086581138579,167.7972220825837,0.7,-15.769426863762696,0.0,-30.001515147378118
45,greedy,node-014,0.0,0.0,0.0,0.0,0.0,0.0,0.0,0.0,7551.086581138579,167.7972220825837,0.7,0.0,0.0,-30.001515147378118
45,greedy,node-015,0.0,0.0,0.0,0.0,0.0,0.0,0.0,0.0,7551.086581138579,167.7972220825837,0.7,-42.306699801366676,0.0,-30.001515147378118
45,greedy,node-016,0.0,0.0,0.0,0.0,0.0,0.0,19.081954872040882,57.24586461612265,7551.086581138579,167.7972220825837,0.7,-36.35320052609158,-5.724586461612262,-49.083470019418996
45,greedy,node-017,0.0,0.0,0.0,0.0,0.0,0.0,0.0,0.0,7551.086581138579,167.7972220825837,0.7,0.0,0.0,-30.001515147378118
45,greedy,node-018,0.0,0.0,0.0,0.0,0.0,0.0,0.0,0.0,7551.086581138579,167.7972220825837,0.7,0.0,0.0,-30.001515147378118
45,greedy,node-019,0.0,0.0,0.0,0.0,0.0,0.0,0.0,0.0,7551.086581138579,167.7972220825837,0.7,-8.07306290232215,0.0,-30.001515147378118
45,greedy,node-020,0.0,0.0,0.0,0.0,0.0,0.0,0.0,0.0,7551.086581138579,167.7972220825837,0.7,0.0,0.0,-30.001515147378118
45,greedy,node-021,0.0,0.0,0.0,0.0,0.0,0.0,0.0,0.0,7551.086581138579,167.7972220825837,0.7,0.0,0.0,-30.001515147378118
45,greedy,node-022,0.0,0.0,0.0,0.0,0.0,0.0,0.0,0.0,7551.086581138579,167.7972220825837,0.7,0.0,0.0,-30.001515147378118
45,greedy,node-023,0.0,0.0,0.0,0.0,0.0,0.0,0.0,0.0,7551.086581138579,167.7972220825837,0.7,0.0,0.0,-30.001515147378118
45,greedy,node-024,0.0,0.0,0.0,0.0,0.0,0.0,0.0,0.0,7551.086581138579,167.7972220825837,0.7,0.0,0.0,-30.001515147378118
45,greedy,node-025,0.0,0.0,0.0,0.0,0.0,0.0,0.0,0.0,7551.086581138579,167.7972220825837,0.7,0.0,0.0,-30.001515147378118
45,greedy,node-026,0.0,0.0,0.0,0.0,0.0,0.0,0.0,0.0,7551.086581138579,167.7972220825837,0.7,0.0,0.0,-30.001515147378118
45,greedy,node-027,0.0,0.0,0.0,0.0,0.0,0.0,0.0,0.0,7551.086581138579,167.7972220825837,0.7,0.0,0.0,-30.001515147378118
45,greedy,node-028,0.0,0.0,0.0,0.0,0.0,0.0,0.0,0.0,7551.086581138579,167.7972220825837,0.7,0.0,0.0,-30.001515147378118
45,greedy,node-029,0.0,0.0,0.0,0.0,0.0,0.0,0.0,0.0,7551.086581138579,167.7972220825837,0.7,0.0,0.0,-30.001515147378118
45,trust_vcg,node-000,0.0,0.0,212.49645498397524,0.0,0.0,212496.45498397524,0.0,0.0,8767.522643655377,61.219347309103405,0.9,-9814.399528373415,0.0,0.0
45,trust_vcg,node-001,0.0,0.0,0.0,0.0,0.0,0.0,0.0,0.0,8767.522643655377,61.219347309103405,0.9,0.0,0.0,0.0
45,trust_vcg,node-002,0.0,0.0,56.69195638657496,0.0,0.0,56691.95638657496,0.0,0.0,8767.522643655377,61.219347309103405,0.9,-2240.417417184421,0.0,0.0
45,trust_vcg,node-003,0.0,0.0,0.0,0.0,0.0,0.0,0.0,0.0,8767.522643655377,61.219347309103405,0.9,0.0,0.0,0.0
45,trust_vcg,node-004,0.0,0.0,0.0,0.0,0.0,0.0,0.0,0.0,8767.522643655377,61.219347309103405,0.9,-5558.132420685248,0.0,0.0
45,trust_vcg,node-005,0.0,0.0,141.98079018797813,0.0,0.0,141980.79018797813,0.0,0.0,8767.522643655377,61.219347309103405,0.9,-2258.019209812022,0.0,0.0
45,trust_vcg,node-006,0.0,0.0,0.0,0.0,0.0,0.0,0.0,0.0,8767.522643655377,61.219347309103405,0.9,0.0,0.0,0.0
45,trust_vcg,node-007,0.0,0.0,0.0,0.0,0.0,0.0,0.0,0.0,8767.522643655377,61.219347309103405,0.9,-7774.76107948591,0.0,0.0
45,trust_vcg,node-008,0.0,0.0,0.0,0.0,0.0,0.0,0.0,0.0,8767.522643655377,61.219347309103405,0.9,0.0,0.0,0.0
45,trust_vcg,node-009,0.0,0.0,0.0,0.0,0.0,0.0,0.0,0.0,8767.522643655377,61.219347309103405,0.9,0.0,0.0,0.0
45,trust_vcg,node-010,0.0,0.0,26.273726361011427,0.0,0.0,26273.726361011428,0.0,0.0,8767.522643655377,61.219347309103405,0.9,-573.7262736389886,0.0,0.0
45,trust_vcg,node-011,0.0,0.0,0.0,0.0,0.0,0.0,0.0,0.0,8767.522643655377,61.219347309103405,0.9,0.0,0.0,0.0
45,trust_vcg,node-012,0.0,0.0,27.328818781725303,0.0,0.0,27328.818781725302,0.0,0.0,8767.522643655377,61.219347309103405,0.9,-572.6711812182747,0.0,0.0
45,trust_vcg,node-013,0.0,0.0,0.0,0.0,0.0,0.0,0.0,0.0,8767.522643655377,61.219347309103405,0.9,-10552.09434335037,0.0,0.0
45,trust_vcg,node-014,0.0,0.0,25.179586092982817,0.0,0.0,25179.586092982816,0.0,0.0,8767.522643655377,61.219347309103405,0.9,-574.8204139070172,0.0,0.0
45,trust_vcg,node-015,100.70558281531589,1.833848028089733,168.6452682976726,0.15144207416779412,0.00275775921571044,0.2536104604689245,553.7699587284379,664.9775722414932,8767.522643655377,61.219347309103405,0.9,-7185.2342830899315,-16.68114202695824,-553.7699587284379
45,trust_vcg,node-016,347.9357105073009,0.0,682.6602265302437,347935.71050730086,0.0,682660.2265302436,-641.9221346764715,-603.7582249323896,8767.522643655377,61.219347309103405,0.9,-10432.083817205674,-5.724586461612262,522.924767687115
45,trust_vcg,node-017,0.0,0.0,0.0,0.0,0.0,0.0,0.0,0.0,8767.522643655377,61.219347309103405,0.9,0.0,0.0,0.0
45,trust_vcg,node-018,0.0,0.0,0.0,0.0,0.0,0.0,0.0,0.0,8767.522643655377,61.219347309103405,0.9,0.0,0.0,0.0
45,trust_vcg,node-019,0.0,0.0,0.0,0.0,0.0,0.0,0.0,0.0,8767.522643655377,61.219347309103405,0.9,-10997.8569244101,0.0,0.0
45,trust_vcg,node-020,0.0,0.0,0.0,0.0,0.0,0.0,0.0,0.0,8767.522643655377,61.219347309103405,0.9,-3373.3086589375744,0.0,0.0
45,trust_vcg,node-021,0.0,0.0,0.0,0.0,0.0,0.0,0.0,0.0,8767.522643655377,61.219347309103405,0.9,0.0,0.0,0.0
45,trust_vcg,node-022,0.0,0.0,0.0,0.0,0.0,0.0,0.0,0.0,8767.522643655377,61.219347309103405,0.9,-3361.8032876344073,0.0,0.0
45,trust_vcg,node-023,0.0,0.0,0.0,0.0,0.0,0.0,0.0,0.0,8767.522643655377,61.219347309103405,0.9,0.0,0.0,0.0
45,trust_vcg,node-024,0.0,0.0,0.0,0.0,0.0,0.0,0.0,0.0,8767.522643655377,61.219347309103405,0.9,0.0,0.0,0.0
45,trust_vcg,node-025,376.70847689669677,0.0,865.9881235145474,376708.4768966968,0.0,865988.1235145474,0.0,0.0,8767.522643655377,61.219347309103405,0.9,-10534.011876485454,0.0,0.0
45,trust_vcg,node-026,0.0,0.0,0.0,0.0,0.0,0.0,0.0,0.0,8767.522643655377,61.219347309103405,0.9,0.0,0.0,0.0
45,trust_vcg,node-027,0.0,0.0,0.0,0.0,0.0,0.0,0.0,0.0,8767.522643655377,61.219347309103405,0.9,0.0,0.0,0.0
45,trust_vcg,node-028,134.18593801533765,0.0,405.9449120546917,134185.93801533766,0.0,405944.9120546917,0.0,0.0,8767.522643655377,61.219347309103405,0.9,-5594.0550879453085,0.0,0.0
45,trust_vcg,node-029,0.0,0.0,26.02856440566333,0.0,0.0,26028.564405663332,0.0,0.0,8767.522643655377,61.219347309103405,0.9,-573.9714355943366,0.0,0.0
45,contingent,node-000,0.0,3.6843358351804794,62.803442509009805,0.0,3684.335835180479,62803.4425090098,0.0,0.0,8767.522643655377,212.62415999798776,0.9,-110.87102910450938,0.0,0.0
45,contingent,node-001,0.0,0.0,0.0,0.0,0.0,0.0,0.0,0.0,8767.522643655377,212.62415999798776,0.9,0.0,0.0,0.0
45,contingent,node-002,0.0,0.0,6.6970249899533485,0.0,0.0,6697.024989953348,0.0,0.0,8767.522643655377,212.62415999798776,0.9,-184.3706909574875,0.0,0.0
45,contingent,node-003,0.0,0.0,0.0,0.0,0.0,0.0,0.0,0.0,8767.522643655377,212.62415999798776,0.9,0.0,0.0,0.0
45,contingent,node-004,0.0,14.285325359214127,14.285325359214127,0.0,14285.325359214126,14285.325359214126,0.0,0.0,8767.522643655377,212.62415999798776,0.9,-232.5296827409861,0.0,0.0
45,contingent,node-005,0.0,0.0,0.0,0.0,0.0,0.0,0.0,0.0,8767.522643655377,212.62415999798776,0.9,-232.07683924808745,0.0,0.0
45,contingent,node-006,0.0,0.0,0.0,0.0,0.0,0.0,0.0,0.0,8767.522643655377,212.62415999798776,0.9,0.0,0.0,0.0
45,contingent,node-007,0.0,0.0,16.869893995267756,0.0,0.0,16869.893995267754,0.0,0.0,8767.522643655377,212.62415999798776,0.9,-299.04431794363813,0.0,0.0
45,contingent,node-008,0.0,0.0,0.0,0.0,0.0,0.0,0.0,0.0,8767.522643655377,212.62415999798776,0.9,0.0,0.0,0.0
45,contingent,node-009,0.0,0.0,0.0,0.0,0.0,0.0,0.0,0.0,8767.522643655377,212.62415999798776,0.9,0.0,0.0,0.0
45,contingent,node-010,0.0,0.0,0.0,0.0,0.0,0.0,0.0,0.0,8767.522643655377,212.62415999798776,0.9,-94.9050945559543,0.0,0.0
45,contingent,node-011,0.0,0.0,0.0,0.0,0.0,0.0,0.0,0.0,8767.522643655377,212.62415999798776,0.9,0.0,0.0,0.0
45,contingent,node-012,0.0,0.0,0.0,0.0,0.0,0.0,0.0,0.0,8767.522643655377,212.62415999798776,0.9,-90.6847248730988,0.0,0.0
45,contingent,node-013,0.0,0.0,0.0,0.0,0.0,0.0,0.0,0.0,8767.522643655377,212.62415999798776,0.9,-408.37737340148897,0.0,0.0
45,contingent,node-014,0.0,0.0,0.0,0.0,0.0,0.0,0.0,0.0,8767.522643655377,212.62415999798776,0.9,-99.28165562806873,0.0,0.0
45,contingent,node-015,150.52219801250686,0.0,166.81142026958287,0.9023494780468202,0.0,1.0,55.603806756527625,166.81142026958287,8767.522643655377,212.62415999798776,0.9,-181.46110420250145,-16.681142026958284,-55.603806756527625
45,contingent,node-016,22.90636986420246,11.057694721414082,39.45366282942358,0.5000000000000001,0.2413672438489433,0.8611941364633434,7.648829984323145,45.812739728404914,8767.522643655377,212.62415999798776,0.9,-303.6726375129043,-4.581273972840488,-22.663066722609067
45,contingent,node-017,0.0,0.0,0.0,0.0,0.0,0.0,0.0,0.0,8767.522643655377,212.62415999798776,0.9,0.0,0.0,0.0
45,contingent,node-018,0.0,0.0,0.0,0.0,0.0,0.0,0.0,0.0,8767.522643655377,212.62415999798776,0.9,0.0,0.0,0.0
45,contingent,node-019,0.0,0.0,0.0,0.0,0.0,0.0,0.0,0.0,8767.522643655377,212.62415999798776,0.9,-302.32776312806845,0.0,0.0
45,contingent,node-020,0.0,0.0,0.0,0.0,0.0,0.0,0.0,0.0,8767.522643655377,212.62415999798776,0.9,-293.2346357502969,0.0,0.0
45,contingent,node-021,0.0,0.0,0.0,0.0,0.0,0.0,0.0,0.0,8767.522643655377,212.62415999798776,0.9,0.0,0.0,0.0
45,contingent,node-022,0.0,0.0,0.0,0.0,0.0,0.0,0.0,0.0,8767.522643655377,212.62415999798776,0.9,-247.2131505376292,0.0,0.0
45,contingent,node-023,0.0,0.0,0.0,0.0,0.0,0.0,0.0,0.0,8767.522643655377,212.62415999798776,0.9,0.0,0.0,0.0
45,contingent,node-024,0.0,0.0,0.0,0.0,0.0,0.0,0.0,0.0,8767.522643655377,212.62415999798776,0.9,0.0,0.0,0.0
45,contingent,node-025,0.0,0.0,33.6605335572728,0.0,0.0,33660.5335572728,0.0,0.0,8767.522643655377,212.62415999798776,0.9,-336.0475059418101,0.0,0.0
45,contingent,node-026,0.0,0.0,0.0,0.0,0.0,0.0,0.0,0.0,8767.522643655377,212.62415999798776,0.9,0.0,0.0,0.0
45,contingent,node-027,0.0,0.0,0.0,0.0,0.0,0.0,0.0,0.0,8767.522643655377,212.62415999798776,0.9,0.0,0.0,0.0
45,contingent,node-028,0.0,0.0,0.0,0.0,0.0,0.0,0.0,0.0,8767.522643655377,212.62415999798776,0.9,-376.2203517812331,0.0,0.0
45,contingent,node-029,0.0,0.0,0.0,0.0,0.0,0.0,0.0,0.0,8767.522643655377,212.62415999798776,0.9,-95.88574237734665,0.0,0.0
45,capped,node-000,0.0,36.850452488820345,92.12613122205086,0.0,36850.452488820345,92126.13122205086,0.0,0.0,8767.522643655377,224.0572848857055,0.9,-27.717757276127344,0.0,0.0
45,capped,node-001,0.0,0.0,0.0,0.0,0.0,0.0,0.0,0.0,8767.522643655377,224.0572848857055,0.9,0.0,0.0,0.0
45,capped,node-002,0.0,0.0,6.6970249899533485,0.0,0.0,6697.024989953348,0.0,0.0,8767.522643655377,224.0572848857055,0.9,-46.092672739371885,0.0,0.0
45,capped,node-003,0.0,0.0,0.0,0.0,0.0,0.0,0.0,0.0,8767.522643655377,224.0572848857055,0.9,0.0,0.0,0.0
45,capped,node-004,0.0,67.151429668011,67.151429668011,0.0,67151.429668011,67151.429668011,0.0,0.0,8767.522643655377,224.0572848857055,0.9,-58.13242068524652,0.0,0.0
45,capped,node-005,0.0,0.0,0.0,0.0,0.0,0.0,0.0,0.0,8767.522643655377,224.0572848857055,0.9,-58.01920981202186,0.0,0.0
45,capped,node-006,0.0,0.0,0.0,0.0,0.0,0.0,0.0,0.0,8767.522643655377,224.0572848857055,0.9,0.0,0.0,0.0
45,capped,node-007,0.0,0.0,32.268352343041656,0.0,0.0,32268.352343041654,0.0,0.0,8767.522643655377,224.0572848857055,0.9,-74.76107948590953,0.0,0.0
45,capped,node-008,0.0,0.0,0.0,0.0,0.0,0.0,0.0,0.0,8767.522643655377,224.0572848857055,0.9,0.0,0.0,0.0
45,capped,node-009,0.0,0.0,0.0,0.0,0.0,0.0,0.0,0.0,8767.522643655377,224.0572848857055,0.9,0.0,0.0,0.0
45,capped,node-010,0.0,0.0,0.0,0.0,0.0,0.0,0.0,0.0,8767.522643655377,224.0572848857055,0.9,-23.726273638988573,0.0,0.0
45,capped,node-011,0.0,0.0,0.0,0.0,0.0,0.0,0.0,0.0,8767.522643655377,224.0572848857055,0.9,0.0,0.0,0.0
45,capped,node-012,0.0,0.0,0.0,0.0,0.0,0.0,0.0,0.0,8767.522643655377,224.0572848857055,0.9,-22.671181218274697,0.0,0.0
45,capped,node-013,0.0,0.0,7.864692126586974,0.0,0.0,7864.692126586973,0.0,0.0,8767.522643655377,224.0572848857055,0.9,-102.09434335037227,0.0,0.0
45,capped,node-014,0.0,0.0,0.0,0.0,0.0,0.0,0.0,0.0,8767.522643655377,224.0572848857055,0.9,-24.820413907017183,0.0,0.0
45,capped,node-015,150.52219801250686,0.0,166.81142026958287,0.9023494780468202,0.0,1.0,55.603806756527625,166.81142026958287,8767.522643655377,224.0572848857055,0.9,-87.06813111802109,-16.681142026958284,-55.603806756527625
45,capped,node-016,28.622932308061337,30.74275652745407,50.88678771714132,0.5000000000000002,0.537030172111257,0.8889163969900041,19.081954872040882,57.24586461612265,8767.522643655377,224.0572848857055,0.9,-93.08790675418618,-5.724586461612262,-30.658243775008827
45,capped,node-017,0.0,0.0,0.0,0.0,0.0,0.0,0.0,0.0,8767.522643655377,224.0572848857055,0.9,0.0,0.0,0.0
45,capped,node-018,0.0,0.0,0.0,0.0,0.0,0.0,0.0,0.0,8767.522643655377,224.0572848857055,0.9,0.0,0.0,0.0
45,capped,node-019,0.0,0.0,27.94974745594,0.0,0.0,27949.74745594,0.0,0.0,8767.522643655377,224.0572848857055,0.9,-75.58194078201711,0.0,0.0
45,capped,node-020,0.0,0.0,0.0,0.0,0.0,0.0,0.0,0.0,8767.522643655377,224.0572848857055,0.9,-73.30865893757425,0.0,0.0
45,capped,node-021,0.0,0.0,0.0,0.0,0.0,0.0,0.0,0.0,8767.522643655377,224.0572848857055,0.9,0.0,0.0,0.0
45,capped,node-022,0.0,0.0,18.084160301489725,0.0,0.0,18084.160301489723,0.0,0.0,8767.522643655377,224.0572848857055,0.9,-61.8032876344073,0.0,0.0
45,capped,node-023,0.0,0.0,0.0,0.0,0.0,0.0,0.0,0.0,8767.522643655377,224.0572848857055,0.9,0.0,0.0,0.0
45,capped,node-024,0.0,0.0,0.0,0.0,0.0,0.0,0.0,0.0,8767.522643655377,224.0572848857055,0.9,0.0,0.0,0.0
45,capped,node-025,0.0,0.0,33.6605335572728,0.0,0.0,33660.5335572728,0.0,0.0,8767.522643655377,224.0572848857055,0.9,-84.01187648545252,0.0,0.0
45,capped,node-026,0.0,0.0,0.0,0.0,0.0,0.0,0.0,0.0,8767.522643655377,224.0572848857055,0.9,0.0,0.0,0.0
45,capped,node-027,0.0,0.0,0.0,0.0,0.0,0.0,0.0,0.0,8767.522643655377,224.0572848857055,0.9,0.0,0.0,0.0
45,capped,node-028,0.0,0.0,0.0,0.0,0.0,0.0,0.0,0.0,8767.522643655377,224.0572848857055,0.9,-94.05508794530826,0.0,0.0
45,capped,node-029,0.0,0.0,0.0,0.0,0.0,0.0,0.0,0.0,8767.522643655377,224.0572848857055,0.9,-23.97143559433667,0.0,0.0
45,proper_scoring,node-000,0.0,303.07036078511135,654.2665759468914,0.0,303070.3607851113,654266.5759468914,0.0,0.0,8767.522643655377,1088.1269993925278,0.9,-110.87102910450938,0.0,0.0
45,proper_scoring,node-001,0.0,0.0,0.0,0.0,0.0,0.0,0.0,0.0,8767.522643655377,1088.1269993925278,0.9,0.0,0.0,0.0
45,proper_scoring,node-002,0.0,0.0,68.47230515374193,0.0,0.0,68472.30515374192,0.0,0.0,8767.522643655377,1088.1269993925278,0.9,-184.3706909574875,0.0,0.0
45,proper_scoring,node-003,0.0,0.0,0.0,0.0,0.0,0.0,0.0,0.0,8767.522643655377,1088.1269993925278,0.9,0.0,0.0,0.0
45,proper_scoring,node-004,0.0,167.15142966801102,372.3457380237362,0.0,167151.42966801103,372345.7380237362,0.0,0.0,8767.522643655377,1088.1269993925278,0.9,-232.5296827409861,0.0,0.0
45,proper_scoring,node-005,0.0,0.0,141.98079018797813,0.0,0.0,141980.79018797813,0.0,0.0,8767.522643655377,1088.1269993925278,0.9,-227.8084318061241,0.0,0.0
45,proper_scoring,node-006,0.0,0.0,0.0,0.0,0.0,0.0,0.0,0.0,8767.522643655377,1088.1269993925278,0.9,0.0,0.0,0.0
45,proper_scoring,node-007,0.0,0.0,507.40110064446316,0.0,0.0,507401.10064446315,0.0,0.0,8767.522643655377,1088.1269993925278,0.9,-299.04431794363813,0.0,0.0
45,proper_scoring,node-008,0.0,0.0,0.0,0.0,0.0,0.0,0.0,0.0,8767.522643655377,1088.1269993925278,0.9,0.0,0.0,0.0
45,proper_scoring,node-009,0.0,0.0,0.0,0.0,0.0,0.0,0.0,0.0,8767.522643655377,1088.1269993925278,0.9,0.0,0.0,0.0
45,proper_scoring,node-010,0.0,0.0,26.273726361011427,0.0,0.0,26273.726361011428,0.0,0.0,8767.522643655377,1088.1269993925278,0.9,-73.72627363898857,0.0,0.0
45,proper_scoring,node-011,0.0,0.0,0.0,0.0,0.0,0.0,0.0,0.0,8767.522643655377,1088.1269993925278,0.9,0.0,0.0,0.0
45,proper_scoring,node-012,0.0,0.0,27.328818781725303,0.0,0.0,27328.818781725302,0.0,0.0,8767.522643655377,1088.1269993925278,0.9,-72.6711812182747,0.0,0.0
45,proper_scoring,node-013,0.0,0.0,626.3459149011251,0.0,0.0,626345.914901125,0.0,0.0,8767.522643655377,1088.1269993925278,0.9,-393.6418385343963,0.0,0.0
45,proper_scoring,node-014,0.0,0.0,25.179586092982817,0.0,0.0,25179.586092982816,0.0,0.0,8767.522643655377,1088.1269993925278,0.9,-74.82041390701718,0.0,0.0
45,proper_scoring,node-015,100.70558281531589,1.833848028089733,168.6452682976726,0.15144207416779412,0.00275775921571044,0.2536104604689245,553.7699587284379,664.9775722414932,8767.522643655377,1088.1269993925278,0.9,-679.6272561744117,-16.68114202695824,-553.7699587284379
45,proper_scoring,node-016,22.90636986420253,233.72100729878446,233.72100729878446,0.05413305181204125,0.5523368160329861,0.5523368160329861,384.9855174069528,423.1494271510346,8767.522643655377,1088.1269993925278,0.9,-681.009324935534,-4.581273972840506,1.5632678743655788
45,proper_scoring,node-017,0.0,0.0,0.0,0.0,0.0,0.0,0.0,0.0,8767.522643655377,1088.1269993925278,0.9,0.0,0.0,0.0
45,proper_scoring,node-018,0.0,0.0,0.0,0.0,0.0,0.0,0.0,0.0,8767.522643655377,1088.1269993925278,0.9,0.0,0.0,0.0
45,proper_scoring,node-019,0.0,0.0,615.636508248217,0.0,0.0,615636.5082482169,0.0,0.0,8767.522643655377,1088.1269993925278,0.9,-302.32776312806845,0.0,0.0
45,proper_scoring,node-020,0.0,0.0,145.0981696496034,0.0,0.0,145098.1696496034,0.0,0.0,8767.522643655377,1088.1269993925278,0.9,-289.4259222636513,0.0,0.0
45,proper_scoring,node-021,0.0,0.0,0.0,0.0,0.0,0.0,0.0,0.0,8767.522643655377,1088.1269993925278,0.9,0.0,0.0,0.0
45,proper_scoring,node-022,0.0,0.0,147.0069725218791,0.0,0.0,147006.9725218791,0.0,0.0,8767.522643655377,1088.1269993925278,0.9,-247.2131505376292,0.0,0.0
45,proper_scoring,node-023,0.0,0.0,0.0,0.0,0.0,0.0,0.0,0.0,8767.522643655377,1088.1269993925278,0.9,0.0,0.0,0.0
45,proper_scoring,node-024,0.0,0.0,0.0,0.0,0.0,0.0,0.0,0.0,8767.522643655377,1088.1269993925278,0.9,0.0,0.0,0.0
45,proper_scoring,node-025,376.70847689669677,0.0,865.9881235145474,376708.4768966968,0.0,865988.1235145474,0.0,0.0,8767.522643655377,1088.1269993925278,0.9,-336.0475059418101,0.0,0.0
45,proper_scoring,node-026,0.0,0.0,0.0,0.0,0.0,0.0,0.0,0.0,8767.522643655377,1088.1269993925278,0.9,0.0,0.0,0.0
45,proper_scoring,node-027,0.0,0.0,0.0,0.0,0.0,0.0,0.0,0.0,8767.522643655377,1088.1269993925278,0.9,0.0,0.0,0.0
45,proper_scoring,node-028,134.18593801533765,0.0,405.9449120546917,134185.93801533766,0.0,405944.9120546917,0.0,0.0,8767.522643655377,1088.1269993925278,0.9,-366.3749499664867,0.0,0.0
45,proper_scoring,node-029,0.0,0.0,26.02856440566333,0.0,0.0,26028.564405663332,0.0,0.0,8767.522643655377,1088.1269993925278,0.9,-73.97143559433667,0.0,0.0
45,audits,node-000,0.0,161.4183060837986,496.0314629187587,0.0,161418.30608379858,496031.4629187587,0.0,0.0,8767.522643655377,561.2193473091035,0.9,-2814.399528373414,0.0,0.0
45,audits,node-001,0.0,0.0,0.0,0.0,0.0,0.0,0.0,0.0,8767.522643655377,561.2193473091035,0.9,0.0,0.0,0.0
45,audits,node-002,0.0,0.0,56.69195638657496,0.0,0.0,56691.95638657496,0.0,0.0,8767.522643655377,561.2193473091035,0.9,-240.41741718442142,0.0,0.0
45,audits,node-003,0.0,0.0,0.0,0.0,0.0,0.0,0.0,0.0,8767.522643655377,561.2193473091035,0.9,0.0,0.0,0.0
45,audits,node-004,0.0,167.15142966801102,329.06621034262326,0.0,167151.42966801103,329066.21034262324,0.0,0.0,8767.522643655377,561.2193473091035,0.9,-1058.1324206852466,0.0,0.0
45,audits,node-005,0.0,0.0,141.98079018797813,0.0,0.0,141980.79018797813,0.0,0.0,8767.522643655377,561.2193473091035,0.9,-258.01920981202187,0.0,0.0
45,audits,node-006,0.0,0.0,0.0,0.0,0.0,0.0,0.0,0.0,8767.522643655377,561.2193473091035,0.9,0.0,0.0,0.0
45,audits,node-007,0.0,0.0,432.2683523430416,0.0,0.0,432268.3523430416,0.0,0.0,8767.522643655377,561.2193473091035,0.9,-2274.7610794859097,0.0,0.0
45,audits,node-008,0.0,0.0,0.0,0.0,0.0,0.0,0.0,0.0,8767.522643655377,561.2193473091035,0.9,0.0,0.0,0.0
45,audits,node-009,0.0,0.0,0.0,0.0,0.0,0.0,0.0,0.0,8767.522643655377,561.2193473091035,0.9,0.0,0.0,0.0
45,audits,node-010,0.0,0.0,26.273726361011427,0.0,0.0,26273.726361011428,0.0,0.0,8767.522643655377,561.2193473091035,0.9,-73.72627363898857,0.0,0.0
45,audits,node-011,0.0,0.0,0.0,0.0,0.0,0.0,0.0,0.0,8767.522643655377,561.2193473091035,0.9,0.0,0.0,0.0
45,audits,node-012,0.0,0.0,27.328818781725303,0.0,0.0,27328.818781725302,0.0,0.0,8767.522643655377,561.2193473091035,0.9,-72.6711812182747,0.0,0.0
45,audits,node-013,0.0,0.0,547.9056566496276,0.0,0.0,547905.6566496276,0.0,0.0,8767.522643655377,561.2193473091035,0.9,-3052.094343350372,0.0,0.0
45,audits,node-014,0.0,0.0,25.179586092982817,0.0,0.0,25179.586092982816,0.0,0.0,8767.522643655377,561.2193473091035,0.9,-74.82041390701718,0.0,0.0
45,audits,node-015,100.70558281531589,1.833848028089733,168.6452682976726,0.15144207416779412,0.00275775921571044,0.2536104604689245,553.7699587284379,664.9775722414932,8767.522643655377,561.2193473091035,0.9,-1685.2342830899315,-16.68114202695824,-553.7699587284379
45,audits,node-016,347.9357105073008,141.74684607596635,353.6712978927456,347935.7105073008,141746.84607596634,353671.2978927456,-141.92213467647147,-103.75822493238962,8767.522643655377,561.2193473091035,0.9,-2932.083817205674,-5.7245864616123185,522.924767687115
45,audits,node-017,0.0,0.0,0.0,0.0,0.0,0.0,0.0,0.0,8767.522643655377,561.2193473091035,0.9,0.0,0.0,0.0
45,audits,node-018,0.0,0.0,0.0,0.0,0.0,0.0,0.0,0.0,8767.522643655377,561.2193473091035,0.9,0.0,0.0,0.0
45,audits,node-019,0.0,0.0,0.0,0.0,0.0,0.0,0.0,0.0,8767.522643655377,561.2193473091035,0.9,-2997.8569244101027,0.0,0.0
45,audits,node-020,0.0,0.0,126.69134106242575,0.0,0.0,126691.34106242575,0.0,0.0,8767.522643655377,561.2193473091035,0.9,-873.3086589375741,0.0,0.0
45,audits,node-021,0.0,0.0,0.0,0.0,0.0,0.0,0.0,0.0,8767.522643655377,561.2193473091035,0.9,0.0,0.0,0.0
45,audits,node-022,0.0,0.0,138.1967123655927,0.0,0.0,138196.7123655927,0.0,0.0,8767.522643655377,561.2193473091035,0.9,-861.8032876344073,0.0,0.0
45,audits,node-023,0.0,0.0,0.0,0.0,0.0,0.0,0.0,0.0,8767.522643655377,561.2193473091035,0.9,0.0,0.0,0.0
45,audits,node-024,0.0,0.0,0.0,0.0,0.0,0.0,0.0,0.0,8767.522643655377,561.2193473091035,0.9,0.0,0.0,0.0
45,audits,node-025,376.70847689669677,0.0,865.9881235145474,376708.4768966968,0.0,865988.1235145474,0.0,0.0,8767.522643655377,561.2193473091035,0.9,-3034.0118764854533,0.0,0.0
45,audits,node-026,0.0,0.0,0.0,0.0,0.0,0.0,0.0,0.0,8767.522643655377,561.2193473091035,0.9,0.0,0.0,0.0
45,audits,node-027,0.0,0.0,0.0,0.0,0.0,0.0,0.0,0.0,8767.522643655377,561.2193473091035,0.9,0.0,0.0,0.0
45,audits,node-028,134.18593801533765,0.0,405.9449120546917,134185.93801533766,0.0,405944.9120546917,0.0,0.0,8767.522643655377,561.2193473091035,0.9,-1094.0550879453083,0.0,0.0
45,audits,node-029,0.0,0.0,26.02856440566333,0.0,0.0,26028.564405663332,0.0,0.0,8767.522643655377,561.2193473091035,0.9,-73.97143559433667,0.0,0.0
43,greedy,node-000,0.0,0.0,0.0,0.0,0.0,0.0,0.0,0.0,8343.972063732646,200.18385037343842,0.7,0.0,0.0,-46.00988507397199
43,greedy,node-001,0.0,0.0,0.0,0.0,0.0,0.0,19.582151589208507,58.74645476762552,8343.972063732646,200.18385037343842,0.7,-65.5920366631805,-5.874645476762549,-19.582151589208507
43,greedy,node-002,0.0,0.0,0.0,0.0,0.0,0.0,0.0,0.0,8343.972063732646,200.18385037343842,0.7,0.0,0.0,0.0
43,greedy,node-003,0.0,0.0,0.0,0.0,0.0,0.0,0.0,0.0,8343.972063732646,200.18385037343842,0.7,0.0,0.0,0.0
43,greedy,node-004,0.0,0.0,0.0,0.0,0.0,0.0,0.0,0.0,8343.972063732646,200.18385037343842,0.7,0.0,0.0,0.0
43,greedy,node-005,0.0,0.0,0.0,0.0,0.0,0.0,0.0,0.0,8343.972063732646,200.18385037343842,0.7,0.0,0.0,0.0
43,greedy,node-006,0.0,0.0,0.0,0.0,0.0,0.0,0.0,0.0,8343.972063732646,200.18385037343842,0.7,0.0,0.0,0.0
43,greedy,node-007,0.0,0.0,0.0,0.0,0.0,0.0,0.0,0.0,8343.972063732646,200.18385037343842,0.7,-14.144378406029722,0.0,0.0
43,greedy,node-008,0.0,0.0,0.0,0.0,0.0,0.0,0.0,0.0,8343.972063732646,200.18385037343842,0.7,0.0,0.0,0.0
43,greedy,node-009,0.0,0.0,0.0,0.0,0.0,0.0,0.0,0.0,8343.972063732646,200.18385037343842,0.7,0.0,0.0,0.0
43,greedy,node-010,0.0,0.0,0.0,0.0,0.0,0.0,0.0,0.0,8343.972063732646,200.18385037343842,0.7,0.0,0.0,0.0
43,greedy,node-011,0.0,0.0,0.0,0.0,0.0,0.0,0.0,0.0,8343.972063732646,200.18385037343842,0.7,0.0,0.0,0.0
43,greedy,node-012,0.0,0.0,0.0,0.0,0.0,0.0,0.0,0.0,8343.972063732646,200.18385037343842,0.7,0.0,0.0,0.0
43,greedy,node-013,0.0,0.0,0.0,0.0,0.0,0.0,0.0,0.0,8343.972063732646,200.18385037343842,0.7,0.0,0.0,0.0
43,greedy,node-014,0.0,0.0,0.0,0.0,0.0,0.0,0.0,0.0,8343.972063732646,200.18385037343842,0.7,0.0,0.0,0.0
43,greedy,node-015,21.984173916378303,0.0,21.984173916378303,0.15543395593657824,0.0,0.15543395593657824,47.14579853527096,141.43739560581287,8343.972063732646,200.18385037343842,0.7,-81.53512195132583,-4.942036430752246,-47.14579853527096
43,greedy,node-016,0.0,0.0,0.0,0.0,0.0,0.0,0.0,0.0,8343.972063732646,200.18385037343842,0.7,0.0,0.0,0.0
43,greedy,node-017,0.0,0.0,0.0,0.0,0.0,0.0,0.0,0.0,8343.972063732646,200.18385037343842,0.7,0.0,0.0,0.0
43,greedy,node-018,0.0,0.0,0.0,0.0,0.0,0.0,0.0,0.0,8343.972063732646,200.18385037343842,0.7,0.0,0.0,0.0
43,greedy,node-019,0.0,0.0,0.0,0.0,0.0,0.0,0.0,0.0,8343.972063732646,200.18385037343842,0.7,0.0,0.0,0.0
43,greedy,node-020,0.0,0.0,0.0,0.0,0.0,0.0,0.0,0.0,8343.972063732646,200.18385037343842,0.7,0.0,0.0,0.0
43,greedy,node-021,0.0,0.0,0.0,0.0,0.0,0.0,0.0,0.0,8343.972063732646,200.18385037343842,0.7,0.0,0.0,0.0
43,greedy,node-022,0.0,0.0,0.0,0.0,0.0,0.0,0.0,0.0,8343.972063732646,200.18385037343842,0.7,0.0,0.0,0.0
43,greedy,node-023,0.0,0.0,0.0,0.0,0.0,0.0,0.0,0.0,8343.972063732646,200.18385037343842,0.7,0.0,0.0,0.0
43,greedy,node-024,0.0,0.0,0.0,0.0,0.0,0.0,0.0,0.0,8343.972063732646,200.18385037343842,0.7,-7.150410470632295,0.0,0.0
43,greedy,node-025,0.0,0.0,0.0,0.0,0.0,0.0,0.0,0.0,8343.972063732646,200.18385037343842,0.7,0.0,0.0,0.0
43,greedy,node-026,0.0,0.0,0.0,0.0,0.0,0.0,0.0,0.0,8343.972063732646,200.18385037343842,0.7,0.0,0.0,0.0
43,greedy,node-027,0.0,0.0,0.0,0.0,0.0,0.0,0.0,0.0,8343.972063732646,200.18385037343842,0.7,0.0,0.0,0.0
43,greedy,node-028,0.0,0.0,0.0,0.0,0.0,0.0,0.0,0.0,8343.972063732646,200.18385037343842,0.7,-23.908431262722477,0.0,0.0
43,greedy,node-029,0.0,0.0,0.0,0.0,0.0,0.0,0.0,0.0,8343.972063732646,200.18385037343842,0.7,-32.75088412643963,0.0,0.0
43,trust_vcg,node-000,0.0,0.0,0.0,0.0,0.0,0.0,0.0,0.0,4654.384928511862,-2674.477803393188,0.65,0.0,0.0,-2336.364361521608
43,trust_vcg,node-001,2306.991134137795,2306.991134137795,2339.5256849686034,2306991.1341377953,2306991.1341377953,2339525.6849686033,-2306.991134137795,-2267.826830959378,4654.384928511862,-2674.477803393188,0.65,-8646.977919151303,-5.874645476761998,2306.991134137795
43,trust_vcg,node-002,0.0,91.59425058306348,234.51975071293668,0.0,91594.25058306348,234519.7507129367,0.0,0.0,4654.384928511862,-2674.477803393188,0.65,-3955.742251528234,0.0,0.0
43,trust_vcg,node-003,0.0,0.0,296.389596551417,0.0,0.0,296389.596551417,0.0,0.0,4654.384928511862,-2674.477803393188,0.65,-5703.6104034485825,0.0,0.0
43,trust_vcg,node-004,0.0,0.0,0.0,0.0,0.0,0.0,0.0,0.0,4654.384928511862,-2674.477803393188,0.65,0.0,0.0,0.0
43,trust_vcg,node-005,0.0,0.0,0.0,0.0,0.0,0.0,0.0,0.0,4654.384928511862,-2674.477803393188,0.65,0.0,0.0,0.0
43,trust_vcg,node-006,0.0,0.0,0.0,0.0,0.0,0.0,0.0,0.0,4654.384928511862,-2674.477803393188,0.65,0.0,0.0,0.0
43,trust_vcg,node-007,0.0,59.27409818413607,59.27409818413607,0.0,59274.09818413607,59274.09818413607,0.0,0.0,4654.384928511862,-2674.477803393188,0.65,-11155.777832459682,0.0,0.0
43,trust_vcg,node-008,0.0,0.0,0.0,0.0,0.0,0.0,0.0,0.0,4654.384928511862,-2674.477803393188,0.65,-5554.250194111828,0.0,0.0
43,trust_vcg,node-009,59.634847947676505,0.0,89.44105187275787,59634.847947676506,0.0,89441.05187275786,0.0,0.0,4654.384928511862,-2674.477803393188,0.65,-2310.5589481272423,0.0,0.0
43,trust_vcg,node-010,0.0,0.0,70.80375397693672,0.0,0.0,70803.75397693671,0.0,0.0,4654.384928511862,-2674.477803393188,0.65,-2329.1962460230634,0.0,0.0
43,trust_vcg,node-011,0.0,65.89943142207976,376.6252772576667,0.0,65899.43142207975,376625.2772576667,0.0,0.0,4654.384928511862,-2674.477803393188,0.65,-8902.956675457703,0.0,0.0
43,trust_vcg,node-012,0.0,0.0,53.16644995827318,0.0,0.0,53166.44995827318,0.0,0.0,4654.384928511862,-2674.477803393188,0.65,-5648.233310534067,0.0,0.0
43,trust_vcg,node-013,0.0,0.0,0.0,0.0,0.0,0.0,0.0,0.0,4654.384928511862,-2674.477803393188,0.65,0.0,0.0,0.0
43,trust_vcg,node-014,0.0,484.56208411932204,484.56208411932204,0.0,484562.084119322,484562.084119322,0.0,0.0,4654.384928511862,-2674.477803393188,0.65,-5583.9150320936715,0.0,0.0
43,trust_vcg,node-015,0.0,0.0,89.26643072059139,0.0,0.0,89266.43072059138,0.0,0.0,4654.384928511862,-2674.477803393188,0.65,-11020.507028212787,-274.9446136799888,0.0
43,trust_vcg,node-016,0.0,0.0,0.0,0.0,0.0,0.0,0.0,0.0,4654.384928511862,-2674.477803393188,0.65,-4477.185222015538,0.0,0.0
43,trust_vcg,node-017,0.0,0.0,0.0,0.0,0.0,0.0,0.0,0.0,4654.384928511862,-2674.477803393188,0.65,-5574.716031472497,0.0,0.0
43,trust_vcg,node-018,0.0,0.0,9.155101125235149,0.0,0.0,9155.101125235149,0.0,0.0,4654.384928511862,-2674.477803393188,0.65,-590.8448988747648,0.0,0.0
43,trust_vcg,node-019,0.0,0.0,97.0573920884619,0.0,0.0,97057.3920884619,0.0,0.0,4654.384928511862,-2674.477803393188,0.65,-2302.9426079115383,0.0,0.0
43,trust_vcg,node-020,0.0,0.0,0.0,0.0,0.0,0.0,0.0,0.0,4654.384928511862,-2674.477803393188,0.65,0.0,0.0,0.0
43,trust_vcg,node-021,0.0,0.0,0.0,0.0,0.0,0.0,0.0,0.0,4654.384928511862,-2674.477803393188,0.65,-5623.162717740978,0.0,0.0
43,trust_vcg,node-022,0.0,0.0,0.0,0.0,0.0,0.0,0.0,0.0,4654.384928511862,-2674.477803393188,0.65,0.0,0.0,0.0
43,trust_vcg,node-023,0.0,0.0,337.1866116899947,0.0,0.0,337186.6116899947,0.0,0.0,4654.384928511862,-2674.477803393188,0.65,-5662.813388310005,0.0,0.0
43,trust_vcg,node-024,0.0,0.0,0.0,0.0,0.0,0.0,0.0,0.0,4654.384928511862,-2674.477803393188,0.65,-11107.734180008387,0.0,0.0
43,trust_vcg,node-025,0.0,0.0,0.0,0.0,0.0,0.0,0.0,0.0,4654.384928511862,-2674.477803393188,0.65,0.0,0.0,0.0
43,trust_vcg,node-026,0.0,0.0,0.0,0.0,0.0,0.0,0.0,0.0,4654.384928511862,-2674.477803393188,0.65,0.0,0.0,0.0
43,trust_vcg,node-027,0.0,302.1904618276504,302.1904618276504,0.0,302190.4618276504,302190.4618276504,0.0,0.0,4654.384928511862,-2674.477803393188,0.65,-5599.623250611309,0.0,0.0
43,trust_vcg,node-028,584.5297047251327,584.5297047251327,584.5297047251327,584529.7047251327,584529.7047251327,584529.7047251327,-584.5297047251327,-406.6509724338107,4654.384928511862,-2674.477803393188,0.65,-6065.368962233925,-26.681809843698602,584.5297047251327
43,trust_vcg,node-029,0.0,0.0,65.26774986382424,0.0,0.0,65267.74986382423,0.0,0.0,4654.384928511862,-2674.477803393188,0.65,-8709.039103926856,0.0,0.0
43,contingent,node-000,0.0,0.0,0.0,0.0,0.0,0.0,0.0,0.0,4654.384928511862,213.78295460101393,0.65,0.0,0.0,-24.18027477407259
43,contingent,node-001,9.196246369728158,9.196246369728158,167.74033416735764,0.30686829074155464,0.30686829074155464,5.597304331014331,-9.196246369728158,29.968056808688857,4654.384928511862,213.78295460101393,0.65,-174.8432939261598,-2.996805680868885,9.196246369728158
43,contingent,node-002,0.0,41.5942505830635,41.5942505830635,0.0,41594.2505830635,41594.2505830635,0.0,0.0,4654.384928511862,213.78295460101393,0.65,-422.96900611293484,0.0,0.0
43,contingent,node-003,0.0,0.0,0.0,0.0,0.0,0.0,0.0,0.0,4654.384928511862,213.78295460101393,0.65,-814.441613794332,0.0,0.0
43,contingent,node-004,0.0,0.0,0.0,0.0,0.0,0.0,0.0,0.0,4654.384928511862,213.78295460101393,0.65,0.0,0.0,0.0
43,contingent,node-005,0.0,0.0,0.0,0.0,0.0,0.0,0.0,0.0,4654.384928511862,213.78295460101393,0.65,0.0,0.0,0.0
43,contingent,node-006,0.0,0.0,0.0,0.0,0.0,0.0,0.0,0.0,4654.384928511862,213.78295460101393,0.65,0.0,0.0,0.0
43,contingent,node-007,0.0,9.274098184136076,9.274098184136076,0.0,9274.098184136075,9274.098184136075,0.0,0.0,4654.384928511862,213.78295460101393,0.65,-623.1113298387321,0.0,0.0
43,contingent,node-008,0.0,0.0,0.0,0.0,0.0,0.0,0.0,0.0,4654.384928511862,213.78295460101393,0.65,-404.09426366872253,0.0,0.0
43,contingent,node-009,0.0,0.0,0.0,0.0,0.0,0.0,0.0,0.0,4654.384928511862,213.78295460101393,0.65,-442.2357925089685,0.0,0.0
43,contingent,node-010,0.0,0.0,0.0,0.0,0.0,0.0,0.0,0.0,4654.384928511862,213.78295460101393,0.65,-516.7849840922531,0.0,0.0
43,contingent,node-011,0.0,139.1451701932735,176.6252772576667,0.0,139145.1701932735,176625.27725766672,0.0,0.0,4654.384928511862,213.78295460101393,0.65,-411.826701830808,0.0,0.0
43,contingent,node-012,0.0,0.0,3.16644995827318,0.0,0.0,3166.44995827318,0.0,0.0,4654.384928511862,213.78295460101393,0.65,-592.933242136265,0.0,0.0
43,contingent,node-013,0.0,0.0,0.0,0.0,0.0,0.0,0.0,0.0,4654.384928511862,213.78295460101393,0.65,0.0,0.0,0.0
43,contingent,node-014,0.0,134.56208411932204,166.22499695930563,0.0,134562.08411932204,166224.99695930563,0.0,0.0,4654.384928511862,213.78295460101393,0.65,-335.6601283746835,0.0,0.0
43,contingent,node-015,0.0,46.68668729829292,170.61893434291477,0.0,46686.68729829291,170618.93434291476,0.0,0.0,4654.384928511862,213.78295460101393,0.65,-137.55729366421943,3.180344998279784,0.0
43,contingent,node-016,0.0,0.0,0.0,0.0,0.0,0.0,0.0,0.0,4654.384928511862,213.78295460101393,0.65,-308.7408880621521,0.0,0.0
43,contingent,node-017,0.0,59.567343838797655,59.567343838797655,0.0,59567.34383879766,59567.34383879766,0.0,0.0,4654.384928511862,213.78295460101393,0.65,-298.864125889989,0.0,0.0
43,contingent,node-018,0.0,0.0,0.0,0.0,0.0,0.0,0.0,0.0,4654.384928511862,213.78295460101393,0.65,-163.37959549905943,0.0,0.0
43,contingent,node-019,0.0,0.0,15.552780316583238,0.0,0.0,15552.780316583237,0.0,0.0,4654.384928511862,213.78295460101393,0.65,-411.7704316461524,0.0,0.0
43,contingent,node-020,0.0,0.0,0.0,0.0,0.0,0.0,0.0,0.0,4654.384928511862,213.78295460101393,0.65,0.0,0.0,0.0
43,contingent,node-021,0.0,0.0,5.542037730627989,0.0,0.0,5542.037730627989,0.0,0.0,4654.384928511862,213.78295460101393,0.65,-492.65087096391,0.0,0.0
43,contingent,node-022,0.0,0.0,0.0,0.0,0.0,0.0,0.0,0.0,4654.384928511862,213.78295460101393,0.65,0.0,0.0,0.0
43,contingent,node-023,0.0,0.0,0.0,0.0,0.0,0.0,0.0,0.0,4654.384928511862,213.78295460101393,0.65,-651.2535532400208,0.0,0.0
43,contingent,node-024,0.0,0.0,1.7553869385809566,0.0,0.0,1755.3869385809567,0.0,0.0,4654.384928511862,213.78295460101393,0.65,-608.4029727255673,0.0,0.0
43,contingent,node-025,0.0,0.0,0.0,0.0,0.0,0.0,0.0,0.0,4654.384928511862,213.78295460101393,0.65,0.0,0.0,0.0
43,contingent,node-026,0.0,0.0,0.0,0.0,0.0,0.0,0.0,0.0,4654.384928511862,213.78295460101393,0.65,0.0,0.0,0.0
43,contingent,node-027,0.0,102.19046182765041,102.19046182765041,0.0,102190.4618276504,102190.4618276504,0.0,0.0,4654.384928511862,213.78295460101393,0.65,-398.4930024452367,0.0,0.0
43,contingent,node-028,35.14348921002808,0.0,159.10578867677486,0.19118955880134025,0.0,0.8655761344030632,5.936165501002979,183.81489779232504,4654.384928511862,213.78295460101393,0.65,-205.53083333723248,-18.381489779232496,-5.936165501002979
43,contingent,node-029,0.0,55.46252300031305,114.45581208238002,0.0,55462.52300031305,114455.81208238001,0.0,0.0,4654.384928511862,213.78295460101393,0.65,-238.74008697337456,0.0,0.0
43,capped,node-000,0.0,0.0,0.0,0.0,0.0,0.0,0.0,0.0,4654.384928511862,325.56455320460856,0.65,0.0,0.0,-9.791075794604252
43,capped,node-001,0.0,72.43761855873547,286.8644559212771,0.0,1.2330551493748179,4.883093917002881,19.582151589208507,58.74645476762552,4654.384928511862,325.56455320460856,0.65,-65.5920366631805,-5.874645476762549,-19.582151589208507
43,capped,node-002,0.0,41.5942505830635,41.5942505830635,0.0,41594.2505830635,41594.2505830635,0.0,0.0,4654.384928511862,325.56455320460856,0.65,-105.74225152823374,0.0,0.0
43,capped,node-003,0.0,0.0,0.0,0.0,0.0,0.0,0.0,0.0,4654.384928511862,325.56455320460856,0.65,-203.610403448583,0.0,0.0
43,capped,node-004,0.0,0.0,0.0,0.0,0.0,0.0,0.0,0.0,4654.384928511862,325.56455320460856,0.65,0.0,0.0,0.0
43,capped,node-005,0.0,0.0,0.0,0.0,0.0,0.0,0.0,0.0,4654.384928511862,325.56455320460856,0.65,0.0,0.0,0.0
43,capped,node-006,0.0,0.0,0.0,0.0,0.0,0.0,0.0,0.0,4654.384928511862,325.56455320460856,0.65,0.0,0.0,0.0
43,capped,node-007,0.0,9.274098184136076,37.10874510566688,0.0,9274.098184136075,37108.74510566688,0.0,0.0,4654.384928511862,325.56455320460856,0.65,-155.777832459683,0.0,0.0
43,capped,node-008,0.0,0.0,37.1138993730824,0.0,0.0,37113.89937308239,0.0,0.0,4654.384928511862,325.56455320460856,0.65,-101.02356591718062,0.0,0.0
43,capped,node-009,0.0,0.0,0.0,0.0,0.0,0.0,0.0,0.0,4654.384928511862,325.56455320460856,0.65,-110.55894812724213,0.0,0.0
43,capped,node-010,0.0,0.0,0.0,0.0,0.0,0.0,0.0,0.0,4654.384928511862,325.56455320460856,0.65,-129.19624602306328,0.0,0.0
43,capped,node-011,0.0,165.89943142207974,176.6252772576667,0.0,165899.43142207974,176625.27725766672,0.0,0.0,4654.384928511862,325.56455320460856,0.65,-102.95667545770202,0.0,0.0
43,capped,node-012,0.0,0.0,3.16644995827318,0.0,0.0,3166.44995827318,0.0,0.0,4654.384928511862,325.56455320460856,0.65,-148.23331053406622,0.0,0.0
43,capped,node-013,0.0,0.0,0.0,0.0,0.0,0.0,0.0,0.0,4654.384928511862,325.56455320460856,0.65,0.0,0.0,0.0
43,capped,node-014,0.0,134.56208411932204,166.22499695930563,0.0,134562.08411932204,166224.99695930563,0.0,0.0,4654.384928511862,325.56455320460856,0.65,-83.91503209367087,0.0,0.0
43,capped,node-015,5.4082120742096915,68.77864683210971,188.58319414108385,5408.212074209691,68778.64683210972,188583.19414108383,0.0,0.0,4654.384928511862,325.56455320460856,0.65,-34.389323416054864,9.201703129829045,0.0
43,capped,node-016,0.0,0.0,0.0,0.0,0.0,0.0,0.0,0.0,4654.384928511862,325.56455320460856,0.65,-77.18522201553802,0.0,0.0
43,capped,node-017,16.780887552694843,139.51702704974318,167.80887552694847,16780.887552694843,139517.02704974316,167808.87552694845,0.0,0.0,4654.384928511862,325.56455320460856,0.65,-74.71603147249724,0.0,0.0
43,capped,node-018,0.0,0.0,0.0,0.0,0.0,0.0,0.0,0.0,4654.384928511862,325.56455320460856,0.65,-40.84489887476485,0.0,0.0
43,capped,node-019,0.0,0.0,15.552780316583238,0.0,0.0,15552.780316583237,0.0,0.0,4654.384928511862,325.56455320460856,0.65,-102.9426079115381,0.0,0.0
43,capped,node-020,0.0,0.0,0.0,0.0,0.0,0.0,0.0,0.0,4654.384928511862,325.56455320460856,0.65,0.0,0.0,0.0
43,capped,node-021,0.0,0.0,58.43061176451903,0.0,0.0,58430.611764519024,0.0,0.0,4654.384928511862,325.56455320460856,0.65,-123.1627177409775,0.0,0.0
43,capped,node-022,0.0,0.0,0.0,0.0,0.0,0.0,0.0,0.0,4654.384928511862,325.56455320460856,0.65,0.0,0.0,0.0
43,capped,node-023,0.0,0.0,0.0,0.0,0.0,0.0,0.0,0.0,4654.384928511862,325.56455320460856,0.65,-162.81338831000522,0.0,0.0
43,capped,node-024,0.0,0.0,22.542934838112863,0.0,0.0,22542.934838112862,0.0,0.0,4654.384928511862,325.56455320460856,0.65,-152.10074318139183,0.0,0.0
43,capped,node-025,0.0,0.0,0.0,0.0,0.0,0.0,0.0,0.0,4654.384928511862,325.56455320460856,0.65,0.0,0.0,0.0
43,capped,node-026,0.0,0.0,0.0,0.0,0.0,0.0,0.0,0.0,4654.384928511862,325.56455320460856,0.65,0.0,0.0,0.0
43,capped,node-027,0.0,102.19046182765041,102.19046182765041,0.0,102190.4618276504,102190.4618276504,0.0,0.0,4654.384928511862,325.56455320460856,0.65,-99.62325061130919,0.0,0.0
43,capped,node-028,55.89428937119254,0.0,242.10898932143294,0.20948462528824155,0.0,0.9073934292302668,88.93936614566104,266.81809843698306,4654.384928511862,325.56455320460856,0.65,-138.83803310471842,-26.681809843698318,-88.93936614566104
43,capped,node-029,0.0,90.25531666397742,157.9468041619605,0.0,90255.31666397743,157946.8041619605,0.0,0.0,4654.384928511862,325.56455320460856,0.65,-59.68502174334364,0.0,0.0
43,proper_scoring,node-000,0.0,0.0,0.0,0.0,0.0,0.0,0.0,0.0,4654.384928511862,848.3898337901473,0.65,0.0,0.0,200.89247464119674
43,proper_scoring,node-001,0.0,322.8173927953121,420.48879374134674,0.0,1.26574800940614,1.6487118275971266,215.87650304554117,255.04080622395819,4654.384928511862,848.3898337901473,0.65,-399.91604334142914,-2.9968056808688743,-215.87650304554117
43,proper_scoring,node-002,0.0,91.59425058306348,234.51975071293668,0.0,91594.25058306348,234519.7507129367,0.0,0.0,4654.384928511862,848.3898337901473,0.65,-407.1903316997841,0.0,0.0
43,proper_scoring,node-003,0.0,0.0,296.389596551417,0.0,0.0,296389.596551417,0.0,0.0,4654.384928511862,848.3898337901473,0.65,-623.2223670949234,0.0,0.0
43,proper_scoring,node-004,0.0,0.0,0.0,0.0,0.0,0.0,0.0,0.0,4654.384928511862,848.3898337901473,0.65,0.0,0.0,0.0
43,proper_scoring,node-005,0.0,0.0,0.0,0.0,0.0,0.0,0.0,0.0,4654.384928511862,848.3898337901473,0.65,0.0,0.0,0.0
43,proper_scoring,node-006,0.0,0.0,0.0,0.0,0.0,0.0,0.0,0.0,4654.384928511862,848.3898337901473,0.65,0.0,0.0,0.0
43,proper_scoring,node-007,484.0816032146878,59.27409818413607,568.5832620347102,484081.6032146878,59274.09818413607,568583.2620347101,0.0,0.0,4654.384928511862,848.3898337901473,0.65,-528.4303030936844,0.0,0.0
43,proper_scoring,node-008,0.0,0.0,0.0,0.0,0.0,0.0,0.0,0.0,4654.384928511862,848.3898337901473,0.65,-391.89034149750637,0.0,0.0
43,proper_scoring,node-009,59.634847947676505,0.0,89.44105187275787,59634.847947676506,0.0,89441.05187275786,0.0,0.0,4654.384928511862,848.3898337901473,0.65,-310.5589481272421,0.0,0.0
43,proper_scoring,node-010,0.0,0.0,70.80375397693672,0.0,0.0,70803.75397693671,0.0,0.0,4654.384928511862,848.3898337901473,0.65,-329.1962460230633,0.0,0.0
43,proper_scoring,node-011,0.0,589.1451701932734,589.1451701932734,0.0,589145.1701932735,589145.1701932735,0.0,0.0,4654.384928511862,848.3898337901473,0.65,-410.149131225505,0.0,0.0
43,proper_scoring,node-012,0.0,0.0,53.16644995827318,0.0,0.0,53166.44995827318,0.0,0.0,4654.384928511862,848.3898337901473,0.65,-496.5884929434601,0.0,0.0
43,proper_scoring,node-013,0.0,0.0,0.0,0.0,0.0,0.0,0.0,0.0,4654.384928511862,848.3898337901473,0.65,0.0,0.0,0.0
43,proper_scoring,node-014,0.0,484.56208411932204,484.56208411932204,0.0,484562.084119322,484562.084119322,0.0,0.0,4654.384928511862,848.3898337901473,0.65,-335.6601283746835,0.0,0.0
43,proper_scoring,node-015,393.9846961161091,896.6661396237207,896.6661396237207,393984.6961161091,896666.1396237207,896666.1396237207,0.0,0.0,4654.384928511862,848.3898337901473,0.65,-137.55729366421943,232.47897811767916,0.0
43,proper_scoring,node-016,0.0,0.0,0.0,0.0,0.0,0.0,0.0,0.0,4654.384928511862,848.3898337901473,0.65,-308.7408880621521,0.0,0.0
43,proper_scoring,node-017,334.28080718064905,489.5170270497432,489.5170270497432,334280.807180649,489517.0270497432,489517.0270497432,0.0,0.0,4654.384928511862,848.3898337901473,0.65,-298.864125889989,0.0,0.0
43,proper_scoring,node-018,0.0,0.0,9.155101125235149,0.0,0.0,9155.101125235149,0.0,0.0,4654.384928511862,848.3898337901473,0.65,-90.84489887476485,0.0,0.0
43,proper_scoring,node-019,0.0,0.0,97.0573920884619,0.0,0.0,97057.3920884619,0.0,0.0,4654.384928511862,848.3898337901473,0.65,-302.9426079115381,0.0,0.0
43,proper_scoring,node-020,0.0,0.0,0.0,0.0,0.0,0.0,0.0,0.0,4654.384928511862,848.3898337901473,0.65,0.0,0.0,0.0
43,proper_scoring,node-021,0.0,0.0,334.8867242833592,0.0,0.0,334886.7242833592,0.0,0.0,4654.384928511862,848.3898337901473,0.65,-451.799357185678,0.0,0.0
43,proper_scoring,node-022,0.0,0.0,0.0,0.0,0.0,0.0,0.0,0.0,4654.384928511862,848.3898337901473,0.65,0.0,0.0,0.0
43,proper_scoring,node-023,0.0,0.0,337.1866116899947,0.0,0.0,337186.6116899947,0.0,0.0,4654.384928511862,848.3898337901473,0.65,-529.3349950607139,0.0,0.0
43,proper_scoring,node-024,0.0,0.0,482.4109081905664,0.0,0.0,482410.90819056635,0.0,0.0,4654.384928511862,848.3898337901473,0.65,-517.9308420337825,0.0,0.0
43,proper_scoring,node-025,0.0,0.0,0.0,0.0,0.0,0.0,0.0,0.0,4654.384928511862,848.3898337901473,0.65,0.0,0.0,0.0
43,proper_scoring,node-026,0.0,0.0,0.0,0.0,0.0,0.0,0.0,0.0,4654.384928511862,848.3898337901473,0.65,0.0,0.0,0.0
43,proper_scoring,node-027,0.0,302.1904618276504,302.1904618276504,0.0,302190.4618276504,302190.4618276504,0.0,0.0,4654.384928511862,848.3898337901473,0.65,-398.4930024452367,0.0,0.0
43,proper_scoring,node-028,6.598943406867875,0.0,165.57806019222681,0.011121520555844764,0.0,0.279056765073667,415.47029527486717,593.3490275661892,4654.384928511862,848.3898337901473,0.65,-615.0649631110966,-26.3776928729456,-415.47029527486717
43,proper_scoring,node-029,0.0,503.36809883864635,565.2677498638242,0.0,503368.0988386463,565267.7498638242,0.0,0.0,4654.384928511862,848.3898337901473,0.65,-238.74008697337456,0.0,0.0
43,audits,node-000,0.0,0.0,0.0,0.0,0.0,0.0,0.0,0.0,4654.384928511862,325.52219660681135,0.65,0.0,0.0,-336.36436152160763
43,audits,node-001,306.9911341377949,306.9911341377949,831.4122960112732,306991.1341377949,306991.1341377949,831412.2960112732,-306.9911341377949,-267.82683095937796,4654.384928511862,325.52219660681135,0.65,-2146.9779191513026,-5.874645476762453,306.9911341377949
43,audits,node-002,0.0,91.59425058306348,234.51975071293668,0.0,91594.25058306348,234519.7507129367,0.0,0.0,4654.384928511862,325.52219660681135,0.65,-955.7422515282337,0.0,0.0
43,audits,node-003,0.0,0.0,296.389596551417,0.0,0.0,296389.596551417,0.0,0.0,4654.384928511862,325.52219660681135,0.65,-1703.610403448583,0.0,0.0
43,audits,node-004,0.0,0.0,0.0,0.0,0.0,0.0,0.0,0.0,4654.384928511862,325.52219660681135,0.65,0.0,0.0,0.0
43,audits,node-005,0.0,0.0,0.0,0.0,0.0,0.0,0.0,0.0,4654.384928511862,325.52219660681135,0.65,0.0,0.0,0.0
43,audits,node-006,0.0,0.0,0.0,0.0,0.0,0.0,0.0,0.0,4654.384928511862,325.52219660681135,0.65,0.0,0.0,0.0
43,audits,node-007,0.0,59.27409818413607,59.27409818413607,0.0,59274.09818413607,59274.09818413607,0.0,0.0,4654.384928511862,325.52219660681135,0.65,-2655.7778324596825,0.0,0.0
43,audits,node-008,0.0,0.0,0.0,0.0,0.0,0.0,0.0,0.0,4654.384928511862,325.52219660681135,0.65,-1554.250194111828,0.0,0.0
43,audits,node-009,59.634847947676505,0.0,89.44105187275787,59634.847947676506,0.0,89441.05187275786,0.0,0.0,4654.384928511862,325.52219660681135,0.65,-310.5589481272421,0.0,0.0
43,audits,node-010,0.0,0.0,70.80375397693672,0.0,0.0,70803.75397693671,0.0,0.0,4654.384928511862,325.52219660681135,0.65,-329.1962460230633,0.0,0.0
43,audits,node-011,0.0,565.8994314220797,565.8994314220797,0.0,565899.4314220797,565899.4314220797,0.0,0.0,4654.384928511862,325.52219660681135,0.65,-1902.9566754577022,0.0,0.0
43,audits,node-012,0.0,0.0,53.16644995827318,0.0,0.0,53166.44995827318,0.0,0.0,4654.384928511862,325.52219660681135,0.65,-1648.233310534066,0.0,0.0
43,audits,node-013,0.0,0.0,0.0,0.0,0.0,0.0,0.0,0.0,4654.384928511862,325.52219660681135,0.65,0.0,0.0,0.0
43,audits,node-014,0.0,484.56208411932204,484.56208411932204,0.0,484562.084119322,484562.084119322,0.0,0.0,4654.384928511862,325.52219660681135,0.65,-1583.915032093671,0.0,0.0
43,audits,node-015,373.6497110750409,270.8404434380279,373.6497110750409,373649.71107504086,270840.44343802787,373649.71107504086,0.0,0.0,4654.384928511862,325.52219660681135,0.65,-2520.5070282127863,225.05538632001122,0.0
43,audits,node-016,0.0,0.0,0.0,0.0,0.0,0.0,0.0,0.0,4654.384928511862,325.52219660681135,0.65,-1477.185222015538,0.0,0.0
43,audits,node-017,334.28080718064905,489.5170270497432,489.5170270497432,334280.807180649,489517.0270497432,489517.0270497432,0.0,0.0,4654.384928511862,325.52219660681135,0.65,-1574.7160314724972,0.0,0.0
43,audits,node-018,0.0,0.0,9.155101125235149,0.0,0.0,9155.101125235149,0.0,0.0,4654.384928511862,325.52219660681135,0.65,-90.84489887476485,0.0,0.0
43,audits,node-019,0.0,0.0,97.0573920884619,0.0,0.0,97057.3920884619,0.0,0.0,4654.384928511862,325.52219660681135,0.65,-302.9426079115381,0.0,0.0
43,audits,node-020,0.0,0.0,0.0,0.0,0.0,0.0,0.0,0.0,4654.384928511862,325.52219660681135,0.65,0.0,0.0,0.0
43,audits,node-021,0.0,0.0,247.5249680829482,0.0,0.0,247524.96808294818,0.0,0.0,4654.384928511862,325.52219660681135,0.65,-1623.1627177409775,0.0,0.0
43,audits,node-022,0.0,0.0,0.0,0.0,0.0,0.0,0.0,0.0,4654.384928511862,325.52219660681135,0.65,0.0,0.0,0.0
43,audits,node-023,0.0,0.0,337.1866116899947,0.0,0.0,337186.6116899947,0.0,0.0,4654.384928511862,325.52219660681135,0.65,-1662.8133883100052,0.0,0.0
43,audits,node-024,0.0,0.0,358.80428522705927,0.0,0.0,358804.28522705927,0.0,0.0,4654.384928511862,325.52219660681135,0.65,-2607.734180008388,0.0,0.0
43,audits,node-025,0.0,0.0,0.0,0.0,0.0,0.0,0.0,0.0,4654.384928511862,325.52219660681135,0.65,0.0,0.0,0.0
43,audits,node-026,0.0,0.0,0.0,0.0,0.0,0.0,0.0,0.0,4654.384928511862,325.52219660681135,0.65,0.0,0.0,0.0
43,audits,node-027,0.0,302.1904618276504,302.1904618276504,0.0,302190.4618276504,302190.4618276504,0.0,0.0,4654.384928511862,325.52219660681135,0.65,-1599.6232506113092,0.0,0.0
43,audits,node-028,6.598943406867875,0.0,165.57806019222681,0.011121520555844764,0.0,0.279056765073667,415.47029527486717,593.3490275661892,4654.384928511862,325.52219660681135,0.65,-2065.3689622339243,-26.68180984369826,-415.47029527486717
43,audits,node-029,0.0,497.5762623658411,565.2677498638242,0.0,497576.2623658411,565267.7498638242,0.0,0.0,4654.384928511862,325.52219660681135,0.65,-1709.0391039268566,0.0,0.0
57,greedy,node-000,0.0,0.0,0.0,0.0,0.0,0.0,0.0,0.0,6368.244086886877,390.3282307436772,0.85,0.0,0.0,0.0
57,greedy,node-001,0.0,0.0,0.0,0.0,0.0,0.0,0.0,0.0,6368.244086886877,390.3282307436772,0.85,0.0,0.0,0.0
57,greedy,node-002,0.0,0.0,0.0,0.0,0.0,0.0,0.0,0.0,6368.244086886877,390.3282307436772,0.85,0.0,0.0,0.0
57,greedy,node-003,0.0,0.0,0.0,0.0,0.0,0.0,0.0,0.0,6368.244086886877,390.3282307436772,0.85,0.0,0.0,0.0
57,greedy,node-004,0.0,0.0,0.0,0.0,0.0,0.0,45.76682594107418,137.30047782322256,6368.244086886877,390.3282307436772,0.85,-126.7330751344409,0.24865535065948308,-45.76682594107418
57,greedy,node-005,0.0,0.0,0.0,0.0,0.0,0.0,0.0,0.0,6368.244086886877,390.3282307436772,0.85,0.0,0.0,0.0
57,greedy,node-006,0.0,0.0,0.0,0.0,0.0,0.0,0.0,0.0,6368.244086886877,390.3282307436772,0.85,0.0,0.0,0.0
57,greedy,node-007,0.0,0.0,0.0,0.0,0.0,0.0,0.0,0.0,6368.244086886877,390.3282307436772,0.85,-16.71351551559224,0.0,0.0
57,greedy,node-008,0.0,0.0,0.0,0.0,0.0,0.0,0.0,0.0,6368.244086886877,390.3282307436772,0.85,-17.141226627199494,0.0,0.0
57,greedy,node-009,0.0,0.0,0.0,0.0,0.0,0.0,0.0,0.0,6368.244086886877,390.3282307436772,0.85,-103.88384249377623,0.0,0.0
57,greedy,node-010,0.0,0.0,0.0,0.0,0.0,0.0,0.0,0.0,6368.244086886877,390.3282307436772,0.85,-4.244234487765954,0.0,0.0
57,greedy,node-011,0.0,0.0,0.0,0.0,0.0,0.0,0.0,0.0,6368.244086886877,390.3282307436772,0.85,0.0,0.0,0.0
57,greedy,node-012,0.0,0.0,0.0,0.0,0.0,0.0,0.0,0.0,6368.244086886877,390.3282307436772,0.85,0.0,0.0,0.0
57,greedy,node-013,0.0,0.0,0.0,0.0,0.0,0.0,0.0,0.0,6368.244086886877,390.3282307436772,0.85,0.0,0.0,0.0
57,greedy,node-014,1.4360133482436073,0.0,1.4360133482436073,1436.0133482436072,0.0,1436.0133482436072,0.0,0.0,6368.244086886877,390.3282307436772,0.85,-34.376549260908874,0.0,0.0
57,greedy,node-015,0.0,0.0,0.0,0.0,0.0,0.0,0.0,0.0,6368.244086886877,390.3282307436772,0.85,0.0,0.0,0.0
57,greedy,node-016,0.0,0.0,0.0,0.0,0.0,0.0,0.0,0.0,6368.244086886877,390.3282307436772,0.85,-31.61309885462074,0.0,0.0
57,greedy,node-017,0.0,0.0,0.0,0.0,0.0,0.0,0.0,0.0,6368.244086886877,390.3282307436772,0.85,0.0,0.0,0.0
57,greedy,node-018,25.264588904043023,0.0,25.264588904043023,25264.588904043023,0.0,25264.588904043023,0.0,0.0,6368.244086886877,390.3282307436772,0.85,-84.64483664669994,0.0,0.0
57,greedy,node-019,5.852654924234885,0.0,5.852654924234885,5852.654924234886,0.0,5852.654924234886,0.0,0.0,6368.244086886877,390.3282307436772,0.85,-36.56871417874963,0.0,0.0
57,greedy,node-020,0.0,0.0,0.0,0.0,0.0,0.0,0.0,0.0,6368.244086886877,390.3282307436772,0.85,0.0,0.0,0.0
57,greedy,node-021,0.0,0.0,0.0,0.0,0.0,0.0,0.0,0.0,6368.244086886877,390.3282307436772,0.85,0.0,0.0,0.0
57,greedy,node-022,0.0,0.0,0.0,0.0,0.0,0.0,0.0,0.0,6368.244086886877,390.3282307436772,0.85,-84.51966442091826,0.0,0.0
57,greedy,node-023,0.0,0.0,0.0,0.0,0.0,0.0,0.0,0.0,6368.244086886877,390.3282307436772,0.85,-54.878600289488546,0.0,0.0
57,greedy,node-024,0.0,0.0,0.0,0.0,0.0,0.0,0.0,0.0,6368.244086886877,390.3282307436772,0.85,0.0,0.0,0.0
57,greedy,node-025,0.0,0.0,0.0,0.0,0.0,0.0,0.0,0.0,6368.244086886877,390.3282307436772,0.85,-73.47202187375164,0.0,0.0
57,greedy,node-026,0.0,0.0,0.0,0.0,0.0,0.0,0.0,0.0,6368.244086886877,390.3282307436772,0.85,0.0,0.0,0.0
57,greedy,node-027,0.0,0.0,0.0,0.0,0.0,0.0,0.0,0.0,6368.244086886877,390.3282307436772,0.85,0.0,0.0,0.0
57,greedy,node-028,0.0,0.0,0.0,0.0,0.0,0.0,84.34258430681815,253.02775292045445,6368.244086886877,390.3282307436772,0.85,-154.00739207247688,-25.30277529204544,-84.34258430681815
57,greedy,node-029,0.0,0.0,0.0,0.0,0.0,0.0,0.0,0.0,6368.244086886877,390.3282307436772,0.85,0.0,0.0,0.0
57,trust_vcg,node-000,0.0,0.0,0.0,0.0,0.0,0.0,0.0,0.0,6246.375590222167,-608.8791796860658,0.8125,0.0,0.0,0.0
57,trust_vcg,node-001,0.0,0.0,0.0,0.0,0.0,0.0,0.0,0.0,6246.375590222167,-608.8791796860658,0.8125,0.0,0.0,0.0
57,trust_vcg,node-002,0.0,0.0,0.0,0.0,0.0,0.0,0.0,0.0,6246.375590222167,-608.8791796860658,0.8125,0.0,0.0,0.0
57,trust_vcg,node-003,0.0,0.0,0.0,0.0,0.0,0.0,0.0,0.0,6246.375590222167,-608.8791796860658,0.8125,0.0,0.0,0.0
57,trust_vcg,node-004,822.4188294465897,905.0528406660983,905.0528406660983,822418.8294465897,905052.8406660983,905052.8406660983,-822.4188294465897,-766.5848493675696,6246.375590222167,-608.8791796860658,0.8125,-10258.54741974678,92.49434708730746,822.4188294465897
57,trust_vcg,node-005,0.0,0.0,0.0,0.0,0.0,0.0,0.0,0.0,6246.375590222167,-608.8791796860658,0.8125,0.0,0.0,0.0
57,trust_vcg,node-006,0.0,0.0,0.0,0.0,0.0,0.0,0.0,0.0,6246.375590222167,-608.8791796860658,0.8125,-5608.84920570076,0.0,0.0
57,trust_vcg,node-007,0.0,0.0,0.0,0.0,0.0,0.0,0.0,0.0,6246.375590222167,-608.8791796860658,0.8125,-4993.760681024404,0.0,0.0
57,trust_vcg,node-008,0.0,0.0,0.0,0.0,0.0,0.0,0.0,0.0,6246.375590222167,-608.8791796860658,0.8125,-4438.68183649476,0.0,0.0
57,trust_vcg,node-009,0.0,201.56395133901972,201.56395133901972,0.0,201563.95133901972,201563.95133901972,0.0,0.0,6246.375590222167,-608.8791796860658,0.8125,-5563.886315722262,0.0,0.0
57,trust_vcg,node-010,0.0,0.0,0.0,0.0,0.0,0.0,0.0,0.0,6246.375590222167,-608.8791796860658,0.8125,0.0,0.0,0.0
57,trust_vcg,node-011,0.0,0.0,0.0,0.0,0.0,0.0,0.0,0.0,6246.375590222167,-608.8791796860658,0.8125,0.0,0.0,0.0
57,trust_vcg,node-012,0.0,0.0,0.0,0.0,0.0,0.0,0.0,0.0,6246.375590222167,-608.8791796860658,0.8125,0.0,0.0,0.0
57,trust_vcg,node-013,0.0,0.0,0.0,0.0,0.0,0.0,0.0,0.0,6246.375590222167,-608.8791796860658,0.8125,0.0,0.0,0.0
57,trust_vcg,node-014,0.0,0.0,0.0,0.0,0.0,0.0,0.0,0.0,6246.375590222167,-608.8791796860658,0.8125,-5453.102531107343,0.0,0.0
57,trust_vcg,node-015,0.0,0.0,0.0,0.0,0.0,0.0,0.0,0.0,6246.375590222167,-608.8791796860658,0.8125,0.0,0.0,0.0
57,trust_vcg,node-016,0.0,0.0,0.0,0.0,0.0,0.0,0.0,0.0,6246.375590222167,-608.8791796860658,0.8125,-5585.325679145155,0.0,0.0
57,trust_vcg,node-017,0.0,0.0,0.0,0.0,0.0,0.0,0.0,0.0,6246.375590222167,-608.8791796860658,0.8125,0.0,0.0,0.0
57,trust_vcg,node-018,541.2853912459866,427.6794634029002,775.4984378231665,541285.3912459866,427679.46340290015,775498.4378231665,0.0,0.0,6246.375590222167,-608.8791796860658,0.8125,-9424.501562176834,0.0,0.0
57,trust_vcg,node-019,0.0,0.0,0.0,0.0,0.0,0.0,0.0,0.0,6246.375590222167,-608.8791796860658,0.8125,-5462.346265860805,0.0,0.0
57,trust_vcg,node-020,0.0,0.0,0.0,0.0,0.0,0.0,0.0,0.0,6246.375590222167,-608.8791796860658,0.8125,0.0,0.0,0.0
57,trust_vcg,node-021,0.0,0.0,0.0,0.0,0.0,0.0,0.0,0.0,6246.375590222167,-608.8791796860658,0.8125,0.0,0.0,0.0
57,trust_vcg,node-022,0.0,0.0,0.0,0.0,0.0,0.0,0.0,0.0,6246.375590222167,-608.8791796860658,0.8125,-6691.872998075711,0.0,0.0
57,trust_vcg,node-023,0.0,0.0,220.1294868586272,0.0,0.0,220129.48685862718,0.0,0.0,6246.375590222167,-608.8791796860658,0.8125,-5581.503665075349,0.0,0.0
57,trust_vcg,node-024,0.0,0.0,0.0,0.0,0.0,0.0,0.0,0.0,6246.375590222167,-608.8791796860658,0.8125,0.0,0.0,0.0
57,trust_vcg,node-025,0.0,0.0,418.16089247599064,0.0,0.0,418160.89247599064,0.0,0.0,6246.375590222167,-608.8791796860658,0.8125,-5581.839107524011,0.0,0.0
57,trust_vcg,node-026,0.0,0.0,0.0,0.0,0.0,0.0,0.0,0.0,6246.375590222167,-608.8791796860658,0.8125,0.0,0.0,0.0
57,trust_vcg,node-027,0.0,0.0,0.0,0.0,0.0,0.0,0.0,0.0,6246.375590222167,-608.8791796860658,0.8125,0.0,0.0,0.0
57,trust_vcg,node-028,298.0410064998988,10.9794989321326,298.0410064998988,1.889856002652353,0.0696201915524431,1.889856002652353,-10.9794989321326,157.70566968150362,6246.375590222167,-608.8791796860658,0.8125,-10505.97850506361,-25.302775292045567,10.9794989321326
57,trust_vcg,node-029,0.0,0.0,59.69526187307048,0.0,0.0,59695.26187307048,0.0,0.0,6246.375590222167,-608.8791796860658,0.8125,-1140.3047381269296,0.0,0.0
57,contingent,node-000,0.0,0.0,0.0,0.0,0.0,0.0,0.0,0.0,6246.375590222167,267.8539209786792,0.8125,0.0,0.0,0.0
57,contingent,node-001,0.0,0.0,0.0,0.0,0.0,0.0,0.0,0.0,6246.375590222167,267.8539209786792,0.8125,0.0,0.0,0.0
57,contingent,node-002,0.0,0.0,0.0,0.0,0.0,0.0,0.0,0.0,6246.375590222167,267.8539209786792,0.8125,0.0,0.0,0.0
57,contingent,node-003,0.0,0.0,0.0,0.0,0.0,0.0,0.0,0.0,6246.375590222167,267.8539209786792,0.8125,0.0,0.0,0.0
57,contingent,node-004,15.119513024504746,101.03179117370124,101.03179117370124,0.27089576131631465,1.8101829035626111,1.8101829035626111,-0.02095092331375703,55.813029155706374,6246.375590222167,267.8539209786792,0.8125,-323.8440458501531,0.732873437223736,0.02095092331375703
57,contingent,node-005,0.0,0.0,0.0,0.0,0.0,0.0,0.0,0.0,6246.375590222167,267.8539209786792,0.8125,0.0,0.0,0.0
57,contingent,node-006,0.0,0.0,0.0,0.0,0.0,0.0,0.0,0.0,6246.375590222167,267.8539209786792,0.8125,-435.39682280303725,0.0,0.0
57,contingent,node-007,0.0,0.0,0.0,0.0,0.0,0.0,0.0,0.0,6246.375590222167,267.8539209786792,0.8125,-175.0427240976178,0.0,0.0
57,contingent,node-008,0.0,0.0,0.0,0.0,0.0,0.0,0.0,0.0,6246.375590222167,267.8539209786792,0.8125,-154.72734597903946,0.0,0.0
57,contingent,node-009,0.0,51.563951339019695,51.563951339019695,0.0,51563.951339019695,51563.951339019695,0.0,0.0,6246.375590222167,267.8539209786792,0.8125,-255.54526288904756,0.0,0.0
57,contingent,node-010,0.0,0.0,0.0,0.0,0.0,0.0,0.0,0.0,6246.375590222167,267.8539209786792,0.8125,0.0,0.0,0.0
57,contingent,node-011,0.0,0.0,0.0,0.0,0.0,0.0,0.0,0.0,6246.375590222167,267.8539209786792,0.8125,0.0,0.0,0.0
57,contingent,node-012,0.0,0.0,0.0,0.0,0.0,0.0,0.0,0.0,6246.375590222167,267.8539209786792,0.8125,0.0,0.0,0.0
57,contingent,node-013,0.0,0.0,0.0,0.0,0.0,0.0,0.0,0.0,6246.375590222167,267.8539209786792,0.8125,0.0,0.0,0.0
57,contingent,node-014,0.0,0.0,0.0,0.0,0.0,0.0,0.0,0.0,6246.375590222167,267.8539209786792,0.8125,-137.5061970436355,0.0,0.0
57,contingent,node-015,0.0,0.0,0.0,0.0,0.0,0.0,0.0,0.0,6246.375590222167,267.8539209786792,0.8125,0.0,0.0,0.0
57,contingent,node-016,0.0,0.0,0.0,0.0,0.0,0.0,0.0,0.0,6246.375590222167,267.8539209786792,0.8125,-341.30271658061827,0.0,0.0
57,contingent,node-017,0.0,0.0,0.0,0.0,0.0,0.0,0.0,0.0,6246.375590222167,267.8539209786792,0.8125,0.0,0.0,0.0
57,contingent,node-018,14.901835423650393,77.67946340290021,77.67946340290021,14901.835423650393,77679.4634029002,77679.4634029002,0.0,0.0,6246.375590222167,267.8539209786792,0.8125,-298.00624870733384,0.0,0.0
57,contingent,node-019,0.0,0.0,0.0,0.0,0.0,0.0,0.0,0.0,6246.375590222167,267.8539209786792,0.8125,-135.11013506337085,0.0,0.0
57,contingent,node-020,0.0,0.0,0.0,0.0,0.0,0.0,0.0,0.0,6246.375590222167,267.8539209786792,0.8125,0.0,0.0,0.0
57,contingent,node-021,0.0,0.0,0.0,0.0,0.0,0.0,0.0,0.0,6246.375590222167,267.8539209786792,0.8125,0.0,0.0,0.0
57,contingent,node-022,0.0,0.0,0.0,0.0,0.0,0.0,0.0,0.0,6246.375590222167,267.8539209786792,0.8125,-367.4919923028446,0.0,0.0
57,contingent,node-023,0.0,0.0,20.12948685862719,0.0,0.0,20129.486858627188,0.0,0.0,6246.375590222167,267.8539209786792,0.8125,-326.0146603013985,0.0,0.0
57,contingent,node-024,0.0,0.0,0.0,0.0,0.0,0.0,0.0,0.0,6246.375590222167,267.8539209786792,0.8125,0.0,0.0,0.0
57,contingent,node-025,0.0,0.0,16.10259565030564,0.0,0.0,16102.59565030564,0.0,0.0,6246.375590222167,267.8539209786792,0.8125,-327.3564300960374,0.0,0.0
57,contingent,node-026,0.0,0.0,0.0,0.0,0.0,0.0,0.0,0.0,6246.375590222167,267.8539209786792,0.8125,0.0,0.0,0.0
57,contingent,node-027,0.0,0.0,0.0,0.0,0.0,0.0,0.0,0.0,6246.375590222167,267.8539209786792,0.8125,0.0,0.0,0.0
57,contingent,node-028,53.01022295574322,0.0,58.27563413465235,0.2500000000000001,0.0,0.2748320554287477,43.35572320933652,212.04089182297278,6246.375590222167,267.8539209786792,0.8125,-311.18773919230466,-21.204089182297274,-43.35572320933652
57,contingent,node-029,0.0,0.0,0.0,0.0,0.0,0.0,0.0,0.0,6246.375590222167,267.8539209786792,0.8125,-161.21895250771811,0.0,0.0
57,capped,node-000,0.0,0.0,0.0,0.0,0.0,0.0,0.0,0.0,6246.375590222167,336.77872303898477,0.8125,0.0,0.0,0.0
57,capped,node-001,0.0,0.0,0.0,0.0,0.0,0.0,0.0,0.0,6246.375590222167,336.77872303898477,0.8125,0.0,0.0,0.0
57,capped,node-002,0.0,0.0,0.0,0.0,0.0,0.0,0.0,0.0,6246.375590222167,336.77872303898477,0.8125,0.0,0.0,0.0
57,capped,node-003,0.0,0.0,0.0,0.0,0.0,0.0,0.0,0.0,6246.375590222167,336.77872303898477,0.8125,0.0,0.0,0.0
57,capped,node-004,4.939065223224993,101.03179117370121,101.03179117370121,0.05897322999643926,1.2063357717613776,1.2063357717613776,27.91699003951007,83.7509701185302,6246.375590222167,336.77872303898477,0.8125,-108.88323923287679,-2.0609206590586453,-27.91699003951007
57,capped,node-005,0.0,0.0,0.0,0.0,0.0,0.0,0.0,0.0,6246.375590222167,336.77872303898477,0.8125,0.0,0.0,0.0
57,capped,node-006,0.0,0.0,0.0,0.0,0.0,0.0,0.0,0.0,6246.375590222167,336.77872303898477,0.8125,-108.84920570075931,0.0,0.0
57,capped,node-007,0.0,0.0,0.0,0.0,0.0,0.0,0.0,0.0,6246.375590222167,336.77872303898477,0.8125,-43.76068102440445,0.0,0.0
57,capped,node-008,0.0,0.0,0.0,0.0,0.0,0.0,0.0,0.0,6246.375590222167,336.77872303898477,0.8125,-38.68183649475987,0.0,0.0
57,capped,node-009,0.0,51.563951339019695,51.563951339019695,0.0,51563.951339019695,51563.951339019695,0.0,0.0,6246.375590222167,336.77872303898477,0.8125,-63.8863157222619,0.0,0.0
57,capped,node-010,0.0,0.0,0.0,0.0,0.0,0.0,0.0,0.0,6246.375590222167,336.77872303898477,0.8125,0.0,0.0,0.0
57,capped,node-011,0.0,0.0,0.0,0.0,0.0,0.0,0.0,0.0,6246.375590222167,336.77872303898477,0.8125,0.0,0.0,0.0
57,capped,node-012,0.0,0.0,0.0,0.0,0.0,0.0,0.0,0.0,6246.375590222167,336.77872303898477,0.8125,0.0,0.0,0.0
57,capped,node-013,0.0,0.0,0.0,0.0,0.0,0.0,0.0,0.0,6246.375590222167,336.77872303898477,0.8125,0.0,0.0,0.0
57,capped,node-014,0.0,0.0,14.199334554482801,0.0,0.0,14199.3345544828,0.0,0.0,6246.375590222167,336.77872303898477,0.8125,-34.376549260908874,0.0,0.0
57,capped,node-015,0.0,0.0,0.0,0.0,0.0,0.0,0.0,0.0,6246.375590222167,336.77872303898477,0.8125,0.0,0.0,0.0
57,capped,node-016,0.0,23.38258189853365,23.38258189853365,0.0,23382.581898533652,23382.581898533652,0.0,0.0,6246.375590222167,336.77872303898477,0.8125,-85.32567914515457,0.0,0.0
57,capped,node-017,0.0,0.0,0.0,0.0,0.0,0.0,0.0,0.0,6246.375590222167,336.77872303898477,0.8125,0.0,0.0,0.0
57,capped,node-018,14.901835423650393,77.67946340290021,77.67946340290021,14901.835423650393,77679.4634029002,77679.4634029002,0.0,0.0,6246.375590222167,336.77872303898477,0.8125,-74.50156217683347,0.0,0.0
57,capped,node-019,0.0,0.0,12.636071991653129,0.0,0.0,12636.071991653129,0.0,0.0,6246.375590222167,336.77872303898477,0.8125,-33.777533765842705,0.0,0.0
57,capped,node-020,0.0,0.0,0.0,0.0,0.0,0.0,0.0,0.0,6246.375590222167,336.77872303898477,0.8125,0.0,0.0,0.0
57,capped,node-021,0.0,0.0,0.0,0.0,0.0,0.0,0.0,0.0,6246.375590222167,336.77872303898477,0.8125,0.0,0.0,0.0
57,capped,node-022,0.0,0.0,0.0,0.0,0.0,0.0,0.0,0.0,6246.375590222167,336.77872303898477,0.8125,-91.87299807571117,0.0,0.0
57,capped,node-023,0.0,0.0,20.12948685862719,0.0,0.0,20129.486858627188,0.0,0.0,6246.375590222167,336.77872303898477,0.8125,-81.50366507534963,0.0,0.0
57,capped,node-024,0.0,0.0,0.0,0.0,0.0,0.0,0.0,0.0,6246.375590222167,336.77872303898477,0.8125,0.0,0.0,0.0
57,capped,node-025,0.0,0.0,16.10259565030564,0.0,0.0,16102.59565030564,0.0,0.0,6246.375590222167,336.77872303898477,0.8125,-81.83910752400936,0.0,0.0
57,capped,node-026,0.0,0.0,0.0,0.0,0.0,0.0,0.0,0.0,6246.375590222167,336.77872303898477,0.8125,0.0,0.0,0.0
57,capped,node-027,0.0,0.0,0.0,0.0,0.0,0.0,0.0,0.0,6246.375590222167,336.77872303898477,0.8125,0.0,0.0,0.0
57,capped,node-028,63.25693823011365,0.0,78.76906468339315,0.25000000000000017,0.0,0.31130602779433514,84.34258430681815,253.02775292045445,6246.375590222167,336.77872303898477,0.8125,-151.3005883025602,-25.30277529204544,-84.34258430681815
57,capped,node-029,0.0,0.0,0.0,0.0,0.0,0.0,0.0,0.0,6246.375590222167,336.77872303898477,0.8125,-40.30473812692952,0.0,0.0
57,proper_scoring,node-000,0.0,0.0,0.0,0.0,0.0,0.0,0.0,0.0,6246.375590222167,906.3060512738705,0.8125,0.0,0.0,0.0
57,proper_scoring,node-001,0.0,0.0,0.0,0.0,0.0,0.0,0.0,0.0,6246.375590222167,906.3060512738705,0.8125,0.0,0.0,0.0
57,proper_scoring,node-002,0.0,0.0,0.0,0.0,0.0,0.0,0.0,0.0,6246.375590222167,906.3060512738705,0.8125,0.0,0.0,0.0
57,proper_scoring,node-003,0.0,0.0,0.0,0.0,0.0,0.0,0.0,0.0,6246.375590222167,906.3060512738705,0.8125,0.0,0.0,0.0
57,proper_scoring,node-004,152.2791029640971,661.9212556809689,679.3469315240238,0.6217413305358237,2.702562559184884,2.773709963347761,189.08958456941855,244.92356464843868,6246.375590222167,906.3060512738705,0.8125,-512.9545813428854,95.28814118358991,-189.08958456941855
57,proper_scoring,node-005,0.0,0.0,0.0,0.0,0.0,0.0,0.0,0.0,6246.375590222167,906.3060512738705,0.8125,0.0,0.0,0.0
57,proper_scoring,node-006,0.0,0.0,320.83785028695473,0.0,0.0,320837.8502869547,0.0,0.0,6246.375590222167,906.3060512738705,0.8125,-419.17588594188555,0.0,0.0
57,proper_scoring,node-007,0.0,0.0,277.9140181266715,0.0,0.0,277914.0181266715,0.0,0.0,6246.375590222167,906.3060512738705,0.8125,-175.0427240976178,0.0,0.0
57,proper_scoring,node-008,0.0,0.0,297.3709718521512,0.0,0.0,297370.97185215115,0.0,0.0,6246.375590222167,906.3060512738705,0.8125,-154.72734597903946,0.0,0.0
57,proper_scoring,node-009,245.74510451698893,201.56395133901972,406.66602060747385,245745.10451698894,201563.95133901972,406666.02060747385,0.0,0.0,6246.375590222167,906.3060512738705,0.8125,-255.54526288904756,0.0,0.0
57,proper_scoring,node-010,0.0,0.0,0.0,0.0,0.0,0.0,0.0,0.0,6246.375590222167,906.3060512738705,0.8125,0.0,0.0,0.0
57,proper_scoring,node-011,0.0,0.0,0.0,0.0,0.0,0.0,0.0,0.0,6246.375590222167,906.3060512738705,0.8125,0.0,0.0,0.0
57,proper_scoring,node-012,0.0,0.0,0.0,0.0,0.0,0.0,0.0,0.0,6246.375590222167,906.3060512738705,0.8125,0.0,0.0,0.0
57,proper_scoring,node-013,0.0,0.0,0.0,0.0,0.0,0.0,0.0,0.0,6246.375590222167,906.3060512738705,0.8125,0.0,0.0,0.0
57,proper_scoring,node-014,233.79646977103295,0.0,403.8595296596649,233796.46977103295,0.0,403859.52965966484,0.0,0.0,6246.375590222167,906.3060512738705,0.8125,-137.5061970436355,0.0,0.0
57,proper_scoring,node-015,0.0,0.0,0.0,0.0,0.0,0.0,0.0,0.0,6246.375590222167,906.3060512738705,0.8125,0.0,0.0,0.0
57,proper_scoring,node-016,0.0,0.0,329.600448007045,0.0,0.0,329600.44800704496,0.0,0.0,6246.375590222167,906.3060512738705,0.8125,-341.30271658061827,0.0,0.0
57,proper_scoring,node-017,0.0,0.0,0.0,0.0,0.0,0.0,0.0,0.0,6246.375590222167,906.3060512738705,0.8125,0.0,0.0,0.0
57,proper_scoring,node-018,541.2853912459866,427.6794634029002,775.4984378231665,541285.3912459866,427679.46340290015,775498.4378231665,0.0,0.0,6246.375590222167,906.3060512738705,0.8125,-298.00624870733384,0.0,0.0
57,proper_scoring,node-019,195.1911502141461,0.0,346.05100448869393,195191.1502141461,0.0,346051.0044886939,0.0,0.0,6246.375590222167,906.3060512738705,0.8125,-135.11013506337085,0.0,0.0
57,proper_scoring,node-020,0.0,0.0,0.0,0.0,0.0,0.0,0.0,0.0,6246.375590222167,906.3060512738705,0.8125,0.0,0.0,0.0
57,proper_scoring,node-021,0.0,0.0,0.0,0.0,0.0,0.0,0.0,0.0,6246.375590222167,906.3060512738705,0.8125,0.0,0.0,0.0
57,proper_scoring,node-022,0.0,0.0,358.83455254508914,0.0,0.0,358834.55254508916,0.0,0.0,6246.375590222167,906.3060512738705,0.8125,-367.4919923028446,0.0,0.0
57,proper_scoring,node-023,0.0,0.0,346.55692899285486,0.0,0.0,346556.92899285484,0.0,0.0,6246.375590222167,906.3060512738705,0.8125,-326.0146603013985,0.0,0.0
57,proper_scoring,node-024,0.0,0.0,0.0,0.0,0.0,0.0,0.0,0.0,6246.375590222167,906.3060512738705,0.8125,0.0,0.0,0.0
57,proper_scoring,node-025,0.0,0.0,418.16089247599064,0.0,0.0,418160.89247599064,0.0,0.0,6246.375590222167,906.3060512738705,0.8125,-326.6106986647979,0.0,0.0
57,proper_scoring,node-026,0.0,0.0,0.0,0.0,0.0,0.0,0.0,0.0,6246.375590222167,906.3060512738705,0.8125,0.0,0.0,0.0
57,proper_scoring,node-027,0.0,0.0,0.0,0.0,0.0,0.0,0.0,0.0,6246.375590222167,906.3060512738705,0.8125,0.0,0.0,0.0
57,proper_scoring,node-028,318.5344370486396,0.6584051975409011,319.8512474437214,0.4816190986155318,0.0009954983853598515,0.48361009538625155,492.6973180117956,661.382486625432,6246.375590222167,906.3060512738705,0.8125,-760.5293339947636,-21.204089182297366,-492.6973180117956
57,proper_scoring,node-029,0.0,0.0,59.69526187307048,0.0,0.0,59695.26187307048,0.0,0.0,6246.375590222167,906.3060512738705,0.8125,-140.30473812692952,0.0,0.0
57,audits,node-000,0.0,0.0,0.0,0.0,0.0,0.0,0.0,0.0,6246.375590222167,891.120820313934,0.8125,0.0,0.0,0.0
57,audits,node-001,0.0,0.0,0.0,0.0,0.0,0.0,0.0,0.0,6246.375590222167,891.120820313934,0.8125,0.0,0.0,0.0
57,audits,node-002,0.0,0.0,0.0,0.0,0.0,0.0,0.0,0.0,6246.375590222167,891.120820313934,0.8125,0.0,0.0,0.0
57,audits,node-003,0.0,0.0,0.0,0.0,0.0,0.0,0.0,0.0,6246.375590222167,891.120820313934,0.8125,0.0,0.0,0.0
57,audits,node-004,138.3101324826851,601.3676106598009,611.8088012621497,0.5925499356315923,2.576386361512591,2.621118636063145,177.58117055341035,233.41515063243048,6246.375590222167,891.120820313934,0.8125,-2258.5474197467775,92.49434708730752,-177.58117055341035
57,audits,node-005,0.0,0.0,0.0,0.0,0.0,0.0,0.0,0.0,6246.375590222167,891.120820313934,0.8125,0.0,0.0,0.0
57,audits,node-006,0.0,0.0,291.1507942992407,0.0,0.0,291150.7942992407,0.0,0.0,6246.375590222167,891.120820313934,0.8125,-1108.849205700759,0.0,0.0
57,audits,node-007,0.0,0.0,206.23931897559552,0.0,0.0,206239.31897559552,0.0,0.0,6246.375590222167,891.120820313934,0.8125,-493.76068102440445,0.0,0.0
57,audits,node-008,0.0,0.0,261.31816350524014,0.0,0.0,261318.16350524014,0.0,0.0,6246.375590222167,891.120820313934,0.8125,-438.68183649475986,0.0,0.0
57,audits,node-009,218.68858446460288,201.56395133901972,379.49493709786714,218688.58446460287,201563.95133901972,379494.93709786714,0.0,0.0,6246.375590222167,891.120820313934,0.8125,-1063.8863157222618,0.0,0.0
57,audits,node-010,0.0,0.0,0.0,0.0,0.0,0.0,0.0,0.0,6246.375590222167,891.120820313934,0.8125,0.0,0.0,0.0
57,audits,node-011,0.0,0.0,0.0,0.0,0.0,0.0,0.0,0.0,6246.375590222167,891.120820313934,0.8125,0.0,0.0,0.0
57,audits,node-012,0.0,0.0,0.0,0.0,0.0,0.0,0.0,0.0,6246.375590222167,891.120820313934,0.8125,0.0,0.0,0.0
57,audits,node-013,0.0,0.0,0.0,0.0,0.0,0.0,0.0,0.0,6246.375590222167,891.120820313934,0.8125,0.0,0.0,0.0
57,audits,node-014,233.79646977103295,0.0,372.2009729702574,233796.46977103295,0.0,372200.9729702574,0.0,0.0,6246.375590222167,891.120820313934,0.8125,-953.1025311073429,0.0,0.0
57,audits,node-015,0.0,0.0,0.0,0.0,0.0,0.0,0.0,0.0,6246.375590222167,891.120820313934,0.8125,0.0,0.0,0.0
57,audits,node-016,0.0,0.0,314.6743208548454,0.0,0.0,314674.3208548454,0.0,0.0,6246.375590222167,891.120820313934,0.8125,-1085.3256791451545,0.0,0.0
57,audits,node-017,0.0,0.0,0.0,0.0,0.0,0.0,0.0,0.0,6246.375590222167,891.120820313934,0.8125,0.0,0.0,0.0
57,audits,node-018,541.2853912459866,427.6794634029002,775.4984378231665,541285.3912459866,427679.46340290015,775498.4378231665,0.0,0.0,6246.375590222167,891.120820313934,0.8125,-1424.5015621768334,0.0,0.0
57,audits,node-019,195.1911502141461,0.0,279.4500741799615,195191.1502141461,0.0,279450.0741799615,0.0,0.0,6246.375590222167,891.120820313934,0.8125,-462.346265860806,0.0,0.0
57,audits,node-020,0.0,0.0,0.0,0.0,0.0,0.0,0.0,0.0,6246.375590222167,891.120820313934,0.8125,0.0,0.0,0.0
57,audits,node-021,0.0,0.0,0.0,0.0,0.0,0.0,0.0,0.0,6246.375590222167,891.120820313934,0.8125,0.0,0.0,0.0
57,audits,node-022,0.0,0.0,0.0,0.0,0.0,0.0,0.0,0.0,6246.375590222167,891.120820313934,0.8125,-1191.8729980757114,0.0,0.0
57,audits,node-023,0.0,0.0,318.49633492465034,0.0,0.0,318496.3349246503,0.0,0.0,6246.375590222167,891.120820313934,0.8125,-1081.5036650753495,0.0,0.0
57,audits,node-024,0.0,0.0,0.0,0.0,0.0,0.0,0.0,0.0,6246.375590222167,891.120820313934,0.8125,0.0,0.0,0.0
57,audits,node-025,0.0,0.0,418.16089247599064,0.0,0.0,418160.89247599064,0.0,0.0,6246.375590222167,891.120820313934,0.8125,-1081.8391075240093,0.0,0.0
57,audits,node-026,0.0,0.0,0.0,0.0,0.0,0.0,0.0,0.0,6246.375590222167,891.120820313934,0.8125,0.0,0.0,0.0
57,audits,node-027,0.0,0.0,0.0,0.0,0.0,0.0,0.0,0.0,6246.375590222167,891.120820313934,0.8125,0.0,0.0,0.0
57,audits,node-028,298.0410064998988,0.0,298.0410064998988,0.45315255780633035,0.0,0.45315255780633035,489.0205010678674,657.7056696815037,6246.375590222167,891.120820313934,0.8125,-2005.9785050636092,-25.302775292045453,-489.0205010678674
57,audits,node-029,0.0,0.0,59.69526187307048,0.0,0.0,59695.26187307048,0.0,0.0,6246.375590222167,891.120820313934,0.8125,-140.30473812692952,0.0,0.0
44,greedy,node-000,0.0,0.0,0.0,0.0,0.0,0.0,0.0,0.0,8486.268483193566,186.6670457018819,0.85,0.0,0.0,0.0
44,greedy,node-001,0.0,0.0,0.0,0.0,0.0,0.0,0.0,0.0,8486.268483193566,186.6670457018819,0.85,0.0,0.0,0.0
44,greedy,node-002,0.0,0.0,0.0,0.0,0.0,0.0,0.0,0.0,8486.268483193566,186.6670457018819,0.85,0.0,0.0,0.0
44,greedy,node-003,0.0,0.0,0.0,0.0,0.0,0.0,0.0,0.0,8486.268483193566,186.6670457018819,0.85,0.0,0.0,0.0
44,greedy,node-004,0.0,0.0,0.0,0.0,0.0,0.0,0.0,0.0,8486.268483193566,186.6670457018819,0.85,0.0,0.0,0.0
44,greedy,node-005,0.0,0.0,0.0,0.0,0.0,0.0,0.0,0.0,8486.268483193566,186.6670457018819,0.85,0.0,0.0,0.0
44,greedy,node-006,0.0,0.0,0.0,0.0,0.0,0.0,0.0,0.0,8486.268483193566,186.6670457018819,0.85,0.0,0.0,0.0
44,greedy,node-007,0.0,0.0,0.0,0.0,0.0,0.0,0.0,0.0,8486.268483193566,186.6670457018819,0.85,0.0,0.0,0.0
44,greedy,node-008,7.442520280168203,0.0,7.442520280168203,7442.5202801682035,0.0,7442.5202801682035,0.0,0.0,8486.268483193566,186.6670457018819,0.85,-31.583440083842547,0.0,0.0
44,greedy,node-009,0.0,0.0,0.0,0.0,0.0,0.0,0.0,0.0,8486.268483193566,186.6670457018819,0.85,0.0,0.0,0.0
44,greedy,node-010,0.0,0.0,0.0,0.0,0.0,0.0,0.0,0.0,8486.268483193566,186.6670457018819,0.85,0.0,0.0,0.0
44,greedy,node-011,0.0,0.0,0.0,0.0,0.0,0.0,0.0,0.0,8486.268483193566,186.6670457018819,0.85,-10.667846574448992,0.0,0.0
44,greedy,node-012,0.0,0.0,0.0,0.0,0.0,0.0,0.0,0.0,8486.268483193566,186.6670457018819,0.85,0.0,0.0,0.0
44,greedy,node-013,0.0,0.0,0.0,0.0,0.0,0.0,0.0,0.0,8486.268483193566,186.6670457018819,0.85,0.0,0.0,0.0
44,greedy,node-014,0.0,0.0,0.0,0.0,0.0,0.0,0.0,0.0,8486.268483193566,186.6670457018819,0.85,0.0,0.0,0.0
44,greedy,node-015,0.0,0.0,0.0,0.0,0.0,0.0,0.0,0.0,8486.268483193566,186.6670457018819,0.85,0.0,0.0,0.0
44,greedy,node-016,0.0,0.0,0.0,0.0,0.0,0.0,19.91898583502528,59.75695750507583,8486.268483193566,186.6670457018819,0.85,-49.645486292853235,-2.3089255948842684,-19.91898583502528
44,greedy,node-017,0.0,0.0,0.0,0.0,0.0,0.0,0.0,0.0,8486.268483193566,186.6670457018819,0.85,0.0,0.0,0.0
44,greedy,node-018,0.0,0.0,0.0,0.0,0.0,0.0,0.0,0.0,8486.268483193566,186.6670457018819,0.85,0.0,0.0,0.0
44,greedy,node-019,0.0,0.0,0.0,0.0,0.0,0.0,0.0,0.0,8486.268483193566,186.6670457018819,0.85,-35.796463732400085,0.0,0.0
44,greedy,node-020,0.0,0.0,0.0,0.0,0.0,0.0,0.0,0.0,8486.268483193566,186.6670457018819,0.85,0.0,0.0,0.0
44,greedy,node-021,0.0,0.0,0.0,0.0,0.0,0.0,0.0,0.0,8486.268483193566,186.6670457018819,0.85,0.0,0.0,0.0
44,greedy,node-022,0.0,0.0,0.0,0.0,0.0,0.0,0.0,0.0,8486.268483193566,186.6670457018819,0.85,0.0,0.0,0.0
44,greedy,node-023,0.0,0.0,0.0,0.0,0.0,0.0,0.0,0.0,8486.268483193566,186.6670457018819,0.85,0.0,0.0,0.0
44,greedy,node-024,0.0,0.0,0.0,0.0,0.0,0.0,26.624956237134583,79.87486871140375,8486.268483193566,186.6670457018819,0.85,-61.243438428197805,-3.709524810258401,-26.624956237134583
44,greedy,node-025,0.0,0.0,0.0,0.0,0.0,0.0,0.0,0.0,8486.268483193566,186.6670457018819,0.85,0.0,0.0,0.0
44,greedy,node-026,0.0,0.0,0.0,0.0,0.0,0.0,0.0,0.0,8486.268483193566,186.6670457018819,0.85,0.0,0.0,0.0
44,greedy,node-027,0.0,0.0,0.0,0.0,0.0,0.0,15.678406495134114,47.03521948540234,8486.268483193566,186.6670457018819,0.85,-32.71707083630559,-3.232026620585115,-15.678406495134114
44,greedy,node-028,0.0,0.0,0.0,0.0,0.0,0.0,0.0,0.0,8486.268483193566,186.6670457018819,0.85,0.0,0.0,0.0
44,greedy,node-029,0.0,0.0,0.0,0.0,0.0,0.0,0.0,0.0,8486.268483193566,186.6670457018819,0.85,0.0,0.0,0.0
44,trust_vcg,node-000,0.0,0.0,0.0,0.0,0.0,0.0,0.0,0.0,8760.397261848142,743.6273681918401,0.95,0.0,0.0,0.0
44,trust_vcg,node-001,0.0,0.0,0.0,0.0,0.0,0.0,0.0,0.0,8760.397261848142,743.6273681918401,0.95,0.0,0.0,0.0
44,trust_vcg,node-002,0.0,0.0,0.0,0.0,0.0,0.0,0.0,0.0,8760.397261848142,743.6273681918401,0.95,0.0,0.0,0.0
44,trust_vcg,node-003,0.0,0.0,56.79302903840484,0.0,0.0,56793.029038404835,0.0,0.0,8760.397261848142,743.6273681918401,0.95,-2244.305876003512,0.0,0.0
44,trust_vcg,node-004,0.0,0.0,0.0,0.0,0.0,0.0,0.0,0.0,8760.397261848142,743.6273681918401,0.95,0.0,0.0,0.0
44,trust_vcg,node-005,0.0,0.0,0.0,0.0,0.0,0.0,0.0,0.0,8760.397261848142,743.6273681918401,0.95,0.0,0.0,0.0
44,trust_vcg,node-006,232.17263808724567,0.0,422.10531518365497,232172.63808724566,0.0,422105.31518365495,0.0,0.0,8760.397261848142,743.6273681918401,0.95,-4977.894684816346,0.0,0.0
44,trust_vcg,node-007,0.0,0.0,0.0,0.0,0.0,0.0,0.0,0.0,8760.397261848142,743.6273681918401,0.95,-5586.920173795681,0.0,0.0
44,trust_vcg,node-008,50.88114170518022,0.0,243.52518548302834,50881.14170518022,0.0,243525.18548302833,0.0,0.0,8760.397261848142,743.6273681918401,0.95,-5531.583440083842,0.0,0.0
44,trust_vcg,node-009,0.0,0.0,0.0,0.0,0.0,0.0,0.0,0.0,8760.397261848142,743.6273681918401,0.95,0.0,0.0,0.0
44,trust_vcg,node-010,0.0,0.0,28.22222262764825,0.0,0.0,28222.22262764825,0.0,0.0,8760.397261848142,743.6273681918401,0.95,-571.7777773723518,0.0,0.0
44,trust_vcg,node-011,0.0,0.23192289764915586,0.23192289764915586,0.0,0.00029784385595737486,0.00029784385595737486,592.7363050502609,778.6727609460808,8760.397261848142,743.6273681918401,0.95,-6139.220419024216,-27.890468384373207,-592.7363050502609
44,trust_vcg,node-012,0.0,0.0,0.0,0.0,0.0,0.0,0.0,0.0,8760.397261848142,743.6273681918401,0.95,0.0,0.0,0.0
44,trust_vcg,node-013,0.0,0.0,0.0,0.0,0.0,0.0,0.0,0.0,8760.397261848142,743.6273681918401,0.95,-3346.166125390132,0.0,0.0
44,trust_vcg,node-014,0.0,194.756368277813,439.60340331596603,0.0,194756.36827781302,439603.403315966,0.0,0.0,8760.397261848142,743.6273681918401,0.95,-5560.396596684034,0.0,0.0
44,trust_vcg,node-015,0.0,0.0,0.0,0.0,0.0,0.0,0.0,0.0,8760.397261848142,743.6273681918401,0.95,0.0,0.0,0.0
44,trust_vcg,node-016,284.0704782246481,551.6632912258465,629.1582280646161,284070.4782246481,551663.2912258465,629158.2280646161,0.0,0.0,8760.397261848142,743.6273681918401,0.95,-5525.831645612922,52.47252849647283,0.0
44,trust_vcg,node-017,172.7600161366153,0.0,302.14812554720123,172760.01613661528,0.0,302148.1255472012,0.0,0.0,8760.397261848142,743.6273681918401,0.95,-7134.982959410025,0.0,0.0
44,trust_vcg,node-018,0.0,0.0,0.0,0.0,0.0,0.0,0.0,0.0,8760.397261848142,743.6273681918401,0.95,0.0,0.0,0.0
44,trust_vcg,node-019,0.0,0.0,0.0,0.0,0.0,0.0,0.0,0.0,8760.397261848142,743.6273681918401,0.95,-5497.336980531945,0.0,0.0
44,trust_vcg,node-020,0.0,0.0,0.0,0.0,0.0,0.0,0.0,0.0,8760.397261848142,743.6273681918401,0.95,0.0,0.0,0.0
44,trust_vcg,node-021,0.0,0.0,0.0,0.0,0.0,0.0,0.0,0.0,8760.397261848142,743.6273681918401,0.95,-6659.606171608116,0.0,0.0
44,trust_vcg,node-022,0.0,0.0,0.0,0.0,0.0,0.0,0.0,0.0,8760.397261848142,743.6273681918401,0.95,0.0,0.0,0.0
44,trust_vcg,node-023,0.0,0.0,0.0,0.0,0.0,0.0,0.0,0.0,8760.397261848142,743.6273681918401,0.95,0.0,0.0,0.0
44,trust_vcg,node-024,321.0215875521991,162.59618031207654,321.0215875521991,1.4648376752950454,0.7419345614614403,1.4648376752950454,202.77987286735154,219.15164592386623,8760.397261848142,743.6273681918401,0.95,-11237.398355058414,97.63485525775556,-202.77987286735154
44,trust_vcg,node-025,0.0,254.66922485796852,526.4978713284492,0.0,254669.2248579685,526497.8713284491,0.0,0.0,8760.397261848142,743.6273681918401,0.95,-5552.995742656898,0.0,0.0
44,trust_vcg,node-026,0.0,0.0,0.0,0.0,0.0,0.0,0.0,0.0,8760.397261848142,743.6273681918401,0.95,-5603.68664947366,0.0,0.0
44,trust_vcg,node-027,273.8886156373428,309.9008430190132,327.43738599532145,273888.6156373428,309900.84301901323,327437.38599532144,-273.8886156373428,-254.19703867810682,8760.397261848142,743.6273681918401,0.95,-10805.736029105296,-469.2193159496944,273.8886156373428
44,trust_vcg,node-028,0.0,0.0,0.0,0.0,0.0,0.0,0.0,0.0,8760.397261848142,743.6273681918401,0.95,0.0,0.0,0.0
44,trust_vcg,node-029,0.0,0.0,0.0,0.0,0.0,0.0,0.0,0.0,8760.397261848142,743.6273681918401,0.95,0.0,0.0,0.0
44,contingent,node-000,0.0,0.0,0.0,0.0,0.0,0.0,0.0,0.0,8760.397261848142,328.29652304783417,0.95,0.0,0.0,0.0
44,contingent,node-001,0.0,0.0,0.0,0.0,0.0,0.0,0.0,0.0,8760.397261848142,328.29652304783417,0.95,0.0,0.0,0.0
44,contingent,node-002,0.0,0.0,0.0,0.0,0.0,0.0,0.0,0.0,8760.397261848142,328.29652304783417,0.95,0.0,0.0,0.0
44,contingent,node-003,0.0,0.0,6.793953381969914,0.0,0.0,6793.953381969914,0.0,0.0,8760.397261848142,328.29652304783417,0.95,-186.93768060099575,0.0,0.0
44,contingent,node-004,0.0,0.0,0.0,0.0,0.0,0.0,0.0,0.0,8760.397261848142,328.29652304783417,0.95,0.0,0.0,0.0
44,contingent,node-005,0.0,0.0,0.0,0.0,0.0,0.0,0.0,0.0,8760.397261848142,328.29652304783417,0.95,0.0,0.0,0.0
44,contingent,node-006,0.0,0.0,0.0,0.0,0.0,0.0,0.0,0.0,8760.397261848142,328.29652304783417,0.95,-111.57873926538011,0.0,0.0
44,contingent,node-007,0.0,0.0,0.0,0.0,0.0,0.0,0.0,0.0,8760.397261848142,328.29652304783417,0.95,-347.68069518272523,0.0,0.0
44,contingent,node-008,1.3293171125313084,45.70564828095642,93.52518548302834,1329.3171125313083,45705.64828095642,93525.18548302834,0.0,0.0,8760.397261848142,328.29652304783417,0.95,-126.33376033537017,0.0,0.0
44,contingent,node-009,0.0,0.0,0.0,0.0,0.0,0.0,0.0,0.0,8760.397261848142,328.29652304783417,0.95,0.0,0.0,0.0
44,contingent,node-010,0.0,0.0,0.0,0.0,0.0,0.0,0.0,0.0,8760.397261848142,328.29652304783417,0.95,-87.11110948940697,0.0,0.0
44,contingent,node-011,0.0,0.0,36.17321686776239,0.0,0.0,0.12969741622564582,92.96822794790998,278.9046838437299,8760.397261848142,328.29652304783417,0.95,-278.9046838437299,-27.89046838437301,-92.96822794790998
44,contingent,node-012,0.0,0.0,0.0,0.0,0.0,0.0,0.0,0.0,8760.397261848142,328.29652304783417,0.95,0.0,0.0,0.0
44,contingent,node-013,0.0,0.0,0.0,0.0,0.0,0.0,0.0,0.0,8760.397261848142,328.29652304783417,0.95,-184.6645015605283,0.0,0.0
44,contingent,node-014,0.0,44.75636827781298,44.75636827781298,0.0,44756.36827781298,44756.36827781298,0.0,0.0,8760.397261848142,328.29652304783417,0.95,-241.58638673613595,0.0,0.0
44,contingent,node-015,0.0,0.0,0.0,0.0,0.0,0.0,0.0,0.0,8760.397261848142,328.29652304783417,0.95,0.0,0.0,0.0
44,contingent,node-016,4.289886287076747,51.66329122584647,129.15822806461617,4289.886287076747,51663.29122584647,129158.22806461617,0.0,0.0,8760.397261848142,328.29652304783417,0.95,-103.32658245169294,2.918610266418204,0.0
44,contingent,node-017,0.0,0.0,3.1446648687051173,0.0,0.0,3144.6648687051174,0.0,0.0,8760.397261848142,328.29652304783417,0.95,-145.48231855944462,0.0,0.0
44,contingent,node-018,0.0,0.0,0.0,0.0,0.0,0.0,0.0,0.0,8760.397261848142,328.29652304783417,0.95,0.0,0.0,0.0
44,contingent,node-019,0.0,59.75823699841625,59.75823699841625,0.0,59758.23699841625,59758.23699841625,0.0,0.0,8760.397261848142,328.29652304783417,0.95,-154.24543428924673,0.0,0.0
44,contingent,node-020,0.0,0.0,0.0,0.0,0.0,0.0,0.0,0.0,8760.397261848142,328.29652304783417,0.95,0.0,0.0,0.0
44,contingent,node-021,0.0,0.0,0.0,0.0,0.0,0.0,0.0,0.0,8760.397261848142,328.29652304783417,0.95,-291.06884350048847,0.0,0.0
44,contingent,node-022,0.0,0.0,0.0,0.0,0.0,0.0,0.0,0.0,8760.397261848142,328.29652304783417,0.95,0.0,0.0,0.0
44,contingent,node-023,0.0,0.0,0.0,0.0,0.0,0.0,0.0,0.0,8760.397261848142,328.29652304783417,0.95,0.0,0.0,0.0
44,contingent,node-024,0.0,48.336415752487085,171.142824900638,0.0,1.9682826690235597,6.969020167001666,8.185886528257342,24.557659584772026,8760.397261848142,328.29652304783417,0.95,-146.65981529251025,0.33786208820843733,-8.185886528257342
44,contingent,node-025,0.0,54.6692248579685,54.6692248579685,0.0,54669.224857968504,54669.224857968504,0.0,0.0,8760.397261848142,328.29652304783417,0.95,-211.98297062759312,0.0,0.0
44,contingent,node-026,0.0,0.0,0.0,0.0,0.0,0.0,0.0,0.0,8760.397261848142,328.29652304783417,0.95,-414.74659789464056,0.0,0.0
44,contingent,node-027,0.0,19.266686024161583,33.63534875804916,0.0,0.7758132670170174,1.354397418140022,5.142602660096241,24.834179619332254,8760.397261848142,328.29652304783417,0.95,-323.64118163064734,-4.949015774563991,-5.142602660096241
44,contingent,node-028,0.0,0.0,0.0,0.0,0.0,0.0,0.0,0.0,8760.397261848142,328.29652304783417,0.95,0.0,0.0,0.0
44,contingent,node-029,0.0,0.0,0.0,0.0,0.0,0.0,0.0,0.0,8760.397261848142,328.29652304783417,0.95,0.0,0.0,0.0
44,capped,node-000,0.0,0.0,0.0,0.0,0.0,0.0,0.0,0.0,8760.397261848142,332.99970886735593,0.95,0.0,0.0,0.0
44,capped,node-001,0.0,0.0,0.0,0.0,0.0,0.0,0.0,0.0,8760.397261848142,332.99970886735593,0.95,0.0,0.0,0.0
44,capped,node-002,0.0,0.0,0.0,0.0,0.0,0.0,0.0,0.0,8760.397261848142,332.99970886735593,0.95,0.0,0.0,0.0
44,capped,node-003,0.0,0.0,6.793953381969914,0.0,0.0,6793.953381969914,0.0,0.0,8760.397261848142,332.99970886735593,0.95,-46.73442015024894,0.0,0.0
44,capped,node-004,0.0,0.0,0.0,0.0,0.0,0.0,0.0,0.0,8760.397261848142,332.99970886735593,0.95,0.0,0.0,0.0
44,capped,node-005,0.0,0.0,0.0,0.0,0.0,0.0,0.0,0.0,8760.397261848142,332.99970886735593,0.95,0.0,0.0,0.0
44,capped,node-006,0.0,0.0,0.0,0.0,0.0,0.0,0.0,0.0,8760.397261848142,332.99970886735593,0.95,-27.894684816345027,0.0,0.0
44,capped,node-007,0.0,0.0,0.0,0.0,0.0,0.0,0.0,0.0,8760.397261848142,332.99970886735593,0.95,-86.92017379568131,0.0,0.0
44,capped,node-008,1.3293171125313084,63.166880167685086,110.54204029344892,1329.3171125313083,63166.880167685085,110542.04029344892,0.0,0.0,8760.397261848142,332.99970886735593,0.95,-31.583440083842547,0.0,0.0
44,capped,node-009,0.0,0.0,0.0,0.0,0.0,0.0,0.0,0.0,8760.397261848142,332.99970886735593,0.95,0.0,0.0,0.0
44,capped,node-010,0.0,0.0,0.0,0.0,0.0,0.0,0.0,0.0,8760.397261848142,332.99970886735593,0.95,-21.77777737235175,0.0,0.0
44,capped,node-011,0.0,0.0,36.17321686776239,0.0,0.0,0.12969741622564582,92.96822794790998,278.9046838437299,8760.397261848142,332.99970886735593,0.95,-139.45234192186496,-27.89046838437301,-92.96822794790998
44,capped,node-012,0.0,0.0,0.0,0.0,0.0,0.0,0.0,0.0,8760.397261848142,332.99970886735593,0.95,0.0,0.0,0.0
44,capped,node-013,0.0,0.0,0.0,0.0,0.0,0.0,0.0,0.0,8760.397261848142,332.99970886735593,0.95,-46.16612539013207,0.0,0.0
44,capped,node-014,0.0,44.75636827781298,44.75636827781298,0.0,44756.36827781298,44756.36827781298,0.0,0.0,8760.397261848142,332.99970886735593,0.95,-60.39659668403398,0.0,0.0
44,capped,node-015,0.0,0.0,0.0,0.0,0.0,0.0,0.0,0.0,8760.397261848142,332.99970886735593,0.95,0.0,0.0,0.0
44,capped,node-016,4.289886287076747,51.66329122584647,129.15822806461617,4289.886287076747,51663.29122584647,129158.22806461617,0.0,0.0,8760.397261848142,332.99970886735593,0.95,-25.831645612923232,2.918610266418204,0.0
44,capped,node-017,0.0,0.0,9.295527949281272,0.0,0.0,9295.527949281272,0.0,0.0,8760.397261848142,332.99970886735593,0.95,-36.370579639861155,0.0,0.0
44,capped,node-018,0.0,0.0,0.0,0.0,0.0,0.0,0.0,0.0,8760.397261848142,332.99970886735593,0.95,0.0,0.0,0.0
44,capped,node-019,0.0,77.12271714462338,77.12271714462338,0.0,77122.71714462338,77122.71714462338,0.0,0.0,8760.397261848142,332.99970886735593,0.95,-38.561358572311676,0.0,0.0
44,capped,node-020,0.0,0.0,0.0,0.0,0.0,0.0,0.0,0.0,8760.397261848142,332.99970886735593,0.95,0.0,0.0,0.0
44,capped,node-021,0.0,0.0,32.880222364587524,0.0,0.0,32880.22236458752,0.0,0.0,8760.397261848142,332.99970886735593,0.95,-72.76721087512213,0.0,0.0
44,capped,node-022,0.0,0.0,0.0,0.0,0.0,0.0,0.0,0.0,8760.397261848142,332.99970886735593,0.95,0.0,0.0,0.0
44,capped,node-023,0.0,0.0,0.0,0.0,0.0,0.0,0.0,0.0,8760.397261848142,332.99970886735593,0.95,0.0,0.0,0.0
44,capped,node-024,0.0,57.19016665117077,188.85032669800535,0.0,2.3288117686358785,7.690078366226302,8.185886528257342,24.557659584772026,8760.397261848142,332.99970886735593,0.95,-42.804368719320564,0.33786208820843733,-8.185886528257342
44,capped,node-025,0.0,54.6692248579685,54.6692248579685,0.0,54669.224857968504,54669.224857968504,0.0,0.0,8760.397261848142,332.99970886735593,0.95,-52.99574265689828,0.0,0.0
44,capped,node-026,0.0,0.0,0.0,0.0,0.0,0.0,0.0,0.0,8760.397261848142,332.99970886735593,0.95,-103.68664947366014,0.0,0.0
44,capped,node-027,0.0,31.24939922540363,49.78953671448215,0.0,1.0579616279621733,1.685645824356022,9.845788479618008,29.537365438854017,8760.397261848142,332.99970886735593,0.95,-89.47043322225578,-0.310660168939501,-9.845788479618008
44,capped,node-028,0.0,0.0,0.0,0.0,0.0,0.0,0.0,0.0,8760.397261848142,332.99970886735593,0.95,0.0,0.0,0.0
44,capped,node-029,0.0,0.0,0.0,0.0,0.0,0.0,0.0,0.0,8760.397261848142,332.99970886735593,0.95,0.0,0.0,0.0
44,proper_scoring,node-000,0.0,0.0,0.0,0.0,0.0,0.0,0.0,0.0,8760.397261848142,1254.1264010690218,0.95,0.0,0.0,0.0
44,proper_scoring,node-001,0.0,0.0,0.0,0.0,0.0,0.0,0.0,0.0,8760.397261848142,1254.1264010690218,0.95,0.0,0.0,0.0
44,proper_scoring,node-002,0.0,0.0,0.0,0.0,0.0,0.0,0.0,0.0,8760.397261848142,1254.1264010690218,0.95,0.0,0.0,0.0
44,proper_scoring,node-003,0.0,0.0,56.79302903840484,0.0,0.0,56793.029038404835,0.0,0.0,8760.397261848142,1254.1264010690218,0.95,-186.93768060099575,0.0,0.0
44,proper_scoring,node-004,0.0,0.0,0.0,0.0,0.0,0.0,0.0,0.0,8760.397261848142,1254.1264010690218,0.95,0.0,0.0,0.0
44,proper_scoring,node-005,0.0,0.0,0.0,0.0,0.0,0.0,0.0,0.0,8760.397261848142,1254.1264010690218,0.95,0.0,0.0,0.0
44,proper_scoring,node-006,232.17263808724567,0.0,422.10531518365497,232172.63808724566,0.0,422105.31518365495,0.0,0.0,8760.397261848142,1254.1264010690218,0.95,-111.57873926538011,0.0,0.0
44,proper_scoring,node-007,0.0,0.0,279.7090483964311,0.0,0.0,279709.0483964311,0.0,0.0,8760.397261848142,1254.1264010690218,0.95,-346.80526825957514,0.0,0.0
44,proper_scoring,node-008,222.33010749637407,495.70564828095644,538.715500435038,222330.10749637405,495705.64828095643,538715.500435038,0.0,0.0,8760.397261848142,1254.1264010690218,0.95,-126.33376033537017,0.0,0.0
44,proper_scoring,node-009,0.0,0.0,0.0,0.0,0.0,0.0,0.0,0.0,8760.397261848142,1254.1264010690218,0.95,0.0,0.0,0.0
44,proper_scoring,node-010,0.0,0.0,28.22222262764825,0.0,0.0,28222.22262764825,0.0,0.0,8760.397261848142,1254.1264010690218,0.95,-71.77777737235175,0.0,0.0
44,proper_scoring,node-011,0.0,0.23192289764915586,0.23192289764915586,0.0,0.00029784385595737486,0.00029784385595737486,592.7363050502609,778.6727609460808,8760.397261848142,1254.1264010690218,0.95,-778.6727609460809,-27.890468384373207,-592.7363050502609
44,proper_scoring,node-012,0.0,0.0,0.0,0.0,0.0,0.0,0.0,0.0,8760.397261848142,1254.1264010690218,0.95,0.0,0.0,0.0
44,proper_scoring,node-013,0.0,0.0,182.81982789625053,0.0,0.0,182819.82789625053,0.0,0.0,8760.397261848142,1254.1264010690218,0.95,-184.6645015605283,0.0,0.0
44,proper_scoring,node-014,0.0,194.756368277813,439.60340331596603,0.0,194756.36827781302,439603.403315966,0.0,0.0,8760.397261848142,1254.1264010690218,0.95,-241.58638673613595,0.0,0.0
44,proper_scoring,node-015,0.0,0.0,0.0,0.0,0.0,0.0,0.0,0.0,8760.397261848142,1254.1264010690218,0.95,0.0,0.0,0.0
44,proper_scoring,node-016,284.0704782246481,551.6632912258465,629.1582280646161,284070.4782246481,551663.2912258465,629158.2280646161,0.0,0.0,8760.397261848142,1254.1264010690218,0.95,-103.32658245169294,52.47252849647283,0.0
44,proper_scoring,node-017,172.7600161366153,0.0,556.1771651060396,172760.01613661528,0.0,556177.1651060396,0.0,0.0,8760.397261848142,1254.1264010690218,0.95,-145.48231855944462,0.0,0.0
44,proper_scoring,node-018,0.0,0.0,0.0,0.0,0.0,0.0,0.0,0.0,8760.397261848142,1254.1264010690218,0.95,0.0,0.0,0.0
44,proper_scoring,node-019,0.0,509.367770168522,509.367770168522,0.0,509367.77016852197,509367.77016852197,0.0,0.0,8760.397261848142,1254.1264010690218,0.95,-154.24543428924673,0.0,0.0
44,proper_scoring,node-020,0.0,0.0,0.0,0.0,0.0,0.0,0.0,0.0,8760.397261848142,1254.1264010690218,0.95,0.0,0.0,0.0
44,proper_scoring,node-021,0.0,0.0,397.7067667256506,0.0,0.0,397706.7667256506,0.0,0.0,8760.397261848142,1254.1264010690218,0.95,-291.06884350048847,0.0,0.0
44,proper_scoring,node-022,0.0,0.0,0.0,0.0,0.0,0.0,0.0,0.0,8760.397261848142,1254.1264010690218,0.95,0.0,0.0,0.0
44,proper_scoring,node-023,0.0,0.0,0.0,0.0,0.0,0.0,0.0,0.0,8760.397261848142,1254.1264010690218,0.95,0.0,0.0,0.0
44,proper_scoring,node-024,321.0215875521991,703.7424294133926,757.8890550541677,1.4648376752950454,3.2112121560696574,3.4582859364764253,202.77987286735154,219.15164592386623,8760.397261848142,1254.1264010690218,0.95,-341.25380163160446,97.63485525775556,-202.77987286735154
44,proper_scoring,node-025,0.0,254.66922485796852,526.4978713284492,0.0,254669.2248579685,526497.8713284491,0.0,0.0,8760.397261848142,1254.1264010690218,0.95,-211.98297062759312,0.0,0.0
44,proper_scoring,node-026,0.0,0.0,322.7259431452142,0.0,0.0,322725.94314521423,0.0,0.0,8760.397261848142,1254.1264010690218,0.95,-397.4696595358258,0.0,0.0
44,proper_scoring,node-027,70.21130232245537,337.7988714444189,469.589906539295,0.27393974261441306,1.3179720762611147,1.8321742209097096,236.6104172398389,256.3019941990749,8760.397261848142,1254.1264010690218,0.95,-550.8466154323787,41.34454714138457,-236.6104172398389
44,proper_scoring,node-028,0.0,0.0,0.0,0.0,0.0,0.0,0.0,0.0,8760.397261848142,1254.1264010690218,0.95,0.0,0.0,0.0
44,proper_scoring,node-029,0.0,0.0,0.0,0.0,0.0,0.0,0.0,0.0,8760.397261848142,1254.1264010690218,0.95,0.0,0.0,0.0
44,audits,node-000,0.0,0.0,0.0,0.0,0.0,0.0,0.0,0.0,8760.397261848142,1243.62736819184,0.95,0.0,0.0,0.0
44,audits,node-001,0.0,0.0,0.0,0.0,0.0,0.0,0.0,0.0,8760.397261848142,1243.62736819184,0.95,0.0,0.0,0.0
44,audits,node-002,0.0,0.0,0.0,0.0,0.0,0.0,0.0,0.0,8760.397261848142,1243.62736819184,0.95,0.0,0.0,0.0
44,audits,node-003,0.0,0.0,56.79302903840484,0.0,0.0,56793.029038404835,0.0,0.0,8760.397261848142,1243.62736819184,0.95,-744.3058760035119,0.0,0.0
44,audits,node-004,0.0,0.0,0.0,0.0,0.0,0.0,0.0,0.0,8760.397261848142,1243.62736819184,0.95,0.0,0.0,0.0
44,audits,node-005,0.0,0.0,0.0,0.0,0.0,0.0,0.0,0.0,8760.397261848142,1243.62736819184,0.95,0.0,0.0,0.0
44,audits,node-006,232.17263808724567,0.0,422.10531518365497,232172.63808724566,0.0,422105.31518365495,0.0,0.0,8760.397261848142,1243.62736819184,0.95,-477.89468481634503,0.0,0.0
44,audits,node-007,0.0,0.0,213.07982620431866,0.0,0.0,213079.82620431867,0.0,0.0,8760.397261848142,1243.62736819184,0.95,-1086.9201737956812,0.0,0.0
44,audits,node-008,194.0017288490181,463.1668801676851,510.5420402934489,194001.72884901808,463166.8801676851,510542.0402934489,0.0,0.0,8760.397261848142,1243.62736819184,0.95,-1031.5834400838426,0.0,0.0
44,audits,node-009,0.0,0.0,0.0,0.0,0.0,0.0,0.0,0.0,8760.397261848142,1243.62736819184,0.95,0.0,0.0,0.0
44,audits,node-010,0.0,0.0,28.22222262764825,0.0,0.0,28222.22262764825,0.0,0.0,8760.397261848142,1243.62736819184,0.95,-71.77777737235175,0.0,0.0
44,audits,node-011,0.0,0.23192289764915586,0.23192289764915586,0.0,0.00029784385595737486,0.00029784385595737486,592.7363050502609,778.6727609460808,8760.397261848142,1243.62736819184,0.95,-1639.220419024216,-27.890468384373207,-592.7363050502609
44,audits,node-012,0.0,0.0,0.0,0.0,0.0,0.0,0.0,0.0,8760.397261848142,1243.62736819184,0.95,0.0,0.0,0.0
44,audits,node-013,0.0,0.0,153.83387460986793,0.0,0.0,153833.87460986793,0.0,0.0,8760.397261848142,1243.62736819184,0.95,-346.1661253901321,0.0,0.0
44,audits,node-014,0.0,194.756368277813,439.60340331596603,0.0,194756.36827781302,439603.403315966,0.0,0.0,8760.397261848142,1243.62736819184,0.95,-1060.3965966840342,0.0,0.0
44,audits,node-015,0.0,0.0,0.0,0.0,0.0,0.0,0.0,0.0,8760.397261848142,1243.62736819184,0.95,0.0,0.0,0.0
44,audits,node-016,284.0704782246481,551.6632912258465,629.1582280646161,284070.4782246481,551663.2912258465,629158.2280646161,0.0,0.0,8760.397261848142,1243.62736819184,0.95,-1025.8316456129232,52.47252849647283,0.0
44,audits,node-017,172.7600161366153,0.0,517.104052892706,172760.01613661528,0.0,517104.052892706,0.0,0.0,8760.397261848142,1243.62736819184,0.95,-634.9829594100249,0.0,0.0
44,audits,node-018,0.0,0.0,0.0,0.0,0.0,0.0,0.0,0.0,8760.397261848142,1243.62736819184,0.95,0.0,0.0,0.0
44,audits,node-019,0.0,480.85468811876575,480.85468811876575,0.0,480854.6881187657,480854.6881187657,0.0,0.0,8760.397261848142,1243.62736819184,0.95,-997.3369805319452,0.0,0.0
44,audits,node-020,0.0,0.0,0.0,0.0,0.0,0.0,0.0,0.0,8760.397261848142,1243.62736819184,0.95,0.0,0.0,0.0
44,audits,node-021,0.0,0.0,335.04953871806464,0.0,0.0,335049.5387180646,0.0,0.0,8760.397261848142,1243.62736819184,0.95,-1159.606171608117,0.0,0.0
44,audits,node-022,0.0,0.0,0.0,0.0,0.0,0.0,0.0,0.0,8760.397261848142,1243.62736819184,0.95,0.0,0.0,0.0
44,audits,node-023,0.0,0.0,0.0,0.0,0.0,0.0,0.0,0.0,8760.397261848142,1243.62736819184,0.95,0.0,0.0,0.0
44,audits,node-024,321.0215875521991,662.5961803120764,714.5441802884064,1.4648376752950454,3.0234597486996004,3.2605010894448894,202.77987286735154,219.15164592386623,8760.397261848142,1243.62736819184,0.95,-1737.3983550584153,97.63485525775556,-202.77987286735154
44,audits,node-025,0.0,254.66922485796852,526.4978713284492,0.0,254669.2248579685,526497.8713284491,0.0,0.0,8760.397261848142,1243.62736819184,0.95,-1052.9957426568983,0.0,0.0
44,audits,node-026,0.0,0.0,296.31335052633983,0.0,0.0,296313.35052633984,0.0,0.0,8760.397261848142,1243.62736819184,0.95,-1103.68664947366,0.0,0.0
44,audits,node-027,43.44662861990855,214.98380334236447,342.60336368204935,0.1767538860649147,0.8746184431066749,1.3938130030638256,226.1113843626572,245.8029613218932,8760.397261848142,1243.62736819184,0.95,-1805.736029105295,30.78068405030558,-226.1113843626572
44,audits,node-028,0.0,0.0,0.0,0.0,0.0,0.0,0.0,0.0,8760.397261848142,1243.62736819184,0.95,0.0,0.0,0.0
44,audits,node-029,0.0,0.0,0.0,0.0,0.0,0.0,0.0,0.0,8760.397261848142,1243.62736819184,0.95,0.0,0.0,0.0
50,greedy,node-000,0.0,0.0,0.0,0.0,0.0,0.0,0.0,0.0,8044.176176713464,278.9045752367321,0.8,0.0,0.0,-13.389062420246356
50,greedy,node-001,0.0,0.0,0.0,0.0,0.0,0.0,0.0,0.0,8044.176176713464,278.9045752367321,0.8,-13.389062420246356,0.0,0.0
50,greedy,node-002,0.0,0.0,0.0,0.0,0.0,0.0,0.0,0.0,8044.176176713464,278.9045752367321,0.8,0.0,0.0,0.0
50,greedy,node-003,0.0,0.0,0.0,0.0,0.0,0.0,0.0,0.0,8044.176176713464,278.9045752367321,0.8,0.0,0.0,0.0
50,greedy,node-004,0.0,0.0,0.0,0.0,0.0,0.0,0.0,0.0,8044.176176713464,278.9045752367321,0.8,-35.67080193396704,0.0,0.0
50,greedy,node-005,0.0,0.0,0.0,0.0,0.0,0.0,0.0,0.0,8044.176176713464,278.9045752367321,0.8,0.0,0.0,0.0
50,greedy,node-006,5.075691326982408,0.0,5.075691326982408,5075.691326982408,0.0,5075.691326982408,0.0,0.0,8044.176176713464,278.9045752367321,0.8,-41.414539188630556,0.0,0.0
50,greedy,node-007,0.0,0.0,0.0,0.0,0.0,0.0,0.0,0.0,8044.176176713464,278.9045752367321,0.8,0.0,0.0,0.0
50,greedy,node-008,0.0,0.0,0.0,0.0,0.0,0.0,0.0,0.0,8044.176176713464,278.9045752367321,0.8,0.0,0.0,0.0
50,greedy,node-009,0.0,0.0,0.0,0.0,0.0,0.0,0.0,0.0,8044.176176713464,278.9045752367321,0.8,0.0,0.0,0.0
50,greedy,node-010,0.0,0.0,0.0,0.0,0.0,0.0,0.0,0.0,8044.176176713464,278.9045752367321,0.8,0.0,0.0,0.0
50,greedy,node-011,0.0,0.0,0.0,0.0,0.0,0.0,0.0,0.0,8044.176176713464,278.9045752367321,0.8,0.0,0.0,0.0
50,greedy,node-012,0.0,0.0,0.0,0.0,0.0,0.0,0.0,0.0,8044.176176713464,278.9045752367321,0.8,-47.96194397864623,0.0,0.0
50,greedy,node-013,0.0,0.0,0.0,0.0,0.0,0.0,0.0,0.0,8044.176176713464,278.9045752367321,0.8,0.0,0.0,0.0
50,greedy,node-014,18.303901788635144,0.0,18.303901788635144,0.09567364740767621,0.0,0.09567364740767621,63.77200787812953,191.3160236343886,8044.176176713464,278.9045752367321,0.8,-108.2189331441413,-15.368451276207168,-63.77200787812953
50,greedy,node-015,0.0,0.0,0.0,0.0,0.0,0.0,0.0,0.0,8044.176176713464,278.9045752367321,0.8,0.0,0.0,0.0
50,greedy,node-016,0.0,0.0,0.0,0.0,0.0,0.0,0.0,0.0,8044.176176713464,278.9045752367321,0.8,0.0,0.0,0.0
50,greedy,node-017,0.0,0.0,0.0,0.0,0.0,0.0,0.0,0.0,8044.176176713464,278.9045752367321,0.8,-52.548930371978926,0.0,0.0
50,greedy,node-018,0.0,0.0,0.0,0.0,0.0,0.0,0.0,0.0,8044.176176713464,278.9045752367321,0.8,0.0,0.0,0.0
50,greedy,node-019,0.0,0.0,0.0,0.0,0.0,0.0,0.0,0.0,8044.176176713464,278.9045752367321,0.8,0.0,0.0,0.0
50,greedy,node-020,0.0,0.0,0.0,0.0,0.0,0.0,0.0,0.0,8044.176176713464,278.9045752367321,0.8,-23.49911732413309,0.0,0.0
50,greedy,node-021,0.0,0.0,0.0,0.0,0.0,0.0,0.0,0.0,8044.176176713464,278.9045752367321,0.8,-54.17095760595913,0.0,0.0
50,greedy,node-022,0.0,0.0,0.0,0.0,0.0,0.0,0.0,0.0,8044.176176713464,278.9045752367321,0.8,0.0,0.0,0.0
50,greedy,node-023,13.230401438089885,0.0,13.230401438089885,0.15105172075634474,0.0,0.15105172075634474,29.196183867447836,87.58855160234351,8044.176176713464,278.9045752367321,0.8,-69.20699294244298,-0.4620214033806107,-29.196183867447836
50,greedy,node-024,0.0,0.0,0.0,0.0,0.0,0.0,0.0,0.0,8044.176176713464,278.9045752367321,0.8,-61.19251948413877,0.0,0.0
50,greedy,node-025,0.0,0.0,0.0,0.0,0.0,0.0,0.0,0.0,8044.176176713464,278.9045752367321,0.8,0.0,0.0,0.0
50,greedy,node-026,0.0,0.0,0.0,0.0,0.0,0.0,0.0,0.0,8044.176176713464,278.9045752367321,0.8,-43.15400054731232,0.0,0.0
50,greedy,node-027,0.0,0.0,0.0,0.0,0.0,0.0,0.0,0.0,8044.176176713464,278.9045752367321,0.8,0.0,0.0,0.0
50,greedy,node-028,0.0,0.0,0.0,0.0,0.0,0.0,0.0,0.0,8044.176176713464,278.9045752367321,0.8,0.0,0.0,0.0
50,greedy,node-029,0.0,0.0,0.0,0.0,0.0,0.0,0.0,0.0,8044.176176713464,278.9045752367321,0.8,0.0,0.0,0.0
50,trust_vcg,node-000,0.0,0.0,0.0,0.0,0.0,0.0,0.0,0.0,8608.76703849279,1513.9922317704338,1.0,0.0,0.0,90.54903808115023
50,trust_vcg,node-001,90.54903808115023,0.0,723.4474727002336,90549.03808115023,0.0,723447.4727002336,0.0,0.0,8608.76703849279,1513.9922317704338,1.0,-8876.552527299766,0.0,0.0
50,trust_vcg,node-002,0.0,0.0,0.0,0.0,0.0,0.0,0.0,0.0,8608.76703849279,1513.9922317704338,1.0,0.0,0.0,0.0
50,trust_vcg,node-003,0.0,0.0,0.0,0.0,0.0,0.0,0.0,0.0,8608.76703849279,1513.9922317704338,1.0,0.0,0.0,0.0
50,trust_vcg,node-004,0.0,30.326516218035977,63.113541243982354,0.0,30326.516218035977,63113.541243982356,0.0,0.0,8608.76703849279,1513.9922317704338,1.0,-6672.475148719175,0.0,0.0
50,trust_vcg,node-005,0.0,0.0,0.0,0.0,0.0,0.0,0.0,0.0,8608.76703849279,1513.9922317704338,1.0,0.0,0.0,0.0
50,trust_vcg,node-006,128.68517140458584,0.0,213.54759652525058,0.21528499525434722,0.0,0.3572563396599517,525.3934199889735,597.7433366991113,8608.76703849279,1513.9922317704338,1.0,-11617.021593611798,147.96071569190383,-525.3934199889735
50,trust_vcg,node-007,0.0,0.0,212.61382306724371,0.0,0.0,212613.8230672437,0.0,0.0,8608.76703849279,1513.9922317704338,1.0,-9382.969930543532,0.0,0.0
50,trust_vcg,node-008,0.0,0.0,0.0,0.0,0.0,0.0,0.0,0.0,8608.76703849279,1513.9922317704338,1.0,0.0,0.0,0.0
50,trust_vcg,node-009,0.0,0.0,0.0,0.0,0.0,0.0,0.0,0.0,8608.76703849279,1513.9922317704338,1.0,0.0,0.0,0.0
50,trust_vcg,node-010,0.0,0.0,0.0,0.0,0.0,0.0,0.0,0.0,8608.76703849279,1513.9922317704338,1.0,-2242.6366265784,0.0,0.0
50,trust_vcg,node-011,0.0,0.0,0.0,0.0,0.0,0.0,0.0,0.0,8608.76703849279,1513.9922317704338,1.0,0.0,0.0,0.0
50,trust_vcg,node-012,43.68231268125763,18.310985468772515,107.04422457035173,43682.31268125763,18310.985468772513,107044.22457035173,0.0,0.0,8608.76703849279,1513.9922317704338,1.0,-5559.155492734387,0.0,0.0
50,trust_vcg,node-013,0.0,0.0,230.41336464253283,0.0,0.0,230413.36464253283,0.0,0.0,8608.76703849279,1513.9922317704338,1.0,-3369.5866353574675,0.0,0.0
50,trust_vcg,node-014,0.0,0.0,0.0,0.0,0.0,0.0,0.0,0.0,8608.76703849279,1513.9922317704338,1.0,-5484.735636294406,0.0,0.0
50,trust_vcg,node-015,0.0,0.0,0.0,0.0,0.0,0.0,0.0,0.0,8608.76703849279,1513.9922317704338,1.0,-1152.6664185965722,0.0,0.0
50,trust_vcg,node-016,160.6718345120833,0.0,233.2025598735344,160671.8345120833,0.0,233202.5598735344,0.0,0.0,8608.76703849279,1513.9922317704338,1.0,-3366.7974401264655,0.0,0.0
50,trust_vcg,node-017,0.0,9.47377477001676,23.996696476556636,0.0,9473.77477001676,23996.696476556637,0.0,0.0,8608.76703849279,1513.9922317704338,1.0,-5503.162047587607,0.0,0.0
50,trust_vcg,node-018,120.9864271324306,0.0,158.86300246731406,120986.4271324306,0.0,158863.00246731404,0.0,0.0,8608.76703849279,1513.9922317704338,1.0,-2241.1369975326857,0.0,0.0
50,trust_vcg,node-019,0.0,0.0,173.34194318596337,0.0,0.0,173341.94318596338,0.0,0.0,8608.76703849279,1513.9922317704338,1.0,-5614.600840321862,0.0,0.0
50,trust_vcg,node-020,0.0,0.0,0.0,0.0,0.0,0.0,0.0,0.0,8608.76703849279,1513.9922317704338,1.0,-8777.924108962152,0.0,0.0
50,trust_vcg,node-021,102.75252343834477,0.0,329.0530731463448,102752.52343834477,0.0,329053.0731463448,0.0,0.0,8608.76703849279,1513.9922317704338,1.0,-5554.170957605958,0.0,0.0
50,trust_vcg,node-022,0.0,0.0,214.6008306539698,0.0,0.0,214600.8306539698,0.0,0.0,8608.76703849279,1513.9922317704338,1.0,-4485.038373867951,0.0,0.0
50,trust_vcg,node-023,0.0,0.0,0.0,0.0,0.0,0.0,0.0,0.0,8608.76703849279,1513.9922317704338,1.0,-11033.449132982141,0.0,0.0
50,trust_vcg,node-024,0.0,0.0,0.0,0.0,0.0,0.0,0.0,0.0,8608.76703849279,1513.9922317704338,1.0,-5486.893783567974,0.0,0.0
50,trust_vcg,node-025,0.0,0.0,0.0,0.0,0.0,0.0,0.0,0.0,8608.76703849279,1513.9922317704338,1.0,0.0,0.0,0.0
50,trust_vcg,node-026,0.0,0.0,58.64348261821158,0.0,0.0,58643.48261821158,0.0,0.0,8608.76703849279,1513.9922317704338,1.0,-5563.821442441866,0.0,0.0
50,trust_vcg,node-027,0.0,0.0056001762103505826,0.0056001762103505826,0.0,6.112068718963809e-06,6.112068718963809e-06,605.4125649063004,916.2488950713223,8608.76703849279,1513.9922317704338,1.0,-6188.746644398167,-46.625449524753094,-605.4125649063004
50,trust_vcg,node-028,0.0,0.0,114.59210209928929,0.0,0.0,114592.10209928929,0.0,0.0,8608.76703849279,1513.9922317704338,1.0,-1685.4078979007109,0.0,0.0
50,trust_vcg,node-029,0.0,0.0,0.0,0.0,0.0,0.0,0.0,0.0,8608.76703849279,1513.9922317704338,1.0,0.0,0.0,0.0
50,contingent,node-000,0.0,0.0,0.0,0.0,0.0,0.0,0.0,0.0,8608.76703849279,574.7793703127393,1.0,0.0,0.0,-4.106602842180102
50,contingent,node-001,0.0,0.0,10.225377539068994,0.0,0.0,10225.377539068993,0.0,0.0,8608.76703849279,574.7793703127393,1.0,-306.2101091990665,0.0,0.0
50,contingent,node-002,0.0,0.0,0.0,0.0,0.0,0.0,0.0,0.0,8608.76703849279,574.7793703127393,1.0,0.0,0.0,0.0
50,contingent,node-003,0.0,0.0,0.0,0.0,0.0,0.0,0.0,0.0,8608.76703849279,574.7793703127393,1.0,0.0,0.0,0.0
50,contingent,node-004,0.0,101.36745543218667,176.91471526167055,0.0,101367.45543218667,176914.71526167056,0.0,0.0,8608.76703849279,574.7793703127393,1.0,-289.90059487670436,0.0,0.0
50,contingent,node-005,0.0,0.0,0.0,0.0,0.0,0.0,0.0,0.0,8608.76703849279,574.7793703127393,1.0,0.0,0.0,0.0
50,contingent,node-006,11.083860679338883,30.503179937202788,102.76605815915516,0.10213198285350898,0.2810708597349236,0.9469355122261945,36.17495835506887,108.52487506520659,8608.76703849279,574.7793703127393,1.0,-402.6876528463715,1.1951772017323208,-36.17495835506887
50,contingent,node-007,0.0,0.0,12.715235077177837,0.0,0.0,12715.235077177837,0.0,0.0,8608.76703849279,574.7793703127393,1.0,-346.7034342100921,0.0,0.0
50,contingent,node-008,0.0,0.0,0.0,0.0,0.0,0.0,0.0,0.0,8608.76703849279,574.7793703127393,1.0,0.0,0.0,0.0
50,contingent,node-009,0.0,0.0,0.0,0.0,0.0,0.0,0.0,0.0,8608.76703849279,574.7793703127393,1.0,0.0,0.0,0.0
50,contingent,node-010,0.0,0.0,0.0,0.0,0.0,0.0,0.0,0.0,8608.76703849279,574.7793703127393,1.0,-174.11386889839127,0.0,0.0
50,contingent,node-011,0.0,0.0,0.0,0.0,0.0,0.0,0.0,0.0,8608.76703849279,574.7793703127393,1.0,0.0,0.0,0.0
50,contingent,node-012,0.0,93.06651749883656,175.4886396079319,0.0,93066.51749883656,175488.6396079319,0.0,0.0,8608.76703849279,574.7793703127393,1.0,-236.62197093754472,0.0,0.0
50,contingent,node-013,0.0,0.0,0.0,0.0,0.0,0.0,0.0,0.0,8608.76703849279,574.7793703127393,1.0,-278.34654142986864,0.0,0.0
50,contingent,node-014,0.0,35.20779344716843,121.95962817349886,0.0,35207.79344716843,121959.62817349886,0.0,0.0,8608.76703849279,574.7793703127393,1.0,-138.2958760054925,0.0,0.0
50,contingent,node-015,0.0,0.0,0.0,0.0,0.0,0.0,0.0,0.0,8608.76703849279,574.7793703127393,1.0,-210.66567438628852,0.0,0.0
50,contingent,node-016,0.0,0.0,0.0,0.0,0.0,0.0,0.0,0.0,8608.76703849279,574.7793703127393,1.0,-267.18976050586247,0.0,0.0
50,contingent,node-017,0.0,73.07023648144967,129.52372164987608,0.0,73070.23648144967,129523.72164987608,0.0,0.0,8608.76703849279,574.7793703127393,1.0,-210.1957214879157,0.0,0.0
50,contingent,node-018,0.0,0.0,0.0,0.0,0.0,0.0,0.0,0.0,8608.76703849279,574.7793703127393,1.0,-164.54799013074378,0.0,0.0
50,contingent,node-019,0.0,0.0,23.341943185963387,0.0,0.0,23341.943185963388,0.0,0.0,8608.76703849279,574.7793703127393,1.0,-458.4033612874521,0.0,0.0
50,contingent,node-020,0.0,0.0,0.0,0.0,0.0,0.0,0.0,0.0,8608.76703849279,574.7793703127393,1.0,-268.08650556603277,0.0,0.0
50,contingent,node-021,4.606642194455183,53.00847366020642,138.42280653696983,4606.642194455183,53008.47366020642,138422.80653696982,0.0,0.0,8608.76703849279,574.7793703127393,1.0,-216.68383042383655,0.0,0.0
50,contingent,node-022,0.0,0.0,14.60083065396983,0.0,0.0,14600.83065396983,0.0,0.0,8608.76703849279,574.7793703127393,1.0,-340.1534954718032,0.0,0.0
50,contingent,node-023,0.0,37.99892563928215,51.28585605666065,0.0,37998.92563928215,51285.85605666065,0.0,0.0,8608.76703849279,574.7793703127393,1.0,-312.0668241392278,0.0,0.0
50,contingent,node-024,0.0,0.0,0.0,0.0,0.0,0.0,0.0,0.0,8608.76703849279,574.7793703127393,1.0,-265.7035852996253,0.0,0.0
50,contingent,node-025,0.0,0.0,0.0,0.0,0.0,0.0,0.0,0.0,8608.76703849279,574.7793703127393,1.0,0.0,0.0,0.0
50,contingent,node-026,0.0,73.92047971342635,173.05811743029773,0.0,73920.47971342635,173058.11743029772,0.0,0.0,8608.76703849279,574.7793703127393,1.0,-255.2857697674624,0.0,0.0
50,contingent,node-027,52.9199595443485,0.0,52.9199595443485,0.11350015942742495,0.0,0.11350015942742495,155.4181650825109,466.25449524753265,8608.76703849279,574.7793703127393,1.0,-488.7544830499703,-46.625449524753236,-155.4181650825109
50,contingent,node-028,0.0,0.0,0.0,0.0,0.0,0.0,0.0,0.0,8608.76703849279,574.7793703127393,1.0,-141.63159160284292,0.0,0.0
50,contingent,node-029,0.0,0.0,0.0,0.0,0.0,0.0,0.0,0.0,8608.76703849279,574.7793703127393,1.0,0.0,0.0,0.0
50,capped,node-000,0.0,0.0,0.0,0.0,0.0,0.0,0.0,0.0,8608.76703849279,574.7793703127393,1.0,0.0,0.0,-4.106602842180102
50,capped,node-001,0.0,0.0,10.225377539068994,0.0,0.0,10225.377539068993,0.0,0.0,8608.76703849279,574.7793703127393,1.0,-76.55252729976664,0.0,0.0
50,capped,node-002,0.0,0.0,0.0,0.0,0.0,0.0,0.0,0.0,8608.76703849279,574.7793703127393,1.0,0.0,0.0,0.0
50,capped,node-003,0.0,0.0,0.0,0.0,0.0,0.0,0.0,0.0,8608.76703849279,574.7793703127393,1.0,0.0,0.0,0.0
50,capped,node-004,0.0,130.32651621803615,213.11354124398238,0.0,130326.51621803615,213113.54124398238,0.0,0.0,8608.76703849279,574.7793703127393,1.0,-72.47514871917609,0.0,0.0
50,capped,node-005,0.0,0.0,0.0,0.0,0.0,0.0,0.0,0.0,8608.76703849279,574.7793703127393,1.0,0.0,0.0,0.0
50,capped,node-006,11.083860679338883,62.3175578307048,103.58036296349425,0.10213198285350898,0.5742237233008711,0.9544389053777629,36.17495835506887,108.52487506520659,8608.76703849279,574.7793703127393,1.0,-127.80313197789452,1.1951772017323208,-36.17495835506887
50,capped,node-007,0.0,0.0,12.715235077177837,0.0,0.0,12715.235077177837,0.0,0.0,8608.76703849279,574.7793703127393,1.0,-86.67585855252301,0.0,0.0
50,capped,node-008,0.0,0.0,0.0,0.0,0.0,0.0,0.0,0.0,8608.76703849279,574.7793703127393,1.0,0.0,0.0,0.0
50,capped,node-009,0.0,0.0,0.0,0.0,0.0,0.0,0.0,0.0,8608.76703849279,574.7793703127393,1.0,0.0,0.0,0.0
50,capped,node-010,0.0,0.0,0.0,0.0,0.0,0.0,0.0,0.0,8608.76703849279,574.7793703127393,1.0,-43.52846722459782,0.0,0.0
50,capped,node-011,0.0,0.0,0.0,0.0,0.0,0.0,0.0,0.0,8608.76703849279,574.7793703127393,1.0,0.0,0.0,0.0
50,capped,node-012,0.0,118.31098546877236,207.04422457035167,0.0,118310.98546877236,207044.22457035168,0.0,0.0,8608.76703849279,574.7793703127393,1.0,-59.15549273438618,0.0,0.0
50,capped,node-013,0.0,0.0,0.0,0.0,0.0,0.0,0.0,0.0,8608.76703849279,574.7793703127393,1.0,-69.58663535746717,0.0,0.0
50,capped,node-014,0.0,69.14793800274622,172.86984500686555,0.0,69147.93800274622,172869.84500686554,0.0,0.0,8608.76703849279,574.7793703127393,1.0,-34.573969001373115,0.0,0.0
50,capped,node-015,0.0,0.0,0.0,0.0,0.0,0.0,0.0,0.0,8608.76703849279,574.7793703127393,1.0,-52.66641859657213,0.0,0.0
50,capped,node-016,0.0,0.0,0.0,0.0,0.0,0.0,0.0,0.0,8608.76703849279,574.7793703127393,1.0,-66.79744012646563,0.0,0.0
50,capped,node-017,0.0,105.09786074395782,169.5582519780113,0.0,105097.86074395782,169558.2519780113,0.0,0.0,8608.76703849279,574.7793703127393,1.0,-52.548930371978926,0.0,0.0
50,capped,node-018,0.0,0.0,0.0,0.0,0.0,0.0,0.0,0.0,8608.76703849279,574.7793703127393,1.0,-41.136997532685946,0.0,0.0
50,capped,node-019,0.0,0.0,23.341943185963387,0.0,0.0,23341.943185963388,0.0,0.0,8608.76703849279,574.7793703127393,1.0,-114.60084032186305,0.0,0.0
50,capped,node-020,0.0,0.0,12.247539705790484,0.0,0.0,12247.539705790483,0.0,0.0,8608.76703849279,574.7793703127393,1.0,-67.02162639150819,0.0,0.0
50,capped,node-021,4.606642194455183,108.34191521191828,173.85600187207334,4606.642194455183,108341.91521191827,173856.00187207334,0.0,0.0,8608.76703849279,574.7793703127393,1.0,-54.17095760595913,0.0,0.0
50,capped,node-022,0.0,0.0,14.60083065396983,0.0,0.0,14600.83065396983,0.0,0.0,8608.76703849279,574.7793703127393,1.0,-85.0383738679508,0.0,0.0
50,capped,node-023,0.5281558420796078,55.777855118254436,80.02161814999027,528.1558420796077,55777.85511825443,80021.61814999027,0.0,0.0,8608.76703849279,574.7793703127393,1.0,-78.01670603480692,0.0,0.0
50,capped,node-024,0.0,0.0,28.25117447196443,0.0,0.0,28251.17447196443,0.0,0.0,8608.76703849279,574.7793703127393,1.0,-66.42589632490632,0.0,0.0
50,capped,node-025,0.0,0.0,0.0,0.0,0.0,0.0,0.0,0.0,8608.76703849279,574.7793703127393,1.0,0.0,0.0,0.0
50,capped,node-026,0.0,127.6428848837312,208.64348261821164,0.0,127642.8848837312,208643.48261821162,0.0,0.0,8608.76703849279,574.7793703127393,1.0,-63.8214424418656,0.0,0.0
50,capped,node-027,52.9199595443485,0.0,52.9199595443485,0.11350015942742495,0.0,0.11350015942742495,155.4181650825109,466.25449524753265,8608.76703849279,574.7793703127393,1.0,-238.75224457437577,-46.625449524753236,-155.4181650825109
50,capped,node-028,0.0,0.0,0.0,0.0,0.0,0.0,0.0,0.0,8608.76703849279,574.7793703127393,1.0,-35.40789790071072,0.0,0.0
50,capped,node-029,0.0,0.0,0.0,0.0,0.0,0.0,0.0,0.0,8608.76703849279,574.7793703127393,1.0,0.0,0.0,0.0
50,proper_scoring,node-000,0.0,0.0,0.0,0.0,0.0,0.0,0.0,0.0,8608.76703849279,1513.9922317704338,1.0,0.0,0.0,90.54903808115023
50,proper_scoring,node-001,90.54903808115023,0.0,723.4474727002336,90549.03808115023,0.0,723447.4727002336,0.0,0.0,8608.76703849279,1513.9922317704338,1.0,-306.2101091990665,0.0,0.0
50,proper_scoring,node-002,0.0,0.0,0.0,0.0,0.0,0.0,0.0,0.0,8608.76703849279,1513.9922317704338,1.0,0.0,0.0,0.0
50,proper_scoring,node-003,0.0,0.0,0.0,0.0,0.0,0.0,0.0,0.0,8608.76703849279,1513.9922317704338,1.0,0.0,0.0,0.0
50,proper_scoring,node-004,113.98320859492524,551.3674554321865,576.9147152616705,113983.20859492524,551367.4554321865,576914.7152616705,0.0,0.0,8608.76703849279,1513.9922317704338,1.0,-289.90059487670436,0.0,0.0
50,proper_scoring,node-005,0.0,0.0,0.0,0.0,0.0,0.0,0.0,0.0,8608.76703849279,1513.9922317704338,1.0,0.0,0.0,0.0
50,proper_scoring,node-006,128.68517140458584,341.28471830329806,446.5598834023127,0.21528499525434722,0.5709552869095252,0.7470763051384703,525.3934199889735,597.7433366991113,8608.76703849279,1513.9922317704338,1.0,-888.1006928252143,147.96071569190383,-525.3934199889735
50,proper_scoring,node-007,0.0,0.0,705.5309990868247,0.0,0.0,705530.9990868247,0.0,0.0,8608.76703849279,1513.9922317704338,1.0,-346.7034342100921,0.0,0.0
50,proper_scoring,node-008,0.0,0.0,0.0,0.0,0.0,0.0,0.0,0.0,8608.76703849279,1513.9922317704338,1.0,0.0,0.0,0.0
50,proper_scoring,node-009,0.0,0.0,0.0,0.0,0.0,0.0,0.0,0.0,8608.76703849279,1513.9922317704338,1.0,0.0,0.0,0.0
50,proper_scoring,node-010,0.0,0.0,0.0,0.0,0.0,0.0,0.0,0.0,8608.76703849279,1513.9922317704338,1.0,-174.11386889839127,0.0,0.0
50,proper_scoring,node-011,0.0,0.0,0.0,0.0,0.0,0.0,0.0,0.0,8608.76703849279,1513.9922317704338,1.0,0.0,0.0,0.0
50,proper_scoring,node-012,43.68231268125763,543.0665174988367,625.488639607932,43682.31268125763,543066.5174988366,625488.639607932,0.0,0.0,8608.76703849279,1513.9922317704338,1.0,-236.62197093754472,0.0,0.0
50,proper_scoring,node-013,0.0,0.0,230.41336464253283,0.0,0.0,230413.36464253283,0.0,0.0,8608.76703849279,1513.9922317704338,1.0,-278.34654142986864,0.0,0.0
50,proper_scoring,node-014,0.0,434.69824285164555,521.450077577976,0.0,434698.2428516455,521450.077577976,0.0,0.0,8608.76703849279,1513.9922317704338,1.0,-138.2958760054925,0.0,0.0
50,proper_scoring,node-015,0.0,0.0,0.0,0.0,0.0,0.0,0.0,0.0,8608.76703849279,1513.9922317704338,1.0,-152.66641859657213,0.0,0.0
50,proper_scoring,node-016,160.6718345120833,0.0,233.2025598735344,160671.8345120833,0.0,233202.5598735344,0.0,0.0,8608.76703849279,1513.9922317704338,1.0,-267.18976050586247,0.0,0.0
50,proper_scoring,node-017,0.0,522.5074622290714,529.0234778699842,0.0,522507.46222907136,529023.4778699841,0.0,0.0,8608.76703849279,1513.9922317704338,1.0,-210.1957214879157,0.0,0.0
50,proper_scoring,node-018,120.9864271324306,0.0,158.86300246731406,120986.4271324306,0.0,158863.00246731404,0.0,0.0,8608.76703849279,1513.9922317704338,1.0,-164.54799013074378,0.0,0.0
50,proper_scoring,node-019,0.0,0.0,309.34378784944846,0.0,0.0,309343.78784944845,0.0,0.0,8608.76703849279,1513.9922317704338,1.0,-454.64095443007994,0.0,0.0
50,proper_scoring,node-020,0.0,0.0,489.78750575320066,0.0,0.0,489787.5057532007,0.0,0.0,8608.76703849279,1513.9922317704338,1.0,-268.08650556603277,0.0,0.0
50,proper_scoring,node-021,140.26469873523308,453.00847366020645,538.4228065369698,140264.69873523308,453008.4736602064,538422.8065369698,0.0,0.0,8608.76703849279,1513.9922317704338,1.0,-216.68383042383655,0.0,0.0
50,proper_scoring,node-022,0.0,0.0,233.9675784439462,0.0,0.0,233967.5784439462,0.0,0.0,8608.76703849279,1513.9922317704338,1.0,-328.820043450339,0.0,0.0
50,proper_scoring,node-023,128.94908007227713,337.92359892152604,767.2702968891558,128949.08007227712,337923.59892152605,767270.2968891558,0.0,0.0,8608.76703849279,1513.9922317704338,1.0,-311.3401884861756,0.0,0.0
50,proper_scoring,node-024,0.0,0.0,329.2467838643554,0.0,0.0,329246.7838643554,0.0,0.0,8608.76703849279,1513.9922317704338,1.0,-265.7035852996253,0.0,0.0
50,proper_scoring,node-025,0.0,0.0,0.0,0.0,0.0,0.0,0.0,0.0,8608.76703849279,1513.9922317704338,1.0,0.0,0.0,0.0
50,proper_scoring,node-026,70.11535955360787,473.92047971342635,573.0581174302977,70115.35955360788,473920.4797134263,573058.1174302977,0.0,0.0,8608.76703849279,1513.9922317704338,1.0,-255.2857697674624,0.0,0.0
50,proper_scoring,node-027,0.0,0.0056001762103505826,0.0056001762103505826,0.0,6.112068718963809e-06,6.112068718963809e-06,605.4125649063004,916.2488950713223,8608.76703849279,1513.9922317704338,1.0,-938.7488828737598,-46.625449524753094,-605.4125649063004
50,proper_scoring,node-028,0.0,0.0,114.59210209928929,0.0,0.0,114592.10209928929,0.0,0.0,8608.76703849279,1513.9922317704338,1.0,-141.63159160284292,0.0,0.0
50,proper_scoring,node-029,0.0,0.0,0.0,0.0,0.0,0.0,0.0,0.0,8608.76703849279,1513.9922317704338,1.0,0.0,0.0,0.0
50,audits,node-000,0.0,0.0,0.0,0.0,0.0,0.0,0.0,0.0,8608.76703849279,1513.9922317704338,1.0,0.0,0.0,90.54903808115023
50,audits,node-001,90.54903808115023,0.0,723.4474727002336,90549.03808115023,0.0,723447.4727002336,0.0,0.0,8608.76703849279,1513.9922317704338,1.0,-2876.5525272997666,0.0,0.0
50,audits,node-002,0.0,0.0,0.0,0.0,0.0,0.0,0.0,0.0,8608.76703849279,1513.9922317704338,1.0,0.0,0.0,0.0
50,audits,node-003,0.0,0.0,0.0,0.0,0.0,0.0,0.0,0.0,8608.76703849279,1513.9922317704338,1.0,0.0,0.0,0.0
50,audits,node-004,98.505198845901,530.326516218036,563.1135412439824,98505.198845901,530326.516218036,563113.5412439824,0.0,0.0,8608.76703849279,1513.9922317704338,1.0,-2172.4751487191756,0.0,0.0
50,audits,node-005,0.0,0.0,0.0,0.0,0.0,0.0,0.0,0.0,8608.76703849279,1513.9922317704338,1.0,0.0,0.0,0.0
50,audits,node-006,128.68517140458584,323.09909619680013,420.42066682243933,0.21528499525434722,0.5405314896206697,0.7033464716547202,525.3934199889735,597.7433366991113,8608.76703849279,1513.9922317704338,1.0,-3617.0215936117993,147.96071569190383,-525.3934199889735
50,audits,node-007,0.0,0.0,666.0776656435638,0.0,0.0,666077.6656435638,0.0,0.0,8608.76703849279,1513.9922317704338,1.0,-2882.9699305435306,0.0,0.0
50,audits,node-008,0.0,0.0,0.0,0.0,0.0,0.0,0.0,0.0,8608.76703849279,1513.9922317704338,1.0,0.0,0.0,0.0
50,audits,node-009,0.0,0.0,0.0,0.0,0.0,0.0,0.0,0.0,8608.76703849279,1513.9922317704338,1.0,0.0,0.0,0.0
50,audits,node-010,0.0,0.0,0.0,0.0,0.0,0.0,0.0,0.0,8608.76703849279,1513.9922317704338,1.0,-742.6366265783997,0.0,0.0
50,audits,node-011,0.0,0.0,0.0,0.0,0.0,0.0,0.0,0.0,8608.76703849279,1513.9922317704338,1.0,0.0,0.0,0.0
50,audits,node-012,43.68231268125763,518.3109854687724,607.0442245703517,43682.31268125763,518310.9854687724,607044.2245703518,0.0,0.0,8608.76703849279,1513.9922317704338,1.0,-1559.1554927343861,0.0,0.0
50,audits,node-013,0.0,0.0,230.41336464253283,0.0,0.0,230413.36464253283,0.0,0.0,8608.76703849279,1513.9922317704338,1.0,-1369.5866353574675,0.0,0.0
50,audits,node-014,0.0,378.60605394861676,482.3279609527362,0.0,378606.0539486167,482327.9609527362,0.0,0.0,8608.76703849279,1513.9922317704338,1.0,-1484.735636294406,0.0,0.0
50,audits,node-015,0.0,0.0,0.0,0.0,0.0,0.0,0.0,0.0,8608.76703849279,1513.9922317704338,1.0,-152.66641859657213,0.0,0.0
50,audits,node-016,160.6718345120833,0.0,233.2025598735344,160671.8345120833,0.0,233202.5598735344,0.0,0.0,8608.76703849279,1513.9922317704338,1.0,-1366.7974401264655,0.0,0.0
50,audits,node-017,0.0,509.4737747700168,523.9966964765566,0.0,509473.7747700168,523996.6964765566,0.0,0.0,8608.76703849279,1513.9922317704338,1.0,-1503.1620475876066,0.0,0.0
50,audits,node-018,120.9864271324306,0.0,158.86300246731406,120986.4271324306,0.0,158863.00246731404,0.0,0.0,8608.76703849279,1513.9922317704338,1.0,-741.1369975326859,0.0,0.0
50,audits,node-019,0.0,0.0,173.34194318596337,0.0,0.0,173341.94318596338,0.0,0.0,8608.76703849279,1513.9922317704338,1.0,-1614.6008403218632,0.0,0.0
50,audits,node-020,0.0,0.0,163.97321108834183,0.0,0.0,163973.21108834184,0.0,0.0,8608.76703849279,1513.9922317704338,1.0,-2777.92410896215,0.0,0.0
50,audits,node-021,102.75252343834477,0.0,523.8560018720733,102752.52343834477,0.0,523856.0018720733,0.0,0.0,8608.76703849279,1513.9922317704338,1.0,-1554.170957605959,0.0,0.0
50,audits,node-022,0.0,0.0,214.96162613204916,0.0,0.0,214961.62613204916,0.0,0.0,8608.76703849279,1513.9922317704338,1.0,-1485.0383738679511,0.0,0.0
50,audits,node-023,119.89820715626956,307.9309070531316,647.7209963805869,119898.20715626956,307930.9070531316,647720.9963805869,0.0,0.0,8608.76703849279,1513.9922317704338,1.0,-3033.449132982141,0.0,0.0
50,audits,node-024,0.0,0.0,0.0,0.0,0.0,0.0,0.0,0.0,8608.76703849279,1513.9922317704338,1.0,-1486.8937835679737,0.0,0.0
50,audits,node-025,0.0,0.0,0.0,0.0,0.0,0.0,0.0,0.0,8608.76703849279,1513.9922317704338,1.0,0.0,0.0,0.0
50,audits,node-026,0.0,0.0,558.6434826182116,0.0,0.0,558643.4826182115,0.0,0.0,8608.76703849279,1513.9922317704338,1.0,-1563.8214424418654,0.0,0.0
50,audits,node-027,0.0,0.0056001762103505826,0.0056001762103505826,0.0,6.112068718963809e-06,6.112068718963809e-06,605.4125649063004,916.2488950713223,8608.76703849279,1513.9922317704338,1.0,-2188.7466443981652,-46.625449524753094,-605.4125649063004
50,audits,node-028,0.0,0.0,114.59210209928929,0.0,0.0,114592.10209928929,0.0,0.0,8608.76703849279,1513.9922317704338,1.0,-185.40789790071074,0.0,0.0
50,audits,node-029,0.0,0.0,0.0,0.0,0.0,0.0,0.0,0.0,8608.76703849279,1513.9922317704338,1.0,0.0,0.0,0.0
51,greedy,node-000,0.0,0.0,0.0,0.0,0.0,0.0,0.0,0.0,8853.598241301175,184.46971956434695,0.95,0.0,0.0,-33.75364057217562
51,greedy,node-001,0.0,0.0,0.0,0.0,0.0,0.0,39.50347943474559,118.51043830423677,8853.598241301175,184.46971956434695,0.95,-73.25712000692121,-8.453542830590745,-39.50347943474559
51,greedy,node-002,0.0,0.0,0.0,0.0,0.0,0.0,0.0,0.0,8853.598241301175,184.46971956434695,0.95,0.0,0.0,0.0
51,greedy,node-003,0.6263202085955344,0.0,0.6263202085955344,626.3202085955344,0.0,626.3202085955344,0.0,0.0,8853.598241301175,184.46971956434695,0.95,-14.759210972571818,0.0,0.0
51,greedy,node-004,0.0,0.0,0.0,0.0,0.0,0.0,0.0,0.0,8853.598241301175,184.46971956434695,0.95,0.0,0.0,0.0
51,greedy,node-005,0.0,0.0,0.0,0.0,0.0,0.0,0.0,0.0,8853.598241301175,184.46971956434695,0.95,0.0,0.0,0.0
51,greedy,node-006,0.0,0.0,0.0,0.0,0.0,0.0,0.0,0.0,8853.598241301175,184.46971956434695,0.95,0.0,0.0,0.0
51,greedy,node-007,0.0,0.0,0.0,0.0,0.0,0.0,0.0,0.0,8853.598241301175,184.46971956434695,0.95,0.0,0.0,0.0
51,greedy,node-008,0.0,0.0,0.0,0.0,0.0,0.0,0.0,0.0,8853.598241301175,184.46971956434695,0.95,0.0,0.0,0.0
51,greedy,node-009,0.0,0.0,0.0,0.0,0.0,0.0,0.0,0.0,8853.598241301175,184.46971956434695,0.95,0.0,0.0,0.0
51,greedy,node-010,0.0,0.0,0.0,0.0,0.0,0.0,21.986427086703408,65.95928126011025,8853.598241301175,184.46971956434695,0.95,-58.26618299716109,1.183185228003417,-21.986427086703408
51,greedy,node-011,0.0,0.0,0.0,0.0,0.0,0.0,0.0,0.0,8853.598241301175,184.46971956434695,0.95,0.0,0.0,0.0
51,greedy,node-012,0.0,0.0,0.0,0.0,0.0,0.0,0.0,0.0,8853.598241301175,184.46971956434695,0.95,0.0,0.0,0.0
51,greedy,node-013,0.0,0.0,0.0,0.0,0.0,0.0,0.0,0.0,8853.598241301175,184.46971956434695,0.95,0.0,0.0,0.0
51,greedy,node-014,0.0,0.0,0.0,0.0,0.0,0.0,0.0,0.0,8853.598241301175,184.46971956434695,0.95,0.0,0.0,0.0
51,greedy,node-015,0.0,0.0,0.0,0.0,0.0,0.0,0.0,0.0,8853.598241301175,184.46971956434695,0.95,0.0,0.0,0.0
51,greedy,node-016,0.0,0.0,0.0,0.0,0.0,0.0,0.0,0.0,8853.598241301175,184.46971956434695,0.95,-34.48665735808376,0.0,0.0
51,greedy,node-017,0.0,0.0,0.0,0.0,0.0,0.0,0.0,0.0,8853.598241301175,184.46971956434695,0.95,0.0,0.0,0.0
51,greedy,node-018,0.0,0.0,0.0,0.0,0.0,0.0,0.0,0.0,8853.598241301175,184.46971956434695,0.95,0.0,0.0,0.0
51,greedy,node-019,0.0,0.0,0.0,0.0,0.0,0.0,0.0,0.0,8853.598241301175,184.46971956434695,0.95,0.0,0.0,0.0
51,greedy,node-020,0.0,0.0,0.0,0.0,0.0,0.0,0.0,0.0,8853.598241301175,184.46971956434695,0.95,0.0,0.0,0.0
51,greedy,node-021,0.0,0.0,0.0,0.0,0.0,0.0,0.0,0.0,8853.598241301175,184.46971956434695,0.95,-7.899385925568464,0.0,0.0
51,greedy,node-022,6.955693292294914,0.0,6.955693292294914,6955.693292294914,0.0,6955.693292294914,0.0,0.0,8853.598241301175,184.46971956434695,0.95,-33.91240287222537,0.0,0.0
51,greedy,node-023,0.0,0.0,0.0,0.0,0.0,0.0,0.0,0.0,8853.598241301175,184.46971956434695,0.95,0.0,0.0,0.0
51,greedy,node-024,0.0,0.0,0.0,0.0,0.0,0.0,0.0,0.0,8853.598241301175,184.46971956434695,0.95,0.0,0.0,0.0
51,greedy,node-025,0.0,0.0,0.0,0.0,0.0,0.0,0.0,0.0,8853.598241301175,184.46971956434695,0.95,0.0,0.0,0.0
51,greedy,node-026,0.0,0.0,0.0,0.0,0.0,0.0,0.0,0.0,8853.598241301175,184.46971956434695,0.95,-19.91962815523192,0.0,0.0
51,greedy,node-027,0.0,0.0,0.0,0.0,0.0,0.0,0.0,0.0,8853.598241301175,184.46971956434695,0.95,0.0,0.0,0.0
51,greedy,node-028,0.0,0.0,0.0,0.0,0.0,0.0,0.0,0.0,8853.598241301175,184.46971956434695,0.95,0.0,0.0,0.0
51,greedy,node-029,0.0,0.0,0.0,0.0,0.0,0.0,0.0,0.0,8853.598241301175,184.46971956434695,0.95,0.0,0.0,0.0
51,trust_vcg,node-000,0.0,0.0,0.0,0.0,0.0,0.0,0.0,0.0,8886.269929848759,1200.3686965142128,1.0,0.0,0.0,96.85007523378296
51,trust_vcg,node-001,96.85007523378296,547.0664898158477,562.258346660295,96850.07523378296,547066.4898158477,562258.346660295,0.0,0.0,8886.269929848759,1200.3686965142128,1.0,-11033.753640572173,0.0,0.0
51,trust_vcg,node-002,0.0,0.0,0.0,0.0,0.0,0.0,0.0,0.0,8886.269929848759,1200.3686965142128,1.0,0.0,0.0,0.0
51,trust_vcg,node-003,0.0,0.0,96.9641908842065,0.0,0.0,96964.1908842065,0.0,0.0,8886.269929848759,1200.3686965142128,1.0,-2168.8326444205572,0.0,0.0
51,trust_vcg,node-004,0.0,0.0,0.0,0.0,0.0,0.0,0.0,0.0,8886.269929848759,1200.3686965142128,1.0,0.0,0.0,0.0
51,trust_vcg,node-005,0.0,0.0,0.0,0.0,0.0,0.0,0.0,0.0,8886.269929848759,1200.3686965142128,1.0,0.0,0.0,0.0
51,trust_vcg,node-006,0.0,0.0,0.0,0.0,0.0,0.0,0.0,0.0,8886.269929848759,1200.3686965142128,1.0,0.0,0.0,0.0
51,trust_vcg,node-007,0.0,0.0,0.0,0.0,0.0,0.0,0.0,0.0,8886.269929848759,1200.3686965142128,1.0,0.0,0.0,0.0
51,trust_vcg,node-008,0.0,0.0,39.31088872205808,0.0,0.0,39310.88872205808,0.0,0.0,8886.269929848759,1200.3686965142128,1.0,-560.689111277942,0.0,0.0
51,trust_vcg,node-009,0.0,0.0,0.0,0.0,0.0,0.0,0.0,0.0,8886.269929848759,1200.3686965142128,1.0,0.0,0.0,0.0
51,trust_vcg,node-010,32.355909728549705,0.12737246998085539,64.83919192708049,0.051416020488050614,0.00020240461730459955,0.10303444559340619,543.013840501419,629.2962664442186,8886.269929848759,1200.3686965142128,1.0,-6064.584446987119,-12.942363891420086,-543.013840501419
51,trust_vcg,node-011,0.0,0.0,0.0,0.0,0.0,0.0,0.0,0.0,8886.269929848759,1200.3686965142128,1.0,0.0,0.0,0.0
51,trust_vcg,node-012,0.0,0.0,0.0,0.0,0.0,0.0,0.0,0.0,8886.269929848759,1200.3686965142128,1.0,0.0,0.0,0.0
51,trust_vcg,node-013,0.0,0.0,0.0,0.0,0.0,0.0,0.0,0.0,8886.269929848759,1200.3686965142128,1.0,0.0,0.0,0.0
51,trust_vcg,node-014,0.0,0.0,0.0,0.0,0.0,0.0,0.0,0.0,8886.269929848759,1200.3686965142128,1.0,0.0,0.0,0.0
51,trust_vcg,node-015,0.0,0.0,0.0,0.0,0.0,0.0,0.0,0.0,8886.269929848759,1200.3686965142128,1.0,0.0,0.0,0.0
51,trust_vcg,node-016,0.0,0.0,0.0,0.0,0.0,0.0,0.0,0.0,8886.269929848759,1200.3686965142128,1.0,-5537.241874972257,0.0,0.0
51,trust_vcg,node-017,0.0,0.0,0.0,0.0,0.0,0.0,0.0,0.0,8886.269929848759,1200.3686965142128,1.0,0.0,0.0,0.0
51,trust_vcg,node-018,0.0,0.0,0.0,0.0,0.0,0.0,0.0,0.0,8886.269929848759,1200.3686965142128,1.0,0.0,0.0,0.0
51,trust_vcg,node-019,0.0,0.0,0.0,0.0,0.0,0.0,0.0,0.0,8886.269929848759,1200.3686965142128,1.0,0.0,0.0,0.0
51,trust_vcg,node-020,0.0,0.0,0.0,0.0,0.0,0.0,0.0,0.0,8886.269929848759,1200.3686965142128,1.0,0.0,0.0,0.0
51,trust_vcg,node-021,0.0,0.0,46.493975313399694,0.0,0.0,46493.97531339969,0.0,0.0,8886.269929848759,1200.3686965142128,1.0,-553.5060246866003,0.0,0.0
51,trust_vcg,node-022,18.230738722320666,163.2313515691054,447.4143514646112,0.03192368911958539,0.28583300991977273,0.7834634065765934,522.4571268104726,571.0724300699943,8886.269929848759,1200.3686965142128,1.0,-11569.829654424406,-7.292295488928403,-522.4571268104726
51,trust_vcg,node-023,0.0,0.0,0.0,0.0,0.0,0.0,0.0,0.0,8886.269929848759,1200.3686965142128,1.0,0.0,0.0,0.0
51,trust_vcg,node-024,0.0,0.0,0.0,0.0,0.0,0.0,0.0,0.0,8886.269929848759,1200.3686965142128,1.0,0.0,0.0,0.0
51,trust_vcg,node-025,0.0,0.0,0.0,0.0,0.0,0.0,0.0,0.0,8886.269929848759,1200.3686965142128,1.0,0.0,0.0,0.0
51,trust_vcg,node-026,0.0,0.0,457.74844597012753,0.0,0.0,457748.44597012753,0.0,0.0,8886.269929848759,1200.3686965142128,1.0,-5542.251554029874,0.0,0.0
51,trust_vcg,node-027,0.0,0.0,0.0,0.0,0.0,0.0,0.0,0.0,8886.269929848759,1200.3686965142128,1.0,0.0,0.0,0.0
51,trust_vcg,node-028,0.0,0.0,0.0,0.0,0.0,0.0,0.0,0.0,8886.269929848759,1200.3686965142128,1.0,0.0,0.0,0.0
51,trust_vcg,node-029,0.0,0.0,0.0,0.0,0.0,0.0,0.0,0.0,8886.269929848759,1200.3686965142128,1.0,0.0,0.0,0.0
51,contingent,node-000,0.0,0.0,0.0,0.0,0.0,0.0,0.0,0.0,8886.269929848759,202.346593803482,1.0,0.0,0.0,-1.9828501387211732
51,contingent,node-001,0.0,47.06648981584776,47.06648981584776,0.0,47066.48981584776,47066.48981584776,0.0,0.0,8886.269929848759,202.346593803482,1.0,-135.01456228870248,0.0,0.0
51,contingent,node-002,0.0,0.0,0.0,0.0,0.0,0.0,0.0,0.0,8886.269929848759,202.346593803482,1.0,0.0,0.0,0.0
51,contingent,node-003,0.0,0.0,0.0,0.0,0.0,0.0,0.0,0.0,8886.269929848759,202.346593803482,1.0,-21.615130080178087,0.0,0.0
51,contingent,node-004,0.0,0.0,0.0,0.0,0.0,0.0,0.0,0.0,8886.269929848759,202.346593803482,1.0,0.0,0.0,0.0
51,contingent,node-005,0.0,0.0,0.0,0.0,0.0,0.0,0.0,0.0,8886.269929848759,202.346593803482,1.0,0.0,0.0,0.0
51,contingent,node-006,0.0,0.0,0.0,0.0,0.0,0.0,0.0,0.0,8886.269929848759,202.346593803482,1.0,0.0,0.0,0.0
51,contingent,node-007,0.0,0.0,0.0,0.0,0.0,0.0,0.0,0.0,8886.269929848759,202.346593803482,1.0,0.0,0.0,0.0
51,contingent,node-008,0.0,0.0,0.0,0.0,0.0,0.0,0.0,0.0,8886.269929848759,202.346593803482,1.0,-42.75644511176769,0.0,0.0
51,contingent,node-009,0.0,0.0,0.0,0.0,0.0,0.0,0.0,0.0,8886.269929848759,202.346593803482,1.0,0.0,0.0,0.0
51,contingent,node-010,75.16387629543757,0.0,89.25657168406775,0.580758483736244,0.0,0.689646593411269,43.14121297139979,129.4236389141994,8886.269929848759,202.346593803482,1.0,-129.42363891419936,-12.942363891419937,-43.14121297139979
51,contingent,node-011,0.0,0.0,0.0,0.0,0.0,0.0,0.0,0.0,8886.269929848759,202.346593803482,1.0,0.0,0.0,0.0
51,contingent,node-012,0.0,0.0,0.0,0.0,0.0,0.0,0.0,0.0,8886.269929848759,202.346593803482,1.0,0.0,0.0,0.0
51,contingent,node-013,0.0,0.0,0.0,0.0,0.0,0.0,0.0,0.0,8886.269929848759,202.346593803482,1.0,0.0,0.0,0.0
51,contingent,node-014,0.0,0.0,0.0,0.0,0.0,0.0,0.0,0.0,8886.269929848759,202.346593803482,1.0,0.0,0.0,0.0
51,contingent,node-015,0.0,0.0,0.0,0.0,0.0,0.0,0.0,0.0,8886.269929848759,202.346593803482,1.0,0.0,0.0,0.0
51,contingent,node-016,0.0,0.0,0.0,0.0,0.0,0.0,0.0,0.0,8886.269929848759,202.346593803482,1.0,-148.96749988902687,0.0,0.0
51,contingent,node-017,0.0,0.0,0.0,0.0,0.0,0.0,0.0,0.0,8886.269929848759,202.346593803482,1.0,0.0,0.0,0.0
51,contingent,node-018,0.0,0.0,0.0,0.0,0.0,0.0,0.0,0.0,8886.269929848759,202.346593803482,1.0,0.0,0.0,0.0
51,contingent,node-019,0.0,0.0,0.0,0.0,0.0,0.0,0.0,0.0,8886.269929848759,202.346593803482,1.0,0.0,0.0,0.0
51,contingent,node-020,0.0,0.0,0.0,0.0,0.0,0.0,0.0,0.0,8886.269929848759,202.346593803482,1.0,0.0,0.0,0.0
51,contingent,node-021,0.0,0.0,0.0,0.0,0.0,0.0,0.0,0.0,8886.269929848759,202.346593803482,1.0,-14.02409874640123,0.0,0.0
51,contingent,node-022,18.230738722320655,11.38082674981715,24.83805617741862,0.25,0.15606645077803577,0.3406068255891401,24.307651629760873,72.92295488928262,8886.269929848759,202.346593803482,1.0,-213.79776208550376,-7.292295488928257,-24.307651629760873
51,contingent,node-023,0.0,0.0,0.0,0.0,0.0,0.0,0.0,0.0,8886.269929848759,202.346593803482,1.0,0.0,0.0,0.0
51,contingent,node-024,0.0,0.0,0.0,0.0,0.0,0.0,0.0,0.0,8886.269929848759,202.346593803482,1.0,0.0,0.0,0.0
51,contingent,node-025,0.0,0.0,0.0,0.0,0.0,0.0,0.0,0.0,8886.269929848759,202.346593803482,1.0,0.0,0.0,0.0
51,contingent,node-026,0.0,0.0,7.823069753327264,0.0,0.0,7823.069753327264,0.0,0.0,8886.269929848759,202.346593803482,1.0,-169.0062161194901,0.0,0.0
51,contingent,node-027,0.0,0.0,0.0,0.0,0.0,0.0,0.0,0.0,8886.269929848759,202.346593803482,1.0,0.0,0.0,0.0
51,contingent,node-028,0.0,0.0,0.0,0.0,0.0,0.0,0.0,0.0,8886.269929848759,202.346593803482,1.0,0.0,0.0,0.0
51,contingent,node-029,0.0,0.0,0.0,0.0,0.0,0.0,0.0,0.0,8886.269929848759,202.346593803482,1.0,0.0,0.0,0.0
51,capped,node-000,0.0,0.0,0.0,0.0,0.0,0.0,0.0,0.0,8886.269929848759,202.346593803482,1.0,0.0,0.0,-1.9828501387211732
51,capped,node-001,0.0,47.06648981584776,47.06648981584776,0.0,47066.48981584776,47066.48981584776,0.0,0.0,8886.269929848759,202.346593803482,1.0,-33.75364057217562,0.0,0.0
51,capped,node-002,0.0,0.0,0.0,0.0,0.0,0.0,0.0,0.0,8886.269929848759,202.346593803482,1.0,0.0,0.0,0.0
51,capped,node-003,0.0,0.0,0.0,0.0,0.0,0.0,0.0,0.0,8886.269929848759,202.346593803482,1.0,-5.403782520044522,0.0,0.0
51,capped,node-004,0.0,0.0,0.0,0.0,0.0,0.0,0.0,0.0,8886.269929848759,202.346593803482,1.0,0.0,0.0,0.0
51,capped,node-005,0.0,0.0,0.0,0.0,0.0,0.0,0.0,0.0,8886.269929848759,202.346593803482,1.0,0.0,0.0,0.0
51,capped,node-006,0.0,0.0,0.0,0.0,0.0,0.0,0.0,0.0,8886.269929848759,202.346593803482,1.0,0.0,0.0,0.0
51,capped,node-007,0.0,0.0,0.0,0.0,0.0,0.0,0.0,0.0,8886.269929848759,202.346593803482,1.0,0.0,0.0,0.0
51,capped,node-008,0.0,0.0,0.0,0.0,0.0,0.0,0.0,0.0,8886.269929848759,202.346593803482,1.0,-10.689111277941919,0.0,0.0
51,capped,node-009,0.0,0.0,0.0,0.0,0.0,0.0,0.0,0.0,8886.269929848759,202.346593803482,1.0,0.0,0.0,0.0
51,capped,node-010,75.16387629543757,0.0,89.25657168406775,0.580758483736244,0.0,0.689646593411269,43.14121297139979,129.4236389141994,8886.269929848759,202.346593803482,1.0,-64.71181945709968,-12.942363891419937,-43.14121297139979
51,capped,node-011,0.0,0.0,0.0,0.0,0.0,0.0,0.0,0.0,8886.269929848759,202.346593803482,1.0,0.0,0.0,0.0
51,capped,node-012,0.0,0.0,0.0,0.0,0.0,0.0,0.0,0.0,8886.269929848759,202.346593803482,1.0,0.0,0.0,0.0
51,capped,node-013,0.0,0.0,0.0,0.0,0.0,0.0,0.0,0.0,8886.269929848759,202.346593803482,1.0,0.0,0.0,0.0
51,capped,node-014,0.0,0.0,0.0,0.0,0.0,0.0,0.0,0.0,8886.269929848759,202.346593803482,1.0,0.0,0.0,0.0
51,capped,node-015,0.0,0.0,0.0,0.0,0.0,0.0,0.0,0.0,8886.269929848759,202.346593803482,1.0,0.0,0.0,0.0
51,capped,node-016,0.0,0.0,9.631437229799323,0.0,0.0,9631.437229799323,0.0,0.0,8886.269929848759,202.346593803482,1.0,-37.24187497225671,0.0,0.0
51,capped,node-017,0.0,0.0,0.0,0.0,0.0,0.0,0.0,0.0,8886.269929848759,202.346593803482,1.0,0.0,0.0,0.0
51,capped,node-018,0.0,0.0,0.0,0.0,0.0,0.0,0.0,0.0,8886.269929848759,202.346593803482,1.0,0.0,0.0,0.0
51,capped,node-019,0.0,0.0,0.0,0.0,0.0,0.0,0.0,0.0,8886.269929848759,202.346593803482,1.0,0.0,0.0,0.0
51,capped,node-020,0.0,0.0,0.0,0.0,0.0,0.0,0.0,0.0,8886.269929848759,202.346593803482,1.0,0.0,0.0,0.0
51,capped,node-021,0.0,0.0,0.0,0.0,0.0,0.0,0.0,0.0,8886.269929848759,202.346593803482,1.0,-3.5060246866003073,0.0,0.0
51,capped,node-022,18.230738722320655,11.38082674981715,24.83805617741862,0.25,0.15606645077803577,0.3406068255891401,24.307651629760873,72.92295488928262,8886.269929848759,202.346593803482,1.0,-71.6801792436966,-7.292295488928257,-24.307651629760873
51,capped,node-023,0.0,0.0,0.0,0.0,0.0,0.0,0.0,0.0,8886.269929848759,202.346593803482,1.0,0.0,0.0,0.0
51,capped,node-024,0.0,0.0,0.0,0.0,0.0,0.0,0.0,0.0,8886.269929848759,202.346593803482,1.0,0.0,0.0,0.0
51,capped,node-025,0.0,0.0,0.0,0.0,0.0,0.0,0.0,0.0,8886.269929848759,202.346593803482,1.0,0.0,0.0,0.0
51,capped,node-026,0.0,0.0,7.823069753327264,0.0,0.0,7823.069753327264,0.0,0.0,8886.269929848759,202.346593803482,1.0,-42.25155402987252,0.0,0.0
51,capped,node-027,0.0,0.0,0.0,0.0,0.0,0.0,0.0,0.0,8886.269929848759,202.346593803482,1.0,0.0,0.0,0.0
51,capped,node-028,0.0,0.0,0.0,0.0,0.0,0.0,0.0,0.0,8886.269929848759,202.346593803482,1.0,0.0,0.0,0.0
51,capped,node-029,0.0,0.0,0.0,0.0,0.0,0.0,0.0,0.0,8886.269929848759,202.346593803482,1.0,0.0,0.0,0.0
51,proper_scoring,node-000,0.0,0.0,0.0,0.0,0.0,0.0,0.0,0.0,8886.269929848759,1200.3686965142128,1.0,0.0,0.0,96.85007523378296
51,proper_scoring,node-001,96.85007523378296,547.0664898158477,913.2190111676042,96850.07523378296,547066.4898158477,913219.0111676042,0.0,0.0,8886.269929848759,1200.3686965142128,1.0,-135.01456228870248,0.0,0.0
51,proper_scoring,node-002,0.0,0.0,0.0,0.0,0.0,0.0,0.0,0.0,8886.269929848759,1200.3686965142128,1.0,0.0,0.0,0.0
51,proper_scoring,node-003,0.0,0.0,139.72372733420636,0.0,0.0,139723.72733420634,0.0,0.0,8886.269929848759,1200.3686965142128,1.0,-21.615130080178087,0.0,0.0
51,proper_scoring,node-004,0.0,0.0,0.0,0.0,0.0,0.0,0.0,0.0,8886.269929848759,1200.3686965142128,1.0,0.0,0.0,0.0
51,proper_scoring,node-005,0.0,0.0,0.0,0.0,0.0,0.0,0.0,0.0,8886.269929848759,1200.3686965142128,1.0,0.0,0.0,0.0
51,proper_scoring,node-006,0.0,0.0,0.0,0.0,0.0,0.0,0.0,0.0,8886.269929848759,1200.3686965142128,1.0,0.0,0.0,0.0
51,proper_scoring,node-007,0.0,0.0,0.0,0.0,0.0,0.0,0.0,0.0,8886.269929848759,1200.3686965142128,1.0,0.0,0.0,0.0
51,proper_scoring,node-008,0.0,0.0,39.31088872205808,0.0,0.0,39310.88872205808,0.0,0.0,8886.269929848759,1200.3686965142128,1.0,-42.75644511176769,0.0,0.0
51,proper_scoring,node-009,0.0,0.0,0.0,0.0,0.0,0.0,0.0,0.0,8886.269929848759,1200.3686965142128,1.0,0.0,0.0,0.0
51,proper_scoring,node-010,32.355909728549705,0.12737246998085539,64.83919192708049,0.051416020488050614,0.00020240461730459955,0.10303444559340619,543.013840501419,629.2962664442186,8886.269929848759,1200.3686965142128,1.0,-629.2962664442186,-12.942363891420086,-543.013840501419
51,proper_scoring,node-011,0.0,0.0,0.0,0.0,0.0,0.0,0.0,0.0,8886.269929848759,1200.3686965142128,1.0,0.0,0.0,0.0
51,proper_scoring,node-012,0.0,0.0,0.0,0.0,0.0,0.0,0.0,0.0,8886.269929848759,1200.3686965142128,1.0,0.0,0.0,0.0
51,proper_scoring,node-013,0.0,0.0,0.0,0.0,0.0,0.0,0.0,0.0,8886.269929848759,1200.3686965142128,1.0,0.0,0.0,0.0
51,proper_scoring,node-014,0.0,0.0,0.0,0.0,0.0,0.0,0.0,0.0,8886.269929848759,1200.3686965142128,1.0,0.0,0.0,0.0
51,proper_scoring,node-015,0.0,0.0,0.0,0.0,0.0,0.0,0.0,0.0,8886.269929848759,1200.3686965142128,1.0,0.0,0.0,0.0
51,proper_scoring,node-016,0.0,0.0,399.2686461421187,0.0,0.0,399268.6461421187,0.0,0.0,8886.269929848759,1200.3686965142128,1.0,-148.96749988902687,0.0,0.0
51,proper_scoring,node-017,0.0,0.0,0.0,0.0,0.0,0.0,0.0,0.0,8886.269929848759,1200.3686965142128,1.0,0.0,0.0,0.0
51,proper_scoring,node-018,0.0,0.0,0.0,0.0,0.0,0.0,0.0,0.0,8886.269929848759,1200.3686965142128,1.0,0.0,0.0,0.0
51,proper_scoring,node-019,0.0,0.0,0.0,0.0,0.0,0.0,0.0,0.0,8886.269929848759,1200.3686965142128,1.0,0.0,0.0,0.0
51,proper_scoring,node-020,0.0,0.0,0.0,0.0,0.0,0.0,0.0,0.0,8886.269929848759,1200.3686965142128,1.0,0.0,0.0,0.0
51,proper_scoring,node-021,0.0,0.0,46.493975313399694,0.0,0.0,46493.97531339969,0.0,0.0,8886.269929848759,1200.3686965142128,1.0,-14.02409874640123,0.0,0.0
51,proper_scoring,node-022,18.230738722320666,163.2313515691054,447.4143514646112,0.03192368911958539,0.28583300991977273,0.7834634065765934,522.4571268104726,571.0724300699943,8886.269929848759,1200.3686965142128,1.0,-711.9472372662154,-7.292295488928403,-522.4571268104726
51,proper_scoring,node-023,0.0,0.0,0.0,0.0,0.0,0.0,0.0,0.0,8886.269929848759,1200.3686965142128,1.0,0.0,0.0,0.0
51,proper_scoring,node-024,0.0,0.0,0.0,0.0,0.0,0.0,0.0,0.0,8886.269929848759,1200.3686965142128,1.0,0.0,0.0,0.0
51,proper_scoring,node-025,0.0,0.0,0.0,0.0,0.0,0.0,0.0,0.0,8886.269929848759,1200.3686965142128,1.0,0.0,0.0,0.0
51,proper_scoring,node-026,0.0,0.0,457.74844597012753,0.0,0.0,457748.44597012753,0.0,0.0,8886.269929848759,1200.3686965142128,1.0,-169.0062161194901,0.0,0.0
51,proper_scoring,node-027,0.0,0.0,0.0,0.0,0.0,0.0,0.0,0.0,8886.269929848759,1200.3686965142128,1.0,0.0,0.0,0.0
51,proper_scoring,node-028,0.0,0.0,0.0,0.0,0.0,0.0,0.0,0.0,8886.269929848759,1200.3686965142128,1.0,0.0,0.0,0.0
51,proper_scoring,node-029,0.0,0.0,0.0,0.0,0.0,0.0,0.0,0.0,8886.269929848759,1200.3686965142128,1.0,0.0,0.0,0.0
51,audits,node-000,0.0,0.0,0.0,0.0,0.0,0.0,0.0,0.0,8886.269929848759,1200.3686965142128,1.0,0.0,0.0,96.85007523378296
51,audits,node-001,96.85007523378296,547.0664898158477,562.258346660295,96850.07523378296,547066.4898158477,562258.346660295,0.0,0.0,8886.269929848759,1200.3686965142128,1.0,-2033.7536405721758,0.0,0.0
51,audits,node-002,0.0,0.0,0.0,0.0,0.0,0.0,0.0,0.0,8886.269929848759,1200.3686965142128,1.0,0.0,0.0,0.0
51,audits,node-003,0.0,0.0,103.08166359285613,0.0,0.0,103081.66359285613,0.0,0.0,8886.269929848759,1200.3686965142128,1.0,-668.8326444205572,0.0,0.0
51,audits,node-004,0.0,0.0,0.0,0.0,0.0,0.0,0.0,0.0,8886.269929848759,1200.3686965142128,1.0,0.0,0.0,0.0
51,audits,node-005,0.0,0.0,0.0,0.0,0.0,0.0,0.0,0.0,8886.269929848759,1200.3686965142128,1.0,0.0,0.0,0.0
51,audits,node-006,0.0,0.0,0.0,0.0,0.0,0.0,0.0,0.0,8886.269929848759,1200.3686965142128,1.0,0.0,0.0,0.0
51,audits,node-007,0.0,0.0,0.0,0.0,0.0,0.0,0.0,0.0,8886.269929848759,1200.3686965142128,1.0,0.0,0.0,0.0
51,audits,node-008,0.0,0.0,39.31088872205808,0.0,0.0,39310.88872205808,0.0,0.0,8886.269929848759,1200.3686965142128,1.0,-60.68911127794192,0.0,0.0
51,audits,node-009,0.0,0.0,0.0,0.0,0.0,0.0,0.0,0.0,8886.269929848759,1200.3686965142128,1.0,0.0,0.0,0.0
51,audits,node-010,32.355909728549705,0.12737246998085539,64.83919192708049,0.051416020488050614,0.00020240461730459955,0.10303444559340619,543.013840501419,629.2962664442186,8886.269929848759,1200.3686965142128,1.0,-1064.584446987119,-12.942363891420086,-543.013840501419
51,audits,node-011,0.0,0.0,0.0,0.0,0.0,0.0,0.0,0.0,8886.269929848759,1200.3686965142128,1.0,0.0,0.0,0.0
51,audits,node-012,0.0,0.0,0.0,0.0,0.0,0.0,0.0,0.0,8886.269929848759,1200.3686965142128,1.0,0.0,0.0,0.0
51,audits,node-013,0.0,0.0,0.0,0.0,0.0,0.0,0.0,0.0,8886.269929848759,1200.3686965142128,1.0,0.0,0.0,0.0
51,audits,node-014,0.0,0.0,0.0,0.0,0.0,0.0,0.0,0.0,8886.269929848759,1200.3686965142128,1.0,0.0,0.0,0.0
51,audits,node-015,0.0,0.0,0.0,0.0,0.0,0.0,0.0,0.0,8886.269929848759,1200.3686965142128,1.0,0.0,0.0,0.0
51,audits,node-016,0.0,0.0,362.75812502774335,0.0,0.0,362758.12502774334,0.0,0.0,8886.269929848759,1200.3686965142128,1.0,-537.2418749722567,0.0,0.0
51,audits,node-017,0.0,0.0,0.0,0.0,0.0,0.0,0.0,0.0,8886.269929848759,1200.3686965142128,1.0,0.0,0.0,0.0
51,audits,node-018,0.0,0.0,0.0,0.0,0.0,0.0,0.0,0.0,8886.269929848759,1200.3686965142128,1.0,0.0,0.0,0.0
51,audits,node-019,0.0,0.0,0.0,0.0,0.0,0.0,0.0,0.0,8886.269929848759,1200.3686965142128,1.0,0.0,0.0,0.0
51,audits,node-020,0.0,0.0,0.0,0.0,0.0,0.0,0.0,0.0,8886.269929848759,1200.3686965142128,1.0,0.0,0.0,0.0
51,audits,node-021,0.0,0.0,46.493975313399694,0.0,0.0,46493.97531339969,0.0,0.0,8886.269929848759,1200.3686965142128,1.0,-53.506024686600306,0.0,0.0
51,audits,node-022,18.230738722320666,163.2313515691054,447.4143514646112,0.03192368911958539,0.28583300991977273,0.7834634065765934,522.4571268104726,571.0724300699943,8886.269929848759,1200.3686965142128,1.0,-2569.8296544244085,-7.292295488928403,-522.4571268104726
51,audits,node-023,0.0,0.0,0.0,0.0,0.0,0.0,0.0,0.0,8886.269929848759,1200.3686965142128,1.0,0.0,0.0,0.0
51,audits,node-024,0.0,0.0,0.0,0.0,0.0,0.0,0.0,0.0,8886.269929848759,1200.3686965142128,1.0,0.0,0.0,0.0
51,audits,node-025,0.0,0.0,0.0,0.0,0.0,0.0,0.0,0.0,8886.269929848759,1200.3686965142128,1.0,0.0,0.0,0.0
51,audits,node-026,0.0,0.0,457.74844597012753,0.0,0.0,457748.44597012753,0.0,0.0,8886.269929848759,1200.3686965142128,1.0,-542.2515540298724,0.0,0.0
51,audits,node-027,0.0,0.0,0.0,0.0,0.0,0.0,0.0,0.0,8886.269929848759,1200.3686965142128,1.0,0.0,0.0,0.0
51,audits,node-028,0.0,0.0,0.0,0.0,0.0,0.0,0.0,0.0,8886.269929848759,1200.3686965142128,1.0,0.0,0.0,0.0
51,audits,node-029,0.0,0.0,0.0,0.0,0.0,0.0,0.0,0.0,8886.269929848759,1200.3686965142128,1.0,0.0,0.0,0.0
53,greedy,node-000,0.0,0.0,0.0,0.0,0.0,0.0,0.0,0.0,4197.04708717925,535.2822815132346,0.85,0.0,0.0,0.0
53,greedy,node-001,0.0,0.0,0.0,0.0,0.0,0.0,0.0,0.0,4197.04708717925,535.2822815132346,0.85,0.0,0.0,0.0
53,greedy,node-002,39.23421984125493,0.0,39.23421984125493,39234.219841254926,0.0,39234.219841254926,0.0,0.0,4197.04708717925,535.2822815132346,0.85,-100.28261217143532,0.0,0.0
53,greedy,node-003,0.0,0.0,0.0,0.0,0.0,0.0,0.0,0.0,4197.04708717925,535.2822815132346,0.85,-36.79777422321643,0.0,0.0
53,greedy,node-004,0.0,0.0,0.0,0.0,0.0,0.0,0.0,0.0,4197.04708717925,535.2822815132346,0.85,0.0,0.0,0.0
53,greedy,node-005,0.0,0.0,0.0,0.0,0.0,0.0,0.0,0.0,4197.04708717925,535.2822815132346,0.85,0.0,0.0,0.0
53,greedy,node-006,0.0,0.0,0.0,0.0,0.0,0.0,75.41862643356102,226.25587930068303,4197.04708717925,535.2822815132346,0.85,-185.85501151006508,-4.794066685250968,-75.41862643356102
53,greedy,node-007,0.0,0.0,0.0,0.0,0.0,0.0,0.0,0.0,4197.04708717925,535.2822815132346,0.85,0.0,0.0,0.0
53,greedy,node-008,0.0,0.0,0.0,0.0,0.0,0.0,38.81707823587928,116.45123470763784,4197.04708717925,535.2822815132346,0.85,-145.44257548246648,22.308470452334134,-38.81707823587928
53,greedy,node-009,0.0,0.0,0.0,0.0,0.0,0.0,0.0,0.0,4197.04708717925,535.2822815132346,0.85,0.0,0.0,0.0
53,greedy,node-010,0.0,0.0,0.0,0.0,0.0,0.0,0.0,0.0,4197.04708717925,535.2822815132346,0.85,0.0,0.0,0.0
53,greedy,node-011,0.0,0.0,0.0,0.0,0.0,0.0,0.0,0.0,4197.04708717925,535.2822815132346,0.85,0.0,0.0,0.0
53,greedy,node-012,38.62280016161186,0.0,38.62280016161186,38622.80016161186,0.0,38622.80016161186,0.0,0.0,4197.04708717925,535.2822815132346,0.85,-111.90301190350107,50.43642603212761,0.0
53,greedy,node-013,0.0,0.0,0.0,0.0,0.0,0.0,0.0,0.0,4197.04708717925,535.2822815132346,0.85,0.0,0.0,0.0
53,greedy,node-014,0.0,0.0,0.0,0.0,0.0,0.0,0.0,0.0,4197.04708717925,535.2822815132346,0.85,-64.70806594367293,0.0,0.0
53,greedy,node-015,33.30014039956939,0.0,33.30014039956939,33300.14039956939,0.0,33300.14039956939,0.0,0.0,4197.04708717925,535.2822815132346,0.85,-116.33214558826218,26.197310887249476,0.0
53,greedy,node-016,0.0,0.0,0.0,0.0,0.0,0.0,0.0,0.0,4197.04708717925,535.2822815132346,0.85,-22.61777022731554,0.0,0.0
53,greedy,node-017,0.0,0.0,0.0,0.0,0.0,0.0,0.0,0.0,4197.04708717925,535.2822815132346,0.85,0.0,0.0,0.0
53,greedy,node-018,0.0,0.0,0.0,0.0,0.0,0.0,0.0,0.0,4197.04708717925,535.2822815132346,0.85,-97.49439773926295,0.0,0.0
53,greedy,node-019,0.0,0.0,0.0,0.0,0.0,0.0,64.19172250163788,192.57516750491365,4197.04708717925,535.2822815132346,0.85,-141.37838070024821,-8.247750737763901,-64.19172250163788
53,greedy,node-020,0.0,0.0,0.0,0.0,0.0,0.0,0.0,0.0,4197.04708717925,535.2822815132346,0.85,-66.10965137381366,0.0,0.0
53,greedy,node-021,32.91068666350247,0.0,32.91068666350247,32910.68666350246,0.0,32910.68666350246,0.0,0.0,4197.04708717925,535.2822815132346,0.85,-112.74087629183771,43.51423172730073,0.0
53,greedy,node-022,0.0,0.0,0.0,0.0,0.0,0.0,0.0,0.0,4197.04708717925,535.2822815132346,0.85,0.0,0.0,0.0
53,greedy,node-023,0.0,0.0,0.0,0.0,0.0,0.0,0.0,0.0,4197.04708717925,535.2822815132346,0.85,0.0,0.0,0.0
53,greedy,node-024,0.0,0.0,0.0,0.0,0.0,0.0,0.0,0.0,4197.04708717925,535.2822815132346,0.85,0.0,0.0,0.0
53,greedy,node-025,0.0,0.0,0.0,0.0,0.0,0.0,0.0,0.0,4197.04708717925,535.2822815132346,0.85,0.0,0.0,0.0
53,greedy,node-026,0.0,0.0,0.0,0.0,0.0,0.0,0.0,0.0,4197.04708717925,535.2822815132346,0.85,0.0,0.0,0.0
53,greedy,node-027,0.0,0.0,0.0,0.0,0.0,0.0,0.0,0.0,4197.04708717925,535.2822815132346,0.85,0.0,0.0,0.0
53,greedy,node-028,0.0,0.0,0.0,0.0,0.0,0.0,0.0,0.0,4197.04708717925,535.2822815132346,0.85,0.0,0.0,0.0
53,greedy,node-029,0.0,0.0,0.0,0.0,0.0,0.0,0.0,0.0,4197.04708717925,535.2822815132346,0.85,0.0,0.0,0.0
53,trust_vcg,node-000,0.0,0.0,208.98318219855878,0.0,0.0,208983.1821985588,0.0,0.0,8526.496171032028,1539.2753703398062,1.0,-3991.016817801441,0.0,0.0
53,trust_vcg,node-001,0.0,0.0,0.0,0.0,0.0,0.0,0.0,0.0,8526.496171032028,1539.2753703398062,1.0,0.0,0.0,0.0
53,trust_vcg,node-002,0.0,0.0,368.2858822615492,0.0,0.0,368285.8822615492,0.0,0.0,8526.496171032028,1539.2753703398062,1.0,-10016.621205786032,0.0,0.0
53,trust_vcg,node-003,137.8186117724546,0.0,416.2010265914672,137818.6117724546,0.0,416201.0265914672,0.0,0.0,8526.496171032028,1539.2753703398062,1.0,-4983.798973408533,0.0,0.0
53,trust_vcg,node-004,0.0,0.0,86.74871947624256,0.0,0.0,86748.71947624255,0.0,0.0,8526.496171032028,1539.2753703398062,1.0,-2313.2512805237575,0.0,0.0
53,trust_vcg,node-005,0.0,0.0,0.0,0.0,0.0,0.0,0.0,0.0,8526.496171032028,1539.2753703398062,1.0,0.0,0.0,0.0
53,trust_vcg,node-006,46.254975373065236,0.7544142270294287,80.63480395245006,0.030049837907075792,0.0004901099839354191,0.052384911437028545,1112.588847295249,1539.2753703398062,8526.496171032028,1539.2753703398062,1.0,-12223.025232371756,-11.351189043369686,-787.1635548872557
53,trust_vcg,node-007,0.0,0.0,40.4714330663076,0.0,0.0,40471.433066307596,0.0,0.0,8526.496171032028,1539.2753703398062,1.0,-1759.5285669336927,0.0,0.0
53,trust_vcg,node-008,0.0,0.0,279.08984880540913,0.0,0.0,279089.8488054091,0.0,0.0,8526.496171032028,1539.2753703398062,1.0,-10483.649006704174,0.0,0.0
53,trust_vcg,node-009,0.0,0.0,98.97662417478402,0.0,0.0,98976.62417478402,0.0,0.0,8526.496171032028,1539.2753703398062,1.0,-2301.023375825216,0.0,0.0
53,trust_vcg,node-010,0.0,0.0,0.0,0.0,0.0,0.0,0.0,0.0,8526.496171032028,1539.2753703398062,1.0,0.0,0.0,0.0
53,trust_vcg,node-011,0.0,0.0,0.0,0.0,0.0,0.0,0.0,0.0,8526.496171032028,1539.2753703398062,1.0,0.0,0.0,0.0
53,trust_vcg,node-012,0.0,0.0,0.0,0.0,0.0,0.0,0.0,0.0,8526.496171032028,1539.2753703398062,1.0,-5577.245600323224,0.0,0.0
53,trust_vcg,node-013,0.0,0.0,0.0,0.0,0.0,0.0,0.0,0.0,8526.496171032028,1539.2753703398062,1.0,0.0,0.0,0.0
53,trust_vcg,node-014,23.503728712121813,0.0,239.58191092017753,23503.72871212181,0.0,239581.91092017753,0.0,0.0,8526.496171032028,1539.2753703398062,1.0,-5080.015169178823,0.0,0.0
53,trust_vcg,node-015,178.16459180837364,624.1911138133157,624.1911138133157,178164.59180837363,624191.1138133158,624191.1138133158,0.0,0.0,8526.496171032028,1539.2753703398062,1.0,-5591.1637279637225,0.0,0.0
53,trust_vcg,node-016,0.0,0.0,322.27784252387755,0.0,0.0,322277.84252387757,0.0,0.0,8526.496171032028,1539.2753703398062,1.0,-4986.897794262182,0.0,0.0
53,trust_vcg,node-017,0.0,0.0,0.0,0.0,0.0,0.0,0.0,0.0,8526.496171032028,1539.2753703398062,1.0,0.0,0.0,0.0
53,trust_vcg,node-018,0.0,0.0,0.0,0.0,0.0,0.0,0.0,0.0,8526.496171032028,1539.2753703398062,1.0,-5623.658583451677,0.0,0.0
53,trust_vcg,node-019,0.0,0.0,0.0,0.0,0.0,0.0,0.0,0.0,8526.496171032028,1539.2753703398062,1.0,-5577.18665819861,0.0,0.0
53,trust_vcg,node-020,0.0,173.89872632593418,173.89872632593418,0.0,173898.72632593417,173898.72632593417,0.0,0.0,8526.496171032028,1539.2753703398062,1.0,-3951.2761203635305,0.0,0.0
53,trust_vcg,node-021,0.0,0.0,126.55144592632935,0.0,0.0,126551.44592632935,0.0,0.0,8526.496171032028,1539.2753703398062,1.0,-10445.664291585626,0.0,0.0
53,trust_vcg,node-022,0.0,0.0,26.87418695123128,0.0,0.0,26874.18695123128,0.0,0.0,8526.496171032028,1539.2753703398062,1.0,-1173.1258130487686,0.0,0.0
53,trust_vcg,node-023,0.0,0.0,0.0,0.0,0.0,0.0,0.0,0.0,8526.496171032028,1539.2753703398062,1.0,-5646.728596076659,0.0,0.0
53,trust_vcg,node-024,65.92131439607458,0.0,66.06522294402353,65921.31439607458,0.0,66065.22294402352,0.0,0.0,8526.496171032028,1539.2753703398062,1.0,-1733.9347770559764,0.0,0.0
53,trust_vcg,node-025,0.0,0.0,0.0,0.0,0.0,0.0,0.0,0.0,8526.496171032028,1539.2753703398062,1.0,0.0,0.0,0.0
53,trust_vcg,node-026,104.65312687199291,0.0,177.320839097247,104653.1268719929,0.0,177320.839097247,0.0,0.0,8526.496171032028,1539.2753703398062,1.0,-3422.679160902753,0.0,0.0
53,trust_vcg,node-027,0.0,0.0,40.18101048506038,0.0,0.0,40181.01048506038,0.0,0.0,8526.496171032028,1539.2753703398062,1.0,-1148.5802019018322,0.0,0.0
53,trust_vcg,node-028,19.892074868611644,0.0,39.315370016538324,19892.074868611642,0.0,39315.37001653832,0.0,0.0,8526.496171032028,1539.2753703398062,1.0,-1760.684629983462,0.0,0.0
53,trust_vcg,node-029,0.0,0.0,184.91832200993892,0.0,0.0,184918.32200993891,0.0,0.0,8526.496171032028,1539.2753703398062,1.0,-2287.1014589068054,0.0,0.0
53,contingent,node-000,0.0,0.0,0.0,0.0,0.0,0.0,0.0,0.0,8526.496171032028,640.0297845668355,1.0,-564.0672712057649,0.0,0.0
53,contingent,node-001,0.0,0.0,0.0,0.0,0.0,0.0,0.0,0.0,8526.496171032028,640.0297845668355,1.0,0.0,0.0,0.0
53,contingent,node-002,0.0,82.627055306932,168.28588226154918,0.0,82627.05530693199,168285.88226154918,0.0,0.0,8526.496171032028,640.0297845668355,1.0,-466.4848231441235,0.0,0.0
53,contingent,node-003,0.0,0.0,0.0,0.0,0.0,0.0,0.0,0.0,8526.496171032028,640.0297845668355,1.0,-135.19589363413118,0.0,0.0
53,contingent,node-004,0.0,0.0,0.0,0.0,0.0,0.0,0.0,0.0,8526.496171032028,640.0297845668355,1.0,-453.00512209502983,0.0,0.0
53,contingent,node-005,0.0,0.0,0.0,0.0,0.0,0.0,0.0,0.0,8526.496171032028,640.0297845668355,1.0,0.0,0.0,0.0
53,contingent,node-006,146.171151570062,0.0,279.88038972542074,0.22838179580812615,0.0,0.4372927580469407,213.34326152227848,640.0297845668355,8526.496171032028,640.0297845668355,1.0,-655.0888018282948,-61.30927714186805,-382.84260086185327
53,contingent,node-007,0.0,0.0,0.0,0.0,0.0,0.0,0.0,0.0,8526.496171032028,640.0297845668355,1.0,-438.11426773476967,0.0,0.0
53,contingent,node-008,0.0,87.50363862737801,129.1932921536546,0.0,87503.63862737801,129193.29215365459,0.0,0.0,8526.496171032028,640.0297845668355,1.0,-414.2256534832428,0.0,0.0
53,contingent,node-009,0.0,0.0,15.709067413531855,0.0,0.0,15709.067413531855,0.0,0.0,8526.496171032028,640.0297845668355,1.0,-404.093503300864,0.0,0.0
53,contingent,node-010,0.0,0.0,0.0,0.0,0.0,0.0,0.0,0.0,8526.496171032028,640.0297845668355,1.0,0.0,0.0,0.0
53,contingent,node-011,0.0,0.0,0.0,0.0,0.0,0.0,0.0,0.0,8526.496171032028,640.0297845668355,1.0,0.0,0.0,0.0
53,contingent,node-012,0.0,54.885420961466444,77.24021086840855,0.0,54885.42096146644,77240.21086840855,0.0,0.0,8526.496171032028,640.0297845668355,1.0,-308.9824012928949,0.0,0.0
53,contingent,node-013,0.0,0.0,0.0,0.0,0.0,0.0,0.0,0.0,8526.496171032028,640.0297845668355,1.0,0.0,0.0,0.0
53,contingent,node-014,0.0,0.0,39.581910920177485,0.0,0.0,39581.910920177485,0.0,0.0,8526.496171032028,640.0297845668355,1.0,-520.0606767152914,0.0,0.0
53,contingent,node-015,0.0,174.1911138133157,174.1911138133157,0.0,174191.1138133157,174191.1138133157,0.0,0.0,8526.496171032028,640.0297845668355,1.0,-364.65491185488844,0.0,0.0
53,contingent,node-016,0.0,0.0,0.0,0.0,0.0,0.0,0.0,0.0,8526.496171032028,640.0297845668355,1.0,-147.59117704872799,0.0,0.0
53,contingent,node-017,0.0,0.0,0.0,0.0,0.0,0.0,0.0,0.0,8526.496171032028,640.0297845668355,1.0,0.0,0.0,0.0
53,contingent,node-018,0.0,0.0,0.0,0.0,0.0,0.0,0.0,0.0,8526.496171032028,640.0297845668355,1.0,-494.6343338067129,0.0,0.0
53,contingent,node-019,0.0,0.0,0.0,0.0,0.0,0.0,0.0,0.0,8526.496171032028,640.0297845668355,1.0,-308.7466327944412,0.0,0.0
53,contingent,node-020,0.0,73.89872632593418,73.89872632593418,0.0,73898.72632593417,73898.72632593417,0.0,0.0,8526.496171032028,640.0297845668355,1.0,-405.10448145412147,0.0,0.0
53,contingent,node-021,0.0,0.0,0.0,0.0,0.0,0.0,0.0,0.0,8526.496171032028,640.0297845668355,1.0,-441.39609293526195,0.0,0.0
53,contingent,node-022,0.0,0.0,0.0,0.0,0.0,0.0,0.0,0.0,8526.496171032028,640.0297845668355,1.0,-292.5032521950749,0.0,0.0
53,contingent,node-023,0.0,0.0,0.0,0.0,0.0,0.0,0.0,0.0,8526.496171032028,640.0297845668355,1.0,-726.3778550128399,0.0,0.0
53,contingent,node-024,0.0,0.0,15.645271499450573,0.0,0.0,15645.271499450573,0.0,0.0,8526.496171032028,640.0297845668355,1.0,-335.7391082239059,0.0,0.0
53,contingent,node-025,0.0,0.0,0.0,0.0,0.0,0.0,0.0,0.0,8526.496171032028,640.0297845668355,1.0,0.0,0.0,0.0
53,contingent,node-026,0.0,0.0,28.10774261682161,0.0,0.0,28107.74261682161,0.0,0.0,8526.496171032028,640.0297845668355,1.0,-490.71664361101205,0.0,0.0
53,contingent,node-027,0.0,0.0,0.0,0.0,0.0,0.0,0.0,0.0,8526.496171032028,640.0297845668355,1.0,-238.64440632469575,0.0,0.0
53,contingent,node-028,0.0,0.0,0.0,0.0,0.0,0.0,0.0,0.0,8526.496171032028,640.0297845668355,1.0,-442.7385199338466,0.0,0.0
53,contingent,node-029,0.0,0.0,34.91832200993893,0.0,0.0,34918.32200993893,0.0,0.0,8526.496171032028,640.0297845668355,1.0,-348.4058356272219,0.0,0.0
53,capped,node-000,0.0,0.0,0.0,0.0,0.0,0.0,0.0,0.0,8526.496171032028,640.0297845668355,1.0,-141.01681780144122,0.0,0.0
53,capped,node-001,0.0,0.0,0.0,0.0,0.0,0.0,0.0,0.0,8526.496171032028,640.0297845668355,1.0,0.0,0.0,0.0
53,capped,node-002,0.0,123.15969615485557,168.28588226154918,0.0,123159.69615485557,168285.88226154918,0.0,0.0,8526.496171032028,640.0297845668355,1.0,-116.62120578603088,0.0,0.0
53,capped,node-003,0.0,0.0,0.0,0.0,0.0,0.0,0.0,0.0,8526.496171032028,640.0297845668355,1.0,-33.7989734085328,0.0,0.0
53,capped,node-004,0.0,0.0,0.0,0.0,0.0,0.0,0.0,0.0,8526.496171032028,640.0297845668355,1.0,-113.25128052375746,0.0,0.0
53,capped,node-005,0.0,0.0,0.0,0.0,0.0,0.0,0.0,0.0,8526.496171032028,640.0297845668355,1.0,0.0,0.0,0.0
53,capped,node-006,146.171151570062,0.0,279.88038972542074,0.22838179580812615,0.0,0.4372927580469407,213.34326152227848,640.0297845668355,8526.496171032028,640.0297845668355,1.0,-323.7796465987825,-61.30927714186805,-382.84260086185327
53,capped,node-007,0.0,0.0,0.0,0.0,0.0,0.0,0.0,0.0,8526.496171032028,640.0297845668355,1.0,-109.52856693369242,0.0,0.0
53,capped,node-008,0.0,122.65118210652871,129.1932921536546,0.0,122651.18210652871,129193.29215365459,0.0,0.0,8526.496171032028,640.0297845668355,1.0,-103.55641337081073,0.0,0.0
53,capped,node-009,0.0,0.0,15.709067413531855,0.0,0.0,15709.067413531855,0.0,0.0,8526.496171032028,640.0297845668355,1.0,-101.023375825216,0.0,0.0
53,capped,node-010,0.0,0.0,0.0,0.0,0.0,0.0,0.0,0.0,8526.496171032028,640.0297845668355,1.0,0.0,0.0,0.0
53,capped,node-011,0.0,0.0,0.0,0.0,0.0,0.0,0.0,0.0,8526.496171032028,640.0297845668355,1.0,0.0,0.0,0.0
53,capped,node-012,0.0,124.5725027121224,181.7708334943925,0.0,124572.5027121224,181770.8334943925,0.0,0.0,8526.496171032028,640.0297845668355,1.0,-77.24560032322373,0.0,0.0
53,capped,node-013,0.0,0.0,0.0,0.0,0.0,0.0,0.0,0.0,8526.496171032028,640.0297845668355,1.0,0.0,0.0,0.0
53,capped,node-014,0.0,0.0,39.581910920177485,0.0,0.0,39581.910920177485,0.0,0.0,8526.496171032028,640.0297845668355,1.0,-130.01516917882284,0.0,0.0
53,capped,node-015,0.0,174.1911138133157,174.1911138133157,0.0,174191.1138133157,174191.1138133157,0.0,0.0,8526.496171032028,640.0297845668355,1.0,-91.16372796372212,0.0,0.0
53,capped,node-016,0.0,0.0,0.0,0.0,0.0,0.0,0.0,0.0,8526.496171032028,640.0297845668355,1.0,-36.897794262182,0.0,0.0
53,capped,node-017,0.0,0.0,0.0,0.0,0.0,0.0,0.0,0.0,8526.496171032028,640.0297845668355,1.0,0.0,0.0,0.0
53,capped,node-018,0.0,0.0,47.5186021914181,0.0,0.0,47518.6021914181,0.0,0.0,8526.496171032028,640.0297845668355,1.0,-123.65858345167823,0.0,0.0
53,capped,node-019,0.0,106.80549624067686,160.47930625409475,0.0,106805.49624067686,160479.30625409476,0.0,0.0,8526.496171032028,640.0297845668355,1.0,-77.18665819861032,0.0,0.0
53,capped,node-020,0.0,73.89872632593418,73.89872632593418,0.0,73898.72632593417,73898.72632593417,0.0,0.0,8526.496171032028,640.0297845668355,1.0,-101.27612036353038,0.0,0.0
53,capped,node-021,0.0,0.0,43.52201013601852,0.0,0.0,43522.01013601852,0.0,0.0,8526.496171032028,640.0297845668355,1.0,-110.34902323381552,0.0,0.0
53,capped,node-022,0.0,0.0,0.0,0.0,0.0,0.0,0.0,0.0,8526.496171032028,640.0297845668355,1.0,-73.12581304876872,0.0,0.0
53,capped,node-023,0.0,0.0,0.0,0.0,0.0,0.0,0.0,0.0,8526.496171032028,640.0297845668355,1.0,-181.59446375321,0.0,0.0
53,capped,node-024,0.0,0.0,15.645271499450573,0.0,0.0,15645.271499450573,0.0,0.0,8526.496171032028,640.0297845668355,1.0,-83.93477705597647,0.0,0.0
53,capped,node-025,0.0,0.0,0.0,0.0,0.0,0.0,0.0,0.0,8526.496171032028,640.0297845668355,1.0,0.0,0.0,0.0
53,capped,node-026,0.0,0.0,28.10774261682161,0.0,0.0,28107.74261682161,0.0,0.0,8526.496171032028,640.0297845668355,1.0,-122.67916090275301,0.0,0.0
53,capped,node-027,0.0,0.0,0.0,0.0,0.0,0.0,0.0,0.0,8526.496171032028,640.0297845668355,1.0,-59.66110158117394,0.0,0.0
53,capped,node-028,0.0,0.0,0.0,0.0,0.0,0.0,0.0,0.0,8526.496171032028,640.0297845668355,1.0,-110.68462998346166,0.0,0.0
53,capped,node-029,0.0,0.0,34.91832200993893,0.0,0.0,34918.32200993893,0.0,0.0,8526.496171032028,640.0297845668355,1.0,-87.10145890680548,0.0,0.0
53,proper_scoring,node-000,0.0,0.0,208.98318219855878,0.0,0.0,208983.1821985588,0.0,0.0,8526.496171032028,1539.2753703398062,1.0,-451.24652111524784,0.0,0.0
53,proper_scoring,node-001,0.0,0.0,0.0,0.0,0.0,0.0,0.0,0.0,8526.496171032028,1539.2753703398062,1.0,0.0,0.0,0.0
53,proper_scoring,node-002,0.0,332.627055306932,650.4589972472604,0.0,332627.05530693196,650458.9972472604,0.0,0.0,8526.496171032028,1539.2753703398062,1.0,-466.4848231441235,0.0,0.0
53,proper_scoring,node-003,137.8186117724546,0.0,416.2010265914672,137818.6117724546,0.0,416201.0265914672,0.0,0.0,8526.496171032028,1539.2753703398062,1.0,-135.19589363413118,0.0,0.0
53,proper_scoring,node-004,0.0,0.0,86.74871947624256,0.0,0.0,86748.71947624255,0.0,0.0,8526.496171032028,1539.2753703398062,1.0,-313.2512805237575,0.0,0.0
53,proper_scoring,node-005,0.0,0.0,0.0,0.0,0.0,0.0,0.0,0.0,8526.496171032028,1539.2753703398062,1.0,0.0,0.0,0.0
53,proper_scoring,node-006,46.254975373065236,0.7544142270294287,80.63480395245006,0.030049837907075792,0.0004901099839354191,0.052384911437028545,1112.588847295249,1539.2753703398062,8526.496171032028,1539.2753703398062,1.0,-1540.1510400713655,-11.351189043369686,-787.1635548872557
53,proper_scoring,node-007,0.0,0.0,40.4714330663076,0.0,0.0,40471.433066307596,0.0,0.0,8526.496171032028,1539.2753703398062,1.0,-259.52856693369245,0.0,0.0
53,proper_scoring,node-008,184.46069782993357,387.296751930887,596.3715070642198,184460.69782993358,387296.751930887,596371.5070642198,0.0,0.0,8526.496171032028,1539.2753703398062,1.0,-414.2256534832428,0.0,0.0
53,proper_scoring,node-009,0.0,0.0,98.97662417478402,0.0,0.0,98976.62417478402,0.0,0.0,8526.496171032028,1539.2753703398062,1.0,-301.023375825216,0.0,0.0
53,proper_scoring,node-010,0.0,0.0,0.0,0.0,0.0,0.0,0.0,0.0,8526.496171032028,1539.2753703398062,1.0,0.0,0.0,0.0
53,proper_scoring,node-011,0.0,0.0,0.0,0.0,0.0,0.0,0.0,0.0,8526.496171032028,1539.2753703398062,1.0,0.0,0.0,0.0
53,proper_scoring,node-012,0.0,374.5725027121224,374.5725027121224,0.0,374572.5027121224,374572.5027121224,0.0,0.0,8526.496171032028,1539.2753703398062,1.0,-308.9824012928949,0.0,0.0
53,proper_scoring,node-013,0.0,0.0,0.0,0.0,0.0,0.0,0.0,0.0,8526.496171032028,1539.2753703398062,1.0,0.0,0.0,0.0
53,proper_scoring,node-014,23.503728712121813,0.0,239.58191092017753,23503.72871212181,0.0,239581.91092017753,0.0,0.0,8526.496171032028,1539.2753703398062,1.0,-475.29215958984236,0.0,0.0
53,proper_scoring,node-015,178.16459180837364,624.1911138133157,624.1911138133157,178164.59180837363,624191.1138133158,624191.1138133158,0.0,0.0,8526.496171032028,1539.2753703398062,1.0,-352.04581702405534,0.0,0.0
53,proper_scoring,node-016,0.0,0.0,349.21184762885684,0.0,0.0,349211.84762885683,0.0,0.0,8526.496171032028,1539.2753703398062,1.0,-147.59117704872799,0.0,0.0
53,proper_scoring,node-017,0.0,0.0,0.0,0.0,0.0,0.0,0.0,0.0,8526.496171032028,1539.2753703398062,1.0,0.0,0.0,0.0
53,proper_scoring,node-018,0.0,0.0,198.07261303695827,0.0,0.0,198072.61303695827,0.0,0.0,8526.496171032028,1539.2753703398062,1.0,-454.5100143444055,0.0,0.0
53,proper_scoring,node-019,0.0,206.8054962406769,289.1352592931594,0.0,206805.49624067688,289135.25929315935,0.0,0.0,8526.496171032028,1539.2753703398062,1.0,-308.7466327944412,0.0,0.0
53,proper_scoring,node-020,0.0,173.89872632593418,173.89872632593418,0.0,173898.72632593417,173898.72632593417,0.0,0.0,8526.496171032028,1539.2753703398062,1.0,-394.2563919652202,0.0,0.0
53,proper_scoring,node-021,0.0,0.0,529.6301752621818,0.0,0.0,529630.1752621818,0.0,0.0,8526.496171032028,1539.2753703398062,1.0,-425.89936793866354,0.0,0.0
53,proper_scoring,node-022,0.0,0.0,26.87418695123128,0.0,0.0,26874.18695123128,0.0,0.0,8526.496171032028,1539.2753703398062,1.0,-173.12581304876872,0.0,0.0
53,proper_scoring,node-023,0.0,0.0,145.5416741349315,0.0,0.0,145541.6741349315,0.0,0.0,8526.496171032028,1539.2753703398062,1.0,-549.4916229828808,0.0,0.0
53,proper_scoring,node-024,65.92131439607458,0.0,66.06522294402353,65921.31439607458,0.0,66065.22294402352,0.0,0.0,8526.496171032028,1539.2753703398062,1.0,-233.93477705597644,0.0,0.0
53,proper_scoring,node-025,0.0,0.0,0.0,0.0,0.0,0.0,0.0,0.0,8526.496171032028,1539.2753703398062,1.0,0.0,0.0,0.0
53,proper_scoring,node-026,104.65312687199291,0.0,177.320839097247,104653.1268719929,0.0,177320.839097247,0.0,0.0,8526.496171032028,1539.2753703398062,1.0,-405.0436584740619,0.0,0.0
53,proper_scoring,node-027,0.0,0.0,40.18101048506038,0.0,0.0,40181.01048506038,0.0,0.0,8526.496171032028,1539.2753703398062,1.0,-148.58020190183217,0.0,0.0
53,proper_scoring,node-028,19.892074868611644,0.0,39.315370016538324,19892.074868611642,0.0,39315.37001653832,0.0,0.0,8526.496171032028,1539.2753703398062,1.0,-260.68462998346166,0.0,0.0
53,proper_scoring,node-029,0.0,0.0,184.91832200993892,0.0,0.0,184918.32200993891,0.0,0.0,8526.496171032028,1539.2753703398062,1.0,-287.1014589068055,0.0,0.0
53,audits,node-000,0.0,0.0,208.98318219855878,0.0,0.0,208983.1821985588,0.0,0.0,8526.496171032028,1539.2753703398062,1.0,-991.0168178014412,0.0,0.0
53,audits,node-001,0.0,0.0,0.0,0.0,0.0,0.0,0.0,0.0,8526.496171032028,1539.2753703398062,1.0,0.0,0.0,0.0
53,audits,node-002,0.0,323.1596961548556,583.3787942139691,0.0,323159.6961548556,583378.794213969,0.0,0.0,8526.496171032028,1539.2753703398062,1.0,-1516.621205786031,0.0,0.0
53,audits,node-003,137.8186117724546,0.0,416.2010265914672,137818.6117724546,0.0,416201.0265914672,0.0,0.0,8526.496171032028,1539.2753703398062,1.0,-483.7989734085328,0.0,0.0
53,audits,node-004,0.0,0.0,86.74871947624256,0.0,0.0,86748.71947624255,0.0,0.0,8526.496171032028,1539.2753703398062,1.0,-813.2512805237574,0.0,0.0
53,audits,node-005,0.0,0.0,0.0,0.0,0.0,0.0,0.0,0.0,8526.496171032028,1539.2753703398062,1.0,0.0,0.0,0.0
53,audits,node-006,46.254975373065236,0.7544142270294287,80.63480395245006,0.030049837907075792,0.0004901099839354191,0.052384911437028545,1112.588847295249,1539.2753703398062,8526.496171032028,1539.2753703398062,1.0,-2723.025232371753,-11.351189043369686,-787.1635548872557
53,audits,node-007,0.0,0.0,40.4714330663076,0.0,0.0,40471.433066307596,0.0,0.0,8526.496171032028,1539.2753703398062,1.0,-759.5285669336923,0.0,0.0
53,audits,node-008,181.72003578398335,376.12363260301856,460.64371865988534,181720.03578398333,376123.63260301854,460643.71865988534,0.0,0.0,8526.496171032028,1539.2753703398062,1.0,-1483.6490067041746,0.0,0.0
53,audits,node-009,0.0,0.0,98.97662417478402,0.0,0.0,98976.62417478402,0.0,0.0,8526.496171032028,1539.2753703398062,1.0,-801.0233758252159,0.0,0.0
53,audits,node-010,0.0,0.0,0.0,0.0,0.0,0.0,0.0,0.0,8526.496171032028,1539.2753703398062,1.0,0.0,0.0,0.0
53,audits,node-011,0.0,0.0,0.0,0.0,0.0,0.0,0.0,0.0,8526.496171032028,1539.2753703398062,1.0,0.0,0.0,0.0
53,audits,node-012,0.0,0.0,0.0,0.0,0.0,0.0,0.0,0.0,8526.496171032028,1539.2753703398062,1.0,-1077.2456003232237,0.0,0.0
53,audits,node-013,0.0,0.0,0.0,0.0,0.0,0.0,0.0,0.0,8526.496171032028,1539.2753703398062,1.0,0.0,0.0,0.0
53,audits,node-014,23.503728712121813,0.0,239.58191092017753,23503.72871212181,0.0,239581.91092017753,0.0,0.0,8526.496171032028,1539.2753703398062,1.0,-1080.0151691788228,0.0,0.0
53,audits,node-015,178.16459180837364,624.1911138133157,624.1911138133157,178164.59180837363,624191.1138133158,624191.1138133158,0.0,0.0,8526.496171032028,1539.2753703398062,1.0,-1091.163727963722,0.0,0.0
53,audits,node-016,0.0,0.0,322.27784252387755,0.0,0.0,322277.84252387757,0.0,0.0,8526.496171032028,1539.2753703398062,1.0,-486.89779426218195,0.0,0.0
53,audits,node-017,0.0,0.0,0.0,0.0,0.0,0.0,0.0,0.0,8526.496171032028,1539.2753703398062,1.0,0.0,0.0,0.0
53,audits,node-018,0.0,0.0,176.34141654832175,0.0,0.0,176341.41654832175,0.0,0.0,8526.496171032028,1539.2753703398062,1.0,-1123.6585834516784,0.0,0.0
53,audits,node-019,0.0,0.0,49.304370792546706,0.0,0.0,49304.3707925467,0.0,0.0,8526.496171032028,1539.2753703398062,1.0,-1077.1866581986103,0.0,0.0
53,audits,node-020,0.0,173.89872632593418,173.89872632593418,0.0,173898.72632593417,173898.72632593417,0.0,0.0,8526.496171032028,1539.2753703398062,1.0,-951.2761203635304,0.0,0.0
53,audits,node-021,0.0,0.0,462.38600617368985,0.0,0.0,462386.00617368985,0.0,0.0,8526.496171032028,1539.2753703398062,1.0,-1445.6642915856294,0.0,0.0
53,audits,node-022,0.0,0.0,26.87418695123128,0.0,0.0,26874.18695123128,0.0,0.0,8526.496171032028,1539.2753703398062,1.0,-673.1258130487687,0.0,0.0
53,audits,node-023,0.0,0.0,125.13125096697286,0.0,0.0,125131.25096697286,0.0,0.0,8526.496171032028,1539.2753703398062,1.0,-1146.728596076659,0.0,0.0
53,audits,node-024,65.92131439607458,0.0,66.06522294402353,65921.31439607458,0.0,66065.22294402352,0.0,0.0,8526.496171032028,1539.2753703398062,1.0,-733.9347770559764,0.0,0.0
53,audits,node-025,0.0,0.0,0.0,0.0,0.0,0.0,0.0,0.0,8526.496171032028,1539.2753703398062,1.0,0.0,0.0,0.0
53,audits,node-026,104.65312687199291,0.0,177.320839097247,104653.1268719929,0.0,177320.839097247,0.0,0.0,8526.496171032028,1539.2753703398062,1.0,-922.679160902753,0.0,0.0
53,audits,node-027,0.0,0.0,40.18101048506038,0.0,0.0,40181.01048506038,0.0,0.0,8526.496171032028,1539.2753703398062,1.0,-648.5802019018322,0.0,0.0
53,audits,node-028,19.892074868611644,0.0,39.315370016538324,19892.074868611642,0.0,39315.37001653832,0.0,0.0,8526.496171032028,1539.2753703398062,1.0,-760.6846299834617,0.0,0.0
53,audits,node-029,0.0,0.0,184.91832200993892,0.0,0.0,184918.32200993891,0.0,0.0,8526.496171032028,1539.2753703398062,1.0,-787.1014589068055,0.0,0.0
52,greedy,node-000,0.0,0.0,0.0,0.0,0.0,0.0,0.0,0.0,8870.698710993905,136.17759093842523,0.95,0.0,0.0,-22.6962651564042
52,greedy,node-001,136.1775909384252,0.0,136.1775909384252,0.9999999999999998,0.0,0.9999999999999998,45.39253031280839,136.17759093842523,8870.698710993905,136.17759093842523,0.95,-68.08879546921258,-13.617759093842505,-125.2916506461655
52,greedy,node-002,0.0,0.0,0.0,0.0,0.0,0.0,0.0,0.0,8870.698710993905,136.17759093842523,0.95,0.0,0.0,0.0
52,greedy,node-003,0.0,0.0,0.0,0.0,0.0,0.0,0.0,0.0,8870.698710993905,136.17759093842523,0.95,0.0,0.0,0.0
52,greedy,node-004,0.0,0.0,0.0,0.0,0.0,0.0,0.0,0.0,8870.698710993905,136.17759093842523,0.95,0.0,0.0,0.0
52,greedy,node-005,0.0,0.0,0.0,0.0,0.0,0.0,0.0,0.0,8870.698710993905,136.17759093842523,0.95,0.0,0.0,0.0
52,greedy,node-006,0.0,0.0,0.0,0.0,0.0,0.0,0.0,0.0,8870.698710993905,136.17759093842523,0.95,0.0,0.0,0.0
52,greedy,node-007,0.0,0.0,0.0,0.0,0.0,0.0,0.0,0.0,8870.698710993905,136.17759093842523,0.95,0.0,0.0,0.0
52,greedy,node-008,0.0,0.0,0.0,0.0,0.0,0.0,0.0,0.0,8870.698710993905,136.17759093842523,0.95,0.0,0.0,0.0
52,greedy,node-009,0.0,0.0,0.0,0.0,0.0,0.0,0.0,0.0,8870.698710993905,136.17759093842523,0.95,0.0,0.0,0.0
52,greedy,node-010,0.0,0.0,0.0,0.0,0.0,0.0,0.0,0.0,8870.698710993905,136.17759093842523,0.95,0.0,0.0,0.0
52,greedy,node-011,0.0,0.0,0.0,0.0,0.0,0.0,0.0,0.0,8870.698710993905,136.17759093842523,0.95,0.0,0.0,0.0
52,greedy,node-012,0.0,0.0,0.0,0.0,0.0,0.0,0.0,0.0,8870.698710993905,136.17759093842523,0.95,0.0,0.0,0.0
52,greedy,node-013,0.0,0.0,0.0,0.0,0.0,0.0,0.0,0.0,8870.698710993905,136.17759093842523,0.95,0.0,0.0,0.0
52,greedy,node-014,0.0,0.0,0.0,0.0,0.0,0.0,0.0,0.0,8870.698710993905,136.17759093842523,0.95,0.0,0.0,0.0
52,greedy,node-015,0.0,0.0,0.0,0.0,0.0,0.0,0.0,0.0,8870.698710993905,136.17759093842523,0.95,0.0,0.0,0.0
52,greedy,node-016,0.0,0.0,0.0,0.0,0.0,0.0,0.0,0.0,8870.698710993905,136.17759093842523,0.95,0.0,0.0,0.0
52,greedy,node-017,0.0,0.0,0.0,0.0,0.0,0.0,0.0,0.0,8870.698710993905,136.17759093842523,0.95,0.0,0.0,0.0
52,greedy,node-018,0.0,0.0,0.0,0.0,0.0,0.0,0.0,0.0,8870.698710993905,136.17759093842523,0.95,0.0,0.0,0.0
52,greedy,node-019,0.0,0.0,0.0,0.0,0.0,0.0,0.0,0.0,8870.698710993905,136.17759093842523,0.95,0.0,0.0,0.0
52,greedy,node-020,0.0,0.0,0.0,0.0,0.0,0.0,0.0,0.0,8870.698710993905,136.17759093842523,0.95,0.0,0.0,0.0
52,greedy,node-021,0.0,0.0,0.0,0.0,0.0,0.0,0.0,0.0,8870.698710993905,136.17759093842523,0.95,0.0,0.0,0.0
52,greedy,node-022,0.0,0.0,0.0,0.0,0.0,0.0,0.0,0.0,8870.698710993905,136.17759093842523,0.95,0.0,0.0,0.0
52,greedy,node-023,0.0,0.0,0.0,0.0,0.0,0.0,0.0,0.0,8870.698710993905,136.17759093842523,0.95,0.0,0.0,0.0
52,greedy,node-024,0.0,0.0,0.0,0.0,0.0,0.0,0.0,0.0,8870.698710993905,136.17759093842523,0.95,0.0,0.0,0.0
52,greedy,node-025,0.0,0.0,0.0,0.0,0.0,0.0,0.0,0.0,8870.698710993905,136.17759093842523,0.95,0.0,0.0,0.0
52,greedy,node-026,0.0,0.0,0.0,0.0,0.0,0.0,0.0,0.0,8870.698710993905,136.17759093842523,0.95,0.0,0.0,0.0
52,greedy,node-027,0.0,0.0,0.0,0.0,0.0,0.0,0.0,0.0,8870.698710993905,136.17759093842523,0.95,0.0,0.0,0.0
52,greedy,node-028,0.0,0.0,0.0,0.0,0.0,0.0,0.0,0.0,8870.698710993905,136.17759093842523,0.95,0.0,0.0,0.0
52,greedy,node-029,0.0,0.0,0.0,0.0,0.0,0.0,0.0,0.0,8870.698710993905,136.17759093842523,0.95,0.0,0.0,0.0
52,trust_vcg,node-000,0.0,0.0,0.0,0.0,0.0,0.0,0.0,0.0,8715.542313758606,766.5496840226232,0.95,-3299.1662154905343,0.0,89.6029308762802
52,trust_vcg,node-001,12.133430510001403,331.5227384165252,467.7003293549503,0.08297746744216736,2.2672002951366643,3.1984844533252166,113.86979189628312,146.22560658962044,8715.542313758606,766.5496840226232,0.95,-11136.566057052689,-4.8533722040005784,-206.87948073662167
52,trust_vcg,node-002,0.0,0.0,0.0,0.0,0.0,0.0,0.0,0.0,8715.542313758606,766.5496840226232,0.95,0.0,0.0,0.0
52,trust_vcg,node-003,0.0,464.4882917635005,535.9657997053738,0.0,464488.2917635005,535965.7997053738,0.0,0.0,8715.542313758606,766.5496840226232,0.95,-5571.931599410749,0.0,0.0
52,trust_vcg,node-004,0.0,0.0,0.0,0.0,0.0,0.0,0.0,0.0,8715.542313758606,766.5496840226232,0.95,-5602.423459437867,0.0,0.0
52,trust_vcg,node-005,0.0,0.0,109.95661394735761,0.0,0.0,109956.6139473576,0.0,0.0,8715.542313758606,766.5496840226232,0.95,-1690.0433860526423,0.0,0.0
52,trust_vcg,node-006,0.0,0.0,0.0,0.0,0.0,0.0,0.0,0.0,8715.542313758606,766.5496840226232,0.95,0.0,0.0,0.0
52,trust_vcg,node-007,0.0,0.0,0.0,0.0,0.0,0.0,0.0,0.0,8715.542313758606,766.5496840226232,0.95,0.0,0.0,0.0
52,trust_vcg,node-008,0.0,0.0,0.0,0.0,0.0,0.0,0.0,0.0,8715.542313758606,766.5496840226232,0.95,0.0,0.0,0.0
52,trust_vcg,node-009,0.0,0.0,38.3364343955416,0.0,0.0,38336.434395541604,0.0,0.0,8715.542313758606,766.5496840226232,0.95,-560.9307669197926,0.0,0.0
52,trust_vcg,node-010,0.0,303.46871185590055,303.46871185590055,0.0,303468.71185590053,303468.71185590053,0.0,0.0,8715.542313758606,766.5496840226232,0.95,-5580.0456553400645,0.0,0.0
52,trust_vcg,node-011,0.0,0.0,0.0,0.0,0.0,0.0,0.0,0.0,8715.542313758606,766.5496840226232,0.95,0.0,0.0,0.0
52,trust_vcg,node-012,0.0,0.0,110.64288544028454,0.0,0.0,110642.88544028455,0.0,0.0,8715.542313758606,766.5496840226232,0.95,-1689.3571145597157,0.0,0.0
52,trust_vcg,node-013,0.0,0.0,120.08451662468607,0.0,0.0,120084.51662468608,0.0,0.0,8715.542313758606,766.5496840226232,0.95,-2279.9154833753137,0.0,0.0
52,trust_vcg,node-014,0.0,0.0,0.0,0.0,0.0,0.0,0.0,0.0,8715.542313758606,766.5496840226232,0.95,0.0,0.0,0.0
52,trust_vcg,node-015,0.0,0.0,0.0,0.0,0.0,0.0,0.0,0.0,8715.542313758606,766.5496840226232,0.95,-3287.7976864982065,0.0,0.0
52,trust_vcg,node-016,0.0,0.0,0.0,0.0,0.0,0.0,0.0,0.0,8715.542313758606,766.5496840226232,0.95,0.0,0.0,0.0
52,trust_vcg,node-017,78.89490140129072,0.05438731836795796,78.9764823788426,0.12718336152252877,8.767565268951209e-05,0.12731487500156294,406.73843426542226,620.3240774330028,8715.542313758606,766.5496840226232,0.95,-5983.852904735346,26.611060672909332,-406.73843426542226
52,trust_vcg,node-018,0.0,0.0,0.0,0.0,0.0,0.0,0.0,0.0,8715.542313758606,766.5496840226232,0.95,-3968.548445629924,0.0,0.0
52,trust_vcg,node-019,0.0,0.0,187.68597501326767,0.0,0.0,187685.97501326766,0.0,0.0,8715.542313758606,766.5496840226232,0.95,-3412.3140249867324,0.0,0.0
52,trust_vcg,node-020,0.0,0.0,0.0,0.0,0.0,0.0,0.0,0.0,8715.542313758606,766.5496840226232,0.95,0.0,0.0,0.0
52,trust_vcg,node-021,0.0,0.0,0.0,0.0,0.0,0.0,0.0,0.0,8715.542313758606,766.5496840226232,0.95,0.0,0.0,0.0
52,trust_vcg,node-022,0.0,0.0,49.71772284516622,0.0,0.0,49717.72284516622,0.0,0.0,8715.542313758606,766.5496840226232,0.95,-1150.2822771548338,0.0,0.0
52,trust_vcg,node-023,0.0,0.0,0.0,0.0,0.0,0.0,0.0,0.0,8715.542313758606,766.5496840226232,0.95,0.0,0.0,0.0
52,trust_vcg,node-024,0.0,0.0,185.84075370476606,0.0,0.0,185840.75370476604,0.0,0.0,8715.542313758606,766.5496840226232,0.95,-3414.159246295234,0.0,0.0
52,trust_vcg,node-025,0.0,0.0,0.0,0.0,0.0,0.0,0.0,0.0,8715.542313758606,766.5496840226232,0.95,0.0,0.0,0.0
52,trust_vcg,node-026,0.0,0.0,0.0,0.0,0.0,0.0,0.0,0.0,8715.542313758606,766.5496840226232,0.95,0.0,0.0,0.0
52,trust_vcg,node-027,0.0,0.0,0.0,0.0,0.0,0.0,0.0,0.0,8715.542313758606,766.5496840226232,0.95,0.0,0.0,0.0
52,trust_vcg,node-028,0.0,0.0,206.01728465677314,0.0,0.0,206017.28465677315,0.0,0.0,8715.542313758606,766.5496840226232,0.95,-3393.982715343227,0.0,0.0
52,trust_vcg,node-029,0.0,0.0,241.5548138607503,0.0,0.0,241554.8138607503,0.0,0.0,8715.542313758606,766.5496840226232,0.95,-3958.44518613925,0.0,0.0
52,contingent,node-000,0.0,0.0,0.0,0.0,0.0,0.0,0.0,0.0,8715.542313758606,366.13909350885075,0.95,-191.8260735037511,0.0,-9.475500314597326
52,contingent,node-001,37.51946432889566,29.21462296613975,162.61912062203896,0.8199070980370398,0.6384226738004426,3.5536906952017717,13.404814064142627,45.76062875747991,8715.542313758606,366.13909350885075,0.95,-104.18987468975942,-4.576062875747988,67.87399527059209
52,contingent,node-002,0.0,0.0,0.0,0.0,0.0,0.0,0.0,0.0,8715.542313758606,366.13909350885075,0.95,0.0,0.0,0.0
52,contingent,node-003,0.0,114.4882917635005,114.4882917635005,0.0,114488.2917635005,114488.2917635005,0.0,0.0,8715.542313758606,366.13909350885075,0.95,-287.7263976429912,0.0,0.0
52,contingent,node-004,0.0,0.0,0.0,0.0,0.0,0.0,0.0,0.0,8715.542313758606,366.13909350885075,0.95,-409.693837751465,0.0,0.0
52,contingent,node-005,0.0,0.0,0.0,0.0,0.0,0.0,0.0,0.0,8715.542313758606,366.13909350885075,0.95,-160.17354421056956,0.0,0.0
52,contingent,node-006,0.0,0.0,0.0,0.0,0.0,0.0,0.0,0.0,8715.542313758606,366.13909350885075,0.95,0.0,0.0,0.0
52,contingent,node-007,0.0,0.0,0.0,0.0,0.0,0.0,0.0,0.0,8715.542313758606,366.13909350885075,0.95,0.0,0.0,0.0
52,contingent,node-008,0.0,0.0,0.0,0.0,0.0,0.0,0.0,0.0,8715.542313758606,366.13909350885075,0.95,0.0,0.0,0.0
52,contingent,node-009,0.0,0.0,0.0,0.0,0.0,0.0,0.0,0.0,8715.542313758606,366.13909350885075,0.95,-46.64889247871109,0.0,0.0
52,contingent,node-010,0.0,53.470084866074984,53.470084866074984,0.0,53470.08486607498,53470.08486607498,0.0,0.0,8715.542313758606,366.13909350885075,0.95,-333.4285336853776,0.0,0.0
52,contingent,node-011,0.0,0.0,0.0,0.0,0.0,0.0,0.0,0.0,8715.542313758606,366.13909350885075,0.95,0.0,0.0,0.0
52,contingent,node-012,0.0,0.0,0.0,0.0,0.0,0.0,0.0,0.0,8715.542313758606,366.13909350885075,0.95,-157.42845823886182,0.0,0.0
52,contingent,node-013,0.0,0.0,0.0,0.0,0.0,0.0,0.0,0.0,8715.542313758606,366.13909350885075,0.95,-319.66193350125565,0.0,0.0
52,contingent,node-014,0.0,0.0,0.0,0.0,0.0,0.0,0.0,0.0,8715.542313758606,366.13909350885075,0.95,0.0,0.0,0.0
52,contingent,node-015,0.0,0.0,0.0,0.0,0.0,0.0,0.0,0.0,8715.542313758606,366.13909350885075,0.95,-167.168087743301,0.0,0.0
52,contingent,node-016,0.0,0.0,0.0,0.0,0.0,0.0,0.0,0.0,8715.542313758606,366.13909350885075,0.95,0.0,0.0,0.0
52,contingent,node-017,150.17375904352292,0.0,150.17375904352292,0.4687386187460042,0.0,0.4687386187460042,106.79282158379026,320.37846475137076,8715.542313758606,366.13909350885075,0.95,-415.2507034634833,-23.379874774029375,-106.79282158379026
52,contingent,node-018,0.0,0.0,0.0,0.0,0.0,0.0,0.0,0.0,8715.542313758606,366.13909350885075,0.95,-474.1937825196973,0.0,0.0
52,contingent,node-019,0.0,0.0,0.0,0.0,0.0,0.0,0.0,0.0,8715.542313758606,366.13909350885075,0.95,-449.25609994692934,0.0,0.0
52,contingent,node-020,0.0,0.0,0.0,0.0,0.0,0.0,0.0,0.0,8715.542313758606,366.13909350885075,0.95,0.0,0.0,0.0
52,contingent,node-021,0.0,0.0,0.0,0.0,0.0,0.0,0.0,0.0,8715.542313758606,366.13909350885075,0.95,0.0,0.0,0.0
52,contingent,node-022,0.0,0.0,0.0,0.0,0.0,0.0,0.0,0.0,8715.542313758606,366.13909350885075,0.95,-201.12910861933506,0.0,0.0
52,contingent,node-023,0.0,0.0,0.0,0.0,0.0,0.0,0.0,0.0,8715.542313758606,366.13909350885075,0.95,0.0,0.0,0.0
52,contingent,node-024,0.0,0.0,0.0,0.0,0.0,0.0,0.0,0.0,8715.542313758606,366.13909350885075,0.95,-456.63698518093577,0.0,0.0
52,contingent,node-025,0.0,0.0,0.0,0.0,0.0,0.0,0.0,0.0,8715.542313758606,366.13909350885075,0.95,0.0,0.0,0.0
52,contingent,node-026,0.0,0.0,0.0,0.0,0.0,0.0,0.0,0.0,8715.542313758606,366.13909350885075,0.95,0.0,0.0,0.0
52,contingent,node-027,0.0,0.0,0.0,0.0,0.0,0.0,0.0,0.0,8715.542313758606,366.13909350885075,0.95,0.0,0.0,0.0
52,contingent,node-028,0.0,0.0,0.0,0.0,0.0,0.0,0.0,0.0,8715.542313758606,366.13909350885075,0.95,-375.9308613729074,0.0,0.0
52,contingent,node-029,0.0,0.0,0.0,0.0,0.0,0.0,0.0,0.0,8715.542313758606,366.13909350885075,0.95,-433.78074455699874,0.0,0.0
52,capped,node-000,0.0,0.0,0.0,0.0,0.0,0.0,0.0,0.0,8715.542313758606,368.91218679137677,0.95,-47.956518375937776,0.0,-8.088953673334322
52,capped,node-001,40.29255761142167,29.214622966139753,165.39221390456495,0.8301971478348368,0.6019448280117152,3.4077793120468614,16.177907346668636,48.53372204000592,8715.542313758606,368.91218679137677,0.95,-38.874172503072835,-4.853372204000589,78.96636840069614
52,capped,node-002,0.0,0.0,0.0,0.0,0.0,0.0,0.0,0.0,8715.542313758606,368.91218679137677,0.95,0.0,0.0,0.0
52,capped,node-003,0.0,114.4882917635005,114.4882917635005,0.0,114488.2917635005,114488.2917635005,0.0,0.0,8715.542313758606,368.91218679137677,0.95,-71.9315994107478,0.0,0.0
52,capped,node-004,0.0,0.0,40.777589065908394,0.0,0.0,40777.589065908396,0.0,0.0,8715.542313758606,368.91218679137677,0.95,-102.42345943786626,0.0,0.0
52,capped,node-005,0.0,0.0,0.0,0.0,0.0,0.0,0.0,0.0,8715.542313758606,368.91218679137677,0.95,-40.04338605264238,0.0,0.0
52,capped,node-006,0.0,0.0,0.0,0.0,0.0,0.0,0.0,0.0,8715.542313758606,368.91218679137677,0.95,0.0,0.0,0.0
52,capped,node-007,0.0,0.0,0.0,0.0,0.0,0.0,0.0,0.0,8715.542313758606,368.91218679137677,0.95,0.0,0.0,0.0
52,capped,node-008,0.0,0.0,0.0,0.0,0.0,0.0,0.0,0.0,8715.542313758606,368.91218679137677,0.95,0.0,0.0,0.0
52,capped,node-009,0.0,0.0,0.0,0.0,0.0,0.0,0.0,0.0,8715.542313758606,368.91218679137677,0.95,-11.662223119677776,0.0,0.0
52,capped,node-010,0.0,53.470084866074984,53.470084866074984,0.0,53470.08486607498,53470.08486607498,0.0,0.0,8715.542313758606,368.91218679137677,0.95,-83.3571334213444,0.0,0.0
52,capped,node-011,0.0,0.0,0.0,0.0,0.0,0.0,0.0,0.0,8715.542313758606,368.91218679137677,0.95,0.0,0.0,0.0
52,capped,node-012,0.0,0.0,0.0,0.0,0.0,0.0,0.0,0.0,8715.542313758606,368.91218679137677,0.95,-39.35711455971546,0.0,0.0
52,capped,node-013,0.0,0.0,0.0,0.0,0.0,0.0,0.0,0.0,8715.542313758606,368.91218679137677,0.95,-79.91548337531393,0.0,0.0
52,capped,node-014,0.0,0.0,0.0,0.0,0.0,0.0,0.0,0.0,8715.542313758606,368.91218679137677,0.95,0.0,0.0,0.0
52,capped,node-015,0.0,0.0,0.0,0.0,0.0,0.0,0.0,0.0,8715.542313758606,368.91218679137677,0.95,-41.79202193582523,0.0,0.0
52,capped,node-016,0.0,0.0,0.0,0.0,0.0,0.0,0.0,0.0,8715.542313758606,368.91218679137677,0.95,0.0,0.0,0.0
52,capped,node-017,150.17375904352292,0.0,150.17375904352292,0.4687386187460042,0.0,0.4687386187460042,106.79282158379026,320.37846475137076,8715.542313758606,368.91218679137677,0.95,-183.90729205371352,-23.379874774029375,-106.79282158379026
52,capped,node-018,0.0,0.0,0.0,0.0,0.0,0.0,0.0,0.0,8715.542313758606,368.91218679137677,0.95,-118.54844562992432,0.0,0.0
52,capped,node-019,0.0,0.0,0.0,0.0,0.0,0.0,0.0,0.0,8715.542313758606,368.91218679137677,0.95,-112.31402498673233,0.0,0.0
52,capped,node-020,0.0,0.0,0.0,0.0,0.0,0.0,0.0,0.0,8715.542313758606,368.91218679137677,0.95,0.0,0.0,0.0
52,capped,node-021,0.0,0.0,0.0,0.0,0.0,0.0,0.0,0.0,8715.542313758606,368.91218679137677,0.95,0.0,0.0,0.0
52,capped,node-022,0.0,0.0,0.0,0.0,0.0,0.0,0.0,0.0,8715.542313758606,368.91218679137677,0.95,-50.28227715483378,0.0,0.0
52,capped,node-023,0.0,0.0,0.0,0.0,0.0,0.0,0.0,0.0,8715.542313758606,368.91218679137677,0.95,0.0,0.0,0.0
52,capped,node-024,0.0,0.0,0.0,0.0,0.0,0.0,0.0,0.0,8715.542313758606,368.91218679137677,0.95,-114.15924629523394,0.0,0.0
52,capped,node-025,0.0,0.0,0.0,0.0,0.0,0.0,0.0,0.0,8715.542313758606,368.91218679137677,0.95,0.0,0.0,0.0
52,capped,node-026,0.0,0.0,0.0,0.0,0.0,0.0,0.0,0.0,8715.542313758606,368.91218679137677,0.95,0.0,0.0,0.0
52,capped,node-027,0.0,0.0,0.0,0.0,0.0,0.0,0.0,0.0,8715.542313758606,368.91218679137677,0.95,0.0,0.0,0.0
52,capped,node-028,0.0,0.0,0.0,0.0,0.0,0.0,0.0,0.0,8715.542313758606,368.91218679137677,0.95,-93.98271534322684,0.0,0.0
52,capped,node-029,0.0,0.0,0.0,0.0,0.0,0.0,0.0,0.0,8715.542313758606,368.91218679137677,0.95,-108.44518613924969,0.0,0.0
52,proper_scoring,node-000,0.0,0.0,0.0,0.0,0.0,0.0,0.0,0.0,8715.542313758606,1285.4173793213379,0.95,-191.8260735037511,0.0,609.857172816258
52,proper_scoring,node-001,11.440157189369984,359.88194983528444,493.2864474911837,0.017200830555486053,0.5410999461481666,0.741680071187972,632.7374871949978,665.0933018883351,8715.542313758606,1285.4173793213379,0.95,-723.5225478206146,-4.5760628757479935,-217.9718538667256
52,proper_scoring,node-002,0.0,0.0,0.0,0.0,0.0,0.0,0.0,0.0,8715.542313758606,1285.4173793213379,0.95,0.0,0.0,0.0
52,proper_scoring,node-003,0.0,464.4882917635005,535.9657997053738,0.0,464488.2917635005,535965.7997053738,0.0,0.0,8715.542313758606,1285.4173793213379,0.95,-287.7263976429912,0.0,0.0
52,proper_scoring,node-004,0.0,0.0,205.41075959940468,0.0,0.0,205410.75959940467,0.0,0.0,8715.542313758606,1285.4173793213379,0.95,-404.0466860105801,0.0,0.0
52,proper_scoring,node-005,0.0,0.0,109.95661394735761,0.0,0.0,109956.6139473576,0.0,0.0,8715.542313758606,1285.4173793213379,0.95,-160.17354421056956,0.0,0.0
52,proper_scoring,node-006,0.0,0.0,0.0,0.0,0.0,0.0,0.0,0.0,8715.542313758606,1285.4173793213379,0.95,0.0,0.0,0.0
52,proper_scoring,node-007,0.0,0.0,0.0,0.0,0.0,0.0,0.0,0.0,8715.542313758606,1285.4173793213379,0.95,0.0,0.0,0.0
52,proper_scoring,node-008,0.0,0.0,0.0,0.0,0.0,0.0,0.0,0.0,8715.542313758606,1285.4173793213379,0.95,0.0,0.0,0.0
52,proper_scoring,node-009,0.0,0.0,38.3364343955416,0.0,0.0,38336.434395541604,0.0,0.0,8715.542313758606,1285.4173793213379,0.95,-46.64889247871109,0.0,0.0
52,proper_scoring,node-010,0.0,303.46871185590055,373.6773338037159,0.0,303468.71185590053,373677.3338037159,0.0,0.0,8715.542313758606,1285.4173793213379,0.95,-328.3192530283147,0.0,0.0
52,proper_scoring,node-011,0.0,0.0,0.0,0.0,0.0,0.0,0.0,0.0,8715.542313758606,1285.4173793213379,0.95,0.0,0.0,0.0
52,proper_scoring,node-012,0.0,0.0,110.64288544028454,0.0,0.0,110642.88544028455,0.0,0.0,8715.542313758606,1285.4173793213379,0.95,-157.42845823886182,0.0,0.0
52,proper_scoring,node-013,0.0,0.0,120.08451662468607,0.0,0.0,120084.51662468608,0.0,0.0,8715.542313758606,1285.4173793213379,0.95,-278.93158269745726,0.0,0.0
52,proper_scoring,node-014,0.0,0.0,0.0,0.0,0.0,0.0,0.0,0.0,8715.542313758606,1285.4173793213379,0.95,0.0,0.0,0.0
52,proper_scoring,node-015,0.0,0.0,182.12784653413757,0.0,0.0,182127.84653413758,0.0,0.0,8715.542313758606,1285.4173793213379,0.95,-167.168087743301,0.0,0.0
52,proper_scoring,node-016,0.0,0.0,0.0,0.0,0.0,0.0,0.0,0.0,8715.542313758606,1285.4173793213379,0.95,0.0,0.0,0.0
52,proper_scoring,node-017,78.89490140129072,0.05438731836795796,78.9764823788426,0.12718336152252877,8.767565268951209e-05,0.12731487500156294,406.73843426542226,620.3240774330028,8715.542313758606,1285.4173793213379,0.95,-715.1963161451154,26.611060672909332,-406.73843426542226
52,proper_scoring,node-018,0.0,0.0,131.45155437007566,0.0,0.0,131451.55437007564,0.0,0.0,8715.542313758606,1285.4173793213379,0.95,-417.9302409302169,0.0,0.0
52,proper_scoring,node-019,0.0,0.0,187.68597501326767,0.0,0.0,187685.97501326766,0.0,0.0,8715.542313758606,1285.4173793213379,0.95,-397.45100381320105,0.0,0.0
52,proper_scoring,node-020,0.0,0.0,0.0,0.0,0.0,0.0,0.0,0.0,8715.542313758606,1285.4173793213379,0.95,0.0,0.0,0.0
52,proper_scoring,node-021,0.0,0.0,0.0,0.0,0.0,0.0,0.0,0.0,8715.542313758606,1285.4173793213379,0.95,0.0,0.0,0.0
52,proper_scoring,node-022,0.0,0.0,49.71772284516622,0.0,0.0,49717.72284516622,0.0,0.0,8715.542313758606,1285.4173793213379,0.95,-150.28227715483376,0.0,0.0
52,proper_scoring,node-023,0.0,0.0,0.0,0.0,0.0,0.0,0.0,0.0,8715.542313758606,1285.4173793213379,0.95,0.0,0.0,0.0
52,proper_scoring,node-024,0.0,0.0,185.84075370476606,0.0,0.0,185840.75370476604,0.0,0.0,8715.542313758606,1285.4173793213379,0.95,-398.31019818486186,0.0,0.0
52,proper_scoring,node-025,0.0,0.0,0.0,0.0,0.0,0.0,0.0,0.0,8715.542313758606,1285.4173793213379,0.95,0.0,0.0,0.0
52,proper_scoring,node-026,0.0,0.0,0.0,0.0,0.0,0.0,0.0,0.0,8715.542313758606,1285.4173793213379,0.95,0.0,0.0,0.0
52,proper_scoring,node-027,0.0,0.0,0.0,0.0,0.0,0.0,0.0,0.0,8715.542313758606,1285.4173793213379,0.95,0.0,0.0,0.0
52,proper_scoring,node-028,0.0,0.0,206.01728465677314,0.0,0.0,206017.28465677315,0.0,0.0,8715.542313758606,1285.4173793213379,0.95,-362.1587745111356,0.0,0.0
52,proper_scoring,node-029,0.0,0.0,241.5548138607503,0.0,0.0,241554.8138607503,0.0,0.0,8715.542313758606,1285.4173793213379,0.95,-409.27175511499314,0.0,0.0
52,audits,node-000,0.0,0.0,0.0,0.0,0.0,0.0,0.0,0.0,8715.542313758606,1266.549684022623,0.95,-299.166215490534,0.0,589.6029308762802
52,audits,node-001,12.133430510001517,331.52273841652516,467.70032935495044,0.01877584296610323,0.5130139304848927,0.7237415611293769,613.8697918962831,646.2256065896204,8715.542313758606,1266.549684022623,0.95,-2136.5660570526875,-4.853372204000493,-206.87948073662164
52,audits,node-002,0.0,0.0,0.0,0.0,0.0,0.0,0.0,0.0,8715.542313758606,1266.549684022623,0.95,0.0,0.0,0.0
52,audits,node-003,0.0,464.4882917635005,535.9657997053738,0.0,464488.2917635005,535965.7997053738,0.0,0.0,8715.542313758606,1266.549684022623,0.95,-571.9315994107477,0.0,0.0
52,audits,node-004,0.0,0.0,190.77758906590842,0.0,0.0,190777.58906590843,0.0,0.0,8715.542313758606,1266.549684022623,0.95,-602.4234594378663,0.0,0.0
52,audits,node-005,0.0,0.0,109.95661394735761,0.0,0.0,109956.6139473576,0.0,0.0,8715.542313758606,1266.549684022623,0.95,-190.04338605264238,0.0,0.0
52,audits,node-006,0.0,0.0,0.0,0.0,0.0,0.0,0.0,0.0,8715.542313758606,1266.549684022623,0.95,0.0,0.0,0.0
52,audits,node-007,0.0,0.0,0.0,0.0,0.0,0.0,0.0,0.0,8715.542313758606,1266.549684022623,0.95,0.0,0.0,0.0
52,audits,node-008,0.0,0.0,0.0,0.0,0.0,0.0,0.0,0.0,8715.542313758606,1266.549684022623,0.95,0.0,0.0,0.0
52,audits,node-009,0.0,0.0,38.3364343955416,0.0,0.0,38336.434395541604,0.0,0.0,8715.542313758606,1266.549684022623,0.95,-60.93076691979262,0.0,0.0
52,audits,node-010,0.0,303.46871185590055,342.3386655106491,0.0,303468.71185590053,342338.6655106491,0.0,0.0,8715.542313758606,1266.549684022623,0.95,-580.0456553400645,0.0,0.0
52,audits,node-011,0.0,0.0,0.0,0.0,0.0,0.0,0.0,0.0,8715.542313758606,1266.549684022623,0.95,0.0,0.0,0.0
52,audits,node-012,0.0,0.0,110.64288544028454,0.0,0.0,110642.88544028455,0.0,0.0,8715.542313758606,1266.549684022623,0.95,-189.35711455971546,0.0,0.0
52,audits,node-013,0.0,0.0,120.08451662468607,0.0,0.0,120084.51662468608,0.0,0.0,8715.542313758606,1266.549684022623,0.95,-279.9154833753139,0.0,0.0
52,audits,node-014,0.0,0.0,0.0,0.0,0.0,0.0,0.0,0.0,8715.542313758606,1266.549684022623,0.95,0.0,0.0,0.0
52,audits,node-015,0.0,0.0,166.14646330161392,0.0,0.0,166146.46330161393,0.0,0.0,8715.542313758606,1266.549684022623,0.95,-287.79768649820636,0.0,0.0
52,audits,node-016,0.0,0.0,0.0,0.0,0.0,0.0,0.0,0.0,8715.542313758606,1266.549684022623,0.95,0.0,0.0,0.0
52,audits,node-017,78.89490140129072,0.05438731836795796,78.9764823788426,0.12718336152252877,8.767565268951209e-05,0.12731487500156294,406.73843426542226,620.3240774330028,8715.542313758606,1266.549684022623,0.95,-983.8529047353455,26.611060672909332,-406.73843426542226
52,audits,node-018,0.0,0.0,131.45155437007566,0.0,0.0,131451.55437007564,0.0,0.0,8715.542313758606,1266.549684022623,0.95,-468.5484456299244,0.0,0.0
52,audits,node-019,0.0,0.0,187.68597501326767,0.0,0.0,187685.97501326766,0.0,0.0,8715.542313758606,1266.549684022623,0.95,-412.31402498673236,0.0,0.0
52,audits,node-020,0.0,0.0,0.0,0.0,0.0,0.0,0.0,0.0,8715.542313758606,1266.549684022623,0.95,0.0,0.0,0.0
52,audits,node-021,0.0,0.0,0.0,0.0,0.0,0.0,0.0,0.0,8715.542313758606,1266.549684022623,0.95,0.0,0.0,0.0
52,audits,node-022,0.0,0.0,49.71772284516622,0.0,0.0,49717.72284516622,0.0,0.0,8715.542313758606,1266.549684022623,0.95,-150.28227715483376,0.0,0.0
52,audits,node-023,0.0,0.0,0.0,0.0,0.0,0.0,0.0,0.0,8715.542313758606,1266.549684022623,0.95,0.0,0.0,0.0
52,audits,node-024,0.0,0.0,185.84075370476606,0.0,0.0,185840.75370476604,0.0,0.0,8715.542313758606,1266.549684022623,0.95,-414.1592462952339,0.0,0.0
52,audits,node-025,0.0,0.0,0.0,0.0,0.0,0.0,0.0,0.0,8715.542313758606,1266.549684022623,0.95,0.0,0.0,0.0
52,audits,node-026,0.0,0.0,0.0,0.0,0.0,0.0,0.0,0.0,8715.542313758606,1266.549684022623,0.95,0.0,0.0,0.0
52,audits,node-027,0.0,0.0,0.0,0.0,0.0,0.0,0.0,0.0,8715.542313758606,1266.549684022623,0.95,0.0,0.0,0.0
52,audits,node-028,0.0,0.0,206.01728465677314,0.0,0.0,206017.28465677315,0.0,0.0,8715.542313758606,1266.549684022623,0.95,-393.9827153432269,0.0,0.0
52,audits,node-029,0.0,0.0,241.5548138607503,0.0,0.0,241554.8138607503,0.0,0.0,8715.542313758606,1266.549684022623,0.95,-458.4451861392497,0.0,0.0
46,greedy,node-000,0.0,0.0,0.0,0.0,0.0,0.0,0.0,0.0,4893.722010189435,166.4867552080795,0.8,0.0,0.0,0.0
46,greedy,node-001,0.0,0.0,0.0,0.0,0.0,0.0,0.0,0.0,4893.722010189435,166.4867552080795,0.8,0.0,0.0,0.0
46,greedy,node-002,0.0,0.0,0.0,0.0,0.0,0.0,0.0,0.0,4893.722010189435,166.4867552080795,0.8,0.0,0.0,0.0
46,greedy,node-003,0.0,0.0,0.0,0.0,0.0,0.0,0.0,0.0,4893.722010189435,166.4867552080795,0.8,0.0,0.0,0.0
46,greedy,node-004,0.0,0.0,0.0,0.0,0.0,0.0,0.0,0.0,4893.722010189435,166.4867552080795,0.8,0.0,0.0,0.0
46,greedy,node-005,0.0,0.0,0.0,0.0,0.0,0.0,0.0,0.0,4893.722010189435,166.4867552080795,0.8,0.0,0.0,0.0
46,greedy,node-006,0.0,0.0,0.0,0.0,0.0,0.0,0.0,0.0,4893.722010189435,166.4867552080795,0.8,0.0,0.0,0.0
46,greedy,node-007,0.0,0.0,0.0,0.0,0.0,0.0,0.0,0.0,4893.722010189435,166.4867552080795,0.8,0.0,0.0,0.0
46,greedy,node-008,0.0,0.0,0.0,0.0,0.0,0.0,0.0,0.0,4893.722010189435,166.4867552080795,0.8,0.0,0.0,0.0
46,greedy,node-009,0.0,0.0,0.0,0.0,0.0,0.0,0.0,0.0,4893.722010189435,166.4867552080795,0.8,-16.098172237757918,0.0,0.0
46,greedy,node-010,0.0,0.0,0.0,0.0,0.0,0.0,0.0,0.0,4893.722010189435,166.4867552080795,0.8,0.0,0.0,0.0
46,greedy,node-011,0.0,0.0,0.0,0.0,0.0,0.0,0.0,0.0,4893.722010189435,166.4867552080795,0.8,0.0,0.0,0.0
46,greedy,node-012,0.0,0.0,0.0,0.0,0.0,0.0,0.0,0.0,4893.722010189435,166.4867552080795,0.8,0.0,0.0,0.0
46,greedy,node-013,0.0,0.0,0.0,0.0,0.0,0.0,0.0,0.0,4893.722010189435,166.4867552080795,0.8,0.0,0.0,0.0
46,greedy,node-014,0.0,0.0,0.0,0.0,0.0,0.0,0.0,0.0,4893.722010189435,166.4867552080795,0.8,-54.19612392526898,0.0,0.0
46,greedy,node-015,0.0,0.0,0.0,0.0,0.0,0.0,0.0,0.0,4893.722010189435,166.4867552080795,0.8,0.0,0.0,0.0
46,greedy,node-016,0.0,0.0,0.0,0.0,0.0,0.0,0.0,0.0,4893.722010189435,166.4867552080795,0.8,0.0,0.0,0.0
46,greedy,node-017,0.0,0.0,0.0,0.0,0.0,0.0,0.0,0.0,4893.722010189435,166.4867552080795,0.8,0.0,0.0,0.0
46,greedy,node-018,0.0,0.0,0.0,0.0,0.0,0.0,0.0,0.0,4893.722010189435,166.4867552080795,0.8,0.0,0.0,0.0
46,greedy,node-019,0.0,0.0,0.0,0.0,0.0,0.0,0.0,0.0,4893.722010189435,166.4867552080795,0.8,0.0,0.0,0.0
46,greedy,node-020,0.0,0.0,0.0,0.0,0.0,0.0,0.0,0.0,4893.722010189435,166.4867552080795,0.8,0.0,0.0,0.0
46,greedy,node-021,0.0,0.0,0.0,0.0,0.0,0.0,0.0,0.0,4893.722010189435,166.4867552080795,0.8,0.0,0.0,0.0
46,greedy,node-022,0.0,0.0,0.0,0.0,0.0,0.0,0.0,0.0,4893.722010189435,166.4867552080795,0.8,0.0,0.0,0.0
46,greedy,node-023,41.244019727975314,0.0,41.244019727975314,0.2477315368206165,0.0,0.2477315368206165,55.49558506935982,166.4867552080795,4893.722010189435,166.4867552080795,0.8,-83.24337760403972,-16.64867552080794,-55.49558506935982
46,greedy,node-024,0.0,0.0,0.0,0.0,0.0,0.0,0.0,0.0,4893.722010189435,166.4867552080795,0.8,0.0,0.0,0.0
46,greedy,node-025,0.0,0.0,0.0,0.0,0.0,0.0,0.0,0.0,4893.722010189435,166.4867552080795,0.8,-16.107256597061063,0.0,0.0
46,greedy,node-026,0.0,0.0,0.0,0.0,0.0,0.0,0.0,0.0,4893.722010189435,166.4867552080795,0.8,0.0,0.0,0.0
46,greedy,node-027,0.0,0.0,0.0,0.0,0.0,0.0,0.0,0.0,4893.722010189435,166.4867552080795,0.8,0.0,0.0,0.0
46,greedy,node-028,0.0,0.0,0.0,0.0,0.0,0.0,0.0,0.0,4893.722010189435,166.4867552080795,0.8,0.0,0.0,0.0
46,greedy,node-029,2.874753724844428,0.0,2.874753724844428,2874.7537248444282,0.0,2874.7537248444282,0.0,0.0,4893.722010189435,166.4867552080795,0.8,-19.884814652254526,0.0,0.0
46,trust_vcg,node-000,0.0,0.0,89.872063865039,0.0,0.0,89872.06386503899,0.0,0.0,8397.745074999953,-438.5675185068558,0.85,-1710.1279361349611,0.0,-204.47329715335846
46,trust_vcg,node-001,0.0,0.0,0.0,0.0,0.0,0.0,0.0,0.0,8397.745074999953,-438.5675185068558,0.85,-5608.2377524921385,0.0,0.0
46,trust_vcg,node-002,0.0,0.0,0.0,0.0,0.0,0.0,0.0,0.0,8397.745074999953,-438.5675185068558,0.85,0.0,0.0,0.0
46,trust_vcg,node-003,0.0,0.0,407.3508575197416,0.0,0.0,407350.85751974164,0.0,0.0,8397.745074999953,-438.5675185068558,0.85,-5545.7702145653175,0.0,0.0
46,trust_vcg,node-004,0.0,0.0,123.73985984685238,0.0,0.0,123739.85984685239,0.0,0.0,8397.745074999953,-438.5675185068558,0.85,-2276.2601401531474,0.0,0.0
46,trust_vcg,node-005,0.0,79.76706322027214,79.76706322027214,0.0,79767.06322027213,79767.06322027213,0.0,0.0,8397.745074999953,-438.5675185068558,0.85,-5590.101089403352,0.0,0.0
46,trust_vcg,node-006,206.95223590065055,229.91651903061006,591.1229948173223,206952.23590065056,229916.51903061007,591122.9948173222,0.0,0.0,8397.745074999953,-438.5675185068558,0.85,-11096.872131630724,0.0,0.0
46,trust_vcg,node-007,0.0,0.0,0.0,0.0,0.0,0.0,0.0,0.0,8397.745074999953,-438.5675185068558,0.85,0.0,0.0,0.0
46,trust_vcg,node-008,0.0,0.0,0.0,0.0,0.0,0.0,0.0,0.0,8397.745074999953,-438.5675185068558,0.85,0.0,0.0,0.0
46,trust_vcg,node-009,0.0,0.0,6.037258775327423,0.0,0.0,6037.258775327423,0.0,0.0,8397.745074999953,-438.5675185068558,0.85,-6652.400126273103,0.0,0.0
46,trust_vcg,node-010,0.0,0.0,0.0,0.0,0.0,0.0,0.0,0.0,8397.745074999953,-438.5675185068558,0.85,0.0,0.0,0.0
46,trust_vcg,node-011,0.0,0.0,0.0,0.0,0.0,0.0,0.0,0.0,8397.745074999953,-438.5675185068558,0.85,-5614.006954522967,0.0,0.0
46,trust_vcg,node-012,0.0,0.0,135.42684277818736,0.0,0.0,135426.84277818736,0.0,0.0,8397.745074999953,-438.5675185068558,0.85,-2264.573157221813,0.0,0.0
46,trust_vcg,node-013,0.0,0.0,0.0,0.0,0.0,0.0,0.0,0.0,8397.745074999953,-438.5675185068558,0.85,0.0,0.0,0.0
46,trust_vcg,node-014,281.0211967651454,0.0,281.0211967651454,281021.1967651454,0.0,281021.1967651454,0.0,0.0,8397.745074999953,-438.5675185068558,0.85,-6644.280769698005,52.04645012862554,0.0
46,trust_vcg,node-015,0.0,0.0,0.0,0.0,0.0,0.0,0.0,0.0,8397.745074999953,-438.5675185068558,0.85,0.0,0.0,0.0
46,trust_vcg,node-016,0.0,0.0,0.0,0.0,0.0,0.0,0.0,0.0,8397.745074999953,-438.5675185068558,0.85,-5591.99816237057,0.0,0.0
46,trust_vcg,node-017,0.0,0.0,0.0,0.0,0.0,0.0,0.0,0.0,8397.745074999953,-438.5675185068558,0.85,-1722.819239310865,0.0,0.0
46,trust_vcg,node-018,0.0,0.0,48.46359864439782,0.0,0.0,48463.59864439782,0.0,0.0,8397.745074999953,-438.5675185068558,0.85,-1151.5364013556023,0.0,0.0
46,trust_vcg,node-019,0.0,0.0,0.0,0.0,0.0,0.0,0.0,0.0,8397.745074999953,-438.5675185068558,0.85,0.0,0.0,0.0
46,trust_vcg,node-020,0.0,0.0,548.0633393692474,0.0,0.0,548063.3393692473,0.0,0.0,8397.745074999953,-438.5675185068558,0.85,-10561.85779512535,0.0,0.0
46,trust_vcg,node-021,0.0,0.0,0.0,0.0,0.0,0.0,0.0,0.0,8397.745074999953,-438.5675185068558,0.85,-5024.1483837580245,0.0,0.0
46,trust_vcg,node-022,0.0,0.0,0.0,0.0,0.0,0.0,0.0,0.0,8397.745074999953,-438.5675185068558,0.85,0.0,0.0,0.0
46,trust_vcg,node-023,38.9527782591116,0.0,651.0424617733254,38952.7782591116,0.0,651042.4617733253,-651.0424617733254,-625.2944316591097,8397.745074999953,-438.5675185068558,0.85,-10376.705330761353,-3.8622045171324544,651.0424617733254
46,trust_vcg,node-024,0.0,0.0,0.0,0.0,0.0,0.0,0.0,0.0,8397.745074999953,-438.5675185068558,0.85,-5592.4888489221385,0.0,0.0
46,trust_vcg,node-025,420.8410131731125,0.4931620617347505,539.9398912340203,2.2537780230424844,0.0026410872081017835,2.8916018699123596,-0.4931620617347505,186.72691315225393,8397.745074999953,-438.5675185068558,0.85,-5546.311856741763,-28.083011282098212,0.4931620617347505
46,trust_vcg,node-026,0.0,0.0,0.0,0.0,0.0,0.0,0.0,0.0,8397.745074999953,-438.5675185068558,0.85,-5031.887986046001,0.0,0.0
46,trust_vcg,node-027,0.0,0.0,117.61426647638453,0.0,0.0,117614.26647638452,0.0,0.0,8397.745074999953,-438.5675185068558,0.85,-3939.5003714929853,0.0,0.0
46,trust_vcg,node-028,40.01479027481477,0.0,239.87696168829328,40014.79027481477,0.0,239876.96168829326,0.0,0.0,8397.745074999953,-438.5675185068558,0.85,-5566.66117253717,0.0,0.0
46,trust_vcg,node-029,0.0,0.0,299.42407326127267,0.0,0.0,299424.0732612727,0.0,0.0,8397.745074999953,-438.5675185068558,0.85,-5542.416342964572,0.0,0.0
46,contingent,node-000,0.0,0.0,0.0,0.0,0.0,0.0,0.0,0.0,8397.745074999953,293.5266623763634,0.85,-240.51174453984405,0.0,-178.98778250522741
46,contingent,node-001,0.0,0.0,0.0,0.0,0.0,0.0,0.0,0.0,8397.745074999953,293.5266623763634,0.85,-432.9510099685506,0.0,0.0
46,contingent,node-002,0.0,0.0,0.0,0.0,0.0,0.0,0.0,0.0,8397.745074999953,293.5266623763634,0.85,0.0,0.0,0.0
46,contingent,node-003,0.0,0.0,0.0,0.0,0.0,0.0,0.0,0.0,8397.745074999953,293.5266623763634,0.85,-368.398936038579,0.0,0.0
46,contingent,node-004,0.0,0.0,0.0,0.0,0.0,0.0,0.0,0.0,8397.745074999953,293.5266623763634,0.85,-305.04056061259047,0.0,0.0
46,contingent,node-005,0.0,29.767063220272135,29.767063220272135,0.0,29767.063220272135,29767.063220272135,0.0,0.0,8397.745074999953,293.5266623763634,0.85,-360.4043576134086,0.0,0.0
46,contingent,node-006,7.479129757652506,29.91651903061003,41.122994817322294,7479.129757652507,29916.51903061003,41122.994817322295,0.0,0.0,8397.745074999953,293.5266623763634,0.85,-387.4885265229036,0.0,0.0
46,contingent,node-007,0.0,0.0,0.0,0.0,0.0,0.0,0.0,0.0,8397.745074999953,293.5266623763634,0.85,0.0,0.0,0.0
46,contingent,node-008,0.0,0.0,0.0,0.0,0.0,0.0,0.0,0.0,8397.745074999953,293.5266623763634,0.85,0.0,0.0,0.0
46,contingent,node-009,0.0,52.29398317272789,102.60213922671103,0.0,52293.98317272789,102602.13922671104,0.0,0.0,8397.745074999953,293.5266623763634,0.85,-209.6005050924078,0.0,0.0
46,contingent,node-010,0.0,0.0,0.0,0.0,0.0,0.0,0.0,0.0,8397.745074999953,293.5266623763634,0.85,0.0,0.0,0.0
46,contingent,node-011,0.0,0.0,0.0,0.0,0.0,0.0,0.0,0.0,8397.745074999953,293.5266623763634,0.85,-456.02781809186865,0.0,0.0
46,contingent,node-012,0.0,0.0,9.711161331698705,0.0,0.0,9711.161331698704,0.0,0.0,8397.745074999953,293.5266623763634,0.85,-258.2926288872506,0.0,0.0
46,contingent,node-013,0.0,0.0,0.0,0.0,0.0,0.0,0.0,0.0,8397.745074999953,293.5266623763634,0.85,0.0,0.0,0.0
46,contingent,node-014,3.173211496155467,27.22923908046917,124.09372108675507,3173.211496155467,27229.23908046917,124093.72108675506,0.0,0.0,8397.745074999953,293.5266623763634,0.85,-177.1230787920223,2.7161058552444057,0.0
46,contingent,node-015,0.0,0.0,0.0,0.0,0.0,0.0,0.0,0.0,8397.745074999953,293.5266623763634,0.85,0.0,0.0,0.0
46,contingent,node-016,0.0,0.0,0.0,0.0,0.0,0.0,0.0,0.0,8397.745074999953,293.5266623763634,0.85,-367.9926494822787,0.0,0.0
46,contingent,node-017,0.0,0.0,0.0,0.0,0.0,0.0,0.0,0.0,8397.745074999953,293.5266623763634,0.85,-291.27695724345995,0.0,0.0
46,contingent,node-018,0.0,0.0,0.0,0.0,0.0,0.0,0.0,0.0,8397.745074999953,293.5266623763634,0.85,-206.14560542240878,0.0,0.0
46,contingent,node-019,0.0,0.0,0.0,0.0,0.0,0.0,0.0,0.0,8397.745074999953,293.5266623763634,0.85,0.0,0.0,0.0
46,contingent,node-020,0.0,0.0,7.458331383705712,0.0,0.0,7458.331383705712,0.0,0.0,8397.745074999953,293.5266623763634,0.85,-447.43118050140225,0.0,0.0
46,contingent,node-021,0.0,0.0,0.0,0.0,0.0,0.0,0.0,0.0,8397.745074999953,293.5266623763634,0.85,-390.08117635488844,0.0,0.0
46,contingent,node-022,0.0,0.0,0.0,0.0,0.0,0.0,0.0,0.0,8397.745074999953,293.5266623763634,0.85,0.0,0.0,0.0
46,contingent,node-023,30.967102252224542,0.0,100.65492339867778,1.0000000000000002,0.0,3.250382376072891,5.2190721380088485,30.96710225222454,8397.745074999953,293.5266623763634,0.85,-116.2102422767285,-3.0967102252224543,-5.2190721380088485
46,contingent,node-024,0.0,0.0,17.098345238682356,0.0,0.0,17098.345238682356,0.0,0.0,8397.745074999953,293.5266623763634,0.85,-369.9553956885523,0.0,0.0
46,contingent,node-025,60.06348362973743,0.0,141.3052647536701,0.22876136599763977,0.0,0.5381836589262283,75.33948491015029,262.55956012413884,8397.745074999953,293.5266623763634,0.85,-262.5595601241389,-26.25595601241389,-75.33948491015029
46,contingent,node-026,0.0,0.0,0.0,0.0,0.0,0.0,0.0,0.0,8397.745074999953,293.5266623763634,0.85,-327.5519441840041,0.0,0.0
46,contingent,node-027,0.0,0.0,17.614266476384508,0.0,0.0,17614.266476384506,0.0,0.0,8397.745074999953,293.5266623763634,0.85,-358.00148597194345,0.0,0.0
46,contingent,node-028,0.0,24.32408664376798,89.87696168829328,0.0,24324.08664376798,89876.96168829328,0.0,0.0,8397.745074999953,293.5266623763634,0.85,-266.6446901486809,0.0,0.0
46,contingent,node-029,0.0,54.10932638432979,124.7716779817773,0.0,54109.32638432979,124771.6779817773,0.0,0.0,8397.745074999953,293.5266623763634,0.85,-169.66537185829057,0.0,0.0
46,capped,node-000,0.0,0.0,0.0,0.0,0.0,0.0,0.0,0.0,8397.745074999953,319.4521579923064,0.85,-60.127936134961004,0.0,-108.23775249213763
46,capped,node-001,0.0,0.0,0.0,0.0,0.0,0.0,0.0,0.0,8397.745074999953,319.4521579923064,0.85,-108.23775249213763,0.0,0.0
46,capped,node-002,0.0,0.0,0.0,0.0,0.0,0.0,0.0,0.0,8397.745074999953,319.4521579923064,0.85,0.0,0.0,0.0
46,capped,node-003,0.0,0.0,0.0,0.0,0.0,0.0,0.0,0.0,8397.745074999953,319.4521579923064,0.85,-92.09973400964473,0.0,0.0
46,capped,node-004,0.0,0.0,0.0,0.0,0.0,0.0,0.0,0.0,8397.745074999953,319.4521579923064,0.85,-76.26014015314762,0.0,0.0
46,capped,node-005,0.0,29.767063220272135,29.767063220272135,0.0,29767.063220272135,29767.063220272135,0.0,0.0,8397.745074999953,319.4521579923064,0.85,-90.10108940335215,0.0,0.0
46,capped,node-006,7.479129757652506,29.91651903061003,41.122994817322294,7479.129757652507,29916.51903061003,41122.994817322295,0.0,0.0,8397.745074999953,319.4521579923064,0.85,-96.87213163072589,0.0,0.0
46,capped,node-007,0.0,0.0,0.0,0.0,0.0,0.0,0.0,0.0,8397.745074999953,319.4521579923064,0.85,0.0,0.0,0.0
46,capped,node-008,0.0,0.0,0.0,0.0,0.0,0.0,0.0,0.0,8397.745074999953,319.4521579923064,0.85,0.0,0.0,0.0
46,capped,node-009,0.0,95.042078811621,156.03725877532742,0.0,95042.07881162099,156037.2587753274,0.0,0.0,8397.745074999953,319.4521579923064,0.85,-52.40012627310193,0.0,0.0
46,capped,node-010,0.0,0.0,0.0,0.0,0.0,0.0,0.0,0.0,8397.745074999953,319.4521579923064,0.85,0.0,0.0,0.0
46,capped,node-011,0.0,0.0,0.0,0.0,0.0,0.0,0.0,0.0,8397.745074999953,319.4521579923064,0.85,-114.00695452296718,0.0,0.0
46,capped,node-012,0.0,0.0,9.711161331698705,0.0,0.0,9711.161331698704,0.0,0.0,8397.745074999953,319.4521579923064,0.85,-64.57315722181266,0.0,0.0
46,capped,node-013,0.0,0.0,0.0,0.0,0.0,0.0,0.0,0.0,8397.745074999953,319.4521579923064,0.85,0.0,0.0,0.0
46,capped,node-014,3.173211496155467,83.24986246605128,208.12465616512821,3173.211496155467,83249.86246605129,208124.65616512822,0.0,0.0,8397.745074999953,319.4521579923064,0.85,-44.28076969800557,2.7161058552444057,0.0
46,capped,node-015,0.0,0.0,0.0,0.0,0.0,0.0,0.0,0.0,8397.745074999953,319.4521579923064,0.85,0.0,0.0,0.0
46,capped,node-016,0.0,29.104663317765073,29.104663317765073,0.0,29104.663317765073,29104.663317765073,0.0,0.0,8397.745074999953,319.4521579923064,0.85,-91.99816237056967,0.0,0.0
46,capped,node-017,0.0,0.0,0.0,0.0,0.0,0.0,0.0,0.0,8397.745074999953,319.4521579923064,0.85,-72.81923931086499,0.0,0.0
46,capped,node-018,0.0,0.0,0.0,0.0,0.0,0.0,0.0,0.0,8397.745074999953,319.4521579923064,0.85,-51.53640135560218,0.0,0.0
46,capped,node-019,0.0,0.0,0.0,0.0,0.0,0.0,0.0,0.0,8397.745074999953,319.4521579923064,0.85,0.0,0.0,0.0
46,capped,node-020,0.0,0.0,7.458331383705712,0.0,0.0,7458.331383705712,0.0,0.0,8397.745074999953,319.4521579923064,0.85,-111.85779512535056,0.0,0.0
46,capped,node-021,0.0,0.0,0.0,0.0,0.0,0.0,0.0,0.0,8397.745074999953,319.4521579923064,0.85,-97.52029408872211,0.0,0.0
46,capped,node-022,0.0,0.0,0.0,0.0,0.0,0.0,0.0,0.0,8397.745074999953,319.4521579923064,0.85,0.0,0.0,0.0
46,capped,node-023,38.622045171323535,42.62157001225198,209.10832522033144,0.9999999999999998,1.1035554907355876,5.414221962942349,12.874015057107844,38.62204517132354,8397.745074999953,319.4521579923064,0.85,-40.62180759178776,-3.8622045171323514,-12.874015057107844
46,capped,node-024,0.0,0.0,35.65325125374126,0.0,0.0,35653.25125374126,0.0,0.0,8397.745074999953,319.4521579923064,0.85,-92.48884892213808,0.0,0.0
46,capped,node-025,41.79293093289341,0.0,123.03471205682605,0.1488192648326663,0.0,0.4381108237322662,93.61003760699431,280.8301128209829,8397.745074999953,319.4521579923064,0.85,-140.41505641049145,-28.083011282098298,-93.61003760699431
46,capped,node-026,0.0,66.09295657139091,66.09295657139091,0.0,66092.95657139091,66092.95657139091,0.0,0.0,8397.745074999953,319.4521579923064,0.85,-81.88798604600103,0.0,0.0
46,capped,node-027,0.0,0.0,17.614266476384508,0.0,0.0,17614.266476384506,0.0,0.0,8397.745074999953,319.4521579923064,0.85,-89.50037149298586,0.0,0.0
46,capped,node-028,0.0,64.87535241093883,89.87696168829328,0.0,64875.35241093883,89876.96168829328,0.0,0.0,8397.745074999953,319.4521579923064,0.85,-66.66117253717024,0.0,0.0
46,capped,node-029,0.0,77.64471846396383,124.7716779817773,0.0,77644.71846396383,124771.6779817773,0.0,0.0,8397.745074999953,319.4521579923064,0.85,-42.41634296457264,0.0,0.0
46,proper_scoring,node-000,0.0,0.0,89.872063865039,0.0,0.0,89872.06386503899,0.0,0.0,8397.745074999953,1127.256884871759,0.85,-210.127936134961,0.0,295.5267028466415
46,proper_scoring,node-001,295.5267028466415,0.0,295.5267028466415,295526.7028466415,0.0,295526.7028466415,0.0,0.0,8397.745074999953,1127.256884871759,0.85,-408.21557239844185,0.0,0.0
46,proper_scoring,node-002,0.0,0.0,0.0,0.0,0.0,0.0,0.0,0.0,8397.745074999953,1127.256884871759,0.85,0.0,0.0,0.0
46,proper_scoring,node-003,0.0,0.0,407.3508575197416,0.0,0.0,407350.85751974164,0.0,0.0,8397.745074999953,1127.256884871759,0.85,-358.22455575517614,0.0,0.0
46,proper_scoring,node-004,0.0,0.0,123.73985984685238,0.0,0.0,123739.85984685239,0.0,0.0,8397.745074999953,1127.256884871759,0.85,-270.7005349901923,0.0,0.0
46,proper_scoring,node-005,0.0,79.76706322027214,253.53465803935237,0.0,79767.06322027213,253534.65803935236,0.0,0.0,8397.745074999953,1127.256884871759,0.85,-360.4043576134086,0.0,0.0
46,proper_scoring,node-006,682.6713888160734,229.91651903061006,847.763928323431,682671.3888160734,229916.51903061007,847763.9283234309,0.0,0.0,8397.745074999953,1127.256884871759,0.85,-379.16585977910415,0.0,0.0
46,proper_scoring,node-007,0.0,0.0,0.0,0.0,0.0,0.0,0.0,0.0,8397.745074999953,1127.256884871759,0.85,0.0,0.0,0.0
46,proper_scoring,node-008,0.0,0.0,0.0,0.0,0.0,0.0,0.0,0.0,8397.745074999953,1127.256884871759,0.85,0.0,0.0,0.0
46,proper_scoring,node-009,0.0,502.2939831727279,506.0372587753275,0.0,502293.9831727279,506037.2587753275,0.0,0.0,8397.745074999953,1127.256884871759,0.85,-209.6005050924078,0.0,0.0
46,proper_scoring,node-010,0.0,0.0,0.0,0.0,0.0,0.0,0.0,0.0,8397.745074999953,1127.256884871759,0.85,0.0,0.0,0.0
46,proper_scoring,node-011,0.0,0.0,287.3355013484146,0.0,0.0,287335.5013484146,0.0,0.0,8397.745074999953,1127.256884871759,0.85,-421.6654685212759,0.0,0.0
46,proper_scoring,node-012,0.0,0.0,135.42684277818736,0.0,0.0,135426.84277818736,0.0,0.0,8397.745074999953,1127.256884871759,0.85,-250.02566089705832,0.0,0.0
46,proper_scoring,node-013,0.0,0.0,0.0,0.0,0.0,0.0,0.0,0.0,8397.745074999953,1127.256884871759,0.85,0.0,0.0,0.0
46,proper_scoring,node-014,281.0211967651454,483.2498624660513,608.1246561651283,281021.1967651454,483249.8624660513,608124.6561651282,0.0,0.0,8397.745074999953,1127.256884871759,0.85,-177.1230787920223,52.04645012862554,0.0
46,proper_scoring,node-015,0.0,0.0,0.0,0.0,0.0,0.0,0.0,0.0,8397.745074999953,1127.256884871759,0.85,0.0,0.0,0.0
46,proper_scoring,node-016,0.0,0.0,231.24828998480282,0.0,0.0,231248.28998480283,0.0,0.0,8397.745074999953,1127.256884871759,0.85,-367.9926494822787,0.0,0.0
46,proper_scoring,node-017,0.0,0.0,0.0,0.0,0.0,0.0,0.0,0.0,8397.745074999953,1127.256884871759,0.85,-222.819239310865,0.0,0.0
46,proper_scoring,node-018,0.0,0.0,48.46359864439782,0.0,0.0,48463.59864439782,0.0,0.0,8397.745074999953,1127.256884871759,0.85,-151.53640135560218,0.0,0.0
46,proper_scoring,node-019,0.0,0.0,0.0,0.0,0.0,0.0,0.0,0.0,8397.745074999953,1127.256884871759,0.85,0.0,0.0,0.0
46,proper_scoring,node-020,0.0,0.0,783.7631913671141,0.0,0.0,783763.1913671141,0.0,0.0,8397.745074999953,1127.256884871759,0.85,-419.5130483464007,0.0,0.0
46,proper_scoring,node-021,0.0,0.0,105.01619823552582,0.0,0.0,105016.19823552582,0.0,0.0,8397.745074999953,1127.256884871759,0.85,-379.76603347083056,0.0,0.0
46,proper_scoring,node-022,0.0,0.0,0.0,0.0,0.0,0.0,0.0,0.0,8397.745074999953,1127.256884871759,0.85,0.0,0.0,0.0
46,proper_scoring,node-023,40.86651398888631,407.32935845272556,523.1219324540382,0.0982698641340692,0.9794865479314585,1.2579277312909605,390.11205424625797,415.86008436047376,8397.745074999953,1127.256884871759,0.85,-501.1032243849776,-3.0967102252224663,-390.11205424625797
46,proper_scoring,node-024,0.0,0.0,417.0983452386823,0.0,0.0,417098.3452386823,0.0,0.0,8397.745074999953,1127.256884871759,0.85,-356.4083564445857,0.0,0.0
46,proper_scoring,node-025,0.0,1.1627596128533924,66.80264964388823,0.0,0.0016344740544485298,0.09390350026297103,524.1767252972968,711.3968005112853,8397.745074999953,1127.256884871759,0.85,-711.3968005112854,-26.255956012413947,-524.1767252972968
46,proper_scoring,node-026,0.0,116.0929565713909,281.48822905180316,0.0,116092.9565713909,281488.2290518032,0.0,0.0,8397.745074999953,1127.256884871759,0.85,-327.5519441840041,0.0,0.0
46,proper_scoring,node-027,0.0,0.0,175.42487085169478,0.0,0.0,175424.87085169478,0.0,0.0,8397.745074999953,1127.256884871759,0.85,-349.9711056687935,0.0,0.0
46,proper_scoring,node-028,40.01479027481477,174.324086643768,295.96105397921895,40014.79027481477,174324.086643768,295961.05397921894,0.0,0.0,8397.745074999953,1127.256884871759,0.85,-266.6446901486809,0.0,0.0
46,proper_scoring,node-029,0.0,454.10932638432985,454.10932638432985,0.0,454109.3263843298,454109.3263843298,0.0,0.0,8397.745074999953,1127.256884871759,0.85,-169.66537185829057,0.0,0.0
46,audits,node-000,0.0,0.0,89.872063865039,0.0,0.0,89872.06386503899,0.0,0.0,8397.745074999953,1061.4324814931442,0.85,-210.127936134961,0.0,295.5267028466415
46,audits,node-001,295.5267028466415,0.0,295.5267028466415,295526.7028466415,0.0,295526.7028466415,0.0,0.0,8397.745074999953,1061.4324814931442,0.85,-608.2377524921377,0.0,0.0
46,audits,node-002,0.0,0.0,0.0,0.0,0.0,0.0,0.0,0.0,8397.745074999953,1061.4324814931442,0.85,0.0,0.0,0.0
46,audits,node-003,0.0,0.0,407.3508575197416,0.0,0.0,407350.85751974164,0.0,0.0,8397.745074999953,1061.4324814931442,0.85,-545.7702145653175,0.0,0.0
46,audits,node-004,0.0,0.0,123.73985984685238,0.0,0.0,123739.85984685239,0.0,0.0,8397.745074999953,1061.4324814931442,0.85,-276.26014015314763,0.0,0.0
46,audits,node-005,0.0,79.76706322027214,209.89891059664785,0.0,79767.06322027213,209898.91059664785,0.0,0.0,8397.745074999953,1061.4324814931442,0.85,-590.1010894033521,0.0,0.0
46,audits,node-006,645.1623508609123,229.91651903061006,803.1278683692741,645162.3508609122,229916.51903061007,803127.8683692741,0.0,0.0,8397.745074999953,1061.4324814931442,0.85,-1096.872131630726,0.0,0.0
46,audits,node-007,0.0,0.0,0.0,0.0,0.0,0.0,0.0,0.0,8397.745074999953,1061.4324814931442,0.85,0.0,0.0,0.0
46,audits,node-008,0.0,0.0,0.0,0.0,0.0,0.0,0.0,0.0,8397.745074999953,1061.4324814931442,0.85,0.0,0.0,0.0
46,audits,node-009,0.0,495.042078811621,506.0372587753275,0.0,495042.078811621,506037.2587753275,0.0,0.0,8397.745074999953,1061.4324814931442,0.85,-652.4001262731019,0.0,0.0
46,audits,node-010,0.0,0.0,0.0,0.0,0.0,0.0,0.0,0.0,8397.745074999953,1061.4324814931442,0.85,0.0,0.0,0.0
46,audits,node-011,0.0,0.0,285.99304547703287,0.0,0.0,285993.04547703284,0.0,0.0,8397.745074999953,1061.4324814931442,0.85,-614.0069545229671,0.0,0.0
46,audits,node-012,0.0,0.0,135.42684277818736,0.0,0.0,135426.84277818736,0.0,0.0,8397.745074999953,1061.4324814931442,0.85,-264.5731572218126,0.0,0.0
46,audits,node-013,0.0,0.0,0.0,0.0,0.0,0.0,0.0,0.0,8397.745074999953,1061.4324814931442,0.85,0.0,0.0,0.0
46,audits,node-014,281.0211967651454,483.2498624660513,608.1246561651283,281021.1967651454,483249.8624660513,608124.6561651282,0.0,0.0,8397.745074999953,1061.4324814931442,0.85,-644.2807696980055,52.04645012862554,0.0
46,audits,node-015,0.0,0.0,0.0,0.0,0.0,0.0,0.0,0.0,8397.745074999953,1061.4324814931442,0.85,0.0,0.0,0.0
46,audits,node-016,0.0,0.0,208.00183762943033,0.0,0.0,208001.83762943032,0.0,0.0,8397.745074999953,1061.4324814931442,0.85,-591.9981623705697,0.0,0.0
46,audits,node-017,0.0,0.0,0.0,0.0,0.0,0.0,0.0,0.0,8397.745074999953,1061.4324814931442,0.85,-222.819239310865,0.0,0.0
46,audits,node-018,0.0,0.0,48.46359864439782,0.0,0.0,48463.59864439782,0.0,0.0,8397.745074999953,1061.4324814931442,0.85,-151.53640135560218,0.0,0.0
46,audits,node-019,0.0,0.0,0.0,0.0,0.0,0.0,0.0,0.0,8397.745074999953,1061.4324814931442,0.85,0.0,0.0,0.0
46,audits,node-020,0.0,0.0,738.1422048746493,0.0,0.0,738142.2048746493,0.0,0.0,8397.745074999953,1061.4324814931442,0.85,-1061.8577951253505,0.0,0.0
46,audits,node-021,0.0,0.0,60.16785081401037,0.0,0.0,60167.85081401037,0.0,0.0,8397.745074999953,1061.4324814931442,0.85,-524.1483837580254,0.0,0.0
46,audits,node-022,0.0,0.0,0.0,0.0,0.0,0.0,0.0,0.0,8397.745074999953,1061.4324814931442,0.85,0.0,0.0,0.0
46,audits,node-023,38.95277825911154,306.5380468426851,473.0248020507648,0.10395569628598111,0.8180771057125324,1.262390639523211,348.95753822667467,374.70556834089035,8397.745074999953,1061.4324814931442,0.85,-1376.7053307613546,-3.8622045171323975,-348.95753822667467
46,audits,node-024,0.0,0.0,385.65325125374125,0.0,0.0,385653.2512537412,0.0,0.0,8397.745074999953,1061.4324814931442,0.85,-592.488848922138,0.0,0.0
46,audits,node-025,0.0,0.0,64.31072787397471,0.0,0.0,0.09364818334958196,499.5068379382653,686.7269131522538,8397.745074999953,1061.4324814931442,0.85,-1046.3118567417623,-28.083011282098255,-499.5068379382653
46,audits,node-026,0.0,116.0929565713909,268.11201395399894,0.0,116092.9565713909,268112.0139539989,0.0,0.0,8397.745074999953,1061.4324814931442,0.85,-531.8879860460012,0.0,0.0
46,audits,node-027,0.0,0.0,160.49962850701417,0.0,0.0,160499.62850701416,0.0,0.0,8397.745074999953,1061.4324814931442,0.85,-439.50037149298583,0.0,0.0
46,audits,node-028,40.01479027481477,164.87535241093886,239.87696168829328,40014.79027481477,164875.35241093885,239876.96168829326,0.0,0.0,8397.745074999953,1061.4324814931442,0.85,-566.6611725371702,0.0,0.0
46,audits,node-029,0.0,427.64471846396384,427.64471846396384,0.0,427644.7184639638,427644.7184639638,0.0,0.0,8397.745074999953,1061.4324814931442,0.85,-542.4163429645727,0.0,0.0
49,greedy,node-000,0.0,0.0,0.0,0.0,0.0,0.0,0.0,0.0,8719.790207860764,190.2027233433482,0.85,0.0,0.0,0.0
49,greedy,node-001,0.0,0.0,0.0,0.0,0.0,0.0,0.0,0.0,8719.790207860764,190.2027233433482,0.85,0.0,0.0,0.0
49,greedy,node-002,0.0,0.0,0.0,0.0,0.0,0.0,0.0,0.0,8719.790207860764,190.2027233433482,0.85,0.0,0.0,0.0
49,greedy,node-003,0.0,0.0,0.0,0.0,0.0,0.0,0.0,0.0,8719.790207860764,190.2027233433482,0.85,0.0,0.0,0.0
49,greedy,node-004,0.0,0.0,0.0,0.0,0.0,0.0,0.0,0.0,8719.790207860764,190.2027233433482,0.85,0.0,0.0,0.0
49,greedy,node-005,0.0,0.0,0.0,0.0,0.0,0.0,0.0,0.0,8719.790207860764,190.2027233433482,0.85,0.0,0.0,0.0
49,greedy,node-006,0.0,0.0,0.0,0.0,0.0,0.0,0.0,0.0,8719.790207860764,190.2027233433482,0.85,0.0,0.0,0.0
49,greedy,node-007,0.0,0.0,0.0,0.0,0.0,0.0,0.0,0.0,8719.790207860764,190.2027233433482,0.85,0.0,0.0,0.0
49,greedy,node-008,0.0,0.0,0.0,0.0,0.0,0.0,0.0,0.0,8719.790207860764,190.2027233433482,0.85,0.0,0.0,0.0
49,greedy,node-009,0.0,0.0,0.0,0.0,0.0,0.0,0.0,0.0,8719.790207860764,190.2027233433482,0.85,0.0,0.0,0.0
49,greedy,node-010,0.0,0.0,0.0,0.0,0.0,0.0,0.0,0.0,8719.790207860764,190.2027233433482,0.85,0.0,0.0,0.0
49,greedy,node-011,0.0,0.0,0.0,0.0,0.0,0.0,0.0,0.0,8719.790207860764,190.2027233433482,0.85,0.0,0.0,0.0
49,greedy,node-012,0.0,0.0,0.0,0.0,0.0,0.0,0.0,0.0,8719.790207860764,190.2027233433482,0.85,0.0,0.0,0.0
49,greedy,node-013,38.39912208147601,0.0,38.39912208147601,0.2865969184474205,0.0,0.2865969184474205,44.66100832427567,133.983024972827,8719.790207860764,190.2027233433482,0.85,-72.0840497425983,-10.866183153970695,-44.66100832427567
49,greedy,node-014,0.0,0.0,0.0,0.0,0.0,0.0,0.0,0.0,8719.790207860764,190.2027233433482,0.85,0.0,0.0,0.0
49,greedy,node-015,0.0,0.0,0.0,0.0,0.0,0.0,0.0,0.0,8719.790207860764,190.2027233433482,0.85,0.0,0.0,0.0
49,greedy,node-016,0.0,0.0,0.0,0.0,0.0,0.0,0.0,0.0,8719.790207860764,190.2027233433482,0.85,0.0,0.0,0.0
49,greedy,node-017,0.0,0.0,0.0,0.0,0.0,0.0,0.0,0.0,8719.790207860764,190.2027233433482,0.85,0.0,0.0,0.0
49,greedy,node-018,0.0,0.0,0.0,0.0,0.0,0.0,0.0,0.0,8719.790207860764,190.2027233433482,0.85,0.0,0.0,0.0
49,greedy,node-019,0.0,0.0,0.0,0.0,0.0,0.0,0.0,0.0,8719.790207860764,190.2027233433482,0.85,0.0,0.0,0.0
49,greedy,node-020,0.0,0.0,0.0,0.0,0.0,0.0,0.0,0.0,8719.790207860764,190.2027233433482,0.85,-29.14300281359022,0.0,0.0
49,greedy,node-021,0.0,0.0,0.0,0.0,0.0,0.0,0.0,0.0,8719.790207860764,190.2027233433482,0.85,-23.979030478181684,0.0,0.0
49,greedy,node-022,0.0,0.0,0.0,0.0,0.0,0.0,0.0,0.0,8719.790207860764,190.2027233433482,0.85,0.0,0.0,0.0
49,greedy,node-023,0.0,0.0,0.0,0.0,0.0,0.0,0.0,0.0,8719.790207860764,190.2027233433482,0.85,0.0,0.0,0.0
49,greedy,node-024,0.0,0.0,0.0,0.0,0.0,0.0,0.0,0.0,8719.790207860764,190.2027233433482,0.85,0.0,0.0,0.0
49,greedy,node-025,19.476600364619113,0.0,19.476600364619113,0.3464372974087615,0.0,0.3464372974087615,18.739899456840394,56.219698370521186,8719.790207860764,190.2027233433482,0.85,-41.42172971108469,-5.6219698370521165,-18.739899456840394
49,greedy,node-026,0.0,0.0,0.0,0.0,0.0,0.0,0.0,0.0,8719.790207860764,190.2027233433482,0.85,0.0,0.0,0.0
49,greedy,node-027,0.0,0.0,0.0,0.0,0.0,0.0,0.0,0.0,8719.790207860764,190.2027233433482,0.85,0.0,0.0,0.0
49,greedy,node-028,0.0,0.0,0.0,0.0,0.0,0.0,0.0,0.0,8719.790207860764,190.2027233433482,0.85,0.0,0.0,0.0
49,greedy,node-029,0.0,0.0,0.0,0.0,0.0,0.0,0.0,0.0,8719.790207860764,190.2027233433482,0.85,-24.858940662428253,0.0,0.0
49,trust_vcg,node-000,0.0,0.0,0.0,0.0,0.0,0.0,0.0,0.0,8719.462180222099,-524.1894674091876,0.85,0.0,0.0,0.0
49,trust_vcg,node-001,0.0,0.0,0.0,0.0,0.0,0.0,0.0,0.0,8719.462180222099,-524.1894674091876,0.85,0.0,0.0,0.0
49,trust_vcg,node-002,0.0,0.0,0.0,0.0,0.0,0.0,0.0,0.0,8719.462180222099,-524.1894674091876,0.85,0.0,0.0,0.0
49,trust_vcg,node-003,0.0,0.0,0.0,0.0,0.0,0.0,0.0,0.0,8719.462180222099,-524.1894674091876,0.85,-5591.535483881057,0.0,0.0
49,trust_vcg,node-004,0.0,0.0,0.0,0.0,0.0,0.0,0.0,0.0,8719.462180222099,-524.1894674091876,0.85,0.0,0.0,0.0
49,trust_vcg,node-005,0.0,0.0,0.0,0.0,0.0,0.0,0.0,0.0,8719.462180222099,-524.1894674091876,0.85,0.0,0.0,0.0
49,trust_vcg,node-006,0.0,0.0,0.0,0.0,0.0,0.0,0.0,0.0,8719.462180222099,-524.1894674091876,0.85,0.0,0.0,0.0
49,trust_vcg,node-007,0.0,0.0,141.49848599310815,0.0,0.0,141498.48599310813,0.0,0.0,8719.462180222099,-524.1894674091876,0.85,-2258.5015140068917,0.0,0.0
49,trust_vcg,node-008,0.0,0.0,0.0,0.0,0.0,0.0,0.0,0.0,8719.462180222099,-524.1894674091876,0.85,0.0,0.0,0.0
49,trust_vcg,node-009,0.0,0.0,0.0,0.0,0.0,0.0,0.0,0.0,8719.462180222099,-524.1894674091876,0.85,0.0,0.0,0.0
49,trust_vcg,node-010,0.0,0.0,0.0,0.0,0.0,0.0,0.0,0.0,8719.462180222099,-524.1894674091876,0.85,0.0,0.0,0.0
49,trust_vcg,node-011,0.0,0.0,0.0,0.0,0.0,0.0,0.0,0.0,8719.462180222099,-524.1894674091876,0.85,0.0,0.0,0.0
49,trust_vcg,node-012,0.0,0.0,0.0,0.0,0.0,0.0,0.0,0.0,8719.462180222099,-524.1894674091876,0.85,0.0,0.0,0.0
49,trust_vcg,node-013,72.41748250779642,1.4993629535839545,146.33432796917668,0.11256563802109674,0.0023306077710890257,0.22746188381328233,546.7789587182804,643.3356020620088,8719.462180222099,-524.1894674091876,0.85,-7174.2020001366045,-14.483496501559216,-546.7789587182804
49,trust_vcg,node-014,0.0,0.0,0.0,0.0,0.0,0.0,0.0,0.0,8719.462180222099,-524.1894674091876,0.85,-3316.155208500012,0.0,0.0
49,trust_vcg,node-015,0.0,0.0,0.0,0.0,0.0,0.0,0.0,0.0,8719.462180222099,-524.1894674091876,0.85,0.0,0.0,0.0
49,trust_vcg,node-016,0.0,0.0,144.486117780944,0.0,0.0,144486.11778094398,0.0,0.0,8719.462180222099,-524.1894674091876,0.85,-2255.513882219056,0.0,0.0
49,trust_vcg,node-017,0.0,0.0,274.4881251367432,0.0,0.0,274488.1251367432,0.0,0.0,8719.462180222099,-524.1894674091876,0.85,-3925.5118748632567,0.0,0.0
49,trust_vcg,node-018,0.0,0.0,0.0,0.0,0.0,0.0,0.0,0.0,8719.462180222099,-524.1894674091876,0.85,0.0,0.0,0.0
49,trust_vcg,node-019,0.0,0.0,0.0,0.0,0.0,0.0,0.0,0.0,8719.462180222099,-524.1894674091876,0.85,-4920.235917632514,0.0,0.0
49,trust_vcg,node-020,90.595933666675,161.2781600881914,181.32984680924073,90595.93366667499,161278.16008819142,181329.84680924073,0.0,0.0,8719.462180222099,-524.1894674091876,0.85,-11073.712772911576,0.0,0.0
49,trust_vcg,node-021,47.012999321373854,0.0,47.012999321373854,47012.999321373856,0.0,47012.999321373856,0.0,0.0,8719.462180222099,-524.1894674091876,0.85,-5547.567298043679,0.0,0.0
49,trust_vcg,node-022,0.0,0.0,283.36618569744354,0.0,0.0,283366.18569744355,0.0,0.0,8719.462180222099,-524.1894674091876,0.85,-5579.292429782893,0.0,0.0
49,trust_vcg,node-023,0.0,0.0,0.0,0.0,0.0,0.0,0.0,0.0,8719.462180222099,-524.1894674091876,0.85,0.0,0.0,0.0
49,trust_vcg,node-024,0.0,0.0,0.0,0.0,0.0,0.0,0.0,0.0,8719.462180222099,-524.1894674091876,0.85,-5572.543762682302,0.0,0.0
49,trust_vcg,node-025,1245.478854269899,1229.869062970785,1293.1047283826392,1245478.854269899,1229869.062970785,1293104.7283826391,-1198.0982693283643,-1167.5250694711967,8719.462180222099,-524.1894674091876,0.85,-7493.556683909694,-4.5859799785750965,1198.0982693283643
49,trust_vcg,node-026,0.0,0.0,236.09407538410386,0.0,0.0,236094.07538410387,0.0,0.0,8719.462180222099,-524.1894674091876,0.85,-3363.905924615896,0.0,0.0
49,trust_vcg,node-027,0.0,0.0,0.0,0.0,0.0,0.0,0.0,0.0,8719.462180222099,-524.1894674091876,0.85,0.0,0.0,0.0
49,trust_vcg,node-028,0.0,0.0,0.0,0.0,0.0,0.0,0.0,0.0,8719.462180222099,-524.1894674091876,0.85,0.0,0.0,0.0
49,trust_vcg,node-029,0.0,0.0,0.0,0.0,0.0,0.0,0.0,0.0,8719.462180222099,-524.1894674091876,0.85,-11073.806157445882,-370.5829499730919,0.0
49,contingent,node-000,0.0,0.0,0.0,0.0,0.0,0.0,0.0,0.0,8719.462180222099,176.3952435120735,0.85,0.0,0.0,0.0
49,contingent,node-001,0.0,0.0,0.0,0.0,0.0,0.0,0.0,0.0,8719.462180222099,176.3952435120735,0.85,0.0,0.0,0.0
49,contingent,node-002,0.0,0.0,0.0,0.0,0.0,0.0,0.0,0.0,8719.462180222099,176.3952435120735,0.85,0.0,0.0,0.0
49,contingent,node-003,0.0,0.0,0.0,0.0,0.0,0.0,0.0,0.0,8719.462180222099,176.3952435120735,0.85,-366.1419355242306,0.0,0.0
49,contingent,node-004,0.0,0.0,0.0,0.0,0.0,0.0,0.0,0.0,8719.462180222099,176.3952435120735,0.85,0.0,0.0,0.0
49,contingent,node-005,0.0,0.0,0.0,0.0,0.0,0.0,0.0,0.0,8719.462180222099,176.3952435120735,0.85,0.0,0.0,0.0
49,contingent,node-006,0.0,0.0,0.0,0.0,0.0,0.0,0.0,0.0,8719.462180222099,176.3952435120735,0.85,0.0,0.0,0.0
49,contingent,node-007,0.0,0.0,0.0,0.0,0.0,0.0,0.0,0.0,8719.462180222099,176.3952435120735,0.85,-234.00605602756738,0.0,0.0
49,contingent,node-008,0.0,0.0,0.0,0.0,0.0,0.0,0.0,0.0,8719.462180222099,176.3952435120735,0.85,0.0,0.0,0.0
49,contingent,node-009,0.0,0.0,0.0,0.0,0.0,0.0,0.0,0.0,8719.462180222099,176.3952435120735,0.85,0.0,0.0,0.0
49,contingent,node-010,0.0,0.0,0.0,0.0,0.0,0.0,0.0,0.0,8719.462180222099,176.3952435120735,0.85,0.0,0.0,0.0
49,contingent,node-011,0.0,0.0,0.0,0.0,0.0,0.0,0.0,0.0,8719.462180222099,176.3952435120735,0.85,0.0,0.0,0.0
49,contingent,node-012,0.0,0.0,0.0,0.0,0.0,0.0,0.0,0.0,8719.462180222099,176.3952435120735,0.85,0.0,0.0,0.0
49,contingent,node-013,84.61788697733843,0.0,144.8349650155928,0.5842365962406147,0.0,1.0000000000000002,48.27832167186426,144.83496501559276,8719.462180222099,176.3952435120735,0.85,-157.97048734515482,-14.483496501559287,-48.27832167186426
49,contingent,node-014,0.0,0.0,0.0,0.0,0.0,0.0,0.0,0.0,8719.462180222099,176.3952435120735,0.85,-105.45135395850969,0.0,0.0
49,contingent,node-015,0.0,0.0,0.0,0.0,0.0,0.0,0.0,0.0,8719.462180222099,176.3952435120735,0.85,0.0,0.0,0.0
49,contingent,node-016,0.0,0.0,0.0,0.0,0.0,0.0,0.0,0.0,8719.462180222099,176.3952435120735,0.85,-222.05552887622406,0.0,0.0
49,contingent,node-017,0.0,0.0,0.0,0.0,0.0,0.0,0.0,0.0,8719.462180222099,176.3952435120735,0.85,-302.0474994530274,0.0,0.0
49,contingent,node-018,0.0,0.0,0.0,0.0,0.0,0.0,0.0,0.0,8719.462180222099,176.3952435120735,0.85,0.0,0.0,0.0
49,contingent,node-019,0.0,0.0,0.0,0.0,0.0,0.0,0.0,0.0,8719.462180222099,176.3952435120735,0.85,-86.22526292359143,0.0,0.0
49,contingent,node-020,0.0,11.278160088191402,11.278160088191402,0.0,11278.160088191402,11278.160088191402,0.0,0.0,8719.462180222099,176.3952435120735,0.85,-294.8510916463108,0.0,0.0
49,contingent,node-021,0.0,26.4304200899292,26.4304200899292,0.0,26430.4200899292,26430.4200899292,0.0,0.0,8719.462180222099,176.3952435120735,0.85,-190.2691921747182,0.0,0.0
49,contingent,node-022,0.0,0.0,0.0,0.0,0.0,0.0,0.0,0.0,8719.462180222099,176.3952435120735,0.85,-317.1697191315694,0.0,0.0
49,contingent,node-023,0.0,0.0,0.0,0.0,0.0,0.0,0.0,0.0,8719.462180222099,176.3952435120735,0.85,0.0,0.0,0.0
49,contingent,node-024,0.0,0.0,0.0,0.0,0.0,0.0,0.0,0.0,8719.462180222099,176.3952435120735,0.85,-290.1750507292055,0.0,0.0
49,contingent,node-025,6.000141147408983,3.4532995282565926,31.560278496480787,0.19011686313471687,0.10941917159069631,1.0000000000000004,0.9870786393131725,31.560278496480773,8719.462180222099,176.3952435120735,0.85,-91.71439965629034,-3.1560278496480767,-0.9870786393131725
49,contingent,node-026,0.0,0.0,0.0,0.0,0.0,0.0,0.0,0.0,8719.462180222099,176.3952435120735,0.85,-255.6236984635846,0.0,0.0
49,contingent,node-027,0.0,0.0,0.0,0.0,0.0,0.0,0.0,0.0,8719.462180222099,176.3952435120735,0.85,0.0,0.0,0.0
49,contingent,node-028,0.0,0.0,0.0,0.0,0.0,0.0,0.0,0.0,8719.462180222099,176.3952435120735,0.85,0.0,0.0,0.0
49,contingent,node-029,0.0,23.94917387013689,23.94917387013689,0.0,23949.17387013689,23949.17387013689,0.0,0.0,8719.462180222099,176.3952435120735,0.85,-295.22462978352564,0.039023290208799466,0.0
49,capped,node-000,0.0,0.0,0.0,0.0,0.0,0.0,0.0,0.0,8719.462180222099,190.69476480134412,0.85,0.0,0.0,0.0
49,capped,node-001,0.0,0.0,0.0,0.0,0.0,0.0,0.0,0.0,8719.462180222099,190.69476480134412,0.85,0.0,0.0,0.0
49,capped,node-002,0.0,0.0,0.0,0.0,0.0,0.0,0.0,0.0,8719.462180222099,190.69476480134412,0.85,0.0,0.0,0.0
49,capped,node-003,0.0,0.0,0.0,0.0,0.0,0.0,0.0,0.0,8719.462180222099,190.69476480134412,0.85,-91.53548388105764,0.0,0.0
49,capped,node-004,0.0,0.0,0.0,0.0,0.0,0.0,0.0,0.0,8719.462180222099,190.69476480134412,0.85,0.0,0.0,0.0
49,capped,node-005,0.0,0.0,0.0,0.0,0.0,0.0,0.0,0.0,8719.462180222099,190.69476480134412,0.85,0.0,0.0,0.0
49,capped,node-006,0.0,0.0,0.0,0.0,0.0,0.0,0.0,0.0,8719.462180222099,190.69476480134412,0.85,0.0,0.0,0.0
49,capped,node-007,0.0,0.0,0.0,0.0,0.0,0.0,0.0,0.0,8719.462180222099,190.69476480134412,0.85,-58.50151400689185,0.0,0.0
49,capped,node-008,0.0,0.0,0.0,0.0,0.0,0.0,0.0,0.0,8719.462180222099,190.69476480134412,0.85,0.0,0.0,0.0
49,capped,node-009,0.0,0.0,0.0,0.0,0.0,0.0,0.0,0.0,8719.462180222099,190.69476480134412,0.85,0.0,0.0,0.0
49,capped,node-010,0.0,0.0,0.0,0.0,0.0,0.0,0.0,0.0,8719.462180222099,190.69476480134412,0.85,0.0,0.0,0.0
49,capped,node-011,0.0,0.0,0.0,0.0,0.0,0.0,0.0,0.0,8719.462180222099,190.69476480134412,0.85,0.0,0.0,0.0
49,capped,node-012,0.0,0.0,0.0,0.0,0.0,0.0,0.0,0.0,8719.462180222099,190.69476480134412,0.85,0.0,0.0,0.0
49,capped,node-013,84.61788697733843,0.0,144.8349650155928,0.5842365962406147,0.0,1.0000000000000002,48.27832167186426,144.83496501559276,8719.462180222099,190.69476480134412,0.85,-75.7013630901869,-14.483496501559287,-48.27832167186426
49,capped,node-014,0.0,0.0,0.0,0.0,0.0,0.0,0.0,0.0,8719.462180222099,190.69476480134412,0.85,-26.362838489627425,0.0,0.0
49,capped,node-015,0.0,0.0,0.0,0.0,0.0,0.0,0.0,0.0,8719.462180222099,190.69476480134412,0.85,0.0,0.0,0.0
49,capped,node-016,0.0,0.0,0.0,0.0,0.0,0.0,0.0,0.0,8719.462180222099,190.69476480134412,0.85,-55.51388221905601,0.0,0.0
49,capped,node-017,0.0,0.0,0.0,0.0,0.0,0.0,0.0,0.0,8719.462180222099,190.69476480134412,0.85,-75.51187486325685,0.0,0.0
49,capped,node-018,0.0,0.0,0.0,0.0,0.0,0.0,0.0,0.0,8719.462180222099,190.69476480134412,0.85,0.0,0.0,0.0
49,capped,node-019,0.0,0.0,0.0,0.0,0.0,0.0,0.0,0.0,8719.462180222099,190.69476480134412,0.85,-21.556315730897865,0.0,0.0
49,capped,node-020,0.0,11.278160088191402,34.79304670225448,0.0,11278.160088191402,34793.046702254476,0.0,0.0,8719.462180222099,190.69476480134412,0.85,-73.7127729115777,0.0,0.0
49,capped,node-021,0.0,78.20862600779998,78.20862600779998,0.0,78208.62600779998,78208.62600779998,0.0,0.0,8719.462180222099,190.69476480134412,0.85,-47.56729804367956,0.0,0.0
49,capped,node-022,0.0,0.0,0.0,0.0,0.0,0.0,0.0,0.0,8719.462180222099,190.69476480134412,0.85,-79.29242978289236,0.0,0.0
49,capped,node-023,0.0,0.0,0.0,0.0,0.0,0.0,0.0,0.0,8719.462180222099,190.69476480134412,0.85,0.0,0.0,0.0
49,capped,node-024,0.0,0.0,16.685970262947173,0.0,0.0,16685.970262947172,0.0,0.0,8719.462180222099,190.69476480134412,0.85,-72.54376268230136,0.0,0.0
49,capped,node-025,0.0,3.4532995282565917,45.859799785751406,0.0,0.07530123429212024,1.0000000000000002,15.286599928583803,45.8597997857514,8719.462180222099,190.69476480134412,0.85,-37.968430182828094,-4.585979978575141,-15.286599928583803
49,capped,node-026,0.0,0.0,0.0,0.0,0.0,0.0,0.0,0.0,8719.462180222099,190.69476480134412,0.85,-63.90592461589615,0.0,0.0
49,capped,node-027,0.0,0.0,0.0,0.0,0.0,0.0,0.0,0.0,8719.462180222099,190.69476480134412,0.85,0.0,0.0,0.0
49,capped,node-028,0.0,0.0,0.0,0.0,0.0,0.0,0.0,0.0,8719.462180222099,190.69476480134412,0.85,0.0,0.0,0.0
49,capped,node-029,6.075111788407713,40.66022512045137,40.66022512045137,6075.111788407713,40660.225120451374,40660.225120451374,0.0,0.0,8719.462180222099,190.69476480134412,0.85,-73.80615744588141,7.9137603824054,0.0
49,proper_scoring,node-000,0.0,0.0,0.0,0.0,0.0,0.0,0.0,0.0,8719.462180222099,983.9619163538107,0.85,0.0,0.0,0.0
49,proper_scoring,node-001,0.0,0.0,0.0,0.0,0.0,0.0,0.0,0.0,8719.462180222099,983.9619163538107,0.85,0.0,0.0,0.0
49,proper_scoring,node-002,0.0,0.0,0.0,0.0,0.0,0.0,0.0,0.0,8719.462180222099,983.9619163538107,0.85,0.0,0.0,0.0
49,proper_scoring,node-003,0.0,0.0,330.0877763654514,0.0,0.0,330087.7763654514,0.0,0.0,8719.462180222099,983.9619163538107,0.85,-359.1150134267212,0.0,0.0
49,proper_scoring,node-004,0.0,0.0,0.0,0.0,0.0,0.0,0.0,0.0,8719.462180222099,983.9619163538107,0.85,0.0,0.0,0.0
49,proper_scoring,node-005,0.0,0.0,0.0,0.0,0.0,0.0,0.0,0.0,8719.462180222099,983.9619163538107,0.85,0.0,0.0,0.0
49,proper_scoring,node-006,0.0,0.0,0.0,0.0,0.0,0.0,0.0,0.0,8719.462180222099,983.9619163538107,0.85,0.0,0.0,0.0
49,proper_scoring,node-007,0.0,0.0,141.49848599310815,0.0,0.0,141498.48599310813,0.0,0.0,8719.462180222099,983.9619163538107,0.85,-225.19107687556448,0.0,0.0
49,proper_scoring,node-008,0.0,0.0,0.0,0.0,0.0,0.0,0.0,0.0,8719.462180222099,983.9619163538107,0.85,0.0,0.0,0.0
49,proper_scoring,node-009,0.0,0.0,0.0,0.0,0.0,0.0,0.0,0.0,8719.462180222099,983.9619163538107,0.85,0.0,0.0,0.0
49,proper_scoring,node-010,0.0,0.0,0.0,0.0,0.0,0.0,0.0,0.0,8719.462180222099,983.9619163538107,0.85,0.0,0.0,0.0
49,proper_scoring,node-011,0.0,0.0,0.0,0.0,0.0,0.0,0.0,0.0,8719.462180222099,983.9619163538107,0.85,0.0,0.0,0.0
49,proper_scoring,node-012,0.0,0.0,0.0,0.0,0.0,0.0,0.0,0.0,8719.462180222099,983.9619163538107,0.85,0.0,0.0,0.0
49,proper_scoring,node-013,72.41748250779642,1.4993629535839545,146.33432796917668,0.11256563802109674,0.0023306077710890257,0.22746188381328233,546.7789587182804,643.3356020620088,8719.462180222099,983.9619163538107,0.85,-656.4711243915709,-14.483496501559216,-546.7789587182804
49,proper_scoring,node-014,0.0,0.0,208.21666277565288,0.0,0.0,208216.66277565286,0.0,0.0,8719.462180222099,983.9619163538107,0.85,-105.45135395850969,0.0,0.0
49,proper_scoring,node-015,0.0,0.0,0.0,0.0,0.0,0.0,0.0,0.0,8719.462180222099,983.9619163538107,0.85,0.0,0.0,0.0
49,proper_scoring,node-016,0.0,0.0,144.486117780944,0.0,0.0,144486.11778094398,0.0,0.0,8719.462180222099,983.9619163538107,0.85,-217.31771739508014,0.0,0.0
49,proper_scoring,node-017,0.0,0.0,274.4881251367432,0.0,0.0,274488.1251367432,0.0,0.0,8719.462180222099,983.9619163538107,0.85,-297.0375890216102,0.0,0.0
49,proper_scoring,node-018,0.0,0.0,0.0,0.0,0.0,0.0,0.0,0.0,8719.462180222099,983.9619163538107,0.85,0.0,0.0,0.0
49,proper_scoring,node-019,0.0,0.0,370.3013462810848,0.0,0.0,370301.3462810848,0.0,0.0,8719.462180222099,983.9619163538107,0.85,-86.22526292359143,0.0,0.0
49,proper_scoring,node-020,90.595933666675,161.2781600881914,736.3815233603053,90595.93366667499,161278.16008819142,736381.5233603053,0.0,0.0,8719.462180222099,983.9619163538107,0.85,-294.8510916463108,0.0,0.0
49,proper_scoring,node-021,47.012999321373854,276.4304200899292,384.94999458343665,47012.999321373856,276430.4200899292,384949.99458343664,0.0,0.0,8719.462180222099,983.9619163538107,0.85,-190.2691921747182,0.0,0.0
49,proper_scoring,node-022,0.0,0.0,357.5721559256271,0.0,0.0,357572.1559256271,0.0,0.0,8719.462180222099,983.9619163538107,0.85,-315.25077767644655,0.0,0.0
49,proper_scoring,node-023,0.0,0.0,0.0,0.0,0.0,0.0,0.0,0.0,8719.462180222099,983.9619163538107,0.85,0.0,0.0,0.0
49,proper_scoring,node-024,0.0,0.0,345.4147917345512,0.0,0.0,345414.7917345512,0.0,0.0,8719.462180222099,983.9619163538107,0.85,-290.1750507292055,0.0,0.0
49,proper_scoring,node-025,0.0,92.98810900363799,307.8416682313775,0.0,0.2729915602585495,0.9037518691749141,310.05311443463415,340.6263142918017,8719.462180222099,983.9619163538107,0.85,-400.7804354516113,-3.156027849648069,-310.05311443463415
49,proper_scoring,node-026,0.0,0.0,236.09407538410386,0.0,0.0,236094.07538410387,0.0,0.0,8719.462180222099,983.9619163538107,0.85,-255.6236984635846,0.0,0.0
49,proper_scoring,node-027,0.0,0.0,0.0,0.0,0.0,0.0,0.0,0.0,8719.462180222099,983.9619163538107,0.85,0.0,0.0,0.0
49,proper_scoring,node-028,0.0,0.0,0.0,0.0,0.0,0.0,0.0,0.0,8719.462180222099,983.9619163538107,0.85,0.0,0.0,0.0
49,proper_scoring,node-029,358.7015238250411,523.9491738701369,859.3823783046149,358701.5238250411,523949.17387013684,859382.3783046149,0.0,0.0,8719.462180222099,983.9619163538107,0.85,-295.22462978352564,142.69111021528244,0.0
49,audits,node-000,0.0,0.0,0.0,0.0,0.0,0.0,0.0,0.0,8719.462180222099,975.8105325908123,0.85,0.0,0.0,0.0
49,audits,node-001,0.0,0.0,0.0,0.0,0.0,0.0,0.0,0.0,8719.462180222099,975.8105325908123,0.85,0.0,0.0,0.0
49,audits,node-002,0.0,0.0,0.0,0.0,0.0,0.0,0.0,0.0,8719.462180222099,975.8105325908123,0.85,0.0,0.0,0.0
49,audits,node-003,0.0,0.0,308.4645161189423,0.0,0.0,308464.5161189423,0.0,0.0,8719.462180222099,975.8105325908123,0.85,-1591.5354838810574,0.0,0.0
49,audits,node-004,0.0,0.0,0.0,0.0,0.0,0.0,0.0,0.0,8719.462180222099,975.8105325908123,0.85,0.0,0.0,0.0
49,audits,node-005,0.0,0.0,0.0,0.0,0.0,0.0,0.0,0.0,8719.462180222099,975.8105325908123,0.85,0.0,0.0,0.0
49,audits,node-006,0.0,0.0,0.0,0.0,0.0,0.0,0.0,0.0,8719.462180222099,975.8105325908123,0.85,0.0,0.0,0.0
49,audits,node-007,0.0,0.0,141.49848599310815,0.0,0.0,141498.48599310813,0.0,0.0,8719.462180222099,975.8105325908123,0.85,-758.5015140068917,0.0,0.0
49,audits,node-008,0.0,0.0,0.0,0.0,0.0,0.0,0.0,0.0,8719.462180222099,975.8105325908123,0.85,0.0,0.0,0.0
49,audits,node-009,0.0,0.0,0.0,0.0,0.0,0.0,0.0,0.0,8719.462180222099,975.8105325908123,0.85,0.0,0.0,0.0
49,audits,node-010,0.0,0.0,0.0,0.0,0.0,0.0,0.0,0.0,8719.462180222099,975.8105325908123,0.85,0.0,0.0,0.0
49,audits,node-011,0.0,0.0,0.0,0.0,0.0,0.0,0.0,0.0,8719.462180222099,975.8105325908123,0.85,0.0,0.0,0.0
49,audits,node-012,0.0,0.0,0.0,0.0,0.0,0.0,0.0,0.0,8719.462180222099,975.8105325908123,0.85,0.0,0.0,0.0
49,audits,node-013,72.41748250779642,1.4993629535839545,146.33432796917668,0.11256563802109674,0.0023306077710890257,0.22746188381328233,546.7789587182804,643.3356020620088,8719.462180222099,975.8105325908123,0.85,-2174.2020001366027,-14.483496501559216,-546.7789587182804
49,audits,node-014,0.0,0.0,175.3019430454499,0.0,0.0,175301.94304544988,0.0,0.0,8719.462180222099,975.8105325908123,0.85,-316.1552085000119,0.0,0.0
49,audits,node-015,0.0,0.0,0.0,0.0,0.0,0.0,0.0,0.0,8719.462180222099,975.8105325908123,0.85,0.0,0.0,0.0
49,audits,node-016,0.0,0.0,144.486117780944,0.0,0.0,144486.11778094398,0.0,0.0,8719.462180222099,975.8105325908123,0.85,-755.513882219056,0.0,0.0
49,audits,node-017,0.0,0.0,274.4881251367432,0.0,0.0,274488.1251367432,0.0,0.0,8719.462180222099,975.8105325908123,0.85,-1425.511874863257,0.0,0.0
49,audits,node-018,0.0,0.0,0.0,0.0,0.0,0.0,0.0,0.0,8719.462180222099,975.8105325908123,0.85,0.0,0.0,0.0
49,audits,node-019,0.0,0.0,333.47640411252985,0.0,0.0,333476.4041125298,0.0,0.0,8719.462180222099,975.8105325908123,0.85,-420.23591763251443,0.0,0.0
49,audits,node-020,90.595933666675,161.2781600881914,181.32984680924073,90595.93366667499,161278.16008819142,181329.84680924073,0.0,0.0,8719.462180222099,975.8105325908123,0.85,-2073.7127729115778,0.0,0.0
49,audits,node-021,47.012999321373854,0.0,47.012999321373854,47012.999321373856,0.0,47012.999321373856,0.0,0.0,8719.462180222099,975.8105325908123,0.85,-1547.5672980436796,0.0,0.0
49,audits,node-022,0.0,0.0,320.7075702171077,0.0,0.0,320707.57021710766,0.0,0.0,8719.462180222099,975.8105325908123,0.85,-1579.2924297828924,0.0,0.0
49,audits,node-023,0.0,0.0,0.0,0.0,0.0,0.0,0.0,0.0,8719.462180222099,975.8105325908123,0.85,0.0,0.0,0.0
49,audits,node-024,0.0,0.0,327.4562373176986,0.0,0.0,327456.2373176986,0.0,0.0,8719.462180222099,975.8105325908123,0.85,-1572.5437626823016,0.0,0.0
49,audits,node-025,0.0,0.0,197.7103520795465,0.0,0.0,0.594662435946936,301.90173067163573,332.4749305288033,8719.462180222099,975.8105325908123,0.85,-1493.5566839096914,-4.585979978575153,-301.90173067163573
49,audits,node-026,0.0,0.0,236.09407538410386,0.0,0.0,236094.07538410387,0.0,0.0,8719.462180222099,975.8105325908123,0.85,-1363.9059246158963,0.0,0.0
49,audits,node-027,0.0,0.0,0.0,0.0,0.0,0.0,0.0,0.0,8719.462180222099,975.8105325908123,0.85,0.0,0.0,0.0
49,audits,node-028,0.0,0.0,0.0,0.0,0.0,0.0,0.0,0.0,8719.462180222099,975.8105325908123,0.85,0.0,0.0,0.0
49,audits,node-029,324.7594548890565,440.6602251204513,736.9030787229408,324759.4548890565,440660.2251204513,736903.0787229408,0.0,0.0,8719.462180222099,975.8105325908123,0.85,-2073.806157445881,129.4170500269081,0.0
48,greedy,node-000,0.0,0.0,0.0,0.0,0.0,0.0,0.0,0.0,7467.769174258131,319.8969077282694,0.75,0.0,0.0,0.0
48,greedy,node-001,0.0,0.0,0.0,0.0,0.0,0.0,0.0,0.0,7467.769174258131,319.8969077282694,0.75,0.0,0.0,0.0
48,greedy,node-002,0.0,0.0,0.0,0.0,0.0,0.0,0.0,0.0,7467.769174258131,319.8969077282694,0.75,-10.140605497843566,0.0,0.0
48,greedy,node-003,0.0,0.0,0.0,0.0,0.0,0.0,0.0,0.0,7467.769174258131,319.8969077282694,0.75,0.0,0.0,0.0
48,greedy,node-004,11.518557030789879,0.0,11.518557030789879,11518.557030789878,0.0,11518.557030789878,0.0,0.0,7467.769174258131,319.8969077282694,0.75,-59.63919916090789,0.0,0.0
48,greedy,node-005,0.0,0.0,0.0,0.0,0.0,0.0,0.0,0.0,7467.769174258131,319.8969077282694,0.75,-53.539802567040546,0.0,0.0
48,greedy,node-006,0.0,0.0,0.0,0.0,0.0,0.0,0.0,0.0,7467.769174258131,319.8969077282694,0.75,0.0,0.0,0.0
48,greedy,node-007,0.0,0.0,0.0,0.0,0.0,0.0,0.0,0.0,7467.769174258131,319.8969077282694,0.75,0.0,0.0,0.0
48,greedy,node-008,0.0,0.0,0.0,0.0,0.0,0.0,0.0,0.0,7467.769174258131,319.8969077282694,0.75,0.0,0.0,0.0
48,greedy,node-009,0.0,0.0,0.0,0.0,0.0,0.0,0.0,0.0,7467.769174258131,319.8969077282694,0.75,0.0,0.0,0.0
48,greedy,node-010,0.0,0.0,0.0,0.0,0.0,0.0,0.0,0.0,7467.769174258131,319.8969077282694,0.75,0.0,0.0,0.0
48,greedy,node-011,13.42119729538679,0.0,13.42119729538679,13421.19729538679,0.0,13421.19729538679,0.0,0.0,7467.769174258131,319.8969077282694,0.75,-47.469374412331554,0.0,0.0
48,greedy,node-012,19.692292293686418,0.0,19.692292293686418,19692.292293686416,0.0,19692.292293686416,0.0,0.0,7467.769174258131,319.8969077282694,0.75,-67.55786852398374,27.74240170498762,0.0
48,greedy,node-013,19.854390428324848,0.0,19.854390428324848,19854.39042832485,0.0,19854.39042832485,0.0,0.0,7467.769174258131,319.8969077282694,0.75,-55.385437756528354,17.749255564538394,0.0
48,greedy,node-014,0.0,0.0,0.0,0.0,0.0,0.0,0.0,0.0,7467.769174258131,319.8969077282694,0.75,0.0,0.0,0.0
48,greedy,node-015,0.0,0.0,0.0,0.0,0.0,0.0,0.0,0.0,7467.769174258131,319.8969077282694,0.75,0.0,0.0,0.0
48,greedy,node-016,0.0,0.0,0.0,0.0,0.0,0.0,0.0,0.0,7467.769174258131,319.8969077282694,0.75,0.0,0.0,0.0
48,greedy,node-017,13.767442463947262,0.0,13.767442463947262,13767.442463947262,0.0,13767.442463947262,0.0,0.0,7467.769174258131,319.8969077282694,0.75,-48.18172279549277,0.0,0.0
48,greedy,node-018,0.0,0.0,0.0,0.0,0.0,0.0,0.0,0.0,7467.769174258131,319.8969077282694,0.75,-49.769780425023214,0.0,0.0
48,greedy,node-019,0.0,0.0,0.0,0.0,0.0,0.0,0.0,0.0,7467.769174258131,319.8969077282694,0.75,0.0,0.0,0.0
48,greedy,node-020,0.0,0.0,0.0,0.0,0.0,0.0,63.55932523952277,190.6779757185683,7467.769174258131,319.8969077282694,0.75,-123.68163596431509,-19.06779757185683,-63.55932523952277
48,greedy,node-021,0.0,0.0,0.0,0.0,0.0,0.0,0.0,0.0,7467.769174258131,319.8969077282694,0.75,0.0,0.0,0.0
48,greedy,node-022,0.0,0.0,0.0,0.0,0.0,0.0,0.0,0.0,7467.769174258131,319.8969077282694,0.75,0.0,0.0,0.0
48,greedy,node-023,0.0,0.0,0.0,0.0,0.0,0.0,0.0,0.0,7467.769174258131,319.8969077282694,0.75,0.0,0.0,0.0
48,greedy,node-024,0.0,0.0,0.0,0.0,0.0,0.0,0.0,0.0,7467.769174258131,319.8969077282694,0.75,0.0,0.0,0.0
48,greedy,node-025,0.0,0.0,0.0,0.0,0.0,0.0,0.0,0.0,7467.769174258131,319.8969077282694,0.75,0.0,0.0,0.0
48,greedy,node-026,0.0,0.0,0.0,0.0,0.0,0.0,0.0,0.0,7467.769174258131,319.8969077282694,0.75,0.0,0.0,0.0
48,greedy,node-027,0.0,0.0,0.0,0.0,0.0,0.0,0.0,0.0,7467.769174258131,319.8969077282694,0.75,0.0,0.0,0.0
48,greedy,node-028,0.0,0.0,0.0,0.0,0.0,0.0,43.07297733656702,129.21893200970106,7467.769174258131,319.8969077282694,0.75,-86.37308406765035,-12.9218932009701,-43.07297733656702
48,greedy,node-029,0.0,0.0,0.0,0.0,0.0,0.0,0.0,0.0,7467.769174258131,319.8969077282694,0.75,0.0,0.0,0.0
48,trust_vcg,node-000,0.0,0.0,0.0,0.0,0.0,0.0,0.0,0.0,8624.048490345716,-327.3937815347872,0.85,0.0,0.0,0.0
48,trust_vcg,node-001,0.0,0.0,0.0,0.0,0.0,0.0,0.0,0.0,8624.048490345716,-327.3937815347872,0.85,0.0,0.0,0.0
48,trust_vcg,node-002,0.0,0.0,52.661816143938054,0.0,0.0,52661.81614393806,0.0,0.0,8624.048490345716,-327.3937815347872,0.85,-7814.327400836694,0.0,0.0
48,trust_vcg,node-003,0.0,0.0,132.52333149750166,0.0,0.0,132523.33149750167,0.0,0.0,8624.048490345716,-327.3937815347872,0.85,-2267.476668502499,0.0,0.0
48,trust_vcg,node-004,45.42685761947972,19.2783983218157,45.42685761947972,45426.85761947972,19278.3983218157,45426.85761947972,0.0,0.0,8624.048490345716,-327.3937815347872,0.85,-5559.639199160908,0.0,0.0
48,trust_vcg,node-005,537.2702084618412,0.0,537.2906954452483,537270.2084618412,0.0,537290.6954452483,0.0,0.0,8624.048490345716,-327.3937815347872,0.85,-5574.5813908904975,68.58733922154477,0.0
48,trust_vcg,node-006,0.0,0.0,0.0,0.0,0.0,0.0,0.0,0.0,8624.048490345716,-327.3937815347872,0.85,0.0,0.0,0.0
48,trust_vcg,node-007,0.0,0.0,42.12662972836082,0.0,0.0,42126.629728360815,0.0,0.0,8624.048490345716,-327.3937815347872,0.85,-557.8733702716391,0.0,0.0
48,trust_vcg,node-008,0.0,0.0,0.0,0.0,0.0,0.0,0.0,0.0,8624.048490345716,-327.3937815347872,0.85,0.0,0.0,0.0
48,trust_vcg,node-009,0.0,0.0,0.0,0.0,0.0,0.0,0.0,0.0,8624.048490345716,-327.3937815347872,0.85,0.0,0.0,0.0
48,trust_vcg,node-010,0.0,0.0,0.0,0.0,0.0,0.0,0.0,0.0,8624.048490345716,-327.3937815347872,0.85,0.0,0.0,0.0
48,trust_vcg,node-011,0.0,0.0,54.8860107290336,0.0,0.0,54886.0107290336,0.0,0.0,8624.048490345716,-327.3937815347872,0.85,-5516.007972720701,0.0,0.0
48,trust_vcg,node-012,0.0,0.5969410891603673,0.5969410891603673,0.0,596.9410891603673,596.9410891603673,0.0,0.0,8624.048490345716,-327.3937815347872,0.85,-8309.14817921055,0.0,0.0
48,trust_vcg,node-013,0.0,0.2612104753305857,21.42237852166818,0.0,0.0003139354975997591,0.02574646002408165,610.5096650377262,832.0514160638398,8624.048490345716,-327.3937815347872,0.85,-8378.577621478333,-33.23126265391704,-610.5096650377262
48,trust_vcg,node-014,0.0,0.0,0.0,0.0,0.0,0.0,0.0,0.0,8624.048490345716,-327.3937815347872,0.85,0.0,0.0,0.0
48,trust_vcg,node-015,0.0,0.0,0.0,0.0,0.0,0.0,0.0,0.0,8624.048490345716,-327.3937815347872,0.85,0.0,0.0,0.0
48,trust_vcg,node-016,0.0,0.0,0.0,0.0,0.0,0.0,0.0,0.0,8624.048490345716,-327.3937815347872,0.85,-3889.18463258165,0.0,0.0
48,trust_vcg,node-017,0.0,205.0697698557891,205.0697698557891,0.0,205069.7698557891,205069.7698557891,0.0,0.0,8624.048490345716,-327.3937815347872,0.85,-5572.757909216591,0.0,0.0
48,trust_vcg,node-018,607.4330683335713,0.0,701.4769436645529,607433.0683335713,0.0,701476.9436645529,0.0,0.0,8624.048490345716,-327.3937815347872,0.85,-8898.523056335447,168.82934303921957,0.0
48,trust_vcg,node-019,0.0,0.0,0.0,0.0,0.0,0.0,0.0,0.0,8624.048490345716,-327.3937815347872,0.85,0.0,0.0,0.0
48,trust_vcg,node-020,968.4386237561523,0.0,1200.6791271736374,968438.6237561523,0.0,1200679.1271736375,-1200.6791271736374,-1159.445197598627,8624.048490345716,-327.3937815347872,0.85,-9859.443183551153,-6.185089436251246,1200.6791271736374
48,trust_vcg,node-021,0.0,0.0,168.53330322990027,0.0,0.0,168533.30322990025,0.0,0.0,8624.048490345716,-327.3937815347872,0.85,-2231.4666967700996,0.0,0.0
48,trust_vcg,node-022,0.0,0.0,0.0,0.0,0.0,0.0,0.0,0.0,8624.048490345716,-327.3937815347872,0.85,0.0,0.0,0.0
48,trust_vcg,node-023,0.0,0.0,381.9729999989175,0.0,0.0,381972.99999891745,0.0,0.0,8624.048490345716,-327.3937815347872,0.85,-5618.027000001082,0.0,0.0
48,trust_vcg,node-024,0.0,0.0,0.0,0.0,0.0,0.0,0.0,0.0,8624.048490345716,-327.3937815347872,0.85,0.0,0.0,0.0
48,trust_vcg,node-025,0.0,0.0,157.93011987941946,0.0,0.0,157930.11987941945,0.0,0.0,8624.048490345716,-327.3937815347872,0.85,-10583.825151243986,0.0,0.0
48,trust_vcg,node-026,0.0,0.0,0.0,0.0,0.0,0.0,0.0,0.0,8624.048490345716,-327.3937815347872,0.85,0.0,0.0,0.0
48,trust_vcg,node-027,0.0,0.0,0.0,0.0,0.0,0.0,0.0,0.0,8624.048490345716,-327.3937815347872,0.85,0.0,0.0,0.0
48,trust_vcg,node-028,0.0,254.85288078722175,529.1190641175914,0.0,254852.88078722174,529119.0641175914,0.0,0.0,8624.048490345716,-327.3937815347872,0.85,-5558.238128235182,0.0,0.0
48,trust_vcg,node-029,0.0,0.0,0.0,0.0,0.0,0.0,0.0,0.0,8624.048490345716,-327.3937815347872,0.85,0.0,0.0,0.0
48,contingent,node-000,0.0,0.0,0.0,0.0,0.0,0.0,0.0,0.0,8624.048490345716,376.28146956363526,0.85,0.0,0.0,0.0
48,contingent,node-001,0.0,0.0,0.0,0.0,0.0,0.0,0.0,0.0,8624.048490345716,376.28146956363526,0.85,0.0,0.0,0.0
48,contingent,node-002,0.0,0.0,2.6618161439380614,0.0,0.0,2661.8161439380615,0.0,0.0,8624.048490345716,376.28146956363526,0.85,-457.3096033467749,0.0,0.0
48,contingent,node-003,0.0,0.0,0.0,0.0,0.0,0.0,0.0,0.0,8624.048490345716,376.28146956363526,0.85,-269.90667400999337,0.0,0.0
48,contingent,node-004,0.0,72.19581437257148,72.19581437257148,0.0,72195.81437257148,72195.81437257148,0.0,0.0,8624.048490345716,376.28146956363526,0.85,-238.55679664363154,0.0,0.0
48,contingent,node-005,37.29069544524827,0.0,37.29069544524827,37290.69544524827,0.0,37290.69544524827,0.0,0.0,8624.048490345716,376.28146956363526,0.85,-298.32556356198603,18.589387919885482,0.0
48,contingent,node-006,0.0,0.0,0.0,0.0,0.0,0.0,0.0,0.0,8624.048490345716,376.28146956363526,0.85,0.0,0.0,0.0
48,contingent,node-007,0.0,0.0,0.0,0.0,0.0,0.0,0.0,0.0,8624.048490345716,376.28146956363526,0.85,-31.493481086556734,0.0,0.0
48,contingent,node-008,0.0,0.0,0.0,0.0,0.0,0.0,0.0,0.0,8624.048490345716,376.28146956363526,0.85,0.0,0.0,0.0
48,contingent,node-009,0.0,0.0,0.0,0.0,0.0,0.0,0.0,0.0,8624.048490345716,376.28146956363526,0.85,0.0,0.0,0.0
48,contingent,node-010,0.0,0.0,0.0,0.0,0.0,0.0,0.0,0.0,8624.048490345716,376.28146956363526,0.85,0.0,0.0,0.0
48,contingent,node-011,0.0,0.0,4.967563813847477,0.0,0.0,4967.563813847477,0.0,0.0,8624.048490345716,376.28146956363526,0.85,-289.2297733575377,0.0,0.0
48,contingent,node-012,0.0,85.58147290997293,89.89756150562734,0.0,85581.47290997293,89897.56150562734,0.0,0.0,8624.048490345716,376.28146956363526,0.85,-236.5927168422031,0.0,0.0
48,contingent,node-013,0.0,0.0,42.737222723198826,0.0,0.0,0.1286054736116424,110.77087551305671,332.3126265391702,8624.048490345716,376.28146956363526,0.85,-383.042701275479,-33.231262653917014,-110.77087551305671
48,contingent,node-014,0.0,0.0,0.0,0.0,0.0,0.0,0.0,0.0,8624.048490345716,376.28146956363526,0.85,0.0,0.0,0.0
48,contingent,node-015,0.0,0.0,0.0,0.0,0.0,0.0,0.0,0.0,8624.048490345716,376.28146956363526,0.85,0.0,0.0,0.0
48,contingent,node-016,0.0,0.0,0.0,0.0,0.0,0.0,0.0,0.0,8624.048490345716,376.28146956363526,0.85,-156.7385303265997,0.0,0.0
48,contingent,node-017,0.0,55.06976985578908,55.06976985578908,0.0,55069.76985578908,55069.76985578908,0.0,0.0,8624.048490345716,376.28146956363526,0.85,-291.031636866361,0.0,0.0
48,contingent,node-018,19.559616693827344,0.0,40.08491688460937,19559.616693827345,0.0,40084.91688460937,0.0,0.0,8624.048490345716,376.28146956363526,0.85,-394.09222534178787,18.839020522900192,0.0
48,contingent,node-019,0.0,0.0,0.0,0.0,0.0,0.0,0.0,0.0,8624.048490345716,376.28146956363526,0.85,0.0,0.0,0.0
48,contingent,node-020,36.50687994766663,0.9139346437824374,77.90670658525573,0.830289756029141,0.020785960714815924,1.7718616462549892,2.7349134494545946,43.96884302446499,8624.048490345716,376.28146956363526,0.85,-243.2241563486238,-4.396884302446499,-2.7349134494545946
48,contingent,node-021,0.0,0.0,0.0,0.0,0.0,0.0,0.0,0.0,8624.048490345716,376.28146956363526,0.85,-125.8667870803989,0.0,0.0
48,contingent,node-022,0.0,0.0,0.0,0.0,0.0,0.0,0.0,0.0,8624.048490345716,376.28146956363526,0.85,0.0,0.0,0.0
48,contingent,node-023,0.0,0.0,0.0,0.0,0.0,0.0,0.0,0.0,8624.048490345716,376.28146956363526,0.85,-472.10800000433,0.0,0.0
48,contingent,node-024,0.0,0.0,0.0,0.0,0.0,0.0,0.0,0.0,8624.048490345716,376.28146956363526,0.85,0.0,0.0,0.0
48,contingent,node-025,0.0,0.0,7.930119879419465,0.0,0.0,7930.119879419464,0.0,0.0,8624.048490345716,376.28146956363526,0.85,-535.3006049759376,0.0,0.0
48,contingent,node-026,0.0,0.0,0.0,0.0,0.0,0.0,0.0,0.0,8624.048490345716,376.28146956363526,0.85,0.0,0.0,0.0
48,contingent,node-027,0.0,0.0,0.0,0.0,0.0,0.0,0.0,0.0,8624.048490345716,376.28146956363526,0.85,0.0,0.0,0.0
48,contingent,node-028,0.0,54.852880787221764,75.37771033899229,0.0,54852.880787221766,75377.71033899228,0.0,0.0,8624.048490345716,376.28146956363526,0.85,-232.95251294073063,0.0,0.0
48,contingent,node-029,0.0,0.0,0.0,0.0,0.0,0.0,0.0,0.0,8624.048490345716,376.28146956363526,0.85,0.0,0.0,0.0
48,capped,node-000,0.0,0.0,0.0,0.0,0.0,0.0,0.0,0.0,8624.048490345716,394.16352090168584,0.85,0.0,0.0,0.0
48,capped,node-001,0.0,0.0,0.0,0.0,0.0,0.0,0.0,0.0,8624.048490345716,394.16352090168584,0.85,0.0,0.0,0.0
48,capped,node-002,0.0,0.0,2.6618161439380614,0.0,0.0,2661.8161439380615,0.0,0.0,8624.048490345716,394.16352090168584,0.85,-114.32740083669374,0.0,0.0
48,capped,node-003,0.0,0.0,0.0,0.0,0.0,0.0,0.0,0.0,8624.048490345716,394.16352090168584,0.85,-67.47666850249834,0.0,0.0
48,capped,node-004,0.0,119.27839832181577,119.27839832181577,0.0,119278.39832181577,119278.39832181577,0.0,0.0,8624.048490345716,394.16352090168584,0.85,-59.63919916090789,0.0,0.0
48,capped,node-005,37.29069544524827,0.0,37.29069544524827,37290.69544524827,0.0,37290.69544524827,0.0,0.0,8624.048490345716,394.16352090168584,0.85,-74.58139089049651,18.589387919885482,0.0
48,capped,node-006,0.0,0.0,0.0,0.0,0.0,0.0,0.0,0.0,8624.048490345716,394.16352090168584,0.85,0.0,0.0,0.0
48,capped,node-007,0.0,0.0,0.0,0.0,0.0,0.0,0.0,0.0,8624.048490345716,394.16352090168584,0.85,-7.873370271639182,0.0,0.0
48,capped,node-008,0.0,0.0,0.0,0.0,0.0,0.0,0.0,0.0,8624.048490345716,394.16352090168584,0.85,0.0,0.0,0.0
48,capped,node-009,0.0,0.0,0.0,0.0,0.0,0.0,0.0,0.0,8624.048490345716,394.16352090168584,0.85,0.0,0.0,0.0
48,capped,node-010,0.0,0.0,0.0,0.0,0.0,0.0,0.0,0.0,8624.048490345716,394.16352090168584,0.85,0.0,0.0,0.0
48,capped,node-011,0.0,0.0,4.967563813847477,0.0,0.0,4967.563813847477,0.0,0.0,8624.048490345716,394.16352090168584,0.85,-72.30744333938442,0.0,0.0
48,capped,node-012,0.0,100.59694108916041,108.6668967296117,0.0,100596.9410891604,108666.89672961169,0.0,0.0,8624.048490345716,394.16352090168584,0.85,-59.14817921055077,0.0,0.0
48,capped,node-013,0.0,0.0,42.737222723198826,0.0,0.0,0.1286054736116424,110.77087551305671,332.3126265391702,8624.048490345716,394.16352090168584,0.85,-178.8388319536623,-33.231262653917014,-110.77087551305671
48,capped,node-014,0.0,0.0,0.0,0.0,0.0,0.0,0.0,0.0,8624.048490345716,394.16352090168584,0.85,0.0,0.0,0.0
48,capped,node-015,0.0,0.0,0.0,0.0,0.0,0.0,0.0,0.0,8624.048490345716,394.16352090168584,0.85,0.0,0.0,0.0
48,capped,node-016,0.0,0.0,0.0,0.0,0.0,0.0,0.0,0.0,8624.048490345716,394.16352090168584,0.85,-39.18463258164993,0.0,0.0
48,capped,node-017,0.0,55.06976985578908,55.06976985578908,0.0,55069.76985578908,55069.76985578908,0.0,0.0,8624.048490345716,394.16352090168584,0.85,-72.75790921659024,0.0,0.0
48,capped,node-018,19.559616693827344,0.0,40.08491688460937,19559.616693827345,0.0,40084.91688460937,0.0,0.0,8624.048490345716,394.16352090168584,0.85,-98.52305633544697,18.839020522900192,0.0
48,capped,node-019,0.0,0.0,0.0,0.0,0.0,0.0,0.0,0.0,8624.048490345716,394.16352090168584,0.85,0.0,0.0,0.0
48,capped,node-020,30.91489502462039,99.62765666207943,107.7028046889277,0.49982939362888495,1.6107714801688986,1.7413297867233495,20.6169647875052,61.8508943625156,8624.048490345716,394.16352090168584,0.85,-80.73927551229751,-6.185089436251559,-20.6169647875052
48,capped,node-021,0.0,0.0,0.0,0.0,0.0,0.0,0.0,0.0,8624.048490345716,394.16352090168584,0.85,-31.466696770099723,0.0,0.0
48,capped,node-022,0.0,0.0,0.0,0.0,0.0,0.0,0.0,0.0,8624.048490345716,394.16352090168584,0.85,0.0,0.0,0.0
48,capped,node-023,0.0,0.0,0.0,0.0,0.0,0.0,0.0,0.0,8624.048490345716,394.16352090168584,0.85,-118.0270000010825,0.0,0.0
48,capped,node-024,0.0,0.0,0.0,0.0,0.0,0.0,0.0,0.0,8624.048490345716,394.16352090168584,0.85,0.0,0.0,0.0
48,capped,node-025,0.0,0.0,7.930119879419465,0.0,0.0,7930.119879419464,0.0,0.0,8624.048490345716,394.16352090168584,0.85,-133.8251512439844,0.0,0.0
48,capped,node-026,0.0,0.0,0.0,0.0,0.0,0.0,0.0,0.0,8624.048490345716,394.16352090168584,0.85,0.0,0.0,0.0
48,capped,node-027,0.0,0.0,0.0,0.0,0.0,0.0,0.0,0.0,8624.048490345716,394.16352090168584,0.85,0.0,0.0,0.0
48,capped,node-028,0.0,54.852880787221764,75.37771033899229,0.0,54852.880787221766,75377.71033899228,0.0,0.0,8624.048490345716,394.16352090168584,0.85,-58.23812823518266,0.0,0.0
48,capped,node-029,0.0,0.0,0.0,0.0,0.0,0.0,0.0,0.0,8624.048490345716,394.16352090168584,0.85,0.0,0.0,0.0
48,proper_scoring,node-000,0.0,0.0,0.0,0.0,0.0,0.0,0.0,0.0,8624.048490345716,1199.7518860765763,0.85,0.0,0.0,0.0
48,proper_scoring,node-001,0.0,0.0,0.0,0.0,0.0,0.0,0.0,0.0,8624.048490345716,1199.7518860765763,0.85,0.0,0.0,0.0
48,proper_scoring,node-002,0.0,0.0,381.3320473252262,0.0,0.0,381332.0473252262,0.0,0.0,8624.048490345716,1199.7518860765763,0.85,-446.47898123125844,0.0,0.0
48,proper_scoring,node-003,0.0,0.0,132.52333149750166,0.0,0.0,132523.33149750167,0.0,0.0,8624.048490345716,1199.7518860765763,0.85,-254.66010686268066,0.0,0.0
48,proper_scoring,node-004,45.42685761947972,522.1958143725715,522.1958143725715,45426.85761947972,522195.8143725715,522195.8143725715,0.0,0.0,8624.048490345716,1199.7518860765763,0.85,-238.55679664363154,0.0,0.0
48,proper_scoring,node-005,537.2702084618412,0.0,537.2906954452483,537270.2084618412,0.0,537290.6954452483,0.0,0.0,8624.048490345716,1199.7518860765763,0.85,-298.32556356198603,68.58733922154477,0.0
48,proper_scoring,node-006,0.0,0.0,0.0,0.0,0.0,0.0,0.0,0.0,8624.048490345716,1199.7518860765763,0.85,0.0,0.0,0.0
48,proper_scoring,node-007,0.0,0.0,42.12662972836082,0.0,0.0,42126.629728360815,0.0,0.0,8624.048490345716,1199.7518860765763,0.85,-31.493481086556734,0.0,0.0
48,proper_scoring,node-008,0.0,0.0,0.0,0.0,0.0,0.0,0.0,0.0,8624.048490345716,1199.7518860765763,0.85,0.0,0.0,0.0
48,proper_scoring,node-009,0.0,0.0,0.0,0.0,0.0,0.0,0.0,0.0,8624.048490345716,1199.7518860765763,0.85,0.0,0.0,0.0
48,proper_scoring,node-010,0.0,0.0,0.0,0.0,0.0,0.0,0.0,0.0,8624.048490345716,1199.7518860765763,0.85,0.0,0.0,0.0
48,proper_scoring,node-011,0.0,0.0,278.84438699498907,0.0,0.0,278844.38699498906,0.0,0.0,8624.048490345716,1199.7518860765763,0.85,-289.2297733575377,0.0,0.0
48,proper_scoring,node-012,0.0,535.581472909973,577.9428994542985,0.0,535581.4729099729,577942.8994542985,0.0,0.0,8624.048490345716,1199.7518860765763,0.85,-236.5927168422031,0.0,0.0
48,proper_scoring,node-013,0.0,0.2612104753305857,21.42237852166818,0.0,0.0003139354975997591,0.02574646002408165,610.5096650377262,832.0514160638398,8624.048490345716,1199.7518860765763,0.85,-882.7814908001485,-33.23126265391704,-610.5096650377262
48,proper_scoring,node-014,0.0,0.0,0.0,0.0,0.0,0.0,0.0,0.0,8624.048490345716,1199.7518860765763,0.85,0.0,0.0,0.0
48,proper_scoring,node-015,0.0,0.0,0.0,0.0,0.0,0.0,0.0,0.0,8624.048490345716,1199.7518860765763,0.85,0.0,0.0,0.0
48,proper_scoring,node-016,0.0,0.0,239.70223862706243,0.0,0.0,239702.2386270624,0.0,0.0,8624.048490345716,1199.7518860765763,0.85,-156.7385303265997,0.0,0.0
48,proper_scoring,node-017,0.0,205.0697698557891,357.33236238181644,0.0,205069.7698557891,357332.36238181643,0.0,0.0,8624.048490345716,1199.7518860765763,0.85,-291.031636866361,0.0,0.0
48,proper_scoring,node-018,607.4330683335713,0.0,701.4769436645529,607433.0683335713,0.0,701476.9436645529,0.0,0.0,8624.048490345716,1199.7518860765763,0.85,-393.26139500113027,168.82934303921957,0.0
48,proper_scoring,node-019,0.0,0.0,0.0,0.0,0.0,0.0,0.0,0.0,8624.048490345716,1199.7518860765763,0.85,0.0,0.0,0.0
48,proper_scoring,node-020,0.0,380.79637893852066,380.79637893852066,0.0,1.0356156980852658,1.0356156980852658,326.4665404377263,367.70047001273673,8624.048490345716,1199.7518860765763,0.85,-566.9557833368955,-4.396884302446551,-326.4665404377263
48,proper_scoring,node-021,0.0,0.0,168.53330322990027,0.0,0.0,168533.30322990025,0.0,0.0,8624.048490345716,1199.7518860765763,0.85,-125.8667870803989,0.0,0.0
48,proper_scoring,node-022,0.0,0.0,0.0,0.0,0.0,0.0,0.0,0.0,8624.048490345716,1199.7518860765763,0.85,0.0,0.0,0.0
48,proper_scoring,node-023,0.0,0.0,381.9729999989175,0.0,0.0,381972.99999891745,0.0,0.0,8624.048490345716,1199.7518860765763,0.85,-457.44191067031824,0.0,0.0
48,proper_scoring,node-024,0.0,0.0,0.0,0.0,0.0,0.0,0.0,0.0,8624.048490345716,1199.7518860765763,0.85,0.0,0.0,0.0
48,proper_scoring,node-025,353.79244316449723,0.0,661.3496763764285,353792.4431644972,0.0,661349.6763764286,0.0,0.0,8624.048490345716,1199.7518860765763,0.85,-508.54394770133007,0.0,0.0
48,proper_scoring,node-026,0.0,0.0,0.0,0.0,0.0,0.0,0.0,0.0,8624.048490345716,1199.7518860765763,0.85,0.0,0.0,0.0
48,proper_scoring,node-027,0.0,0.0,0.0,0.0,0.0,0.0,0.0,0.0,8624.048490345716,1199.7518860765763,0.85,0.0,0.0,0.0
48,proper_scoring,node-028,0.0,254.85288078722175,529.1190641175914,0.0,254852.88078722174,529119.0641175914,0.0,0.0,8624.048490345716,1199.7518860765763,0.85,-232.95251294073063,0.0,0.0
48,proper_scoring,node-029,0.0,0.0,0.0,0.0,0.0,0.0,0.0,0.0,8624.048490345716,1199.7518860765763,0.85,0.0,0.0,0.0
48,audits,node-000,0.0,0.0,0.0,0.0,0.0,0.0,0.0,0.0,8624.048490345716,1172.6062184652126,0.85,0.0,0.0,0.0
48,audits,node-001,0.0,0.0,0.0,0.0,0.0,0.0,0.0,0.0,8624.048490345716,1172.6062184652126,0.85,0.0,0.0,0.0
48,audits,node-002,0.0,0.0,285.67259916330624,0.0,0.0,285672.59916330624,0.0,0.0,8624.048490345716,1172.6062184652126,0.85,-1814.3274008366939,0.0,0.0
48,audits,node-003,0.0,0.0,132.52333149750166,0.0,0.0,132523.33149750167,0.0,0.0,8624.048490345716,1172.6062184652126,0.85,-767.4766685024983,0.0,0.0
48,audits,node-004,45.42685761947972,19.2783983218157,45.42685761947972,45426.85761947972,19278.3983218157,45426.85761947972,0.0,0.0,8624.048490345716,1172.6062184652126,0.85,-1559.639199160908,0.0,0.0
48,audits,node-005,537.2702084618412,0.0,537.2906954452483,537270.2084618412,0.0,537290.6954452483,0.0,0.0,8624.048490345716,1172.6062184652126,0.85,-1574.5813908904963,68.58733922154477,0.0
48,audits,node-006,0.0,0.0,0.0,0.0,0.0,0.0,0.0,0.0,8624.048490345716,1172.6062184652126,0.85,0.0,0.0,0.0
48,audits,node-007,0.0,0.0,42.12662972836082,0.0,0.0,42126.629728360815,0.0,0.0,8624.048490345716,1172.6062184652126,0.85,-557.8733702716391,0.0,0.0
48,audits,node-008,0.0,0.0,0.0,0.0,0.0,0.0,0.0,0.0,8624.048490345716,1172.6062184652126,0.85,0.0,0.0,0.0
48,audits,node-009,0.0,0.0,0.0,0.0,0.0,0.0,0.0,0.0,8624.048490345716,1172.6062184652126,0.85,0.0,0.0,0.0
48,audits,node-010,0.0,0.0,0.0,0.0,0.0,0.0,0.0,0.0,8624.048490345716,1172.6062184652126,0.85,0.0,0.0,0.0
48,audits,node-011,0.0,0.0,238.30002610584108,0.0,0.0,238300.02610584107,0.0,0.0,8624.048490345716,1172.6062184652126,0.85,-1516.007972720702,0.0,0.0
48,audits,node-012,0.0,0.5969410891603673,0.5969410891603673,0.0,596.9410891603673,596.9410891603673,0.0,0.0,8624.048490345716,1172.6062184652126,0.85,-1809.1481792105503,0.0,0.0
48,audits,node-013,0.0,0.2612104753305857,21.42237852166818,0.0,0.0003139354975997591,0.02574646002408165,610.5096650377262,832.0514160638398,8624.048490345716,1172.6062184652126,0.85,-2378.577621478332,-33.23126265391704,-610.5096650377262
48,audits,node-014,0.0,0.0,0.0,0.0,0.0,0.0,0.0,0.0,8624.048490345716,1172.6062184652126,0.85,0.0,0.0,0.0
48,audits,node-015,0.0,0.0,0.0,0.0,0.0,0.0,0.0,0.0,8624.048490345716,1172.6062184652126,0.85,0.0,0.0,0.0
48,audits,node-016,0.0,0.0,0.0,0.0,0.0,0.0,0.0,0.0,8624.048490345716,1172.6062184652126,0.85,-889.18463258165,0.0,0.0
48,audits,node-017,0.0,205.0697698557891,327.2420907834098,0.0,205069.7698557891,327242.09078340983,0.0,0.0,8624.048490345716,1172.6062184652126,0.85,-1572.7579092165906,0.0,0.0
48,audits,node-018,607.4330683335713,0.0,701.4769436645529,607433.0683335713,0.0,701476.9436645529,0.0,0.0,8624.048490345716,1172.6062184652126,0.85,-1898.523056335447,168.82934303921957,0.0
48,audits,node-019,0.0,0.0,0.0,0.0,0.0,0.0,0.0,0.0,8624.048490345716,1172.6062184652126,0.85,0.0,0.0,0.0
48,audits,node-020,0.0,220.92374862322197,220.92374862322197,0.0,0.6487171728761715,0.6487171728761715,299.3208728263627,340.5548024013731,8624.048490345716,1172.6062184652126,0.85,-2359.443183551155,-6.185089436251587,-299.3208728263627
48,audits,node-021,0.0,0.0,168.53330322990027,0.0,0.0,168533.30322990025,0.0,0.0,8624.048490345716,1172.6062184652126,0.85,-731.4666967700998,0.0,0.0
48,audits,node-022,0.0,0.0,0.0,0.0,0.0,0.0,0.0,0.0,8624.048490345716,1172.6062184652126,0.85,0.0,0.0,0.0
48,audits,node-023,0.0,0.0,381.9729999989175,0.0,0.0,381972.99999891745,0.0,0.0,8624.048490345716,1172.6062184652126,0.85,-1618.0270000010826,0.0,0.0
48,audits,node-024,0.0,0.0,0.0,0.0,0.0,0.0,0.0,0.0,8624.048490345716,1172.6062184652126,0.85,0.0,0.0,0.0
48,audits,node-025,323.5495276779322,0.0,416.9921782767113,323549.5276779322,0.0,416992.17827671126,0.0,0.0,8624.048490345716,1172.6062184652126,0.85,-2083.8251512439847,0.0,0.0
48,audits,node-026,0.0,0.0,0.0,0.0,0.0,0.0,0.0,0.0,8624.048490345716,1172.6062184652126,0.85,0.0,0.0,0.0
48,audits,node-027,0.0,0.0,0.0,0.0,0.0,0.0,0.0,0.0,8624.048490345716,1172.6062184652126,0.85,0.0,0.0,0.0
48,audits,node-028,0.0,254.85288078722175,529.1190641175914,0.0,254852.88078722174,529119.0641175914,0.0,0.0,8624.048490345716,1172.6062184652126,0.85,-1558.2381282351826,0.0,0.0
48,audits,node-029,0.0,0.0,0.0,0.0,0.0,0.0,0.0,0.0,8624.048490345716,1172.6062184652126,0.85,0.0,0.0,0.0
54,greedy,node-000,0.0,0.0,0.0,0.0,0.0,0.0,0.0,0.0,8854.023639211891,183.22563157927513,0.95,0.0,0.0,0.0
54,greedy,node-001,0.0,0.0,0.0,0.0,0.0,0.0,0.0,0.0,8854.023639211891,183.22563157927513,0.95,0.0,0.0,0.0
54,greedy,node-002,0.0,0.0,0.0,0.0,0.0,0.0,0.0,0.0,8854.023639211891,183.22563157927513,0.95,0.0,0.0,0.0
54,greedy,node-003,32.62054015826859,0.0,32.62054015826859,0.17803480810573633,0.0,0.17803480810573633,61.07521052642503,183.22563157927513,8854.023639211891,183.22563157927513,0.95,-91.61281578963755,-18.322563157927497,-61.07521052642503
54,greedy,node-004,0.0,0.0,0.0,0.0,0.0,0.0,0.0,0.0,8854.023639211891,183.22563157927513,0.95,0.0,0.0,0.0
54,greedy,node-005,0.0,0.0,0.0,0.0,0.0,0.0,0.0,0.0,8854.023639211891,183.22563157927513,0.95,0.0,0.0,0.0
54,greedy,node-006,0.0,0.0,0.0,0.0,0.0,0.0,0.0,0.0,8854.023639211891,183.22563157927513,0.95,0.0,0.0,0.0
54,greedy,node-007,0.0,0.0,0.0,0.0,0.0,0.0,0.0,0.0,8854.023639211891,183.22563157927513,0.95,0.0,0.0,0.0
54,greedy,node-008,0.0,0.0,0.0,0.0,0.0,0.0,0.0,0.0,8854.023639211891,183.22563157927513,0.95,0.0,0.0,0.0
54,greedy,node-009,0.0,0.0,0.0,0.0,0.0,0.0,0.0,0.0,8854.023639211891,183.22563157927513,0.95,0.0,0.0,0.0
54,greedy,node-010,0.0,0.0,0.0,0.0,0.0,0.0,0.0,0.0,8854.023639211891,183.22563157927513,0.95,0.0,0.0,0.0
54,greedy,node-011,0.0,0.0,0.0,0.0,0.0,0.0,0.0,0.0,8854.023639211891,183.22563157927513,0.95,-1.359282096237873,0.0,0.0
54,greedy,node-012,0.0,0.0,0.0,0.0,0.0,0.0,0.0,0.0,8854.023639211891,183.22563157927513,0.95,0.0,0.0,0.0
54,greedy,node-013,0.0,0.0,0.0,0.0,0.0,0.0,0.0,0.0,8854.023639211891,183.22563157927513,0.95,0.0,0.0,0.0
54,greedy,node-014,0.0,0.0,0.0,0.0,0.0,0.0,0.0,0.0,8854.023639211891,183.22563157927513,0.95,0.0,0.0,0.0
54,greedy,node-015,0.0,0.0,0.0,0.0,0.0,0.0,0.0,0.0,8854.023639211891,183.22563157927513,0.95,0.0,0.0,0.0
54,greedy,node-016,7.305372583614567,0.0,7.305372583614567,7305.372583614567,0.0,7305.372583614567,0.0,0.0,8854.023639211891,183.22563157927513,0.95,-24.783245109220008,7.805713124745001,0.0
54,greedy,node-017,0.0,0.0,0.0,0.0,0.0,0.0,0.0,0.0,8854.023639211891,183.22563157927513,0.95,0.0,0.0,0.0
54,greedy,node-018,0.0,0.0,0.0,0.0,0.0,0.0,0.0,0.0,8854.023639211891,183.22563157927513,0.95,0.0,0.0,0.0
54,greedy,node-019,0.0,0.0,0.0,0.0,0.0,0.0,0.0,0.0,8854.023639211891,183.22563157927513,0.95,0.0,0.0,0.0
54,greedy,node-020,0.0,0.0,0.0,0.0,0.0,0.0,0.0,0.0,8854.023639211891,183.22563157927513,0.95,0.0,0.0,0.0
54,greedy,node-021,0.0,0.0,0.0,0.0,0.0,0.0,0.0,0.0,8854.023639211891,183.22563157927513,0.95,0.0,0.0,0.0
54,greedy,node-022,0.0,0.0,0.0,0.0,0.0,0.0,0.0,0.0,8854.023639211891,183.22563157927513,0.95,-16.862524428955304,0.0,0.0
54,greedy,node-023,0.0,0.0,0.0,0.0,0.0,0.0,0.0,0.0,8854.023639211891,183.22563157927513,0.95,0.0,0.0,0.0
54,greedy,node-024,0.0,0.0,0.0,0.0,0.0,0.0,0.0,0.0,8854.023639211891,183.22563157927513,0.95,0.0,0.0,0.0
54,greedy,node-025,0.0,0.0,0.0,0.0,0.0,0.0,0.0,0.0,8854.023639211891,183.22563157927513,0.95,0.0,0.0,0.0
54,greedy,node-026,0.0,0.0,0.0,0.0,0.0,0.0,0.0,0.0,8854.023639211891,183.22563157927513,0.95,0.0,0.0,0.0
54,greedy,node-027,0.0,0.0,0.0,0.0,0.0,0.0,0.0,0.0,8854.023639211891,183.22563157927513,0.95,0.0,0.0,0.0
54,greedy,node-028,0.0,0.0,0.0,0.0,0.0,0.0,0.0,0.0,8854.023639211891,183.22563157927513,0.95,0.0,0.0,0.0
54,greedy,node-029,0.0,0.0,0.0,0.0,0.0,0.0,0.0,0.0,8854.023639211891,183.22563157927513,0.95,0.0,0.0,0.0
54,trust_vcg,node-000,0.0,0.0,0.0,0.0,0.0,0.0,0.0,0.0,8854.023639211891,587.5232822953742,0.95,0.0,0.0,0.0
54,trust_vcg,node-001,0.0,0.0,0.0,0.0,0.0,0.0,0.0,0.0,8854.023639211891,587.5232822953742,0.95,0.0,0.0,0.0
54,trust_vcg,node-002,0.0,0.0,219.46221747128132,0.0,0.0,219462.21747128133,0.0,0.0,8854.023639211891,587.5232822953742,0.95,-3380.5377825287187,0.0,0.0
54,trust_vcg,node-003,183.2256315792751,0.0,183.2256315792751,0.3118610565753876,0.0,0.3118610565753876,465.3728612425239,587.5232822953742,8854.023639211891,587.5232822953742,0.95,-11495.91046650574,-18.32256315792756,-142.10191238649782
54,trust_vcg,node-004,0.0,0.0,0.0,0.0,0.0,0.0,0.0,0.0,8854.023639211891,587.5232822953742,0.95,0.0,0.0,0.0
54,trust_vcg,node-005,0.0,0.0,0.0,0.0,0.0,0.0,0.0,0.0,8854.023639211891,587.5232822953742,0.95,0.0,0.0,0.0
54,trust_vcg,node-006,0.0,0.0,76.78729622567657,0.0,0.0,76787.29622567657,0.0,0.0,8854.023639211891,587.5232822953742,0.95,-1723.2127037743235,0.0,0.0
54,trust_vcg,node-007,0.0,0.0,129.3554059476387,0.0,0.0,129355.4059476387,0.0,0.0,8854.023639211891,587.5232822953742,0.95,-2270.6445940523613,0.0,0.0
54,trust_vcg,node-008,0.0,86.19976650271553,273.0130900822112,0.0,86199.76650271553,273013.0900822112,0.0,0.0,8854.023639211891,587.5232822953742,0.95,-3926.986909917789,0.0,0.0
54,trust_vcg,node-009,0.0,0.0,0.0,0.0,0.0,0.0,0.0,0.0,8854.023639211891,587.5232822953742,0.95,0.0,0.0,0.0
54,trust_vcg,node-010,0.0,0.0,113.95536905076494,0.0,0.0,113955.36905076494,0.0,0.0,8854.023639211891,587.5232822953742,0.95,-2286.044630949235,0.0,0.0
54,trust_vcg,node-011,0.0,0.0,0.0,0.0,0.0,0.0,0.0,0.0,8854.023639211891,587.5232822953742,0.95,-5621.640404896436,0.0,0.0
54,trust_vcg,node-012,0.0,0.0,0.0,0.0,0.0,0.0,0.0,0.0,8854.023639211891,587.5232822953742,0.95,-2263.091776628761,0.0,0.0
54,trust_vcg,node-013,0.0,0.0,0.0,0.0,0.0,0.0,0.0,0.0,8854.023639211891,587.5232822953742,0.95,0.0,0.0,0.0
54,trust_vcg,node-014,0.0,0.0,0.0,0.0,0.0,0.0,0.0,0.0,8854.023639211891,587.5232822953742,0.95,0.0,0.0,0.0
54,trust_vcg,node-015,0.0,0.0,0.0,0.0,0.0,0.0,0.0,0.0,8854.023639211891,587.5232822953742,0.95,0.0,0.0,0.0
54,trust_vcg,node-016,0.0,0.0,77.66831673393276,0.0,0.0,77668.31673393275,0.0,0.0,8854.023639211891,587.5232822953742,0.95,-5447.052825499341,0.0,0.0
54,trust_vcg,node-017,0.0,0.0,0.0,0.0,0.0,0.0,0.0,0.0,8854.023639211891,587.5232822953742,0.95,0.0,0.0,0.0
54,trust_vcg,node-018,0.0,0.0,0.0,0.0,0.0,0.0,0.0,0.0,8854.023639211891,587.5232822953742,0.95,0.0,0.0,0.0
54,trust_vcg,node-019,0.0,85.03838524336307,224.90913376185475,0.0,85038.38524336307,224909.13376185475,0.0,0.0,8854.023639211891,587.5232822953742,0.95,-3375.0908662381453,0.0,0.0
54,trust_vcg,node-020,0.0,0.0,0.0,0.0,0.0,0.0,0.0,0.0,8854.023639211891,587.5232822953742,0.95,-2278.1255327630374,0.0,0.0
54,trust_vcg,node-021,0.0,0.0,0.0,0.0,0.0,0.0,0.0,0.0,8854.023639211891,587.5232822953742,0.95,0.0,0.0,0.0
54,trust_vcg,node-022,0.0,0.0,0.0,0.0,0.0,0.0,0.0,0.0,8854.023639211891,587.5232822953742,0.95,-5554.757125514119,0.0,0.0
54,trust_vcg,node-023,0.0,0.0,92.88637058134084,0.0,0.0,92886.37058134085,0.0,0.0,8854.023639211891,587.5232822953742,0.95,-5549.0900224885645,0.0,0.0
54,trust_vcg,node-024,0.0,0.0,0.0,0.0,0.0,0.0,0.0,0.0,8854.023639211891,587.5232822953742,0.95,0.0,0.0,0.0
54,trust_vcg,node-025,0.0,0.0,0.0,0.0,0.0,0.0,0.0,0.0,8854.023639211891,587.5232822953742,0.95,0.0,0.0,0.0
54,trust_vcg,node-026,0.0,158.38100784854942,158.38100784854942,0.0,158381.0078485494,158381.0078485494,0.0,0.0,8854.023639211891,587.5232822953742,0.95,-3922.2345277705217,0.0,0.0
54,trust_vcg,node-027,0.0,0.0,0.0,0.0,0.0,0.0,0.0,0.0,8854.023639211891,587.5232822953742,0.95,0.0,0.0,0.0
54,trust_vcg,node-028,0.0,0.0,136.2384313374166,0.0,0.0,136238.4313374166,0.0,0.0,8854.023639211891,587.5232822953742,0.95,-2263.761568662583,0.0,0.0
54,trust_vcg,node-029,0.0,0.0,0.0,0.0,0.0,0.0,0.0,0.0,8854.023639211891,587.5232822953742,0.95,-1724.699924567327,0.0,0.0
54,contingent,node-000,0.0,0.0,0.0,0.0,0.0,0.0,0.0,0.0,8854.023639211891,178.8815009191161,0.95,0.0,0.0,0.0
54,contingent,node-001,0.0,0.0,0.0,0.0,0.0,0.0,0.0,0.0,8854.023639211891,178.8815009191161,0.95,0.0,0.0,0.0
54,contingent,node-002,0.0,0.0,26.1994522862932,0.0,0.0,26199.452286293203,0.0,0.0,8854.023639211891,178.8815009191161,0.95,-322.1511301148747,0.0,0.0
54,contingent,node-003,178.88150091911606,0.0,178.88150091911606,0.9999999999999999,0.0,0.9999999999999999,56.731079866265986,178.8815009191161,8854.023639211891,178.8815009191161,0.95,-178.88150091911606,-17.88815009191159,-233.33437997995497
54,contingent,node-004,0.0,0.0,0.0,0.0,0.0,0.0,0.0,0.0,8854.023639211891,178.8815009191161,0.95,0.0,0.0,0.0
54,contingent,node-005,0.0,0.0,0.0,0.0,0.0,0.0,0.0,0.0,8854.023639211891,178.8815009191161,0.95,0.0,0.0,0.0
54,contingent,node-006,0.0,0.0,0.0,0.0,0.0,0.0,0.0,0.0,8854.023639211891,178.8815009191161,0.95,-292.85081509729366,0.0,0.0
54,contingent,node-007,0.0,0.0,10.41102016007828,0.0,0.0,10411.02016007828,0.0,0.0,8854.023639211891,178.8815009191161,0.95,-282.5783762094452,0.0,0.0
54,contingent,node-008,0.0,36.19976650271553,36.19976650271553,0.0,36199.76650271553,36199.76650271553,0.0,0.0,8854.023639211891,178.8815009191161,0.95,-307.94763967115523,0.0,0.0
54,contingent,node-009,0.0,0.0,0.0,0.0,0.0,0.0,0.0,0.0,8854.023639211891,178.8815009191161,0.95,0.0,0.0,0.0
54,contingent,node-010,0.0,0.0,0.0,0.0,0.0,0.0,0.0,0.0,8854.023639211891,178.8815009191161,0.95,-344.1785237969402,0.0,0.0
54,contingent,node-011,0.0,0.0,0.0,0.0,0.0,0.0,0.0,0.0,8854.023639211891,178.8815009191161,0.95,-486.5616195857454,0.0,0.0
54,contingent,node-012,0.0,0.0,0.0,0.0,0.0,0.0,0.0,0.0,8854.023639211891,178.8815009191161,0.95,-252.36710651504478,0.0,0.0
54,contingent,node-013,0.0,0.0,0.0,0.0,0.0,0.0,0.0,0.0,8854.023639211891,178.8815009191161,0.95,0.0,0.0,0.0
54,contingent,node-014,0.0,0.0,0.0,0.0,0.0,0.0,0.0,0.0,8854.023639211891,178.8815009191161,0.95,0.0,0.0,0.0
54,contingent,node-015,0.0,0.0,0.0,0.0,0.0,0.0,0.0,0.0,8854.023639211891,178.8815009191161,0.95,0.0,0.0,0.0
54,contingent,node-016,0.0,10.797032193978247,27.877546874089287,0.0,10797.032193978246,27877.546874089287,0.0,0.0,8854.023639211891,178.8815009191161,0.95,-145.77554621522162,0.0,0.0
54,contingent,node-017,0.0,0.0,0.0,0.0,0.0,0.0,0.0,0.0,8854.023639211891,178.8815009191161,0.95,0.0,0.0,0.0
54,contingent,node-018,0.0,0.0,0.0,0.0,0.0,0.0,0.0,0.0,8854.023639211891,178.8815009191161,0.95,0.0,0.0,0.0
54,contingent,node-019,0.0,35.03838524336307,35.03838524336307,0.0,35038.38524336307,35038.38524336307,0.0,0.0,8854.023639211891,178.8815009191161,0.95,-300.36346495258096,0.0,0.0
54,contingent,node-020,0.0,0.0,0.0,0.0,0.0,0.0,0.0,0.0,8854.023639211891,178.8815009191161,0.95,-312.50213105214925,0.0,0.0
54,contingent,node-021,0.0,0.0,0.0,0.0,0.0,0.0,0.0,0.0,8854.023639211891,178.8815009191161,0.95,0.0,0.0,0.0
54,contingent,node-022,0.0,8.501689988707579,57.22784297957755,0.0,8501.689988707578,57227.84297957755,0.0,0.0,8854.023639211891,178.8815009191161,0.95,-219.02850205647337,0.0,0.0
54,contingent,node-023,0.0,2.380962828543886,42.89540982715597,0.0,2380.962828543886,42895.40982715597,0.0,0.0,8854.023639211891,178.8815009191161,0.95,-272.05847884953414,0.0,0.0
54,contingent,node-024,0.0,0.0,0.0,0.0,0.0,0.0,0.0,0.0,8854.023639211891,178.8815009191161,0.95,0.0,0.0,0.0
54,contingent,node-025,0.0,0.0,0.0,0.0,0.0,0.0,0.0,0.0,8854.023639211891,178.8815009191161,0.95,0.0,0.0,0.0
54,contingent,node-026,0.0,58.381007848549416,58.381007848549416,0.0,58381.007848549416,58381.007848549416,0.0,0.0,8854.023639211891,178.8815009191161,0.95,-288.9381110820885,0.0,0.0
54,contingent,node-027,0.0,0.0,0.0,0.0,0.0,0.0,0.0,0.0,8854.023639211891,178.8815009191161,0.95,0.0,0.0,0.0
54,contingent,node-028,0.0,0.0,18.443813559829067,0.0,0.0,18443.81355982907,0.0,0.0,8854.023639211891,178.8815009191161,0.95,-255.04627465033357,0.0,0.0
54,contingent,node-029,0.0,0.0,0.0,0.0,0.0,0.0,0.0,0.0,8854.023639211891,178.8815009191161,0.95,-298.79969826930716,0.0,0.0
54,capped,node-000,0.0,0.0,0.0,0.0,0.0,0.0,0.0,0.0,8854.023639211891,183.22563157927513,0.95,0.0,0.0,0.0
54,capped,node-001,0.0,0.0,0.0,0.0,0.0,0.0,0.0,0.0,8854.023639211891,183.22563157927513,0.95,0.0,0.0,0.0
54,capped,node-002,0.0,0.0,26.1994522862932,0.0,0.0,26199.452286293203,0.0,0.0,8854.023639211891,183.22563157927513,0.95,-80.53778252871868,0.0,0.0
54,capped,node-003,183.2256315792751,0.0,183.2256315792751,0.9999999999999999,0.0,0.9999999999999999,61.07521052642503,183.22563157927513,8854.023639211891,183.22563157927513,0.95,-91.61281578963755,-18.322563157927497,-237.678510640114
54,capped,node-004,0.0,0.0,0.0,0.0,0.0,0.0,0.0,0.0,8854.023639211891,183.22563157927513,0.95,0.0,0.0,0.0
54,capped,node-005,0.0,0.0,0.0,0.0,0.0,0.0,0.0,0.0,8854.023639211891,183.22563157927513,0.95,0.0,0.0,0.0
54,capped,node-006,0.0,0.0,0.0,0.0,0.0,0.0,0.0,0.0,8854.023639211891,183.22563157927513,0.95,-73.21270377432343,0.0,0.0
54,capped,node-007,0.0,0.0,10.41102016007828,0.0,0.0,10411.02016007828,0.0,0.0,8854.023639211891,183.22563157927513,0.95,-70.6445940523613,0.0,0.0
54,capped,node-008,0.0,36.19976650271553,36.19976650271553,0.0,36199.76650271553,36199.76650271553,0.0,0.0,8854.023639211891,183.22563157927513,0.95,-76.98690991778881,0.0,0.0
54,capped,node-009,0.0,0.0,0.0,0.0,0.0,0.0,0.0,0.0,8854.023639211891,183.22563157927513,0.95,0.0,0.0,0.0
54,capped,node-010,0.0,0.0,0.0,0.0,0.0,0.0,0.0,0.0,8854.023639211891,183.22563157927513,0.95,-86.04463094923506,0.0,0.0
54,capped,node-011,0.0,0.0,0.0,0.0,0.0,0.0,0.0,0.0,8854.023639211891,183.22563157927513,0.95,-121.64040489643634,0.0,0.0
54,capped,node-012,0.0,0.0,25.607881296832524,0.0,0.0,25607.881296832522,0.0,0.0,8854.023639211891,183.22563157927513,0.95,-63.091776628761195,0.0,0.0
54,capped,node-013,0.0,0.0,0.0,0.0,0.0,0.0,0.0,0.0,8854.023639211891,183.22563157927513,0.95,0.0,0.0,0.0
54,capped,node-014,0.0,0.0,0.0,0.0,0.0,0.0,0.0,0.0,8854.023639211891,183.22563157927513,0.95,0.0,0.0,0.0
54,capped,node-015,0.0,0.0,0.0,0.0,0.0,0.0,0.0,0.0,8854.023639211891,183.22563157927513,0.95,0.0,0.0,0.0
54,capped,node-016,0.0,36.62993704059942,51.13760808530196,0.0,36629.93704059942,51137.60808530196,0.0,0.0,8854.023639211891,183.22563157927513,0.95,-36.4438865538054,0.0,0.0
54,capped,node-017,0.0,0.0,0.0,0.0,0.0,0.0,0.0,0.0,8854.023639211891,183.22563157927513,0.95,0.0,0.0,0.0
54,capped,node-018,0.0,0.0,0.0,0.0,0.0,0.0,0.0,0.0,8854.023639211891,183.22563157927513,0.95,0.0,0.0,0.0
54,capped,node-019,0.0,35.03838524336307,35.03838524336307,0.0,35038.38524336307,35038.38524336307,0.0,0.0,8854.023639211891,183.22563157927513,0.95,-75.09086623814525,0.0,0.0
54,capped,node-020,0.0,0.0,0.0,0.0,0.0,0.0,0.0,0.0,8854.023639211891,183.22563157927513,0.95,-78.12553276303731,0.0,0.0
54,capped,node-021,0.0,0.0,0.0,0.0,0.0,0.0,0.0,0.0,8854.023639211891,183.22563157927513,0.95,0.0,0.0,0.0
54,capped,node-022,0.0,77.14051255776212,118.16859610127526,0.0,77140.51255776212,118168.59610127525,0.0,0.0,8854.023639211891,183.22563157927513,0.95,-54.75712551411834,0.0,0.0
54,capped,node-023,0.0,61.583107981377225,61.583107981377225,0.0,61583.10798137722,61583.10798137722,0.0,0.0,8854.023639211891,183.22563157927513,0.95,-68.01461971238352,0.0,0.0
54,capped,node-024,0.0,0.0,0.0,0.0,0.0,0.0,0.0,0.0,8854.023639211891,183.22563157927513,0.95,0.0,0.0,0.0
54,capped,node-025,0.0,0.0,0.0,0.0,0.0,0.0,0.0,0.0,8854.023639211891,183.22563157927513,0.95,0.0,0.0,0.0
54,capped,node-026,0.0,58.381007848549416,58.381007848549416,0.0,58381.007848549416,58381.007848549416,0.0,0.0,8854.023639211891,183.22563157927513,0.95,-72.23452777052213,0.0,0.0
54,capped,node-027,0.0,0.0,0.0,0.0,0.0,0.0,0.0,0.0,8854.023639211891,183.22563157927513,0.95,0.0,0.0,0.0
54,capped,node-028,0.0,0.0,18.443813559829067,0.0,0.0,18443.81355982907,0.0,0.0,8854.023639211891,183.22563157927513,0.95,-63.76156866258339,0.0,0.0
54,capped,node-029,0.0,0.0,0.0,0.0,0.0,0.0,0.0,0.0,8854.023639211891,183.22563157927513,0.95,-74.69992456732679,0.0,0.0
54,proper_scoring,node-000,0.0,0.0,0.0,0.0,0.0,0.0,0.0,0.0,8854.023639211891,1119.9037347891679,0.95,0.0,0.0,0.0
54,proper_scoring,node-001,0.0,0.0,0.0,0.0,0.0,0.0,0.0,0.0,8854.023639211891,1119.9037347891679,0.95,0.0,0.0,0.0
54,proper_scoring,node-002,0.0,0.0,219.46221747128132,0.0,0.0,219462.21747128133,0.0,0.0,8854.023639211891,1119.9037347891679,0.95,-308.092096098712,0.0,0.0
54,proper_scoring,node-003,178.8815009191162,8.97776612994835,187.85926704906433,0.15972935473136204,0.008016551647306093,0.16774590637866796,997.7533137363178,1119.9037347891679,8854.023639211891,1119.9037347891679,0.95,-1119.9037347891679,-17.88815009191171,-674.4823648802917
54,proper_scoring,node-004,0.0,0.0,0.0,0.0,0.0,0.0,0.0,0.0,8854.023639211891,1119.9037347891679,0.95,0.0,0.0,0.0
54,proper_scoring,node-005,0.0,0.0,0.0,0.0,0.0,0.0,0.0,0.0,8854.023639211891,1119.9037347891679,0.95,0.0,0.0,0.0
54,proper_scoring,node-006,0.0,0.0,76.78729622567657,0.0,0.0,76787.29622567657,0.0,0.0,8854.023639211891,1119.9037347891679,0.95,-223.21270377432342,0.0,0.0
54,proper_scoring,node-007,0.0,0.0,129.3554059476387,0.0,0.0,129355.4059476387,0.0,0.0,8854.023639211891,1119.9037347891679,0.95,-265.3083664123489,0.0,0.0
54,proper_scoring,node-008,0.0,86.19976650271553,273.0130900822112,0.0,86199.76650271553,273013.0900822112,0.0,0.0,8854.023639211891,1119.9037347891679,0.95,-303.64798991708193,0.0,0.0
54,proper_scoring,node-009,0.0,0.0,0.0,0.0,0.0,0.0,0.0,0.0,8854.023639211891,1119.9037347891679,0.95,0.0,0.0,0.0
54,proper_scoring,node-010,0.0,0.0,113.95536905076494,0.0,0.0,113955.36905076494,0.0,0.0,8854.023639211891,1119.9037347891679,0.95,-278.48125521826273,0.0,0.0
54,proper_scoring,node-011,0.0,0.0,267.24308327124686,0.0,0.0,267243.08327124687,0.0,0.0,8854.023639211891,1119.9037347891679,0.95,-420.24710850529783,0.0,0.0
54,proper_scoring,node-012,0.0,0.0,75.60788129683252,0.0,0.0,75607.88129683252,0.0,0.0,8854.023639211891,1119.9037347891679,0.95,-241.72323493775724,0.0,0.0
54,proper_scoring,node-013,0.0,0.0,0.0,0.0,0.0,0.0,0.0,0.0,8854.023639211891,1119.9037347891679,0.95,0.0,0.0,0.0
54,proper_scoring,node-014,0.0,0.0,0.0,0.0,0.0,0.0,0.0,0.0,8854.023639211891,1119.9037347891679,0.95,0.0,0.0,0.0
54,proper_scoring,node-015,0.0,0.0,0.0,0.0,0.0,0.0,0.0,0.0,8854.023639211891,1119.9037347891679,0.95,0.0,0.0,0.0
54,proper_scoring,node-016,0.0,160.16934177350865,340.22639928183804,0.0,160169.34177350864,340226.39928183804,0.0,0.0,8854.023639211891,1119.9037347891679,0.95,-145.77554621522162,0.0,0.0
54,proper_scoring,node-017,0.0,0.0,0.0,0.0,0.0,0.0,0.0,0.0,8854.023639211891,1119.9037347891679,0.95,0.0,0.0,0.0
54,proper_scoring,node-018,0.0,0.0,0.0,0.0,0.0,0.0,0.0,0.0,8854.023639211891,1119.9037347891679,0.95,0.0,0.0,0.0
54,proper_scoring,node-019,0.0,85.03838524336307,224.90913376185475,0.0,85038.38524336307,224909.13376185475,0.0,0.0,8854.023639211891,1119.9037347891679,0.95,-297.80588708753635,0.0,0.0
54,proper_scoring,node-020,0.0,0.0,21.874467236962673,0.0,0.0,21874.46723696267,0.0,0.0,8854.023639211891,1119.9037347891679,0.95,-271.90425928208276,0.0,0.0
54,proper_scoring,node-021,0.0,0.0,0.0,0.0,0.0,0.0,0.0,0.0,8854.023639211891,1119.9037347891679,0.95,0.0,0.0,0.0
54,proper_scoring,node-022,0.0,208.5016899887076,255.78186152420125,0.0,208501.6899887076,255781.86152420123,0.0,0.0,8854.023639211891,1119.9037347891679,0.95,-219.02850205647337,0.0,0.0
54,proper_scoring,node-023,0.0,113.45748921212882,217.2014010296321,0.0,113457.48921212881,217201.4010296321,0.0,0.0,8854.023639211891,1119.9037347891679,0.95,-272.05847884953414,0.0,0.0
54,proper_scoring,node-024,0.0,0.0,0.0,0.0,0.0,0.0,0.0,0.0,8854.023639211891,1119.9037347891679,0.95,0.0,0.0,0.0
54,proper_scoring,node-025,0.0,0.0,0.0,0.0,0.0,0.0,0.0,0.0,8854.023639211891,1119.9037347891679,0.95,0.0,0.0,0.0
54,proper_scoring,node-026,0.0,158.38100784854942,193.18286256843408,0.0,158381.0078485494,193182.86256843407,0.0,0.0,8854.023639211891,1119.9037347891679,0.95,-288.9381110820885,0.0,0.0
54,proper_scoring,node-027,0.0,0.0,0.0,0.0,0.0,0.0,0.0,0.0,8854.023639211891,1119.9037347891679,0.95,0.0,0.0,0.0
54,proper_scoring,node-028,0.0,0.0,136.2384313374166,0.0,0.0,136238.4313374166,0.0,0.0,8854.023639211891,1119.9037347891679,0.95,-244.18077532261006,0.0,0.0
54,proper_scoring,node-029,0.0,0.0,0.0,0.0,0.0,0.0,0.0,0.0,8854.023639211891,1119.9037347891679,0.95,-224.6999245673268,0.0,0.0
54,audits,node-000,0.0,0.0,0.0,0.0,0.0,0.0,0.0,0.0,8854.023639211891,1087.5232822953742,0.95,0.0,0.0,0.0
54,audits,node-001,0.0,0.0,0.0,0.0,0.0,0.0,0.0,0.0,8854.023639211891,1087.5232822953742,0.95,0.0,0.0,0.0
54,audits,node-002,0.0,0.0,219.46221747128132,0.0,0.0,219462.21747128133,0.0,0.0,8854.023639211891,1087.5232822953742,0.95,-1880.5377825287187,0.0,0.0
54,audits,node-003,183.22563157927516,0.0,183.22563157927516,0.16847973239943068,0.0,0.16847973239943068,965.3728612425241,1087.5232822953742,8854.023639211891,1087.5232822953742,0.95,-3995.9104665057366,-18.322563157927675,-642.101912386498
54,audits,node-004,0.0,0.0,0.0,0.0,0.0,0.0,0.0,0.0,8854.023639211891,1087.5232822953742,0.95,0.0,0.0,0.0
54,audits,node-005,0.0,0.0,0.0,0.0,0.0,0.0,0.0,0.0,8854.023639211891,1087.5232822953742,0.95,0.0,0.0,0.0
54,audits,node-006,0.0,0.0,76.78729622567657,0.0,0.0,76787.29622567657,0.0,0.0,8854.023639211891,1087.5232822953742,0.95,-1223.2127037743235,0.0,0.0
54,audits,node-007,0.0,0.0,129.3554059476387,0.0,0.0,129355.4059476387,0.0,0.0,8854.023639211891,1087.5232822953742,0.95,-1270.6445940523613,0.0,0.0
54,audits,node-008,0.0,86.19976650271553,273.0130900822112,0.0,86199.76650271553,273013.0900822112,0.0,0.0,8854.023639211891,1087.5232822953742,0.95,-1926.986909917789,0.0,0.0
54,audits,node-009,0.0,0.0,0.0,0.0,0.0,0.0,0.0,0.0,8854.023639211891,1087.5232822953742,0.95,0.0,0.0,0.0
54,audits,node-010,0.0,0.0,113.95536905076494,0.0,0.0,113955.36905076494,0.0,0.0,8854.023639211891,1087.5232822953742,0.95,-1286.044630949235,0.0,0.0
54,audits,node-011,0.0,0.0,232.49154831455508,0.0,0.0,232491.54831455508,0.0,0.0,8854.023639211891,1087.5232822953742,0.95,-2121.6404048964364,0.0,0.0
54,audits,node-012,0.0,0.0,75.60788129683252,0.0,0.0,75607.88129683252,0.0,0.0,8854.023639211891,1087.5232822953742,0.95,-1263.0917766287612,0.0,0.0
54,audits,node-013,0.0,0.0,0.0,0.0,0.0,0.0,0.0,0.0,8854.023639211891,1087.5232822953742,0.95,0.0,0.0,0.0
54,audits,node-014,0.0,0.0,0.0,0.0,0.0,0.0,0.0,0.0,8854.023639211891,1087.5232822953742,0.95,0.0,0.0,0.0
54,audits,node-015,0.0,0.0,0.0,0.0,0.0,0.0,0.0,0.0,8854.023639211891,1087.5232822953742,0.95,0.0,0.0,0.0
54,audits,node-016,0.0,144.94135272557625,279.7604845358352,0.0,144941.35272557626,279760.48453583516,0.0,0.0,8854.023639211891,1087.5232822953742,0.95,-1947.0528254993412,0.0,0.0
54,audits,node-017,0.0,0.0,0.0,0.0,0.0,0.0,0.0,0.0,8854.023639211891,1087.5232822953742,0.95,0.0,0.0,0.0
54,audits,node-018,0.0,0.0,0.0,0.0,0.0,0.0,0.0,0.0,8854.023639211891,1087.5232822953742,0.95,0.0,0.0,0.0
54,audits,node-019,0.0,85.03838524336307,224.90913376185475,0.0,85038.38524336307,224909.13376185475,0.0,0.0,8854.023639211891,1087.5232822953742,0.95,-1875.0908662381455,0.0,0.0
54,audits,node-020,0.0,0.0,0.0,0.0,0.0,0.0,0.0,0.0,8854.023639211891,1087.5232822953742,0.95,-1278.1255327630372,0.0,0.0
54,audits,node-021,0.0,0.0,0.0,0.0,0.0,0.0,0.0,0.0,8854.023639211891,1087.5232822953742,0.95,0.0,0.0,0.0
54,audits,node-022,0.0,177.14051255776215,202.2933933082782,0.0,177140.51255776215,202293.3933082782,0.0,0.0,8854.023639211891,1087.5232822953742,0.95,-2054.7571255141183,0.0,0.0
54,audits,node-023,0.0,0.0,92.88637058134084,0.0,0.0,92886.37058134085,0.0,0.0,8854.023639211891,1087.5232822953742,0.95,-2049.090022488565,0.0,0.0
54,audits,node-024,0.0,0.0,0.0,0.0,0.0,0.0,0.0,0.0,8854.023639211891,1087.5232822953742,0.95,0.0,0.0,0.0
54,audits,node-025,0.0,0.0,0.0,0.0,0.0,0.0,0.0,0.0,8854.023639211891,1087.5232822953742,0.95,0.0,0.0,0.0
54,audits,node-026,0.0,158.38100784854942,177.76547222947787,0.0,158381.0078485494,177765.47222947786,0.0,0.0,8854.023639211891,1087.5232822953742,0.95,-1922.234527770522,0.0,0.0
54,audits,node-027,0.0,0.0,0.0,0.0,0.0,0.0,0.0,0.0,8854.023639211891,1087.5232822953742,0.95,0.0,0.0,0.0
54,audits,node-028,0.0,0.0,136.2384313374166,0.0,0.0,136238.4313374166,0.0,0.0,8854.023639211891,1087.5232822953742,0.95,-1263.7615686625834,0.0,0.0
54,audits,node-029,0.0,0.0,0.0,0.0,0.0,0.0,0.0,0.0,8854.023639211891,1087.5232822953742,0.95,-1224.6999245673267,0.0,0.0
47,greedy,node-000,0.0,0.0,0.0,0.0,0.0,0.0,0.0,0.0,8777.93824831878,297.3537179189464,0.95,0.0,0.0,0.0
47,greedy,node-001,0.0,0.0,0.0,0.0,0.0,0.0,0.0,0.0,8777.93824831878,297.3537179189464,0.95,0.0,0.0,0.0
47,greedy,node-002,0.0,0.0,0.0,0.0,0.0,0.0,34.728928744863815,104.18678623459147,8777.93824831878,297.3537179189464,0.95,-88.2608697623533,0.22701150906480194,-34.728928744863815
47,greedy,node-003,11.556093256888069,0.0,11.556093256888069,11556.093256888069,0.0,11556.093256888069,0.0,0.0,8777.93824831878,297.3537179189464,0.95,-69.214898270368,0.0,0.0
47,greedy,node-004,0.0,0.0,0.0,0.0,0.0,0.0,0.0,0.0,8777.93824831878,297.3537179189464,0.95,0.0,0.0,0.0
47,greedy,node-005,1.888973896556692,0.0,1.888973896556692,1888.973896556692,0.0,1888.973896556692,0.0,0.0,8777.93824831878,297.3537179189464,0.95,-72.7548314416762,0.0,0.0
47,greedy,node-006,0.0,0.0,0.0,0.0,0.0,0.0,0.0,0.0,8777.93824831878,297.3537179189464,0.95,0.0,0.0,0.0
47,greedy,node-007,0.0,0.0,0.0,0.0,0.0,0.0,0.0,0.0,8777.93824831878,297.3537179189464,0.95,0.0,0.0,0.0
47,greedy,node-008,0.0,0.0,0.0,0.0,0.0,0.0,0.0,0.0,8777.93824831878,297.3537179189464,0.95,0.0,0.0,0.0
47,greedy,node-009,0.0,0.0,0.0,0.0,0.0,0.0,0.0,0.0,8777.93824831878,297.3537179189464,0.95,0.0,0.0,0.0
47,greedy,node-010,10.611797939397626,0.0,10.611797939397626,10611.797939397626,0.0,10611.797939397626,0.0,0.0,8777.93824831878,297.3537179189464,0.95,-74.54589580086525,0.0,0.0
47,greedy,node-011,0.0,0.0,0.0,0.0,0.0,0.0,11.423676561026207,34.27102968307862,8777.93824831878,297.3537179189464,0.95,-27.830595582878303,6.057465996726679,-11.423676561026207
47,greedy,node-012,0.0,0.0,0.0,0.0,0.0,0.0,0.0,0.0,8777.93824831878,297.3537179189464,0.95,-56.28229761933464,0.0,0.0
47,greedy,node-013,0.0,0.0,0.0,0.0,0.0,0.0,0.0,0.0,8777.93824831878,297.3537179189464,0.95,0.0,0.0,0.0
47,greedy,node-014,0.0,0.0,0.0,0.0,0.0,0.0,0.0,0.0,8777.93824831878,297.3537179189464,0.95,0.0,0.0,0.0
47,greedy,node-015,0.0,0.0,0.0,0.0,0.0,0.0,0.0,0.0,8777.93824831878,297.3537179189464,0.95,-64.63219931441431,0.0,0.0
47,greedy,node-016,7.7904307386895795,0.0,7.7904307386895795,0.049028518926982755,0.0,0.049028518926982755,52.965300667092144,158.89590200127645,8777.93824831878,297.3537179189464,0.95,-112.68466310275394,-8.014282951211278,-52.965300667092144
47,greedy,node-017,0.0,0.0,0.0,0.0,0.0,0.0,0.0,0.0,8777.93824831878,297.3537179189464,0.95,0.0,0.0,0.0
47,greedy,node-018,0.0,0.0,0.0,0.0,0.0,0.0,0.0,0.0,8777.93824831878,297.3537179189464,0.95,0.0,0.0,0.0
47,greedy,node-019,0.0,0.0,0.0,0.0,0.0,0.0,0.0,0.0,8777.93824831878,297.3537179189464,0.95,0.0,0.0,0.0
47,greedy,node-020,0.0,0.0,0.0,0.0,0.0,0.0,0.0,0.0,8777.93824831878,297.3537179189464,0.95,0.0,0.0,0.0
47,greedy,node-021,0.0,0.0,0.0,0.0,0.0,0.0,0.0,0.0,8777.93824831878,297.3537179189464,0.95,0.0,0.0,0.0
47,greedy,node-022,0.0,0.0,0.0,0.0,0.0,0.0,0.0,0.0,8777.93824831878,297.3537179189464,0.95,0.0,0.0,0.0
47,greedy,node-023,0.0,0.0,0.0,0.0,0.0,0.0,0.0,0.0,8777.93824831878,297.3537179189464,0.95,-22.434919514958544,0.0,0.0
47,greedy,node-024,0.0,0.0,0.0,0.0,0.0,0.0,0.0,0.0,8777.93824831878,297.3537179189464,0.95,0.0,0.0,0.0
47,greedy,node-025,0.0,0.0,0.0,0.0,0.0,0.0,0.0,0.0,8777.93824831878,297.3537179189464,0.95,0.0,0.0,0.0
47,greedy,node-026,0.0,0.0,0.0,0.0,0.0,0.0,0.0,0.0,8777.93824831878,297.3537179189464,0.95,0.0,0.0,0.0
47,greedy,node-027,0.0,0.0,0.0,0.0,0.0,0.0,0.0,0.0,8777.93824831878,297.3537179189464,0.95,0.0,0.0,0.0
47,greedy,node-028,0.0,0.0,0.0,0.0,0.0,0.0,0.0,0.0,8777.93824831878,297.3537179189464,0.95,-44.690558998624184,0.0,0.0
47,greedy,node-029,0.0,0.0,0.0,0.0,0.0,0.0,0.0,0.0,8777.93824831878,297.3537179189464,0.95,0.0,0.0,0.0
47,trust_vcg,node-000,0.0,0.0,0.0,0.0,0.0,0.0,0.0,0.0,8669.157293820528,154.94462653656745,0.8947368421052632,-3369.550740832874,0.0,0.0
47,trust_vcg,node-001,0.0,0.0,0.0,0.0,0.0,0.0,0.0,0.0,8669.157293820528,154.94462653656745,0.8947368421052632,0.0,0.0,0.0
47,trust_vcg,node-002,372.4923344769071,254.23683770759772,372.74434680318564,0.5130713648681272,0.3501861092136932,0.5134184869327703,608.5710382779879,726.0049185801811,8669.157293820528,154.94462653656745,0.8947368421052632,-11672.695091056457,207.58090839996612,-608.5710382779879
47,trust_vcg,node-003,265.38903687063396,175.26847620462024,334.4413201467768,0.9994630875517907,0.6600663480434479,1.2595160613274805,188.41217532731469,265.53160409426516,8669.157293820528,154.94462653656745,0.8947368421052632,-5734.119166275497,44.908708193540406,-188.41217532731469
47,trust_vcg,node-004,0.0,0.0,0.0,0.0,0.0,0.0,0.0,0.0,8669.157293820528,154.94462653656745,0.8947368421052632,0.0,0.0,0.0
47,trust_vcg,node-005,0.0,0.0,224.85031002836854,0.0,0.0,224850.31002836855,0.0,0.0,8669.157293820528,154.94462653656745,0.8947368421052632,-10525.667807225975,0.0,0.0
47,trust_vcg,node-006,0.0,0.0,0.0,0.0,0.0,0.0,0.0,0.0,8669.157293820528,154.94462653656745,0.8947368421052632,0.0,0.0,0.0
47,trust_vcg,node-007,0.0,0.0,0.0,0.0,0.0,0.0,0.0,0.0,8669.157293820528,154.94462653656745,0.8947368421052632,0.0,0.0,0.0
47,trust_vcg,node-008,0.0,0.0,0.0,0.0,0.0,0.0,0.0,0.0,8669.157293820528,154.94462653656745,0.8947368421052632,0.0,0.0,0.0
47,trust_vcg,node-009,0.0,0.0,0.0,0.0,0.0,0.0,0.0,0.0,8669.157293820528,154.94462653656745,0.8947368421052632,-2253.708815010029,0.0,0.0
47,trust_vcg,node-010,472.5166142984412,593.7206108049896,986.0843325332642,472516.6142984412,593720.6108049896,986084.3325332642,0.0,0.0,8669.157293820528,154.94462653656745,0.8947368421052632,-11074.545895800866,265.910789335288,0.0
47,trust_vcg,node-011,867.4383716509208,867.4383716509208,922.5783840975605,867438.3716509207,867438.3716509207,922578.3840975604,-867.4383716509208,-836.5918961378786,8669.157293820528,154.94462653656745,0.8947368421052632,-4571.307120687649,88.80992127658669,867.4383716509208
47,trust_vcg,node-012,0.0,221.66958789456226,221.66958789456226,0.0,221669.58789456225,221669.58789456225,0.0,0.0,8669.157293820528,154.94462653656745,0.8947368421052632,-5464.478344843168,0.0,0.0
47,trust_vcg,node-013,0.0,0.0,0.0,0.0,0.0,0.0,0.0,0.0,8669.157293820528,154.94462653656745,0.8947368421052632,0.0,0.0,0.0
47,trust_vcg,node-014,0.0,0.0,0.0,0.0,0.0,0.0,0.0,0.0,8669.157293820528,154.94462653656745,0.8947368421052632,0.0,0.0,0.0
47,trust_vcg,node-015,0.0,0.0,227.50078814225424,0.0,0.0,227500.78814225423,0.0,0.0,8669.157293820528,154.94462653656745,0.8947368421052632,-5551.668632308717,0.0,0.0
47,trust_vcg,node-016,46.9184975937281,514.2157395941156,517.4152266049298,46918.4975937281,514215.7395941156,517415.2266049298,0.0,0.0,8669.157293820528,154.94462653656745,0.8947368421052632,-5534.830453209859,0.0,0.0
47,trust_vcg,node-017,0.0,0.0,0.0,0.0,0.0,0.0,0.0,0.0,8669.157293820528,154.94462653656745,0.8947368421052632,0.0,0.0,0.0
47,trust_vcg,node-018,0.0,0.0,0.0,0.0,0.0,0.0,0.0,0.0,8669.157293820528,154.94462653656745,0.8947368421052632,0.0,0.0,0.0
47,trust_vcg,node-019,0.0,0.0,0.0,0.0,0.0,0.0,0.0,0.0,8669.157293820528,154.94462653656745,0.8947368421052632,0.0,0.0,0.0
47,trust_vcg,node-020,0.0,0.0,0.0,0.0,0.0,0.0,0.0,0.0,8669.157293820528,154.94462653656745,0.8947368421052632,0.0,0.0,0.0
47,trust_vcg,node-021,0.0,0.0,0.0,0.0,0.0,0.0,0.0,0.0,8669.157293820528,154.94462653656745,0.8947368421052632,0.0,0.0,0.0
47,trust_vcg,node-022,0.0,0.0,0.0,0.0,0.0,0.0,0.0,0.0,8669.157293820528,154.94462653656745,0.8947368421052632,0.0,0.0,0.0
47,trust_vcg,node-023,0.0,0.0,271.3682512908922,0.0,0.0,271368.2512908922,0.0,0.0,8669.157293820528,154.94462653656745,0.8947368421052632,-5529.5972546411,0.0,0.0
47,trust_vcg,node-024,0.0,0.0,0.0,0.0,0.0,0.0,0.0,0.0,8669.157293820528,154.94462653656745,0.8947368421052632,0.0,0.0,0.0
47,trust_vcg,node-025,0.0,0.0,0.0,0.0,0.0,0.0,0.0,0.0,8669.157293820528,154.94462653656745,0.8947368421052632,0.0,0.0,0.0
47,trust_vcg,node-026,0.0,0.0,0.0,0.0,0.0,0.0,0.0,0.0,8669.157293820528,154.94462653656745,0.8947368421052632,0.0,0.0,0.0
47,trust_vcg,node-027,0.0,0.0,41.35167645155357,0.0,0.0,41351.67645155357,0.0,0.0,8669.157293820528,154.94462653656745,0.8947368421052632,-4923.29839498859,0.0,0.0
47,trust_vcg,node-028,0.0,0.0,288.4757509595009,0.0,0.0,288475.7509595009,0.0,0.0,8669.157293820528,154.94462653656745,0.8947368421052632,-11111.524249040496,0.0,0.0
47,trust_vcg,node-029,0.0,0.0,0.0,0.0,0.0,0.0,0.0,0.0,8669.157293820528,154.94462653656745,0.8947368421052632,0.0,0.0,0.0
47,contingent,node-000,0.0,0.0,0.0,0.0,0.0,0.0,0.0,0.0,8669.157293820528,319.1281135731573,0.8947368421052632,-278.202963331496,0.0,0.0
47,contingent,node-001,0.0,0.0,0.0,0.0,0.0,0.0,0.0,0.0,8669.157293820528,319.1281135731573,0.8947368421052632,0.0,0.0,0.0
47,contingent,node-002,0.0,54.090935834489095,57.25428876750215,0.0,0.30707172237572694,0.3250299295806255,58.71694015109656,176.1508204532897,8669.157293820528,319.1281135731573,0.8947368421052632,-315.21315126497274,7.633963626551143,-58.71694015109656
47,contingent,node-003,0.0,25.120937148459717,45.234291272531024,0.0,0.2171604704557086,0.3910323852737195,38.55971438347525,115.67914315042574,8669.157293820528,319.1281135731573,0.8947368421052632,-221.3876781762067,-5.0421121210727335,-38.55971438347525
47,contingent,node-004,0.0,0.0,0.0,0.0,0.0,0.0,0.0,0.0,8669.157293820528,319.1281135731573,0.8947368421052632,0.0,0.0,0.0
47,contingent,node-005,0.0,22.700839286206737,74.85031002836853,0.0,22700.839286206738,74850.31002836852,0.0,0.0,8669.157293820528,319.1281135731573,0.8947368421052632,-302.6712289039048,0.0,0.0
47,contingent,node-006,0.0,0.0,0.0,0.0,0.0,0.0,0.0,0.0,8669.157293820528,319.1281135731573,0.8947368421052632,0.0,0.0,0.0
47,contingent,node-007,0.0,0.0,0.0,0.0,0.0,0.0,0.0,0.0,8669.157293820528,319.1281135731573,0.8947368421052632,0.0,0.0,0.0
47,contingent,node-008,0.0,0.0,0.0,0.0,0.0,0.0,0.0,0.0,8669.157293820528,319.1281135731573,0.8947368421052632,0.0,0.0,0.0
47,contingent,node-009,0.0,0.0,0.0,0.0,0.0,0.0,0.0,0.0,8669.157293820528,319.1281135731573,0.8947368421052632,-214.83526004011634,0.0,0.0
47,contingent,node-010,9.863540559468086,93.72061080498962,93.72061080498962,9863.540559468087,93720.61080498961,93720.61080498961,0.0,0.0,8669.157293820528,319.1281135731573,0.8947368421052632,-298.1835832034611,17.39641909527362,0.0
47,contingent,node-011,3.5483255436001606,5.773623559246063,19.12453978320122,0.12998410322942142,0.21150237527851443,0.7005800687815706,-3.5483255436001606,27.29814996944188,8669.157293820528,319.1281135731573,0.8947368421052632,-62.07935054380823,2.1901859193921105,3.5483255436001606
47,contingent,node-012,0.0,22.069327776738362,22.069327776738362,0.0,22069.327776738362,22069.327776738362,0.0,0.0,8669.157293820528,319.1281135731573,0.8947368421052632,-106.8159235089418,0.0,0.0
47,contingent,node-013,0.0,0.0,0.0,0.0,0.0,0.0,0.0,0.0,8669.157293820528,319.1281135731573,0.8947368421052632,0.0,0.0,0.0
47,contingent,node-014,0.0,0.0,0.0,0.0,0.0,0.0,0.0,0.0,8669.157293820528,319.1281135731573,0.8947368421052632,0.0,0.0,0.0
47,contingent,node-015,0.0,23.18641481115876,77.50078814225425,0.0,23186.41481115876,77500.78814225426,0.0,0.0,8669.157293820528,319.1281135731573,0.8947368421052632,-206.67452923486616,0.0,0.0
47,contingent,node-016,0.0,64.2157395941155,86.79390200825958,0.0,64215.739594115505,86793.90200825958,0.0,0.0,8669.157293820528,319.1281135731573,0.8947368421052632,-139.3218128394391,0.0,0.0
47,contingent,node-017,0.0,0.0,0.0,0.0,0.0,0.0,0.0,0.0,8669.157293820528,319.1281135731573,0.8947368421052632,0.0,0.0,0.0
47,contingent,node-018,0.0,0.0,0.0,0.0,0.0,0.0,0.0,0.0,8669.157293820528,319.1281135731573,0.8947368421052632,0.0,0.0,0.0
47,contingent,node-019,0.0,0.0,0.0,0.0,0.0,0.0,0.0,0.0,8669.157293820528,319.1281135731573,0.8947368421052632,0.0,0.0,0.0
47,contingent,node-020,0.0,0.0,0.0,0.0,0.0,0.0,0.0,0.0,8669.157293820528,319.1281135731573,0.8947368421052632,0.0,0.0,0.0
47,contingent,node-021,0.0,0.0,0.0,0.0,0.0,0.0,0.0,0.0,8669.157293820528,319.1281135731573,0.8947368421052632,0.0,0.0,0.0
47,contingent,node-022,0.0,0.0,0.0,0.0,0.0,0.0,0.0,0.0,8669.157293820528,319.1281135731573,0.8947368421052632,0.0,0.0,0.0
47,contingent,node-023,0.0,0.0,0.0,0.0,0.0,0.0,0.0,0.0,8669.157293820528,319.1281135731573,0.8947368421052632,-118.3890185644002,0.0,0.0
47,contingent,node-024,0.0,0.0,0.0,0.0,0.0,0.0,0.0,0.0,8669.157293820528,319.1281135731573,0.8947368421052632,0.0,0.0,0.0
47,contingent,node-025,0.0,0.0,0.0,0.0,0.0,0.0,0.0,0.0,8669.157293820528,319.1281135731573,0.8947368421052632,0.0,0.0,0.0
47,contingent,node-026,0.0,0.0,0.0,0.0,0.0,0.0,0.0,0.0,8669.157293820528,319.1281135731573,0.8947368421052632,0.0,0.0,0.0
47,contingent,node-027,0.0,0.0,0.0,0.0,0.0,0.0,0.0,0.0,8669.157293820528,319.1281135731573,0.8947368421052632,-119.04451261541134,0.0,0.0
47,contingent,node-028,0.0,0.0,11.145126495816621,0.0,0.0,11145.126495816621,0.0,0.0,8669.157293820528,319.1281135731573,0.8947368421052632,-446.0969961619963,0.0,0.0
47,contingent,node-029,0.0,0.0,0.0,0.0,0.0,0.0,0.0,0.0,8669.157293820528,319.1281135731573,0.8947368421052632,0.0,0.0,0.0
47,capped,node-000,0.0,0.0,0.0,0.0,0.0,0.0,0.0,0.0,8669.157293820528,338.0996768732785,0.8947368421052632,-69.550740832874,0.0,0.0
47,capped,node-001,0.0,0.0,0.0,0.0,0.0,0.0,0.0,0.0,8669.157293820528,338.0996768732785,0.8947368421052632,0.0,0.0,0.0
47,capped,node-002,0.0,54.090935834489095,57.25428876750215,0.0,0.30707172237572694,0.3250299295806255,58.71694015109656,176.1508204532897,8669.157293820528,338.0996768732785,0.8947368421052632,-122.8409929295656,7.633963626551143,-58.71694015109656
47,capped,node-003,0.0,25.120937148459717,45.234291272531024,0.0,0.2171604704557086,0.3910323852737195,38.55971438347525,115.67914315042574,8669.157293820528,338.0996768732785,0.8947368421052632,-84.26670533165812,-5.0421121210727335,-38.55971438347525
47,capped,node-004,0.0,0.0,0.0,0.0,0.0,0.0,0.0,0.0,8669.157293820528,338.0996768732785,0.8947368421052632,0.0,0.0,0.0
47,capped,node-005,0.0,52.80698895264109,74.85031002836853,0.0,52806.98895264109,74850.31002836852,0.0,0.0,8669.157293820528,338.0996768732785,0.8947368421052632,-75.66780722597622,0.0,0.0
47,capped,node-006,0.0,0.0,0.0,0.0,0.0,0.0,0.0,0.0,8669.157293820528,338.0996768732785,0.8947368421052632,0.0,0.0,0.0
47,capped,node-007,0.0,0.0,0.0,0.0,0.0,0.0,0.0,0.0,8669.157293820528,338.0996768732785,0.8947368421052632,0.0,0.0,0.0
47,capped,node-008,0.0,0.0,0.0,0.0,0.0,0.0,0.0,0.0,8669.157293820528,338.0996768732785,0.8947368421052632,0.0,0.0,0.0
47,capped,node-009,0.0,0.0,0.0,0.0,0.0,0.0,0.0,0.0,8669.157293820528,338.0996768732785,0.8947368421052632,-53.70881501002909,0.0,0.0
47,capped,node-010,9.863540559468086,93.72061080498962,93.72061080498962,9863.540559468087,93720.61080498961,93720.61080498961,0.0,0.0,8669.157293820528,338.0996768732785,0.8947368421052632,-74.54589580086525,17.39641909527362,0.0
47,capped,node-011,0.0,17.390600287183172,37.58879079033164,0.0,0.37585277837939357,0.8123843467830205,15.423237756521022,46.26971326956306,8669.157293820528,338.0996768732785,0.8947368421052632,-31.830156778373116,0.29302958937999435,-15.423237756521022
47,capped,node-012,0.0,22.069327776738362,22.069327776738362,0.0,22069.327776738362,22069.327776738362,0.0,0.0,8669.157293820528,338.0996768732785,0.8947368421052632,-26.70398087723544,0.0,0.0
47,capped,node-013,0.0,0.0,0.0,0.0,0.0,0.0,0.0,0.0,8669.157293820528,338.0996768732785,0.8947368421052632,0.0,0.0,0.0
47,capped,node-014,0.0,0.0,0.0,0.0,0.0,0.0,0.0,0.0,8669.157293820528,338.0996768732785,0.8947368421052632,0.0,0.0,0.0
47,capped,node-015,0.0,54.8360395734957,77.50078814225425,0.0,54836.0395734957,77500.78814225426,0.0,0.0,8669.157293820528,338.0996768732785,0.8947368421052632,-51.668632308716525,0.0,0.0
47,capped,node-016,0.0,64.2157395941155,86.79390200825958,0.0,64215.739594115505,86793.90200825958,0.0,0.0,8669.157293820528,338.0996768732785,0.8947368421052632,-34.830453209859776,0.0,0.0
47,capped,node-017,0.0,0.0,0.0,0.0,0.0,0.0,0.0,0.0,8669.157293820528,338.0996768732785,0.8947368421052632,0.0,0.0,0.0
47,capped,node-018,0.0,0.0,0.0,0.0,0.0,0.0,0.0,0.0,8669.157293820528,338.0996768732785,0.8947368421052632,0.0,0.0,0.0
47,capped,node-019,0.0,0.0,0.0,0.0,0.0,0.0,0.0,0.0,8669.157293820528,338.0996768732785,0.8947368421052632,0.0,0.0,0.0
47,capped,node-020,0.0,0.0,0.0,0.0,0.0,0.0,0.0,0.0,8669.157293820528,338.0996768732785,0.8947368421052632,0.0,0.0,0.0
47,capped,node-021,0.0,0.0,0.0,0.0,0.0,0.0,0.0,0.0,8669.157293820528,338.0996768732785,0.8947368421052632,0.0,0.0,0.0
47,capped,node-022,0.0,0.0,0.0,0.0,0.0,0.0,0.0,0.0,8669.157293820528,338.0996768732785,0.8947368421052632,0.0,0.0,0.0
47,capped,node-023,0.0,0.0,13.688385399397049,0.0,0.0,13688.385399397048,0.0,0.0,8669.157293820528,338.0996768732785,0.8947368421052632,-29.59725464110005,0.0,0.0
47,capped,node-024,0.0,0.0,0.0,0.0,0.0,0.0,0.0,0.0,8669.157293820528,338.0996768732785,0.8947368421052632,0.0,0.0,0.0
47,capped,node-025,0.0,0.0,0.0,0.0,0.0,0.0,0.0,0.0,8669.157293820528,338.0996768732785,0.8947368421052632,0.0,0.0,0.0
47,capped,node-026,0.0,0.0,0.0,0.0,0.0,0.0,0.0,0.0,8669.157293820528,338.0996768732785,0.8947368421052632,0.0,0.0,0.0
47,capped,node-027,0.0,0.0,0.0,0.0,0.0,0.0,0.0,0.0,8669.157293820528,338.0996768732785,0.8947368421052632,-29.76112815385284,0.0,0.0
47,capped,node-028,10.708256054064119,0.0,11.980054822095164,10708.256054064119,0.0,11980.054822095164,0.0,0.0,8669.157293820528,338.0996768732785,0.8947368421052632,-111.52424904049906,0.0,0.0
47,capped,node-029,0.0,0.0,0.0,0.0,0.0,0.0,0.0,0.0,8669.157293820528,338.0996768732785,0.8947368421052632,0.0,0.0,0.0
47,proper_scoring,node-000,0.0,0.0,52.17153183811825,0.0,0.0,52171.531838118244,0.0,0.0,8669.157293820528,1154.9446265365675,0.8947368421052632,-277.13856084290717,0.0,0.0
47,proper_scoring,node-001,0.0,0.0,0.0,0.0,0.0,0.0,0.0,0.0,8669.157293820528,1154.9446265365675,0.8947368421052632,0.0,0.0,0.0
47,proper_scoring,node-002,372.4923344769071,254.23683770759772,372.74434680318564,0.5130713648681272,0.3501861092136932,0.5134184869327703,608.5710382779879,726.0049185801811,8669.157293820528,1154.9446265365675,0.8947368421052632,-865.0672493918642,207.58090839996612,-608.5710382779879
47,proper_scoring,node-003,265.38903687063396,175.26847620462024,334.4413201467768,0.9994630875517907,0.6600663480434479,1.2595160613274805,188.41217532731469,265.53160409426516,8669.157293820528,1154.9446265365675,0.8947368421052632,-371.24013912004614,44.908708193540406,-188.41217532731469
47,proper_scoring,node-004,0.0,0.0,0.0,0.0,0.0,0.0,0.0,0.0,8669.157293820528,1154.9446265365675,0.8947368421052632,0.0,0.0,0.0
47,proper_scoring,node-005,315.18176023250214,172.7008392862067,750.4395209132891,315181.7602325021,172700.8392862067,750439.5209132892,0.0,0.0,8669.157293820528,1154.9446265365675,0.8947368421052632,-302.6712289039048,0.0,0.0
47,proper_scoring,node-006,0.0,0.0,0.0,0.0,0.0,0.0,0.0,0.0,8669.157293820528,1154.9446265365675,0.8947368421052632,0.0,0.0,0.0
47,proper_scoring,node-007,0.0,0.0,0.0,0.0,0.0,0.0,0.0,0.0,8669.157293820528,1154.9446265365675,0.8947368421052632,0.0,0.0,0.0
47,proper_scoring,node-008,0.0,0.0,0.0,0.0,0.0,0.0,0.0,0.0,8669.157293820528,1154.9446265365675,0.8947368421052632,0.0,0.0,0.0
47,proper_scoring,node-009,0.0,0.0,63.37276386726917,0.0,0.0,63372.76386726917,0.0,0.0,8669.157293820528,1154.9446265365675,0.8947368421052632,-214.83526004011634,0.0,0.0
47,proper_scoring,node-010,472.5166142984412,593.7206108049896,986.0843325332642,472516.6142984412,593720.6108049896,986084.3325332642,0.0,0.0,8669.157293820528,1154.9446265365675,0.8947368421052632,-298.1835832034611,265.910789335288,0.0
47,proper_scoring,node-011,145.54630352026277,218.56510353396908,218.56510353396908,0.8906920775671578,1.3375413970802053,1.3375413970802053,132.56162834907929,163.40810386212135,8669.157293820528,1154.9446265365675,0.8947368421052632,-198.18930443648767,88.80992127658669,-132.56162834907929
47,proper_scoring,node-012,324.8844087329396,221.66958789456226,414.3839782166079,324884.4087329396,221669.58789456225,414383.9782166079,0.0,0.0,8669.157293820528,1154.9446265365675,0.8947368421052632,-106.8159235089418,0.0,0.0
47,proper_scoring,node-013,0.0,0.0,0.0,0.0,0.0,0.0,0.0,0.0,8669.157293820528,1154.9446265365675,0.8947368421052632,0.0,0.0,0.0
47,proper_scoring,node-014,0.0,0.0,0.0,0.0,0.0,0.0,0.0,0.0,8669.157293820528,1154.9446265365675,0.8947368421052632,0.0,0.0,0.0
47,proper_scoring,node-015,0.0,173.18641481115876,330.33317487582156,0.0,173186.41481115876,330333.17487582157,0.0,0.0,8669.157293820528,1154.9446265365675,0.8947368421052632,-206.67452923486616,0.0,0.0
47,proper_scoring,node-016,46.9184975937281,514.2157395941156,517.4152266049298,46918.4975937281,514215.7395941156,517415.2266049298,0.0,0.0,8669.157293820528,1154.9446265365675,0.8947368421052632,-139.3218128394391,0.0,0.0
47,proper_scoring,node-017,0.0,0.0,0.0,0.0,0.0,0.0,0.0,0.0,8669.157293820528,1154.9446265365675,0.8947368421052632,0.0,0.0,0.0
47,proper_scoring,node-018,0.0,0.0,0.0,0.0,0.0,0.0,0.0,0.0,8669.157293820528,1154.9446265365675,0.8947368421052632,0.0,0.0,0.0
47,proper_scoring,node-019,0.0,0.0,0.0,0.0,0.0,0.0,0.0,0.0,8669.157293820528,1154.9446265365675,0.8947368421052632,0.0,0.0,0.0
47,proper_scoring,node-020,0.0,0.0,0.0,0.0,0.0,0.0,0.0,0.0,8669.157293820528,1154.9446265365675,0.8947368421052632,0.0,0.0,0.0
47,proper_scoring,node-021,0.0,0.0,0.0,0.0,0.0,0.0,0.0,0.0,8669.157293820528,1154.9446265365675,0.8947368421052632,0.0,0.0,0.0
47,proper_scoring,node-022,0.0,0.0,0.0,0.0,0.0,0.0,0.0,0.0,8669.157293820528,1154.9446265365675,0.8947368421052632,0.0,0.0,0.0
47,proper_scoring,node-023,392.0160562611479,0.0,410.86998051498364,392016.0562611479,0.0,410869.98051498365,0.0,0.0,8669.157293820528,1154.9446265365675,0.8947368421052632,-118.3890185644002,0.0,0.0
47,proper_scoring,node-024,0.0,0.0,0.0,0.0,0.0,0.0,0.0,0.0,8669.157293820528,1154.9446265365675,0.8947368421052632,0.0,0.0,0.0
47,proper_scoring,node-025,0.0,0.0,0.0,0.0,0.0,0.0,0.0,0.0,8669.157293820528,1154.9446265365675,0.8947368421052632,0.0,0.0,0.0
47,proper_scoring,node-026,0.0,0.0,0.0,0.0,0.0,0.0,0.0,0.0,8669.157293820528,1154.9446265365675,0.8947368421052632,0.0,0.0,0.0
47,proper_scoring,node-027,0.0,0.0,300.16565862646564,0.0,0.0,300165.65862646565,0.0,0.0,8669.157293820528,1154.9446265365675,0.8947368421052632,-119.04451261541134,0.0,0.0
47,proper_scoring,node-028,413.09847442970386,0.0,830.5754639393771,413098.47442970384,0.0,830575.4639393771,0.0,0.0,8669.157293820528,1154.9446265365675,0.8947368421052632,-439.2302592257856,0.0,0.0
47,proper_scoring,node-029,0.0,0.0,0.0,0.0,0.0,0.0,0.0,0.0,8669.157293820528,1154.9446265365675,0.8947368421052632,0.0,0.0,0.0
47,audits,node-000,0.0,0.0,30.449259167125994,0.0,0.0,30449.259167125994,0.0,0.0,8669.157293820528,1154.9446265365675,0.8947368421052632,-369.55074083287406,0.0,0.0
47,audits,node-001,0.0,0.0,0.0,0.0,0.0,0.0,0.0,0.0,8669.157293820528,1154.9446265365675,0.8947368421052632,0.0,0.0,0.0
47,audits,node-002,372.4923344769071,254.23683770759772,372.74434680318564,0.5130713648681272,0.3501861092136932,0.5134184869327703,608.5710382779879,726.0049185801811,8669.157293820528,1154.9446265365675,0.8947368421052632,-2172.695091056457,207.58090839996612,-608.5710382779879
47,audits,node-003,265.38903687063396,175.26847620462024,334.4413201467768,0.9994630875517907,0.6600663480434479,1.2595160613274805,188.41217532731469,265.53160409426516,8669.157293820528,1154.9446265365675,0.8947368421052632,-1234.1191662754977,44.908708193540406,-188.41217532731469
47,audits,node-004,0.0,0.0,0.0,0.0,0.0,0.0,0.0,0.0,8669.157293820528,1154.9446265365675,0.8947368421052632,0.0,0.0,0.0
47,audits,node-005,285.19807539081165,152.80698895264106,674.3321927740238,285198.07539081166,152806.98895264106,674332.1927740239,0.0,0.0,8669.157293820528,1154.9446265365675,0.8947368421052632,-1525.6678072259763,0.0,0.0
47,audits,node-006,0.0,0.0,0.0,0.0,0.0,0.0,0.0,0.0,8669.157293820528,1154.9446265365675,0.8947368421052632,0.0,0.0,0.0
47,audits,node-007,0.0,0.0,0.0,0.0,0.0,0.0,0.0,0.0,8669.157293820528,1154.9446265365675,0.8947368421052632,0.0,0.0,0.0
47,audits,node-008,0.0,0.0,0.0,0.0,0.0,0.0,0.0,0.0,8669.157293820528,1154.9446265365675,0.8947368421052632,0.0,0.0,0.0
47,audits,node-009,0.0,0.0,46.291184989970915,0.0,0.0,46291.18498997091,0.0,0.0,8669.157293820528,1154.9446265365675,0.8947368421052632,-253.70881501002907,0.0,0.0
47,audits,node-010,472.5166142984412,593.7206108049896,986.0843325332642,472516.6142984412,593720.6108049896,986084.3325332642,0.0,0.0,8669.157293820528,1154.9446265365675,0.8947368421052632,-1574.5458958008653,265.910789335288,0.0
47,audits,node-011,137.3851531269143,122.45207156701221,161.99553165969252,0.8407487136796814,0.749363517921568,0.991355556003387,132.56162834907929,163.40810386212135,8669.157293820528,1154.9446265365675,0.8947368421052632,-571.3071206876484,88.80992127658669,-132.56162834907929
47,audits,node-012,323.8550987928167,221.66958789456226,378.6191679912751,323855.0987928167,221669.58789456225,378619.1679912751,0.0,0.0,8669.157293820528,1154.9446265365675,0.8947368421052632,-464.4783448431679,0.0,0.0
47,audits,node-013,0.0,0.0,0.0,0.0,0.0,0.0,0.0,0.0,8669.157293820528,1154.9446265365675,0.8947368421052632,0.0,0.0,0.0
47,audits,node-014,0.0,0.0,0.0,0.0,0.0,0.0,0.0,0.0,8669.157293820528,1154.9446265365675,0.8947368421052632,0.0,0.0,0.0
47,audits,node-015,0.0,154.83603957349567,273.9999580053268,0.0,154836.03957349565,273999.9580053268,0.0,0.0,8669.157293820528,1154.9446265365675,0.8947368421052632,-1051.6686323087165,0.0,0.0
47,audits,node-016,46.9184975937281,514.2157395941156,517.4152266049298,46918.4975937281,514215.7395941156,517415.2266049298,0.0,0.0,8669.157293820528,1154.9446265365675,0.8947368421052632,-1034.8304532098596,0.0,0.0
47,audits,node-017,0.0,0.0,0.0,0.0,0.0,0.0,0.0,0.0,8669.157293820528,1154.9446265365675,0.8947368421052632,0.0,0.0,0.0
47,audits,node-018,0.0,0.0,0.0,0.0,0.0,0.0,0.0,0.0,8669.157293820528,1154.9446265365675,0.8947368421052632,0.0,0.0,0.0
47,audits,node-019,0.0,0.0,0.0,0.0,0.0,0.0,0.0,0.0,8669.157293820528,1154.9446265365675,0.8947368421052632,0.0,0.0,0.0
47,audits,node-020,0.0,0.0,0.0,0.0,0.0,0.0,0.0,0.0,8669.157293820528,1154.9446265365675,0.8947368421052632,0.0,0.0,0.0
47,audits,node-021,0.0,0.0,0.0,0.0,0.0,0.0,0.0,0.0,8669.157293820528,1154.9446265365675,0.8947368421052632,0.0,0.0,0.0
47,audits,node-022,0.0,0.0,0.0,0.0,0.0,0.0,0.0,0.0,8669.157293820528,1154.9446265365675,0.8947368421052632,0.0,0.0,0.0
47,audits,node-023,378.4013444721277,0.0,378.4013444721277,378401.3444721277,0.0,378401.3444721277,0.0,0.0,8669.157293820528,1154.9446265365675,0.8947368421052632,-529.5972546411001,0.0,0.0
47,audits,node-024,0.0,0.0,0.0,0.0,0.0,0.0,0.0,0.0,8669.157293820528,1154.9446265365675,0.8947368421052632,0.0,0.0,0.0
47,audits,node-025,0.0,0.0,0.0,0.0,0.0,0.0,0.0,0.0,8669.157293820528,1154.9446265365675,0.8947368421052632,0.0,0.0,0.0
47,audits,node-026,0.0,0.0,0.0,0.0,0.0,0.0,0.0,0.0,8669.157293820528,1154.9446265365675,0.8947368421052632,0.0,0.0,0.0
47,audits,node-027,0.0,0.0,232.07487995823953,0.0,0.0,232074.87995823953,0.0,0.0,8669.157293820528,1154.9446265365675,0.8947368421052632,-423.2983949885904,0.0,0.0
47,audits,node-028,381.3963996819017,0.0,788.4757509595009,381396.3996819017,0.0,788475.7509595009,0.0,0.0,8669.157293820528,1154.9446265365675,0.8947368421052632,-1611.5242490404985,0.0,0.0
47,audits,node-029,0.0,0.0,0.0,0.0,0.0,0.0,0.0,0.0,8669.157293820528,1154.9446265365675,0.8947368421052632,0.0,0.0,0.0
42,greedy,node-000,0.0,0.0,0.0,0.0,0.0,0.0,0.0,0.0,6529.175139076804,332.9887799614134,0.95,0.0,0.0,0.0
42,greedy,node-001,0.0,0.0,0.0,0.0,0.0,0.0,0.0,0.0,6529.175139076804,332.9887799614134,0.95,0.0,0.0,0.0
42,greedy,node-002,0.0,0.0,0.0,0.0,0.0,0.0,39.81358752255631,119.44076256766893,6529.175139076804,332.9887799614134,0.95,-87.00032219319098,-8.66252267895625,-39.81358752255631
42,greedy,node-003,0.0,0.0,0.0,0.0,0.0,0.0,0.0,0.0,6529.175139076804,332.9887799614134,0.95,-35.3444802565517,0.0,0.0
42,greedy,node-004,0.0,0.0,0.0,0.0,0.0,0.0,0.0,0.0,6529.175139076804,332.9887799614134,0.95,0.0,0.0,0.0
42,greedy,node-005,0.0,0.0,0.0,0.0,0.0,0.0,0.0,0.0,6529.175139076804,332.9887799614134,0.95,0.0,0.0,0.0
42,greedy,node-006,0.0,0.0,0.0,0.0,0.0,0.0,0.0,0.0,6529.175139076804,332.9887799614134,0.95,0.0,0.0,0.0
42,greedy,node-007,0.0,0.0,0.0,0.0,0.0,0.0,0.0,0.0,6529.175139076804,332.9887799614134,0.95,0.0,0.0,0.0
42,greedy,node-008,0.0,0.0,0.0,0.0,0.0,0.0,0.0,0.0,6529.175139076804,332.9887799614134,0.95,-38.11197745314418,0.0,0.0
42,greedy,node-009,0.0,0.0,0.0,0.0,0.0,0.0,0.0,0.0,6529.175139076804,332.9887799614134,0.95,0.0,0.0,0.0
42,greedy,node-010,0.0,0.0,0.0,0.0,0.0,0.0,0.0,0.0,6529.175139076804,332.9887799614134,0.95,0.0,0.0,0.0
42,greedy,node-011,0.0,0.0,0.0,0.0,0.0,0.0,0.0,0.0,6529.175139076804,332.9887799614134,0.95,-37.08144640624654,0.0,0.0
42,greedy,node-012,0.0,0.0,0.0,0.0,0.0,0.0,0.0,0.0,6529.175139076804,332.9887799614134,0.95,0.0,0.0,0.0
42,greedy,node-013,0.0,0.0,0.0,0.0,0.0,0.0,0.0,0.0,6529.175139076804,332.9887799614134,0.95,0.0,0.0,0.0
42,greedy,node-014,0.0,0.0,0.0,0.0,0.0,0.0,0.0,0.0,6529.175139076804,332.9887799614134,0.95,0.0,0.0,0.0
42,greedy,node-015,0.0,0.0,0.0,0.0,0.0,0.0,0.0,0.0,6529.175139076804,332.9887799614134,0.95,0.0,0.0,0.0
42,greedy,node-016,0.0,0.0,0.0,0.0,0.0,0.0,0.0,0.0,6529.175139076804,332.9887799614134,0.95,0.0,0.0,0.0
42,greedy,node-017,0.0,0.0,0.0,0.0,0.0,0.0,0.0,0.0,6529.175139076804,332.9887799614134,0.95,0.0,0.0,0.0
42,greedy,node-018,0.0,0.0,0.0,0.0,0.0,0.0,0.0,0.0,6529.175139076804,332.9887799614134,0.95,0.0,0.0,0.0
42,greedy,node-019,0.0,0.0,0.0,0.0,0.0,0.0,0.0,0.0,6529.175139076804,332.9887799614134,0.95,-36.451369410938916,0.0,0.0
42,greedy,node-020,13.661050152493708,0.0,13.661050152493708,13661.050152493708,0.0,13661.050152493708,0.0,0.0,6529.175139076804,332.9887799614134,0.95,-55.479791465376586,0.0,0.0
42,greedy,node-021,0.0,0.0,0.0,0.0,0.0,0.0,0.0,0.0,6529.175139076804,332.9887799614134,0.95,0.0,0.0,0.0
42,greedy,node-022,0.0,0.0,0.0,0.0,0.0,0.0,0.0,0.0,6529.175139076804,332.9887799614134,0.95,0.0,0.0,0.0
42,greedy,node-023,0.0,0.0,0.0,0.0,0.0,0.0,0.0,0.0,6529.175139076804,332.9887799614134,0.95,0.0,0.0,0.0
42,greedy,node-024,0.0,0.0,0.0,0.0,0.0,0.0,0.0,0.0,6529.175139076804,332.9887799614134,0.95,0.0,0.0,0.0
42,greedy,node-025,0.0,0.0,0.0,0.0,0.0,0.0,0.0,0.0,6529.175139076804,332.9887799614134,0.95,0.0,0.0,0.0
42,greedy,node-026,62.982083714859584,0.0,62.982083714859584,0.2949317183251195,0.0,0.2949317183251195,71.18267246458151,213.54801739374454,6529.175139076804,332.9887799614134,0.95,-127.60533558591774,7.809055905289213,-71.18267246458151
42,greedy,node-027,0.0,0.0,0.0,0.0,0.0,0.0,0.0,0.0,6529.175139076804,332.9887799614134,0.95,0.0,0.0,0.0
42,greedy,node-028,0.0,0.0,0.0,0.0,0.0,0.0,0.0,0.0,6529.175139076804,332.9887799614134,0.95,-47.291060315981014,0.0,0.0
42,greedy,node-029,0.0,0.0,0.0,0.0,0.0,0.0,0.0,0.0,6529.175139076804,332.9887799614134,0.95,0.0,0.0,0.0
42,trust_vcg,node-000,0.0,0.0,0.0,0.0,0.0,0.0,0.0,0.0,6508.334725053025,674.3938181556832,0.9473684210526315,0.0,0.0,0.0
42,trust_vcg,node-001,0.0,0.0,0.0,0.0,0.0,0.0,0.0,0.0,6508.334725053025,674.3938181556832,0.9473684210526315,0.0,0.0,0.0
42,trust_vcg,node-002,0.0,0.0,0.0,0.0,0.0,0.0,488.1224676802963,568.7513423208379,6508.334725053025,674.3938181556832,0.9473684210526315,-11577.999514372239,-12.094331196081214,-488.1224676802963
42,trust_vcg,node-003,0.0,0.0,0.0,0.0,0.0,0.0,0.0,0.0,6508.334725053025,674.3938181556832,0.9473684210526315,-8885.709954962897,0.0,0.0
42,trust_vcg,node-004,0.0,0.0,0.0,0.0,0.0,0.0,0.0,0.0,6508.334725053025,674.3938181556832,0.9473684210526315,0.0,0.0,0.0
42,trust_vcg,node-005,0.0,0.0,0.0,0.0,0.0,0.0,0.0,0.0,6508.334725053025,674.3938181556832,0.9473684210526315,0.0,0.0,0.0
42,trust_vcg,node-006,0.0,0.0,0.0,0.0,0.0,0.0,0.0,0.0,6508.334725053025,674.3938181556832,0.9473684210526315,0.0,0.0,0.0
42,trust_vcg,node-007,0.0,0.0,0.0,0.0,0.0,0.0,0.0,0.0,6508.334725053025,674.3938181556832,0.9473684210526315,0.0,0.0,0.0
42,trust_vcg,node-008,0.0,0.0,0.0,0.0,0.0,0.0,0.0,0.0,6508.334725053025,674.3938181556832,0.9473684210526315,-3905.3766370631274,0.0,0.0
42,trust_vcg,node-009,0.0,0.0,56.8994194979108,0.0,0.0,56899.4194979108,0.0,0.0,6508.334725053025,674.3938181556832,0.9473684210526315,-1143.100580502089,0.0,0.0
42,trust_vcg,node-010,0.0,0.0,0.0,0.0,0.0,0.0,0.0,0.0,6508.334725053025,674.3938181556832,0.9473684210526315,0.0,0.0,0.0
42,trust_vcg,node-011,0.0,0.0,0.0,0.0,0.0,0.0,0.0,0.0,6508.334725053025,674.3938181556832,0.9473684210526315,-4470.542538011865,0.0,0.0
42,trust_vcg,node-012,0.0,0.0,0.0,0.0,0.0,0.0,0.0,0.0,6508.334725053025,674.3938181556832,0.9473684210526315,0.0,0.0,0.0
42,trust_vcg,node-013,0.0,0.0,0.0,0.0,0.0,0.0,0.0,0.0,6508.334725053025,674.3938181556832,0.9473684210526315,0.0,0.0,0.0
42,trust_vcg,node-014,0.0,0.0,0.0,0.0,0.0,0.0,0.0,0.0,6508.334725053025,674.3938181556832,0.9473684210526315,0.0,0.0,0.0
42,trust_vcg,node-015,0.0,0.0,0.0,0.0,0.0,0.0,0.0,0.0,6508.334725053025,674.3938181556832,0.9473684210526315,0.0,0.0,0.0
42,trust_vcg,node-016,0.0,0.0,0.0,0.0,0.0,0.0,0.0,0.0,6508.334725053025,674.3938181556832,0.9473684210526315,0.0,0.0,0.0
42,trust_vcg,node-017,0.0,0.0,0.0,0.0,0.0,0.0,0.0,0.0,6508.334725053025,674.3938181556832,0.9473684210526315,0.0,0.0,0.0
42,trust_vcg,node-018,0.0,0.0,57.959767854622,0.0,0.0,57959.767854622,0.0,0.0,6508.334725053025,674.3938181556832,0.9473684210526315,-5589.352126961203,0.0,0.0
42,trust_vcg,node-019,44.01868635676331,0.0,463.548630589061,44018.68635676331,0.0,463548.630589061,0.0,0.0,6508.334725053025,674.3938181556832,0.9473684210526315,-5536.451369410938,0.0,0.0
42,trust_vcg,node-020,0.0,0.0,536.6991763361925,0.0,0.0,536699.1763361925,0.0,0.0,6508.334725053025,674.3938181556832,0.9473684210526315,-5573.398352672385,0.0,0.0
42,trust_vcg,node-021,0.0,0.0,0.0,0.0,0.0,0.0,0.0,0.0,6508.334725053025,674.3938181556832,0.9473684210526315,0.0,0.0,0.0
42,trust_vcg,node-022,0.0,0.0,0.0,0.0,0.0,0.0,0.0,0.0,6508.334725053025,674.3938181556832,0.9473684210526315,0.0,0.0,0.0
42,trust_vcg,node-023,0.0,0.0,0.0,0.0,0.0,0.0,0.0,0.0,6508.334725053025,674.3938181556832,0.9473684210526315,0.0,0.0,0.0
42,trust_vcg,node-024,0.0,0.0,0.0,0.0,0.0,0.0,0.0,0.0,6508.334725053025,674.3938181556832,0.9473684210526315,0.0,0.0,0.0
42,trust_vcg,node-025,0.0,0.0,0.0,0.0,0.0,0.0,0.0,0.0,6508.334725053025,674.3938181556832,0.9473684210526315,0.0,0.0,0.0
42,trust_vcg,node-026,49.87113212789393,27.347209839538266,93.58431693251786,0.4720746246600589,0.2588656657601546,0.8858588005720505,-27.347209839538266,105.64247583484529,6508.334725053025,674.3938181556832,0.9473684210526315,-6058.20060850689,-19.948452851157526,27.347209839538266
42,trust_vcg,node-027,0.0,0.0,0.0,0.0,0.0,0.0,0.0,0.0,6508.334725053025,674.3938181556832,0.9473684210526315,0.0,0.0,0.0
42,trust_vcg,node-028,0.0,0.0,0.0,0.0,0.0,0.0,0.0,0.0,6508.334725053025,674.3938181556832,0.9473684210526315,-10574.7808058373,0.0,0.0
42,trust_vcg,node-029,0.0,0.0,0.0,0.0,0.0,0.0,0.0,0.0,6508.334725053025,674.3938181556832,0.9473684210526315,0.0,0.0,0.0
42,contingent,node-000,0.0,0.0,0.0,0.0,0.0,0.0,0.0,0.0,6508.334725053025,289.7166586432911,0.9473684210526315,0.0,0.0,0.0
42,contingent,node-001,0.0,0.0,0.0,0.0,0.0,0.0,0.0,0.0,6508.334725053025,289.7166586432911,0.9473684210526315,0.0,0.0,0.0
42,contingent,node-002,7.442878454230382,0.0,27.910299500445184,0.061540223544084775,0.0,0.2307717479201211,40.31443732027082,120.94331196081248,6508.334725053025,289.7166586432911,0.9473684210526315,-399.8226240880493,-12.094331196081242,-40.31443732027082
42,contingent,node-003,0.0,0.0,0.0,0.0,0.0,0.0,0.0,0.0,6508.334725053025,289.7166586432911,0.9473684210526315,-342.83981985158556,0.0,0.0
42,contingent,node-004,0.0,0.0,0.0,0.0,0.0,0.0,0.0,0.0,6508.334725053025,289.7166586432911,0.9473684210526315,0.0,0.0,0.0
42,contingent,node-005,0.0,0.0,0.0,0.0,0.0,0.0,0.0,0.0,6508.334725053025,289.7166586432911,0.9473684210526315,0.0,0.0,0.0
42,contingent,node-006,0.0,0.0,0.0,0.0,0.0,0.0,0.0,0.0,6508.334725053025,289.7166586432911,0.9473684210526315,0.0,0.0,0.0
42,contingent,node-007,0.0,0.0,0.0,0.0,0.0,0.0,0.0,0.0,6508.334725053025,289.7166586432911,0.9473684210526315,0.0,0.0,0.0
42,contingent,node-008,0.0,0.0,0.0,0.0,0.0,0.0,0.0,0.0,6508.334725053025,289.7166586432911,0.9473684210526315,-221.50654825251115,0.0,0.0
42,contingent,node-009,0.0,0.0,0.0,0.0,0.0,0.0,0.0,0.0,6508.334725053025,289.7166586432911,0.9473684210526315,-172.40232200835686,0.0,0.0
42,contingent,node-010,0.0,0.0,0.0,0.0,0.0,0.0,0.0,0.0,6508.334725053025,289.7166586432911,0.9473684210526315,0.0,0.0,0.0
42,contingent,node-011,0.0,0.0,0.0,0.0,0.0,0.0,0.0,0.0,6508.334725053025,289.7166586432911,0.9473684210526315,-282.17015204746224,0.0,0.0
42,contingent,node-012,0.0,0.0,0.0,0.0,0.0,0.0,0.0,0.0,6508.334725053025,289.7166586432911,0.9473684210526315,0.0,0.0,0.0
42,contingent,node-013,0.0,0.0,0.0,0.0,0.0,0.0,0.0,0.0,6508.334725053025,289.7166586432911,0.9473684210526315,0.0,0.0,0.0
42,contingent,node-014,0.0,0.0,0.0,0.0,0.0,0.0,0.0,0.0,6508.334725053025,289.7166586432911,0.9473684210526315,0.0,0.0,0.0
42,contingent,node-015,0.0,0.0,0.0,0.0,0.0,0.0,0.0,0.0,6508.334725053025,289.7166586432911,0.9473684210526315,0.0,0.0,0.0
42,contingent,node-016,0.0,0.0,0.0,0.0,0.0,0.0,0.0,0.0,6508.334725053025,289.7166586432911,0.9473684210526315,0.0,0.0,0.0
42,contingent,node-017,0.0,0.0,0.0,0.0,0.0,0.0,0.0,0.0,6508.334725053025,289.7166586432911,0.9473684210526315,0.0,0.0,0.0
42,contingent,node-018,0.0,0.0,7.959767854622001,0.0,0.0,7959.767854622,0.0,0.0,6508.334725053025,289.7166586432911,0.9473684210526315,-357.40850784481063,0.0,0.0
42,contingent,node-019,0.0,0.0,0.0,0.0,0.0,0.0,0.0,0.0,6508.334725053025,289.7166586432911,0.9473684210526315,-145.8054776437557,0.0,0.0
42,contingent,node-020,0.0,0.0,36.69917633619253,0.0,0.0,36699.176336192526,0.0,0.0,6508.334725053025,289.7166586432911,0.9473684210526315,-293.59341068954024,0.0,0.0
42,contingent,node-021,0.0,0.0,0.0,0.0,0.0,0.0,0.0,0.0,6508.334725053025,289.7166586432911,0.9473684210526315,0.0,0.0,0.0
42,contingent,node-022,0.0,0.0,0.0,0.0,0.0,0.0,0.0,0.0,6508.334725053025,289.7166586432911,0.9473684210526315,0.0,0.0,0.0
42,contingent,node-023,0.0,0.0,0.0,0.0,0.0,0.0,0.0,0.0,6508.334725053025,289.7166586432911,0.9473684210526315,0.0,0.0,0.0
42,contingent,node-024,0.0,0.0,0.0,0.0,0.0,0.0,0.0,0.0,6508.334725053025,289.7166586432911,0.9473684210526315,0.0,0.0,0.0
42,contingent,node-025,0.0,0.0,0.0,0.0,0.0,0.0,0.0,0.0,6508.334725053025,289.7166586432911,0.9473684210526315,0.0,0.0,0.0
42,contingent,node-026,71.61523599037244,0.0,106.01109860482823,0.4243278775830972,0.0,0.6281270158390113,35.78366100809508,168.7733466824787,6508.334725053025,289.7166586432911,0.9473684210526315,-177.97493439380736,-16.87733466824787,-35.78366100809508
42,contingent,node-027,0.0,0.0,0.0,0.0,0.0,0.0,0.0,0.0,6508.334725053025,289.7166586432911,0.9473684210526315,0.0,0.0,0.0
42,contingent,node-028,0.0,0.0,0.0,0.0,0.0,0.0,0.0,0.0,6508.334725053025,289.7166586432911,0.9473684210526315,-499.1232233492044,0.0,0.0
42,contingent,node-029,0.0,0.0,0.0,0.0,0.0,0.0,0.0,0.0,6508.334725053025,289.7166586432911,0.9473684210526315,0.0,0.0,0.0
42,capped,node-000,0.0,0.0,0.0,0.0,0.0,0.0,0.0,0.0,6508.334725053025,320.42784047238786,0.9473684210526315,0.0,0.0,0.0
42,capped,node-001,0.0,0.0,0.0,0.0,0.0,0.0,0.0,0.0,6508.334725053025,320.42784047238786,0.9473684210526315,0.0,0.0,0.0
42,capped,node-002,7.442878454230382,6.583406183090254,27.910299500445184,0.061540223544084775,0.0544338175989705,0.2307717479201211,40.31443732027082,120.94331196081248,6508.334725053025,320.42784047238786,0.9473684210526315,-130.19148401221543,-12.094331196081242,-40.31443732027082
42,capped,node-003,0.0,0.0,0.0,0.0,0.0,0.0,0.0,0.0,6508.334725053025,320.42784047238786,0.9473684210526315,-85.70995496289638,0.0,0.0
42,capped,node-004,0.0,0.0,0.0,0.0,0.0,0.0,0.0,0.0,6508.334725053025,320.42784047238786,0.9473684210526315,0.0,0.0,0.0
42,capped,node-005,0.0,0.0,0.0,0.0,0.0,0.0,0.0,0.0,6508.334725053025,320.42784047238786,0.9473684210526315,0.0,0.0,0.0
42,capped,node-006,0.0,0.0,0.0,0.0,0.0,0.0,0.0,0.0,6508.334725053025,320.42784047238786,0.9473684210526315,0.0,0.0,0.0
42,capped,node-007,0.0,0.0,0.0,0.0,0.0,0.0,0.0,0.0,6508.334725053025,320.42784047238786,0.9473684210526315,0.0,0.0,0.0
42,capped,node-008,0.0,0.0,0.0,0.0,0.0,0.0,0.0,0.0,6508.334725053025,320.42784047238786,0.9473684210526315,-55.37663706312779,0.0,0.0
42,capped,node-009,0.0,0.0,0.0,0.0,0.0,0.0,0.0,0.0,6508.334725053025,320.42784047238786,0.9473684210526315,-43.1005805020892,0.0,0.0
42,capped,node-010,0.0,0.0,0.0,0.0,0.0,0.0,0.0,0.0,6508.334725053025,320.42784047238786,0.9473684210526315,0.0,0.0,0.0
42,capped,node-011,0.0,0.0,0.0,0.0,0.0,0.0,0.0,0.0,6508.334725053025,320.42784047238786,0.9473684210526315,-70.54253801186555,0.0,0.0
42,capped,node-012,0.0,0.0,0.0,0.0,0.0,0.0,0.0,0.0,6508.334725053025,320.42784047238786,0.9473684210526315,0.0,0.0,0.0
42,capped,node-013,0.0,0.0,0.0,0.0,0.0,0.0,0.0,0.0,6508.334725053025,320.42784047238786,0.9473684210526315,0.0,0.0,0.0
42,capped,node-014,0.0,0.0,0.0,0.0,0.0,0.0,0.0,0.0,6508.334725053025,320.42784047238786,0.9473684210526315,0.0,0.0,0.0
42,capped,node-015,0.0,0.0,0.0,0.0,0.0,0.0,0.0,0.0,6508.334725053025,320.42784047238786,0.9473684210526315,0.0,0.0,0.0
42,capped,node-016,0.0,0.0,0.0,0.0,0.0,0.0,0.0,0.0,6508.334725053025,320.42784047238786,0.9473684210526315,0.0,0.0,0.0
42,capped,node-017,0.0,0.0,0.0,0.0,0.0,0.0,0.0,0.0,6508.334725053025,320.42784047238786,0.9473684210526315,0.0,0.0,0.0
42,capped,node-018,0.0,0.0,7.959767854622001,0.0,0.0,7959.767854622,0.0,0.0,6508.334725053025,320.42784047238786,0.9473684210526315,-89.35212696120267,0.0,0.0
42,capped,node-019,0.0,0.0,0.0,0.0,0.0,0.0,0.0,0.0,6508.334725053025,320.42784047238786,0.9473684210526315,-36.451369410938916,0.0,0.0
42,capped,node-020,0.0,0.0,36.69917633619253,0.0,0.0,36699.176336192526,0.0,0.0,6508.334725053025,320.42784047238786,0.9473684210526315,-73.39835267238506,0.0,0.0
42,capped,node-021,0.0,0.0,0.0,0.0,0.0,0.0,0.0,0.0,6508.334725053025,320.42784047238786,0.9473684210526315,0.0,0.0,0.0
42,capped,node-022,0.0,0.0,0.0,0.0,0.0,0.0,0.0,0.0,6508.334725053025,320.42784047238786,0.9473684210526315,0.0,0.0,0.0
42,capped,node-023,0.0,0.0,0.0,0.0,0.0,0.0,0.0,0.0,6508.334725053025,320.42784047238786,0.9473684210526315,0.0,0.0,0.0
42,capped,node-024,0.0,0.0,0.0,0.0,0.0,0.0,0.0,0.0,6508.334725053025,320.42784047238786,0.9473684210526315,0.0,0.0,0.0
42,capped,node-025,0.0,0.0,0.0,0.0,0.0,0.0,0.0,0.0,6508.334725053025,320.42784047238786,0.9473684210526315,0.0,0.0,0.0
42,capped,node-026,86.97082690492081,0.0,136.72228043392496,0.43597780516534734,0.0,0.685377865913002,66.49484283719181,199.48452851157543,6508.334725053025,320.42784047238786,0.9473684210526315,-102.04266118361988,-19.94845285115754,-66.49484283719181
42,capped,node-027,0.0,0.0,0.0,0.0,0.0,0.0,0.0,0.0,6508.334725053025,320.42784047238786,0.9473684210526315,0.0,0.0,0.0
42,capped,node-028,0.0,0.0,0.0,0.0,0.0,0.0,0.0,0.0,6508.334725053025,320.42784047238786,0.9473684210526315,-124.7808058373011,0.0,0.0
42,capped,node-029,0.0,0.0,0.0,0.0,0.0,0.0,0.0,0.0,6508.334725053025,320.42784047238786,0.9473684210526315,0.0,0.0,0.0
42,proper_scoring,node-000,0.0,0.0,0.0,0.0,0.0,0.0,0.0,0.0,6508.334725053025,1186.224014476583,0.9473684210526315,0.0,0.0,0.0
42,proper_scoring,node-001,0.0,0.0,0.0,0.0,0.0,0.0,0.0,0.0,6508.334725053025,1186.224014476583,0.9473684210526315,0.0,0.0,0.0
42,proper_scoring,node-002,111.74125261791727,0.0,440.9566207825049,0.1964676727828855,0.0,0.7753065144130371,488.1224676802963,568.7513423208379,6508.334725053025,1186.224014476583,0.9473684210526315,-847.6306544480748,-12.094331196081214,-488.1224676802963
42,proper_scoring,node-003,295.18630623418306,0.0,506.6026367891697,295186.3062341831,0.0,506602.6367891697,0.0,0.0,6508.334725053025,1186.224014476583,0.9473684210526315,-342.83981985158556,0.0,0.0
42,proper_scoring,node-004,0.0,0.0,0.0,0.0,0.0,0.0,0.0,0.0,6508.334725053025,1186.224014476583,0.9473684210526315,0.0,0.0,0.0
42,proper_scoring,node-005,0.0,0.0,0.0,0.0,0.0,0.0,0.0,0.0,6508.334725053025,1186.224014476583,0.9473684210526315,0.0,0.0,0.0
42,proper_scoring,node-006,0.0,0.0,0.0,0.0,0.0,0.0,0.0,0.0,6508.334725053025,1186.224014476583,0.9473684210526315,0.0,0.0,0.0
42,proper_scoring,node-007,0.0,0.0,0.0,0.0,0.0,0.0,0.0,0.0,6508.334725053025,1186.224014476583,0.9473684210526315,0.0,0.0,0.0
42,proper_scoring,node-008,0.0,0.0,131.78367342729177,0.0,0.0,131783.67342729177,0.0,0.0,6508.334725053025,1186.224014476583,0.9473684210526315,-221.50654825251115,0.0,0.0
42,proper_scoring,node-009,0.0,0.0,56.8994194979108,0.0,0.0,56899.4194979108,0.0,0.0,6508.334725053025,1186.224014476583,0.9473684210526315,-143.1005805020892,0.0,0.0
42,proper_scoring,node-010,0.0,0.0,0.0,0.0,0.0,0.0,0.0,0.0,6508.334725053025,1186.224014476583,0.9473684210526315,0.0,0.0,0.0
42,proper_scoring,node-011,0.0,0.0,230.50354113142765,0.0,0.0,230503.54113142766,0.0,0.0,6508.334725053025,1186.224014476583,0.9473684210526315,-282.17015204746224,0.0,0.0
42,proper_scoring,node-012,0.0,0.0,0.0,0.0,0.0,0.0,0.0,0.0,6508.334725053025,1186.224014476583,0.9473684210526315,0.0,0.0,0.0
42,proper_scoring,node-013,0.0,0.0,0.0,0.0,0.0,0.0,0.0,0.0,6508.334725053025,1186.224014476583,0.9473684210526315,0.0,0.0,0.0
42,proper_scoring,node-014,0.0,0.0,0.0,0.0,0.0,0.0,0.0,0.0,6508.334725053025,1186.224014476583,0.9473684210526315,0.0,0.0,0.0
42,proper_scoring,node-015,0.0,0.0,0.0,0.0,0.0,0.0,0.0,0.0,6508.334725053025,1186.224014476583,0.9473684210526315,0.0,0.0,0.0
42,proper_scoring,node-016,0.0,0.0,0.0,0.0,0.0,0.0,0.0,0.0,6508.334725053025,1186.224014476583,0.9473684210526315,0.0,0.0,0.0
42,proper_scoring,node-017,0.0,0.0,0.0,0.0,0.0,0.0,0.0,0.0,6508.334725053025,1186.224014476583,0.9473684210526315,0.0,0.0,0.0
42,proper_scoring,node-018,0.0,0.0,338.2759247560659,0.0,0.0,338275.9247560659,0.0,0.0,6508.334725053025,1186.224014476583,0.9473684210526315,-357.40850784481063,0.0,0.0
42,proper_scoring,node-019,44.01868635676331,0.0,463.548630589061,44018.68635676331,0.0,463548.630589061,0.0,0.0,6508.334725053025,1186.224014476583,0.9473684210526315,-145.8054776437557,0.0,0.0
42,proper_scoring,node-020,0.0,0.0,536.6991763361925,0.0,0.0,536699.1763361925,0.0,0.0,6508.334725053025,1186.224014476583,0.9473684210526315,-293.59341068954024,0.0,0.0
42,proper_scoring,node-021,0.0,0.0,0.0,0.0,0.0,0.0,0.0,0.0,6508.334725053025,1186.224014476583,0.9473684210526315,0.0,0.0,0.0
42,proper_scoring,node-022,0.0,0.0,0.0,0.0,0.0,0.0,0.0,0.0,6508.334725053025,1186.224014476583,0.9473684210526315,0.0,0.0,0.0
42,proper_scoring,node-023,0.0,0.0,0.0,0.0,0.0,0.0,0.0,0.0,6508.334725053025,1186.224014476583,0.9473684210526315,0.0,0.0,0.0
42,proper_scoring,node-024,0.0,0.0,0.0,0.0,0.0,0.0,0.0,0.0,6508.334725053025,1186.224014476583,0.9473684210526315,0.0,0.0,0.0
42,proper_scoring,node-025,0.0,0.0,0.0,0.0,0.0,0.0,0.0,0.0,6508.334725053025,1186.224014476583,0.9473684210526315,0.0,0.0,0.0
42,proper_scoring,node-026,42.19333667061966,1.3006745267336441,85.68734786797296,0.06833231424366135,0.002106448731071251,0.13877107721839393,484.4829864813615,617.4726721557452,6508.334725053025,1186.224014476583,0.9473684210526315,-626.6742598670737,-16.877334668247897,-484.4829864813615
42,proper_scoring,node-027,0.0,0.0,0.0,0.0,0.0,0.0,0.0,0.0,6508.334725053025,1186.224014476583,0.9473684210526315,0.0,0.0,0.0
42,proper_scoring,node-028,355.03324321137586,0.0,699.8060249004775,355033.24321137584,0.0,699806.0249004775,0.0,0.0,6508.334725053025,1186.224014476583,0.9473684210526315,-486.3411805512041,0.0,0.0
42,proper_scoring,node-029,0.0,0.0,0.0,0.0,0.0,0.0,0.0,0.0,6508.334725053025,1186.224014476583,0.9473684210526315,0.0,0.0,0.0
42,audits,node-000,0.0,0.0,0.0,0.0,0.0,0.0,0.0,0.0,6508.334725053025,1174.393818155683,0.9473684210526315,0.0,0.0,0.0
42,audits,node-001,0.0,0.0,0.0,0.0,0.0,0.0,0.0,0.0,6508.334725053025,1174.393818155683,0.9473684210526315,0.0,0.0,0.0
42,audits,node-002,81.24301096905953,0.0,405.7692846944579,0.14284451732024148,0.0,0.7134388167572178,488.1224676802963,568.7513423208379,6508.334725053025,1174.393818155683,0.9473684210526315,-2077.9995143722413,-12.094331196081214,-488.1224676802963
42,audits,node-003,232.18008361288327,0.0,414.29004503710365,232180.08361288326,0.0,414290.04503710364,0.0,0.0,6508.334725053025,1174.393818155683,0.9473684210526315,-1385.7099549628965,0.0,0.0
42,audits,node-004,0.0,0.0,0.0,0.0,0.0,0.0,0.0,0.0,6508.334725053025,1174.393818155683,0.9473684210526315,0.0,0.0,0.0
42,audits,node-005,0.0,0.0,0.0,0.0,0.0,0.0,0.0,0.0,6508.334725053025,1174.393818155683,0.9473684210526315,0.0,0.0,0.0
42,audits,node-006,0.0,0.0,0.0,0.0,0.0,0.0,0.0,0.0,6508.334725053025,1174.393818155683,0.9473684210526315,0.0,0.0,0.0
42,audits,node-007,0.0,0.0,0.0,0.0,0.0,0.0,0.0,0.0,6508.334725053025,1174.393818155683,0.9473684210526315,0.0,0.0,0.0
42,audits,node-008,0.0,0.0,94.62336293687221,0.0,0.0,94623.3629368722,0.0,0.0,6508.334725053025,1174.393818155683,0.9473684210526315,-405.37663706312776,0.0,0.0
42,audits,node-009,0.0,0.0,56.8994194979108,0.0,0.0,56899.4194979108,0.0,0.0,6508.334725053025,1174.393818155683,0.9473684210526315,-143.1005805020892,0.0,0.0
42,audits,node-010,0.0,0.0,0.0,0.0,0.0,0.0,0.0,0.0,6508.334725053025,1174.393818155683,0.9473684210526315,0.0,0.0,0.0
42,audits,node-011,0.0,0.0,229.45746198813447,0.0,0.0,229457.46198813446,0.0,0.0,6508.334725053025,1174.393818155683,0.9473684210526315,-470.5425380118656,0.0,0.0
42,audits,node-012,0.0,0.0,0.0,0.0,0.0,0.0,0.0,0.0,6508.334725053025,1174.393818155683,0.9473684210526315,0.0,0.0,0.0
42,audits,node-013,0.0,0.0,0.0,0.0,0.0,0.0,0.0,0.0,6508.334725053025,1174.393818155683,0.9473684210526315,0.0,0.0,0.0
42,audits,node-014,0.0,0.0,0.0,0.0,0.0,0.0,0.0,0.0,6508.334725053025,1174.393818155683,0.9473684210526315,0.0,0.0,0.0
42,audits,node-015,0.0,0.0,0.0,0.0,0.0,0.0,0.0,0.0,6508.334725053025,1174.393818155683,0.9473684210526315,0.0,0.0,0.0
42,audits,node-016,0.0,0.0,0.0,0.0,0.0,0.0,0.0,0.0,6508.334725053025,1174.393818155683,0.9473684210526315,0.0,0.0,0.0
42,audits,node-017,0.0,0.0,0.0,0.0,0.0,0.0,0.0,0.0,6508.334725053025,1174.393818155683,0.9473684210526315,0.0,0.0,0.0
42,audits,node-018,0.0,0.0,310.6478730387973,0.0,0.0,310647.8730387973,0.0,0.0,6508.334725053025,1174.393818155683,0.9473684210526315,-589.3521269612027,0.0,0.0
42,audits,node-019,44.01868635676331,0.0,463.548630589061,44018.68635676331,0.0,463548.630589061,0.0,0.0,6508.334725053025,1174.393818155683,0.9473684210526315,-1036.451369410939,0.0,0.0
42,audits,node-020,0.0,0.0,536.6991763361925,0.0,0.0,536699.1763361925,0.0,0.0,6508.334725053025,1174.393818155683,0.9473684210526315,-573.398352672385,0.0,0.0
42,audits,node-021,0.0,0.0,0.0,0.0,0.0,0.0,0.0,0.0,6508.334725053025,1174.393818155683,0.9473684210526315,0.0,0.0,0.0
42,audits,node-022,0.0,0.0,0.0,0.0,0.0,0.0,0.0,0.0,6508.334725053025,1174.393818155683,0.9473684210526315,0.0,0.0,0.0
42,audits,node-023,0.0,0.0,0.0,0.0,0.0,0.0,0.0,0.0,6508.334725053025,1174.393818155683,0.9473684210526315,0.0,0.0,0.0
42,audits,node-024,0.0,0.0,0.0,0.0,0.0,0.0,0.0,0.0,6508.334725053025,1174.393818155683,0.9473684210526315,0.0,0.0,0.0
42,audits,node-025,0.0,0.0,0.0,0.0,0.0,0.0,0.0,0.0,6508.334725053025,1174.393818155683,0.9473684210526315,0.0,0.0,0.0
42,audits,node-026,49.87113212789376,0.0,93.58431693251777,0.08234417848442534,0.0,0.15452072908776232,472.65279016046173,605.6424758348453,6508.334725053025,1174.393818155683,0.9473684210526315,-1058.2006085068897,-19.94845285115764,-472.65279016046173
42,audits,node-027,0.0,0.0,0.0,0.0,0.0,0.0,0.0,0.0,6508.334725053025,1174.393818155683,0.9473684210526315,0.0,0.0,0.0
42,audits,node-028,331.66781520247434,0.0,625.2191941626988,331667.81520247436,0.0,625219.1941626988,0.0,0.0,6508.334725053025,1174.393818155683,0.9473684210526315,-1574.7808058373012,0.0,0.0
42,audits,node-029,0.0,0.0,0.0,0.0,0.0,0.0,0.0,0.0,6508.334725053025,1174.393818155683,0.9473684210526315,0.0,0.0,0.0
58,greedy,node-000,0.0,0.0,0.0,0.0,0.0,0.0,0.0,0.0,6420.782984493431,326.5762425303242,0.75,0.0,0.0,-76.8267292857368
58,greedy,node-001,5.572043788263629,0.0,5.572043788263629,5572.043788263629,0.0,5572.043788263629,0.0,0.0,6420.782984493431,326.5762425303242,0.75,-76.8267292857368,0.0,0.0
58,greedy,node-002,0.0,0.0,0.0,0.0,0.0,0.0,80.80008846375556,242.40026539126666,6420.782984493431,326.5762425303242,0.75,-145.25372280556388,-24.240026539126653,-80.80008846375556
58,greedy,node-003,0.0,0.0,0.0,0.0,0.0,0.0,0.0,0.0,6420.782984493431,326.5762425303242,0.75,0.0,0.0,0.0
58,greedy,node-004,0.0,0.0,0.0,0.0,0.0,0.0,0.0,0.0,6420.782984493431,326.5762425303242,0.75,0.0,0.0,0.0
58,greedy,node-005,0.0,0.0,0.0,0.0,0.0,0.0,0.0,0.0,6420.782984493431,326.5762425303242,0.75,0.0,0.0,0.0
58,greedy,node-006,0.0,0.0,0.0,0.0,0.0,0.0,0.0,0.0,6420.782984493431,326.5762425303242,0.75,0.0,0.0,0.0
58,greedy,node-007,21.04399428476438,0.0,21.04399428476438,0.24999999999999992,0.0,0.24999999999999992,28.058659046352524,84.17597713905755,6420.782984493431,326.5762425303242,0.75,-68.71005738900757,-4.10708514041993,-28.058659046352524
58,greedy,node-008,0.0,0.0,0.0,0.0,0.0,0.0,0.0,0.0,6420.782984493431,326.5762425303242,0.75,0.0,0.0,0.0
58,greedy,node-009,0.0,0.0,0.0,0.0,0.0,0.0,0.0,0.0,6420.782984493431,326.5762425303242,0.75,0.0,0.0,0.0
58,greedy,node-010,0.0,0.0,0.0,0.0,0.0,0.0,0.0,0.0,6420.782984493431,326.5762425303242,0.75,0.0,0.0,0.0
58,greedy,node-011,0.0,0.0,0.0,0.0,0.0,0.0,0.0,0.0,6420.782984493431,326.5762425303242,0.75,0.0,0.0,0.0
58,greedy,node-012,9.06761381678821,0.0,9.06761381678821,9067.613816788209,0.0,9067.613816788209,0.0,0.0,6420.782984493431,326.5762425303242,0.75,-32.840760078679494,0.0,0.0
58,greedy,node-013,0.0,0.0,0.0,0.0,0.0,0.0,0.0,0.0,6420.782984493431,326.5762425303242,0.75,0.0,0.0,0.0
58,greedy,node-014,0.0,0.0,0.0,0.0,0.0,0.0,0.0,0.0,6420.782984493431,326.5762425303242,0.75,0.0,0.0,0.0
58,greedy,node-015,0.0,0.0,0.0,0.0,0.0,0.0,0.0,0.0,6420.782984493431,326.5762425303242,0.75,0.0,0.0,0.0
58,greedy,node-016,0.0,0.0,0.0,0.0,0.0,0.0,0.0,0.0,6420.782984493431,326.5762425303242,0.75,0.0,0.0,0.0
58,greedy,node-017,12.509631152630543,0.0,12.509631152630543,12509.631152630544,0.0,12509.631152630544,0.0,0.0,6420.782984493431,326.5762425303242,0.75,-53.22207371923138,10.149609356104694,0.0
58,greedy,node-018,0.0,0.0,0.0,0.0,0.0,0.0,0.0,0.0,6420.782984493431,326.5762425303242,0.75,0.0,0.0,0.0
58,greedy,node-019,0.0,0.0,0.0,0.0,0.0,0.0,0.0,0.0,6420.782984493431,326.5762425303242,0.75,0.0,0.0,0.0
58,greedy,node-020,0.0,0.0,0.0,0.0,0.0,0.0,0.0,0.0,6420.782984493431,326.5762425303242,0.75,0.0,0.0,0.0
58,greedy,node-021,0.0,0.0,0.0,0.0,0.0,0.0,0.0,0.0,6420.782984493431,326.5762425303242,0.75,0.0,0.0,0.0
58,greedy,node-022,0.0,0.0,0.0,0.0,0.0,0.0,0.0,0.0,6420.782984493431,326.5762425303242,0.75,0.0,0.0,0.0
58,greedy,node-023,0.0,0.0,0.0,0.0,0.0,0.0,0.0,0.0,6420.782984493431,326.5762425303242,0.75,-74.37975366960409,0.0,0.0
58,greedy,node-024,0.0,0.0,0.0,0.0,0.0,0.0,0.0,0.0,6420.782984493431,326.5762425303242,0.75,0.0,0.0,0.0
58,greedy,node-025,0.0,0.0,0.0,0.0,0.0,0.0,0.0,0.0,6420.782984493431,326.5762425303242,0.75,0.0,0.0,0.0
58,greedy,node-026,0.0,0.0,0.0,0.0,0.0,0.0,0.0,0.0,6420.782984493431,326.5762425303242,0.75,0.0,0.0,0.0
58,greedy,node-027,0.0,0.0,0.0,0.0,0.0,0.0,0.0,0.0,6420.782984493431,326.5762425303242,0.75,0.0,0.0,0.0
58,greedy,node-028,0.0,0.0,0.0,0.0,0.0,0.0,0.0,0.0,6420.782984493431,326.5762425303242,0.75,-33.94124472807703,0.0,0.0
58,greedy,node-029,0.0,0.0,0.0,0.0,0.0,0.0,0.0,0.0,6420.782984493431,326.5762425303242,0.75,-71.69498856563261,0.0,0.0
58,trust_vcg,node-000,0.0,0.0,222.4138446011573,0.0,0.0,222413.8446011573,0.0,0.0,7255.603166019175,-870.4788943953647,0.7894736842105263,-5640.660526750449,0.0,-1047.4543608222184
58,trust_vcg,node-001,0.0,0.0,49.778356745045414,0.0,0.0,49778.356745045414,0.0,0.0,7255.603166019175,-870.4788943953647,0.7894736842105263,-11087.623768881644,0.0,0.0
58,trust_vcg,node-002,0.0,0.0,6.9839635842040195,0.0,0.0,6983.96358420402,0.0,0.0,7255.603166019175,-870.4788943953647,0.7894736842105263,-5507.747490914683,0.0,0.0
58,trust_vcg,node-003,0.0,0.0,0.0,0.0,0.0,0.0,0.0,0.0,7255.603166019175,-870.4788943953647,0.7894736842105263,0.0,0.0,0.0
58,trust_vcg,node-004,0.0,0.0,0.0,0.0,0.0,0.0,0.0,0.0,7255.603166019175,-870.4788943953647,0.7894736842105263,0.0,0.0,0.0
58,trust_vcg,node-005,0.0,0.0,172.65736179030722,0.0,0.0,172657.36179030722,0.0,0.0,7255.603166019175,-870.4788943953647,0.7894736842105263,-3427.3426382096927,0.0,0.0
58,trust_vcg,node-006,0.0,0.0,260.41472219660375,0.0,0.0,260414.72219660375,0.0,0.0,7255.603166019175,-870.4788943953647,0.7894736842105263,-3939.585277803397,0.0,0.0
58,trust_vcg,node-007,775.2703155436412,775.2703155436412,870.3767508933645,775270.3155436412,775270.3155436412,870376.7508933644,-775.2703155436412,-736.5514375009843,7255.603166019175,-870.4788943953647,0.7894736842105263,-10185.023520176275,133.65876211290652,775.2703155436412
58,trust_vcg,node-008,0.0,0.0,91.28230378446725,0.0,0.0,91282.30378446725,0.0,0.0,7255.603166019175,-870.4788943953647,0.7894736842105263,-2308.717696215533,0.0,0.0
58,trust_vcg,node-009,244.2118918058171,0.0,432.424849934482,244211.89180581708,0.0,432424.84993448196,0.0,0.0,7255.603166019175,-870.4788943953647,0.7894736842105263,-6767.575150065519,0.0,0.0
58,trust_vcg,node-010,0.0,0.0,282.2108749872964,0.0,0.0,282210.8749872964,0.0,0.0,7255.603166019175,-870.4788943953647,0.7894736842105263,-5117.789125012704,0.0,0.0
58,trust_vcg,node-011,158.84689990132577,0.0,158.85615579548218,158846.89990132576,0.0,158856.1557954822,0.0,0.0,7255.603166019175,-870.4788943953647,0.7894736842105263,-3441.143844204518,0.0,0.0
58,trust_vcg,node-012,533.795045140186,246.6329838134646,681.4750905567457,533795.045140186,246632.98381346458,681475.0905567458,-246.6329838134646,-146.29720240665227,7255.603166019175,-870.4788943953647,0.7894736842105263,-10894.171464517565,318.44504116987576,246.6329838134646
58,trust_vcg,node-013,0.0,0.0,0.0,0.0,0.0,0.0,0.0,0.0,7255.603166019175,-870.4788943953647,0.7894736842105263,0.0,0.0,0.0
58,trust_vcg,node-014,0.0,0.0,366.43113265626556,0.0,0.0,366431.1326562656,0.0,0.0,7255.603166019175,-870.4788943953647,0.7894736842105263,-4433.568867343734,0.0,0.0
58,trust_vcg,node-015,0.0,0.0,0.0,0.0,0.0,0.0,0.0,0.0,7255.603166019175,-870.4788943953647,0.7894736842105263,-5661.171856640922,0.0,0.0
58,trust_vcg,node-016,0.0,90.27333853612721,240.94111153739996,0.0,90273.33853612721,240941.11153739996,0.0,0.0,7255.603166019175,-870.4788943953647,0.7894736842105263,-3959.0588884626,0.0,0.0
58,trust_vcg,node-017,0.0,0.0,474.1699396906704,0.0,0.0,474169.9396906704,0.0,0.0,7255.603166019175,-870.4788943953647,0.7894736842105263,-5534.407275655899,0.0,0.0
58,trust_vcg,node-018,0.0,0.0,0.0,0.0,0.0,0.0,0.0,0.0,7255.603166019175,-870.4788943953647,0.7894736842105263,0.0,0.0,0.0
58,trust_vcg,node-019,0.0,0.0,113.07616560233134,0.0,0.0,113076.16560233134,0.0,0.0,7255.603166019175,-870.4788943953647,0.7894736842105263,-2283.858948855936,0.0,0.0
58,trust_vcg,node-020,0.0,0.0,0.0,0.0,0.0,0.0,0.0,0.0,7255.603166019175,-870.4788943953647,0.7894736842105263,0.0,0.0,0.0
58,trust_vcg,node-021,0.0,0.0,234.98751718878367,0.0,0.0,234987.51718878368,0.0,0.0,7255.603166019175,-870.4788943953647,0.7894736842105263,-3965.0124828112157,0.0,0.0
58,trust_vcg,node-022,0.0,0.0,109.89647469348034,0.0,0.0,109896.47469348034,0.0,0.0,7255.603166019175,-870.4788943953647,0.7894736842105263,-5596.774707476149,0.0,0.0
58,trust_vcg,node-023,0.0,0.0,0.0,0.0,0.0,0.0,0.0,0.0,7255.603166019175,-870.4788943953647,0.7894736842105263,-7790.494888313074,0.0,0.0
58,trust_vcg,node-024,0.0,0.0,508.6813628144985,0.0,0.0,508681.36281449854,0.0,0.0,7255.603166019175,-870.4788943953647,0.7894736842105263,-7797.939412737254,0.0,0.0
58,trust_vcg,node-025,0.0,0.0,0.0,0.0,0.0,0.0,0.0,0.0,7255.603166019175,-870.4788943953647,0.7894736842105263,0.0,0.0,0.0
58,trust_vcg,node-026,0.0,0.0,0.0,0.0,0.0,0.0,0.0,0.0,7255.603166019175,-870.4788943953647,0.7894736842105263,0.0,0.0,0.0
58,trust_vcg,node-027,0.0,0.0,179.8719971419569,0.0,0.0,179871.9971419569,0.0,0.0,7255.603166019175,-870.4788943953647,0.7894736842105263,-2220.128002858043,0.0,0.0
58,trust_vcg,node-028,0.0,0.0,87.18540455894512,0.0,0.0,87185.40455894513,0.0,0.0,7255.603166019175,-870.4788943953647,0.7894736842105263,-10012.308077910246,0.0,0.0
58,trust_vcg,node-029,495.38118417475096,190.31130558130667,589.5718540410692,40.047807263560095,15.38522400420456,47.662407723438015,-190.31130558130667,12.369745512271862,7255.603166019175,-870.4788943953647,0.7894736842105263,-5935.782706178099,-563.1157804111448,190.31130558130667
58,contingent,node-000,0.0,0.0,22.4138446011573,0.0,0.0,22413.8446011573,0.0,0.0,7255.603166019175,414.03588559154844,0.7894736842105263,-562.6421070017974,0.0,-82.8536735671879
58,contingent,node-001,0.0,22.42244426350584,129.78030166101087,0.0,22422.44426350584,129780.30166101086,0.0,0.0,7255.603166019175,414.03588559154844,0.7894736842105263,-350.495075526567,0.0,0.0
58,contingent,node-002,0.0,11.49122035747133,185.76682894396285,0.0,11491.22035747133,185766.82894396284,0.0,0.0,7255.603166019175,414.03588559154844,0.7894736842105263,-161.60017692751111,0.0,0.0
58,contingent,node-003,0.0,0.0,0.0,0.0,0.0,0.0,0.0,0.0,7255.603166019175,414.03588559154844,0.7894736842105263,0.0,0.0,0.0
58,contingent,node-004,0.0,0.0,0.0,0.0,0.0,0.0,0.0,0.0,7255.603166019175,414.03588559154844,0.7894736842105263,0.0,0.0,0.0
58,contingent,node-005,0.0,0.0,0.0,0.0,0.0,0.0,0.0,0.0,7255.603166019175,414.03588559154844,0.7894736842105263,-509.3705528387712,0.0,0.0
58,contingent,node-006,0.0,0.0,0.0,0.0,0.0,0.0,0.0,0.0,7255.603166019175,414.03588559154844,0.7894736842105263,-358.341111213585,0.0,0.0
58,contingent,node-007,0.0,43.469732349042474,50.50521401767064,0.0,1.0622851286866701,1.2342136671400707,2.202086748392464,40.92096479104927,7255.603166019175,414.03588559154844,0.7894736842105263,-399.63328075694795,1.9973575384119568,-2.202086748392464
58,contingent,node-008,0.0,0.0,0.0,0.0,0.0,0.0,0.0,0.0,7255.603166019175,414.03588559154844,0.7894736842105263,-434.8707848621309,0.0,0.0
58,contingent,node-009,0.0,0.0,0.0,0.0,0.0,0.0,0.0,0.0,7255.603166019175,414.03588559154844,0.7894736842105263,-670.3006002620721,0.0,0.0
58,contingent,node-010,0.0,0.0,0.0,0.0,0.0,0.0,0.0,0.0,7255.603166019175,414.03588559154844,0.7894736842105263,-671.1565000508145,0.0,0.0
58,contingent,node-011,0.0,0.0,0.0,0.0,0.0,0.0,0.0,0.0,7255.603166019175,414.03588559154844,0.7894736842105263,-564.5753768180712,0.0,0.0
58,contingent,node-012,2.2311812173183263,33.247750631558546,54.95263788848259,0.019735834365298206,0.29409179962165355,0.48608161044256876,12.716505920924995,113.05228732773737,7255.603166019175,414.03588559154844,0.7894736842105263,-575.9342992450343,22.360474554546805,-12.716505920924995
58,contingent,node-013,0.0,0.0,0.0,0.0,0.0,0.0,0.0,0.0,7255.603166019175,414.03588559154844,0.7894736842105263,0.0,0.0,0.0
58,contingent,node-014,0.0,0.0,0.0,0.0,0.0,0.0,0.0,0.0,7255.603166019175,414.03588559154844,0.7894736842105263,-134.27546937493767,0.0,0.0
58,contingent,node-015,0.0,0.0,0.0,0.0,0.0,0.0,0.0,0.0,7255.603166019175,414.03588559154844,0.7894736842105263,-644.6874265636875,0.0,0.0
58,contingent,node-016,0.0,40.27333853612721,40.27333853612721,0.0,40273.33853612721,40273.33853612721,0.0,0.0,7255.603166019175,414.03588559154844,0.7894736842105263,-436.23555385040015,0.0,0.0
58,contingent,node-017,0.0,41.711171363887246,174.22354466527,0.0,41711.171363887246,174223.54466527,0.0,0.0,7255.603166019175,414.03588559154844,0.7894736842105263,-212.88829487692556,0.0,0.0
58,contingent,node-018,0.0,0.0,0.0,0.0,0.0,0.0,0.0,0.0,7255.603166019175,414.03588559154844,0.7894736842105263,0.0,0.0,0.0
58,contingent,node-019,0.0,0.0,12.701339766347772,0.0,0.0,12701.339766347772,0.0,0.0,7255.603166019175,414.03588559154844,0.7894736842105263,-347.67185378221484,0.0,0.0
58,contingent,node-020,0.0,0.0,0.0,0.0,0.0,0.0,0.0,0.0,7255.603166019175,414.03588559154844,0.7894736842105263,0.0,0.0,0.0
58,contingent,node-021,0.0,0.0,28.986473809812196,0.0,0.0,28986.473809812196,0.0,0.0,7255.603166019175,414.03588559154844,0.7894736842105263,-460.0499312448654,0.0,0.0
58,contingent,node-022,0.0,89.96864564208207,89.96864564208207,0.0,89968.64564208206,89968.64564208206,0.0,0.0,7255.603166019175,414.03588559154844,0.7894736842105263,-387.0988299045954,0.0,0.0
58,contingent,node-023,0.0,10.49977614880983,107.02760240865615,0.0,10499.77614880983,107027.60240865615,0.0,0.0,7255.603166019175,414.03588559154844,0.7894736842105263,-361.97955325229395,0.0,0.0
58,contingent,node-024,0.0,0.0,0.0,0.0,0.0,0.0,0.0,0.0,7255.603166019175,414.03588559154844,0.7894736842105263,-391.75765094901436,0.0,0.0
58,contingent,node-025,0.0,0.0,0.0,0.0,0.0,0.0,0.0,0.0,7255.603166019175,414.03588559154844,0.7894736842105263,0.0,0.0,0.0
58,contingent,node-026,0.0,0.0,0.0,0.0,0.0,0.0,0.0,0.0,7255.603166019175,414.03588559154844,0.7894736842105263,0.0,0.0,0.0
58,contingent,node-027,0.0,0.0,0.0,0.0,0.0,0.0,0.0,0.0,7255.603166019175,414.03588559154844,0.7894736842105263,-80.5120114321724,0.0,0.0
58,contingent,node-028,0.0,24.05210207647132,93.12258843385506,0.0,24052.10207647132,93122.58843385505,0.0,0.0,7255.603166019175,414.03588559154844,0.7894736842105263,-449.23231164098644,0.0,0.0
58,contingent,node-029,98.40626040816838,0.0,191.87896608057932,0.3783944624958018,0.0,0.7378182844582947,57.38158237918318,260.0626334727617,7255.603166019175,414.03588559154844,0.7894736842105263,-361.7576294168019,-48.12512446482606,-57.38158237918318
58,capped,node-000,0.0,0.0,22.4138446011573,0.0,0.0,22413.8446011573,0.0,0.0,7255.603166019175,512.6035658145715,0.7894736842105263,-140.66052675044935,0.0,-49.69512969721356
58,capped,node-001,0.0,120.2050629955899,244.7922196063385,0.0,120205.06299558989,244792.2196063385,0.0,0.0,7255.603166019175,512.6035658145715,0.7894736842105263,-87.62376888164174,0.0,0.0
58,capped,node-002,0.0,80.80008846375556,253.88130220742664,0.0,80800.08846375556,253881.30220742663,0.0,0.0,7255.603166019175,512.6035658145715,0.7894736842105263,-40.40004423187777,0.0,0.0
58,capped,node-003,0.0,0.0,0.0,0.0,0.0,0.0,0.0,0.0,7255.603166019175,512.6035658145715,0.7894736842105263,0.0,0.0,0.0
58,capped,node-004,0.0,0.0,0.0,0.0,0.0,0.0,0.0,0.0,7255.603166019175,512.6035658145715,0.7894736842105263,0.0,0.0,0.0
58,capped,node-005,0.0,0.0,0.0,0.0,0.0,0.0,0.0,0.0,7255.603166019175,512.6035658145715,0.7894736842105263,-127.3426382096928,0.0,0.0
58,capped,node-006,0.0,0.0,0.0,0.0,0.0,0.0,0.0,0.0,7255.603166019175,512.6035658145715,0.7894736842105263,-89.58527780339625,0.0,0.0
58,capped,node-007,0.0,61.94335766398171,77.88658372957866,0.0,1.0665487706150019,1.3410613059564136,19.359439021328406,58.07831706398521,7255.603166019175,512.6035658145715,0.7894736842105263,-118.71723752346728,0.28162231111836533,-19.359439021328406
58,capped,node-008,0.0,0.0,0.0,0.0,0.0,0.0,0.0,0.0,7255.603166019175,512.6035658145715,0.7894736842105263,-108.71769621553274,0.0,0.0
58,capped,node-009,0.0,0.0,0.0,0.0,0.0,0.0,0.0,0.0,7255.603166019175,512.6035658145715,0.7894736842105263,-167.57515006551802,0.0,0.0
58,capped,node-010,0.0,0.0,0.0,0.0,0.0,0.0,0.0,0.0,7255.603166019175,512.6035658145715,0.7894736842105263,-167.7891250127036,0.0,0.0
58,capped,node-011,0.0,0.0,0.0,0.0,0.0,0.0,0.0,0.0,7255.603166019175,512.6035658145715,0.7894736842105263,-141.1438442045178,0.0,0.0
58,capped,node-012,0.0,33.24775063155855,54.952637888482606,0.0,0.22090989651873863,0.3651248977383028,50.16789070340618,150.50367211021856,7255.603166019175,512.6035658145715,0.7894736842105263,-190.97233903443347,18.615336076298682,-50.16789070340618
58,capped,node-013,0.0,0.0,0.0,0.0,0.0,0.0,0.0,0.0,7255.603166019175,512.6035658145715,0.7894736842105263,0.0,0.0,0.0
58,capped,node-014,0.0,0.0,0.0,0.0,0.0,0.0,0.0,0.0,7255.603166019175,512.6035658145715,0.7894736842105263,-33.56886734373442,0.0,0.0
58,capped,node-015,0.0,0.0,0.0,0.0,0.0,0.0,0.0,0.0,7255.603166019175,512.6035658145715,0.7894736842105263,-161.1718566409219,0.0,0.0
58,capped,node-016,0.0,40.27333853612721,40.27333853612721,0.0,40273.33853612721,40273.33853612721,0.0,0.0,7255.603166019175,512.6035658145715,0.7894736842105263,-109.05888846260001,0.0,0.0
58,capped,node-017,0.0,97.45551556349074,174.22354466527,0.0,97455.51556349073,174223.54466527,0.0,0.0,7255.603166019175,512.6035658145715,0.7894736842105263,-53.22207371923138,0.0,0.0
58,capped,node-018,0.0,0.0,0.0,0.0,0.0,0.0,0.0,0.0,7255.603166019175,512.6035658145715,0.7894736842105263,0.0,0.0,0.0
58,capped,node-019,0.0,0.0,12.701339766347772,0.0,0.0,12701.339766347772,0.0,0.0,7255.603166019175,512.6035658145715,0.7894736842105263,-86.91796344555371,0.0,0.0
58,capped,node-020,0.0,0.0,0.0,0.0,0.0,0.0,0.0,0.0,7255.603166019175,512.6035658145715,0.7894736842105263,0.0,0.0,0.0
58,capped,node-021,0.0,0.0,28.986473809812196,0.0,0.0,28986.473809812196,0.0,0.0,7255.603166019175,512.6035658145715,0.7894736842105263,-115.01248281121634,0.0,0.0
58,capped,node-022,0.0,138.59288013935748,138.59288013935748,0.0,138592.88013935747,138592.88013935747,0.0,0.0,7255.603166019175,512.6035658145715,0.7894736842105263,-96.77470747614886,0.0,0.0
58,capped,node-023,0.0,139.1873424114052,188.83838573286133,0.0,139187.3424114052,188838.38573286132,0.0,0.0,7255.603166019175,512.6035658145715,0.7894736842105263,-90.49488831307349,0.0,0.0
58,capped,node-024,0.0,0.0,0.0,0.0,0.0,0.0,0.0,0.0,7255.603166019175,512.6035658145715,0.7894736842105263,-97.93941273725356,0.0,0.0
58,capped,node-025,0.0,0.0,0.0,0.0,0.0,0.0,0.0,0.0,7255.603166019175,512.6035658145715,0.7894736842105263,0.0,0.0,0.0
58,capped,node-026,0.0,0.0,0.0,0.0,0.0,0.0,0.0,0.0,7255.603166019175,512.6035658145715,0.7894736842105263,0.0,0.0,0.0
58,capped,node-027,0.0,0.0,0.0,0.0,0.0,0.0,0.0,0.0,7255.603166019175,512.6035658145715,0.7894736842105263,-20.1280028580431,0.0,0.0
58,capped,node-028,0.0,153.97715570836814,213.16535438562386,0.0,153977.15570836814,213165.35438562385,0.0,0.0,7255.603166019175,512.6035658145715,0.7894736842105263,-112.30807791024661,0.0,0.0
58,capped,node-029,54.447317240562285,32.062954777262064,147.92002291297322,0.17909030616260807,0.10546276067500915,0.4865444898601729,101.34052554678928,304.0215766403678,7255.603166019175,512.6035658145715,0.7894736842105263,-177.434537306194,-22.660556272894326,-101.34052554678928
58,proper_scoring,node-000,0.0,0.0,285.24759643043564,0.0,0.0,285247.5964304356,0.0,0.0,7255.603166019175,1138.8458723583112,0.7894736842105263,-494.9879072159923,0.0,497.4616572545007
58,proper_scoring,node-001,497.4616572545007,372.4224442635058,655.2276718222629,497461.6572545007,372422.44426350575,655227.6718222629,0.0,0.0,7255.603166019175,1138.8458723583112,0.7894736842105263,-350.495075526567,0.0,0.0
58,proper_scoring,node-002,0.0,361.3015274100388,506.983963584204,0.0,361301.52741003875,506983.963584204,0.0,0.0,7255.603166019175,1138.8458723583112,0.7894736842105263,-161.60017692751111,0.0,0.0
58,proper_scoring,node-003,0.0,0.0,0.0,0.0,0.0,0.0,0.0,0.0,7255.603166019175,1138.8458723583112,0.7894736842105263,0.0,0.0,0.0
58,proper_scoring,node-004,0.0,0.0,0.0,0.0,0.0,0.0,0.0,0.0,7255.603166019175,1138.8458723583112,0.7894736842105263,0.0,0.0,0.0
58,proper_scoring,node-005,0.0,0.0,172.65736179030722,0.0,0.0,172657.36179030722,0.0,0.0,7255.603166019175,1138.8458723583112,0.7894736842105263,-423.23057060924305,0.0,0.0
58,proper_scoring,node-006,0.0,0.0,260.41472219660375,0.0,0.0,260414.72219660375,0.0,0.0,7255.603166019175,1138.8458723583112,0.7894736842105263,-343.2471283177198,0.0,0.0
58,proper_scoring,node-007,124.97214946398964,469.1965460076344,585.4892340215303,0.474159288693498,1.7801878375832147,2.221416210988223,224.8468738976644,263.5657519403212,7255.603166019175,1138.8458723583112,0.7894736842105263,-597.6707777994625,135.02494319390786,-224.8468738976644
58,proper_scoring,node-008,0.0,0.0,91.28230378446725,0.0,0.0,91282.30378446725,0.0,0.0,7255.603166019175,1138.8458723583112,0.7894736842105263,-308.7176962155327,0.0,0.0
58,proper_scoring,node-009,244.2118918058171,0.0,432.424849934482,244211.89180581708,0.0,432424.84993448196,0.0,0.0,7255.603166019175,1138.8458723583112,0.7894736842105263,-557.8537512456821,0.0,0.0
58,proper_scoring,node-010,0.0,0.0,282.2108749872964,0.0,0.0,282210.8749872964,0.0,0.0,7255.603166019175,1138.8458723583112,0.7894736842105263,-549.0779639071167,0.0,0.0
58,proper_scoring,node-011,158.84689990132577,0.0,158.85615579548218,158846.89990132576,0.0,158856.1557954822,0.0,0.0,7255.603166019175,1138.8458723583112,0.7894736842105263,-434.3156683137284,0.0,0.0
58,proper_scoring,node-012,543.1578913358062,133.38966305357764,602.9320900864677,1.496672260959514,0.36755538633534907,1.6613801417033216,262.57459349890587,362.91037490571824,7255.603166019175,1138.8458723583112,0.7894736842105263,-759.0299008621362,322.19017964812383,-262.57459349890587
58,proper_scoring,node-013,0.0,0.0,0.0,0.0,0.0,0.0,0.0,0.0,7255.603166019175,1138.8458723583112,0.7894736842105263,0.0,0.0,0.0
58,proper_scoring,node-014,0.0,0.0,366.43113265626556,0.0,0.0,366431.1326562656,0.0,0.0,7255.603166019175,1138.8458723583112,0.7894736842105263,-134.27546937493767,0.0,0.0
58,proper_scoring,node-015,0.0,0.0,152.77263152278965,0.0,0.0,152772.63152278966,0.0,0.0,7255.603166019175,1138.8458723583112,0.7894736842105263,-539.7042080848679,0.0,0.0
58,proper_scoring,node-016,0.0,90.27333853612721,240.94111153739996,0.0,90273.33853612721,240941.11153739996,0.0,0.0,7255.603166019175,1138.8458723583112,0.7894736842105263,-422.6250599458026,0.0,0.0
58,proper_scoring,node-017,0.0,391.6486322268544,474.1699396906704,0.0,391648.6322268544,474169.9396906704,0.0,0.0,7255.603166019175,1138.8458723583112,0.7894736842105263,-212.88829487692556,0.0,0.0
58,proper_scoring,node-018,0.0,0.0,0.0,0.0,0.0,0.0,0.0,0.0,7255.603166019175,1138.8458723583112,0.7894736842105263,0.0,0.0,0.0
58,proper_scoring,node-019,0.0,0.0,113.07616560233134,0.0,0.0,113076.16560233134,0.0,0.0,7255.603166019175,1138.8458723583112,0.7894736842105263,-283.85894885593586,0.0,0.0
58,proper_scoring,node-020,0.0,0.0,0.0,0.0,0.0,0.0,0.0,0.0,7255.603166019175,1138.8458723583112,0.7894736842105263,0.0,0.0,0.0
58,proper_scoring,node-021,0.0,0.0,234.98751718878367,0.0,0.0,234987.51718878368,0.0,0.0,7255.603166019175,1138.8458723583112,0.7894736842105263,-436.1310883859921,0.0,0.0
58,proper_scoring,node-022,0.0,339.96864564208204,339.96864564208204,0.0,339968.64564208203,339968.64564208203,0.0,0.0,7255.603166019175,1138.8458723583112,0.7894736842105263,-385.75899445304077,0.0,0.0
58,proper_scoring,node-023,0.0,325.94840280817397,388.8383857328613,0.0,325948.40280817397,388838.3857328613,0.0,0.0,7255.603166019175,1138.8458723583112,0.7894736842105263,-361.97955325229395,0.0,0.0
58,proper_scoring,node-024,0.0,0.0,542.1437768934273,0.0,0.0,542143.7768934274,0.0,0.0,7255.603166019175,1138.8458723583112,0.7894736842105263,-391.75765094901436,0.0,0.0
58,proper_scoring,node-025,0.0,0.0,0.0,0.0,0.0,0.0,0.0,0.0,7255.603166019175,1138.8458723583112,0.7894736842105263,0.0,0.0,0.0
58,proper_scoring,node-026,0.0,0.0,0.0,0.0,0.0,0.0,0.0,0.0,7255.603166019175,1138.8458723583112,0.7894736842105263,0.0,0.0,0.0
58,proper_scoring,node-027,0.0,0.0,179.8719971419569,0.0,0.0,179871.9971419569,0.0,0.0,7255.603166019175,1138.8458723583112,0.7894736842105263,-80.5120114321724,0.0,0.0
58,proper_scoring,node-028,0.0,420.08631483788633,438.4094499908414,0.0,420086.3148378863,438409.4499908414,0.0,0.0,7255.603166019175,1138.8458723583112,0.7894736842105263,-449.23231164098644,0.0,0.0
58,proper_scoring,node-029,14.133999743587765,96.57755106142707,96.57755106142707,0.027585547092474138,0.188491908250492,0.188491908250492,309.6886944186933,512.3697455122718,7255.603166019175,1138.8458723583112,0.7894736842105263,-614.064741456312,-51.62884349418158,-309.6886944186933
58,audits,node-000,0.0,0.0,259.3394732495506,0.0,0.0,259339.47324955062,0.0,0.0,7255.603166019175,629.5211056046352,0.7894736842105263,-1140.6605267504492,0.0,452.5456391777813
58,audits,node-001,452.5456391777813,320.20506299558986,512.3762311183583,452545.6391777813,320205.06299558986,512376.2311183583,0.0,0.0,7255.603166019175,629.5211056046352,0.7894736842105263,-1587.6237688816416,0.0,0.0
58,audits,node-002,0.0,290.40616151148157,506.983963584204,0.0,290406.16151148156,506983.963584204,0.0,0.0,7255.603166019175,629.5211056046352,0.7894736842105263,-1007.7474909146827,0.0,0.0
58,audits,node-003,0.0,0.0,0.0,0.0,0.0,0.0,0.0,0.0,7255.603166019175,629.5211056046352,0.7894736842105263,0.0,0.0,0.0
58,audits,node-004,0.0,0.0,0.0,0.0,0.0,0.0,0.0,0.0,7255.603166019175,629.5211056046352,0.7894736842105263,0.0,0.0,0.0
58,audits,node-005,0.0,0.0,172.65736179030722,0.0,0.0,172657.36179030722,0.0,0.0,7255.603166019175,629.5211056046352,0.7894736842105263,-427.3426382096928,0.0,0.0
58,audits,node-006,0.0,0.0,260.41472219660375,0.0,0.0,260414.72219660375,0.0,0.0,7255.603166019175,629.5211056046352,0.7894736842105263,-939.5852778033963,0.0,0.0
58,audits,node-007,121.03236554204767,375.8043074541486,483.1892510710755,0.45941554736135604,1.426480766831107,1.8340933292163282,224.72968445635883,263.4485624990156,7255.603166019175,629.5211056046352,0.7894736842105263,-1685.0235201762757,133.6587621129063,-224.72968445635883
58,audits,node-008,0.0,0.0,91.28230378446725,0.0,0.0,91282.30378446725,0.0,0.0,7255.603166019175,629.5211056046352,0.7894736842105263,-308.7176962155327,0.0,0.0
58,audits,node-009,244.2118918058171,0.0,432.424849934482,244211.89180581708,0.0,432424.84993448196,0.0,0.0,7255.603166019175,629.5211056046352,0.7894736842105263,-1267.575150065518,0.0,0.0
58,audits,node-010,0.0,0.0,282.2108749872964,0.0,0.0,282210.8749872964,0.0,0.0,7255.603166019175,629.5211056046352,0.7894736842105263,-1117.7891250127036,0.0,0.0
58,audits,node-011,158.84689990132577,0.0,158.85615579548218,158846.89990132576,0.0,158856.1557954822,0.0,0.0,7255.603166019175,629.5211056046352,0.7894736842105263,-441.1438442045178,0.0,0.0
58,audits,node-012,533.795045140186,246.6329838134646,681.4750905567457,533795.045140186,246632.98381346458,681475.0905567458,-246.6329838134646,-146.29720240665227,7255.603166019175,629.5211056046352,0.7894736842105263,-1394.1714645175628,318.44504116987576,246.6329838134646
58,audits,node-013,0.0,0.0,0.0,0.0,0.0,0.0,0.0,0.0,7255.603166019175,629.5211056046352,0.7894736842105263,0.0,0.0,0.0
58,audits,node-014,0.0,0.0,366.43113265626556,0.0,0.0,366431.1326562656,0.0,0.0,7255.603166019175,629.5211056046352,0.7894736842105263,-433.56886734373444,0.0,0.0
58,audits,node-015,0.0,0.0,138.82814335907813,0.0,0.0,138828.14335907812,0.0,0.0,7255.603166019175,629.5211056046352,0.7894736842105263,-1161.1718566409218,0.0,0.0
58,audits,node-016,0.0,90.27333853612721,240.94111153739996,0.0,90273.33853612721,240941.11153739996,0.0,0.0,7255.603166019175,629.5211056046352,0.7894736842105263,-959.0588884626001,0.0,0.0
58,audits,node-017,0.0,0.0,474.1699396906704,0.0,0.0,474169.9396906704,0.0,0.0,7255.603166019175,629.5211056046352,0.7894736842105263,-1034.4072756558994,0.0,0.0
58,audits,node-018,0.0,0.0,0.0,0.0,0.0,0.0,0.0,0.0,7255.603166019175,629.5211056046352,0.7894736842105263,0.0,0.0,0.0
58,audits,node-019,0.0,0.0,113.07616560233134,0.0,0.0,113076.16560233134,0.0,0.0,7255.603166019175,629.5211056046352,0.7894736842105263,-283.85894885593586,0.0,0.0
58,audits,node-020,0.0,0.0,0.0,0.0,0.0,0.0,0.0,0.0,7255.603166019175,629.5211056046352,0.7894736842105263,0.0,0.0,0.0
58,audits,node-021,0.0,0.0,234.98751718878367,0.0,0.0,234987.51718878368,0.0,0.0,7255.603166019175,629.5211056046352,0.7894736842105263,-965.0124828112163,0.0,0.0
58,audits,node-022,0.0,338.5928801393575,338.5928801393575,0.0,338592.88013935747,338592.88013935747,0.0,0.0,7255.603166019175,629.5211056046352,0.7894736842105263,-1096.774707476149,0.0,0.0
58,audits,node-023,0.0,0.0,388.8383857328613,0.0,0.0,388838.3857328613,0.0,0.0,7255.603166019175,629.5211056046352,0.7894736842105263,-1290.4948883130735,0.0,0.0
58,audits,node-024,0.0,0.0,508.6813628144985,0.0,0.0,508681.36281449854,0.0,0.0,7255.603166019175,629.5211056046352,0.7894736842105263,-1297.9394127372536,0.0,0.0
58,audits,node-025,0.0,0.0,0.0,0.0,0.0,0.0,0.0,0.0,7255.603166019175,629.5211056046352,0.7894736842105263,0.0,0.0,0.0
58,audits,node-026,0.0,0.0,0.0,0.0,0.0,0.0,0.0,0.0,7255.603166019175,629.5211056046352,0.7894736842105263,0.0,0.0,0.0
58,audits,node-027,0.0,0.0,179.8719971419569,0.0,0.0,179871.9971419569,0.0,0.0,7255.603166019175,629.5211056046352,0.7894736842105263,-220.1280028580431,0.0,0.0
58,audits,node-028,0.0,0.0,413.16535438562386,0.0,0.0,413165.3543856238,0.0,0.0,7255.603166019175,629.5211056046352,0.7894736842105263,-1512.3080779102468,0.0,0.0
58,audits,node-029,0.0,0.0,89.57185404106923,0.0,0.0,0.17481878043270196,309.6886944186933,512.3697455122718,7255.603166019175,629.5211056046352,0.7894736842105263,-1435.7827061780981,-563.1157804111448,-309.6886944186933
59,greedy,node-000,0.0,0.0,0.0,0.0,0.0,0.0,0.0,0.0,6528.657732433404,245.04945623176334,0.9,0.0,0.0,0.0
59,greedy,node-001,0.0,0.0,0.0,0.0,0.0,0.0,0.0,0.0,6528.657732433404,245.04945623176334,0.9,0.0,0.0,0.0
59,greedy,node-002,0.0,0.0,0.0,0.0,0.0,0.0,0.0,0.0,6528.657732433404,245.04945623176334,0.9,0.0,0.0,0.0
59,greedy,node-003,0.0,0.0,0.0,0.0,0.0,0.0,0.0,0.0,6528.657732433404,245.04945623176334,0.9,0.0,0.0,0.0
59,greedy,node-004,0.0,0.0,0.0,0.0,0.0,0.0,0.0,0.0,6528.657732433404,245.04945623176334,0.9,0.0,0.0,0.0
59,greedy,node-005,0.0,0.0,0.0,0.0,0.0,0.0,0.0,0.0,6528.657732433404,245.04945623176334,0.9,0.0,0.0,0.0
59,greedy,node-006,0.0,0.0,0.0,0.0,0.0,0.0,0.0,0.0,6528.657732433404,245.04945623176334,0.9,0.0,0.0,0.0
59,greedy,node-007,0.0,0.0,0.0,0.0,0.0,0.0,0.0,0.0,6528.657732433404,245.04945623176334,0.9,0.0,0.0,0.0
59,greedy,node-008,0.0,0.0,0.0,0.0,0.0,0.0,0.0,0.0,6528.657732433404,245.04945623176334,0.9,0.0,0.0,0.0
59,greedy,node-009,0.0,0.0,0.0,0.0,0.0,0.0,0.0,0.0,6528.657732433404,245.04945623176334,0.9,0.0,0.0,0.0
59,greedy,node-010,0.0,0.0,0.0,0.0,0.0,0.0,0.0,0.0,6528.657732433404,245.04945623176334,0.9,0.0,0.0,0.0
59,greedy,node-011,12.713486195039991,0.0,12.713486195039991,0.15211417083866646,0.0,0.15211417083866646,27.859526225039694,83.57857867511909,6528.657732433404,245.04945623176334,0.9,-59.205080925087614,-8.35785786751191,-27.859526225039694
59,greedy,node-012,0.0,0.0,0.0,0.0,0.0,0.0,0.0,0.0,6528.657732433404,245.04945623176334,0.9,-35.605061250425344,0.0,0.0
59,greedy,node-013,0.0,0.0,0.0,0.0,0.0,0.0,0.0,0.0,6528.657732433404,245.04945623176334,0.9,0.0,0.0,0.0
59,greedy,node-014,0.0,0.0,0.0,0.0,0.0,0.0,0.0,0.0,6528.657732433404,245.04945623176334,0.9,0.0,0.0,0.0
59,greedy,node-015,0.0,0.0,0.0,0.0,0.0,0.0,0.0,0.0,6528.657732433404,245.04945623176334,0.9,0.0,0.0,0.0
59,greedy,node-016,0.0,0.0,0.0,0.0,0.0,0.0,0.0,0.0,6528.657732433404,245.04945623176334,0.9,0.0,0.0,0.0
59,greedy,node-017,0.0,0.0,0.0,0.0,0.0,0.0,0.0,0.0,6528.657732433404,245.04945623176334,0.9,0.0,0.0,0.0
59,greedy,node-018,0.0,0.0,0.0,0.0,0.0,0.0,0.0,0.0,6528.657732433404,245.04945623176334,0.9,0.0,0.0,0.0
59,greedy,node-019,0.0,0.0,0.0,0.0,0.0,0.0,0.0,0.0,6528.657732433404,245.04945623176334,0.9,0.0,0.0,0.0
59,greedy,node-020,0.0,0.0,0.0,0.0,0.0,0.0,0.0,0.0,6528.657732433404,245.04945623176334,0.9,-29.510333223233392,0.0,0.0
59,greedy,node-021,0.0,0.0,0.0,0.0,0.0,0.0,0.0,0.0,6528.657732433404,245.04945623176334,0.9,0.0,0.0,0.0
59,greedy,node-022,4.407281971794534,0.0,4.407281971794534,4407.281971794534,0.0,4407.281971794534,0.0,0.0,6528.657732433404,245.04945623176334,0.9,-45.2418557697756,0.0,0.0
59,greedy,node-023,43.59385182759218,0.0,43.59385182759218,0.2699796550761878,0.0,0.2699796550761878,53.82362585221477,161.4708775566443,6528.657732433404,245.04945623176334,0.9,-100.9380024719706,-12.802583188528963,-109.89714565311249
59,greedy,node-024,0.0,0.0,0.0,0.0,0.0,0.0,0.0,0.0,6528.657732433404,245.04945623176334,0.9,0.0,0.0,0.0
59,greedy,node-025,0.0,0.0,0.0,0.0,0.0,0.0,0.0,0.0,6528.657732433404,245.04945623176334,0.9,0.0,0.0,0.0
59,greedy,node-026,0.0,0.0,0.0,0.0,0.0,0.0,0.0,0.0,6528.657732433404,245.04945623176334,0.9,0.0,0.0,0.0
59,greedy,node-027,0.0,0.0,0.0,0.0,0.0,0.0,0.0,0.0,6528.657732433404,245.04945623176334,0.9,0.0,0.0,0.0
59,greedy,node-028,0.0,0.0,0.0,0.0,0.0,0.0,0.0,0.0,6528.657732433404,245.04945623176334,0.9,0.0,0.0,0.0
59,greedy,node-029,0.0,0.0,0.0,0.0,0.0,0.0,0.0,0.0,6528.657732433404,245.04945623176334,0.9,0.0,0.0,0.0
59,trust_vcg,node-000,0.0,0.0,67.22311374104638,0.0,0.0,67223.11374104637,0.0,0.0,8709.849908108512,1370.649927071512,1.0,-1115.0943238370778,0.0,0.0
59,trust_vcg,node-001,0.0,0.0,0.0,0.0,0.0,0.0,0.0,0.0,8709.849908108512,1370.649927071512,1.0,0.0,0.0,0.0
59,trust_vcg,node-002,0.0,0.0,46.396172622239796,0.0,0.0,46396.17262223979,0.0,0.0,8709.849908108512,1370.649927071512,1.0,-553.6038273777602,0.0,0.0
59,trust_vcg,node-003,0.0,0.0,0.0,0.0,0.0,0.0,0.0,0.0,8709.849908108512,1370.649927071512,1.0,0.0,0.0,0.0
59,trust_vcg,node-004,0.0,0.0,0.0,0.0,0.0,0.0,0.0,0.0,8709.849908108512,1370.649927071512,1.0,-5612.4015100514325,0.0,0.0
59,trust_vcg,node-005,0.0,223.43289651183224,418.6917583082754,0.0,223432.89651183222,418691.75830827537,0.0,0.0,8709.849908108512,1370.649927071512,1.0,-5581.308241691724,0.0,0.0
59,trust_vcg,node-006,0.0,0.0,82.60339721927505,0.0,0.0,82603.39721927505,0.0,0.0,8709.849908108512,1370.649927071512,1.0,-1717.3966027807248,0.0,0.0
59,trust_vcg,node-007,225.13402189215813,0.0,225.13402189215813,225134.02189215814,0.0,225134.02189215814,0.0,0.0,8709.849908108512,1370.649927071512,1.0,-11172.815828398632,0.0,0.0
59,trust_vcg,node-008,93.23415183050288,0.0,128.33436947046246,93234.15183050287,0.0,128334.36947046246,0.0,0.0,8709.849908108512,1370.649927071512,1.0,-2271.6656305295373,0.0,0.0
59,trust_vcg,node-009,0.0,0.0,0.0,0.0,0.0,0.0,0.0,0.0,8709.849908108512,1370.649927071512,1.0,0.0,0.0,0.0
59,trust_vcg,node-010,0.0,0.0,0.0,0.0,0.0,0.0,0.0,0.0,8709.849908108512,1370.649927071512,1.0,0.0,0.0,0.0
59,trust_vcg,node-011,276.59142979997137,180.02768765438955,286.52449803454033,276591.42979997135,180027.68765438956,286524.49803454033,0.0,0.0,8709.849908108512,1370.649927071512,1.0,-11073.308455927114,48.705839941197354,0.0
59,trust_vcg,node-012,149.98619790647,0.0,197.63599991696088,149986.19790647,0.0,197635.9999169609,0.0,0.0,8709.849908108512,1370.649927071512,1.0,-11105.116060934077,0.0,0.0
59,trust_vcg,node-013,0.0,0.0,0.0,0.0,0.0,0.0,0.0,0.0,8709.849908108512,1370.649927071512,1.0,0.0,0.0,0.0
59,trust_vcg,node-014,0.0,0.0,0.0,0.0,0.0,0.0,0.0,0.0,8709.849908108512,1370.649927071512,1.0,0.0,0.0,0.0
59,trust_vcg,node-015,0.0,0.0,0.0,0.0,0.0,0.0,0.0,0.0,8709.849908108512,1370.649927071512,1.0,-2292.9972216537,0.0,0.0
59,trust_vcg,node-016,0.0,0.0,0.0,0.0,0.0,0.0,0.0,0.0,8709.849908108512,1370.649927071512,1.0,0.0,0.0,0.0
59,trust_vcg,node-017,0.0,0.0,0.0,0.0,0.0,0.0,0.0,0.0,8709.849908108512,1370.649927071512,1.0,0.0,0.0,0.0
59,trust_vcg,node-018,0.0,0.0,0.0,0.0,0.0,0.0,0.0,0.0,8709.849908108512,1370.649927071512,1.0,-3943.210984927042,0.0,0.0
59,trust_vcg,node-019,0.0,0.0,0.0,0.0,0.0,0.0,0.0,0.0,8709.849908108512,1370.649927071512,1.0,0.0,0.0,0.0
59,trust_vcg,node-020,0.0,0.0,95.509070727008,0.0,0.0,95509.07072700799,0.0,0.0,8709.849908108512,1370.649927071512,1.0,-11085.671163560497,0.0,0.0
59,trust_vcg,node-021,0.0,228.33356586969398,228.33356586969398,0.0,228333.565869694,228333.565869694,0.0,0.0,8709.849908108512,1370.649927071512,1.0,-5588.335765188143,0.0,0.0
59,trust_vcg,node-022,0.0,2.5051388176475484,2.5051388176475484,0.0,0.001827701419719877,0.001827701419719877,1088.5465498120723,1370.649927071512,8709.849908108512,1370.649927071512,1.0,-12160.930537647388,-42.315506588915696,-1088.5465498120723
59,trust_vcg,node-023,0.0,0.0,0.0,0.0,0.0,0.0,0.0,0.0,8709.849908108512,1370.649927071512,1.0,-5444.617767047246,0.0,0.0
59,trust_vcg,node-024,0.0,0.0,0.0,0.0,0.0,0.0,0.0,0.0,8709.849908108512,1370.649927071512,1.0,0.0,0.0,0.0
59,trust_vcg,node-025,0.0,0.0,0.0,0.0,0.0,0.0,0.0,0.0,8709.849908108512,1370.649927071512,1.0,0.0,0.0,0.0
59,trust_vcg,node-026,21.182148226416558,0.0,74.69624894869796,21182.148226416557,0.0,74696.24894869796,0.0,0.0,8709.849908108512,1370.649927071512,1.0,-1725.3037510513022,0.0,0.0
59,trust_vcg,node-027,0.0,0.0,0.0,0.0,0.0,0.0,0.0,0.0,8709.849908108512,1370.649927071512,1.0,0.0,0.0,0.0
59,trust_vcg,node-028,0.0,0.0,0.0,0.0,0.0,0.0,0.0,0.0,8709.849908108512,1370.649927071512,1.0,0.0,0.0,0.0
59,trust_vcg,node-029,0.0,0.0,0.0,0.0,0.0,0.0,0.0,0.0,8709.849908108512,1370.649927071512,1.0,0.0,0.0,0.0
59,contingent,node-000,0.0,0.0,0.0,0.0,0.0,0.0,0.0,0.0,8709.849908108512,423.1550658891594,1.0,-129.54417996679683,0.0,0.0
59,contingent,node-001,0.0,0.0,0.0,0.0,0.0,0.0,0.0,0.0,8709.849908108512,423.1550658891594,1.0,0.0,0.0,0.0
59,contingent,node-002,0.0,0.0,0.0,0.0,0.0,0.0,0.0,0.0,8709.849908108512,423.1550658891594,1.0,-14.41530951104084,0.0,0.0
59,contingent,node-003,0.0,0.0,0.0,0.0,0.0,0.0,0.0,0.0,8709.849908108512,423.1550658891594,1.0,0.0,0.0,0.0
59,contingent,node-004,0.0,0.0,0.0,0.0,0.0,0.0,0.0,0.0,8709.849908108512,423.1550658891594,1.0,-449.606040205726,0.0,0.0
59,contingent,node-005,0.0,73.43289651183227,73.43289651183227,0.0,73432.89651183227,73432.89651183227,0.0,0.0,8709.849908108512,423.1550658891594,1.0,-325.23296676689836,0.0,0.0
59,contingent,node-006,0.0,0.0,0.0,0.0,0.0,0.0,0.0,0.0,8709.849908108512,423.1550658891594,1.0,-269.58641112289985,0.0,0.0
59,contingent,node-007,0.0,0.0,0.0,0.0,0.0,0.0,0.0,0.0,8709.849908108512,423.1550658891594,1.0,-691.2633135945396,0.0,0.0
59,contingent,node-008,0.0,0.0,10.616223238101355,0.0,0.0,10616.223238101355,0.0,0.0,8709.849908108512,423.1550658891594,1.0,-286.6625221181501,0.0,0.0
59,contingent,node-009,0.0,0.0,0.0,0.0,0.0,0.0,0.0,0.0,8709.849908108512,423.1550658891594,1.0,0.0,0.0,0.0
59,contingent,node-010,0.0,0.0,0.0,0.0,0.0,0.0,0.0,0.0,8709.849908108512,423.1550658891594,1.0,0.0,0.0,0.0
59,contingent,node-011,2.155803748278786,110.33192387160156,119.70884774062249,2155.8037482787863,110331.92387160155,119708.84774062248,0.0,0.0,8709.849908108512,423.1550658891594,1.0,-293.2338237084637,1.5035940595833495,0.0
59,contingent,node-012,2.758264643513005,0.0,38.99897455820414,2758.264643513005,0.0,38998.974558204136,0.0,0.0,8709.849908108512,423.1550658891594,1.0,-420.4642437363085,0.0,0.0
59,contingent,node-013,0.0,0.0,0.0,0.0,0.0,0.0,0.0,0.0,8709.849908108512,423.1550658891594,1.0,0.0,0.0,0.0
59,contingent,node-014,0.0,0.0,0.0,0.0,0.0,0.0,0.0,0.0,8709.849908108512,423.1550658891594,1.0,0.0,0.0,0.0
59,contingent,node-015,0.0,0.0,0.0,0.0,0.0,0.0,0.0,0.0,8709.849908108512,423.1550658891594,1.0,-371.9888866148001,0.0,0.0
59,contingent,node-016,0.0,0.0,0.0,0.0,0.0,0.0,0.0,0.0,8709.849908108512,423.1550658891594,1.0,0.0,0.0,0.0
59,contingent,node-017,0.0,0.0,0.0,0.0,0.0,0.0,0.0,0.0,8709.849908108512,423.1550658891594,1.0,0.0,0.0,0.0
59,contingent,node-018,0.0,0.0,0.0,0.0,0.0,0.0,0.0,0.0,8709.849908108512,423.1550658891594,1.0,-372.84393970816797,0.0,0.0
59,contingent,node-019,0.0,0.0,0.0,0.0,0.0,0.0,0.0,0.0,8709.849908108512,423.1550658891594,1.0,0.0,0.0,0.0
59,contingent,node-020,0.0,11.322070502661077,11.322070502661077,0.0,11322.070502661078,11322.070502661078,0.0,0.0,8709.849908108512,423.1550658891594,1.0,-459.43305385544926,0.0,0.0
59,contingent,node-021,0.0,78.33356586969401,78.33356586969401,0.0,78333.56586969401,78333.56586969401,0.0,0.0,8709.849908108512,423.1550658891594,1.0,-353.34306075257626,0.0,0.0
59,contingent,node-022,123.13588751451675,0.0,259.7507654656011,0.2909947143271842,0.0,0.6138429772069415,141.05168862971982,423.1550658891594,8709.849908108512,423.1550658891594,1.0,-430.58763997097594,-42.31550658891594,-141.05168862971982
59,contingent,node-023,0.0,33.46164713839834,36.767431399423856,0.0,33461.64713839834,36767.431399423855,0.0,0.0,8709.849908108512,423.1550658891594,1.0,-117.2029790391023,0.0,0.0
59,contingent,node-024,0.0,0.0,0.0,0.0,0.0,0.0,0.0,0.0,8709.849908108512,423.1550658891594,1.0,0.0,0.0,0.0
59,contingent,node-025,0.0,0.0,0.0,0.0,0.0,0.0,0.0,0.0,8709.849908108512,423.1550658891594,1.0,0.0,0.0,0.0
59,contingent,node-026,0.0,0.0,0.0,0.0,0.0,0.0,0.0,0.0,8709.849908108512,423.1550658891594,1.0,-301.2150042052082,0.0,0.0
59,contingent,node-027,0.0,0.0,0.0,0.0,0.0,0.0,0.0,0.0,8709.849908108512,423.1550658891594,1.0,0.0,0.0,0.0
59,contingent,node-028,0.0,0.0,0.0,0.0,0.0,0.0,0.0,0.0,8709.849908108512,423.1550658891594,1.0,0.0,0.0,0.0
59,contingent,node-029,0.0,0.0,0.0,0.0,0.0,0.0,0.0,0.0,8709.849908108512,423.1550658891594,1.0,0.0,0.0,0.0
59,capped,node-000,0.0,0.0,0.0,0.0,0.0,0.0,0.0,0.0,8709.849908108512,423.1550658891594,1.0,-32.38604499169921,0.0,0.0
59,capped,node-001,0.0,0.0,0.0,0.0,0.0,0.0,0.0,0.0,8709.849908108512,423.1550658891594,1.0,0.0,0.0,0.0
59,capped,node-002,0.0,0.0,0.0,0.0,0.0,0.0,0.0,0.0,8709.849908108512,423.1550658891594,1.0,-3.6038273777602097,0.0,0.0
59,capped,node-003,0.0,0.0,0.0,0.0,0.0,0.0,0.0,0.0,8709.849908108512,423.1550658891594,1.0,0.0,0.0,0.0
59,capped,node-004,0.0,0.0,26.71403133608535,0.0,0.0,26714.031336085347,0.0,0.0,8709.849908108512,423.1550658891594,1.0,-112.4015100514315,0.0,0.0
59,capped,node-005,0.0,73.43289651183227,73.43289651183227,0.0,73432.89651183227,73432.89651183227,0.0,0.0,8709.849908108512,423.1550658891594,1.0,-81.30824169172458,0.0,0.0
59,capped,node-006,0.0,0.0,0.0,0.0,0.0,0.0,0.0,0.0,8709.849908108512,423.1550658891594,1.0,-67.39660278072495,0.0,0.0
59,capped,node-007,0.0,0.0,0.0,0.0,0.0,0.0,0.0,0.0,8709.849908108512,423.1550658891594,1.0,-172.81582839863495,0.0,0.0
59,capped,node-008,0.0,0.0,10.616223238101355,0.0,0.0,10616.223238101355,0.0,0.0,8709.849908108512,423.1550658891594,1.0,-71.66563052953752,0.0,0.0
59,capped,node-009,0.0,0.0,0.0,0.0,0.0,0.0,0.0,0.0,8709.849908108512,423.1550658891594,1.0,0.0,0.0,0.0
59,capped,node-010,0.0,0.0,0.0,0.0,0.0,0.0,0.0,0.0,8709.849908108512,423.1550658891594,1.0,0.0,0.0,0.0
59,capped,node-011,2.155803748278786,130.02768765438935,146.61691185423186,2155.8037482787863,130027.68765438934,146616.91185423185,0.0,0.0,8709.849908108512,423.1550658891594,1.0,-73.30845592711593,1.5035940595833495,0.0
59,capped,node-012,2.758264643513005,0.0,52.55803046703856,2758.264643513005,0.0,52558.03046703856,0.0,0.0,8709.849908108512,423.1550658891594,1.0,-105.11606093407713,0.0,0.0
59,capped,node-013,0.0,0.0,0.0,0.0,0.0,0.0,0.0,0.0,8709.849908108512,423.1550658891594,1.0,0.0,0.0,0.0
59,capped,node-014,0.0,0.0,0.0,0.0,0.0,0.0,0.0,0.0,8709.849908108512,423.1550658891594,1.0,0.0,0.0,0.0
59,capped,node-015,0.0,0.0,0.0,0.0,0.0,0.0,0.0,0.0,8709.849908108512,423.1550658891594,1.0,-92.99722165370002,0.0,0.0
59,capped,node-016,0.0,0.0,0.0,0.0,0.0,0.0,0.0,0.0,8709.849908108512,423.1550658891594,1.0,0.0,0.0,0.0
59,capped,node-017,0.0,0.0,0.0,0.0,0.0,0.0,0.0,0.0,8709.849908108512,423.1550658891594,1.0,0.0,0.0,0.0
59,capped,node-018,0.0,0.0,26.03606646543154,0.0,0.0,26036.066465431537,0.0,0.0,8709.849908108512,423.1550658891594,1.0,-93.21098492704198,0.0,0.0
59,capped,node-019,0.0,0.0,0.0,0.0,0.0,0.0,0.0,0.0,8709.849908108512,423.1550658891594,1.0,0.0,0.0,0.0
59,capped,node-020,3.182445836012292,31.45709107214085,31.45709107214085,3182.4458360122917,31457.09107214085,31457.09107214085,0.0,0.0,8709.849908108512,423.1550658891594,1.0,-114.85826346386231,0.0,0.0
59,capped,node-021,0.0,78.33356586969401,78.33356586969401,0.0,78333.56586969401,78333.56586969401,0.0,0.0,8709.849908108512,423.1550658891594,1.0,-88.33576518814408,0.0,0.0
59,capped,node-022,123.13588751451675,0.0,259.7507654656011,0.2909947143271842,0.0,0.6138429772069415,141.05168862971982,423.1550658891594,8709.849908108512,423.1550658891594,1.0,-213.43567646503385,-42.31550658891594,-141.05168862971982
59,capped,node-023,0.0,58.60148951955115,70.7932829594068,0.0,58601.48951955115,70793.28295940679,0.0,0.0,8709.849908108512,423.1550658891594,1.0,-29.300744759775576,0.0,0.0
59,capped,node-024,0.0,0.0,0.0,0.0,0.0,0.0,0.0,0.0,8709.849908108512,423.1550658891594,1.0,0.0,0.0,0.0
59,capped,node-025,0.0,0.0,0.0,0.0,0.0,0.0,0.0,0.0,8709.849908108512,423.1550658891594,1.0,0.0,0.0,0.0
59,capped,node-026,0.0,0.0,0.0,0.0,0.0,0.0,0.0,0.0,8709.849908108512,423.1550658891594,1.0,-75.30375105130204,0.0,0.0
59,capped,node-027,0.0,0.0,0.0,0.0,0.0,0.0,0.0,0.0,8709.849908108512,423.1550658891594,1.0,0.0,0.0,0.0
59,capped,node-028,0.0,0.0,0.0,0.0,0.0,0.0,0.0,0.0,8709.849908108512,423.1550658891594,1.0,0.0,0.0,0.0
59,capped,node-029,0.0,0.0,0.0,0.0,0.0,0.0,0.0,0.0,8709.849908108512,423.1550658891594,1.0,0.0,0.0,0.0
59,proper_scoring,node-000,0.0,0.0,67.22311374104638,0.0,0.0,67223.11374104637,0.0,0.0,8709.849908108512,1370.649927071512,1.0,-115.09432383707778,0.0,0.0
59,proper_scoring,node-001,0.0,0.0,0.0,0.0,0.0,0.0,0.0,0.0,8709.849908108512,1370.649927071512,1.0,0.0,0.0,0.0
59,proper_scoring,node-002,0.0,0.0,46.396172622239796,0.0,0.0,46396.17262223979,0.0,0.0,8709.849908108512,1370.649927071512,1.0,-14.41530951104084,0.0,0.0
59,proper_scoring,node-003,0.0,0.0,0.0,0.0,0.0,0.0,0.0,0.0,8709.849908108512,1370.649927071512,1.0,0.0,0.0,0.0
59,proper_scoring,node-004,0.0,0.0,287.59848994856844,0.0,0.0,287598.48994856846,0.0,0.0,8709.849908108512,1370.649927071512,1.0,-433.6704475771663,0.0,0.0
59,proper_scoring,node-005,0.0,223.43289651183224,418.6917583082754,0.0,223432.89651183222,418691.75830827537,0.0,0.0,8709.849908108512,1370.649927071512,1.0,-325.23296676689836,0.0,0.0
59,proper_scoring,node-006,0.0,0.0,82.60339721927505,0.0,0.0,82603.39721927505,0.0,0.0,8709.849908108512,1370.649927071512,1.0,-217.39660278072495,0.0,0.0
59,proper_scoring,node-007,225.13402189215813,0.0,696.5644476286733,225134.02189215814,0.0,696564.4476286733,0.0,0.0,8709.849908108512,1370.649927071512,1.0,-603.3181236401952,0.0,0.0
59,proper_scoring,node-008,93.23415183050288,0.0,128.33436947046246,93234.15183050287,0.0,128334.36947046246,0.0,0.0,8709.849908108512,1370.649927071512,1.0,-266.68682313830726,0.0,0.0
59,proper_scoring,node-009,0.0,0.0,0.0,0.0,0.0,0.0,0.0,0.0,8709.849908108512,1370.649927071512,1.0,0.0,0.0,0.0
59,proper_scoring,node-010,0.0,0.0,0.0,0.0,0.0,0.0,0.0,0.0,8709.849908108512,1370.649927071512,1.0,0.0,0.0,0.0
59,proper_scoring,node-011,276.59142979997137,710.3319238716017,1019.7088477406226,276591.42979997135,710331.9238716017,1019708.8477406226,0.0,0.0,8709.849908108512,1370.649927071512,1.0,-293.2338237084637,48.705839941197354,0.0
59,proper_scoring,node-012,361.45497958504734,0.0,934.6098512868043,361454.97958504735,0.0,934609.8512868043,0.0,0.0,8709.849908108512,1370.649927071512,1.0,-409.02710836030064,0.0,0.0
59,proper_scoring,node-013,0.0,0.0,0.0,0.0,0.0,0.0,0.0,0.0,8709.849908108512,1370.649927071512,1.0,0.0,0.0,0.0
59,proper_scoring,node-014,0.0,0.0,0.0,0.0,0.0,0.0,0.0,0.0,8709.849908108512,1370.649927071512,1.0,0.0,0.0,0.0
59,proper_scoring,node-015,0.0,0.0,9.904039059208465,0.0,0.0,9904.039059208464,0.0,0.0,8709.849908108512,1370.649927071512,1.0,-290.09596094079154,0.0,0.0
59,proper_scoring,node-016,0.0,0.0,0.0,0.0,0.0,0.0,0.0,0.0,8709.849908108512,1370.649927071512,1.0,0.0,0.0,0.0
59,proper_scoring,node-017,0.0,0.0,0.0,0.0,0.0,0.0,0.0,0.0,8709.849908108512,1370.649927071512,1.0,0.0,0.0,0.0
59,proper_scoring,node-018,0.0,0.0,156.78901507295802,0.0,0.0,156789.01507295802,0.0,0.0,8709.849908108512,1370.649927071512,1.0,-361.0781053903338,0.0,0.0
59,proper_scoring,node-019,0.0,0.0,0.0,0.0,0.0,0.0,0.0,0.0,8709.849908108512,1370.649927071512,1.0,0.0,0.0,0.0
59,proper_scoring,node-020,294.5596492468582,361.2845259978997,709.5968990967665,294559.6492468582,361284.5259978997,709596.8990967665,0.0,0.0,8709.849908108512,1370.649927071512,1.0,-430.81054377605807,0.0,0.0
59,proper_scoring,node-021,0.0,228.33356586969398,334.5452701882262,0.0,228333.565869694,334545.2701882262,0.0,0.0,8709.849908108512,1370.649927071512,1.0,-353.34306075257626,0.0,0.0
59,proper_scoring,node-022,0.0,2.5051388176475484,2.5051388176475484,0.0,0.001827701419719877,0.001827701419719877,1088.5465498120723,1370.649927071512,8709.849908108512,1370.649927071512,1.0,-1378.0825011533284,-42.315506588915696,-1088.5465498120723
59,proper_scoring,node-023,0.0,481.7759618892886,481.7759618892886,0.0,481775.9618892886,481775.9618892886,0.0,0.0,8709.849908108512,1370.649927071512,1.0,-117.2029790391023,0.0,0.0
59,proper_scoring,node-024,0.0,0.0,0.0,0.0,0.0,0.0,0.0,0.0,8709.849908108512,1370.649927071512,1.0,0.0,0.0,0.0
59,proper_scoring,node-025,0.0,0.0,0.0,0.0,0.0,0.0,0.0,0.0,8709.849908108512,1370.649927071512,1.0,0.0,0.0,0.0
59,proper_scoring,node-026,21.182148226416558,0.0,74.69624894869796,21182.148226416557,0.0,74696.24894869796,0.0,0.0,8709.849908108512,1370.649927071512,1.0,-225.30375105130204,0.0,0.0
59,proper_scoring,node-027,0.0,0.0,0.0,0.0,0.0,0.0,0.0,0.0,8709.849908108512,1370.649927071512,1.0,0.0,0.0,0.0
59,proper_scoring,node-028,0.0,0.0,0.0,0.0,0.0,0.0,0.0,0.0,8709.849908108512,1370.649927071512,1.0,0.0,0.0,0.0
59,proper_scoring,node-029,0.0,0.0,0.0,0.0,0.0,0.0,0.0,0.0,8709.849908108512,1370.649927071512,1.0,0.0,0.0,0.0
59,audits,node-000,0.0,0.0,67.22311374104638,0.0,0.0,67223.11374104637,0.0,0.0,8709.849908108512,1370.649927071512,1.0,-615.0943238370778,0.0,0.0
59,audits,node-001,0.0,0.0,0.0,0.0,0.0,0.0,0.0,0.0,8709.849908108512,1370.649927071512,1.0,0.0,0.0,0.0
59,audits,node-002,0.0,0.0,46.396172622239796,0.0,0.0,46396.17262223979,0.0,0.0,8709.849908108512,1370.649927071512,1.0,-53.603827377760204,0.0,0.0
59,audits,node-003,0.0,0.0,0.0,0.0,0.0,0.0,0.0,0.0,8709.849908108512,1370.649927071512,1.0,0.0,0.0,0.0
59,audits,node-004,0.0,0.0,287.59848994856844,0.0,0.0,287598.48994856846,0.0,0.0,8709.849908108512,1370.649927071512,1.0,-2612.4015100514316,0.0,0.0
59,audits,node-005,0.0,223.43289651183224,418.6917583082754,0.0,223432.89651183222,418691.75830827537,0.0,0.0,8709.849908108512,1370.649927071512,1.0,-2581.3082416917246,0.0,0.0
59,audits,node-006,0.0,0.0,82.60339721927505,0.0,0.0,82603.39721927505,0.0,0.0,8709.849908108512,1370.649927071512,1.0,-1217.396602780725,0.0,0.0
59,audits,node-007,225.13402189215813,0.0,627.184171601365,225134.02189215814,0.0,627184.1716013651,0.0,0.0,8709.849908108512,1370.649927071512,1.0,-3172.815828398634,0.0,0.0
59,audits,node-008,93.23415183050288,0.0,128.33436947046246,93234.15183050287,0.0,128334.36947046246,0.0,0.0,8709.849908108512,1370.649927071512,1.0,-1771.6656305295373,0.0,0.0
59,audits,node-009,0.0,0.0,0.0,0.0,0.0,0.0,0.0,0.0,8709.849908108512,1370.649927071512,1.0,0.0,0.0,0.0
59,audits,node-010,0.0,0.0,0.0,0.0,0.0,0.0,0.0,0.0,8709.849908108512,1370.649927071512,1.0,0.0,0.0,0.0
59,audits,node-011,276.59142979997137,680.0276876543894,946.6169118542318,276591.42979997135,680027.6876543894,946616.9118542318,0.0,0.0,8709.849908108512,1370.649927071512,1.0,-3073.3084559271165,48.705839941197354,0.0
59,audits,node-012,310.02281821736636,0.0,852.5580304670384,310022.81821736635,0.0,852558.0304670384,0.0,0.0,8709.849908108512,1370.649927071512,1.0,-3105.116060934077,0.0,0.0
59,audits,node-013,0.0,0.0,0.0,0.0,0.0,0.0,0.0,0.0,8709.849908108512,1370.649927071512,1.0,0.0,0.0,0.0
59,audits,node-014,0.0,0.0,0.0,0.0,0.0,0.0,0.0,0.0,8709.849908108512,1370.649927071512,1.0,0.0,0.0,0.0
59,audits,node-015,0.0,0.0,0.0,0.0,0.0,0.0,0.0,0.0,8709.849908108512,1370.649927071512,1.0,-1792.9972216537,0.0,0.0
59,audits,node-016,0.0,0.0,0.0,0.0,0.0,0.0,0.0,0.0,8709.849908108512,1370.649927071512,1.0,0.0,0.0,0.0
59,audits,node-017,0.0,0.0,0.0,0.0,0.0,0.0,0.0,0.0,8709.849908108512,1370.649927071512,1.0,0.0,0.0,0.0
59,audits,node-018,0.0,0.0,156.78901507295802,0.0,0.0,156789.01507295802,0.0,0.0,8709.849908108512,1370.649927071512,1.0,-2443.210984927042,0.0,0.0
59,audits,node-019,0.0,0.0,0.0,0.0,0.0,0.0,0.0,0.0,8709.849908108512,1370.649927071512,1.0,0.0,0.0,0.0
59,audits,node-020,278.9599821235952,284.3382565577159,589.4286220100788,278959.9821235952,284338.2565577159,589428.6220100787,0.0,0.0,8709.849908108512,1370.649927071512,1.0,-3085.671163560498,0.0,0.0
59,audits,node-021,0.0,228.33356586969398,228.33356586969398,0.0,228333.565869694,228333.565869694,0.0,0.0,8709.849908108512,1370.649927071512,1.0,-2588.3357651881443,0.0,0.0
59,audits,node-022,0.0,2.5051388176475484,2.5051388176475484,0.0,0.001827701419719877,0.001827701419719877,1088.5465498120723,1370.649927071512,8709.849908108512,1370.649927071512,1.0,-4160.930537647386,-42.315506588915696,-1088.5465498120723
59,audits,node-023,0.0,465.3841020416943,465.3841020416943,0.0,465384.1020416943,465384.1020416943,0.0,0.0,8709.849908108512,1370.649927071512,1.0,-2444.6177670472475,0.0,0.0
59,audits,node-024,0.0,0.0,0.0,0.0,0.0,0.0,0.0,0.0,8709.849908108512,1370.649927071512,1.0,0.0,0.0,0.0
59,audits,node-025,0.0,0.0,0.0,0.0,0.0,0.0,0.0,0.0,8709.849908108512,1370.649927071512,1.0,0.0,0.0,0.0
59,audits,node-026,21.182148226416558,0.0,74.69624894869796,21182.148226416557,0.0,74696.24894869796,0.0,0.0,8709.849908108512,1370.649927071512,1.0,-1225.3037510513022,0.0,0.0
59,audits,node-027,0.0,0.0,0.0,0.0,0.0,0.0,0.0,0.0,8709.849908108512,1370.649927071512,1.0,0.0,0.0,0.0
59,audits,node-028,0.0,0.0,0.0,0.0,0.0,0.0,0.0,0.0,8709.849908108512,1370.649927071512,1.0,0.0,0.0,0.0
59,audits,node-029,0.0,0.0,0.0,0.0,0.0,0.0,0.0,0.0,8709.849908108512,1370.649927071512,1.0,0.0,0.0,0.0
60,greedy,node-000,0.0,0.0,0.0,0.0,0.0,0.0,0.0,0.0,8817.33443891657,195.91165551344034,0.95,0.0,0.0,-47.5995239968004
60,greedy,node-001,8.688890591194472,0.0,8.688890591194472,8688.890591194471,0.0,8688.890591194471,0.0,0.0,8817.33443891657,195.91165551344034,0.95,-47.5995239968004,5.3465987164170325,0.0
60,greedy,node-002,3.6498083710404066,0.0,3.6498083710404066,0.1917046682089805,0.0,0.1917046682089805,6.346234558151514,19.038703674454545,8817.33443891657,195.91165551344034,0.95,-51.43352905504209,14.324972934969786,-6.346234558151514
60,greedy,node-003,0.0,0.0,0.0,0.0,0.0,0.0,0.0,0.0,8817.33443891657,195.91165551344034,0.95,0.0,0.0,0.0
60,greedy,node-004,0.0,0.0,0.0,0.0,0.0,0.0,0.0,0.0,8817.33443891657,195.91165551344034,0.95,0.0,0.0,0.0
60,greedy,node-005,0.0,0.0,0.0,0.0,0.0,0.0,0.0,0.0,8817.33443891657,195.91165551344034,0.95,0.0,0.0,0.0
60,greedy,node-006,0.0,0.0,0.0,0.0,0.0,0.0,0.0,0.0,8817.33443891657,195.91165551344034,0.95,0.0,0.0,0.0
60,greedy,node-007,0.0,0.0,0.0,0.0,0.0,0.0,0.0,0.0,8817.33443891657,195.91165551344034,0.95,0.0,0.0,0.0
60,greedy,node-008,0.0,0.0,0.0,0.0,0.0,0.0,0.0,0.0,8817.33443891657,195.91165551344034,0.95,0.0,0.0,0.0
60,greedy,node-009,0.0,0.0,0.0,0.0,0.0,0.0,0.0,0.0,8817.33443891657,195.91165551344034,0.95,0.0,0.0,0.0
60,greedy,node-010,0.0,0.0,0.0,0.0,0.0,0.0,0.0,0.0,8817.33443891657,195.91165551344034,0.95,-12.872378077271566,0.0,0.0
60,greedy,node-011,0.0,0.0,0.0,0.0,0.0,0.0,0.0,0.0,8817.33443891657,195.91165551344034,0.95,0.0,0.0,0.0
60,greedy,node-012,0.0,0.0,0.0,0.0,0.0,0.0,0.0,0.0,8817.33443891657,195.91165551344034,0.95,0.0,0.0,0.0
60,greedy,node-013,0.0,0.0,0.0,0.0,0.0,0.0,0.0,0.0,8817.33443891657,195.91165551344034,0.95,0.0,0.0,0.0
60,greedy,node-014,0.0,0.0,0.0,0.0,0.0,0.0,0.0,0.0,8817.33443891657,195.91165551344034,0.95,0.0,0.0,0.0
60,greedy,node-015,0.0,0.0,0.0,0.0,0.0,0.0,0.0,0.0,8817.33443891657,195.91165551344034,0.95,0.0,0.0,0.0
60,greedy,node-016,0.0,0.0,0.0,0.0,0.0,0.0,0.0,0.0,8817.33443891657,195.91165551344034,0.95,0.0,0.0,0.0
60,greedy,node-017,0.0,0.0,0.0,0.0,0.0,0.0,0.0,0.0,8817.33443891657,195.91165551344034,0.95,0.0,0.0,0.0
60,greedy,node-018,0.0,0.0,0.0,0.0,0.0,0.0,0.0,0.0,8817.33443891657,195.91165551344034,0.95,0.0,0.0,0.0
60,greedy,node-019,0.0,0.0,0.0,0.0,0.0,0.0,0.0,0.0,8817.33443891657,195.91165551344034,0.95,0.0,0.0,0.0
60,greedy,node-020,0.0,0.0,0.0,0.0,0.0,0.0,0.0,0.0,8817.33443891657,195.91165551344034,0.95,0.0,0.0,0.0
60,greedy,node-021,0.0,0.0,0.0,0.0,0.0,0.0,0.0,0.0,8817.33443891657,195.91165551344034,0.95,0.0,0.0,0.0
60,greedy,node-022,0.0,0.0,0.0,0.0,0.0,0.0,0.0,0.0,8817.33443891657,195.91165551344034,0.95,-25.37771445122706,0.0,0.0
60,greedy,node-023,0.0,0.0,0.0,0.0,0.0,0.0,0.0,0.0,8817.33443891657,195.91165551344034,0.95,0.0,0.0,0.0
60,greedy,node-024,0.0,0.0,0.0,0.0,0.0,0.0,0.0,0.0,8817.33443891657,195.91165551344034,0.95,0.0,0.0,0.0
60,greedy,node-025,0.0,0.0,0.0,0.0,0.0,0.0,0.0,0.0,8817.33443891657,195.91165551344034,0.95,0.0,0.0,0.0
60,greedy,node-026,0.0,0.0,0.0,0.0,0.0,0.0,0.0,0.0,8817.33443891657,195.91165551344034,0.95,0.0,0.0,0.0
60,greedy,node-027,0.0,0.0,0.0,0.0,0.0,0.0,0.0,0.0,8817.33443891657,195.91165551344034,0.95,0.0,0.0,0.0
60,greedy,node-028,23.31218586802359,0.0,23.31218586802359,0.16529573463467126,0.0,0.16529573463467126,47.011065590101424,141.03319677030427,8817.33443891657,195.91165551344034,0.95,-85.62146309285843,-11.832501436214137,-47.011065590101424
60,greedy,node-029,0.0,0.0,0.0,0.0,0.0,0.0,11.946585022893842,35.839755068681534,8817.33443891657,195.91165551344034,0.95,-37.9573163543418,1.0692792586669047,-11.946585022893842
60,trust_vcg,node-000,0.0,0.0,0.0,0.0,0.0,0.0,0.0,0.0,8886.495938882259,1200.5265254691399,1.0,0.0,0.0,285.27104276931755
60,trust_vcg,node-001,285.27104276931755,0.0,285.27104276931755,285271.0427693175,0.0,285271.0427693175,0.0,0.0,8886.495938882259,1200.5265254691399,1.0,-6088.39157357738,0.0,0.0
60,trust_vcg,node-002,46.250408356526876,0.0,46.250408356526876,46250.408356526874,0.0,46250.408356526874,0.0,0.0,8886.495938882259,1200.5265254691399,1.0,-11045.08729449689,0.0,0.0
60,trust_vcg,node-003,0.0,0.0,0.0,0.0,0.0,0.0,0.0,0.0,8886.495938882259,1200.5265254691399,1.0,0.0,0.0,0.0
60,trust_vcg,node-004,0.0,0.0,0.0,0.0,0.0,0.0,0.0,0.0,8886.495938882259,1200.5265254691399,1.0,0.0,0.0,0.0
60,trust_vcg,node-005,0.0,0.0,0.0,0.0,0.0,0.0,0.0,0.0,8886.495938882259,1200.5265254691399,1.0,0.0,0.0,0.0
60,trust_vcg,node-006,0.0,0.0,0.0,0.0,0.0,0.0,0.0,0.0,8886.495938882259,1200.5265254691399,1.0,0.0,0.0,0.0
60,trust_vcg,node-007,0.0,201.9042192548858,393.24486596479045,0.0,201904.21925488577,393244.86596479046,0.0,0.0,8886.495938882259,1200.5265254691399,1.0,-5006.755134035209,0.0,0.0
60,trust_vcg,node-008,0.0,0.0,0.0,0.0,0.0,0.0,0.0,0.0,8886.495938882259,1200.5265254691399,1.0,0.0,0.0,0.0
60,trust_vcg,node-009,0.0,0.0,0.0,0.0,0.0,0.0,0.0,0.0,8886.495938882259,1200.5265254691399,1.0,0.0,0.0,0.0
60,trust_vcg,node-010,0.0,0.0,0.0,0.0,0.0,0.0,0.0,0.0,8886.495938882259,1200.5265254691399,1.0,-5561.782044402228,0.0,0.0
60,trust_vcg,node-011,0.0,0.0,0.0,0.0,0.0,0.0,0.0,0.0,8886.495938882259,1200.5265254691399,1.0,0.0,0.0,0.0
60,trust_vcg,node-012,0.0,0.0,0.0,0.0,0.0,0.0,0.0,0.0,8886.495938882259,1200.5265254691399,1.0,0.0,0.0,0.0
60,trust_vcg,node-013,0.0,0.0,0.0,0.0,0.0,0.0,0.0,0.0,8886.495938882259,1200.5265254691399,1.0,0.0,0.0,0.0
60,trust_vcg,node-014,0.0,0.0,0.0,0.0,0.0,0.0,0.0,0.0,8886.495938882259,1200.5265254691399,1.0,0.0,0.0,0.0
60,trust_vcg,node-015,0.0,0.0,0.0,0.0,0.0,0.0,0.0,0.0,8886.495938882259,1200.5265254691399,1.0,0.0,0.0,0.0
60,trust_vcg,node-016,0.0,0.0,0.0,0.0,0.0,0.0,0.0,0.0,8886.495938882259,1200.5265254691399,1.0,0.0,0.0,0.0
60,trust_vcg,node-017,0.0,0.0,0.0,0.0,0.0,0.0,0.0,0.0,8886.495938882259,1200.5265254691399,1.0,0.0,0.0,0.0
60,trust_vcg,node-018,0.0,0.0,0.0,0.0,0.0,0.0,0.0,0.0,8886.495938882259,1200.5265254691399,1.0,0.0,0.0,0.0
60,trust_vcg,node-019,0.0,0.0,0.0,0.0,0.0,0.0,0.0,0.0,8886.495938882259,1200.5265254691399,1.0,0.0,0.0,0.0
60,trust_vcg,node-020,0.0,0.0,0.0,0.0,0.0,0.0,0.0,0.0,8886.495938882259,1200.5265254691399,1.0,0.0,0.0,0.0
60,trust_vcg,node-021,0.0,0.0,0.0,0.0,0.0,0.0,0.0,0.0,8886.495938882259,1200.5265254691399,1.0,0.0,0.0,0.0
60,trust_vcg,node-022,437.913853084804,0.0,530.7988389493096,437913.85308480397,0.0,530798.8389493095,0.0,0.0,8886.495938882259,1200.5265254691399,1.0,-6113.1895922351205,0.0,0.0
60,trust_vcg,node-023,0.0,0.0,0.0,0.0,0.0,0.0,0.0,0.0,8886.495938882259,1200.5265254691399,1.0,0.0,0.0,0.0
60,trust_vcg,node-024,0.0,0.0,0.0,0.0,0.0,0.0,0.0,0.0,8886.495938882259,1200.5265254691399,1.0,0.0,0.0,0.0
60,trust_vcg,node-025,0.0,0.0,148.92326173433565,0.0,0.0,148923.26173433565,0.0,0.0,8886.495938882259,1200.5265254691399,1.0,-2251.076738265664,0.0,0.0
60,trust_vcg,node-026,0.0,0.0,0.0,0.0,0.0,0.0,0.0,0.0,8886.495938882259,1200.5265254691399,1.0,0.0,0.0,0.0
60,trust_vcg,node-027,0.0,0.0,0.0,0.0,0.0,0.0,0.0,0.0,8886.495938882259,1200.5265254691399,1.0,0.0,0.0,0.0
60,trust_vcg,node-028,137.82690927887973,214.77831577737726,333.92509942218425,0.3375522203843287,0.5260140981204586,0.8178167771573799,335.4767758710331,408.3128504441576,8886.495938882259,1200.5265254691399,1.0,-8066.074900577816,-10.925411185968699,-335.4767758710331
60,trust_vcg,node-029,0.0,0.0,144.7199172431101,0.0,0.0,0.1826778832599001,730.378029429285,792.2136750249821,8886.495938882259,1200.5265254691399,1.0,-11781.625235645779,99.04424253274351,-730.378029429285
60,contingent,node-000,0.0,0.0,0.0,0.0,0.0,0.0,0.0,0.0,8886.495938882259,202.00758025323228,1.0,0.0,0.0,-13.074518451980309
60,contingent,node-001,0.0,36.002286516889285,76.46465772761218,0.0,36002.28651688928,76464.65772761218,0.0,0.0,8886.495938882259,202.00758025323228,1.0,-153.56629430952017,0.0,0.0
60,contingent,node-002,0.0,18.788756182916345,60.788629816177384,0.0,18788.756182916342,60788.62981617738,0.0,0.0,8886.495938882259,202.00758025323228,1.0,-180.34917798756229,0.0,0.0
60,contingent,node-003,0.0,0.0,0.0,0.0,0.0,0.0,0.0,0.0,8886.495938882259,202.00758025323228,1.0,0.0,0.0,0.0
60,contingent,node-004,0.0,0.0,0.0,0.0,0.0,0.0,0.0,0.0,8886.495938882259,202.00758025323228,1.0,0.0,0.0,0.0
60,contingent,node-005,0.0,0.0,0.0,0.0,0.0,0.0,0.0,0.0,8886.495938882259,202.00758025323228,1.0,0.0,0.0,0.0
60,contingent,node-006,0.0,0.0,0.0,0.0,0.0,0.0,0.0,0.0,8886.495938882259,202.00758025323228,1.0,0.0,0.0,0.0
60,contingent,node-007,0.0,51.904219254885774,51.904219254885774,0.0,51904.21925488577,51904.21925488577,0.0,0.0,8886.495938882259,202.00758025323228,1.0,-227.0205361408382,0.0,0.0
60,contingent,node-008,0.0,0.0,0.0,0.0,0.0,0.0,0.0,0.0,8886.495938882259,202.00758025323228,1.0,0.0,0.0,0.0
60,contingent,node-009,0.0,0.0,0.0,0.0,0.0,0.0,0.0,0.0,8886.495938882259,202.00758025323228,1.0,0.0,0.0,0.0
60,contingent,node-010,0.0,0.0,15.040843879308117,0.0,0.0,15040.843879308117,0.0,0.0,8886.495938882259,202.00758025323228,1.0,-247.12817760891105,0.0,0.0
60,contingent,node-011,0.0,0.0,0.0,0.0,0.0,0.0,0.0,0.0,8886.495938882259,202.00758025323228,1.0,0.0,0.0,0.0
60,contingent,node-012,0.0,0.0,0.0,0.0,0.0,0.0,0.0,0.0,8886.495938882259,202.00758025323228,1.0,0.0,0.0,0.0
60,contingent,node-013,0.0,0.0,0.0,0.0,0.0,0.0,0.0,0.0,8886.495938882259,202.00758025323228,1.0,0.0,0.0,0.0
60,contingent,node-014,0.0,0.0,0.0,0.0,0.0,0.0,0.0,0.0,8886.495938882259,202.00758025323228,1.0,0.0,0.0,0.0
60,contingent,node-015,0.0,0.0,0.0,0.0,0.0,0.0,0.0,0.0,8886.495938882259,202.00758025323228,1.0,0.0,0.0,0.0
60,contingent,node-016,0.0,0.0,0.0,0.0,0.0,0.0,0.0,0.0,8886.495938882259,202.00758025323228,1.0,0.0,0.0,0.0
60,contingent,node-017,0.0,0.0,0.0,0.0,0.0,0.0,0.0,0.0,8886.495938882259,202.00758025323228,1.0,0.0,0.0,0.0
60,contingent,node-018,0.0,0.0,0.0,0.0,0.0,0.0,0.0,0.0,8886.495938882259,202.00758025323228,1.0,0.0,0.0,0.0
60,contingent,node-019,0.0,0.0,0.0,0.0,0.0,0.0,0.0,0.0,8886.495938882259,202.00758025323228,1.0,0.0,0.0,0.0
60,contingent,node-020,0.0,0.0,0.0,0.0,0.0,0.0,0.0,0.0,8886.495938882259,202.00758025323228,1.0,0.0,0.0,0.0
60,contingent,node-021,0.0,0.0,0.0,0.0,0.0,0.0,0.0,0.0,8886.495938882259,202.00758025323228,1.0,0.0,0.0,0.0
60,contingent,node-022,0.0,0.0,30.79883894930969,0.0,0.0,30798.83894930969,0.0,0.0,8886.495938882259,202.00758025323228,1.0,-252.75836894048072,0.0,0.0
60,contingent,node-023,0.0,0.0,0.0,0.0,0.0,0.0,0.0,0.0,8886.495938882259,202.00758025323228,1.0,0.0,0.0,0.0
60,contingent,node-024,0.0,0.0,0.0,0.0,0.0,0.0,0.0,0.0,8886.495938882259,202.00758025323228,1.0,0.0,0.0,0.0
60,contingent,node-025,0.0,0.0,7.799171456544833,0.0,0.0,7799.171456544833,0.0,0.0,8886.495938882259,202.00758025323228,1.0,-204.3069530626573,0.0,0.0
60,contingent,node-026,0.0,0.0,0.0,0.0,0.0,0.0,0.0,0.0,8886.495938882259,202.00758025323228,1.0,0.0,0.0,0.0
60,contingent,node-027,0.0,0.0,0.0,0.0,0.0,0.0,0.0,0.0,8886.495938882259,202.00758025323228,1.0,0.0,0.0,0.0
60,contingent,node-028,3.788698710539201,13.837054361848132,76.09916504643775,0.03467785922240584,0.12665019308031922,0.6965336475772242,36.41803728656228,109.25411185968684,8886.495938882259,202.00758025323228,1.0,-158.81053611369288,-10.925411185968684,-36.41803728656228
60,contingent,node-029,4.185497591428039,23.892777478744605,44.180123874546624,0.04512497121583972,0.2575944370874573,0.476317755440626,30.917822797848487,92.75346839354548,8886.495938882259,202.00758025323228,1.0,-235.90664766382343,-0.8786441288904356,-30.917822797848487
60,capped,node-000,0.0,0.0,0.0,0.0,0.0,0.0,0.0,0.0,8886.495938882259,202.00758025323228,1.0,0.0,0.0,-13.074518451980309
60,capped,node-001,0.0,74.57984142391769,124.68660136139766,0.0,74579.84142391768,124686.60136139765,0.0,0.0,8886.495938882259,202.00758025323228,1.0,-38.39157357738004,0.0,0.0
60,capped,node-002,0.0,74.60536917506391,130.55939605636186,0.0,74605.36917506391,130559.39605636186,0.0,0.0,8886.495938882259,202.00758025323228,1.0,-45.08729449689057,0.0,0.0
60,capped,node-003,0.0,0.0,0.0,0.0,0.0,0.0,0.0,0.0,8886.495938882259,202.00758025323228,1.0,0.0,0.0,0.0
60,capped,node-004,0.0,0.0,0.0,0.0,0.0,0.0,0.0,0.0,8886.495938882259,202.00758025323228,1.0,0.0,0.0,0.0
60,capped,node-005,0.0,0.0,0.0,0.0,0.0,0.0,0.0,0.0,8886.495938882259,202.00758025323228,1.0,0.0,0.0,0.0
60,capped,node-006,0.0,0.0,0.0,0.0,0.0,0.0,0.0,0.0,8886.495938882259,202.00758025323228,1.0,0.0,0.0,0.0
60,capped,node-007,0.0,51.904219254885774,51.904219254885774,0.0,51904.21925488577,51904.21925488577,0.0,0.0,8886.495938882259,202.00758025323228,1.0,-56.75513403520955,0.0,0.0
60,capped,node-008,0.0,0.0,0.0,0.0,0.0,0.0,0.0,0.0,8886.495938882259,202.00758025323228,1.0,0.0,0.0,0.0
60,capped,node-009,0.0,0.0,0.0,0.0,0.0,0.0,0.0,0.0,8886.495938882259,202.00758025323228,1.0,0.0,0.0,0.0
60,capped,node-010,0.0,0.0,29.485367935727226,0.0,0.0,29485.367935727227,0.0,0.0,8886.495938882259,202.00758025323228,1.0,-61.78204440222777,0.0,0.0
60,capped,node-011,0.0,0.0,0.0,0.0,0.0,0.0,0.0,0.0,8886.495938882259,202.00758025323228,1.0,0.0,0.0,0.0
60,capped,node-012,0.0,0.0,0.0,0.0,0.0,0.0,0.0,0.0,8886.495938882259,202.00758025323228,1.0,0.0,0.0,0.0
60,capped,node-013,0.0,0.0,0.0,0.0,0.0,0.0,0.0,0.0,8886.495938882259,202.00758025323228,1.0,0.0,0.0,0.0
60,capped,node-014,0.0,0.0,0.0,0.0,0.0,0.0,0.0,0.0,8886.495938882259,202.00758025323228,1.0,0.0,0.0,0.0
60,capped,node-015,0.0,0.0,0.0,0.0,0.0,0.0,0.0,0.0,8886.495938882259,202.00758025323228,1.0,0.0,0.0,0.0
60,capped,node-016,0.0,0.0,0.0,0.0,0.0,0.0,0.0,0.0,8886.495938882259,202.00758025323228,1.0,0.0,0.0,0.0
60,capped,node-017,0.0,0.0,0.0,0.0,0.0,0.0,0.0,0.0,8886.495938882259,202.00758025323228,1.0,0.0,0.0,0.0
60,capped,node-018,0.0,0.0,0.0,0.0,0.0,0.0,0.0,0.0,8886.495938882259,202.00758025323228,1.0,0.0,0.0,0.0
60,capped,node-019,0.0,0.0,0.0,0.0,0.0,0.0,0.0,0.0,8886.495938882259,202.00758025323228,1.0,0.0,0.0,0.0
60,capped,node-020,0.0,0.0,0.0,0.0,0.0,0.0,0.0,0.0,8886.495938882259,202.00758025323228,1.0,0.0,0.0,0.0
60,capped,node-021,0.0,0.0,0.0,0.0,0.0,0.0,0.0,0.0,8886.495938882259,202.00758025323228,1.0,0.0,0.0,0.0
60,capped,node-022,0.0,0.0,30.79883894930969,0.0,0.0,30798.83894930969,0.0,0.0,8886.495938882259,202.00758025323228,1.0,-63.1895922351202,0.0,0.0
60,capped,node-023,0.0,0.0,0.0,0.0,0.0,0.0,0.0,0.0,8886.495938882259,202.00758025323228,1.0,0.0,0.0,0.0
60,capped,node-024,0.0,0.0,0.0,0.0,0.0,0.0,0.0,0.0,8886.495938882259,202.00758025323228,1.0,0.0,0.0,0.0
60,capped,node-025,0.0,0.0,7.799171456544833,0.0,0.0,7799.171456544833,0.0,0.0,8886.495938882259,202.00758025323228,1.0,-51.07673826566433,0.0,0.0
60,capped,node-026,0.0,0.0,0.0,0.0,0.0,0.0,0.0,0.0,8886.495938882259,202.00758025323228,1.0,0.0,0.0,0.0
60,capped,node-027,0.0,0.0,0.0,0.0,0.0,0.0,0.0,0.0,8886.495938882259,202.00758025323228,1.0,0.0,0.0,0.0
60,capped,node-028,3.788698710539201,13.837054361848132,76.09916504643775,0.03467785922240584,0.12665019308031922,0.6965336475772242,36.41803728656228,109.25411185968684,8886.495938882259,202.00758025323228,1.0,-67.01616199334492,-10.925411185968684,-36.41803728656228
60,capped,node-029,4.185497591428039,71.57658963513899,71.57658963513899,0.04512497121583972,0.7716863948574441,0.7716863948574441,30.917822797848487,92.75346839354548,8886.495938882259,202.00758025323228,1.0,-82.16502901434222,-0.8786441288904356,-30.917822797848487
60,proper_scoring,node-000,0.0,0.0,0.0,0.0,0.0,0.0,0.0,0.0,8886.495938882259,1200.5265254691399,1.0,0.0,0.0,285.27104276931755
60,proper_scoring,node-001,285.27104276931755,486.0022865168893,486.0022865168893,285271.0427693175,486002.2865168893,486002.2865168893,0.0,0.0,8886.495938882259,1200.5265254691399,1.0,-153.56629430952017,0.0,0.0
60,proper_scoring,node-002,46.250408356526876,418.78875618291636,773.4559466056643,46250.408356526874,418788.75618291635,773455.9466056642,0.0,0.0,8886.495938882259,1200.5265254691399,1.0,-180.34917798756229,0.0,0.0
60,proper_scoring,node-003,0.0,0.0,0.0,0.0,0.0,0.0,0.0,0.0,8886.495938882259,1200.5265254691399,1.0,0.0,0.0,0.0
60,proper_scoring,node-004,0.0,0.0,0.0,0.0,0.0,0.0,0.0,0.0,8886.495938882259,1200.5265254691399,1.0,0.0,0.0,0.0
60,proper_scoring,node-005,0.0,0.0,0.0,0.0,0.0,0.0,0.0,0.0,8886.495938882259,1200.5265254691399,1.0,0.0,0.0,0.0
60,proper_scoring,node-006,0.0,0.0,0.0,0.0,0.0,0.0,0.0,0.0,8886.495938882259,1200.5265254691399,1.0,0.0,0.0,0.0
60,proper_scoring,node-007,0.0,201.9042192548858,393.24486596479045,0.0,201904.21925488577,393244.86596479046,0.0,0.0,8886.495938882259,1200.5265254691399,1.0,-227.0205361408382,0.0,0.0
60,proper_scoring,node-008,0.0,0.0,0.0,0.0,0.0,0.0,0.0,0.0,8886.495938882259,1200.5265254691399,1.0,0.0,0.0,0.0
60,proper_scoring,node-009,0.0,0.0,0.0,0.0,0.0,0.0,0.0,0.0,8886.495938882259,1200.5265254691399,1.0,0.0,0.0,0.0
60,proper_scoring,node-010,0.0,0.0,415.0408438793081,0.0,0.0,415040.8438793081,0.0,0.0,8886.495938882259,1200.5265254691399,1.0,-247.12817760891105,0.0,0.0
60,proper_scoring,node-011,0.0,0.0,0.0,0.0,0.0,0.0,0.0,0.0,8886.495938882259,1200.5265254691399,1.0,0.0,0.0,0.0
60,proper_scoring,node-012,0.0,0.0,0.0,0.0,0.0,0.0,0.0,0.0,8886.495938882259,1200.5265254691399,1.0,0.0,0.0,0.0
60,proper_scoring,node-013,0.0,0.0,0.0,0.0,0.0,0.0,0.0,0.0,8886.495938882259,1200.5265254691399,1.0,0.0,0.0,0.0
60,proper_scoring,node-014,0.0,0.0,0.0,0.0,0.0,0.0,0.0,0.0,8886.495938882259,1200.5265254691399,1.0,0.0,0.0,0.0
60,proper_scoring,node-015,0.0,0.0,0.0,0.0,0.0,0.0,0.0,0.0,8886.495938882259,1200.5265254691399,1.0,0.0,0.0,0.0
60,proper_scoring,node-016,0.0,0.0,0.0,0.0,0.0,0.0,0.0,0.0,8886.495938882259,1200.5265254691399,1.0,0.0,0.0,0.0
60,proper_scoring,node-017,0.0,0.0,0.0,0.0,0.0,0.0,0.0,0.0,8886.495938882259,1200.5265254691399,1.0,0.0,0.0,0.0
60,proper_scoring,node-018,0.0,0.0,0.0,0.0,0.0,0.0,0.0,0.0,8886.495938882259,1200.5265254691399,1.0,0.0,0.0,0.0
60,proper_scoring,node-019,0.0,0.0,0.0,0.0,0.0,0.0,0.0,0.0,8886.495938882259,1200.5265254691399,1.0,0.0,0.0,0.0
60,proper_scoring,node-020,0.0,0.0,0.0,0.0,0.0,0.0,0.0,0.0,8886.495938882259,1200.5265254691399,1.0,0.0,0.0,0.0
60,proper_scoring,node-021,0.0,0.0,0.0,0.0,0.0,0.0,0.0,0.0,8886.495938882259,1200.5265254691399,1.0,0.0,0.0,0.0
60,proper_scoring,node-022,437.913853084804,0.0,530.7988389493096,437913.85308480397,0.0,530798.8389493095,0.0,0.0,8886.495938882259,1200.5265254691399,1.0,-252.75836894048072,0.0,0.0
60,proper_scoring,node-023,0.0,0.0,0.0,0.0,0.0,0.0,0.0,0.0,8886.495938882259,1200.5265254691399,1.0,0.0,0.0,0.0
60,proper_scoring,node-024,0.0,0.0,0.0,0.0,0.0,0.0,0.0,0.0,8886.495938882259,1200.5265254691399,1.0,0.0,0.0,0.0
60,proper_scoring,node-025,0.0,0.0,148.92326173433565,0.0,0.0,148923.26173433565,0.0,0.0,8886.495938882259,1200.5265254691399,1.0,-204.3069530626573,0.0,0.0
60,proper_scoring,node-026,0.0,0.0,0.0,0.0,0.0,0.0,0.0,0.0,8886.495938882259,1200.5265254691399,1.0,0.0,0.0,0.0
60,proper_scoring,node-027,0.0,0.0,0.0,0.0,0.0,0.0,0.0,0.0,8886.495938882259,1200.5265254691399,1.0,0.0,0.0,0.0
60,proper_scoring,node-028,137.82690927887973,214.77831577737726,333.92509942218425,0.3375522203843287,0.5260140981204586,0.8178167771573799,335.4767758710331,408.3128504441576,8886.495938882259,1200.5265254691399,1.0,-457.86927469816374,-10.925411185968699,-335.4767758710331
60,proper_scoring,node-029,208.75013784718703,274.43257084730806,274.43257084730806,0.2635023156354934,0.3464123121058898,0.3464123121058898,730.378029429285,792.2136750249821,8886.495938882259,1200.5265254691399,1.0,-935.3668542952599,99.04424253274351,-730.378029429285
60,audits,node-000,0.0,0.0,0.0,0.0,0.0,0.0,0.0,0.0,8886.495938882259,1200.5265254691399,1.0,0.0,0.0,285.27104276931755
60,audits,node-001,285.27104276931755,474.57984142391774,474.6866013613977,285271.0427693175,474579.84142391774,474686.6013613977,0.0,0.0,8886.495938882259,1200.5265254691399,1.0,-1088.39157357738,0.0,0.0
60,audits,node-002,46.250408356526876,374.60536917506397,532.7831052559403,46250.408356526874,374605.36917506397,532783.1052559403,0.0,0.0,8886.495938882259,1200.5265254691399,1.0,-2045.0872944968903,0.0,0.0
60,audits,node-003,0.0,0.0,0.0,0.0,0.0,0.0,0.0,0.0,8886.495938882259,1200.5265254691399,1.0,0.0,0.0,0.0
60,audits,node-004,0.0,0.0,0.0,0.0,0.0,0.0,0.0,0.0,8886.495938882259,1200.5265254691399,1.0,0.0,0.0,0.0
60,audits,node-005,0.0,0.0,0.0,0.0,0.0,0.0,0.0,0.0,8886.495938882259,1200.5265254691399,1.0,0.0,0.0,0.0
60,audits,node-006,0.0,0.0,0.0,0.0,0.0,0.0,0.0,0.0,8886.495938882259,1200.5265254691399,1.0,0.0,0.0,0.0
60,audits,node-007,0.0,201.9042192548858,393.24486596479045,0.0,201904.21925488577,393244.86596479046,0.0,0.0,8886.495938882259,1200.5265254691399,1.0,-506.75513403520955,0.0,0.0
60,audits,node-008,0.0,0.0,0.0,0.0,0.0,0.0,0.0,0.0,8886.495938882259,1200.5265254691399,1.0,0.0,0.0,0.0
60,audits,node-009,0.0,0.0,0.0,0.0,0.0,0.0,0.0,0.0,8886.495938882259,1200.5265254691399,1.0,0.0,0.0,0.0
60,audits,node-010,0.0,0.0,379.48536793572725,0.0,0.0,379485.36793572723,0.0,0.0,8886.495938882259,1200.5265254691399,1.0,-1061.7820444022277,0.0,0.0
60,audits,node-011,0.0,0.0,0.0,0.0,0.0,0.0,0.0,0.0,8886.495938882259,1200.5265254691399,1.0,0.0,0.0,0.0
60,audits,node-012,0.0,0.0,0.0,0.0,0.0,0.0,0.0,0.0,8886.495938882259,1200.5265254691399,1.0,0.0,0.0,0.0
60,audits,node-013,0.0,0.0,0.0,0.0,0.0,0.0,0.0,0.0,8886.495938882259,1200.5265254691399,1.0,0.0,0.0,0.0
60,audits,node-014,0.0,0.0,0.0,0.0,0.0,0.0,0.0,0.0,8886.495938882259,1200.5265254691399,1.0,0.0,0.0,0.0
60,audits,node-015,0.0,0.0,0.0,0.0,0.0,0.0,0.0,0.0,8886.495938882259,1200.5265254691399,1.0,0.0,0.0,0.0
60,audits,node-016,0.0,0.0,0.0,0.0,0.0,0.0,0.0,0.0,8886.495938882259,1200.5265254691399,1.0,0.0,0.0,0.0
60,audits,node-017,0.0,0.0,0.0,0.0,0.0,0.0,0.0,0.0,8886.495938882259,1200.5265254691399,1.0,0.0,0.0,0.0
60,audits,node-018,0.0,0.0,0.0,0.0,0.0,0.0,0.0,0.0,8886.495938882259,1200.5265254691399,1.0,0.0,0.0,0.0
60,audits,node-019,0.0,0.0,0.0,0.0,0.0,0.0,0.0,0.0,8886.495938882259,1200.5265254691399,1.0,0.0,0.0,0.0
60,audits,node-020,0.0,0.0,0.0,0.0,0.0,0.0,0.0,0.0,8886.495938882259,1200.5265254691399,1.0,0.0,0.0,0.0
60,audits,node-021,0.0,0.0,0.0,0.0,0.0,0.0,0.0,0.0,8886.495938882259,1200.5265254691399,1.0,0.0,0.0,0.0
60,audits,node-022,437.913853084804,0.0,530.7988389493096,437913.85308480397,0.0,530798.8389493095,0.0,0.0,8886.495938882259,1200.5265254691399,1.0,-1113.1895922351202,0.0,0.0
60,audits,node-023,0.0,0.0,0.0,0.0,0.0,0.0,0.0,0.0,8886.495938882259,1200.5265254691399,1.0,0.0,0.0,0.0
60,audits,node-024,0.0,0.0,0.0,0.0,0.0,0.0,0.0,0.0,8886.495938882259,1200.5265254691399,1.0,0.0,0.0,0.0
60,audits,node-025,0.0,0.0,148.92326173433565,0.0,0.0,148923.26173433565,0.0,0.0,8886.495938882259,1200.5265254691399,1.0,-251.07673826566432,0.0,0.0
60,audits,node-026,0.0,0.0,0.0,0.0,0.0,0.0,0.0,0.0,8886.495938882259,1200.5265254691399,1.0,0.0,0.0,0.0
60,audits,node-027,0.0,0.0,0.0,0.0,0.0,0.0,0.0,0.0,8886.495938882259,1200.5265254691399,1.0,0.0,0.0,0.0
60,audits,node-028,137.82690927887973,214.77831577737726,333.92509942218425,0.3375522203843287,0.5260140981204586,0.8178167771573799,335.4767758710331,408.3128504441576,8886.495938882259,1200.5265254691399,1.0,-1566.0749005778157,-10.925411185968699,-335.4767758710331
60,audits,node-029,198.40161073637296,272.1163830037025,272.1163830037025,0.2504395177603018,0.3434886212928872,0.3434886212928872,730.378029429285,792.2136750249821,8886.495938882259,1200.5265254691399,1.0,-2781.625235645779,99.04424253274351,-730.378029429285
61,greedy,node-000,0.0,0.0,0.0,0.0,0.0,0.0,0.0,0.0,8515.118236115515,214.59919624453968,0.9,0.0,0.0,0.0
61,greedy,node-001,0.0,0.0,0.0,0.0,0.0,0.0,0.0,0.0,8515.118236115515,214.59919624453968,0.9,0.0,0.0,0.0
61,greedy,node-002,0.0,0.0,0.0,0.0,0.0,0.0,0.0,0.0,8515.118236115515,214.59919624453968,0.9,0.0,0.0,0.0
61,greedy,node-003,0.0,0.0,0.0,0.0,0.0,0.0,0.0,0.0,8515.118236115515,214.59919624453968,0.9,0.0,0.0,0.0
61,greedy,node-004,0.0,0.0,0.0,0.0,0.0,0.0,26.812972768111273,80.4389183043338,8515.118236115515,214.59919624453968,0.9,-64.50964034714256,14.640516124200403,-26.812972768111273
61,greedy,node-005,0.0,0.0,0.0,0.0,0.0,0.0,0.0,0.0,8515.118236115515,214.59919624453968,0.9,0.0,0.0,0.0
61,greedy,node-006,0.0,0.0,0.0,0.0,0.0,0.0,0.0,0.0,8515.118236115515,214.59919624453968,0.9,0.0,0.0,0.0
61,greedy,node-007,0.0,0.0,0.0,0.0,0.0,0.0,0.0,0.0,8515.118236115515,214.59919624453968,0.9,0.0,0.0,0.0
61,greedy,node-008,0.0,0.0,0.0,0.0,0.0,0.0,0.0,0.0,8515.118236115515,214.59919624453968,0.9,0.0,0.0,0.0
61,greedy,node-009,0.0,0.0,0.0,0.0,0.0,0.0,0.0,0.0,8515.118236115515,214.59919624453968,0.9,0.0,0.0,0.0
61,greedy,node-010,0.0,0.0,0.0,0.0,0.0,0.0,0.0,0.0,8515.118236115515,214.59919624453968,0.9,-42.98790345139684,0.0,0.0
61,greedy,node-011,0.0,0.0,0.0,0.0,0.0,0.0,0.0,0.0,8515.118236115515,214.59919624453968,0.9,0.0,0.0,0.0
61,greedy,node-012,0.0,0.0,0.0,0.0,0.0,0.0,0.0,0.0,8515.118236115515,214.59919624453968,0.9,0.0,0.0,0.0
61,greedy,node-013,0.0,0.0,0.0,0.0,0.0,0.0,0.0,0.0,8515.118236115515,214.59919624453968,0.9,0.0,0.0,0.0
61,greedy,node-014,0.0,0.0,0.0,0.0,0.0,0.0,0.0,0.0,8515.118236115515,214.59919624453968,0.9,0.0,0.0,0.0
61,greedy,node-015,0.0,0.0,0.0,0.0,0.0,0.0,0.0,0.0,8515.118236115515,214.59919624453968,0.9,0.0,0.0,0.0
61,greedy,node-016,9.746960415197723,0.0,9.746960415197723,9746.960415197722,0.0,9746.960415197722,0.0,0.0,8515.118236115515,214.59919624453968,0.9,-37.31795574929963,15.60919715390041,0.0
61,greedy,node-017,0.0,0.0,0.0,0.0,0.0,0.0,15.634467119439563,46.903401358318696,8515.118236115515,214.59919624453968,0.9,-62.77018066229574,-4.690340135831869,-15.634467119439563
61,greedy,node-018,0.0,0.0,0.0,0.0,0.0,0.0,0.0,0.0,8515.118236115515,214.59919624453968,0.9,0.0,0.0,0.0
61,greedy,node-019,0.0,0.0,0.0,0.0,0.0,0.0,0.0,0.0,8515.118236115515,214.59919624453968,0.9,0.0,0.0,0.0
61,greedy,node-020,13.094124483558506,0.0,13.094124483558506,13094.124483558506,0.0,13094.124483558506,0.0,0.0,8515.118236115515,214.59919624453968,0.9,-47.15015439733176,0.0,0.0
61,greedy,node-021,0.0,0.0,0.0,0.0,0.0,0.0,0.0,0.0,8515.118236115515,214.59919624453968,0.9,0.0,0.0,0.0
61,greedy,node-022,0.0,0.0,0.0,0.0,0.0,0.0,29.085625527295726,87.25687658188718,8515.118236115515,214.59919624453968,0.9,-69.33618196421037,-4.2772163477539635,-29.085625527295726
61,greedy,node-023,0.0,0.0,0.0,0.0,0.0,0.0,0.0,0.0,8515.118236115515,214.59919624453968,0.9,0.0,0.0,0.0
61,greedy,node-024,0.0,0.0,0.0,0.0,0.0,0.0,0.0,0.0,8515.118236115515,214.59919624453968,0.9,0.0,0.0,0.0
61,greedy,node-025,0.0,0.0,0.0,0.0,0.0,0.0,0.0,0.0,8515.118236115515,214.59919624453968,0.9,0.0,0.0,0.0
61,greedy,node-026,0.0,0.0,0.0,0.0,0.0,0.0,0.0,0.0,8515.118236115515,214.59919624453968,0.9,0.0,0.0,0.0
61,greedy,node-027,0.0,0.0,0.0,0.0,0.0,0.0,0.0,0.0,8515.118236115515,214.59919624453968,0.9,0.0,0.0,0.0
61,greedy,node-028,0.0,0.0,0.0,0.0,0.0,0.0,0.0,0.0,8515.118236115515,214.59919624453968,0.9,0.0,0.0,0.0
61,greedy,node-029,0.0,0.0,0.0,0.0,0.0,0.0,0.0,0.0,8515.118236115515,214.59919624453968,0.9,0.0,0.0,0.0
61,trust_vcg,node-000,0.0,0.0,0.0,0.0,0.0,0.0,0.0,0.0,8394.074088990408,209.37145905053032,0.9,0.0,0.0,0.0
61,trust_vcg,node-001,0.0,0.0,0.0,0.0,0.0,0.0,0.0,0.0,8394.074088990408,209.37145905053032,0.9,0.0,0.0,0.0
61,trust_vcg,node-002,355.2382523891229,0.0,355.27180484707554,355238.2523891229,0.0,355271.80484707555,0.0,0.0,8394.074088990408,209.37145905053032,0.9,-5644.728195152925,0.0,0.0
61,trust_vcg,node-003,0.0,0.0,0.0,0.0,0.0,0.0,0.0,0.0,8394.074088990408,209.37145905053032,0.9,0.0,0.0,0.0
61,trust_vcg,node-004,0.0,0.0,319.72405278220464,0.0,0.0,319724.05278220464,0.0,0.0,8394.074088990408,209.37145905053032,0.9,-11037.696667579028,0.0,0.0
61,trust_vcg,node-005,207.07336902719143,51.90091859903303,411.0497517810081,1.0619635635685645,0.26617080084631034,2.108044415639041,-31.761464039096523,194.99102994772568,8394.074088990408,209.37145905053032,0.9,-5528.308263240871,20.644167072184786,31.761464039096523
61,trust_vcg,node-006,392.1273494825318,0.0,392.2655940898285,392127.34948253183,0.0,392265.5940898285,0.0,0.0,8394.074088990408,209.37145905053032,0.9,-5607.734405910171,0.0,0.0
61,trust_vcg,node-007,0.0,56.709445162414234,56.709445162414234,0.0,56709.44516241423,56709.44516241423,0.0,0.0,8394.074088990408,209.37145905053032,0.9,-11015.442165725854,0.0,0.0
61,trust_vcg,node-008,0.0,283.10534968834156,283.10534968834156,0.0,283105.34968834155,283105.34968834155,0.0,0.0,8394.074088990408,209.37145905053032,0.9,-5576.575036280453,0.0,0.0
61,trust_vcg,node-009,0.0,0.0,0.0,0.0,0.0,0.0,0.0,0.0,8394.074088990408,209.37145905053032,0.9,0.0,0.0,0.0
61,trust_vcg,node-010,0.0,0.0,93.60279893781836,0.0,0.0,93602.79893781836,0.0,0.0,8394.074088990408,209.37145905053032,0.9,-11065.325587021738,0.0,0.0
61,trust_vcg,node-011,0.0,0.0,78.65494202830736,0.0,0.0,78654.94202830736,0.0,0.0,8394.074088990408,209.37145905053032,0.9,-1721.3450579716928,0.0,0.0
61,trust_vcg,node-012,0.0,0.0,0.0,0.0,0.0,0.0,0.0,0.0,8394.074088990408,209.37145905053032,0.9,0.0,0.0,0.0
61,trust_vcg,node-013,0.0,0.0,117.81069447734839,0.0,0.0,117810.69447734838,0.0,0.0,8394.074088990408,209.37145905053032,0.9,-3386.2575848525257,0.0,0.0
61,trust_vcg,node-014,0.0,0.0,0.0,0.0,0.0,0.0,0.0,0.0,8394.074088990408,209.37145905053032,0.9,0.0,0.0,0.0
61,trust_vcg,node-015,0.0,0.0,0.0,0.0,0.0,0.0,0.0,0.0,8394.074088990408,209.37145905053032,0.9,0.0,0.0,0.0
61,trust_vcg,node-016,413.43777809013534,574.6359114985993,630.6128451225486,413437.7780901353,574635.9114985992,630612.8451225486,0.0,0.0,8394.074088990408,209.37145905053032,0.9,-5537.3179557492995,0.0,0.0
61,trust_vcg,node-017,85.06185353985444,22.97735486517395,224.8882933245721,5.915112333001538,1.5978212263980711,15.638496717786433,-22.97735486517395,14.380429102804719,8394.074088990408,209.37145905053032,0.9,-11024.158358677681,-5.6036675951968675,22.97735486517395
61,trust_vcg,node-018,0.0,0.0,39.564839441972765,0.0,0.0,39564.83944197276,0.0,0.0,8394.074088990408,209.37145905053032,0.9,-1160.4351605580273,0.0,0.0
61,trust_vcg,node-019,0.0,0.0,0.0,0.0,0.0,0.0,0.0,0.0,8394.074088990408,209.37145905053032,0.9,0.0,0.0,0.0
61,trust_vcg,node-020,0.0,0.0,81.50589375390254,0.0,0.0,81505.89375390254,0.0,0.0,8394.074088990408,209.37145905053032,0.9,-11047.15015439733,0.0,0.0
61,trust_vcg,node-021,0.0,0.0,0.0,0.0,0.0,0.0,0.0,0.0,8394.074088990408,209.37145905053032,0.9,0.0,0.0,0.0
61,trust_vcg,node-022,0.0,0.0,266.1093691066481,0.0,0.0,266109.3691066481,0.0,0.0,8394.074088990408,209.37145905053032,0.9,-5475.941492957199,0.0,0.0
61,trust_vcg,node-023,88.71177992780353,0.0,547.0072234742338,88711.77992780354,0.0,547007.2234742338,0.0,0.0,8394.074088990408,209.37145905053032,0.9,-5594.014446948469,0.0,0.0
61,trust_vcg,node-024,0.0,0.0,82.99334022952246,0.0,0.0,82993.34022952245,0.0,0.0,8394.074088990408,209.37145905053032,0.9,-1717.0066597704777,0.0,0.0
61,trust_vcg,node-025,126.32886552234305,0.0,166.74852409401416,126328.86552234305,0.0,166748.52409401417,0.0,0.0,8394.074088990408,209.37145905053032,0.9,-2233.251475905986,0.0,0.0
61,trust_vcg,node-026,0.0,0.0,251.68601411669178,0.0,0.0,251686.01411669177,0.0,0.0,8394.074088990408,209.37145905053032,0.9,-8868.033665658235,0.0,0.0
61,trust_vcg,node-027,0.0,0.0,125.01255595892565,0.0,0.0,125012.55595892564,0.0,0.0,8394.074088990408,209.37145905053032,0.9,-1674.9874440410745,0.0,0.0
61,trust_vcg,node-028,0.0,0.0,257.7690782341893,0.0,0.0,257769.07823418928,0.0,0.0,8394.074088990408,209.37145905053032,0.9,-3942.2309217658108,0.0,0.0
61,trust_vcg,node-029,0.0,0.0,0.0,0.0,0.0,0.0,0.0,0.0,8394.074088990408,209.37145905053032,0.9,-8875.11340018734,0.0,0.0
61,contingent,node-000,0.0,0.0,0.0,0.0,0.0,0.0,0.0,0.0,8394.074088990408,369.35258876689136,0.9,0.0,0.0,0.0
61,contingent,node-001,0.0,0.0,0.0,0.0,0.0,0.0,0.0,0.0,8394.074088990408,369.35258876689136,0.9,0.0,0.0,0.0
61,contingent,node-002,0.0,0.0,0.0,0.0,0.0,0.0,0.0,0.0,8394.074088990408,369.35258876689136,0.9,-578.9127806116977,0.0,0.0
61,contingent,node-003,0.0,0.0,0.0,0.0,0.0,0.0,0.0,0.0,8394.074088990408,369.35258876689136,0.9,0.0,0.0,0.0
61,contingent,node-004,0.0,60.81885255824767,210.71758153691087,0.0,60818.85255824767,210717.58153691088,0.0,0.0,8394.074088990408,369.35258876689136,0.9,-150.7866703161252,0.0,0.0
61,contingent,node-005,0.0,6.76320756652548,88.06646929394373,0.0,0.021269666454306665,0.2769609551778002,91.22181844796785,317.97431243479,8394.074088990408,369.35258876689136,0.9,-331.50072756784095,-27.063185946911148,-91.22181844796785
61,contingent,node-006,0.0,0.0,25.28532849133569,0.0,0.0,25285.32849133569,0.0,0.0,8394.074088990408,369.35258876689136,0.9,-430.9376236406862,0.0,0.0
61,contingent,node-007,0.0,6.761563031978222,6.761563031978222,0.0,6761.563031978221,6761.563031978221,0.0,0.0,8394.074088990408,369.35258876689136,0.9,-422.86864909030317,0.0,0.0
61,contingent,node-008,0.0,83.10534968834152,83.10534968834152,0.0,83105.34968834152,83105.34968834152,0.0,0.0,8394.074088990408,369.35258876689136,0.9,-306.3001451218148,0.0,0.0
61,contingent,node-009,0.0,0.0,0.0,0.0,0.0,0.0,0.0,0.0,8394.074088990408,369.35258876689136,0.9,0.0,0.0,0.0
61,contingent,node-010,0.0,34.40560986461559,99.81942549160631,0.0,34405.60986461559,99819.42549160631,0.0,0.0,8394.074088990408,369.35258876689136,0.9,-261.3023480869429,0.0,0.0
61,contingent,node-011,0.0,0.0,0.0,0.0,0.0,0.0,0.0,0.0,8394.074088990408,369.35258876689136,0.9,-285.3802318867705,0.0,0.0
61,contingent,node-012,0.0,0.0,0.0,0.0,0.0,0.0,0.0,0.0,8394.074088990408,369.35258876689136,0.9,0.0,0.0,0.0
61,contingent,node-013,0.0,0.0,17.810694477348378,0.0,0.0,17810.694477348377,0.0,0.0,8394.074088990408,369.35258876689136,0.9,-345.0303394101034,0.0,0.0
61,contingent,node-014,0.0,0.0,0.0,0.0,0.0,0.0,0.0,0.0,8394.074088990408,369.35258876689136,0.9,0.0,0.0,0.0
61,contingent,node-015,0.0,0.0,0.0,0.0,0.0,0.0,0.0,0.0,8394.074088990408,369.35258876689136,0.9,0.0,0.0,0.0
61,contingent,node-016,8.912017459452084,74.63591149859924,172.99826073207507,8912.017459452083,74635.91149859923,172998.26073207505,0.0,0.0,8394.074088990408,369.35258876689136,0.9,-149.27182299719848,0.0,0.0
61,contingent,node-017,0.0,46.48343402358596,167.55478500797383,0.0,0.9047293397529358,3.2611990313751513,14.02049236412278,51.378276332101365,8394.074088990408,369.35258876689136,0.9,-202.56334653554748,-5.1378276332101365,-14.02049236412278
61,contingent,node-018,0.0,0.0,0.0,0.0,0.0,0.0,0.0,0.0,8394.074088990408,369.35258876689136,0.9,-241.7406422321089,0.0,0.0
61,contingent,node-019,0.0,0.0,0.0,0.0,0.0,0.0,0.0,0.0,8394.074088990408,369.35258876689136,0.9,0.0,0.0,0.0
61,contingent,node-020,0.0,60.31169015824251,209.15745388761624,0.0,60311.69015824251,209157.45388761623,0.0,0.0,8394.074088990408,369.35258876689136,0.9,-188.6006175893271,0.0,0.0
61,contingent,node-021,0.0,0.0,0.0,0.0,0.0,0.0,0.0,0.0,8394.074088990408,369.35258876689136,0.9,0.0,0.0,0.0
61,contingent,node-022,0.0,49.569181164289354,136.18930934497604,0.0,49569.18116428935,136189.30934497603,0.0,0.0,8394.074088990408,369.35258876689136,0.9,-123.67107519708408,0.0,0.0
61,contingent,node-023,0.0,0.0,47.00722347423386,0.0,0.0,47007.22347423386,0.0,0.0,8394.074088990408,369.35258876689136,0.9,-376.05778779387083,0.0,0.0
61,contingent,node-024,0.0,0.0,0.0,0.0,0.0,0.0,0.0,0.0,8394.074088990408,369.35258876689136,0.9,-268.02663908191016,0.0,0.0
61,contingent,node-025,0.0,0.0,0.0,0.0,0.0,0.0,0.0,0.0,8394.074088990408,369.35258876689136,0.9,-133.00590362394342,0.0,0.0
61,contingent,node-026,0.0,0.0,0.0,0.0,0.0,0.0,0.0,0.0,8394.074088990408,369.35258876689136,0.9,-272.13466263293657,0.0,0.0
61,contingent,node-027,0.0,0.0,0.0,0.0,0.0,0.0,0.0,0.0,8394.074088990408,369.35258876689136,0.9,-99.94977616429748,0.0,0.0
61,contingent,node-028,0.0,0.0,24.7984099932335,0.0,0.0,24798.409993233498,0.0,0.0,8394.074088990408,369.35258876689136,0.9,-368.92368706324277,0.0,0.0
61,contingent,node-029,0.0,17.455701522575893,50.4801595012067,0.0,17455.70152257589,50480.1595012067,0.0,0.0,8394.074088990408,369.35258876689136,0.9,-300.4536007493543,0.0,0.0
61,capped,node-000,0.0,0.0,0.0,0.0,0.0,0.0,0.0,0.0,8394.074088990408,396.165416932201,0.9,0.0,0.0,0.0
61,capped,node-001,0.0,0.0,0.0,0.0,0.0,0.0,0.0,0.0,8394.074088990408,396.165416932201,0.9,0.0,0.0,0.0
61,capped,node-002,0.0,0.0,0.0,0.0,0.0,0.0,0.0,0.0,8394.074088990408,396.165416932201,0.9,-144.72819515292443,0.0,0.0
61,capped,node-003,0.0,0.0,0.0,0.0,0.0,0.0,0.0,0.0,8394.074088990408,396.165416932201,0.9,0.0,0.0,0.0
61,capped,node-004,2.7101142475919584,75.3933351580626,229.23185409582558,2710.1142475919582,75393.33515806259,229231.85409582558,0.0,0.0,8394.074088990408,396.165416932201,0.9,-37.69666757903129,0.0,0.0
61,capped,node-005,0.0,6.76320756652548,85.03218524505832,0.0,0.019884257787313914,0.25,113.37624699341109,340.12874098023326,8394.074088990408,396.165416932201,0.9,-173.44597427337936,-29.27862880145547,-113.37624699341109
61,capped,node-006,0.0,0.0,25.28532849133569,0.0,0.0,25285.32849133569,0.0,0.0,8394.074088990408,396.165416932201,0.9,-107.73440591017155,0.0,0.0
61,capped,node-007,0.0,6.761563031978222,16.11704386153358,0.0,6761.563031978221,16117.04386153358,0.0,0.0,8394.074088990408,396.165416932201,0.9,-105.71716227257579,0.0,0.0
61,capped,node-008,0.0,83.10534968834152,83.10534968834152,0.0,83105.34968834152,83105.34968834152,0.0,0.0,8394.074088990408,396.165416932201,0.9,-76.5750362804537,0.0,0.0
61,capped,node-009,0.0,0.0,0.0,0.0,0.0,0.0,0.0,0.0,8394.074088990408,396.165416932201,0.9,0.0,0.0,0.0
61,capped,node-010,0.0,112.2313894188806,187.45517124855226,0.0,112231.3894188806,187455.17124855224,0.0,0.0,8394.074088990408,396.165416932201,0.9,-65.32558702173571,0.0,0.0
61,capped,node-011,0.0,0.0,0.0,0.0,0.0,0.0,0.0,0.0,8394.074088990408,396.165416932201,0.9,-71.34505797169263,0.0,0.0
61,capped,node-012,0.0,0.0,0.0,0.0,0.0,0.0,0.0,0.0,8394.074088990408,396.165416932201,0.9,0.0,0.0,0.0
61,capped,node-013,0.0,0.0,17.810694477348378,0.0,0.0,17810.694477348377,0.0,0.0,8394.074088990408,396.165416932201,0.9,-86.25758485252584,0.0,0.0
61,capped,node-014,0.0,0.0,0.0,0.0,0.0,0.0,0.0,0.0,8394.074088990408,396.165416932201,0.9,0.0,0.0,0.0
61,capped,node-015,0.0,0.0,0.0,0.0,0.0,0.0,0.0,0.0,8394.074088990408,396.165416932201,0.9,0.0,0.0,0.0
61,capped,node-016,8.912017459452084,74.63591149859924,172.99826073207507,8912.017459452083,74635.91149859923,172998.26073207505,0.0,0.0,8394.074088990408,396.165416932201,0.9,-37.31795574929963,0.0,0.0
61,capped,node-017,0.0,75.59253510172307,213.5476364351128,0.0,1.3489832117543448,3.810854816194955,18.67889198398929,56.03667595196787,8394.074088990408,396.165416932201,0.9,-65.81460552684547,-5.603667595196786,-18.67889198398929
61,capped,node-018,0.0,0.0,0.0,0.0,0.0,0.0,0.0,0.0,8394.074088990408,396.165416932201,0.9,-60.435160558027235,0.0,0.0
61,capped,node-019,0.0,0.0,0.0,0.0,0.0,0.0,0.0,0.0,8394.074088990408,396.165416932201,0.9,0.0,0.0,0.0
61,capped,node-020,4.688901016487003,94.30030879466352,231.5058937539026,4688.901016487003,94300.30879466352,231505.89375390258,0.0,0.0,8394.074088990408,396.165416932201,0.9,-47.15015439733176,0.0,0.0
61,capped,node-021,0.0,0.0,0.0,0.0,0.0,0.0,0.0,0.0,8394.074088990408,396.165416932201,0.9,0.0,0.0,0.0
61,capped,node-022,0.0,61.83553759854205,154.58884399635508,0.0,61835.53759854205,154588.84399635508,0.0,0.0,8394.074088990408,396.165416932201,0.9,-30.91776879927102,0.0,0.0
61,capped,node-023,0.0,0.0,47.00722347423386,0.0,0.0,47007.22347423386,0.0,0.0,8394.074088990408,396.165416932201,0.9,-94.0144469484677,0.0,0.0
61,capped,node-024,0.0,0.0,0.0,0.0,0.0,0.0,0.0,0.0,8394.074088990408,396.165416932201,0.9,-67.00665977047754,0.0,0.0
61,capped,node-025,0.0,0.0,0.0,0.0,0.0,0.0,0.0,0.0,8394.074088990408,396.165416932201,0.9,-33.251475905985856,0.0,0.0
61,capped,node-026,0.0,0.0,0.0,0.0,0.0,0.0,0.0,0.0,8394.074088990408,396.165416932201,0.9,-68.03366565823413,0.0,0.0
61,capped,node-027,0.0,0.0,0.0,0.0,0.0,0.0,0.0,0.0,8394.074088990408,396.165416932201,0.9,-24.98744404107437,0.0,0.0
61,capped,node-028,0.0,0.0,24.7984099932335,0.0,0.0,24798.409993233498,0.0,0.0,8394.074088990408,396.165416932201,0.9,-92.2309217658107,0.0,0.0
61,capped,node-029,0.0,128.89941836854746,128.89941836854746,0.0,128899.41836854746,128899.41836854746,0.0,0.0,8394.074088990408,396.165416932201,0.9,-75.11340018733858,0.0,0.0
61,proper_scoring,node-000,0.0,0.0,0.0,0.0,0.0,0.0,0.0,0.0,8394.074088990408,1255.0526979750625,0.9,0.0,0.0,0.0
61,proper_scoring,node-001,0.0,0.0,0.0,0.0,0.0,0.0,0.0,0.0,8394.074088990408,1255.0526979750625,0.9,0.0,0.0,0.0
61,proper_scoring,node-002,355.2382523891229,0.0,355.27180484707554,355238.2523891229,0.0,355271.80484707555,0.0,0.0,8394.074088990408,1255.0526979750625,0.9,-495.635468021836,0.0,0.0
61,proper_scoring,node-003,0.0,0.0,0.0,0.0,0.0,0.0,0.0,0.0,8394.074088990408,1255.0526979750625,0.9,0.0,0.0,0.0
61,proper_scoring,node-004,414.14981221809086,960.8188525582476,960.8188525582476,414149.81221809087,960818.8525582476,960818.8525582476,0.0,0.0,8394.074088990408,1255.0526979750625,0.9,-150.7866703161252,0.0,0.0
61,proper_scoring,node-005,0.0,57.38084057740275,80.1112111195747,0.0,0.07998927482418307,0.11167556310190012,490.60418543709056,717.3566794239127,8394.074088990408,1255.0526979750625,0.9,-730.8830945569637,22.85960992672915,-490.60418543709056
61,proper_scoring,node-006,392.1273494825318,0.0,392.2655940898285,392127.34948253183,0.0,392265.5940898285,0.0,0.0,8394.074088990408,1255.0526979750625,0.9,-419.86719327754537,0.0,0.0
61,proper_scoring,node-007,0.0,56.709445162414234,626.3474351336475,0.0,56709.44516241423,626347.4351336475,0.0,0.0,8394.074088990408,1255.0526979750625,0.9,-400.5419336335211,0.0,0.0
61,proper_scoring,node-008,196.67520254195523,283.10534968834156,410.8289190696008,196675.20254195522,283105.34968834155,410828.91906960076,0.0,0.0,8394.074088990408,1255.0526979750625,0.9,-306.3001451218148,0.0,0.0
61,proper_scoring,node-009,0.0,0.0,0.0,0.0,0.0,0.0,0.0,0.0,8394.074088990408,1255.0526979750625,0.9,0.0,0.0,0.0
61,proper_scoring,node-010,466.30250912502515,484.40560986461554,824.2934588451691,466302.5091250251,484405.60986461554,824293.458845169,0.0,0.0,8394.074088990408,1255.0526979750625,0.9,-261.3023480869429,0.0,0.0
61,proper_scoring,node-011,0.0,0.0,78.65494202830736,0.0,0.0,78654.94202830736,0.0,0.0,8394.074088990408,1255.0526979750625,0.9,-221.34505797169263,0.0,0.0
61,proper_scoring,node-012,0.0,0.0,0.0,0.0,0.0,0.0,0.0,0.0,8394.074088990408,1255.0526979750625,0.9,0.0,0.0,0.0
61,proper_scoring,node-013,0.0,0.0,124.91116472060352,0.0,0.0,124911.16472060353,0.0,0.0,8394.074088990408,1255.0526979750625,0.9,-337.33537754687393,0.0,0.0
61,proper_scoring,node-014,0.0,0.0,0.0,0.0,0.0,0.0,0.0,0.0,8394.074088990408,1255.0526979750625,0.9,0.0,0.0,0.0
61,proper_scoring,node-015,0.0,0.0,0.0,0.0,0.0,0.0,0.0,0.0,8394.074088990408,1255.0526979750625,0.9,0.0,0.0,0.0
61,proper_scoring,node-016,413.43777809013534,574.6359114985993,630.6128451225486,413437.7780901353,574635.9114985992,630612.8451225486,0.0,0.0,8394.074088990408,1255.0526979750625,0.9,-149.27182299719848,0.0,0.0
61,proper_scoring,node-017,86.22645344482112,410.1656918045377,481.2370427889257,0.16036282670859806,0.7628207716875994,0.8949983376957941,500.338234583171,537.6960185511496,8394.074088990408,1255.0526979750625,0.9,-688.8810887545957,-5.137827633210236,-500.338234583171
61,proper_scoring,node-018,0.0,0.0,39.564839441972765,0.0,0.0,39564.83944197276,0.0,0.0,8394.074088990408,1255.0526979750625,0.9,-160.43516055802723,0.0,0.0
61,proper_scoring,node-019,0.0,0.0,0.0,0.0,0.0,0.0,0.0,0.0,8394.074088990408,1255.0526979750625,0.9,0.0,0.0,0.0
61,proper_scoring,node-020,268.8075794283354,810.3116901582425,875.9616485583712,268807.57942833536,810311.6901582425,875961.6485583711,0.0,0.0,8394.074088990408,1255.0526979750625,0.9,-188.6006175893271,0.0,0.0
61,proper_scoring,node-021,0.0,0.0,0.0,0.0,0.0,0.0,0.0,0.0,8394.074088990408,1255.0526979750625,0.9,0.0,0.0,0.0
61,proper_scoring,node-022,0.0,498.86978215668495,585.4899103373717,0.0,498869.78215668496,585489.9103373718,0.0,0.0,8394.074088990408,1255.0526979750625,0.9,-123.67107519708408,0.0,0.0
61,proper_scoring,node-023,88.71177992780353,0.0,547.0072234742338,88711.77992780354,0.0,547007.2234742338,0.0,0.0,8394.074088990408,1255.0526979750625,0.9,-364.90064347486407,0.0,0.0
61,proper_scoring,node-024,0.0,0.0,82.99334022952246,0.0,0.0,82993.34022952245,0.0,0.0,8394.074088990408,1255.0526979750625,0.9,-217.00665977047754,0.0,0.0
61,proper_scoring,node-025,126.32886552234305,0.0,166.74852409401416,126328.86552234305,0.0,166748.52409401417,0.0,0.0,8394.074088990408,1255.0526979750625,0.9,-133.00590362394342,0.0,0.0
61,proper_scoring,node-026,0.0,0.0,676.4448327220805,0.0,0.0,676444.8327220805,0.0,0.0,8394.074088990408,1255.0526979750625,0.9,-272.13466263293657,0.0,0.0
61,proper_scoring,node-027,0.0,0.0,125.01255595892565,0.0,0.0,125012.55595892564,0.0,0.0,8394.074088990408,1255.0526979750625,0.9,-99.94977616429748,0.0,0.0
61,proper_scoring,node-028,0.0,0.0,257.7690782341893,0.0,0.0,257769.07823418928,0.0,0.0,8394.074088990408,1255.0526979750625,0.9,-361.42264281395006,0.0,0.0
61,proper_scoring,node-029,0.0,456.5479985752196,513.6151069249047,0.0,456547.9985752196,513615.1069249047,0.0,0.0,8394.074088990408,1255.0526979750625,0.9,-300.4536007493543,0.0,0.0
61,audits,node-000,0.0,0.0,0.0,0.0,0.0,0.0,0.0,0.0,8394.074088990408,1209.3714590505306,0.9,0.0,0.0,0.0
61,audits,node-001,0.0,0.0,0.0,0.0,0.0,0.0,0.0,0.0,8394.074088990408,1209.3714590505306,0.9,0.0,0.0,0.0
61,audits,node-002,355.2382523891229,0.0,355.27180484707554,355238.2523891229,0.0,355271.80484707555,0.0,0.0,8394.074088990408,1209.3714590505306,0.9,-644.7281951529244,0.0,0.0
61,audits,node-003,0.0,0.0,0.0,0.0,0.0,0.0,0.0,0.0,8394.074088990408,1209.3714590505306,0.9,0.0,0.0,0.0
61,audits,node-004,396.8862540834776,875.3933351580625,875.3933351580625,396886.2540834776,875393.3351580625,875393.3351580625,0.0,0.0,8394.074088990408,1209.3714590505306,0.9,-1537.6966675790313,0.0,0.0
61,audits,node-005,0.0,51.90091859903305,80.16989627756584,0.0,0.07467854456040508,0.11535385756503347,468.2385359609035,694.9910299477256,8394.074088990408,1209.3714590505306,0.9,-1028.3082632408718,20.644167072184814,-468.2385359609035
61,audits,node-006,392.1273494825318,0.0,392.2655940898285,392127.34948253183,0.0,392265.5940898285,0.0,0.0,8394.074088990408,1209.3714590505306,0.9,-607.7344059101715,0.0,0.0
61,audits,node-007,0.0,56.709445162414234,320.26596860192194,0.0,56709.44516241423,320265.9686019219,0.0,0.0,8394.074088990408,1209.3714590505306,0.9,-1515.4421657258495,0.0,0.0
61,audits,node-008,174.69054045134823,283.10534968834156,385.67079417556425,174690.54045134824,283105.34968834155,385670.79417556425,0.0,0.0,8394.074088990408,1209.3714590505306,0.9,-576.5750362804537,0.0,0.0
61,audits,node-009,0.0,0.0,0.0,0.0,0.0,0.0,0.0,0.0,8394.074088990408,1209.3714590505306,0.9,0.0,0.0,0.0
61,audits,node-010,443.7990473761469,412.2313894188805,732.6627935108678,443799.0473761469,412231.3894188805,732662.7935108677,0.0,0.0,8394.074088990408,1209.3714590505306,0.9,-1565.3255870217358,0.0,0.0
61,audits,node-011,0.0,0.0,78.65494202830736,0.0,0.0,78654.94202830736,0.0,0.0,8394.074088990408,1209.3714590505306,0.9,-221.34505797169263,0.0,0.0
61,audits,node-012,0.0,0.0,0.0,0.0,0.0,0.0,0.0,0.0,8394.074088990408,1209.3714590505306,0.9,0.0,0.0,0.0
61,audits,node-013,0.0,0.0,117.81069447734839,0.0,0.0,117810.69447734838,0.0,0.0,8394.074088990408,1209.3714590505306,0.9,-386.25758485252584,0.0,0.0
61,audits,node-014,0.0,0.0,0.0,0.0,0.0,0.0,0.0,0.0,8394.074088990408,1209.3714590505306,0.9,0.0,0.0,0.0
61,audits,node-015,0.0,0.0,0.0,0.0,0.0,0.0,0.0,0.0,8394.074088990408,1209.3714590505306,0.9,0.0,0.0,0.0
61,audits,node-016,413.43777809013534,574.6359114985993,630.6128451225486,413437.7780901353,574635.9114985992,630612.8451225486,0.0,0.0,8394.074088990408,1209.3714590505306,0.9,-537.3179557492997,0.0,0.0
61,audits,node-017,85.06185353985461,317.2487819508864,405.20388328427623,0.16536759318044358,0.6167590444765555,0.7877513613631123,477.022645134826,514.3804291028047,8394.074088990408,1209.3714590505306,0.9,-2024.1583586776821,-5.603667595196839,-477.022645134826
61,audits,node-018,0.0,0.0,39.564839441972765,0.0,0.0,39564.83944197276,0.0,0.0,8394.074088990408,1209.3714590505306,0.9,-160.43516055802723,0.0,0.0
61,audits,node-019,0.0,0.0,0.0,0.0,0.0,0.0,0.0,0.0,8394.074088990408,1209.3714590505306,0.9,0.0,0.0,0.0
61,audits,node-020,0.0,94.3003087946638,712.0313941103294,0.0,94300.3087946638,712031.3941103294,0.0,0.0,8394.074088990408,1209.3714590505306,0.9,-1547.1501543973318,0.0,0.0
61,audits,node-021,0.0,0.0,0.0,0.0,0.0,0.0,0.0,0.0,8394.074088990408,1209.3714590505306,0.9,0.0,0.0,0.0
61,audits,node-022,0.0,466.6337661751448,559.3870725729579,0.0,466633.76617514476,559387.0725729578,0.0,0.0,8394.074088990408,1209.3714590505306,0.9,-475.94149295719967,0.0,0.0
61,audits,node-023,88.71177992780353,0.0,547.0072234742338,88711.77992780354,0.0,547007.2234742338,0.0,0.0,8394.074088990408,1209.3714590505306,0.9,-594.0144469484678,0.0,0.0
61,audits,node-024,0.0,0.0,82.99334022952246,0.0,0.0,82993.34022952245,0.0,0.0,8394.074088990408,1209.3714590505306,0.9,-217.00665977047754,0.0,0.0
61,audits,node-025,126.32886552234305,0.0,166.74852409401416,126328.86552234305,0.0,166748.52409401417,0.0,0.0,8394.074088990408,1209.3714590505306,0.9,-233.25147590598584,0.0,0.0
61,audits,node-026,0.0,0.0,631.9663343417658,0.0,0.0,631966.3343417657,0.0,0.0,8394.074088990408,1209.3714590505306,0.9,-1368.0336656582344,0.0,0.0
61,audits,node-027,0.0,0.0,125.01255595892565,0.0,0.0,125012.55595892564,0.0,0.0,8394.074088990408,1209.3714590505306,0.9,-174.98744404107435,0.0,0.0
61,audits,node-028,0.0,0.0,257.7690782341893,0.0,0.0,257769.07823418928,0.0,0.0,8394.074088990408,1209.3714590505306,0.9,-442.2309217658107,0.0,0.0
61,audits,node-029,0.0,428.89941836854746,428.89941836854746,0.0,428899.41836854746,428899.41836854746,0.0,0.0,8394.074088990408,1209.3714590505306,0.9,-875.1134001873387,0.0,0.0
62,greedy,node-000,0.0,0.0,0.0,0.0,0.0,0.0,0.0,0.0,6601.442109433109,337.2989139215628,0.85,0.0,0.0,0.0
62,greedy,node-001,0.0,0.0,0.0,0.0,0.0,0.0,0.0,0.0,6601.442109433109,337.2989139215628,0.85,0.0,0.0,0.0
62,greedy,node-002,4.713561464068874,0.0,4.713561464068874,0.013974434157724532,0.0,0.013974434157724532,112.43297130718764,337.2989139215628,6601.442109433109,337.2989139215628,0.85,-168.64945696078146,-33.72989139215632,-112.43297130718764
62,greedy,node-003,0.0,0.0,0.0,0.0,0.0,0.0,0.0,0.0,6601.442109433109,337.2989139215628,0.85,-23.71639923099929,0.0,0.0
62,greedy,node-004,0.0,0.0,0.0,0.0,0.0,0.0,0.0,0.0,6601.442109433109,337.2989139215628,0.85,0.0,0.0,0.0
62,greedy,node-005,0.0,0.0,0.0,0.0,0.0,0.0,0.0,0.0,6601.442109433109,337.2989139215628,0.85,0.0,0.0,0.0
62,greedy,node-006,0.0,0.0,0.0,0.0,0.0,0.0,0.0,0.0,6601.442109433109,337.2989139215628,0.85,-110.04033133034699,0.0,0.0
62,greedy,node-007,0.0,0.0,0.0,0.0,0.0,0.0,0.0,0.0,6601.442109433109,337.2989139215628,0.85,-16.581259528890627,0.0,0.0
62,greedy,node-008,0.0,0.0,0.0,0.0,0.0,0.0,0.0,0.0,6601.442109433109,337.2989139215628,0.85,0.0,0.0,0.0
62,greedy,node-009,0.0,0.0,0.0,0.0,0.0,0.0,0.0,0.0,6601.442109433109,337.2989139215628,0.85,0.0,0.0,0.0
62,greedy,node-010,0.0,0.0,0.0,0.0,0.0,0.0,0.0,0.0,6601.442109433109,337.2989139215628,0.85,0.0,0.0,0.0
62,greedy,node-011,0.0,0.0,0.0,0.0,0.0,0.0,0.0,0.0,6601.442109433109,337.2989139215628,0.85,0.0,0.0,0.0
62,greedy,node-012,0.0,0.0,0.0,0.0,0.0,0.0,0.0,0.0,6601.442109433109,337.2989139215628,0.85,0.0,0.0,0.0
62,greedy,node-013,0.0,0.0,0.0,0.0,0.0,0.0,0.0,0.0,6601.442109433109,337.2989139215628,0.85,0.0,0.0,0.0
62,greedy,node-014,0.0,0.0,0.0,0.0,0.0,0.0,0.0,0.0,6601.442109433109,337.2989139215628,0.85,0.0,0.0,0.0
62,greedy,node-015,0.0,0.0,0.0,0.0,0.0,0.0,0.0,0.0,6601.442109433109,337.2989139215628,0.85,-30.651056687650076,0.0,0.0
62,greedy,node-016,0.0,0.0,0.0,0.0,0.0,0.0,0.0,0.0,6601.442109433109,337.2989139215628,0.85,0.0,0.0,0.0
62,greedy,node-017,0.0,0.0,0.0,0.0,0.0,0.0,0.0,0.0,6601.442109433109,337.2989139215628,0.85,0.0,0.0,0.0
62,greedy,node-018,0.0,0.0,0.0,0.0,0.0,0.0,0.0,0.0,6601.442109433109,337.2989139215628,0.85,0.0,0.0,0.0
62,greedy,node-019,0.0,0.0,0.0,0.0,0.0,0.0,0.0,0.0,6601.442109433109,337.2989139215628,0.85,0.0,0.0,0.0
62,greedy,node-020,0.0,0.0,0.0,0.0,0.0,0.0,0.0,0.0,6601.442109433109,337.2989139215628,0.85,0.0,0.0,0.0
62,greedy,node-021,0.0,0.0,0.0,0.0,0.0,0.0,0.0,0.0,6601.442109433109,337.2989139215628,0.85,0.0,0.0,0.0
62,greedy,node-022,0.0,0.0,0.0,0.0,0.0,0.0,0.0,0.0,6601.442109433109,337.2989139215628,0.85,0.0,0.0,0.0
62,greedy,node-023,0.0,0.0,0.0,0.0,0.0,0.0,0.0,0.0,6601.442109433109,337.2989139215628,0.85,0.0,0.0,0.0
62,greedy,node-024,5.759930317731438,0.0,5.759930317731438,5759.930317731438,0.0,5759.930317731438,0.0,0.0,6601.442109433109,337.2989139215628,0.85,-37.68808424656451,0.0,0.0
62,greedy,node-025,0.0,0.0,0.0,0.0,0.0,0.0,0.0,0.0,6601.442109433109,337.2989139215628,0.85,-2.4458170968011252,0.0,0.0
62,greedy,node-026,0.0,0.0,0.0,0.0,0.0,0.0,0.0,0.0,6601.442109433109,337.2989139215628,0.85,-89.7076556002565,0.0,0.0
62,greedy,node-027,15.084950275471769,0.0,15.084950275471769,15084.950275471769,0.0,15084.950275471769,0.0,0.0,6601.442109433109,337.2989139215628,0.85,-55.87194175140536,24.481594055079544,0.0
62,greedy,node-028,0.0,0.0,0.0,0.0,0.0,0.0,0.0,0.0,6601.442109433109,337.2989139215628,0.85,-72.71471194604175,0.0,0.0
62,greedy,node-029,0.0,0.0,0.0,0.0,0.0,0.0,0.0,0.0,6601.442109433109,337.2989139215628,0.85,0.0,0.0,0.0
62,trust_vcg,node-000,0.0,0.0,0.0,0.0,0.0,0.0,0.0,0.0,8069.051518686831,808.9133160288272,0.9444444444444444,0.0,0.0,0.0
62,trust_vcg,node-001,0.0,0.0,0.0,0.0,0.0,0.0,0.0,0.0,8069.051518686831,808.9133160288272,0.9444444444444444,0.0,0.0,0.0
62,trust_vcg,node-002,439.15429098422004,0.0,487.94888068870927,439154.29098422005,0.0,487948.88068870927,0.0,0.0,8069.051518686831,808.9133160288272,0.9444444444444444,-11056.216485653593,149.76053161086207,0.0
62,trust_vcg,node-003,0.0,0.0,0.0,0.0,0.0,0.0,437.7191232766409,515.0941006375116,8069.051518686831,808.9133160288272,0.9444444444444444,-11565.735871019535,41.40116299578119,-437.7191232766409
62,trust_vcg,node-004,0.0,0.0,0.0,0.0,0.0,0.0,0.0,0.0,8069.051518686831,808.9133160288272,0.9444444444444444,-1691.056716361934,0.0,0.0
62,trust_vcg,node-005,0.0,0.0,183.32950832334097,0.0,0.0,183329.50832334097,0.0,0.0,8069.051518686831,808.9133160288272,0.9444444444444444,-3410.188961492404,0.0,0.0
62,trust_vcg,node-006,504.48451901177407,177.80130297457058,504.48451901177407,504484.51901177404,177801.30297457057,504484.51901177404,0.0,0.0,8069.051518686831,808.9133160288272,0.9444444444444444,-11110.040331330349,0.0,0.0
62,trust_vcg,node-007,0.0,239.77748361183552,239.77748361183552,0.0,239777.48361183552,239777.48361183552,0.0,0.0,8069.051518686831,808.9133160288272,0.9444444444444444,-3940.308994252197,0.0,0.0
62,trust_vcg,node-008,0.0,0.0,0.0,0.0,0.0,0.0,0.0,0.0,8069.051518686831,808.9133160288272,0.9444444444444444,0.0,0.0,0.0
62,trust_vcg,node-009,0.0,0.0,0.0,0.0,0.0,0.0,0.0,0.0,8069.051518686831,808.9133160288272,0.9444444444444444,0.0,0.0,0.0
62,trust_vcg,node-010,0.0,0.0,90.81912441037622,0.0,0.0,90819.12441037621,0.0,0.0,8069.051518686831,808.9133160288272,0.9444444444444444,-2309.180875589624,0.0,0.0
62,trust_vcg,node-011,0.0,0.0,0.0,0.0,0.0,0.0,0.0,0.0,8069.051518686831,808.9133160288272,0.9444444444444444,0.0,0.0,0.0
62,trust_vcg,node-012,0.0,0.0,0.0,0.0,0.0,0.0,0.0,0.0,8069.051518686831,808.9133160288272,0.9444444444444444,0.0,0.0,0.0
62,trust_vcg,node-013,0.0,173.2292544696038,334.12667964559876,0.0,173229.2544696038,334126.67964559875,0.0,0.0,8069.051518686831,808.9133160288272,0.9444444444444444,-5065.873320354402,0.0,0.0
62,trust_vcg,node-014,0.0,0.0,0.0,0.0,0.0,0.0,0.0,0.0,8069.051518686831,808.9133160288272,0.9444444444444444,0.0,0.0,0.0
62,trust_vcg,node-015,0.0,306.9114704533993,306.9114704533993,0.0,306911.4704533993,306911.4704533993,0.0,0.0,8069.051518686831,808.9133160288272,0.9444444444444444,-5601.702419215291,0.0,0.0
62,trust_vcg,node-016,297.2953644836627,0.0,554.2147783878286,297295.3644836627,0.0,554214.7783878286,0.0,0.0,8069.051518686831,808.9133160288272,0.9444444444444444,-5608.429556775658,0.0,0.0
62,trust_vcg,node-017,0.0,0.0,87.18563482744457,0.0,0.0,87185.63482744458,0.0,0.0,8069.051518686831,808.9133160288272,0.9444444444444444,-1684.208042717603,0.0,0.0
62,trust_vcg,node-018,0.0,0.0,6.834731507432082,0.0,0.0,6834.731507432081,0.0,0.0,8069.051518686831,808.9133160288272,0.9444444444444444,-593.1652684925679,0.0,0.0
62,trust_vcg,node-019,0.0,0.0,0.0,0.0,0.0,0.0,0.0,0.0,8069.051518686831,808.9133160288272,0.9444444444444444,0.0,0.0,0.0
62,trust_vcg,node-020,0.0,0.0,0.0,0.0,0.0,0.0,0.0,0.0,8069.051518686831,808.9133160288272,0.9444444444444444,-3984.366828903335,0.0,0.0
62,trust_vcg,node-021,0.0,0.0,0.0,0.0,0.0,0.0,0.0,0.0,8069.051518686831,808.9133160288272,0.9444444444444444,0.0,0.0,0.0
62,trust_vcg,node-022,0.0,0.0,0.0,0.0,0.0,0.0,0.0,0.0,8069.051518686831,808.9133160288272,0.9444444444444444,0.0,0.0,0.0
62,trust_vcg,node-023,0.0,0.0,0.0,0.0,0.0,0.0,0.0,0.0,8069.051518686831,808.9133160288272,0.9444444444444444,0.0,0.0,0.0
62,trust_vcg,node-024,0.0,401.7446065440857,537.2777010759755,0.0,401744.60654408566,537277.7010759756,0.0,0.0,8069.051518686831,808.9133160288272,0.9444444444444444,-5574.555402151951,0.0,0.0
62,trust_vcg,node-025,272.1177686439179,0.0,406.7433146912634,272117.76864391787,0.0,406743.31469126337,0.0,0.0,8069.051518686831,808.9133160288272,0.9444444444444444,-7768.189373550718,0.0,0.0
62,trust_vcg,node-026,275.6539978282216,0.0,477.3058051574663,0.9381755289935642,0.0,1.6244880530423396,36.328734892105054,293.8192153913157,8069.051518686831,808.9133160288272,0.9444444444444444,-10573.61604870336,-38.62357207488162,-36.328734892105054
62,trust_vcg,node-027,0.0,11.74388350281071,264.19971859767764,0.0,11743.88350281071,264199.71859767765,0.0,0.0,8069.051518686831,808.9133160288272,0.9444444444444444,-10535.800281402322,0.0,0.0
62,trust_vcg,node-028,0.0,45.42942389208363,86.63167099674833,0.0,45429.423892083636,86631.67099674832,0.0,0.0,8069.051518686831,808.9133160288272,0.9444444444444444,-10548.530713400503,0.0,0.0
62,trust_vcg,node-029,0.0,0.0,0.0,0.0,0.0,0.0,0.0,0.0,8069.051518686831,808.9133160288272,0.9444444444444444,0.0,0.0,0.0
62,contingent,node-000,0.0,0.0,0.0,0.0,0.0,0.0,0.0,0.0,8069.051518686831,472.5013806649,0.9444444444444444,0.0,0.0,0.0
62,contingent,node-001,0.0,0.0,0.0,0.0,0.0,0.0,0.0,0.0,8069.051518686831,472.5013806649,0.9444444444444444,0.0,0.0,0.0
62,contingent,node-002,6.412816916101826,40.78148923735797,203.66160105277302,6412.816916101826,40781.489237357964,203661.601052773,0.0,0.0,8069.051518686831,472.5013806649,0.9444444444444444,-224.86594261437529,5.513373588156018,0.0
62,contingent,node-003,0.0,14.489770759681775,18.95899258166189,0.0,0.12484458803869422,0.16335162631228686,38.68748868043531,116.06246604130592,8069.051518686831,472.5013806649,0.9444444444444444,-550.7544796520091,-8.477791328744505,-38.68748868043531
62,contingent,node-004,0.0,0.0,0.0,0.0,0.0,0.0,0.0,0.0,8069.051518686831,472.5013806649,0.9444444444444444,-273.44244585557897,0.0,0.0
62,contingent,node-005,0.0,0.0,33.32950832334096,0.0,0.0,33329.50832334096,0.0,0.0,8069.051518686831,472.5013806649,0.9444444444444444,-440.75584596961414,0.0,0.0
62,contingent,node-006,12.12786504901364,93.90451059174933,93.90451059174933,12127.865049013639,93904.51059174932,93904.51059174932,0.0,0.0,8069.051518686831,472.5013806649,0.9444444444444444,-440.16132532138795,0.0,0.0
62,contingent,node-007,0.0,89.77748361183552,89.77748361183552,0.0,89777.48361183552,89777.48361183552,0.0,0.0,8069.051518686831,472.5013806649,0.9444444444444444,-361.2359770087877,0.0,0.0
62,contingent,node-008,0.0,0.0,0.0,0.0,0.0,0.0,0.0,0.0,8069.051518686831,472.5013806649,0.9444444444444444,0.0,0.0,0.0
62,contingent,node-009,0.0,0.0,0.0,0.0,0.0,0.0,0.0,0.0,8069.051518686831,472.5013806649,0.9444444444444444,0.0,0.0,0.0
62,contingent,node-010,0.0,0.0,0.0,0.0,0.0,0.0,0.0,0.0,8069.051518686831,472.5013806649,0.9444444444444444,-436.7235023584951,0.0,0.0
62,contingent,node-011,0.0,0.0,0.0,0.0,0.0,0.0,0.0,0.0,8069.051518686831,472.5013806649,0.9444444444444444,0.0,0.0,0.0
62,contingent,node-012,0.0,0.0,0.0,0.0,0.0,0.0,0.0,0.0,8069.051518686831,472.5013806649,0.9444444444444444,0.0,0.0,0.0
62,contingent,node-013,0.0,73.22925446960377,73.22925446960377,0.0,73229.25446960377,73229.25446960377,0.0,0.0,8069.051518686831,472.5013806649,0.9444444444444444,-463.4932814176047,0.0,0.0
62,contingent,node-014,0.0,0.0,0.0,0.0,0.0,0.0,0.0,0.0,8069.051518686831,472.5013806649,0.9444444444444444,0.0,0.0,0.0
62,contingent,node-015,0.0,106.91147045339932,106.91147045339932,0.0,106911.47045339932,106911.47045339932,0.0,0.0,8069.051518686831,472.5013806649,0.9444444444444444,-406.80967686116907,0.0,0.0
62,contingent,node-016,0.0,0.0,54.21477838782851,0.0,0.0,54214.77838782851,0.0,0.0,8069.051518686831,472.5013806649,0.9444444444444444,-433.71822710262813,0.0,0.0
62,contingent,node-017,0.0,0.0,0.0,0.0,0.0,0.0,0.0,0.0,8069.051518686831,472.5013806649,0.9444444444444444,-248.5297217422326,0.0,0.0
62,contingent,node-018,0.0,0.0,0.0,0.0,0.0,0.0,0.0,0.0,8069.051518686831,472.5013806649,0.9444444444444444,-172.6610739702717,0.0,0.0
62,contingent,node-019,0.0,0.0,0.0,0.0,0.0,0.0,0.0,0.0,8069.051518686831,472.5013806649,0.9444444444444444,0.0,0.0,0.0
62,contingent,node-020,0.0,0.0,0.0,0.0,0.0,0.0,0.0,0.0,8069.051518686831,472.5013806649,0.9444444444444444,-537.4673156133383,0.0,0.0
62,contingent,node-021,0.0,0.0,0.0,0.0,0.0,0.0,0.0,0.0,8069.051518686831,472.5013806649,0.9444444444444444,0.0,0.0,0.0
62,contingent,node-022,0.0,0.0,0.0,0.0,0.0,0.0,0.0,0.0,8069.051518686831,472.5013806649,0.9444444444444444,0.0,0.0,0.0
62,contingent,node-023,0.0,0.0,0.0,0.0,0.0,0.0,0.0,0.0,8069.051518686831,472.5013806649,0.9444444444444444,0.0,0.0,0.0
62,contingent,node-024,0.0,101.7446065440856,150.53306665767838,0.0,101744.6065440856,150533.06665767837,0.0,0.0,8069.051518686831,472.5013806649,0.9444444444444444,-298.22160860780355,0.0,0.0
62,contingent,node-025,0.0,0.0,4.173765862425276,0.0,0.0,4173.765862425275,0.0,0.0,8069.051518686831,472.5013806649,0.9444444444444444,-272.7574942028781,0.0,0.0
62,contingent,node-026,63.80977240415815,0.0,214.6861059251877,0.17902021857389624,0.0,0.6023082697126381,98.94843412438352,356.4389146235941,8069.051518686831,472.5013806649,0.9444444444444444,-448.09768936938406,-35.643891462359434,-98.94843412438352
62,contingent,node-027,0.0,64.59296625163849,127.40993738802278,0.0,64592.966251638485,127409.93738802278,0.0,0.0,8069.051518686831,472.5013806649,0.9444444444444444,-343.20112560928965,0.0,0.0
62,contingent,node-028,0.0,54.59958440646817,80.7529508066228,0.0,54599.584406468166,80752.9508066228,0.0,0.0,8069.051518686831,472.5013806649,0.9444444444444444,-394.1228536020112,0.0,0.0
62,contingent,node-029,0.0,0.0,0.0,0.0,0.0,0.0,0.0,0.0,8069.051518686831,472.5013806649,0.9444444444444444,0.0,0.0,0.0
62,capped,node-000,0.0,0.0,0.0,0.0,0.0,0.0,0.0,0.0,8069.051518686831,502.2981867901218,0.9444444444444444,0.0,0.0,0.0
62,capped,node-001,0.0,0.0,0.0,0.0,0.0,0.0,0.0,0.0,8069.051518686831,502.2981867901218,0.9444444444444444,0.0,0.0,0.0
62,capped,node-002,6.412816916101826,109.90714424163548,341.9129110613281,6412.816916101826,109907.14424163547,341912.9110613281,0.0,0.0,8069.051518686831,502.2981867901218,0.9444444444444444,-56.21648565359382,5.513373588156018,0.0
62,capped,node-003,0.0,40.08516708275661,44.554388904736726,0.0,0.3453758002047841,0.38388283847837673,38.68748868043531,116.06246604130592,8069.051518686831,502.2981867901218,0.9444444444444444,-166.70423642332875,-8.477791328744505,-38.68748868043531
62,capped,node-004,0.0,0.0,0.0,0.0,0.0,0.0,0.0,0.0,8069.051518686831,502.2981867901218,0.9444444444444444,-68.36061146389474,0.0,0.0
62,capped,node-005,0.0,0.0,33.32950832334096,0.0,0.0,33329.50832334096,0.0,0.0,8069.051518686831,502.2981867901218,0.9444444444444444,-110.18896149240355,0.0,0.0
62,capped,node-006,12.12786504901364,177.80130297457052,177.80130297457052,12127.865049013639,177801.3029745705,177801.3029745705,0.0,0.0,8069.051518686831,502.2981867901218,0.9444444444444444,-110.04033133034699,0.0,0.0
62,capped,node-007,0.0,89.77748361183552,89.77748361183552,0.0,89777.48361183552,89777.48361183552,0.0,0.0,8069.051518686831,502.2981867901218,0.9444444444444444,-90.3089942521969,0.0,0.0
62,capped,node-008,0.0,0.0,0.0,0.0,0.0,0.0,0.0,0.0,8069.051518686831,502.2981867901218,0.9444444444444444,0.0,0.0,0.0
62,capped,node-009,0.0,0.0,0.0,0.0,0.0,0.0,0.0,0.0,8069.051518686831,502.2981867901218,0.9444444444444444,0.0,0.0,0.0
62,capped,node-010,0.0,0.0,0.0,0.0,0.0,0.0,0.0,0.0,8069.051518686831,502.2981867901218,0.9444444444444444,-109.18087558962378,0.0,0.0
62,capped,node-011,0.0,0.0,0.0,0.0,0.0,0.0,0.0,0.0,8069.051518686831,502.2981867901218,0.9444444444444444,0.0,0.0,0.0
62,capped,node-012,0.0,0.0,0.0,0.0,0.0,0.0,0.0,0.0,8069.051518686831,502.2981867901218,0.9444444444444444,0.0,0.0,0.0
62,capped,node-013,0.0,73.22925446960377,73.22925446960377,0.0,73229.25446960377,73229.25446960377,0.0,0.0,8069.051518686831,502.2981867901218,0.9444444444444444,-115.87332035440117,0.0,0.0
62,capped,node-014,0.0,0.0,0.0,0.0,0.0,0.0,0.0,0.0,8069.051518686831,502.2981867901218,0.9444444444444444,0.0,0.0,0.0
62,capped,node-015,0.0,106.91147045339932,106.91147045339932,0.0,106911.47045339932,106911.47045339932,0.0,0.0,8069.051518686831,502.2981867901218,0.9444444444444444,-101.70241921529227,0.0,0.0
62,capped,node-016,0.0,0.0,54.21477838782851,0.0,0.0,54214.77838782851,0.0,0.0,8069.051518686831,502.2981867901218,0.9444444444444444,-108.42955677565705,0.0,0.0
62,capped,node-017,0.0,0.0,0.0,0.0,0.0,0.0,0.0,0.0,8069.051518686831,502.2981867901218,0.9444444444444444,-62.132430435558156,0.0,0.0
62,capped,node-018,0.0,0.0,0.0,0.0,0.0,0.0,0.0,0.0,8069.051518686831,502.2981867901218,0.9444444444444444,-43.16526849256792,0.0,0.0
62,capped,node-019,0.0,0.0,0.0,0.0,0.0,0.0,0.0,0.0,8069.051518686831,502.2981867901218,0.9444444444444444,0.0,0.0,0.0
62,capped,node-020,0.0,0.0,0.0,0.0,0.0,0.0,0.0,0.0,8069.051518686831,502.2981867901218,0.9444444444444444,-134.36682890333458,0.0,0.0
62,capped,node-021,0.0,0.0,0.0,0.0,0.0,0.0,0.0,0.0,8069.051518686831,502.2981867901218,0.9444444444444444,0.0,0.0,0.0
62,capped,node-022,0.0,0.0,0.0,0.0,0.0,0.0,0.0,0.0,8069.051518686831,502.2981867901218,0.9444444444444444,0.0,0.0,0.0
62,capped,node-023,0.0,0.0,0.0,0.0,0.0,0.0,0.0,0.0,8069.051518686831,502.2981867901218,0.9444444444444444,0.0,0.0,0.0
62,capped,node-024,0.0,101.7446065440856,150.53306665767838,0.0,101744.6065440856,150533.06665767837,0.0,0.0,8069.051518686831,502.2981867901218,0.9444444444444444,-74.55540215195089,0.0,0.0
62,capped,node-025,0.0,0.0,4.173765862425276,0.0,0.0,4173.765862425275,0.0,0.0,8069.051518686831,502.2981867901218,0.9444444444444444,-68.18937355071954,0.0,0.0
62,capped,node-026,57.84733691641276,0.0,184.8892997999659,0.14977210498361215,0.0,0.4786954956975784,128.74524024960533,386.2357207488159,8069.051518686831,502.2981867901218,0.9444444444444444,-216.03255406085546,-38.62357207488162,-128.74524024960533
62,capped,node-027,0.0,111.74388350281072,198.13631326478117,0.0,111743.88350281071,198136.31326478117,0.0,0.0,8069.051518686831,502.2981867901218,0.9444444444444444,-85.80028140232241,0.0,0.0
62,capped,node-028,0.0,145.4294238920835,194.290250163642,0.0,145429.4238920835,194290.25016364202,0.0,0.0,8069.051518686831,502.2981867901218,0.9444444444444444,-98.53071340050279,0.0,0.0
62,capped,node-029,0.0,0.0,0.0,0.0,0.0,0.0,0.0,0.0,8069.051518686831,502.2981867901218,0.9444444444444444,0.0,0.0,0.0
62,proper_scoring,node-000,0.0,0.0,0.0,0.0,0.0,0.0,0.0,0.0,8069.051518686831,1319.2065938364608,0.9444444444444444,0.0,0.0,0.0
62,proper_scoring,node-001,0.0,0.0,0.0,0.0,0.0,0.0,0.0,0.0,8069.051518686831,1319.2065938364608,0.9444444444444444,0.0,0.0,0.0
62,proper_scoring,node-002,595.467887368783,840.781489237358,840.781489237358,595467.8873687829,840781.489237358,840781.489237358,0.0,0.0,8069.051518686831,1319.2065938364608,0.9444444444444444,-224.86594261437529,149.76053161086207,0.0
62,proper_scoring,node-003,369.16656298491665,165.45813616347624,506.0236813626038,0.716697322931895,0.3212192412196048,0.9823907529445945,437.7191232766409,515.0941006375116,8069.051518686831,1319.2065938364608,0.9444444444444444,-919.9533093821685,41.40116299578119,-437.7191232766409
62,proper_scoring,node-004,0.0,0.0,0.0,0.0,0.0,0.0,0.0,0.0,8069.051518686831,1319.2065938364608,0.9444444444444444,-191.05671636193415,0.0,0.0
62,proper_scoring,node-005,0.0,0.0,183.32950832334097,0.0,0.0,183329.50832334097,0.0,0.0,8069.051518686831,1319.2065938364608,0.9444444444444444,-390.77879602956835,0.0,0.0
62,proper_scoring,node-006,504.48451901177407,677.8013029745705,903.763619224844,504484.51901177404,677801.3029745704,903763.6192248439,0.0,0.0,8069.051518686831,1319.2065938364608,0.9444444444444444,-434.9916163336418,0.0,0.0
62,proper_scoring,node-007,0.0,239.77748361183552,239.77748361183552,0.0,239777.48361183552,239777.48361183552,0.0,0.0,8069.051518686831,1319.2065938364608,0.9444444444444444,-361.2359770087877,0.0,0.0
62,proper_scoring,node-008,0.0,0.0,0.0,0.0,0.0,0.0,0.0,0.0,8069.051518686831,1319.2065938364608,0.9444444444444444,0.0,0.0,0.0
62,proper_scoring,node-009,0.0,0.0,0.0,0.0,0.0,0.0,0.0,0.0,8069.051518686831,1319.2065938364608,0.9444444444444444,0.0,0.0,0.0
62,proper_scoring,node-010,0.0,0.0,90.81912441037622,0.0,0.0,90819.12441037621,0.0,0.0,8069.051518686831,1319.2065938364608,0.9444444444444444,-309.1808755896238,0.0,0.0
62,proper_scoring,node-011,0.0,0.0,0.0,0.0,0.0,0.0,0.0,0.0,8069.051518686831,1319.2065938364608,0.9444444444444444,0.0,0.0,0.0
62,proper_scoring,node-012,0.0,0.0,0.0,0.0,0.0,0.0,0.0,0.0,8069.051518686831,1319.2065938364608,0.9444444444444444,0.0,0.0,0.0
62,proper_scoring,node-013,0.0,173.2292544696038,334.12667964559876,0.0,173229.2544696038,334126.67964559875,0.0,0.0,8069.051518686831,1319.2065938364608,0.9444444444444444,-453.64939971319905,0.0,0.0
62,proper_scoring,node-014,0.0,0.0,0.0,0.0,0.0,0.0,0.0,0.0,8069.051518686831,1319.2065938364608,0.9444444444444444,0.0,0.0,0.0
62,proper_scoring,node-015,0.0,306.9114704533993,321.9770306055464,0.0,306911.4704533993,321977.03060554643,0.0,0.0,8069.051518686831,1319.2065938364608,0.9444444444444444,-406.49679461745785,0.0,0.0
62,proper_scoring,node-016,297.2953644836627,0.0,554.2147783878286,297295.3644836627,0.0,554214.7783878286,0.0,0.0,8069.051518686831,1319.2065938364608,0.9444444444444444,-405.1630936380342,0.0,0.0
62,proper_scoring,node-017,0.0,0.0,87.18563482744457,0.0,0.0,87185.63482744458,0.0,0.0,8069.051518686831,1319.2065938364608,0.9444444444444444,-184.20804271760272,0.0,0.0
62,proper_scoring,node-018,0.0,0.0,6.834731507432082,0.0,0.0,6834.731507432081,0.0,0.0,8069.051518686831,1319.2065938364608,0.9444444444444444,-93.16526849256792,0.0,0.0
62,proper_scoring,node-019,0.0,0.0,0.0,0.0,0.0,0.0,0.0,0.0,8069.051518686831,1319.2065938364608,0.9444444444444444,0.0,0.0,0.0
62,proper_scoring,node-020,0.0,0.0,115.63317109666541,0.0,0.0,115633.1710966654,0.0,0.0,8069.051518686831,1319.2065938364608,0.9444444444444444,-446.4291684819879,0.0,0.0
62,proper_scoring,node-021,0.0,0.0,0.0,0.0,0.0,0.0,0.0,0.0,8069.051518686831,1319.2065938364608,0.9444444444444444,0.0,0.0,0.0
62,proper_scoring,node-022,0.0,0.0,0.0,0.0,0.0,0.0,0.0,0.0,8069.051518686831,1319.2065938364608,0.9444444444444444,0.0,0.0,0.0
62,proper_scoring,node-023,0.0,0.0,0.0,0.0,0.0,0.0,0.0,0.0,8069.051518686831,1319.2065938364608,0.9444444444444444,0.0,0.0,0.0
62,proper_scoring,node-024,0.0,401.7446065440857,537.2777010759755,0.0,401744.60654408566,537277.7010759756,0.0,0.0,8069.051518686831,1319.2065938364608,0.9444444444444444,-298.22160860780355,0.0,0.0
62,proper_scoring,node-025,272.1177686439179,0.0,553.4244278345784,272117.76864391787,0.0,553424.4278345784,0.0,0.0,8069.051518686831,1319.2065938364608,0.9444444444444444,-272.7574942028781,0.0,0.0
62,proper_scoring,node-026,131.95448313723443,2.326421424644991,261.88963742195824,0.16409953116421355,0.0028931541846712737,0.32568781064462693,546.6220126997384,804.1124931989492,8069.051518686831,1319.2065938364608,0.9444444444444444,-895.771267944739,-35.64389146235936,-546.6220126997384
62,proper_scoring,node-027,0.0,514.5929662516385,790.6242599720914,0.0,514592.9662516385,790624.2599720914,0.0,0.0,8069.051518686831,1319.2065938364608,0.9444444444444444,-343.20112560928965,0.0,0.0
62,proper_scoring,node-028,75.37737350288705,545.4294238920836,638.7037758936457,75377.37350288706,545429.4238920836,638703.7758936457,0.0,0.0,8069.051518686831,1319.2065938364608,0.9444444444444444,-394.1228536020112,0.0,0.0
62,proper_scoring,node-029,0.0,0.0,0.0,0.0,0.0,0.0,0.0,0.0,8069.051518686831,1319.2065938364608,0.9444444444444444,0.0,0.0,0.0
62,audits,node-000,0.0,0.0,0.0,0.0,0.0,0.0,0.0,0.0,8069.051518686831,1308.9133160288272,0.9444444444444444,0.0,0.0,0.0
62,audits,node-001,0.0,0.0,0.0,0.0,0.0,0.0,0.0,0.0,8069.051518686831,1308.9133160288272,0.9444444444444444,0.0,0.0,0.0
62,audits,node-002,578.1475553920448,759.9071442416354,759.9071442416354,578147.5553920447,759907.1442416353,759907.1442416353,0.0,0.0,8069.051518686831,1308.9133160288272,0.9444444444444444,-1556.2164856535937,149.76053161086207,0.0
62,audits,node-003,338.8015392770208,141.05353248655098,475.22022860491,0.6577468832543405,0.2738403183262526,0.9225891502479814,437.7191232766409,515.0941006375116,8069.051518686831,1308.9133160288272,0.9444444444444444,-2065.7358710195344,41.40116299578119,-437.7191232766409
62,audits,node-004,0.0,0.0,0.0,0.0,0.0,0.0,0.0,0.0,8069.051518686831,1308.9133160288272,0.9444444444444444,-191.05671636193415,0.0,0.0
62,audits,node-005,0.0,0.0,183.32950832334097,0.0,0.0,183329.50832334097,0.0,0.0,8069.051518686831,1308.9133160288272,0.9444444444444444,-410.18896149240356,0.0,0.0
62,audits,node-006,504.48451901177407,677.8013029745705,903.763619224844,504484.51901177404,677801.3029745704,903763.6192248439,0.0,0.0,8069.051518686831,1308.9133160288272,0.9444444444444444,-1610.040331330347,0.0,0.0
62,audits,node-007,0.0,239.77748361183552,239.77748361183552,0.0,239777.48361183552,239777.48361183552,0.0,0.0,8069.051518686831,1308.9133160288272,0.9444444444444444,-440.30899425219684,0.0,0.0
62,audits,node-008,0.0,0.0,0.0,0.0,0.0,0.0,0.0,0.0,8069.051518686831,1308.9133160288272,0.9444444444444444,0.0,0.0,0.0
62,audits,node-009,0.0,0.0,0.0,0.0,0.0,0.0,0.0,0.0,8069.051518686831,1308.9133160288272,0.9444444444444444,0.0,0.0,0.0
62,audits,node-010,0.0,0.0,90.81912441037622,0.0,0.0,90819.12441037621,0.0,0.0,8069.051518686831,1308.9133160288272,0.9444444444444444,-309.1808755896238,0.0,0.0
62,audits,node-011,0.0,0.0,0.0,0.0,0.0,0.0,0.0,0.0,8069.051518686831,1308.9133160288272,0.9444444444444444,0.0,0.0,0.0
62,audits,node-012,0.0,0.0,0.0,0.0,0.0,0.0,0.0,0.0,8069.051518686831,1308.9133160288272,0.9444444444444444,0.0,0.0,0.0
62,audits,node-013,0.0,173.2292544696038,334.12667964559876,0.0,173229.2544696038,334126.67964559875,0.0,0.0,8069.051518686831,1308.9133160288272,0.9444444444444444,-565.8733203544012,0.0,0.0
62,audits,node-014,0.0,0.0,0.0,0.0,0.0,0.0,0.0,0.0,8069.051518686831,1308.9133160288272,0.9444444444444444,0.0,0.0,0.0
62,audits,node-015,0.0,306.9114704533993,306.9114704533993,0.0,306911.4704533993,306911.4704533993,0.0,0.0,8069.051518686831,1308.9133160288272,0.9444444444444444,-601.7024192152924,0.0,0.0
62,audits,node-016,297.2953644836627,0.0,554.2147783878286,297295.3644836627,0.0,554214.7783878286,0.0,0.0,8069.051518686831,1308.9133160288272,0.9444444444444444,-608.4295567756569,0.0,0.0
62,audits,node-017,0.0,0.0,87.18563482744457,0.0,0.0,87185.63482744458,0.0,0.0,8069.051518686831,1308.9133160288272,0.9444444444444444,-184.20804271760272,0.0,0.0
62,audits,node-018,0.0,0.0,6.834731507432082,0.0,0.0,6834.731507432081,0.0,0.0,8069.051518686831,1308.9133160288272,0.9444444444444444,-93.16526849256792,0.0,0.0
62,audits,node-019,0.0,0.0,0.0,0.0,0.0,0.0,0.0,0.0,8069.051518686831,1308.9133160288272,0.9444444444444444,0.0,0.0,0.0
62,audits,node-020,0.0,0.0,115.63317109666541,0.0,0.0,115633.1710966654,0.0,0.0,8069.051518686831,1308.9133160288272,0.9444444444444444,-484.3668289033345,0.0,0.0
62,audits,node-021,0.0,0.0,0.0,0.0,0.0,0.0,0.0,0.0,8069.051518686831,1308.9133160288272,0.9444444444444444,0.0,0.0,0.0
62,audits,node-022,0.0,0.0,0.0,0.0,0.0,0.0,0.0,0.0,8069.051518686831,1308.9133160288272,0.9444444444444444,0.0,0.0,0.0
62,audits,node-023,0.0,0.0,0.0,0.0,0.0,0.0,0.0,0.0,8069.051518686831,1308.9133160288272,0.9444444444444444,0.0,0.0,0.0
62,audits,node-024,0.0,401.7446065440857,537.2777010759755,0.0,401744.60654408566,537277.7010759756,0.0,0.0,8069.051518686831,1308.9133160288272,0.9444444444444444,-574.555402151951,0.0,0.0
62,audits,node-025,272.1177686439179,0.0,531.8106264492806,272117.76864391787,0.0,531810.6264492805,0.0,0.0,8069.051518686831,1308.9133160288272,0.9444444444444444,-1268.18937355072,0.0,0.0
62,audits,node-026,51.977839187599216,0.0,206.08136097876786,0.06547818216012391,0.0,0.25960742318032626,536.3287348921051,793.8192153913158,8069.051518686831,1308.9133160288272,0.9444444444444444,-2073.6160487033553,-38.62357207488162,-536.3287348921051
62,audits,node-027,0.0,511.7438835028107,764.1997185976776,0.0,511743.8835028107,764199.7185976775,0.0,0.0,8069.051518686831,1308.9133160288272,0.9444444444444444,-1535.8002814023228,0.0,0.0
62,audits,node-028,69.36996493915714,545.4294238920836,551.4692865994971,69369.96493915714,545429.4238920836,551469.2865994971,0.0,0.0,8069.051518686831,1308.9133160288272,0.9444444444444444,-1548.530713400503,0.0,0.0
62,audits,node-029,0.0,0.0,0.0,0.0,0.0,0.0,0.0,0.0,8069.051518686831,1308.9133160288272,0.9444444444444444,0.0,0.0,0.0
64,greedy,node-000,0.0,0.0,0.0,0.0,0.0,0.0,0.0,0.0,6665.19927206826,128.9525804742313,0.95,0.0,0.0,0.0
64,greedy,node-001,0.0,0.0,0.0,0.0,0.0,0.0,0.0,0.0,6665.19927206826,128.9525804742313,0.95,0.0,0.0,0.0
64,greedy,node-002,0.0,0.0,0.0,0.0,0.0,0.0,0.0,0.0,6665.19927206826,128.9525804742313,0.95,0.0,0.0,0.0
64,greedy,node-003,0.0,0.0,0.0,0.0,0.0,0.0,0.0,0.0,6665.19927206826,128.9525804742313,0.95,0.0,0.0,0.0
64,greedy,node-004,0.0,0.0,0.0,0.0,0.0,0.0,0.0,0.0,6665.19927206826,128.9525804742313,0.95,0.0,0.0,0.0
64,greedy,node-005,0.0,0.0,0.0,0.0,0.0,0.0,0.0,0.0,6665.19927206826,128.9525804742313,0.95,0.0,0.0,0.0
64,greedy,node-006,0.0,0.0,0.0,0.0,0.0,0.0,0.0,0.0,6665.19927206826,128.9525804742313,0.95,0.0,0.0,0.0
64,greedy,node-007,0.0,0.0,0.0,0.0,0.0,0.0,0.0,0.0,6665.19927206826,128.9525804742313,0.95,-30.17448960286921,0.0,0.0
64,greedy,node-008,0.0,0.0,0.0,0.0,0.0,0.0,0.0,0.0,6665.19927206826,128.9525804742313,0.95,0.0,0.0,0.0
64,greedy,node-009,0.0,0.0,0.0,0.0,0.0,0.0,0.0,0.0,6665.19927206826,128.9525804742313,0.95,0.0,0.0,0.0
64,greedy,node-010,0.0,0.0,0.0,0.0,0.0,0.0,15.266537415656869,45.799612246970604,6665.19927206826,128.9525804742313,0.95,-43.074740263935915,-2.033049330897706,-15.266537415656869
64,greedy,node-011,0.0,0.0,0.0,0.0,0.0,0.0,0.0,0.0,6665.19927206826,128.9525804742313,0.95,0.0,0.0,0.0
64,greedy,node-012,0.0,0.0,0.0,0.0,0.0,0.0,0.0,0.0,6665.19927206826,128.9525804742313,0.95,0.0,0.0,0.0
64,greedy,node-013,0.0,0.0,0.0,0.0,0.0,0.0,0.0,0.0,6665.19927206826,128.9525804742313,0.95,-15.426423129219135,0.0,0.0
64,greedy,node-014,0.0,0.0,0.0,0.0,0.0,0.0,0.0,0.0,6665.19927206826,128.9525804742313,0.95,0.0,0.0,0.0
64,greedy,node-015,0.0,0.0,0.0,0.0,0.0,0.0,0.0,0.0,6665.19927206826,128.9525804742313,0.95,0.0,0.0,0.0
64,greedy,node-016,0.0,0.0,0.0,0.0,0.0,0.0,0.0,0.0,6665.19927206826,128.9525804742313,0.95,0.0,0.0,0.0
64,greedy,node-017,0.0,0.0,0.0,0.0,0.0,0.0,0.0,0.0,6665.19927206826,128.9525804742313,0.95,0.0,0.0,0.0
64,greedy,node-018,0.0,0.0,0.0,0.0,0.0,0.0,0.0,0.0,6665.19927206826,128.9525804742313,0.95,0.0,0.0,0.0
64,greedy,node-019,0.0,0.0,0.0,0.0,0.0,0.0,0.0,0.0,6665.19927206826,128.9525804742313,0.95,0.0,0.0,0.0
64,greedy,node-020,0.0,0.0,0.0,0.0,0.0,0.0,0.0,0.0,6665.19927206826,128.9525804742313,0.95,0.0,0.0,0.0
64,greedy,node-021,0.0,0.0,0.0,0.0,0.0,0.0,0.0,0.0,6665.19927206826,128.9525804742313,0.95,0.0,0.0,0.0
64,greedy,node-022,0.0,0.0,0.0,0.0,0.0,0.0,0.0,0.0,6665.19927206826,128.9525804742313,0.95,-35.794615848547274,0.0,0.0
64,greedy,node-023,0.0,0.0,0.0,0.0,0.0,0.0,0.0,0.0,6665.19927206826,128.9525804742313,0.95,0.0,0.0,0.0
64,greedy,node-024,0.0,0.0,0.0,0.0,0.0,0.0,0.0,0.0,6665.19927206826,128.9525804742313,0.95,0.0,0.0,0.0
64,greedy,node-025,0.0,0.0,0.0,0.0,0.0,0.0,0.0,0.0,6665.19927206826,128.9525804742313,0.95,0.0,0.0,0.0
64,greedy,node-026,0.0,0.0,0.0,0.0,0.0,0.0,0.0,0.0,6665.19927206826,128.9525804742313,0.95,0.0,0.0,0.0
64,greedy,node-027,0.0,0.0,0.0,0.0,0.0,0.0,0.0,0.0,6665.19927206826,128.9525804742313,0.95,0.0,0.0,0.0
64,greedy,node-028,0.0,0.0,0.0,0.0,0.0,0.0,0.0,0.0,6665.19927206826,128.9525804742313,0.95,0.0,0.0,0.0
64,greedy,node-029,5.539127230794698,0.0,5.539127230794698,0.06661370422347426,0.0,0.06661370422347426,27.717656075753567,83.1529682272607,6665.19927206826,128.9525804742313,0.95,-50.6410190602423,-4.923843821898103,-27.717656075753567
64,trust_vcg,node-000,0.0,0.0,68.07554372780467,0.0,0.0,68075.54372780467,0.0,0.0,6610.7831930427155,596.504271360458,0.95,-1131.9244562721951,0.0,0.0
64,trust_vcg,node-001,0.0,0.0,0.0,0.0,0.0,0.0,0.0,0.0,6610.7831930427155,596.504271360458,0.95,-5014.803270881574,0.0,0.0
64,trust_vcg,node-002,0.0,0.0,0.0,0.0,0.0,0.0,0.0,0.0,6610.7831930427155,596.504271360458,0.95,0.0,0.0,0.0
64,trust_vcg,node-003,0.0,0.0,56.51062891103808,0.0,0.0,56510.62891103808,0.0,0.0,6610.7831930427155,596.504271360458,0.95,-3350.3171750114097,0.0,0.0
64,trust_vcg,node-004,0.0,0.0,0.0,0.0,0.0,0.0,0.0,0.0,6610.7831930427155,596.504271360458,0.95,-5559.443425819315,0.0,0.0
64,trust_vcg,node-005,0.0,0.0,0.0,0.0,0.0,0.0,0.0,0.0,6610.7831930427155,596.504271360458,0.95,0.0,0.0,0.0
64,trust_vcg,node-006,0.0,0.0,0.0,0.0,0.0,0.0,0.0,0.0,6610.7831930427155,596.504271360458,0.95,0.0,0.0,0.0
64,trust_vcg,node-007,152.1820855890943,99.9213061361275,152.1820855890943,0.379669503262475,0.24928737518077407,0.379669503262475,269.28223277114535,400.8277838525446,6610.7831930427155,596.504271360458,0.95,-11305.548580222645,82.58054539641307,128.57779300954786
64,trust_vcg,node-008,0.0,0.0,66.23318856147995,0.0,0.0,66233.18856147995,0.0,0.0,6610.7831930427155,596.504271360458,0.95,-1133.76681143852,0.0,0.0
64,trust_vcg,node-009,0.0,0.0,161.43039791660794,0.0,0.0,161430.39791660794,0.0,0.0,6610.7831930427155,596.504271360458,0.95,-2238.569602083392,0.0,0.0
64,trust_vcg,node-010,0.0,0.0,0.0,0.0,0.0,0.0,0.0,0.0,6610.7831930427155,596.504271360458,0.95,-3252.3043442561834,0.0,0.0
64,trust_vcg,node-011,0.0,0.0,0.0,0.0,0.0,0.0,0.0,0.0,6610.7831930427155,596.504271360458,0.95,0.0,0.0,0.0
64,trust_vcg,node-012,0.0,0.0,162.93973437329856,0.0,0.0,162939.73437329856,0.0,0.0,6610.7831930427155,596.504271360458,0.95,-2237.0602656267015,0.0,0.0
64,trust_vcg,node-013,0.0,342.57044545318627,467.87701566524544,0.0,342570.4454531863,467877.0156652454,0.0,0.0,6610.7831930427155,596.504271360458,0.95,-5532.122984334755,0.0,0.0
64,trust_vcg,node-014,0.0,0.0,0.0,0.0,0.0,0.0,0.0,0.0,6610.7831930427155,596.504271360458,0.95,0.0,0.0,0.0
64,trust_vcg,node-015,0.0,0.0,0.0,0.0,0.0,0.0,0.0,0.0,6610.7831930427155,596.504271360458,0.95,0.0,0.0,0.0
64,trust_vcg,node-016,0.0,0.0,0.0,0.0,0.0,0.0,0.0,0.0,6610.7831930427155,596.504271360458,0.95,0.0,0.0,0.0
64,trust_vcg,node-017,0.0,0.0,0.0,0.0,0.0,0.0,0.0,0.0,6610.7831930427155,596.504271360458,0.95,0.0,0.0,0.0
64,trust_vcg,node-018,0.0,0.0,0.0,0.0,0.0,0.0,0.0,0.0,6610.7831930427155,596.504271360458,0.95,0.0,0.0,0.0
64,trust_vcg,node-019,0.0,0.0,0.0,0.0,0.0,0.0,0.0,0.0,6610.7831930427155,596.504271360458,0.95,0.0,0.0,0.0
64,trust_vcg,node-020,0.0,0.0,0.0,0.0,0.0,0.0,0.0,0.0,6610.7831930427155,596.504271360458,0.95,0.0,0.0,0.0
64,trust_vcg,node-021,0.0,0.0,0.0,0.0,0.0,0.0,0.0,0.0,6610.7831930427155,596.504271360458,0.95,0.0,0.0,0.0
64,trust_vcg,node-022,0.0,0.0,0.0,0.0,0.0,0.0,0.0,0.0,6610.7831930427155,596.504271360458,0.95,-11035.794615848545,0.0,0.0
64,trust_vcg,node-023,0.0,0.0,0.0,0.0,0.0,0.0,0.0,0.0,6610.7831930427155,596.504271360458,0.95,-2233.55914293476,0.0,0.0
64,trust_vcg,node-024,0.0,0.0,0.0,0.0,0.0,0.0,0.0,0.0,6610.7831930427155,596.504271360458,0.95,0.0,0.0,0.0
64,trust_vcg,node-025,0.0,0.0,0.0,0.0,0.0,0.0,0.0,0.0,6610.7831930427155,596.504271360458,0.95,0.0,0.0,0.0
64,trust_vcg,node-026,0.0,0.0,295.1607574688524,0.0,0.0,295160.7574688524,0.0,0.0,6610.7831930427155,596.504271360458,0.95,-3904.839242531147,0.0,0.0
64,trust_vcg,node-027,0.0,0.0,245.26079155463606,0.0,0.0,245260.79155463606,0.0,0.0,6610.7831930427155,596.504271360458,0.95,-3354.7392084453636,0.0,0.0
64,trust_vcg,node-028,0.0,0.0,0.0,0.0,0.0,0.0,0.0,0.0,6610.7831930427155,596.504271360458,0.95,-5576.306290788945,0.0,0.0
64,trust_vcg,node-029,173.48596399106907,0.0,180.25500448544102,0.8865958613655768,0.0,0.9211888805912424,186.83757258094863,195.67648750791346,6610.7831930427155,596.504271360458,0.95,-11171.332161739589,91.47970604102807,-186.83757258094863
64,contingent,node-000,0.0,0.0,0.0,0.0,0.0,0.0,0.0,0.0,6610.7831930427155,174.0255519207591,0.95,-127.69782508878134,0.0,0.0
64,contingent,node-001,0.0,0.0,0.0,0.0,0.0,0.0,0.0,0.0,6610.7831930427155,174.0255519207591,0.95,-259.21308352629507,0.0,0.0
64,contingent,node-002,0.0,0.0,0.0,0.0,0.0,0.0,0.0,0.0,6610.7831930427155,174.0255519207591,0.95,0.0,0.0,0.0
64,contingent,node-003,0.0,0.0,6.510628911038076,0.0,0.0,6510.628911038076,0.0,0.0,6610.7831930427155,174.0255519207591,0.95,-201.2687000456386,0.0,0.0
64,contingent,node-004,0.0,0.0,0.0,0.0,0.0,0.0,0.0,0.0,6610.7831930427155,174.0255519207591,0.95,-237.7737032772592,0.0,0.0
64,contingent,node-005,0.0,0.0,0.0,0.0,0.0,0.0,0.0,0.0,6610.7831930427155,174.0255519207591,0.95,0.0,0.0,0.0
64,contingent,node-006,0.0,0.0,0.0,0.0,0.0,0.0,0.0,0.0,6610.7831930427155,174.0255519207591,0.95,0.0,0.0,0.0
64,contingent,node-007,117.77286280179817,3.430763366573103,117.77286280179817,0.7325678235189337,0.021339948717121405,0.7325678235189337,29.221628448912433,160.76717953031178,6610.7831930427155,174.0255519207591,0.95,-174.28701825491413,-13.675183596430005,-130.84448555249327
64,contingent,node-008,0.0,0.0,0.0,0.0,0.0,0.0,0.0,0.0,6610.7831930427155,174.0255519207591,0.95,-135.06724575408018,0.0,0.0
64,contingent,node-009,0.0,0.0,10.950873188153643,0.0,0.0,10950.873188153642,0.0,0.0,6610.7831930427155,174.0255519207591,0.95,-154.27840833356822,0.0,0.0
64,contingent,node-010,0.0,0.0,0.0,0.0,0.0,0.0,0.0,0.0,6610.7831930427155,174.0255519207591,0.95,-33.47039646678084,0.0,0.0
64,contingent,node-011,0.0,0.0,0.0,0.0,0.0,0.0,0.0,0.0,6610.7831930427155,174.0255519207591,0.95,0.0,0.0,0.0
64,contingent,node-012,0.0,0.0,10.545378044820964,0.0,0.0,10545.378044820964,0.0,0.0,6610.7831930427155,174.0255519207591,0.95,-148.2410625068058,0.0,0.0
64,contingent,node-013,0.0,42.570445453186274,60.86432074382846,0.0,42570.44545318627,60864.32074382846,0.0,0.0,6610.7831930427155,174.0255519207591,0.95,-128.49193733901822,0.0,0.0
64,contingent,node-014,0.0,0.0,0.0,0.0,0.0,0.0,0.0,0.0,6610.7831930427155,174.0255519207591,0.95,0.0,0.0,0.0
64,contingent,node-015,0.0,0.0,0.0,0.0,0.0,0.0,0.0,0.0,6610.7831930427155,174.0255519207591,0.95,0.0,0.0,0.0
64,contingent,node-016,0.0,0.0,0.0,0.0,0.0,0.0,0.0,0.0,6610.7831930427155,174.0255519207591,0.95,0.0,0.0,0.0
64,contingent,node-017,0.0,0.0,0.0,0.0,0.0,0.0,0.0,0.0,6610.7831930427155,174.0255519207591,0.95,0.0,0.0,0.0
64,contingent,node-018,0.0,0.0,0.0,0.0,0.0,0.0,0.0,0.0,6610.7831930427155,174.0255519207591,0.95,0.0,0.0,0.0
64,contingent,node-019,0.0,0.0,0.0,0.0,0.0,0.0,0.0,0.0,6610.7831930427155,174.0255519207591,0.95,0.0,0.0,0.0
64,contingent,node-020,0.0,0.0,0.0,0.0,0.0,0.0,0.0,0.0,6610.7831930427155,174.0255519207591,0.95,0.0,0.0,0.0
64,contingent,node-021,0.0,0.0,0.0,0.0,0.0,0.0,0.0,0.0,6610.7831930427155,174.0255519207591,0.95,0.0,0.0,0.0
64,contingent,node-022,0.0,0.0,17.5792032059703,0.0,0.0,17579.203205970298,0.0,0.0,6610.7831930427155,174.0255519207591,0.95,-143.17846339418912,0.0,0.0
64,contingent,node-023,0.0,0.0,0.0,0.0,0.0,0.0,0.0,0.0,6610.7831930427155,174.0255519207591,0.95,-134.23657173904073,0.0,0.0
64,contingent,node-024,0.0,0.0,0.0,0.0,0.0,0.0,0.0,0.0,6610.7831930427155,174.0255519207591,0.95,0.0,0.0,0.0
64,contingent,node-025,0.0,0.0,0.0,0.0,0.0,0.0,0.0,0.0,6610.7831930427155,174.0255519207591,0.95,0.0,0.0,0.0
64,contingent,node-026,0.0,0.0,6.66468902087901,0.0,0.0,6664.689020879009,0.0,0.0,6610.7831930427155,174.0255519207591,0.95,-219.35697012459053,0.0,0.0
64,contingent,node-027,0.0,0.0,0.0,0.0,0.0,0.0,0.0,0.0,6610.7831930427155,174.0255519207591,0.95,-218.95683378145574,0.0,0.0
64,contingent,node-028,0.0,0.0,0.0,0.0,0.0,0.0,0.0,0.0,6610.7831930427155,174.0255519207591,0.95,-305.2251631557817,0.0,0.0
64,contingent,node-029,0.0,9.657549050234696,62.542778276070756,0.0,0.7284113589382191,4.717228965535237,4.41945746348244,13.25837239044732,6610.7831930427155,174.0255519207591,0.95,-96.11290940143739,0.270648482295039,-4.41945746348244
64,capped,node-000,0.0,0.0,0.0,0.0,0.0,0.0,0.0,0.0,6610.7831930427155,210.57669901254636,0.95,-31.924456272195336,0.0,0.0
64,capped,node-001,0.0,0.0,0.0,0.0,0.0,0.0,0.0,0.0,6610.7831930427155,210.57669901254636,0.95,-64.80327088157377,0.0,0.0
64,capped,node-002,0.0,0.0,0.0,0.0,0.0,0.0,0.0,0.0,6610.7831930427155,210.57669901254636,0.95,0.0,0.0,0.0
64,capped,node-003,0.0,0.0,6.510628911038076,0.0,0.0,6510.628911038076,0.0,0.0,6610.7831930427155,210.57669901254636,0.95,-50.31717501140965,0.0,0.0
64,capped,node-004,0.0,0.0,15.271643670465764,0.0,0.0,15271.643670465764,0.0,0.0,6610.7831930427155,210.57669901254636,0.95,-59.4434258193148,0.0,0.0
64,capped,node-005,0.0,0.0,0.0,0.0,0.0,0.0,0.0,0.0,6610.7831930427155,210.57669901254636,0.95,0.0,0.0,0.0
64,capped,node-006,0.0,0.0,0.0,0.0,0.0,0.0,0.0,0.0,6610.7831930427155,210.57669901254636,0.95,0.0,0.0,0.0
64,capped,node-007,154.32400989358538,3.430763366573089,154.32400989358538,0.7821068247205659,0.01738694740272977,0.7821068247205659,65.77277554069968,197.31832662209902,6610.7831930427155,210.57669901254636,0.95,-102.0391229922001,-17.33029830560875,-167.3956326442805
64,capped,node-008,0.0,0.0,0.0,0.0,0.0,0.0,0.0,0.0,6610.7831930427155,210.57669901254636,0.95,-33.766811438520044,0.0,0.0
64,capped,node-009,0.0,0.0,10.950873188153643,0.0,0.0,10950.873188153642,0.0,0.0,6610.7831930427155,210.57669901254636,0.95,-38.569602083392056,0.0,0.0
64,capped,node-010,0.0,0.0,0.0,0.0,0.0,0.0,0.0,0.0,6610.7831930427155,210.57669901254636,0.95,-8.36759911669521,0.0,0.0
64,capped,node-011,0.0,0.0,0.0,0.0,0.0,0.0,0.0,0.0,6610.7831930427155,210.57669901254636,0.95,0.0,0.0,0.0
64,capped,node-012,0.0,0.0,10.545378044820964,0.0,0.0,10545.378044820964,0.0,0.0,6610.7831930427155,210.57669901254636,0.95,-37.06026562670145,0.0,0.0
64,capped,node-013,0.0,42.570445453186274,60.86432074382846,0.0,42570.44545318627,60864.32074382846,0.0,0.0,6610.7831930427155,210.57669901254636,0.95,-32.12298433475456,0.0,0.0
64,capped,node-014,0.0,0.0,0.0,0.0,0.0,0.0,0.0,0.0,6610.7831930427155,210.57669901254636,0.95,0.0,0.0,0.0
64,capped,node-015,0.0,0.0,0.0,0.0,0.0,0.0,0.0,0.0,6610.7831930427155,210.57669901254636,0.95,0.0,0.0,0.0
64,capped,node-016,0.0,0.0,0.0,0.0,0.0,0.0,0.0,0.0,6610.7831930427155,210.57669901254636,0.95,0.0,0.0,0.0
64,capped,node-017,0.0,0.0,0.0,0.0,0.0,0.0,0.0,0.0,6610.7831930427155,210.57669901254636,0.95,0.0,0.0,0.0
64,capped,node-018,0.0,0.0,0.0,0.0,0.0,0.0,0.0,0.0,6610.7831930427155,210.57669901254636,0.95,0.0,0.0,0.0
64,capped,node-019,0.0,0.0,0.0,0.0,0.0,0.0,0.0,0.0,6610.7831930427155,210.57669901254636,0.95,0.0,0.0,0.0
64,capped,node-020,0.0,0.0,0.0,0.0,0.0,0.0,0.0,0.0,6610.7831930427155,210.57669901254636,0.95,0.0,0.0,0.0
64,capped,node-021,0.0,0.0,0.0,0.0,0.0,0.0,0.0,0.0,6610.7831930427155,210.57669901254636,0.95,0.0,0.0,0.0
64,capped,node-022,0.0,71.58923169709456,119.3001781214956,0.0,71589.23169709455,119300.1781214956,0.0,0.0,6610.7831930427155,210.57669901254636,0.95,-35.794615848547274,0.0,0.0
64,capped,node-023,0.0,19.423087525103576,19.423087525103576,0.0,19423.087525103576,19423.087525103576,0.0,0.0,6610.7831930427155,210.57669901254636,0.95,-33.559142934760175,0.0,0.0
64,capped,node-024,0.0,0.0,0.0,0.0,0.0,0.0,0.0,0.0,6610.7831930427155,210.57669901254636,0.95,0.0,0.0,0.0
64,capped,node-025,0.0,0.0,0.0,0.0,0.0,0.0,0.0,0.0,6610.7831930427155,210.57669901254636,0.95,0.0,0.0,0.0
64,capped,node-026,0.0,0.0,6.66468902087901,0.0,0.0,6664.689020879009,0.0,0.0,6610.7831930427155,210.57669901254636,0.95,-54.83924253114763,0.0,0.0
64,capped,node-027,0.0,0.0,0.0,0.0,0.0,0.0,0.0,0.0,6610.7831930427155,210.57669901254636,0.95,-54.739208445363936,0.0,0.0
64,capped,node-028,0.0,0.0,0.0,0.0,0.0,0.0,0.0,0.0,6610.7831930427155,210.57669901254636,0.95,-76.30629078894542,0.0,0.0
64,capped,node-029,0.0,41.427268505495036,123.75995900078422,0.0,3.124611927127907,9.334476009284026,4.41945746348244,13.25837239044732,6610.7831930427155,210.57669901254636,0.95,-27.342820447971178,0.270648482295039,-4.41945746348244
64,proper_scoring,node-000,0.0,0.0,68.07554372780467,0.0,0.0,68075.54372780467,0.0,0.0,6610.7831930427155,1105.7749948033895,0.95,-124.9326000696131,0.0,0.0
64,proper_scoring,node-001,0.0,0.0,319.6875544761739,0.0,0.0,319687.5544761739,0.0,0.0,6610.7831930427155,1105.7749948033895,0.95,-259.21308352629507,0.0,0.0
64,proper_scoring,node-002,0.0,0.0,0.0,0.0,0.0,0.0,0.0,0.0,6610.7831930427155,1105.7749948033895,0.95,0.0,0.0,0.0
64,proper_scoring,node-003,0.0,0.0,178.62676566871414,0.0,0.0,178626.76566871413,0.0,0.0,6610.7831930427155,1105.7749948033895,0.95,-201.2687000456386,0.0,0.0
64,proper_scoring,node-004,0.0,0.0,175.07826413099357,0.0,0.0,175078.26413099357,0.0,0.0,6610.7831930427155,1105.7749948033895,0.95,-237.7737032772592,0.0,0.0
64,proper_scoring,node-005,0.0,0.0,0.0,0.0,0.0,0.0,0.0,0.0,6610.7831930427155,1105.7749948033895,0.95,0.0,0.0,0.0
64,proper_scoring,node-006,0.0,0.0,0.0,0.0,0.0,0.0,0.0,0.0,6610.7831930427155,1105.7749948033895,0.95,0.0,0.0,0.0
64,proper_scoring,node-007,161.319872362041,104.0994356014088,162.16685719283294,0.17725539715632813,0.11438260228638247,0.17818604897478776,778.5529562140769,910.0985072954761,6610.7831930427155,1105.7749948033895,0.95,-923.6183460200785,86.2356601055917,-380.69293043338365
64,proper_scoring,node-008,0.0,0.0,66.23318856147995,0.0,0.0,66233.18856147995,0.0,0.0,6610.7831930427155,1105.7749948033895,0.95,-128.79164576431492,0.0,0.0
64,proper_scoring,node-009,0.0,0.0,161.43039791660794,0.0,0.0,161430.39791660794,0.0,0.0,6610.7831930427155,1105.7749948033895,0.95,-154.27840833356822,0.0,0.0
64,proper_scoring,node-010,0.0,0.0,128.80186594727857,0.0,0.0,128801.86594727857,0.0,0.0,6610.7831930427155,1105.7749948033895,0.95,-33.47039646678084,0.0,0.0
64,proper_scoring,node-011,0.0,0.0,0.0,0.0,0.0,0.0,0.0,0.0,6610.7831930427155,1105.7749948033895,0.95,0.0,0.0,0.0
64,proper_scoring,node-012,0.0,0.0,162.93973437329856,0.0,0.0,162939.73437329856,0.0,0.0,6610.7831930427155,1105.7749948033895,0.95,-148.2410625068058,0.0,0.0
64,proper_scoring,node-013,0.0,342.57044545318627,467.87701566524544,0.0,342570.4454531863,467877.0156652454,0.0,0.0,6610.7831930427155,1105.7749948033895,0.95,-128.49193733901822,0.0,0.0
64,proper_scoring,node-014,0.0,0.0,0.0,0.0,0.0,0.0,0.0,0.0,6610.7831930427155,1105.7749948033895,0.95,0.0,0.0,0.0
64,proper_scoring,node-015,0.0,0.0,0.0,0.0,0.0,0.0,0.0,0.0,6610.7831930427155,1105.7749948033895,0.95,0.0,0.0,0.0
64,proper_scoring,node-016,0.0,0.0,0.0,0.0,0.0,0.0,0.0,0.0,6610.7831930427155,1105.7749948033895,0.95,0.0,0.0,0.0
64,proper_scoring,node-017,0.0,0.0,0.0,0.0,0.0,0.0,0.0,0.0,6610.7831930427155,1105.7749948033895,0.95,0.0,0.0,0.0
64,proper_scoring,node-018,0.0,0.0,0.0,0.0,0.0,0.0,0.0,0.0,6610.7831930427155,1105.7749948033895,0.95,0.0,0.0,0.0
64,proper_scoring,node-019,0.0,0.0,0.0,0.0,0.0,0.0,0.0,0.0,6610.7831930427155,1105.7749948033895,0.95,0.0,0.0,0.0
64,proper_scoring,node-020,0.0,0.0,0.0,0.0,0.0,0.0,0.0,0.0,6610.7831930427155,1105.7749948033895,0.95,0.0,0.0,0.0
64,proper_scoring,node-021,0.0,0.0,0.0,0.0,0.0,0.0,0.0,0.0,6610.7831930427155,1105.7749948033895,0.95,0.0,0.0,0.0
64,proper_scoring,node-022,215.22746439374077,640.2124517646741,640.2124517646741,215227.46439374078,640212.4517646742,640212.4517646742,0.0,0.0,6610.7831930427155,1105.7749948033895,0.95,-143.17846339418912,0.0,0.0
64,proper_scoring,node-023,0.0,0.0,87.30622577758446,0.0,0.0,87306.22577758446,0.0,0.0,6610.7831930427155,1105.7749948033895,0.95,-134.23657173904073,0.0,0.0
64,proper_scoring,node-024,0.0,0.0,0.0,0.0,0.0,0.0,0.0,0.0,6610.7831930427155,1105.7749948033895,0.95,0.0,0.0,0.0
64,proper_scoring,node-025,0.0,0.0,0.0,0.0,0.0,0.0,0.0,0.0,6610.7831930427155,1105.7749948033895,0.95,0.0,0.0,0.0
64,proper_scoring,node-026,0.0,0.0,295.1607574688524,0.0,0.0,295160.7574688524,0.0,0.0,6610.7831930427155,1105.7749948033895,0.95,-219.35697012459053,0.0,0.0
64,proper_scoring,node-027,0.0,0.0,245.26079155463606,0.0,0.0,245260.79155463606,0.0,0.0,6610.7831930427155,1105.7749948033895,0.95,-218.95683378145574,0.0,0.0
64,proper_scoring,node-028,0.0,0.0,357.30294297373973,0.0,0.0,357302.9429737397,0.0,0.0,6610.7831930427155,1105.7749948033895,0.95,-301.8518225623868,0.0,0.0
64,proper_scoring,node-029,173.48596399106907,727.071681697144,779.9569109229801,0.8865958613655768,3.715682404958031,3.9859511015161564,186.83757258094863,195.67648750791346,6610.7831930427155,1105.7749948033895,0.95,-278.53102451890356,91.47970604102807,-186.83757258094863
64,audits,node-000,0.0,0.0,68.07554372780467,0.0,0.0,68075.54372780467,0.0,0.0,6610.7831930427155,1096.5042713604582,0.95,-131.92445627219533,0.0,0.0
64,audits,node-001,0.0,0.0,285.1967291184262,0.0,0.0,285196.7291184262,0.0,0.0,6610.7831930427155,1096.5042713604582,0.95,-514.8032708815738,0.0,0.0
64,audits,node-002,0.0,0.0,0.0,0.0,0.0,0.0,0.0,0.0,6610.7831930427155,1096.5042713604582,0.95,0.0,0.0,0.0
64,audits,node-003,0.0,0.0,149.68282498859037,0.0,0.0,149682.82498859038,0.0,0.0,6610.7831930427155,1096.5042713604582,0.95,-350.31717501140963,0.0,0.0
64,audits,node-004,0.0,0.0,65.27164367046576,0.0,0.0,65271.64367046576,0.0,0.0,6610.7831930427155,1096.5042713604582,0.95,-559.4434258193148,0.0,0.0
64,audits,node-005,0.0,0.0,0.0,0.0,0.0,0.0,0.0,0.0,6610.7831930427155,1096.5042713604582,0.95,0.0,0.0,0.0
64,audits,node-006,0.0,0.0,0.0,0.0,0.0,0.0,0.0,0.0,6610.7831930427155,1096.5042713604582,0.95,0.0,0.0,0.0
64,audits,node-007,152.1820855890944,99.92130613612755,152.1820855890944,0.1689358258226246,0.1109216522039284,0.1689358258226246,769.2822327711453,900.8277838525447,6610.7831930427155,1096.5042713604582,0.95,-2805.548580222646,82.58054539641307,-371.42220699045214
64,audits,node-008,0.0,0.0,66.23318856147995,0.0,0.0,66233.18856147995,0.0,0.0,6610.7831930427155,1096.5042713604582,0.95,-133.76681143852005,0.0,0.0
64,audits,node-009,0.0,0.0,161.43039791660794,0.0,0.0,161430.39791660794,0.0,0.0,6610.7831930427155,1096.5042713604582,0.95,-238.56960208339206,0.0,0.0
64,audits,node-010,0.0,0.0,18.97671361611534,0.0,0.0,18976.71361611534,0.0,0.0,6610.7831930427155,1096.5042713604582,0.95,-252.30434425618373,0.0,0.0
64,audits,node-011,0.0,0.0,0.0,0.0,0.0,0.0,0.0,0.0,6610.7831930427155,1096.5042713604582,0.95,0.0,0.0,0.0
64,audits,node-012,0.0,0.0,162.93973437329856,0.0,0.0,162939.73437329856,0.0,0.0,6610.7831930427155,1096.5042713604582,0.95,-237.06026562670144,0.0,0.0
64,audits,node-013,0.0,342.57044545318627,467.87701566524544,0.0,342570.4454531863,467877.0156652454,0.0,0.0,6610.7831930427155,1096.5042713604582,0.95,-532.1229843347545,0.0,0.0
64,audits,node-014,0.0,0.0,0.0,0.0,0.0,0.0,0.0,0.0,6610.7831930427155,1096.5042713604582,0.95,0.0,0.0,0.0
64,audits,node-015,0.0,0.0,0.0,0.0,0.0,0.0,0.0,0.0,6610.7831930427155,1096.5042713604582,0.95,0.0,0.0,0.0
64,audits,node-016,0.0,0.0,0.0,0.0,0.0,0.0,0.0,0.0,6610.7831930427155,1096.5042713604582,0.95,0.0,0.0,0.0
64,audits,node-017,0.0,0.0,0.0,0.0,0.0,0.0,0.0,0.0,6610.7831930427155,1096.5042713604582,0.95,0.0,0.0,0.0
64,audits,node-018,0.0,0.0,0.0,0.0,0.0,0.0,0.0,0.0,6610.7831930427155,1096.5042713604582,0.95,0.0,0.0,0.0
64,audits,node-019,0.0,0.0,0.0,0.0,0.0,0.0,0.0,0.0,6610.7831930427155,1096.5042713604582,0.95,0.0,0.0,0.0
64,audits,node-020,0.0,0.0,0.0,0.0,0.0,0.0,0.0,0.0,6610.7831930427155,1096.5042713604582,0.95,0.0,0.0,0.0
64,audits,node-021,0.0,0.0,0.0,0.0,0.0,0.0,0.0,0.0,6610.7831930427155,1096.5042713604582,0.95,0.0,0.0,0.0
64,audits,node-022,0.0,0.0,84.49834040876577,0.0,0.0,84498.34040876577,0.0,0.0,6610.7831930427155,1096.5042713604582,0.95,-2035.7946158485472,0.0,0.0
64,audits,node-023,0.0,0.0,66.44085706523981,0.0,0.0,66440.8570652398,0.0,0.0,6610.7831930427155,1096.5042713604582,0.95,-233.55914293476016,0.0,0.0
64,audits,node-024,0.0,0.0,0.0,0.0,0.0,0.0,0.0,0.0,6610.7831930427155,1096.5042713604582,0.95,0.0,0.0,0.0
64,audits,node-025,0.0,0.0,0.0,0.0,0.0,0.0,0.0,0.0,6610.7831930427155,1096.5042713604582,0.95,0.0,0.0,0.0
64,audits,node-026,0.0,0.0,295.1607574688524,0.0,0.0,295160.7574688524,0.0,0.0,6610.7831930427155,1096.5042713604582,0.95,-404.83924253114765,0.0,0.0
64,audits,node-027,0.0,0.0,245.26079155463606,0.0,0.0,245260.79155463606,0.0,0.0,6610.7831930427155,1096.5042713604582,0.95,-354.73920844536394,0.0,0.0
64,audits,node-028,0.0,0.0,323.6937092110545,0.0,0.0,323693.7092110545,0.0,0.0,6610.7831930427155,1096.5042713604582,0.95,-576.3062907889455,0.0,0.0
64,audits,node-029,173.48596399106907,662.6842785349893,731.4543674884555,0.8865958613655768,3.3866321241492505,3.738080015662967,186.83757258094863,195.67648750791346,6610.7831930427155,1096.5042713604582,0.95,-2171.3321617395877,91.47970604102807,-186.83757258094863
65,greedy,node-000,0.0,0.0,0.0,0.0,0.0,0.0,0.0,0.0,6547.752879695446,129.98401334735823,0.75,0.0,0.0,0.0
65,greedy,node-001,0.0,0.0,0.0,0.0,0.0,0.0,0.0,0.0,6547.752879695446,129.98401334735823,0.75,0.0,0.0,0.0
65,greedy,node-002,0.0,0.0,0.0,0.0,0.0,0.0,0.0,0.0,6547.752879695446,129.98401334735823,0.75,0.0,0.0,0.0
65,greedy,node-003,0.0,0.0,0.0,0.0,0.0,0.0,0.0,0.0,6547.752879695446,129.98401334735823,0.75,0.0,0.0,0.0
65,greedy,node-004,0.0,0.0,0.0,0.0,0.0,0.0,0.0,0.0,6547.752879695446,129.98401334735823,0.75,0.0,0.0,0.0
65,greedy,node-005,0.0,0.0,0.0,0.0,0.0,0.0,0.0,0.0,6547.752879695446,129.98401334735823,0.75,0.0,0.0,0.0
65,greedy,node-006,0.0,0.0,0.0,0.0,0.0,0.0,0.0,0.0,6547.752879695446,129.98401334735823,0.75,0.0,0.0,0.0
65,greedy,node-007,0.0,0.0,0.0,0.0,0.0,0.0,0.0,0.0,6547.752879695446,129.98401334735823,0.75,0.0,0.0,0.0
65,greedy,node-008,0.0,0.0,0.0,0.0,0.0,0.0,0.0,0.0,6547.752879695446,129.98401334735823,0.75,0.0,0.0,0.0
65,greedy,node-009,0.0,0.0,0.0,0.0,0.0,0.0,0.0,0.0,6547.752879695446,129.98401334735823,0.75,0.0,0.0,0.0
65,greedy,node-010,0.0,0.0,0.0,0.0,0.0,0.0,0.0,0.0,6547.752879695446,129.98401334735823,0.75,0.0,0.0,0.0
65,greedy,node-011,0.0,0.0,0.0,0.0,0.0,0.0,0.0,0.0,6547.752879695446,129.98401334735823,0.75,0.0,0.0,0.0
65,greedy,node-012,0.0,0.0,0.0,0.0,0.0,0.0,0.0,0.0,6547.752879695446,129.98401334735823,0.75,0.0,0.0,0.0
65,greedy,node-013,0.0,0.0,0.0,0.0,0.0,0.0,0.0,0.0,6547.752879695446,129.98401334735823,0.75,0.0,0.0,0.0
65,greedy,node-014,0.0,0.0,0.0,0.0,0.0,0.0,0.0,0.0,6547.752879695446,129.98401334735823,0.75,0.0,0.0,0.0
65,greedy,node-015,0.0,0.0,0.0,0.0,0.0,0.0,0.0,0.0,6547.752879695446,129.98401334735823,0.75,-7.875212924220758,0.0,0.0
65,greedy,node-016,0.0,0.0,0.0,0.0,0.0,0.0,0.0,0.0,6547.752879695446,129.98401334735823,0.75,0.0,0.0,0.0
65,greedy,node-017,0.0,0.0,0.0,0.0,0.0,0.0,0.0,0.0,6547.752879695446,129.98401334735823,0.75,0.0,0.0,0.0
65,greedy,node-018,0.0,0.0,0.0,0.0,0.0,0.0,0.0,0.0,6547.752879695446,129.98401334735823,0.75,0.0,0.0,0.0
65,greedy,node-019,0.0,0.0,0.0,0.0,0.0,0.0,0.0,0.0,6547.752879695446,129.98401334735823,0.75,0.0,0.0,0.0
65,greedy,node-020,0.0,0.0,0.0,0.0,0.0,0.0,0.0,0.0,6547.752879695446,129.98401334735823,0.75,0.0,0.0,0.0
65,greedy,node-021,0.0,0.0,0.0,0.0,0.0,0.0,0.0,0.0,6547.752879695446,129.98401334735823,0.75,0.0,0.0,0.0
65,greedy,node-022,0.0,0.0,0.0,0.0,0.0,0.0,0.0,0.0,6547.752879695446,129.98401334735823,0.75,0.0,0.0,0.0
65,greedy,node-023,0.0,0.0,0.0,0.0,0.0,0.0,0.0,0.0,6547.752879695446,129.98401334735823,0.75,0.0,0.0,0.0
65,greedy,node-024,0.0,0.0,0.0,0.0,0.0,0.0,0.0,0.0,6547.752879695446,129.98401334735823,0.75,0.0,0.0,0.0
65,greedy,node-025,0.0,0.0,0.0,0.0,0.0,0.0,0.0,0.0,6547.752879695446,129.98401334735823,0.75,0.0,0.0,0.0
65,greedy,node-026,0.0,0.0,0.0,0.0,0.0,0.0,0.0,0.0,6547.752879695446,129.98401334735823,0.75,0.0,0.0,0.0
65,greedy,node-027,0.0,0.0,0.0,0.0,0.0,0.0,0.0,0.0,6547.752879695446,129.98401334735823,0.75,0.0,0.0,0.0
65,greedy,node-028,0.0,0.0,0.0,0.0,0.0,0.0,0.0,0.0,6547.752879695446,129.98401334735823,0.75,0.0,0.0,0.0
65,greedy,node-029,97.79295779555143,0.0,97.79295779555143,0.7523460406951572,0.0,0.7523460406951572,43.328004449119405,129.98401334735823,6547.752879695446,129.98401334735823,0.75,-64.9920066736791,-12.998401334735817,-43.328004449119405
65,trust_vcg,node-000,0.0,0.0,0.0,0.0,0.0,0.0,0.0,0.0,8531.134799001575,-219.6227233048317,0.85,-5612.084250017243,0.0,-333.0359709828737
65,trust_vcg,node-001,54.52216901665466,0.0,316.6358526221745,54522.169016654654,0.0,316635.85262217454,0.0,0.0,8531.134799001575,-219.6227233048317,0.85,-5565.533291698845,0.0,0.0
65,trust_vcg,node-002,0.0,0.0,0.0,0.0,0.0,0.0,0.0,0.0,8531.134799001575,-219.6227233048317,0.85,0.0,0.0,0.0
65,trust_vcg,node-003,0.0,0.0,217.9156955302086,0.0,0.0,217915.6955302086,0.0,0.0,8531.134799001575,-219.6227233048317,0.85,-3328.2898919650806,0.0,0.0
65,trust_vcg,node-004,0.0,0.0,7.60280438034971,0.0,0.0,7602.804380349709,0.0,0.0,8531.134799001575,-219.6227233048317,0.85,-592.3971956196503,0.0,0.0
65,trust_vcg,node-005,0.0,0.0,8.42220177630145,0.0,0.0,8422.201776301448,0.0,0.0,8531.134799001575,-219.6227233048317,0.85,-591.5777982236986,0.0,0.0
65,trust_vcg,node-006,0.0,0.0,8.476620106742132,0.0,0.0,8476.620106742132,0.0,0.0,8531.134799001575,-219.6227233048317,0.85,-591.5233798932579,0.0,0.0
65,trust_vcg,node-007,0.0,0.0,226.9010097109954,0.0,0.0,226901.0097109954,0.0,0.0,8531.134799001575,-219.6227233048317,0.85,-5540.540785319552,0.0,0.0
65,trust_vcg,node-008,0.0,0.0,112.64800992275535,0.0,0.0,112648.00992275534,0.0,0.0,8531.134799001575,-219.6227233048317,0.85,-2287.3519900772444,0.0,0.0
65,trust_vcg,node-009,0.0,243.68625023083797,243.68625023083797,0.0,243686.25023083796,243686.25023083796,0.0,0.0,8531.134799001575,-219.6227233048317,0.85,-5602.780898579385,0.0,0.0
65,trust_vcg,node-010,0.0,319.7088070485696,319.7088070485696,0.0,319708.8070485696,319708.8070485696,0.0,0.0,8531.134799001575,-219.6227233048317,0.85,-5594.463966383357,0.0,0.0
65,trust_vcg,node-011,0.0,0.0,0.0,0.0,0.0,0.0,0.0,0.0,8531.134799001575,-219.6227233048317,0.85,-2304.2315189985234,0.0,0.0
65,trust_vcg,node-012,115.20544415295423,0.0,189.3024606906643,115205.44415295422,0.0,189302.4606906643,0.0,0.0,8531.134799001575,-219.6227233048317,0.85,-3410.6975393093358,0.0,0.0
65,trust_vcg,node-013,0.0,0.0,493.79492421085735,0.0,0.0,493794.9242108573,0.0,0.0,8531.134799001575,-219.6227233048317,0.85,-5551.793736402677,0.0,0.0
65,trust_vcg,node-014,0.0,0.0,0.0,0.0,0.0,0.0,0.0,0.0,8531.134799001575,-219.6227233048317,0.85,0.0,0.0,0.0
65,trust_vcg,node-015,0.0,0.0,312.17821474899705,0.0,0.0,312178.21474899707,0.0,0.0,8531.134799001575,-219.6227233048317,0.85,-5548.145271961195,0.0,0.0
65,trust_vcg,node-016,0.0,0.0,123.76540302926273,0.0,0.0,123765.40302926273,0.0,0.0,8531.134799001575,-219.6227233048317,0.85,-2284.4556866323173,0.0,0.0
65,trust_vcg,node-017,0.0,0.0,0.0,0.0,0.0,0.0,0.0,0.0,8531.134799001575,-219.6227233048317,0.85,-2311.758116823374,0.0,0.0
65,trust_vcg,node-018,0.0,0.0,0.0,0.0,0.0,0.0,0.0,0.0,8531.134799001575,-219.6227233048317,0.85,0.0,0.0,0.0
65,trust_vcg,node-019,0.0,0.0,0.0,0.0,0.0,0.0,0.0,0.0,8531.134799001575,-219.6227233048317,0.85,0.0,0.0,0.0
65,trust_vcg,node-020,0.0,0.0,0.0,0.0,0.0,0.0,0.0,0.0,8531.134799001575,-219.6227233048317,0.85,0.0,0.0,0.0
65,trust_vcg,node-021,0.0,0.0,0.0,0.0,0.0,0.0,0.0,0.0,8531.134799001575,-219.6227233048317,0.85,0.0,0.0,0.0
65,trust_vcg,node-022,0.0,0.0,0.0,0.0,0.0,0.0,0.0,0.0,8531.134799001575,-219.6227233048317,0.85,-5513.157842844426,0.0,0.0
65,trust_vcg,node-023,0.0,0.45737920419242073,118.7699219618803,0.0,0.00047017125130381047,0.12209169615542952,657.2926778060584,972.7927918265596,8531.134799001575,-219.6227233048317,0.85,-6236.167706311183,-47.32501710307531,-657.2926778060584
65,trust_vcg,node-024,0.0,0.0,0.0,0.0,0.0,0.0,0.0,0.0,8531.134799001575,-219.6227233048317,0.85,0.0,0.0,0.0
65,trust_vcg,node-025,0.0,0.0,0.0,0.0,0.0,0.0,0.0,0.0,8531.134799001575,-219.6227233048317,0.85,0.0,0.0,0.0
65,trust_vcg,node-026,0.0,0.0,0.0,0.0,0.0,0.0,0.0,0.0,8531.134799001575,-219.6227233048317,0.85,-5051.624918063631,0.0,0.0
65,trust_vcg,node-027,0.0,0.0,100.92889538507917,0.0,0.0,100928.89538507917,0.0,0.0,8531.134799001575,-219.6227233048317,0.85,-2299.071104614921,0.0,0.0
65,trust_vcg,node-028,0.0,0.0,0.0,0.0,0.0,0.0,0.0,0.0,8531.134799001575,-219.6227233048317,0.85,0.0,0.0,0.0
65,trust_vcg,node-029,26.3146592386272,0.0,26.3146592386272,26314.6592386272,0.0,26314.6592386272,-1209.9586212904762,-1192.4155151313912,8531.134799001575,-219.6227233048317,0.85,-9785.53317731946,-2.6314659238626064,996.2637952809257
65,contingent,node-000,0.0,0.0,0.0,0.0,0.0,0.0,0.0,0.0,8531.134799001575,491.6704626819777,0.85,-448.3370000689754,0.0,-62.197494116224625
65,contingent,node-001,5.1138453793964445,55.085064590568784,133.28676053823995,5113.8453793964445,55085.064590568785,133286.76053823993,0.0,0.0,8531.134799001575,491.6704626819777,0.85,-262.13316679537957,0.0,0.0
65,contingent,node-002,0.0,0.0,0.0,0.0,0.0,0.0,0.0,0.0,8531.134799001575,491.6704626819777,0.85,0.0,0.0,0.0
65,contingent,node-003,0.0,0.0,0.0,0.0,0.0,0.0,0.0,0.0,8531.134799001575,491.6704626819777,0.85,-323.51415318462057,0.0,0.0
65,contingent,node-004,0.0,0.0,0.0,0.0,0.0,0.0,0.0,0.0,8531.134799001575,491.6704626819777,0.85,-169.5887824786011,0.0,0.0
65,contingent,node-005,0.0,0.0,0.0,0.0,0.0,0.0,0.0,0.0,8531.134799001575,491.6704626819777,0.85,-166.31119289479423,0.0,0.0
65,contingent,node-006,0.0,0.0,0.0,0.0,0.0,0.0,0.0,0.0,8531.134799001575,491.6704626819777,0.85,-166.09351957303144,0.0,0.0
65,contingent,node-007,0.0,0.0,27.197074937533635,0.0,0.0,27197.074937533635,0.0,0.0,8531.134799001575,491.6704626819777,0.85,-376.84999358413677,0.0,0.0
65,contingent,node-008,0.0,0.0,13.590021433571621,0.0,0.0,13590.021433571621,0.0,0.0,8531.134799001575,491.6704626819777,0.85,-349.40796030897855,0.0,0.0
65,contingent,node-009,0.0,93.68625023083794,93.68625023083794,0.0,93686.25023083793,93686.25023083793,0.0,0.0,8531.134799001575,491.6704626819777,0.85,-411.1235943175413,0.0,0.0
65,contingent,node-010,0.0,119.70880704856958,119.70880704856958,0.0,119708.80704856958,119708.80704856958,0.0,0.0,8531.134799001575,491.6704626819777,0.85,-377.85586553342864,0.0,0.0
65,contingent,node-011,0.0,0.0,0.0,0.0,0.0,0.0,0.0,0.0,8531.134799001575,491.6704626819777,0.85,-416.9260759940925,0.0,0.0
65,contingent,node-012,0.0,0.0,24.637703175411616,0.0,0.0,24637.703175411614,0.0,0.0,8531.134799001575,491.6704626819777,0.85,-442.7901572373428,0.0,0.0
65,contingent,node-013,0.0,61.163325987718366,186.2882859220985,0.0,61163.32598771837,186288.2859220985,0.0,0.0,8531.134799001575,491.6704626819777,0.85,-207.17494561070802,0.0,0.0
65,contingent,node-014,0.0,0.0,0.0,0.0,0.0,0.0,0.0,0.0,8531.134799001575,491.6704626819777,0.85,0.0,0.0,0.0
65,contingent,node-015,0.0,71.3201011250918,162.17821474899705,0.0,71320.1011250918,162178.21474899704,0.0,0.0,8531.134799001575,491.6704626819777,0.85,-192.58108784477682,0.0,0.0
65,contingent,node-016,0.0,0.0,23.765403029262714,0.0,0.0,23765.403029262714,0.0,0.0,8531.134799001575,491.6704626819777,0.85,-337.8227465292684,0.0,0.0
65,contingent,node-017,0.0,0.0,0.0,0.0,0.0,0.0,0.0,0.0,8531.134799001575,491.6704626819777,0.85,-447.032467293496,0.0,0.0
65,contingent,node-018,0.0,0.0,0.0,0.0,0.0,0.0,0.0,0.0,8531.134799001575,491.6704626819777,0.85,0.0,0.0,0.0
65,contingent,node-019,0.0,0.0,0.0,0.0,0.0,0.0,0.0,0.0,8531.134799001575,491.6704626819777,0.85,0.0,0.0,0.0
65,contingent,node-020,0.0,0.0,0.0,0.0,0.0,0.0,0.0,0.0,8531.134799001575,491.6704626819777,0.85,0.0,0.0,0.0
65,contingent,node-021,0.0,0.0,0.0,0.0,0.0,0.0,0.0,0.0,8531.134799001575,491.6704626819777,0.85,0.0,0.0,0.0
65,contingent,node-022,0.0,7.688330278340857,38.73099609877046,0.0,7688.330278340856,38730.99609877046,0.0,0.0,8531.134799001575,491.6704626819777,0.85,-248.2613972421683,0.0,0.0
65,contingent,node-023,0.0,0.0,118.31254275768802,0.0,0.0,0.25,157.75005701025069,473.2501710307521,8531.134799001575,491.6704626819777,0.85,-473.2501710307521,-47.32501710307521,-157.75005701025069
65,contingent,node-024,0.0,0.0,0.0,0.0,0.0,0.0,0.0,0.0,8531.134799001575,491.6704626819777,0.85,0.0,0.0,0.0
65,contingent,node-025,0.0,0.0,0.0,0.0,0.0,0.0,0.0,0.0,8531.134799001575,491.6704626819777,0.85,0.0,0.0,0.0
65,contingent,node-026,0.0,0.0,0.0,0.0,0.0,0.0,0.0,0.0,8531.134799001575,491.6704626819777,0.85,-412.6995979969056,0.0,0.0
65,contingent,node-027,0.0,0.0,0.0,0.0,0.0,0.0,0.0,0.0,8531.134799001575,491.6704626819777,0.85,-396.2844184596833,0.0,0.0
65,contingent,node-028,0.0,0.0,0.0,0.0,0.0,0.0,0.0,0.0,8531.134799001575,491.6704626819777,0.85,0.0,0.0,0.0
65,contingent,node-029,18.42029165122565,8.679561294679491,104.89231697973868,1.0000000000000002,0.4711956498311997,5.694389587624112,0.8771854921408864,18.420291651225646,8531.134799001575,491.6704626819777,0.85,-87.53319439037969,-1.8420291651225635,55.545693807638266
65,capped,node-000,0.0,72.91156790525844,72.91156790525844,0.0,72911.56790525843,72911.56790525843,0.0,0.0,8531.134799001575,499.5648302693793,0.85,-112.08425001724385,0.0,-44.87001320575451
65,capped,node-001,5.1138453793964445,89.740026411509,133.28676053823995,5113.8453793964445,89740.02641150901,133286.76053823993,0.0,0.0,8531.134799001575,499.5648302693793,0.85,-65.53329169884488,0.0,0.0
65,capped,node-002,0.0,0.0,0.0,0.0,0.0,0.0,0.0,0.0,8531.134799001575,499.5648302693793,0.85,0.0,0.0,0.0
65,capped,node-003,0.0,0.0,0.0,0.0,0.0,0.0,0.0,0.0,8531.134799001575,499.5648302693793,0.85,-80.87853829615514,0.0,0.0
65,capped,node-004,0.0,0.0,0.0,0.0,0.0,0.0,0.0,0.0,8531.134799001575,499.5648302693793,0.85,-42.397195619650276,0.0,0.0
65,capped,node-005,0.0,0.0,0.0,0.0,0.0,0.0,0.0,0.0,8531.134799001575,499.5648302693793,0.85,-41.57779822369855,0.0,0.0
65,capped,node-006,0.0,0.0,0.0,0.0,0.0,0.0,0.0,0.0,8531.134799001575,499.5648302693793,0.85,-41.52337989325787,0.0,0.0
65,capped,node-007,0.0,0.0,27.197074937533635,0.0,0.0,27197.074937533635,0.0,0.0,8531.134799001575,499.5648302693793,0.85,-94.21249839603419,0.0,0.0
65,capped,node-008,0.0,0.0,13.590021433571621,0.0,0.0,13590.021433571621,0.0,0.0,8531.134799001575,499.5648302693793,0.85,-87.35199007724464,0.0,0.0
65,capped,node-009,0.0,93.68625023083794,93.68625023083794,0.0,93686.25023083793,93686.25023083793,0.0,0.0,8531.134799001575,499.5648302693793,0.85,-102.78089857938532,0.0,0.0
65,capped,node-010,0.0,119.70880704856958,119.70880704856958,0.0,119708.80704856958,119708.80704856958,0.0,0.0,8531.134799001575,499.5648302693793,0.85,-94.46396638335716,0.0,0.0
65,capped,node-011,0.0,0.0,0.0,0.0,0.0,0.0,0.0,0.0,8531.134799001575,499.5648302693793,0.85,-104.23151899852313,0.0,0.0
65,capped,node-012,0.0,0.0,24.637703175411616,0.0,0.0,24637.703175411614,0.0,0.0,8531.134799001575,499.5648302693793,0.85,-110.6975393093357,0.0,0.0
65,capped,node-013,0.0,103.58747280535401,186.2882859220985,0.0,103587.472805354,186288.2859220985,0.0,0.0,8531.134799001575,499.5648302693793,0.85,-51.793736402677006,0.0,0.0
65,capped,node-014,0.0,0.0,0.0,0.0,0.0,0.0,0.0,0.0,8531.134799001575,499.5648302693793,0.85,0.0,0.0,0.0
65,capped,node-015,0.0,96.29054392238841,167.55129085337748,0.0,96290.5439223884,167551.2908533775,0.0,0.0,8531.134799001575,499.5648302693793,0.85,-48.145271961194204,0.0,0.0
65,capped,node-016,0.0,0.0,23.765403029262714,0.0,0.0,23765.403029262714,0.0,0.0,8531.134799001575,499.5648302693793,0.85,-84.4556866323171,0.0,0.0
65,capped,node-017,0.0,0.0,0.0,0.0,0.0,0.0,0.0,0.0,8531.134799001575,499.5648302693793,0.85,-111.758116823374,0.0,0.0
65,capped,node-018,0.0,0.0,0.0,0.0,0.0,0.0,0.0,0.0,8531.134799001575,499.5648302693793,0.85,0.0,0.0,0.0
65,capped,node-019,0.0,0.0,0.0,0.0,0.0,0.0,0.0,0.0,8531.134799001575,499.5648302693793,0.85,0.0,0.0,0.0
65,capped,node-020,0.0,0.0,0.0,0.0,0.0,0.0,0.0,0.0,8531.134799001575,499.5648302693793,0.85,0.0,0.0,0.0
65,capped,node-021,0.0,0.0,0.0,0.0,0.0,0.0,0.0,0.0,8531.134799001575,499.5648302693793,0.85,0.0,0.0,0.0
65,capped,node-022,0.0,58.24116650168878,114.22647885668847,0.0,58241.16650168878,114226.47885668847,0.0,0.0,8531.134799001575,499.5648302693793,0.85,-62.065349310542075,0.0,0.0
65,capped,node-023,0.0,0.0,118.31254275768802,0.0,0.0,0.25,157.75005701025069,473.2501710307521,8531.134799001575,499.5648302693793,0.85,-236.62508551537604,-47.32501710307521,-157.75005701025069
65,capped,node-024,0.0,0.0,0.0,0.0,0.0,0.0,0.0,0.0,8531.134799001575,499.5648302693793,0.85,0.0,0.0,0.0
65,capped,node-025,0.0,0.0,0.0,0.0,0.0,0.0,0.0,0.0,8531.134799001575,499.5648302693793,0.85,0.0,0.0,0.0
65,capped,node-026,0.0,0.0,0.0,0.0,0.0,0.0,0.0,0.0,8531.134799001575,499.5648302693793,0.85,-103.1748994992264,0.0,0.0
65,capped,node-027,0.0,0.0,0.0,0.0,0.0,0.0,0.0,0.0,8531.134799001575,499.5648302693793,0.85,-99.07110461492083,0.0,0.0
65,capped,node-028,0.0,0.0,0.0,0.0,0.0,0.0,0.0,0.0,8531.134799001575,499.5648302693793,0.85,0.0,0.0,0.0
65,capped,node-029,26.314659238627137,34.556451369577026,164.54046471693525,1.0,1.3132015526483356,6.252806210593343,8.771553079542377,26.314659238627137,8531.134799001575,499.5648302693793,0.85,-30.43555530410208,-2.631465923862711,61.8220611931254
65,proper_scoring,node-000,0.0,72.91156790525844,289.13640071579107,0.0,72911.56790525843,289136.40071579104,0.0,0.0,8531.134799001575,1311.3448303107282,0.85,-437.7489974780528,0.0,184.8441240700664
65,proper_scoring,node-001,184.8441240700664,305.0850645905687,384.38727441380877,184844.1240700664,305085.0645905687,384387.2744138088,0.0,0.0,8531.134799001575,1311.3448303107282,0.85,-262.13316679537957,0.0,0.0
65,proper_scoring,node-002,0.0,0.0,0.0,0.0,0.0,0.0,0.0,0.0,8531.134799001575,1311.3448303107282,0.85,0.0,0.0,0.0
65,proper_scoring,node-003,0.0,0.0,217.9156955302086,0.0,0.0,217915.6955302086,0.0,0.0,8531.134799001575,1311.3448303107282,0.85,-292.36111591673335,0.0,0.0
65,proper_scoring,node-004,0.0,0.0,7.60280438034971,0.0,0.0,7602.804380349709,0.0,0.0,8531.134799001575,1311.3448303107282,0.85,-92.39719561965028,0.0,0.0
65,proper_scoring,node-005,0.0,0.0,8.42220177630145,0.0,0.0,8422.201776301448,0.0,0.0,8531.134799001575,1311.3448303107282,0.85,-91.57779822369855,0.0,0.0
65,proper_scoring,node-006,0.0,0.0,8.476620106742132,0.0,0.0,8476.620106742132,0.0,0.0,8531.134799001575,1311.3448303107282,0.85,-91.52337989325787,0.0,0.0
65,proper_scoring,node-007,0.0,0.0,226.9010097109954,0.0,0.0,226901.0097109954,0.0,0.0,8531.134799001575,1311.3448303107282,0.85,-367.31823251828666,0.0,0.0
65,proper_scoring,node-008,0.0,0.0,112.64800992275535,0.0,0.0,112648.00992275534,0.0,0.0,8531.134799001575,1311.3448303107282,0.85,-287.35199007724464,0.0,0.0
65,proper_scoring,node-009,0.0,243.68625023083797,321.7212353846203,0.0,243686.25023083796,321721.23538462026,0.0,0.0,8531.134799001575,1311.3448303107282,0.85,-405.07026274087843,0.0,0.0
65,proper_scoring,node-010,0.0,319.7088070485696,392.5891323892453,0.0,319708.8070485696,392589.1323892453,0.0,0.0,8531.134799001575,1311.3448303107282,0.85,-365.3078208913638,0.0,0.0
65,proper_scoring,node-011,0.0,0.0,0.0,0.0,0.0,0.0,0.0,0.0,8531.134799001575,1311.3448303107282,0.85,-304.23151899852314,0.0,0.0
65,proper_scoring,node-012,115.20544415295423,0.0,189.3024606906643,115205.44415295422,0.0,189302.4606906643,0.0,0.0,8531.134799001575,1311.3448303107282,0.85,-386.4376521067246,0.0,0.0
65,proper_scoring,node-013,0.0,461.16332598771845,493.79492421085735,0.0,461163.3259877184,493794.9242108573,0.0,0.0,8531.134799001575,1311.3448303107282,0.85,-207.17494561070802,0.0,0.0
65,proper_scoring,node-014,0.0,0.0,0.0,0.0,0.0,0.0,0.0,0.0,8531.134799001575,1311.3448303107282,0.85,0.0,0.0,0.0
65,proper_scoring,node-015,0.0,521.3201011250918,521.3201011250918,0.0,521320.1011250918,521320.1011250918,0.0,0.0,8531.134799001575,1311.3448303107282,0.85,-192.58108784477682,0.0,0.0
65,proper_scoring,node-016,0.0,0.0,123.76540302926273,0.0,0.0,123765.40302926273,0.0,0.0,8531.134799001575,1311.3448303107282,0.85,-284.4556866323171,0.0,0.0
65,proper_scoring,node-017,0.0,0.0,0.0,0.0,0.0,0.0,0.0,0.0,8531.134799001575,1311.3448303107282,0.85,-311.758116823374,0.0,0.0
65,proper_scoring,node-018,0.0,0.0,0.0,0.0,0.0,0.0,0.0,0.0,8531.134799001575,1311.3448303107282,0.85,0.0,0.0,0.0
65,proper_scoring,node-019,0.0,0.0,0.0,0.0,0.0,0.0,0.0,0.0,8531.134799001575,1311.3448303107282,0.85,0.0,0.0,0.0
65,proper_scoring,node-020,0.0,0.0,0.0,0.0,0.0,0.0,0.0,0.0,8531.134799001575,1311.3448303107282,0.85,0.0,0.0,0.0
65,proper_scoring,node-021,0.0,0.0,0.0,0.0,0.0,0.0,0.0,0.0,8531.134799001575,1311.3448303107282,0.85,0.0,0.0,0.0
65,proper_scoring,node-022,0.0,162.94799557201623,362.10646784893135,0.0,162947.99557201623,362106.4678489313,0.0,0.0,8531.134799001575,1311.3448303107282,0.85,-248.2613972421683,0.0,0.0
65,proper_scoring,node-023,0.0,0.45737920419242073,118.7699219618803,0.0,0.00047017125130381047,0.12209169615542952,657.2926778060584,972.7927918265596,8531.134799001575,1311.3448303107282,0.85,-967.0061687402105,-47.32501710307531,-657.2926778060584
65,proper_scoring,node-024,0.0,0.0,0.0,0.0,0.0,0.0,0.0,0.0,8531.134799001575,1311.3448303107282,0.85,0.0,0.0,0.0
65,proper_scoring,node-025,0.0,0.0,0.0,0.0,0.0,0.0,0.0,0.0,8531.134799001575,1311.3448303107282,0.85,0.0,0.0,0.0
65,proper_scoring,node-026,0.0,0.0,274.5743101338335,0.0,0.0,274574.3101338335,0.0,0.0,8531.134799001575,1311.3448303107282,0.85,-372.7549740572257,0.0,0.0
65,proper_scoring,node-027,0.0,0.0,100.92889538507917,0.0,0.0,100928.89538507917,0.0,0.0,8531.134799001575,1311.3448303107282,0.85,-299.07110461492084,0.0,0.0
65,proper_scoring,node-028,0.0,0.0,0.0,0.0,0.0,0.0,0.0,0.0,8531.134799001575,1311.3448303107282,0.85,0.0,0.0,0.0
65,proper_scoring,node-029,18.420291651225682,438.4831735438203,534.6959292288795,0.054409040730342695,1.295172155828932,1.5793611275327852,321.0089323250839,338.5520384841687,8531.134799001575,1311.3448303107282,0.85,-407.66494122332267,-1.8420291651225398,-34.703758334634415
65,audits,node-000,0.0,72.91156790525844,287.91574998275615,0.0,72911.56790525843,287915.74998275616,0.0,0.0,8531.134799001575,780.3772766951683,0.85,-1112.084250017244,0.0,166.9640290171264
65,audits,node-001,166.9640290171264,289.740026411509,332.7666458494225,166964.0290171264,289740.026411509,332766.6458494225,0.0,0.0,8531.134799001575,780.3772766951683,0.85,-1065.533291698845,0.0,0.0
65,audits,node-002,0.0,0.0,0.0,0.0,0.0,0.0,0.0,0.0,8531.134799001575,780.3772766951683,0.85,0.0,0.0,0.0
65,audits,node-003,0.0,0.0,217.9156955302086,0.0,0.0,217915.6955302086,0.0,0.0,8531.134799001575,780.3772766951683,0.85,-328.2898919650805,0.0,0.0
65,audits,node-004,0.0,0.0,7.60280438034971,0.0,0.0,7602.804380349709,0.0,0.0,8531.134799001575,780.3772766951683,0.85,-92.39719561965028,0.0,0.0
65,audits,node-005,0.0,0.0,8.42220177630145,0.0,0.0,8422.201776301448,0.0,0.0,8531.134799001575,780.3772766951683,0.85,-91.57779822369855,0.0,0.0
65,audits,node-006,0.0,0.0,8.476620106742132,0.0,0.0,8476.620106742132,0.0,0.0,8531.134799001575,780.3772766951683,0.85,-91.52337989325787,0.0,0.0
65,audits,node-007,0.0,0.0,226.9010097109954,0.0,0.0,226901.0097109954,0.0,0.0,8531.134799001575,780.3772766951683,0.85,-1040.5407853195516,0.0,0.0
65,audits,node-008,0.0,0.0,112.64800992275535,0.0,0.0,112648.00992275534,0.0,0.0,8531.134799001575,780.3772766951683,0.85,-287.35199007724464,0.0,0.0
65,audits,node-009,0.0,243.68625023083797,297.21910142061466,0.0,243686.25023083796,297219.10142061464,0.0,0.0,8531.134799001575,780.3772766951683,0.85,-1102.7808985793852,0.0,0.0
65,audits,node-010,0.0,319.7088070485696,347.2319831916786,0.0,319708.8070485696,347231.9831916786,0.0,0.0,8531.134799001575,780.3772766951683,0.85,-1094.463966383357,0.0,0.0
65,audits,node-011,0.0,0.0,0.0,0.0,0.0,0.0,0.0,0.0,8531.134799001575,780.3772766951683,0.85,-304.23151899852314,0.0,0.0
65,audits,node-012,115.20544415295423,0.0,189.3024606906643,115205.44415295422,0.0,189302.4606906643,0.0,0.0,8531.134799001575,780.3772766951683,0.85,-410.69753930933575,0.0,0.0
65,audits,node-013,0.0,0.0,493.79492421085735,0.0,0.0,493794.9242108573,0.0,0.0,8531.134799001575,780.3772766951683,0.85,-1051.793736402677,0.0,0.0
65,audits,node-014,0.0,0.0,0.0,0.0,0.0,0.0,0.0,0.0,8531.134799001575,780.3772766951683,0.85,0.0,0.0,0.0
65,audits,node-015,0.0,496.2905439223884,496.2905439223884,0.0,496290.5439223884,496290.5439223884,0.0,0.0,8531.134799001575,780.3772766951683,0.85,-1048.1452719611943,0.0,0.0
65,audits,node-016,0.0,0.0,123.76540302926273,0.0,0.0,123765.40302926273,0.0,0.0,8531.134799001575,780.3772766951683,0.85,-284.4556866323171,0.0,0.0
65,audits,node-017,0.0,0.0,0.0,0.0,0.0,0.0,0.0,0.0,8531.134799001575,780.3772766951683,0.85,-311.758116823374,0.0,0.0
65,audits,node-018,0.0,0.0,0.0,0.0,0.0,0.0,0.0,0.0,8531.134799001575,780.3772766951683,0.85,0.0,0.0,0.0
65,audits,node-019,0.0,0.0,0.0,0.0,0.0,0.0,0.0,0.0,8531.134799001575,780.3772766951683,0.85,0.0,0.0,0.0
65,audits,node-020,0.0,0.0,0.0,0.0,0.0,0.0,0.0,0.0,8531.134799001575,780.3772766951683,0.85,0.0,0.0,0.0
65,audits,node-021,0.0,0.0,0.0,0.0,0.0,0.0,0.0,0.0,8531.134799001575,780.3772766951683,0.85,0.0,0.0,0.0
65,audits,node-022,0.0,162.94799557201623,342.27363660721693,0.0,162947.99557201623,342273.6366072169,0.0,0.0,8531.134799001575,780.3772766951683,0.85,-1013.1578428444261,0.0,0.0
65,audits,node-023,0.0,0.45737920419242073,118.7699219618803,0.0,0.00047017125130381047,0.12209169615542952,657.2926778060584,972.7927918265596,8531.134799001575,780.3772766951683,0.85,-1736.1677063111833,-47.32501710307531,-657.2926778060584
65,audits,node-024,0.0,0.0,0.0,0.0,0.0,0.0,0.0,0.0,8531.134799001575,780.3772766951683,0.85,0.0,0.0,0.0
65,audits,node-025,0.0,0.0,0.0,0.0,0.0,0.0,0.0,0.0,8531.134799001575,780.3772766951683,0.85,0.0,0.0,0.0
65,audits,node-026,0.0,0.0,0.0,0.0,0.0,0.0,0.0,0.0,8531.134799001575,780.3772766951683,0.85,-1051.6249180636314,0.0,0.0
65,audits,node-027,0.0,0.0,100.92889538507917,0.0,0.0,100928.89538507917,0.0,0.0,8531.134799001575,780.3772766951683,0.85,-299.07110461492084,0.0,0.0
65,audits,node-028,0.0,0.0,0.0,0.0,0.0,0.0,0.0,0.0,8531.134799001575,780.3772766951683,0.85,0.0,0.0,0.0
65,audits,node-029,26.314659238627257,259.76503572533596,389.74904907269416,26314.659238627257,259765.03572533597,389749.04907269415,-209.95862129047612,-192.41551513139123,8531.134799001575,780.3772766951683,0.85,-1785.533177319457,-2.631465923862635,496.2637952809256
63,greedy,node-000,0.0,0.0,0.0,0.0,0.0,0.0,27.499546791809045,82.49864037542714,5870.369655878569,206.40733565765015,0.85,-66.13648823268039,4.151970116101438,-27.499546791809045
63,greedy,node-001,0.0,0.0,0.0,0.0,0.0,0.0,0.0,0.0,5870.369655878569,206.40733565765015,0.85,0.0,0.0,-38.636941440871354
63,greedy,node-002,0.0,0.0,0.0,0.0,0.0,0.0,0.0,0.0,5870.369655878569,206.40733565765015,0.85,0.0,0.0,-38.636941440871354
63,greedy,node-003,0.0,0.0,0.0,0.0,0.0,0.0,0.0,0.0,5870.369655878569,206.40733565765015,0.85,0.0,0.0,-38.636941440871354
63,greedy,node-004,0.0,0.0,0.0,0.0,0.0,0.0,0.0,0.0,5870.369655878569,206.40733565765015,0.85,-29.311191413175493,0.0,-38.636941440871354
63,greedy,node-005,0.0,0.0,0.0,0.0,0.0,0.0,0.0,0.0,5870.369655878569,206.40733565765015,0.85,0.0,0.0,-38.636941440871354
63,greedy,node-006,0.0,0.0,0.0,0.0,0.0,0.0,0.0,0.0,5870.369655878569,206.40733565765015,0.85,0.0,0.0,-38.636941440871354
63,greedy,node-007,0.0,0.0,0.0,0.0,0.0,0.0,17.094572915009074,51.28371874502723,5870.369655878569,206.40733565765015,0.85,-58.506037204279494,15.532393833355336,-55.73151435588043
63,greedy,node-008,0.0,0.0,0.0,0.0,0.0,0.0,0.0,0.0,5870.369655878569,206.40733565765015,0.85,0.0,0.0,-38.636941440871354
63,greedy,node-009,0.0,0.0,0.0,0.0,0.0,0.0,0.0,0.0,5870.369655878569,206.40733565765015,0.85,0.0,0.0,-38.636941440871354
63,greedy,node-010,0.0,0.0,0.0,0.0,0.0,0.0,0.0,0.0,5870.369655878569,206.40733565765015,0.85,0.0,0.0,-38.636941440871354
63,greedy,node-011,0.0,0.0,0.0,0.0,0.0,0.0,0.0,0.0,5870.369655878569,206.40733565765015,0.85,0.0,0.0,-38.636941440871354
63,greedy,node-012,0.0,0.0,0.0,0.0,0.0,0.0,0.0,0.0,5870.369655878569,206.40733565765015,0.85,0.0,0.0,-38.636941440871354
63,greedy,node-013,0.0,0.0,0.0,0.0,0.0,0.0,0.0,0.0,5870.369655878569,206.40733565765015,0.85,0.0,0.0,-38.636941440871354
63,greedy,node-014,0.0,0.0,0.0,0.0,0.0,0.0,0.0,0.0,5870.369655878569,206.40733565765015,0.85,0.0,0.0,-38.636941440871354
63,greedy,node-015,0.0,0.0,0.0,0.0,0.0,0.0,0.0,0.0,5870.369655878569,206.40733565765015,0.85,0.0,0.0,-38.636941440871354
63,greedy,node-016,0.0,0.0,0.0,0.0,0.0,0.0,0.0,0.0,5870.369655878569,206.40733565765015,0.85,0.0,0.0,-38.636941440871354
63,greedy,node-017,0.0,0.0,0.0,0.0,0.0,0.0,0.0,0.0,5870.369655878569,206.40733565765015,0.85,0.0,0.0,-38.636941440871354
63,greedy,node-018,0.0,0.0,0.0,0.0,0.0,0.0,0.0,0.0,5870.369655878569,206.40733565765015,0.85,0.0,0.0,-38.636941440871354
63,greedy,node-019,0.0,0.0,0.0,0.0,0.0,0.0,0.0,0.0,5870.369655878569,206.40733565765015,0.85,0.0,0.0,-38.636941440871354
63,greedy,node-020,0.0,0.0,0.0,0.0,0.0,0.0,0.0,0.0,5870.369655878569,206.40733565765015,0.85,0.0,0.0,-38.636941440871354
63,greedy,node-021,0.0,0.0,0.0,0.0,0.0,0.0,0.0,0.0,5870.369655878569,206.40733565765015,0.85,0.0,0.0,-38.636941440871354
63,greedy,node-022,2.0557984602046915,0.0,2.0557984602046915,2055.7984602046913,0.0,2055.7984602046913,0.0,0.0,5870.369655878569,206.40733565765015,0.85,-54.83937243104493,0.0,-38.636941440871354
63,greedy,node-023,0.0,0.0,0.0,0.0,0.0,0.0,0.0,0.0,5870.369655878569,206.40733565765015,0.85,0.0,0.0,-38.636941440871354
63,greedy,node-024,0.0,0.0,0.0,0.0,0.0,0.0,0.0,0.0,5870.369655878569,206.40733565765015,0.85,0.0,0.0,-38.636941440871354
63,greedy,node-025,0.0,0.0,0.0,0.0,0.0,0.0,0.0,0.0,5870.369655878569,206.40733565765015,0.85,0.0,0.0,-38.636941440871354
63,greedy,node-026,0.0,0.0,0.0,0.0,0.0,0.0,0.0,0.0,5870.369655878569,206.40733565765015,0.85,0.0,0.0,-38.636941440871354
63,greedy,node-027,0.0,0.0,0.0,0.0,0.0,0.0,0.0,0.0,5870.369655878569,206.40733565765015,0.85,0.0,0.0,-38.636941440871354
63,greedy,node-028,0.0,0.0,0.0,0.0,0.0,0.0,0.0,0.0,5870.369655878569,206.40733565765015,0.85,-14.766550248650692,0.0,-38.636941440871354
63,greedy,node-029,5.239145484568638,0.0,5.239145484568638,0.0721397201675561,0.0,0.0721397201675561,24.208325512398623,72.62497653719588,5870.369655878569,206.40733565765015,0.85,-54.30375623899765,-2.6085612440328063,-62.84526695326998
63,trust_vcg,node-000,73.60051099987265,0.0,186.4015340162423,0.2276266655543898,0.0,0.5764900143480499,245.27895108296775,323.33870384041774,8728.03341063594,767.2943578617292,0.95,-11283.915892523837,42.22145186242483,-245.27895108296775
63,trust_vcg,node-001,0.0,0.0,128.00562515436982,0.0,0.0,128005.62515436982,0.0,0.0,8728.03341063594,767.2943578617292,0.95,-2271.99437484563,0.0,-221.33652803125824
63,trust_vcg,node-002,0.0,0.0,0.0,0.0,0.0,0.0,0.0,0.0,8728.03341063594,767.2943578617292,0.95,0.0,0.0,-221.33652803125824
63,trust_vcg,node-003,0.0,0.0,0.0,0.0,0.0,0.0,0.0,0.0,8728.03341063594,767.2943578617292,0.95,0.0,0.0,-221.33652803125824
63,trust_vcg,node-004,0.0,0.0,0.0,0.0,0.0,0.0,0.0,0.0,8728.03341063594,767.2943578617292,0.95,-9835.98706121147,0.0,-221.33652803125824
63,trust_vcg,node-005,0.0,0.0,0.0,0.0,0.0,0.0,0.0,0.0,8728.03341063594,767.2943578617292,0.95,0.0,0.0,-221.33652803125824
63,trust_vcg,node-006,0.0,0.0,0.0,0.0,0.0,0.0,0.0,0.0,8728.03341063594,767.2943578617292,0.95,0.0,0.0,-221.33652803125824
63,trust_vcg,node-007,0.0,0.0,439.34846179474187,0.0,0.0,439348.46179474186,0.0,0.0,8728.03341063594,767.2943578617292,0.95,-11041.411464289267,0.0,-221.33652803125824
63,trust_vcg,node-008,0.0,0.0,0.0,0.0,0.0,0.0,0.0,0.0,8728.03341063594,767.2943578617292,0.95,0.0,0.0,-221.33652803125824
63,trust_vcg,node-009,0.0,0.0,0.0,0.0,0.0,0.0,0.0,0.0,8728.03341063594,767.2943578617292,0.95,0.0,0.0,-221.33652803125824
63,trust_vcg,node-010,0.0,0.0,0.0,0.0,0.0,0.0,0.0,0.0,8728.03341063594,767.2943578617292,0.95,0.0,0.0,-221.33652803125824
63,trust_vcg,node-011,0.0,0.0,95.03918893893538,0.0,0.0,95039.18893893537,0.0,0.0,8728.03341063594,767.2943578617292,0.95,-5562.168107405951,0.0,-221.33652803125824
63,trust_vcg,node-012,0.0,0.0,243.02047980010354,0.0,0.0,243020.47980010355,0.0,0.0,8728.03341063594,767.2943578617292,0.95,-5563.715250350473,0.0,-221.33652803125824
63,trust_vcg,node-013,0.0,119.79531545159466,119.79531545159466,0.0,0.2698362198262353,0.2698362198262353,281.2837665425192,443.9556540213115,8728.03341063594,767.2943578617292,0.95,-5846.602485403397,89.3933250580451,-502.6202945737774
63,trust_vcg,node-014,0.0,0.0,59.93789139133638,0.0,0.0,59937.89139133638,0.0,0.0,8728.03341063594,767.2943578617292,0.95,-2264.478096033003,0.0,-221.33652803125824
63,trust_vcg,node-015,0.0,0.0,0.0,0.0,0.0,0.0,0.0,0.0,8728.03341063594,767.2943578617292,0.95,0.0,0.0,-221.33652803125824
63,trust_vcg,node-016,0.0,0.0,0.0,0.0,0.0,0.0,0.0,0.0,8728.03341063594,767.2943578617292,0.95,0.0,0.0,-221.33652803125824
63,trust_vcg,node-017,0.0,0.0,0.0,0.0,0.0,0.0,0.0,0.0,8728.03341063594,767.2943578617292,0.95,0.0,0.0,-221.33652803125824
63,trust_vcg,node-018,0.0,0.0,0.0,0.0,0.0,0.0,0.0,0.0,8728.03341063594,767.2943578617292,0.95,-5581.689955736441,0.0,-221.33652803125824
63,trust_vcg,node-019,0.0,0.0,0.0,0.0,0.0,0.0,0.0,0.0,8728.03341063594,767.2943578617292,0.95,-5570.462388777729,0.0,-221.33652803125824
63,trust_vcg,node-020,0.0,0.0,0.0,0.0,0.0,0.0,0.0,0.0,8728.03341063594,767.2943578617292,0.95,0.0,0.0,-221.33652803125824
63,trust_vcg,node-021,0.0,0.0,49.58999638602262,0.0,0.0,49589.99638602262,0.0,0.0,8728.03341063594,767.2943578617292,0.95,-1150.4100036139776,0.0,-221.33652803125824
63,trust_vcg,node-022,0.0,0.0,21.633320830205676,0.0,0.0,21633.320830205677,0.0,0.0,8728.03341063594,767.2943578617292,0.95,-11056.43181967614,0.0,-221.33652803125824
63,trust_vcg,node-023,0.0,0.0,119.39427295402155,0.0,0.0,119394.27295402154,0.0,0.0,8728.03341063594,767.2943578617292,0.95,-2280.6057270459787,0.0,-221.33652803125824
63,trust_vcg,node-024,0.0,0.0,0.0,0.0,0.0,0.0,0.0,0.0,8728.03341063594,767.2943578617292,0.95,0.0,0.0,-221.33652803125824
63,trust_vcg,node-025,0.0,0.0,19.26634968892141,0.0,0.0,19266.349688921408,0.0,0.0,8728.03341063594,767.2943578617292,0.95,-580.7336503110786,0.0,-221.33652803125824
63,trust_vcg,node-026,0.0,0.0,0.0,0.0,0.0,0.0,0.0,0.0,8728.03341063594,767.2943578617292,0.95,0.0,0.0,-221.33652803125824
63,trust_vcg,node-027,0.0,0.0,366.43222169229665,0.0,0.0,366432.2216922966,0.0,0.0,8728.03341063594,767.2943578617292,0.95,-5033.567778307703,0.0,-221.33652803125824
63,trust_vcg,node-028,0.0,0.0,47.61919123256431,0.0,0.0,47619.19123256431,0.0,0.0,8728.03341063594,767.2943578617292,0.95,-9419.186657915325,0.0,-221.33652803125824
63,trust_vcg,node-029,0.0,0.0,85.60379534968666,0.0,0.0,85603.79534968667,0.0,0.0,8728.03341063594,767.2943578617292,0.95,-5467.122652232362,0.0,-221.33652803125824
63,contingent,node-000,0.7122698036076471,0.0,131.59668836926028,0.006372442989439914,0.0,1.1773521634424633,33.713676175218986,111.773428932669,8728.03341063594,355.7812601508575,0.95,-188.26144193870442,-6.8467394504639,-33.713676175218986
63,contingent,node-001,0.0,0.0,0.0,0.0,0.0,0.0,0.0,0.0,8728.03341063594,355.7812601508575,0.95,-287.97749938252065,0.0,-61.405745300216964
63,contingent,node-002,0.0,0.0,0.0,0.0,0.0,0.0,0.0,0.0,8728.03341063594,355.7812601508575,0.95,0.0,0.0,-61.405745300216964
63,contingent,node-003,0.0,0.0,0.0,0.0,0.0,0.0,0.0,0.0,8728.03341063594,355.7812601508575,0.95,0.0,0.0,-61.405745300216964
63,contingent,node-004,0.0,0.0,0.0,0.0,0.0,0.0,0.0,0.0,8728.03341063594,355.7812601508575,0.95,-268.35971927502027,0.0,-61.405745300216964
63,contingent,node-005,0.0,0.0,0.0,0.0,0.0,0.0,0.0,0.0,8728.03341063594,355.7812601508575,0.95,0.0,0.0,-61.405745300216964
63,contingent,node-006,0.0,0.0,0.0,0.0,0.0,0.0,0.0,0.0,8728.03341063594,355.7812601508575,0.95,0.0,0.0,-61.405745300216964
63,contingent,node-007,0.0,63.94089868393116,196.80487920428646,0.0,63940.898683931155,196804.87920428647,0.0,0.0,8728.03341063594,355.7812601508575,0.95,-165.64585715708165,0.0,-61.405745300216964
63,contingent,node-008,0.0,0.0,0.0,0.0,0.0,0.0,0.0,0.0,8728.03341063594,355.7812601508575,0.95,0.0,0.0,-61.405745300216964
63,contingent,node-009,0.0,0.0,0.0,0.0,0.0,0.0,0.0,0.0,8728.03341063594,355.7812601508575,0.95,0.0,0.0,-61.405745300216964
63,contingent,node-010,0.0,0.0,0.0,0.0,0.0,0.0,0.0,0.0,8728.03341063594,355.7812601508575,0.95,0.0,0.0,-61.405745300216964
63,contingent,node-011,0.0,34.96435828485703,45.03918893893538,0.0,34964.35828485703,45039.18893893538,0.0,0.0,8728.03341063594,355.7812601508575,0.95,-248.67242962380138,0.0,-61.405745300216964
63,contingent,node-012,0.0,27.18278298541062,93.0204798001035,0.0,27182.782985410617,93020.4798001035,0.0,0.0,8728.03341063594,355.7812601508575,0.95,-254.86100140189262,0.0,-61.405745300216964
63,contingent,node-013,0.0,19.743138254717692,19.743138254717692,0.0,0.0809119041636973,0.0809119041636973,81.33594373939617,244.00783121818847,8728.03341063594,355.7812601508575,0.95,-342.61081918290176,-10.580586343516458,-142.74168903961314
63,contingent,node-014,0.0,0.0,9.937891391336379,0.0,0.0,9937.89139133638,0.0,0.0,8728.03341063594,355.7812601508575,0.95,-257.91238413201165,0.0,-61.405745300216964
63,contingent,node-015,0.0,0.0,0.0,0.0,0.0,0.0,0.0,0.0,8728.03341063594,355.7812601508575,0.95,0.0,0.0,-61.405745300216964
63,contingent,node-016,0.0,0.0,0.0,0.0,0.0,0.0,0.0,0.0,8728.03341063594,355.7812601508575,0.95,0.0,0.0,-61.405745300216964
63,contingent,node-017,0.0,0.0,0.0,0.0,0.0,0.0,0.0,0.0,8728.03341063594,355.7812601508575,0.95,0.0,0.0,-61.405745300216964
63,contingent,node-018,0.0,0.0,0.0,0.0,0.0,0.0,0.0,0.0,8728.03341063594,355.7812601508575,0.95,-326.75982294576454,0.0,-61.405745300216964
63,contingent,node-019,0.0,0.0,0.0,0.0,0.0,0.0,0.0,0.0,8728.03341063594,355.7812601508575,0.95,-281.84955511091545,0.0,-61.405745300216964
63,contingent,node-020,0.0,0.0,0.0,0.0,0.0,0.0,0.0,0.0,8728.03341063594,355.7812601508575,0.95,0.0,0.0,-61.405745300216964
63,contingent,node-021,0.0,0.0,0.0,0.0,0.0,0.0,0.0,0.0,8728.03341063594,355.7812601508575,0.95,-201.64001445590955,0.0,-61.405745300216964
63,contingent,node-022,0.0,47.26746990763673,102.15398855730218,0.0,47267.46990763673,102153.98855730219,0.0,0.0,8728.03341063594,355.7812601508575,0.95,-225.72727870456634,0.0,-61.405745300216964
63,contingent,node-023,0.0,0.0,0.0,0.0,0.0,0.0,0.0,0.0,8728.03341063594,355.7812601508575,0.95,-322.4229081839139,0.0,-61.405745300216964
63,contingent,node-024,0.0,0.0,0.0,0.0,0.0,0.0,0.0,0.0,8728.03341063594,355.7812601508575,0.95,0.0,0.0,-61.405745300216964
63,contingent,node-025,0.0,0.0,0.0,0.0,0.0,0.0,0.0,0.0,8728.03341063594,355.7812601508575,0.95,-122.93460124431432,0.0,-61.405745300216964
63,contingent,node-026,0.0,0.0,0.0,0.0,0.0,0.0,0.0,0.0,8728.03341063594,355.7812601508575,0.95,0.0,0.0,-61.405745300216964
63,contingent,node-027,0.0,0.0,25.261703058704192,0.0,0.0,25261.70305870419,0.0,0.0,8728.03341063594,355.7812601508575,0.95,-334.27111323081334,0.0,-61.405745300216964
63,contingent,node-028,0.0,0.0,0.0,0.0,0.0,0.0,0.0,0.0,8728.03341063594,355.7812601508575,0.95,-276.7466316612979,0.0,-61.405745300216964
63,contingent,node-029,0.0,0.0,35.715595878348,0.0,0.0,35715.595878347995,0.0,0.0,8728.03341063594,355.7812601508575,0.95,-131.5112761751517,0.0,-61.405745300216964
63,capped,node-000,2.0413198544841435,38.244006503017715,206.72330319612468,0.01743382287179416,0.32662163835654495,1.765513348374397,39.02987637872499,117.08962913617499,8728.03341063594,361.09746035436353,0.95,-77.66681781959635,-7.378359470814509,-39.02987637872499
63,capped,node-001,0.0,0.0,0.0,0.0,0.0,0.0,0.0,0.0,8728.03341063594,361.09746035436353,0.95,-71.99437484563018,0.0,-38.636941440871354
63,capped,node-002,0.0,0.0,0.0,0.0,0.0,0.0,0.0,0.0,8728.03341063594,361.09746035436353,0.95,0.0,0.0,-38.636941440871354
63,capped,node-003,0.0,0.0,0.0,0.0,0.0,0.0,0.0,0.0,8728.03341063594,361.09746035436353,0.95,0.0,0.0,-38.636941440871354
63,capped,node-004,0.0,0.0,20.835905901877474,0.0,0.0,20835.905901877475,0.0,0.0,8728.03341063594,361.09746035436353,0.95,-67.08992981875508,0.0,-38.636941440871354
63,capped,node-005,0.0,0.0,0.0,0.0,0.0,0.0,0.0,0.0,8728.03341063594,361.09746035436353,0.95,0.0,0.0,-38.636941440871354
63,capped,node-006,0.0,0.0,0.0,0.0,0.0,0.0,0.0,0.0,8728.03341063594,361.09746035436353,0.95,0.0,0.0,-38.636941440871354
63,capped,node-007,0.7988090311006415,82.82292857854083,225.15806997209862,798.8090311006415,82822.92857854083,225158.0699720986,0.0,0.0,8728.03341063594,361.09746035436353,0.95,-41.41146428927042,0.0,-38.636941440871354
63,capped,node-008,0.0,0.0,0.0,0.0,0.0,0.0,0.0,0.0,8728.03341063594,361.09746035436353,0.95,0.0,0.0,-38.636941440871354
63,capped,node-009,0.0,0.0,0.0,0.0,0.0,0.0,0.0,0.0,8728.03341063594,361.09746035436353,0.95,0.0,0.0,-38.636941440871354
63,capped,node-010,0.0,0.0,0.0,0.0,0.0,0.0,0.0,0.0,8728.03341063594,361.09746035436353,0.95,0.0,0.0,-38.636941440871354
63,capped,node-011,0.0,94.69569014389378,94.69569014389378,0.0,94695.69014389378,94695.69014389378,0.0,0.0,8728.03341063594,361.09746035436353,0.95,-62.168107405950344,0.0,-38.636941440871354
63,capped,node-012,0.0,66.14044833595486,93.0204798001035,0.0,66140.44833595486,93020.4798001035,0.0,0.0,8728.03341063594,361.09746035436353,0.95,-63.715250350473156,0.0,-38.636941440871354
63,capped,node-013,0.0,19.743138254717692,19.743138254717692,0.0,0.0809119041636973,0.0809119041636973,81.33594373939617,244.00783121818847,8728.03341063594,361.09746035436353,0.95,-146.65466260027256,-10.580586343516458,-119.97288518026753
63,capped,node-014,0.0,0.0,9.937891391336379,0.0,0.0,9937.89139133638,0.0,0.0,8728.03341063594,361.09746035436353,0.95,-64.47809603300293,0.0,-38.636941440871354
63,capped,node-015,0.0,0.0,0.0,0.0,0.0,0.0,0.0,0.0,8728.03341063594,361.09746035436353,0.95,0.0,0.0,-38.636941440871354
63,capped,node-016,0.0,0.0,0.0,0.0,0.0,0.0,0.0,0.0,8728.03341063594,361.09746035436353,0.95,0.0,0.0,-38.636941440871354
63,capped,node-017,0.0,0.0,0.0,0.0,0.0,0.0,0.0,0.0,8728.03341063594,361.09746035436353,0.95,0.0,0.0,-38.636941440871354
63,capped,node-018,0.0,31.972142270534874,31.972142270534874,0.0,31972.142270534874,31972.142270534874,0.0,0.0,8728.03341063594,361.09746035436353,0.95,-81.68995573644114,0.0,-38.636941440871354
63,capped,node-019,0.0,85.9680343835207,85.9680343835207,0.0,85968.0343835207,85968.0343835207,0.0,0.0,8728.03341063594,361.09746035436353,0.95,-70.46238877772886,0.0,-38.636941440871354
63,capped,node-020,0.0,0.0,0.0,0.0,0.0,0.0,0.0,0.0,8728.03341063594,361.09746035436353,0.95,0.0,0.0,-38.636941440871354
63,capped,node-021,0.0,0.0,0.0,0.0,0.0,0.0,0.0,0.0,8728.03341063594,361.09746035436353,0.95,-50.41000361397738,0.0,-38.636941440871354
63,capped,node-022,0.0,79.6675825278703,150.75415748765252,0.0,79667.5825278703,150754.15748765253,0.0,0.0,8728.03341063594,361.09746035436353,0.95,-56.4318196761416,0.0,-38.636941440871354
63,capped,node-023,0.0,0.0,0.0,0.0,0.0,0.0,0.0,0.0,8728.03341063594,361.09746035436353,0.95,-80.60572704597847,0.0,-38.636941440871354
63,capped,node-024,0.0,0.0,0.0,0.0,0.0,0.0,0.0,0.0,8728.03341063594,361.09746035436353,0.95,0.0,0.0,-38.636941440871354
63,capped,node-025,0.0,0.0,0.0,0.0,0.0,0.0,0.0,0.0,8728.03341063594,361.09746035436353,0.95,-30.733650311078577,0.0,-38.636941440871354
63,capped,node-026,0.0,0.0,0.0,0.0,0.0,0.0,0.0,0.0,8728.03341063594,361.09746035436353,0.95,0.0,0.0,-38.636941440871354
63,capped,node-027,0.0,0.0,25.261703058704192,0.0,0.0,25261.70305870419,0.0,0.0,8728.03341063594,361.09746035436353,0.95,-83.56777830770334,0.0,-38.636941440871354
63,capped,node-028,0.0,0.0,5.608913435635399,0.0,0.0,5608.913435635399,0.0,0.0,8728.03341063594,361.09746035436353,0.95,-69.18665791532446,0.0,-38.636941440871354
63,capped,node-029,0.0,43.0080411767398,77.14201524416362,0.0,43008.0411767398,77142.01524416362,0.0,0.0,8728.03341063594,361.09746035436353,0.95,-32.87781904378792,0.0,-38.636941440871354
63,proper_scoring,node-000,74.92956105074904,154.02542898924185,154.02542898924185,0.08755799877248156,0.17998448320332402,0.17998448320332402,777.7108461738097,855.7705989312597,8728.03341063594,1299.7262529525708,0.95,-932.2586119372952,42.7530718827752,-777.7108461738097
63,proper_scoring,node-001,0.0,0.0,128.00562515436982,0.0,0.0,128005.62515436982,0.0,0.0,8728.03341063594,1299.7262529525708,0.95,-264.07169688928417,0.0,831.3908586980915
63,proper_scoring,node-002,0.0,0.0,0.0,0.0,0.0,0.0,0.0,0.0,8728.03341063594,1299.7262529525708,0.95,0.0,0.0,831.3908586980915
63,proper_scoring,node-003,0.0,0.0,0.0,0.0,0.0,0.0,0.0,0.0,8728.03341063594,1299.7262529525708,0.95,0.0,0.0,831.3908586980915
63,proper_scoring,node-004,0.0,0.0,683.9266007107908,0.0,0.0,683926.6007107908,0.0,0.0,8728.03341063594,1299.7262529525708,0.95,-268.35971927502027,0.0,831.3908586980915
63,proper_scoring,node-005,0.0,0.0,0.0,0.0,0.0,0.0,0.0,0.0,8728.03341063594,1299.7262529525708,0.95,0.0,0.0,831.3908586980915
63,proper_scoring,node-006,0.0,0.0,0.0,0.0,0.0,0.0,0.0,0.0,8728.03341063594,1299.7262529525708,0.95,0.0,0.0,831.3908586980915
63,proper_scoring,node-007,315.6720281258272,963.9408986839312,1021.3375876441843,315672.0281258272,963940.8986839312,1021337.5876441842,0.0,0.0,8728.03341063594,1299.7262529525708,0.95,-165.64585715708165,0.0,831.3908586980915
63,proper_scoring,node-008,0.0,0.0,0.0,0.0,0.0,0.0,0.0,0.0,8728.03341063594,1299.7262529525708,0.95,0.0,0.0,831.3908586980915
63,proper_scoring,node-009,0.0,0.0,0.0,0.0,0.0,0.0,0.0,0.0,8728.03341063594,1299.7262529525708,0.95,0.0,0.0,831.3908586980915
63,proper_scoring,node-010,0.0,0.0,0.0,0.0,0.0,0.0,0.0,0.0,8728.03341063594,1299.7262529525708,0.95,0.0,0.0,831.3908586980915
63,proper_scoring,node-011,0.0,294.6956901438938,436.2855548086976,0.0,294695.69014389376,436285.5548086976,0.0,0.0,8728.03341063594,1299.7262529525708,0.95,-248.67242962380138,0.0,831.3908586980915
63,proper_scoring,node-012,0.0,177.1827829854106,366.8059169742547,0.0,177182.7829854106,366805.9169742547,0.0,0.0,8728.03341063594,1299.7262529525708,0.95,-254.86100140189262,0.0,831.3908586980915
63,proper_scoring,node-013,133.02757297035123,119.79531545159466,184.78438532560904,0.29964157853470075,0.2698362198262353,0.4162226196509679,281.2837665425192,443.9556540213115,8728.03341063594,1299.7262529525708,0.95,-542.5586419860248,89.3933250580451,550.1070921555723
63,proper_scoring,node-014,0.0,0.0,59.93789139133638,0.0,0.0,59937.89139133638,0.0,0.0,8728.03341063594,1299.7262529525708,0.95,-248.21925224478682,0.0,831.3908586980915
63,proper_scoring,node-015,0.0,0.0,0.0,0.0,0.0,0.0,0.0,0.0,8728.03341063594,1299.7262529525708,0.95,0.0,0.0,831.3908586980915
63,proper_scoring,node-016,0.0,0.0,0.0,0.0,0.0,0.0,0.0,0.0,8728.03341063594,1299.7262529525708,0.95,0.0,0.0,831.3908586980915
63,proper_scoring,node-017,0.0,0.0,0.0,0.0,0.0,0.0,0.0,0.0,8728.03341063594,1299.7262529525708,0.95,0.0,0.0,831.3908586980915
63,proper_scoring,node-018,0.0,0.0,253.43444892823598,0.0,0.0,253434.44892823597,0.0,0.0,8728.03341063594,1299.7262529525708,0.95,-326.75982294576454,0.0,831.3908586980915
63,proper_scoring,node-019,2.6152412594117678,92.26903410973648,151.78008450496418,2615.2412594117677,92269.03410973647,151780.08450496418,0.0,0.0,8728.03341063594,1299.7262529525708,0.95,-281.84955511091545,0.0,831.3908586980915
63,proper_scoring,node-020,0.0,0.0,0.0,0.0,0.0,0.0,0.0,0.0,8728.03341063594,1299.7262529525708,0.95,0.0,0.0,831.3908586980915
63,proper_scoring,node-021,0.0,0.0,49.58999638602262,0.0,0.0,49589.99638602262,0.0,0.0,8728.03341063594,1299.7262529525708,0.95,-150.41000361397738,0.0,831.3908586980915
63,proper_scoring,node-022,0.0,497.2674699076368,822.3291641357217,0.0,497267.46990763675,822329.1641357217,0.0,0.0,8728.03341063594,1299.7262529525708,0.95,-225.72727870456634,0.0,831.3908586980915
63,proper_scoring,node-023,0.0,0.0,119.39427295402155,0.0,0.0,119394.27295402154,0.0,0.0,8728.03341063594,1299.7262529525708,0.95,-273.29353267400325,0.0,831.3908586980915
63,proper_scoring,node-024,0.0,0.0,0.0,0.0,0.0,0.0,0.0,0.0,8728.03341063594,1299.7262529525708,0.95,0.0,0.0,831.3908586980915
63,proper_scoring,node-025,0.0,0.0,19.26634968892141,0.0,0.0,19266.349688921408,0.0,0.0,8728.03341063594,1299.7262529525708,0.95,-80.73365031107858,0.0,831.3908586980915
63,proper_scoring,node-026,0.0,0.0,0.0,0.0,0.0,0.0,0.0,0.0,8728.03341063594,1299.7262529525708,0.95,0.0,0.0,831.3908586980915
63,proper_scoring,node-027,0.0,0.0,366.43222169229665,0.0,0.0,366432.2216922966,0.0,0.0,8728.03341063594,1299.7262529525708,0.95,-334.27111323081334,0.0,831.3908586980915
63,proper_scoring,node-028,137.30463810287014,0.0,617.3174304552019,137304.63810287014,0.0,617317.4304552019,0.0,0.0,8728.03341063594,1299.7262529525708,0.95,-276.7466316612979,0.0,831.3908586980915
63,proper_scoring,node-029,0.0,196.72255943365954,284.8937813524204,0.0,196722.55943365954,284893.7813524204,0.0,0.0,8728.03341063594,1299.7262529525708,0.95,-131.5112761751517,0.0,831.3908586980915
63,audits,node-000,73.60051099987265,131.99493179877516,137.0621351829667,0.08939275009976713,0.1603166852026901,0.16647114309536035,745.2789510829678,823.3387038404178,8728.03341063594,1267.2943578617292,0.95,-3283.915892523839,42.22145186242483,-745.2789510829678
63,audits,node-001,0.0,0.0,128.00562515436982,0.0,0.0,128005.62515436982,0.0,0.0,8728.03341063594,1267.2943578617292,0.95,-771.9943748456301,0.0,778.6634719687416
63,audits,node-002,0.0,0.0,0.0,0.0,0.0,0.0,0.0,0.0,8728.03341063594,1267.2943578617292,0.95,0.0,0.0,778.6634719687416
63,audits,node-003,0.0,0.0,0.0,0.0,0.0,0.0,0.0,0.0,8728.03341063594,1267.2943578617292,0.95,0.0,0.0,778.6634719687416
63,audits,node-004,0.0,0.0,645.2741006309593,0.0,0.0,645274.1006309593,0.0,0.0,8728.03341063594,1267.2943578617292,0.95,-2335.9870612114682,0.0,778.6634719687416
63,audits,node-005,0.0,0.0,0.0,0.0,0.0,0.0,0.0,0.0,8728.03341063594,1267.2943578617292,0.95,0.0,0.0,778.6634719687416
63,audits,node-006,0.0,0.0,0.0,0.0,0.0,0.0,0.0,0.0,8728.03341063594,1267.2943578617292,0.95,0.0,0.0,778.6634719687416
63,audits,node-007,302.40618062046565,882.8229285785409,944.9401250124464,302406.18062046566,882822.9285785409,944940.1250124464,0.0,0.0,8728.03341063594,1267.2943578617292,0.95,-2541.411464289271,0.0,778.6634719687416
63,audits,node-008,0.0,0.0,0.0,0.0,0.0,0.0,0.0,0.0,8728.03341063594,1267.2943578617292,0.95,0.0,0.0,778.6634719687416
63,audits,node-009,0.0,0.0,0.0,0.0,0.0,0.0,0.0,0.0,8728.03341063594,1267.2943578617292,0.95,0.0,0.0,778.6634719687416
63,audits,node-010,0.0,0.0,0.0,0.0,0.0,0.0,0.0,0.0,8728.03341063594,1267.2943578617292,0.95,0.0,0.0,778.6634719687416
63,audits,node-011,0.0,0.0,95.03918893893538,0.0,0.0,95039.18893893537,0.0,0.0,8728.03341063594,1267.2943578617292,0.95,-1562.1681074059504,0.0,778.6634719687416
63,audits,node-012,0.0,166.14044833595483,336.2847496495268,0.0,166140.44833595483,336284.7496495268,0.0,0.0,8728.03341063594,1267.2943578617292,0.95,-1563.715250350473,0.0,778.6634719687416
63,audits,node-013,101.88996907789942,119.79531545159466,151.37559288791897,0.2295048348973349,0.2698362198262353,0.3409700755396898,281.2837665425192,443.9556540213115,8728.03341063594,1267.2943578617292,0.95,-1846.6024854033953,89.3933250580451,497.3797054262225
63,audits,node-014,0.0,0.0,59.93789139133638,0.0,0.0,59937.89139133638,0.0,0.0,8728.03341063594,1267.2943578617292,0.95,-764.4780960330029,0.0,778.6634719687416
63,audits,node-015,0.0,0.0,0.0,0.0,0.0,0.0,0.0,0.0,8728.03341063594,1267.2943578617292,0.95,0.0,0.0,778.6634719687416
63,audits,node-016,0.0,0.0,0.0,0.0,0.0,0.0,0.0,0.0,8728.03341063594,1267.2943578617292,0.95,0.0,0.0,778.6634719687416
63,audits,node-017,0.0,0.0,0.0,0.0,0.0,0.0,0.0,0.0,8728.03341063594,1267.2943578617292,0.95,0.0,0.0,778.6634719687416
63,audits,node-018,0.0,0.0,230.41074262839658,0.0,0.0,230410.74262839658,0.0,0.0,8728.03341063594,1267.2943578617292,0.95,-1581.689955736441,0.0,778.6634719687416
63,audits,node-019,0.0,0.0,0.0,0.0,0.0,0.0,0.0,0.0,8728.03341063594,1267.2943578617292,0.95,-1570.462388777729,0.0,778.6634719687416
63,audits,node-020,0.0,0.0,0.0,0.0,0.0,0.0,0.0,0.0,8728.03341063594,1267.2943578617292,0.95,0.0,0.0,778.6634719687416
63,audits,node-021,0.0,0.0,49.58999638602262,0.0,0.0,49589.99638602262,0.0,0.0,8728.03341063594,1267.2943578617292,0.95,-650.4100036139773,0.0,778.6634719687416
63,audits,node-022,0.0,479.66758252787025,743.5681803238584,0.0,479667.58252787025,743568.1803238584,0.0,0.0,8728.03341063594,1267.2943578617292,0.95,-2556.431819676141,0.0,778.6634719687416
63,audits,node-023,0.0,0.0,119.39427295402155,0.0,0.0,119394.27295402154,0.0,0.0,8728.03341063594,1267.2943578617292,0.95,-780.6057270459785,0.0,778.6634719687416
63,audits,node-024,0.0,0.0,0.0,0.0,0.0,0.0,0.0,0.0,8728.03341063594,1267.2943578617292,0.95,0.0,0.0,778.6634719687416
63,audits,node-025,0.0,0.0,19.26634968892141,0.0,0.0,19266.349688921408,0.0,0.0,8728.03341063594,1267.2943578617292,0.95,-80.73365031107858,0.0,778.6634719687416
63,audits,node-026,0.0,0.0,0.0,0.0,0.0,0.0,0.0,0.0,8728.03341063594,1267.2943578617292,0.95,0.0,0.0,778.6634719687416
63,audits,node-027,0.0,0.0,366.43222169229665,0.0,0.0,366432.2216922966,0.0,0.0,8728.03341063594,1267.2943578617292,0.95,-1033.5677783077033,0.0,778.6634719687416
63,audits,node-028,112.2878216171708,0.0,480.81334208467564,112287.8216171708,0.0,480813.3420846756,0.0,0.0,8728.03341063594,1267.2943578617292,0.95,-1919.1866579153245,0.0,778.6634719687416
63,audits,node-029,0.0,0.0,85.60379534968666,0.0,0.0,85603.79534968667,0.0,0.0,8728.03341063594,1267.2943578617292,0.95,-1467.1226522323627,0.0,778.6634719687416
68,greedy,node-000,0.0,0.0,0.0,0.0,0.0,0.0,0.0,0.0,8747.759594773011,366.2905358924055,0.95,0.0,0.0,-44.66405915036316
68,greedy,node-001,12.455525878297346,0.0,12.455525878297346,12455.525878297345,0.0,12455.525878297345,0.0,0.0,8747.759594773011,366.2905358924055,0.95,-44.66405915036316,0.0,0.0
68,greedy,node-002,0.0,0.0,0.0,0.0,0.0,0.0,0.0,0.0,8747.759594773011,366.2905358924055,0.95,0.0,0.0,0.0
68,greedy,node-003,0.0,0.0,0.0,0.0,0.0,0.0,0.0,0.0,8747.759594773011,366.2905358924055,0.95,0.0,0.0,0.0
68,greedy,node-004,0.0,0.0,0.0,0.0,0.0,0.0,0.0,0.0,8747.759594773011,366.2905358924055,0.95,0.0,0.0,0.0
68,greedy,node-005,0.0,0.0,0.0,0.0,0.0,0.0,0.0,0.0,8747.759594773011,366.2905358924055,0.95,0.0,0.0,0.0
68,greedy,node-006,0.0,0.0,0.0,0.0,0.0,0.0,0.0,0.0,8747.759594773011,366.2905358924055,0.95,0.0,0.0,0.0
68,greedy,node-007,0.0,0.0,0.0,0.0,0.0,0.0,0.0,0.0,8747.759594773011,366.2905358924055,0.95,0.0,0.0,0.0
68,greedy,node-008,11.458855324554378,0.0,11.458855324554378,11458.855324554377,0.0,11458.855324554377,0.0,0.0,8747.759594773011,366.2905358924055,0.95,-68.6067630395527,0.0,0.0
68,greedy,node-009,0.0,0.0,0.0,0.0,0.0,0.0,0.0,0.0,8747.759594773011,366.2905358924055,0.95,0.0,0.0,0.0
68,greedy,node-010,0.0,0.0,0.0,0.0,0.0,0.0,0.0,0.0,8747.759594773011,366.2905358924055,0.95,0.0,0.0,0.0
68,greedy,node-011,0.0,0.0,0.0,0.0,0.0,0.0,0.0,0.0,8747.759594773011,366.2905358924055,0.95,-15.99172947657489,0.0,0.0
68,greedy,node-012,23.043259496587126,0.0,23.043259496587126,0.06290978673649344,0.0,0.06290978673649344,122.09684529746852,366.2905358924055,8747.759594773011,366.2905358924055,0.95,-183.14526794620278,-36.62905358924057,-139.43899335907594
68,greedy,node-013,0.0,0.0,0.0,0.0,0.0,0.0,0.0,0.0,8747.759594773011,366.2905358924055,0.95,0.0,0.0,0.0
68,greedy,node-014,0.0,0.0,0.0,0.0,0.0,0.0,0.0,0.0,8747.759594773011,366.2905358924055,0.95,0.0,0.0,0.0
68,greedy,node-015,0.0,0.0,0.0,0.0,0.0,0.0,0.0,0.0,8747.759594773011,366.2905358924055,0.95,0.0,0.0,0.0
68,greedy,node-016,0.0,0.0,0.0,0.0,0.0,0.0,0.0,0.0,8747.759594773011,366.2905358924055,0.95,0.0,0.0,0.0
68,greedy,node-017,0.0,0.0,0.0,0.0,0.0,0.0,0.0,0.0,8747.759594773011,366.2905358924055,0.95,0.0,0.0,0.0
68,greedy,node-018,13.505260397335283,0.0,13.505260397335283,13505.260397335282,0.0,13505.260397335282,0.0,0.0,8747.759594773011,366.2905358924055,0.95,-85.61130676182741,0.0,0.0
68,greedy,node-019,0.0,0.0,0.0,0.0,0.0,0.0,0.0,0.0,8747.759594773011,366.2905358924055,0.95,0.0,0.0,0.0
68,greedy,node-020,0.0,0.0,0.0,0.0,0.0,0.0,0.0,0.0,8747.759594773011,366.2905358924055,0.95,0.0,0.0,0.0
68,greedy,node-021,0.0,0.0,0.0,0.0,0.0,0.0,0.0,0.0,8747.759594773011,366.2905358924055,0.95,0.0,0.0,0.0
68,greedy,node-022,0.0,0.0,0.0,0.0,0.0,0.0,0.0,0.0,8747.759594773011,366.2905358924055,0.95,0.0,0.0,0.0
68,greedy,node-023,0.0,0.0,0.0,0.0,0.0,0.0,0.0,0.0,8747.759594773011,366.2905358924055,0.95,0.0,0.0,0.0
68,greedy,node-024,0.0,0.0,0.0,0.0,0.0,0.0,0.0,0.0,8747.759594773011,366.2905358924055,0.95,0.0,0.0,0.0
68,greedy,node-025,0.0,0.0,0.0,0.0,0.0,0.0,0.0,0.0,8747.759594773011,366.2905358924055,0.95,0.0,0.0,0.0
68,greedy,node-026,0.0,0.0,0.0,0.0,0.0,0.0,0.0,0.0,8747.759594773011,366.2905358924055,0.95,0.0,0.0,0.0
68,greedy,node-027,0.0,0.0,0.0,0.0,0.0,0.0,0.0,0.0,8747.759594773011,366.2905358924055,0.95,0.0,0.0,0.0
68,greedy,node-028,0.0,0.0,0.0,0.0,0.0,0.0,0.0,0.0,8747.759594773011,366.2905358924055,0.95,0.0,0.0,0.0
68,greedy,node-029,0.0,0.0,0.0,0.0,0.0,0.0,0.0,0.0,8747.759594773011,366.2905358924055,0.95,0.0,0.0,0.0
68,trust_vcg,node-000,0.0,0.0,0.0,0.0,0.0,0.0,0.0,0.0,8609.377563883616,1402.34944775996,1.0,0.0,0.0,372.592285370311
68,trust_vcg,node-001,372.592285370311,438.80379529215475,488.1823506393689,372592.285370311,438803.7952921547,488182.3506393689,0.0,0.0,8609.377563883616,1402.34944775996,1.0,-5599.636439339537,0.0,0.0
68,trust_vcg,node-002,0.0,0.0,0.0,0.0,0.0,0.0,0.0,0.0,8609.377563883616,1402.34944775996,1.0,0.0,0.0,0.0
68,trust_vcg,node-003,0.0,0.0,0.0,0.0,0.0,0.0,0.0,0.0,8609.377563883616,1402.34944775996,1.0,0.0,0.0,0.0
68,trust_vcg,node-004,0.0,0.0,0.0,0.0,0.0,0.0,0.0,0.0,8609.377563883616,1402.34944775996,1.0,0.0,0.0,0.0
68,trust_vcg,node-005,0.0,0.0,0.0,0.0,0.0,0.0,0.0,0.0,8609.377563883616,1402.34944775996,1.0,0.0,0.0,0.0
68,trust_vcg,node-006,34.8769942392026,0.0,313.9673712808385,34876.9942392026,0.0,313967.3712808385,0.0,0.0,8609.377563883616,1402.34944775996,1.0,-5086.032628719162,0.0,0.0
68,trust_vcg,node-007,0.0,0.0,0.0,0.0,0.0,0.0,0.0,0.0,8609.377563883616,1402.34944775996,1.0,0.0,0.0,0.0
68,trust_vcg,node-008,128.51036138363202,0.0,128.51036138363202,128510.36138363201,0.0,128510.36138363201,0.0,0.0,8609.377563883616,1402.34944775996,1.0,-10462.953074360783,0.0,0.0
68,trust_vcg,node-009,0.0,0.0,0.0,0.0,0.0,0.0,0.0,0.0,8609.377563883616,1402.34944775996,1.0,-3420.998163183634,0.0,0.0
68,trust_vcg,node-010,0.0,0.0,0.0,0.0,0.0,0.0,0.0,0.0,8609.377563883616,1402.34944775996,1.0,0.0,0.0,0.0
68,trust_vcg,node-011,88.22191793284907,0.002951364906607523,88.22929634511559,0.17060977846374015,5.707557993300877e-06,0.1706240473587234,305.69725382255467,517.0976641974771,8609.377563883616,1402.34944775996,1.0,-5911.770703654885,-31.710061556238372,-305.69725382255467
68,trust_vcg,node-012,51.53453384453405,315.46071924926423,347.4688917970591,0.05821454957949449,0.35635140770885393,0.39250854756683384,752.847063744437,885.2517835624823,8609.377563883616,1402.34944775996,1.0,-11813.895486393172,31.87440818024379,-573.2971670618425
68,trust_vcg,node-013,0.0,0.0,0.0,0.0,0.0,0.0,0.0,0.0,8609.377563883616,1402.34944775996,1.0,0.0,0.0,0.0
68,trust_vcg,node-014,0.0,0.0,0.0,0.0,0.0,0.0,0.0,0.0,8609.377563883616,1402.34944775996,1.0,0.0,0.0,0.0
68,trust_vcg,node-015,0.0,0.0,0.0,0.0,0.0,0.0,0.0,0.0,8609.377563883616,1402.34944775996,1.0,0.0,0.0,0.0
68,trust_vcg,node-016,0.0,0.0,191.31228745224067,0.0,0.0,191312.28745224065,0.0,0.0,8609.377563883616,1402.34944775996,1.0,-3408.6877125477595,0.0,0.0
68,trust_vcg,node-017,0.0,0.0,230.9543675163912,0.0,0.0,230954.36751639118,0.0,0.0,8609.377563883616,1402.34944775996,1.0,-3969.0456324836086,0.0,0.0
68,trust_vcg,node-018,0.0,0.0,0.0,0.0,0.0,0.0,0.0,0.0,8609.377563883616,1402.34944775996,1.0,-5561.871134730271,0.0,0.0
68,trust_vcg,node-019,0.0,0.0,269.8803146717598,0.0,0.0,269880.3146717598,0.0,0.0,8609.377563883616,1402.34944775996,1.0,-3930.1196853282404,0.0,0.0
68,trust_vcg,node-020,0.0,224.06554284245556,224.06554284245556,0.0,224065.54284245556,224065.54284245556,0.0,0.0,8609.377563883616,1402.34944775996,1.0,-5604.548272590083,0.0,0.0
68,trust_vcg,node-021,0.0,0.0,0.0,0.0,0.0,0.0,0.0,0.0,8609.377563883616,1402.34944775996,1.0,-3334.486660715408,0.0,0.0
68,trust_vcg,node-022,0.0,0.0,0.0,0.0,0.0,0.0,0.0,0.0,8609.377563883616,1402.34944775996,1.0,0.0,0.0,0.0
68,trust_vcg,node-023,0.0,0.0,0.0,0.0,0.0,0.0,0.0,0.0,8609.377563883616,1402.34944775996,1.0,0.0,0.0,0.0
68,trust_vcg,node-024,0.0,0.0,28.53152504214208,0.0,0.0,28531.52504214208,0.0,0.0,8609.377563883616,1402.34944775996,1.0,-571.4684749578579,0.0,0.0
68,trust_vcg,node-025,0.0,0.0,0.0,0.0,0.0,0.0,0.0,0.0,8609.377563883616,1402.34944775996,1.0,0.0,0.0,0.0
68,trust_vcg,node-026,0.0,0.0,0.0,0.0,0.0,0.0,0.0,0.0,8609.377563883616,1402.34944775996,1.0,0.0,0.0,0.0
68,trust_vcg,node-027,0.0,0.0,0.0,0.0,0.0,0.0,0.0,0.0,8609.377563883616,1402.34944775996,1.0,0.0,0.0,0.0
68,trust_vcg,node-028,0.0,0.0,0.0,0.0,0.0,0.0,0.0,0.0,8609.377563883616,1402.34944775996,1.0,0.0,0.0,0.0
68,trust_vcg,node-029,0.0,0.0,0.0,0.0,0.0,0.0,0.0,0.0,8609.377563883616,1402.34944775996,1.0,0.0,0.0,0.0
68,contingent,node-000,0.0,0.0,0.0,0.0,0.0,0.0,0.0,0.0,8609.377563883616,515.7076952894517,1.0,0.0,0.0,-76.36470127873775
68,contingent,node-001,22.20094882303869,88.80379529215477,88.80379529215477,22200.94882303869,88803.79529215477,88803.79529215477,0.0,0.0,8609.377563883616,515.7076952894517,1.0,-398.5457573581486,0.0,0.0
68,contingent,node-002,0.0,0.0,0.0,0.0,0.0,0.0,0.0,0.0,8609.377563883616,515.7076952894517,1.0,0.0,0.0,0.0
68,contingent,node-003,0.0,0.0,0.0,0.0,0.0,0.0,0.0,0.0,8609.377563883616,515.7076952894517,1.0,0.0,0.0,0.0
68,contingent,node-004,0.0,0.0,0.0,0.0,0.0,0.0,0.0,0.0,8609.377563883616,515.7076952894517,1.0,0.0,0.0,0.0
68,contingent,node-005,0.0,0.0,0.0,0.0,0.0,0.0,0.0,0.0,8609.377563883616,515.7076952894517,1.0,0.0,0.0,0.0
68,contingent,node-006,0.0,0.0,0.0,0.0,0.0,0.0,0.0,0.0,8609.377563883616,515.7076952894517,1.0,-544.1305148766457,0.0,0.0
68,contingent,node-007,0.0,0.0,0.0,0.0,0.0,0.0,0.0,0.0,8609.377563883616,515.7076952894517,1.0,0.0,0.0,0.0
68,contingent,node-008,0.0,18.849672977005127,18.849672977005127,0.0,18849.672977005128,18849.672977005128,0.0,0.0,8609.377563883616,515.7076952894517,1.0,-384.47416319146623,0.0,0.0
68,contingent,node-009,0.0,0.0,0.0,0.0,0.0,0.0,0.0,0.0,8609.377563883616,515.7076952894517,1.0,-483.99265273453693,0.0,0.0
68,contingent,node-010,0.0,0.0,0.0,0.0,0.0,0.0,0.0,0.0,8609.377563883616,515.7076952894517,1.0,0.0,0.0,0.0
68,contingent,node-011,41.56553392994837,0.0,41.56553392994837,0.13107995345966492,0.0,0.13107995345966492,105.70020518746125,317.10061556238384,8609.377563883616,515.7076952894517,1.0,-529.99400451678,-31.710061556238344,-105.70020518746125
68,contingent,node-012,0.0,52.10542308467865,297.7276042210315,0.0,0.26235430859908676,1.4990785053089644,66.20235990902269,198.60707972706808,8609.377563883616,515.7076952894517,1.0,-310.3960505039597,-17.171642093714468,-86.14100604884725
68,contingent,node-013,0.0,0.0,0.0,0.0,0.0,0.0,0.0,0.0,8609.377563883616,515.7076952894517,1.0,0.0,0.0,0.0
68,contingent,node-014,0.0,0.0,0.0,0.0,0.0,0.0,0.0,0.0,8609.377563883616,515.7076952894517,1.0,0.0,0.0,0.0
68,contingent,node-015,0.0,0.0,0.0,0.0,0.0,0.0,0.0,0.0,8609.377563883616,515.7076952894517,1.0,0.0,0.0,0.0
68,contingent,node-016,0.0,0.0,0.0,0.0,0.0,0.0,0.0,0.0,8609.377563883616,515.7076952894517,1.0,-434.75085019103733,0.0,0.0
68,contingent,node-017,0.0,0.0,0.0,0.0,0.0,0.0,0.0,0.0,8609.377563883616,515.7076952894517,1.0,-476.18252993443525,0.0,0.0
68,contingent,node-018,0.0,75.61926622236031,156.39521750822058,0.0,75619.26622236031,156395.21750822058,0.0,0.0,8609.377563883616,515.7076952894517,1.0,-247.48453892108077,0.0,0.0
68,contingent,node-019,0.0,0.0,0.0,0.0,0.0,0.0,0.0,0.0,8609.377563883616,515.7076952894517,1.0,-320.47874131296084,0.0,0.0
68,contingent,node-020,0.0,74.06554284245556,74.06554284245556,0.0,74065.54284245556,74065.54284245556,0.0,0.0,8609.377563883616,515.7076952894517,1.0,-418.19309036032723,0.0,0.0
68,contingent,node-021,0.0,0.0,0.0,0.0,0.0,0.0,0.0,0.0,8609.377563883616,515.7076952894517,1.0,-277.2701532092158,0.0,0.0
68,contingent,node-022,0.0,0.0,0.0,0.0,0.0,0.0,0.0,0.0,8609.377563883616,515.7076952894517,1.0,0.0,0.0,0.0
68,contingent,node-023,0.0,0.0,0.0,0.0,0.0,0.0,0.0,0.0,8609.377563883616,515.7076952894517,1.0,0.0,0.0,0.0
68,contingent,node-024,0.0,0.0,0.0,0.0,0.0,0.0,0.0,0.0,8609.377563883616,515.7076952894517,1.0,-85.87389983143169,0.0,0.0
68,contingent,node-025,0.0,0.0,0.0,0.0,0.0,0.0,0.0,0.0,8609.377563883616,515.7076952894517,1.0,0.0,0.0,0.0
68,contingent,node-026,0.0,0.0,0.0,0.0,0.0,0.0,0.0,0.0,8609.377563883616,515.7076952894517,1.0,0.0,0.0,0.0
68,contingent,node-027,0.0,0.0,0.0,0.0,0.0,0.0,0.0,0.0,8609.377563883616,515.7076952894517,1.0,0.0,0.0,0.0
68,contingent,node-028,0.0,0.0,0.0,0.0,0.0,0.0,0.0,0.0,8609.377563883616,515.7076952894517,1.0,0.0,0.0,0.0
68,contingent,node-029,0.0,0.0,0.0,0.0,0.0,0.0,0.0,0.0,8609.377563883616,515.7076952894517,1.0,0.0,0.0,0.0
68,capped,node-000,0.0,0.0,0.0,0.0,0.0,0.0,0.0,0.0,8609.377563883616,515.7076952894517,1.0,0.0,0.0,-76.36470127873775
68,capped,node-001,22.20094882303869,88.80379529215477,88.80379529215477,22200.94882303869,88803.79529215477,88803.79529215477,0.0,0.0,8609.377563883616,515.7076952894517,1.0,-99.63643933953715,0.0,0.0
68,capped,node-002,0.0,0.0,0.0,0.0,0.0,0.0,0.0,0.0,8609.377563883616,515.7076952894517,1.0,0.0,0.0,0.0
68,capped,node-003,0.0,0.0,0.0,0.0,0.0,0.0,0.0,0.0,8609.377563883616,515.7076952894517,1.0,0.0,0.0,0.0
68,capped,node-004,0.0,0.0,0.0,0.0,0.0,0.0,0.0,0.0,8609.377563883616,515.7076952894517,1.0,0.0,0.0,0.0
68,capped,node-005,0.0,0.0,0.0,0.0,0.0,0.0,0.0,0.0,8609.377563883616,515.7076952894517,1.0,0.0,0.0,0.0
68,capped,node-006,0.0,0.0,0.0,0.0,0.0,0.0,0.0,0.0,8609.377563883616,515.7076952894517,1.0,-136.03262871916144,0.0,0.0
68,capped,node-007,0.0,0.0,0.0,0.0,0.0,0.0,0.0,0.0,8609.377563883616,515.7076952894517,1.0,0.0,0.0,0.0
68,capped,node-008,0.0,69.91772759695218,69.91772759695218,0.0,69917.72759695217,69917.72759695217,0.0,0.0,8609.377563883616,515.7076952894517,1.0,-96.11854079786656,0.0,0.0
68,capped,node-009,0.0,0.0,0.0,0.0,0.0,0.0,0.0,0.0,8609.377563883616,515.7076952894517,1.0,-120.99816318363422,0.0,0.0
68,capped,node-010,0.0,0.0,0.0,0.0,0.0,0.0,0.0,0.0,8609.377563883616,515.7076952894517,1.0,0.0,0.0,0.0
68,capped,node-011,41.56553392994837,0.0,41.56553392994837,0.13107995345966492,0.0,0.13107995345966492,105.70020518746125,317.10061556238384,8609.377563883616,515.7076952894517,1.0,-211.77365501979097,-31.710061556238344,-105.70020518746125
68,capped,node-012,0.0,52.10542308467865,297.7276042210315,0.0,0.26235430859908676,1.4990785053089644,66.20235990902269,198.60707972706808,8609.377563883616,515.7076952894517,1.0,-127.25078255775696,-17.171642093714468,-86.14100604884725
68,capped,node-013,0.0,0.0,0.0,0.0,0.0,0.0,0.0,0.0,8609.377563883616,515.7076952894517,1.0,0.0,0.0,0.0
68,capped,node-014,0.0,0.0,0.0,0.0,0.0,0.0,0.0,0.0,8609.377563883616,515.7076952894517,1.0,0.0,0.0,0.0
68,capped,node-015,0.0,0.0,0.0,0.0,0.0,0.0,0.0,0.0,8609.377563883616,515.7076952894517,1.0,0.0,0.0,0.0
68,capped,node-016,0.0,0.0,0.0,0.0,0.0,0.0,0.0,0.0,8609.377563883616,515.7076952894517,1.0,-108.68771254775933,0.0,0.0
68,capped,node-017,0.0,0.0,0.0,0.0,0.0,0.0,0.0,0.0,8609.377563883616,515.7076952894517,1.0,-119.04563248360881,0.0,0.0
68,capped,node-018,0.0,123.74226946054038,216.54897155594568,0.0,123742.26946054038,216548.97155594567,0.0,0.0,8609.377563883616,515.7076952894517,1.0,-61.87113473027019,0.0,0.0
68,capped,node-019,0.0,0.0,0.0,0.0,0.0,0.0,0.0,0.0,8609.377563883616,515.7076952894517,1.0,-80.11968532824022,0.0,0.0
68,capped,node-020,0.0,74.06554284245556,74.06554284245556,0.0,74065.54284245556,74065.54284245556,0.0,0.0,8609.377563883616,515.7076952894517,1.0,-104.54827259008182,0.0,0.0
68,capped,node-021,0.0,0.0,0.0,0.0,0.0,0.0,0.0,0.0,8609.377563883616,515.7076952894517,1.0,-69.31753830230394,0.0,0.0
68,capped,node-022,0.0,0.0,0.0,0.0,0.0,0.0,0.0,0.0,8609.377563883616,515.7076952894517,1.0,0.0,0.0,0.0
68,capped,node-023,0.0,0.0,0.0,0.0,0.0,0.0,0.0,0.0,8609.377563883616,515.7076952894517,1.0,0.0,0.0,0.0
68,capped,node-024,0.0,0.0,0.0,0.0,0.0,0.0,0.0,0.0,8609.377563883616,515.7076952894517,1.0,-21.46847495785792,0.0,0.0
68,capped,node-025,0.0,0.0,0.0,0.0,0.0,0.0,0.0,0.0,8609.377563883616,515.7076952894517,1.0,0.0,0.0,0.0
68,capped,node-026,0.0,0.0,0.0,0.0,0.0,0.0,0.0,0.0,8609.377563883616,515.7076952894517,1.0,0.0,0.0,0.0
68,capped,node-027,0.0,0.0,0.0,0.0,0.0,0.0,0.0,0.0,8609.377563883616,515.7076952894517,1.0,0.0,0.0,0.0
68,capped,node-028,0.0,0.0,0.0,0.0,0.0,0.0,0.0,0.0,8609.377563883616,515.7076952894517,1.0,0.0,0.0,0.0
68,capped,node-029,0.0,0.0,0.0,0.0,0.0,0.0,0.0,0.0,8609.377563883616,515.7076952894517,1.0,0.0,0.0,0.0
68,proper_scoring,node-000,0.0,0.0,0.0,0.0,0.0,0.0,0.0,0.0,8609.377563883616,1402.34944775996,1.0,0.0,0.0,372.592285370311
68,proper_scoring,node-001,372.592285370311,438.80379529215475,488.1823506393689,372592.285370311,438803.7952921547,488182.3506393689,0.0,0.0,8609.377563883616,1402.34944775996,1.0,-376.4006523286931,0.0,0.0
68,proper_scoring,node-002,0.0,0.0,0.0,0.0,0.0,0.0,0.0,0.0,8609.377563883616,1402.34944775996,1.0,0.0,0.0,0.0
68,proper_scoring,node-003,0.0,0.0,0.0,0.0,0.0,0.0,0.0,0.0,8609.377563883616,1402.34944775996,1.0,0.0,0.0,0.0
68,proper_scoring,node-004,0.0,0.0,0.0,0.0,0.0,0.0,0.0,0.0,8609.377563883616,1402.34944775996,1.0,0.0,0.0,0.0
68,proper_scoring,node-005,0.0,0.0,0.0,0.0,0.0,0.0,0.0,0.0,8609.377563883616,1402.34944775996,1.0,0.0,0.0,0.0
68,proper_scoring,node-006,34.8769942392026,0.0,313.9673712808385,34876.9942392026,0.0,313967.3712808385,0.0,0.0,8609.377563883616,1402.34944775996,1.0,-493.30010395691306,0.0,0.0
68,proper_scoring,node-007,0.0,0.0,0.0,0.0,0.0,0.0,0.0,0.0,8609.377563883616,1402.34944775996,1.0,0.0,0.0,0.0
68,proper_scoring,node-008,128.51036138363202,268.6047928151322,474.2028038963717,128510.36138363201,268604.7928151322,474202.8038963717,0.0,0.0,8609.377563883616,1402.34944775996,1.0,-379.4863186070121,0.0,0.0
68,proper_scoring,node-009,0.0,0.0,0.0,0.0,0.0,0.0,0.0,0.0,8609.377563883616,1402.34944775996,1.0,-405.9120583309877,0.0,0.0
68,proper_scoring,node-010,0.0,0.0,0.0,0.0,0.0,0.0,0.0,0.0,8609.377563883616,1402.34944775996,1.0,0.0,0.0,0.0
68,proper_scoring,node-011,88.22191793284907,0.002951364906607523,88.22929634511559,0.17060977846374015,5.707557993300877e-06,0.1706240473587234,305.69725382255467,517.0976641974771,8609.377563883616,1402.34944775996,1.0,-729.9910531518735,-31.710061556238372,-305.69725382255467
68,proper_scoring,node-012,51.53453384453405,315.46071924926423,347.4688917970591,0.05821454957949449,0.35635140770885393,0.39250854756683384,752.847063744437,885.2517835624823,8609.377563883616,1402.34944775996,1.0,-997.0407543393741,31.87440818024379,-573.2971670618425
68,proper_scoring,node-013,0.0,0.0,0.0,0.0,0.0,0.0,0.0,0.0,8609.377563883616,1402.34944775996,1.0,0.0,0.0,0.0
68,proper_scoring,node-014,0.0,0.0,0.0,0.0,0.0,0.0,0.0,0.0,8609.377563883616,1402.34944775996,1.0,0.0,0.0,0.0
68,proper_scoring,node-015,0.0,0.0,0.0,0.0,0.0,0.0,0.0,0.0,8609.377563883616,1402.34944775996,1.0,0.0,0.0,0.0
68,proper_scoring,node-016,0.0,0.0,191.31228745224067,0.0,0.0,191312.28745224065,0.0,0.0,8609.377563883616,1402.34944775996,1.0,-394.8624312284105,0.0,0.0
68,proper_scoring,node-017,0.0,0.0,230.9543675163912,0.0,0.0,230954.36751639118,0.0,0.0,8609.377563883616,1402.34944775996,1.0,-428.3652291278807,0.0,0.0
68,proper_scoring,node-018,0.0,475.6192662223603,556.3952175082206,0.0,475619.2662223603,556395.2175082206,0.0,0.0,8609.377563883616,1402.34944775996,1.0,-247.48453892108077,0.0,0.0
68,proper_scoring,node-019,0.0,0.0,269.8803146717598,0.0,0.0,269880.3146717598,0.0,0.0,8609.377563883616,1402.34944775996,1.0,-314.66717267440634,0.0,0.0
68,proper_scoring,node-020,157.35621246977033,224.06554284245556,317.93417492964613,157356.2124697703,224065.54284245556,317934.17492964613,0.0,0.0,8609.377563883616,1402.34944775996,1.0,-418.19309036032723,0.0,0.0
68,proper_scoring,node-021,0.0,0.0,143.53620261262256,0.0,0.0,143536.20261262255,0.0,0.0,8609.377563883616,1402.34944775996,1.0,-269.33234754611107,0.0,0.0
68,proper_scoring,node-022,0.0,0.0,0.0,0.0,0.0,0.0,0.0,0.0,8609.377563883616,1402.34944775996,1.0,0.0,0.0,0.0
68,proper_scoring,node-023,0.0,0.0,0.0,0.0,0.0,0.0,0.0,0.0,8609.377563883616,1402.34944775996,1.0,0.0,0.0,0.0
68,proper_scoring,node-024,0.0,0.0,28.53152504214208,0.0,0.0,28531.52504214208,0.0,0.0,8609.377563883616,1402.34944775996,1.0,-71.46847495785792,0.0,0.0
68,proper_scoring,node-025,0.0,0.0,0.0,0.0,0.0,0.0,0.0,0.0,8609.377563883616,1402.34944775996,1.0,0.0,0.0,0.0
68,proper_scoring,node-026,0.0,0.0,0.0,0.0,0.0,0.0,0.0,0.0,8609.377563883616,1402.34944775996,1.0,0.0,0.0,0.0
68,proper_scoring,node-027,0.0,0.0,0.0,0.0,0.0,0.0,0.0,0.0,8609.377563883616,1402.34944775996,1.0,0.0,0.0,0.0
68,proper_scoring,node-028,0.0,0.0,0.0,0.0,0.0,0.0,0.0,0.0,8609.377563883616,1402.34944775996,1.0,0.0,0.0,0.0
68,proper_scoring,node-029,0.0,0.0,0.0,0.0,0.0,0.0,0.0,0.0,8609.377563883616,1402.34944775996,1.0,0.0,0.0,0.0
68,audits,node-000,0.0,0.0,0.0,0.0,0.0,0.0,0.0,0.0,8609.377563883616,1402.34944775996,1.0,0.0,0.0,372.592285370311
68,audits,node-001,372.592285370311,438.80379529215475,488.1823506393689,372592.285370311,438803.7952921547,488182.3506393689,0.0,0.0,8609.377563883616,1402.34944775996,1.0,-1099.6364393395372,0.0,0.0
68,audits,node-002,0.0,0.0,0.0,0.0,0.0,0.0,0.0,0.0,8609.377563883616,1402.34944775996,1.0,0.0,0.0,0.0
68,audits,node-003,0.0,0.0,0.0,0.0,0.0,0.0,0.0,0.0,8609.377563883616,1402.34944775996,1.0,0.0,0.0,0.0
68,audits,node-004,0.0,0.0,0.0,0.0,0.0,0.0,0.0,0.0,8609.377563883616,1402.34944775996,1.0,0.0,0.0,0.0
68,audits,node-005,0.0,0.0,0.0,0.0,0.0,0.0,0.0,0.0,8609.377563883616,1402.34944775996,1.0,0.0,0.0,0.0
68,audits,node-006,34.8769942392026,0.0,313.9673712808385,34876.9942392026,0.0,313967.3712808385,0.0,0.0,8609.377563883616,1402.34944775996,1.0,-1086.0326287191615,0.0,0.0
68,audits,node-007,0.0,0.0,0.0,0.0,0.0,0.0,0.0,0.0,8609.377563883616,1402.34944775996,1.0,0.0,0.0,0.0
68,audits,node-008,128.51036138363202,228.42710706003515,228.42710706003515,128510.36138363201,228427.10706003514,228427.10706003514,0.0,0.0,8609.377563883616,1402.34944775996,1.0,-2962.953074360785,0.0,0.0
68,audits,node-009,0.0,0.0,0.0,0.0,0.0,0.0,0.0,0.0,8609.377563883616,1402.34944775996,1.0,-920.9981631836342,0.0,0.0
68,audits,node-010,0.0,0.0,0.0,0.0,0.0,0.0,0.0,0.0,8609.377563883616,1402.34944775996,1.0,0.0,0.0,0.0
68,audits,node-011,88.22191793284907,0.002951364906607523,88.22929634511559,0.17060977846374015,5.707557993300877e-06,0.1706240473587234,305.69725382255467,517.0976641974771,8609.377563883616,1402.34944775996,1.0,-1411.7707036548845,-31.710061556238372,-305.69725382255467
68,audits,node-012,51.53453384453405,315.46071924926423,347.4688917970591,0.05821454957949449,0.35635140770885393,0.39250854756683384,752.847063744437,885.2517835624823,8609.377563883616,1402.34944775996,1.0,-3813.8954863931717,31.87440818024379,-573.2971670618425
68,audits,node-013,0.0,0.0,0.0,0.0,0.0,0.0,0.0,0.0,8609.377563883616,1402.34944775996,1.0,0.0,0.0,0.0
68,audits,node-014,0.0,0.0,0.0,0.0,0.0,0.0,0.0,0.0,8609.377563883616,1402.34944775996,1.0,0.0,0.0,0.0
68,audits,node-015,0.0,0.0,0.0,0.0,0.0,0.0,0.0,0.0,8609.377563883616,1402.34944775996,1.0,0.0,0.0,0.0
68,audits,node-016,0.0,0.0,191.31228745224067,0.0,0.0,191312.28745224065,0.0,0.0,8609.377563883616,1402.34944775996,1.0,-908.6877125477592,0.0,0.0
68,audits,node-017,0.0,0.0,230.9543675163912,0.0,0.0,230954.36751639118,0.0,0.0,8609.377563883616,1402.34944775996,1.0,-969.0456324836089,0.0,0.0
68,audits,node-018,0.0,423.74226946054034,516.5489715559456,0.0,423742.2694605403,516548.97155594564,0.0,0.0,8609.377563883616,1402.34944775996,1.0,-1061.8711347302701,0.0,0.0
68,audits,node-019,0.0,0.0,269.8803146717598,0.0,0.0,269880.3146717598,0.0,0.0,8609.377563883616,1402.34944775996,1.0,-430.11968532824017,0.0,0.0
68,audits,node-020,144.6805849438346,224.06554284245556,295.4517274099182,144680.58494383458,224065.54284245556,295451.7274099182,0.0,0.0,8609.377563883616,1402.34944775996,1.0,-1104.548272590082,0.0,0.0
68,audits,node-021,0.0,0.0,136.0536719628241,0.0,0.0,136053.6719628241,0.0,0.0,8609.377563883616,1402.34944775996,1.0,-334.4866607154079,0.0,0.0
68,audits,node-022,0.0,0.0,0.0,0.0,0.0,0.0,0.0,0.0,8609.377563883616,1402.34944775996,1.0,0.0,0.0,0.0
68,audits,node-023,0.0,0.0,0.0,0.0,0.0,0.0,0.0,0.0,8609.377563883616,1402.34944775996,1.0,0.0,0.0,0.0
68,audits,node-024,0.0,0.0,28.53152504214208,0.0,0.0,28531.52504214208,0.0,0.0,8609.377563883616,1402.34944775996,1.0,-71.46847495785792,0.0,0.0
68,audits,node-025,0.0,0.0,0.0,0.0,0.0,0.0,0.0,0.0,8609.377563883616,1402.34944775996,1.0,0.0,0.0,0.0
68,audits,node-026,0.0,0.0,0.0,0.0,0.0,0.0,0.0,0.0,8609.377563883616,1402.34944775996,1.0,0.0,0.0,0.0
68,audits,node-027,0.0,0.0,0.0,0.0,0.0,0.0,0.0,0.0,8609.377563883616,1402.34944775996,1.0,0.0,0.0,0.0
68,audits,node-028,0.0,0.0,0.0,0.0,0.0,0.0,0.0,0.0,8609.377563883616,1402.34944775996,1.0,0.0,0.0,0.0
68,audits,node-029,0.0,0.0,0.0,0.0,0.0,0.0,0.0,0.0,8609.377563883616,1402.34944775996,1.0,0.0,0.0,0.0
66,greedy,node-000,0.0,0.0,0.0,0.0,0.0,0.0,0.0,0.0,8246.733261165811,216.73744024958307,0.9,0.0,0.0,0.0
66,greedy,node-001,0.0,0.0,0.0,0.0,0.0,0.0,0.0,0.0,8246.733261165811,216.73744024958307,0.9,0.0,0.0,0.0
66,greedy,node-002,0.0,0.0,0.0,0.0,0.0,0.0,0.0,0.0,8246.733261165811,216.73744024958307,0.9,0.0,0.0,0.0
66,greedy,node-003,0.0,0.0,0.0,0.0,0.0,0.0,0.0,0.0,8246.733261165811,216.73744024958307,0.9,-50.47574614648409,0.0,0.0
66,greedy,node-004,0.0,0.0,0.0,0.0,0.0,0.0,0.0,0.0,8246.733261165811,216.73744024958307,0.9,-37.54371392918116,0.0,0.0
66,greedy,node-005,0.0,0.0,0.0,0.0,0.0,0.0,0.0,0.0,8246.733261165811,216.73744024958307,0.9,0.0,0.0,0.0
66,greedy,node-006,0.0,0.0,0.0,0.0,0.0,0.0,0.0,0.0,8246.733261165811,216.73744024958307,0.9,0.0,0.0,0.0
66,greedy,node-007,0.0,0.0,0.0,0.0,0.0,0.0,0.0,0.0,8246.733261165811,216.73744024958307,0.9,0.0,0.0,0.0
66,greedy,node-008,0.0,0.0,0.0,0.0,0.0,0.0,0.0,0.0,8246.733261165811,216.73744024958307,0.9,-17.974703823994815,0.0,0.0
66,greedy,node-009,0.0,0.0,0.0,0.0,0.0,0.0,0.0,0.0,8246.733261165811,216.73744024958307,0.9,0.0,0.0,0.0
66,greedy,node-010,0.0,0.0,0.0,0.0,0.0,0.0,0.0,0.0,8246.733261165811,216.73744024958307,0.9,0.0,0.0,0.0
66,greedy,node-011,19.164416750959987,0.0,19.164416750959987,0.14006598130997733,0.0,0.14006598130997733,45.60806883471007,136.82420650413025,8246.733261165811,216.73744024958307,0.9,-84.77423080875194,-9.723711491590826,-45.60806883471007
66,greedy,node-012,0.0,0.0,0.0,0.0,0.0,0.0,0.0,0.0,8246.733261165811,216.73744024958307,0.9,0.0,0.0,0.0
66,greedy,node-013,0.0,0.0,0.0,0.0,0.0,0.0,0.0,0.0,8246.733261165811,216.73744024958307,0.9,0.0,0.0,0.0
66,greedy,node-014,0.0,0.0,0.0,0.0,0.0,0.0,0.0,0.0,8246.733261165811,216.73744024958307,0.9,0.0,0.0,0.0
66,greedy,node-015,0.0,0.0,0.0,0.0,0.0,0.0,0.0,0.0,8246.733261165811,216.73744024958307,0.9,0.0,0.0,0.0
66,greedy,node-016,0.0,0.0,0.0,0.0,0.0,0.0,0.0,0.0,8246.733261165811,216.73744024958307,0.9,-48.991814066918835,0.0,0.0
66,greedy,node-017,0.0,0.0,0.0,0.0,0.0,0.0,0.0,0.0,8246.733261165811,216.73744024958307,0.9,0.0,0.0,0.0
66,greedy,node-018,0.0,0.0,0.0,0.0,0.0,0.0,0.0,0.0,8246.733261165811,216.73744024958307,0.9,0.0,0.0,0.0
66,greedy,node-019,0.0,0.0,0.0,0.0,0.0,0.0,0.0,0.0,8246.733261165811,216.73744024958307,0.9,0.0,0.0,0.0
66,greedy,node-020,0.0,0.0,0.0,0.0,0.0,0.0,0.0,0.0,8246.733261165811,216.73744024958307,0.9,0.0,0.0,0.0
66,greedy,node-021,0.7417947874434123,0.0,0.7417947874434123,741.7947874434122,0.0,741.7947874434122,0.0,0.0,8246.733261165811,216.73744024958307,0.9,-16.898331843301285,0.0,0.0
66,greedy,node-022,0.0,0.0,0.0,0.0,0.0,0.0,26.63774458181761,79.91323374545283,8246.733261165811,216.73744024958307,0.9,-74.80368172296564,-7.991323374545278,-26.63774458181761
66,greedy,node-023,0.0,0.0,0.0,0.0,0.0,0.0,0.0,0.0,8246.733261165811,216.73744024958307,0.9,0.0,0.0,0.0
66,greedy,node-024,0.0,0.0,0.0,0.0,0.0,0.0,0.0,0.0,8246.733261165811,216.73744024958307,0.9,0.0,0.0,0.0
66,greedy,node-025,0.0,0.0,0.0,0.0,0.0,0.0,0.0,0.0,8246.733261165811,216.73744024958307,0.9,0.0,0.0,0.0
66,greedy,node-026,0.0,0.0,0.0,0.0,0.0,0.0,0.0,0.0,8246.733261165811,216.73744024958307,0.9,0.0,0.0,0.0
66,greedy,node-027,0.0,0.0,0.0,0.0,0.0,0.0,0.0,0.0,8246.733261165811,216.73744024958307,0.9,0.0,0.0,0.0
66,greedy,node-028,0.0,0.0,0.0,0.0,0.0,0.0,0.0,0.0,8246.733261165811,216.73744024958307,0.9,0.0,0.0,0.0
66,greedy,node-029,0.0,0.0,0.0,0.0,0.0,0.0,0.0,0.0,8246.733261165811,216.73744024958307,0.9,-17.893342347859438,0.0,0.0
66,trust_vcg,node-000,60.67626400053628,0.0,94.94462975974568,60676.26400053628,0.0,94944.62975974567,0.0,0.0,8632.084006510642,629.851105910252,0.95,-1705.055370240254,0.0,0.0
66,trust_vcg,node-001,0.0,0.0,0.0,0.0,0.0,0.0,0.0,0.0,8632.084006510642,629.851105910252,0.95,0.0,0.0,60.67626400053628
66,trust_vcg,node-002,0.0,0.0,0.0,0.0,0.0,0.0,0.0,0.0,8632.084006510642,629.851105910252,0.95,0.0,0.0,60.67626400053628
66,trust_vcg,node-003,0.0,0.0,92.32558218828873,0.0,0.0,92325.58218828874,0.0,0.0,8632.084006510642,629.851105910252,0.95,-11058.940862584142,0.0,60.67626400053628
66,trust_vcg,node-004,0.0,0.0,154.14902584061454,0.0,0.0,154149.02584061454,0.0,0.0,8632.084006510642,629.851105910252,0.95,-5448.214504936729,0.0,60.67626400053628
66,trust_vcg,node-005,0.0,0.0,0.0,0.0,0.0,0.0,0.0,0.0,8632.084006510642,629.851105910252,0.95,0.0,0.0,60.67626400053628
66,trust_vcg,node-006,0.0,0.0,0.0,0.0,0.0,0.0,0.0,0.0,8632.084006510642,629.851105910252,0.95,0.0,0.0,60.67626400053628
66,trust_vcg,node-007,0.0,0.0,0.0,0.0,0.0,0.0,0.0,0.0,8632.084006510642,629.851105910252,0.95,-2265.0423841005054,0.0,60.67626400053628
66,trust_vcg,node-008,473.980433390211,0.0,473.980433390211,473980.43339021096,0.0,473980.43339021096,0.0,0.0,8632.084006510642,629.851105910252,0.95,-11120.10467001372,0.0,60.67626400053628
66,trust_vcg,node-009,0.0,0.0,0.0,0.0,0.0,0.0,0.0,0.0,8632.084006510642,629.851105910252,0.95,0.0,0.0,60.67626400053628
66,trust_vcg,node-010,0.0,0.0,0.0,0.0,0.0,0.0,0.0,0.0,8632.084006510642,629.851105910252,0.95,0.0,0.0,60.67626400053628
66,trust_vcg,node-011,392.8719537218735,45.46089170022256,392.8719537218735,2.4954141562344208,0.28875502979804374,2.4954141562344208,90.76676862462725,157.4375751377147,8632.084006510642,629.851105910252,0.95,-11129.93293059867,-545.2691649223468,-30.09050462409097
66,trust_vcg,node-012,0.0,0.0,0.0,0.0,0.0,0.0,0.0,0.0,8632.084006510642,629.851105910252,0.95,0.0,0.0,60.67626400053628
66,trust_vcg,node-013,0.0,0.0,0.0,0.0,0.0,0.0,0.0,0.0,8632.084006510642,629.851105910252,0.95,0.0,0.0,60.67626400053628
66,trust_vcg,node-014,0.0,0.0,0.0,0.0,0.0,0.0,0.0,0.0,8632.084006510642,629.851105910252,0.95,0.0,0.0,60.67626400053628
66,trust_vcg,node-015,0.0,0.0,0.0,0.0,0.0,0.0,0.0,0.0,8632.084006510642,629.851105910252,0.95,0.0,0.0,60.67626400053628
66,trust_vcg,node-016,43.560044745767215,0.0,87.09246518177906,43560.04474576721,0.0,87092.46518177906,0.0,0.0,8632.084006510642,629.851105910252,0.95,-10981.10801261194,0.0,60.67626400053628
66,trust_vcg,node-017,0.0,0.0,0.0,0.0,0.0,0.0,0.0,0.0,8632.084006510642,629.851105910252,0.95,-5047.0720327274485,0.0,60.67626400053628
66,trust_vcg,node-018,0.0,0.0,0.0,0.0,0.0,0.0,0.0,0.0,8632.084006510642,629.851105910252,0.95,0.0,0.0,60.67626400053628
66,trust_vcg,node-019,0.0,0.0,0.0,0.0,0.0,0.0,0.0,0.0,8632.084006510642,629.851105910252,0.95,0.0,0.0,60.67626400053628
66,trust_vcg,node-020,0.0,0.0,0.0,0.0,0.0,0.0,0.0,0.0,8632.084006510642,629.851105910252,0.95,0.0,0.0,60.67626400053628
66,trust_vcg,node-021,0.0,0.0,0.0,0.0,0.0,0.0,0.0,0.0,8632.084006510642,629.851105910252,0.95,-3838.6122127343688,0.0,60.67626400053628
66,trust_vcg,node-022,121.76535939943386,165.14608201075572,165.14608201075572,0.2577516338287583,0.34957949180814646,0.34957949180814646,389.7866180656309,472.41353077253723,8632.084006510642,629.851105910252,0.95,-5917.252968103823,93.58256240482461,-257.817123688984
66,trust_vcg,node-023,0.0,0.0,30.236213352454925,0.0,0.0,30236.213352454924,0.0,0.0,8632.084006510642,629.851105910252,0.95,-566.9794075655982,0.0,60.67626400053628
66,trust_vcg,node-024,0.0,0.0,58.44782969759943,0.0,0.0,58447.82969759943,0.0,0.0,8632.084006510642,629.851105910252,0.95,-1141.5521703024006,0.0,60.67626400053628
66,trust_vcg,node-025,0.0,0.0,0.0,0.0,0.0,0.0,0.0,0.0,8632.084006510642,629.851105910252,0.95,-3275.3545308938906,0.0,60.67626400053628
66,trust_vcg,node-026,0.0,0.0,0.0,0.0,0.0,0.0,0.0,0.0,8632.084006510642,629.851105910252,0.95,0.0,0.0,60.67626400053628
66,trust_vcg,node-027,0.0,0.0,0.0,0.0,0.0,0.0,0.0,0.0,8632.084006510642,629.851105910252,0.95,-5571.808066015967,0.0,60.67626400053628
66,trust_vcg,node-028,0.0,0.0,34.06372796923037,0.0,0.0,34063.72796923037,0.0,0.0,8632.084006510642,629.851105910252,0.95,-560.9478421918387,0.0,60.67626400053628
66,trust_vcg,node-029,86.45727781191269,0.0,86.45727781191269,86457.27781191269,0.0,86457.27781191269,0.0,0.0,8632.084006510642,629.851105910252,0.95,-9868.643011222974,0.0,60.67626400053628
66,contingent,node-000,0.0,0.0,0.0,0.0,0.0,0.0,0.0,0.0,8632.084006510642,214.68583691024955,0.95,-220.22148096101728,0.0,0.0
66,contingent,node-001,0.0,0.0,0.0,0.0,0.0,0.0,0.0,0.0,8632.084006510642,214.68583691024955,0.95,0.0,0.0,-39.31562250524912
66,contingent,node-002,0.0,0.0,0.0,0.0,0.0,0.0,0.0,0.0,8632.084006510642,214.68583691024955,0.95,0.0,0.0,-39.31562250524912
66,contingent,node-003,0.0,67.98192102548617,118.47252745063881,0.0,67981.92102548617,118472.52745063881,0.0,0.0,8632.084006510642,214.68583691024955,0.95,-235.76345033656736,0.0,-39.31562250524912
66,contingent,node-004,0.0,0.0,4.775827141133172,0.0,0.0,4775.8271411331725,0.0,0.0,8632.084006510642,214.68583691024955,0.95,-150.17485571672464,0.0,-39.31562250524912
66,contingent,node-005,0.0,0.0,0.0,0.0,0.0,0.0,0.0,0.0,8632.084006510642,214.68583691024955,0.95,0.0,0.0,-39.31562250524912
66,contingent,node-006,0.0,0.0,0.0,0.0,0.0,0.0,0.0,0.0,8632.084006510642,214.68583691024955,0.95,0.0,0.0,-39.31562250524912
66,contingent,node-007,0.0,0.0,0.0,0.0,0.0,0.0,0.0,0.0,8632.084006510642,214.68583691024955,0.95,-260.16953640202274,0.0,-39.31562250524912
66,contingent,node-008,0.0,0.0,0.0,0.0,0.0,0.0,0.0,0.0,8632.084006510642,214.68583691024955,0.95,-480.4186800548847,0.0,-39.31562250524912
66,contingent,node-009,0.0,0.0,0.0,0.0,0.0,0.0,0.0,0.0,8632.084006510642,214.68583691024955,0.95,0.0,0.0,-39.31562250524912
66,contingent,node-010,0.0,0.0,0.0,0.0,0.0,0.0,0.0,0.0,8632.084006510642,214.68583691024955,0.95,0.0,0.0,-39.31562250524912
66,contingent,node-011,13.10847005858227,33.964583742879746,154.63860505569045,0.14445316520122115,0.37428407773557915,1.7040917714093622,24.07466133680252,90.74546784989005,8632.084006510642,214.68583691024955,0.95,-180.73930923297002,-16.429438084095825,-63.39028384205164
66,contingent,node-012,0.0,0.0,0.0,0.0,0.0,0.0,0.0,0.0,8632.084006510642,214.68583691024955,0.95,0.0,0.0,-39.31562250524912
66,contingent,node-013,0.0,0.0,0.0,0.0,0.0,0.0,0.0,0.0,8632.084006510642,214.68583691024955,0.95,0.0,0.0,-39.31562250524912
66,contingent,node-014,0.0,0.0,0.0,0.0,0.0,0.0,0.0,0.0,8632.084006510642,214.68583691024955,0.95,0.0,0.0,-39.31562250524912
66,contingent,node-015,0.0,0.0,0.0,0.0,0.0,0.0,0.0,0.0,8632.084006510642,214.68583691024955,0.95,0.0,0.0,-39.31562250524912
66,contingent,node-016,0.0,1.9350733142017624,1.9350733142017624,0.0,1935.0733142017623,1935.0733142017623,0.0,0.0,8632.084006510642,214.68583691024955,0.95,-228.42045237434624,0.0,-39.31562250524912
66,contingent,node-017,0.0,0.0,0.0,0.0,0.0,0.0,0.0,0.0,8632.084006510642,214.68583691024955,0.95,-388.2881309097911,0.0,-39.31562250524912
66,contingent,node-018,0.0,0.0,0.0,0.0,0.0,0.0,0.0,0.0,8632.084006510642,214.68583691024955,0.95,0.0,0.0,-39.31562250524912
66,contingent,node-019,0.0,0.0,0.0,0.0,0.0,0.0,0.0,0.0,8632.084006510642,214.68583691024955,0.95,0.0,0.0,-39.31562250524912
66,contingent,node-020,0.0,0.0,0.0,0.0,0.0,0.0,0.0,0.0,8632.084006510642,214.68583691024955,0.95,0.0,0.0,-39.31562250524912
66,contingent,node-021,0.0,0.0,0.0,0.0,0.0,0.0,0.0,0.0,8632.084006510642,214.68583691024955,0.95,-119.15405684559694,0.0,-39.31562250524912
66,contingent,node-022,11.361030936000816,13.61924372293349,105.08741575549925,0.09166529857973837,0.1098854539984536,0.8478869036150866,41.31345635345315,123.94036906035944,8632.084006510642,214.68583691024955,0.95,-151.17885650622642,-5.981198084369048,-109.32773498837703
66,contingent,node-023,0.0,0.0,0.0,0.0,0.0,0.0,0.0,0.0,8632.084006510642,214.68583691024955,0.95,-78.97761892146045,0.0,-39.31562250524912
66,contingent,node-024,0.0,0.0,0.0,0.0,0.0,0.0,0.0,0.0,8632.084006510642,214.68583691024955,0.95,-166.20868120960228,0.0,-39.31562250524912
66,contingent,node-025,0.0,0.0,0.0,0.0,0.0,0.0,0.0,0.0,8632.084006510642,214.68583691024955,0.95,-102.23510393023068,0.0,-39.31562250524912
66,contingent,node-026,0.0,0.0,0.0,0.0,0.0,0.0,0.0,0.0,8632.084006510642,214.68583691024955,0.95,0.0,0.0,-39.31562250524912
66,contingent,node-027,0.0,0.0,0.0,0.0,0.0,0.0,0.0,0.0,8632.084006510642,214.68583691024955,0.95,-287.2322640638679,0.0,-39.31562250524912
66,contingent,node-028,0.0,0.0,0.0,0.0,0.0,0.0,0.0,0.0,8632.084006510642,214.68583691024955,0.95,-63.49624380049916,0.0,-39.31562250524912
66,contingent,node-029,0.0,0.0,0.0,0.0,0.0,0.0,0.0,0.0,8632.084006510642,214.68583691024955,0.95,-244.77822994325982,0.0,-39.31562250524912
66,capped,node-000,0.0,0.0,0.0,0.0,0.0,0.0,0.0,0.0,8632.084006510642,223.94657882999078,0.95,-55.05537024025433,0.0,0.0
66,capped,node-001,0.0,0.0,0.0,0.0,0.0,0.0,0.0,0.0,8632.084006510642,223.94657882999078,0.95,0.0,0.0,-39.31562250524912
66,capped,node-002,0.0,0.0,0.0,0.0,0.0,0.0,0.0,0.0,8632.084006510642,223.94657882999078,0.95,0.0,0.0,-39.31562250524912
66,capped,node-003,0.0,83.1330341803464,137.4114188942141,0.0,83133.0341803464,137411.41889421412,0.0,0.0,8632.084006510642,223.94657882999078,0.95,-58.94086258414185,0.0,-39.31562250524912
66,capped,node-004,0.0,0.0,4.775827141133172,0.0,0.0,4775.8271411331725,0.0,0.0,8632.084006510642,223.94657882999078,0.95,-37.54371392918116,0.0,-39.31562250524912
66,capped,node-005,0.0,0.0,0.0,0.0,0.0,0.0,0.0,0.0,8632.084006510642,223.94657882999078,0.95,0.0,0.0,-39.31562250524912
66,capped,node-006,0.0,0.0,0.0,0.0,0.0,0.0,0.0,0.0,8632.084006510642,223.94657882999078,0.95,0.0,0.0,-39.31562250524912
66,capped,node-007,0.0,0.0,0.0,0.0,0.0,0.0,0.0,0.0,8632.084006510642,223.94657882999078,0.95,-65.04238410050569,0.0,-39.31562250524912
66,capped,node-008,0.0,0.0,0.0,0.0,0.0,0.0,0.0,0.0,8632.084006510642,223.94657882999078,0.95,-120.10467001372115,0.0,-39.31562250524912
66,capped,node-009,0.0,0.0,0.0,0.0,0.0,0.0,0.0,0.0,8632.084006510642,223.94657882999078,0.95,0.0,0.0,-39.31562250524912
66,capped,node-010,0.0,0.0,0.0,0.0,0.0,0.0,0.0,0.0,8632.084006510642,223.94657882999078,0.95,0.0,0.0,-39.31562250524912
66,capped,node-011,3.8477281388410205,44.99692069153997,185.96402087275212,0.03847489218623955,0.44994126659926775,1.859524736525146,33.33540325654377,100.0062097696313,8632.084006510642,223.94657882999078,0.95,-72.50156523058564,-7.426409022275749,-72.65102576179288
66,capped,node-012,0.0,0.0,0.0,0.0,0.0,0.0,0.0,0.0,8632.084006510642,223.94657882999078,0.95,0.0,0.0,-39.31562250524912
66,capped,node-013,0.0,0.0,0.0,0.0,0.0,0.0,0.0,0.0,8632.084006510642,223.94657882999078,0.95,0.0,0.0,-39.31562250524912
66,capped,node-014,0.0,0.0,0.0,0.0,0.0,0.0,0.0,0.0,8632.084006510642,223.94657882999078,0.95,0.0,0.0,-39.31562250524912
66,capped,node-015,0.0,0.0,0.0,0.0,0.0,0.0,0.0,0.0,8632.084006510642,223.94657882999078,0.95,0.0,0.0,-39.31562250524912
66,capped,node-016,0.0,80.15726923667786,80.15726923667786,0.0,80157.26923667786,80157.26923667786,0.0,0.0,8632.084006510642,223.94657882999078,0.95,-57.10511309358656,0.0,-39.31562250524912
66,capped,node-017,0.0,0.0,0.0,0.0,0.0,0.0,0.0,0.0,8632.084006510642,223.94657882999078,0.95,-97.07203272744778,0.0,-39.31562250524912
66,capped,node-018,0.0,0.0,0.0,0.0,0.0,0.0,0.0,0.0,8632.084006510642,223.94657882999078,0.95,0.0,0.0,-39.31562250524912
66,capped,node-019,0.0,0.0,0.0,0.0,0.0,0.0,0.0,0.0,8632.084006510642,223.94657882999078,0.95,0.0,0.0,-39.31562250524912
66,capped,node-020,0.0,0.0,0.0,0.0,0.0,0.0,0.0,0.0,8632.084006510642,223.94657882999078,0.95,0.0,0.0,-39.31562250524912
66,capped,node-021,0.0,0.0,0.0,0.0,0.0,0.0,0.0,0.0,8632.084006510642,223.94657882999078,0.95,-29.78851421139923,0.0,-39.31562250524912
66,capped,node-022,11.361030936000816,13.61924372293349,105.08741575549925,0.09166529857973837,0.1098854539984536,0.8478869036150866,41.31345635345315,123.94036906035944,8632.084006510642,223.94657882999078,0.95,-68.77980639164647,-5.981198084369048,-109.32773498837703
66,capped,node-023,0.0,0.0,0.0,0.0,0.0,0.0,0.0,0.0,8632.084006510642,223.94657882999078,0.95,-19.744404730365112,0.0,-39.31562250524912
66,capped,node-024,0.0,0.0,0.0,0.0,0.0,0.0,0.0,0.0,8632.084006510642,223.94657882999078,0.95,-41.55217030240057,0.0,-39.31562250524912
66,capped,node-025,0.0,0.0,0.0,0.0,0.0,0.0,0.0,0.0,8632.084006510642,223.94657882999078,0.95,-25.55877598255767,0.0,-39.31562250524912
66,capped,node-026,0.0,0.0,0.0,0.0,0.0,0.0,0.0,0.0,8632.084006510642,223.94657882999078,0.95,0.0,0.0,-39.31562250524912
66,capped,node-027,0.0,0.0,26.23165412500352,0.0,0.0,26231.65412500352,0.0,0.0,8632.084006510642,223.94657882999078,0.95,-71.80806601596697,0.0,-39.31562250524912
66,capped,node-028,0.0,0.0,0.0,0.0,0.0,0.0,0.0,0.0,8632.084006510642,223.94657882999078,0.95,-15.874060950124786,0.0,-39.31562250524912
66,capped,node-029,0.0,0.0,8.946671173929722,0.0,0.0,8946.671173929722,0.0,0.0,8632.084006510642,223.94657882999078,0.95,-61.19455748581495,0.0,-39.31562250524912
66,proper_scoring,node-000,60.67626400053628,0.0,94.94462975974568,60676.26400053628,0.0,94944.62975974567,0.0,0.0,8632.084006510642,1158.4331198905818,0.95,-202.27461344526995,0.0,0.0
66,proper_scoring,node-001,0.0,0.0,0.0,0.0,0.0,0.0,0.0,0.0,8632.084006510642,1158.4331198905818,0.95,0.0,0.0,60.67626400053628
66,proper_scoring,node-002,0.0,0.0,0.0,0.0,0.0,0.0,0.0,0.0,8632.084006510642,1158.4331198905818,0.95,0.0,0.0,60.67626400053628
66,proper_scoring,node-003,593.0216063790019,517.9819210254861,801.4968782781418,593021.6063790019,517981.92102548614,801496.8782781418,0.0,0.0,8632.084006510642,1158.4331198905818,0.95,-235.76345033656736,0.0,60.67626400053628
66,proper_scoring,node-004,0.0,0.0,273.5983474130288,0.0,0.0,273598.3474130288,0.0,0.0,8632.084006510642,1158.4331198905818,0.95,-150.17485571672464,0.0,60.67626400053628
66,proper_scoring,node-005,0.0,0.0,0.0,0.0,0.0,0.0,0.0,0.0,8632.084006510642,1158.4331198905818,0.95,0.0,0.0,60.67626400053628
66,proper_scoring,node-006,0.0,0.0,0.0,0.0,0.0,0.0,0.0,0.0,8632.084006510642,1158.4331198905818,0.95,0.0,0.0,60.67626400053628
66,proper_scoring,node-007,0.0,0.0,34.957615899494314,0.0,0.0,34957.61589949431,0.0,0.0,8632.084006510642,1158.4331198905818,0.95,-246.8175571758593,0.0,60.67626400053628
66,proper_scoring,node-008,473.980433390211,0.0,725.0438714400045,473980.43339021096,0.0,725043.8714400046,0.0,0.0,8632.084006510642,1158.4331198905818,0.95,-460.13095544125383,0.0,60.67626400053628
66,proper_scoring,node-009,0.0,0.0,0.0,0.0,0.0,0.0,0.0,0.0,8632.084006510642,1158.4331198905818,0.95,0.0,0.0,60.67626400053628
66,proper_scoring,node-010,0.0,0.0,0.0,0.0,0.0,0.0,0.0,0.0,8632.084006510642,1158.4331198905818,0.95,0.0,0.0,60.67626400053628
66,proper_scoring,node-011,88.96564572952173,338.690462474725,392.3664357186875,0.12968382702292375,0.49370377733695575,0.5719464020307623,619.3487826049571,686.0195891180447,8632.084006510642,1158.4331198905818,0.95,-776.0134305011246,-16.429438084095864,-558.6725186044208
66,proper_scoring,node-012,0.0,0.0,0.0,0.0,0.0,0.0,0.0,0.0,8632.084006510642,1158.4331198905818,0.95,0.0,0.0,60.67626400053628
66,proper_scoring,node-013,0.0,0.0,0.0,0.0,0.0,0.0,0.0,0.0,8632.084006510642,1158.4331198905818,0.95,0.0,0.0,60.67626400053628
66,proper_scoring,node-014,0.0,0.0,0.0,0.0,0.0,0.0,0.0,0.0,8632.084006510642,1158.4331198905818,0.95,0.0,0.0,60.67626400053628
66,proper_scoring,node-015,0.0,0.0,0.0,0.0,0.0,0.0,0.0,0.0,8632.084006510642,1158.4331198905818,0.95,0.0,0.0,60.67626400053628
66,proper_scoring,node-016,43.560044745767215,354.15712389402336,768.4792005508406,43560.04474576721,354157.12389402336,768479.2005508406,0.0,0.0,8632.084006510642,1158.4331198905818,0.95,-228.42045237434624,0.0,60.67626400053628
66,proper_scoring,node-017,0.0,0.0,209.1084127961855,0.0,0.0,209108.4127961855,0.0,0.0,8632.084006510642,1158.4331198905818,0.95,-376.91296536938637,0.0,60.67626400053628
66,proper_scoring,node-018,0.0,0.0,0.0,0.0,0.0,0.0,0.0,0.0,8632.084006510642,1158.4331198905818,0.95,0.0,0.0,60.67626400053628
66,proper_scoring,node-019,0.0,0.0,0.0,0.0,0.0,0.0,0.0,0.0,8632.084006510642,1158.4331198905818,0.95,0.0,0.0,60.67626400053628
66,proper_scoring,node-020,0.0,0.0,0.0,0.0,0.0,0.0,0.0,0.0,8632.084006510642,1158.4331198905818,0.95,0.0,0.0,60.67626400053628
66,proper_scoring,node-021,0.0,0.0,257.65687970784376,0.0,0.0,257656.87970784376,0.0,0.0,8632.084006510642,1158.4331198905818,0.95,-119.15405684559694,0.0,60.67626400053628
66,proper_scoring,node-022,121.76535939943386,165.14608201075572,165.14608201075572,0.2577516338287583,0.34957949180814646,0.34957949180814646,389.7866180656309,472.41353077253723,8632.084006510642,1158.4331198905818,0.95,-499.6520182184041,93.58256240482461,-257.817123688984
66,proper_scoring,node-023,0.0,0.0,30.236213352454925,0.0,0.0,30236.213352454924,0.0,0.0,8632.084006510642,1158.4331198905818,0.95,-66.97940756559814,0.0,60.67626400053628
66,proper_scoring,node-024,0.0,0.0,58.44782969759943,0.0,0.0,58447.82969759943,0.0,0.0,8632.084006510642,1158.4331198905818,0.95,-141.55217030240055,0.0,60.67626400053628
66,proper_scoring,node-025,0.0,0.0,211.9782146875017,0.0,0.0,211978.2146875017,0.0,0.0,8632.084006510642,1158.4331198905818,0.95,-102.23510393023068,0.0,60.67626400053628
66,proper_scoring,node-026,0.0,0.0,0.0,0.0,0.0,0.0,0.0,0.0,8632.084006510642,1158.4331198905818,0.95,0.0,0.0,60.67626400053628
66,proper_scoring,node-027,0.0,0.0,350.272845174965,0.0,0.0,350272.84517496504,0.0,0.0,8632.084006510642,1158.4331198905818,0.95,-287.2322640638679,0.0,60.67626400053628
66,proper_scoring,node-028,0.0,0.0,34.06372796923037,0.0,0.0,34063.72796923037,0.0,0.0,8632.084006510642,1158.4331198905818,0.95,-60.94784219183866,0.0,60.67626400053628
66,proper_scoring,node-029,86.45727781191269,0.0,600.8873820181253,86457.27781191269,0.0,600887.3820181253,0.0,0.0,8632.084006510642,1158.4331198905818,0.95,-244.77822994325982,0.0,60.67626400053628
66,audits,node-000,60.67626400053628,0.0,94.94462975974568,60676.26400053628,0.0,94944.62975974567,0.0,0.0,8632.084006510642,1129.8511059102518,0.95,-205.05537024025432,0.0,0.0
66,audits,node-001,0.0,0.0,0.0,0.0,0.0,0.0,0.0,0.0,8632.084006510642,1129.8511059102518,0.95,0.0,0.0,60.67626400053628
66,audits,node-002,0.0,0.0,0.0,0.0,0.0,0.0,0.0,0.0,8632.084006510642,1129.8511059102518,0.95,0.0,0.0,60.67626400053628
66,audits,node-003,496.8533414567599,483.13303418034644,678.6367780294687,496853.3414567599,483133.0341803464,678636.7780294687,0.0,0.0,8632.084006510642,1129.8511059102518,0.95,-1558.9408625841418,0.0,60.67626400053628
66,audits,node-004,0.0,0.0,187.79251240067765,0.0,0.0,187792.51240067766,0.0,0.0,8632.084006510642,1129.8511059102518,0.95,-448.21450493672927,0.0,60.67626400053628
66,audits,node-005,0.0,0.0,0.0,0.0,0.0,0.0,0.0,0.0,8632.084006510642,1129.8511059102518,0.95,0.0,0.0,60.67626400053628
66,audits,node-006,0.0,0.0,0.0,0.0,0.0,0.0,0.0,0.0,8632.084006510642,1129.8511059102518,0.95,0.0,0.0,60.67626400053628
66,audits,node-007,0.0,0.0,34.957615899494314,0.0,0.0,34957.61589949431,0.0,0.0,8632.084006510642,1129.8511059102518,0.95,-265.04238410050567,0.0,60.67626400053628
66,audits,node-008,473.980433390211,0.0,679.8953299862787,473980.43339021096,0.0,679895.3299862788,0.0,0.0,8632.084006510642,1129.8511059102518,0.95,-1620.104670013721,0.0,60.67626400053628
66,audits,node-009,0.0,0.0,0.0,0.0,0.0,0.0,0.0,0.0,8632.084006510642,1129.8511059102518,0.95,0.0,0.0,60.67626400053628
66,audits,node-010,0.0,0.0,0.0,0.0,0.0,0.0,0.0,0.0,8632.084006510642,1129.8511059102518,0.95,0.0,0.0,60.67626400053628
66,audits,node-011,52.00868734390997,287.56555532345635,349.41413059244667,0.07910817591010919,0.4374035896308777,0.5314787955636003,590.7667686246273,657.4375751377148,8632.084006510642,1129.8511059102518,0.95,-2129.9329305986694,-45.26916492234693,-530.090504624091
66,audits,node-012,0.0,0.0,0.0,0.0,0.0,0.0,0.0,0.0,8632.084006510642,1129.8511059102518,0.95,0.0,0.0,60.67626400053628
66,audits,node-013,0.0,0.0,0.0,0.0,0.0,0.0,0.0,0.0,8632.084006510642,1129.8511059102518,0.95,0.0,0.0,60.67626400053628
66,audits,node-014,0.0,0.0,0.0,0.0,0.0,0.0,0.0,0.0,8632.084006510642,1129.8511059102518,0.95,0.0,0.0,60.67626400053628
66,audits,node-015,0.0,0.0,0.0,0.0,0.0,0.0,0.0,0.0,8632.084006510642,1129.8511059102518,0.95,0.0,0.0,60.67626400053628
66,audits,node-016,43.560044745767215,291.2992357046579,688.5454125649449,43560.04474576721,291299.2357046579,688545.4125649448,0.0,0.0,8632.084006510642,1129.8511059102518,0.95,-1481.1080126119393,0.0,60.67626400053628
66,audits,node-017,0.0,0.0,152.92796727255222,0.0,0.0,152927.96727255223,0.0,0.0,8632.084006510642,1129.8511059102518,0.95,-547.0720327274479,0.0,60.67626400053628
66,audits,node-018,0.0,0.0,0.0,0.0,0.0,0.0,0.0,0.0,8632.084006510642,1129.8511059102518,0.95,0.0,0.0,60.67626400053628
66,audits,node-019,0.0,0.0,0.0,0.0,0.0,0.0,0.0,0.0,8632.084006510642,1129.8511059102518,0.95,0.0,0.0,60.67626400053628
66,audits,node-020,0.0,0.0,0.0,0.0,0.0,0.0,0.0,0.0,8632.084006510642,1129.8511059102518,0.95,0.0,0.0,60.67626400053628
66,audits,node-021,0.0,0.0,225.55893685359706,0.0,0.0,225558.93685359706,0.0,0.0,8632.084006510642,1129.8511059102518,0.95,-338.6122127343688,0.0,60.67626400053628
66,audits,node-022,121.76535939943386,165.14608201075572,165.14608201075572,0.2577516338287583,0.34957949180814646,0.34957949180814646,389.7866180656309,472.41353077253723,8632.084006510642,1129.8511059102518,0.95,-917.2529681038243,93.58256240482461,-257.817123688984
66,audits,node-023,0.0,0.0,30.236213352454925,0.0,0.0,30236.213352454924,0.0,0.0,8632.084006510642,1129.8511059102518,0.95,-66.97940756559814,0.0,60.67626400053628
66,audits,node-024,0.0,0.0,58.44782969759943,0.0,0.0,58447.82969759943,0.0,0.0,8632.084006510642,1129.8511059102518,0.95,-141.55217030240055,0.0,60.67626400053628
66,audits,node-025,0.0,0.0,181.89478782383753,0.0,0.0,181894.78782383754,0.0,0.0,8632.084006510642,1129.8511059102518,0.95,-275.3545308938913,0.0,60.67626400053628
66,audits,node-026,0.0,0.0,0.0,0.0,0.0,0.0,0.0,0.0,8632.084006510642,1129.8511059102518,0.95,0.0,0.0,60.67626400053628
66,audits,node-027,0.0,0.0,328.191933984033,0.0,0.0,328191.933984033,0.0,0.0,8632.084006510642,1129.8511059102518,0.95,-571.8080660159669,0.0,60.67626400053628
66,audits,node-028,0.0,0.0,34.06372796923037,0.0,0.0,34063.72796923037,0.0,0.0,8632.084006510642,1129.8511059102518,0.95,-60.94784219183866,0.0,60.67626400053628
66,audits,node-029,86.45727781191269,0.0,458.4225542703874,86457.27781191269,0.0,458422.5542703874,0.0,0.0,8632.084006510642,1129.8511059102518,0.95,-1368.643011222973,0.0,60.67626400053628
67,greedy,node-000,0.0,0.0,0.0,0.0,0.0,0.0,0.0,0.0,8844.010740958476,221.91381661420604,0.95,0.0,0.0,0.0
67,greedy,node-001,0.0,0.0,0.0,0.0,0.0,0.0,0.0,0.0,8844.010740958476,221.91381661420604,0.95,0.0,0.0,0.0
67,greedy,node-002,0.0,0.0,0.0,0.0,0.0,0.0,0.0,0.0,8844.010740958476,221.91381661420604,0.95,0.0,0.0,0.0
67,greedy,node-003,2.9017865858126193,0.0,2.9017865858126193,2901.7865858126193,0.0,2901.7865858126193,0.0,0.0,8844.010740958476,221.91381661420604,0.95,-31.80423781452013,0.0,0.0
67,greedy,node-004,0.0,0.0,0.0,0.0,0.0,0.0,0.0,0.0,8844.010740958476,221.91381661420604,0.95,0.0,0.0,0.0
67,greedy,node-005,0.0,0.0,0.0,0.0,0.0,0.0,0.0,0.0,8844.010740958476,221.91381661420604,0.95,0.0,0.0,0.0
67,greedy,node-006,0.0,0.0,0.0,0.0,0.0,0.0,0.0,0.0,8844.010740958476,221.91381661420604,0.95,0.0,0.0,0.0
67,greedy,node-007,0.0,0.0,0.0,0.0,0.0,0.0,0.0,0.0,8844.010740958476,221.91381661420604,0.95,0.0,0.0,0.0
67,greedy,node-008,0.0,0.0,0.0,0.0,0.0,0.0,0.0,0.0,8844.010740958476,221.91381661420604,0.95,0.0,0.0,0.0
67,greedy,node-009,0.0,0.0,0.0,0.0,0.0,0.0,0.0,0.0,8844.010740958476,221.91381661420604,0.95,-41.57655115837765,0.0,0.0
67,greedy,node-010,0.0,0.0,0.0,0.0,0.0,0.0,0.0,0.0,8844.010740958476,221.91381661420604,0.95,0.0,0.0,0.0
67,greedy,node-011,0.0,0.0,0.0,0.0,0.0,0.0,0.0,0.0,8844.010740958476,221.91381661420604,0.95,0.0,0.0,0.0
67,greedy,node-012,0.0,0.0,0.0,0.0,0.0,0.0,0.0,0.0,8844.010740958476,221.91381661420604,0.95,0.0,0.0,0.0
67,greedy,node-013,0.0,0.0,0.0,0.0,0.0,0.0,0.0,0.0,8844.010740958476,221.91381661420604,0.95,0.0,0.0,0.0
67,greedy,node-014,0.0,0.0,0.0,0.0,0.0,0.0,0.0,0.0,8844.010740958476,221.91381661420604,0.95,0.0,0.0,0.0
67,greedy,node-015,0.0,0.0,0.0,0.0,0.0,0.0,0.0,0.0,8844.010740958476,221.91381661420604,0.95,0.0,0.0,0.0
67,greedy,node-016,0.0,0.0,0.0,0.0,0.0,0.0,0.0,0.0,8844.010740958476,221.91381661420604,0.95,0.0,0.0,0.0
67,greedy,node-017,0.0,0.0,0.0,0.0,0.0,0.0,0.0,0.0,8844.010740958476,221.91381661420604,0.95,0.0,0.0,0.0
67,greedy,node-018,15.29239928513893,0.0,15.29239928513893,15292.39928513893,0.0,15292.39928513893,0.0,0.0,8844.010740958476,221.91381661420604,0.95,-48.360849587835915,0.0,0.0
67,greedy,node-019,0.0,0.0,0.0,0.0,0.0,0.0,0.0,0.0,8844.010740958476,221.91381661420604,0.95,0.0,0.0,0.0
67,greedy,node-020,0.0,0.0,0.0,0.0,0.0,0.0,0.0,0.0,8844.010740958476,221.91381661420604,0.95,0.0,0.0,0.0
67,greedy,node-021,0.0,0.0,0.0,0.0,0.0,0.0,0.0,0.0,8844.010740958476,221.91381661420604,0.95,0.0,0.0,0.0
67,greedy,node-022,0.0,0.0,0.0,0.0,0.0,0.0,0.0,0.0,8844.010740958476,221.91381661420604,0.95,0.0,0.0,0.0
67,greedy,node-023,0.0,0.0,0.0,0.0,0.0,0.0,48.80221279540862,146.40663838622586,8844.010740958476,221.91381661420604,0.95,-88.80735650512041,-12.291089185428866,-48.80221279540862
67,greedy,node-024,0.0,0.0,0.0,0.0,0.0,0.0,0.0,0.0,8844.010740958476,221.91381661420604,0.95,0.0,0.0,0.0
67,greedy,node-025,0.0,0.0,0.0,0.0,0.0,0.0,0.0,0.0,8844.010740958476,221.91381661420604,0.95,0.0,0.0,0.0
67,greedy,node-026,0.0,0.0,0.0,0.0,0.0,0.0,0.0,0.0,8844.010740958476,221.91381661420604,0.95,0.0,0.0,0.0
67,greedy,node-027,5.152901627984452,0.0,5.152901627984452,0.0682438643439463,0.0,0.0682438643439463,25.169059409326714,75.50717822798013,8844.010740958476,221.91381661420604,0.95,-69.35547343749609,0.4037655879637221,-25.169059409326714
67,greedy,node-028,0.0,0.0,0.0,0.0,0.0,0.0,0.0,0.0,8844.010740958476,221.91381661420604,0.95,0.0,0.0,0.0
67,greedy,node-029,0.0,0.0,0.0,0.0,0.0,0.0,0.0,0.0,8844.010740958476,221.91381661420604,0.95,0.0,0.0,0.0
67,trust_vcg,node-000,0.0,0.0,0.0,0.0,0.0,0.0,0.0,0.0,8839.30763205939,642.7727842457203,0.95,0.0,0.0,0.0
67,trust_vcg,node-001,0.0,0.0,0.0,0.0,0.0,0.0,0.0,0.0,8839.30763205939,642.7727842457203,0.95,0.0,0.0,0.0
67,trust_vcg,node-002,0.0,0.0,0.0,0.0,0.0,0.0,0.0,0.0,8839.30763205939,642.7727842457203,0.95,0.0,0.0,0.0
67,trust_vcg,node-003,0.0,0.0,138.29906808845584,0.0,0.0,138299.06808845582,0.0,0.0,8839.30763205939,642.7727842457203,0.95,-5542.861920304792,0.0,0.0
67,trust_vcg,node-004,0.0,0.0,0.0,0.0,0.0,0.0,0.0,0.0,8839.30763205939,642.7727842457203,0.95,0.0,0.0,0.0
67,trust_vcg,node-005,0.0,0.0,0.0,0.0,0.0,0.0,0.0,0.0,8839.30763205939,642.7727842457203,0.95,0.0,0.0,0.0
67,trust_vcg,node-006,0.0,0.0,0.0,0.0,0.0,0.0,0.0,0.0,8839.30763205939,642.7727842457203,0.95,0.0,0.0,0.0
67,trust_vcg,node-007,0.0,0.0,0.0,0.0,0.0,0.0,0.0,0.0,8839.30763205939,642.7727842457203,0.95,0.0,0.0,0.0
67,trust_vcg,node-008,0.0,0.0,0.0,0.0,0.0,0.0,0.0,0.0,8839.30763205939,642.7727842457203,0.95,0.0,0.0,0.0
67,trust_vcg,node-009,0.0,243.1585625509534,458.4234488416224,0.0,243158.56255095341,458423.4488416224,0.0,0.0,8839.30763205939,642.7727842457203,0.95,-5541.576551158379,0.0,0.0
67,trust_vcg,node-010,0.0,0.0,0.0,0.0,0.0,0.0,0.0,0.0,8839.30763205939,642.7727842457203,0.95,0.0,0.0,0.0
67,trust_vcg,node-011,0.0,0.0,0.0,0.0,0.0,0.0,0.0,0.0,8839.30763205939,642.7727842457203,0.95,0.0,0.0,0.0
67,trust_vcg,node-012,0.0,0.0,0.0,0.0,0.0,0.0,0.0,0.0,8839.30763205939,642.7727842457203,0.95,0.0,0.0,0.0
67,trust_vcg,node-013,0.0,0.0,0.0,0.0,0.0,0.0,0.0,0.0,8839.30763205939,642.7727842457203,0.95,0.0,0.0,0.0
67,trust_vcg,node-014,0.0,0.0,0.0,0.0,0.0,0.0,0.0,0.0,8839.30763205939,642.7727842457203,0.95,-5571.390561117226,0.0,0.0
67,trust_vcg,node-015,0.0,0.0,0.0,0.0,0.0,0.0,0.0,0.0,8839.30763205939,642.7727842457203,0.95,0.0,0.0,0.0
67,trust_vcg,node-016,113.92437164672859,0.0,243.3523131034625,113924.37164672858,0.0,243352.3131034625,0.0,0.0,8839.30763205939,642.7727842457203,0.95,-3356.647686896537,0.0,0.0
67,trust_vcg,node-017,0.0,0.0,0.0,0.0,0.0,0.0,0.0,0.0,8839.30763205939,642.7727842457203,0.95,0.0,0.0,0.0
67,trust_vcg,node-018,0.0,0.0,0.0,0.0,0.0,0.0,0.0,0.0,8839.30763205939,642.7727842457203,0.95,-3265.847865478624,0.0,0.0
67,trust_vcg,node-019,0.0,0.0,0.0,0.0,0.0,0.0,0.0,0.0,8839.30763205939,642.7727842457203,0.95,0.0,0.0,0.0
67,trust_vcg,node-020,0.0,0.0,0.0,0.0,0.0,0.0,0.0,0.0,8839.30763205939,642.7727842457203,0.95,0.0,0.0,0.0
67,trust_vcg,node-021,0.0,0.0,0.0,0.0,0.0,0.0,0.0,0.0,8839.30763205939,642.7727842457203,0.95,-4421.758400643971,0.0,0.0
67,trust_vcg,node-022,0.0,0.0,0.0,0.0,0.0,0.0,0.0,0.0,8839.30763205939,642.7727842457203,0.95,0.0,0.0,0.0
67,trust_vcg,node-023,256.23026665986754,53.511730738284086,257.267921340738,0.28801028064945816,0.060148743506675484,0.28917663472522953,762.7346505141178,889.6566680955721,8839.30763205939,642.7727842457203,0.95,-11802.739794223828,84.75442499080259,-762.7346505141178
67,trust_vcg,node-024,0.0,0.0,0.0,0.0,0.0,0.0,0.0,0.0,8839.30763205939,642.7727842457203,0.95,0.0,0.0,0.0
67,trust_vcg,node-025,0.0,0.0,0.0,0.0,0.0,0.0,0.0,0.0,8839.30763205939,642.7727842457203,0.95,0.0,0.0,0.0
67,trust_vcg,node-026,0.0,0.0,0.0,0.0,0.0,0.0,0.0,0.0,8839.30763205939,642.7727842457203,0.95,0.0,0.0,0.0
67,trust_vcg,node-027,272.60751957695425,272.60751957695425,771.6479318771906,272607.51957695425,272607.51957695425,771647.9318771906,-272.60751957695425,-246.883883849852,8839.30763205939,642.7727842457203,0.95,-10667.635852943531,89.02169009847313,272.60751957695425
67,trust_vcg,node-028,0.0,0.0,0.0,0.0,0.0,0.0,0.0,0.0,8839.30763205939,642.7727842457203,0.95,0.0,0.0,0.0
67,trust_vcg,node-029,0.0,0.0,0.0,0.0,0.0,0.0,0.0,0.0,8839.30763205939,642.7727842457203,0.95,0.0,0.0,0.0
67,contingent,node-000,0.0,0.0,0.0,0.0,0.0,0.0,0.0,0.0,8839.30763205939,222.7766669365438,0.95,0.0,0.0,0.0
67,contingent,node-001,0.0,0.0,0.0,0.0,0.0,0.0,0.0,0.0,8839.30763205939,222.7766669365438,0.95,0.0,0.0,0.0
67,contingent,node-002,0.0,0.0,0.0,0.0,0.0,0.0,0.0,0.0,8839.30763205939,222.7766669365438,0.95,0.0,0.0,0.0
67,contingent,node-003,0.0,14.16365050716161,38.29906808845582,0.0,14163.650507161608,38299.06808845582,0.0,0.0,8839.30763205939,222.7766669365438,0.95,-171.4476812191722,0.0,0.0
67,contingent,node-004,0.0,0.0,0.0,0.0,0.0,0.0,0.0,0.0,8839.30763205939,222.7766669365438,0.95,0.0,0.0,0.0
67,contingent,node-005,0.0,0.0,0.0,0.0,0.0,0.0,0.0,0.0,8839.30763205939,222.7766669365438,0.95,0.0,0.0,0.0
67,contingent,node-006,0.0,0.0,0.0,0.0,0.0,0.0,0.0,0.0,8839.30763205939,222.7766669365438,0.95,0.0,0.0,0.0
67,contingent,node-007,0.0,0.0,0.0,0.0,0.0,0.0,0.0,0.0,8839.30763205939,222.7766669365438,0.95,0.0,0.0,0.0
67,contingent,node-008,0.0,0.0,0.0,0.0,0.0,0.0,0.0,0.0,8839.30763205939,222.7766669365438,0.95,0.0,0.0,0.0
67,contingent,node-009,0.0,43.15856255095342,43.15856255095342,0.0,43158.56255095342,43158.56255095342,0.0,0.0,8839.30763205939,222.7766669365438,0.95,-166.3062046335106,0.0,0.0
67,contingent,node-010,0.0,0.0,0.0,0.0,0.0,0.0,0.0,0.0,8839.30763205939,222.7766669365438,0.95,0.0,0.0,0.0
67,contingent,node-011,0.0,0.0,0.0,0.0,0.0,0.0,0.0,0.0,8839.30763205939,222.7766669365438,0.95,0.0,0.0,0.0
67,contingent,node-012,0.0,0.0,0.0,0.0,0.0,0.0,0.0,0.0,8839.30763205939,222.7766669365438,0.95,0.0,0.0,0.0
67,contingent,node-013,0.0,0.0,0.0,0.0,0.0,0.0,0.0,0.0,8839.30763205939,222.7766669365438,0.95,0.0,0.0,0.0
67,contingent,node-014,0.0,0.0,0.0,0.0,0.0,0.0,0.0,0.0,8839.30763205939,222.7766669365438,0.95,-285.56224446890377,0.0,0.0
67,contingent,node-015,0.0,0.0,0.0,0.0,0.0,0.0,0.0,0.0,8839.30763205939,222.7766669365438,0.95,0.0,0.0,0.0
67,contingent,node-016,0.0,0.0,0.0,0.0,0.0,0.0,0.0,0.0,8839.30763205939,222.7766669365438,0.95,-226.59074758615,0.0,0.0
67,contingent,node-017,0.0,0.0,0.0,0.0,0.0,0.0,0.0,0.0,8839.30763205939,222.7766669365438,0.95,0.0,0.0,0.0
67,contingent,node-018,0.0,0.0,0.0,0.0,0.0,0.0,0.0,0.0,8839.30763205939,222.7766669365438,0.95,-55.74410948522914,0.0,0.0
67,contingent,node-019,0.0,0.0,0.0,0.0,0.0,0.0,0.0,0.0,8839.30763205939,222.7766669365438,0.95,0.0,0.0,0.0
67,contingent,node-020,0.0,0.0,0.0,0.0,0.0,0.0,0.0,0.0,8839.30763205939,222.7766669365438,0.95,0.0,0.0,0.0
67,contingent,node-021,0.0,0.0,0.0,0.0,0.0,0.0,0.0,0.0,8839.30763205939,222.7766669365438,0.95,-87.03360257588596,0.0,0.0
67,contingent,node-022,0.0,0.0,0.0,0.0,0.0,0.0,0.0,0.0,8839.30763205939,222.7766669365438,0.95,0.0,0.0,0.0
67,contingent,node-023,145.17398326629987,2.785372461674804,145.17398326629987,0.7625363774945872,0.014630361302428566,0.7625363774945872,63.46100879072721,190.38302637218166,8839.30763205939,222.7766669365438,0.95,-223.48158362957435,-15.141809541110412,-63.46100879072721
67,contingent,node-024,0.0,0.0,0.0,0.0,0.0,0.0,0.0,0.0,8839.30763205939,222.7766669365438,0.95,0.0,0.0,0.0
67,contingent,node-025,0.0,0.0,0.0,0.0,0.0,0.0,0.0,0.0,8839.30763205939,222.7766669365438,0.95,0.0,0.0,0.0
67,contingent,node-026,0.0,0.0,0.0,0.0,0.0,0.0,0.0,0.0,8839.30763205939,222.7766669365438,0.95,0.0,0.0,0.0
67,contingent,node-027,0.0,9.067908166093574,42.99446604827577,0.0,0.2799286529118817,1.327250204028508,6.670004837259936,32.393640564362116,8839.30763205939,222.7766669365438,0.95,-183.41566094993743,-0.11385214599750881,-6.670004837259936
67,contingent,node-028,0.0,0.0,0.0,0.0,0.0,0.0,0.0,0.0,8839.30763205939,222.7766669365438,0.95,0.0,0.0,0.0
67,contingent,node-029,0.0,0.0,0.0,0.0,0.0,0.0,0.0,0.0,8839.30763205939,222.7766669365438,0.95,0.0,0.0,0.0
67,capped,node-000,0.0,0.0,0.0,0.0,0.0,0.0,0.0,0.0,8839.30763205939,228.96847996283495,0.95,0.0,0.0,0.0
67,capped,node-001,0.0,0.0,0.0,0.0,0.0,0.0,0.0,0.0,8839.30763205939,228.96847996283495,0.95,0.0,0.0,0.0
67,capped,node-002,0.0,0.0,0.0,0.0,0.0,0.0,0.0,0.0,8839.30763205939,228.96847996283495,0.95,0.0,0.0,0.0
67,capped,node-003,0.0,40.162893936681485,40.162893936681485,0.0,40162.89393668148,40162.89393668148,0.0,0.0,8839.30763205939,228.96847996283495,0.95,-42.86192030479305,0.0,0.0
67,capped,node-004,0.0,0.0,0.0,0.0,0.0,0.0,0.0,0.0,8839.30763205939,228.96847996283495,0.95,0.0,0.0,0.0
67,capped,node-005,0.0,0.0,0.0,0.0,0.0,0.0,0.0,0.0,8839.30763205939,228.96847996283495,0.95,0.0,0.0,0.0
67,capped,node-006,0.0,0.0,0.0,0.0,0.0,0.0,0.0,0.0,8839.30763205939,228.96847996283495,0.95,0.0,0.0,0.0
67,capped,node-007,0.0,0.0,0.0,0.0,0.0,0.0,0.0,0.0,8839.30763205939,228.96847996283495,0.95,0.0,0.0,0.0
67,capped,node-008,0.0,0.0,0.0,0.0,0.0,0.0,0.0,0.0,8839.30763205939,228.96847996283495,0.95,0.0,0.0,0.0
67,capped,node-009,0.0,43.15856255095342,43.15856255095342,0.0,43158.56255095342,43158.56255095342,0.0,0.0,8839.30763205939,228.96847996283495,0.95,-41.57655115837765,0.0,0.0
67,capped,node-010,0.0,0.0,0.0,0.0,0.0,0.0,0.0,0.0,8839.30763205939,228.96847996283495,0.95,0.0,0.0,0.0
67,capped,node-011,0.0,0.0,0.0,0.0,0.0,0.0,0.0,0.0,8839.30763205939,228.96847996283495,0.95,0.0,0.0,0.0
67,capped,node-012,0.0,0.0,0.0,0.0,0.0,0.0,0.0,0.0,8839.30763205939,228.96847996283495,0.95,0.0,0.0,0.0
67,capped,node-013,0.0,0.0,0.0,0.0,0.0,0.0,0.0,0.0,8839.30763205939,228.96847996283495,0.95,0.0,0.0,0.0
67,capped,node-014,0.0,0.0,0.0,0.0,0.0,0.0,0.0,0.0,8839.30763205939,228.96847996283495,0.95,-71.39056111722594,0.0,0.0
67,capped,node-015,0.0,0.0,0.0,0.0,0.0,0.0,0.0,0.0,8839.30763205939,228.96847996283495,0.95,0.0,0.0,0.0
67,capped,node-016,0.0,0.0,0.0,0.0,0.0,0.0,0.0,0.0,8839.30763205939,228.96847996283495,0.95,-56.6476868965375,0.0,0.0
67,capped,node-017,0.0,0.0,0.0,0.0,0.0,0.0,0.0,0.0,8839.30763205939,228.96847996283495,0.95,0.0,0.0,0.0
67,capped,node-018,0.0,0.0,0.0,0.0,0.0,0.0,0.0,0.0,8839.30763205939,228.96847996283495,0.95,-13.936027371307288,0.0,0.0
67,capped,node-019,0.0,0.0,0.0,0.0,0.0,0.0,0.0,0.0,8839.30763205939,228.96847996283495,0.95,0.0,0.0,0.0
67,capped,node-020,0.0,0.0,0.0,0.0,0.0,0.0,0.0,0.0,8839.30763205939,228.96847996283495,0.95,0.0,0.0,0.0
67,capped,node-021,0.0,0.0,0.0,0.0,0.0,0.0,0.0,0.0,8839.30763205939,228.96847996283495,0.95,-21.75840064397149,0.0,0.0
67,capped,node-022,0.0,0.0,0.0,0.0,0.0,0.0,0.0,0.0,8839.30763205939,228.96847996283495,0.95,0.0,0.0,0.0
67,capped,node-023,145.17398326629987,2.785372461674804,145.17398326629987,0.7625363774945872,0.014630361302428566,0.7625363774945872,63.46100879072721,190.38302637218166,8839.30763205939,228.96847996283495,0.95,-103.466152500439,-15.141809541110412,-63.46100879072721
67,capped,node-024,0.0,0.0,0.0,0.0,0.0,0.0,0.0,0.0,8839.30763205939,228.96847996283495,0.95,0.0,0.0,0.0
67,capped,node-025,0.0,0.0,0.0,0.0,0.0,0.0,0.0,0.0,8839.30763205939,228.96847996283495,0.95,0.0,0.0,0.0
67,capped,node-026,0.0,0.0,0.0,0.0,0.0,0.0,0.0,0.0,8839.30763205939,228.96847996283495,0.95,0.0,0.0,0.0
67,capped,node-027,0.0,9.067908166093574,36.80265302198461,0.0,0.235008463611534,0.9537960448105107,12.861817863551092,38.58545359065327,8839.30763205939,228.96847996283495,0.95,-57.04823189172046,-0.7330334486266246,-12.861817863551092
67,capped,node-028,0.0,0.0,0.0,0.0,0.0,0.0,0.0,0.0,8839.30763205939,228.96847996283495,0.95,0.0,0.0,0.0
67,capped,node-029,0.0,0.0,0.0,0.0,0.0,0.0,0.0,0.0,8839.30763205939,228.96847996283495,0.95,0.0,0.0,0.0
67,proper_scoring,node-000,0.0,0.0,0.0,0.0,0.0,0.0,0.0,0.0,8839.30763205939,1146.437117527684,0.95,0.0,0.0,0.0
67,proper_scoring,node-001,0.0,0.0,0.0,0.0,0.0,0.0,0.0,0.0,8839.30763205939,1146.437117527684,0.95,0.0,0.0,0.0
67,proper_scoring,node-002,0.0,0.0,0.0,0.0,0.0,0.0,0.0,0.0,8839.30763205939,1146.437117527684,0.95,0.0,0.0,0.0
67,proper_scoring,node-003,0.0,164.1636505071616,271.61827119174916,0.0,164163.6505071616,271618.27119174914,0.0,0.0,8839.30763205939,1146.437117527684,0.95,-171.4476812191722,0.0,0.0
67,proper_scoring,node-004,0.0,0.0,0.0,0.0,0.0,0.0,0.0,0.0,8839.30763205939,1146.437117527684,0.95,0.0,0.0,0.0
67,proper_scoring,node-005,0.0,0.0,0.0,0.0,0.0,0.0,0.0,0.0,8839.30763205939,1146.437117527684,0.95,0.0,0.0,0.0
67,proper_scoring,node-006,0.0,0.0,0.0,0.0,0.0,0.0,0.0,0.0,8839.30763205939,1146.437117527684,0.95,0.0,0.0,0.0
67,proper_scoring,node-007,0.0,0.0,0.0,0.0,0.0,0.0,0.0,0.0,8839.30763205939,1146.437117527684,0.95,0.0,0.0,0.0
67,proper_scoring,node-008,0.0,0.0,0.0,0.0,0.0,0.0,0.0,0.0,8839.30763205939,1146.437117527684,0.95,0.0,0.0,0.0
67,proper_scoring,node-009,0.0,243.1585625509534,458.4234488416224,0.0,243158.56255095341,458423.4488416224,0.0,0.0,8839.30763205939,1146.437117527684,0.95,-166.3062046335106,0.0,0.0
67,proper_scoring,node-010,0.0,0.0,0.0,0.0,0.0,0.0,0.0,0.0,8839.30763205939,1146.437117527684,0.95,0.0,0.0,0.0
67,proper_scoring,node-011,0.0,0.0,0.0,0.0,0.0,0.0,0.0,0.0,8839.30763205939,1146.437117527684,0.95,0.0,0.0,0.0
67,proper_scoring,node-012,0.0,0.0,0.0,0.0,0.0,0.0,0.0,0.0,8839.30763205939,1146.437117527684,0.95,0.0,0.0,0.0
67,proper_scoring,node-013,0.0,0.0,0.0,0.0,0.0,0.0,0.0,0.0,8839.30763205939,1146.437117527684,0.95,0.0,0.0,0.0
67,proper_scoring,node-014,0.0,0.0,302.6610042504264,0.0,0.0,302661.00425042637,0.0,0.0,8839.30763205939,1146.437117527684,0.95,-285.56224446890377,0.0,0.0
67,proper_scoring,node-015,0.0,0.0,0.0,0.0,0.0,0.0,0.0,0.0,8839.30763205939,1146.437117527684,0.95,0.0,0.0,0.0
67,proper_scoring,node-016,113.92437164672859,0.0,243.3523131034625,113924.37164672858,0.0,243352.3131034625,0.0,0.0,8839.30763205939,1146.437117527684,0.95,-226.59074758615,0.0,0.0
67,proper_scoring,node-017,0.0,0.0,0.0,0.0,0.0,0.0,0.0,0.0,8839.30763205939,1146.437117527684,0.95,0.0,0.0,0.0
67,proper_scoring,node-018,0.0,0.0,113.1580014322623,0.0,0.0,113158.00143226229,0.0,0.0,8839.30763205939,1146.437117527684,0.95,-55.74410948522914,0.0,0.0
67,proper_scoring,node-019,0.0,0.0,0.0,0.0,0.0,0.0,0.0,0.0,8839.30763205939,1146.437117527684,0.95,0.0,0.0,0.0
67,proper_scoring,node-020,0.0,0.0,0.0,0.0,0.0,0.0,0.0,0.0,8839.30763205939,1146.437117527684,0.95,0.0,0.0,0.0
67,proper_scoring,node-021,0.0,0.0,319.25092555388466,0.0,0.0,319250.92555388465,0.0,0.0,8839.30763205939,1146.437117527684,0.95,-87.03360257588596,0.0,0.0
67,proper_scoring,node-022,0.0,0.0,0.0,0.0,0.0,0.0,0.0,0.0,8839.30763205939,1146.437117527684,0.95,0.0,0.0,0.0
67,proper_scoring,node-023,256.23026665986754,53.511730738284086,257.267921340738,0.28801028064945816,0.060148743506675484,0.28917663472522953,762.7346505141178,889.6566680955721,8839.30763205939,1146.437117527684,0.95,-922.7552253529649,84.75442499080259,-762.7346505141178
67,proper_scoring,node-024,0.0,0.0,0.0,0.0,0.0,0.0,0.0,0.0,8839.30763205939,1146.437117527684,0.95,0.0,0.0,0.0
67,proper_scoring,node-025,0.0,0.0,0.0,0.0,0.0,0.0,0.0,0.0,8839.30763205939,1146.437117527684,0.95,0.0,0.0,0.0
67,proper_scoring,node-026,0.0,0.0,0.0,0.0,0.0,0.0,0.0,0.0,8839.30763205939,1146.437117527684,0.95,0.0,0.0,0.0
67,proper_scoring,node-027,158.77867272897174,234.05704071304461,555.6015729135077,0.6183440876442196,0.9115064687778159,2.1637222543315127,231.05681370500946,256.78044943211165,8839.30763205939,1146.437117527684,0.95,-407.802469817687,89.64087140110223,-231.05681370500946
67,proper_scoring,node-028,0.0,0.0,0.0,0.0,0.0,0.0,0.0,0.0,8839.30763205939,1146.437117527684,0.95,0.0,0.0,0.0
67,proper_scoring,node-029,0.0,0.0,0.0,0.0,0.0,0.0,0.0,0.0,8839.30763205939,1146.437117527684,0.95,0.0,0.0,0.0
67,audits,node-000,0.0,0.0,0.0,0.0,0.0,0.0,0.0,0.0,8839.30763205939,1142.7727842457202,0.95,0.0,0.0,0.0
67,audits,node-001,0.0,0.0,0.0,0.0,0.0,0.0,0.0,0.0,8839.30763205939,1142.7727842457202,0.95,0.0,0.0,0.0
67,audits,node-002,0.0,0.0,0.0,0.0,0.0,0.0,0.0,0.0,8839.30763205939,1142.7727842457202,0.95,0.0,0.0,0.0
67,audits,node-003,0.0,140.16289393668146,214.00456064861606,0.0,140162.89393668144,214004.56064861605,0.0,0.0,8839.30763205939,1142.7727842457202,0.95,-542.861920304793,0.0,0.0
67,audits,node-004,0.0,0.0,0.0,0.0,0.0,0.0,0.0,0.0,8839.30763205939,1142.7727842457202,0.95,0.0,0.0,0.0
67,audits,node-005,0.0,0.0,0.0,0.0,0.0,0.0,0.0,0.0,8839.30763205939,1142.7727842457202,0.95,0.0,0.0,0.0
67,audits,node-006,0.0,0.0,0.0,0.0,0.0,0.0,0.0,0.0,8839.30763205939,1142.7727842457202,0.95,0.0,0.0,0.0
67,audits,node-007,0.0,0.0,0.0,0.0,0.0,0.0,0.0,0.0,8839.30763205939,1142.7727842457202,0.95,0.0,0.0,0.0
67,audits,node-008,0.0,0.0,0.0,0.0,0.0,0.0,0.0,0.0,8839.30763205939,1142.7727842457202,0.95,0.0,0.0,0.0
67,audits,node-009,0.0,243.1585625509534,458.4234488416224,0.0,243158.56255095341,458423.4488416224,0.0,0.0,8839.30763205939,1142.7727842457202,0.95,-541.5765511583776,0.0,0.0
67,audits,node-010,0.0,0.0,0.0,0.0,0.0,0.0,0.0,0.0,8839.30763205939,1142.7727842457202,0.95,0.0,0.0,0.0
67,audits,node-011,0.0,0.0,0.0,0.0,0.0,0.0,0.0,0.0,8839.30763205939,1142.7727842457202,0.95,0.0,0.0,0.0
67,audits,node-012,0.0,0.0,0.0,0.0,0.0,0.0,0.0,0.0,8839.30763205939,1142.7727842457202,0.95,0.0,0.0,0.0
67,audits,node-013,0.0,0.0,0.0,0.0,0.0,0.0,0.0,0.0,8839.30763205939,1142.7727842457202,0.95,0.0,0.0,0.0
67,audits,node-014,0.0,0.0,228.6094388827741,0.0,0.0,228609.4388827741,0.0,0.0,8839.30763205939,1142.7727842457202,0.95,-571.3905611172258,0.0,0.0
67,audits,node-015,0.0,0.0,0.0,0.0,0.0,0.0,0.0,0.0,8839.30763205939,1142.7727842457202,0.95,0.0,0.0,0.0
67,audits,node-016,113.92437164672859,0.0,243.3523131034625,113924.37164672858,0.0,243352.3131034625,0.0,0.0,8839.30763205939,1142.7727842457202,0.95,-356.6476868965375,0.0,0.0
67,audits,node-017,0.0,0.0,0.0,0.0,0.0,0.0,0.0,0.0,8839.30763205939,1142.7727842457202,0.95,0.0,0.0,0.0
67,audits,node-018,0.0,0.0,9.60595792025672,0.0,0.0,9605.95792025672,0.0,0.0,8839.30763205939,1142.7727842457202,0.95,-265.8478654786237,0.0,0.0
67,audits,node-019,0.0,0.0,0.0,0.0,0.0,0.0,0.0,0.0,8839.30763205939,1142.7727842457202,0.95,0.0,0.0,0.0
67,audits,node-020,0.0,0.0,0.0,0.0,0.0,0.0,0.0,0.0,8839.30763205939,1142.7727842457202,0.95,0.0,0.0,0.0
67,audits,node-021,0.0,0.0,278.2415993560285,0.0,0.0,278241.5993560285,0.0,0.0,8839.30763205939,1142.7727842457202,0.95,-421.7584006439715,0.0,0.0
67,audits,node-022,0.0,0.0,0.0,0.0,0.0,0.0,0.0,0.0,8839.30763205939,1142.7727842457202,0.95,0.0,0.0,0.0
67,audits,node-023,256.23026665986754,53.511730738284086,257.267921340738,0.28801028064945816,0.060148743506675484,0.28917663472522953,762.7346505141178,889.6566680955721,8839.30763205939,1142.7727842457202,0.95,-2302.7397942238294,84.75442499080259,-762.7346505141178
67,audits,node-024,0.0,0.0,0.0,0.0,0.0,0.0,0.0,0.0,8839.30763205939,1142.7727842457202,0.95,0.0,0.0,0.0
67,audits,node-025,0.0,0.0,0.0,0.0,0.0,0.0,0.0,0.0,8839.30763205939,1142.7727842457202,0.95,0.0,0.0,0.0
67,audits,node-026,0.0,0.0,0.0,0.0,0.0,0.0,0.0,0.0,8839.30763205939,1142.7727842457202,0.95,0.0,0.0,0.0
67,audits,node-027,155.6827662158262,199.1103390966837,442.8337844471499,0.6150646137580409,0.7866363553815429,1.7495282054045969,227.39248042304578,253.116116150148,8839.30763205939,1142.7727842457202,0.95,-1667.6358529435304,89.02169009847316,-227.39248042304578
67,audits,node-028,0.0,0.0,0.0,0.0,0.0,0.0,0.0,0.0,8839.30763205939,1142.7727842457202,0.95,0.0,0.0,0.0
67,audits,node-029,0.0,0.0,0.0,0.0,0.0,0.0,0.0,0.0,8839.30763205939,1142.7727842457202,0.95,0.0,0.0,0.0
70,greedy,node-000,0.0,0.0,0.0,0.0,0.0,0.0,0.0,0.0,8722.945597923748,291.127259816734,0.9,0.0,0.0,0.0
70,greedy,node-001,0.0,0.0,0.0,0.0,0.0,0.0,0.0,0.0,8722.945597923748,291.127259816734,0.9,0.0,0.0,0.0
70,greedy,node-002,0.0,0.0,0.0,0.0,0.0,0.0,0.0,0.0,8722.945597923748,291.127259816734,0.9,0.0,0.0,0.0
70,greedy,node-003,0.0,0.0,0.0,0.0,0.0,0.0,0.0,0.0,8722.945597923748,291.127259816734,0.9,0.0,0.0,0.0
70,greedy,node-004,0.0,0.0,0.0,0.0,0.0,0.0,0.0,0.0,8722.945597923748,291.127259816734,0.9,-58.15854625651054,0.0,0.0
70,greedy,node-005,0.0,0.0,0.0,0.0,0.0,0.0,0.0,0.0,8722.945597923748,291.127259816734,0.9,0.0,0.0,0.0
70,greedy,node-006,0.0,0.0,0.0,0.0,0.0,0.0,0.0,0.0,8722.945597923748,291.127259816734,0.9,0.0,0.0,0.0
70,greedy,node-007,0.0,0.0,0.0,0.0,0.0,0.0,0.0,0.0,8722.945597923748,291.127259816734,0.9,0.0,0.0,0.0
70,greedy,node-008,0.0,0.0,0.0,0.0,0.0,0.0,14.071878757092236,42.21563627127671,8722.945597923748,291.127259816734,0.9,-61.6493908620774,12.660989582532398,-14.071878757092236
70,greedy,node-009,19.11914245603687,0.0,19.11914245603687,19119.14245603687,0.0,19119.14245603687,0.0,0.0,8722.945597923748,291.127259816734,0.9,-51.9640230291398,0.0,0.0
70,greedy,node-010,0.0,0.0,0.0,0.0,0.0,0.0,0.0,0.0,8722.945597923748,291.127259816734,0.9,0.0,0.0,0.0
70,greedy,node-011,0.0,0.0,0.0,0.0,0.0,0.0,0.0,0.0,8722.945597923748,291.127259816734,0.9,0.0,0.0,0.0
70,greedy,node-012,0.0,0.0,0.0,0.0,0.0,0.0,0.0,0.0,8722.945597923748,291.127259816734,0.9,0.0,0.0,0.0
70,greedy,node-013,0.0,0.0,0.0,0.0,0.0,0.0,0.0,0.0,8722.945597923748,291.127259816734,0.9,0.0,0.0,0.0
70,greedy,node-014,0.0,0.0,0.0,0.0,0.0,0.0,0.0,0.0,8722.945597923748,291.127259816734,0.9,0.0,0.0,0.0
70,greedy,node-015,11.967038506851601,0.0,11.967038506851601,11967.0385068516,0.0,11967.0385068516,0.0,0.0,8722.945597923748,291.127259816734,0.9,-41.89537087851406,0.0,0.0
70,greedy,node-016,6.777111687202815,0.0,6.777111687202815,0.10993085180674744,0.0,0.10993085180674744,20.549619983286146,61.64885994985843,8722.945597923748,291.127259816734,0.9,-46.01358778069989,-6.164885994985843,-20.549619983286146
70,greedy,node-017,0.0,0.0,0.0,0.0,0.0,0.0,39.32339213131836,117.97017639395509,8722.945597923748,291.127259816734,0.9,-94.68607244061133,5.5518520097030475,-39.32339213131836
70,greedy,node-018,0.0,0.0,0.0,0.0,0.0,0.0,0.0,0.0,8722.945597923748,291.127259816734,0.9,0.0,0.0,0.0
70,greedy,node-019,0.0,0.0,0.0,0.0,0.0,0.0,0.0,0.0,8722.945597923748,291.127259816734,0.9,0.0,0.0,0.0
70,greedy,node-020,0.0,0.0,0.0,0.0,0.0,0.0,23.0975290672146,69.29258720164381,8722.945597923748,291.127259816734,0.9,-67.264419341445,9.771211591291696,-23.0975290672146
70,greedy,node-021,0.0,0.0,0.0,0.0,0.0,0.0,0.0,0.0,8722.945597923748,291.127259816734,0.9,-33.41554669842527,0.0,0.0
70,greedy,node-022,0.0,0.0,0.0,0.0,0.0,0.0,0.0,0.0,8722.945597923748,291.127259816734,0.9,0.0,0.0,0.0
70,greedy,node-023,0.0,0.0,0.0,0.0,0.0,0.0,0.0,0.0,8722.945597923748,291.127259816734,0.9,0.0,0.0,0.0
70,greedy,node-024,0.0,0.0,0.0,0.0,0.0,0.0,0.0,0.0,8722.945597923748,291.127259816734,0.9,0.0,0.0,0.0
70,greedy,node-025,0.0,0.0,0.0,0.0,0.0,0.0,0.0,0.0,8722.945597923748,291.127259816734,0.9,-36.0701657331621,0.0,0.0
70,greedy,node-026,0.0,0.0,0.0,0.0,0.0,0.0,0.0,0.0,8722.945597923748,291.127259816734,0.9,0.0,0.0,0.0
70,greedy,node-027,0.0,0.0,0.0,0.0,0.0,0.0,0.0,0.0,8722.945597923748,291.127259816734,0.9,-31.818308675419527,0.0,0.0
70,greedy,node-028,0.0,0.0,0.0,0.0,0.0,0.0,0.0,0.0,8722.945597923748,291.127259816734,0.9,0.0,0.0,0.0
70,greedy,node-029,0.0,0.0,0.0,0.0,0.0,0.0,0.0,0.0,8722.945597923748,291.127259816734,0.9,0.0,0.0,0.0
70,trust_vcg,node-000,0.0,0.0,0.0,0.0,0.0,0.0,0.0,0.0,7304.684497026909,-363.4393620305994,0.85,0.0,0.0,0.0
70,trust_vcg,node-001,0.0,0.0,0.0,0.0,0.0,0.0,0.0,0.0,7304.684497026909,-363.4393620305994,0.85,-2292.536446109456,0.0,0.0
70,trust_vcg,node-002,0.0,0.0,0.0,0.0,0.0,0.0,0.0,0.0,7304.684497026909,-363.4393620305994,0.85,0.0,0.0,0.0
70,trust_vcg,node-003,0.0,0.0,434.7422127443673,0.0,0.0,434742.2127443673,0.0,0.0,7304.684497026909,-363.4393620305994,0.85,-5616.75418266118,0.0,0.0
70,trust_vcg,node-004,0.0,0.0,522.2032548153409,0.0,0.0,522203.25481534086,0.0,0.0,7304.684497026909,-363.4393620305994,0.85,-5562.4008495631615,0.0,0.0
70,trust_vcg,node-005,0.0,0.0,0.0,0.0,0.0,0.0,0.0,0.0,7304.684497026909,-363.4393620305994,0.85,0.0,0.0,0.0
70,trust_vcg,node-006,0.0,0.0,0.0,0.0,0.0,0.0,0.0,0.0,7304.684497026909,-363.4393620305994,0.85,0.0,0.0,0.0
70,trust_vcg,node-007,0.0,0.0,265.1743771036413,0.0,0.0,265174.3771036413,0.0,0.0,7304.684497026909,-363.4393620305994,0.85,-3934.8256228963583,0.0,0.0
70,trust_vcg,node-008,0.0,0.0,0.0,0.0,0.0,0.0,0.0,0.0,7304.684497026909,-363.4393620305994,0.85,-5551.987110364114,0.0,0.0
70,trust_vcg,node-009,0.0,0.0,0.0,0.0,0.0,0.0,0.0,0.0,7304.684497026909,-363.4393620305994,0.85,-5547.26653987159,0.0,0.0
70,trust_vcg,node-010,0.0,0.0,114.77100816537082,0.0,0.0,114771.00816537082,0.0,0.0,7304.684497026909,-363.4393620305994,0.85,-2285.228991834629,0.0,0.0
70,trust_vcg,node-011,0.0,0.0,0.0,0.0,0.0,0.0,0.0,0.0,7304.684497026909,-363.4393620305994,0.85,0.0,0.0,0.0
70,trust_vcg,node-012,0.0,0.0,0.0,0.0,0.0,0.0,0.0,0.0,7304.684497026909,-363.4393620305994,0.85,-1162.4713022932283,0.0,0.0
70,trust_vcg,node-013,0.0,0.0,0.0,0.0,0.0,0.0,0.0,0.0,7304.684497026909,-363.4393620305994,0.85,-2301.897486367958,0.0,0.0
70,trust_vcg,node-014,0.0,0.0,0.0,0.0,0.0,0.0,0.0,0.0,7304.684497026909,-363.4393620305994,0.85,0.0,0.0,0.0
70,trust_vcg,node-015,0.0,0.0,351.7146032363116,0.0,0.0,351714.6032363116,0.0,0.0,7304.684497026909,-363.4393620305994,0.85,-5563.28320891812,0.0,0.0
70,trust_vcg,node-016,433.23131798585655,179.20456515544433,552.221000020284,433231.31798585656,179204.56515544432,552221.000020284,-433.23131798585655,-331.3754467962016,7304.684497026909,-363.4393620305994,0.85,-10671.896399595342,101.86931892901885,433.23131798585655
70,trust_vcg,node-017,97.53660166489128,246.5242664833146,759.9155660934792,97536.60166489128,246524.2664833146,759915.5660934793,0.0,0.0,7304.684497026909,-363.4393620305994,0.85,-11055.362680309296,0.0,0.0
70,trust_vcg,node-018,200.88707471828405,0.0,325.495253937434,200887.07471828404,0.0,325495.25393743394,0.0,0.0,7304.684497026909,-363.4393620305994,0.85,-5074.504746062566,0.0,0.0
70,trust_vcg,node-019,220.7766373977975,165.02169655782478,344.6212344834162,220776.6373977975,165021.6965578248,344621.2344834162,0.0,0.0,7304.684497026909,-363.4393620305994,0.85,-5055.378765516584,0.0,0.0
70,trust_vcg,node-020,0.0,0.0,434.75978047573005,0.0,0.0,3.0243401763586073,113.5229299185581,143.7535975199699,7304.684497026909,-363.4393620305994,0.85,-5657.689820192789,49.49216939068876,-113.5229299185581
70,trust_vcg,node-021,368.43427195159256,284.4683492643636,413.0041734475149,368434.2719515925,284468.3492643636,413004.1734475149,0.0,0.0,7304.684497026909,-363.4393620305994,0.85,-5586.995826552486,0.0,0.0
70,trust_vcg,node-022,0.0,0.0,0.0,0.0,0.0,0.0,0.0,0.0,7304.684497026909,-363.4393620305994,0.85,0.0,0.0,0.0
70,trust_vcg,node-023,0.0,0.0,63.33085565684897,0.0,0.0,63330.855656848966,0.0,0.0,7304.684497026909,-363.4393620305994,0.85,-1736.669144343151,0.0,0.0
70,trust_vcg,node-024,0.0,0.0,236.16840288927995,0.0,0.0,236168.40288927994,0.0,0.0,7304.684497026909,-363.4393620305994,0.85,-5073.190805122084,0.0,0.0
70,trust_vcg,node-025,320.0981756870161,320.0981756870161,320.0981756870161,320098.1756870161,320098.1756870161,320098.1756870161,-320.0981756870161,-175.81751275436773,7304.684497026909,-363.4393620305994,0.85,-5253.402464095266,-21.64209943989721,320.0981756870161
70,trust_vcg,node-026,240.92926049426652,0.0,364.303337996585,240929.26049426652,0.0,364303.337996585,0.0,0.0,7304.684497026909,-363.4393620305994,0.85,-5635.6966620034145,0.0,0.0
70,trust_vcg,node-027,0.0,427.4383741114691,546.3662529883529,0.0,427438.3741114691,546366.2529883529,0.0,0.0,7304.684497026909,-363.4393620305994,0.85,-10005.48853430278,0.0,0.0
70,trust_vcg,node-028,0.0,0.0,0.0,0.0,0.0,0.0,0.0,0.0,7304.684497026909,-363.4393620305994,0.85,0.0,0.0,0.0
70,trust_vcg,node-029,0.0,0.0,0.0,0.0,0.0,0.0,0.0,0.0,7304.684497026909,-363.4393620305994,0.85,0.0,0.0,0.0
70,contingent,node-000,0.0,0.0,0.0,0.0,0.0,0.0,0.0,0.0,7304.684497026909,351.0751566015776,0.85,0.0,0.0,0.0
70,contingent,node-001,0.0,0.0,0.0,0.0,0.0,0.0,0.0,0.0,7304.684497026909,351.0751566015776,0.85,-370.1457844378234,0.0,0.0
70,contingent,node-002,0.0,0.0,0.0,0.0,0.0,0.0,0.0,0.0,7304.684497026909,351.0751566015776,0.85,0.0,0.0,0.0
70,contingent,node-003,0.0,0.0,34.742212744367336,0.0,0.0,34742.21274436734,0.0,0.0,7304.684497026909,351.0751566015776,0.85,-467.01673064471606,0.0,0.0
70,contingent,node-004,0.0,89.44424358521026,172.2032548153409,0.0,89444.24358521026,172203.2548153409,0.0,0.0,7304.684497026909,351.0751566015776,0.85,-249.6033982526458,0.0,0.0
70,contingent,node-005,0.0,0.0,0.0,0.0,0.0,0.0,0.0,0.0,7304.684497026909,351.0751566015776,0.85,0.0,0.0,0.0
70,contingent,node-006,0.0,0.0,0.0,0.0,0.0,0.0,0.0,0.0,7304.684497026909,351.0751566015776,0.85,0.0,0.0,0.0
70,contingent,node-007,0.0,0.0,0.0,0.0,0.0,0.0,0.0,0.0,7304.684497026909,351.0751566015776,0.85,-339.3024915854347,0.0,0.0
70,contingent,node-008,0.0,60.189042497687694,124.87237647998664,0.0,60189.0424976877,124872.37647998663,0.0,0.0,7304.684497026909,351.0751566015776,0.85,-207.94844145645993,0.0,0.0
70,contingent,node-009,0.0,34.40833952908493,159.08188625067874,0.0,34408.33952908493,159081.88625067874,0.0,0.0,7304.684497026909,351.0751566015776,0.85,-189.06615948636048,0.0,0.0
70,contingent,node-010,0.0,0.0,12.50338001959284,0.0,0.0,12503.38001959284,0.0,0.0,7304.684497026909,351.0751566015776,0.85,-340.91596733851674,0.0,0.0
70,contingent,node-011,0.0,0.0,0.0,0.0,0.0,0.0,0.0,0.0,7304.684497026909,351.0751566015776,0.85,0.0,0.0,0.0
70,contingent,node-012,0.0,0.0,0.0,0.0,0.0,0.0,0.0,0.0,7304.684497026909,351.0751566015776,0.85,-249.88520917291365,0.0,0.0
70,contingent,node-013,0.0,0.0,0.0,0.0,0.0,0.0,0.0,0.0,7304.684497026909,351.0751566015776,0.85,-407.58994547183255,0.0,0.0
70,contingent,node-014,0.0,0.0,0.0,0.0,0.0,0.0,0.0,0.0,7304.684497026909,351.0751566015776,0.85,0.0,0.0,0.0
70,contingent,node-015,0.0,60.09481513996841,151.71460323631155,0.0,60094.81513996841,151714.60323631155,0.0,0.0,7304.684497026909,351.0751566015776,0.85,-253.13283567248033,0.0,0.0
70,contingent,node-016,0.0,45.04531157476018,57.07623297323852,0.0,0.3206359107991496,0.40627291286432227,38.63154789727669,140.48741908693168,7304.684497026909,351.0751566015776,0.85,-459.1424182220597,3.550171864510091,-38.63154789727669
70,contingent,node-017,1.5190786389429345,87.65915169789623,309.91556609347924,1519.0786389429345,87659.15169789623,309915.5660934792,0.0,0.0,7304.684497026909,351.0751566015776,0.85,-221.45072123717182,0.0,0.0
70,contingent,node-018,0.0,0.0,0.0,0.0,0.0,0.0,0.0,0.0,7304.684497026909,351.0751566015776,0.85,-498.018984250264,0.0,0.0
70,contingent,node-019,0.0,65.0216965578248,65.0216965578248,0.0,65021.6965578248,65021.6965578248,0.0,0.0,7304.684497026909,351.0751566015776,0.85,-421.515062066335,0.0,0.0
70,contingent,node-020,0.0,53.53996510333807,233.16737659358225,0.0,1.180698704358918,5.141961129624387,15.115333800705905,45.346001402117714,7304.684497026909,351.0751566015776,0.85,-191.7828948976275,0.2883713317626455,-15.115333800705905
70,contingent,node-021,25.06038080942663,84.46834926436358,116.95441344448844,25060.380809426628,84468.34926436358,116954.41344448844,0.0,0.0,7304.684497026909,351.0751566015776,0.85,-347.9833062099404,0.0,0.0
70,contingent,node-022,0.0,0.0,0.0,0.0,0.0,0.0,0.0,0.0,7304.684497026909,351.0751566015776,0.85,0.0,0.0,0.0
70,contingent,node-023,0.0,0.0,0.0,0.0,0.0,0.0,0.0,0.0,7304.684497026909,351.0751566015776,0.85,-346.676577372604,0.0,0.0
70,contingent,node-024,0.0,0.0,36.16840288927994,0.0,0.0,36168.40288927994,0.0,0.0,7304.684497026909,351.0751566015776,0.85,-492.7632204883385,0.0,0.0
70,contingent,node-025,0.0,26.471671618881327,45.33663347367698,0.0,0.16019967014177547,0.2743655116453335,20.961073179879836,165.2417361125282,7304.684497026909,351.0751566015776,0.85,-314.963632309008,-16.52417361125282,-20.961073179879836
70,contingent,node-026,0.0,0.0,17.276333274450145,0.0,0.0,17276.333274450146,0.0,0.0,7304.684497026909,351.0751566015776,0.85,-542.7866480136597,0.0,0.0
70,contingent,node-027,0.0,77.43837411146906,77.43837411146906,0.0,77438.37411146906,77438.37411146906,0.0,0.0,7304.684497026909,351.0751566015776,0.85,-421.95413721110936,0.0,0.0
70,contingent,node-028,0.0,0.0,0.0,0.0,0.0,0.0,0.0,0.0,7304.684497026909,351.0751566015776,0.85,0.0,0.0,0.0
70,contingent,node-029,0.0,0.0,0.0,0.0,0.0,0.0,0.0,0.0,7304.684497026909,351.0751566015776,0.85,0.0,0.0,0.0
70,capped,node-000,0.0,0.0,0.0,0.0,0.0,0.0,0.0,0.0,7304.684497026909,414.5508025855727,0.85,0.0,0.0,0.0
70,capped,node-001,0.0,0.0,0.0,0.0,0.0,0.0,0.0,0.0,7304.684497026909,414.5508025855727,0.85,-92.53644610945585,0.0,0.0
70,capped,node-002,0.0,0.0,0.0,0.0,0.0,0.0,0.0,0.0,7304.684497026909,414.5508025855727,0.85,0.0,0.0,0.0
70,capped,node-003,0.0,0.0,34.742212744367336,0.0,0.0,34742.21274436734,0.0,0.0,7304.684497026909,414.5508025855727,0.85,-116.75418266117902,0.0,0.0
70,capped,node-004,0.0,116.31709251302108,172.2032548153409,0.0,116317.09251302108,172203.2548153409,0.0,0.0,7304.684497026909,414.5508025855727,0.85,-62.40084956316145,0.0,0.0
70,capped,node-005,0.0,0.0,0.0,0.0,0.0,0.0,0.0,0.0,7304.684497026909,414.5508025855727,0.85,0.0,0.0,0.0
70,capped,node-006,0.0,0.0,0.0,0.0,0.0,0.0,0.0,0.0,7304.684497026909,414.5508025855727,0.85,0.0,0.0,0.0
70,capped,node-007,0.0,0.0,0.0,0.0,0.0,0.0,0.0,0.0,7304.684497026909,414.5508025855727,0.85,-84.82562289635868,0.0,0.0
70,capped,node-008,0.0,95.15502420997034,194.80433990455197,0.0,95155.02420997033,194804.33990455198,0.0,0.0,7304.684497026909,414.5508025855727,0.85,-51.98711036411498,0.0,0.0
70,capped,node-009,5.465445028993013,94.53307974318025,279.33136667886936,5465.445028993013,94533.07974318025,279331.36667886935,0.0,0.0,7304.684497026909,414.5508025855727,0.85,-47.26653987159011,0.0,0.0
70,capped,node-010,0.0,0.0,12.50338001959284,0.0,0.0,12503.38001959284,0.0,0.0,7304.684497026909,414.5508025855727,0.85,-85.22899183462918,0.0,0.0
70,capped,node-011,0.0,0.0,0.0,0.0,0.0,0.0,0.0,0.0,7304.684497026909,414.5508025855727,0.85,0.0,0.0,0.0
70,capped,node-012,0.0,0.0,0.0,0.0,0.0,0.0,0.0,0.0,7304.684497026909,414.5508025855727,0.85,-62.471302293228405,0.0,0.0
70,capped,node-013,0.0,0.0,0.0,0.0,0.0,0.0,0.0,0.0,7304.684497026909,414.5508025855727,0.85,-101.89748636795814,0.0,0.0
70,capped,node-014,0.0,0.0,0.0,0.0,0.0,0.0,0.0,0.0,7304.684497026909,414.5508025855727,0.85,0.0,0.0,0.0
70,capped,node-015,0.0,94.76525775203058,151.71460323631155,0.0,94765.25775203058,151714.60323631155,0.0,0.0,7304.684497026909,414.5508025855727,0.85,-63.28320891812008,0.0,0.0
70,capped,node-016,0.0,45.04531157476018,60.15032989762621,0.0,0.29483040462724747,0.3936957139867219,50.92793559482749,152.78380678448252,7304.684497026909,414.5508025855727,0.85,-156.05565317602324,2.320533094755021,-50.92793559482749
70,capped,node-017,1.5190786389429345,96.52426648331465,309.91556609347924,1519.0786389429345,96524.26648331464,309915.5660934792,0.0,0.0,7304.684497026909,414.5508025855727,0.85,-55.36268030929296,0.0,0.0
70,capped,node-018,0.0,0.0,0.0,0.0,0.0,0.0,0.0,0.0,7304.684497026909,414.5508025855727,0.85,-124.504746062566,0.0,0.0
70,capped,node-019,0.0,65.0216965578248,65.0216965578248,0.0,65021.6965578248,65021.6965578248,0.0,0.0,7304.684497026909,414.5508025855727,0.85,-105.37876551658375,0.0,0.0
70,capped,node-020,0.0,73.21844674775491,233.16737659358225,0.0,1.6146615905219708,5.141961129624387,15.115333800705905,45.346001402117714,7304.684497026909,414.5508025855727,0.85,-59.2822240749363,0.2883713317626455,-15.115333800705905
70,capped,node-021,25.06038080942663,84.46834926436358,116.95441344448844,25060.380809426628,84468.34926436358,116954.41344448844,0.0,0.0,7304.684497026909,414.5508025855727,0.85,-86.9958265524851,0.0,0.0
70,capped,node-022,0.0,0.0,0.0,0.0,0.0,0.0,0.0,0.0,7304.684497026909,414.5508025855727,0.85,0.0,0.0,0.0
70,capped,node-023,0.0,0.0,0.0,0.0,0.0,0.0,0.0,0.0,7304.684497026909,414.5508025855727,0.85,-86.66914434315102,0.0,0.0
70,capped,node-024,0.0,0.0,36.16840288927994,0.0,0.0,36168.40288927994,0.0,0.0,7304.684497026909,414.5508025855727,0.85,-123.19080512208463,0.0,0.0
70,capped,node-025,0.0,26.47167161888133,70.92626261689914,0.0,0.12231563620893798,0.3277235778990389,72.14033146632418,216.42099439897254,7304.684497026909,414.5508025855727,0.85,-145.64097124860623,-21.64209943989725,-72.14033146632418
70,capped,node-026,0.0,0.0,17.276333274450145,0.0,0.0,17276.333274450146,0.0,0.0,7304.684497026909,414.5508025855727,0.85,-135.69666200341496,0.0,0.0
70,capped,node-027,0.0,77.43837411146906,77.43837411146906,0.0,77438.37411146906,77438.37411146906,0.0,0.0,7304.684497026909,414.5508025855727,0.85,-105.48853430277735,0.0,0.0
70,capped,node-028,0.0,0.0,0.0,0.0,0.0,0.0,0.0,0.0,7304.684497026909,414.5508025855727,0.85,0.0,0.0,0.0
70,capped,node-029,0.0,0.0,0.0,0.0,0.0,0.0,0.0,0.0,7304.684497026909,414.5508025855727,0.85,0.0,0.0,0.0
70,proper_scoring,node-000,0.0,0.0,0.0,0.0,0.0,0.0,0.0,0.0,7304.684497026909,1205.7162188581162,0.85,0.0,0.0,0.0
70,proper_scoring,node-001,0.0,0.0,7.463553890544148,0.0,0.0,7463.553890544148,0.0,0.0,7304.684497026909,1205.7162188581162,0.85,-292.5364461094558,0.0,0.0
70,proper_scoring,node-002,0.0,0.0,0.0,0.0,0.0,0.0,0.0,0.0,7304.684497026909,1205.7162188581162,0.85,0.0,0.0,0.0
70,proper_scoring,node-003,0.0,0.0,434.7422127443673,0.0,0.0,434742.2127443673,0.0,0.0,7304.684497026909,1205.7162188581162,0.85,-424.4549230518595,0.0,0.0
70,proper_scoring,node-004,0.0,489.4442435852103,522.2032548153409,0.0,489444.2435852103,522203.25481534086,0.0,0.0,7304.684497026909,1205.7162188581162,0.85,-249.6033982526458,0.0,0.0
70,proper_scoring,node-005,0.0,0.0,0.0,0.0,0.0,0.0,0.0,0.0,7304.684497026909,1205.7162188581162,0.85,0.0,0.0,0.0
70,proper_scoring,node-006,0.0,0.0,0.0,0.0,0.0,0.0,0.0,0.0,7304.684497026909,1205.7162188581162,0.85,0.0,0.0,0.0
70,proper_scoring,node-007,0.0,0.0,265.1743771036413,0.0,0.0,265174.3771036413,0.0,0.0,7304.684497026909,1205.7162188581162,0.85,-326.0494948771609,0.0,0.0
70,proper_scoring,node-008,0.0,460.18904249768764,460.18904249768764,0.0,460189.0424976876,460189.0424976876,0.0,0.0,7304.684497026909,1205.7162188581162,0.85,-207.94844145645993,0.0,0.0
70,proper_scoring,node-009,257.2544319168181,434.40833952908497,490.2769642829464,257254.43191681808,434408.339529085,490276.96428294637,0.0,0.0,7304.684497026909,1205.7162188581162,0.85,-189.06615948636048,0.0,0.0
70,proper_scoring,node-010,0.0,0.0,114.77100816537082,0.0,0.0,114771.00816537082,0.0,0.0,7304.684497026909,1205.7162188581162,0.85,-285.22899183462914,0.0,0.0
70,proper_scoring,node-011,0.0,0.0,0.0,0.0,0.0,0.0,0.0,0.0,7304.684497026909,1205.7162188581162,0.85,0.0,0.0,0.0
70,proper_scoring,node-012,0.0,0.0,0.0,0.0,0.0,0.0,0.0,0.0,7304.684497026909,1205.7162188581162,0.85,-162.4713022932284,0.0,0.0
70,proper_scoring,node-013,0.0,0.0,0.0,0.0,0.0,0.0,0.0,0.0,7304.684497026909,1205.7162188581162,0.85,-301.8974863679581,0.0,0.0
70,proper_scoring,node-014,0.0,0.0,0.0,0.0,0.0,0.0,0.0,0.0,7304.684497026909,1205.7162188581162,0.85,0.0,0.0,0.0
70,proper_scoring,node-015,20.01099030303848,360.0948151399684,381.589688538863,20010.990303038478,360094.81513996836,381589.68853886303,0.0,0.0,7304.684497026909,1205.7162188581162,0.85,-253.13283567248033,0.0,0.0
70,proper_scoring,node-016,91.6893521034541,197.75259656917785,307.4173051145756,0.12427733936782404,0.26803730194283143,0.4166787514449758,635.9242629028591,737.7801340925141,7304.684497026909,1205.7162188581162,0.85,-1028.9374139411186,103.09895769877369,-635.9242629028591
70,proper_scoring,node-017,595.8701272169103,787.6591516978962,920.3430245194792,595870.1272169102,787659.1516978962,920343.0245194791,0.0,0.0,7304.684497026909,1205.7162188581162,0.85,-221.45072123717182,0.0,0.0
70,proper_scoring,node-018,200.88707471828405,0.0,325.495253937434,200887.07471828404,0.0,325495.25393743394,0.0,0.0,7304.684497026909,1205.7162188581162,0.85,-440.85969126673666,0.0,0.0
70,proper_scoring,node-019,220.7766373977975,165.02169655782478,344.6212344834162,220776.6373977975,165021.6965578248,344621.2344834162,0.0,0.0,7304.684497026909,1205.7162188581162,0.85,-418.67552561267024,0.0,0.0
70,proper_scoring,node-020,190.42091995153024,405.13236898548587,466.4630839857273,1.3246341186353783,2.8182416021220327,3.2448793771642994,113.5229299185581,143.7535975199699,7304.684497026909,1205.7162188581162,0.85,-290.19049101547967,49.49216939068876,-113.5229299185581
70,proper_scoring,node-021,368.43427195159256,284.4683492643636,413.0041734475149,368434.2719515925,284468.3492643636,413004.1734475149,0.0,0.0,7304.684497026909,1205.7162188581162,0.85,-347.9833062099404,0.0,0.0
70,proper_scoring,node-022,0.0,0.0,0.0,0.0,0.0,0.0,0.0,0.0,7304.684497026909,1205.7162188581162,0.85,0.0,0.0,0.0
70,proper_scoring,node-023,0.0,0.0,63.33085565684897,0.0,0.0,63330.855656848966,0.0,0.0,7304.684497026909,1205.7162188581162,0.85,-236.66914434315103,0.0,0.0
70,proper_scoring,node-024,0.0,0.0,248.64041919615326,0.0,0.0,248640.41919615326,0.0,0.0,7304.684497026909,1205.7162188581162,0.85,-466.2834813683834,0.0,0.0
70,proper_scoring,node-025,169.3896484740493,118.71017877222164,215.52914326989816,0.5225132607046202,0.36618319447427533,0.6648389464252344,179.90182431298388,324.1824872456323,7304.684497026909,1205.7162188581162,0.85,-473.904383442112,-21.642099439897237,-179.90182431298388
70,proper_scoring,node-026,240.92926049426652,0.0,364.303337996585,240929.26049426652,0.0,364303.337996585,0.0,0.0,7304.684497026909,1205.7162188581162,0.85,-481.3679079060176,0.0,0.0
70,proper_scoring,node-027,0.0,427.4383741114691,739.9003115924228,0.0,427438.3741114691,739900.3115924228,0.0,0.0,7304.684497026909,1205.7162188581162,0.85,-401.85989503066014,0.0,0.0
70,proper_scoring,node-028,0.0,0.0,0.0,0.0,0.0,0.0,0.0,0.0,7304.684497026909,1205.7162188581162,0.85,0.0,0.0,0.0
70,proper_scoring,node-029,0.0,0.0,0.0,0.0,0.0,0.0,0.0,0.0,7304.684497026909,1205.7162188581162,0.85,0.0,0.0,0.0
70,audits,node-000,0.0,0.0,0.0,0.0,0.0,0.0,0.0,0.0,7304.684497026909,1136.5606379694007,0.85,0.0,0.0,0.0
70,audits,node-001,0.0,0.0,7.463553890544148,0.0,0.0,7463.553890544148,0.0,0.0,7304.684497026909,1136.5606379694007,0.85,-792.5364461094557,0.0,0.0
70,audits,node-002,0.0,0.0,0.0,0.0,0.0,0.0,0.0,0.0,7304.684497026909,1136.5606379694007,0.85,0.0,0.0,0.0
70,audits,node-003,0.0,0.0,434.7422127443673,0.0,0.0,434742.2127443673,0.0,0.0,7304.684497026909,1136.5606379694007,0.85,-1116.7541826611791,0.0,0.0
70,audits,node-004,0.0,466.3170925130212,522.2032548153409,0.0,466317.0925130212,522203.25481534086,0.0,0.0,7304.684497026909,1136.5606379694007,0.85,-1062.4008495631615,0.0,0.0
70,audits,node-005,0.0,0.0,0.0,0.0,0.0,0.0,0.0,0.0,7304.684497026909,1136.5606379694007,0.85,0.0,0.0,0.0
70,audits,node-006,0.0,0.0,0.0,0.0,0.0,0.0,0.0,0.0,7304.684497026909,1136.5606379694007,0.85,0.0,0.0,0.0
70,audits,node-007,0.0,0.0,265.1743771036413,0.0,0.0,265174.3771036413,0.0,0.0,7304.684497026909,1136.5606379694007,0.85,-934.8256228963586,0.0,0.0
70,audits,node-008,0.0,445.1550242099703,445.1550242099703,0.0,445155.02420997026,445155.02420997026,0.0,0.0,7304.684497026909,1136.5606379694007,0.85,-1051.9871103641149,0.0,0.0
70,audits,node-009,238.41338311938628,394.5330797431803,472.0213140915014,238413.38311938627,394533.07974318025,472021.31409150135,0.0,0.0,7304.684497026909,1136.5606379694007,0.85,-1047.26653987159,0.0,0.0
70,audits,node-010,0.0,0.0,114.77100816537082,0.0,0.0,114771.00816537082,0.0,0.0,7304.684497026909,1136.5606379694007,0.85,-785.2289918346291,0.0,0.0
70,audits,node-011,0.0,0.0,0.0,0.0,0.0,0.0,0.0,0.0,7304.684497026909,1136.5606379694007,0.85,0.0,0.0,0.0
70,audits,node-012,0.0,0.0,0.0,0.0,0.0,0.0,0.0,0.0,7304.684497026909,1136.5606379694007,0.85,-162.4713022932284,0.0,0.0
70,audits,node-013,0.0,0.0,0.0,0.0,0.0,0.0,0.0,0.0,7304.684497026909,1136.5606379694007,0.85,-801.8974863679581,0.0,0.0
70,audits,node-014,0.0,0.0,0.0,0.0,0.0,0.0,0.0,0.0,7304.684497026909,1136.5606379694007,0.85,0.0,0.0,0.0
70,audits,node-015,7.233805386759229,344.76525775203055,351.7146032363116,7233.805386759229,344765.25775203056,351714.6032363116,0.0,0.0,7304.684497026909,1136.5606379694007,0.85,-1063.2832089181202,0.0,0.0
70,audits,node-016,85.54115825467886,179.20456515544424,285.79517677645435,0.1279360110914229,0.2680197194326219,0.4274374541093815,566.7686820141435,668.6245532037985,7304.684497026909,1136.5606379694007,0.85,-2171.896399595339,101.86931892901873,-566.7686820141435
70,audits,node-017,576.5336961181262,746.5242664833146,876.991860608543,576533.6961181262,746524.2664833146,876991.8606085429,0.0,0.0,7304.684497026909,1136.5606379694007,0.85,-1555.362680309293,0.0,0.0
70,audits,node-018,200.88707471828405,0.0,325.495253937434,200887.07471828404,0.0,325495.25393743394,0.0,0.0,7304.684497026909,1136.5606379694007,0.85,-1074.504746062566,0.0,0.0
70,audits,node-019,220.7766373977975,165.02169655782478,344.6212344834162,220776.6373977975,165021.6965578248,344621.2344834162,0.0,0.0,7304.684497026909,1136.5606379694007,0.85,-1055.3787655165838,0.0,0.0
70,audits,node-020,167.30998854320703,374.8108506299027,441.67613159942755,1.1638664452899325,2.6073145792252945,3.0724527192307027,113.5229299185581,143.7535975199699,7304.684497026909,1136.5606379694007,0.85,-1157.6898201927884,49.49216939068876,-113.5229299185581
70,audits,node-021,368.43427195159256,284.4683492643636,413.0041734475149,368434.2719515925,284468.3492643636,413004.1734475149,0.0,0.0,7304.684497026909,1136.5606379694007,0.85,-1086.995826552485,0.0,0.0
70,audits,node-022,0.0,0.0,0.0,0.0,0.0,0.0,0.0,0.0,7304.684497026909,1136.5606379694007,0.85,0.0,0.0,0.0
70,audits,node-023,0.0,0.0,63.33085565684897,0.0,0.0,63330.855656848966,0.0,0.0,7304.684497026909,1136.5606379694007,0.85,-236.66914434315103,0.0,0.0
70,audits,node-024,0.0,0.0,236.16840288927995,0.0,0.0,236168.40288927994,0.0,0.0,7304.684497026909,1136.5606379694007,0.85,-1073.1908051220846,0.0,0.0
70,audits,node-025,153.28018989308538,118.71017877222164,203.9135869847314,0.4728206979821996,0.36618319447427533,0.6290086448446137,179.90182431298388,324.1824872456323,7304.684497026909,1136.5606379694007,0.85,-1253.4024640952662,-21.642099439897237,-179.90182431298388
70,audits,node-026,240.92926049426652,0.0,364.303337996585,240929.26049426652,0.0,364303.337996585,0.0,0.0,7304.684497026909,1136.5606379694007,0.85,-1135.6966620034148,0.0,0.0
70,audits,node-027,0.0,427.4383741114691,694.5114656972227,0.0,427438.3741114691,694511.4656972226,0.0,0.0,7304.684497026909,1136.5606379694007,0.85,-1505.4885343027777,0.0,0.0
70,audits,node-028,0.0,0.0,0.0,0.0,0.0,0.0,0.0,0.0,7304.684497026909,1136.5606379694007,0.85,0.0,0.0,0.0
70,audits,node-029,0.0,0.0,0.0,0.0,0.0,0.0,0.0,0.0,7304.684497026909,1136.5606379694007,0.85,0.0,0.0,0.0
69,greedy,node-000,0.0,0.0,0.0,0.0,0.0,0.0,0.0,0.0,8909.949736086965,166.8268844461689,1.0,0.0,0.0,0.0
69,greedy,node-001,0.0,0.0,0.0,0.0,0.0,0.0,0.0,0.0,8909.949736086965,166.8268844461689,1.0,0.0,0.0,0.0
69,greedy,node-002,0.0,0.0,0.0,0.0,0.0,0.0,0.0,0.0,8909.949736086965,166.8268844461689,1.0,0.0,0.0,0.0
69,greedy,node-003,0.0,0.0,0.0,0.0,0.0,0.0,0.0,0.0,8909.949736086965,166.8268844461689,1.0,0.0,0.0,0.0
69,greedy,node-004,0.0,0.0,0.0,0.0,0.0,0.0,0.0,0.0,8909.949736086965,166.8268844461689,1.0,0.0,0.0,0.0
69,greedy,node-005,0.0,0.0,0.0,0.0,0.0,0.0,0.0,0.0,8909.949736086965,166.8268844461689,1.0,0.0,0.0,0.0
69,greedy,node-006,0.0,0.0,0.0,0.0,0.0,0.0,0.0,0.0,8909.949736086965,166.8268844461689,1.0,0.0,0.0,0.0
69,greedy,node-007,0.0,0.0,0.0,0.0,0.0,0.0,0.0,0.0,8909.949736086965,166.8268844461689,1.0,0.0,0.0,0.0
69,greedy,node-008,3.173469912550079,0.0,3.173469912550079,3173.469912550079,0.0,3173.469912550079,0.0,0.0,8909.949736086965,166.8268844461689,1.0,-20.568044227471233,0.0,0.0
69,greedy,node-009,5.519197370308969,0.0,5.519197370308969,5519.197370308969,0.0,5519.197370308969,0.0,0.0,8909.949736086965,166.8268844461689,1.0,-24.779599161085123,0.0,0.0
69,greedy,node-010,0.0,0.0,0.0,0.0,0.0,0.0,0.0,0.0,8909.949736086965,166.8268844461689,1.0,0.0,0.0,0.0
69,greedy,node-011,0.0,0.0,0.0,0.0,0.0,0.0,0.0,0.0,8909.949736086965,166.8268844461689,1.0,0.0,0.0,0.0
69,greedy,node-012,0.0,0.0,0.0,0.0,0.0,0.0,0.0,0.0,8909.949736086965,166.8268844461689,1.0,0.0,0.0,0.0
69,greedy,node-013,0.0,0.0,0.0,0.0,0.0,0.0,0.0,0.0,8909.949736086965,166.8268844461689,1.0,-10.32972155148017,0.0,0.0
69,greedy,node-014,0.0,0.0,0.0,0.0,0.0,0.0,0.0,0.0,8909.949736086965,166.8268844461689,1.0,0.0,0.0,0.0
69,greedy,node-015,0.0,0.0,0.0,0.0,0.0,0.0,0.0,0.0,8909.949736086965,166.8268844461689,1.0,0.0,0.0,0.0
69,greedy,node-016,0.0,0.0,0.0,0.0,0.0,0.0,0.0,0.0,8909.949736086965,166.8268844461689,1.0,0.0,0.0,0.0
69,greedy,node-017,0.0,0.0,0.0,0.0,0.0,0.0,0.0,0.0,8909.949736086965,166.8268844461689,1.0,0.0,0.0,0.0
69,greedy,node-018,0.0,0.0,0.0,0.0,0.0,0.0,0.0,0.0,8909.949736086965,166.8268844461689,1.0,0.0,0.0,0.0
69,greedy,node-019,0.0,0.0,0.0,0.0,0.0,0.0,0.0,0.0,8909.949736086965,166.8268844461689,1.0,0.0,0.0,0.0
69,greedy,node-020,0.0,0.0,0.0,0.0,0.0,0.0,0.0,0.0,8909.949736086965,166.8268844461689,1.0,0.0,0.0,0.0
69,greedy,node-021,0.0,0.0,0.0,0.0,0.0,0.0,0.0,0.0,8909.949736086965,166.8268844461689,1.0,0.0,0.0,0.0
69,greedy,node-022,0.0,0.0,0.0,0.0,0.0,0.0,0.0,0.0,8909.949736086965,166.8268844461689,1.0,0.0,0.0,0.0
69,greedy,node-023,0.0,0.0,0.0,0.0,0.0,0.0,0.0,0.0,8909.949736086965,166.8268844461689,1.0,0.0,0.0,0.0
69,greedy,node-024,23.541289414332596,0.0,23.541289414332596,0.1411120844969614,0.0,0.1411120844969614,55.60896148205629,166.8268844461689,8909.949736086965,166.8268844461689,1.0,-83.41344222308443,-16.682688444616886,-55.60896148205629
69,greedy,node-025,0.0,0.0,0.0,0.0,0.0,0.0,0.0,0.0,8909.949736086965,166.8268844461689,1.0,0.0,0.0,0.0
69,greedy,node-026,0.0,0.0,0.0,0.0,0.0,0.0,0.0,0.0,8909.949736086965,166.8268844461689,1.0,0.0,0.0,0.0
69,greedy,node-027,0.0,0.0,0.0,0.0,0.0,0.0,0.0,0.0,8909.949736086965,166.8268844461689,1.0,0.0,0.0,0.0
69,greedy,node-028,0.0,0.0,0.0,0.0,0.0,0.0,0.0,0.0,8909.949736086965,166.8268844461689,1.0,0.0,0.0,0.0
69,greedy,node-029,0.0,0.0,0.0,0.0,0.0,0.0,0.0,0.0,8909.949736086965,166.8268844461689,1.0,0.0,0.0,0.0
69,trust_vcg,node-000,0.0,0.0,0.0,0.0,0.0,0.0,0.0,0.0,8909.949736086965,1166.375112285943,1.0,0.0,0.0,0.0
69,trust_vcg,node-001,0.0,0.0,75.15597858940976,0.0,0.0,75155.97858940976,0.0,0.0,8909.949736086965,1166.375112285943,1.0,-1124.8440214105901,0.0,0.0
69,trust_vcg,node-002,0.0,0.0,0.0,0.0,0.0,0.0,0.0,0.0,8909.949736086965,1166.375112285943,1.0,0.0,0.0,0.0
69,trust_vcg,node-003,0.0,0.0,0.0,0.0,0.0,0.0,0.0,0.0,8909.949736086965,1166.375112285943,1.0,0.0,0.0,0.0
69,trust_vcg,node-004,0.0,0.0,0.0,0.0,0.0,0.0,0.0,0.0,8909.949736086965,1166.375112285943,1.0,0.0,0.0,0.0
69,trust_vcg,node-005,0.0,0.0,0.0,0.0,0.0,0.0,0.0,0.0,8909.949736086965,1166.375112285943,1.0,0.0,0.0,0.0
69,trust_vcg,node-006,0.0,0.0,74.23478787544492,0.0,0.0,74234.78787544492,0.0,0.0,8909.949736086965,1166.375112285943,1.0,-1125.765212124555,0.0,0.0
69,trust_vcg,node-007,0.0,0.0,0.0,0.0,0.0,0.0,0.0,0.0,8909.949736086965,1166.375112285943,1.0,0.0,0.0,0.0
69,trust_vcg,node-008,0.0,0.0,72.21428938785053,0.0,0.0,72214.28938785053,0.0,0.0,8909.949736086965,1166.375112285943,1.0,-3880.858290580274,0.0,0.0
69,trust_vcg,node-009,0.0,0.0,71.32896790875655,0.0,0.0,71328.96790875655,0.0,0.0,8909.949736086965,1166.375112285943,1.0,-5534.6913614604055,0.0,0.0
69,trust_vcg,node-010,0.0,0.0,0.0,0.0,0.0,0.0,0.0,0.0,8909.949736086965,1166.375112285943,1.0,0.0,0.0,0.0
69,trust_vcg,node-011,0.0,0.0,0.0,0.0,0.0,0.0,0.0,0.0,8909.949736086965,1166.375112285943,1.0,0.0,0.0,0.0
69,trust_vcg,node-012,0.0,0.0,0.0,0.0,0.0,0.0,0.0,0.0,8909.949736086965,1166.375112285943,1.0,0.0,0.0,0.0
69,trust_vcg,node-013,0.0,0.0,167.07021777114818,0.0,0.0,167070.21777114816,0.0,0.0,8909.949736086965,1166.375112285943,1.0,-2232.9297822288518,0.0,0.0
69,trust_vcg,node-014,0.0,0.0,0.0,0.0,0.0,0.0,0.0,0.0,8909.949736086965,1166.375112285943,1.0,0.0,0.0,0.0
69,trust_vcg,node-015,0.0,0.0,0.0,0.0,0.0,0.0,0.0,0.0,8909.949736086965,1166.375112285943,1.0,0.0,0.0,0.0
69,trust_vcg,node-016,0.0,0.0,0.0,0.0,0.0,0.0,0.0,0.0,8909.949736086965,1166.375112285943,1.0,0.0,0.0,0.0
69,trust_vcg,node-017,0.0,0.0,0.0,0.0,0.0,0.0,0.0,0.0,8909.949736086965,1166.375112285943,1.0,0.0,0.0,0.0
69,trust_vcg,node-018,0.0,0.0,0.0,0.0,0.0,0.0,0.0,0.0,8909.949736086965,1166.375112285943,1.0,-2234.831196873588,0.0,0.0
69,trust_vcg,node-019,0.0,0.0,0.0,0.0,0.0,0.0,0.0,0.0,8909.949736086965,1166.375112285943,1.0,0.0,0.0,0.0
69,trust_vcg,node-020,0.0,0.0,0.0,0.0,0.0,0.0,0.0,0.0,8909.949736086965,1166.375112285943,1.0,0.0,0.0,0.0
69,trust_vcg,node-021,0.0,0.0,0.0,0.0,0.0,0.0,0.0,0.0,8909.949736086965,1166.375112285943,1.0,0.0,0.0,0.0
69,trust_vcg,node-022,0.0,0.0,0.0,0.0,0.0,0.0,0.0,0.0,8909.949736086965,1166.375112285943,1.0,0.0,0.0,0.0
69,trust_vcg,node-023,0.0,0.0,0.0,0.0,0.0,0.0,0.0,0.0,8909.949736086965,1166.375112285943,1.0,0.0,0.0,0.0
69,trust_vcg,node-024,166.82688444616883,0.4517721602258007,167.27865660639463,0.14303021617051645,0.00038733007543378234,0.14341754624595024,1055.1571893218304,1166.375112285943,8909.949736086965,1166.375112285943,1.0,-12082.96167006286,-16.682688444616815,-435.2221955503825
69,trust_vcg,node-025,0.0,0.0,0.0,0.0,0.0,0.0,0.0,0.0,8909.949736086965,1166.375112285943,1.0,0.0,0.0,0.0
69,trust_vcg,node-026,0.0,0.0,75.88777759598389,0.0,0.0,75887.77759598389,0.0,0.0,8909.949736086965,1166.375112285943,1.0,-1124.1122224040162,0.0,0.0
69,trust_vcg,node-027,0.0,0.0,0.0,0.0,0.0,0.0,0.0,0.0,8909.949736086965,1166.375112285943,1.0,0.0,0.0,0.0
69,trust_vcg,node-028,0.0,0.0,0.0,0.0,0.0,0.0,0.0,0.0,8909.949736086965,1166.375112285943,1.0,0.0,0.0,0.0
69,trust_vcg,node-029,0.0,0.0,0.0,0.0,0.0,0.0,0.0,0.0,8909.949736086965,1166.375112285943,1.0,0.0,0.0,0.0
69,contingent,node-000,0.0,0.0,0.0,0.0,0.0,0.0,0.0,0.0,8909.949736086965,166.8268844461689,1.0,0.0,0.0,0.0
69,contingent,node-001,0.0,0.0,0.0,0.0,0.0,0.0,0.0,0.0,8909.949736086965,166.8268844461689,1.0,-99.37608564236095,0.0,0.0
69,contingent,node-002,0.0,0.0,0.0,0.0,0.0,0.0,0.0,0.0,8909.949736086965,166.8268844461689,1.0,0.0,0.0,0.0
69,contingent,node-003,0.0,0.0,0.0,0.0,0.0,0.0,0.0,0.0,8909.949736086965,166.8268844461689,1.0,0.0,0.0,0.0
69,contingent,node-004,0.0,0.0,0.0,0.0,0.0,0.0,0.0,0.0,8909.949736086965,166.8268844461689,1.0,0.0,0.0,0.0
69,contingent,node-005,0.0,0.0,0.0,0.0,0.0,0.0,0.0,0.0,8909.949736086965,166.8268844461689,1.0,0.0,0.0,0.0
69,contingent,node-006,0.0,0.0,0.0,0.0,0.0,0.0,0.0,0.0,8909.949736086965,166.8268844461689,1.0,-103.06084849822032,0.0,0.0
69,contingent,node-007,0.0,0.0,0.0,0.0,0.0,0.0,0.0,0.0,8909.949736086965,166.8268844461689,1.0,0.0,0.0,0.0
69,contingent,node-008,0.0,4.096246299669055,22.21428938785053,0.0,4096.246299669055,22214.28938785053,0.0,0.0,8909.949736086965,166.8268844461689,1.0,-123.43316232109835,0.0,0.0
69,contingent,node-009,0.0,1.1458119111412124,21.32896790875656,0.0,1145.8119111412125,21328.96790875656,0.0,0.0,8909.949736086965,166.8268844461689,1.0,-138.7654458416212,0.0,0.0
69,contingent,node-010,0.0,0.0,0.0,0.0,0.0,0.0,0.0,0.0,8909.949736086965,166.8268844461689,1.0,0.0,0.0,0.0
69,contingent,node-011,0.0,0.0,0.0,0.0,0.0,0.0,0.0,0.0,8909.949736086965,166.8268844461689,1.0,0.0,0.0,0.0
69,contingent,node-012,0.0,0.0,0.0,0.0,0.0,0.0,0.0,0.0,8909.949736086965,166.8268844461689,1.0,0.0,0.0,0.0
69,contingent,node-013,0.0,0.0,5.164860775740088,0.0,0.0,5164.860775740088,0.0,0.0,8909.949736086965,166.8268844461689,1.0,-131.71912891540717,0.0,0.0
69,contingent,node-014,0.0,0.0,0.0,0.0,0.0,0.0,0.0,0.0,8909.949736086965,166.8268844461689,1.0,0.0,0.0,0.0
69,contingent,node-015,0.0,0.0,0.0,0.0,0.0,0.0,0.0,0.0,8909.949736086965,166.8268844461689,1.0,0.0,0.0,0.0
69,contingent,node-016,0.0,0.0,0.0,0.0,0.0,0.0,0.0,0.0,8909.949736086965,166.8268844461689,1.0,0.0,0.0,0.0
69,contingent,node-017,0.0,0.0,0.0,0.0,0.0,0.0,0.0,0.0,8909.949736086965,166.8268844461689,1.0,0.0,0.0,0.0
69,contingent,node-018,0.0,0.0,0.0,0.0,0.0,0.0,0.0,0.0,8909.949736086965,166.8268844461689,1.0,-139.3247874943506,0.0,0.0
69,contingent,node-019,0.0,0.0,0.0,0.0,0.0,0.0,0.0,0.0,8909.949736086965,166.8268844461689,1.0,0.0,0.0,0.0
69,contingent,node-020,0.0,0.0,0.0,0.0,0.0,0.0,0.0,0.0,8909.949736086965,166.8268844461689,1.0,0.0,0.0,0.0
69,contingent,node-021,0.0,0.0,0.0,0.0,0.0,0.0,0.0,0.0,8909.949736086965,166.8268844461689,1.0,0.0,0.0,0.0
69,contingent,node-022,0.0,0.0,0.0,0.0,0.0,0.0,0.0,0.0,8909.949736086965,166.8268844461689,1.0,0.0,0.0,0.0
69,contingent,node-023,0.0,0.0,0.0,0.0,0.0,0.0,0.0,0.0,8909.949736086965,166.8268844461689,1.0,0.0,0.0,0.0
69,contingent,node-024,166.82688444616886,0.0,166.82688444616886,0.9999999999999998,0.0,0.9999999999999998,55.60896148205629,166.8268844461689,8909.949736086965,166.8268844461689,1.0,-166.82688444616886,-16.682688444616886,114.52932976149327
69,contingent,node-025,0.0,0.0,0.0,0.0,0.0,0.0,0.0,0.0,8909.949736086965,166.8268844461689,1.0,0.0,0.0,0.0
69,contingent,node-026,0.0,0.0,0.0,0.0,0.0,0.0,0.0,0.0,8909.949736086965,166.8268844461689,1.0,-96.44888961606445,0.0,0.0
69,contingent,node-027,0.0,0.0,0.0,0.0,0.0,0.0,0.0,0.0,8909.949736086965,166.8268844461689,1.0,0.0,0.0,0.0
69,contingent,node-028,0.0,0.0,0.0,0.0,0.0,0.0,0.0,0.0,8909.949736086965,166.8268844461689,1.0,0.0,0.0,0.0
69,contingent,node-029,0.0,0.0,0.0,0.0,0.0,0.0,0.0,0.0,8909.949736086965,166.8268844461689,1.0,0.0,0.0,0.0
69,capped,node-000,0.0,0.0,0.0,0.0,0.0,0.0,0.0,0.0,8909.949736086965,166.8268844461689,1.0,0.0,0.0,0.0
69,capped,node-001,0.0,0.0,0.0,0.0,0.0,0.0,0.0,0.0,8909.949736086965,166.8268844461689,1.0,-24.844021410590237,0.0,0.0
69,capped,node-002,0.0,0.0,0.0,0.0,0.0,0.0,0.0,0.0,8909.949736086965,166.8268844461689,1.0,0.0,0.0,0.0
69,capped,node-003,0.0,0.0,0.0,0.0,0.0,0.0,0.0,0.0,8909.949736086965,166.8268844461689,1.0,0.0,0.0,0.0
69,capped,node-004,0.0,0.0,0.0,0.0,0.0,0.0,0.0,0.0,8909.949736086965,166.8268844461689,1.0,0.0,0.0,0.0
69,capped,node-005,0.0,0.0,0.0,0.0,0.0,0.0,0.0,0.0,8909.949736086965,166.8268844461689,1.0,0.0,0.0,0.0
69,capped,node-006,0.0,0.0,0.0,0.0,0.0,0.0,0.0,0.0,8909.949736086965,166.8268844461689,1.0,-25.765212124555077,0.0,0.0
69,capped,node-007,0.0,0.0,0.0,0.0,0.0,0.0,0.0,0.0,8909.949736086965,166.8268844461689,1.0,0.0,0.0,0.0
69,capped,node-008,0.0,32.966367023396046,32.966367023396046,0.0,32966.367023396044,32966.367023396044,0.0,0.0,8909.949736086965,166.8268844461689,1.0,-30.858290580274588,0.0,0.0
69,capped,node-009,0.0,30.812235368409045,30.812235368409045,0.0,30812.235368409045,30812.235368409045,0.0,0.0,8909.949736086965,166.8268844461689,1.0,-34.6913614604053,0.0,0.0
69,capped,node-010,0.0,0.0,0.0,0.0,0.0,0.0,0.0,0.0,8909.949736086965,166.8268844461689,1.0,0.0,0.0,0.0
69,capped,node-011,0.0,0.0,0.0,0.0,0.0,0.0,0.0,0.0,8909.949736086965,166.8268844461689,1.0,0.0,0.0,0.0
69,capped,node-012,0.0,0.0,0.0,0.0,0.0,0.0,0.0,0.0,8909.949736086965,166.8268844461689,1.0,0.0,0.0,0.0
69,capped,node-013,0.0,0.0,5.164860775740088,0.0,0.0,5164.860775740088,0.0,0.0,8909.949736086965,166.8268844461689,1.0,-32.92978222885179,0.0,0.0
69,capped,node-014,0.0,0.0,0.0,0.0,0.0,0.0,0.0,0.0,8909.949736086965,166.8268844461689,1.0,0.0,0.0,0.0
69,capped,node-015,0.0,0.0,0.0,0.0,0.0,0.0,0.0,0.0,8909.949736086965,166.8268844461689,1.0,0.0,0.0,0.0
69,capped,node-016,0.0,0.0,0.0,0.0,0.0,0.0,0.0,0.0,8909.949736086965,166.8268844461689,1.0,0.0,0.0,0.0
69,capped,node-017,0.0,0.0,0.0,0.0,0.0,0.0,0.0,0.0,8909.949736086965,166.8268844461689,1.0,0.0,0.0,0.0
69,capped,node-018,0.0,0.0,0.0,0.0,0.0,0.0,0.0,0.0,8909.949736086965,166.8268844461689,1.0,-34.83119687358764,0.0,0.0
69,capped,node-019,0.0,0.0,0.0,0.0,0.0,0.0,0.0,0.0,8909.949736086965,166.8268844461689,1.0,0.0,0.0,0.0
69,capped,node-020,0.0,0.0,0.0,0.0,0.0,0.0,0.0,0.0,8909.949736086965,166.8268844461689,1.0,0.0,0.0,0.0
69,capped,node-021,0.0,0.0,0.0,0.0,0.0,0.0,0.0,0.0,8909.949736086965,166.8268844461689,1.0,0.0,0.0,0.0
69,capped,node-022,0.0,0.0,0.0,0.0,0.0,0.0,0.0,0.0,8909.949736086965,166.8268844461689,1.0,0.0,0.0,0.0
69,capped,node-023,0.0,0.0,0.0,0.0,0.0,0.0,0.0,0.0,8909.949736086965,166.8268844461689,1.0,0.0,0.0,0.0
69,capped,node-024,166.82688444616886,0.0,166.82688444616886,0.9999999999999998,0.0,0.9999999999999998,55.60896148205629,166.8268844461689,8909.949736086965,166.8268844461689,1.0,-83.41344222308443,-16.682688444616886,114.52932976149327
69,capped,node-025,0.0,0.0,0.0,0.0,0.0,0.0,0.0,0.0,8909.949736086965,166.8268844461689,1.0,0.0,0.0,0.0
69,capped,node-026,0.0,0.0,0.0,0.0,0.0,0.0,0.0,0.0,8909.949736086965,166.8268844461689,1.0,-24.11222240401611,0.0,0.0
69,capped,node-027,0.0,0.0,0.0,0.0,0.0,0.0,0.0,0.0,8909.949736086965,166.8268844461689,1.0,0.0,0.0,0.0
69,capped,node-028,0.0,0.0,0.0,0.0,0.0,0.0,0.0,0.0,8909.949736086965,166.8268844461689,1.0,0.0,0.0,0.0
69,capped,node-029,0.0,0.0,0.0,0.0,0.0,0.0,0.0,0.0,8909.949736086965,166.8268844461689,1.0,0.0,0.0,0.0
69,proper_scoring,node-000,0.0,0.0,0.0,0.0,0.0,0.0,0.0,0.0,8909.949736086965,1166.375112285943,1.0,0.0,0.0,0.0
69,proper_scoring,node-001,0.0,0.0,75.15597858940976,0.0,0.0,75155.97858940976,0.0,0.0,8909.949736086965,1166.375112285943,1.0,-99.37608564236095,0.0,0.0
69,proper_scoring,node-002,0.0,0.0,0.0,0.0,0.0,0.0,0.0,0.0,8909.949736086965,1166.375112285943,1.0,0.0,0.0,0.0
69,proper_scoring,node-003,0.0,0.0,0.0,0.0,0.0,0.0,0.0,0.0,8909.949736086965,1166.375112285943,1.0,0.0,0.0,0.0
69,proper_scoring,node-004,0.0,0.0,0.0,0.0,0.0,0.0,0.0,0.0,8909.949736086965,1166.375112285943,1.0,0.0,0.0,0.0
69,proper_scoring,node-005,0.0,0.0,0.0,0.0,0.0,0.0,0.0,0.0,8909.949736086965,1166.375112285943,1.0,0.0,0.0,0.0
69,proper_scoring,node-006,0.0,0.0,74.23478787544492,0.0,0.0,74234.78787544492,0.0,0.0,8909.949736086965,1166.375112285943,1.0,-103.06084849822032,0.0,0.0
69,proper_scoring,node-007,0.0,0.0,0.0,0.0,0.0,0.0,0.0,0.0,8909.949736086965,1166.375112285943,1.0,0.0,0.0,0.0
69,proper_scoring,node-008,0.0,104.09624629966905,194.16271501523428,0.0,104096.24629966904,194162.71501523428,0.0,0.0,8909.949736086965,1166.375112285943,1.0,-123.43316232109835,0.0,0.0
69,proper_scoring,node-009,0.0,101.14581191114121,400.4754268109607,0.0,101145.81191114121,400475.4268109607,0.0,0.0,8909.949736086965,1166.375112285943,1.0,-138.7654458416212,0.0,0.0
69,proper_scoring,node-010,0.0,0.0,0.0,0.0,0.0,0.0,0.0,0.0,8909.949736086965,1166.375112285943,1.0,0.0,0.0,0.0
69,proper_scoring,node-011,0.0,0.0,0.0,0.0,0.0,0.0,0.0,0.0,8909.949736086965,1166.375112285943,1.0,0.0,0.0,0.0
69,proper_scoring,node-012,0.0,0.0,0.0,0.0,0.0,0.0,0.0,0.0,8909.949736086965,1166.375112285943,1.0,0.0,0.0,0.0
69,proper_scoring,node-013,0.0,0.0,167.07021777114818,0.0,0.0,167070.21777114816,0.0,0.0,8909.949736086965,1166.375112285943,1.0,-131.71912891540717,0.0,0.0
69,proper_scoring,node-014,0.0,0.0,0.0,0.0,0.0,0.0,0.0,0.0,8909.949736086965,1166.375112285943,1.0,0.0,0.0,0.0
69,proper_scoring,node-015,0.0,0.0,0.0,0.0,0.0,0.0,0.0,0.0,8909.949736086965,1166.375112285943,1.0,0.0,0.0,0.0
69,proper_scoring,node-016,0.0,0.0,0.0,0.0,0.0,0.0,0.0,0.0,8909.949736086965,1166.375112285943,1.0,0.0,0.0,0.0
69,proper_scoring,node-017,0.0,0.0,0.0,0.0,0.0,0.0,0.0,0.0,8909.949736086965,1166.375112285943,1.0,0.0,0.0,0.0
69,proper_scoring,node-018,0.0,0.0,7.141869454018021,0.0,0.0,7141.869454018021,0.0,0.0,8909.949736086965,1166.375112285943,1.0,-139.3247874943506,0.0,0.0
69,proper_scoring,node-019,0.0,0.0,0.0,0.0,0.0,0.0,0.0,0.0,8909.949736086965,1166.375112285943,1.0,0.0,0.0,0.0
69,proper_scoring,node-020,0.0,0.0,0.0,0.0,0.0,0.0,0.0,0.0,8909.949736086965,1166.375112285943,1.0,0.0,0.0,0.0
69,proper_scoring,node-021,0.0,0.0,0.0,0.0,0.0,0.0,0.0,0.0,8909.949736086965,1166.375112285943,1.0,0.0,0.0,0.0
69,proper_scoring,node-022,0.0,0.0,0.0,0.0,0.0,0.0,0.0,0.0,8909.949736086965,1166.375112285943,1.0,0.0,0.0,0.0
69,proper_scoring,node-023,0.0,0.0,0.0,0.0,0.0,0.0,0.0,0.0,8909.949736086965,1166.375112285943,1.0,0.0,0.0,0.0
69,proper_scoring,node-024,166.82688444616883,0.4517721602258007,167.27865660639463,0.14303021617051645,0.00038733007543378234,0.14341754624595024,1055.1571893218304,1166.375112285943,8909.949736086965,1166.375112285943,1.0,-1166.375112285943,-16.682688444616815,-435.2221955503825
69,proper_scoring,node-025,0.0,0.0,0.0,0.0,0.0,0.0,0.0,0.0,8909.949736086965,1166.375112285943,1.0,0.0,0.0,0.0
69,proper_scoring,node-026,0.0,0.0,75.88777759598389,0.0,0.0,75887.77759598389,0.0,0.0,8909.949736086965,1166.375112285943,1.0,-96.44888961606445,0.0,0.0
69,proper_scoring,node-027,0.0,0.0,0.0,0.0,0.0,0.0,0.0,0.0,8909.949736086965,1166.375112285943,1.0,0.0,0.0,0.0
69,proper_scoring,node-028,0.0,0.0,0.0,0.0,0.0,0.0,0.0,0.0,8909.949736086965,1166.375112285943,1.0,0.0,0.0,0.0
69,proper_scoring,node-029,0.0,0.0,0.0,0.0,0.0,0.0,0.0,0.0,8909.949736086965,1166.375112285943,1.0,0.0,0.0,0.0
69,audits,node-000,0.0,0.0,0.0,0.0,0.0,0.0,0.0,0.0,8909.949736086965,1166.375112285943,1.0,0.0,0.0,0.0
69,audits,node-001,0.0,0.0,75.15597858940976,0.0,0.0,75155.97858940976,0.0,0.0,8909.949736086965,1166.375112285943,1.0,-124.84402141059024,0.0,0.0
69,audits,node-002,0.0,0.0,0.0,0.0,0.0,0.0,0.0,0.0,8909.949736086965,1166.375112285943,1.0,0.0,0.0,0.0
69,audits,node-003,0.0,0.0,0.0,0.0,0.0,0.0,0.0,0.0,8909.949736086965,1166.375112285943,1.0,0.0,0.0,0.0
69,audits,node-004,0.0,0.0,0.0,0.0,0.0,0.0,0.0,0.0,8909.949736086965,1166.375112285943,1.0,0.0,0.0,0.0
69,audits,node-005,0.0,0.0,0.0,0.0,0.0,0.0,0.0,0.0,8909.949736086965,1166.375112285943,1.0,0.0,0.0,0.0
69,audits,node-006,0.0,0.0,74.23478787544492,0.0,0.0,74234.78787544492,0.0,0.0,8909.949736086965,1166.375112285943,1.0,-125.76521212455508,0.0,0.0
69,audits,node-007,0.0,0.0,0.0,0.0,0.0,0.0,0.0,0.0,8909.949736086965,1166.375112285943,1.0,0.0,0.0,0.0
69,audits,node-008,0.0,82.96636702339605,119.1417094197254,0.0,82966.36702339604,119141.7094197254,0.0,0.0,8909.949736086965,1166.375112285943,1.0,-380.8582905802746,0.0,0.0
69,audits,node-009,0.0,80.81223536840905,365.3086385395947,0.0,80812.23536840905,365308.6385395947,0.0,0.0,8909.949736086965,1166.375112285943,1.0,-1034.6913614604055,0.0,0.0
69,audits,node-010,0.0,0.0,0.0,0.0,0.0,0.0,0.0,0.0,8909.949736086965,1166.375112285943,1.0,0.0,0.0,0.0
69,audits,node-011,0.0,0.0,0.0,0.0,0.0,0.0,0.0,0.0,8909.949736086965,1166.375112285943,1.0,0.0,0.0,0.0
69,audits,node-012,0.0,0.0,0.0,0.0,0.0,0.0,0.0,0.0,8909.949736086965,1166.375112285943,1.0,0.0,0.0,0.0
69,audits,node-013,0.0,0.0,167.07021777114818,0.0,0.0,167070.21777114816,0.0,0.0,8909.949736086965,1166.375112285943,1.0,-232.9297822288518,0.0,0.0
69,audits,node-014,0.0,0.0,0.0,0.0,0.0,0.0,0.0,0.0,8909.949736086965,1166.375112285943,1.0,0.0,0.0,0.0
69,audits,node-015,0.0,0.0,0.0,0.0,0.0,0.0,0.0,0.0,8909.949736086965,1166.375112285943,1.0,0.0,0.0,0.0
69,audits,node-016,0.0,0.0,0.0,0.0,0.0,0.0,0.0,0.0,8909.949736086965,1166.375112285943,1.0,0.0,0.0,0.0
69,audits,node-017,0.0,0.0,0.0,0.0,0.0,0.0,0.0,0.0,8909.949736086965,1166.375112285943,1.0,0.0,0.0,0.0
69,audits,node-018,0.0,0.0,0.0,0.0,0.0,0.0,0.0,0.0,8909.949736086965,1166.375112285943,1.0,-234.83119687358766,0.0,0.0
69,audits,node-019,0.0,0.0,0.0,0.0,0.0,0.0,0.0,0.0,8909.949736086965,1166.375112285943,1.0,0.0,0.0,0.0
69,audits,node-020,0.0,0.0,0.0,0.0,0.0,0.0,0.0,0.0,8909.949736086965,1166.375112285943,1.0,0.0,0.0,0.0
69,audits,node-021,0.0,0.0,0.0,0.0,0.0,0.0,0.0,0.0,8909.949736086965,1166.375112285943,1.0,0.0,0.0,0.0
69,audits,node-022,0.0,0.0,0.0,0.0,0.0,0.0,0.0,0.0,8909.949736086965,1166.375112285943,1.0,0.0,0.0,0.0
69,audits,node-023,0.0,0.0,0.0,0.0,0.0,0.0,0.0,0.0,8909.949736086965,1166.375112285943,1.0,0.0,0.0,0.0
69,audits,node-024,166.82688444616883,0.4517721602258007,167.27865660639463,0.14303021617051645,0.00038733007543378234,0.14341754624595024,1055.1571893218304,1166.375112285943,8909.949736086965,1166.375112285943,1.0,-3082.961670062859,-16.682688444616815,-435.2221955503825
69,audits,node-025,0.0,0.0,0.0,0.0,0.0,0.0,0.0,0.0,8909.949736086965,1166.375112285943,1.0,0.0,0.0,0.0
69,audits,node-026,0.0,0.0,75.88777759598389,0.0,0.0,75887.77759598389,0.0,0.0,8909.949736086965,1166.375112285943,1.0,-124.11222240401611,0.0,0.0
69,audits,node-027,0.0,0.0,0.0,0.0,0.0,0.0,0.0,0.0,8909.949736086965,1166.375112285943,1.0,0.0,0.0,0.0
69,audits,node-028,0.0,0.0,0.0,0.0,0.0,0.0,0.0,0.0,8909.949736086965,1166.375112285943,1.0,0.0,0.0,0.0
69,audits,node-029,0.0,0.0,0.0,0.0,0.0,0.0,0.0,0.0,8909.949736086965,1166.375112285943,1.0,0.0,0.0,0.0
71,greedy,node-000,0.0,0.0,0.0,0.0,0.0,0.0,0.0,0.0,8851.866808983952,253.95127510069685,1.0,0.0,0.0,0.0
71,greedy,node-001,0.0,0.0,0.0,0.0,0.0,0.0,0.0,0.0,8851.866808983952,253.95127510069685,1.0,0.0,0.0,0.0
71,greedy,node-002,0.0,0.0,0.0,0.0,0.0,0.0,0.0,0.0,8851.866808983952,253.95127510069685,1.0,0.0,0.0,0.0
71,greedy,node-003,0.0,0.0,0.0,0.0,0.0,0.0,0.0,0.0,8851.866808983952,253.95127510069685,1.0,0.0,0.0,0.0
71,greedy,node-004,0.0,0.0,0.0,0.0,0.0,0.0,0.0,0.0,8851.866808983952,253.95127510069685,1.0,0.0,0.0,0.0
71,greedy,node-005,0.0,0.0,0.0,0.0,0.0,0.0,0.0,0.0,8851.866808983952,253.95127510069685,1.0,0.0,0.0,0.0
71,greedy,node-006,0.0,0.0,0.0,0.0,0.0,0.0,0.0,0.0,8851.866808983952,253.95127510069685,1.0,0.0,0.0,0.0
71,greedy,node-007,0.0,0.0,0.0,0.0,0.0,0.0,0.0,0.0,8851.866808983952,253.95127510069685,1.0,0.0,0.0,0.0
71,greedy,node-008,0.0,0.0,0.0,0.0,0.0,0.0,0.0,0.0,8851.866808983952,253.95127510069685,1.0,-33.86367848646333,0.0,0.0
71,greedy,node-009,0.0,0.0,0.0,0.0,0.0,0.0,0.0,0.0,8851.866808983952,253.95127510069685,1.0,0.0,0.0,0.0
71,greedy,node-010,0.0,0.0,0.0,0.0,0.0,0.0,0.0,0.0,8851.866808983952,253.95127510069685,1.0,0.0,0.0,0.0
71,greedy,node-011,0.0,0.0,0.0,0.0,0.0,0.0,0.0,0.0,8851.866808983952,253.95127510069685,1.0,0.0,0.0,0.0
71,greedy,node-012,0.0,0.0,0.0,0.0,0.0,0.0,0.0,0.0,8851.866808983952,253.95127510069685,1.0,0.0,0.0,0.0
71,greedy,node-013,0.0,0.0,0.0,0.0,0.0,0.0,0.0,0.0,8851.866808983952,253.95127510069685,1.0,0.0,0.0,0.0
71,greedy,node-014,0.0,0.0,0.0,0.0,0.0,0.0,0.0,0.0,8851.866808983952,253.95127510069685,1.0,0.0,0.0,0.0
71,greedy,node-015,0.0,0.0,0.0,0.0,0.0,0.0,0.0,0.0,8851.866808983952,253.95127510069685,1.0,0.0,0.0,0.0
71,greedy,node-016,17.479792895435885,0.0,17.479792895435885,0.10105496571091446,0.0,0.10105496571091446,57.65770727665153,172.97312182995452,8851.866808983952,253.95127510069685,1.0,-100.99528052183067,-8.61015743064015,-57.65770727665153
71,greedy,node-017,0.0,0.0,0.0,0.0,0.0,0.0,0.0,0.0,8851.866808983952,253.95127510069685,1.0,0.0,0.0,0.0
71,greedy,node-018,0.0,0.0,0.0,0.0,0.0,0.0,0.0,0.0,8851.866808983952,253.95127510069685,1.0,0.0,0.0,0.0
71,greedy,node-019,0.0,0.0,0.0,0.0,0.0,0.0,0.0,0.0,8851.866808983952,253.95127510069685,1.0,0.0,0.0,0.0
71,greedy,node-020,0.0,0.0,0.0,0.0,0.0,0.0,0.0,0.0,8851.866808983952,253.95127510069685,1.0,0.0,0.0,0.0
71,greedy,node-021,0.0,0.0,0.0,0.0,0.0,0.0,26.99271775691411,80.97815327074234,8851.866808983952,253.95127510069685,1.0,-69.23196709342922,-0.6353098617852986,-26.99271775691411
71,greedy,node-022,0.0,0.0,0.0,0.0,0.0,0.0,0.0,0.0,8851.866808983952,253.95127510069685,1.0,0.0,0.0,0.0
71,greedy,node-023,0.0,0.0,0.0,0.0,0.0,0.0,0.0,0.0,8851.866808983952,253.95127510069685,1.0,0.0,0.0,0.0
71,greedy,node-024,0.0,0.0,0.0,0.0,0.0,0.0,0.0,0.0,8851.866808983952,253.95127510069685,1.0,0.0,0.0,0.0
71,greedy,node-025,0.0,0.0,0.0,0.0,0.0,0.0,0.0,0.0,8851.866808983952,253.95127510069685,1.0,0.0,0.0,0.0
71,greedy,node-026,0.0,0.0,0.0,0.0,0.0,0.0,0.0,0.0,8851.866808983952,253.95127510069685,1.0,-32.31272333958839,0.0,0.0
71,greedy,node-027,0.0,0.0,0.0,0.0,0.0,0.0,0.0,0.0,8851.866808983952,253.95127510069685,1.0,0.0,0.0,0.0
71,greedy,node-028,0.0,0.0,0.0,0.0,0.0,0.0,0.0,0.0,8851.866808983952,253.95127510069685,1.0,0.0,0.0,0.0
71,greedy,node-029,0.0,0.0,0.0,0.0,0.0,0.0,0.0,0.0,8851.866808983952,253.95127510069685,1.0,0.0,0.0,0.0
71,trust_vcg,node-000,0.0,0.0,0.0,0.0,0.0,0.0,0.0,0.0,7199.817366070362,664.6893720761576,0.95,0.0,0.0,0.0
71,trust_vcg,node-001,0.0,0.0,0.0,0.0,0.0,0.0,0.0,0.0,7199.817366070362,664.6893720761576,0.95,0.0,0.0,0.0
71,trust_vcg,node-002,0.0,235.5005676880217,235.5005676880217,0.0,235500.5676880217,235500.5676880217,0.0,0.0,7199.817366070362,664.6893720761576,0.95,-5034.249412307702,0.0,0.0
71,trust_vcg,node-003,0.0,0.0,68.49675724609826,0.0,0.0,68496.75724609825,0.0,0.0,7199.817366070362,664.6893720761576,0.95,-1731.5032427539018,0.0,0.0
71,trust_vcg,node-004,0.0,0.0,0.0,0.0,0.0,0.0,0.0,0.0,7199.817366070362,664.6893720761576,0.95,0.0,0.0,0.0
71,trust_vcg,node-005,0.0,0.0,0.0,0.0,0.0,0.0,0.0,0.0,7199.817366070362,664.6893720761576,0.95,-2272.583494476744,0.0,0.0
71,trust_vcg,node-006,0.0,0.0,110.06960690593417,0.0,0.0,110069.60690593417,0.0,0.0,7199.817366070362,664.6893720761576,0.95,-2289.930393094066,0.0,0.0
71,trust_vcg,node-007,0.0,0.0,0.0,0.0,0.0,0.0,0.0,0.0,7199.817366070362,664.6893720761576,0.95,0.0,0.0,0.0
71,trust_vcg,node-008,0.0,0.0,115.32068620304287,0.0,0.0,115320.68620304286,0.0,0.0,7199.817366070362,664.6893720761576,0.95,-5025.893386783215,0.0,0.0
71,trust_vcg,node-009,0.0,0.0,0.0,0.0,0.0,0.0,0.0,0.0,7199.817366070362,664.6893720761576,0.95,-2264.466891798542,0.0,0.0
71,trust_vcg,node-010,0.0,0.0,0.0,0.0,0.0,0.0,0.0,0.0,7199.817366070362,664.6893720761576,0.95,0.0,0.0,0.0
71,trust_vcg,node-011,0.0,0.0,62.294811650254815,0.0,0.0,62294.811650254815,0.0,0.0,7199.817366070362,664.6893720761576,0.95,-1737.7051883497452,0.0,0.0
71,trust_vcg,node-012,0.0,0.0,0.0,0.0,0.0,0.0,0.0,0.0,7199.817366070362,664.6893720761576,0.95,0.0,0.0,0.0
71,trust_vcg,node-013,0.0,0.0,126.27711593207113,0.0,0.0,126277.11593207113,0.0,0.0,7199.817366070362,664.6893720761576,0.95,-2273.722884067929,0.0,0.0
71,trust_vcg,node-014,0.0,0.0,121.37604680356104,0.0,0.0,121376.04680356104,0.0,0.0,7199.817366070362,664.6893720761576,0.95,-2276.8845074586243,0.0,0.0
71,trust_vcg,node-015,0.0,0.0,0.0,0.0,0.0,0.0,0.0,0.0,7199.817366070362,664.6893720761576,0.95,-2267.8509453132847,0.0,0.0
71,trust_vcg,node-016,130.01271973553747,0.0,199.41218861885562,0.19559921550940806,0.0,0.3000080894869607,491.3390790954409,664.6893720761576,7199.817366070362,664.6893720761576,0.95,-11534.67665234062,-26.002543947107313,-386.3829216274635
71,trust_vcg,node-017,0.0,0.0,0.0,0.0,0.0,0.0,0.0,0.0,7199.817366070362,664.6893720761576,0.95,0.0,0.0,0.0
71,trust_vcg,node-018,0.0,0.0,0.0,0.0,0.0,0.0,0.0,0.0,7199.817366070362,664.6893720761576,0.95,0.0,0.0,0.0
71,trust_vcg,node-019,0.0,233.5042221221159,416.770387149833,0.0,233504.2221221159,416770.387149833,0.0,0.0,7199.817366070362,664.6893720761576,0.95,-5583.229612850167,0.0,0.0
71,trust_vcg,node-020,0.0,0.0,0.0,0.0,0.0,0.0,0.0,0.0,7199.817366070362,664.6893720761576,0.95,-3384.5357882038275,0.0,0.0
71,trust_vcg,node-021,0.0,0.0,300.61375940073606,0.0,0.0,300613.7594007361,0.0,0.0,7199.817366070362,664.6893720761576,0.95,-5542.239249336515,0.0,0.0
71,trust_vcg,node-022,0.0,0.0,35.46498214482047,0.0,0.0,35464.98214482047,0.0,0.0,7199.817366070362,664.6893720761576,0.95,-1164.5350178551796,0.0,0.0
71,trust_vcg,node-023,0.0,0.0,0.0,0.0,0.0,0.0,0.0,0.0,7199.817366070362,664.6893720761576,0.95,-2248.760445189698,0.0,0.0
71,trust_vcg,node-024,0.0,0.0,0.0,0.0,0.0,0.0,0.0,0.0,7199.817366070362,664.6893720761576,0.95,0.0,0.0,0.0
71,trust_vcg,node-025,0.0,0.0,0.0,0.0,0.0,0.0,0.0,0.0,7199.817366070362,664.6893720761576,0.95,-5597.051509595935,0.0,0.0
71,trust_vcg,node-026,0.0,264.6254466791768,313.09453168855936,0.0,264625.44667917676,313094.53168855933,0.0,0.0,7199.817366070362,664.6893720761576,0.95,-5562.12224635528,0.0,0.0
71,trust_vcg,node-027,32.208700523304685,163.77170919369973,227.73027140989808,32208.700523304684,163771.70919369973,227730.27140989807,0.0,0.0,7199.817366070362,664.6893720761576,0.95,-3373.454403356032,0.0,0.0
71,trust_vcg,node-028,0.0,0.0,11.094629642157201,0.0,0.0,11094.6296421572,0.0,0.0,7199.817366070362,664.6893720761576,0.95,-588.9053703578428,0.0,0.0
71,trust_vcg,node-029,0.0,0.0,0.0,0.0,0.0,0.0,0.0,0.0,7199.817366070362,664.6893720761576,0.95,0.0,0.0,0.0
71,contingent,node-000,0.0,0.0,0.0,0.0,0.0,0.0,0.0,0.0,7199.817366070362,222.7947762466948,0.95,0.0,0.0,0.0
71,contingent,node-001,0.0,0.0,0.0,0.0,0.0,0.0,0.0,0.0,7199.817366070362,222.7947762466948,0.95,0.0,0.0,0.0
71,contingent,node-002,0.0,85.50056768802168,85.50056768802168,0.0,85500.56768802168,85500.56768802168,0.0,0.0,7199.817366070362,222.7947762466948,0.95,-336.997649230813,0.0,0.0
71,contingent,node-003,0.0,0.0,0.0,0.0,0.0,0.0,0.0,0.0,7199.817366070362,222.7947762466948,0.95,-326.012971015607,0.0,0.0
71,contingent,node-004,0.0,0.0,0.0,0.0,0.0,0.0,0.0,0.0,7199.817366070362,222.7947762466948,0.95,0.0,0.0,0.0
71,contingent,node-005,0.0,0.0,0.0,0.0,0.0,0.0,0.0,0.0,7199.817366070362,222.7947762466948,0.95,-322.1838001245791,0.0,0.0
71,contingent,node-006,0.0,0.0,0.0,0.0,0.0,0.0,0.0,0.0,7199.817366070362,222.7947762466948,0.95,-359.72157237626334,0.0,0.0
71,contingent,node-007,0.0,0.0,0.0,0.0,0.0,0.0,0.0,0.0,7199.817366070362,222.7947762466948,0.95,0.0,0.0,0.0
71,contingent,node-008,0.0,2.1230995366079455,65.32068620304287,0.0,2123.0995366079455,65320.68620304287,0.0,0.0,7199.817366070362,222.7947762466948,0.95,-303.5735471328582,0.0,0.0
71,contingent,node-009,0.0,0.0,0.0,0.0,0.0,0.0,0.0,0.0,7199.817366070362,222.7947762466948,0.95,-257.86756719416576,0.0,0.0
71,contingent,node-010,0.0,0.0,0.0,0.0,0.0,0.0,0.0,0.0,7199.817366070362,222.7947762466948,0.95,0.0,0.0,0.0
71,contingent,node-011,0.0,0.0,0.0,0.0,0.0,0.0,0.0,0.0,7199.817366070362,222.7947762466948,0.95,-350.8207533989808,0.0,0.0
71,contingent,node-012,0.0,0.0,0.0,0.0,0.0,0.0,0.0,0.0,7199.817366070362,222.7947762466948,0.95,0.0,0.0,0.0
71,contingent,node-013,0.0,0.0,20.189778506940115,0.0,0.0,20189.778506940114,0.0,0.0,7199.817366070362,222.7947762466948,0.95,-294.89153627171544,0.0,0.0
71,contingent,node-014,0.0,0.0,21.376046803561053,0.0,0.0,21376.046803561054,0.0,0.0,7199.817366070362,222.7947762466948,0.95,-307.53802983449856,0.0,0.0
71,contingent,node-015,0.0,0.0,0.0,0.0,0.0,0.0,0.0,0.0,7199.817366070362,222.7947762466948,0.95,-280.2504320718479,0.0,0.0
71,contingent,node-016,150.41658544390472,0.0,216.84545799955845,0.675135153426364,0.0,0.9732968683226719,49.44448326597831,222.7947762466948,7199.817366070362,222.7947762466948,0.95,-222.79477624669485,-22.279477624669493,-244.4873971678142
71,contingent,node-017,0.0,0.0,0.0,0.0,0.0,0.0,0.0,0.0,7199.817366070362,222.7947762466948,0.95,0.0,0.0,0.0
71,contingent,node-018,0.0,0.0,0.0,0.0,0.0,0.0,0.0,0.0,7199.817366070362,222.7947762466948,0.95,0.0,0.0,0.0
71,contingent,node-019,0.0,83.50422212211589,83.50422212211589,0.0,83504.22212211588,83504.22212211588,0.0,0.0,7199.817366070362,222.7947762466948,0.95,-332.91845140066783,0.0,0.0
71,contingent,node-020,0.0,0.0,0.0,0.0,0.0,0.0,0.0,0.0,7199.817366070362,222.7947762466948,0.95,-338.14315281531026,0.0,0.0
71,contingent,node-021,0.0,36.359259598992296,150.61375940073606,0.0,36359.25959899229,150613.75940073605,0.0,0.0,7199.817366070362,222.7947762466948,0.95,-168.95699734606043,0.0,0.0
71,contingent,node-022,0.0,0.0,0.0,0.0,0.0,0.0,0.0,0.0,7199.817366070362,222.7947762466948,0.95,-258.1400714207182,0.0,0.0
71,contingent,node-023,0.0,0.0,0.0,0.0,0.0,0.0,0.0,0.0,7199.817366070362,222.7947762466948,0.95,-225.43895004681286,0.0,0.0
71,contingent,node-024,0.0,0.0,0.0,0.0,0.0,0.0,0.0,0.0,7199.817366070362,222.7947762466948,0.95,0.0,0.0,0.0
71,contingent,node-025,0.0,0.0,0.0,0.0,0.0,0.0,0.0,0.0,7199.817366070362,222.7947762466948,0.95,-388.2060383837436,0.0,0.0
71,contingent,node-026,0.0,64.62544667917676,129.90502731443885,0.0,64625.44667917676,129905.02731443885,0.0,0.0,7199.817366070362,222.7947762466948,0.95,-248.48898542112073,0.0,0.0
71,contingent,node-027,0.0,63.771709193699756,63.771709193699756,0.0,63771.70919369975,63771.70919369975,0.0,0.0,7199.817366070362,222.7947762466948,0.95,-293.81761342412716,0.0,0.0
71,contingent,node-028,0.0,0.0,0.0,0.0,0.0,0.0,0.0,0.0,7199.817366070362,222.7947762466948,0.95,-155.62148143137125,0.0,0.0
71,contingent,node-029,0.0,0.0,0.0,0.0,0.0,0.0,0.0,0.0,7199.817366070362,222.7947762466948,0.95,0.0,0.0,0.0
71,capped,node-000,0.0,0.0,0.0,0.0,0.0,0.0,0.0,0.0,7199.817366070362,260.0254394710748,0.95,0.0,0.0,0.0
71,capped,node-001,0.0,0.0,0.0,0.0,0.0,0.0,0.0,0.0,7199.817366070362,260.0254394710748,0.95,0.0,0.0,0.0
71,capped,node-002,0.0,85.50056768802168,85.50056768802168,0.0,85500.56768802168,85500.56768802168,0.0,0.0,7199.817366070362,260.0254394710748,0.95,-84.24941230770325,0.0,0.0
71,capped,node-003,0.0,0.0,0.0,0.0,0.0,0.0,0.0,0.0,7199.817366070362,260.0254394710748,0.95,-81.50324275390174,0.0,0.0
71,capped,node-004,0.0,0.0,0.0,0.0,0.0,0.0,0.0,0.0,7199.817366070362,260.0254394710748,0.95,0.0,0.0,0.0
71,capped,node-005,0.0,0.0,0.0,0.0,0.0,0.0,0.0,0.0,7199.817366070362,260.0254394710748,0.95,-80.54595003114477,0.0,0.0
71,capped,node-006,0.0,0.0,0.0,0.0,0.0,0.0,0.0,0.0,7199.817366070362,260.0254394710748,0.95,-89.93039309406583,0.0,0.0
71,capped,node-007,0.0,0.0,0.0,0.0,0.0,0.0,0.0,0.0,7199.817366070362,260.0254394710748,0.95,0.0,0.0,0.0
71,capped,node-008,0.0,67.72735697292666,83.9936305133159,0.0,67727.35697292666,83993.6305133159,0.0,0.0,7199.817366070362,260.0254394710748,0.95,-75.89338678321457,0.0,0.0
71,capped,node-009,0.0,40.02769664313091,40.02769664313091,0.0,40027.696643130905,40027.696643130905,0.0,0.0,7199.817366070362,260.0254394710748,0.95,-64.46689179854144,0.0,0.0
71,capped,node-010,0.0,0.0,0.0,0.0,0.0,0.0,0.0,0.0,7199.817366070362,260.0254394710748,0.95,0.0,0.0,0.0
71,capped,node-011,0.0,0.0,0.0,0.0,0.0,0.0,0.0,0.0,7199.817366070362,260.0254394710748,0.95,-87.7051883497452,0.0,0.0
71,capped,node-012,0.0,0.0,0.0,0.0,0.0,0.0,0.0,0.0,7199.817366070362,260.0254394710748,0.95,0.0,0.0,0.0
71,capped,node-013,0.0,0.0,20.189778506940115,0.0,0.0,20189.778506940114,0.0,0.0,7199.817366070362,260.0254394710748,0.95,-73.72288406792886,0.0,0.0
71,capped,node-014,0.0,0.0,21.376046803561053,0.0,0.0,21376.046803561054,0.0,0.0,7199.817366070362,260.0254394710748,0.95,-76.88450745862464,0.0,0.0
71,capped,node-015,0.0,0.0,19.19068666570935,0.0,0.0,19190.68666570935,0.0,0.0,7199.817366070362,260.0254394710748,0.95,-70.06260801796198,0.0,0.0
71,capped,node-016,187.6472486682847,0.0,254.0761212239384,0.7216495780181484,0.0,0.9771202453912277,86.67514649035827,260.0254394710748,7199.817366070362,260.0254394710748,0.95,-130.01271973553742,-26.002543947107483,-281.71806039219416
71,capped,node-017,0.0,0.0,0.0,0.0,0.0,0.0,0.0,0.0,7199.817366070362,260.0254394710748,0.95,0.0,0.0,0.0
71,capped,node-018,0.0,0.0,0.0,0.0,0.0,0.0,0.0,0.0,7199.817366070362,260.0254394710748,0.95,0.0,0.0,0.0
71,capped,node-019,0.0,83.50422212211589,83.50422212211589,0.0,83504.22212211588,83504.22212211588,0.0,0.0,7199.817366070362,260.0254394710748,0.95,-83.22961285016696,0.0,0.0
71,capped,node-020,0.0,39.967824956830285,39.967824956830285,0.0,39967.824956830285,39967.824956830285,0.0,0.0,7199.817366070362,260.0254394710748,0.95,-84.53578820382756,0.0,0.0
71,capped,node-021,0.0,78.80701986634077,151.12706668663895,0.0,78807.01986634076,151127.06668663895,0.0,0.0,7199.817366070362,260.0254394710748,0.95,-42.23924933651511,0.0,0.0
71,capped,node-022,0.0,0.0,0.0,0.0,0.0,0.0,0.0,0.0,7199.817366070362,260.0254394710748,0.95,-64.53501785517955,0.0,0.0
71,capped,node-023,0.0,33.3575904132566,33.3575904132566,0.0,33357.5904132566,33357.5904132566,0.0,0.0,7199.817366070362,260.0254394710748,0.95,-56.35973751170322,0.0,0.0
71,capped,node-024,0.0,0.0,0.0,0.0,0.0,0.0,0.0,0.0,7199.817366070362,260.0254394710748,0.95,0.0,0.0,0.0
71,capped,node-025,0.0,0.0,38.83377372942299,0.0,0.0,38833.77372942299,0.0,0.0,7199.817366070362,260.0254394710748,0.95,-97.0515095959359,0.0,0.0
71,capped,node-026,0.0,64.62544667917676,129.90502731443885,0.0,64625.44667917676,129905.02731443885,0.0,0.0,7199.817366070362,260.0254394710748,0.95,-62.12224635528018,0.0,0.0
71,capped,node-027,0.0,63.771709193699756,63.771709193699756,0.0,63771.70919369975,63771.70919369975,0.0,0.0,7199.817366070362,260.0254394710748,0.95,-73.45440335603178,0.0,0.0
71,capped,node-028,0.0,0.0,0.0,0.0,0.0,0.0,0.0,0.0,7199.817366070362,260.0254394710748,0.95,-38.90537035784281,0.0,0.0
71,capped,node-029,0.0,0.0,0.0,0.0,0.0,0.0,0.0,0.0,7199.817366070362,260.0254394710748,0.95,0.0,0.0,0.0
71,proper_scoring,node-000,0.0,0.0,0.0,0.0,0.0,0.0,0.0,0.0,7199.817366070362,1165.2625837860512,0.95,0.0,0.0,0.0
71,proper_scoring,node-001,0.0,0.0,0.0,0.0,0.0,0.0,0.0,0.0,7199.817366070362,1165.2625837860512,0.95,0.0,0.0,0.0
71,proper_scoring,node-002,0.0,235.5005676880217,298.32023069960104,0.0,235500.5676880217,298320.23069960106,0.0,0.0,7199.817366070362,1165.2625837860512,0.95,-335.1231091346789,0.0,0.0
71,proper_scoring,node-003,0.0,0.0,68.49675724609826,0.0,0.0,68496.75724609825,0.0,0.0,7199.817366070362,1165.2625837860512,0.95,-231.50324275390176,0.0,0.0
71,proper_scoring,node-004,0.0,0.0,0.0,0.0,0.0,0.0,0.0,0.0,7199.817366070362,1165.2625837860512,0.95,0.0,0.0,0.0
71,proper_scoring,node-005,0.0,0.0,0.0,0.0,0.0,0.0,0.0,0.0,7199.817366070362,1165.2625837860512,0.95,-269.993553328754,0.0,0.0
71,proper_scoring,node-006,0.0,0.0,110.06960690593417,0.0,0.0,110069.60690593417,0.0,0.0,7199.817366070362,1165.2625837860512,0.95,-285.3445017408172,0.0,0.0
71,proper_scoring,node-007,0.0,0.0,0.0,0.0,0.0,0.0,0.0,0.0,7199.817366070362,1165.2625837860512,0.95,0.0,0.0,0.0
71,proper_scoring,node-008,0.0,117.72735697292664,291.3044844986261,0.0,117727.35697292665,291304.4844986261,0.0,0.0,7199.817366070362,1165.2625837860512,0.95,-303.5735471328582,0.0,0.0
71,proper_scoring,node-009,0.0,0.0,0.0,0.0,0.0,0.0,0.0,0.0,7199.817366070362,1165.2625837860512,0.95,-247.70461830125083,0.0,0.0
71,proper_scoring,node-010,0.0,0.0,0.0,0.0,0.0,0.0,0.0,0.0,7199.817366070362,1165.2625837860512,0.95,0.0,0.0,0.0
71,proper_scoring,node-011,0.0,0.0,62.294811650254815,0.0,0.0,62294.811650254815,0.0,0.0,7199.817366070362,1165.2625837860512,0.95,-237.70518834974519,0.0,0.0
71,proper_scoring,node-012,0.0,0.0,0.0,0.0,0.0,0.0,0.0,0.0,7199.817366070362,1165.2625837860512,0.95,0.0,0.0,0.0
71,proper_scoring,node-013,0.0,0.0,126.27711593207113,0.0,0.0,126277.11593207113,0.0,0.0,7199.817366070362,1165.2625837860512,0.95,-270.97343737175424,0.0,0.0
71,proper_scoring,node-014,0.0,0.0,121.37604680356104,0.0,0.0,121376.04680356104,0.0,0.0,7199.817366070362,1165.2625837860512,0.95,-274.696575469638,0.0,0.0
71,proper_scoring,node-015,0.0,0.0,19.742835932248326,0.0,0.0,19742.835932248327,0.0,0.0,7199.817366070362,1165.2625837860512,0.95,-263.29332136374325,0.0,0.0
71,proper_scoring,node-016,129.43950802564382,7.532192460643614,198.83897690896197,0.11108183668361023,0.00646394432074768,0.17063877247556927,991.9122908053346,1165.2625837860512,7199.817366070362,1165.2625837860512,0.95,-1165.2625837860512,-22.27947762466954,-886.9561333373572
71,proper_scoring,node-017,0.0,0.0,0.0,0.0,0.0,0.0,0.0,0.0,7199.817366070362,1165.2625837860512,0.95,0.0,0.0,0.0
71,proper_scoring,node-018,0.0,0.0,0.0,0.0,0.0,0.0,0.0,0.0,7199.817366070362,1165.2625837860512,0.95,0.0,0.0,0.0
71,proper_scoring,node-019,0.0,233.5042221221159,416.770387149833,0.0,233504.2221221159,416770.387149833,0.0,0.0,7199.817366070362,1165.2625837860512,0.95,-331.5106227743169,0.0,0.0
71,proper_scoring,node-020,0.0,0.0,75.66029900796462,0.0,0.0,75660.29900796463,0.0,0.0,7199.817366070362,1165.2625837860512,0.95,-328.1914153800648,0.0,0.0
71,proper_scoring,node-021,0.0,386.3592595989923,389.28380446774617,0.0,386359.2595989923,389283.8044677462,0.0,0.0,7199.817366070362,1165.2625837860512,0.95,-168.95699734606043,0.0,0.0
71,proper_scoring,node-022,0.0,0.0,35.46498214482047,0.0,0.0,35464.98214482047,0.0,0.0,7199.817366070362,1165.2625837860512,0.95,-164.53501785517955,0.0,0.0
71,proper_scoring,node-023,0.0,0.0,0.0,0.0,0.0,0.0,0.0,0.0,7199.817366070362,1165.2625837860512,0.95,-223.50274134642672,0.0,0.0
71,proper_scoring,node-024,0.0,0.0,0.0,0.0,0.0,0.0,0.0,0.0,7199.817366070362,1165.2625837860512,0.95,0.0,0.0,0.0
71,proper_scoring,node-025,0.0,0.0,322.6369248783577,0.0,0.0,322636.92487835773,0.0,0.0,7199.817366070362,1165.2625837860512,0.95,-369.6747641028335,0.0,0.0
71,proper_scoring,node-026,0.0,264.6254466791768,313.09453168855936,0.0,264625.44667917676,313094.53168855933,0.0,0.0,7199.817366070362,1165.2625837860512,0.95,-248.48898542112073,0.0,0.0
71,proper_scoring,node-027,32.208700523304685,163.77170919369973,227.73027140989808,32208.700523304684,163771.70919369973,227730.27140989807,0.0,0.0,7199.817366070362,1165.2625837860512,0.95,-291.39566932139286,0.0,0.0
71,proper_scoring,node-028,0.0,0.0,11.094629642157201,0.0,0.0,11094.6296421572,0.0,0.0,7199.817366070362,1165.2625837860512,0.95,-88.90537035784281,0.0,0.0
71,proper_scoring,node-029,0.0,0.0,0.0,0.0,0.0,0.0,0.0,0.0,7199.817366070362,1165.2625837860512,0.95,0.0,0.0,0.0
71,audits,node-000,0.0,0.0,0.0,0.0,0.0,0.0,0.0,0.0,7199.817366070362,1164.6893720761575,0.95,0.0,0.0,0.0
71,audits,node-001,0.0,0.0,0.0,0.0,0.0,0.0,0.0,0.0,7199.817366070362,1164.6893720761575,0.95,0.0,0.0,0.0
71,audits,node-002,0.0,235.5005676880217,265.75058769229673,0.0,235500.5676880217,265750.5876922967,0.0,0.0,7199.817366070362,1164.6893720761575,0.95,-1534.249412307703,0.0,0.0
71,audits,node-003,0.0,0.0,68.49675724609826,0.0,0.0,68496.75724609825,0.0,0.0,7199.817366070362,1164.6893720761575,0.95,-231.50324275390176,0.0,0.0
71,audits,node-004,0.0,0.0,0.0,0.0,0.0,0.0,0.0,0.0,7199.817366070362,1164.6893720761575,0.95,0.0,0.0,0.0
71,audits,node-005,0.0,0.0,0.0,0.0,0.0,0.0,0.0,0.0,7199.817366070362,1164.6893720761575,0.95,-272.583494476744,0.0,0.0
71,audits,node-006,0.0,0.0,110.06960690593417,0.0,0.0,110069.60690593417,0.0,0.0,7199.817366070362,1164.6893720761575,0.95,-289.93039309406583,0.0,0.0
71,audits,node-007,0.0,0.0,0.0,0.0,0.0,0.0,0.0,0.0,7199.817366070362,1164.6893720761575,0.95,0.0,0.0,0.0
71,audits,node-008,0.0,117.72735697292664,274.10661321678543,0.0,117727.35697292665,274106.6132167854,0.0,0.0,7199.817366070362,1164.6893720761575,0.95,-1525.8933867832147,0.0,0.0
71,audits,node-009,0.0,0.0,0.0,0.0,0.0,0.0,0.0,0.0,7199.817366070362,1164.6893720761575,0.95,-264.46689179854144,0.0,0.0
71,audits,node-010,0.0,0.0,0.0,0.0,0.0,0.0,0.0,0.0,7199.817366070362,1164.6893720761575,0.95,0.0,0.0,0.0
71,audits,node-011,0.0,0.0,62.294811650254815,0.0,0.0,62294.811650254815,0.0,0.0,7199.817366070362,1164.6893720761575,0.95,-237.70518834974519,0.0,0.0
71,audits,node-012,0.0,0.0,0.0,0.0,0.0,0.0,0.0,0.0,7199.817366070362,1164.6893720761575,0.95,0.0,0.0,0.0
71,audits,node-013,0.0,0.0,126.27711593207113,0.0,0.0,126277.11593207113,0.0,0.0,7199.817366070362,1164.6893720761575,0.95,-273.7228840679289,0.0,0.0
71,audits,node-014,0.0,0.0,121.37604680356104,0.0,0.0,121376.04680356104,0.0,0.0,7199.817366070362,1164.6893720761575,0.95,-276.8845074586246,0.0,0.0
71,audits,node-015,0.0,0.0,19.742835932248326,0.0,0.0,19742.835932248327,0.0,0.0,7199.817366070362,1164.6893720761575,0.95,-267.85094531328474,0.0,0.0
71,audits,node-016,130.01271973553753,0.0,199.41218861885568,0.11162866499226214,0.0,0.17121491223311033,991.3390790954409,1164.6893720761575,7199.817366070362,1164.6893720761575,0.95,-3034.67665234062,-26.002543947107483,-886.3829216274635
71,audits,node-017,0.0,0.0,0.0,0.0,0.0,0.0,0.0,0.0,7199.817366070362,1164.6893720761575,0.95,0.0,0.0,0.0
71,audits,node-018,0.0,0.0,0.0,0.0,0.0,0.0,0.0,0.0,7199.817366070362,1164.6893720761575,0.95,0.0,0.0,0.0
71,audits,node-019,0.0,233.5042221221159,416.770387149833,0.0,233504.2221221159,416770.387149833,0.0,0.0,7199.817366070362,1164.6893720761575,0.95,-1583.229612850167,0.0,0.0
71,audits,node-020,0.0,0.0,75.66029900796462,0.0,0.0,75660.29900796463,0.0,0.0,7199.817366070362,1164.6893720761575,0.95,-384.53578820382756,0.0,0.0
71,audits,node-021,0.0,328.8070198663408,328.8070198663408,0.0,328807.0198663408,328807.0198663408,0.0,0.0,7199.817366070362,1164.6893720761575,0.95,-1542.239249336515,0.0,0.0
71,audits,node-022,0.0,0.0,35.46498214482047,0.0,0.0,35464.98214482047,0.0,0.0,7199.817366070362,1164.6893720761575,0.95,-164.53501785517955,0.0,0.0
71,audits,node-023,0.0,0.0,0.0,0.0,0.0,0.0,0.0,0.0,7199.817366070362,1164.6893720761575,0.95,-248.76044518969837,0.0,0.0
71,audits,node-024,0.0,0.0,0.0,0.0,0.0,0.0,0.0,0.0,7199.817366070362,1164.6893720761575,0.95,0.0,0.0,0.0
71,audits,node-025,0.0,0.0,302.94849040406405,0.0,0.0,302948.49040406407,0.0,0.0,7199.817366070362,1164.6893720761575,0.95,-1597.0515095959358,0.0,0.0
71,audits,node-026,0.0,264.6254466791768,313.09453168855936,0.0,264625.44667917676,313094.53168855933,0.0,0.0,7199.817366070362,1164.6893720761575,0.95,-1562.1222463552804,0.0,0.0
71,audits,node-027,32.208700523304685,163.77170919369973,227.73027140989808,32208.700523304684,163771.70919369973,227730.27140989807,0.0,0.0,7199.817366070362,1164.6893720761575,0.95,-373.45440335603183,0.0,0.0
71,audits,node-028,0.0,0.0,11.094629642157201,0.0,0.0,11094.6296421572,0.0,0.0,7199.817366070362,1164.6893720761575,0.95,-88.90537035784281,0.0,0.0
71,audits,node-029,0.0,0.0,0.0,0.0,0.0,0.0,0.0,0.0,7199.817366070362,1164.6893720761575,0.95,0.0,0.0,0.0
