seed,mechanism,node_id,cost_regret,rel_regret,joint_regret,cost_regret_norm,rel_regret_norm,joint_regret_norm,truthful_util,truthful_pay,global_welfare,buyer_payment,sla_success_rate,wtd_gain,sybil_gain,collusion_gain
56,greedy,node-000,0.0,0.0,0.0,0.0,0.0,0.0,0.0,0.0,8735.0634185122,256.21274739453287,0.9,0.0,0.0,0.0
56,greedy,node-001,0.0,0.0,0.0,0.0,0.0,0.0,0.0,0.0,8735.0634185122,256.21274739453287,0.9,0.0,0.0,0.0
56,greedy,node-002,18.570526539449716,0.0,18.570526539449716,18570.526539449715,0.0,18570.526539449715,0.0,0.0,8735.0634185122,256.21274739453287,0.9,-54.25630845697748,0.0,0.0
56,greedy,node-003,0.0,0.0,0.0,0.0,0.0,0.0,0.0,0.0,8735.0634185122,256.21274739453287,0.9,0.0,0.0,0.0
56,greedy,node-004,0.0,0.0,0.0,0.0,0.0,0.0,85.40424913151095,256.21274739453287,8735.0634185122,256.21274739453287,0.9,-128.10637369726643,-25.621274739453284,-85.40424913151095
56,greedy,node-005,0.0,0.0,0.0,0.0,0.0,0.0,0.0,0.0,8735.0634185122,256.21274739453287,0.9,-6.978552352887977,0.0,0.0
56,greedy,node-006,0.0,0.0,0.0,0.0,0.0,0.0,0.0,0.0,8735.0634185122,256.21274739453287,0.9,0.0,0.0,0.0
56,greedy,node-007,0.0,0.0,0.0,0.0,0.0,0.0,0.0,0.0,8735.0634185122,256.21274739453287,0.9,0.0,0.0,0.0
56,greedy,node-008,0.0,0.0,0.0,0.0,0.0,0.0,0.0,0.0,8735.0634185122,256.21274739453287,0.9,-27.895270100002435,0.0,0.0
56,greedy,node-009,0.0,0.0,0.0,0.0,0.0,0.0,0.0,0.0,8735.0634185122,256.21274739453287,0.9,0.0,0.0,0.0
56,greedy,node-010,0.0,0.0,0.0,0.0,0.0,0.0,0.0,0.0,8735.0634185122,256.21274739453287,0.9,-14.063996743810211,0.0,0.0
56,greedy,node-011,0.0,0.0,0.0,0.0,0.0,0.0,0.0,0.0,8735.0634185122,256.21274739453287,0.9,0.0,0.0,0.0
56,greedy,node-012,0.0,0.0,0.0,0.0,0.0,0.0,0.0,0.0,8735.0634185122,256.21274739453287,0.9,0.0,0.0,0.0
56,greedy,node-013,0.0,0.0,0.0,0.0,0.0,0.0,0.0,0.0,8735.0634185122,256.21274739453287,0.9,0.0,0.0,0.0
56,greedy,node-014,0.0,0.0,0.0,0.0,0.0,0.0,0.0,0.0,8735.0634185122,256.21274739453287,0.9,0.0,0.0,0.0
56,greedy,node-015,0.0,0.0,0.0,0.0,0.0,0.0,0.0,0.0,8735.0634185122,256.21274739453287,0.9,0.0,0.0,0.0
56,greedy,node-016,0.0,0.0,0.0,0.0,0.0,0.0,0.0,0.0,8735.0634185122,256.21274739453287,0.9,0.0,0.0,0.0
56,greedy,node-017,0.0,0.0,0.0,0.0,0.0,0.0,0.0,0.0,8735.0634185122,256.21274739453287,0.9,0.0,0.0,0.0
56,greedy,node-018,0.0,0.0,0.0,0.0,0.0,0.0,0.0,0.0,8735.0634185122,256.21274739453287,0.9,0.0,0.0,0.0
56,greedy,node-019,0.0,0.0,0.0,0.0,0.0,0.0,0.0,0.0,8735.0634185122,256.21274739453287,0.9,0.0,0.0,0.0
56,greedy,node-020,0.0,0.0,0.0,0.0,0.0,0.0,0.0,0.0,8735.0634185122,256.21274739453287,0.9,0.0,0.0,0.0
56,greedy,node-021,0.0,0.0,0.0,0.0,0.0,0.0,0.0,0.0,8735.0634185122,256.21274739453287,0.9,0.0,0.0,0.0
56,greedy,node-022,0.0,0.0,0.0,0.0,0.0,0.0,0.0,0.0,8735.0634185122,256.21274739453287,0.9,0.0,0.0,0.0
56,greedy,node-023,0.0,0.0,0.0,0.0,0.0,0.0,0.0,0.0,8735.0634185122,256.21274739453287,0.9,0.0,0.0,0.0
56,greedy,node-024,0.0,0.0,0.0,0.0,0.0,0.0,0.0,0.0,8735.0634185122,256.21274739453287,0.9,0.0,0.0,0.0
56,greedy,node-025,0.0,0.0,0.0,0.0,0.0,0.0,0.0,0.0,8735.0634185122,256.21274739453287,0.9,-28.005887430087398,0.0,0.0
56,greedy,node-026,0.0,0.0,0.0,0.0,0.0,0.0,0.0,0.0,8735.0634185122,256.21274739453287,0.9,0.0,0.0,0.0
56,greedy,node-027,0.0,0.0,0.0,0.0,0.0,0.0,0.0,0.0,8735.0634185122,256.21274739453287,0.9,0.0,0.0,0.0
56,greedy,node-028,0.0,0.0,0.0,0.0,0.0,0.0,0.0,0.0,8735.0634185122,256.21274739453287,0.9,0.0,0.0,0.0
56,greedy,node-029,0.0,0.0,0.0,0.0,0.0,0.0,0.0,0.0,8735.0634185122,256.21274739453287,0.9,-13.640754244860858,0.0,0.0
56,trust_vcg,node-000,0.0,0.0,0.0,0.0,0.0,0.0,0.0,0.0,8557.449343994434,311.2130791773987,0.9285714285714286,0.0,0.0,0.0
56,trust_vcg,node-001,0.0,0.0,0.0,0.0,0.0,0.0,0.0,0.0,8557.449343994434,311.2130791773987,0.9285714285714286,0.0,0.0,0.0
56,trust_vcg,node-002,359.25368484753477,359.25368484753477,912.8192166768863,359253.68484753475,359253.68484753475,912819.2166768863,-359.25368484753477,-324.7430666164514,8557.449343994434,311.2130791773987,0.9285714285714286,-10142.898167011042,44.26024290407054,359.25368484753477
56,trust_vcg,node-003,25.43174105102517,0.0,122.86558517156372,25431.74105102517,0.0,122865.58517156373,0.0,0.0,8557.449343994434,311.2130791773987,0.9285714285714286,-2283.907414661841,0.0,0.0
56,trust_vcg,node-004,146.9272268751522,10.971081081301918,157.898307956454,0.2310335828137114,0.01725131701904847,0.2482848998327597,538.0046612104154,635.9561457938502,8557.449343994434,311.2130791773987,0.9285714285714286,-10477.092788968315,-14.692722687515243,-538.0046612104154
56,trust_vcg,node-005,228.69056893388105,0.0,282.20261775134145,228690.56893388106,0.0,282202.61775134143,0.0,0.0,8557.449343994434,311.2130791773987,0.9285714285714286,-8998.526984051285,0.0,0.0
56,trust_vcg,node-006,0.0,0.0,179.6846451326632,0.0,0.0,179684.6451326632,0.0,0.0,8557.449343994434,311.2130791773987,0.9285714285714286,-5592.98566584744,0.0,0.0
56,trust_vcg,node-007,0.0,0.0,0.0,0.0,0.0,0.0,0.0,0.0,8557.449343994434,311.2130791773987,0.9285714285714286,0.0,0.0,0.0
56,trust_vcg,node-008,0.0,229.64057477554675,229.64057477554675,0.0,229640.57477554676,229640.57477554676,0.0,0.0,8557.449343994434,311.2130791773987,0.9285714285714286,-10613.674848309285,0.0,0.0
56,trust_vcg,node-009,0.0,93.18681038653332,93.18681038653332,0.0,93186.81038653333,93186.81038653333,0.0,0.0,8557.449343994434,311.2130791773987,0.9285714285714286,-3399.0087163959647,0.0,0.0
56,trust_vcg,node-010,0.0,0.0,0.0,0.0,0.0,0.0,0.0,0.0,8557.449343994434,311.2130791773987,0.9285714285714286,-8346.987649806966,0.0,0.0
56,trust_vcg,node-011,0.0,0.0,0.0,0.0,0.0,0.0,0.0,0.0,8557.449343994434,311.2130791773987,0.9285714285714286,0.0,0.0,0.0
56,trust_vcg,node-012,0.0,0.0,19.904531039040336,0.0,0.0,19904.531039040336,0.0,0.0,8557.449343994434,311.2130791773987,0.9285714285714286,-1180.0954689609598,0.0,0.0
56,trust_vcg,node-013,0.0,0.0,0.0,0.0,0.0,0.0,0.0,0.0,8557.449343994434,311.2130791773987,0.9285714285714286,0.0,0.0,0.0
56,trust_vcg,node-014,100.48411237773442,168.17800943162376,254.64039474685904,100484.11237773442,168178.00943162377,254640.39474685903,0.0,0.0,8557.449343994434,311.2130791773987,0.9285714285714286,-3945.3596052531407,0.0,0.0
56,trust_vcg,node-015,0.0,0.0,0.0,0.0,0.0,0.0,0.0,0.0,8557.449343994434,311.2130791773987,0.9285714285714286,-2284.1768871538143,0.0,0.0
56,trust_vcg,node-016,0.0,0.0,0.0,0.0,0.0,0.0,0.0,0.0,8557.449343994434,311.2130791773987,0.9285714285714286,-4992.99801255178,0.0,0.0
56,trust_vcg,node-017,0.0,0.0,0.0,0.0,0.0,0.0,0.0,0.0,8557.449343994434,311.2130791773987,0.9285714285714286,0.0,0.0,0.0
56,trust_vcg,node-018,0.0,0.0,44.97938178958124,0.0,0.0,44979.38178958124,0.0,0.0,8557.449343994434,311.2130791773987,0.9285714285714286,-1755.0206182104187,0.0,0.0
56,trust_vcg,node-019,0.0,316.77658024929656,496.5072408689462,0.0,316776.58024929656,496507.2408689462,0.0,0.0,8557.449343994434,311.2130791773987,0.9285714285714286,-5598.685432901218,0.0,0.0
56,trust_vcg,node-020,0.0,92.84890298459113,178.81114704225615,0.0,92848.90298459113,178811.14704225614,0.0,0.0,8557.449343994434,311.2130791773987,0.9285714285714286,-2273.1642724717335,0.0,0.0
56,trust_vcg,node-021,0.0,0.0,0.0,0.0,0.0,0.0,0.0,0.0,8557.449343994434,311.2130791773987,0.9285714285714286,0.0,0.0,0.0
56,trust_vcg,node-022,0.0,0.0,80.47820436035067,0.0,0.0,80478.20436035068,0.0,0.0,8557.449343994434,311.2130791773987,0.9285714285714286,-1696.9945602913497,0.0,0.0
56,trust_vcg,node-023,0.0,0.0,0.0,0.0,0.0,0.0,0.0,0.0,8557.449343994434,311.2130791773987,0.9285714285714286,-5586.901059601414,0.0,0.0
56,trust_vcg,node-024,0.0,0.0,0.0,0.0,0.0,0.0,0.0,0.0,8557.449343994434,311.2130791773987,0.9285714285714286,0.0,0.0,0.0
56,trust_vcg,node-025,0.0,0.0,0.0,0.0,0.0,0.0,0.0,0.0,8557.449343994434,311.2130791773987,0.9285714285714286,-10542.610527358429,0.0,0.0
56,trust_vcg,node-026,0.0,0.0,0.0,0.0,0.0,0.0,0.0,0.0,8557.449343994434,311.2130791773987,0.9285714285714286,0.0,0.0,0.0
56,trust_vcg,node-027,0.0,0.0,0.0,0.0,0.0,0.0,0.0,0.0,8557.449343994434,311.2130791773987,0.9285714285714286,0.0,0.0,0.0
56,trust_vcg,node-028,0.0,0.0,0.0,0.0,0.0,0.0,0.0,0.0,8557.449343994434,311.2130791773987,0.9285714285714286,0.0,0.0,0.0
56,trust_vcg,node-029,306.87859948730204,0.0,311.897966222305,306878.599487302,0.0,311897.96622230497,0.0,0.0,8557.449343994434,311.2130791773987,0.9285714285714286,-4984.288812274257,0.0,0.0
56,contingent,node-000,0.0,0.0,0.0,0.0,0.0,0.0,0.0,0.0,8557.449343994434,185.71088832133364,0.9285714285714286,0.0,0.0,0.0
56,contingent,node-001,0.0,0.0,0.0,0.0,0.0,0.0,0.0,0.0,8557.449343994434,185.71088832133364,0.9285714285714286,0.0,0.0,0.0
56,contingent,node-002,0.0,59.23059268861568,199.29248861425324,0.0,1.5272047681936225,5.138568180077656,4.273043215098285,38.78366144618158,8557.449343994434,185.71088832133364,0.9285714285714286,-212.88045064941235,-0.8853098999174538,-4.273043215098285
56,contingent,node-003,0.0,0.0,22.865585171563723,0.0,0.0,22865.58517156372,0.0,0.0,8557.449343994434,185.71088832133364,0.9285714285714286,-335.62965864736395,0.0,0.0
56,contingent,node-004,146.9272268751521,0.0,146.9272268751521,1.0,0.0,1.0,48.97574229171736,146.9272268751521,8557.449343994434,185.71088832133364,0.9285714285714286,-205.32825332331095,-14.692722687515207,-48.97574229171736
56,contingent,node-005,0.0,0.0,0.0,0.0,0.0,0.0,0.0,0.0,8557.449343994434,185.71088832133364,0.9285714285714286,-794.107936205138,0.0,0.0
56,contingent,node-006,0.0,0.0,29.747385236873498,0.0,0.0,29747.3852368735,0.0,0.0,8557.449343994434,185.71088832133364,0.9285714285714286,-486.7977686625298,0.0,0.0
56,contingent,node-007,0.0,0.0,0.0,0.0,0.0,0.0,0.0,0.0,8557.449343994434,185.71088832133364,0.9285714285714286,0.0,0.0,0.0
56,contingent,node-008,0.0,29.640574775546746,41.36889034945304,0.0,29640.574775546746,41368.89034945304,0.0,0.0,8557.449343994434,185.71088832133364,0.9285714285714286,-654.6993932371423,0.0,0.0
56,contingent,node-009,0.0,43.186810386533324,43.186810386533324,0.0,43186.810386533325,43186.810386533325,0.0,0.0,8557.449343994434,185.71088832133364,0.9285714285714286,-396.0348655838587,0.0,0.0
56,contingent,node-010,0.0,0.0,0.0,0.0,0.0,0.0,0.0,0.0,8557.449343994434,185.71088832133364,0.9285714285714286,-665.4294794547484,0.0,0.0
56,contingent,node-011,0.0,0.0,0.0,0.0,0.0,0.0,0.0,0.0,8557.449343994434,185.71088832133364,0.9285714285714286,0.0,0.0,0.0
56,contingent,node-012,0.0,0.0,0.0,0.0,0.0,0.0,0.0,0.0,8557.449343994434,185.71088832133364,0.9285714285714286,-320.38187584383866,0.0,0.0
56,contingent,node-013,0.0,0.0,0.0,0.0,0.0,0.0,0.0,0.0,8557.449343994434,185.71088832133364,0.9285714285714286,0.0,0.0,0.0
56,contingent,node-014,0.0,68.17800943162374,68.17800943162374,0.0,68178.00943162374,68178.00943162374,0.0,0.0,8557.449343994434,185.71088832133364,0.9285714285714286,-381.4384210125638,0.0,0.0
56,contingent,node-015,0.0,0.0,0.0,0.0,0.0,0.0,0.0,0.0,8557.449343994434,185.71088832133364,0.9285714285714286,-336.707548615257,0.0,0.0
56,contingent,node-016,0.0,0.0,0.0,0.0,0.0,0.0,0.0,0.0,8557.449343994434,185.71088832133364,0.9285714285714286,-171.99205020712049,0.0,0.0
56,contingent,node-017,0.0,0.0,0.0,0.0,0.0,0.0,0.0,0.0,8557.449343994434,185.71088832133364,0.9285714285714286,0.0,0.0,0.0
56,contingent,node-018,0.0,0.0,0.0,0.0,0.0,0.0,0.0,0.0,8557.449343994434,185.71088832133364,0.9285714285714286,-420.082472841675,0.0,0.0
56,contingent,node-019,0.0,116.77658024929656,116.77658024929656,0.0,116776.58024929656,116776.58024929656,0.0,0.0,8557.449343994434,185.71088832133364,0.9285714285714286,-394.74173160486845,0.0,0.0
56,contingent,node-020,0.0,42.848902984591135,42.848902984591135,0.0,42848.902984591135,42848.902984591135,0.0,0.0,8557.449343994434,185.71088832133364,0.9285714285714286,-292.65708988693444,0.0,0.0
56,contingent,node-021,0.0,0.0,0.0,0.0,0.0,0.0,0.0,0.0,8557.449343994434,185.71088832133364,0.9285714285714286,0.0,0.0,0.0
56,contingent,node-022,0.0,0.0,0.0,0.0,0.0,0.0,0.0,0.0,8557.449343994434,185.71088832133364,0.9285714285714286,-276.39559478380505,0.0,0.0
56,contingent,node-023,0.0,4.708698333219992,21.10303907961692,0.0,4708.698333219992,21103.03907961692,0.0,0.0,8557.449343994434,185.71088832133364,0.9285714285714286,-347.6042384056548,0.0,0.0
56,contingent,node-024,0.0,0.0,0.0,0.0,0.0,0.0,0.0,0.0,8557.449343994434,185.71088832133364,0.9285714285714286,0.0,0.0,0.0
56,contingent,node-025,0.0,0.0,0.0,0.0,0.0,0.0,0.0,0.0,8557.449343994434,185.71088832133364,0.9285714285714286,-650.1167641094536,0.0,0.0
56,contingent,node-026,0.0,0.0,0.0,0.0,0.0,0.0,0.0,0.0,8557.449343994434,185.71088832133364,0.9285714285714286,0.0,0.0,0.0
56,contingent,node-027,0.0,0.0,0.0,0.0,0.0,0.0,0.0,0.0,8557.449343994434,185.71088832133364,0.9285714285714286,0.0,0.0,0.0
56,contingent,node-028,0.0,0.0,0.0,0.0,0.0,0.0,0.0,0.0,8557.449343994434,185.71088832133364,0.9285714285714286,0.0,0.0,0.0
56,contingent,node-029,11.897966222304971,0.0,11.897966222304971,11897.96622230497,0.0,11897.96622230497,0.0,0.0,8557.449343994434,185.71088832133364,0.9285714285714286,-137.15524909703004,0.0,0.0
56,capped,node-000,0.0,0.0,0.0,0.0,0.0,0.0,0.0,0.0,8557.449343994434,198.69315422177704,0.9285714285714286,0.0,0.0,0.0
56,capped,node-001,0.0,0.0,0.0,0.0,0.0,0.0,0.0,0.0,8557.449343994434,198.69315422177704,0.9285714285714286,0.0,0.0,0.0
56,capped,node-002,0.0,74.30423389312129,186.31022271380988,0.0,1.4353888301001494,3.599089831160091,17.255309115541646,51.765927346624935,8557.449343994434,198.69315422177704,0.9285714285714286,-69.40716097412017,-2.1835364899617904,-17.255309115541646
56,capped,node-003,0.0,0.0,22.865585171563723,0.0,0.0,22865.58517156372,0.0,0.0,8557.449343994434,198.69315422177704,0.9285714285714286,-83.90741466184099,0.0,0.0
56,capped,node-004,146.9272268751521,0.0,146.9272268751521,1.0,0.0,1.0,48.97574229171736,146.9272268751521,8557.449343994434,198.69315422177704,0.9285714285714286,-88.06387004961576,-14.692722687515207,-48.97574229171736
56,capped,node-005,0.0,0.0,0.0,0.0,0.0,0.0,0.0,0.0,8557.449343994434,198.69315422177704,0.9285714285714286,-198.52698405128447,0.0,0.0
56,capped,node-006,0.0,0.0,29.747385236873498,0.0,0.0,29747.3852368735,0.0,0.0,8557.449343994434,198.69315422177704,0.9285714285714286,-121.69944216563243,0.0,0.0
56,capped,node-007,0.0,0.0,0.0,0.0,0.0,0.0,0.0,0.0,8557.449343994434,198.69315422177704,0.9285714285714286,0.0,0.0,0.0
56,capped,node-008,10.947874899685056,29.640574775546746,57.25022348253553,10947.874899685055,29640.574775546746,57250.22348253553,0.0,0.0,8557.449343994434,198.69315422177704,0.9285714285714286,-163.67484830928558,0.0,0.0
56,capped,node-009,0.0,43.186810386533324,43.186810386533324,0.0,43186.810386533325,43186.810386533325,0.0,0.0,8557.449343994434,198.69315422177704,0.9285714285714286,-99.00871639596467,0.0,0.0
56,capped,node-010,0.0,0.0,0.0,0.0,0.0,0.0,0.0,0.0,8557.449343994434,198.69315422177704,0.9285714285714286,-166.3573698636871,0.0,0.0
56,capped,node-011,0.0,0.0,0.0,0.0,0.0,0.0,0.0,0.0,8557.449343994434,198.69315422177704,0.9285714285714286,0.0,0.0,0.0
56,capped,node-012,0.0,0.0,0.0,0.0,0.0,0.0,0.0,0.0,8557.449343994434,198.69315422177704,0.9285714285714286,-80.09546896095966,0.0,0.0
56,capped,node-013,0.0,0.0,0.0,0.0,0.0,0.0,0.0,0.0,8557.449343994434,198.69315422177704,0.9285714285714286,0.0,0.0,0.0
56,capped,node-014,0.0,68.17800943162374,68.17800943162374,0.0,68178.00943162374,68178.00943162374,0.0,0.0,8557.449343994434,198.69315422177704,0.9285714285714286,-95.35960525314096,0.0,0.0
56,capped,node-015,0.0,0.0,23.854255163081092,0.0,0.0,23854.255163081092,0.0,0.0,8557.449343994434,198.69315422177704,0.9285714285714286,-84.17688715381423,0.0,0.0
56,capped,node-016,0.0,0.0,0.0,0.0,0.0,0.0,0.0,0.0,8557.449343994434,198.69315422177704,0.9285714285714286,-42.99801255178012,0.0,0.0
56,capped,node-017,0.0,0.0,0.0,0.0,0.0,0.0,0.0,0.0,8557.449343994434,198.69315422177704,0.9285714285714286,0.0,0.0,0.0
56,capped,node-018,0.0,0.0,0.0,0.0,0.0,0.0,0.0,0.0,8557.449343994434,198.69315422177704,0.9285714285714286,-105.02061821041876,0.0,0.0
56,capped,node-019,0.0,116.77658024929656,116.77658024929656,0.0,116776.58024929656,116776.58024929656,0.0,0.0,8557.449343994434,198.69315422177704,0.9285714285714286,-98.68543290121714,0.0,0.0
56,capped,node-020,0.0,42.848902984591135,42.848902984591135,0.0,42848.902984591135,42848.902984591135,0.0,0.0,8557.449343994434,198.69315422177704,0.9285714285714286,-73.1642724717336,0.0,0.0
56,capped,node-021,0.0,0.0,0.0,0.0,0.0,0.0,0.0,0.0,8557.449343994434,198.69315422177704,0.9285714285714286,0.0,0.0,0.0
56,capped,node-022,0.0,0.0,0.0,0.0,0.0,0.0,0.0,0.0,8557.449343994434,198.69315422177704,0.9285714285714286,-69.09889869595126,0.0,0.0
56,capped,node-023,0.0,92.55581015122843,130.91192885212746,0.0,92555.81015122842,130911.92885212746,0.0,0.0,8557.449343994434,198.69315422177704,0.9285714285714286,-86.90105960141369,0.0,0.0
56,capped,node-024,0.0,0.0,0.0,0.0,0.0,0.0,0.0,0.0,8557.449343994434,198.69315422177704,0.9285714285714286,0.0,0.0,0.0
56,capped,node-025,0.0,0.0,8.755482434247702,0.0,0.0,8755.482434247702,0.0,0.0,8557.449343994434,198.69315422177704,0.9285714285714286,-162.5291910273634,0.0,0.0
56,capped,node-026,0.0,0.0,0.0,0.0,0.0,0.0,0.0,0.0,8557.449343994434,198.69315422177704,0.9285714285714286,0.0,0.0,0.0
56,capped,node-027,0.0,0.0,0.0,0.0,0.0,0.0,0.0,0.0,8557.449343994434,198.69315422177704,0.9285714285714286,0.0,0.0,0.0
56,capped,node-028,0.0,0.0,0.0,0.0,0.0,0.0,0.0,0.0,8557.449343994434,198.69315422177704,0.9285714285714286,0.0,0.0,0.0
56,capped,node-029,11.897966222304971,0.0,15.44732033821113,11897.96622230497,0.0,15447.32033821113,0.0,0.0,8557.449343994434,198.69315422177704,0.9285714285714286,-34.28881227425751,0.0,0.0
56,proper_scoring,node-000,0.0,0.0,0.0,0.0,0.0,0.0,0.0,0.0,8557.449343994434,814.0711454221284,0.9285714285714286,0.0,0.0,0.0
56,proper_scoring,node-001,0.0,0.0,0.0,0.0,0.0,0.0,0.0,0.0,8557.449343994434,814.0711454221284,0.9285714285714286,0.0,0.0,0.0
56,proper_scoring,node-002,149.38274466426964,619.8992545065189,660.3704951943675,0.8386870559808427,3.4803315599485365,3.7075512818827425,143.60438139719503,178.11499962827833,8557.449343994434,814.0711454221284,0.9285714285714286,-352.2117888315091,45.55846949411483,-143.60438139719503
56,proper_scoring,node-003,25.43174105102517,0.0,122.86558517156372,25431.74105102517,0.0,122865.58517156373,0.0,0.0,8557.449343994434,814.0711454221284,0.9285714285714286,-283.907414661841,0.0,0.0
56,proper_scoring,node-004,194.3998320045173,10.971081081301918,221.4638732644778,0.3056811908969796,0.01725131701904847,0.3482376492926714,538.0046612104154,635.9561457938502,8557.449343994434,814.0711454221284,0.9285714285714286,-694.357172242009,-14.692722687515243,-538.0046612104154
56,proper_scoring,node-005,228.69056893388105,0.0,530.415973728425,228690.56893388106,0.0,530415.973728425,0.0,0.0,8557.449343994434,814.0711454221284,0.9285714285714286,-642.896231784067,0.0,0.0
56,proper_scoring,node-006,0.0,0.0,290.4806009801714,0.0,0.0,290480.6009801714,0.0,0.0,8557.449343994434,814.0711454221284,0.9285714285714286,-449.69932434583103,0.0,0.0
56,proper_scoring,node-007,0.0,0.0,0.0,0.0,0.0,0.0,0.0,0.0,8557.449343994434,814.0711454221284,0.9285714285714286,0.0,0.0,0.0
56,proper_scoring,node-008,343.75915406598523,229.64057477554675,725.7375962686593,343759.15406598523,229640.57477554676,725737.5962686593,0.0,0.0,8557.449343994434,814.0711454221284,0.9285714285714286,-588.6491297206916,0.0,0.0
56,proper_scoring,node-009,0.0,93.18681038653332,100.99128360403535,0.0,93186.81038653333,100991.28360403534,0.0,0.0,8557.449343994434,814.0711454221284,0.9285714285714286,-374.0617640087289,0.0,0.0
56,proper_scoring,node-010,0.0,0.0,507.78643643338864,0.0,0.0,507786.4364333886,0.0,0.0,8557.449343994434,814.0711454221284,0.9285714285714286,-556.4004730790219,0.0,0.0
56,proper_scoring,node-011,0.0,0.0,0.0,0.0,0.0,0.0,0.0,0.0,8557.449343994434,814.0711454221284,0.9285714285714286,0.0,0.0,0.0
56,proper_scoring,node-012,0.0,0.0,19.904531039040336,0.0,0.0,19904.531039040336,0.0,0.0,8557.449343994434,814.0711454221284,0.9285714285714286,-180.09546896095966,0.0,0.0
56,proper_scoring,node-013,0.0,0.0,0.0,0.0,0.0,0.0,0.0,0.0,8557.449343994434,814.0711454221284,0.9285714285714286,0.0,0.0,0.0
56,proper_scoring,node-014,100.48411237773442,168.17800943162376,254.64039474685904,100484.11237773442,168178.00943162377,254640.39474685903,0.0,0.0,8557.449343994434,814.0711454221284,0.9285714285714286,-376.6287501096037,0.0,0.0
56,proper_scoring,node-015,0.0,0.0,23.854255163081092,0.0,0.0,23854.255163081092,0.0,0.0,8557.449343994434,814.0711454221284,0.9285714285714286,-284.1768871538143,0.0,0.0
56,proper_scoring,node-016,106.50990445977673,0.0,280.87433020778576,106509.90445977674,0.0,280874.33020778577,0.0,0.0,8557.449343994434,814.0711454221284,0.9285714285714286,-171.99205020712049,0.0,0.0
56,proper_scoring,node-017,0.0,0.0,0.0,0.0,0.0,0.0,0.0,0.0,8557.449343994434,814.0711454221284,0.9285714285714286,0.0,0.0,0.0
56,proper_scoring,node-018,0.0,0.0,44.97938178958124,0.0,0.0,44979.38178958124,0.0,0.0,8557.449343994434,814.0711454221284,0.9285714285714286,-255.02061821041875,0.0,0.0
56,proper_scoring,node-019,0.0,316.77658024929656,496.5072408689462,0.0,316776.58024929656,496507.2408689462,0.0,0.0,8557.449343994434,814.0711454221284,0.9285714285714286,-385.81734484918763,0.0,0.0
56,proper_scoring,node-020,0.0,92.84890298459113,178.81114704225615,0.0,92848.90298459113,178811.14704225614,0.0,0.0,8557.449343994434,814.0711454221284,0.9285714285714286,-269.7902076333976,0.0,0.0
56,proper_scoring,node-021,0.0,0.0,0.0,0.0,0.0,0.0,0.0,0.0,8557.449343994434,814.0711454221284,0.9285714285714286,0.0,0.0,0.0
56,proper_scoring,node-022,0.0,0.0,80.47820436035067,0.0,0.0,80478.20436035068,0.0,0.0,8557.449343994434,814.0711454221284,0.9285714285714286,-196.99456029134976,0.0,0.0
56,proper_scoring,node-023,0.0,192.55581015122843,200.55303337443127,0.0,192555.81015122842,200553.03337443125,0.0,0.0,8557.449343994434,814.0711454221284,0.9285714285714286,-347.6042384056548,0.0,0.0
56,proper_scoring,node-024,0.0,0.0,0.0,0.0,0.0,0.0,0.0,0.0,8557.449343994434,814.0711454221284,0.9285714285714286,0.0,0.0,0.0
56,proper_scoring,node-025,188.79386492771937,0.0,487.35676297150826,188793.86492771938,0.0,487356.76297150826,0.0,0.0,8557.449343994434,814.0711454221284,0.9285714285714286,-554.8635674125426,0.0,0.0
56,proper_scoring,node-026,0.0,0.0,0.0,0.0,0.0,0.0,0.0,0.0,8557.449343994434,814.0711454221284,0.9285714285714286,0.0,0.0,0.0
56,proper_scoring,node-027,0.0,0.0,0.0,0.0,0.0,0.0,0.0,0.0,8557.449343994434,814.0711454221284,0.9285714285714286,0.0,0.0,0.0
56,proper_scoring,node-028,0.0,0.0,0.0,0.0,0.0,0.0,0.0,0.0,8557.449343994434,814.0711454221284,0.9285714285714286,0.0,0.0,0.0
56,proper_scoring,node-029,348.38625491063897,0.0,355.07874389064295,348386.25491063896,0.0,355078.74389064295,0.0,0.0,8557.449343994434,814.0711454221284,0.9285714285714286,-137.15524909703004,0.0,0.0
56,audits,node-000,0.0,0.0,0.0,0.0,0.0,0.0,0.0,0.0,8557.449343994434,811.2130791773988,0.9285714285714286,0.0,0.0,0.0
56,audits,node-001,0.0,0.0,0.0,0.0,0.0,0.0,0.0,0.0,8557.449343994434,811.2130791773988,0.9285714285714286,0.0,0.0,0.0
56,audits,node-002,133.40599362296297,50.81322785619773,412.81921667688624,0.7612023732664825,0.2899356212344156,2.3555086164462002,140.74631515246523,175.25693338354853,8557.449343994434,811.2130791773988,0.9285714285714286,-2642.898167011044,44.26024290407048,-140.74631515246523
56,audits,node-003,25.43174105102517,0.0,122.86558517156372,25431.74105102517,0.0,122865.58517156373,0.0,0.0,8557.449343994434,811.2130791773988,0.9285714285714286,-783.907414661841,0.0,0.0
56,audits,node-004,146.9272268751522,10.971081081301918,179.72390854361424,0.2310335828137114,0.01725131701904847,0.2826042483153753,538.0046612104154,635.9561457938502,8557.449343994434,811.2130791773988,0.9285714285714286,-2477.0927889683135,-14.692722687515243,-538.0046612104154
56,audits,node-005,228.69056893388105,0.0,501.4730159487155,228690.56893388106,0.0,501473.0159487155,0.0,0.0,8557.449343994434,811.2130791773988,0.9285714285714286,-1998.5269840512844,0.0,0.0
56,audits,node-006,0.0,0.0,280.9837151535559,0.0,0.0,280983.7151535559,0.0,0.0,8557.449343994434,811.2130791773988,0.9285714285714286,-1592.98566584744,0.0,0.0
56,audits,node-007,0.0,0.0,0.0,0.0,0.0,0.0,0.0,0.0,8557.449343994434,811.2130791773988,0.9285714285714286,0.0,0.0,0.0
56,audits,node-008,328.611638643077,229.64057477554675,686.3251516907144,328611.638643077,229640.57477554676,686325.1516907144,0.0,0.0,8557.449343994434,811.2130791773988,0.9285714285714286,-2613.6748483092856,0.0,0.0
56,audits,node-009,0.0,93.18681038653332,93.18681038653332,0.0,93186.81038653333,93186.81038653333,0.0,0.0,8557.449343994434,811.2130791773988,0.9285714285714286,-899.0087163959645,0.0,0.0
56,audits,node-010,0.0,0.0,487.5008940533913,0.0,0.0,487500.89405339124,0.0,0.0,8557.449343994434,811.2130791773988,0.9285714285714286,-1846.9876498069664,0.0,0.0
56,audits,node-011,0.0,0.0,0.0,0.0,0.0,0.0,0.0,0.0,8557.449343994434,811.2130791773988,0.9285714285714286,0.0,0.0,0.0
56,audits,node-012,0.0,0.0,19.904531039040336,0.0,0.0,19904.531039040336,0.0,0.0,8557.449343994434,811.2130791773988,0.9285714285714286,-180.09546896095966,0.0,0.0
56,audits,node-013,0.0,0.0,0.0,0.0,0.0,0.0,0.0,0.0,8557.449343994434,811.2130791773988,0.9285714285714286,0.0,0.0,0.0
56,audits,node-014,100.48411237773442,168.17800943162376,254.64039474685904,100484.11237773442,168178.00943162377,254640.39474685903,0.0,0.0,8557.449343994434,811.2130791773988,0.9285714285714286,-945.3596052531409,0.0,0.0
56,audits,node-015,0.0,0.0,23.854255163081092,0.0,0.0,23854.255163081092,0.0,0.0,8557.449343994434,811.2130791773988,0.9285714285714286,-784.1768871538143,0.0,0.0
56,audits,node-016,104.08148594170652,0.0,215.35637428953757,104081.48594170652,0.0,215356.37428953758,0.0,0.0,8557.449343994434,811.2130791773988,0.9285714285714286,-992.9980125517801,0.0,0.0
56,audits,node-017,0.0,0.0,0.0,0.0,0.0,0.0,0.0,0.0,8557.449343994434,811.2130791773988,0.9285714285714286,0.0,0.0,0.0
56,audits,node-018,0.0,0.0,44.97938178958124,0.0,0.0,44979.38178958124,0.0,0.0,8557.449343994434,811.2130791773988,0.9285714285714286,-755.0206182104187,0.0,0.0
56,audits,node-019,0.0,316.77658024929656,496.5072408689462,0.0,316776.58024929656,496507.2408689462,0.0,0.0,8557.449343994434,811.2130791773988,0.9285714285714286,-1598.6854329012172,0.0,0.0
56,audits,node-020,0.0,92.84890298459113,178.81114704225615,0.0,92848.90298459113,178811.14704225614,0.0,0.0,8557.449343994434,811.2130791773988,0.9285714285714286,-773.1642724717335,0.0,0.0
56,audits,node-021,0.0,0.0,0.0,0.0,0.0,0.0,0.0,0.0,8557.449343994434,811.2130791773988,0.9285714285714286,0.0,0.0,0.0
56,audits,node-022,0.0,0.0,80.47820436035067,0.0,0.0,80478.20436035068,0.0,0.0,8557.449343994434,811.2130791773988,0.9285714285714286,-696.9945602913498,0.0,0.0
56,audits,node-023,0.0,192.55581015122843,192.55581015122843,0.0,192555.81015122842,192555.81015122842,0.0,0.0,8557.449343994434,811.2130791773988,0.9285714285714286,-1586.9010596014134,0.0,0.0
56,audits,node-024,0.0,0.0,0.0,0.0,0.0,0.0,0.0,0.0,8557.449343994434,811.2130791773988,0.9285714285714286,0.0,0.0,0.0
56,audits,node-025,183.77594518474584,0.0,354.32287125507986,183775.94518474583,0.0,354322.87125507987,0.0,0.0,8557.449343994434,811.2130791773988,0.9285714285714286,-2542.6105273584294,0.0,0.0
56,audits,node-026,0.0,0.0,0.0,0.0,0.0,0.0,0.0,0.0,8557.449343994434,811.2130791773988,0.9285714285714286,0.0,0.0,0.0
56,audits,node-027,0.0,0.0,0.0,0.0,0.0,0.0,0.0,0.0,8557.449343994434,811.2130791773988,0.9285714285714286,0.0,0.0,0.0
56,audits,node-028,0.0,0.0,0.0,0.0,0.0,0.0,0.0,0.0,8557.449343994434,811.2130791773988,0.9285714285714286,0.0,0.0,0.0
56,audits,node-029,306.87859948730204,0.0,315.44732033821117,306878.599487302,0.0,315447.32033821114,0.0,0.0,8557.449343994434,811.2130791773988,0.9285714285714286,-984.2888122742575,0.0,0.0
44,greedy,node-000,0.0,0.0,0.0,0.0,0.0,0.0,0.0,0.0,8774.018210248074,186.6670457018819,0.9,0.0,0.0,0.0
44,greedy,node-001,0.0,0.0,0.0,0.0,0.0,0.0,0.0,0.0,8774.018210248074,186.6670457018819,0.9,0.0,0.0,0.0
44,greedy,node-002,0.0,0.0,0.0,0.0,0.0,0.0,0.0,0.0,8774.018210248074,186.6670457018819,0.9,0.0,0.0,0.0
44,greedy,node-003,0.0,0.0,0.0,0.0,0.0,0.0,0.0,0.0,8774.018210248074,186.6670457018819,0.9,0.0,0.0,0.0
44,greedy,node-004,0.0,0.0,0.0,0.0,0.0,0.0,0.0,0.0,8774.018210248074,186.6670457018819,0.9,0.0,0.0,0.0
44,greedy,node-005,0.0,0.0,0.0,0.0,0.0,0.0,0.0,0.0,8774.018210248074,186.6670457018819,0.9,0.0,0.0,0.0
44,greedy,node-006,0.0,0.0,0.0,0.0,0.0,0.0,0.0,0.0,8774.018210248074,186.6670457018819,0.9,0.0,0.0,0.0
44,greedy,node-007,0.0,0.0,0.0,0.0,0.0,0.0,0.0,0.0,8774.018210248074,186.6670457018819,0.9,0.0,0.0,0.0
44,greedy,node-008,7.442520280168203,0.0,7.442520280168203,7442.5202801682035,0.0,7442.5202801682035,0.0,0.0,8774.018210248074,186.6670457018819,0.9,-31.583440083842547,0.0,0.0
44,greedy,node-009,0.0,0.0,0.0,0.0,0.0,0.0,0.0,0.0,8774.018210248074,186.6670457018819,0.9,0.0,0.0,0.0
44,greedy,node-010,0.0,0.0,0.0,0.0,0.0,0.0,0.0,0.0,8774.018210248074,186.6670457018819,0.9,0.0,0.0,0.0
44,greedy,node-011,0.0,0.0,0.0,0.0,0.0,0.0,0.0,0.0,8774.018210248074,186.6670457018819,0.9,-10.667846574448992,0.0,0.0
44,greedy,node-012,0.0,0.0,0.0,0.0,0.0,0.0,0.0,0.0,8774.018210248074,186.6670457018819,0.9,0.0,0.0,0.0
44,greedy,node-013,0.0,0.0,0.0,0.0,0.0,0.0,0.0,0.0,8774.018210248074,186.6670457018819,0.9,0.0,0.0,0.0
44,greedy,node-014,0.0,0.0,0.0,0.0,0.0,0.0,0.0,0.0,8774.018210248074,186.6670457018819,0.9,0.0,0.0,0.0
44,greedy,node-015,0.0,0.0,0.0,0.0,0.0,0.0,0.0,0.0,8774.018210248074,186.6670457018819,0.9,0.0,0.0,0.0
44,greedy,node-016,0.0,0.0,0.0,0.0,0.0,0.0,19.91898583502528,59.75695750507583,8774.018210248074,186.6670457018819,0.9,-49.645486292853235,-2.3089255948842684,-19.91898583502528
44,greedy,node-017,0.0,0.0,0.0,0.0,0.0,0.0,0.0,0.0,8774.018210248074,186.6670457018819,0.9,0.0,0.0,0.0
44,greedy,node-018,0.0,0.0,0.0,0.0,0.0,0.0,0.0,0.0,8774.018210248074,186.6670457018819,0.9,0.0,0.0,0.0
44,greedy,node-019,0.0,0.0,0.0,0.0,0.0,0.0,0.0,0.0,8774.018210248074,186.6670457018819,0.9,-35.796463732400085,0.0,0.0
44,greedy,node-020,0.0,0.0,0.0,0.0,0.0,0.0,0.0,0.0,8774.018210248074,186.6670457018819,0.9,0.0,0.0,0.0
44,greedy,node-021,0.0,0.0,0.0,0.0,0.0,0.0,0.0,0.0,8774.018210248074,186.6670457018819,0.9,0.0,0.0,0.0
44,greedy,node-022,0.0,0.0,0.0,0.0,0.0,0.0,0.0,0.0,8774.018210248074,186.6670457018819,0.9,0.0,0.0,0.0
44,greedy,node-023,0.0,0.0,0.0,0.0,0.0,0.0,0.0,0.0,8774.018210248074,186.6670457018819,0.9,0.0,0.0,0.0
44,greedy,node-024,0.0,0.0,0.0,0.0,0.0,0.0,26.624956237134583,79.87486871140375,8774.018210248074,186.6670457018819,0.9,-61.243438428197805,-3.709524810258401,-26.624956237134583
44,greedy,node-025,0.0,0.0,0.0,0.0,0.0,0.0,0.0,0.0,8774.018210248074,186.6670457018819,0.9,0.0,0.0,0.0
44,greedy,node-026,0.0,0.0,0.0,0.0,0.0,0.0,0.0,0.0,8774.018210248074,186.6670457018819,0.9,0.0,0.0,0.0
44,greedy,node-027,0.0,0.0,0.0,0.0,0.0,0.0,15.678406495134114,47.03521948540234,8774.018210248074,186.6670457018819,0.9,-32.71707083630559,-3.232026620585115,-15.678406495134114
44,greedy,node-028,0.0,0.0,0.0,0.0,0.0,0.0,0.0,0.0,8774.018210248074,186.6670457018819,0.9,0.0,0.0,0.0
44,greedy,node-029,0.0,0.0,0.0,0.0,0.0,0.0,0.0,0.0,8774.018210248074,186.6670457018819,0.9,0.0,0.0,0.0
44,trust_vcg,node-000,0.0,0.0,0.0,0.0,0.0,0.0,0.0,0.0,8356.60840722884,146.67317119038873,0.9,0.0,0.0,0.0
44,trust_vcg,node-001,0.0,0.0,0.0,0.0,0.0,0.0,0.0,0.0,8356.60840722884,146.67317119038873,0.9,0.0,0.0,0.0
44,trust_vcg,node-002,0.0,0.0,0.0,0.0,0.0,0.0,0.0,0.0,8356.60840722884,146.67317119038873,0.9,0.0,0.0,0.0
44,trust_vcg,node-003,0.0,0.0,56.79302903840484,0.0,0.0,56793.029038404835,0.0,0.0,8356.60840722884,146.67317119038873,0.9,-2244.305876003512,0.0,0.0
44,trust_vcg,node-004,0.0,0.0,0.0,0.0,0.0,0.0,0.0,0.0,8356.60840722884,146.67317119038873,0.9,0.0,0.0,0.0
44,trust_vcg,node-005,0.0,0.0,0.0,0.0,0.0,0.0,0.0,0.0,8356.60840722884,146.67317119038873,0.9,0.0,0.0,0.0
44,trust_vcg,node-006,232.17263808724567,0.0,422.10531518365497,232172.63808724566,0.0,422105.31518365495,0.0,0.0,8356.60840722884,146.67317119038873,0.9,-4977.894684816346,0.0,0.0
44,trust_vcg,node-007,0.0,0.0,0.0,0.0,0.0,0.0,0.0,0.0,8356.60840722884,146.67317119038873,0.9,-5586.920173795681,0.0,0.0
44,trust_vcg,node-008,280.6125480323873,0.0,280.6125480323873,280612.5480323873,0.0,280612.5480323873,0.0,0.0,8356.60840722884,146.67317119038873,0.9,-5531.583440083842,0.0,0.0
44,trust_vcg,node-009,0.0,0.0,0.0,0.0,0.0,0.0,0.0,0.0,8356.60840722884,146.67317119038873,0.9,0.0,0.0,0.0
44,trust_vcg,node-010,0.0,0.0,28.22222262764825,0.0,0.0,28222.22262764825,0.0,0.0,8356.60840722884,146.67317119038873,0.9,-571.7777773723518,0.0,0.0
44,trust_vcg,node-011,294.07948215187093,4.217891951190609,332.72411960796194,1.6183238287172392,0.02321112306652294,1.8309858518876745,-4.217891951190609,181.7185639446293,8356.60840722884,146.67317119038873,0.9,-5542.266222022765,-27.890468384373094,4.217891951190609
44,trust_vcg,node-012,0.0,0.0,0.0,0.0,0.0,0.0,0.0,0.0,8356.60840722884,146.67317119038873,0.9,0.0,0.0,0.0
44,trust_vcg,node-013,0.0,0.0,0.0,0.0,0.0,0.0,0.0,0.0,8356.60840722884,146.67317119038873,0.9,-3346.166125390132,0.0,0.0
44,trust_vcg,node-014,0.0,194.756368277813,439.60340331596603,0.0,194756.36827781302,439603.403315966,0.0,0.0,8356.60840722884,146.67317119038873,0.9,-5560.396596684034,0.0,0.0
44,trust_vcg,node-015,0.0,0.0,0.0,0.0,0.0,0.0,0.0,0.0,8356.60840722884,146.67317119038873,0.9,0.0,0.0,0.0
44,trust_vcg,node-016,284.0704782246481,551.6632912258465,629.1582280646161,284070.4782246481,551663.2912258465,629158.2280646161,0.0,0.0,8356.60840722884,146.67317119038873,0.9,-5525.831645612922,52.47252849647283,0.0
44,trust_vcg,node-017,0.0,0.0,0.0,0.0,0.0,0.0,0.0,0.0,8356.60840722884,146.67317119038873,0.9,-7134.982959410025,0.0,0.0
44,trust_vcg,node-018,0.0,0.0,0.0,0.0,0.0,0.0,0.0,0.0,8356.60840722884,146.67317119038873,0.9,0.0,0.0,0.0
44,trust_vcg,node-019,0.0,0.0,0.0,0.0,0.0,0.0,0.0,0.0,8356.60840722884,146.67317119038873,0.9,-5497.336980531945,0.0,0.0
44,trust_vcg,node-020,0.0,0.0,0.0,0.0,0.0,0.0,0.0,0.0,8356.60840722884,146.67317119038873,0.9,0.0,0.0,0.0
44,trust_vcg,node-021,0.0,0.0,0.0,0.0,0.0,0.0,0.0,0.0,8356.60840722884,146.67317119038873,0.9,-6659.606171608116,0.0,0.0
44,trust_vcg,node-022,0.0,0.0,0.0,0.0,0.0,0.0,0.0,0.0,8356.60840722884,146.67317119038873,0.9,0.0,0.0,0.0
44,trust_vcg,node-023,0.0,0.0,0.0,0.0,0.0,0.0,0.0,0.0,8356.60840722884,146.67317119038873,0.9,0.0,0.0,0.0
44,trust_vcg,node-024,321.0215875521991,762.5961803120764,814.5441802884064,1.4648376752950454,3.4797647861472325,3.7168061268925214,202.77987286735154,219.15164592386623,8356.60840722884,146.67317119038873,0.9,-11237.398355058414,97.63485525775556,-202.77987286735154
44,trust_vcg,node-025,0.0,254.66922485796852,526.4978713284492,0.0,254669.2248579685,526497.8713284491,0.0,0.0,8356.60840722884,146.67317119038873,0.9,-5552.995742656898,0.0,0.0
44,trust_vcg,node-026,0.0,0.0,396.31335052633983,0.0,0.0,396313.35052633984,0.0,0.0,8356.60840722884,146.67317119038873,0.9,-5603.68664947366,0.0,0.0
44,trust_vcg,node-027,371.7034057812126,309.9008430190132,543.1299022656369,371703.4057812126,309900.84301901323,543129.902265637,-273.8886156373428,-254.19703867810682,8356.60840722884,146.67317119038873,0.9,-10805.736029105296,92.27646566295752,273.8886156373428
44,trust_vcg,node-028,0.0,0.0,0.0,0.0,0.0,0.0,0.0,0.0,8356.60840722884,146.67317119038873,0.9,0.0,0.0,0.0
44,trust_vcg,node-029,0.0,0.0,0.0,0.0,0.0,0.0,0.0,0.0,8356.60840722884,146.67317119038873,0.9,0.0,0.0,0.0
44,contingent,node-000,0.0,0.0,0.0,0.0,0.0,0.0,0.0,0.0,8356.60840722884,306.9029981898413,0.9,0.0,0.0,0.0
44,contingent,node-001,0.0,0.0,0.0,0.0,0.0,0.0,0.0,0.0,8356.60840722884,306.9029981898413,0.9,0.0,0.0,0.0
44,contingent,node-002,0.0,0.0,0.0,0.0,0.0,0.0,0.0,0.0,8356.60840722884,306.9029981898413,0.9,0.0,0.0,0.0
44,contingent,node-003,0.0,0.0,6.793953381969914,0.0,0.0,6793.953381969914,0.0,0.0,8356.60840722884,306.9029981898413,0.9,-186.93768060099575,0.0,0.0
44,contingent,node-004,0.0,0.0,0.0,0.0,0.0,0.0,0.0,0.0,8356.60840722884,306.9029981898413,0.9,0.0,0.0,0.0
44,contingent,node-005,0.0,0.0,0.0,0.0,0.0,0.0,0.0,0.0,8356.60840722884,306.9029981898413,0.9,0.0,0.0,0.0
44,contingent,node-006,0.0,0.0,0.0,0.0,0.0,0.0,0.0,0.0,8356.60840722884,306.9029981898413,0.9,-111.57873926538011,0.0,0.0
44,contingent,node-007,0.0,0.0,0.0,0.0,0.0,0.0,0.0,0.0,8356.60840722884,306.9029981898413,0.9,-347.68069518272523,0.0,0.0
44,contingent,node-008,1.3293171125313084,40.29345078056843,81.95025355955309,1329.3171125313083,40293.450780568426,81950.2535595531,0.0,0.0,8356.60840722884,306.9029981898413,0.9,-126.33376033537017,0.0,0.0
44,contingent,node-009,0.0,0.0,0.0,0.0,0.0,0.0,0.0,0.0,8356.60840722884,306.9029981898413,0.9,0.0,0.0,0.0
44,contingent,node-010,0.0,0.0,0.0,0.0,0.0,0.0,0.0,0.0,8356.60840722884,306.9029981898413,0.9,-87.11110948940697,0.0,0.0
44,contingent,node-011,17.745343424982053,0.0,56.297211722013444,0.06874164128909616,0.0,0.21808328196808968,72.20901593475786,258.1454718305778,8356.60840722884,306.9029981898413,0.9,-258.14547183057783,-25.814547183057783,-72.20901593475786
44,contingent,node-012,0.0,0.0,0.0,0.0,0.0,0.0,0.0,0.0,8356.60840722884,306.9029981898413,0.9,0.0,0.0,0.0
44,contingent,node-013,0.0,0.0,0.0,0.0,0.0,0.0,0.0,0.0,8356.60840722884,306.9029981898413,0.9,-184.6645015605283,0.0,0.0
44,contingent,node-014,0.0,44.75636827781298,44.75636827781298,0.0,44756.36827781298,44756.36827781298,0.0,0.0,8356.60840722884,306.9029981898413,0.9,-241.58638673613595,0.0,0.0
44,contingent,node-015,0.0,0.0,0.0,0.0,0.0,0.0,0.0,0.0,8356.60840722884,306.9029981898413,0.9,0.0,0.0,0.0
44,contingent,node-016,4.289886287076747,51.66329122584647,129.15822806461617,4289.886287076747,51663.29122584647,129158.22806461617,0.0,0.0,8356.60840722884,306.9029981898413,0.9,-103.32658245169294,2.918610266418204,0.0
44,contingent,node-017,0.0,0.0,0.0,0.0,0.0,0.0,0.0,0.0,8356.60840722884,306.9029981898413,0.9,-145.48231855944462,0.0,0.0
44,contingent,node-018,0.0,0.0,0.0,0.0,0.0,0.0,0.0,0.0,8356.60840722884,306.9029981898413,0.9,0.0,0.0,0.0
44,contingent,node-019,0.0,15.132866671342418,15.132866671342418,0.0,15132.866671342417,15132.866671342417,0.0,0.0,8356.60840722884,306.9029981898413,0.9,-154.24543428924673,0.0,0.0
44,contingent,node-020,0.0,0.0,0.0,0.0,0.0,0.0,0.0,0.0,8356.60840722884,306.9029981898413,0.9,0.0,0.0,0.0
44,contingent,node-021,0.0,0.0,0.0,0.0,0.0,0.0,0.0,0.0,8356.60840722884,306.9029981898413,0.9,-291.06884350048847,0.0,0.0
44,contingent,node-022,0.0,0.0,0.0,0.0,0.0,0.0,0.0,0.0,8356.60840722884,306.9029981898413,0.9,0.0,0.0,0.0
44,contingent,node-023,0.0,0.0,0.0,0.0,0.0,0.0,0.0,0.0,8356.60840722884,306.9029981898413,0.9,0.0,0.0,0.0
44,contingent,node-024,0.0,57.19016665117077,188.85032669800535,0.0,2.3288117686358785,7.690078366226302,8.185886528257342,24.557659584772026,8356.60840722884,306.9029981898413,0.9,-146.65981529251025,0.33786208820843733,-8.185886528257342
44,contingent,node-025,0.0,54.6692248579685,54.6692248579685,0.0,54669.224857968504,54669.224857968504,0.0,0.0,8356.60840722884,306.9029981898413,0.9,-211.98297062759312,0.0,0.0
44,contingent,node-026,0.0,0.0,0.0,0.0,0.0,0.0,0.0,0.0,8356.60840722884,306.9029981898413,0.9,-414.74659789464056,0.0,0.0
44,contingent,node-027,0.7193744967172346,0.0,32.859171527656756,0.029726382521886818,0.0,1.3578244803518,4.5082898152555195,24.199866774491532,8356.60840722884,306.9029981898413,0.9,-323.0068687858066,0.22308969749675,-4.5082898152555195
44,contingent,node-028,0.0,0.0,0.0,0.0,0.0,0.0,0.0,0.0,8356.60840722884,306.9029981898413,0.9,0.0,0.0,0.0
44,contingent,node-029,0.0,0.0,0.0,0.0,0.0,0.0,0.0,0.0,8356.60840722884,306.9029981898413,0.9,0.0,0.0,0.0
44,capped,node-000,0.0,0.0,0.0,0.0,0.0,0.0,0.0,0.0,8356.60840722884,332.99970886735593,0.9,0.0,0.0,0.0
44,capped,node-001,0.0,0.0,0.0,0.0,0.0,0.0,0.0,0.0,8356.60840722884,332.99970886735593,0.9,0.0,0.0,0.0
44,capped,node-002,0.0,0.0,0.0,0.0,0.0,0.0,0.0,0.0,8356.60840722884,332.99970886735593,0.9,0.0,0.0,0.0
44,capped,node-003,0.0,0.0,6.793953381969914,0.0,0.0,6793.953381969914,0.0,0.0,8356.60840722884,332.99970886735593,0.9,-46.73442015024894,0.0,0.0
44,capped,node-004,0.0,0.0,0.0,0.0,0.0,0.0,0.0,0.0,8356.60840722884,332.99970886735593,0.9,0.0,0.0,0.0
44,capped,node-005,0.0,0.0,0.0,0.0,0.0,0.0,0.0,0.0,8356.60840722884,332.99970886735593,0.9,0.0,0.0,0.0
44,capped,node-006,0.0,0.0,0.0,0.0,0.0,0.0,0.0,0.0,8356.60840722884,332.99970886735593,0.9,-27.894684816345027,0.0,0.0
44,capped,node-007,0.0,0.0,0.0,0.0,0.0,0.0,0.0,0.0,8356.60840722884,332.99970886735593,0.9,-86.92017379568131,0.0,0.0
44,capped,node-008,1.3293171125313084,63.166880167685086,110.54204029344892,1329.3171125313083,63166.880167685085,110542.04029344892,0.0,0.0,8356.60840722884,332.99970886735593,0.9,-31.583440083842547,0.0,0.0
44,capped,node-009,0.0,0.0,0.0,0.0,0.0,0.0,0.0,0.0,8356.60840722884,332.99970886735593,0.9,0.0,0.0,0.0
44,capped,node-010,0.0,0.0,0.0,0.0,0.0,0.0,0.0,0.0,8356.60840722884,332.99970886735593,0.9,-21.77777737235175,0.0,0.0
44,capped,node-011,0.0,0.0,36.17321686776239,0.0,0.0,0.12969741622564582,92.96822794790998,278.9046838437299,8356.60840722884,332.99970886735593,0.9,-139.45234192186496,-27.89046838437301,-92.96822794790998
44,capped,node-012,0.0,0.0,0.0,0.0,0.0,0.0,0.0,0.0,8356.60840722884,332.99970886735593,0.9,0.0,0.0,0.0
44,capped,node-013,0.0,0.0,0.0,0.0,0.0,0.0,0.0,0.0,8356.60840722884,332.99970886735593,0.9,-46.16612539013207,0.0,0.0
44,capped,node-014,0.0,44.75636827781298,44.75636827781298,0.0,44756.36827781298,44756.36827781298,0.0,0.0,8356.60840722884,332.99970886735593,0.9,-60.39659668403398,0.0,0.0
44,capped,node-015,0.0,0.0,0.0,0.0,0.0,0.0,0.0,0.0,8356.60840722884,332.99970886735593,0.9,0.0,0.0,0.0
44,capped,node-016,4.289886287076747,51.66329122584647,129.15822806461617,4289.886287076747,51663.29122584647,129158.22806461617,0.0,0.0,8356.60840722884,332.99970886735593,0.9,-25.831645612923232,2.918610266418204,0.0
44,capped,node-017,0.0,0.0,9.295527949281272,0.0,0.0,9295.527949281272,0.0,0.0,8356.60840722884,332.99970886735593,0.9,-36.370579639861155,0.0,0.0
44,capped,node-018,0.0,0.0,0.0,0.0,0.0,0.0,0.0,0.0,8356.60840722884,332.99970886735593,0.9,0.0,0.0,0.0
44,capped,node-019,0.0,77.12271714462338,77.12271714462338,0.0,77122.71714462338,77122.71714462338,0.0,0.0,8356.60840722884,332.99970886735593,0.9,-38.561358572311676,0.0,0.0
44,capped,node-020,0.0,0.0,0.0,0.0,0.0,0.0,0.0,0.0,8356.60840722884,332.99970886735593,0.9,0.0,0.0,0.0
44,capped,node-021,0.0,0.0,32.880222364587524,0.0,0.0,32880.22236458752,0.0,0.0,8356.60840722884,332.99970886735593,0.9,-72.76721087512213,0.0,0.0
44,capped,node-022,0.0,0.0,0.0,0.0,0.0,0.0,0.0,0.0,8356.60840722884,332.99970886735593,0.9,0.0,0.0,0.0
44,capped,node-023,0.0,0.0,0.0,0.0,0.0,0.0,0.0,0.0,8356.60840722884,332.99970886735593,0.9,0.0,0.0,0.0
44,capped,node-024,0.0,57.19016665117077,188.85032669800535,0.0,2.3288117686358785,7.690078366226302,8.185886528257342,24.557659584772026,8356.60840722884,332.99970886735593,0.9,-42.804368719320564,0.33786208820843733,-8.185886528257342
44,capped,node-025,0.0,54.6692248579685,54.6692248579685,0.0,54669.224857968504,54669.224857968504,0.0,0.0,8356.60840722884,332.99970886735593,0.9,-52.99574265689828,0.0,0.0
44,capped,node-026,0.0,0.0,0.0,0.0,0.0,0.0,0.0,0.0,8356.60840722884,332.99970886735593,0.9,-103.68664947366014,0.0,0.0
44,capped,node-027,0.0,31.24939922540363,49.78953671448215,0.0,1.0579616279621733,1.685645824356022,9.845788479618008,29.537365438854017,8356.60840722884,332.99970886735593,0.9,-89.47043322225578,-0.310660168939501,-9.845788479618008
44,capped,node-028,0.0,0.0,0.0,0.0,0.0,0.0,0.0,0.0,8356.60840722884,332.99970886735593,0.9,0.0,0.0,0.0
44,capped,node-029,0.0,0.0,0.0,0.0,0.0,0.0,0.0,0.0,8356.60840722884,332.99970886735593,0.9,0.0,0.0,0.0
44,proper_scoring,node-000,0.0,0.0,0.0,0.0,0.0,0.0,0.0,0.0,8356.60840722884,1182.7560685007938,0.9,0.0,0.0,0.0
44,proper_scoring,node-001,0.0,0.0,0.0,0.0,0.0,0.0,0.0,0.0,8356.60840722884,1182.7560685007938,0.9,0.0,0.0,0.0
44,proper_scoring,node-002,0.0,0.0,0.0,0.0,0.0,0.0,0.0,0.0,8356.60840722884,1182.7560685007938,0.9,0.0,0.0,0.0
44,proper_scoring,node-003,0.0,0.0,73.22423792206969,0.0,0.0,73224.23792206969,0.0,0.0,8356.60840722884,1182.7560685007938,0.9,-186.93768060099575,0.0,0.0
44,proper_scoring,node-004,0.0,0.0,0.0,0.0,0.0,0.0,0.0,0.0,8356.60840722884,1182.7560685007938,0.9,0.0,0.0,0.0
44,proper_scoring,node-005,0.0,0.0,0.0,0.0,0.0,0.0,0.0,0.0,8356.60840722884,1182.7560685007938,0.9,0.0,0.0,0.0
44,proper_scoring,node-006,232.17263808724567,0.0,422.10531518365497,232172.63808724566,0.0,422105.31518365495,0.0,0.0,8356.60840722884,1182.7560685007938,0.9,-111.57873926538011,0.0,0.0
44,proper_scoring,node-007,0.0,0.0,178.3442959686935,0.0,0.0,178344.2959686935,0.0,0.0,8356.60840722884,1182.7560685007938,0.9,-346.80526825957514,0.0,0.0
44,proper_scoring,node-008,280.6125480323873,490.2934507805684,531.9502535595531,280612.5480323873,490293.45078056835,531950.2535595531,0.0,0.0,8356.60840722884,1182.7560685007938,0.9,-126.33376033537017,0.0,0.0
44,proper_scoring,node-009,0.0,0.0,0.0,0.0,0.0,0.0,0.0,0.0,8356.60840722884,1182.7560685007938,0.9,0.0,0.0,0.0
44,proper_scoring,node-010,0.0,0.0,28.22222262764825,0.0,0.0,28222.22262764825,0.0,0.0,8356.60840722884,1182.7560685007938,0.9,-71.77777737235175,0.0,0.0
44,proper_scoring,node-011,0.0,0.208730607884263,0.208730607884263,0.0,0.0002948435866229512,0.0002948435866229512,522.0002853268736,707.9367412226935,8356.60840722884,1182.7560685007938,0.9,-707.9367412226936,-25.814547183057925,-522.0002853268736
44,proper_scoring,node-012,0.0,0.0,0.0,0.0,0.0,0.0,0.0,0.0,8356.60840722884,1182.7560685007938,0.9,0.0,0.0,0.0
44,proper_scoring,node-013,0.0,0.0,176.72089769140567,0.0,0.0,176720.89769140567,0.0,0.0,8356.60840722884,1182.7560685007938,0.9,-184.6645015605283,0.0,0.0
44,proper_scoring,node-014,0.0,194.756368277813,439.60340331596603,0.0,194756.36827781302,439603.403315966,0.0,0.0,8356.60840722884,1182.7560685007938,0.9,-241.58638673613595,0.0,0.0
44,proper_scoring,node-015,0.0,0.0,0.0,0.0,0.0,0.0,0.0,0.0,8356.60840722884,1182.7560685007938,0.9,0.0,0.0,0.0
44,proper_scoring,node-016,284.0704782246481,551.6632912258465,629.1582280646161,284070.4782246481,551663.2912258465,629158.2280646161,0.0,0.0,8356.60840722884,1182.7560685007938,0.9,-103.32658245169294,52.47252849647283,0.0
44,proper_scoring,node-017,70.31468060107044,0.0,276.4933666297247,70314.68060107043,0.0,276493.3666297247,0.0,0.0,8356.60840722884,1182.7560685007938,0.9,-145.48231855944462,0.0,0.0
44,proper_scoring,node-018,0.0,0.0,0.0,0.0,0.0,0.0,0.0,0.0,8356.60840722884,1182.7560685007938,0.9,0.0,0.0,0.0
44,proper_scoring,node-019,0.0,414.78578504476974,414.78578504476974,0.0,414785.78504476976,414785.78504476976,0.0,0.0,8356.60840722884,1182.7560685007938,0.9,-154.24543428924673,0.0,0.0
44,proper_scoring,node-020,0.0,0.0,0.0,0.0,0.0,0.0,0.0,0.0,8356.60840722884,1182.7560685007938,0.9,0.0,0.0,0.0
44,proper_scoring,node-021,0.0,0.0,444.6202079776165,0.0,0.0,444620.20797761646,0.0,0.0,8356.60840722884,1182.7560685007938,0.9,-291.06884350048847,0.0,0.0
44,proper_scoring,node-022,0.0,0.0,0.0,0.0,0.0,0.0,0.0,0.0,8356.60840722884,1182.7560685007938,0.9,0.0,0.0,0.0
44,proper_scoring,node-023,0.0,0.0,0.0,0.0,0.0,0.0,0.0,0.0,8356.60840722884,1182.7560685007938,0.9,0.0,0.0,0.0
44,proper_scoring,node-024,321.0215875521991,762.5961803120764,814.5441802884064,1.4648376752950454,3.4797647861472325,3.7168061268925214,202.77987286735154,219.15164592386623,8356.60840722884,1182.7560685007938,0.9,-341.25380163160446,97.63485525775556,-202.77987286735154
44,proper_scoring,node-025,0.0,254.66922485796852,526.4978713284492,0.0,254669.2248579685,526497.8713284491,0.0,0.0,8356.60840722884,1182.7560685007938,0.9,-211.98297062759312,0.0,0.0
44,proper_scoring,node-026,0.0,0.0,396.31335052633983,0.0,0.0,396313.35052633984,0.0,0.0,8356.60840722884,1182.7560685007938,0.9,-397.4696595358258,0.0,0.0
44,proper_scoring,node-027,87.48111498646912,266.2512151610372,332.32815269957086,0.342167279505546,1.04139566546207,1.2998441998584938,235.9761043949982,255.6676813542342,8356.60840722884,1182.7560685007938,0.9,-550.2123025875379,92.81021552939379,-235.9761043949982
44,proper_scoring,node-028,0.0,0.0,0.0,0.0,0.0,0.0,0.0,0.0,8356.60840722884,1182.7560685007938,0.9,0.0,0.0,0.0
44,proper_scoring,node-029,0.0,0.0,0.0,0.0,0.0,0.0,0.0,0.0,8356.60840722884,1182.7560685007938,0.9,0.0,0.0,0.0
44,audits,node-000,0.0,0.0,0.0,0.0,0.0,0.0,0.0,0.0,8356.60840722884,1146.6731711903888,0.9,0.0,0.0,0.0
44,audits,node-001,0.0,0.0,0.0,0.0,0.0,0.0,0.0,0.0,8356.60840722884,1146.6731711903888,0.9,0.0,0.0,0.0
44,audits,node-002,0.0,0.0,0.0,0.0,0.0,0.0,0.0,0.0,8356.60840722884,1146.6731711903888,0.9,0.0,0.0,0.0
44,audits,node-003,0.0,0.0,56.79302903840484,0.0,0.0,56793.029038404835,0.0,0.0,8356.60840722884,1146.6731711903888,0.9,-744.3058760035119,0.0,0.0
44,audits,node-004,0.0,0.0,0.0,0.0,0.0,0.0,0.0,0.0,8356.60840722884,1146.6731711903888,0.9,0.0,0.0,0.0
44,audits,node-005,0.0,0.0,0.0,0.0,0.0,0.0,0.0,0.0,8356.60840722884,1146.6731711903888,0.9,0.0,0.0,0.0
44,audits,node-006,232.17263808724567,0.0,422.10531518365497,232172.63808724566,0.0,422105.31518365495,0.0,0.0,8356.60840722884,1146.6731711903888,0.9,-477.89468481634503,0.0,0.0
44,audits,node-007,0.0,0.0,113.07982620431866,0.0,0.0,113079.82620431866,0.0,0.0,8356.60840722884,1146.6731711903888,0.9,-1086.9201737956812,0.0,0.0
44,audits,node-008,280.6125480323873,463.1668801676851,510.5420402934489,280612.5480323873,463166.8801676851,510542.0402934489,0.0,0.0,8356.60840722884,1146.6731711903888,0.9,-1031.5834400838426,0.0,0.0
44,audits,node-009,0.0,0.0,0.0,0.0,0.0,0.0,0.0,0.0,8356.60840722884,1146.6731711903888,0.9,0.0,0.0,0.0
44,audits,node-010,0.0,0.0,28.22222262764825,0.0,0.0,28222.22262764825,0.0,0.0,8356.60840722884,1146.6731711903888,0.9,-71.77777737235175,0.0,0.0
44,audits,node-011,0.0,0.0,0.0,0.0,0.0,0.0,495.7821080488094,681.7185639446293,8356.60840722884,1146.6731711903888,0.9,-1542.2662220227644,-27.89046838437315,-495.7821080488094
44,audits,node-012,0.0,0.0,0.0,0.0,0.0,0.0,0.0,0.0,8356.60840722884,1146.6731711903888,0.9,0.0,0.0,0.0
44,audits,node-013,0.0,0.0,153.83387460986793,0.0,0.0,153833.87460986793,0.0,0.0,8356.60840722884,1146.6731711903888,0.9,-346.1661253901321,0.0,0.0
44,audits,node-014,0.0,194.756368277813,439.60340331596603,0.0,194756.36827781302,439603.403315966,0.0,0.0,8356.60840722884,1146.6731711903888,0.9,-1060.3965966840342,0.0,0.0
44,audits,node-015,0.0,0.0,0.0,0.0,0.0,0.0,0.0,0.0,8356.60840722884,1146.6731711903888,0.9,0.0,0.0,0.0
44,audits,node-016,284.0704782246481,551.6632912258465,629.1582280646161,284070.4782246481,551663.2912258465,629158.2280646161,0.0,0.0,8356.60840722884,1146.6731711903888,0.9,-1025.8316456129232,52.47252849647283,0.0
44,audits,node-017,60.745514086160114,0.0,78.11912144629085,60745.51408616011,0.0,78119.12144629084,0.0,0.0,8356.60840722884,1146.6731711903888,0.9,-634.9829594100249,0.0,0.0
44,audits,node-018,0.0,0.0,0.0,0.0,0.0,0.0,0.0,0.0,8356.60840722884,1146.6731711903888,0.9,0.0,0.0,0.0
44,audits,node-019,0.0,0.0,0.0,0.0,0.0,0.0,0.0,0.0,8356.60840722884,1146.6731711903888,0.9,-997.3369805319452,0.0,0.0
44,audits,node-020,0.0,0.0,0.0,0.0,0.0,0.0,0.0,0.0,8356.60840722884,1146.6731711903888,0.9,0.0,0.0,0.0
44,audits,node-021,0.0,0.0,433.94976167193624,0.0,0.0,433949.76167193626,0.0,0.0,8356.60840722884,1146.6731711903888,0.9,-1159.606171608117,0.0,0.0
44,audits,node-022,0.0,0.0,0.0,0.0,0.0,0.0,0.0,0.0,8356.60840722884,1146.6731711903888,0.9,0.0,0.0,0.0
44,audits,node-023,0.0,0.0,0.0,0.0,0.0,0.0,0.0,0.0,8356.60840722884,1146.6731711903888,0.9,0.0,0.0,0.0
44,audits,node-024,321.0215875521991,762.5961803120764,814.5441802884064,1.4648376752950454,3.4797647861472325,3.7168061268925214,202.77987286735154,219.15164592386623,8356.60840722884,1146.6731711903888,0.9,-1737.3983550584153,97.63485525775556,-202.77987286735154
44,audits,node-025,0.0,254.66922485796852,526.4978713284492,0.0,254669.2248579685,526497.8713284491,0.0,0.0,8356.60840722884,1146.6731711903888,0.9,-1052.9957426568983,0.0,0.0
44,audits,node-026,0.0,0.0,396.31335052633983,0.0,0.0,396313.35052633984,0.0,0.0,8356.60840722884,1146.6731711903888,0.9,-1103.68664947366,0.0,0.0
44,audits,node-027,86.14674032037857,114.98380334236447,210.8248725368352,0.3504707179160646,0.46778851940594207,0.8576986680837738,226.1113843626572,245.8029613218932,8356.60840722884,1146.6731711903888,0.9,-1805.736029105295,92.27646566295755,-226.1113843626572
44,audits,node-028,0.0,0.0,0.0,0.0,0.0,0.0,0.0,0.0,8356.60840722884,1146.6731711903888,0.9,0.0,0.0,0.0
44,audits,node-029,0.0,0.0,0.0,0.0,0.0,0.0,0.0,0.0,8356.60840722884,1146.6731711903888,0.9,0.0,0.0,0.0
52,greedy,node-000,0.0,0.0,0.0,0.0,0.0,0.0,0.0,0.0,8690.596665105024,136.17759093842523,0.95,0.0,0.0,-22.6962651564042
52,greedy,node-001,136.1775909384252,0.0,136.1775909384252,0.9999999999999998,0.0,0.9999999999999998,45.39253031280839,136.17759093842523,8690.596665105024,136.17759093842523,0.95,-68.08879546921258,-13.617759093842505,-125.2916506461655
52,greedy,node-002,0.0,0.0,0.0,0.0,0.0,0.0,0.0,0.0,8690.596665105024,136.17759093842523,0.95,0.0,0.0,0.0
52,greedy,node-003,0.0,0.0,0.0,0.0,0.0,0.0,0.0,0.0,8690.596665105024,136.17759093842523,0.95,0.0,0.0,0.0
52,greedy,node-004,0.0,0.0,0.0,0.0,0.0,0.0,0.0,0.0,8690.596665105024,136.17759093842523,0.95,0.0,0.0,0.0
52,greedy,node-005,0.0,0.0,0.0,0.0,0.0,0.0,0.0,0.0,8690.596665105024,136.17759093842523,0.95,0.0,0.0,0.0
52,greedy,node-006,0.0,0.0,0.0,0.0,0.0,0.0,0.0,0.0,8690.596665105024,136.17759093842523,0.95,0.0,0.0,0.0
52,greedy,node-007,0.0,0.0,0.0,0.0,0.0,0.0,0.0,0.0,8690.596665105024,136.17759093842523,0.95,0.0,0.0,0.0
52,greedy,node-008,0.0,0.0,0.0,0.0,0.0,0.0,0.0,0.0,8690.596665105024,136.17759093842523,0.95,0.0,0.0,0.0
52,greedy,node-009,0.0,0.0,0.0,0.0,0.0,0.0,0.0,0.0,8690.596665105024,136.17759093842523,0.95,0.0,0.0,0.0
52,greedy,node-010,0.0,0.0,0.0,0.0,0.0,0.0,0.0,0.0,8690.596665105024,136.17759093842523,0.95,0.0,0.0,0.0
52,greedy,node-011,0.0,0.0,0.0,0.0,0.0,0.0,0.0,0.0,8690.596665105024,136.17759093842523,0.95,0.0,0.0,0.0
52,greedy,node-012,0.0,0.0,0.0,0.0,0.0,0.0,0.0,0.0,8690.596665105024,136.17759093842523,0.95,0.0,0.0,0.0
52,greedy,node-013,0.0,0.0,0.0,0.0,0.0,0.0,0.0,0.0,8690.596665105024,136.17759093842523,0.95,0.0,0.0,0.0
52,greedy,node-014,0.0,0.0,0.0,0.0,0.0,0.0,0.0,0.0,8690.596665105024,136.17759093842523,0.95,0.0,0.0,0.0
52,greedy,node-015,0.0,0.0,0.0,0.0,0.0,0.0,0.0,0.0,8690.596665105024,136.17759093842523,0.95,0.0,0.0,0.0
52,greedy,node-016,0.0,0.0,0.0,0.0,0.0,0.0,0.0,0.0,8690.596665105024,136.17759093842523,0.95,0.0,0.0,0.0
52,greedy,node-017,0.0,0.0,0.0,0.0,0.0,0.0,0.0,0.0,8690.596665105024,136.17759093842523,0.95,0.0,0.0,0.0
52,greedy,node-018,0.0,0.0,0.0,0.0,0.0,0.0,0.0,0.0,8690.596665105024,136.17759093842523,0.95,0.0,0.0,0.0
52,greedy,node-019,0.0,0.0,0.0,0.0,0.0,0.0,0.0,0.0,8690.596665105024,136.17759093842523,0.95,0.0,0.0,0.0
52,greedy,node-020,0.0,0.0,0.0,0.0,0.0,0.0,0.0,0.0,8690.596665105024,136.17759093842523,0.95,0.0,0.0,0.0
52,greedy,node-021,0.0,0.0,0.0,0.0,0.0,0.0,0.0,0.0,8690.596665105024,136.17759093842523,0.95,0.0,0.0,0.0
52,greedy,node-022,0.0,0.0,0.0,0.0,0.0,0.0,0.0,0.0,8690.596665105024,136.17759093842523,0.95,0.0,0.0,0.0
52,greedy,node-023,0.0,0.0,0.0,0.0,0.0,0.0,0.0,0.0,8690.596665105024,136.17759093842523,0.95,0.0,0.0,0.0
52,greedy,node-024,0.0,0.0,0.0,0.0,0.0,0.0,0.0,0.0,8690.596665105024,136.17759093842523,0.95,0.0,0.0,0.0
52,greedy,node-025,0.0,0.0,0.0,0.0,0.0,0.0,0.0,0.0,8690.596665105024,136.17759093842523,0.95,0.0,0.0,0.0
52,greedy,node-026,0.0,0.0,0.0,0.0,0.0,0.0,0.0,0.0,8690.596665105024,136.17759093842523,0.95,0.0,0.0,0.0
52,greedy,node-027,0.0,0.0,0.0,0.0,0.0,0.0,0.0,0.0,8690.596665105024,136.17759093842523,0.95,0.0,0.0,0.0
52,greedy,node-028,0.0,0.0,0.0,0.0,0.0,0.0,0.0,0.0,8690.596665105024,136.17759093842523,0.95,0.0,0.0,0.0
52,greedy,node-029,0.0,0.0,0.0,0.0,0.0,0.0,0.0,0.0,8690.596665105024,136.17759093842523,0.95,0.0,0.0,0.0
52,trust_vcg,node-000,0.0,0.0,0.0,0.0,0.0,0.0,0.0,0.0,8535.440267869722,766.5496840226231,0.95,-3299.1662154905343,0.0,89.60293087628017
52,trust_vcg,node-001,12.133430510001403,331.52273841652527,467.70032935495044,0.08297746744216741,2.267200295136666,3.1984844533252192,113.86979189628312,146.22560658962036,8535.440267869722,766.5496840226231,0.95,-11136.566057052689,-4.853372204000493,362.4022827008387
52,trust_vcg,node-002,0.0,0.0,0.0,0.0,0.0,0.0,0.0,0.0,8535.440267869722,766.5496840226231,0.95,0.0,0.0,0.0
52,trust_vcg,node-003,0.0,0.0,0.0,0.0,0.0,0.0,0.0,0.0,8535.440267869722,766.5496840226231,0.95,-5571.931599410749,0.0,0.0
52,trust_vcg,node-004,0.0,0.0,0.0,0.0,0.0,0.0,0.0,0.0,8535.440267869722,766.5496840226231,0.95,-5602.423459437867,0.0,0.0
52,trust_vcg,node-005,0.0,0.0,109.95661394735761,0.0,0.0,109956.6139473576,0.0,0.0,8535.440267869722,766.5496840226231,0.95,-1690.0433860526423,0.0,0.0
52,trust_vcg,node-006,0.0,0.0,0.0,0.0,0.0,0.0,0.0,0.0,8535.440267869722,766.5496840226231,0.95,0.0,0.0,0.0
52,trust_vcg,node-007,0.0,0.0,0.0,0.0,0.0,0.0,0.0,0.0,8535.440267869722,766.5496840226231,0.95,0.0,0.0,0.0
52,trust_vcg,node-008,0.0,0.0,0.0,0.0,0.0,0.0,0.0,0.0,8535.440267869722,766.5496840226231,0.95,0.0,0.0,0.0
52,trust_vcg,node-009,0.0,0.0,38.3364343955416,0.0,0.0,38336.434395541604,0.0,0.0,8535.440267869722,766.5496840226231,0.95,-560.9307669197926,0.0,0.0
52,trust_vcg,node-010,0.0,0.0,0.0,0.0,0.0,0.0,0.0,0.0,8535.440267869722,766.5496840226231,0.95,-5580.0456553400645,0.0,0.0
52,trust_vcg,node-011,0.0,0.0,0.0,0.0,0.0,0.0,0.0,0.0,8535.440267869722,766.5496840226231,0.95,0.0,0.0,0.0
52,trust_vcg,node-012,0.0,0.0,0.0,0.0,0.0,0.0,0.0,0.0,8535.440267869722,766.5496840226231,0.95,-1689.3571145597157,0.0,0.0
52,trust_vcg,node-013,0.0,0.0,0.0,0.0,0.0,0.0,0.0,0.0,8535.440267869722,766.5496840226231,0.95,-2279.9154833753137,0.0,0.0
52,trust_vcg,node-014,0.0,0.0,0.0,0.0,0.0,0.0,0.0,0.0,8535.440267869722,766.5496840226231,0.95,0.0,0.0,0.0
52,trust_vcg,node-015,0.0,0.0,0.0,0.0,0.0,0.0,0.0,0.0,8535.440267869722,766.5496840226231,0.95,-3287.7976864982065,0.0,0.0
52,trust_vcg,node-016,0.0,0.0,0.0,0.0,0.0,0.0,0.0,0.0,8535.440267869722,766.5496840226231,0.95,0.0,0.0,0.0
52,trust_vcg,node-017,78.89490140129072,0.05438731836795796,78.9764823788426,0.12718336152252877,8.767565268951209e-05,0.12731487500156294,406.73843426542226,620.3240774330028,8535.440267869722,766.5496840226231,0.95,-5983.852904735346,26.611060672909332,-406.73843426542226
52,trust_vcg,node-018,0.0,0.0,231.45155437007568,0.0,0.0,231451.55437007567,0.0,0.0,8535.440267869722,766.5496840226231,0.95,-3968.548445629924,0.0,0.0
52,trust_vcg,node-019,0.0,0.0,0.0,0.0,0.0,0.0,0.0,0.0,8535.440267869722,766.5496840226231,0.95,-3412.3140249867324,0.0,0.0
52,trust_vcg,node-020,0.0,0.0,0.0,0.0,0.0,0.0,0.0,0.0,8535.440267869722,766.5496840226231,0.95,0.0,0.0,0.0
52,trust_vcg,node-021,0.0,0.0,0.0,0.0,0.0,0.0,0.0,0.0,8535.440267869722,766.5496840226231,0.95,0.0,0.0,0.0
52,trust_vcg,node-022,0.0,0.0,49.71772284516622,0.0,0.0,49717.72284516622,0.0,0.0,8535.440267869722,766.5496840226231,0.95,-1150.2822771548338,0.0,0.0
52,trust_vcg,node-023,0.0,0.0,0.0,0.0,0.0,0.0,0.0,0.0,8535.440267869722,766.5496840226231,0.95,0.0,0.0,0.0
52,trust_vcg,node-024,0.0,0.0,185.84075370476606,0.0,0.0,185840.75370476604,0.0,0.0,8535.440267869722,766.5496840226231,0.95,-3414.159246295234,0.0,0.0
52,trust_vcg,node-025,0.0,0.0,0.0,0.0,0.0,0.0,0.0,0.0,8535.440267869722,766.5496840226231,0.95,0.0,0.0,0.0
52,trust_vcg,node-026,0.0,0.0,0.0,0.0,0.0,0.0,0.0,0.0,8535.440267869722,766.5496840226231,0.95,0.0,0.0,0.0
52,trust_vcg,node-027,0.0,0.0,0.0,0.0,0.0,0.0,0.0,0.0,8535.440267869722,766.5496840226231,0.95,0.0,0.0,0.0
52,trust_vcg,node-028,0.0,0.0,0.0,0.0,0.0,0.0,0.0,0.0,8535.440267869722,766.5496840226231,0.95,-3393.982715343227,0.0,0.0
52,trust_vcg,node-029,0.0,0.0,0.0,0.0,0.0,0.0,0.0,0.0,8535.440267869722,766.5496840226231,0.95,-3958.44518613925,0.0,0.0
52,contingent,node-000,0.0,0.0,0.0,0.0,0.0,0.0,0.0,0.0,8535.440267869722,364.281912289057,0.95,-191.8260735037511,0.0,-10.404090924494191
52,contingent,node-001,35.662283109101935,29.21462296613976,160.76193940224522,0.8122889000571054,0.6654289037566421,3.6617156150265684,11.5476328443489,43.903447537686176,8535.440267869722,364.281912289057,0.95,-102.33269346996569,-4.390344753768616,83.59664290301588
52,contingent,node-002,0.0,0.0,0.0,0.0,0.0,0.0,0.0,0.0,8535.440267869722,364.281912289057,0.95,0.0,0.0,0.0
52,contingent,node-003,0.0,78.70199773495703,78.70199773495703,0.0,78701.99773495703,78701.99773495703,0.0,0.0,8535.440267869722,364.281912289057,0.95,-287.7263976429912,0.0,0.0
52,contingent,node-004,0.0,0.0,0.0,0.0,0.0,0.0,0.0,0.0,8535.440267869722,364.281912289057,0.95,-409.693837751465,0.0,0.0
52,contingent,node-005,0.0,0.0,0.0,0.0,0.0,0.0,0.0,0.0,8535.440267869722,364.281912289057,0.95,-160.17354421056956,0.0,0.0
52,contingent,node-006,0.0,0.0,0.0,0.0,0.0,0.0,0.0,0.0,8535.440267869722,364.281912289057,0.95,0.0,0.0,0.0
52,contingent,node-007,0.0,0.0,0.0,0.0,0.0,0.0,0.0,0.0,8535.440267869722,364.281912289057,0.95,0.0,0.0,0.0
52,contingent,node-008,0.0,0.0,0.0,0.0,0.0,0.0,0.0,0.0,8535.440267869722,364.281912289057,0.95,0.0,0.0,0.0
52,contingent,node-009,0.0,0.0,0.0,0.0,0.0,0.0,0.0,0.0,8535.440267869722,364.281912289057,0.95,-46.64889247871109,0.0,0.0
52,contingent,node-010,0.0,0.0,0.0,0.0,0.0,0.0,0.0,0.0,8535.440267869722,364.281912289057,0.95,-333.4285336853776,0.0,0.0
52,contingent,node-011,0.0,0.0,0.0,0.0,0.0,0.0,0.0,0.0,8535.440267869722,364.281912289057,0.95,0.0,0.0,0.0
52,contingent,node-012,0.0,0.0,0.0,0.0,0.0,0.0,0.0,0.0,8535.440267869722,364.281912289057,0.95,-157.42845823886182,0.0,0.0
52,contingent,node-013,0.0,0.0,0.0,0.0,0.0,0.0,0.0,0.0,8535.440267869722,364.281912289057,0.95,-319.66193350125565,0.0,0.0
52,contingent,node-014,0.0,0.0,0.0,0.0,0.0,0.0,0.0,0.0,8535.440267869722,364.281912289057,0.95,0.0,0.0,0.0
52,contingent,node-015,0.0,0.0,0.0,0.0,0.0,0.0,0.0,0.0,8535.440267869722,364.281912289057,0.95,-167.168087743301,0.0,0.0
52,contingent,node-016,0.0,0.0,0.0,0.0,0.0,0.0,0.0,0.0,8535.440267869722,364.281912289057,0.95,0.0,0.0,0.0
52,contingent,node-017,150.17375904352292,0.0,150.17375904352292,0.4687386187460042,0.0,0.4687386187460042,106.79282158379026,320.37846475137076,8535.440267869722,364.281912289057,0.95,-415.2507034634833,-23.379874774029375,-106.79282158379026
52,contingent,node-018,0.0,0.0,0.0,0.0,0.0,0.0,0.0,0.0,8535.440267869722,364.281912289057,0.95,-474.1937825196973,0.0,0.0
52,contingent,node-019,0.0,0.0,0.0,0.0,0.0,0.0,0.0,0.0,8535.440267869722,364.281912289057,0.95,-449.25609994692934,0.0,0.0
52,contingent,node-020,0.0,0.0,0.0,0.0,0.0,0.0,0.0,0.0,8535.440267869722,364.281912289057,0.95,0.0,0.0,0.0
52,contingent,node-021,0.0,0.0,0.0,0.0,0.0,0.0,0.0,0.0,8535.440267869722,364.281912289057,0.95,0.0,0.0,0.0
52,contingent,node-022,0.0,0.0,0.0,0.0,0.0,0.0,0.0,0.0,8535.440267869722,364.281912289057,0.95,-201.12910861933506,0.0,0.0
52,contingent,node-023,0.0,0.0,0.0,0.0,0.0,0.0,0.0,0.0,8535.440267869722,364.281912289057,0.95,0.0,0.0,0.0
52,contingent,node-024,0.0,0.0,0.0,0.0,0.0,0.0,0.0,0.0,8535.440267869722,364.281912289057,0.95,-456.63698518093577,0.0,0.0
52,contingent,node-025,0.0,0.0,0.0,0.0,0.0,0.0,0.0,0.0,8535.440267869722,364.281912289057,0.95,0.0,0.0,0.0
52,contingent,node-026,0.0,0.0,0.0,0.0,0.0,0.0,0.0,0.0,8535.440267869722,364.281912289057,0.95,0.0,0.0,0.0
52,contingent,node-027,0.0,0.0,0.0,0.0,0.0,0.0,0.0,0.0,8535.440267869722,364.281912289057,0.95,0.0,0.0,0.0
52,contingent,node-028,0.0,0.0,0.0,0.0,0.0,0.0,0.0,0.0,8535.440267869722,364.281912289057,0.95,-375.9308613729074,0.0,0.0
52,contingent,node-029,0.0,0.0,0.0,0.0,0.0,0.0,0.0,0.0,8535.440267869722,364.281912289057,0.95,-433.78074455699874,0.0,0.0
52,capped,node-000,0.0,0.0,0.0,0.0,0.0,0.0,0.0,0.0,8535.440267869722,368.91218679137677,0.95,-47.956518375937776,0.0,-8.088953673334322
52,capped,node-001,40.29255761142167,29.214622966139753,165.39221390456495,0.8301971478348368,0.6019448280117152,3.4077793120468614,16.177907346668636,48.53372204000592,8535.440267869722,368.91218679137677,0.95,-38.874172503072835,-4.853372204000589,78.96636840069614
52,capped,node-002,0.0,0.0,0.0,0.0,0.0,0.0,0.0,0.0,8535.440267869722,368.91218679137677,0.95,0.0,0.0,0.0
52,capped,node-003,0.0,114.4882917635005,114.4882917635005,0.0,114488.2917635005,114488.2917635005,0.0,0.0,8535.440267869722,368.91218679137677,0.95,-71.9315994107478,0.0,0.0
52,capped,node-004,0.0,0.0,40.777589065908394,0.0,0.0,40777.589065908396,0.0,0.0,8535.440267869722,368.91218679137677,0.95,-102.42345943786626,0.0,0.0
52,capped,node-005,0.0,0.0,0.0,0.0,0.0,0.0,0.0,0.0,8535.440267869722,368.91218679137677,0.95,-40.04338605264238,0.0,0.0
52,capped,node-006,0.0,0.0,0.0,0.0,0.0,0.0,0.0,0.0,8535.440267869722,368.91218679137677,0.95,0.0,0.0,0.0
52,capped,node-007,0.0,0.0,0.0,0.0,0.0,0.0,0.0,0.0,8535.440267869722,368.91218679137677,0.95,0.0,0.0,0.0
52,capped,node-008,0.0,0.0,0.0,0.0,0.0,0.0,0.0,0.0,8535.440267869722,368.91218679137677,0.95,0.0,0.0,0.0
52,capped,node-009,0.0,0.0,0.0,0.0,0.0,0.0,0.0,0.0,8535.440267869722,368.91218679137677,0.95,-11.662223119677776,0.0,0.0
52,capped,node-010,0.0,53.470084866074984,53.470084866074984,0.0,53470.08486607498,53470.08486607498,0.0,0.0,8535.440267869722,368.91218679137677,0.95,-83.3571334213444,0.0,0.0
52,capped,node-011,0.0,0.0,0.0,0.0,0.0,0.0,0.0,0.0,8535.440267869722,368.91218679137677,0.95,0.0,0.0,0.0
52,capped,node-012,0.0,0.0,0.0,0.0,0.0,0.0,0.0,0.0,8535.440267869722,368.91218679137677,0.95,-39.35711455971546,0.0,0.0
52,capped,node-013,0.0,0.0,0.0,0.0,0.0,0.0,0.0,0.0,8535.440267869722,368.91218679137677,0.95,-79.91548337531393,0.0,0.0
52,capped,node-014,0.0,0.0,0.0,0.0,0.0,0.0,0.0,0.0,8535.440267869722,368.91218679137677,0.95,0.0,0.0,0.0
52,capped,node-015,0.0,0.0,0.0,0.0,0.0,0.0,0.0,0.0,8535.440267869722,368.91218679137677,0.95,-41.79202193582523,0.0,0.0
52,capped,node-016,0.0,0.0,0.0,0.0,0.0,0.0,0.0,0.0,8535.440267869722,368.91218679137677,0.95,0.0,0.0,0.0
52,capped,node-017,150.17375904352292,0.0,150.17375904352292,0.4687386187460042,0.0,0.4687386187460042,106.79282158379026,320.37846475137076,8535.440267869722,368.91218679137677,0.95,-183.90729205371352,-23.379874774029375,-106.79282158379026
52,capped,node-018,0.0,0.0,0.0,0.0,0.0,0.0,0.0,0.0,8535.440267869722,368.91218679137677,0.95,-118.54844562992432,0.0,0.0
52,capped,node-019,0.0,0.0,0.0,0.0,0.0,0.0,0.0,0.0,8535.440267869722,368.91218679137677,0.95,-112.31402498673233,0.0,0.0
52,capped,node-020,0.0,0.0,0.0,0.0,0.0,0.0,0.0,0.0,8535.440267869722,368.91218679137677,0.95,0.0,0.0,0.0
52,capped,node-021,0.0,0.0,0.0,0.0,0.0,0.0,0.0,0.0,8535.440267869722,368.91218679137677,0.95,0.0,0.0,0.0
52,capped,node-022,0.0,0.0,0.0,0.0,0.0,0.0,0.0,0.0,8535.440267869722,368.91218679137677,0.95,-50.28227715483378,0.0,0.0
52,capped,node-023,0.0,0.0,0.0,0.0,0.0,0.0,0.0,0.0,8535.440267869722,368.91218679137677,0.95,0.0,0.0,0.0
52,capped,node-024,0.0,0.0,0.0,0.0,0.0,0.0,0.0,0.0,8535.440267869722,368.91218679137677,0.95,-114.15924629523394,0.0,0.0
52,capped,node-025,0.0,0.0,0.0,0.0,0.0,0.0,0.0,0.0,8535.440267869722,368.91218679137677,0.95,0.0,0.0,0.0
52,capped,node-026,0.0,0.0,0.0,0.0,0.0,0.0,0.0,0.0,8535.440267869722,368.91218679137677,0.95,0.0,0.0,0.0
52,capped,node-027,0.0,0.0,0.0,0.0,0.0,0.0,0.0,0.0,8535.440267869722,368.91218679137677,0.95,0.0,0.0,0.0
52,capped,node-028,0.0,0.0,0.0,0.0,0.0,0.0,0.0,0.0,8535.440267869722,368.91218679137677,0.95,-93.98271534322684,0.0,0.0
52,capped,node-029,0.0,0.0,0.0,0.0,0.0,0.0,0.0,0.0,8535.440267869722,368.91218679137677,0.95,-108.44518613924969,0.0,0.0
52,proper_scoring,node-000,0.0,0.0,100.19386749710736,0.0,0.0,100193.86749710736,0.0,0.0,8535.440267869722,1283.5601981015443,0.95,-191.8260735037511,0.0,608.928582206361
52,proper_scoring,node-001,10.975861884421647,359.88194983528444,491.42926627139,0.016548950731691135,0.5426151239659923,0.7409567286172981,630.8803059752041,663.2361206685414,8535.440267869722,1283.5601981015443,0.95,-721.6653666008209,-4.390344753768545,-154.60823137808228
52,proper_scoring,node-002,0.0,0.0,0.0,0.0,0.0,0.0,0.0,0.0,8535.440267869722,1283.5601981015443,0.95,0.0,0.0,0.0
52,proper_scoring,node-003,0.0,378.70199773495705,387.9807133689252,0.0,378701.997734957,387980.7133689252,0.0,0.0,8535.440267869722,1283.5601981015443,0.95,-287.7263976429912,0.0,0.0
52,proper_scoring,node-004,0.0,0.0,105.41075959940466,0.0,0.0,105410.75959940466,0.0,0.0,8535.440267869722,1283.5601981015443,0.95,-404.0466860105801,0.0,0.0
52,proper_scoring,node-005,0.0,0.0,109.95661394735761,0.0,0.0,109956.6139473576,0.0,0.0,8535.440267869722,1283.5601981015443,0.95,-160.17354421056956,0.0,0.0
52,proper_scoring,node-006,0.0,0.0,0.0,0.0,0.0,0.0,0.0,0.0,8535.440267869722,1283.5601981015443,0.95,0.0,0.0,0.0
52,proper_scoring,node-007,0.0,0.0,0.0,0.0,0.0,0.0,0.0,0.0,8535.440267869722,1283.5601981015443,0.95,0.0,0.0,0.0
52,proper_scoring,node-008,0.0,0.0,0.0,0.0,0.0,0.0,0.0,0.0,8535.440267869722,1283.5601981015443,0.95,0.0,0.0,0.0
52,proper_scoring,node-009,0.0,0.0,38.3364343955416,0.0,0.0,38336.434395541604,0.0,0.0,8535.440267869722,1283.5601981015443,0.95,-46.64889247871109,0.0,0.0
52,proper_scoring,node-010,0.0,145.2569729610403,298.34857623035845,0.0,145256.9729610403,298348.57623035845,0.0,0.0,8535.440267869722,1283.5601981015443,0.95,-328.3192530283147,0.0,0.0
52,proper_scoring,node-011,0.0,0.0,0.0,0.0,0.0,0.0,0.0,0.0,8535.440267869722,1283.5601981015443,0.95,0.0,0.0,0.0
52,proper_scoring,node-012,0.0,0.0,26.54061342835162,0.0,0.0,26540.61342835162,0.0,0.0,8535.440267869722,1283.5601981015443,0.95,-157.42845823886182,0.0,0.0
52,proper_scoring,node-013,0.0,0.0,21.068417302542713,0.0,0.0,21068.41730254271,0.0,0.0,8535.440267869722,1283.5601981015443,0.95,-278.93158269745726,0.0,0.0
52,proper_scoring,node-014,0.0,0.0,0.0,0.0,0.0,0.0,0.0,0.0,8535.440267869722,1283.5601981015443,0.95,0.0,0.0,0.0
52,proper_scoring,node-015,0.0,0.0,0.0,0.0,0.0,0.0,0.0,0.0,8535.440267869722,1283.5601981015443,0.95,-167.168087743301,0.0,0.0
52,proper_scoring,node-016,0.0,0.0,0.0,0.0,0.0,0.0,0.0,0.0,8535.440267869722,1283.5601981015443,0.95,0.0,0.0,0.0
52,proper_scoring,node-017,78.89490140129072,0.05438731836795796,78.9764823788426,0.12718336152252877,8.767565268951209e-05,0.12731487500156294,406.73843426542226,620.3240774330028,8535.440267869722,1283.5601981015443,0.95,-715.1963161451154,26.611060672909332,-406.73843426542226
52,proper_scoring,node-018,0.0,0.0,231.45155437007568,0.0,0.0,231451.55437007567,0.0,0.0,8535.440267869722,1283.5601981015443,0.95,-417.9302409302169,0.0,0.0
52,proper_scoring,node-019,0.0,0.0,87.68597501326767,0.0,0.0,87685.97501326766,0.0,0.0,8535.440267869722,1283.5601981015443,0.95,-397.45100381320105,0.0,0.0
52,proper_scoring,node-020,0.0,0.0,0.0,0.0,0.0,0.0,0.0,0.0,8535.440267869722,1283.5601981015443,0.95,0.0,0.0,0.0
52,proper_scoring,node-021,0.0,0.0,0.0,0.0,0.0,0.0,0.0,0.0,8535.440267869722,1283.5601981015443,0.95,0.0,0.0,0.0
52,proper_scoring,node-022,0.0,0.0,49.71772284516622,0.0,0.0,49717.72284516622,0.0,0.0,8535.440267869722,1283.5601981015443,0.95,-150.28227715483376,0.0,0.0
52,proper_scoring,node-023,0.0,0.0,0.0,0.0,0.0,0.0,0.0,0.0,8535.440267869722,1283.5601981015443,0.95,0.0,0.0,0.0
52,proper_scoring,node-024,0.0,0.0,185.84075370476606,0.0,0.0,185840.75370476604,0.0,0.0,8535.440267869722,1283.5601981015443,0.95,-398.31019818486186,0.0,0.0
52,proper_scoring,node-025,0.0,0.0,0.0,0.0,0.0,0.0,0.0,0.0,8535.440267869722,1283.5601981015443,0.95,0.0,0.0,0.0
52,proper_scoring,node-026,0.0,0.0,0.0,0.0,0.0,0.0,0.0,0.0,8535.440267869722,1283.5601981015443,0.95,0.0,0.0,0.0
52,proper_scoring,node-027,0.0,0.0,0.0,0.0,0.0,0.0,0.0,0.0,8535.440267869722,1283.5601981015443,0.95,0.0,0.0,0.0
52,proper_scoring,node-028,0.0,0.0,113.1530381768555,0.0,0.0,113153.0381768555,0.0,0.0,8535.440267869722,1283.5601981015443,0.95,-362.1587745111356,0.0,0.0
52,proper_scoring,node-029,0.0,0.0,48.56091110577832,0.0,0.0,48560.911105778316,0.0,0.0,8535.440267869722,1283.5601981015443,0.95,-409.27175511499314,0.0,0.0
52,audits,node-000,0.0,0.0,67.61733301293336,0.0,0.0,67617.33301293336,0.0,0.0,8535.440267869722,1266.5496840226233,0.95,-299.166215490534,0.0,589.6029308762801
52,audits,node-001,12.133430510001517,331.52273841652516,467.70032935495044,0.01877584296610323,0.5130139304848927,0.7237415611293769,613.8697918962831,646.2256065896204,8535.440267869722,1266.5496840226233,0.95,-2136.5660570526875,-4.853372204000493,-137.59771729916127
52,audits,node-002,0.0,0.0,0.0,0.0,0.0,0.0,0.0,0.0,8535.440267869722,1266.5496840226233,0.95,0.0,0.0,0.0
52,audits,node-003,0.0,364.4882917635005,364.4882917635005,0.0,364488.2917635005,364488.2917635005,0.0,0.0,8535.440267869722,1266.5496840226233,0.95,-571.9315994107477,0.0,0.0
52,audits,node-004,0.0,0.0,90.77758906590839,0.0,0.0,90777.58906590838,0.0,0.0,8535.440267869722,1266.5496840226233,0.95,-602.4234594378663,0.0,0.0
52,audits,node-005,0.0,0.0,109.95661394735761,0.0,0.0,109956.6139473576,0.0,0.0,8535.440267869722,1266.5496840226233,0.95,-190.04338605264238,0.0,0.0
52,audits,node-006,0.0,0.0,0.0,0.0,0.0,0.0,0.0,0.0,8535.440267869722,1266.5496840226233,0.95,0.0,0.0,0.0
52,audits,node-007,0.0,0.0,0.0,0.0,0.0,0.0,0.0,0.0,8535.440267869722,1266.5496840226233,0.95,0.0,0.0,0.0
52,audits,node-008,0.0,0.0,0.0,0.0,0.0,0.0,0.0,0.0,8535.440267869722,1266.5496840226233,0.95,0.0,0.0,0.0
52,audits,node-009,0.0,0.0,38.3364343955416,0.0,0.0,38336.434395541604,0.0,0.0,8535.440267869722,1266.5496840226233,0.95,-60.93076691979262,0.0,0.0
52,audits,node-010,0.0,104.1315566762263,242.67008792081197,0.0,104131.55667622629,242670.08792081196,0.0,0.0,8535.440267869722,1266.5496840226233,0.95,-580.0456553400645,0.0,0.0
52,audits,node-011,0.0,0.0,0.0,0.0,0.0,0.0,0.0,0.0,8535.440267869722,1266.5496840226233,0.95,0.0,0.0,0.0
52,audits,node-012,0.0,0.0,10.642885440284545,0.0,0.0,10642.885440284545,0.0,0.0,8535.440267869722,1266.5496840226233,0.95,-189.35711455971546,0.0,0.0
52,audits,node-013,0.0,0.0,20.084516624686074,0.0,0.0,20084.516624686075,0.0,0.0,8535.440267869722,1266.5496840226233,0.95,-279.9154833753139,0.0,0.0
52,audits,node-014,0.0,0.0,0.0,0.0,0.0,0.0,0.0,0.0,8535.440267869722,1266.5496840226233,0.95,0.0,0.0,0.0
52,audits,node-015,0.0,0.0,0.0,0.0,0.0,0.0,0.0,0.0,8535.440267869722,1266.5496840226233,0.95,-287.79768649820636,0.0,0.0
52,audits,node-016,0.0,0.0,0.0,0.0,0.0,0.0,0.0,0.0,8535.440267869722,1266.5496840226233,0.95,0.0,0.0,0.0
52,audits,node-017,78.89490140129072,0.05438731836795796,78.9764823788426,0.12718336152252877,8.767565268951209e-05,0.12731487500156294,406.73843426542226,620.3240774330028,8535.440267869722,1266.5496840226233,0.95,-983.8529047353455,26.611060672909332,-406.73843426542226
52,audits,node-018,0.0,0.0,231.45155437007568,0.0,0.0,231451.55437007567,0.0,0.0,8535.440267869722,1266.5496840226233,0.95,-468.5484456299244,0.0,0.0
52,audits,node-019,0.0,0.0,87.68597501326767,0.0,0.0,87685.97501326766,0.0,0.0,8535.440267869722,1266.5496840226233,0.95,-412.31402498673236,0.0,0.0
52,audits,node-020,0.0,0.0,0.0,0.0,0.0,0.0,0.0,0.0,8535.440267869722,1266.5496840226233,0.95,0.0,0.0,0.0
52,audits,node-021,0.0,0.0,0.0,0.0,0.0,0.0,0.0,0.0,8535.440267869722,1266.5496840226233,0.95,0.0,0.0,0.0
52,audits,node-022,0.0,0.0,49.71772284516622,0.0,0.0,49717.72284516622,0.0,0.0,8535.440267869722,1266.5496840226233,0.95,-150.28227715483376,0.0,0.0
52,audits,node-023,0.0,0.0,0.0,0.0,0.0,0.0,0.0,0.0,8535.440267869722,1266.5496840226233,0.95,0.0,0.0,0.0
52,audits,node-024,0.0,0.0,185.84075370476606,0.0,0.0,185840.75370476604,0.0,0.0,8535.440267869722,1266.5496840226233,0.95,-414.1592462952339,0.0,0.0
52,audits,node-025,0.0,0.0,0.0,0.0,0.0,0.0,0.0,0.0,8535.440267869722,1266.5496840226233,0.95,0.0,0.0,0.0
52,audits,node-026,0.0,0.0,0.0,0.0,0.0,0.0,0.0,0.0,8535.440267869722,1266.5496840226233,0.95,0.0,0.0,0.0
52,audits,node-027,0.0,0.0,0.0,0.0,0.0,0.0,0.0,0.0,8535.440267869722,1266.5496840226233,0.95,0.0,0.0,0.0
52,audits,node-028,0.0,0.0,106.01728465677314,0.0,0.0,106017.28465677315,0.0,0.0,8535.440267869722,1266.5496840226233,0.95,-393.9827153432269,0.0,0.0
52,audits,node-029,0.0,0.0,41.554813860750315,0.0,0.0,41554.81386075031,0.0,0.0,8535.440267869722,1266.5496840226233,0.95,-458.4451861392497,0.0,0.0
45,greedy,node-000,27.637839366615246,0.0,27.637839366615246,0.24999999999999994,0.0,0.24999999999999994,36.850452488820345,110.55135746646101,6009.360073277146,167.7972220825837,0.85,-66.85196763619847,-7.7670430835747055,-36.850452488820345
45,greedy,node-001,0.0,0.0,0.0,0.0,0.0,0.0,0.0,0.0,6009.360073277146,167.7972220825837,0.85,0.0,0.0,-30.001515147378118
45,greedy,node-002,0.0,0.0,0.0,0.0,0.0,0.0,0.0,0.0,6009.360073277146,167.7972220825837,0.85,0.0,0.0,-30.001515147378118
45,greedy,node-003,0.0,0.0,0.0,0.0,0.0,0.0,0.0,0.0,6009.360073277146,167.7972220825837,0.85,0.0,0.0,-30.001515147378118
45,greedy,node-004,0.0,0.0,0.0,0.0,0.0,0.0,0.0,0.0,6009.360073277146,167.7972220825837,0.85,0.0,0.0,-30.001515147378118
45,greedy,node-005,0.0,0.0,0.0,0.0,0.0,0.0,0.0,0.0,6009.360073277146,167.7972220825837,0.85,0.0,0.0,-30.001515147378118
45,greedy,node-006,0.0,0.0,0.0,0.0,0.0,0.0,0.0,0.0,6009.360073277146,167.7972220825837,0.85,0.0,0.0,-30.001515147378118
45,greedy,node-007,0.0,0.0,0.0,0.0,0.0,0.0,0.0,0.0,6009.360073277146,167.7972220825837,0.85,0.0,0.0,-30.001515147378118
45,greedy,node-008,0.0,0.0,0.0,0.0,0.0,0.0,0.0,0.0,6009.360073277146,167.7972220825837,0.85,0.0,0.0,-30.001515147378118
45,greedy,node-009,0.0,0.0,0.0,0.0,0.0,0.0,0.0,0.0,6009.360073277146,167.7972220825837,0.85,0.0,0.0,-30.001515147378118
45,greedy,node-010,0.0,0.0,0.0,0.0,0.0,0.0,0.0,0.0,6009.360073277146,167.7972220825837,0.85,0.0,0.0,-30.001515147378118
45,greedy,node-011,0.0,0.0,0.0,0.0,0.0,0.0,0.0,0.0,6009.360073277146,167.7972220825837,0.85,0.0,0.0,-30.001515147378118
45,greedy,node-012,0.0,0.0,0.0,0.0,0.0,0.0,0.0,0.0,6009.360073277146,167.7972220825837,0.85,0.0,0.0,-30.001515147378118
45,greedy,node-013,0.0,0.0,0.0,0.0,0.0,0.0,0.0,0.0,6009.360073277146,167.7972220825837,0.85,-15.769426863762696,0.0,-30.001515147378118
45,greedy,node-014,0.0,0.0,0.0,0.0,0.0,0.0,0.0,0.0,6009.360073277146,167.7972220825837,0.85,0.0,0.0,-30.001515147378118
45,greedy,node-015,0.0,0.0,0.0,0.0,0.0,0.0,0.0,0.0,6009.360073277146,167.7972220825837,0.85,-42.306699801366676,0.0,-30.001515147378118
45,greedy,node-016,0.0,0.0,0.0,0.0,0.0,0.0,19.081954872040882,57.24586461612265,6009.360073277146,167.7972220825837,0.85,-36.35320052609158,-5.724586461612262,-49.083470019418996
45,greedy,node-017,0.0,0.0,0.0,0.0,0.0,0.0,0.0,0.0,6009.360073277146,167.7972220825837,0.85,0.0,0.0,-30.001515147378118
45,greedy,node-018,0.0,0.0,0.0,0.0,0.0,0.0,0.0,0.0,6009.360073277146,167.7972220825837,0.85,0.0,0.0,-30.001515147378118
45,greedy,node-019,0.0,0.0,0.0,0.0,0.0,0.0,0.0,0.0,6009.360073277146,167.7972220825837,0.85,-8.07306290232215,0.0,-30.001515147378118
45,greedy,node-020,0.0,0.0,0.0,0.0,0.0,0.0,0.0,0.0,6009.360073277146,167.7972220825837,0.85,0.0,0.0,-30.001515147378118
45,greedy,node-021,0.0,0.0,0.0,0.0,0.0,0.0,0.0,0.0,6009.360073277146,167.7972220825837,0.85,0.0,0.0,-30.001515147378118
45,greedy,node-022,0.0,0.0,0.0,0.0,0.0,0.0,0.0,0.0,6009.360073277146,167.7972220825837,0.85,0.0,0.0,-30.001515147378118
45,greedy,node-023,0.0,0.0,0.0,0.0,0.0,0.0,0.0,0.0,6009.360073277146,167.7972220825837,0.85,0.0,0.0,-30.001515147378118
45,greedy,node-024,0.0,0.0,0.0,0.0,0.0,0.0,0.0,0.0,6009.360073277146,167.7972220825837,0.85,0.0,0.0,-30.001515147378118
45,greedy,node-025,0.0,0.0,0.0,0.0,0.0,0.0,0.0,0.0,6009.360073277146,167.7972220825837,0.85,0.0,0.0,-30.001515147378118
45,greedy,node-026,0.0,0.0,0.0,0.0,0.0,0.0,0.0,0.0,6009.360073277146,167.7972220825837,0.85,0.0,0.0,-30.001515147378118
45,greedy,node-027,0.0,0.0,0.0,0.0,0.0,0.0,0.0,0.0,6009.360073277146,167.7972220825837,0.85,0.0,0.0,-30.001515147378118
45,greedy,node-028,0.0,0.0,0.0,0.0,0.0,0.0,0.0,0.0,6009.360073277146,167.7972220825837,0.85,0.0,0.0,-30.001515147378118
45,greedy,node-029,0.0,0.0,0.0,0.0,0.0,0.0,0.0,0.0,6009.360073277146,167.7972220825837,0.85,0.0,0.0,-30.001515147378118
45,trust_vcg,node-000,0.0,0.0,0.0,0.0,0.0,0.0,0.0,0.0,8871.796135793942,1193.894296135903,1.0,-9814.399528373415,0.0,0.0
45,trust_vcg,node-001,0.0,0.0,0.0,0.0,0.0,0.0,0.0,0.0,8871.796135793942,1193.894296135903,1.0,0.0,0.0,0.0
45,trust_vcg,node-002,0.0,0.0,0.0,0.0,0.0,0.0,0.0,0.0,8871.796135793942,1193.894296135903,1.0,-2240.417417184421,0.0,0.0
45,trust_vcg,node-003,0.0,0.0,0.0,0.0,0.0,0.0,0.0,0.0,8871.796135793942,1193.894296135903,1.0,0.0,0.0,0.0
45,trust_vcg,node-004,0.0,267.151429668011,267.151429668011,0.0,267151.429668011,267151.429668011,0.0,0.0,8871.796135793942,1193.894296135903,1.0,-5558.132420685248,0.0,0.0
45,trust_vcg,node-005,0.0,0.0,141.98079018797813,0.0,0.0,141980.79018797813,0.0,0.0,8871.796135793942,1193.894296135903,1.0,-2258.019209812022,0.0,0.0
45,trust_vcg,node-006,0.0,0.0,0.0,0.0,0.0,0.0,0.0,0.0,8871.796135793942,1193.894296135903,1.0,0.0,0.0,0.0
45,trust_vcg,node-007,0.0,0.0,0.0,0.0,0.0,0.0,0.0,0.0,8871.796135793942,1193.894296135903,1.0,-7774.76107948591,0.0,0.0
45,trust_vcg,node-008,0.0,0.0,0.0,0.0,0.0,0.0,0.0,0.0,8871.796135793942,1193.894296135903,1.0,0.0,0.0,0.0
45,trust_vcg,node-009,0.0,0.0,0.0,0.0,0.0,0.0,0.0,0.0,8871.796135793942,1193.894296135903,1.0,0.0,0.0,0.0
45,trust_vcg,node-010,0.0,0.0,0.0,0.0,0.0,0.0,0.0,0.0,8871.796135793942,1193.894296135903,1.0,-573.7262736389886,0.0,0.0
45,trust_vcg,node-011,0.0,0.0,0.0,0.0,0.0,0.0,0.0,0.0,8871.796135793942,1193.894296135903,1.0,0.0,0.0,0.0
45,trust_vcg,node-012,0.0,0.0,27.328818781725303,0.0,0.0,27328.818781725302,0.0,0.0,8871.796135793942,1193.894296135903,1.0,-572.6711812182747,0.0,0.0
45,trust_vcg,node-013,0.0,0.0,0.0,0.0,0.0,0.0,0.0,0.0,8871.796135793942,1193.894296135903,1.0,-10552.09434335037,0.0,0.0
45,trust_vcg,node-014,0.0,0.0,25.179586092982817,0.0,0.0,25179.586092982816,0.0,0.0,8871.796135793942,1193.894296135903,1.0,-574.8204139070172,0.0,0.0
45,trust_vcg,node-015,100.70558281531589,1.833848028089733,168.6452682976726,0.15144207416779412,0.00275775921571044,0.2536104604689245,553.7699587284379,664.9775722414932,8871.796135793942,1193.894296135903,1.0,-7185.2342830899315,-16.68114202695824,-553.7699587284379
45,trust_vcg,node-016,28.622932308061422,309.071897249167,546.2501617907448,0.054116141568205656,0.584348883834629,1.0327715822043007,490.75281415032794,528.9167238944098,8871.796135793942,1193.894296135903,1.0,-11564.758766032473,-5.724586461612262,-1163.352394803411
45,trust_vcg,node-017,0.0,0.0,0.0,0.0,0.0,0.0,0.0,0.0,8871.796135793942,1193.894296135903,1.0,0.0,0.0,0.0
45,trust_vcg,node-018,0.0,0.0,0.0,0.0,0.0,0.0,0.0,0.0,8871.796135793942,1193.894296135903,1.0,0.0,0.0,0.0
45,trust_vcg,node-019,0.0,0.0,0.0,0.0,0.0,0.0,0.0,0.0,8871.796135793942,1193.894296135903,1.0,-10997.8569244101,0.0,0.0
45,trust_vcg,node-020,0.0,0.0,0.0,0.0,0.0,0.0,0.0,0.0,8871.796135793942,1193.894296135903,1.0,-3373.3086589375744,0.0,0.0
45,trust_vcg,node-021,0.0,0.0,0.0,0.0,0.0,0.0,0.0,0.0,8871.796135793942,1193.894296135903,1.0,0.0,0.0,0.0
45,trust_vcg,node-022,36.18540432248368,0.0,238.1967123655927,36185.40432248368,0.0,238196.71236559268,0.0,0.0,8871.796135793942,1193.894296135903,1.0,-3361.8032876344073,0.0,0.0
45,trust_vcg,node-023,0.0,0.0,0.0,0.0,0.0,0.0,0.0,0.0,8871.796135793942,1193.894296135903,1.0,0.0,0.0,0.0
45,trust_vcg,node-024,0.0,0.0,0.0,0.0,0.0,0.0,0.0,0.0,8871.796135793942,1193.894296135903,1.0,0.0,0.0,0.0
45,trust_vcg,node-025,0.0,0.0,33.66053355727293,0.0,0.0,33660.533557272924,0.0,0.0,8871.796135793942,1193.894296135903,1.0,-10534.011876485454,0.0,0.0
45,trust_vcg,node-026,0.0,0.0,0.0,0.0,0.0,0.0,0.0,0.0,8871.796135793942,1193.894296135903,1.0,0.0,0.0,0.0
45,trust_vcg,node-027,0.0,0.0,0.0,0.0,0.0,0.0,0.0,0.0,8871.796135793942,1193.894296135903,1.0,0.0,0.0,0.0
45,trust_vcg,node-028,134.18593801533765,0.0,134.18593801533765,134185.93801533766,0.0,134185.93801533766,0.0,0.0,8871.796135793942,1193.894296135903,1.0,-5594.0550879453085,0.0,0.0
45,trust_vcg,node-029,0.0,0.0,26.02856440566333,0.0,0.0,26028.564405663332,0.0,0.0,8871.796135793942,1193.894296135903,1.0,-573.9714355943366,0.0,0.0
45,contingent,node-000,0.0,1.878445670615318,39.66812099474331,0.0,1878.445670615318,39668.12099474331,0.0,0.0,8871.796135793942,224.0572848857055,1.0,-110.87102910450938,0.0,0.0
45,contingent,node-001,0.0,0.0,0.0,0.0,0.0,0.0,0.0,0.0,8871.796135793942,224.0572848857055,1.0,0.0,0.0,0.0
45,contingent,node-002,0.0,0.0,0.0,0.0,0.0,0.0,0.0,0.0,8871.796135793942,224.0572848857055,1.0,-184.3706909574875,0.0,0.0
45,contingent,node-003,0.0,0.0,0.0,0.0,0.0,0.0,0.0,0.0,8871.796135793942,224.0572848857055,1.0,0.0,0.0,0.0
45,contingent,node-004,0.0,67.151429668011,67.151429668011,0.0,67151.429668011,67151.429668011,0.0,0.0,8871.796135793942,224.0572848857055,1.0,-232.5296827409861,0.0,0.0
45,contingent,node-005,0.0,0.0,0.0,0.0,0.0,0.0,0.0,0.0,8871.796135793942,224.0572848857055,1.0,-232.07683924808745,0.0,0.0
45,contingent,node-006,0.0,0.0,0.0,0.0,0.0,0.0,0.0,0.0,8871.796135793942,224.0572848857055,1.0,0.0,0.0,0.0
45,contingent,node-007,0.0,0.0,0.0,0.0,0.0,0.0,0.0,0.0,8871.796135793942,224.0572848857055,1.0,-299.04431794363813,0.0,0.0
45,contingent,node-008,0.0,0.0,0.0,0.0,0.0,0.0,0.0,0.0,8871.796135793942,224.0572848857055,1.0,0.0,0.0,0.0
45,contingent,node-009,0.0,0.0,0.0,0.0,0.0,0.0,0.0,0.0,8871.796135793942,224.0572848857055,1.0,0.0,0.0,0.0
45,contingent,node-010,0.0,0.0,0.0,0.0,0.0,0.0,0.0,0.0,8871.796135793942,224.0572848857055,1.0,-94.9050945559543,0.0,0.0
45,contingent,node-011,0.0,0.0,0.0,0.0,0.0,0.0,0.0,0.0,8871.796135793942,224.0572848857055,1.0,0.0,0.0,0.0
45,contingent,node-012,0.0,0.0,0.0,0.0,0.0,0.0,0.0,0.0,8871.796135793942,224.0572848857055,1.0,-90.6847248730988,0.0,0.0
45,contingent,node-013,0.0,0.0,0.0,0.0,0.0,0.0,0.0,0.0,8871.796135793942,224.0572848857055,1.0,-408.37737340148897,0.0,0.0
45,contingent,node-014,0.0,0.0,0.0,0.0,0.0,0.0,0.0,0.0,8871.796135793942,224.0572848857055,1.0,-99.28165562806873,0.0,0.0
45,contingent,node-015,150.52219801250686,0.0,166.81142026958287,0.9023494780468202,0.0,1.0,55.603806756527625,166.81142026958287,8871.796135793942,224.0572848857055,1.0,-181.46110420250145,-16.681142026958284,-55.603806756527625
45,contingent,node-016,28.622932308061337,30.74275652745407,50.88678771714132,0.5000000000000002,0.537030172111257,0.8889163969900041,19.081954872040882,57.24586461612265,8871.796135793942,224.0572848857055,1.0,-315.1057624006221,-5.724586461612262,-37.65050556586971
45,contingent,node-017,0.0,0.0,0.0,0.0,0.0,0.0,0.0,0.0,8871.796135793942,224.0572848857055,1.0,0.0,0.0,0.0
45,contingent,node-018,0.0,0.0,0.0,0.0,0.0,0.0,0.0,0.0,8871.796135793942,224.0572848857055,1.0,0.0,0.0,0.0
45,contingent,node-019,0.0,0.0,0.0,0.0,0.0,0.0,0.0,0.0,8871.796135793942,224.0572848857055,1.0,-302.32776312806845,0.0,0.0
45,contingent,node-020,0.0,0.0,0.0,0.0,0.0,0.0,0.0,0.0,8871.796135793942,224.0572848857055,1.0,-293.2346357502969,0.0,0.0
45,contingent,node-021,0.0,0.0,0.0,0.0,0.0,0.0,0.0,0.0,8871.796135793942,224.0572848857055,1.0,0.0,0.0,0.0
45,contingent,node-022,0.0,0.0,18.084160301489725,0.0,0.0,18084.160301489723,0.0,0.0,8871.796135793942,224.0572848857055,1.0,-247.2131505376292,0.0,0.0
45,contingent,node-023,0.0,0.0,0.0,0.0,0.0,0.0,0.0,0.0,8871.796135793942,224.0572848857055,1.0,0.0,0.0,0.0
45,contingent,node-024,0.0,0.0,0.0,0.0,0.0,0.0,0.0,0.0,8871.796135793942,224.0572848857055,1.0,0.0,0.0,0.0
45,contingent,node-025,0.0,0.0,12.168080129301853,0.0,0.0,12168.080129301852,0.0,0.0,8871.796135793942,224.0572848857055,1.0,-336.0475059418101,0.0,0.0
45,contingent,node-026,0.0,0.0,0.0,0.0,0.0,0.0,0.0,0.0,8871.796135793942,224.0572848857055,1.0,0.0,0.0,0.0
45,contingent,node-027,0.0,0.0,0.0,0.0,0.0,0.0,0.0,0.0,8871.796135793942,224.0572848857055,1.0,0.0,0.0,0.0
45,contingent,node-028,0.0,0.0,0.0,0.0,0.0,0.0,0.0,0.0,8871.796135793942,224.0572848857055,1.0,-376.2203517812331,0.0,0.0
45,contingent,node-029,0.0,0.0,0.0,0.0,0.0,0.0,0.0,0.0,8871.796135793942,224.0572848857055,1.0,-95.88574237734665,0.0,0.0
45,capped,node-000,0.0,36.850452488820345,92.12613122205086,0.0,36850.452488820345,92126.13122205086,0.0,0.0,8871.796135793942,224.0572848857055,1.0,-27.717757276127344,0.0,0.0
45,capped,node-001,0.0,0.0,0.0,0.0,0.0,0.0,0.0,0.0,8871.796135793942,224.0572848857055,1.0,0.0,0.0,0.0
45,capped,node-002,0.0,0.0,6.6970249899533485,0.0,0.0,6697.024989953348,0.0,0.0,8871.796135793942,224.0572848857055,1.0,-46.092672739371885,0.0,0.0
45,capped,node-003,0.0,0.0,0.0,0.0,0.0,0.0,0.0,0.0,8871.796135793942,224.0572848857055,1.0,0.0,0.0,0.0
45,capped,node-004,0.0,67.151429668011,67.151429668011,0.0,67151.429668011,67151.429668011,0.0,0.0,8871.796135793942,224.0572848857055,1.0,-58.13242068524652,0.0,0.0
45,capped,node-005,0.0,0.0,0.0,0.0,0.0,0.0,0.0,0.0,8871.796135793942,224.0572848857055,1.0,-58.01920981202186,0.0,0.0
45,capped,node-006,0.0,0.0,0.0,0.0,0.0,0.0,0.0,0.0,8871.796135793942,224.0572848857055,1.0,0.0,0.0,0.0
45,capped,node-007,0.0,0.0,32.268352343041656,0.0,0.0,32268.352343041654,0.0,0.0,8871.796135793942,224.0572848857055,1.0,-74.76107948590953,0.0,0.0
45,capped,node-008,0.0,0.0,0.0,0.0,0.0,0.0,0.0,0.0,8871.796135793942,224.0572848857055,1.0,0.0,0.0,0.0
45,capped,node-009,0.0,0.0,0.0,0.0,0.0,0.0,0.0,0.0,8871.796135793942,224.0572848857055,1.0,0.0,0.0,0.0
45,capped,node-010,0.0,0.0,0.0,0.0,0.0,0.0,0.0,0.0,8871.796135793942,224.0572848857055,1.0,-23.726273638988573,0.0,0.0
45,capped,node-011,0.0,0.0,0.0,0.0,0.0,0.0,0.0,0.0,8871.796135793942,224.0572848857055,1.0,0.0,0.0,0.0
45,capped,node-012,0.0,0.0,0.0,0.0,0.0,0.0,0.0,0.0,8871.796135793942,224.0572848857055,1.0,-22.671181218274697,0.0,0.0
45,capped,node-013,0.0,0.0,7.864692126586974,0.0,0.0,7864.692126586973,0.0,0.0,8871.796135793942,224.0572848857055,1.0,-102.09434335037227,0.0,0.0
45,capped,node-014,0.0,0.0,0.0,0.0,0.0,0.0,0.0,0.0,8871.796135793942,224.0572848857055,1.0,-24.820413907017183,0.0,0.0
45,capped,node-015,150.52219801250686,0.0,166.81142026958287,0.9023494780468202,0.0,1.0,55.603806756527625,166.81142026958287,8871.796135793942,224.0572848857055,1.0,-87.06813111802109,-16.681142026958284,-55.603806756527625
45,capped,node-016,28.622932308061337,30.74275652745407,50.88678771714132,0.5000000000000002,0.537030172111257,0.8889163969900041,19.081954872040882,57.24586461612265,8871.796135793942,224.0572848857055,1.0,-93.08790675418618,-5.724586461612262,-30.658243775008827
45,capped,node-017,0.0,0.0,0.0,0.0,0.0,0.0,0.0,0.0,8871.796135793942,224.0572848857055,1.0,0.0,0.0,0.0
45,capped,node-018,0.0,0.0,0.0,0.0,0.0,0.0,0.0,0.0,8871.796135793942,224.0572848857055,1.0,0.0,0.0,0.0
45,capped,node-019,0.0,0.0,27.94974745594,0.0,0.0,27949.74745594,0.0,0.0,8871.796135793942,224.0572848857055,1.0,-75.58194078201711,0.0,0.0
45,capped,node-020,0.0,0.0,0.0,0.0,0.0,0.0,0.0,0.0,8871.796135793942,224.0572848857055,1.0,-73.30865893757425,0.0,0.0
45,capped,node-021,0.0,0.0,0.0,0.0,0.0,0.0,0.0,0.0,8871.796135793942,224.0572848857055,1.0,0.0,0.0,0.0
45,capped,node-022,0.0,0.0,18.084160301489725,0.0,0.0,18084.160301489723,0.0,0.0,8871.796135793942,224.0572848857055,1.0,-61.8032876344073,0.0,0.0
45,capped,node-023,0.0,0.0,0.0,0.0,0.0,0.0,0.0,0.0,8871.796135793942,224.0572848857055,1.0,0.0,0.0,0.0
45,capped,node-024,0.0,0.0,0.0,0.0,0.0,0.0,0.0,0.0,8871.796135793942,224.0572848857055,1.0,0.0,0.0,0.0
45,capped,node-025,0.0,0.0,33.6605335572728,0.0,0.0,33660.5335572728,0.0,0.0,8871.796135793942,224.0572848857055,1.0,-84.01187648545252,0.0,0.0
45,capped,node-026,0.0,0.0,0.0,0.0,0.0,0.0,0.0,0.0,8871.796135793942,224.0572848857055,1.0,0.0,0.0,0.0
45,capped,node-027,0.0,0.0,0.0,0.0,0.0,0.0,0.0,0.0,8871.796135793942,224.0572848857055,1.0,0.0,0.0,0.0
45,capped,node-028,0.0,0.0,0.0,0.0,0.0,0.0,0.0,0.0,8871.796135793942,224.0572848857055,1.0,-94.05508794530826,0.0,0.0
45,capped,node-029,0.0,0.0,0.0,0.0,0.0,0.0,0.0,0.0,8871.796135793942,224.0572848857055,1.0,-23.97143559433667,0.0,0.0
45,proper_scoring,node-000,0.0,351.1621414455347,596.4736982487595,0.0,351162.1414455347,596473.6982487595,0.0,0.0,8871.796135793942,1193.894296135903,1.0,-110.87102910450938,0.0,0.0
45,proper_scoring,node-001,0.0,0.0,0.0,0.0,0.0,0.0,0.0,0.0,8871.796135793942,1193.894296135903,1.0,0.0,0.0,0.0
45,proper_scoring,node-002,0.0,0.0,0.0,0.0,0.0,0.0,0.0,0.0,8871.796135793942,1193.894296135903,1.0,-184.3706909574875,0.0,0.0
45,proper_scoring,node-003,0.0,0.0,0.0,0.0,0.0,0.0,0.0,0.0,8871.796135793942,1193.894296135903,1.0,0.0,0.0,0.0
45,proper_scoring,node-004,0.0,267.151429668011,460.6744490750467,0.0,267151.429668011,460674.4490750467,0.0,0.0,8871.796135793942,1193.894296135903,1.0,-232.5296827409861,0.0,0.0
45,proper_scoring,node-005,0.0,0.0,141.98079018797813,0.0,0.0,141980.79018797813,0.0,0.0,8871.796135793942,1193.894296135903,1.0,-227.8084318061241,0.0,0.0
45,proper_scoring,node-006,0.0,0.0,0.0,0.0,0.0,0.0,0.0,0.0,8871.796135793942,1193.894296135903,1.0,0.0,0.0,0.0
45,proper_scoring,node-007,0.0,0.0,396.49317292437524,0.0,0.0,396493.1729243752,0.0,0.0,8871.796135793942,1193.894296135903,1.0,-299.04431794363813,0.0,0.0
45,proper_scoring,node-008,0.0,0.0,0.0,0.0,0.0,0.0,0.0,0.0,8871.796135793942,1193.894296135903,1.0,0.0,0.0,0.0
45,proper_scoring,node-009,0.0,0.0,0.0,0.0,0.0,0.0,0.0,0.0,8871.796135793942,1193.894296135903,1.0,0.0,0.0,0.0
45,proper_scoring,node-010,0.0,0.0,0.0,0.0,0.0,0.0,0.0,0.0,8871.796135793942,1193.894296135903,1.0,-73.72627363898857,0.0,0.0
45,proper_scoring,node-011,0.0,0.0,0.0,0.0,0.0,0.0,0.0,0.0,8871.796135793942,1193.894296135903,1.0,0.0,0.0,0.0
45,proper_scoring,node-012,0.0,0.0,27.328818781725303,0.0,0.0,27328.818781725302,0.0,0.0,8871.796135793942,1193.894296135903,1.0,-72.6711812182747,0.0,0.0
45,proper_scoring,node-013,0.0,0.0,708.6501522327454,0.0,0.0,708650.1522327454,0.0,0.0,8871.796135793942,1193.894296135903,1.0,-393.6418385343963,0.0,0.0
45,proper_scoring,node-014,0.0,0.0,25.179586092982817,0.0,0.0,25179.586092982816,0.0,0.0,8871.796135793942,1193.894296135903,1.0,-74.82041390701718,0.0,0.0
45,proper_scoring,node-015,100.70558281531589,1.833848028089733,168.6452682976726,0.15144207416779412,0.00275775921571044,0.2536104604689245,553.7699587284379,664.9775722414932,8871.796135793942,1193.894296135903,1.0,-679.6272561744117,-16.68114202695824,-553.7699587284379
45,proper_scoring,node-016,28.622932308061422,309.071897249167,546.2501617907448,0.054116141568205656,0.584348883834629,1.0327715822043007,490.75281415032794,528.9167238944098,8871.796135793942,1193.894296135903,1.0,-786.7766216789091,-5.724586461612262,-152.37645638228628
45,proper_scoring,node-017,0.0,0.0,0.0,0.0,0.0,0.0,0.0,0.0,8871.796135793942,1193.894296135903,1.0,0.0,0.0,0.0
45,proper_scoring,node-018,0.0,0.0,0.0,0.0,0.0,0.0,0.0,0.0,8871.796135793942,1193.894296135903,1.0,0.0,0.0,0.0
45,proper_scoring,node-019,0.0,0.0,593.762798498702,0.0,0.0,593762.7984987019,0.0,0.0,8871.796135793942,1193.894296135903,1.0,-302.32776312806845,0.0,0.0
45,proper_scoring,node-020,0.0,0.0,56.891635822755916,0.0,0.0,56891.63582275592,0.0,0.0,8871.796135793942,1193.894296135903,1.0,-289.4259222636513,0.0,0.0
45,proper_scoring,node-021,0.0,0.0,0.0,0.0,0.0,0.0,0.0,0.0,8871.796135793942,1193.894296135903,1.0,0.0,0.0,0.0
45,proper_scoring,node-022,36.18540432248368,0.0,238.1967123655927,36185.40432248368,0.0,238196.71236559268,0.0,0.0,8871.796135793942,1193.894296135903,1.0,-247.2131505376292,0.0,0.0
45,proper_scoring,node-023,0.0,0.0,0.0,0.0,0.0,0.0,0.0,0.0,8871.796135793942,1193.894296135903,1.0,0.0,0.0,0.0
45,proper_scoring,node-024,0.0,0.0,0.0,0.0,0.0,0.0,0.0,0.0,8871.796135793942,1193.894296135903,1.0,0.0,0.0,0.0
45,proper_scoring,node-025,319.9185215018045,0.0,744.3757294961928,319918.52150180447,0.0,744375.7294961928,0.0,0.0,8871.796135793942,1193.894296135903,1.0,-336.0475059418101,0.0,0.0
45,proper_scoring,node-026,0.0,0.0,0.0,0.0,0.0,0.0,0.0,0.0,8871.796135793942,1193.894296135903,1.0,0.0,0.0,0.0
45,proper_scoring,node-027,0.0,0.0,0.0,0.0,0.0,0.0,0.0,0.0,8871.796135793942,1193.894296135903,1.0,0.0,0.0,0.0
45,proper_scoring,node-028,134.18593801533765,0.0,305.94491205469177,134185.93801533766,0.0,305944.91205469175,0.0,0.0,8871.796135793942,1193.894296135903,1.0,-366.3749499664867,0.0,0.0
45,proper_scoring,node-029,0.0,0.0,26.02856440566333,0.0,0.0,26028.564405663332,0.0,0.0,8871.796135793942,1193.894296135903,1.0,-73.97143559433667,0.0,0.0
45,audits,node-000,0.0,255.02051974752524,402.4292492550321,0.0,255020.51974752525,402429.2492550321,0.0,0.0,8871.796135793942,1193.894296135903,1.0,-2814.399528373414,0.0,0.0
45,audits,node-001,0.0,0.0,0.0,0.0,0.0,0.0,0.0,0.0,8871.796135793942,1193.894296135903,1.0,0.0,0.0,0.0
45,audits,node-002,0.0,0.0,0.0,0.0,0.0,0.0,0.0,0.0,8871.796135793942,1193.894296135903,1.0,-240.41741718442142,0.0,0.0
45,audits,node-003,0.0,0.0,0.0,0.0,0.0,0.0,0.0,0.0,8871.796135793942,1193.894296135903,1.0,0.0,0.0,0.0
45,audits,node-004,0.0,267.151429668011,429.0662103426233,0.0,267151.429668011,429066.2103426233,0.0,0.0,8871.796135793942,1193.894296135903,1.0,-1058.1324206852466,0.0,0.0
45,audits,node-005,0.0,0.0,141.98079018797813,0.0,0.0,141980.79018797813,0.0,0.0,8871.796135793942,1193.894296135903,1.0,-258.01920981202187,0.0,0.0
45,audits,node-006,0.0,0.0,0.0,0.0,0.0,0.0,0.0,0.0,8871.796135793942,1193.894296135903,1.0,0.0,0.0,0.0
45,audits,node-007,0.0,0.0,332.26835234304167,0.0,0.0,332268.3523430417,0.0,0.0,8871.796135793942,1193.894296135903,1.0,-2274.7610794859097,0.0,0.0
45,audits,node-008,0.0,0.0,0.0,0.0,0.0,0.0,0.0,0.0,8871.796135793942,1193.894296135903,1.0,0.0,0.0,0.0
45,audits,node-009,0.0,0.0,0.0,0.0,0.0,0.0,0.0,0.0,8871.796135793942,1193.894296135903,1.0,0.0,0.0,0.0
45,audits,node-010,0.0,0.0,0.0,0.0,0.0,0.0,0.0,0.0,8871.796135793942,1193.894296135903,1.0,-73.72627363898857,0.0,0.0
45,audits,node-011,0.0,0.0,0.0,0.0,0.0,0.0,0.0,0.0,8871.796135793942,1193.894296135903,1.0,0.0,0.0,0.0
45,audits,node-012,0.0,0.0,27.328818781725303,0.0,0.0,27328.818781725302,0.0,0.0,8871.796135793942,1193.894296135903,1.0,-72.6711812182747,0.0,0.0
45,audits,node-013,0.0,0.0,647.9056566496278,0.0,0.0,647905.6566496277,0.0,0.0,8871.796135793942,1193.894296135903,1.0,-3052.094343350372,0.0,0.0
45,audits,node-014,0.0,0.0,25.179586092982817,0.0,0.0,25179.586092982816,0.0,0.0,8871.796135793942,1193.894296135903,1.0,-74.82041390701718,0.0,0.0
45,audits,node-015,100.70558281531589,1.833848028089733,168.6452682976726,0.15144207416779412,0.00275775921571044,0.2536104604689245,553.7699587284379,664.9775722414932,8871.796135793942,1193.894296135903,1.0,-1685.2342830899315,-16.68114202695824,-553.7699587284379
45,audits,node-016,28.622932308061422,309.071897249167,546.2501617907448,0.054116141568205656,0.584348883834629,1.0327715822043007,490.75281415032794,528.9167238944098,8871.796135793942,1193.894296135903,1.0,-3564.758766032474,-5.724586461612262,-163.35239480341107
45,audits,node-017,0.0,0.0,0.0,0.0,0.0,0.0,0.0,0.0,8871.796135793942,1193.894296135903,1.0,0.0,0.0,0.0
45,audits,node-018,0.0,0.0,0.0,0.0,0.0,0.0,0.0,0.0,8871.796135793942,1193.894296135903,1.0,0.0,0.0,0.0
45,audits,node-019,0.0,0.0,0.0,0.0,0.0,0.0,0.0,0.0,8871.796135793942,1193.894296135903,1.0,-2997.8569244101027,0.0,0.0
45,audits,node-020,0.0,0.0,0.0,0.0,0.0,0.0,0.0,0.0,8871.796135793942,1193.894296135903,1.0,-873.3086589375741,0.0,0.0
45,audits,node-021,0.0,0.0,0.0,0.0,0.0,0.0,0.0,0.0,8871.796135793942,1193.894296135903,1.0,0.0,0.0,0.0
45,audits,node-022,36.18540432248368,0.0,238.1967123655927,36185.40432248368,0.0,238196.71236559268,0.0,0.0,8871.796135793942,1193.894296135903,1.0,-861.8032876344073,0.0,0.0
45,audits,node-023,0.0,0.0,0.0,0.0,0.0,0.0,0.0,0.0,8871.796135793942,1193.894296135903,1.0,0.0,0.0,0.0
45,audits,node-024,0.0,0.0,0.0,0.0,0.0,0.0,0.0,0.0,8871.796135793942,1193.894296135903,1.0,0.0,0.0,0.0
45,audits,node-025,0.0,0.0,533.6605335572729,0.0,0.0,533660.5335572729,0.0,0.0,8871.796135793942,1193.894296135903,1.0,-3034.0118764854533,0.0,0.0
45,audits,node-026,0.0,0.0,0.0,0.0,0.0,0.0,0.0,0.0,8871.796135793942,1193.894296135903,1.0,0.0,0.0,0.0
45,audits,node-027,0.0,0.0,0.0,0.0,0.0,0.0,0.0,0.0,8871.796135793942,1193.894296135903,1.0,0.0,0.0,0.0
45,audits,node-028,134.18593801533765,0.0,305.94491205469177,134185.93801533766,0.0,305944.91205469175,0.0,0.0,8871.796135793942,1193.894296135903,1.0,-1094.0550879453083,0.0,0.0
45,audits,node-029,0.0,0.0,26.02856440566333,0.0,0.0,26028.564405663332,0.0,0.0,8871.796135793942,1193.894296135903,1.0,-73.97143559433667,0.0,0.0
50,greedy,node-000,0.0,0.0,0.0,0.0,0.0,0.0,0.0,0.0,8226.281670598693,278.9045752367321,0.9,0.0,0.0,-13.389062420246356
50,greedy,node-001,0.0,0.0,0.0,0.0,0.0,0.0,0.0,0.0,8226.281670598693,278.9045752367321,0.9,-13.389062420246356,0.0,0.0
50,greedy,node-002,0.0,0.0,0.0,0.0,0.0,0.0,0.0,0.0,8226.281670598693,278.9045752367321,0.9,0.0,0.0,0.0
50,greedy,node-003,0.0,0.0,0.0,0.0,0.0,0.0,0.0,0.0,8226.281670598693,278.9045752367321,0.9,0.0,0.0,0.0
50,greedy,node-004,0.0,0.0,0.0,0.0,0.0,0.0,0.0,0.0,8226.281670598693,278.9045752367321,0.9,-35.67080193396704,0.0,0.0
50,greedy,node-005,0.0,0.0,0.0,0.0,0.0,0.0,0.0,0.0,8226.281670598693,278.9045752367321,0.9,0.0,0.0,0.0
50,greedy,node-006,5.075691326982408,0.0,5.075691326982408,5075.691326982408,0.0,5075.691326982408,0.0,0.0,8226.281670598693,278.9045752367321,0.9,-41.414539188630556,0.0,0.0
50,greedy,node-007,0.0,0.0,0.0,0.0,0.0,0.0,0.0,0.0,8226.281670598693,278.9045752367321,0.9,0.0,0.0,0.0
50,greedy,node-008,0.0,0.0,0.0,0.0,0.0,0.0,0.0,0.0,8226.281670598693,278.9045752367321,0.9,0.0,0.0,0.0
50,greedy,node-009,0.0,0.0,0.0,0.0,0.0,0.0,0.0,0.0,8226.281670598693,278.9045752367321,0.9,0.0,0.0,0.0
50,greedy,node-010,0.0,0.0,0.0,0.0,0.0,0.0,0.0,0.0,8226.281670598693,278.9045752367321,0.9,0.0,0.0,0.0
50,greedy,node-011,0.0,0.0,0.0,0.0,0.0,0.0,0.0,0.0,8226.281670598693,278.9045752367321,0.9,0.0,0.0,0.0
50,greedy,node-012,0.0,0.0,0.0,0.0,0.0,0.0,0.0,0.0,8226.281670598693,278.9045752367321,0.9,-47.96194397864623,0.0,0.0
50,greedy,node-013,0.0,0.0,0.0,0.0,0.0,0.0,0.0,0.0,8226.281670598693,278.9045752367321,0.9,0.0,0.0,0.0
50,greedy,node-014,18.303901788635144,0.0,18.303901788635144,0.09567364740767621,0.0,0.09567364740767621,63.77200787812953,191.3160236343886,8226.281670598693,278.9045752367321,0.9,-108.2189331441413,-15.368451276207168,-63.77200787812953
50,greedy,node-015,0.0,0.0,0.0,0.0,0.0,0.0,0.0,0.0,8226.281670598693,278.9045752367321,0.9,0.0,0.0,0.0
50,greedy,node-016,0.0,0.0,0.0,0.0,0.0,0.0,0.0,0.0,8226.281670598693,278.9045752367321,0.9,0.0,0.0,0.0
50,greedy,node-017,0.0,0.0,0.0,0.0,0.0,0.0,0.0,0.0,8226.281670598693,278.9045752367321,0.9,-52.548930371978926,0.0,0.0
50,greedy,node-018,0.0,0.0,0.0,0.0,0.0,0.0,0.0,0.0,8226.281670598693,278.9045752367321,0.9,0.0,0.0,0.0
50,greedy,node-019,0.0,0.0,0.0,0.0,0.0,0.0,0.0,0.0,8226.281670598693,278.9045752367321,0.9,0.0,0.0,0.0
50,greedy,node-020,0.0,0.0,0.0,0.0,0.0,0.0,0.0,0.0,8226.281670598693,278.9045752367321,0.9,-23.49911732413309,0.0,0.0
50,greedy,node-021,0.0,0.0,0.0,0.0,0.0,0.0,0.0,0.0,8226.281670598693,278.9045752367321,0.9,-54.17095760595913,0.0,0.0
50,greedy,node-022,0.0,0.0,0.0,0.0,0.0,0.0,0.0,0.0,8226.281670598693,278.9045752367321,0.9,0.0,0.0,0.0
50,greedy,node-023,13.230401438089885,0.0,13.230401438089885,0.15105172075634474,0.0,0.15105172075634474,29.196183867447836,87.58855160234351,8226.281670598693,278.9045752367321,0.9,-69.20699294244298,-0.4620214033806107,-29.196183867447836
50,greedy,node-024,0.0,0.0,0.0,0.0,0.0,0.0,0.0,0.0,8226.281670598693,278.9045752367321,0.9,-61.19251948413877,0.0,0.0
50,greedy,node-025,0.0,0.0,0.0,0.0,0.0,0.0,0.0,0.0,8226.281670598693,278.9045752367321,0.9,0.0,0.0,0.0
50,greedy,node-026,0.0,0.0,0.0,0.0,0.0,0.0,0.0,0.0,8226.281670598693,278.9045752367321,0.9,-43.15400054731232,0.0,0.0
50,greedy,node-027,0.0,0.0,0.0,0.0,0.0,0.0,0.0,0.0,8226.281670598693,278.9045752367321,0.9,0.0,0.0,0.0
50,greedy,node-028,0.0,0.0,0.0,0.0,0.0,0.0,0.0,0.0,8226.281670598693,278.9045752367321,0.9,0.0,0.0,0.0
50,greedy,node-029,0.0,0.0,0.0,0.0,0.0,0.0,0.0,0.0,8226.281670598693,278.9045752367321,0.9,0.0,0.0,0.0
50,trust_vcg,node-000,0.0,0.0,0.0,0.0,0.0,0.0,0.0,0.0,8608.76703849279,1513.9922317704338,1.0,0.0,0.0,90.54903808115023
50,trust_vcg,node-001,90.54903808115023,0.0,225.64869892151717,90549.03808115023,0.0,225648.69892151715,0.0,0.0,8608.76703849279,1513.9922317704338,1.0,-8876.552527299766,0.0,0.0
50,trust_vcg,node-002,0.0,0.0,0.0,0.0,0.0,0.0,0.0,0.0,8608.76703849279,1513.9922317704338,1.0,0.0,0.0,0.0
50,trust_vcg,node-003,0.0,0.0,0.0,0.0,0.0,0.0,0.0,0.0,8608.76703849279,1513.9922317704338,1.0,0.0,0.0,0.0
50,trust_vcg,node-004,0.0,30.326516218035977,63.113541243982354,0.0,30326.516218035977,63113.541243982356,0.0,0.0,8608.76703849279,1513.9922317704338,1.0,-6672.475148719175,0.0,0.0
50,trust_vcg,node-005,0.0,0.0,0.0,0.0,0.0,0.0,0.0,0.0,8608.76703849279,1513.9922317704338,1.0,0.0,0.0,0.0
50,trust_vcg,node-006,128.68517140458584,423.09909619680013,423.09909619680013,0.21528499525434722,0.7078273737575387,0.7078273737575387,525.3934199889735,597.7433366991113,8608.76703849279,1513.9922317704338,1.0,-11617.021593611798,147.96071569190383,-525.3934199889735
50,trust_vcg,node-007,0.0,0.0,0.0,0.0,0.0,0.0,0.0,0.0,8608.76703849279,1513.9922317704338,1.0,-9382.969930543532,0.0,0.0
50,trust_vcg,node-008,0.0,0.0,0.0,0.0,0.0,0.0,0.0,0.0,8608.76703849279,1513.9922317704338,1.0,0.0,0.0,0.0
50,trust_vcg,node-009,0.0,0.0,0.0,0.0,0.0,0.0,0.0,0.0,8608.76703849279,1513.9922317704338,1.0,0.0,0.0,0.0
50,trust_vcg,node-010,0.0,0.0,0.0,0.0,0.0,0.0,0.0,0.0,8608.76703849279,1513.9922317704338,1.0,-2242.6366265784,0.0,0.0
50,trust_vcg,node-011,0.0,0.0,0.0,0.0,0.0,0.0,0.0,0.0,8608.76703849279,1513.9922317704338,1.0,0.0,0.0,0.0
50,trust_vcg,node-012,43.68231268125763,618.3109854687724,707.0442245703516,43682.31268125763,618310.9854687724,707044.2245703517,0.0,0.0,8608.76703849279,1513.9922317704338,1.0,-5559.155492734387,0.0,0.0
50,trust_vcg,node-013,0.0,0.0,230.41336464253283,0.0,0.0,230413.36464253283,0.0,0.0,8608.76703849279,1513.9922317704338,1.0,-3369.5866353574675,0.0,0.0
50,trust_vcg,node-014,0.0,0.0,77.28043385759905,0.0,0.0,77280.43385759906,0.0,0.0,8608.76703849279,1513.9922317704338,1.0,-5484.735636294406,0.0,0.0
50,trust_vcg,node-015,0.0,0.0,47.33358140342787,0.0,0.0,47333.581403427874,0.0,0.0,8608.76703849279,1513.9922317704338,1.0,-1152.6664185965722,0.0,0.0
50,trust_vcg,node-016,160.6718345120833,0.0,233.2025598735344,160671.8345120833,0.0,233202.5598735344,0.0,0.0,8608.76703849279,1513.9922317704338,1.0,-3366.7974401264655,0.0,0.0
50,trust_vcg,node-017,0.0,0.0,0.0,0.0,0.0,0.0,0.0,0.0,8608.76703849279,1513.9922317704338,1.0,-5503.162047587607,0.0,0.0
50,trust_vcg,node-018,120.9864271324306,0.0,158.86300246731406,120986.4271324306,0.0,158863.00246731404,0.0,0.0,8608.76703849279,1513.9922317704338,1.0,-2241.1369975326857,0.0,0.0
50,trust_vcg,node-019,0.0,0.0,385.399159678137,0.0,0.0,385399.159678137,0.0,0.0,8608.76703849279,1513.9922317704338,1.0,-5614.600840321862,0.0,0.0
50,trust_vcg,node-020,0.0,0.0,0.0,0.0,0.0,0.0,0.0,0.0,8608.76703849279,1513.9922317704338,1.0,-8777.924108962152,0.0,0.0
50,trust_vcg,node-021,102.75252343834477,0.0,329.0530731463448,102752.52343834477,0.0,329053.0731463448,0.0,0.0,8608.76703849279,1513.9922317704338,1.0,-5554.170957605958,0.0,0.0
50,trust_vcg,node-022,0.0,0.0,54.1430084697741,0.0,0.0,54143.008469774104,0.0,0.0,8608.76703849279,1513.9922317704338,1.0,-4485.038373867951,0.0,0.0
50,trust_vcg,node-023,177.6572740506769,0.0,266.32001931210664,177657.2740506769,0.0,266320.01931210665,0.0,0.0,8608.76703849279,1513.9922317704338,1.0,-11033.449132982141,0.0,0.0
50,trust_vcg,node-024,0.0,0.0,0.0,0.0,0.0,0.0,0.0,0.0,8608.76703849279,1513.9922317704338,1.0,-5486.893783567974,0.0,0.0
50,trust_vcg,node-025,0.0,0.0,0.0,0.0,0.0,0.0,0.0,0.0,8608.76703849279,1513.9922317704338,1.0,0.0,0.0,0.0
50,trust_vcg,node-026,0.0,0.0,58.64348261821158,0.0,0.0,58643.48261821158,0.0,0.0,8608.76703849279,1513.9922317704338,1.0,-5563.821442441866,0.0,0.0
50,trust_vcg,node-027,0.0,0.0056001762103505826,0.0056001762103505826,0.0,6.112068718963809e-06,6.112068718963809e-06,605.4125649063004,916.2488950713223,8608.76703849279,1513.9922317704338,1.0,-6188.746644398167,-46.625449524753094,-605.4125649063004
50,trust_vcg,node-028,0.0,0.0,0.0,0.0,0.0,0.0,0.0,0.0,8608.76703849279,1513.9922317704338,1.0,-1685.4078979007109,0.0,0.0
50,trust_vcg,node-029,0.0,0.0,0.0,0.0,0.0,0.0,0.0,0.0,8608.76703849279,1513.9922317704338,1.0,0.0,0.0,0.0
50,contingent,node-000,0.0,0.0,0.0,0.0,0.0,0.0,0.0,0.0,8608.76703849279,574.7793703127393,1.0,0.0,0.0,-4.106602842180102
50,contingent,node-001,0.0,0.0,10.225377539068994,0.0,0.0,10225.377539068993,0.0,0.0,8608.76703849279,574.7793703127393,1.0,-306.2101091990665,0.0,0.0
50,contingent,node-002,0.0,0.0,0.0,0.0,0.0,0.0,0.0,0.0,8608.76703849279,574.7793703127393,1.0,0.0,0.0,0.0
50,contingent,node-003,0.0,0.0,0.0,0.0,0.0,0.0,0.0,0.0,8608.76703849279,574.7793703127393,1.0,0.0,0.0,0.0
50,contingent,node-004,0.0,101.36745543218667,176.91471526167055,0.0,101367.45543218667,176914.71526167056,0.0,0.0,8608.76703849279,574.7793703127393,1.0,-289.90059487670436,0.0,0.0
50,contingent,node-005,0.0,0.0,0.0,0.0,0.0,0.0,0.0,0.0,8608.76703849279,574.7793703127393,1.0,0.0,0.0,0.0
50,contingent,node-006,11.083860679338883,62.3175578307048,103.58036296349425,0.10213198285350898,0.5742237233008711,0.9544389053777629,36.17495835506887,108.52487506520659,8608.76703849279,574.7793703127393,1.0,-402.6876528463715,1.1951772017323208,-36.17495835506887
50,contingent,node-007,0.0,0.0,0.0,0.0,0.0,0.0,0.0,0.0,8608.76703849279,574.7793703127393,1.0,-346.7034342100921,0.0,0.0
50,contingent,node-008,0.0,0.0,0.0,0.0,0.0,0.0,0.0,0.0,8608.76703849279,574.7793703127393,1.0,0.0,0.0,0.0
50,contingent,node-009,0.0,0.0,0.0,0.0,0.0,0.0,0.0,0.0,8608.76703849279,574.7793703127393,1.0,0.0,0.0,0.0
50,contingent,node-010,0.0,0.0,0.0,0.0,0.0,0.0,0.0,0.0,8608.76703849279,574.7793703127393,1.0,-174.11386889839127,0.0,0.0
50,contingent,node-011,0.0,0.0,0.0,0.0,0.0,0.0,0.0,0.0,8608.76703849279,574.7793703127393,1.0,0.0,0.0,0.0
50,contingent,node-012,0.0,118.31098546877236,207.04422457035167,0.0,118310.98546877236,207044.22457035168,0.0,0.0,8608.76703849279,574.7793703127393,1.0,-236.62197093754472,0.0,0.0
50,contingent,node-013,0.0,0.0,0.0,0.0,0.0,0.0,0.0,0.0,8608.76703849279,574.7793703127393,1.0,-278.34654142986864,0.0,0.0
50,contingent,node-014,0.0,50.677947968274,145.1648599551572,0.0,50677.947968274,145164.85995515718,0.0,0.0,8608.76703849279,574.7793703127393,1.0,-138.2958760054925,0.0,0.0
50,contingent,node-015,0.0,0.0,0.0,0.0,0.0,0.0,0.0,0.0,8608.76703849279,574.7793703127393,1.0,-210.66567438628852,0.0,0.0
50,contingent,node-016,0.0,0.0,0.0,0.0,0.0,0.0,0.0,0.0,8608.76703849279,574.7793703127393,1.0,-267.18976050586247,0.0,0.0
50,contingent,node-017,0.0,0.0,20.07625315251798,0.0,0.0,20076.25315251798,0.0,0.0,8608.76703849279,574.7793703127393,1.0,-210.1957214879157,0.0,0.0
50,contingent,node-018,0.0,0.0,0.0,0.0,0.0,0.0,0.0,0.0,8608.76703849279,574.7793703127393,1.0,-164.54799013074378,0.0,0.0
50,contingent,node-019,0.0,0.0,23.341943185963387,0.0,0.0,23341.943185963388,0.0,0.0,8608.76703849279,574.7793703127393,1.0,-458.4033612874521,0.0,0.0
50,contingent,node-020,0.0,0.0,0.0,0.0,0.0,0.0,0.0,0.0,8608.76703849279,574.7793703127393,1.0,-268.08650556603277,0.0,0.0
50,contingent,node-021,4.606642194455183,48.79300523695129,129.0530731463448,4606.642194455183,48793.005236951285,129053.07314634479,0.0,0.0,8608.76703849279,574.7793703127393,1.0,-216.68383042383655,0.0,0.0
50,contingent,node-022,0.0,0.0,4.143008469774095,0.0,0.0,4143.008469774095,0.0,0.0,8608.76703849279,574.7793703127393,1.0,-340.1534954718032,0.0,0.0
50,contingent,node-023,0.5281558420796078,37.99892563928215,54.67207021023719,528.1558420796077,37998.92563928215,54672.07021023719,0.0,0.0,8608.76703849279,574.7793703127393,1.0,-312.0668241392278,0.0,0.0
50,contingent,node-024,0.0,0.0,0.0,0.0,0.0,0.0,0.0,0.0,8608.76703849279,574.7793703127393,1.0,-265.7035852996253,0.0,0.0
50,contingent,node-025,0.0,0.0,0.0,0.0,0.0,0.0,0.0,0.0,8608.76703849279,574.7793703127393,1.0,0.0,0.0,0.0
50,contingent,node-026,0.0,73.92047971342635,173.05811743029773,0.0,73920.47971342635,173058.11743029772,0.0,0.0,8608.76703849279,574.7793703127393,1.0,-255.2857697674624,0.0,0.0
50,contingent,node-027,52.9199595443485,0.0,52.9199595443485,0.11350015942742495,0.0,0.11350015942742495,155.4181650825109,466.25449524753265,8608.76703849279,574.7793703127393,1.0,-488.7544830499703,-46.625449524753236,-155.4181650825109
50,contingent,node-028,0.0,0.0,0.0,0.0,0.0,0.0,0.0,0.0,8608.76703849279,574.7793703127393,1.0,-141.63159160284292,0.0,0.0
50,contingent,node-029,0.0,0.0,0.0,0.0,0.0,0.0,0.0,0.0,8608.76703849279,574.7793703127393,1.0,0.0,0.0,0.0
50,capped,node-000,0.0,0.0,0.0,0.0,0.0,0.0,0.0,0.0,8608.76703849279,574.7793703127393,1.0,0.0,0.0,-4.106602842180102
50,capped,node-001,0.0,0.0,10.225377539068994,0.0,0.0,10225.377539068993,0.0,0.0,8608.76703849279,574.7793703127393,1.0,-76.55252729976664,0.0,0.0
50,capped,node-002,0.0,0.0,0.0,0.0,0.0,0.0,0.0,0.0,8608.76703849279,574.7793703127393,1.0,0.0,0.0,0.0
50,capped,node-003,0.0,0.0,0.0,0.0,0.0,0.0,0.0,0.0,8608.76703849279,574.7793703127393,1.0,0.0,0.0,0.0
50,capped,node-004,0.0,130.32651621803615,213.11354124398238,0.0,130326.51621803615,213113.54124398238,0.0,0.0,8608.76703849279,574.7793703127393,1.0,-72.47514871917609,0.0,0.0
50,capped,node-005,0.0,0.0,0.0,0.0,0.0,0.0,0.0,0.0,8608.76703849279,574.7793703127393,1.0,0.0,0.0,0.0
50,capped,node-006,11.083860679338883,62.3175578307048,103.58036296349425,0.10213198285350898,0.5742237233008711,0.9544389053777629,36.17495835506887,108.52487506520659,8608.76703849279,574.7793703127393,1.0,-127.80313197789452,1.1951772017323208,-36.17495835506887
50,capped,node-007,0.0,0.0,12.715235077177837,0.0,0.0,12715.235077177837,0.0,0.0,8608.76703849279,574.7793703127393,1.0,-86.67585855252301,0.0,0.0
50,capped,node-008,0.0,0.0,0.0,0.0,0.0,0.0,0.0,0.0,8608.76703849279,574.7793703127393,1.0,0.0,0.0,0.0
50,capped,node-009,0.0,0.0,0.0,0.0,0.0,0.0,0.0,0.0,8608.76703849279,574.7793703127393,1.0,0.0,0.0,0.0
50,capped,node-010,0.0,0.0,0.0,0.0,0.0,0.0,0.0,0.0,8608.76703849279,574.7793703127393,1.0,-43.52846722459782,0.0,0.0
50,capped,node-011,0.0,0.0,0.0,0.0,0.0,0.0,0.0,0.0,8608.76703849279,574.7793703127393,1.0,0.0,0.0,0.0
50,capped,node-012,0.0,118.31098546877236,207.04422457035167,0.0,118310.98546877236,207044.22457035168,0.0,0.0,8608.76703849279,574.7793703127393,1.0,-59.15549273438618,0.0,0.0
50,capped,node-013,0.0,0.0,0.0,0.0,0.0,0.0,0.0,0.0,8608.76703849279,574.7793703127393,1.0,-69.58663535746717,0.0,0.0
50,capped,node-014,0.0,69.14793800274622,172.86984500686555,0.0,69147.93800274622,172869.84500686554,0.0,0.0,8608.76703849279,574.7793703127393,1.0,-34.573969001373115,0.0,0.0
50,capped,node-015,0.0,0.0,0.0,0.0,0.0,0.0,0.0,0.0,8608.76703849279,574.7793703127393,1.0,-52.66641859657213,0.0,0.0
50,capped,node-016,0.0,0.0,0.0,0.0,0.0,0.0,0.0,0.0,8608.76703849279,574.7793703127393,1.0,-66.79744012646563,0.0,0.0
50,capped,node-017,0.0,105.09786074395782,169.5582519780113,0.0,105097.86074395782,169558.2519780113,0.0,0.0,8608.76703849279,574.7793703127393,1.0,-52.548930371978926,0.0,0.0
50,capped,node-018,0.0,0.0,0.0,0.0,0.0,0.0,0.0,0.0,8608.76703849279,574.7793703127393,1.0,-41.136997532685946,0.0,0.0
50,capped,node-019,0.0,0.0,23.341943185963387,0.0,0.0,23341.943185963388,0.0,0.0,8608.76703849279,574.7793703127393,1.0,-114.60084032186305,0.0,0.0
50,capped,node-020,0.0,0.0,12.247539705790484,0.0,0.0,12247.539705790483,0.0,0.0,8608.76703849279,574.7793703127393,1.0,-67.02162639150819,0.0,0.0
50,capped,node-021,4.606642194455183,108.34191521191828,173.85600187207334,4606.642194455183,108341.91521191827,173856.00187207334,0.0,0.0,8608.76703849279,574.7793703127393,1.0,-54.17095760595913,0.0,0.0
50,capped,node-022,0.0,0.0,14.60083065396983,0.0,0.0,14600.83065396983,0.0,0.0,8608.76703849279,574.7793703127393,1.0,-85.0383738679508,0.0,0.0
50,capped,node-023,0.5281558420796078,55.777855118254436,80.02161814999027,528.1558420796077,55777.85511825443,80021.61814999027,0.0,0.0,8608.76703849279,574.7793703127393,1.0,-78.01670603480692,0.0,0.0
50,capped,node-024,0.0,0.0,28.25117447196443,0.0,0.0,28251.17447196443,0.0,0.0,8608.76703849279,574.7793703127393,1.0,-66.42589632490632,0.0,0.0
50,capped,node-025,0.0,0.0,0.0,0.0,0.0,0.0,0.0,0.0,8608.76703849279,574.7793703127393,1.0,0.0,0.0,0.0
50,capped,node-026,0.0,127.6428848837312,208.64348261821164,0.0,127642.8848837312,208643.48261821162,0.0,0.0,8608.76703849279,574.7793703127393,1.0,-63.8214424418656,0.0,0.0
50,capped,node-027,52.9199595443485,0.0,52.9199595443485,0.11350015942742495,0.0,0.11350015942742495,155.4181650825109,466.25449524753265,8608.76703849279,574.7793703127393,1.0,-238.75224457437577,-46.625449524753236,-155.4181650825109
50,capped,node-028,0.0,0.0,0.0,0.0,0.0,0.0,0.0,0.0,8608.76703849279,574.7793703127393,1.0,-35.40789790071072,0.0,0.0
50,capped,node-029,0.0,0.0,0.0,0.0,0.0,0.0,0.0,0.0,8608.76703849279,574.7793703127393,1.0,0.0,0.0,0.0
50,proper_scoring,node-000,0.0,0.0,0.0,0.0,0.0,0.0,0.0,0.0,8608.76703849279,1513.9922317704338,1.0,0.0,0.0,90.54903808115023
50,proper_scoring,node-001,90.54903808115023,0.0,638.2893632413935,90549.03808115023,0.0,638289.3632413935,0.0,0.0,8608.76703849279,1513.9922317704338,1.0,-306.2101091990665,0.0,0.0
50,proper_scoring,node-002,0.0,0.0,0.0,0.0,0.0,0.0,0.0,0.0,8608.76703849279,1513.9922317704338,1.0,0.0,0.0,0.0
50,proper_scoring,node-003,0.0,0.0,0.0,0.0,0.0,0.0,0.0,0.0,8608.76703849279,1513.9922317704338,1.0,0.0,0.0,0.0
50,proper_scoring,node-004,113.98320859492524,551.3674554321865,576.9147152616705,113983.20859492524,551367.4554321865,576914.7152616705,0.0,0.0,8608.76703849279,1513.9922317704338,1.0,-289.90059487670436,0.0,0.0
50,proper_scoring,node-005,0.0,0.0,0.0,0.0,0.0,0.0,0.0,0.0,8608.76703849279,1513.9922317704338,1.0,0.0,0.0,0.0
50,proper_scoring,node-006,128.68517140458584,423.09909619680013,423.09909619680013,0.21528499525434722,0.7078273737575387,0.7078273737575387,525.3934199889735,597.7433366991113,8608.76703849279,1513.9922317704338,1.0,-888.1006928252143,147.96071569190383,-525.3934199889735
50,proper_scoring,node-007,0.0,0.0,542.7480182964579,0.0,0.0,542748.0182964578,0.0,0.0,8608.76703849279,1513.9922317704338,1.0,-346.7034342100921,0.0,0.0
50,proper_scoring,node-008,0.0,0.0,0.0,0.0,0.0,0.0,0.0,0.0,8608.76703849279,1513.9922317704338,1.0,0.0,0.0,0.0
50,proper_scoring,node-009,0.0,0.0,0.0,0.0,0.0,0.0,0.0,0.0,8608.76703849279,1513.9922317704338,1.0,0.0,0.0,0.0
50,proper_scoring,node-010,0.0,0.0,73.89372077008174,0.0,0.0,73893.72077008174,0.0,0.0,8608.76703849279,1513.9922317704338,1.0,-174.11386889839127,0.0,0.0
50,proper_scoring,node-011,0.0,0.0,0.0,0.0,0.0,0.0,0.0,0.0,8608.76703849279,1513.9922317704338,1.0,0.0,0.0,0.0
50,proper_scoring,node-012,43.68231268125763,618.3109854687724,707.0442245703516,43682.31268125763,618310.9854687724,707044.2245703517,0.0,0.0,8608.76703849279,1513.9922317704338,1.0,-236.62197093754472,0.0,0.0
50,proper_scoring,node-013,0.0,0.0,230.41336464253283,0.0,0.0,230413.36464253283,0.0,0.0,8608.76703849279,1513.9922317704338,1.0,-278.34654142986864,0.0,0.0
50,proper_scoring,node-014,0.0,500.1047035483108,594.591615535194,0.0,500104.7035483108,594591.615535194,0.0,0.0,8608.76703849279,1513.9922317704338,1.0,-138.2958760054925,0.0,0.0
50,proper_scoring,node-015,0.0,0.0,47.33358140342787,0.0,0.0,47333.581403427874,0.0,0.0,8608.76703849279,1513.9922317704338,1.0,-152.66641859657213,0.0,0.0
50,proper_scoring,node-016,160.6718345120833,0.0,233.2025598735344,160671.8345120833,0.0,233202.5598735344,0.0,0.0,8608.76703849279,1513.9922317704338,1.0,-267.18976050586247,0.0,0.0
50,proper_scoring,node-017,0.0,285.13707884864436,285.13707884864436,0.0,285137.07884864433,285137.07884864433,0.0,0.0,8608.76703849279,1513.9922317704338,1.0,-210.1957214879157,0.0,0.0
50,proper_scoring,node-018,120.9864271324306,0.0,158.86300246731406,120986.4271324306,0.0,158863.00246731404,0.0,0.0,8608.76703849279,1513.9922317704338,1.0,-164.54799013074378,0.0,0.0
50,proper_scoring,node-019,0.0,0.0,385.399159678137,0.0,0.0,385399.159678137,0.0,0.0,8608.76703849279,1513.9922317704338,1.0,-454.64095443007994,0.0,0.0
50,proper_scoring,node-020,0.0,0.0,375.4366392219759,0.0,0.0,375436.63922197587,0.0,0.0,8608.76703849279,1513.9922317704338,1.0,-268.08650556603277,0.0,0.0
50,proper_scoring,node-021,138.1569645236055,448.7930052369512,449.4198644033645,138156.96452360548,448793.0052369512,449419.8644033645,0.0,0.0,8608.76703849279,1513.9922317704338,1.0,-216.68383042383655,0.0,0.0
50,proper_scoring,node-022,0.0,0.0,190.3205890884812,0.0,0.0,190320.58908848118,0.0,0.0,8608.76703849279,1513.9922317704338,1.0,-328.820043450339,0.0,0.0
50,proper_scoring,node-023,177.6572740506769,337.92359892152604,822.0111450149129,177657.2740506769,337923.59892152605,822011.1450149129,0.0,0.0,8608.76703849279,1513.9922317704338,1.0,-311.3401884861756,0.0,0.0
50,proper_scoring,node-024,0.0,0.0,391.987113781614,0.0,0.0,391987.113781614,0.0,0.0,8608.76703849279,1513.9922317704338,1.0,-265.7035852996253,0.0,0.0
50,proper_scoring,node-025,0.0,0.0,0.0,0.0,0.0,0.0,0.0,0.0,8608.76703849279,1513.9922317704338,1.0,0.0,0.0,0.0
50,proper_scoring,node-026,70.11535955360787,473.92047971342635,573.0581174302977,70115.35955360788,473920.4797134263,573058.1174302977,0.0,0.0,8608.76703849279,1513.9922317704338,1.0,-255.2857697674624,0.0,0.0
50,proper_scoring,node-027,0.0,0.0056001762103505826,0.0056001762103505826,0.0,6.112068718963809e-06,6.112068718963809e-06,605.4125649063004,916.2488950713223,8608.76703849279,1513.9922317704338,1.0,-938.7488828737598,-46.625449524753094,-605.4125649063004
50,proper_scoring,node-028,0.0,0.0,30.36941248966741,0.0,0.0,30369.41248966741,0.0,0.0,8608.76703849279,1513.9922317704338,1.0,-141.63159160284292,0.0,0.0
50,proper_scoring,node-029,0.0,0.0,0.0,0.0,0.0,0.0,0.0,0.0,8608.76703849279,1513.9922317704338,1.0,0.0,0.0,0.0
50,audits,node-000,0.0,0.0,0.0,0.0,0.0,0.0,0.0,0.0,8608.76703849279,1513.9922317704338,1.0,0.0,0.0,90.54903808115023
50,audits,node-001,90.54903808115023,0.0,623.4474727002334,90549.03808115023,0.0,623447.4727002335,0.0,0.0,8608.76703849279,1513.9922317704338,1.0,-2876.5525272997666,0.0,0.0
50,audits,node-002,0.0,0.0,0.0,0.0,0.0,0.0,0.0,0.0,8608.76703849279,1513.9922317704338,1.0,0.0,0.0,0.0
50,audits,node-003,0.0,0.0,0.0,0.0,0.0,0.0,0.0,0.0,8608.76703849279,1513.9922317704338,1.0,0.0,0.0,0.0
50,audits,node-004,98.505198845901,530.326516218036,563.1135412439824,98505.198845901,530326.516218036,563113.5412439824,0.0,0.0,8608.76703849279,1513.9922317704338,1.0,-2172.4751487191756,0.0,0.0
50,audits,node-005,0.0,0.0,0.0,0.0,0.0,0.0,0.0,0.0,8608.76703849279,1513.9922317704338,1.0,0.0,0.0,0.0
50,audits,node-006,128.68517140458584,423.09909619680013,423.09909619680013,0.21528499525434722,0.7078273737575387,0.7078273737575387,525.3934199889735,597.7433366991113,8608.76703849279,1513.9922317704338,1.0,-3617.0215936117993,147.96071569190383,-525.3934199889735
50,audits,node-007,0.0,0.0,472.4467161201768,0.0,0.0,472446.7161201768,0.0,0.0,8608.76703849279,1513.9922317704338,1.0,-2882.9699305435306,0.0,0.0
50,audits,node-008,0.0,0.0,0.0,0.0,0.0,0.0,0.0,0.0,8608.76703849279,1513.9922317704338,1.0,0.0,0.0,0.0
50,audits,node-009,0.0,0.0,0.0,0.0,0.0,0.0,0.0,0.0,8608.76703849279,1513.9922317704338,1.0,0.0,0.0,0.0
50,audits,node-010,0.0,0.0,56.69411968648337,0.0,0.0,56694.11968648337,0.0,0.0,8608.76703849279,1513.9922317704338,1.0,-742.6366265783997,0.0,0.0
50,audits,node-011,0.0,0.0,0.0,0.0,0.0,0.0,0.0,0.0,8608.76703849279,1513.9922317704338,1.0,0.0,0.0,0.0
50,audits,node-012,43.68231268125763,618.3109854687724,707.0442245703516,43682.31268125763,618310.9854687724,707044.2245703517,0.0,0.0,8608.76703849279,1513.9922317704338,1.0,-1559.1554927343861,0.0,0.0
50,audits,node-013,0.0,0.0,230.41336464253283,0.0,0.0,230413.36464253283,0.0,0.0,8608.76703849279,1513.9922317704338,1.0,-1369.5866353574675,0.0,0.0
50,audits,node-014,0.0,473.5585268534797,577.2804338575991,0.0,473558.5268534797,577280.433857599,0.0,0.0,8608.76703849279,1513.9922317704338,1.0,-1484.735636294406,0.0,0.0
50,audits,node-015,0.0,0.0,47.33358140342787,0.0,0.0,47333.581403427874,0.0,0.0,8608.76703849279,1513.9922317704338,1.0,-152.66641859657213,0.0,0.0
50,audits,node-016,160.6718345120833,0.0,233.2025598735344,160671.8345120833,0.0,233202.5598735344,0.0,0.0,8608.76703849279,1513.9922317704338,1.0,-1366.7974401264655,0.0,0.0
50,audits,node-017,0.0,0.0,0.0,0.0,0.0,0.0,0.0,0.0,8608.76703849279,1513.9922317704338,1.0,-1503.1620475876066,0.0,0.0
50,audits,node-018,120.9864271324306,0.0,158.86300246731406,120986.4271324306,0.0,158863.00246731404,0.0,0.0,8608.76703849279,1513.9922317704338,1.0,-741.1369975326859,0.0,0.0
50,audits,node-019,0.0,0.0,385.399159678137,0.0,0.0,385399.159678137,0.0,0.0,8608.76703849279,1513.9922317704338,1.0,-1614.6008403218632,0.0,0.0
50,audits,node-020,0.0,0.0,165.59234489837854,0.0,0.0,165592.34489837853,0.0,0.0,8608.76703849279,1513.9922317704338,1.0,-2777.92410896215,0.0,0.0
50,audits,node-021,102.75252343834477,0.0,329.0530731463448,102752.52343834477,0.0,329053.0731463448,0.0,0.0,8608.76703849279,1513.9922317704338,1.0,-1554.170957605959,0.0,0.0
50,audits,node-022,0.0,0.0,171.31463677658417,0.0,0.0,171314.63677658417,0.0,0.0,8608.76703849279,1513.9922317704338,1.0,-1485.0383738679511,0.0,0.0
50,audits,node-023,177.6572740506769,307.9309070531316,745.4800632749943,177657.2740506769,307930.9070531316,745480.0632749944,0.0,0.0,8608.76703849279,1513.9922317704338,1.0,-3033.449132982141,0.0,0.0
50,audits,node-024,0.0,0.0,384.8863587462005,0.0,0.0,384886.35874620045,0.0,0.0,8608.76703849279,1513.9922317704338,1.0,-1486.8937835679737,0.0,0.0
50,audits,node-025,0.0,0.0,0.0,0.0,0.0,0.0,0.0,0.0,8608.76703849279,1513.9922317704338,1.0,0.0,0.0,0.0
50,audits,node-026,0.0,0.0,558.6434826182116,0.0,0.0,558643.4826182115,0.0,0.0,8608.76703849279,1513.9922317704338,1.0,-1563.8214424418654,0.0,0.0
50,audits,node-027,0.0,0.0056001762103505826,0.0056001762103505826,0.0,6.112068718963809e-06,6.112068718963809e-06,605.4125649063004,916.2488950713223,8608.76703849279,1513.9922317704338,1.0,-2188.7466443981652,-46.625449524753094,-605.4125649063004
50,audits,node-028,0.0,0.0,14.592102099289285,0.0,0.0,14592.102099289285,0.0,0.0,8608.76703849279,1513.9922317704338,1.0,-185.40789790071074,0.0,0.0
50,audits,node-029,0.0,0.0,0.0,0.0,0.0,0.0,0.0,0.0,8608.76703849279,1513.9922317704338,1.0,0.0,0.0,0.0
48,greedy,node-000,0.0,0.0,0.0,0.0,0.0,0.0,0.0,0.0,7867.405204084227,319.8969077282694,0.8,0.0,0.0,0.0
48,greedy,node-001,0.0,0.0,0.0,0.0,0.0,0.0,0.0,0.0,7867.405204084227,319.8969077282694,0.8,0.0,0.0,0.0
48,greedy,node-002,0.0,0.0,0.0,0.0,0.0,0.0,0.0,0.0,7867.405204084227,319.8969077282694,0.8,-10.140605497843566,0.0,0.0
48,greedy,node-003,0.0,0.0,0.0,0.0,0.0,0.0,0.0,0.0,7867.405204084227,319.8969077282694,0.8,0.0,0.0,0.0
48,greedy,node-004,11.518557030789879,0.0,11.518557030789879,11518.557030789878,0.0,11518.557030789878,0.0,0.0,7867.405204084227,319.8969077282694,0.8,-59.63919916090789,0.0,0.0
48,greedy,node-005,0.0,0.0,0.0,0.0,0.0,0.0,0.0,0.0,7867.405204084227,319.8969077282694,0.8,-53.539802567040546,0.0,0.0
48,greedy,node-006,0.0,0.0,0.0,0.0,0.0,0.0,0.0,0.0,7867.405204084227,319.8969077282694,0.8,0.0,0.0,0.0
48,greedy,node-007,0.0,0.0,0.0,0.0,0.0,0.0,0.0,0.0,7867.405204084227,319.8969077282694,0.8,0.0,0.0,0.0
48,greedy,node-008,0.0,0.0,0.0,0.0,0.0,0.0,0.0,0.0,7867.405204084227,319.8969077282694,0.8,0.0,0.0,0.0
48,greedy,node-009,0.0,0.0,0.0,0.0,0.0,0.0,0.0,0.0,7867.405204084227,319.8969077282694,0.8,0.0,0.0,0.0
48,greedy,node-010,0.0,0.0,0.0,0.0,0.0,0.0,0.0,0.0,7867.405204084227,319.8969077282694,0.8,0.0,0.0,0.0
48,greedy,node-011,13.42119729538679,0.0,13.42119729538679,13421.19729538679,0.0,13421.19729538679,0.0,0.0,7867.405204084227,319.8969077282694,0.8,-47.469374412331554,0.0,0.0
48,greedy,node-012,19.692292293686418,0.0,19.692292293686418,19692.292293686416,0.0,19692.292293686416,0.0,0.0,7867.405204084227,319.8969077282694,0.8,-67.55786852398374,27.74240170498762,0.0
48,greedy,node-013,19.854390428324848,0.0,19.854390428324848,19854.39042832485,0.0,19854.39042832485,0.0,0.0,7867.405204084227,319.8969077282694,0.8,-55.385437756528354,17.749255564538394,0.0
48,greedy,node-014,0.0,0.0,0.0,0.0,0.0,0.0,0.0,0.0,7867.405204084227,319.8969077282694,0.8,0.0,0.0,0.0
48,greedy,node-015,0.0,0.0,0.0,0.0,0.0,0.0,0.0,0.0,7867.405204084227,319.8969077282694,0.8,0.0,0.0,0.0
48,greedy,node-016,0.0,0.0,0.0,0.0,0.0,0.0,0.0,0.0,7867.405204084227,319.8969077282694,0.8,0.0,0.0,0.0
48,greedy,node-017,13.767442463947262,0.0,13.767442463947262,13767.442463947262,0.0,13767.442463947262,0.0,0.0,7867.405204084227,319.8969077282694,0.8,-48.18172279549277,0.0,0.0
48,greedy,node-018,0.0,0.0,0.0,0.0,0.0,0.0,0.0,0.0,7867.405204084227,319.8969077282694,0.8,-49.769780425023214,0.0,0.0
48,greedy,node-019,0.0,0.0,0.0,0.0,0.0,0.0,0.0,0.0,7867.405204084227,319.8969077282694,0.8,0.0,0.0,0.0
48,greedy,node-020,0.0,0.0,0.0,0.0,0.0,0.0,63.55932523952277,190.6779757185683,7867.405204084227,319.8969077282694,0.8,-123.68163596431509,-19.06779757185683,-63.55932523952277
48,greedy,node-021,0.0,0.0,0.0,0.0,0.0,0.0,0.0,0.0,7867.405204084227,319.8969077282694,0.8,0.0,0.0,0.0
48,greedy,node-022,0.0,0.0,0.0,0.0,0.0,0.0,0.0,0.0,7867.405204084227,319.8969077282694,0.8,0.0,0.0,0.0
48,greedy,node-023,0.0,0.0,0.0,0.0,0.0,0.0,0.0,0.0,7867.405204084227,319.8969077282694,0.8,0.0,0.0,0.0
48,greedy,node-024,0.0,0.0,0.0,0.0,0.0,0.0,0.0,0.0,7867.405204084227,319.8969077282694,0.8,0.0,0.0,0.0
48,greedy,node-025,0.0,0.0,0.0,0.0,0.0,0.0,0.0,0.0,7867.405204084227,319.8969077282694,0.8,0.0,0.0,0.0
48,greedy,node-026,0.0,0.0,0.0,0.0,0.0,0.0,0.0,0.0,7867.405204084227,319.8969077282694,0.8,0.0,0.0,0.0
48,greedy,node-027,0.0,0.0,0.0,0.0,0.0,0.0,0.0,0.0,7867.405204084227,319.8969077282694,0.8,0.0,0.0,0.0
48,greedy,node-028,0.0,0.0,0.0,0.0,0.0,0.0,43.07297733656702,129.21893200970106,7867.405204084227,319.8969077282694,0.8,-86.37308406765035,-12.9218932009701,-43.07297733656702
48,greedy,node-029,0.0,0.0,0.0,0.0,0.0,0.0,0.0,0.0,7867.405204084227,319.8969077282694,0.8,0.0,0.0,0.0
48,trust_vcg,node-000,0.0,0.0,0.0,0.0,0.0,0.0,0.0,0.0,8127.509279058256,-362.9047651696207,0.85,0.0,0.0,0.0
48,trust_vcg,node-001,0.0,0.0,0.0,0.0,0.0,0.0,0.0,0.0,8127.509279058256,-362.9047651696207,0.85,0.0,0.0,0.0
48,trust_vcg,node-002,0.0,0.0,52.661816143938054,0.0,0.0,52661.81614393806,0.0,0.0,8127.509279058256,-362.9047651696207,0.85,-7814.327400836694,0.0,0.0
48,trust_vcg,node-003,0.0,0.0,132.52333149750166,0.0,0.0,132523.33149750167,0.0,0.0,8127.509279058256,-362.9047651696207,0.85,-2267.476668502499,0.0,0.0
48,trust_vcg,node-004,45.42685761947972,619.2783983218159,619.2783983218159,45426.85761947972,619278.3983218159,619278.3983218159,0.0,0.0,8127.509279058256,-362.9047651696207,0.85,-5559.639199160908,0.0,0.0
48,trust_vcg,node-005,537.2702084618412,0.0,537.2906954452483,537270.2084618412,0.0,537290.6954452483,0.0,0.0,8127.509279058256,-362.9047651696207,0.85,-5574.5813908904975,68.58733922154477,0.0
48,trust_vcg,node-006,0.0,0.0,0.0,0.0,0.0,0.0,0.0,0.0,8127.509279058256,-362.9047651696207,0.85,0.0,0.0,0.0
48,trust_vcg,node-007,0.0,0.0,42.12662972836082,0.0,0.0,42126.629728360815,0.0,0.0,8127.509279058256,-362.9047651696207,0.85,-557.8733702716391,0.0,0.0
48,trust_vcg,node-008,0.0,0.0,0.0,0.0,0.0,0.0,0.0,0.0,8127.509279058256,-362.9047651696207,0.85,0.0,0.0,0.0
48,trust_vcg,node-009,0.0,0.0,0.0,0.0,0.0,0.0,0.0,0.0,8127.509279058256,-362.9047651696207,0.85,0.0,0.0,0.0
48,trust_vcg,node-010,0.0,0.0,0.0,0.0,0.0,0.0,0.0,0.0,8127.509279058256,-362.9047651696207,0.85,0.0,0.0,0.0
48,trust_vcg,node-011,0.0,0.0,54.8860107290336,0.0,0.0,54886.0107290336,0.0,0.0,8127.509279058256,-362.9047651696207,0.85,-5516.007972720701,0.0,0.0
48,trust_vcg,node-012,46.15242415724572,0.0,46.15242415724572,46152.42415724572,0.0,46152.42415724572,0.0,0.0,8127.509279058256,-362.9047651696207,0.85,-8309.14817921055,0.0,0.0
48,trust_vcg,node-013,0.0,0.0,0.0,0.0,0.0,0.0,13.742066469049107,235.28381749516257,8127.509279058256,-362.9047651696207,0.85,-7781.810022909655,-33.23126265391696,-13.742066469049107
48,trust_vcg,node-014,0.0,0.0,0.0,0.0,0.0,0.0,0.0,0.0,8127.509279058256,-362.9047651696207,0.85,0.0,0.0,0.0
48,trust_vcg,node-015,0.0,0.0,0.0,0.0,0.0,0.0,0.0,0.0,8127.509279058256,-362.9047651696207,0.85,0.0,0.0,0.0
48,trust_vcg,node-016,0.0,0.0,310.8153674183501,0.0,0.0,310815.36741835007,0.0,0.0,8127.509279058256,-362.9047651696207,0.85,-3889.18463258165,0.0,0.0
48,trust_vcg,node-017,0.0,205.0697698557891,427.2420907834098,0.0,205069.7698557891,427242.09078340983,0.0,0.0,8127.509279058256,-362.9047651696207,0.85,-5572.757909216591,0.0,0.0
48,trust_vcg,node-018,607.4330683335713,0.0,701.4769436645529,607433.0683335713,0.0,701476.9436645529,0.0,0.0,8127.509279058256,-362.9047651696207,0.85,-8898.523056335447,168.82934303921957,0.0
48,trust_vcg,node-019,0.0,0.0,0.0,0.0,0.0,0.0,0.0,0.0,8127.509279058256,-362.9047651696207,0.85,0.0,0.0,0.0
48,trust_vcg,node-020,541.3530341355126,447.4384854525032,639.4225122397937,541353.0341355127,447438.4854525032,639422.5122397937,-639.4225122397937,-598.1885826647834,8127.509279058256,-362.9047651696207,0.85,-10420.699798484999,-6.18508943625136,639.4225122397937
48,trust_vcg,node-021,0.0,0.0,168.53330322990027,0.0,0.0,168533.30322990025,0.0,0.0,8127.509279058256,-362.9047651696207,0.85,-2231.4666967700996,0.0,0.0
48,trust_vcg,node-022,0.0,0.0,0.0,0.0,0.0,0.0,0.0,0.0,8127.509279058256,-362.9047651696207,0.85,0.0,0.0,0.0
48,trust_vcg,node-023,0.0,0.0,381.9729999989175,0.0,0.0,381972.99999891745,0.0,0.0,8127.509279058256,-362.9047651696207,0.85,-5618.027000001082,0.0,0.0
48,trust_vcg,node-024,0.0,0.0,0.0,0.0,0.0,0.0,0.0,0.0,8127.509279058256,-362.9047651696207,0.85,0.0,0.0,0.0
48,trust_vcg,node-025,0.0,0.0,0.0,0.0,0.0,0.0,0.0,0.0,8127.509279058256,-362.9047651696207,0.85,-10583.825151243986,0.0,0.0
48,trust_vcg,node-026,0.0,0.0,0.0,0.0,0.0,0.0,0.0,0.0,8127.509279058256,-362.9047651696207,0.85,0.0,0.0,0.0
48,trust_vcg,node-027,0.0,0.0,0.0,0.0,0.0,0.0,0.0,0.0,8127.509279058256,-362.9047651696207,0.85,0.0,0.0,0.0
48,trust_vcg,node-028,0.0,254.85288078722175,529.1190641175914,0.0,254852.88078722174,529119.0641175914,0.0,0.0,8127.509279058256,-362.9047651696207,0.85,-5558.238128235182,0.0,0.0
48,trust_vcg,node-029,0.0,0.0,0.0,0.0,0.0,0.0,0.0,0.0,8127.509279058256,-362.9047651696207,0.85,0.0,0.0,0.0
48,contingent,node-000,0.0,0.0,0.0,0.0,0.0,0.0,0.0,0.0,8127.509279058256,354.6916492591667,0.85,0.0,0.0,0.0
48,contingent,node-001,0.0,0.0,0.0,0.0,0.0,0.0,0.0,0.0,8127.509279058256,354.6916492591667,0.85,0.0,0.0,0.0
48,contingent,node-002,0.0,0.0,2.6618161439380614,0.0,0.0,2661.8161439380615,0.0,0.0,8127.509279058256,354.6916492591667,0.85,-457.3096033467749,0.0,0.0
48,contingent,node-003,0.0,0.0,0.0,0.0,0.0,0.0,0.0,0.0,8127.509279058256,354.6916492591667,0.85,-269.90667400999337,0.0,0.0
48,contingent,node-004,0.0,119.27839832181577,119.27839832181577,0.0,119278.39832181577,119278.39832181577,0.0,0.0,8127.509279058256,354.6916492591667,0.85,-238.55679664363154,0.0,0.0
48,contingent,node-005,37.29069544524827,0.0,37.29069544524827,37290.69544524827,0.0,37290.69544524827,0.0,0.0,8127.509279058256,354.6916492591667,0.85,-298.32556356198603,18.589387919885482,0.0
48,contingent,node-006,0.0,0.0,0.0,0.0,0.0,0.0,0.0,0.0,8127.509279058256,354.6916492591667,0.85,0.0,0.0,0.0
48,contingent,node-007,0.0,0.0,0.0,0.0,0.0,0.0,0.0,0.0,8127.509279058256,354.6916492591667,0.85,-31.493481086556734,0.0,0.0
48,contingent,node-008,0.0,0.0,0.0,0.0,0.0,0.0,0.0,0.0,8127.509279058256,354.6916492591667,0.85,0.0,0.0,0.0
48,contingent,node-009,0.0,0.0,0.0,0.0,0.0,0.0,0.0,0.0,8127.509279058256,354.6916492591667,0.85,0.0,0.0,0.0
48,contingent,node-010,0.0,0.0,0.0,0.0,0.0,0.0,0.0,0.0,8127.509279058256,354.6916492591667,0.85,0.0,0.0,0.0
48,contingent,node-011,0.0,0.0,4.967563813847477,0.0,0.0,4967.563813847477,0.0,0.0,8127.509279058256,354.6916492591667,0.85,-289.2297733575377,0.0,0.0
48,contingent,node-012,0.0,61.07771115674943,61.07771115674943,0.0,61077.71115674943,61077.71115674943,0.0,0.0,8127.509279058256,354.6916492591667,0.85,-236.5927168422031,0.0,0.0
48,contingent,node-013,0.0,0.0,35.79055570830889,0.0,0.0,0.11752875152909256,82.98420745349691,304.5259584796104,8127.509279058256,354.6916492591667,0.85,-355.25603321591916,-30.452595847961035,-82.98420745349691
48,contingent,node-014,0.0,0.0,0.0,0.0,0.0,0.0,0.0,0.0,8127.509279058256,354.6916492591667,0.85,0.0,0.0,0.0
48,contingent,node-015,0.0,0.0,0.0,0.0,0.0,0.0,0.0,0.0,8127.509279058256,354.6916492591667,0.85,0.0,0.0,0.0
48,contingent,node-016,0.0,0.0,0.0,0.0,0.0,0.0,0.0,0.0,8127.509279058256,354.6916492591667,0.85,-156.7385303265997,0.0,0.0
48,contingent,node-017,0.0,55.06976985578908,55.06976985578908,0.0,55069.76985578908,55069.76985578908,0.0,0.0,8127.509279058256,354.6916492591667,0.85,-291.031636866361,0.0,0.0
48,contingent,node-018,19.559616693827344,0.0,40.08491688460937,19559.616693827345,0.0,40084.91688460937,0.0,0.0,8127.509279058256,354.6916492591667,0.85,-394.09222534178787,18.839020522900192,0.0
48,contingent,node-019,0.0,0.0,0.0,0.0,0.0,0.0,0.0,0.0,8127.509279058256,354.6916492591667,0.85,0.0,0.0,0.0
48,contingent,node-020,30.225657910980637,64.83939547103478,69.50690860213038,0.6025165295500785,1.2925047869062405,1.3855467257007468,8.931761204545907,50.16569077955631,8127.509279058256,354.6916492591667,0.85,-249.42100410371512,-5.016569077955631,-8.931761204545907
48,contingent,node-021,0.0,0.0,0.0,0.0,0.0,0.0,0.0,0.0,8127.509279058256,354.6916492591667,0.85,-125.8667870803989,0.0,0.0
48,contingent,node-022,0.0,0.0,0.0,0.0,0.0,0.0,0.0,0.0,8127.509279058256,354.6916492591667,0.85,0.0,0.0,0.0
48,contingent,node-023,0.0,0.0,0.0,0.0,0.0,0.0,0.0,0.0,8127.509279058256,354.6916492591667,0.85,-472.10800000433,0.0,0.0
48,contingent,node-024,0.0,0.0,0.0,0.0,0.0,0.0,0.0,0.0,8127.509279058256,354.6916492591667,0.85,0.0,0.0,0.0
48,contingent,node-025,0.0,0.0,0.0,0.0,0.0,0.0,0.0,0.0,8127.509279058256,354.6916492591667,0.85,-535.3006049759376,0.0,0.0
48,contingent,node-026,0.0,0.0,0.0,0.0,0.0,0.0,0.0,0.0,8127.509279058256,354.6916492591667,0.85,0.0,0.0,0.0
48,contingent,node-027,0.0,0.0,0.0,0.0,0.0,0.0,0.0,0.0,8127.509279058256,354.6916492591667,0.85,0.0,0.0,0.0
48,contingent,node-028,0.0,54.852880787221764,75.37771033899229,0.0,54852.880787221766,75377.71033899228,0.0,0.0,8127.509279058256,354.6916492591667,0.85,-232.95251294073063,0.0,0.0
48,contingent,node-029,0.0,0.0,0.0,0.0,0.0,0.0,0.0,0.0,8127.509279058256,354.6916492591667,0.85,0.0,0.0,0.0
48,capped,node-000,0.0,0.0,0.0,0.0,0.0,0.0,0.0,0.0,8127.509279058256,394.16352090168584,0.85,0.0,0.0,0.0
48,capped,node-001,0.0,0.0,0.0,0.0,0.0,0.0,0.0,0.0,8127.509279058256,394.16352090168584,0.85,0.0,0.0,0.0
48,capped,node-002,0.0,0.0,2.6618161439380614,0.0,0.0,2661.8161439380615,0.0,0.0,8127.509279058256,394.16352090168584,0.85,-114.32740083669374,0.0,0.0
48,capped,node-003,0.0,0.0,0.0,0.0,0.0,0.0,0.0,0.0,8127.509279058256,394.16352090168584,0.85,-67.47666850249834,0.0,0.0
48,capped,node-004,0.0,119.27839832181577,119.27839832181577,0.0,119278.39832181577,119278.39832181577,0.0,0.0,8127.509279058256,394.16352090168584,0.85,-59.63919916090789,0.0,0.0
48,capped,node-005,37.29069544524827,0.0,37.29069544524827,37290.69544524827,0.0,37290.69544524827,0.0,0.0,8127.509279058256,394.16352090168584,0.85,-74.58139089049651,18.589387919885482,0.0
48,capped,node-006,0.0,0.0,0.0,0.0,0.0,0.0,0.0,0.0,8127.509279058256,394.16352090168584,0.85,0.0,0.0,0.0
48,capped,node-007,0.0,0.0,0.0,0.0,0.0,0.0,0.0,0.0,8127.509279058256,394.16352090168584,0.85,-7.873370271639182,0.0,0.0
48,capped,node-008,0.0,0.0,0.0,0.0,0.0,0.0,0.0,0.0,8127.509279058256,394.16352090168584,0.85,0.0,0.0,0.0
48,capped,node-009,0.0,0.0,0.0,0.0,0.0,0.0,0.0,0.0,8127.509279058256,394.16352090168584,0.85,0.0,0.0,0.0
48,capped,node-010,0.0,0.0,0.0,0.0,0.0,0.0,0.0,0.0,8127.509279058256,394.16352090168584,0.85,0.0,0.0,0.0
48,capped,node-011,0.0,0.0,4.967563813847477,0.0,0.0,4967.563813847477,0.0,0.0,8127.509279058256,394.16352090168584,0.85,-72.30744333938442,0.0,0.0
48,capped,node-012,0.0,100.59694108916041,108.6668967296117,0.0,100596.9410891604,108666.89672961169,0.0,0.0,8127.509279058256,394.16352090168584,0.85,-59.14817921055077,0.0,0.0
48,capped,node-013,0.0,0.0,42.737222723198826,0.0,0.0,0.1286054736116424,110.77087551305671,332.3126265391702,8127.509279058256,394.16352090168584,0.85,-178.8388319536623,-33.231262653917014,-110.77087551305671
48,capped,node-014,0.0,0.0,0.0,0.0,0.0,0.0,0.0,0.0,8127.509279058256,394.16352090168584,0.85,0.0,0.0,0.0
48,capped,node-015,0.0,0.0,0.0,0.0,0.0,0.0,0.0,0.0,8127.509279058256,394.16352090168584,0.85,0.0,0.0,0.0
48,capped,node-016,0.0,0.0,0.0,0.0,0.0,0.0,0.0,0.0,8127.509279058256,394.16352090168584,0.85,-39.18463258164993,0.0,0.0
48,capped,node-017,0.0,55.06976985578908,55.06976985578908,0.0,55069.76985578908,55069.76985578908,0.0,0.0,8127.509279058256,394.16352090168584,0.85,-72.75790921659024,0.0,0.0
48,capped,node-018,19.559616693827344,0.0,40.08491688460937,19559.616693827345,0.0,40084.91688460937,0.0,0.0,8127.509279058256,394.16352090168584,0.85,-98.52305633544697,18.839020522900192,0.0
48,capped,node-019,0.0,0.0,0.0,0.0,0.0,0.0,0.0,0.0,8127.509279058256,394.16352090168584,0.85,0.0,0.0,0.0
48,capped,node-020,30.91489502462039,99.62765666207943,107.7028046889277,0.49982939362888495,1.6107714801688986,1.7413297867233495,20.6169647875052,61.8508943625156,8127.509279058256,394.16352090168584,0.85,-80.73927551229751,-6.185089436251559,-20.6169647875052
48,capped,node-021,0.0,0.0,0.0,0.0,0.0,0.0,0.0,0.0,8127.509279058256,394.16352090168584,0.85,-31.466696770099723,0.0,0.0
48,capped,node-022,0.0,0.0,0.0,0.0,0.0,0.0,0.0,0.0,8127.509279058256,394.16352090168584,0.85,0.0,0.0,0.0
48,capped,node-023,0.0,0.0,0.0,0.0,0.0,0.0,0.0,0.0,8127.509279058256,394.16352090168584,0.85,-118.0270000010825,0.0,0.0
48,capped,node-024,0.0,0.0,0.0,0.0,0.0,0.0,0.0,0.0,8127.509279058256,394.16352090168584,0.85,0.0,0.0,0.0
48,capped,node-025,0.0,0.0,7.930119879419465,0.0,0.0,7930.119879419464,0.0,0.0,8127.509279058256,394.16352090168584,0.85,-133.8251512439844,0.0,0.0
48,capped,node-026,0.0,0.0,0.0,0.0,0.0,0.0,0.0,0.0,8127.509279058256,394.16352090168584,0.85,0.0,0.0,0.0
48,capped,node-027,0.0,0.0,0.0,0.0,0.0,0.0,0.0,0.0,8127.509279058256,394.16352090168584,0.85,0.0,0.0,0.0
48,capped,node-028,0.0,54.852880787221764,75.37771033899229,0.0,54852.880787221766,75377.71033899228,0.0,0.0,8127.509279058256,394.16352090168584,0.85,-58.23812823518266,0.0,0.0
48,capped,node-029,0.0,0.0,0.0,0.0,0.0,0.0,0.0,0.0,8127.509279058256,394.16352090168584,0.85,0.0,0.0,0.0
48,proper_scoring,node-000,0.0,0.0,0.0,0.0,0.0,0.0,0.0,0.0,8127.509279058256,1174.4355621036798,0.85,0.0,0.0,0.0
48,proper_scoring,node-001,0.0,0.0,0.0,0.0,0.0,0.0,0.0,0.0,8127.509279058256,1174.4355621036798,0.85,0.0,0.0,0.0
48,proper_scoring,node-002,0.0,0.0,454.39968415107796,0.0,0.0,454399.68415107793,0.0,0.0,8127.509279058256,1174.4355621036798,0.85,-446.47898123125844,0.0,0.0
48,proper_scoring,node-003,0.0,0.0,132.52333149750166,0.0,0.0,132523.33149750167,0.0,0.0,8127.509279058256,1174.4355621036798,0.85,-254.66010686268066,0.0,0.0
48,proper_scoring,node-004,45.42685761947972,619.2783983218159,619.2783983218159,45426.85761947972,619278.3983218159,619278.3983218159,0.0,0.0,8127.509279058256,1174.4355621036798,0.85,-238.55679664363154,0.0,0.0
48,proper_scoring,node-005,537.2702084618412,0.0,537.2906954452483,537270.2084618412,0.0,537290.6954452483,0.0,0.0,8127.509279058256,1174.4355621036798,0.85,-298.32556356198603,68.58733922154477,0.0
48,proper_scoring,node-006,0.0,0.0,0.0,0.0,0.0,0.0,0.0,0.0,8127.509279058256,1174.4355621036798,0.85,0.0,0.0,0.0
48,proper_scoring,node-007,0.0,0.0,42.12662972836082,0.0,0.0,42126.629728360815,0.0,0.0,8127.509279058256,1174.4355621036798,0.85,-31.493481086556734,0.0,0.0
48,proper_scoring,node-008,0.0,0.0,0.0,0.0,0.0,0.0,0.0,0.0,8127.509279058256,1174.4355621036798,0.85,0.0,0.0,0.0
48,proper_scoring,node-009,0.0,0.0,0.0,0.0,0.0,0.0,0.0,0.0,8127.509279058256,1174.4355621036798,0.85,0.0,0.0,0.0
48,proper_scoring,node-010,0.0,0.0,0.0,0.0,0.0,0.0,0.0,0.0,8127.509279058256,1174.4355621036798,0.85,0.0,0.0,0.0
48,proper_scoring,node-011,0.0,0.0,289.80000300070606,0.0,0.0,289800.003000706,0.0,0.0,8127.509279058256,1174.4355621036798,0.85,-289.2297733575377,0.0,0.0
48,proper_scoring,node-012,46.15242415724572,461.07771115674944,522.8184426415667,46152.42415724572,461077.71115674946,522818.4426415666,0.0,0.0,8127.509279058256,1174.4355621036798,0.85,-236.5927168422031,0.0,0.0
48,proper_scoring,node-013,0.0,0.23508942779756126,0.23508942779756126,0.0,0.00031166945994332685,0.00031166945994332685,532.7491180256994,754.290869051813,8127.509279058256,1174.4355621036798,0.85,-805.0209437881217,-30.452595847960993,-532.7491180256994
48,proper_scoring,node-014,0.0,0.0,0.0,0.0,0.0,0.0,0.0,0.0,8127.509279058256,1174.4355621036798,0.85,0.0,0.0,0.0
48,proper_scoring,node-015,0.0,0.0,0.0,0.0,0.0,0.0,0.0,0.0,8127.509279058256,1174.4355621036798,0.85,0.0,0.0,0.0
48,proper_scoring,node-016,0.0,0.0,310.8153674183501,0.0,0.0,310815.36741835007,0.0,0.0,8127.509279058256,1174.4355621036798,0.85,-156.7385303265997,0.0,0.0
48,proper_scoring,node-017,0.0,205.0697698557891,427.2420907834098,0.0,205069.7698557891,427242.09078340983,0.0,0.0,8127.509279058256,1174.4355621036798,0.85,-291.031636866361,0.0,0.0
48,proper_scoring,node-018,607.4330683335713,0.0,701.4769436645529,607433.0683335713,0.0,701476.9436645529,0.0,0.0,8127.509279058256,1174.4355621036798,0.85,-393.26139500113027,168.82934303921957,0.0
48,proper_scoring,node-019,0.0,0.0,0.0,0.0,0.0,0.0,0.0,0.0,8127.509279058256,1174.4355621036798,0.85,0.0,0.0,0.0
48,proper_scoring,node-020,28.748167546218042,494.86039319872435,494.86039319872435,0.06842444524860172,1.1778332593091538,1.1778332593091538,378.9107634768564,420.14469305186685,8127.509279058256,1174.4355621036798,0.85,-619.4000063760257,-5.016569077955637,-378.9107634768564
48,proper_scoring,node-021,0.0,0.0,168.53330322990027,0.0,0.0,168533.30322990025,0.0,0.0,8127.509279058256,1174.4355621036798,0.85,-125.8667870803989,0.0,0.0
48,proper_scoring,node-022,0.0,0.0,0.0,0.0,0.0,0.0,0.0,0.0,8127.509279058256,1174.4355621036798,0.85,0.0,0.0,0.0
48,proper_scoring,node-023,0.0,0.0,381.9729999989175,0.0,0.0,381972.99999891745,0.0,0.0,8127.509279058256,1174.4355621036798,0.85,-457.44191067031824,0.0,0.0
48,proper_scoring,node-024,0.0,0.0,0.0,0.0,0.0,0.0,0.0,0.0,8127.509279058256,1174.4355621036798,0.85,0.0,0.0,0.0
48,proper_scoring,node-025,346.4106088124626,0.0,676.4063947815226,346410.6088124626,0.0,676406.3947815226,0.0,0.0,8127.509279058256,1174.4355621036798,0.85,-508.54394770133007,0.0,0.0
48,proper_scoring,node-026,0.0,0.0,0.0,0.0,0.0,0.0,0.0,0.0,8127.509279058256,1174.4355621036798,0.85,0.0,0.0,0.0
48,proper_scoring,node-027,0.0,0.0,0.0,0.0,0.0,0.0,0.0,0.0,8127.509279058256,1174.4355621036798,0.85,0.0,0.0,0.0
48,proper_scoring,node-028,0.0,254.85288078722175,529.1190641175914,0.0,254852.88078722174,529119.0641175914,0.0,0.0,8127.509279058256,1174.4355621036798,0.85,-232.95251294073063,0.0,0.0
48,proper_scoring,node-029,0.0,0.0,0.0,0.0,0.0,0.0,0.0,0.0,8127.509279058256,1174.4355621036798,0.85,0.0,0.0,0.0
48,audits,node-000,0.0,0.0,0.0,0.0,0.0,0.0,0.0,0.0,8127.509279058256,1137.0952348303792,0.85,0.0,0.0,0.0
48,audits,node-001,0.0,0.0,0.0,0.0,0.0,0.0,0.0,0.0,8127.509279058256,1137.0952348303792,0.85,0.0,0.0,0.0
48,audits,node-002,0.0,0.0,385.67259916330624,0.0,0.0,385672.59916330624,0.0,0.0,8127.509279058256,1137.0952348303792,0.85,-1814.3274008366939,0.0,0.0
48,audits,node-003,0.0,0.0,132.52333149750166,0.0,0.0,132523.33149750167,0.0,0.0,8127.509279058256,1137.0952348303792,0.85,-767.4766685024983,0.0,0.0
48,audits,node-004,45.42685761947972,619.2783983218159,619.2783983218159,45426.85761947972,619278.3983218159,619278.3983218159,0.0,0.0,8127.509279058256,1137.0952348303792,0.85,-1559.639199160908,0.0,0.0
48,audits,node-005,537.2702084618412,0.0,537.2906954452483,537270.2084618412,0.0,537290.6954452483,0.0,0.0,8127.509279058256,1137.0952348303792,0.85,-1574.5813908904963,68.58733922154477,0.0
48,audits,node-006,0.0,0.0,0.0,0.0,0.0,0.0,0.0,0.0,8127.509279058256,1137.0952348303792,0.85,0.0,0.0,0.0
48,audits,node-007,0.0,0.0,42.12662972836082,0.0,0.0,42126.629728360815,0.0,0.0,8127.509279058256,1137.0952348303792,0.85,-557.8733702716391,0.0,0.0
48,audits,node-008,0.0,0.0,0.0,0.0,0.0,0.0,0.0,0.0,8127.509279058256,1137.0952348303792,0.85,0.0,0.0,0.0
48,audits,node-009,0.0,0.0,0.0,0.0,0.0,0.0,0.0,0.0,8127.509279058256,1137.0952348303792,0.85,0.0,0.0,0.0
48,audits,node-010,0.0,0.0,0.0,0.0,0.0,0.0,0.0,0.0,8127.509279058256,1137.0952348303792,0.85,0.0,0.0,0.0
48,audits,node-011,0.0,0.0,238.30002610584108,0.0,0.0,238300.02610584107,0.0,0.0,8127.509279058256,1137.0952348303792,0.85,-1516.007972720702,0.0,0.0
48,audits,node-012,46.15242415724572,400.59694108916045,442.5780576077722,46152.42415724572,400596.94108916045,442578.05760777224,0.0,0.0,8127.509279058256,1137.0952348303792,0.85,-1809.1481792105503,0.0,0.0
48,audits,node-013,0.0,0.0,0.0,0.0,0.0,0.0,513.7420664690491,735.2838174951627,8127.509279058256,1137.0952348303792,0.85,-2281.8100229096544,-33.231262653916986,-513.7420664690491
48,audits,node-014,0.0,0.0,0.0,0.0,0.0,0.0,0.0,0.0,8127.509279058256,1137.0952348303792,0.85,0.0,0.0,0.0
48,audits,node-015,0.0,0.0,0.0,0.0,0.0,0.0,0.0,0.0,8127.509279058256,1137.0952348303792,0.85,0.0,0.0,0.0
48,audits,node-016,0.0,0.0,310.8153674183501,0.0,0.0,310815.36741835007,0.0,0.0,8127.509279058256,1137.0952348303792,0.85,-889.18463258165,0.0,0.0
48,audits,node-017,0.0,205.0697698557891,427.2420907834098,0.0,205069.7698557891,427242.09078340983,0.0,0.0,8127.509279058256,1137.0952348303792,0.85,-1572.7579092165906,0.0,0.0
48,audits,node-018,607.4330683335713,0.0,701.4769436645529,607433.0683335713,0.0,701476.9436645529,0.0,0.0,8127.509279058256,1137.0952348303792,0.85,-1898.523056335447,168.82934303921957,0.0
48,audits,node-019,0.0,0.0,0.0,0.0,0.0,0.0,0.0,0.0,8127.509279058256,1137.0952348303792,0.85,0.0,0.0,0.0
48,audits,node-020,41.35303413551276,359.6671336893784,359.6671336893784,0.10291652340235376,0.8951142704571811,0.8951142704571811,360.5774877602063,401.8114173352167,8127.509279058256,1137.0952348303792,0.85,-2420.6997984849986,-6.185089436251644,-360.5774877602063
48,audits,node-021,0.0,0.0,168.53330322990027,0.0,0.0,168533.30322990025,0.0,0.0,8127.509279058256,1137.0952348303792,0.85,-731.4666967700998,0.0,0.0
48,audits,node-022,0.0,0.0,0.0,0.0,0.0,0.0,0.0,0.0,8127.509279058256,1137.0952348303792,0.85,0.0,0.0,0.0
48,audits,node-023,0.0,0.0,381.9729999989175,0.0,0.0,381972.99999891745,0.0,0.0,8127.509279058256,1137.0952348303792,0.85,-1618.0270000010826,0.0,0.0
48,audits,node-024,0.0,0.0,0.0,0.0,0.0,0.0,0.0,0.0,8127.509279058256,1137.0952348303792,0.85,0.0,0.0,0.0
48,audits,node-025,323.5495276779322,0.0,616.1748487560156,323549.5276779322,0.0,616174.8487560156,0.0,0.0,8127.509279058256,1137.0952348303792,0.85,-2083.8251512439847,0.0,0.0
48,audits,node-026,0.0,0.0,0.0,0.0,0.0,0.0,0.0,0.0,8127.509279058256,1137.0952348303792,0.85,0.0,0.0,0.0
48,audits,node-027,0.0,0.0,0.0,0.0,0.0,0.0,0.0,0.0,8127.509279058256,1137.0952348303792,0.85,0.0,0.0,0.0
48,audits,node-028,0.0,254.85288078722175,529.1190641175914,0.0,254852.88078722174,529119.0641175914,0.0,0.0,8127.509279058256,1137.0952348303792,0.85,-1558.2381282351826,0.0,0.0
48,audits,node-029,0.0,0.0,0.0,0.0,0.0,0.0,0.0,0.0,8127.509279058256,1137.0952348303792,0.85,0.0,0.0,0.0
47,greedy,node-000,0.0,0.0,0.0,0.0,0.0,0.0,0.0,0.0,8822.931847105117,297.3537179189464,1.0,0.0,0.0,0.0
47,greedy,node-001,0.0,0.0,0.0,0.0,0.0,0.0,0.0,0.0,8822.931847105117,297.3537179189464,1.0,0.0,0.0,0.0
47,greedy,node-002,0.0,0.0,0.0,0.0,0.0,0.0,34.728928744863815,104.18678623459147,8822.931847105117,297.3537179189464,1.0,-88.2608697623533,0.22701150906480194,-34.728928744863815
47,greedy,node-003,11.556093256888069,0.0,11.556093256888069,11556.093256888069,0.0,11556.093256888069,0.0,0.0,8822.931847105117,297.3537179189464,1.0,-69.214898270368,0.0,0.0
47,greedy,node-004,0.0,0.0,0.0,0.0,0.0,0.0,0.0,0.0,8822.931847105117,297.3537179189464,1.0,0.0,0.0,0.0
47,greedy,node-005,1.888973896556692,0.0,1.888973896556692,1888.973896556692,0.0,1888.973896556692,0.0,0.0,8822.931847105117,297.3537179189464,1.0,-72.7548314416762,0.0,0.0
47,greedy,node-006,0.0,0.0,0.0,0.0,0.0,0.0,0.0,0.0,8822.931847105117,297.3537179189464,1.0,0.0,0.0,0.0
47,greedy,node-007,0.0,0.0,0.0,0.0,0.0,0.0,0.0,0.0,8822.931847105117,297.3537179189464,1.0,0.0,0.0,0.0
47,greedy,node-008,0.0,0.0,0.0,0.0,0.0,0.0,0.0,0.0,8822.931847105117,297.3537179189464,1.0,0.0,0.0,0.0
47,greedy,node-009,0.0,0.0,0.0,0.0,0.0,0.0,0.0,0.0,8822.931847105117,297.3537179189464,1.0,0.0,0.0,0.0
47,greedy,node-010,10.611797939397626,0.0,10.611797939397626,10611.797939397626,0.0,10611.797939397626,0.0,0.0,8822.931847105117,297.3537179189464,1.0,-74.54589580086525,0.0,0.0
47,greedy,node-011,0.0,0.0,0.0,0.0,0.0,0.0,11.423676561026207,34.27102968307862,8822.931847105117,297.3537179189464,1.0,-27.830595582878303,6.057465996726679,-11.423676561026207
47,greedy,node-012,0.0,0.0,0.0,0.0,0.0,0.0,0.0,0.0,8822.931847105117,297.3537179189464,1.0,-56.28229761933464,0.0,0.0
47,greedy,node-013,0.0,0.0,0.0,0.0,0.0,0.0,0.0,0.0,8822.931847105117,297.3537179189464,1.0,0.0,0.0,0.0
47,greedy,node-014,0.0,0.0,0.0,0.0,0.0,0.0,0.0,0.0,8822.931847105117,297.3537179189464,1.0,0.0,0.0,0.0
47,greedy,node-015,0.0,0.0,0.0,0.0,0.0,0.0,0.0,0.0,8822.931847105117,297.3537179189464,1.0,-64.63219931441431,0.0,0.0
47,greedy,node-016,7.7904307386895795,0.0,7.7904307386895795,0.049028518926982755,0.0,0.049028518926982755,52.965300667092144,158.89590200127645,8822.931847105117,297.3537179189464,1.0,-112.68466310275394,-8.014282951211278,-52.965300667092144
47,greedy,node-017,0.0,0.0,0.0,0.0,0.0,0.0,0.0,0.0,8822.931847105117,297.3537179189464,1.0,0.0,0.0,0.0
47,greedy,node-018,0.0,0.0,0.0,0.0,0.0,0.0,0.0,0.0,8822.931847105117,297.3537179189464,1.0,0.0,0.0,0.0
47,greedy,node-019,0.0,0.0,0.0,0.0,0.0,0.0,0.0,0.0,8822.931847105117,297.3537179189464,1.0,0.0,0.0,0.0
47,greedy,node-020,0.0,0.0,0.0,0.0,0.0,0.0,0.0,0.0,8822.931847105117,297.3537179189464,1.0,0.0,0.0,0.0
47,greedy,node-021,0.0,0.0,0.0,0.0,0.0,0.0,0.0,0.0,8822.931847105117,297.3537179189464,1.0,0.0,0.0,0.0
47,greedy,node-022,0.0,0.0,0.0,0.0,0.0,0.0,0.0,0.0,8822.931847105117,297.3537179189464,1.0,0.0,0.0,0.0
47,greedy,node-023,0.0,0.0,0.0,0.0,0.0,0.0,0.0,0.0,8822.931847105117,297.3537179189464,1.0,-22.434919514958544,0.0,0.0
47,greedy,node-024,0.0,0.0,0.0,0.0,0.0,0.0,0.0,0.0,8822.931847105117,297.3537179189464,1.0,0.0,0.0,0.0
47,greedy,node-025,0.0,0.0,0.0,0.0,0.0,0.0,0.0,0.0,8822.931847105117,297.3537179189464,1.0,0.0,0.0,0.0
47,greedy,node-026,0.0,0.0,0.0,0.0,0.0,0.0,0.0,0.0,8822.931847105117,297.3537179189464,1.0,0.0,0.0,0.0
47,greedy,node-027,0.0,0.0,0.0,0.0,0.0,0.0,0.0,0.0,8822.931847105117,297.3537179189464,1.0,0.0,0.0,0.0
47,greedy,node-028,0.0,0.0,0.0,0.0,0.0,0.0,0.0,0.0,8822.931847105117,297.3537179189464,1.0,-44.690558998624184,0.0,0.0
47,greedy,node-029,0.0,0.0,0.0,0.0,0.0,0.0,0.0,0.0,8822.931847105117,297.3537179189464,1.0,0.0,0.0,0.0
47,trust_vcg,node-000,0.0,0.0,0.0,0.0,0.0,0.0,0.0,0.0,8219.672632833117,661.4018371811526,0.9473684210526315,-3369.550740832874,0.0,0.0
47,trust_vcg,node-001,0.0,0.0,0.0,0.0,0.0,0.0,0.0,0.0,8219.672632833117,661.4018371811526,0.9473684210526315,0.0,0.0,0.0
47,trust_vcg,node-002,372.49233447690716,251.93346568847085,384.4819427267068,2.9031041777351576,1.9635010684947116,2.996547931009385,10.874410297114757,128.3082905993078,8219.672632833117,661.4018371811526,0.9473684210526315,-11074.998463075584,207.5809083999661,-10.874410297114757
47,trust_vcg,node-003,265.38903687063396,175.26847620462024,334.4413201467768,0.9994630875517907,0.6600663480434479,1.2595160613274805,188.41217532731469,265.53160409426516,8219.672632833117,661.4018371811526,0.9473684210526315,-5734.119166275497,44.908708193540406,-188.41217532731469
47,trust_vcg,node-004,0.0,0.0,0.0,0.0,0.0,0.0,0.0,0.0,8219.672632833117,661.4018371811526,0.9473684210526315,0.0,0.0,0.0
47,trust_vcg,node-005,373.6902841095891,252.80698895264106,874.3321927740238,373690.28410958906,252806.98895264106,874332.1927740239,0.0,0.0,8219.672632833117,661.4018371811526,0.9473684210526315,-10525.667807225975,0.0,0.0
47,trust_vcg,node-006,0.0,0.0,0.0,0.0,0.0,0.0,0.0,0.0,8219.672632833117,661.4018371811526,0.9473684210526315,0.0,0.0,0.0
47,trust_vcg,node-007,0.0,0.0,0.0,0.0,0.0,0.0,0.0,0.0,8219.672632833117,661.4018371811526,0.9473684210526315,0.0,0.0,0.0
47,trust_vcg,node-008,0.0,0.0,0.0,0.0,0.0,0.0,0.0,0.0,8219.672632833117,661.4018371811526,0.9473684210526315,0.0,0.0,0.0
47,trust_vcg,node-009,0.0,0.0,0.0,0.0,0.0,0.0,0.0,0.0,8219.672632833117,661.4018371811526,0.9473684210526315,-2253.708815010029,0.0,0.0
47,trust_vcg,node-010,472.5166142984412,593.7206108049896,986.0843325332642,472516.6142984412,593720.6108049896,986084.3325332642,0.0,0.0,8219.672632833117,661.4018371811526,0.9473684210526315,-11074.545895800866,265.910789335288,0.0
47,trust_vcg,node-011,189.46207243964352,294.5289908797414,294.5289908797414,0.7081054602839805,1.100788057305323,1.100788057305323,236.71546697453766,267.5619424875797,8219.672632833117,661.4018371811526,0.9473684210526315,-5675.460959313108,88.80992127658664,-236.71546697453766
47,trust_vcg,node-012,0.0,0.0,110.99924162845524,0.0,0.0,110999.24162845523,0.0,0.0,8219.672632833117,661.4018371811526,0.9473684210526315,-5464.478344843168,0.0,0.0
47,trust_vcg,node-013,0.0,0.0,0.0,0.0,0.0,0.0,0.0,0.0,8219.672632833117,661.4018371811526,0.9473684210526315,0.0,0.0,0.0
47,trust_vcg,node-014,0.0,0.0,0.0,0.0,0.0,0.0,0.0,0.0,8219.672632833117,661.4018371811526,0.9473684210526315,0.0,0.0,0.0
47,trust_vcg,node-015,0.0,0.0,227.50078814225424,0.0,0.0,227500.78814225423,0.0,0.0,8219.672632833117,661.4018371811526,0.9473684210526315,-5551.668632308717,0.0,0.0
47,trust_vcg,node-016,46.9184975937281,514.2157395941156,517.4152266049298,46918.4975937281,514215.7395941156,517415.2266049298,0.0,0.0,8219.672632833117,661.4018371811526,0.9473684210526315,-5534.830453209859,0.0,0.0
47,trust_vcg,node-017,0.0,0.0,0.0,0.0,0.0,0.0,0.0,0.0,8219.672632833117,661.4018371811526,0.9473684210526315,0.0,0.0,0.0
47,trust_vcg,node-018,0.0,0.0,0.0,0.0,0.0,0.0,0.0,0.0,8219.672632833117,661.4018371811526,0.9473684210526315,0.0,0.0,0.0
47,trust_vcg,node-019,0.0,0.0,0.0,0.0,0.0,0.0,0.0,0.0,8219.672632833117,661.4018371811526,0.9473684210526315,0.0,0.0,0.0
47,trust_vcg,node-020,0.0,0.0,0.0,0.0,0.0,0.0,0.0,0.0,8219.672632833117,661.4018371811526,0.9473684210526315,0.0,0.0,0.0
47,trust_vcg,node-021,0.0,0.0,0.0,0.0,0.0,0.0,0.0,0.0,8219.672632833117,661.4018371811526,0.9473684210526315,0.0,0.0,0.0
47,trust_vcg,node-022,0.0,0.0,0.0,0.0,0.0,0.0,0.0,0.0,8219.672632833117,661.4018371811526,0.9473684210526315,0.0,0.0,0.0
47,trust_vcg,node-023,0.0,0.0,0.0,0.0,0.0,0.0,0.0,0.0,8219.672632833117,661.4018371811526,0.9473684210526315,-5529.5972546411,0.0,0.0
47,trust_vcg,node-024,0.0,0.0,0.0,0.0,0.0,0.0,0.0,0.0,8219.672632833117,661.4018371811526,0.9473684210526315,0.0,0.0,0.0
47,trust_vcg,node-025,0.0,0.0,0.0,0.0,0.0,0.0,0.0,0.0,8219.672632833117,661.4018371811526,0.9473684210526315,0.0,0.0,0.0
47,trust_vcg,node-026,0.0,0.0,0.0,0.0,0.0,0.0,0.0,0.0,8219.672632833117,661.4018371811526,0.9473684210526315,0.0,0.0,0.0
47,trust_vcg,node-027,0.0,0.0,41.35167645155357,0.0,0.0,41351.67645155357,0.0,0.0,8219.672632833117,661.4018371811526,0.9473684210526315,-4923.29839498859,0.0,0.0
47,trust_vcg,node-028,0.0,0.0,288.47575095950094,0.0,0.0,288475.75095950096,0.0,0.0,8219.672632833117,661.4018371811526,0.9473684210526315,-11111.524249040496,0.0,0.0
47,trust_vcg,node-029,0.0,0.0,0.0,0.0,0.0,0.0,0.0,0.0,8219.672632833117,661.4018371811526,0.9473684210526315,0.0,0.0,0.0
47,contingent,node-000,0.0,0.0,0.0,0.0,0.0,0.0,0.0,0.0,8219.672632833117,316.5279072769543,0.9473684210526315,-278.202963331496,0.0,0.0
47,contingent,node-001,0.0,0.0,0.0,0.0,0.0,0.0,0.0,0.0,8219.672632833117,316.5279072769543,0.9473684210526315,0.0,0.0,0.0
47,contingent,node-002,0.0,54.0909358344891,57.254288767502146,0.0,0.34992410378130945,0.37038840936137246,37.14517055477236,154.5790508569655,8219.672632833117,316.5279072769543,0.9473684210526315,-293.6413816686486,9.791140586183566,-37.14517055477236
47,contingent,node-003,0.0,25.120937148459717,45.234291272531024,0.0,0.2171604704557086,0.3910323852737195,38.55971438347525,115.67914315042574,8219.672632833117,316.5279072769543,0.9473684210526315,-221.3876781762067,-5.0421121210727335,-38.55971438347525
47,contingent,node-004,0.0,0.0,0.0,0.0,0.0,0.0,0.0,0.0,8219.672632833117,316.5279072769543,0.9473684210526315,0.0,0.0,0.0
47,contingent,node-005,0.0,52.80698895264109,74.85031002836853,0.0,52806.98895264109,74850.31002836852,0.0,0.0,8219.672632833117,316.5279072769543,0.9473684210526315,-302.6712289039048,0.0,0.0
47,contingent,node-006,0.0,0.0,0.0,0.0,0.0,0.0,0.0,0.0,8219.672632833117,316.5279072769543,0.9473684210526315,0.0,0.0,0.0
47,contingent,node-007,0.0,0.0,0.0,0.0,0.0,0.0,0.0,0.0,8219.672632833117,316.5279072769543,0.9473684210526315,0.0,0.0,0.0
47,contingent,node-008,0.0,0.0,0.0,0.0,0.0,0.0,0.0,0.0,8219.672632833117,316.5279072769543,0.9473684210526315,0.0,0.0,0.0
47,contingent,node-009,0.0,0.0,0.0,0.0,0.0,0.0,0.0,0.0,8219.672632833117,316.5279072769543,0.9473684210526315,-214.83526004011634,0.0,0.0
47,contingent,node-010,9.863540559468086,93.72061080498962,93.72061080498962,9863.540559468087,93720.61080498961,93720.61080498961,0.0,0.0,8219.672632833117,316.5279072769543,0.9473684210526315,-298.1835832034611,17.39641909527362,0.0
47,contingent,node-011,0.0,17.390600287183172,37.58879079033164,0.0,0.37585277837939357,0.8123843467830205,15.423237756521022,46.26971326956306,8219.672632833117,316.5279072769543,0.9473684210526315,-81.05091384392941,0.29302958937999435,-15.423237756521022
47,contingent,node-012,0.0,5.753212572666621,11.199111569543295,0.0,5753.212572666621,11199.111569543295,0.0,0.0,8219.672632833117,316.5279072769543,0.9473684210526315,-106.8159235089418,0.0,0.0
47,contingent,node-013,0.0,0.0,0.0,0.0,0.0,0.0,0.0,0.0,8219.672632833117,316.5279072769543,0.9473684210526315,0.0,0.0,0.0
47,contingent,node-014,0.0,0.0,0.0,0.0,0.0,0.0,0.0,0.0,8219.672632833117,316.5279072769543,0.9473684210526315,0.0,0.0,0.0
47,contingent,node-015,0.0,23.18641481115876,77.50078814225425,0.0,23186.41481115876,77500.78814225426,0.0,0.0,8219.672632833117,316.5279072769543,0.9473684210526315,-206.67452923486616,0.0,0.0
47,contingent,node-016,0.0,64.2157395941155,86.79390200825958,0.0,64215.739594115505,86793.90200825958,0.0,0.0,8219.672632833117,316.5279072769543,0.9473684210526315,-139.3218128394391,0.0,0.0
47,contingent,node-017,0.0,0.0,0.0,0.0,0.0,0.0,0.0,0.0,8219.672632833117,316.5279072769543,0.9473684210526315,0.0,0.0,0.0
47,contingent,node-018,0.0,0.0,0.0,0.0,0.0,0.0,0.0,0.0,8219.672632833117,316.5279072769543,0.9473684210526315,0.0,0.0,0.0
47,contingent,node-019,0.0,0.0,0.0,0.0,0.0,0.0,0.0,0.0,8219.672632833117,316.5279072769543,0.9473684210526315,0.0,0.0,0.0
47,contingent,node-020,0.0,0.0,0.0,0.0,0.0,0.0,0.0,0.0,8219.672632833117,316.5279072769543,0.9473684210526315,0.0,0.0,0.0
47,contingent,node-021,0.0,0.0,0.0,0.0,0.0,0.0,0.0,0.0,8219.672632833117,316.5279072769543,0.9473684210526315,0.0,0.0,0.0
47,contingent,node-022,0.0,0.0,0.0,0.0,0.0,0.0,0.0,0.0,8219.672632833117,316.5279072769543,0.9473684210526315,0.0,0.0,0.0
47,contingent,node-023,0.0,0.0,0.0,0.0,0.0,0.0,0.0,0.0,8219.672632833117,316.5279072769543,0.9473684210526315,-118.3890185644002,0.0,0.0
47,contingent,node-024,0.0,0.0,0.0,0.0,0.0,0.0,0.0,0.0,8219.672632833117,316.5279072769543,0.9473684210526315,0.0,0.0,0.0
47,contingent,node-025,0.0,0.0,0.0,0.0,0.0,0.0,0.0,0.0,8219.672632833117,316.5279072769543,0.9473684210526315,0.0,0.0,0.0
47,contingent,node-026,0.0,0.0,0.0,0.0,0.0,0.0,0.0,0.0,8219.672632833117,316.5279072769543,0.9473684210526315,0.0,0.0,0.0
47,contingent,node-027,0.0,0.0,0.0,0.0,0.0,0.0,0.0,0.0,8219.672632833117,316.5279072769543,0.9473684210526315,-119.04451261541134,0.0,0.0
47,contingent,node-028,0.0,0.0,11.145126495816621,0.0,0.0,11145.126495816621,0.0,0.0,8219.672632833117,316.5279072769543,0.9473684210526315,-446.0969961619963,0.0,0.0
47,contingent,node-029,0.0,0.0,0.0,0.0,0.0,0.0,0.0,0.0,8219.672632833117,316.5279072769543,0.9473684210526315,0.0,0.0,0.0
47,capped,node-000,0.0,0.0,0.0,0.0,0.0,0.0,0.0,0.0,8219.672632833117,338.0996768732785,0.9473684210526315,-69.550740832874,0.0,0.0
47,capped,node-001,0.0,0.0,0.0,0.0,0.0,0.0,0.0,0.0,8219.672632833117,338.0996768732785,0.9473684210526315,0.0,0.0,0.0
47,capped,node-002,0.0,54.090935834489095,57.25428876750215,0.0,0.30707172237572694,0.3250299295806255,58.71694015109656,176.1508204532897,8219.672632833117,338.0996768732785,0.9473684210526315,-122.8409929295656,7.633963626551143,-58.71694015109656
47,capped,node-003,0.0,25.120937148459717,45.234291272531024,0.0,0.2171604704557086,0.3910323852737195,38.55971438347525,115.67914315042574,8219.672632833117,338.0996768732785,0.9473684210526315,-84.26670533165812,-5.0421121210727335,-38.55971438347525
47,capped,node-004,0.0,0.0,0.0,0.0,0.0,0.0,0.0,0.0,8219.672632833117,338.0996768732785,0.9473684210526315,0.0,0.0,0.0
47,capped,node-005,0.0,52.80698895264109,74.85031002836853,0.0,52806.98895264109,74850.31002836852,0.0,0.0,8219.672632833117,338.0996768732785,0.9473684210526315,-75.66780722597622,0.0,0.0
47,capped,node-006,0.0,0.0,0.0,0.0,0.0,0.0,0.0,0.0,8219.672632833117,338.0996768732785,0.9473684210526315,0.0,0.0,0.0
47,capped,node-007,0.0,0.0,0.0,0.0,0.0,0.0,0.0,0.0,8219.672632833117,338.0996768732785,0.9473684210526315,0.0,0.0,0.0
47,capped,node-008,0.0,0.0,0.0,0.0,0.0,0.0,0.0,0.0,8219.672632833117,338.0996768732785,0.9473684210526315,0.0,0.0,0.0
47,capped,node-009,0.0,0.0,0.0,0.0,0.0,0.0,0.0,0.0,8219.672632833117,338.0996768732785,0.9473684210526315,-53.70881501002909,0.0,0.0
47,capped,node-010,9.863540559468086,93.72061080498962,93.72061080498962,9863.540559468087,93720.61080498961,93720.61080498961,0.0,0.0,8219.672632833117,338.0996768732785,0.9473684210526315,-74.54589580086525,17.39641909527362,0.0
47,capped,node-011,0.0,17.390600287183172,37.58879079033164,0.0,0.37585277837939357,0.8123843467830205,15.423237756521022,46.26971326956306,8219.672632833117,338.0996768732785,0.9473684210526315,-31.830156778373116,0.29302958937999435,-15.423237756521022
47,capped,node-012,0.0,22.069327776738362,22.069327776738362,0.0,22069.327776738362,22069.327776738362,0.0,0.0,8219.672632833117,338.0996768732785,0.9473684210526315,-26.70398087723544,0.0,0.0
47,capped,node-013,0.0,0.0,0.0,0.0,0.0,0.0,0.0,0.0,8219.672632833117,338.0996768732785,0.9473684210526315,0.0,0.0,0.0
47,capped,node-014,0.0,0.0,0.0,0.0,0.0,0.0,0.0,0.0,8219.672632833117,338.0996768732785,0.9473684210526315,0.0,0.0,0.0
47,capped,node-015,0.0,54.8360395734957,77.50078814225425,0.0,54836.0395734957,77500.78814225426,0.0,0.0,8219.672632833117,338.0996768732785,0.9473684210526315,-51.668632308716525,0.0,0.0
47,capped,node-016,0.0,64.2157395941155,86.79390200825958,0.0,64215.739594115505,86793.90200825958,0.0,0.0,8219.672632833117,338.0996768732785,0.9473684210526315,-34.830453209859776,0.0,0.0
47,capped,node-017,0.0,0.0,0.0,0.0,0.0,0.0,0.0,0.0,8219.672632833117,338.0996768732785,0.9473684210526315,0.0,0.0,0.0
47,capped,node-018,0.0,0.0,0.0,0.0,0.0,0.0,0.0,0.0,8219.672632833117,338.0996768732785,0.9473684210526315,0.0,0.0,0.0
47,capped,node-019,0.0,0.0,0.0,0.0,0.0,0.0,0.0,0.0,8219.672632833117,338.0996768732785,0.9473684210526315,0.0,0.0,0.0
47,capped,node-020,0.0,0.0,0.0,0.0,0.0,0.0,0.0,0.0,8219.672632833117,338.0996768732785,0.9473684210526315,0.0,0.0,0.0
47,capped,node-021,0.0,0.0,0.0,0.0,0.0,0.0,0.0,0.0,8219.672632833117,338.0996768732785,0.9473684210526315,0.0,0.0,0.0
47,capped,node-022,0.0,0.0,0.0,0.0,0.0,0.0,0.0,0.0,8219.672632833117,338.0996768732785,0.9473684210526315,0.0,0.0,0.0
47,capped,node-023,0.0,0.0,13.688385399397049,0.0,0.0,13688.385399397048,0.0,0.0,8219.672632833117,338.0996768732785,0.9473684210526315,-29.59725464110005,0.0,0.0
47,capped,node-024,0.0,0.0,0.0,0.0,0.0,0.0,0.0,0.0,8219.672632833117,338.0996768732785,0.9473684210526315,0.0,0.0,0.0
47,capped,node-025,0.0,0.0,0.0,0.0,0.0,0.0,0.0,0.0,8219.672632833117,338.0996768732785,0.9473684210526315,0.0,0.0,0.0
47,capped,node-026,0.0,0.0,0.0,0.0,0.0,0.0,0.0,0.0,8219.672632833117,338.0996768732785,0.9473684210526315,0.0,0.0,0.0
47,capped,node-027,0.0,0.0,0.0,0.0,0.0,0.0,0.0,0.0,8219.672632833117,338.0996768732785,0.9473684210526315,-29.76112815385284,0.0,0.0
47,capped,node-028,10.708256054064119,0.0,11.980054822095164,10708.256054064119,0.0,11980.054822095164,0.0,0.0,8219.672632833117,338.0996768732785,0.9473684210526315,-111.52424904049906,0.0,0.0
47,capped,node-029,0.0,0.0,0.0,0.0,0.0,0.0,0.0,0.0,8219.672632833117,338.0996768732785,0.9473684210526315,0.0,0.0,0.0
47,proper_scoring,node-000,0.0,0.0,0.0,0.0,0.0,0.0,0.0,0.0,8219.672632833117,1187.5399593723478,0.9473684210526315,-277.13856084290717,0.0,0.0
47,proper_scoring,node-001,0.0,0.0,0.0,0.0,0.0,0.0,0.0,0.0,8219.672632833117,1187.5399593723478,0.9473684210526315,0.0,0.0,0.0
47,proper_scoring,node-002,377.8852768759882,254.22357390095146,378.1240253956205,0.5774120989749457,0.3884559055293222,0.5777769088584842,537.01253248831,654.4464127905031,8219.672632833117,1187.5399593723478,0.9473684210526315,-793.5087436021861,209.73808535959859,-537.01253248831
47,proper_scoring,node-003,265.38903687063396,175.26847620462024,334.4413201467768,0.9994630875517907,0.6600663480434479,1.2595160613274805,188.41217532731469,265.53160409426516,8219.672632833117,1187.5399593723478,0.9473684210526315,-371.24013912004614,44.908708193540406,-188.41217532731469
47,proper_scoring,node-004,0.0,0.0,0.0,0.0,0.0,0.0,0.0,0.0,8219.672632833117,1187.5399593723478,0.9473684210526315,0.0,0.0,0.0
47,proper_scoring,node-005,373.6902841095891,252.80698895264106,874.3321927740238,373690.28410958906,252806.98895264106,874332.1927740239,0.0,0.0,8219.672632833117,1187.5399593723478,0.9473684210526315,-302.6712289039048,0.0,0.0
47,proper_scoring,node-006,0.0,0.0,0.0,0.0,0.0,0.0,0.0,0.0,8219.672632833117,1187.5399593723478,0.9473684210526315,0.0,0.0,0.0
47,proper_scoring,node-007,0.0,0.0,0.0,0.0,0.0,0.0,0.0,0.0,8219.672632833117,1187.5399593723478,0.9473684210526315,0.0,0.0,0.0
47,proper_scoring,node-008,0.0,0.0,0.0,0.0,0.0,0.0,0.0,0.0,8219.672632833117,1187.5399593723478,0.9473684210526315,0.0,0.0,0.0
47,proper_scoring,node-009,0.0,0.0,0.0,0.0,0.0,0.0,0.0,0.0,8219.672632833117,1187.5399593723478,0.9473684210526315,-214.83526004011634,0.0,0.0
47,proper_scoring,node-010,472.5166142984412,593.7206108049896,986.0843325332642,472516.6142984412,593720.6108049896,986084.3325332642,0.0,0.0,8219.672632833117,1187.5399593723478,0.9473684210526315,-298.1835832034611,265.910789335288,0.0
47,proper_scoring,node-011,189.46207243964352,294.5289908797414,294.5289908797414,0.7081054602839805,1.100788057305323,1.100788057305323,236.71546697453766,267.5619424875797,8219.672632833117,1187.5399593723478,0.9473684210526315,-302.3431430619461,88.80992127658664,-236.71546697453766
47,proper_scoring,node-012,272.3630626581931,155.45340766103456,356.59813242707116,272363.06265819306,155453.40766103455,356598.13242707116,0.0,0.0,8219.672632833117,1187.5399593723478,0.9473684210526315,-106.8159235089418,0.0,0.0
47,proper_scoring,node-013,0.0,0.0,0.0,0.0,0.0,0.0,0.0,0.0,8219.672632833117,1187.5399593723478,0.9473684210526315,0.0,0.0,0.0
47,proper_scoring,node-014,0.0,0.0,0.0,0.0,0.0,0.0,0.0,0.0,8219.672632833117,1187.5399593723478,0.9473684210526315,0.0,0.0,0.0
47,proper_scoring,node-015,0.0,173.18641481115876,332.95541307789154,0.0,173186.41481115876,332955.4130778915,0.0,0.0,8219.672632833117,1187.5399593723478,0.9473684210526315,-206.67452923486616,0.0,0.0
47,proper_scoring,node-016,46.9184975937281,514.2157395941156,517.4152266049298,46918.4975937281,514215.7395941156,517415.2266049298,0.0,0.0,8219.672632833117,1187.5399593723478,0.9473684210526315,-139.3218128394391,0.0,0.0
47,proper_scoring,node-017,0.0,0.0,0.0,0.0,0.0,0.0,0.0,0.0,8219.672632833117,1187.5399593723478,0.9473684210526315,0.0,0.0,0.0
47,proper_scoring,node-018,0.0,0.0,0.0,0.0,0.0,0.0,0.0,0.0,8219.672632833117,1187.5399593723478,0.9473684210526315,0.0,0.0,0.0
47,proper_scoring,node-019,0.0,0.0,0.0,0.0,0.0,0.0,0.0,0.0,8219.672632833117,1187.5399593723478,0.9473684210526315,0.0,0.0,0.0
47,proper_scoring,node-020,0.0,0.0,0.0,0.0,0.0,0.0,0.0,0.0,8219.672632833117,1187.5399593723478,0.9473684210526315,0.0,0.0,0.0
47,proper_scoring,node-021,0.0,0.0,0.0,0.0,0.0,0.0,0.0,0.0,8219.672632833117,1187.5399593723478,0.9473684210526315,0.0,0.0,0.0
47,proper_scoring,node-022,0.0,0.0,0.0,0.0,0.0,0.0,0.0,0.0,8219.672632833117,1187.5399593723478,0.9473684210526315,0.0,0.0,0.0
47,proper_scoring,node-023,337.8901997947188,0.0,354.6492435759061,337890.19979471876,0.0,354649.2435759061,0.0,0.0,8219.672632833117,1187.5399593723478,0.9473684210526315,-118.3890185644002,0.0,0.0
47,proper_scoring,node-024,0.0,0.0,0.0,0.0,0.0,0.0,0.0,0.0,8219.672632833117,1187.5399593723478,0.9473684210526315,0.0,0.0,0.0
47,proper_scoring,node-025,0.0,0.0,0.0,0.0,0.0,0.0,0.0,0.0,8219.672632833117,1187.5399593723478,0.9473684210526315,0.0,0.0,0.0
47,proper_scoring,node-026,0.0,0.0,0.0,0.0,0.0,0.0,0.0,0.0,8219.672632833117,1187.5399593723478,0.9473684210526315,0.0,0.0,0.0
47,proper_scoring,node-027,0.0,0.0,300.540083206823,0.0,0.0,300540.083206823,0.0,0.0,8219.672632833117,1187.5399593723478,0.9473684210526315,-119.04451261541134,0.0,0.0
47,proper_scoring,node-028,413.23064739482857,0.0,830.7076369045018,413230.64739482856,0.0,830707.6369045018,0.0,0.0,8219.672632833117,1187.5399593723478,0.9473684210526315,-439.2302592257856,0.0,0.0
47,proper_scoring,node-029,0.0,0.0,0.0,0.0,0.0,0.0,0.0,0.0,8219.672632833117,1187.5399593723478,0.9473684210526315,0.0,0.0,0.0
47,audits,node-000,0.0,0.0,0.0,0.0,0.0,0.0,0.0,0.0,8219.672632833117,1161.4018371811526,0.9473684210526315,-369.55074083287406,0.0,0.0
47,audits,node-001,0.0,0.0,0.0,0.0,0.0,0.0,0.0,0.0,8219.672632833117,1161.4018371811526,0.9473684210526315,0.0,0.0,0.0
47,audits,node-002,372.4923344769071,251.93346568847085,372.4923344769071,0.5928496250170558,0.40097109883456367,0.5928496250170558,510.87441029711476,628.308290599308,8219.672632833117,1161.4018371811526,0.9473684210526315,-2074.9984630755835,207.580908399966,-510.87441029711476
47,audits,node-003,265.38903687063396,175.26847620462024,334.4413201467768,0.9994630875517907,0.6600663480434479,1.2595160613274805,188.41217532731469,265.53160409426516,8219.672632833117,1161.4018371811526,0.9473684210526315,-1234.1191662754977,44.908708193540406,-188.41217532731469
47,audits,node-004,0.0,0.0,0.0,0.0,0.0,0.0,0.0,0.0,8219.672632833117,1161.4018371811526,0.9473684210526315,0.0,0.0,0.0
47,audits,node-005,373.6902841095891,252.80698895264106,874.3321927740238,373690.28410958906,252806.98895264106,874332.1927740239,0.0,0.0,8219.672632833117,1161.4018371811526,0.9473684210526315,-1525.6678072259763,0.0,0.0
47,audits,node-006,0.0,0.0,0.0,0.0,0.0,0.0,0.0,0.0,8219.672632833117,1161.4018371811526,0.9473684210526315,0.0,0.0,0.0
47,audits,node-007,0.0,0.0,0.0,0.0,0.0,0.0,0.0,0.0,8219.672632833117,1161.4018371811526,0.9473684210526315,0.0,0.0,0.0
47,audits,node-008,0.0,0.0,0.0,0.0,0.0,0.0,0.0,0.0,8219.672632833117,1161.4018371811526,0.9473684210526315,0.0,0.0,0.0
47,audits,node-009,0.0,0.0,0.0,0.0,0.0,0.0,0.0,0.0,8219.672632833117,1161.4018371811526,0.9473684210526315,-253.70881501002907,0.0,0.0
47,audits,node-010,472.5166142984412,593.7206108049896,986.0843325332642,472516.6142984412,593720.6108049896,986084.3325332642,0.0,0.0,8219.672632833117,1161.4018371811526,0.9473684210526315,-1574.5458958008653,265.910789335288,0.0
47,audits,node-011,189.46207243964352,294.5289908797414,294.5289908797414,0.7081054602839805,1.100788057305323,1.100788057305323,236.71546697453766,267.5619424875797,8219.672632833117,1161.4018371811526,0.9473684210526315,-675.4609593131067,88.80992127658664,-236.71546697453766
47,audits,node-012,270.1775973667675,127.99208646851304,284.94166656522583,270177.59736676747,127992.08646851304,284941.6665652258,0.0,0.0,8219.672632833117,1161.4018371811526,0.9473684210526315,-464.4783448431679,0.0,0.0
47,audits,node-013,0.0,0.0,0.0,0.0,0.0,0.0,0.0,0.0,8219.672632833117,1161.4018371811526,0.9473684210526315,0.0,0.0,0.0
47,audits,node-014,0.0,0.0,0.0,0.0,0.0,0.0,0.0,0.0,8219.672632833117,1161.4018371811526,0.9473684210526315,0.0,0.0,0.0
47,audits,node-015,0.0,154.83603957349567,227.50078814225424,0.0,154836.03957349565,227500.78814225423,0.0,0.0,8219.672632833117,1161.4018371811526,0.9473684210526315,-1051.6686323087165,0.0,0.0
47,audits,node-016,46.9184975937281,514.2157395941156,517.4152266049298,46918.4975937281,514215.7395941156,517415.2266049298,0.0,0.0,8219.672632833117,1161.4018371811526,0.9473684210526315,-1034.8304532098596,0.0,0.0
47,audits,node-017,0.0,0.0,0.0,0.0,0.0,0.0,0.0,0.0,8219.672632833117,1161.4018371811526,0.9473684210526315,0.0,0.0,0.0
47,audits,node-018,0.0,0.0,0.0,0.0,0.0,0.0,0.0,0.0,8219.672632833117,1161.4018371811526,0.9473684210526315,0.0,0.0,0.0
47,audits,node-019,0.0,0.0,0.0,0.0,0.0,0.0,0.0,0.0,8219.672632833117,1161.4018371811526,0.9473684210526315,0.0,0.0,0.0
47,audits,node-020,0.0,0.0,0.0,0.0,0.0,0.0,0.0,0.0,8219.672632833117,1161.4018371811526,0.9473684210526315,0.0,0.0,0.0
47,audits,node-021,0.0,0.0,0.0,0.0,0.0,0.0,0.0,0.0,8219.672632833117,1161.4018371811526,0.9473684210526315,0.0,0.0,0.0
47,audits,node-022,0.0,0.0,0.0,0.0,0.0,0.0,0.0,0.0,8219.672632833117,1161.4018371811526,0.9473684210526315,0.0,0.0,0.0
47,audits,node-023,307.34874831183953,0.0,307.34874831183953,307348.74831183953,0.0,307348.74831183953,0.0,0.0,8219.672632833117,1161.4018371811526,0.9473684210526315,-529.5972546411001,0.0,0.0
47,audits,node-024,0.0,0.0,0.0,0.0,0.0,0.0,0.0,0.0,8219.672632833117,1161.4018371811526,0.9473684210526315,0.0,0.0,0.0
47,audits,node-025,0.0,0.0,0.0,0.0,0.0,0.0,0.0,0.0,8219.672632833117,1161.4018371811526,0.9473684210526315,0.0,0.0,0.0
47,audits,node-026,0.0,0.0,0.0,0.0,0.0,0.0,0.0,0.0,8219.672632833117,1161.4018371811526,0.9473684210526315,0.0,0.0,0.0
47,audits,node-027,0.0,0.0,232.0748799582396,0.0,0.0,232074.8799582396,0.0,0.0,8219.672632833117,1161.4018371811526,0.9473684210526315,-423.2983949885904,0.0,0.0
47,audits,node-028,381.3963996819017,0.0,788.4757509595009,381396.3996819017,0.0,788475.7509595009,0.0,0.0,8219.672632833117,1161.4018371811526,0.9473684210526315,-1611.5242490404985,0.0,0.0
47,audits,node-029,0.0,0.0,0.0,0.0,0.0,0.0,0.0,0.0,8219.672632833117,1161.4018371811526,0.9473684210526315,0.0,0.0,0.0
51,greedy,node-000,0.0,0.0,0.0,0.0,0.0,0.0,0.0,0.0,8508.03100827641,184.46971956434695,0.95,0.0,0.0,-33.75364057217562
51,greedy,node-001,0.0,0.0,0.0,0.0,0.0,0.0,39.50347943474559,118.51043830423677,8508.03100827641,184.46971956434695,0.95,-73.25712000692121,-8.453542830590745,-39.50347943474559
51,greedy,node-002,0.0,0.0,0.0,0.0,0.0,0.0,0.0,0.0,8508.03100827641,184.46971956434695,0.95,0.0,0.0,0.0
51,greedy,node-003,0.6263202085955344,0.0,0.6263202085955344,626.3202085955344,0.0,626.3202085955344,0.0,0.0,8508.03100827641,184.46971956434695,0.95,-14.759210972571818,0.0,0.0
51,greedy,node-004,0.0,0.0,0.0,0.0,0.0,0.0,0.0,0.0,8508.03100827641,184.46971956434695,0.95,0.0,0.0,0.0
51,greedy,node-005,0.0,0.0,0.0,0.0,0.0,0.0,0.0,0.0,8508.03100827641,184.46971956434695,0.95,0.0,0.0,0.0
51,greedy,node-006,0.0,0.0,0.0,0.0,0.0,0.0,0.0,0.0,8508.03100827641,184.46971956434695,0.95,0.0,0.0,0.0
51,greedy,node-007,0.0,0.0,0.0,0.0,0.0,0.0,0.0,0.0,8508.03100827641,184.46971956434695,0.95,0.0,0.0,0.0
51,greedy,node-008,0.0,0.0,0.0,0.0,0.0,0.0,0.0,0.0,8508.03100827641,184.46971956434695,0.95,0.0,0.0,0.0
51,greedy,node-009,0.0,0.0,0.0,0.0,0.0,0.0,0.0,0.0,8508.03100827641,184.46971956434695,0.95,0.0,0.0,0.0
51,greedy,node-010,0.0,0.0,0.0,0.0,0.0,0.0,21.986427086703408,65.95928126011025,8508.03100827641,184.46971956434695,0.95,-58.26618299716109,1.183185228003417,-21.986427086703408
51,greedy,node-011,0.0,0.0,0.0,0.0,0.0,0.0,0.0,0.0,8508.03100827641,184.46971956434695,0.95,0.0,0.0,0.0
51,greedy,node-012,0.0,0.0,0.0,0.0,0.0,0.0,0.0,0.0,8508.03100827641,184.46971956434695,0.95,0.0,0.0,0.0
51,greedy,node-013,0.0,0.0,0.0,0.0,0.0,0.0,0.0,0.0,8508.03100827641,184.46971956434695,0.95,0.0,0.0,0.0
51,greedy,node-014,0.0,0.0,0.0,0.0,0.0,0.0,0.0,0.0,8508.03100827641,184.46971956434695,0.95,0.0,0.0,0.0
51,greedy,node-015,0.0,0.0,0.0,0.0,0.0,0.0,0.0,0.0,8508.03100827641,184.46971956434695,0.95,0.0,0.0,0.0
51,greedy,node-016,0.0,0.0,0.0,0.0,0.0,0.0,0.0,0.0,8508.03100827641,184.46971956434695,0.95,-34.48665735808376,0.0,0.0
51,greedy,node-017,0.0,0.0,0.0,0.0,0.0,0.0,0.0,0.0,8508.03100827641,184.46971956434695,0.95,0.0,0.0,0.0
51,greedy,node-018,0.0,0.0,0.0,0.0,0.0,0.0,0.0,0.0,8508.03100827641,184.46971956434695,0.95,0.0,0.0,0.0
51,greedy,node-019,0.0,0.0,0.0,0.0,0.0,0.0,0.0,0.0,8508.03100827641,184.46971956434695,0.95,0.0,0.0,0.0
51,greedy,node-020,0.0,0.0,0.0,0.0,0.0,0.0,0.0,0.0,8508.03100827641,184.46971956434695,0.95,0.0,0.0,0.0
51,greedy,node-021,0.0,0.0,0.0,0.0,0.0,0.0,0.0,0.0,8508.03100827641,184.46971956434695,0.95,-7.899385925568464,0.0,0.0
51,greedy,node-022,6.955693292294914,0.0,6.955693292294914,6955.693292294914,0.0,6955.693292294914,0.0,0.0,8508.03100827641,184.46971956434695,0.95,-33.91240287222537,0.0,0.0
51,greedy,node-023,0.0,0.0,0.0,0.0,0.0,0.0,0.0,0.0,8508.03100827641,184.46971956434695,0.95,0.0,0.0,0.0
51,greedy,node-024,0.0,0.0,0.0,0.0,0.0,0.0,0.0,0.0,8508.03100827641,184.46971956434695,0.95,0.0,0.0,0.0
51,greedy,node-025,0.0,0.0,0.0,0.0,0.0,0.0,0.0,0.0,8508.03100827641,184.46971956434695,0.95,0.0,0.0,0.0
51,greedy,node-026,0.0,0.0,0.0,0.0,0.0,0.0,0.0,0.0,8508.03100827641,184.46971956434695,0.95,-19.91962815523192,0.0,0.0
51,greedy,node-027,0.0,0.0,0.0,0.0,0.0,0.0,0.0,0.0,8508.03100827641,184.46971956434695,0.95,0.0,0.0,0.0
51,greedy,node-028,0.0,0.0,0.0,0.0,0.0,0.0,0.0,0.0,8508.03100827641,184.46971956434695,0.95,0.0,0.0,0.0
51,greedy,node-029,0.0,0.0,0.0,0.0,0.0,0.0,0.0,0.0,8508.03100827641,184.46971956434695,0.95,0.0,0.0,0.0
51,trust_vcg,node-000,0.0,0.0,0.0,0.0,0.0,0.0,0.0,0.0,8835.286637742885,608.9722418747915,0.95,0.0,0.0,96.85007523378296
51,trust_vcg,node-001,96.85007523378296,0.0,366.2463594278243,96850.07523378296,0.0,366246.35942782427,0.0,0.0,8835.286637742885,608.9722418747915,0.95,-11033.753640572173,0.0,0.0
51,trust_vcg,node-002,0.0,0.0,0.0,0.0,0.0,0.0,0.0,0.0,8835.286637742885,608.9722418747915,0.95,0.0,0.0,0.0
51,trust_vcg,node-003,0.0,0.0,96.9641908842065,0.0,0.0,96964.1908842065,0.0,0.0,8835.286637742885,608.9722418747915,0.95,-2168.8326444205572,0.0,0.0
51,trust_vcg,node-004,0.0,0.0,0.0,0.0,0.0,0.0,0.0,0.0,8835.286637742885,608.9722418747915,0.95,0.0,0.0,0.0
51,trust_vcg,node-005,0.0,0.0,0.0,0.0,0.0,0.0,0.0,0.0,8835.286637742885,608.9722418747915,0.95,0.0,0.0,0.0
51,trust_vcg,node-006,0.0,0.0,0.0,0.0,0.0,0.0,0.0,0.0,8835.286637742885,608.9722418747915,0.95,0.0,0.0,0.0
51,trust_vcg,node-007,0.0,0.0,0.0,0.0,0.0,0.0,0.0,0.0,8835.286637742885,608.9722418747915,0.95,0.0,0.0,0.0
51,trust_vcg,node-008,0.0,0.0,39.31088872205808,0.0,0.0,39310.88872205808,0.0,0.0,8835.286637742885,608.9722418747915,0.95,-560.689111277942,0.0,0.0
51,trust_vcg,node-009,0.0,0.0,0.0,0.0,0.0,0.0,0.0,0.0,8835.286637742885,608.9722418747915,0.95,0.0,0.0,0.0
51,trust_vcg,node-010,32.355909728549705,0.12737246998085539,64.83919192708049,0.051416020488050614,0.00020240461730459955,0.10303444559340619,543.013840501419,629.2962664442186,8835.286637742885,608.9722418747915,0.95,-6064.584446987119,-12.942363891420086,-543.013840501419
51,trust_vcg,node-011,0.0,0.0,0.0,0.0,0.0,0.0,0.0,0.0,8835.286637742885,608.9722418747915,0.95,0.0,0.0,0.0
51,trust_vcg,node-012,0.0,0.0,0.0,0.0,0.0,0.0,0.0,0.0,8835.286637742885,608.9722418747915,0.95,0.0,0.0,0.0
51,trust_vcg,node-013,0.0,0.0,0.0,0.0,0.0,0.0,0.0,0.0,8835.286637742885,608.9722418747915,0.95,0.0,0.0,0.0
51,trust_vcg,node-014,0.0,0.0,0.0,0.0,0.0,0.0,0.0,0.0,8835.286637742885,608.9722418747915,0.95,0.0,0.0,0.0
51,trust_vcg,node-015,0.0,0.0,0.0,0.0,0.0,0.0,0.0,0.0,8835.286637742885,608.9722418747915,0.95,0.0,0.0,0.0
51,trust_vcg,node-016,0.0,0.0,0.0,0.0,0.0,0.0,0.0,0.0,8835.286637742885,608.9722418747915,0.95,-5537.241874972257,0.0,0.0
51,trust_vcg,node-017,0.0,0.0,0.0,0.0,0.0,0.0,0.0,0.0,8835.286637742885,608.9722418747915,0.95,0.0,0.0,0.0
51,trust_vcg,node-018,0.0,0.0,0.0,0.0,0.0,0.0,0.0,0.0,8835.286637742885,608.9722418747915,0.95,0.0,0.0,0.0
51,trust_vcg,node-019,0.0,0.0,0.0,0.0,0.0,0.0,0.0,0.0,8835.286637742885,608.9722418747915,0.95,0.0,0.0,0.0
51,trust_vcg,node-020,0.0,0.0,0.0,0.0,0.0,0.0,0.0,0.0,8835.286637742885,608.9722418747915,0.95,0.0,0.0,0.0
51,trust_vcg,node-021,0.0,0.0,46.493975313399694,0.0,0.0,46493.97531339969,0.0,0.0,8835.286637742885,608.9722418747915,0.95,-553.5060246866003,0.0,0.0
51,trust_vcg,node-022,349.16658370103784,161.77717322774896,349.16658370103784,349166.5837010378,161777.17322774895,349166.5837010378,-68.93932782894893,-20.32402456942711,8835.286637742885,608.9722418747915,0.95,-10978.433199784986,-7.292295488928318,68.93932782894893
51,trust_vcg,node-023,0.0,0.0,0.0,0.0,0.0,0.0,0.0,0.0,8835.286637742885,608.9722418747915,0.95,0.0,0.0,0.0
51,trust_vcg,node-024,0.0,0.0,0.0,0.0,0.0,0.0,0.0,0.0,8835.286637742885,608.9722418747915,0.95,0.0,0.0,0.0
51,trust_vcg,node-025,0.0,0.0,0.0,0.0,0.0,0.0,0.0,0.0,8835.286637742885,608.9722418747915,0.95,0.0,0.0,0.0
51,trust_vcg,node-026,0.0,0.0,457.74844597012753,0.0,0.0,457748.44597012753,0.0,0.0,8835.286637742885,608.9722418747915,0.95,-5542.251554029874,0.0,0.0
51,trust_vcg,node-027,0.0,0.0,0.0,0.0,0.0,0.0,0.0,0.0,8835.286637742885,608.9722418747915,0.95,0.0,0.0,0.0
51,trust_vcg,node-028,0.0,0.0,0.0,0.0,0.0,0.0,0.0,0.0,8835.286637742885,608.9722418747915,0.95,0.0,0.0,0.0
51,trust_vcg,node-029,0.0,0.0,0.0,0.0,0.0,0.0,0.0,0.0,8835.286637742885,608.9722418747915,0.95,0.0,0.0,0.0
51,contingent,node-000,0.0,0.0,0.0,0.0,0.0,0.0,0.0,0.0,8835.286637742885,195.07768481900212,0.95,0.0,0.0,-1.9828501387211732
51,contingent,node-001,0.0,37.55041814179458,37.55041814179458,0.0,37550.41814179458,37550.41814179458,0.0,0.0,8835.286637742885,195.07768481900212,0.95,-135.01456228870248,0.0,0.0
51,contingent,node-002,0.0,0.0,0.0,0.0,0.0,0.0,0.0,0.0,8835.286637742885,195.07768481900212,0.95,0.0,0.0,0.0
51,contingent,node-003,0.0,0.0,0.0,0.0,0.0,0.0,0.0,0.0,8835.286637742885,195.07768481900212,0.95,-21.615130080178087,0.0,0.0
51,contingent,node-004,0.0,0.0,0.0,0.0,0.0,0.0,0.0,0.0,8835.286637742885,195.07768481900212,0.95,0.0,0.0,0.0
51,contingent,node-005,0.0,0.0,0.0,0.0,0.0,0.0,0.0,0.0,8835.286637742885,195.07768481900212,0.95,0.0,0.0,0.0
51,contingent,node-006,0.0,0.0,0.0,0.0,0.0,0.0,0.0,0.0,8835.286637742885,195.07768481900212,0.95,0.0,0.0,0.0
51,contingent,node-007,0.0,0.0,0.0,0.0,0.0,0.0,0.0,0.0,8835.286637742885,195.07768481900212,0.95,0.0,0.0,0.0
51,contingent,node-008,0.0,0.0,0.0,0.0,0.0,0.0,0.0,0.0,8835.286637742885,195.07768481900212,0.95,-42.75644511176769,0.0,0.0
51,contingent,node-009,0.0,0.0,0.0,0.0,0.0,0.0,0.0,0.0,8835.286637742885,195.07768481900212,0.95,0.0,0.0,0.0
51,contingent,node-010,75.16387629543757,0.0,89.25657168406775,0.580758483736244,0.0,0.689646593411269,43.14121297139979,129.4236389141994,8835.286637742885,195.07768481900212,0.95,-129.42363891419936,-12.942363891419937,-43.14121297139979
51,contingent,node-011,0.0,0.0,0.0,0.0,0.0,0.0,0.0,0.0,8835.286637742885,195.07768481900212,0.95,0.0,0.0,0.0
51,contingent,node-012,0.0,0.0,0.0,0.0,0.0,0.0,0.0,0.0,8835.286637742885,195.07768481900212,0.95,0.0,0.0,0.0
51,contingent,node-013,0.0,0.0,0.0,0.0,0.0,0.0,0.0,0.0,8835.286637742885,195.07768481900212,0.95,0.0,0.0,0.0
51,contingent,node-014,0.0,0.0,0.0,0.0,0.0,0.0,0.0,0.0,8835.286637742885,195.07768481900212,0.95,0.0,0.0,0.0
51,contingent,node-015,0.0,0.0,0.0,0.0,0.0,0.0,0.0,0.0,8835.286637742885,195.07768481900212,0.95,0.0,0.0,0.0
51,contingent,node-016,0.0,0.0,0.0,0.0,0.0,0.0,0.0,0.0,8835.286637742885,195.07768481900212,0.95,-148.96749988902687,0.0,0.0
51,contingent,node-017,0.0,0.0,0.0,0.0,0.0,0.0,0.0,0.0,8835.286637742885,195.07768481900212,0.95,0.0,0.0,0.0
51,contingent,node-018,0.0,0.0,0.0,0.0,0.0,0.0,0.0,0.0,8835.286637742885,195.07768481900212,0.95,0.0,0.0,0.0
51,contingent,node-019,0.0,0.0,0.0,0.0,0.0,0.0,0.0,0.0,8835.286637742885,195.07768481900212,0.95,0.0,0.0,0.0
51,contingent,node-020,0.0,0.0,0.0,0.0,0.0,0.0,0.0,0.0,8835.286637742885,195.07768481900212,0.95,0.0,0.0,0.0
51,contingent,node-021,0.0,0.0,0.0,0.0,0.0,0.0,0.0,0.0,8835.286637742885,195.07768481900212,0.95,-14.02409874640123,0.0,0.0
51,contingent,node-022,16.413511476200693,11.380826749817142,21.203601685178693,0.25000000000000006,0.17334539848951802,0.3229595585917668,17.038742645281015,65.65404590480276,8835.286637742885,195.07768481900212,0.95,-206.5288531010239,-6.565404590480274,-17.038742645281015
51,contingent,node-023,0.0,0.0,0.0,0.0,0.0,0.0,0.0,0.0,8835.286637742885,195.07768481900212,0.95,0.0,0.0,0.0
51,contingent,node-024,0.0,0.0,0.0,0.0,0.0,0.0,0.0,0.0,8835.286637742885,195.07768481900212,0.95,0.0,0.0,0.0
51,contingent,node-025,0.0,0.0,0.0,0.0,0.0,0.0,0.0,0.0,8835.286637742885,195.07768481900212,0.95,0.0,0.0,0.0
51,contingent,node-026,0.0,0.0,7.823069753327264,0.0,0.0,7823.069753327264,0.0,0.0,8835.286637742885,195.07768481900212,0.95,-169.0062161194901,0.0,0.0
51,contingent,node-027,0.0,0.0,0.0,0.0,0.0,0.0,0.0,0.0,8835.286637742885,195.07768481900212,0.95,0.0,0.0,0.0
51,contingent,node-028,0.0,0.0,0.0,0.0,0.0,0.0,0.0,0.0,8835.286637742885,195.07768481900212,0.95,0.0,0.0,0.0
51,contingent,node-029,0.0,0.0,0.0,0.0,0.0,0.0,0.0,0.0,8835.286637742885,195.07768481900212,0.95,0.0,0.0,0.0
51,capped,node-000,0.0,0.0,0.0,0.0,0.0,0.0,0.0,0.0,8835.286637742885,202.346593803482,0.95,0.0,0.0,-1.9828501387211732
51,capped,node-001,0.0,47.06648981584776,47.06648981584776,0.0,47066.48981584776,47066.48981584776,0.0,0.0,8835.286637742885,202.346593803482,0.95,-33.75364057217562,0.0,0.0
51,capped,node-002,0.0,0.0,0.0,0.0,0.0,0.0,0.0,0.0,8835.286637742885,202.346593803482,0.95,0.0,0.0,0.0
51,capped,node-003,0.0,0.0,0.0,0.0,0.0,0.0,0.0,0.0,8835.286637742885,202.346593803482,0.95,-5.403782520044522,0.0,0.0
51,capped,node-004,0.0,0.0,0.0,0.0,0.0,0.0,0.0,0.0,8835.286637742885,202.346593803482,0.95,0.0,0.0,0.0
51,capped,node-005,0.0,0.0,0.0,0.0,0.0,0.0,0.0,0.0,8835.286637742885,202.346593803482,0.95,0.0,0.0,0.0
51,capped,node-006,0.0,0.0,0.0,0.0,0.0,0.0,0.0,0.0,8835.286637742885,202.346593803482,0.95,0.0,0.0,0.0
51,capped,node-007,0.0,0.0,0.0,0.0,0.0,0.0,0.0,0.0,8835.286637742885,202.346593803482,0.95,0.0,0.0,0.0
51,capped,node-008,0.0,0.0,0.0,0.0,0.0,0.0,0.0,0.0,8835.286637742885,202.346593803482,0.95,-10.689111277941919,0.0,0.0
51,capped,node-009,0.0,0.0,0.0,0.0,0.0,0.0,0.0,0.0,8835.286637742885,202.346593803482,0.95,0.0,0.0,0.0
51,capped,node-010,75.16387629543757,0.0,89.25657168406775,0.580758483736244,0.0,0.689646593411269,43.14121297139979,129.4236389141994,8835.286637742885,202.346593803482,0.95,-64.71181945709968,-12.942363891419937,-43.14121297139979
51,capped,node-011,0.0,0.0,0.0,0.0,0.0,0.0,0.0,0.0,8835.286637742885,202.346593803482,0.95,0.0,0.0,0.0
51,capped,node-012,0.0,0.0,0.0,0.0,0.0,0.0,0.0,0.0,8835.286637742885,202.346593803482,0.95,0.0,0.0,0.0
51,capped,node-013,0.0,0.0,0.0,0.0,0.0,0.0,0.0,0.0,8835.286637742885,202.346593803482,0.95,0.0,0.0,0.0
51,capped,node-014,0.0,0.0,0.0,0.0,0.0,0.0,0.0,0.0,8835.286637742885,202.346593803482,0.95,0.0,0.0,0.0
51,capped,node-015,0.0,0.0,0.0,0.0,0.0,0.0,0.0,0.0,8835.286637742885,202.346593803482,0.95,0.0,0.0,0.0
51,capped,node-016,0.0,0.0,9.631437229799323,0.0,0.0,9631.437229799323,0.0,0.0,8835.286637742885,202.346593803482,0.95,-37.24187497225671,0.0,0.0
51,capped,node-017,0.0,0.0,0.0,0.0,0.0,0.0,0.0,0.0,8835.286637742885,202.346593803482,0.95,0.0,0.0,0.0
51,capped,node-018,0.0,0.0,0.0,0.0,0.0,0.0,0.0,0.0,8835.286637742885,202.346593803482,0.95,0.0,0.0,0.0
51,capped,node-019,0.0,0.0,0.0,0.0,0.0,0.0,0.0,0.0,8835.286637742885,202.346593803482,0.95,0.0,0.0,0.0
51,capped,node-020,0.0,0.0,0.0,0.0,0.0,0.0,0.0,0.0,8835.286637742885,202.346593803482,0.95,0.0,0.0,0.0
51,capped,node-021,0.0,0.0,0.0,0.0,0.0,0.0,0.0,0.0,8835.286637742885,202.346593803482,0.95,-3.5060246866003073,0.0,0.0
51,capped,node-022,18.230738722320655,11.38082674981715,24.83805617741862,0.25,0.15606645077803577,0.3406068255891401,24.307651629760873,72.92295488928262,8835.286637742885,202.346593803482,0.95,-71.6801792436966,-7.292295488928257,-24.307651629760873
51,capped,node-023,0.0,0.0,0.0,0.0,0.0,0.0,0.0,0.0,8835.286637742885,202.346593803482,0.95,0.0,0.0,0.0
51,capped,node-024,0.0,0.0,0.0,0.0,0.0,0.0,0.0,0.0,8835.286637742885,202.346593803482,0.95,0.0,0.0,0.0
51,capped,node-025,0.0,0.0,0.0,0.0,0.0,0.0,0.0,0.0,8835.286637742885,202.346593803482,0.95,0.0,0.0,0.0
51,capped,node-026,0.0,0.0,7.823069753327264,0.0,0.0,7823.069753327264,0.0,0.0,8835.286637742885,202.346593803482,0.95,-42.25155402987252,0.0,0.0
51,capped,node-027,0.0,0.0,0.0,0.0,0.0,0.0,0.0,0.0,8835.286637742885,202.346593803482,0.95,0.0,0.0,0.0
51,capped,node-028,0.0,0.0,0.0,0.0,0.0,0.0,0.0,0.0,8835.286637742885,202.346593803482,0.95,0.0,0.0,0.0
51,capped,node-029,0.0,0.0,0.0,0.0,0.0,0.0,0.0,0.0,8835.286637742885,202.346593803482,0.95,0.0,0.0,0.0
51,proper_scoring,node-000,0.0,0.0,0.0,0.0,0.0,0.0,0.0,0.0,8835.286637742885,1143.2848400116618,0.95,0.0,0.0,96.85007523378296
51,proper_scoring,node-001,96.85007523378296,487.5504181417946,911.4883235907978,96850.07523378296,487550.41814179457,911488.3235907977,0.0,0.0,8835.286637742885,1143.2848400116618,0.95,-135.01456228870248,0.0,0.0
51,proper_scoring,node-002,0.0,0.0,0.0,0.0,0.0,0.0,0.0,0.0,8835.286637742885,1143.2848400116618,0.95,0.0,0.0,0.0
51,proper_scoring,node-003,0.0,0.0,139.72372733420636,0.0,0.0,139723.72733420634,0.0,0.0,8835.286637742885,1143.2848400116618,0.95,-21.615130080178087,0.0,0.0
51,proper_scoring,node-004,0.0,0.0,0.0,0.0,0.0,0.0,0.0,0.0,8835.286637742885,1143.2848400116618,0.95,0.0,0.0,0.0
51,proper_scoring,node-005,0.0,0.0,0.0,0.0,0.0,0.0,0.0,0.0,8835.286637742885,1143.2848400116618,0.95,0.0,0.0,0.0
51,proper_scoring,node-006,0.0,0.0,0.0,0.0,0.0,0.0,0.0,0.0,8835.286637742885,1143.2848400116618,0.95,0.0,0.0,0.0
51,proper_scoring,node-007,0.0,0.0,0.0,0.0,0.0,0.0,0.0,0.0,8835.286637742885,1143.2848400116618,0.95,0.0,0.0,0.0
51,proper_scoring,node-008,0.0,0.0,39.31088872205808,0.0,0.0,39310.88872205808,0.0,0.0,8835.286637742885,1143.2848400116618,0.95,-42.75644511176769,0.0,0.0
51,proper_scoring,node-009,0.0,0.0,0.0,0.0,0.0,0.0,0.0,0.0,8835.286637742885,1143.2848400116618,0.95,0.0,0.0,0.0
51,proper_scoring,node-010,32.355909728549705,0.12737246998085539,64.83919192708049,0.051416020488050614,0.00020240461730459955,0.10303444559340619,543.013840501419,629.2962664442186,8835.286637742885,1143.2848400116618,0.95,-629.2962664442186,-12.942363891420086,-543.013840501419
51,proper_scoring,node-011,0.0,0.0,0.0,0.0,0.0,0.0,0.0,0.0,8835.286637742885,1143.2848400116618,0.95,0.0,0.0,0.0
51,proper_scoring,node-012,0.0,0.0,0.0,0.0,0.0,0.0,0.0,0.0,8835.286637742885,1143.2848400116618,0.95,0.0,0.0,0.0
51,proper_scoring,node-013,0.0,0.0,0.0,0.0,0.0,0.0,0.0,0.0,8835.286637742885,1143.2848400116618,0.95,0.0,0.0,0.0
51,proper_scoring,node-014,0.0,0.0,0.0,0.0,0.0,0.0,0.0,0.0,8835.286637742885,1143.2848400116618,0.95,0.0,0.0,0.0
51,proper_scoring,node-015,0.0,0.0,0.0,0.0,0.0,0.0,0.0,0.0,8835.286637742885,1143.2848400116618,0.95,0.0,0.0,0.0
51,proper_scoring,node-016,0.0,0.0,339.5281901918659,0.0,0.0,339528.1901918659,0.0,0.0,8835.286637742885,1143.2848400116618,0.95,-148.96749988902687,0.0,0.0
51,proper_scoring,node-017,0.0,0.0,0.0,0.0,0.0,0.0,0.0,0.0,8835.286637742885,1143.2848400116618,0.95,0.0,0.0,0.0
51,proper_scoring,node-018,0.0,0.0,0.0,0.0,0.0,0.0,0.0,0.0,8835.286637742885,1143.2848400116618,0.95,0.0,0.0,0.0
51,proper_scoring,node-019,0.0,0.0,0.0,0.0,0.0,0.0,0.0,0.0,8835.286637742885,1143.2848400116618,0.95,0.0,0.0,0.0
51,proper_scoring,node-020,0.0,0.0,0.0,0.0,0.0,0.0,0.0,0.0,8835.286637742885,1143.2848400116618,0.95,0.0,0.0,0.0
51,proper_scoring,node-021,0.0,0.0,46.493975313399694,0.0,0.0,46493.97531339969,0.0,0.0,8835.286637742885,1143.2848400116618,0.95,-14.02409874640123,0.0,0.0
51,proper_scoring,node-022,16.413511476200654,163.04629908717664,376.8701159150005,0.031933611602062095,0.3172177504949581,0.7332266421785528,465.37327030792153,513.9885735674433,8835.286637742885,1143.2848400116618,0.95,-654.8633807636644,-6.565404590480341,-465.37327030792153
51,proper_scoring,node-023,0.0,0.0,0.0,0.0,0.0,0.0,0.0,0.0,8835.286637742885,1143.2848400116618,0.95,0.0,0.0,0.0
51,proper_scoring,node-024,0.0,0.0,0.0,0.0,0.0,0.0,0.0,0.0,8835.286637742885,1143.2848400116618,0.95,0.0,0.0,0.0
51,proper_scoring,node-025,0.0,0.0,0.0,0.0,0.0,0.0,0.0,0.0,8835.286637742885,1143.2848400116618,0.95,0.0,0.0,0.0
51,proper_scoring,node-026,0.0,0.0,457.74844597012753,0.0,0.0,457748.44597012753,0.0,0.0,8835.286637742885,1143.2848400116618,0.95,-169.0062161194901,0.0,0.0
51,proper_scoring,node-027,0.0,0.0,0.0,0.0,0.0,0.0,0.0,0.0,8835.286637742885,1143.2848400116618,0.95,0.0,0.0,0.0
51,proper_scoring,node-028,0.0,0.0,0.0,0.0,0.0,0.0,0.0,0.0,8835.286637742885,1143.2848400116618,0.95,0.0,0.0,0.0
51,proper_scoring,node-029,0.0,0.0,0.0,0.0,0.0,0.0,0.0,0.0,8835.286637742885,1143.2848400116618,0.95,0.0,0.0,0.0
51,audits,node-000,0.0,0.0,0.0,0.0,0.0,0.0,0.0,0.0,8835.286637742885,1108.9722418747913,0.95,0.0,0.0,96.85007523378296
51,audits,node-001,96.85007523378296,447.0664898158477,866.2463594278244,96850.07523378296,447066.4898158477,866246.3594278244,0.0,0.0,8835.286637742885,1108.9722418747913,0.95,-2033.7536405721758,0.0,0.0
51,audits,node-002,0.0,0.0,0.0,0.0,0.0,0.0,0.0,0.0,8835.286637742885,1108.9722418747913,0.95,0.0,0.0,0.0
51,audits,node-003,0.0,0.0,103.08166359285613,0.0,0.0,103081.66359285613,0.0,0.0,8835.286637742885,1108.9722418747913,0.95,-668.8326444205572,0.0,0.0
51,audits,node-004,0.0,0.0,0.0,0.0,0.0,0.0,0.0,0.0,8835.286637742885,1108.9722418747913,0.95,0.0,0.0,0.0
51,audits,node-005,0.0,0.0,0.0,0.0,0.0,0.0,0.0,0.0,8835.286637742885,1108.9722418747913,0.95,0.0,0.0,0.0
51,audits,node-006,0.0,0.0,0.0,0.0,0.0,0.0,0.0,0.0,8835.286637742885,1108.9722418747913,0.95,0.0,0.0,0.0
51,audits,node-007,0.0,0.0,0.0,0.0,0.0,0.0,0.0,0.0,8835.286637742885,1108.9722418747913,0.95,0.0,0.0,0.0
51,audits,node-008,0.0,0.0,39.31088872205808,0.0,0.0,39310.88872205808,0.0,0.0,8835.286637742885,1108.9722418747913,0.95,-60.68911127794192,0.0,0.0
51,audits,node-009,0.0,0.0,0.0,0.0,0.0,0.0,0.0,0.0,8835.286637742885,1108.9722418747913,0.95,0.0,0.0,0.0
51,audits,node-010,32.355909728549705,0.12737246998085539,64.83919192708049,0.051416020488050614,0.00020240461730459955,0.10303444559340619,543.013840501419,629.2962664442186,8835.286637742885,1108.9722418747913,0.95,-1064.584446987119,-12.942363891420086,-543.013840501419
51,audits,node-011,0.0,0.0,0.0,0.0,0.0,0.0,0.0,0.0,8835.286637742885,1108.9722418747913,0.95,0.0,0.0,0.0
51,audits,node-012,0.0,0.0,0.0,0.0,0.0,0.0,0.0,0.0,8835.286637742885,1108.9722418747913,0.95,0.0,0.0,0.0
51,audits,node-013,0.0,0.0,0.0,0.0,0.0,0.0,0.0,0.0,8835.286637742885,1108.9722418747913,0.95,0.0,0.0,0.0
51,audits,node-014,0.0,0.0,0.0,0.0,0.0,0.0,0.0,0.0,8835.286637742885,1108.9722418747913,0.95,0.0,0.0,0.0
51,audits,node-015,0.0,0.0,0.0,0.0,0.0,0.0,0.0,0.0,8835.286637742885,1108.9722418747913,0.95,0.0,0.0,0.0
51,audits,node-016,0.0,0.0,262.7581250277433,0.0,0.0,262758.1250277433,0.0,0.0,8835.286637742885,1108.9722418747913,0.95,-537.2418749722567,0.0,0.0
51,audits,node-017,0.0,0.0,0.0,0.0,0.0,0.0,0.0,0.0,8835.286637742885,1108.9722418747913,0.95,0.0,0.0,0.0
51,audits,node-018,0.0,0.0,0.0,0.0,0.0,0.0,0.0,0.0,8835.286637742885,1108.9722418747913,0.95,0.0,0.0,0.0
51,audits,node-019,0.0,0.0,0.0,0.0,0.0,0.0,0.0,0.0,8835.286637742885,1108.9722418747913,0.95,0.0,0.0,0.0
51,audits,node-020,0.0,0.0,0.0,0.0,0.0,0.0,0.0,0.0,8835.286637742885,1108.9722418747913,0.95,0.0,0.0,0.0
51,audits,node-021,0.0,0.0,46.493975313399694,0.0,0.0,46493.97531339969,0.0,0.0,8835.286637742885,1108.9722418747913,0.95,-53.506024686600306,0.0,0.0
51,audits,node-022,18.230738722320552,154.62780620852686,338.8108061040326,0.0380063619111965,0.3223588716731704,0.7063326567479327,431.0606721710511,479.67597543057286,8835.286637742885,1108.9722418747913,0.95,-2478.4331997849868,-7.292295488928403,-431.0606721710511
51,audits,node-023,0.0,0.0,0.0,0.0,0.0,0.0,0.0,0.0,8835.286637742885,1108.9722418747913,0.95,0.0,0.0,0.0
51,audits,node-024,0.0,0.0,0.0,0.0,0.0,0.0,0.0,0.0,8835.286637742885,1108.9722418747913,0.95,0.0,0.0,0.0
51,audits,node-025,0.0,0.0,0.0,0.0,0.0,0.0,0.0,0.0,8835.286637742885,1108.9722418747913,0.95,0.0,0.0,0.0
51,audits,node-026,0.0,0.0,457.74844597012753,0.0,0.0,457748.44597012753,0.0,0.0,8835.286637742885,1108.9722418747913,0.95,-542.2515540298724,0.0,0.0
51,audits,node-027,0.0,0.0,0.0,0.0,0.0,0.0,0.0,0.0,8835.286637742885,1108.9722418747913,0.95,0.0,0.0,0.0
51,audits,node-028,0.0,0.0,0.0,0.0,0.0,0.0,0.0,0.0,8835.286637742885,1108.9722418747913,0.95,0.0,0.0,0.0
51,audits,node-029,0.0,0.0,0.0,0.0,0.0,0.0,0.0,0.0,8835.286637742885,1108.9722418747913,0.95,0.0,0.0,0.0
43,greedy,node-000,0.0,0.0,0.0,0.0,0.0,0.0,0.0,0.0,5985.066700771772,200.18385037343842,0.7,0.0,0.0,-46.00988507397199
43,greedy,node-001,0.0,0.0,0.0,0.0,0.0,0.0,19.582151589208507,58.74645476762552,5985.066700771772,200.18385037343842,0.7,-65.5920366631805,-5.874645476762549,-19.582151589208507
43,greedy,node-002,0.0,0.0,0.0,0.0,0.0,0.0,0.0,0.0,5985.066700771772,200.18385037343842,0.7,0.0,0.0,0.0
43,greedy,node-003,0.0,0.0,0.0,0.0,0.0,0.0,0.0,0.0,5985.066700771772,200.18385037343842,0.7,0.0,0.0,0.0
43,greedy,node-004,0.0,0.0,0.0,0.0,0.0,0.0,0.0,0.0,5985.066700771772,200.18385037343842,0.7,0.0,0.0,0.0
43,greedy,node-005,0.0,0.0,0.0,0.0,0.0,0.0,0.0,0.0,5985.066700771772,200.18385037343842,0.7,0.0,0.0,0.0
43,greedy,node-006,0.0,0.0,0.0,0.0,0.0,0.0,0.0,0.0,5985.066700771772,200.18385037343842,0.7,0.0,0.0,0.0
43,greedy,node-007,0.0,0.0,0.0,0.0,0.0,0.0,0.0,0.0,5985.066700771772,200.18385037343842,0.7,-14.144378406029722,0.0,0.0
43,greedy,node-008,0.0,0.0,0.0,0.0,0.0,0.0,0.0,0.0,5985.066700771772,200.18385037343842,0.7,0.0,0.0,0.0
43,greedy,node-009,0.0,0.0,0.0,0.0,0.0,0.0,0.0,0.0,5985.066700771772,200.18385037343842,0.7,0.0,0.0,0.0
43,greedy,node-010,0.0,0.0,0.0,0.0,0.0,0.0,0.0,0.0,5985.066700771772,200.18385037343842,0.7,0.0,0.0,0.0
43,greedy,node-011,0.0,0.0,0.0,0.0,0.0,0.0,0.0,0.0,5985.066700771772,200.18385037343842,0.7,0.0,0.0,0.0
43,greedy,node-012,0.0,0.0,0.0,0.0,0.0,0.0,0.0,0.0,5985.066700771772,200.18385037343842,0.7,0.0,0.0,0.0
43,greedy,node-013,0.0,0.0,0.0,0.0,0.0,0.0,0.0,0.0,5985.066700771772,200.18385037343842,0.7,0.0,0.0,0.0
43,greedy,node-014,0.0,0.0,0.0,0.0,0.0,0.0,0.0,0.0,5985.066700771772,200.18385037343842,0.7,0.0,0.0,0.0
43,greedy,node-015,21.984173916378303,0.0,21.984173916378303,0.15543395593657824,0.0,0.15543395593657824,47.14579853527096,141.43739560581287,5985.066700771772,200.18385037343842,0.7,-81.53512195132583,-4.942036430752246,-47.14579853527096
43,greedy,node-016,0.0,0.0,0.0,0.0,0.0,0.0,0.0,0.0,5985.066700771772,200.18385037343842,0.7,0.0,0.0,0.0
43,greedy,node-017,0.0,0.0,0.0,0.0,0.0,0.0,0.0,0.0,5985.066700771772,200.18385037343842,0.7,0.0,0.0,0.0
43,greedy,node-018,0.0,0.0,0.0,0.0,0.0,0.0,0.0,0.0,5985.066700771772,200.18385037343842,0.7,0.0,0.0,0.0
43,greedy,node-019,0.0,0.0,0.0,0.0,0.0,0.0,0.0,0.0,5985.066700771772,200.18385037343842,0.7,0.0,0.0,0.0
43,greedy,node-020,0.0,0.0,0.0,0.0,0.0,0.0,0.0,0.0,5985.066700771772,200.18385037343842,0.7,0.0,0.0,0.0
43,greedy,node-021,0.0,0.0,0.0,0.0,0.0,0.0,0.0,0.0,5985.066700771772,200.18385037343842,0.7,0.0,0.0,0.0
43,greedy,node-022,0.0,0.0,0.0,0.0,0.0,0.0,0.0,0.0,5985.066700771772,200.18385037343842,0.7,0.0,0.0,0.0
43,greedy,node-023,0.0,0.0,0.0,0.0,0.0,0.0,0.0,0.0,5985.066700771772,200.18385037343842,0.7,0.0,0.0,0.0
43,greedy,node-024,0.0,0.0,0.0,0.0,0.0,0.0,0.0,0.0,5985.066700771772,200.18385037343842,0.7,-7.150410470632295,0.0,0.0
43,greedy,node-025,0.0,0.0,0.0,0.0,0.0,0.0,0.0,0.0,5985.066700771772,200.18385037343842,0.7,0.0,0.0,0.0
43,greedy,node-026,0.0,0.0,0.0,0.0,0.0,0.0,0.0,0.0,5985.066700771772,200.18385037343842,0.7,0.0,0.0,0.0
43,greedy,node-027,0.0,0.0,0.0,0.0,0.0,0.0,0.0,0.0,5985.066700771772,200.18385037343842,0.7,0.0,0.0,0.0
43,greedy,node-028,0.0,0.0,0.0,0.0,0.0,0.0,0.0,0.0,5985.066700771772,200.18385037343842,0.7,-23.908431262722477,0.0,0.0
43,greedy,node-029,0.0,0.0,0.0,0.0,0.0,0.0,0.0,0.0,5985.066700771772,200.18385037343842,0.7,-32.75088412643963,0.0,0.0
43,trust_vcg,node-000,0.0,0.0,0.0,0.0,0.0,0.0,0.0,0.0,6832.5745001831965,-1008.446532658663,0.8,0.0,0.0,-670.3330907870825
43,trust_vcg,node-001,640.9598634032697,640.9598634032697,673.4944142340777,640959.8634032697,640959.8634032697,673494.4142340777,-640.9598634032697,-601.7955602248527,6832.5745001831965,-1008.446532658663,0.8,-10313.009189885828,-5.874645476762453,640.9598634032697
43,trust_vcg,node-002,0.0,91.59425058306348,234.51975071293668,0.0,91594.25058306348,234519.7507129367,0.0,0.0,6832.5745001831965,-1008.446532658663,0.8,-3955.742251528234,0.0,0.0
43,trust_vcg,node-003,0.0,0.0,296.389596551417,0.0,0.0,296389.596551417,0.0,0.0,6832.5745001831965,-1008.446532658663,0.8,-5703.6104034485825,0.0,0.0
43,trust_vcg,node-004,0.0,0.0,0.0,0.0,0.0,0.0,0.0,0.0,6832.5745001831965,-1008.446532658663,0.8,0.0,0.0,0.0
43,trust_vcg,node-005,0.0,0.0,0.0,0.0,0.0,0.0,0.0,0.0,6832.5745001831965,-1008.446532658663,0.8,0.0,0.0,0.0
43,trust_vcg,node-006,0.0,0.0,0.0,0.0,0.0,0.0,0.0,0.0,6832.5745001831965,-1008.446532658663,0.8,0.0,0.0,0.0
43,trust_vcg,node-007,0.0,0.0,40.412365625901415,0.0,0.0,40412.36562590142,0.0,0.0,6832.5745001831965,-1008.446532658663,0.8,-11155.777832459682,0.0,0.0
43,trust_vcg,node-008,0.0,0.0,0.0,0.0,0.0,0.0,0.0,0.0,6832.5745001831965,-1008.446532658663,0.8,-5554.250194111828,0.0,0.0
43,trust_vcg,node-009,59.634847947676505,0.0,89.44105187275787,59634.847947676506,0.0,89441.05187275786,0.0,0.0,6832.5745001831965,-1008.446532658663,0.8,-2310.5589481272423,0.0,0.0
43,trust_vcg,node-010,0.0,0.0,0.0,0.0,0.0,0.0,0.0,0.0,6832.5745001831965,-1008.446532658663,0.8,-2329.1962460230634,0.0,0.0
43,trust_vcg,node-011,44.192063549971365,65.89943142207981,65.89943142207981,44192.06354997137,65899.43142207981,65899.43142207981,0.0,0.0,6832.5745001831965,-1008.446532658663,0.8,-8902.956675457703,0.0,0.0
43,trust_vcg,node-012,0.0,0.0,53.16644995827318,0.0,0.0,53166.44995827318,0.0,0.0,6832.5745001831965,-1008.446532658663,0.8,-5648.233310534067,0.0,0.0
43,trust_vcg,node-013,0.0,0.0,0.0,0.0,0.0,0.0,0.0,0.0,6832.5745001831965,-1008.446532658663,0.8,0.0,0.0,0.0
43,trust_vcg,node-014,0.0,484.56208411932204,484.56208411932204,0.0,484562.084119322,484562.084119322,0.0,0.0,6832.5745001831965,-1008.446532658663,0.8,-5583.9150320936715,0.0,0.0
43,trust_vcg,node-015,0.0,0.0,96.17036600584049,0.0,0.0,96170.3660058405,0.0,0.0,6832.5745001831965,-1008.446532658663,0.8,-11020.507028212787,-274.9446136799887,0.0
43,trust_vcg,node-016,0.0,0.0,0.0,0.0,0.0,0.0,0.0,0.0,6832.5745001831965,-1008.446532658663,0.8,-4477.185222015538,0.0,0.0
43,trust_vcg,node-017,165.3803024951263,0.0,344.251592979508,165380.3024951263,0.0,344251.592979508,0.0,0.0,6832.5745001831965,-1008.446532658663,0.8,-5574.716031472497,0.0,0.0
43,trust_vcg,node-018,0.0,0.0,9.155101125235149,0.0,0.0,9155.101125235149,0.0,0.0,6832.5745001831965,-1008.446532658663,0.8,-590.8448988747648,0.0,0.0
43,trust_vcg,node-019,0.0,0.0,97.0573920884619,0.0,0.0,97057.3920884619,0.0,0.0,6832.5745001831965,-1008.446532658663,0.8,-2302.9426079115383,0.0,0.0
43,trust_vcg,node-020,0.0,0.0,0.0,0.0,0.0,0.0,0.0,0.0,6832.5745001831965,-1008.446532658663,0.8,0.0,0.0,0.0
43,trust_vcg,node-021,0.0,0.0,347.5249680829482,0.0,0.0,347524.9680829482,0.0,0.0,6832.5745001831965,-1008.446532658663,0.8,-5623.162717740978,0.0,0.0
43,trust_vcg,node-022,0.0,0.0,0.0,0.0,0.0,0.0,0.0,0.0,6832.5745001831965,-1008.446532658663,0.8,0.0,0.0,0.0
43,trust_vcg,node-023,0.0,0.0,0.0,0.0,0.0,0.0,0.0,0.0,6832.5745001831965,-1008.446532658663,0.8,-5662.813388310005,0.0,0.0
43,trust_vcg,node-024,0.0,0.0,422.44340823288627,0.0,0.0,422443.4082328863,0.0,0.0,6832.5745001831965,-1008.446532658663,0.8,-11107.734180008387,0.0,0.0
43,trust_vcg,node-025,0.0,0.0,0.0,0.0,0.0,0.0,0.0,0.0,6832.5745001831965,-1008.446532658663,0.8,0.0,0.0,0.0
43,trust_vcg,node-026,0.0,0.0,0.0,0.0,0.0,0.0,0.0,0.0,6832.5745001831965,-1008.446532658663,0.8,0.0,0.0,0.0
43,trust_vcg,node-027,0.0,0.0,201.5045212695311,0.0,0.0,201504.5212695311,0.0,0.0,6832.5745001831965,-1008.446532658663,0.8,-5599.623250611309,0.0,0.0
43,trust_vcg,node-028,589.810208663888,584.5297047251328,765.5780601922268,589810.208663888,584529.7047251328,765578.0601922268,-584.5297047251328,-406.6509724338108,6832.5745001831965,-1008.446532658663,0.8,-6065.368962233925,-26.681809843698375,584.5297047251328
43,trust_vcg,node-029,0.0,0.0,325.67653259772146,0.0,0.0,325676.53259772144,0.0,0.0,6832.5745001831965,-1008.446532658663,0.8,-8709.039103926856,0.0,0.0
43,contingent,node-000,0.0,0.0,0.0,0.0,0.0,0.0,0.0,0.0,6832.5745001831965,258.35251336100544,0.8,0.0,0.0,-15.457956285884064
43,contingent,node-001,0.0,36.041960243427425,225.40690027322069,0.0,0.7601753320917607,4.754146669983547,8.248390606648888,47.4126937850659,6832.5745001831965,258.35251336100544,0.8,-192.28793090253683,-4.741269378506587,-8.248390606648888
43,contingent,node-002,0.0,41.5942505830635,41.5942505830635,0.0,41594.2505830635,41594.2505830635,0.0,0.0,6832.5745001831965,258.35251336100544,0.8,-422.96900611293484,0.0,0.0
43,contingent,node-003,0.0,0.0,0.0,0.0,0.0,0.0,0.0,0.0,6832.5745001831965,258.35251336100544,0.8,-814.441613794332,0.0,0.0
43,contingent,node-004,0.0,0.0,0.0,0.0,0.0,0.0,0.0,0.0,6832.5745001831965,258.35251336100544,0.8,0.0,0.0,0.0
43,contingent,node-005,0.0,0.0,0.0,0.0,0.0,0.0,0.0,0.0,6832.5745001831965,258.35251336100544,0.8,0.0,0.0,0.0
43,contingent,node-006,0.0,0.0,0.0,0.0,0.0,0.0,0.0,0.0,6832.5745001831965,258.35251336100544,0.8,0.0,0.0,0.0
43,contingent,node-007,0.0,0.0,0.0,0.0,0.0,0.0,0.0,0.0,6832.5745001831965,258.35251336100544,0.8,-623.1113298387321,0.0,0.0
43,contingent,node-008,0.0,0.0,0.0,0.0,0.0,0.0,0.0,0.0,6832.5745001831965,258.35251336100544,0.8,-404.09426366872253,0.0,0.0
43,contingent,node-009,0.0,0.0,0.0,0.0,0.0,0.0,0.0,0.0,6832.5745001831965,258.35251336100544,0.8,-442.2357925089685,0.0,0.0
43,contingent,node-010,0.0,0.0,0.0,0.0,0.0,0.0,0.0,0.0,6832.5745001831965,258.35251336100544,0.8,-516.7849840922531,0.0,0.0
43,contingent,node-011,0.0,114.46929101699182,114.46929101699182,0.0,114469.29101699182,114469.29101699182,0.0,0.0,6832.5745001831965,258.35251336100544,0.8,-411.826701830808,0.0,0.0
43,contingent,node-012,0.0,0.0,3.16644995827318,0.0,0.0,3166.44995827318,0.0,0.0,6832.5745001831965,258.35251336100544,0.8,-592.933242136265,0.0,0.0
43,contingent,node-013,0.0,0.0,0.0,0.0,0.0,0.0,0.0,0.0,6832.5745001831965,258.35251336100544,0.8,0.0,0.0,0.0
43,contingent,node-014,0.0,134.56208411932204,166.22499695930563,0.0,134562.08411932204,166224.99695930563,0.0,0.0,6832.5745001831965,258.35251336100544,0.8,-335.6601283746835,0.0,0.0
43,contingent,node-015,0.5403051457486283,11.282442183889174,86.57186998720559,540.3051457486283,11282.442183889174,86571.86998720559,0.0,0.0,6832.5745001831965,258.35251336100544,0.8,-137.55729366421943,3.3602148156757687,0.0
43,contingent,node-016,0.0,0.0,0.0,0.0,0.0,0.0,0.0,0.0,6832.5745001831965,258.35251336100544,0.8,-308.7408880621521,0.0,0.0
43,contingent,node-017,16.780887552694843,102.11888343302272,167.80887552694847,16780.887552694843,102118.88343302271,167808.87552694845,0.0,0.0,6832.5745001831965,258.35251336100544,0.8,-298.864125889989,0.0,0.0
43,contingent,node-018,0.0,0.0,0.0,0.0,0.0,0.0,0.0,0.0,6832.5745001831965,258.35251336100544,0.8,-163.37959549905943,0.0,0.0
43,contingent,node-019,0.0,0.0,15.552780316583238,0.0,0.0,15552.780316583237,0.0,0.0,6832.5745001831965,258.35251336100544,0.8,-411.7704316461524,0.0,0.0
43,contingent,node-020,0.0,0.0,0.0,0.0,0.0,0.0,0.0,0.0,6832.5745001831965,258.35251336100544,0.8,0.0,0.0,0.0
43,contingent,node-021,0.0,0.0,47.5249680829482,0.0,0.0,47524.968082948195,0.0,0.0,6832.5745001831965,258.35251336100544,0.8,-492.65087096391,0.0,0.0
43,contingent,node-022,0.0,0.0,0.0,0.0,0.0,0.0,0.0,0.0,6832.5745001831965,258.35251336100544,0.8,0.0,0.0,0.0
43,contingent,node-023,0.0,0.0,0.0,0.0,0.0,0.0,0.0,0.0,6832.5745001831965,258.35251336100544,0.8,-651.2535532400208,0.0,0.0
43,contingent,node-024,0.0,0.0,22.542934838112863,0.0,0.0,22542.934838112862,0.0,0.0,6832.5745001831965,258.35251336100544,0.8,-608.4029727255673,0.0,0.0
43,contingent,node-025,0.0,0.0,0.0,0.0,0.0,0.0,0.0,0.0,6832.5745001831965,258.35251336100544,0.8,0.0,0.0,0.0
43,contingent,node-026,0.0,0.0,0.0,0.0,0.0,0.0,0.0,0.0,6832.5745001831965,258.35251336100544,0.8,0.0,0.0,0.0
43,contingent,node-027,0.0,30.48103811017066,101.5045212695311,0.0,30481.03811017066,101504.52126953109,0.0,0.0,6832.5745001831965,258.35251336100544,0.8,-398.4930024452367,0.0,0.0
43,contingent,node-028,65.08950945175995,0.0,223.2943741337146,0.3085690960702058,0.0,1.0585690960702059,33.06108728461744,210.9398195759395,6832.5745001831965,258.35251336100544,0.8,-232.65575512084695,-21.09398195759394,-33.06108728461744
43,contingent,node-029,0.0,45.67887724216101,126.60738778068442,0.0,45678.877242161005,126607.38778068441,0.0,0.0,6832.5745001831965,258.35251336100544,0.8,-238.74008697337456,0.0,0.0
43,capped,node-000,0.0,0.0,0.0,0.0,0.0,0.0,0.0,0.0,6832.5745001831965,325.56455320460856,0.8,0.0,0.0,-9.791075794604252
43,capped,node-001,0.0,72.43761855873547,286.8644559212771,0.0,1.2330551493748179,4.883093917002881,19.582151589208507,58.74645476762552,6832.5745001831965,325.56455320460856,0.8,-65.5920366631805,-5.874645476762549,-19.582151589208507
43,capped,node-002,0.0,41.5942505830635,41.5942505830635,0.0,41594.2505830635,41594.2505830635,0.0,0.0,6832.5745001831965,325.56455320460856,0.8,-105.74225152823374,0.0,0.0
43,capped,node-003,0.0,0.0,0.0,0.0,0.0,0.0,0.0,0.0,6832.5745001831965,325.56455320460856,0.8,-203.610403448583,0.0,0.0
43,capped,node-004,0.0,0.0,0.0,0.0,0.0,0.0,0.0,0.0,6832.5745001831965,325.56455320460856,0.8,0.0,0.0,0.0
43,capped,node-005,0.0,0.0,0.0,0.0,0.0,0.0,0.0,0.0,6832.5745001831965,325.56455320460856,0.8,0.0,0.0,0.0
43,capped,node-006,0.0,0.0,0.0,0.0,0.0,0.0,0.0,0.0,6832.5745001831965,325.56455320460856,0.8,0.0,0.0,0.0
43,capped,node-007,0.0,9.274098184136076,37.10874510566688,0.0,9274.098184136075,37108.74510566688,0.0,0.0,6832.5745001831965,325.56455320460856,0.8,-155.777832459683,0.0,0.0
43,capped,node-008,0.0,0.0,37.1138993730824,0.0,0.0,37113.89937308239,0.0,0.0,6832.5745001831965,325.56455320460856,0.8,-101.02356591718062,0.0,0.0
43,capped,node-009,0.0,0.0,0.0,0.0,0.0,0.0,0.0,0.0,6832.5745001831965,325.56455320460856,0.8,-110.55894812724213,0.0,0.0
43,capped,node-010,0.0,0.0,0.0,0.0,0.0,0.0,0.0,0.0,6832.5745001831965,325.56455320460856,0.8,-129.19624602306328,0.0,0.0
43,capped,node-011,0.0,165.89943142207974,176.6252772576667,0.0,165899.43142207974,176625.27725766672,0.0,0.0,6832.5745001831965,325.56455320460856,0.8,-102.95667545770202,0.0,0.0
43,capped,node-012,0.0,0.0,3.16644995827318,0.0,0.0,3166.44995827318,0.0,0.0,6832.5745001831965,325.56455320460856,0.8,-148.23331053406622,0.0,0.0
43,capped,node-013,0.0,0.0,0.0,0.0,0.0,0.0,0.0,0.0,6832.5745001831965,325.56455320460856,0.8,0.0,0.0,0.0
43,capped,node-014,0.0,134.56208411932204,166.22499695930563,0.0,134562.08411932204,166224.99695930563,0.0,0.0,6832.5745001831965,325.56455320460856,0.8,-83.91503209367087,0.0,0.0
43,capped,node-015,5.4082120742096915,68.77864683210971,188.58319414108385,5408.212074209691,68778.64683210972,188583.19414108383,0.0,0.0,6832.5745001831965,325.56455320460856,0.8,-34.389323416054864,9.201703129829045,0.0
43,capped,node-016,0.0,0.0,0.0,0.0,0.0,0.0,0.0,0.0,6832.5745001831965,325.56455320460856,0.8,-77.18522201553802,0.0,0.0
43,capped,node-017,16.780887552694843,139.51702704974318,167.80887552694847,16780.887552694843,139517.02704974316,167808.87552694845,0.0,0.0,6832.5745001831965,325.56455320460856,0.8,-74.71603147249724,0.0,0.0
43,capped,node-018,0.0,0.0,0.0,0.0,0.0,0.0,0.0,0.0,6832.5745001831965,325.56455320460856,0.8,-40.84489887476485,0.0,0.0
43,capped,node-019,0.0,0.0,15.552780316583238,0.0,0.0,15552.780316583237,0.0,0.0,6832.5745001831965,325.56455320460856,0.8,-102.9426079115381,0.0,0.0
43,capped,node-020,0.0,0.0,0.0,0.0,0.0,0.0,0.0,0.0,6832.5745001831965,325.56455320460856,0.8,0.0,0.0,0.0
43,capped,node-021,0.0,0.0,58.43061176451903,0.0,0.0,58430.611764519024,0.0,0.0,6832.5745001831965,325.56455320460856,0.8,-123.1627177409775,0.0,0.0
43,capped,node-022,0.0,0.0,0.0,0.0,0.0,0.0,0.0,0.0,6832.5745001831965,325.56455320460856,0.8,0.0,0.0,0.0
43,capped,node-023,0.0,0.0,0.0,0.0,0.0,0.0,0.0,0.0,6832.5745001831965,325.56455320460856,0.8,-162.81338831000522,0.0,0.0
43,capped,node-024,0.0,0.0,22.542934838112863,0.0,0.0,22542.934838112862,0.0,0.0,6832.5745001831965,325.56455320460856,0.8,-152.10074318139183,0.0,0.0
43,capped,node-025,0.0,0.0,0.0,0.0,0.0,0.0,0.0,0.0,6832.5745001831965,325.56455320460856,0.8,0.0,0.0,0.0
43,capped,node-026,0.0,0.0,0.0,0.0,0.0,0.0,0.0,0.0,6832.5745001831965,325.56455320460856,0.8,0.0,0.0,0.0
43,capped,node-027,0.0,102.19046182765041,102.19046182765041,0.0,102190.4618276504,102190.4618276504,0.0,0.0,6832.5745001831965,325.56455320460856,0.8,-99.62325061130919,0.0,0.0
43,capped,node-028,55.89428937119254,0.0,242.10898932143294,0.20948462528824155,0.0,0.9073934292302668,88.93936614566104,266.81809843698306,6832.5745001831965,325.56455320460856,0.8,-138.83803310471842,-26.681809843698318,-88.93936614566104
43,capped,node-029,0.0,90.25531666397742,157.9468041619605,0.0,90255.31666397743,157946.8041619605,0.0,0.0,6832.5745001831965,325.56455320460856,0.8,-59.68502174334364,0.0,0.0
43,proper_scoring,node-000,0.0,0.0,0.0,0.0,0.0,0.0,0.0,0.0,6832.5745001831965,1016.2622078717189,0.8,0.0,0.0,344.6584427785469
43,proper_scoring,node-001,0.0,425.11253869027934,539.2774842632612,0.0,1.0431464799674464,1.3232858554773652,368.3647896710799,407.5290928494969,6832.5745001831965,1016.2622078717189,0.8,-552.4043299669679,-4.741269378506729,-368.3647896710799
43,proper_scoring,node-002,0.0,91.59425058306348,234.51975071293668,0.0,91594.25058306348,234519.7507129367,0.0,0.0,6832.5745001831965,1016.2622078717189,0.8,-407.1903316997841,0.0,0.0
43,proper_scoring,node-003,0.0,0.0,296.389596551417,0.0,0.0,296389.596551417,0.0,0.0,6832.5745001831965,1016.2622078717189,0.8,-623.2223670949234,0.0,0.0
43,proper_scoring,node-004,0.0,0.0,0.0,0.0,0.0,0.0,0.0,0.0,6832.5745001831965,1016.2622078717189,0.8,0.0,0.0,0.0
43,proper_scoring,node-005,0.0,0.0,0.0,0.0,0.0,0.0,0.0,0.0,6832.5745001831965,1016.2622078717189,0.8,0.0,0.0,0.0
43,proper_scoring,node-006,0.0,0.0,0.0,0.0,0.0,0.0,0.0,0.0,6832.5745001831965,1016.2622078717189,0.8,0.0,0.0,0.0
43,proper_scoring,node-007,421.0147041421807,0.0,589.3956256665016,421014.7041421807,0.0,589395.6256665016,0.0,0.0,6832.5745001831965,1016.2622078717189,0.8,-528.4303030936844,0.0,0.0
43,proper_scoring,node-008,0.0,0.0,241.51117918508498,0.0,0.0,241511.17918508497,0.0,0.0,6832.5745001831965,1016.2622078717189,0.8,-391.89034149750637,0.0,0.0
43,proper_scoring,node-009,59.634847947676505,0.0,89.44105187275787,59634.847947676506,0.0,89441.05187275786,0.0,0.0,6832.5745001831965,1016.2622078717189,0.8,-310.5589481272421,0.0,0.0
43,proper_scoring,node-010,0.0,0.0,0.0,0.0,0.0,0.0,0.0,0.0,6832.5745001831965,1016.2622078717189,0.8,-329.1962460230633,0.0,0.0
43,proper_scoring,node-011,44.192063549971365,565.8994314220797,565.8994314220797,44192.06354997137,565899.4314220797,565899.4314220797,0.0,0.0,6832.5745001831965,1016.2622078717189,0.8,-410.149131225505,0.0,0.0
43,proper_scoring,node-012,0.0,0.0,269.8452823694027,0.0,0.0,269845.2823694027,0.0,0.0,6832.5745001831965,1016.2622078717189,0.8,-496.5884929434601,0.0,0.0
43,proper_scoring,node-013,0.0,0.0,0.0,0.0,0.0,0.0,0.0,0.0,6832.5745001831965,1016.2622078717189,0.8,0.0,0.0,0.0
43,proper_scoring,node-014,0.0,484.56208411932204,484.56208411932204,0.0,484562.084119322,484562.084119322,0.0,0.0,6832.5745001831965,1016.2622078717189,0.8,-335.6601283746835,0.0,0.0
43,proper_scoring,node-015,443.1540662717145,761.2643118827962,761.2643118827962,443154.0662717145,761264.3118827961,761264.3118827961,0.0,0.0,6832.5745001831965,1016.2622078717189,0.8,-137.55729366421943,232.6588479350752,0.0
43,proper_scoring,node-016,0.0,0.0,159.540573398199,0.0,0.0,159540.573398199,0.0,0.0,6832.5745001831965,1016.2622078717189,0.8,-308.7408880621521,0.0,0.0
43,proper_scoring,node-017,352.38314154643695,502.11888343302275,502.11888343302275,352383.14154643693,502118.8834330227,502118.8834330227,0.0,0.0,6832.5745001831965,1016.2622078717189,0.8,-298.864125889989,0.0,0.0
43,proper_scoring,node-018,0.0,0.0,9.155101125235149,0.0,0.0,9155.101125235149,0.0,0.0,6832.5745001831965,1016.2622078717189,0.8,-90.84489887476485,0.0,0.0
43,proper_scoring,node-019,0.0,0.0,97.0573920884619,0.0,0.0,97057.3920884619,0.0,0.0,6832.5745001831965,1016.2622078717189,0.8,-302.9426079115381,0.0,0.0
43,proper_scoring,node-020,0.0,0.0,0.0,0.0,0.0,0.0,0.0,0.0,6832.5745001831965,1016.2622078717189,0.8,0.0,0.0,0.0
43,proper_scoring,node-021,0.0,0.0,347.5249680829482,0.0,0.0,347524.9680829482,0.0,0.0,6832.5745001831965,1016.2622078717189,0.8,-451.799357185678,0.0,0.0
43,proper_scoring,node-022,0.0,0.0,0.0,0.0,0.0,0.0,0.0,0.0,6832.5745001831965,1016.2622078717189,0.8,0.0,0.0,0.0
43,proper_scoring,node-023,0.0,0.0,167.27934075273942,0.0,0.0,167279.3407527394,0.0,0.0,6832.5745001831965,1016.2622078717189,0.8,-529.3349950607139,0.0,0.0
43,proper_scoring,node-024,0.0,0.0,638.3465627605186,0.0,0.0,638346.5627605186,0.0,0.0,6832.5745001831965,1016.2622078717189,0.8,-517.9308420337825,0.0,0.0
43,proper_scoring,node-025,0.0,0.0,0.0,0.0,0.0,0.0,0.0,0.0,6832.5745001831965,1016.2622078717189,0.8,0.0,0.0,0.0
43,proper_scoring,node-026,0.0,0.0,0.0,0.0,0.0,0.0,0.0,0.0,6832.5745001831965,1016.2622078717189,0.8,0.0,0.0,0.0
43,proper_scoring,node-027,0.0,202.19046182765038,288.3163739087596,0.0,202190.46182765038,288316.3739087596,0.0,0.0,6832.5745001831965,1016.2622078717189,0.8,-398.4930024452367,0.0,0.0
43,proper_scoring,node-028,74.42612120785515,2.2067045537173158,250.19397273619387,0.12226395997059923,0.003625077228855471,0.41100765928770017,430.8543827309001,608.7331150222221,6832.5745001831965,1016.2622078717189,0.8,-630.4490505671296,-24.52450968927934,-430.8543827309001
43,proper_scoring,node-029,0.0,443.817166876235,614.7687654053776,0.0,443817.166876235,614768.7654053776,0.0,0.0,6832.5745001831965,1016.2622078717189,0.8,-238.74008697337456,0.0,0.0
43,audits,node-000,0.0,0.0,0.0,0.0,0.0,0.0,0.0,0.0,6832.5745001831965,491.5534673413366,0.8,0.0,0.0,-170.3330907870824
43,audits,node-001,140.9598634032697,140.9598634032697,173.4944142340778,140959.8634032697,140959.8634032697,173494.4142340778,-140.9598634032697,-101.79556022485266,6832.5745001831965,491.5534673413366,0.8,-2313.0091898858277,-5.87464547676251,140.9598634032697
43,audits,node-002,0.0,91.59425058306348,234.51975071293668,0.0,91594.25058306348,234519.7507129367,0.0,0.0,6832.5745001831965,491.5534673413366,0.8,-955.7422515282337,0.0,0.0
43,audits,node-003,0.0,0.0,296.389596551417,0.0,0.0,296389.596551417,0.0,0.0,6832.5745001831965,491.5534673413366,0.8,-1703.610403448583,0.0,0.0
43,audits,node-004,0.0,0.0,0.0,0.0,0.0,0.0,0.0,0.0,6832.5745001831965,491.5534673413366,0.8,0.0,0.0,0.0
43,audits,node-005,0.0,0.0,0.0,0.0,0.0,0.0,0.0,0.0,6832.5745001831965,491.5534673413366,0.8,0.0,0.0,0.0
43,audits,node-006,0.0,0.0,0.0,0.0,0.0,0.0,0.0,0.0,6832.5745001831965,491.5534673413366,0.8,0.0,0.0,0.0
43,audits,node-007,0.0,0.0,40.412365625901415,0.0,0.0,40412.36562590142,0.0,0.0,6832.5745001831965,491.5534673413366,0.8,-2655.7778324596825,0.0,0.0
43,audits,node-008,0.0,0.0,241.51117918508498,0.0,0.0,241511.17918508497,0.0,0.0,6832.5745001831965,491.5534673413366,0.8,-1554.250194111828,0.0,0.0
43,audits,node-009,59.634847947676505,0.0,89.44105187275787,59634.847947676506,0.0,89441.05187275786,0.0,0.0,6832.5745001831965,491.5534673413366,0.8,-310.5589481272421,0.0,0.0
43,audits,node-010,0.0,0.0,0.0,0.0,0.0,0.0,0.0,0.0,6832.5745001831965,491.5534673413366,0.8,-329.1962460230633,0.0,0.0
43,audits,node-011,44.192063549971365,565.8994314220797,565.8994314220797,44192.06354997137,565899.4314220797,565899.4314220797,0.0,0.0,6832.5745001831965,491.5534673413366,0.8,-1902.9566754577022,0.0,0.0
43,audits,node-012,0.0,0.0,53.16644995827318,0.0,0.0,53166.44995827318,0.0,0.0,6832.5745001831965,491.5534673413366,0.8,-1648.233310534066,0.0,0.0
43,audits,node-013,0.0,0.0,0.0,0.0,0.0,0.0,0.0,0.0,6832.5745001831965,491.5534673413366,0.8,0.0,0.0,0.0
43,audits,node-014,0.0,484.56208411932204,484.56208411932204,0.0,484562.084119322,484562.084119322,0.0,0.0,6832.5745001831965,491.5534673413366,0.8,-1583.915032093671,0.0,0.0
43,audits,node-015,432.954387628138,72.23109033183377,432.954387628138,432954.387628138,72231.09033183377,432954.387628138,0.0,0.0,6832.5745001831965,491.5534673413366,0.8,-2520.5070282127863,225.05538632001128,0.0
43,audits,node-016,0.0,0.0,122.81477798446198,0.0,0.0,122814.77798446198,0.0,0.0,6832.5745001831965,491.5534673413366,0.8,-1477.185222015538,0.0,0.0
43,audits,node-017,165.3803024951263,0.0,344.251592979508,165380.3024951263,0.0,344251.592979508,0.0,0.0,6832.5745001831965,491.5534673413366,0.8,-1574.7160314724972,0.0,0.0
43,audits,node-018,0.0,0.0,9.155101125235149,0.0,0.0,9155.101125235149,0.0,0.0,6832.5745001831965,491.5534673413366,0.8,-90.84489887476485,0.0,0.0
43,audits,node-019,0.0,0.0,97.0573920884619,0.0,0.0,97057.3920884619,0.0,0.0,6832.5745001831965,491.5534673413366,0.8,-302.9426079115381,0.0,0.0
43,audits,node-020,0.0,0.0,0.0,0.0,0.0,0.0,0.0,0.0,6832.5745001831965,491.5534673413366,0.8,0.0,0.0,0.0
43,audits,node-021,0.0,0.0,347.5249680829482,0.0,0.0,347524.9680829482,0.0,0.0,6832.5745001831965,491.5534673413366,0.8,-1623.1627177409775,0.0,0.0
43,audits,node-022,0.0,0.0,0.0,0.0,0.0,0.0,0.0,0.0,6832.5745001831965,491.5534673413366,0.8,0.0,0.0,0.0
43,audits,node-023,0.0,0.0,0.0,0.0,0.0,0.0,0.0,0.0,6832.5745001831965,491.5534673413366,0.8,-1662.8133883100052,0.0,0.0
43,audits,node-024,0.0,0.0,422.44340823288627,0.0,0.0,422443.4082328863,0.0,0.0,6832.5745001831965,491.5534673413366,0.8,-2607.734180008388,0.0,0.0
43,audits,node-025,0.0,0.0,0.0,0.0,0.0,0.0,0.0,0.0,6832.5745001831965,491.5534673413366,0.8,0.0,0.0,0.0
43,audits,node-026,0.0,0.0,0.0,0.0,0.0,0.0,0.0,0.0,6832.5745001831965,491.5534673413366,0.8,0.0,0.0,0.0
43,audits,node-027,0.0,202.19046182765038,288.3163739087596,0.0,202190.46182765038,288316.3739087596,0.0,0.0,6832.5745001831965,491.5534673413366,0.8,-1599.6232506113092,0.0,0.0
43,audits,node-028,89.81020866388809,0.0,265.5780601922268,0.15136151656348606,0.0,0.4475916330082821,415.47029527486717,593.3490275661892,6832.5745001831965,491.5534673413366,0.8,-2065.3689622339243,-26.68180984369826,-415.47029527486717
43,audits,node-029,0.0,0.0,325.67653259772146,0.0,0.0,325676.53259772144,0.0,0.0,6832.5745001831965,491.5534673413366,0.8,-1709.0391039268566,0.0,0.0
55,greedy,node-000,0.0,0.0,0.0,0.0,0.0,0.0,0.0,0.0,8885.912817819355,202.88226184758645,1.0,0.0,0.0,0.0
55,greedy,node-001,0.0,0.0,0.0,0.0,0.0,0.0,0.0,0.0,8885.912817819355,202.88226184758645,1.0,0.0,0.0,0.0
55,greedy,node-002,0.0,0.0,0.0,0.0,0.0,0.0,0.0,0.0,8885.912817819355,202.88226184758645,1.0,0.0,0.0,0.0
55,greedy,node-003,0.0,0.0,0.0,0.0,0.0,0.0,0.0,0.0,8885.912817819355,202.88226184758645,1.0,0.0,0.0,0.0
55,greedy,node-004,0.0,0.0,0.0,0.0,0.0,0.0,0.0,0.0,8885.912817819355,202.88226184758645,1.0,0.0,0.0,0.0
55,greedy,node-005,0.0,0.0,0.0,0.0,0.0,0.0,0.0,0.0,8885.912817819355,202.88226184758645,1.0,0.0,0.0,0.0
55,greedy,node-006,0.0,0.0,0.0,0.0,0.0,0.0,0.0,0.0,8885.912817819355,202.88226184758645,1.0,0.0,0.0,0.0
55,greedy,node-007,0.0,0.0,0.0,0.0,0.0,0.0,0.0,0.0,8885.912817819355,202.88226184758645,1.0,0.0,0.0,0.0
55,greedy,node-008,44.81365897551611,0.0,44.81365897551611,0.304145993360599,0.0,0.304145993360599,49.11419729755081,147.34259189265242,8885.912817819355,202.88226184758645,1.0,-85.33213316390598,-14.734259189265238,-62.66508335347377
55,greedy,node-009,0.0,0.0,0.0,0.0,0.0,0.0,0.0,0.0,8885.912817819355,202.88226184758645,1.0,0.0,0.0,0.0
55,greedy,node-010,0.0,0.0,0.0,0.0,0.0,0.0,0.0,0.0,8885.912817819355,202.88226184758645,1.0,0.0,0.0,0.0
55,greedy,node-011,0.0,0.0,0.0,0.0,0.0,0.0,0.0,0.0,8885.912817819355,202.88226184758645,1.0,0.0,0.0,0.0
55,greedy,node-012,0.0,0.0,0.0,0.0,0.0,0.0,0.0,0.0,8885.912817819355,202.88226184758645,1.0,0.0,0.0,0.0
55,greedy,node-013,0.0,0.0,0.0,0.0,0.0,0.0,0.0,0.0,8885.912817819355,202.88226184758645,1.0,0.0,0.0,0.0
55,greedy,node-014,0.05600472298732839,0.0,0.05600472298732839,0.0010083733488652656,0.0,0.0010083733488652656,18.513223318311343,55.53966995493403,8885.912817819355,202.88226184758645,1.0,-47.7319867777676,-5.553966995493402,-18.513223318311343
55,greedy,node-015,0.0,0.0,0.0,0.0,0.0,0.0,0.0,0.0,8885.912817819355,202.88226184758645,1.0,0.0,0.0,0.0
55,greedy,node-016,0.0,0.0,0.0,0.0,0.0,0.0,0.0,0.0,8885.912817819355,202.88226184758645,1.0,0.0,0.0,0.0
55,greedy,node-017,0.0,0.0,0.0,0.0,0.0,0.0,0.0,0.0,8885.912817819355,202.88226184758645,1.0,0.0,0.0,0.0
55,greedy,node-018,0.0,0.0,0.0,0.0,0.0,0.0,0.0,0.0,8885.912817819355,202.88226184758645,1.0,0.0,0.0,0.0
55,greedy,node-019,0.0,0.0,0.0,0.0,0.0,0.0,0.0,0.0,8885.912817819355,202.88226184758645,1.0,0.0,0.0,0.0
55,greedy,node-020,0.0,0.0,0.0,0.0,0.0,0.0,0.0,0.0,8885.912817819355,202.88226184758645,1.0,0.0,0.0,0.0
55,greedy,node-021,0.0,0.0,0.0,0.0,0.0,0.0,0.0,0.0,8885.912817819355,202.88226184758645,1.0,0.0,0.0,0.0
55,greedy,node-022,0.0,0.0,0.0,0.0,0.0,0.0,0.0,0.0,8885.912817819355,202.88226184758645,1.0,0.0,0.0,0.0
55,greedy,node-023,0.0,0.0,0.0,0.0,0.0,0.0,0.0,0.0,8885.912817819355,202.88226184758645,1.0,0.0,0.0,0.0
55,greedy,node-024,0.0,0.0,0.0,0.0,0.0,0.0,0.0,0.0,8885.912817819355,202.88226184758645,1.0,0.0,0.0,0.0
55,greedy,node-025,0.0,0.0,0.0,0.0,0.0,0.0,0.0,0.0,8885.912817819355,202.88226184758645,1.0,0.0,0.0,0.0
55,greedy,node-026,0.0,0.0,0.0,0.0,0.0,0.0,0.0,0.0,8885.912817819355,202.88226184758645,1.0,0.0,0.0,0.0
55,greedy,node-027,0.0,0.0,0.0,0.0,0.0,0.0,0.0,0.0,8885.912817819355,202.88226184758645,1.0,0.0,0.0,0.0
55,greedy,node-028,0.0,0.0,0.0,0.0,0.0,0.0,0.0,0.0,8885.912817819355,202.88226184758645,1.0,0.0,0.0,0.0
55,greedy,node-029,0.0,0.0,0.0,0.0,0.0,0.0,0.0,0.0,8885.912817819355,202.88226184758645,1.0,0.0,0.0,0.0
55,trust_vcg,node-000,0.0,0.0,0.0,0.0,0.0,0.0,0.0,0.0,8885.912817819355,1188.6435084958673,1.0,0.0,0.0,0.0
55,trust_vcg,node-001,0.0,0.0,0.0,0.0,0.0,0.0,0.0,0.0,8885.912817819355,1188.6435084958673,1.0,-1686.9041517431021,0.0,0.0
55,trust_vcg,node-002,0.0,0.0,0.0,0.0,0.0,0.0,0.0,0.0,8885.912817819355,1188.6435084958673,1.0,0.0,0.0,0.0
55,trust_vcg,node-003,0.0,0.0,0.0,0.0,0.0,0.0,0.0,0.0,8885.912817819355,1188.6435084958673,1.0,-5539.4162035933305,0.0,0.0
55,trust_vcg,node-004,0.0,0.0,94.26328877265713,0.0,0.0,94263.28877265714,0.0,0.0,8885.912817819355,1188.6435084958673,1.0,-1102.080752917709,0.0,0.0
55,trust_vcg,node-005,0.0,0.0,0.0,0.0,0.0,0.0,0.0,0.0,8885.912817819355,1188.6435084958673,1.0,0.0,0.0,0.0
55,trust_vcg,node-006,0.0,0.0,0.0,0.0,0.0,0.0,0.0,0.0,8885.912817819355,1188.6435084958673,1.0,0.0,0.0,0.0
55,trust_vcg,node-007,0.0,0.0,0.0,0.0,0.0,0.0,0.0,0.0,8885.912817819355,1188.6435084958673,1.0,0.0,0.0,0.0
55,trust_vcg,node-008,147.34259189265242,0.6492673572439571,415.317134193338,0.22783997654298496,0.0010039802988694802,0.6422165166026824,548.4649299403069,646.6933245354085,8885.912817819355,1188.6435084958673,1.0,-11584.68286580666,-14.73425918926523,-548.4649299403069
55,trust_vcg,node-009,0.0,0.0,0.0,0.0,0.0,0.0,0.0,0.0,8885.912817819355,1188.6435084958673,1.0,0.0,0.0,0.0
55,trust_vcg,node-010,0.0,0.0,0.0,0.0,0.0,0.0,0.0,0.0,8885.912817819355,1188.6435084958673,1.0,0.0,0.0,0.0
55,trust_vcg,node-011,0.0,0.0,0.0,0.0,0.0,0.0,0.0,0.0,8885.912817819355,1188.6435084958673,1.0,0.0,0.0,0.0
55,trust_vcg,node-012,0.0,0.0,0.0,0.0,0.0,0.0,0.0,0.0,8885.912817819355,1188.6435084958673,1.0,0.0,0.0,0.0
55,trust_vcg,node-013,0.0,0.0,0.0,0.0,0.0,0.0,0.0,0.0,8885.912817819355,1188.6435084958673,1.0,0.0,0.0,0.0
55,trust_vcg,node-014,13.88491748873355,230.78368360017384,523.014834974698,0.02562028374502148,0.42583929377725227,0.9650607204385734,504.92373732383635,541.9501839604591,8885.912817819355,1188.6435084958673,1.0,-11560.800881920903,-5.553966995493454,-504.92373732383635
55,trust_vcg,node-015,0.0,0.0,0.0,0.0,0.0,0.0,0.0,0.0,8885.912817819355,1188.6435084958673,1.0,0.0,0.0,0.0
55,trust_vcg,node-016,0.0,0.0,0.0,0.0,0.0,0.0,0.0,0.0,8885.912817819355,1188.6435084958673,1.0,0.0,0.0,0.0
55,trust_vcg,node-017,0.0,0.0,0.0,0.0,0.0,0.0,0.0,0.0,8885.912817819355,1188.6435084958673,1.0,0.0,0.0,0.0
55,trust_vcg,node-018,0.0,0.0,0.0,0.0,0.0,0.0,0.0,0.0,8885.912817819355,1188.6435084958673,1.0,0.0,0.0,0.0
55,trust_vcg,node-019,0.0,0.0,0.0,0.0,0.0,0.0,0.0,0.0,8885.912817819355,1188.6435084958673,1.0,0.0,0.0,0.0
55,trust_vcg,node-020,0.0,0.0,0.0,0.0,0.0,0.0,0.0,0.0,8885.912817819355,1188.6435084958673,1.0,0.0,0.0,0.0
55,trust_vcg,node-021,0.0,0.0,211.3482578458359,0.0,0.0,211348.25784583588,0.0,0.0,8885.912817819355,1188.6435084958673,1.0,-9988.651742154165,0.0,0.0
55,trust_vcg,node-022,0.0,0.0,0.0,0.0,0.0,0.0,0.0,0.0,8885.912817819355,1188.6435084958673,1.0,0.0,0.0,0.0
55,trust_vcg,node-023,0.0,0.0,0.0,0.0,0.0,0.0,0.0,0.0,8885.912817819355,1188.6435084958673,1.0,0.0,0.0,0.0
55,trust_vcg,node-024,0.0,0.0,0.0,0.0,0.0,0.0,0.0,0.0,8885.912817819355,1188.6435084958673,1.0,0.0,0.0,0.0
55,trust_vcg,node-025,0.0,0.0,108.7376725124096,0.0,0.0,108737.6725124096,0.0,0.0,8885.912817819355,1188.6435084958673,1.0,-1691.2623274875905,0.0,0.0
55,trust_vcg,node-026,0.0,0.0,0.0,0.0,0.0,0.0,0.0,0.0,8885.912817819355,1188.6435084958673,1.0,0.0,0.0,0.0
55,trust_vcg,node-027,0.0,0.0,0.0,0.0,0.0,0.0,0.0,0.0,8885.912817819355,1188.6435084958673,1.0,0.0,0.0,0.0
55,trust_vcg,node-028,0.0,0.0,0.0,0.0,0.0,0.0,0.0,0.0,8885.912817819355,1188.6435084958673,1.0,0.0,0.0,0.0
55,trust_vcg,node-029,0.0,0.0,114.43524170778848,0.0,0.0,114435.24170778847,0.0,0.0,8885.912817819355,1188.6435084958673,1.0,-1685.5647582922115,0.0,0.0
55,contingent,node-000,0.0,0.0,0.0,0.0,0.0,0.0,0.0,0.0,8885.912817819355,202.88226184758645,1.0,0.0,0.0,0.0
55,contingent,node-001,0.0,0.0,0.0,0.0,0.0,0.0,0.0,0.0,8885.912817819355,202.88226184758645,1.0,-147.61660697240924,0.0,0.0
55,contingent,node-002,0.0,0.0,0.0,0.0,0.0,0.0,0.0,0.0,8885.912817819355,202.88226184758645,1.0,0.0,0.0,0.0
55,contingent,node-003,0.0,0.0,0.0,0.0,0.0,0.0,0.0,0.0,8885.912817819355,202.88226184758645,1.0,-218.61035541971117,0.0,0.0
55,contingent,node-004,0.0,0.0,0.0,0.0,0.0,0.0,0.0,0.0,8885.912817819355,202.88226184758645,1.0,-22.880014753562598,0.0,0.0
55,contingent,node-005,0.0,0.0,0.0,0.0,0.0,0.0,0.0,0.0,8885.912817819355,202.88226184758645,1.0,0.0,0.0,0.0
55,contingent,node-006,0.0,0.0,0.0,0.0,0.0,0.0,0.0,0.0,8885.912817819355,202.88226184758645,1.0,0.0,0.0,0.0
55,contingent,node-007,0.0,0.0,0.0,0.0,0.0,0.0,0.0,0.0,8885.912817819355,202.88226184758645,1.0,0.0,0.0,0.0
55,contingent,node-008,147.34259189265242,0.0,147.34259189265242,1.0,0.0,1.0,49.11419729755081,147.34259189265242,8885.912817819355,202.88226184758645,1.0,-193.9859407629715,-14.734259189265238,-49.11419729755081
55,contingent,node-009,0.0,0.0,0.0,0.0,0.0,0.0,0.0,0.0,8885.912817819355,202.88226184758645,1.0,0.0,0.0,0.0
55,contingent,node-010,0.0,0.0,0.0,0.0,0.0,0.0,0.0,0.0,8885.912817819355,202.88226184758645,1.0,0.0,0.0,0.0
55,contingent,node-011,0.0,0.0,0.0,0.0,0.0,0.0,0.0,0.0,8885.912817819355,202.88226184758645,1.0,0.0,0.0,0.0
55,contingent,node-012,0.0,0.0,0.0,0.0,0.0,0.0,0.0,0.0,8885.912817819355,202.88226184758645,1.0,0.0,0.0,0.0
55,contingent,node-013,0.0,0.0,0.0,0.0,0.0,0.0,0.0,0.0,8885.912817819355,202.88226184758645,1.0,0.0,0.0,0.0
55,contingent,node-014,13.88491748873351,17.1941976056988,49.000861907288325,0.25000000000000006,0.30958407962543727,0.8822677906989469,18.513223318311343,55.53966995493403,8885.912817819355,202.88226184758645,1.0,-242.0218017065863,-5.553966995493402,-18.513223318311343
55,contingent,node-015,0.0,0.0,0.0,0.0,0.0,0.0,0.0,0.0,8885.912817819355,202.88226184758645,1.0,0.0,0.0,0.0
55,contingent,node-016,0.0,0.0,0.0,0.0,0.0,0.0,0.0,0.0,8885.912817819355,202.88226184758645,1.0,0.0,0.0,0.0
55,contingent,node-017,0.0,0.0,0.0,0.0,0.0,0.0,0.0,0.0,8885.912817819355,202.88226184758645,1.0,0.0,0.0,0.0
55,contingent,node-018,0.0,0.0,0.0,0.0,0.0,0.0,0.0,0.0,8885.912817819355,202.88226184758645,1.0,0.0,0.0,0.0
55,contingent,node-019,0.0,0.0,0.0,0.0,0.0,0.0,0.0,0.0,8885.912817819355,202.88226184758645,1.0,0.0,0.0,0.0
55,contingent,node-020,0.0,0.0,0.0,0.0,0.0,0.0,0.0,0.0,8885.912817819355,202.88226184758645,1.0,0.0,0.0,0.0
55,contingent,node-021,0.0,0.0,0.0,0.0,0.0,0.0,0.0,0.0,8885.912817819355,202.88226184758645,1.0,-354.6069686166563,0.0,0.0
55,contingent,node-022,0.0,0.0,0.0,0.0,0.0,0.0,0.0,0.0,8885.912817819355,202.88226184758645,1.0,0.0,0.0,0.0
55,contingent,node-023,0.0,0.0,0.0,0.0,0.0,0.0,0.0,0.0,8885.912817819355,202.88226184758645,1.0,0.0,0.0,0.0
55,contingent,node-024,0.0,0.0,0.0,0.0,0.0,0.0,0.0,0.0,8885.912817819355,202.88226184758645,1.0,0.0,0.0,0.0
55,contingent,node-025,0.0,0.0,0.0,0.0,0.0,0.0,0.0,0.0,8885.912817819355,202.88226184758645,1.0,-165.0493099503615,0.0,0.0
55,contingent,node-026,0.0,0.0,0.0,0.0,0.0,0.0,0.0,0.0,8885.912817819355,202.88226184758645,1.0,0.0,0.0,0.0
55,contingent,node-027,0.0,0.0,0.0,0.0,0.0,0.0,0.0,0.0,8885.912817819355,202.88226184758645,1.0,0.0,0.0,0.0
55,contingent,node-028,0.0,0.0,0.0,0.0,0.0,0.0,0.0,0.0,8885.912817819355,202.88226184758645,1.0,0.0,0.0,0.0
55,contingent,node-029,0.0,0.0,0.0,0.0,0.0,0.0,0.0,0.0,8885.912817819355,202.88226184758645,1.0,-142.25903316884603,0.0,0.0
55,capped,node-000,0.0,0.0,0.0,0.0,0.0,0.0,0.0,0.0,8885.912817819355,202.88226184758645,1.0,0.0,0.0,0.0
55,capped,node-001,0.0,0.0,0.0,0.0,0.0,0.0,0.0,0.0,8885.912817819355,202.88226184758645,1.0,-36.90415174310231,0.0,0.0
55,capped,node-002,0.0,0.0,0.0,0.0,0.0,0.0,0.0,0.0,8885.912817819355,202.88226184758645,1.0,0.0,0.0,0.0
55,capped,node-003,0.0,0.0,8.907844007681778,0.0,0.0,8907.844007681777,0.0,0.0,8885.912817819355,202.88226184758645,1.0,-54.652588854927785,0.0,0.0
55,capped,node-004,0.0,0.0,0.0,0.0,0.0,0.0,0.0,0.0,8885.912817819355,202.88226184758645,1.0,-5.720003688390651,0.0,0.0
55,capped,node-005,0.0,0.0,0.0,0.0,0.0,0.0,0.0,0.0,8885.912817819355,202.88226184758645,1.0,0.0,0.0,0.0
55,capped,node-006,0.0,0.0,0.0,0.0,0.0,0.0,0.0,0.0,8885.912817819355,202.88226184758645,1.0,0.0,0.0,0.0
55,capped,node-007,0.0,0.0,0.0,0.0,0.0,0.0,0.0,0.0,8885.912817819355,202.88226184758645,1.0,0.0,0.0,0.0
55,capped,node-008,147.34259189265242,0.0,147.34259189265242,1.0,0.0,1.0,49.11419729755081,147.34259189265242,8885.912817819355,202.88226184758645,1.0,-85.33213316390598,-14.734259189265238,-49.11419729755081
55,capped,node-009,0.0,0.0,0.0,0.0,0.0,0.0,0.0,0.0,8885.912817819355,202.88226184758645,1.0,0.0,0.0,0.0
55,capped,node-010,0.0,0.0,0.0,0.0,0.0,0.0,0.0,0.0,8885.912817819355,202.88226184758645,1.0,0.0,0.0,0.0
55,capped,node-011,0.0,0.0,0.0,0.0,0.0,0.0,0.0,0.0,8885.912817819355,202.88226184758645,1.0,0.0,0.0,0.0
55,capped,node-012,0.0,0.0,0.0,0.0,0.0,0.0,0.0,0.0,8885.912817819355,202.88226184758645,1.0,0.0,0.0,0.0
55,capped,node-013,0.0,0.0,0.0,0.0,0.0,0.0,0.0,0.0,8885.912817819355,202.88226184758645,1.0,0.0,0.0,0.0
55,capped,node-014,13.88491748873351,17.1941976056988,49.000861907288325,0.25000000000000006,0.30958407962543727,0.8822677906989469,18.513223318311343,55.53966995493403,8885.912817819355,202.88226184758645,1.0,-74.39036791538008,-5.553966995493402,-18.513223318311343
55,capped,node-015,0.0,0.0,0.0,0.0,0.0,0.0,0.0,0.0,8885.912817819355,202.88226184758645,1.0,0.0,0.0,0.0
55,capped,node-016,0.0,0.0,0.0,0.0,0.0,0.0,0.0,0.0,8885.912817819355,202.88226184758645,1.0,0.0,0.0,0.0
55,capped,node-017,0.0,0.0,0.0,0.0,0.0,0.0,0.0,0.0,8885.912817819355,202.88226184758645,1.0,0.0,0.0,0.0
55,capped,node-018,0.0,0.0,0.0,0.0,0.0,0.0,0.0,0.0,8885.912817819355,202.88226184758645,1.0,0.0,0.0,0.0
55,capped,node-019,0.0,0.0,0.0,0.0,0.0,0.0,0.0,0.0,8885.912817819355,202.88226184758645,1.0,0.0,0.0,0.0
55,capped,node-020,0.0,0.0,0.0,0.0,0.0,0.0,0.0,0.0,8885.912817819355,202.88226184758645,1.0,0.0,0.0,0.0
55,capped,node-021,0.0,0.0,0.0,0.0,0.0,0.0,0.0,0.0,8885.912817819355,202.88226184758645,1.0,-88.65174215416405,0.0,0.0
55,capped,node-022,0.0,0.0,0.0,0.0,0.0,0.0,0.0,0.0,8885.912817819355,202.88226184758645,1.0,0.0,0.0,0.0
55,capped,node-023,0.0,0.0,0.0,0.0,0.0,0.0,0.0,0.0,8885.912817819355,202.88226184758645,1.0,0.0,0.0,0.0
55,capped,node-024,0.0,0.0,0.0,0.0,0.0,0.0,0.0,0.0,8885.912817819355,202.88226184758645,1.0,0.0,0.0,0.0
55,capped,node-025,0.0,0.0,0.0,0.0,0.0,0.0,0.0,0.0,8885.912817819355,202.88226184758645,1.0,-41.26232748759038,0.0,0.0
55,capped,node-026,0.0,0.0,0.0,0.0,0.0,0.0,0.0,0.0,8885.912817819355,202.88226184758645,1.0,0.0,0.0,0.0
55,capped,node-027,0.0,0.0,0.0,0.0,0.0,0.0,0.0,0.0,8885.912817819355,202.88226184758645,1.0,0.0,0.0,0.0
55,capped,node-028,0.0,0.0,0.0,0.0,0.0,0.0,0.0,0.0,8885.912817819355,202.88226184758645,1.0,0.0,0.0,0.0
55,capped,node-029,0.0,0.0,0.0,0.0,0.0,0.0,0.0,0.0,8885.912817819355,202.88226184758645,1.0,-35.56475829221151,0.0,0.0
55,proper_scoring,node-000,0.0,0.0,0.0,0.0,0.0,0.0,0.0,0.0,8885.912817819355,1188.6435084958673,1.0,0.0,0.0,0.0
55,proper_scoring,node-001,0.0,0.0,0.0,0.0,0.0,0.0,0.0,0.0,8885.912817819355,1188.6435084958673,1.0,-147.61660697240924,0.0,0.0
55,proper_scoring,node-002,0.0,0.0,0.0,0.0,0.0,0.0,0.0,0.0,8885.912817819355,1188.6435084958673,1.0,0.0,0.0,0.0
55,proper_scoring,node-003,0.0,0.0,310.75663182877236,0.0,0.0,310756.63182877237,0.0,0.0,8885.912817819355,1188.6435084958673,1.0,-218.61035541971117,0.0,0.0
55,proper_scoring,node-004,0.0,0.0,94.26328877265713,0.0,0.0,94263.28877265714,0.0,0.0,8885.912817819355,1188.6435084958673,1.0,-22.880014753562598,0.0,0.0
55,proper_scoring,node-005,0.0,0.0,0.0,0.0,0.0,0.0,0.0,0.0,8885.912817819355,1188.6435084958673,1.0,0.0,0.0,0.0
55,proper_scoring,node-006,0.0,0.0,0.0,0.0,0.0,0.0,0.0,0.0,8885.912817819355,1188.6435084958673,1.0,0.0,0.0,0.0
55,proper_scoring,node-007,0.0,0.0,0.0,0.0,0.0,0.0,0.0,0.0,8885.912817819355,1188.6435084958673,1.0,0.0,0.0,0.0
55,proper_scoring,node-008,147.34259189265242,0.6492673572439571,415.317134193338,0.22783997654298496,0.0010039802988694802,0.6422165166026824,548.4649299403069,646.6933245354085,8885.912817819355,1188.6435084958673,1.0,-693.3366734057275,-14.73425918926523,-548.4649299403069
55,proper_scoring,node-009,0.0,0.0,0.0,0.0,0.0,0.0,0.0,0.0,8885.912817819355,1188.6435084958673,1.0,0.0,0.0,0.0
55,proper_scoring,node-010,0.0,0.0,0.0,0.0,0.0,0.0,0.0,0.0,8885.912817819355,1188.6435084958673,1.0,0.0,0.0,0.0
55,proper_scoring,node-011,0.0,0.0,0.0,0.0,0.0,0.0,0.0,0.0,8885.912817819355,1188.6435084958673,1.0,0.0,0.0,0.0
55,proper_scoring,node-012,0.0,0.0,0.0,0.0,0.0,0.0,0.0,0.0,8885.912817819355,1188.6435084958673,1.0,0.0,0.0,0.0
55,proper_scoring,node-013,0.0,0.0,0.0,0.0,0.0,0.0,0.0,0.0,8885.912817819355,1188.6435084958673,1.0,0.0,0.0,0.0
55,proper_scoring,node-014,13.88491748873355,230.78368360017384,523.014834974698,0.02562028374502148,0.42583929377725227,0.9650607204385734,504.92373732383635,541.9501839604591,8885.912817819355,1188.6435084958673,1.0,-728.4323157121113,-5.553966995493454,-504.92373732383635
55,proper_scoring,node-015,0.0,0.0,0.0,0.0,0.0,0.0,0.0,0.0,8885.912817819355,1188.6435084958673,1.0,0.0,0.0,0.0
55,proper_scoring,node-016,0.0,0.0,0.0,0.0,0.0,0.0,0.0,0.0,8885.912817819355,1188.6435084958673,1.0,0.0,0.0,0.0
55,proper_scoring,node-017,0.0,0.0,0.0,0.0,0.0,0.0,0.0,0.0,8885.912817819355,1188.6435084958673,1.0,0.0,0.0,0.0
55,proper_scoring,node-018,0.0,0.0,0.0,0.0,0.0,0.0,0.0,0.0,8885.912817819355,1188.6435084958673,1.0,0.0,0.0,0.0
55,proper_scoring,node-019,0.0,0.0,0.0,0.0,0.0,0.0,0.0,0.0,8885.912817819355,1188.6435084958673,1.0,0.0,0.0,0.0
55,proper_scoring,node-020,0.0,0.0,0.0,0.0,0.0,0.0,0.0,0.0,8885.912817819355,1188.6435084958673,1.0,0.0,0.0,0.0
55,proper_scoring,node-021,0.0,0.0,753.1054184917729,0.0,0.0,753105.4184917728,0.0,0.0,8885.912817819355,1188.6435084958673,1.0,-354.6069686166563,0.0,0.0
55,proper_scoring,node-022,0.0,0.0,0.0,0.0,0.0,0.0,0.0,0.0,8885.912817819355,1188.6435084958673,1.0,0.0,0.0,0.0
55,proper_scoring,node-023,0.0,0.0,0.0,0.0,0.0,0.0,0.0,0.0,8885.912817819355,1188.6435084958673,1.0,0.0,0.0,0.0
55,proper_scoring,node-024,0.0,0.0,0.0,0.0,0.0,0.0,0.0,0.0,8885.912817819355,1188.6435084958673,1.0,0.0,0.0,0.0
55,proper_scoring,node-025,0.0,0.0,108.7376725124096,0.0,0.0,108737.6725124096,0.0,0.0,8885.912817819355,1188.6435084958673,1.0,-165.0493099503615,0.0,0.0
55,proper_scoring,node-026,0.0,0.0,0.0,0.0,0.0,0.0,0.0,0.0,8885.912817819355,1188.6435084958673,1.0,0.0,0.0,0.0
55,proper_scoring,node-027,0.0,0.0,0.0,0.0,0.0,0.0,0.0,0.0,8885.912817819355,1188.6435084958673,1.0,0.0,0.0,0.0
55,proper_scoring,node-028,0.0,0.0,0.0,0.0,0.0,0.0,0.0,0.0,8885.912817819355,1188.6435084958673,1.0,0.0,0.0,0.0
55,proper_scoring,node-029,0.0,0.0,114.43524170778848,0.0,0.0,114435.24170778847,0.0,0.0,8885.912817819355,1188.6435084958673,1.0,-142.25903316884603,0.0,0.0
55,audits,node-000,0.0,0.0,0.0,0.0,0.0,0.0,0.0,0.0,8885.912817819355,1188.6435084958673,1.0,0.0,0.0,0.0
55,audits,node-001,0.0,0.0,0.0,0.0,0.0,0.0,0.0,0.0,8885.912817819355,1188.6435084958673,1.0,-186.90415174310232,0.0,0.0
55,audits,node-002,0.0,0.0,0.0,0.0,0.0,0.0,0.0,0.0,8885.912817819355,1188.6435084958673,1.0,0.0,0.0,0.0
55,audits,node-003,0.0,0.0,10.42563420877125,0.0,0.0,10425.63420877125,0.0,0.0,8885.912817819355,1188.6435084958673,1.0,-1539.4162035933311,0.0,0.0
55,audits,node-004,0.0,0.0,94.26328877265713,0.0,0.0,94263.28877265714,0.0,0.0,8885.912817819355,1188.6435084958673,1.0,-102.08075291770926,0.0,0.0
55,audits,node-005,0.0,0.0,0.0,0.0,0.0,0.0,0.0,0.0,8885.912817819355,1188.6435084958673,1.0,0.0,0.0,0.0
55,audits,node-006,0.0,0.0,0.0,0.0,0.0,0.0,0.0,0.0,8885.912817819355,1188.6435084958673,1.0,0.0,0.0,0.0
55,audits,node-007,0.0,0.0,0.0,0.0,0.0,0.0,0.0,0.0,8885.912817819355,1188.6435084958673,1.0,0.0,0.0,0.0
55,audits,node-008,147.34259189265242,0.6492673572439571,415.317134193338,0.22783997654298496,0.0010039802988694802,0.6422165166026824,548.4649299403069,646.6933245354085,8885.912817819355,1188.6435084958673,1.0,-3084.682865806661,-14.73425918926523,-548.4649299403069
55,audits,node-009,0.0,0.0,0.0,0.0,0.0,0.0,0.0,0.0,8885.912817819355,1188.6435084958673,1.0,0.0,0.0,0.0
55,audits,node-010,0.0,0.0,0.0,0.0,0.0,0.0,0.0,0.0,8885.912817819355,1188.6435084958673,1.0,0.0,0.0,0.0
55,audits,node-011,0.0,0.0,0.0,0.0,0.0,0.0,0.0,0.0,8885.912817819355,1188.6435084958673,1.0,0.0,0.0,0.0
55,audits,node-012,0.0,0.0,0.0,0.0,0.0,0.0,0.0,0.0,8885.912817819355,1188.6435084958673,1.0,0.0,0.0,0.0
55,audits,node-013,0.0,0.0,0.0,0.0,0.0,0.0,0.0,0.0,8885.912817819355,1188.6435084958673,1.0,0.0,0.0,0.0
55,audits,node-014,13.88491748873355,230.78368360017384,523.014834974698,0.02562028374502148,0.42583929377725227,0.9650607204385734,504.92373732383635,541.9501839604591,8885.912817819355,1188.6435084958673,1.0,-3060.8008819209053,-5.553966995493454,-504.92373732383635
55,audits,node-015,0.0,0.0,0.0,0.0,0.0,0.0,0.0,0.0,8885.912817819355,1188.6435084958673,1.0,0.0,0.0,0.0
55,audits,node-016,0.0,0.0,0.0,0.0,0.0,0.0,0.0,0.0,8885.912817819355,1188.6435084958673,1.0,0.0,0.0,0.0
55,audits,node-017,0.0,0.0,0.0,0.0,0.0,0.0,0.0,0.0,8885.912817819355,1188.6435084958673,1.0,0.0,0.0,0.0
55,audits,node-018,0.0,0.0,0.0,0.0,0.0,0.0,0.0,0.0,8885.912817819355,1188.6435084958673,1.0,0.0,0.0,0.0
55,audits,node-019,0.0,0.0,0.0,0.0,0.0,0.0,0.0,0.0,8885.912817819355,1188.6435084958673,1.0,0.0,0.0,0.0
55,audits,node-020,0.0,0.0,0.0,0.0,0.0,0.0,0.0,0.0,8885.912817819355,1188.6435084958673,1.0,0.0,0.0,0.0
55,audits,node-021,0.0,0.0,211.3482578458359,0.0,0.0,211348.25784583588,0.0,0.0,8885.912817819355,1188.6435084958673,1.0,-2488.651742154164,0.0,0.0
55,audits,node-022,0.0,0.0,0.0,0.0,0.0,0.0,0.0,0.0,8885.912817819355,1188.6435084958673,1.0,0.0,0.0,0.0
55,audits,node-023,0.0,0.0,0.0,0.0,0.0,0.0,0.0,0.0,8885.912817819355,1188.6435084958673,1.0,0.0,0.0,0.0
55,audits,node-024,0.0,0.0,0.0,0.0,0.0,0.0,0.0,0.0,8885.912817819355,1188.6435084958673,1.0,0.0,0.0,0.0
55,audits,node-025,0.0,0.0,108.7376725124096,0.0,0.0,108737.6725124096,0.0,0.0,8885.912817819355,1188.6435084958673,1.0,-191.2623274875904,0.0,0.0
55,audits,node-026,0.0,0.0,0.0,0.0,0.0,0.0,0.0,0.0,8885.912817819355,1188.6435084958673,1.0,0.0,0.0,0.0
55,audits,node-027,0.0,0.0,0.0,0.0,0.0,0.0,0.0,0.0,8885.912817819355,1188.6435084958673,1.0,0.0,0.0,0.0
55,audits,node-028,0.0,0.0,0.0,0.0,0.0,0.0,0.0,0.0,8885.912817819355,1188.6435084958673,1.0,0.0,0.0,0.0
55,audits,node-029,0.0,0.0,114.43524170778848,0.0,0.0,114435.24170778847,0.0,0.0,8885.912817819355,1188.6435084958673,1.0,-185.56475829221154,0.0,0.0
57,greedy,node-000,0.0,0.0,0.0,0.0,0.0,0.0,0.0,0.0,8287.431804825155,390.3282307436772,0.85,0.0,0.0,0.0
57,greedy,node-001,0.0,0.0,0.0,0.0,0.0,0.0,0.0,0.0,8287.431804825155,390.3282307436772,0.85,0.0,0.0,0.0
57,greedy,node-002,0.0,0.0,0.0,0.0,0.0,0.0,0.0,0.0,8287.431804825155,390.3282307436772,0.85,0.0,0.0,0.0
57,greedy,node-003,0.0,0.0,0.0,0.0,0.0,0.0,0.0,0.0,8287.431804825155,390.3282307436772,0.85,0.0,0.0,0.0
57,greedy,node-004,0.0,0.0,0.0,0.0,0.0,0.0,45.76682594107418,137.30047782322256,8287.431804825155,390.3282307436772,0.85,-126.7330751344409,0.24865535065948308,-45.76682594107418
57,greedy,node-005,0.0,0.0,0.0,0.0,0.0,0.0,0.0,0.0,8287.431804825155,390.3282307436772,0.85,0.0,0.0,0.0
57,greedy,node-006,0.0,0.0,0.0,0.0,0.0,0.0,0.0,0.0,8287.431804825155,390.3282307436772,0.85,0.0,0.0,0.0
57,greedy,node-007,0.0,0.0,0.0,0.0,0.0,0.0,0.0,0.0,8287.431804825155,390.3282307436772,0.85,-16.71351551559224,0.0,0.0
57,greedy,node-008,0.0,0.0,0.0,0.0,0.0,0.0,0.0,0.0,8287.431804825155,390.3282307436772,0.85,-17.141226627199494,0.0,0.0
57,greedy,node-009,0.0,0.0,0.0,0.0,0.0,0.0,0.0,0.0,8287.431804825155,390.3282307436772,0.85,-103.88384249377623,0.0,0.0
57,greedy,node-010,0.0,0.0,0.0,0.0,0.0,0.0,0.0,0.0,8287.431804825155,390.3282307436772,0.85,-4.244234487765954,0.0,0.0
57,greedy,node-011,0.0,0.0,0.0,0.0,0.0,0.0,0.0,0.0,8287.431804825155,390.3282307436772,0.85,0.0,0.0,0.0
57,greedy,node-012,0.0,0.0,0.0,0.0,0.0,0.0,0.0,0.0,8287.431804825155,390.3282307436772,0.85,0.0,0.0,0.0
57,greedy,node-013,0.0,0.0,0.0,0.0,0.0,0.0,0.0,0.0,8287.431804825155,390.3282307436772,0.85,0.0,0.0,0.0
57,greedy,node-014,1.4360133482436073,0.0,1.4360133482436073,1436.0133482436072,0.0,1436.0133482436072,0.0,0.0,8287.431804825155,390.3282307436772,0.85,-34.376549260908874,0.0,0.0
57,greedy,node-015,0.0,0.0,0.0,0.0,0.0,0.0,0.0,0.0,8287.431804825155,390.3282307436772,0.85,0.0,0.0,0.0
57,greedy,node-016,0.0,0.0,0.0,0.0,0.0,0.0,0.0,0.0,8287.431804825155,390.3282307436772,0.85,-31.61309885462074,0.0,0.0
57,greedy,node-017,0.0,0.0,0.0,0.0,0.0,0.0,0.0,0.0,8287.431804825155,390.3282307436772,0.85,0.0,0.0,0.0
57,greedy,node-018,25.264588904043023,0.0,25.264588904043023,25264.588904043023,0.0,25264.588904043023,0.0,0.0,8287.431804825155,390.3282307436772,0.85,-84.64483664669994,0.0,0.0
57,greedy,node-019,5.852654924234885,0.0,5.852654924234885,5852.654924234886,0.0,5852.654924234886,0.0,0.0,8287.431804825155,390.3282307436772,0.85,-36.56871417874963,0.0,0.0
57,greedy,node-020,0.0,0.0,0.0,0.0,0.0,0.0,0.0,0.0,8287.431804825155,390.3282307436772,0.85,0.0,0.0,0.0
57,greedy,node-021,0.0,0.0,0.0,0.0,0.0,0.0,0.0,0.0,8287.431804825155,390.3282307436772,0.85,0.0,0.0,0.0
57,greedy,node-022,0.0,0.0,0.0,0.0,0.0,0.0,0.0,0.0,8287.431804825155,390.3282307436772,0.85,-84.51966442091826,0.0,0.0
57,greedy,node-023,0.0,0.0,0.0,0.0,0.0,0.0,0.0,0.0,8287.431804825155,390.3282307436772,0.85,-54.878600289488546,0.0,0.0
57,greedy,node-024,0.0,0.0,0.0,0.0,0.0,0.0,0.0,0.0,8287.431804825155,390.3282307436772,0.85,0.0,0.0,0.0
57,greedy,node-025,0.0,0.0,0.0,0.0,0.0,0.0,0.0,0.0,8287.431804825155,390.3282307436772,0.85,-73.47202187375164,0.0,0.0
57,greedy,node-026,0.0,0.0,0.0,0.0,0.0,0.0,0.0,0.0,8287.431804825155,390.3282307436772,0.85,0.0,0.0,0.0
57,greedy,node-027,0.0,0.0,0.0,0.0,0.0,0.0,0.0,0.0,8287.431804825155,390.3282307436772,0.85,0.0,0.0,0.0
57,greedy,node-028,0.0,0.0,0.0,0.0,0.0,0.0,84.34258430681815,253.02775292045445,8287.431804825155,390.3282307436772,0.85,-154.00739207247688,-25.30277529204544,-84.34258430681815
57,greedy,node-029,0.0,0.0,0.0,0.0,0.0,0.0,0.0,0.0,8287.431804825155,390.3282307436772,0.85,0.0,0.0,0.0
57,trust_vcg,node-000,0.0,0.0,0.0,0.0,0.0,0.0,0.0,0.0,8248.923504158814,525.1224430391325,0.9375,0.0,0.0,0.0
57,trust_vcg,node-001,0.0,0.0,0.0,0.0,0.0,0.0,0.0,0.0,8248.923504158814,525.1224430391325,0.9375,0.0,0.0,0.0
57,trust_vcg,node-002,0.0,0.0,0.0,0.0,0.0,0.0,0.0,0.0,8248.923504158814,525.1224430391325,0.9375,0.0,0.0,0.0
57,trust_vcg,node-003,0.0,0.0,0.0,0.0,0.0,0.0,0.0,0.0,8248.923504158814,525.1224430391325,0.9375,0.0,0.0,0.0
57,trust_vcg,node-004,0.0,0.0,51.78954305730292,0.0,0.0,0.1409558485423121,311.5827932786085,367.4167733576287,8248.923504158814,525.1224430391325,0.9375,-11392.549042471977,-474.5064642752916,-311.5827932786085
57,trust_vcg,node-005,0.0,0.0,0.0,0.0,0.0,0.0,0.0,0.0,8248.923504158814,525.1224430391325,0.9375,0.0,0.0,0.0
57,trust_vcg,node-006,0.0,0.0,0.0,0.0,0.0,0.0,0.0,0.0,8248.923504158814,525.1224430391325,0.9375,-5608.84920570076,0.0,0.0
57,trust_vcg,node-007,0.0,0.0,271.60241849223905,0.0,0.0,271602.418492239,0.0,0.0,8248.923504158814,525.1224430391325,0.9375,-4993.760681024404,0.0,0.0
57,trust_vcg,node-008,0.0,0.0,136.441424263425,0.0,0.0,136441.424263425,0.0,0.0,8248.923504158814,525.1224430391325,0.9375,-4438.68183649476,0.0,0.0
57,trust_vcg,node-009,0.0,201.56395133901972,201.56395133901972,0.0,201563.95133901972,201563.95133901972,0.0,0.0,8248.923504158814,525.1224430391325,0.9375,-5563.886315722262,0.0,0.0
57,trust_vcg,node-010,0.0,0.0,0.0,0.0,0.0,0.0,0.0,0.0,8248.923504158814,525.1224430391325,0.9375,0.0,0.0,0.0
57,trust_vcg,node-011,0.0,0.0,0.0,0.0,0.0,0.0,0.0,0.0,8248.923504158814,525.1224430391325,0.9375,0.0,0.0,0.0
57,trust_vcg,node-012,0.0,0.0,0.0,0.0,0.0,0.0,0.0,0.0,8248.923504158814,525.1224430391325,0.9375,0.0,0.0,0.0
57,trust_vcg,node-013,0.0,0.0,0.0,0.0,0.0,0.0,0.0,0.0,8248.923504158814,525.1224430391325,0.9375,0.0,0.0,0.0
57,trust_vcg,node-014,0.0,0.0,0.0,0.0,0.0,0.0,0.0,0.0,8248.923504158814,525.1224430391325,0.9375,-5453.102531107343,0.0,0.0
57,trust_vcg,node-015,0.0,0.0,0.0,0.0,0.0,0.0,0.0,0.0,8248.923504158814,525.1224430391325,0.9375,0.0,0.0,0.0
57,trust_vcg,node-016,0.0,73.38258189853366,73.38258189853366,0.0,73382.58189853365,73382.58189853365,0.0,0.0,8248.923504158814,525.1224430391325,0.9375,-5585.325679145155,0.0,0.0
57,trust_vcg,node-017,0.0,0.0,0.0,0.0,0.0,0.0,0.0,0.0,8248.923504158814,525.1224430391325,0.9375,0.0,0.0,0.0
57,trust_vcg,node-018,364.15382463828644,427.6794634029002,525.2645889040431,364153.82463828643,427679.46340290015,525264.5889040431,0.0,0.0,8248.923504158814,525.1224430391325,0.9375,-9424.501562176834,0.0,0.0
57,trust_vcg,node-019,0.0,0.0,0.0,0.0,0.0,0.0,0.0,0.0,8248.923504158814,525.1224430391325,0.9375,-5462.346265860805,0.0,0.0
57,trust_vcg,node-020,0.0,0.0,0.0,0.0,0.0,0.0,0.0,0.0,8248.923504158814,525.1224430391325,0.9375,0.0,0.0,0.0
57,trust_vcg,node-021,0.0,0.0,0.0,0.0,0.0,0.0,0.0,0.0,8248.923504158814,525.1224430391325,0.9375,0.0,0.0,0.0
57,trust_vcg,node-022,0.0,0.0,508.1270019242888,0.0,0.0,508127.00192428875,0.0,0.0,8248.923504158814,525.1224430391325,0.9375,-6691.872998075711,0.0,0.0
57,trust_vcg,node-023,0.0,0.0,220.1294868586272,0.0,0.0,220129.48685862718,0.0,0.0,8248.923504158814,525.1224430391325,0.9375,-5581.503665075349,0.0,0.0
57,trust_vcg,node-024,0.0,0.0,0.0,0.0,0.0,0.0,0.0,0.0,8248.923504158814,525.1224430391325,0.9375,0.0,0.0,0.0
57,trust_vcg,node-025,0.0,0.0,0.0,0.0,0.0,0.0,0.0,0.0,8248.923504158814,525.1224430391325,0.9375,-5581.839107524011,0.0,0.0
57,trust_vcg,node-026,0.0,0.0,0.0,0.0,0.0,0.0,0.0,0.0,8248.923504158814,525.1224430391325,0.9375,0.0,0.0,0.0
57,trust_vcg,node-027,0.0,0.0,0.0,0.0,0.0,0.0,0.0,0.0,8248.923504158814,525.1224430391325,0.9375,0.0,0.0,0.0
57,trust_vcg,node-028,298.0410064998987,10.979498932132628,298.0410064998987,1.8898560026523519,0.06962019155244327,1.8898560026523519,-10.979498932132628,157.70566968150365,8248.923504158814,525.1224430391325,0.9375,-10505.97850506361,-25.302775292045567,10.979498932132628
57,trust_vcg,node-029,0.0,0.0,59.69526187307048,0.0,0.0,59695.26187307048,0.0,0.0,8248.923504158814,525.1224430391325,0.9375,-1140.3047381269296,0.0,0.0
57,contingent,node-000,0.0,0.0,0.0,0.0,0.0,0.0,0.0,0.0,8248.923504158814,316.55184481524276,0.9375,0.0,0.0,0.0
57,contingent,node-001,0.0,0.0,0.0,0.0,0.0,0.0,0.0,0.0,8248.923504158814,316.55184481524276,0.9375,0.0,0.0,0.0
57,contingent,node-002,0.0,0.0,0.0,0.0,0.0,0.0,0.0,0.0,8248.923504158814,316.55184481524276,0.9375,0.0,0.0,0.0
57,contingent,node-003,0.0,0.0,0.0,0.0,0.0,0.0,0.0,0.0,8248.923504158814,316.55184481524276,0.9375,0.0,0.0,0.0
57,contingent,node-004,4.939065223224993,13.18128494670728,20.93774252963255,0.05897322999643926,0.15738665388654252,0.25,27.91699003951007,83.7509701185302,8248.923504158814,316.55184481524276,0.9375,-351.7819868129769,-14.23344607985629,-27.91699003951007
57,contingent,node-005,0.0,0.0,0.0,0.0,0.0,0.0,0.0,0.0,8248.923504158814,316.55184481524276,0.9375,0.0,0.0,0.0
57,contingent,node-006,0.0,0.0,0.0,0.0,0.0,0.0,0.0,0.0,8248.923504158814,316.55184481524276,0.9375,-435.39682280303725,0.0,0.0
57,contingent,node-007,0.0,0.0,0.0,0.0,0.0,0.0,0.0,0.0,8248.923504158814,316.55184481524276,0.9375,-175.0427240976178,0.0,0.0
57,contingent,node-008,0.0,0.0,0.0,0.0,0.0,0.0,0.0,0.0,8248.923504158814,316.55184481524276,0.9375,-154.72734597903946,0.0,0.0
57,contingent,node-009,0.0,51.563951339019695,51.563951339019695,0.0,51563.951339019695,51563.951339019695,0.0,0.0,8248.923504158814,316.55184481524276,0.9375,-255.54526288904756,0.0,0.0
57,contingent,node-010,0.0,0.0,0.0,0.0,0.0,0.0,0.0,0.0,8248.923504158814,316.55184481524276,0.9375,0.0,0.0,0.0
57,contingent,node-011,0.0,0.0,0.0,0.0,0.0,0.0,0.0,0.0,8248.923504158814,316.55184481524276,0.9375,0.0,0.0,0.0
57,contingent,node-012,0.0,0.0,0.0,0.0,0.0,0.0,0.0,0.0,8248.923504158814,316.55184481524276,0.9375,0.0,0.0,0.0
57,contingent,node-013,0.0,0.0,0.0,0.0,0.0,0.0,0.0,0.0,8248.923504158814,316.55184481524276,0.9375,0.0,0.0,0.0
57,contingent,node-014,0.0,0.0,0.0,0.0,0.0,0.0,0.0,0.0,8248.923504158814,316.55184481524276,0.9375,-137.5061970436355,0.0,0.0
57,contingent,node-015,0.0,0.0,0.0,0.0,0.0,0.0,0.0,0.0,8248.923504158814,316.55184481524276,0.9375,0.0,0.0,0.0
57,contingent,node-016,0.0,23.38258189853365,23.38258189853365,0.0,23382.581898533652,23382.581898533652,0.0,0.0,8248.923504158814,316.55184481524276,0.9375,-341.30271658061827,0.0,0.0
57,contingent,node-017,0.0,0.0,0.0,0.0,0.0,0.0,0.0,0.0,8248.923504158814,316.55184481524276,0.9375,0.0,0.0,0.0
57,contingent,node-018,14.901835423650393,77.67946340290021,77.67946340290021,14901.835423650393,77679.4634029002,77679.4634029002,0.0,0.0,8248.923504158814,316.55184481524276,0.9375,-298.00624870733384,0.0,0.0
57,contingent,node-019,0.0,0.0,0.0,0.0,0.0,0.0,0.0,0.0,8248.923504158814,316.55184481524276,0.9375,-135.11013506337085,0.0,0.0
57,contingent,node-020,0.0,0.0,0.0,0.0,0.0,0.0,0.0,0.0,8248.923504158814,316.55184481524276,0.9375,0.0,0.0,0.0
57,contingent,node-021,0.0,0.0,0.0,0.0,0.0,0.0,0.0,0.0,8248.923504158814,316.55184481524276,0.9375,0.0,0.0,0.0
57,contingent,node-022,0.0,0.0,0.0,0.0,0.0,0.0,0.0,0.0,8248.923504158814,316.55184481524276,0.9375,-367.4919923028446,0.0,0.0
57,contingent,node-023,0.0,0.0,20.12948685862719,0.0,0.0,20129.486858627188,0.0,0.0,8248.923504158814,316.55184481524276,0.9375,-326.0146603013985,0.0,0.0
57,contingent,node-024,0.0,0.0,0.0,0.0,0.0,0.0,0.0,0.0,8248.923504158814,316.55184481524276,0.9375,0.0,0.0,0.0
57,contingent,node-025,0.0,0.0,0.0,0.0,0.0,0.0,0.0,0.0,8248.923504158814,316.55184481524276,0.9375,-327.3564300960374,0.0,0.0
57,contingent,node-026,0.0,0.0,0.0,0.0,0.0,0.0,0.0,0.0,8248.923504158814,316.55184481524276,0.9375,0.0,0.0,0.0
57,contingent,node-027,0.0,0.0,0.0,0.0,0.0,0.0,0.0,0.0,8248.923504158814,316.55184481524276,0.9375,0.0,0.0,0.0
57,contingent,node-028,58.200218674178146,0.0,68.65562557152215,0.2500000000000001,0.0,0.29491137291028263,64.11570608307618,232.80087469671247,8248.923504158814,316.55184481524276,0.9375,-331.9477220660443,-23.280087469671244,-64.11570608307618
57,contingent,node-029,0.0,0.0,0.0,0.0,0.0,0.0,0.0,0.0,8248.923504158814,316.55184481524276,0.9375,-161.21895250771811,0.0,0.0
57,capped,node-000,0.0,0.0,0.0,0.0,0.0,0.0,0.0,0.0,8248.923504158814,336.77872303898477,0.9375,0.0,0.0,0.0
57,capped,node-001,0.0,0.0,0.0,0.0,0.0,0.0,0.0,0.0,8248.923504158814,336.77872303898477,0.9375,0.0,0.0,0.0
57,capped,node-002,0.0,0.0,0.0,0.0,0.0,0.0,0.0,0.0,8248.923504158814,336.77872303898477,0.9375,0.0,0.0,0.0
57,capped,node-003,0.0,0.0,0.0,0.0,0.0,0.0,0.0,0.0,8248.923504158814,336.77872303898477,0.9375,0.0,0.0,0.0
57,capped,node-004,4.939065223224993,101.03179117370121,101.03179117370121,0.05897322999643926,1.2063357717613776,1.2063357717613776,27.91699003951007,83.7509701185302,8248.923504158814,336.77872303898477,0.9375,-108.88323923287679,-2.0609206590586453,-27.91699003951007
57,capped,node-005,0.0,0.0,0.0,0.0,0.0,0.0,0.0,0.0,8248.923504158814,336.77872303898477,0.9375,0.0,0.0,0.0
57,capped,node-006,0.0,0.0,0.0,0.0,0.0,0.0,0.0,0.0,8248.923504158814,336.77872303898477,0.9375,-108.84920570075931,0.0,0.0
57,capped,node-007,0.0,0.0,0.0,0.0,0.0,0.0,0.0,0.0,8248.923504158814,336.77872303898477,0.9375,-43.76068102440445,0.0,0.0
57,capped,node-008,0.0,0.0,0.0,0.0,0.0,0.0,0.0,0.0,8248.923504158814,336.77872303898477,0.9375,-38.68183649475987,0.0,0.0
57,capped,node-009,0.0,51.563951339019695,51.563951339019695,0.0,51563.951339019695,51563.951339019695,0.0,0.0,8248.923504158814,336.77872303898477,0.9375,-63.8863157222619,0.0,0.0
57,capped,node-010,0.0,0.0,0.0,0.0,0.0,0.0,0.0,0.0,8248.923504158814,336.77872303898477,0.9375,0.0,0.0,0.0
57,capped,node-011,0.0,0.0,0.0,0.0,0.0,0.0,0.0,0.0,8248.923504158814,336.77872303898477,0.9375,0.0,0.0,0.0
57,capped,node-012,0.0,0.0,0.0,0.0,0.0,0.0,0.0,0.0,8248.923504158814,336.77872303898477,0.9375,0.0,0.0,0.0
57,capped,node-013,0.0,0.0,0.0,0.0,0.0,0.0,0.0,0.0,8248.923504158814,336.77872303898477,0.9375,0.0,0.0,0.0
57,capped,node-014,0.0,0.0,14.199334554482801,0.0,0.0,14199.3345544828,0.0,0.0,8248.923504158814,336.77872303898477,0.9375,-34.376549260908874,0.0,0.0
57,capped,node-015,0.0,0.0,0.0,0.0,0.0,0.0,0.0,0.0,8248.923504158814,336.77872303898477,0.9375,0.0,0.0,0.0
57,capped,node-016,0.0,23.38258189853365,23.38258189853365,0.0,23382.581898533652,23382.581898533652,0.0,0.0,8248.923504158814,336.77872303898477,0.9375,-85.32567914515457,0.0,0.0
57,capped,node-017,0.0,0.0,0.0,0.0,0.0,0.0,0.0,0.0,8248.923504158814,336.77872303898477,0.9375,0.0,0.0,0.0
57,capped,node-018,14.901835423650393,77.67946340290021,77.67946340290021,14901.835423650393,77679.4634029002,77679.4634029002,0.0,0.0,8248.923504158814,336.77872303898477,0.9375,-74.50156217683347,0.0,0.0
57,capped,node-019,0.0,0.0,12.636071991653129,0.0,0.0,12636.071991653129,0.0,0.0,8248.923504158814,336.77872303898477,0.9375,-33.777533765842705,0.0,0.0
57,capped,node-020,0.0,0.0,0.0,0.0,0.0,0.0,0.0,0.0,8248.923504158814,336.77872303898477,0.9375,0.0,0.0,0.0
57,capped,node-021,0.0,0.0,0.0,0.0,0.0,0.0,0.0,0.0,8248.923504158814,336.77872303898477,0.9375,0.0,0.0,0.0
57,capped,node-022,0.0,0.0,0.0,0.0,0.0,0.0,0.0,0.0,8248.923504158814,336.77872303898477,0.9375,-91.87299807571117,0.0,0.0
57,capped,node-023,0.0,0.0,20.12948685862719,0.0,0.0,20129.486858627188,0.0,0.0,8248.923504158814,336.77872303898477,0.9375,-81.50366507534963,0.0,0.0
57,capped,node-024,0.0,0.0,0.0,0.0,0.0,0.0,0.0,0.0,8248.923504158814,336.77872303898477,0.9375,0.0,0.0,0.0
57,capped,node-025,0.0,0.0,16.10259565030564,0.0,0.0,16102.59565030564,0.0,0.0,8248.923504158814,336.77872303898477,0.9375,-81.83910752400936,0.0,0.0
57,capped,node-026,0.0,0.0,0.0,0.0,0.0,0.0,0.0,0.0,8248.923504158814,336.77872303898477,0.9375,0.0,0.0,0.0
57,capped,node-027,0.0,0.0,0.0,0.0,0.0,0.0,0.0,0.0,8248.923504158814,336.77872303898477,0.9375,0.0,0.0,0.0
57,capped,node-028,63.25693823011365,0.0,78.76906468339315,0.25000000000000017,0.0,0.31130602779433514,84.34258430681815,253.02775292045445,8248.923504158814,336.77872303898477,0.9375,-151.3005883025602,-25.30277529204544,-84.34258430681815
57,capped,node-029,0.0,0.0,0.0,0.0,0.0,0.0,0.0,0.0,8248.923504158814,336.77872303898477,0.9375,-40.30473812692952,0.0,0.0
57,proper_scoring,node-000,0.0,0.0,0.0,0.0,0.0,0.0,0.0,0.0,8248.923504158814,1049.5592428568002,0.9375,0.0,0.0,0.0
57,proper_scoring,node-001,0.0,0.0,0.0,0.0,0.0,0.0,0.0,0.0,8248.923504158814,1049.5592428568002,0.9375,0.0,0.0,0.0
57,proper_scoring,node-002,0.0,0.0,0.0,0.0,0.0,0.0,0.0,0.0,8248.923504158814,1049.5592428568002,0.9375,0.0,0.0,0.0
57,proper_scoring,node-003,0.0,0.0,0.0,0.0,0.0,0.0,0.0,0.0,8248.923504158814,1049.5592428568002,0.9375,0.0,0.0,0.0
57,proper_scoring,node-004,30.3068913468926,379.5154817076087,379.5154817076087,0.08248641201089937,1.0329291127332492,1.0329291127332492,311.5827932786085,367.4167733576287,8248.923504158814,1049.5592428568002,0.9375,-635.4477900520753,33.04418779332684,-311.5827932786085
57,proper_scoring,node-005,0.0,0.0,0.0,0.0,0.0,0.0,0.0,0.0,8248.923504158814,1049.5592428568002,0.9375,0.0,0.0,0.0
57,proper_scoring,node-006,0.0,0.0,219.0442042744332,0.0,0.0,219044.2042744332,0.0,0.0,8248.923504158814,1049.5592428568002,0.9375,-419.17588594188555,0.0,0.0
57,proper_scoring,node-007,0.0,0.0,271.60241849223905,0.0,0.0,271602.418492239,0.0,0.0,8248.923504158814,1049.5592428568002,0.9375,-175.0427240976178,0.0,0.0
57,proper_scoring,node-008,0.0,0.0,296.5518442075447,0.0,0.0,296551.8442075447,0.0,0.0,8248.923504158814,1049.5592428568002,0.9375,-154.72734597903946,0.0,0.0
57,proper_scoring,node-009,245.74510451698893,201.56395133901972,406.66602060747385,245745.10451698894,201563.95133901972,406666.02060747385,0.0,0.0,8248.923504158814,1049.5592428568002,0.9375,-255.54526288904756,0.0,0.0
57,proper_scoring,node-010,0.0,0.0,0.0,0.0,0.0,0.0,0.0,0.0,8248.923504158814,1049.5592428568002,0.9375,0.0,0.0,0.0
57,proper_scoring,node-011,0.0,0.0,0.0,0.0,0.0,0.0,0.0,0.0,8248.923504158814,1049.5592428568002,0.9375,0.0,0.0,0.0
57,proper_scoring,node-012,0.0,0.0,0.0,0.0,0.0,0.0,0.0,0.0,8248.923504158814,1049.5592428568002,0.9375,0.0,0.0,0.0
57,proper_scoring,node-013,0.0,0.0,0.0,0.0,0.0,0.0,0.0,0.0,8248.923504158814,1049.5592428568002,0.9375,0.0,0.0,0.0
57,proper_scoring,node-014,130.39569108712178,0.0,283.606524299994,130395.69108712177,0.0,283606.524299994,0.0,0.0,8248.923504158814,1049.5592428568002,0.9375,-137.5061970436355,0.0,0.0
57,proper_scoring,node-015,0.0,0.0,0.0,0.0,0.0,0.0,0.0,0.0,8248.923504158814,1049.5592428568002,0.9375,0.0,0.0,0.0
57,proper_scoring,node-016,0.0,73.38258189853366,335.83256687988967,0.0,73382.58189853365,335832.56687988964,0.0,0.0,8248.923504158814,1049.5592428568002,0.9375,-341.30271658061827,0.0,0.0
57,proper_scoring,node-017,0.0,0.0,0.0,0.0,0.0,0.0,0.0,0.0,8248.923504158814,1049.5592428568002,0.9375,0.0,0.0,0.0
57,proper_scoring,node-018,481.02853452656865,427.6794634029002,715.1347224201251,481028.53452656866,427679.46340290015,715134.722420125,0.0,0.0,8248.923504158814,1049.5592428568002,0.9375,-298.00624870733384,0.0,0.0
57,proper_scoring,node-019,195.1911502141461,0.0,405.73421406311786,195191.1502141461,0.0,405734.21406311786,0.0,0.0,8248.923504158814,1049.5592428568002,0.9375,-135.11013506337085,0.0,0.0
57,proper_scoring,node-020,0.0,0.0,0.0,0.0,0.0,0.0,0.0,0.0,8248.923504158814,1049.5592428568002,0.9375,0.0,0.0,0.0
57,proper_scoring,node-021,0.0,0.0,0.0,0.0,0.0,0.0,0.0,0.0,8248.923504158814,1049.5592428568002,0.9375,0.0,0.0,0.0
57,proper_scoring,node-022,0.0,0.0,508.1270019242888,0.0,0.0,508127.00192428875,0.0,0.0,8248.923504158814,1049.5592428568002,0.9375,-367.4919923028446,0.0,0.0
57,proper_scoring,node-023,0.0,0.0,347.8867325972148,0.0,0.0,347886.7325972148,0.0,0.0,8248.923504158814,1049.5592428568002,0.9375,-326.0146603013985,0.0,0.0
57,proper_scoring,node-024,0.0,0.0,0.0,0.0,0.0,0.0,0.0,0.0,8248.923504158814,1049.5592428568002,0.9375,0.0,0.0,0.0
57,proper_scoring,node-025,0.0,0.0,254.859813696255,0.0,0.0,254859.813696255,0.0,0.0,8248.923504158814,1049.5592428568002,0.9375,-326.6106986647979,0.0,0.0
57,proper_scoring,node-026,0.0,0.0,0.0,0.0,0.0,0.0,0.0,0.0,8248.923504158814,1049.5592428568002,0.9375,0.0,0.0,0.0
57,proper_scoring,node-027,0.0,0.0,0.0,0.0,0.0,0.0,0.0,0.0,8248.923504158814,1049.5592428568002,0.9375,0.0,0.0,0.0
57,proper_scoring,node-028,308.1544456117696,0.6584051975409011,309.4712560068516,0.4517449937371827,0.0009652018852077949,0.4536753975075986,513.4573008855352,682.1424694991715,8248.923504158814,1049.5592428568002,0.9375,-781.2893168685034,-23.2800874696714,-513.4573008855352
57,proper_scoring,node-029,0.0,0.0,59.69526187307048,0.0,0.0,59695.26187307048,0.0,0.0,8248.923504158814,1049.5592428568002,0.9375,-140.30473812692952,0.0,0.0
57,audits,node-000,0.0,0.0,0.0,0.0,0.0,0.0,0.0,0.0,8248.923504158814,1025.1224430391323,0.9375,0.0,0.0,0.0
57,audits,node-001,0.0,0.0,0.0,0.0,0.0,0.0,0.0,0.0,8248.923504158814,1025.1224430391323,0.9375,0.0,0.0,0.0
57,audits,node-002,0.0,0.0,0.0,0.0,0.0,0.0,0.0,0.0,8248.923504158814,1025.1224430391323,0.9375,0.0,0.0,0.0
57,audits,node-003,0.0,0.0,0.0,0.0,0.0,0.0,0.0,0.0,8248.923504158814,1025.1224430391323,0.9375,0.0,0.0,0.0
57,audits,node-004,4.308509757486945,0.0,51.78954305730292,0.011726491738833096,0.0,0.1409558485423121,311.5827932786085,367.4167733576287,8248.923504158814,1025.1224430391323,0.9375,-2392.5490424719756,25.493535724708465,-311.5827932786085
57,audits,node-005,0.0,0.0,0.0,0.0,0.0,0.0,0.0,0.0,8248.923504158814,1025.1224430391323,0.9375,0.0,0.0,0.0
57,audits,node-006,0.0,0.0,191.15079429924072,0.0,0.0,191150.79429924072,0.0,0.0,8248.923504158814,1025.1224430391323,0.9375,-1108.849205700759,0.0,0.0
57,audits,node-007,0.0,0.0,271.60241849223905,0.0,0.0,271602.418492239,0.0,0.0,8248.923504158814,1025.1224430391323,0.9375,-493.76068102440445,0.0,0.0
57,audits,node-008,0.0,0.0,261.31816350524014,0.0,0.0,261318.16350524014,0.0,0.0,8248.923504158814,1025.1224430391323,0.9375,-438.68183649475986,0.0,0.0
57,audits,node-009,218.68858446460288,201.56395133901972,379.49493709786714,218688.58446460287,201563.95133901972,379494.93709786714,0.0,0.0,8248.923504158814,1025.1224430391323,0.9375,-1063.8863157222618,0.0,0.0
57,audits,node-010,0.0,0.0,0.0,0.0,0.0,0.0,0.0,0.0,8248.923504158814,1025.1224430391323,0.9375,0.0,0.0,0.0
57,audits,node-011,0.0,0.0,0.0,0.0,0.0,0.0,0.0,0.0,8248.923504158814,1025.1224430391323,0.9375,0.0,0.0,0.0
57,audits,node-012,0.0,0.0,0.0,0.0,0.0,0.0,0.0,0.0,8248.923504158814,1025.1224430391323,0.9375,0.0,0.0,0.0
57,audits,node-013,0.0,0.0,0.0,0.0,0.0,0.0,0.0,0.0,8248.923504158814,1025.1224430391323,0.9375,0.0,0.0,0.0
57,audits,node-014,130.39569108712178,0.0,210.90513064104132,130395.69108712177,0.0,210905.13064104132,0.0,0.0,8248.923504158814,1025.1224430391323,0.9375,-953.1025311073429,0.0,0.0
57,audits,node-015,0.0,0.0,0.0,0.0,0.0,0.0,0.0,0.0,8248.923504158814,1025.1224430391323,0.9375,0.0,0.0,0.0
57,audits,node-016,0.0,73.38258189853366,314.6743208548454,0.0,73382.58189853365,314674.3208548454,0.0,0.0,8248.923504158814,1025.1224430391323,0.9375,-1085.3256791451545,0.0,0.0
57,audits,node-017,0.0,0.0,0.0,0.0,0.0,0.0,0.0,0.0,8248.923504158814,1025.1224430391323,0.9375,0.0,0.0,0.0
57,audits,node-018,447.82324054444615,427.6794634029002,675.4984378231666,447823.24054444616,427679.46340290015,675498.4378231666,0.0,0.0,8248.923504158814,1025.1224430391323,0.9375,-1424.5015621768334,0.0,0.0
57,audits,node-019,195.1911502141461,0.0,372.17461668505746,195191.1502141461,0.0,372174.61668505747,0.0,0.0,8248.923504158814,1025.1224430391323,0.9375,-462.346265860806,0.0,0.0
57,audits,node-020,0.0,0.0,0.0,0.0,0.0,0.0,0.0,0.0,8248.923504158814,1025.1224430391323,0.9375,0.0,0.0,0.0
57,audits,node-021,0.0,0.0,0.0,0.0,0.0,0.0,0.0,0.0,8248.923504158814,1025.1224430391323,0.9375,0.0,0.0,0.0
57,audits,node-022,0.0,0.0,508.1270019242888,0.0,0.0,508127.00192428875,0.0,0.0,8248.923504158814,1025.1224430391323,0.9375,-1191.8729980757114,0.0,0.0
57,audits,node-023,0.0,0.0,318.49633492465034,0.0,0.0,318496.3349246503,0.0,0.0,8248.923504158814,1025.1224430391323,0.9375,-1081.5036650753495,0.0,0.0
57,audits,node-024,0.0,0.0,0.0,0.0,0.0,0.0,0.0,0.0,8248.923504158814,1025.1224430391323,0.9375,0.0,0.0,0.0
57,audits,node-025,0.0,0.0,218.16089247599064,0.0,0.0,218160.89247599064,0.0,0.0,8248.923504158814,1025.1224430391323,0.9375,-1081.8391075240093,0.0,0.0
57,audits,node-026,0.0,0.0,0.0,0.0,0.0,0.0,0.0,0.0,8248.923504158814,1025.1224430391323,0.9375,0.0,0.0,0.0
57,audits,node-027,0.0,0.0,0.0,0.0,0.0,0.0,0.0,0.0,8248.923504158814,1025.1224430391323,0.9375,0.0,0.0,0.0
57,audits,node-028,298.0410064998987,0.0,298.0410064998987,0.4531525578063302,0.0,0.4531525578063302,489.0205010678675,657.7056696815037,8248.923504158814,1025.1224430391323,0.9375,-2005.9785050636092,-25.30277529204568,-489.0205010678675
57,audits,node-029,0.0,0.0,59.69526187307048,0.0,0.0,59695.26187307048,0.0,0.0,8248.923504158814,1025.1224430391323,0.9375,-140.30473812692952,0.0,0.0
54,greedy,node-000,0.0,0.0,0.0,0.0,0.0,0.0,0.0,0.0,7765.440913141262,183.22563157927513,0.9,0.0,0.0,0.0
54,greedy,node-001,0.0,0.0,0.0,0.0,0.0,0.0,0.0,0.0,7765.440913141262,183.22563157927513,0.9,0.0,0.0,0.0
54,greedy,node-002,0.0,0.0,0.0,0.0,0.0,0.0,0.0,0.0,7765.440913141262,183.22563157927513,0.9,0.0,0.0,0.0
54,greedy,node-003,32.62054015826859,0.0,32.62054015826859,0.17803480810573633,0.0,0.17803480810573633,61.07521052642503,183.22563157927513,7765.440913141262,183.22563157927513,0.9,-91.61281578963755,-18.322563157927497,-61.07521052642503
54,greedy,node-004,0.0,0.0,0.0,0.0,0.0,0.0,0.0,0.0,7765.440913141262,183.22563157927513,0.9,0.0,0.0,0.0
54,greedy,node-005,0.0,0.0,0.0,0.0,0.0,0.0,0.0,0.0,7765.440913141262,183.22563157927513,0.9,0.0,0.0,0.0
54,greedy,node-006,0.0,0.0,0.0,0.0,0.0,0.0,0.0,0.0,7765.440913141262,183.22563157927513,0.9,0.0,0.0,0.0
54,greedy,node-007,0.0,0.0,0.0,0.0,0.0,0.0,0.0,0.0,7765.440913141262,183.22563157927513,0.9,0.0,0.0,0.0
54,greedy,node-008,0.0,0.0,0.0,0.0,0.0,0.0,0.0,0.0,7765.440913141262,183.22563157927513,0.9,0.0,0.0,0.0
54,greedy,node-009,0.0,0.0,0.0,0.0,0.0,0.0,0.0,0.0,7765.440913141262,183.22563157927513,0.9,0.0,0.0,0.0
54,greedy,node-010,0.0,0.0,0.0,0.0,0.0,0.0,0.0,0.0,7765.440913141262,183.22563157927513,0.9,0.0,0.0,0.0
54,greedy,node-011,0.0,0.0,0.0,0.0,0.0,0.0,0.0,0.0,7765.440913141262,183.22563157927513,0.9,-1.359282096237873,0.0,0.0
54,greedy,node-012,0.0,0.0,0.0,0.0,0.0,0.0,0.0,0.0,7765.440913141262,183.22563157927513,0.9,0.0,0.0,0.0
54,greedy,node-013,0.0,0.0,0.0,0.0,0.0,0.0,0.0,0.0,7765.440913141262,183.22563157927513,0.9,0.0,0.0,0.0
54,greedy,node-014,0.0,0.0,0.0,0.0,0.0,0.0,0.0,0.0,7765.440913141262,183.22563157927513,0.9,0.0,0.0,0.0
54,greedy,node-015,0.0,0.0,0.0,0.0,0.0,0.0,0.0,0.0,7765.440913141262,183.22563157927513,0.9,0.0,0.0,0.0
54,greedy,node-016,7.305372583614567,0.0,7.305372583614567,7305.372583614567,0.0,7305.372583614567,0.0,0.0,7765.440913141262,183.22563157927513,0.9,-24.783245109220008,7.805713124745001,0.0
54,greedy,node-017,0.0,0.0,0.0,0.0,0.0,0.0,0.0,0.0,7765.440913141262,183.22563157927513,0.9,0.0,0.0,0.0
54,greedy,node-018,0.0,0.0,0.0,0.0,0.0,0.0,0.0,0.0,7765.440913141262,183.22563157927513,0.9,0.0,0.0,0.0
54,greedy,node-019,0.0,0.0,0.0,0.0,0.0,0.0,0.0,0.0,7765.440913141262,183.22563157927513,0.9,0.0,0.0,0.0
54,greedy,node-020,0.0,0.0,0.0,0.0,0.0,0.0,0.0,0.0,7765.440913141262,183.22563157927513,0.9,0.0,0.0,0.0
54,greedy,node-021,0.0,0.0,0.0,0.0,0.0,0.0,0.0,0.0,7765.440913141262,183.22563157927513,0.9,0.0,0.0,0.0
54,greedy,node-022,0.0,0.0,0.0,0.0,0.0,0.0,0.0,0.0,7765.440913141262,183.22563157927513,0.9,-16.862524428955304,0.0,0.0
54,greedy,node-023,0.0,0.0,0.0,0.0,0.0,0.0,0.0,0.0,7765.440913141262,183.22563157927513,0.9,0.0,0.0,0.0
54,greedy,node-024,0.0,0.0,0.0,0.0,0.0,0.0,0.0,0.0,7765.440913141262,183.22563157927513,0.9,0.0,0.0,0.0
54,greedy,node-025,0.0,0.0,0.0,0.0,0.0,0.0,0.0,0.0,7765.440913141262,183.22563157927513,0.9,0.0,0.0,0.0
54,greedy,node-026,0.0,0.0,0.0,0.0,0.0,0.0,0.0,0.0,7765.440913141262,183.22563157927513,0.9,0.0,0.0,0.0
54,greedy,node-027,0.0,0.0,0.0,0.0,0.0,0.0,0.0,0.0,7765.440913141262,183.22563157927513,0.9,0.0,0.0,0.0
54,greedy,node-028,0.0,0.0,0.0,0.0,0.0,0.0,0.0,0.0,7765.440913141262,183.22563157927513,0.9,0.0,0.0,0.0
54,greedy,node-029,0.0,0.0,0.0,0.0,0.0,0.0,0.0,0.0,7765.440913141262,183.22563157927513,0.9,0.0,0.0,0.0
54,trust_vcg,node-000,0.0,0.0,0.0,0.0,0.0,0.0,0.0,0.0,7765.440913141262,1.27121314826082,0.9,0.0,0.0,0.0
54,trust_vcg,node-001,0.0,0.0,0.0,0.0,0.0,0.0,0.0,0.0,7765.440913141262,1.27121314826082,0.9,0.0,0.0,0.0
54,trust_vcg,node-002,0.0,0.0,219.46221747128132,0.0,0.0,219462.21747128133,0.0,0.0,7765.440913141262,1.27121314826082,0.9,-3380.5377825287187,0.0,0.0
54,trust_vcg,node-003,183.22563157927507,62.17293270731062,585.5846506940595,144.13446858219714,48.90834616710112,460.650246967012,-120.8792079045894,1.27121314826082,7765.440913141262,1.27121314826082,0.9,-10909.658397358628,-18.32256315792739,444.1501567606155
54,trust_vcg,node-004,0.0,0.0,0.0,0.0,0.0,0.0,0.0,0.0,7765.440913141262,1.27121314826082,0.9,0.0,0.0,0.0
54,trust_vcg,node-005,0.0,0.0,0.0,0.0,0.0,0.0,0.0,0.0,7765.440913141262,1.27121314826082,0.9,0.0,0.0,0.0
54,trust_vcg,node-006,0.0,0.0,0.0,0.0,0.0,0.0,0.0,0.0,7765.440913141262,1.27121314826082,0.9,-1723.2127037743235,0.0,0.0
54,trust_vcg,node-007,0.0,0.0,129.3554059476387,0.0,0.0,129355.4059476387,0.0,0.0,7765.440913141262,1.27121314826082,0.9,-2270.6445940523613,0.0,0.0
54,trust_vcg,node-008,0.0,86.19976650271553,86.19976650271553,0.0,86199.76650271553,86199.76650271553,0.0,0.0,7765.440913141262,1.27121314826082,0.9,-3926.986909917789,0.0,0.0
54,trust_vcg,node-009,0.0,0.0,0.0,0.0,0.0,0.0,0.0,0.0,7765.440913141262,1.27121314826082,0.9,0.0,0.0,0.0
54,trust_vcg,node-010,0.0,0.0,0.0,0.0,0.0,0.0,0.0,0.0,7765.440913141262,1.27121314826082,0.9,-2286.044630949235,0.0,0.0
54,trust_vcg,node-011,0.0,0.0,0.0,0.0,0.0,0.0,0.0,0.0,7765.440913141262,1.27121314826082,0.9,-5621.640404896436,0.0,0.0
54,trust_vcg,node-012,0.0,0.0,175.60788129683252,0.0,0.0,175607.88129683252,0.0,0.0,7765.440913141262,1.27121314826082,0.9,-2263.091776628761,0.0,0.0
54,trust_vcg,node-013,0.0,0.0,0.0,0.0,0.0,0.0,0.0,0.0,7765.440913141262,1.27121314826082,0.9,0.0,0.0,0.0
54,trust_vcg,node-014,0.0,0.0,0.0,0.0,0.0,0.0,0.0,0.0,7765.440913141262,1.27121314826082,0.9,0.0,0.0,0.0
54,trust_vcg,node-015,0.0,0.0,0.0,0.0,0.0,0.0,0.0,0.0,7765.440913141262,1.27121314826082,0.9,0.0,0.0,0.0
54,trust_vcg,node-016,0.0,0.0,77.66831673393276,0.0,0.0,77668.31673393275,0.0,0.0,7765.440913141262,1.27121314826082,0.9,-5447.052825499341,0.0,0.0
54,trust_vcg,node-017,0.0,0.0,0.0,0.0,0.0,0.0,0.0,0.0,7765.440913141262,1.27121314826082,0.9,0.0,0.0,0.0
54,trust_vcg,node-018,0.0,0.0,0.0,0.0,0.0,0.0,0.0,0.0,7765.440913141262,1.27121314826082,0.9,0.0,0.0,0.0
54,trust_vcg,node-019,0.0,85.03838524336307,224.90913376185475,0.0,85038.38524336307,224909.13376185475,0.0,0.0,7765.440913141262,1.27121314826082,0.9,-3375.0908662381453,0.0,0.0
54,trust_vcg,node-020,0.0,0.0,121.87446723696267,0.0,0.0,121874.46723696266,0.0,0.0,7765.440913141262,1.27121314826082,0.9,-2278.1255327630374,0.0,0.0
54,trust_vcg,node-021,0.0,0.0,0.0,0.0,0.0,0.0,0.0,0.0,7765.440913141262,1.27121314826082,0.9,0.0,0.0,0.0
54,trust_vcg,node-022,0.0,0.0,302.2933933082782,0.0,0.0,302293.39330827823,0.0,0.0,7765.440913141262,1.27121314826082,0.9,-5554.757125514119,0.0,0.0
54,trust_vcg,node-023,0.0,0.0,0.0,0.0,0.0,0.0,0.0,0.0,7765.440913141262,1.27121314826082,0.9,-5549.0900224885645,0.0,0.0
54,trust_vcg,node-024,0.0,0.0,0.0,0.0,0.0,0.0,0.0,0.0,7765.440913141262,1.27121314826082,0.9,0.0,0.0,0.0
54,trust_vcg,node-025,0.0,0.0,0.0,0.0,0.0,0.0,0.0,0.0,7765.440913141262,1.27121314826082,0.9,0.0,0.0,0.0
54,trust_vcg,node-026,0.0,158.38100784854942,225.0341354536074,0.0,158381.0078485494,225034.1354536074,0.0,0.0,7765.440913141262,1.27121314826082,0.9,-3922.2345277705217,0.0,0.0
54,trust_vcg,node-027,0.0,0.0,0.0,0.0,0.0,0.0,0.0,0.0,7765.440913141262,1.27121314826082,0.9,0.0,0.0,0.0
54,trust_vcg,node-028,0.0,0.0,136.2384313374166,0.0,0.0,136238.4313374166,0.0,0.0,7765.440913141262,1.27121314826082,0.9,-2263.761568662583,0.0,0.0
54,trust_vcg,node-029,0.0,0.0,75.30007543267321,0.0,0.0,75300.07543267321,0.0,0.0,7765.440913141262,1.27121314826082,0.9,-1724.699924567327,0.0,0.0
54,contingent,node-000,0.0,0.0,0.0,0.0,0.0,0.0,0.0,0.0,7765.440913141262,162.15726117445595,0.9,0.0,0.0,0.0
54,contingent,node-001,0.0,0.0,0.0,0.0,0.0,0.0,0.0,0.0,7765.440913141262,162.15726117445595,0.9,0.0,0.0,0.0
54,contingent,node-002,0.0,0.0,26.1994522862932,0.0,0.0,26199.452286293203,0.0,0.0,7765.440913141262,162.15726117445595,0.9,-322.1511301148747,0.0,0.0
54,contingent,node-003,162.15726117445593,0.0,162.15726117445593,0.9999999999999998,0.0,0.9999999999999998,40.00684012160587,162.15726117445595,7765.440913141262,162.15726117445595,0.9,-162.15726117445595,-16.215726117445584,-216.61014023529486
54,contingent,node-004,0.0,0.0,0.0,0.0,0.0,0.0,0.0,0.0,7765.440913141262,162.15726117445595,0.9,0.0,0.0,0.0
54,contingent,node-005,0.0,0.0,0.0,0.0,0.0,0.0,0.0,0.0,7765.440913141262,162.15726117445595,0.9,0.0,0.0,0.0
54,contingent,node-006,0.0,0.0,0.0,0.0,0.0,0.0,0.0,0.0,7765.440913141262,162.15726117445595,0.9,-292.85081509729366,0.0,0.0
54,contingent,node-007,0.0,0.0,10.41102016007828,0.0,0.0,10411.02016007828,0.0,0.0,7765.440913141262,162.15726117445595,0.9,-282.5783762094452,0.0,0.0
54,contingent,node-008,0.0,36.19976650271553,36.19976650271553,0.0,36199.76650271553,36199.76650271553,0.0,0.0,7765.440913141262,162.15726117445595,0.9,-307.94763967115523,0.0,0.0
54,contingent,node-009,0.0,0.0,0.0,0.0,0.0,0.0,0.0,0.0,7765.440913141262,162.15726117445595,0.9,0.0,0.0,0.0
54,contingent,node-010,0.0,0.0,0.0,0.0,0.0,0.0,0.0,0.0,7765.440913141262,162.15726117445595,0.9,-344.1785237969402,0.0,0.0
54,contingent,node-011,0.0,0.0,0.0,0.0,0.0,0.0,0.0,0.0,7765.440913141262,162.15726117445595,0.9,-486.5616195857454,0.0,0.0
54,contingent,node-012,0.0,0.0,25.607881296832524,0.0,0.0,25607.881296832522,0.0,0.0,7765.440913141262,162.15726117445595,0.9,-252.36710651504478,0.0,0.0
54,contingent,node-013,0.0,0.0,0.0,0.0,0.0,0.0,0.0,0.0,7765.440913141262,162.15726117445595,0.9,0.0,0.0,0.0
54,contingent,node-014,0.0,0.0,0.0,0.0,0.0,0.0,0.0,0.0,7765.440913141262,162.15726117445595,0.9,0.0,0.0,0.0
54,contingent,node-015,0.0,0.0,0.0,0.0,0.0,0.0,0.0,0.0,7765.440913141262,162.15726117445595,0.9,0.0,0.0,0.0
54,contingent,node-016,0.0,8.251427132752944,27.877546874089287,0.0,8251.427132752944,27877.546874089287,0.0,0.0,7765.440913141262,162.15726117445595,0.9,-145.77554621522162,0.0,0.0
54,contingent,node-017,0.0,0.0,0.0,0.0,0.0,0.0,0.0,0.0,7765.440913141262,162.15726117445595,0.9,0.0,0.0,0.0
54,contingent,node-018,0.0,0.0,0.0,0.0,0.0,0.0,0.0,0.0,7765.440913141262,162.15726117445595,0.9,0.0,0.0,0.0
54,contingent,node-019,0.0,35.03838524336307,35.03838524336307,0.0,35038.38524336307,35038.38524336307,0.0,0.0,7765.440913141262,162.15726117445595,0.9,-300.36346495258096,0.0,0.0
54,contingent,node-020,0.0,0.0,0.0,0.0,0.0,0.0,0.0,0.0,7765.440913141262,162.15726117445595,0.9,-312.50213105214925,0.0,0.0
54,contingent,node-021,0.0,0.0,0.0,0.0,0.0,0.0,0.0,0.0,7765.440913141262,162.15726117445595,0.9,0.0,0.0,0.0
54,contingent,node-022,0.0,49.090731519923054,118.16859610127526,0.0,49090.73151992305,118168.59610127525,0.0,0.0,7765.440913141262,162.15726117445595,0.9,-219.02850205647337,0.0,0.0
54,contingent,node-023,0.0,0.0,0.0,0.0,0.0,0.0,0.0,0.0,7765.440913141262,162.15726117445595,0.9,-272.05847884953414,0.0,0.0
54,contingent,node-024,0.0,0.0,0.0,0.0,0.0,0.0,0.0,0.0,7765.440913141262,162.15726117445595,0.9,0.0,0.0,0.0
54,contingent,node-025,0.0,0.0,0.0,0.0,0.0,0.0,0.0,0.0,7765.440913141262,162.15726117445595,0.9,0.0,0.0,0.0
54,contingent,node-026,0.0,58.381007848549416,58.381007848549416,0.0,58381.007848549416,58381.007848549416,0.0,0.0,7765.440913141262,162.15726117445595,0.9,-288.9381110820885,0.0,0.0
54,contingent,node-027,0.0,0.0,0.0,0.0,0.0,0.0,0.0,0.0,7765.440913141262,162.15726117445595,0.9,0.0,0.0,0.0
54,contingent,node-028,0.0,0.0,18.443813559829067,0.0,0.0,18443.81355982907,0.0,0.0,7765.440913141262,162.15726117445595,0.9,-255.04627465033357,0.0,0.0
54,contingent,node-029,0.0,0.0,0.0,0.0,0.0,0.0,0.0,0.0,7765.440913141262,162.15726117445595,0.9,-298.79969826930716,0.0,0.0
54,capped,node-000,0.0,0.0,0.0,0.0,0.0,0.0,0.0,0.0,7765.440913141262,183.22563157927513,0.9,0.0,0.0,0.0
54,capped,node-001,0.0,0.0,0.0,0.0,0.0,0.0,0.0,0.0,7765.440913141262,183.22563157927513,0.9,0.0,0.0,0.0
54,capped,node-002,0.0,0.0,26.1994522862932,0.0,0.0,26199.452286293203,0.0,0.0,7765.440913141262,183.22563157927513,0.9,-80.53778252871868,0.0,0.0
54,capped,node-003,183.2256315792751,0.0,183.2256315792751,0.9999999999999999,0.0,0.9999999999999999,61.07521052642503,183.22563157927513,7765.440913141262,183.22563157927513,0.9,-91.61281578963755,-18.322563157927497,-237.678510640114
54,capped,node-004,0.0,0.0,0.0,0.0,0.0,0.0,0.0,0.0,7765.440913141262,183.22563157927513,0.9,0.0,0.0,0.0
54,capped,node-005,0.0,0.0,0.0,0.0,0.0,0.0,0.0,0.0,7765.440913141262,183.22563157927513,0.9,0.0,0.0,0.0
54,capped,node-006,0.0,0.0,0.0,0.0,0.0,0.0,0.0,0.0,7765.440913141262,183.22563157927513,0.9,-73.21270377432343,0.0,0.0
54,capped,node-007,0.0,0.0,10.41102016007828,0.0,0.0,10411.02016007828,0.0,0.0,7765.440913141262,183.22563157927513,0.9,-70.6445940523613,0.0,0.0
54,capped,node-008,0.0,36.19976650271553,36.19976650271553,0.0,36199.76650271553,36199.76650271553,0.0,0.0,7765.440913141262,183.22563157927513,0.9,-76.98690991778881,0.0,0.0
54,capped,node-009,0.0,0.0,0.0,0.0,0.0,0.0,0.0,0.0,7765.440913141262,183.22563157927513,0.9,0.0,0.0,0.0
54,capped,node-010,0.0,0.0,0.0,0.0,0.0,0.0,0.0,0.0,7765.440913141262,183.22563157927513,0.9,-86.04463094923506,0.0,0.0
54,capped,node-011,0.0,0.0,0.0,0.0,0.0,0.0,0.0,0.0,7765.440913141262,183.22563157927513,0.9,-121.64040489643634,0.0,0.0
54,capped,node-012,0.0,0.0,25.607881296832524,0.0,0.0,25607.881296832522,0.0,0.0,7765.440913141262,183.22563157927513,0.9,-63.091776628761195,0.0,0.0
54,capped,node-013,0.0,0.0,0.0,0.0,0.0,0.0,0.0,0.0,7765.440913141262,183.22563157927513,0.9,0.0,0.0,0.0
54,capped,node-014,0.0,0.0,0.0,0.0,0.0,0.0,0.0,0.0,7765.440913141262,183.22563157927513,0.9,0.0,0.0,0.0
54,capped,node-015,0.0,0.0,0.0,0.0,0.0,0.0,0.0,0.0,7765.440913141262,183.22563157927513,0.9,0.0,0.0,0.0
54,capped,node-016,0.0,36.62993704059942,51.13760808530196,0.0,36629.93704059942,51137.60808530196,0.0,0.0,7765.440913141262,183.22563157927513,0.9,-36.4438865538054,0.0,0.0
54,capped,node-017,0.0,0.0,0.0,0.0,0.0,0.0,0.0,0.0,7765.440913141262,183.22563157927513,0.9,0.0,0.0,0.0
54,capped,node-018,0.0,0.0,0.0,0.0,0.0,0.0,0.0,0.0,7765.440913141262,183.22563157927513,0.9,0.0,0.0,0.0
54,capped,node-019,0.0,35.03838524336307,35.03838524336307,0.0,35038.38524336307,35038.38524336307,0.0,0.0,7765.440913141262,183.22563157927513,0.9,-75.09086623814525,0.0,0.0
54,capped,node-020,0.0,0.0,0.0,0.0,0.0,0.0,0.0,0.0,7765.440913141262,183.22563157927513,0.9,-78.12553276303731,0.0,0.0
54,capped,node-021,0.0,0.0,0.0,0.0,0.0,0.0,0.0,0.0,7765.440913141262,183.22563157927513,0.9,0.0,0.0,0.0
54,capped,node-022,0.0,77.14051255776212,118.16859610127526,0.0,77140.51255776212,118168.59610127525,0.0,0.0,7765.440913141262,183.22563157927513,0.9,-54.75712551411834,0.0,0.0
54,capped,node-023,0.0,61.583107981377225,61.583107981377225,0.0,61583.10798137722,61583.10798137722,0.0,0.0,7765.440913141262,183.22563157927513,0.9,-68.01461971238352,0.0,0.0
54,capped,node-024,0.0,0.0,0.0,0.0,0.0,0.0,0.0,0.0,7765.440913141262,183.22563157927513,0.9,0.0,0.0,0.0
54,capped,node-025,0.0,0.0,0.0,0.0,0.0,0.0,0.0,0.0,7765.440913141262,183.22563157927513,0.9,0.0,0.0,0.0
54,capped,node-026,0.0,58.381007848549416,58.381007848549416,0.0,58381.007848549416,58381.007848549416,0.0,0.0,7765.440913141262,183.22563157927513,0.9,-72.23452777052213,0.0,0.0
54,capped,node-027,0.0,0.0,0.0,0.0,0.0,0.0,0.0,0.0,7765.440913141262,183.22563157927513,0.9,0.0,0.0,0.0
54,capped,node-028,0.0,0.0,18.443813559829067,0.0,0.0,18443.81355982907,0.0,0.0,7765.440913141262,183.22563157927513,0.9,-63.76156866258339,0.0,0.0
54,capped,node-029,0.0,0.0,0.0,0.0,0.0,0.0,0.0,0.0,7765.440913141262,183.22563157927513,0.9,-74.69992456732679,0.0,0.0
54,proper_scoring,node-000,0.0,0.0,0.0,0.0,0.0,0.0,0.0,0.0,7765.440913141262,1053.652009051347,0.9,0.0,0.0,0.0
54,proper_scoring,node-001,0.0,0.0,0.0,0.0,0.0,0.0,0.0,0.0,7765.440913141262,1053.652009051347,0.9,0.0,0.0,0.0
54,proper_scoring,node-002,0.0,0.0,219.46221747128132,0.0,0.0,219462.21747128133,0.0,0.0,7765.440913141262,1053.652009051347,0.9,-308.092096098712,0.0,0.0
54,proper_scoring,node-003,162.15726117445615,8.505252123108903,170.66251329756506,0.15390020593274817,0.008072164291478537,0.16197237022422672,931.5015879984969,1053.652009051347,7765.440913141262,1053.652009051347,0.9,-1053.652009051347,-16.21572611744557,-608.2306391424709
54,proper_scoring,node-004,0.0,0.0,0.0,0.0,0.0,0.0,0.0,0.0,7765.440913141262,1053.652009051347,0.9,0.0,0.0,0.0
54,proper_scoring,node-005,0.0,0.0,0.0,0.0,0.0,0.0,0.0,0.0,7765.440913141262,1053.652009051347,0.9,0.0,0.0,0.0
54,proper_scoring,node-006,0.0,0.0,0.0,0.0,0.0,0.0,0.0,0.0,7765.440913141262,1053.652009051347,0.9,-223.21270377432342,0.0,0.0
54,proper_scoring,node-007,0.0,0.0,129.3554059476387,0.0,0.0,129355.4059476387,0.0,0.0,7765.440913141262,1053.652009051347,0.9,-265.3083664123489,0.0,0.0
54,proper_scoring,node-008,0.0,86.19976650271553,179.9493798064282,0.0,86199.76650271553,179949.3798064282,0.0,0.0,7765.440913141262,1053.652009051347,0.9,-303.64798991708193,0.0,0.0
54,proper_scoring,node-009,0.0,0.0,0.0,0.0,0.0,0.0,0.0,0.0,7765.440913141262,1053.652009051347,0.9,0.0,0.0,0.0
54,proper_scoring,node-010,0.0,0.0,0.0,0.0,0.0,0.0,0.0,0.0,7765.440913141262,1053.652009051347,0.9,-278.48125521826273,0.0,0.0
54,proper_scoring,node-011,0.0,0.0,278.3595951035637,0.0,0.0,278359.59510356374,0.0,0.0,7765.440913141262,1053.652009051347,0.9,-420.24710850529783,0.0,0.0
54,proper_scoring,node-012,0.0,0.0,175.60788129683252,0.0,0.0,175607.88129683252,0.0,0.0,7765.440913141262,1053.652009051347,0.9,-241.72323493775724,0.0,0.0
54,proper_scoring,node-013,0.0,0.0,0.0,0.0,0.0,0.0,0.0,0.0,7765.440913141262,1053.652009051347,0.9,0.0,0.0,0.0
54,proper_scoring,node-014,0.0,0.0,0.0,0.0,0.0,0.0,0.0,0.0,7765.440913141262,1053.652009051347,0.9,0.0,0.0,0.0
54,proper_scoring,node-015,0.0,0.0,0.0,0.0,0.0,0.0,0.0,0.0,7765.440913141262,1053.652009051347,0.9,0.0,0.0,0.0
54,proper_scoring,node-016,0.0,157.62373671228335,220.90111551393787,0.0,157623.73671228334,220901.11551393787,0.0,0.0,7765.440913141262,1053.652009051347,0.9,-145.77554621522162,0.0,0.0
54,proper_scoring,node-017,0.0,0.0,0.0,0.0,0.0,0.0,0.0,0.0,7765.440913141262,1053.652009051347,0.9,0.0,0.0,0.0
54,proper_scoring,node-018,0.0,0.0,0.0,0.0,0.0,0.0,0.0,0.0,7765.440913141262,1053.652009051347,0.9,0.0,0.0,0.0
54,proper_scoring,node-019,0.0,85.03838524336307,224.90913376185475,0.0,85038.38524336307,224909.13376185475,0.0,0.0,7765.440913141262,1053.652009051347,0.9,-297.80588708753635,0.0,0.0
54,proper_scoring,node-020,0.0,0.0,121.87446723696267,0.0,0.0,121874.46723696266,0.0,0.0,7765.440913141262,1053.652009051347,0.9,-271.90425928208276,0.0,0.0
54,proper_scoring,node-021,0.0,0.0,0.0,0.0,0.0,0.0,0.0,0.0,7765.440913141262,1053.652009051347,0.9,0.0,0.0,0.0
54,proper_scoring,node-022,0.0,299.09073151992305,404.41605644193305,0.0,299090.731519923,404416.05644193303,0.0,0.0,7765.440913141262,1053.652009051347,0.9,-219.02850205647337,0.0,0.0
54,proper_scoring,node-023,0.0,15.358988180325817,194.6421511635179,0.0,15358.988180325816,194642.1511635179,0.0,0.0,7765.440913141262,1053.652009051347,0.9,-272.05847884953414,0.0,0.0
54,proper_scoring,node-024,0.0,0.0,0.0,0.0,0.0,0.0,0.0,0.0,7765.440913141262,1053.652009051347,0.9,0.0,0.0,0.0
54,proper_scoring,node-025,0.0,0.0,0.0,0.0,0.0,0.0,0.0,0.0,7765.440913141262,1053.652009051347,0.9,0.0,0.0,0.0
54,proper_scoring,node-026,0.0,158.38100784854942,225.0341354536074,0.0,158381.0078485494,225034.1354536074,0.0,0.0,7765.440913141262,1053.652009051347,0.9,-288.9381110820885,0.0,0.0
54,proper_scoring,node-027,0.0,0.0,0.0,0.0,0.0,0.0,0.0,0.0,7765.440913141262,1053.652009051347,0.9,0.0,0.0,0.0
54,proper_scoring,node-028,0.0,0.0,136.2384313374166,0.0,0.0,136238.4313374166,0.0,0.0,7765.440913141262,1053.652009051347,0.9,-244.18077532261006,0.0,0.0
54,proper_scoring,node-029,0.0,0.0,75.30007543267321,0.0,0.0,75300.07543267321,0.0,0.0,7765.440913141262,1053.652009051347,0.9,-224.6999245673268,0.0,0.0
54,audits,node-000,0.0,0.0,0.0,0.0,0.0,0.0,0.0,0.0,7765.440913141262,1001.2712131482606,0.9,0.0,0.0,0.0
54,audits,node-001,0.0,0.0,0.0,0.0,0.0,0.0,0.0,0.0,7765.440913141262,1001.2712131482606,0.9,0.0,0.0,0.0
54,audits,node-002,0.0,0.0,219.46221747128132,0.0,0.0,219462.21747128133,0.0,0.0,7765.440913141262,1001.2712131482606,0.9,-1880.5377825287187,0.0,0.0
54,audits,node-003,183.22563157927516,0.0,183.22563157927516,0.18299300846087993,0.0,0.18299300846087993,879.1207920954107,1001.2712131482606,7765.440913141262,1001.2712131482606,0.9,-3909.658397358623,-18.32256315792756,-555.8498432393847
54,audits,node-004,0.0,0.0,0.0,0.0,0.0,0.0,0.0,0.0,7765.440913141262,1001.2712131482606,0.9,0.0,0.0,0.0
54,audits,node-005,0.0,0.0,0.0,0.0,0.0,0.0,0.0,0.0,7765.440913141262,1001.2712131482606,0.9,0.0,0.0,0.0
54,audits,node-006,0.0,0.0,0.0,0.0,0.0,0.0,0.0,0.0,7765.440913141262,1001.2712131482606,0.9,-1223.2127037743235,0.0,0.0
54,audits,node-007,0.0,0.0,129.3554059476387,0.0,0.0,129355.4059476387,0.0,0.0,7765.440913141262,1001.2712131482606,0.9,-1270.6445940523613,0.0,0.0
54,audits,node-008,0.0,86.19976650271553,86.19976650271553,0.0,86199.76650271553,86199.76650271553,0.0,0.0,7765.440913141262,1001.2712131482606,0.9,-1926.986909917789,0.0,0.0
54,audits,node-009,0.0,0.0,0.0,0.0,0.0,0.0,0.0,0.0,7765.440913141262,1001.2712131482606,0.9,0.0,0.0,0.0
54,audits,node-010,0.0,0.0,0.0,0.0,0.0,0.0,0.0,0.0,7765.440913141262,1001.2712131482606,0.9,-1286.044630949235,0.0,0.0
54,audits,node-011,0.0,0.0,278.3595951035637,0.0,0.0,278359.59510356374,0.0,0.0,7765.440913141262,1001.2712131482606,0.9,-2121.6404048964364,0.0,0.0
54,audits,node-012,0.0,0.0,175.60788129683252,0.0,0.0,175607.88129683252,0.0,0.0,7765.440913141262,1001.2712131482606,0.9,-1263.0917766287612,0.0,0.0
54,audits,node-013,0.0,0.0,0.0,0.0,0.0,0.0,0.0,0.0,7765.440913141262,1001.2712131482606,0.9,0.0,0.0,0.0
54,audits,node-014,0.0,0.0,0.0,0.0,0.0,0.0,0.0,0.0,7765.440913141262,1001.2712131482606,0.9,0.0,0.0,0.0
54,audits,node-015,0.0,0.0,0.0,0.0,0.0,0.0,0.0,0.0,7765.440913141262,1001.2712131482606,0.9,0.0,0.0,0.0
54,audits,node-016,0.0,0.0,77.66831673393276,0.0,0.0,77668.31673393275,0.0,0.0,7765.440913141262,1001.2712131482606,0.9,-1947.0528254993412,0.0,0.0
54,audits,node-017,0.0,0.0,0.0,0.0,0.0,0.0,0.0,0.0,7765.440913141262,1001.2712131482606,0.9,0.0,0.0,0.0
54,audits,node-018,0.0,0.0,0.0,0.0,0.0,0.0,0.0,0.0,7765.440913141262,1001.2712131482606,0.9,0.0,0.0,0.0
54,audits,node-019,0.0,85.03838524336307,224.90913376185475,0.0,85038.38524336307,224909.13376185475,0.0,0.0,7765.440913141262,1001.2712131482606,0.9,-1875.0908662381455,0.0,0.0
54,audits,node-020,0.0,0.0,121.87446723696267,0.0,0.0,121874.46723696266,0.0,0.0,7765.440913141262,1001.2712131482606,0.9,-1278.1255327630372,0.0,0.0
54,audits,node-021,0.0,0.0,0.0,0.0,0.0,0.0,0.0,0.0,7765.440913141262,1001.2712131482606,0.9,0.0,0.0,0.0
54,audits,node-022,0.0,0.0,302.2933933082782,0.0,0.0,302293.39330827823,0.0,0.0,7765.440913141262,1001.2712131482606,0.9,-2054.7571255141183,0.0,0.0
54,audits,node-023,0.0,0.0,0.0,0.0,0.0,0.0,0.0,0.0,7765.440913141262,1001.2712131482606,0.9,-2049.090022488565,0.0,0.0
54,audits,node-024,0.0,0.0,0.0,0.0,0.0,0.0,0.0,0.0,7765.440913141262,1001.2712131482606,0.9,0.0,0.0,0.0
54,audits,node-025,0.0,0.0,0.0,0.0,0.0,0.0,0.0,0.0,7765.440913141262,1001.2712131482606,0.9,0.0,0.0,0.0
54,audits,node-026,0.0,158.38100784854942,225.0341354536074,0.0,158381.0078485494,225034.1354536074,0.0,0.0,7765.440913141262,1001.2712131482606,0.9,-1922.234527770522,0.0,0.0
54,audits,node-027,0.0,0.0,0.0,0.0,0.0,0.0,0.0,0.0,7765.440913141262,1001.2712131482606,0.9,0.0,0.0,0.0
54,audits,node-028,0.0,0.0,136.2384313374166,0.0,0.0,136238.4313374166,0.0,0.0,7765.440913141262,1001.2712131482606,0.9,-1263.7615686625834,0.0,0.0
54,audits,node-029,0.0,0.0,75.30007543267321,0.0,0.0,75300.07543267321,0.0,0.0,7765.440913141262,1001.2712131482606,0.9,-1224.6999245673267,0.0,0.0
53,greedy,node-000,0.0,0.0,0.0,0.0,0.0,0.0,0.0,0.0,7016.312804708924,535.2822815132346,0.95,0.0,0.0,0.0
53,greedy,node-001,0.0,0.0,0.0,0.0,0.0,0.0,0.0,0.0,7016.312804708924,535.2822815132346,0.95,0.0,0.0,0.0
53,greedy,node-002,39.23421984125493,0.0,39.23421984125493,39234.219841254926,0.0,39234.219841254926,0.0,0.0,7016.312804708924,535.2822815132346,0.95,-100.28261217143532,0.0,0.0
53,greedy,node-003,0.0,0.0,0.0,0.0,0.0,0.0,0.0,0.0,7016.312804708924,535.2822815132346,0.95,-36.79777422321643,0.0,0.0
53,greedy,node-004,0.0,0.0,0.0,0.0,0.0,0.0,0.0,0.0,7016.312804708924,535.2822815132346,0.95,0.0,0.0,0.0
53,greedy,node-005,0.0,0.0,0.0,0.0,0.0,0.0,0.0,0.0,7016.312804708924,535.2822815132346,0.95,0.0,0.0,0.0
53,greedy,node-006,0.0,0.0,0.0,0.0,0.0,0.0,75.41862643356102,226.25587930068303,7016.312804708924,535.2822815132346,0.95,-185.85501151006508,-4.794066685250968,-75.41862643356102
53,greedy,node-007,0.0,0.0,0.0,0.0,0.0,0.0,0.0,0.0,7016.312804708924,535.2822815132346,0.95,0.0,0.0,0.0
53,greedy,node-008,0.0,0.0,0.0,0.0,0.0,0.0,38.81707823587928,116.45123470763784,7016.312804708924,535.2822815132346,0.95,-145.44257548246648,22.308470452334134,-38.81707823587928
53,greedy,node-009,0.0,0.0,0.0,0.0,0.0,0.0,0.0,0.0,7016.312804708924,535.2822815132346,0.95,0.0,0.0,0.0
53,greedy,node-010,0.0,0.0,0.0,0.0,0.0,0.0,0.0,0.0,7016.312804708924,535.2822815132346,0.95,0.0,0.0,0.0
53,greedy,node-011,0.0,0.0,0.0,0.0,0.0,0.0,0.0,0.0,7016.312804708924,535.2822815132346,0.95,0.0,0.0,0.0
53,greedy,node-012,38.62280016161186,0.0,38.62280016161186,38622.80016161186,0.0,38622.80016161186,0.0,0.0,7016.312804708924,535.2822815132346,0.95,-111.90301190350107,50.43642603212761,0.0
53,greedy,node-013,0.0,0.0,0.0,0.0,0.0,0.0,0.0,0.0,7016.312804708924,535.2822815132346,0.95,0.0,0.0,0.0
53,greedy,node-014,0.0,0.0,0.0,0.0,0.0,0.0,0.0,0.0,7016.312804708924,535.2822815132346,0.95,-64.70806594367293,0.0,0.0
53,greedy,node-015,33.30014039956939,0.0,33.30014039956939,33300.14039956939,0.0,33300.14039956939,0.0,0.0,7016.312804708924,535.2822815132346,0.95,-116.33214558826218,26.197310887249476,0.0
53,greedy,node-016,0.0,0.0,0.0,0.0,0.0,0.0,0.0,0.0,7016.312804708924,535.2822815132346,0.95,-22.61777022731554,0.0,0.0
53,greedy,node-017,0.0,0.0,0.0,0.0,0.0,0.0,0.0,0.0,7016.312804708924,535.2822815132346,0.95,0.0,0.0,0.0
53,greedy,node-018,0.0,0.0,0.0,0.0,0.0,0.0,0.0,0.0,7016.312804708924,535.2822815132346,0.95,-97.49439773926295,0.0,0.0
53,greedy,node-019,0.0,0.0,0.0,0.0,0.0,0.0,64.19172250163788,192.57516750491365,7016.312804708924,535.2822815132346,0.95,-141.37838070024821,-8.247750737763901,-64.19172250163788
53,greedy,node-020,0.0,0.0,0.0,0.0,0.0,0.0,0.0,0.0,7016.312804708924,535.2822815132346,0.95,-66.10965137381366,0.0,0.0
53,greedy,node-021,32.91068666350247,0.0,32.91068666350247,32910.68666350246,0.0,32910.68666350246,0.0,0.0,7016.312804708924,535.2822815132346,0.95,-112.74087629183771,43.51423172730073,0.0
53,greedy,node-022,0.0,0.0,0.0,0.0,0.0,0.0,0.0,0.0,7016.312804708924,535.2822815132346,0.95,0.0,0.0,0.0
53,greedy,node-023,0.0,0.0,0.0,0.0,0.0,0.0,0.0,0.0,7016.312804708924,535.2822815132346,0.95,0.0,0.0,0.0
53,greedy,node-024,0.0,0.0,0.0,0.0,0.0,0.0,0.0,0.0,7016.312804708924,535.2822815132346,0.95,0.0,0.0,0.0
53,greedy,node-025,0.0,0.0,0.0,0.0,0.0,0.0,0.0,0.0,7016.312804708924,535.2822815132346,0.95,0.0,0.0,0.0
53,greedy,node-026,0.0,0.0,0.0,0.0,0.0,0.0,0.0,0.0,7016.312804708924,535.2822815132346,0.95,0.0,0.0,0.0
53,greedy,node-027,0.0,0.0,0.0,0.0,0.0,0.0,0.0,0.0,7016.312804708924,535.2822815132346,0.95,0.0,0.0,0.0
53,greedy,node-028,0.0,0.0,0.0,0.0,0.0,0.0,0.0,0.0,7016.312804708924,535.2822815132346,0.95,0.0,0.0,0.0
53,greedy,node-029,0.0,0.0,0.0,0.0,0.0,0.0,0.0,0.0,7016.312804708924,535.2822815132346,0.95,0.0,0.0,0.0
53,trust_vcg,node-000,0.0,0.0,208.98318219855878,0.0,0.0,208983.1821985588,0.0,0.0,8526.496171032028,1539.2753703398062,1.0,-3991.016817801441,0.0,0.0
53,trust_vcg,node-001,0.0,0.0,0.0,0.0,0.0,0.0,0.0,0.0,8526.496171032028,1539.2753703398062,1.0,0.0,0.0,0.0
53,trust_vcg,node-002,0.0,423.1596961548556,423.1596961548556,0.0,423159.6961548556,423159.6961548556,0.0,0.0,8526.496171032028,1539.2753703398062,1.0,-10016.621205786032,0.0,0.0
53,trust_vcg,node-003,137.8186117724546,0.0,137.8186117724546,137818.6117724546,0.0,137818.6117724546,0.0,0.0,8526.496171032028,1539.2753703398062,1.0,-4983.798973408533,0.0,0.0
53,trust_vcg,node-004,0.0,0.0,86.74871947624256,0.0,0.0,86748.71947624255,0.0,0.0,8526.496171032028,1539.2753703398062,1.0,-2313.2512805237575,0.0,0.0
53,trust_vcg,node-005,0.0,0.0,0.0,0.0,0.0,0.0,0.0,0.0,8526.496171032028,1539.2753703398062,1.0,0.0,0.0,0.0
53,trust_vcg,node-006,46.254975373065236,0.7544142270294287,80.63480395245006,0.030049837907075792,0.0004901099839354191,0.052384911437028545,1112.588847295249,1539.2753703398062,8526.496171032028,1539.2753703398062,1.0,-12223.025232371756,-11.351189043369686,-1372.9152311227817
53,trust_vcg,node-007,0.0,0.0,0.0,0.0,0.0,0.0,0.0,0.0,8526.496171032028,1539.2753703398062,1.0,-1759.5285669336927,0.0,0.0
53,trust_vcg,node-008,0.0,472.4098142939559,472.4098142939559,0.0,472409.81429395586,472409.81429395586,0.0,0.0,8526.496171032028,1539.2753703398062,1.0,-10483.649006704174,0.0,0.0
53,trust_vcg,node-009,0.0,0.0,98.97662417478402,0.0,0.0,98976.62417478402,0.0,0.0,8526.496171032028,1539.2753703398062,1.0,-2301.023375825216,0.0,0.0
53,trust_vcg,node-010,0.0,0.0,0.0,0.0,0.0,0.0,0.0,0.0,8526.496171032028,1539.2753703398062,1.0,0.0,0.0,0.0
53,trust_vcg,node-011,0.0,0.0,0.0,0.0,0.0,0.0,0.0,0.0,8526.496171032028,1539.2753703398062,1.0,0.0,0.0,0.0
53,trust_vcg,node-012,0.0,0.0,355.0261124411728,0.0,0.0,355026.1124411728,0.0,0.0,8526.496171032028,1539.2753703398062,1.0,-5577.245600323224,0.0,0.0
53,trust_vcg,node-013,0.0,0.0,0.0,0.0,0.0,0.0,0.0,0.0,8526.496171032028,1539.2753703398062,1.0,0.0,0.0,0.0
53,trust_vcg,node-014,0.0,0.0,0.0,0.0,0.0,0.0,0.0,0.0,8526.496171032028,1539.2753703398062,1.0,-5080.015169178823,0.0,0.0
53,trust_vcg,node-015,178.16459180837364,624.1911138133157,624.1911138133157,178164.59180837363,624191.1138133158,624191.1138133158,0.0,0.0,8526.496171032028,1539.2753703398062,1.0,-5591.1637279637225,0.0,0.0
53,trust_vcg,node-016,0.0,0.0,0.0,0.0,0.0,0.0,0.0,0.0,8526.496171032028,1539.2753703398062,1.0,-4986.897794262182,0.0,0.0
53,trust_vcg,node-017,0.0,0.0,0.0,0.0,0.0,0.0,0.0,0.0,8526.496171032028,1539.2753703398062,1.0,0.0,0.0,0.0
53,trust_vcg,node-018,0.0,0.0,0.0,0.0,0.0,0.0,0.0,0.0,8526.496171032028,1539.2753703398062,1.0,-5623.658583451677,0.0,0.0
53,trust_vcg,node-019,0.0,0.0,149.3043707925467,0.0,0.0,149304.37079254672,0.0,0.0,8526.496171032028,1539.2753703398062,1.0,-5577.18665819861,0.0,0.0
53,trust_vcg,node-020,0.0,0.0,119.68345226729379,0.0,0.0,119683.45226729379,0.0,0.0,8526.496171032028,1539.2753703398062,1.0,-3951.2761203635305,0.0,0.0
53,trust_vcg,node-021,0.0,0.0,42.214694539085,0.0,0.0,42214.694539085,0.0,0.0,8526.496171032028,1539.2753703398062,1.0,-10445.664291585626,0.0,0.0
53,trust_vcg,node-022,0.0,0.0,26.87418695123128,0.0,0.0,26874.18695123128,0.0,0.0,8526.496171032028,1539.2753703398062,1.0,-1173.1258130487686,0.0,0.0
53,trust_vcg,node-023,0.0,0.0,0.0,0.0,0.0,0.0,0.0,0.0,8526.496171032028,1539.2753703398062,1.0,-5646.728596076659,0.0,0.0
53,trust_vcg,node-024,65.92131439607458,0.0,66.06522294402353,65921.31439607458,0.0,66065.22294402352,0.0,0.0,8526.496171032028,1539.2753703398062,1.0,-1733.9347770559764,0.0,0.0
53,trust_vcg,node-025,0.0,0.0,0.0,0.0,0.0,0.0,0.0,0.0,8526.496171032028,1539.2753703398062,1.0,0.0,0.0,0.0
53,trust_vcg,node-026,104.65312687199291,0.0,177.320839097247,104653.1268719929,0.0,177320.839097247,0.0,0.0,8526.496171032028,1539.2753703398062,1.0,-3422.679160902753,0.0,0.0
53,trust_vcg,node-027,0.0,0.0,0.0,0.0,0.0,0.0,0.0,0.0,8526.496171032028,1539.2753703398062,1.0,-1148.5802019018322,0.0,0.0
53,trust_vcg,node-028,19.892074868611644,0.0,39.315370016538324,19892.074868611642,0.0,39315.37001653832,0.0,0.0,8526.496171032028,1539.2753703398062,1.0,-1760.684629983462,0.0,0.0
53,trust_vcg,node-029,0.0,0.0,184.91832200993892,0.0,0.0,184918.32200993891,0.0,0.0,8526.496171032028,1539.2753703398062,1.0,-2287.1014589068054,0.0,0.0
53,contingent,node-000,0.0,0.0,0.0,0.0,0.0,0.0,0.0,0.0,8526.496171032028,640.0297845668355,1.0,-564.0672712057649,0.0,0.0
53,contingent,node-001,0.0,0.0,0.0,0.0,0.0,0.0,0.0,0.0,8526.496171032028,640.0297845668355,1.0,0.0,0.0,0.0
53,contingent,node-002,0.0,123.15969615485557,168.28588226154918,0.0,123159.69615485557,168285.88226154918,0.0,0.0,8526.496171032028,640.0297845668355,1.0,-466.4848231441235,0.0,0.0
53,contingent,node-003,0.0,0.0,0.0,0.0,0.0,0.0,0.0,0.0,8526.496171032028,640.0297845668355,1.0,-135.19589363413118,0.0,0.0
53,contingent,node-004,0.0,0.0,0.0,0.0,0.0,0.0,0.0,0.0,8526.496171032028,640.0297845668355,1.0,-453.00512209502983,0.0,0.0
53,contingent,node-005,0.0,0.0,0.0,0.0,0.0,0.0,0.0,0.0,8526.496171032028,640.0297845668355,1.0,0.0,0.0,0.0
53,contingent,node-006,146.171151570062,0.0,279.88038972542074,0.22838179580812615,0.0,0.4372927580469407,213.34326152227848,640.0297845668355,8526.496171032028,640.0297845668355,1.0,-655.0888018282948,-61.30927714186805,-409.40858292326027
53,contingent,node-007,0.0,0.0,0.0,0.0,0.0,0.0,0.0,0.0,8526.496171032028,640.0297845668355,1.0,-438.11426773476967,0.0,0.0
53,contingent,node-008,0.0,122.65118210652871,129.1932921536546,0.0,122651.18210652871,129193.29215365459,0.0,0.0,8526.496171032028,640.0297845668355,1.0,-414.2256534832428,0.0,0.0
53,contingent,node-009,0.0,0.0,15.709067413531855,0.0,0.0,15709.067413531855,0.0,0.0,8526.496171032028,640.0297845668355,1.0,-404.093503300864,0.0,0.0
53,contingent,node-010,0.0,0.0,0.0,0.0,0.0,0.0,0.0,0.0,8526.496171032028,640.0297845668355,1.0,0.0,0.0,0.0
53,contingent,node-011,0.0,0.0,0.0,0.0,0.0,0.0,0.0,0.0,8526.496171032028,640.0297845668355,1.0,0.0,0.0,0.0
53,contingent,node-012,0.0,91.66466011928209,181.7708334943925,0.0,91664.66011928208,181770.8334943925,0.0,0.0,8526.496171032028,640.0297845668355,1.0,-308.9824012928949,0.0,0.0
53,contingent,node-013,0.0,0.0,0.0,0.0,0.0,0.0,0.0,0.0,8526.496171032028,640.0297845668355,1.0,0.0,0.0,0.0
53,contingent,node-014,0.0,0.0,0.0,0.0,0.0,0.0,0.0,0.0,8526.496171032028,640.0297845668355,1.0,-520.0606767152914,0.0,0.0
53,contingent,node-015,0.0,174.1911138133157,174.1911138133157,0.0,174191.1138133157,174191.1138133157,0.0,0.0,8526.496171032028,640.0297845668355,1.0,-364.65491185488844,0.0,0.0
53,contingent,node-016,0.0,0.0,0.0,0.0,0.0,0.0,0.0,0.0,8526.496171032028,640.0297845668355,1.0,-147.59117704872799,0.0,0.0
53,contingent,node-017,0.0,0.0,0.0,0.0,0.0,0.0,0.0,0.0,8526.496171032028,640.0297845668355,1.0,0.0,0.0,0.0
53,contingent,node-018,0.0,0.0,0.0,0.0,0.0,0.0,0.0,0.0,8526.496171032028,640.0297845668355,1.0,-494.6343338067129,0.0,0.0
53,contingent,node-019,0.0,44.66298322726935,99.3043707925467,0.0,44662.98322726935,99304.3707925467,0.0,0.0,8526.496171032028,640.0297845668355,1.0,-308.7466327944412,0.0,0.0
53,contingent,node-020,0.0,0.0,69.68345226729379,0.0,0.0,69683.45226729379,0.0,0.0,8526.496171032028,640.0297845668355,1.0,-405.10448145412147,0.0,0.0
53,contingent,node-021,0.0,0.0,2.828855662780075,0.0,0.0,2828.855662780075,0.0,0.0,8526.496171032028,640.0297845668355,1.0,-441.39609293526195,0.0,0.0
53,contingent,node-022,0.0,0.0,0.0,0.0,0.0,0.0,0.0,0.0,8526.496171032028,640.0297845668355,1.0,-292.5032521950749,0.0,0.0
53,contingent,node-023,0.0,0.0,0.0,0.0,0.0,0.0,0.0,0.0,8526.496171032028,640.0297845668355,1.0,-726.3778550128399,0.0,0.0
53,contingent,node-024,0.0,0.0,15.645271499450573,0.0,0.0,15645.271499450573,0.0,0.0,8526.496171032028,640.0297845668355,1.0,-335.7391082239059,0.0,0.0
53,contingent,node-025,0.0,0.0,0.0,0.0,0.0,0.0,0.0,0.0,8526.496171032028,640.0297845668355,1.0,0.0,0.0,0.0
53,contingent,node-026,0.0,0.0,28.10774261682161,0.0,0.0,28107.74261682161,0.0,0.0,8526.496171032028,640.0297845668355,1.0,-490.71664361101205,0.0,0.0
53,contingent,node-027,0.0,0.0,0.0,0.0,0.0,0.0,0.0,0.0,8526.496171032028,640.0297845668355,1.0,-238.64440632469575,0.0,0.0
53,contingent,node-028,0.0,0.0,0.0,0.0,0.0,0.0,0.0,0.0,8526.496171032028,640.0297845668355,1.0,-442.7385199338466,0.0,0.0
53,contingent,node-029,0.0,0.0,34.91832200993893,0.0,0.0,34918.32200993893,0.0,0.0,8526.496171032028,640.0297845668355,1.0,-348.4058356272219,0.0,0.0
53,capped,node-000,0.0,0.0,0.0,0.0,0.0,0.0,0.0,0.0,8526.496171032028,640.0297845668355,1.0,-141.01681780144122,0.0,0.0
53,capped,node-001,0.0,0.0,0.0,0.0,0.0,0.0,0.0,0.0,8526.496171032028,640.0297845668355,1.0,0.0,0.0,0.0
53,capped,node-002,0.0,123.15969615485557,168.28588226154918,0.0,123159.69615485557,168285.88226154918,0.0,0.0,8526.496171032028,640.0297845668355,1.0,-116.62120578603088,0.0,0.0
53,capped,node-003,0.0,0.0,0.0,0.0,0.0,0.0,0.0,0.0,8526.496171032028,640.0297845668355,1.0,-33.7989734085328,0.0,0.0
53,capped,node-004,0.0,0.0,0.0,0.0,0.0,0.0,0.0,0.0,8526.496171032028,640.0297845668355,1.0,-113.25128052375746,0.0,0.0
53,capped,node-005,0.0,0.0,0.0,0.0,0.0,0.0,0.0,0.0,8526.496171032028,640.0297845668355,1.0,0.0,0.0,0.0
53,capped,node-006,146.171151570062,0.0,279.88038972542074,0.22838179580812615,0.0,0.4372927580469407,213.34326152227848,640.0297845668355,8526.496171032028,640.0297845668355,1.0,-323.7796465987825,-61.30927714186805,-382.84260086185327
53,capped,node-007,0.0,0.0,0.0,0.0,0.0,0.0,0.0,0.0,8526.496171032028,640.0297845668355,1.0,-109.52856693369242,0.0,0.0
53,capped,node-008,0.0,122.65118210652871,129.1932921536546,0.0,122651.18210652871,129193.29215365459,0.0,0.0,8526.496171032028,640.0297845668355,1.0,-103.55641337081073,0.0,0.0
53,capped,node-009,0.0,0.0,15.709067413531855,0.0,0.0,15709.067413531855,0.0,0.0,8526.496171032028,640.0297845668355,1.0,-101.023375825216,0.0,0.0
53,capped,node-010,0.0,0.0,0.0,0.0,0.0,0.0,0.0,0.0,8526.496171032028,640.0297845668355,1.0,0.0,0.0,0.0
53,capped,node-011,0.0,0.0,0.0,0.0,0.0,0.0,0.0,0.0,8526.496171032028,640.0297845668355,1.0,0.0,0.0,0.0
53,capped,node-012,0.0,124.5725027121224,181.7708334943925,0.0,124572.5027121224,181770.8334943925,0.0,0.0,8526.496171032028,640.0297845668355,1.0,-77.24560032322373,0.0,0.0
53,capped,node-013,0.0,0.0,0.0,0.0,0.0,0.0,0.0,0.0,8526.496171032028,640.0297845668355,1.0,0.0,0.0,0.0
53,capped,node-014,0.0,0.0,39.581910920177485,0.0,0.0,39581.910920177485,0.0,0.0,8526.496171032028,640.0297845668355,1.0,-130.01516917882284,0.0,0.0
53,capped,node-015,0.0,174.1911138133157,174.1911138133157,0.0,174191.1138133157,174191.1138133157,0.0,0.0,8526.496171032028,640.0297845668355,1.0,-91.16372796372212,0.0,0.0
53,capped,node-016,0.0,0.0,0.0,0.0,0.0,0.0,0.0,0.0,8526.496171032028,640.0297845668355,1.0,-36.897794262182,0.0,0.0
53,capped,node-017,0.0,0.0,0.0,0.0,0.0,0.0,0.0,0.0,8526.496171032028,640.0297845668355,1.0,0.0,0.0,0.0
53,capped,node-018,0.0,0.0,47.5186021914181,0.0,0.0,47518.6021914181,0.0,0.0,8526.496171032028,640.0297845668355,1.0,-123.65858345167823,0.0,0.0
53,capped,node-019,0.0,106.80549624067686,160.47930625409475,0.0,106805.49624067686,160479.30625409476,0.0,0.0,8526.496171032028,640.0297845668355,1.0,-77.18665819861032,0.0,0.0
53,capped,node-020,0.0,73.89872632593418,73.89872632593418,0.0,73898.72632593417,73898.72632593417,0.0,0.0,8526.496171032028,640.0297845668355,1.0,-101.27612036353038,0.0,0.0
53,capped,node-021,0.0,0.0,43.52201013601852,0.0,0.0,43522.01013601852,0.0,0.0,8526.496171032028,640.0297845668355,1.0,-110.34902323381552,0.0,0.0
53,capped,node-022,0.0,0.0,0.0,0.0,0.0,0.0,0.0,0.0,8526.496171032028,640.0297845668355,1.0,-73.12581304876872,0.0,0.0
53,capped,node-023,0.0,0.0,0.0,0.0,0.0,0.0,0.0,0.0,8526.496171032028,640.0297845668355,1.0,-181.59446375321,0.0,0.0
53,capped,node-024,0.0,0.0,15.645271499450573,0.0,0.0,15645.271499450573,0.0,0.0,8526.496171032028,640.0297845668355,1.0,-83.93477705597647,0.0,0.0
53,capped,node-025,0.0,0.0,0.0,0.0,0.0,0.0,0.0,0.0,8526.496171032028,640.0297845668355,1.0,0.0,0.0,0.0
53,capped,node-026,0.0,0.0,28.10774261682161,0.0,0.0,28107.74261682161,0.0,0.0,8526.496171032028,640.0297845668355,1.0,-122.67916090275301,0.0,0.0
53,capped,node-027,0.0,0.0,0.0,0.0,0.0,0.0,0.0,0.0,8526.496171032028,640.0297845668355,1.0,-59.66110158117394,0.0,0.0
53,capped,node-028,0.0,0.0,0.0,0.0,0.0,0.0,0.0,0.0,8526.496171032028,640.0297845668355,1.0,-110.68462998346166,0.0,0.0
53,capped,node-029,0.0,0.0,34.91832200993893,0.0,0.0,34918.32200993893,0.0,0.0,8526.496171032028,640.0297845668355,1.0,-87.10145890680548,0.0,0.0
53,proper_scoring,node-000,0.0,0.0,208.98318219855878,0.0,0.0,208983.1821985588,0.0,0.0,8526.496171032028,1539.2753703398062,1.0,-451.24652111524784,0.0,0.0
53,proper_scoring,node-001,0.0,0.0,0.0,0.0,0.0,0.0,0.0,0.0,8526.496171032028,1539.2753703398062,1.0,0.0,0.0,0.0
53,proper_scoring,node-002,0.0,423.1596961548556,715.6569456427214,0.0,423159.6961548556,715656.9456427214,0.0,0.0,8526.496171032028,1539.2753703398062,1.0,-466.4848231441235,0.0,0.0
53,proper_scoring,node-003,137.8186117724546,0.0,354.5596199371506,137818.6117724546,0.0,354559.6199371506,0.0,0.0,8526.496171032028,1539.2753703398062,1.0,-135.19589363413118,0.0,0.0
53,proper_scoring,node-004,0.0,0.0,86.74871947624256,0.0,0.0,86748.71947624255,0.0,0.0,8526.496171032028,1539.2753703398062,1.0,-313.2512805237575,0.0,0.0
53,proper_scoring,node-005,0.0,0.0,0.0,0.0,0.0,0.0,0.0,0.0,8526.496171032028,1539.2753703398062,1.0,0.0,0.0,0.0
53,proper_scoring,node-006,46.254975373065236,0.7544142270294287,80.63480395245006,0.030049837907075792,0.0004901099839354191,0.052384911437028545,1112.588847295249,1539.2753703398062,8526.496171032028,1539.2753703398062,1.0,-1540.1510400713655,-11.351189043369686,-863.2220001234195
53,proper_scoring,node-007,0.0,0.0,0.0,0.0,0.0,0.0,0.0,0.0,8526.496171032028,1539.2753703398062,1.0,-259.52856693369245,0.0,0.0
53,proper_scoring,node-008,239.37220264072465,472.4098142939559,722.4032954074664,239372.20264072466,472409.81429395586,722403.2954074664,0.0,0.0,8526.496171032028,1539.2753703398062,1.0,-414.2256534832428,0.0,0.0
53,proper_scoring,node-009,0.0,0.0,98.97662417478402,0.0,0.0,98976.62417478402,0.0,0.0,8526.496171032028,1539.2753703398062,1.0,-301.023375825216,0.0,0.0
53,proper_scoring,node-010,0.0,0.0,0.0,0.0,0.0,0.0,0.0,0.0,8526.496171032028,1539.2753703398062,1.0,0.0,0.0,0.0
53,proper_scoring,node-011,0.0,0.0,0.0,0.0,0.0,0.0,0.0,0.0,8526.496171032028,1539.2753703398062,1.0,0.0,0.0,0.0
53,proper_scoring,node-012,0.0,391.66466011928213,391.66466011928213,0.0,391664.66011928214,391664.66011928214,0.0,0.0,8526.496171032028,1539.2753703398062,1.0,-308.9824012928949,0.0,0.0
53,proper_scoring,node-013,0.0,0.0,0.0,0.0,0.0,0.0,0.0,0.0,8526.496171032028,1539.2753703398062,1.0,0.0,0.0,0.0
53,proper_scoring,node-014,0.0,0.0,219.98483082117713,0.0,0.0,219984.83082117714,0.0,0.0,8526.496171032028,1539.2753703398062,1.0,-475.29215958984236,0.0,0.0
53,proper_scoring,node-015,178.16459180837364,624.1911138133157,624.1911138133157,178164.59180837363,624191.1138133158,624191.1138133158,0.0,0.0,8526.496171032028,1539.2753703398062,1.0,-352.04581702405534,0.0,0.0
53,proper_scoring,node-016,0.0,0.0,351.66297948941497,0.0,0.0,351662.97948941495,0.0,0.0,8526.496171032028,1539.2753703398062,1.0,-147.59117704872799,0.0,0.0
53,proper_scoring,node-017,0.0,0.0,0.0,0.0,0.0,0.0,0.0,0.0,8526.496171032028,1539.2753703398062,1.0,0.0,0.0,0.0
53,proper_scoring,node-018,0.0,0.0,198.07261303695827,0.0,0.0,198072.61303695827,0.0,0.0,8526.496171032028,1539.2753703398062,1.0,-454.5100143444055,0.0,0.0
53,proper_scoring,node-019,0.0,306.8054962406769,389.1352592931594,0.0,306805.4962406769,389135.25929315935,0.0,0.0,8526.496171032028,1539.2753703398062,1.0,-308.7466327944412,0.0,0.0
53,proper_scoring,node-020,0.0,73.89872632593418,119.68345226729379,0.0,73898.72632593417,119683.45226729379,0.0,0.0,8526.496171032028,1539.2753703398062,1.0,-394.2563919652202,0.0,0.0
53,proper_scoring,node-021,0.0,0.0,645.2881456165525,0.0,0.0,645288.1456165524,0.0,0.0,8526.496171032028,1539.2753703398062,1.0,-425.89936793866354,0.0,0.0
53,proper_scoring,node-022,0.0,0.0,26.87418695123128,0.0,0.0,26874.18695123128,0.0,0.0,8526.496171032028,1539.2753703398062,1.0,-173.12581304876872,0.0,0.0
53,proper_scoring,node-023,0.0,0.0,98.87970767634258,0.0,0.0,98879.70767634257,0.0,0.0,8526.496171032028,1539.2753703398062,1.0,-549.4916229828808,0.0,0.0
53,proper_scoring,node-024,65.92131439607458,0.0,66.06522294402353,65921.31439607458,0.0,66065.22294402352,0.0,0.0,8526.496171032028,1539.2753703398062,1.0,-233.93477705597644,0.0,0.0
53,proper_scoring,node-025,0.0,0.0,0.0,0.0,0.0,0.0,0.0,0.0,8526.496171032028,1539.2753703398062,1.0,0.0,0.0,0.0
53,proper_scoring,node-026,104.65312687199291,0.0,177.320839097247,104653.1268719929,0.0,177320.839097247,0.0,0.0,8526.496171032028,1539.2753703398062,1.0,-405.0436584740619,0.0,0.0
53,proper_scoring,node-027,0.0,0.0,0.0,0.0,0.0,0.0,0.0,0.0,8526.496171032028,1539.2753703398062,1.0,-148.58020190183217,0.0,0.0
53,proper_scoring,node-028,19.892074868611644,0.0,39.315370016538324,19892.074868611642,0.0,39315.37001653832,0.0,0.0,8526.496171032028,1539.2753703398062,1.0,-260.68462998346166,0.0,0.0
53,proper_scoring,node-029,0.0,0.0,184.91832200993892,0.0,0.0,184918.32200993891,0.0,0.0,8526.496171032028,1539.2753703398062,1.0,-287.1014589068055,0.0,0.0
53,audits,node-000,0.0,0.0,208.98318219855878,0.0,0.0,208983.1821985588,0.0,0.0,8526.496171032028,1539.2753703398062,1.0,-991.0168178014412,0.0,0.0
53,audits,node-001,0.0,0.0,0.0,0.0,0.0,0.0,0.0,0.0,8526.496171032028,1539.2753703398062,1.0,0.0,0.0,0.0
53,audits,node-002,0.0,423.1596961548556,683.3787942139691,0.0,423159.6961548556,683378.794213969,0.0,0.0,8526.496171032028,1539.2753703398062,1.0,-1516.621205786031,0.0,0.0
53,audits,node-003,137.8186117724546,0.0,316.2010265914672,137818.6117724546,0.0,316201.0265914672,0.0,0.0,8526.496171032028,1539.2753703398062,1.0,-483.7989734085328,0.0,0.0
53,audits,node-004,0.0,0.0,86.74871947624256,0.0,0.0,86748.71947624255,0.0,0.0,8526.496171032028,1539.2753703398062,1.0,-813.2512805237574,0.0,0.0
53,audits,node-005,0.0,0.0,0.0,0.0,0.0,0.0,0.0,0.0,8526.496171032028,1539.2753703398062,1.0,0.0,0.0,0.0
53,audits,node-006,46.254975373065236,0.7544142270294287,80.63480395245006,0.030049837907075792,0.0004901099839354191,0.052384911437028545,1112.588847295249,1539.2753703398062,8526.496171032028,1539.2753703398062,1.0,-2723.025232371753,-11.351189043369686,-872.9152311227816
53,audits,node-007,0.0,0.0,0.0,0.0,0.0,0.0,0.0,0.0,8526.496171032028,1539.2753703398062,1.0,-759.5285669336923,0.0,0.0
53,audits,node-008,238.00621747492067,472.4098142939559,653.21608204176,238006.21747492068,472409.81429395586,653216.08204176,0.0,0.0,8526.496171032028,1539.2753703398062,1.0,-1483.6490067041746,0.0,0.0
53,audits,node-009,0.0,0.0,98.97662417478402,0.0,0.0,98976.62417478402,0.0,0.0,8526.496171032028,1539.2753703398062,1.0,-801.0233758252159,0.0,0.0
53,audits,node-010,0.0,0.0,0.0,0.0,0.0,0.0,0.0,0.0,8526.496171032028,1539.2753703398062,1.0,0.0,0.0,0.0
53,audits,node-011,0.0,0.0,0.0,0.0,0.0,0.0,0.0,0.0,8526.496171032028,1539.2753703398062,1.0,0.0,0.0,0.0
53,audits,node-012,0.0,374.57250271212246,374.57250271212246,0.0,374572.50271212246,374572.50271212246,0.0,0.0,8526.496171032028,1539.2753703398062,1.0,-1077.2456003232237,0.0,0.0
53,audits,node-013,0.0,0.0,0.0,0.0,0.0,0.0,0.0,0.0,8526.496171032028,1539.2753703398062,1.0,0.0,0.0,0.0
53,audits,node-014,0.0,0.0,219.98483082117713,0.0,0.0,219984.83082117714,0.0,0.0,8526.496171032028,1539.2753703398062,1.0,-1080.0151691788228,0.0,0.0
53,audits,node-015,178.16459180837364,624.1911138133157,624.1911138133157,178164.59180837363,624191.1138133158,624191.1138133158,0.0,0.0,8526.496171032028,1539.2753703398062,1.0,-1091.163727963722,0.0,0.0
53,audits,node-016,0.0,0.0,313.10220573781805,0.0,0.0,313102.20573781803,0.0,0.0,8526.496171032028,1539.2753703398062,1.0,-486.89779426218195,0.0,0.0
53,audits,node-017,0.0,0.0,0.0,0.0,0.0,0.0,0.0,0.0,8526.496171032028,1539.2753703398062,1.0,0.0,0.0,0.0
53,audits,node-018,0.0,0.0,176.34141654832175,0.0,0.0,176341.41654832175,0.0,0.0,8526.496171032028,1539.2753703398062,1.0,-1123.6585834516784,0.0,0.0
53,audits,node-019,0.0,0.0,149.3043707925467,0.0,0.0,149304.37079254672,0.0,0.0,8526.496171032028,1539.2753703398062,1.0,-1077.1866581986103,0.0,0.0
53,audits,node-020,0.0,0.0,119.68345226729379,0.0,0.0,119683.45226729379,0.0,0.0,8526.496171032028,1539.2753703398062,1.0,-951.2761203635304,0.0,0.0
53,audits,node-021,0.0,0.0,556.2560260243113,0.0,0.0,556256.0260243112,0.0,0.0,8526.496171032028,1539.2753703398062,1.0,-1445.6642915856294,0.0,0.0
53,audits,node-022,0.0,0.0,26.87418695123128,0.0,0.0,26874.18695123128,0.0,0.0,8526.496171032028,1539.2753703398062,1.0,-673.1258130487687,0.0,0.0
53,audits,node-023,0.0,0.0,82.59309616593993,0.0,0.0,82593.09616593992,0.0,0.0,8526.496171032028,1539.2753703398062,1.0,-1146.728596076659,0.0,0.0
53,audits,node-024,65.92131439607458,0.0,66.06522294402353,65921.31439607458,0.0,66065.22294402352,0.0,0.0,8526.496171032028,1539.2753703398062,1.0,-733.9347770559764,0.0,0.0
53,audits,node-025,0.0,0.0,0.0,0.0,0.0,0.0,0.0,0.0,8526.496171032028,1539.2753703398062,1.0,0.0,0.0,0.0
53,audits,node-026,104.65312687199291,0.0,177.320839097247,104653.1268719929,0.0,177320.839097247,0.0,0.0,8526.496171032028,1539.2753703398062,1.0,-922.679160902753,0.0,0.0
53,audits,node-027,0.0,0.0,0.0,0.0,0.0,0.0,0.0,0.0,8526.496171032028,1539.2753703398062,1.0,-648.5802019018322,0.0,0.0
53,audits,node-028,19.892074868611644,0.0,39.315370016538324,19892.074868611642,0.0,39315.37001653832,0.0,0.0,8526.496171032028,1539.2753703398062,1.0,-760.6846299834617,0.0,0.0
53,audits,node-029,0.0,0.0,184.91832200993892,0.0,0.0,184918.32200993891,0.0,0.0,8526.496171032028,1539.2753703398062,1.0,-787.1014589068055,0.0,0.0
42,greedy,node-000,0.0,0.0,0.0,0.0,0.0,0.0,0.0,0.0,8799.175139076804,332.9887799614134,1.0,0.0,0.0,0.0
42,greedy,node-001,0.0,0.0,0.0,0.0,0.0,0.0,0.0,0.0,8799.175139076804,332.9887799614134,1.0,0.0,0.0,0.0
42,greedy,node-002,0.0,0.0,0.0,0.0,0.0,0.0,39.81358752255631,119.44076256766893,8799.175139076804,332.9887799614134,1.0,-87.00032219319098,-8.66252267895625,-39.81358752255631
42,greedy,node-003,0.0,0.0,0.0,0.0,0.0,0.0,0.0,0.0,8799.175139076804,332.9887799614134,1.0,-35.3444802565517,0.0,0.0
42,greedy,node-004,0.0,0.0,0.0,0.0,0.0,0.0,0.0,0.0,8799.175139076804,332.9887799614134,1.0,0.0,0.0,0.0
42,greedy,node-005,0.0,0.0,0.0,0.0,0.0,0.0,0.0,0.0,8799.175139076804,332.9887799614134,1.0,0.0,0.0,0.0
42,greedy,node-006,0.0,0.0,0.0,0.0,0.0,0.0,0.0,0.0,8799.175139076804,332.9887799614134,1.0,0.0,0.0,0.0
42,greedy,node-007,0.0,0.0,0.0,0.0,0.0,0.0,0.0,0.0,8799.175139076804,332.9887799614134,1.0,0.0,0.0,0.0
42,greedy,node-008,0.0,0.0,0.0,0.0,0.0,0.0,0.0,0.0,8799.175139076804,332.9887799614134,1.0,-38.11197745314418,0.0,0.0
42,greedy,node-009,0.0,0.0,0.0,0.0,0.0,0.0,0.0,0.0,8799.175139076804,332.9887799614134,1.0,0.0,0.0,0.0
42,greedy,node-010,0.0,0.0,0.0,0.0,0.0,0.0,0.0,0.0,8799.175139076804,332.9887799614134,1.0,0.0,0.0,0.0
42,greedy,node-011,0.0,0.0,0.0,0.0,0.0,0.0,0.0,0.0,8799.175139076804,332.9887799614134,1.0,-37.08144640624654,0.0,0.0
42,greedy,node-012,0.0,0.0,0.0,0.0,0.0,0.0,0.0,0.0,8799.175139076804,332.9887799614134,1.0,0.0,0.0,0.0
42,greedy,node-013,0.0,0.0,0.0,0.0,0.0,0.0,0.0,0.0,8799.175139076804,332.9887799614134,1.0,0.0,0.0,0.0
42,greedy,node-014,0.0,0.0,0.0,0.0,0.0,0.0,0.0,0.0,8799.175139076804,332.9887799614134,1.0,0.0,0.0,0.0
42,greedy,node-015,0.0,0.0,0.0,0.0,0.0,0.0,0.0,0.0,8799.175139076804,332.9887799614134,1.0,0.0,0.0,0.0
42,greedy,node-016,0.0,0.0,0.0,0.0,0.0,0.0,0.0,0.0,8799.175139076804,332.9887799614134,1.0,0.0,0.0,0.0
42,greedy,node-017,0.0,0.0,0.0,0.0,0.0,0.0,0.0,0.0,8799.175139076804,332.9887799614134,1.0,0.0,0.0,0.0
42,greedy,node-018,0.0,0.0,0.0,0.0,0.0,0.0,0.0,0.0,8799.175139076804,332.9887799614134,1.0,0.0,0.0,0.0
42,greedy,node-019,0.0,0.0,0.0,0.0,0.0,0.0,0.0,0.0,8799.175139076804,332.9887799614134,1.0,-36.451369410938916,0.0,0.0
42,greedy,node-020,13.661050152493708,0.0,13.661050152493708,13661.050152493708,0.0,13661.050152493708,0.0,0.0,8799.175139076804,332.9887799614134,1.0,-55.479791465376586,0.0,0.0
42,greedy,node-021,0.0,0.0,0.0,0.0,0.0,0.0,0.0,0.0,8799.175139076804,332.9887799614134,1.0,0.0,0.0,0.0
42,greedy,node-022,0.0,0.0,0.0,0.0,0.0,0.0,0.0,0.0,8799.175139076804,332.9887799614134,1.0,0.0,0.0,0.0
42,greedy,node-023,0.0,0.0,0.0,0.0,0.0,0.0,0.0,0.0,8799.175139076804,332.9887799614134,1.0,0.0,0.0,0.0
42,greedy,node-024,0.0,0.0,0.0,0.0,0.0,0.0,0.0,0.0,8799.175139076804,332.9887799614134,1.0,0.0,0.0,0.0
42,greedy,node-025,0.0,0.0,0.0,0.0,0.0,0.0,0.0,0.0,8799.175139076804,332.9887799614134,1.0,0.0,0.0,0.0
42,greedy,node-026,62.982083714859584,0.0,62.982083714859584,0.2949317183251195,0.0,0.2949317183251195,71.18267246458151,213.54801739374454,8799.175139076804,332.9887799614134,1.0,-127.60533558591774,7.809055905289213,-71.18267246458151
42,greedy,node-027,0.0,0.0,0.0,0.0,0.0,0.0,0.0,0.0,8799.175139076804,332.9887799614134,1.0,0.0,0.0,0.0
42,greedy,node-028,0.0,0.0,0.0,0.0,0.0,0.0,0.0,0.0,8799.175139076804,332.9887799614134,1.0,-47.291060315981014,0.0,0.0
42,greedy,node-029,0.0,0.0,0.0,0.0,0.0,0.0,0.0,0.0,8799.175139076804,332.9887799614134,1.0,0.0,0.0,0.0
42,trust_vcg,node-000,0.0,0.0,0.0,0.0,0.0,0.0,0.0,0.0,8778.334725053024,1266.7906769138206,1.0,0.0,0.0,0.0
42,trust_vcg,node-001,0.0,0.0,0.0,0.0,0.0,0.0,0.0,0.0,8778.334725053024,1266.7906769138206,1.0,0.0,0.0,0.0
42,trust_vcg,node-002,0.0,58.775375823064735,58.775375823064735,0.0,0.10334107623065442,0.10334107623065442,488.1224676802963,568.7513423208379,8778.334725053024,1266.7906769138206,1.0,-11577.999514372239,-12.094331196081214,-488.1224676802963
42,trust_vcg,node-003,0.0,0.0,114.29004503710348,0.0,0.0,114290.04503710348,0.0,0.0,8778.334725053024,1266.7906769138206,1.0,-8885.709954962897,0.0,0.0
42,trust_vcg,node-004,0.0,0.0,0.0,0.0,0.0,0.0,0.0,0.0,8778.334725053024,1266.7906769138206,1.0,0.0,0.0,0.0
42,trust_vcg,node-005,0.0,0.0,0.0,0.0,0.0,0.0,0.0,0.0,8778.334725053024,1266.7906769138206,1.0,0.0,0.0,0.0
42,trust_vcg,node-006,0.0,0.0,0.0,0.0,0.0,0.0,0.0,0.0,8778.334725053024,1266.7906769138206,1.0,0.0,0.0,0.0
42,trust_vcg,node-007,0.0,0.0,0.0,0.0,0.0,0.0,0.0,0.0,8778.334725053024,1266.7906769138206,1.0,0.0,0.0,0.0
42,trust_vcg,node-008,0.0,0.0,0.0,0.0,0.0,0.0,0.0,0.0,8778.334725053024,1266.7906769138206,1.0,-3905.3766370631274,0.0,0.0
42,trust_vcg,node-009,0.0,0.0,56.8994194979108,0.0,0.0,56899.4194979108,0.0,0.0,8778.334725053024,1266.7906769138206,1.0,-1143.100580502089,0.0,0.0
42,trust_vcg,node-010,0.0,0.0,0.0,0.0,0.0,0.0,0.0,0.0,8778.334725053024,1266.7906769138206,1.0,0.0,0.0,0.0
42,trust_vcg,node-011,0.0,0.0,0.0,0.0,0.0,0.0,0.0,0.0,8778.334725053024,1266.7906769138206,1.0,-4470.542538011865,0.0,0.0
42,trust_vcg,node-012,0.0,0.0,0.0,0.0,0.0,0.0,0.0,0.0,8778.334725053024,1266.7906769138206,1.0,0.0,0.0,0.0
42,trust_vcg,node-013,0.0,0.0,0.0,0.0,0.0,0.0,0.0,0.0,8778.334725053024,1266.7906769138206,1.0,0.0,0.0,0.0
42,trust_vcg,node-014,0.0,0.0,0.0,0.0,0.0,0.0,0.0,0.0,8778.334725053024,1266.7906769138206,1.0,0.0,0.0,0.0
42,trust_vcg,node-015,0.0,0.0,0.0,0.0,0.0,0.0,0.0,0.0,8778.334725053024,1266.7906769138206,1.0,0.0,0.0,0.0
42,trust_vcg,node-016,0.0,0.0,0.0,0.0,0.0,0.0,0.0,0.0,8778.334725053024,1266.7906769138206,1.0,0.0,0.0,0.0
42,trust_vcg,node-017,0.0,0.0,0.0,0.0,0.0,0.0,0.0,0.0,8778.334725053024,1266.7906769138206,1.0,0.0,0.0,0.0
42,trust_vcg,node-018,0.0,0.0,57.959767854622,0.0,0.0,57959.767854622,0.0,0.0,8778.334725053024,1266.7906769138206,1.0,-5589.352126961203,0.0,0.0
42,trust_vcg,node-019,44.01868635676331,0.0,44.01868635676331,44018.68635676331,0.0,44018.68635676331,0.0,0.0,8778.334725053024,1266.7906769138206,1.0,-5536.451369410938,0.0,0.0
42,trust_vcg,node-020,0.0,0.0,0.0,0.0,0.0,0.0,0.0,0.0,8778.334725053024,1266.7906769138206,1.0,-5573.398352672385,0.0,0.0
42,trust_vcg,node-021,0.0,0.0,0.0,0.0,0.0,0.0,0.0,0.0,8778.334725053024,1266.7906769138206,1.0,0.0,0.0,0.0
42,trust_vcg,node-022,0.0,0.0,0.0,0.0,0.0,0.0,0.0,0.0,8778.334725053024,1266.7906769138206,1.0,0.0,0.0,0.0
42,trust_vcg,node-023,0.0,0.0,0.0,0.0,0.0,0.0,0.0,0.0,8778.334725053024,1266.7906769138206,1.0,0.0,0.0,0.0
42,trust_vcg,node-024,0.0,0.0,0.0,0.0,0.0,0.0,0.0,0.0,8778.334725053024,1266.7906769138206,1.0,0.0,0.0,0.0
42,trust_vcg,node-025,0.0,0.0,0.0,0.0,0.0,0.0,0.0,0.0,8778.334725053024,1266.7906769138206,1.0,0.0,0.0,0.0
42,trust_vcg,node-026,49.871132127893816,1.4451939185929632,101.1874581743806,0.07144458722655367,0.0020703617217153482,0.14495953617482268,565.0496489185989,698.0393345929824,8778.334725053024,1266.7906769138206,1.0,-6650.597467265027,-19.948452851157526,-565.0496489185989
42,trust_vcg,node-027,0.0,0.0,0.0,0.0,0.0,0.0,0.0,0.0,8778.334725053024,1266.7906769138206,1.0,0.0,0.0,0.0
42,trust_vcg,node-028,413.81375448658935,0.0,413.81375448658935,413813.75448658934,0.0,413813.75448658934,0.0,0.0,8778.334725053024,1266.7906769138206,1.0,-10574.7808058373,0.0,0.0
42,trust_vcg,node-029,0.0,0.0,0.0,0.0,0.0,0.0,0.0,0.0,8778.334725053024,1266.7906769138206,1.0,0.0,0.0,0.0
42,contingent,node-000,0.0,0.0,0.0,0.0,0.0,0.0,0.0,0.0,8778.334725053024,320.42784047238786,1.0,0.0,0.0,0.0
42,contingent,node-001,0.0,0.0,0.0,0.0,0.0,0.0,0.0,0.0,8778.334725053024,320.42784047238786,1.0,0.0,0.0,0.0
42,contingent,node-002,7.442878454230382,6.583406183090254,27.910299500445184,0.061540223544084775,0.0544338175989705,0.2307717479201211,40.31443732027082,120.94331196081248,8778.334725053024,320.42784047238786,1.0,-399.8226240880493,-12.094331196081242,-40.31443732027082
42,contingent,node-003,0.0,0.0,0.0,0.0,0.0,0.0,0.0,0.0,8778.334725053024,320.42784047238786,1.0,-342.83981985158556,0.0,0.0
42,contingent,node-004,0.0,0.0,0.0,0.0,0.0,0.0,0.0,0.0,8778.334725053024,320.42784047238786,1.0,0.0,0.0,0.0
42,contingent,node-005,0.0,0.0,0.0,0.0,0.0,0.0,0.0,0.0,8778.334725053024,320.42784047238786,1.0,0.0,0.0,0.0
42,contingent,node-006,0.0,0.0,0.0,0.0,0.0,0.0,0.0,0.0,8778.334725053024,320.42784047238786,1.0,0.0,0.0,0.0
42,contingent,node-007,0.0,0.0,0.0,0.0,0.0,0.0,0.0,0.0,8778.334725053024,320.42784047238786,1.0,0.0,0.0,0.0
42,contingent,node-008,0.0,0.0,0.0,0.0,0.0,0.0,0.0,0.0,8778.334725053024,320.42784047238786,1.0,-221.50654825251115,0.0,0.0
42,contingent,node-009,0.0,0.0,0.0,0.0,0.0,0.0,0.0,0.0,8778.334725053024,320.42784047238786,1.0,-172.40232200835686,0.0,0.0
42,contingent,node-010,0.0,0.0,0.0,0.0,0.0,0.0,0.0,0.0,8778.334725053024,320.42784047238786,1.0,0.0,0.0,0.0
42,contingent,node-011,0.0,0.0,0.0,0.0,0.0,0.0,0.0,0.0,8778.334725053024,320.42784047238786,1.0,-282.17015204746224,0.0,0.0
42,contingent,node-012,0.0,0.0,0.0,0.0,0.0,0.0,0.0,0.0,8778.334725053024,320.42784047238786,1.0,0.0,0.0,0.0
42,contingent,node-013,0.0,0.0,0.0,0.0,0.0,0.0,0.0,0.0,8778.334725053024,320.42784047238786,1.0,0.0,0.0,0.0
42,contingent,node-014,0.0,0.0,0.0,0.0,0.0,0.0,0.0,0.0,8778.334725053024,320.42784047238786,1.0,0.0,0.0,0.0
42,contingent,node-015,0.0,0.0,0.0,0.0,0.0,0.0,0.0,0.0,8778.334725053024,320.42784047238786,1.0,0.0,0.0,0.0
42,contingent,node-016,0.0,0.0,0.0,0.0,0.0,0.0,0.0,0.0,8778.334725053024,320.42784047238786,1.0,0.0,0.0,0.0
42,contingent,node-017,0.0,0.0,0.0,0.0,0.0,0.0,0.0,0.0,8778.334725053024,320.42784047238786,1.0,0.0,0.0,0.0
42,contingent,node-018,0.0,0.0,7.959767854622001,0.0,0.0,7959.767854622,0.0,0.0,8778.334725053024,320.42784047238786,1.0,-357.40850784481063,0.0,0.0
42,contingent,node-019,0.0,0.0,0.0,0.0,0.0,0.0,0.0,0.0,8778.334725053024,320.42784047238786,1.0,-145.8054776437557,0.0,0.0
42,contingent,node-020,0.0,0.0,0.0,0.0,0.0,0.0,0.0,0.0,8778.334725053024,320.42784047238786,1.0,-293.59341068954024,0.0,0.0
42,contingent,node-021,0.0,0.0,0.0,0.0,0.0,0.0,0.0,0.0,8778.334725053024,320.42784047238786,1.0,0.0,0.0,0.0
42,contingent,node-022,0.0,0.0,0.0,0.0,0.0,0.0,0.0,0.0,8778.334725053024,320.42784047238786,1.0,0.0,0.0,0.0
42,contingent,node-023,0.0,0.0,0.0,0.0,0.0,0.0,0.0,0.0,8778.334725053024,320.42784047238786,1.0,0.0,0.0,0.0
42,contingent,node-024,0.0,0.0,0.0,0.0,0.0,0.0,0.0,0.0,8778.334725053024,320.42784047238786,1.0,0.0,0.0,0.0
42,contingent,node-025,0.0,0.0,0.0,0.0,0.0,0.0,0.0,0.0,8778.334725053024,320.42784047238786,1.0,0.0,0.0,0.0
42,contingent,node-026,86.97082690492081,0.0,136.72228043392496,0.43597780516534734,0.0,0.685377865913002,66.49484283719181,199.48452851157543,8778.334725053024,320.42784047238786,1.0,-208.6861162229041,-19.94845285115754,-66.49484283719181
42,contingent,node-027,0.0,0.0,0.0,0.0,0.0,0.0,0.0,0.0,8778.334725053024,320.42784047238786,1.0,0.0,0.0,0.0
42,contingent,node-028,0.0,0.0,0.0,0.0,0.0,0.0,0.0,0.0,8778.334725053024,320.42784047238786,1.0,-499.1232233492044,0.0,0.0
42,contingent,node-029,0.0,0.0,0.0,0.0,0.0,0.0,0.0,0.0,8778.334725053024,320.42784047238786,1.0,0.0,0.0,0.0
42,capped,node-000,0.0,0.0,0.0,0.0,0.0,0.0,0.0,0.0,8778.334725053024,320.42784047238786,1.0,0.0,0.0,0.0
42,capped,node-001,0.0,0.0,0.0,0.0,0.0,0.0,0.0,0.0,8778.334725053024,320.42784047238786,1.0,0.0,0.0,0.0
42,capped,node-002,7.442878454230382,6.583406183090254,27.910299500445184,0.061540223544084775,0.0544338175989705,0.2307717479201211,40.31443732027082,120.94331196081248,8778.334725053024,320.42784047238786,1.0,-130.19148401221543,-12.094331196081242,-40.31443732027082
42,capped,node-003,0.0,0.0,0.0,0.0,0.0,0.0,0.0,0.0,8778.334725053024,320.42784047238786,1.0,-85.70995496289638,0.0,0.0
42,capped,node-004,0.0,0.0,0.0,0.0,0.0,0.0,0.0,0.0,8778.334725053024,320.42784047238786,1.0,0.0,0.0,0.0
42,capped,node-005,0.0,0.0,0.0,0.0,0.0,0.0,0.0,0.0,8778.334725053024,320.42784047238786,1.0,0.0,0.0,0.0
42,capped,node-006,0.0,0.0,0.0,0.0,0.0,0.0,0.0,0.0,8778.334725053024,320.42784047238786,1.0,0.0,0.0,0.0
42,capped,node-007,0.0,0.0,0.0,0.0,0.0,0.0,0.0,0.0,8778.334725053024,320.42784047238786,1.0,0.0,0.0,0.0
42,capped,node-008,0.0,0.0,0.0,0.0,0.0,0.0,0.0,0.0,8778.334725053024,320.42784047238786,1.0,-55.37663706312779,0.0,0.0
42,capped,node-009,0.0,0.0,0.0,0.0,0.0,0.0,0.0,0.0,8778.334725053024,320.42784047238786,1.0,-43.1005805020892,0.0,0.0
42,capped,node-010,0.0,0.0,0.0,0.0,0.0,0.0,0.0,0.0,8778.334725053024,320.42784047238786,1.0,0.0,0.0,0.0
42,capped,node-011,0.0,0.0,0.0,0.0,0.0,0.0,0.0,0.0,8778.334725053024,320.42784047238786,1.0,-70.54253801186555,0.0,0.0
42,capped,node-012,0.0,0.0,0.0,0.0,0.0,0.0,0.0,0.0,8778.334725053024,320.42784047238786,1.0,0.0,0.0,0.0
42,capped,node-013,0.0,0.0,0.0,0.0,0.0,0.0,0.0,0.0,8778.334725053024,320.42784047238786,1.0,0.0,0.0,0.0
42,capped,node-014,0.0,0.0,0.0,0.0,0.0,0.0,0.0,0.0,8778.334725053024,320.42784047238786,1.0,0.0,0.0,0.0
42,capped,node-015,0.0,0.0,0.0,0.0,0.0,0.0,0.0,0.0,8778.334725053024,320.42784047238786,1.0,0.0,0.0,0.0
42,capped,node-016,0.0,0.0,0.0,0.0,0.0,0.0,0.0,0.0,8778.334725053024,320.42784047238786,1.0,0.0,0.0,0.0
42,capped,node-017,0.0,0.0,0.0,0.0,0.0,0.0,0.0,0.0,8778.334725053024,320.42784047238786,1.0,0.0,0.0,0.0
42,capped,node-018,0.0,0.0,7.959767854622001,0.0,0.0,7959.767854622,0.0,0.0,8778.334725053024,320.42784047238786,1.0,-89.35212696120267,0.0,0.0
42,capped,node-019,0.0,0.0,0.0,0.0,0.0,0.0,0.0,0.0,8778.334725053024,320.42784047238786,1.0,-36.451369410938916,0.0,0.0
42,capped,node-020,0.0,0.0,36.69917633619253,0.0,0.0,36699.176336192526,0.0,0.0,8778.334725053024,320.42784047238786,1.0,-73.39835267238506,0.0,0.0
42,capped,node-021,0.0,0.0,0.0,0.0,0.0,0.0,0.0,0.0,8778.334725053024,320.42784047238786,1.0,0.0,0.0,0.0
42,capped,node-022,0.0,0.0,0.0,0.0,0.0,0.0,0.0,0.0,8778.334725053024,320.42784047238786,1.0,0.0,0.0,0.0
42,capped,node-023,0.0,0.0,0.0,0.0,0.0,0.0,0.0,0.0,8778.334725053024,320.42784047238786,1.0,0.0,0.0,0.0
42,capped,node-024,0.0,0.0,0.0,0.0,0.0,0.0,0.0,0.0,8778.334725053024,320.42784047238786,1.0,0.0,0.0,0.0
42,capped,node-025,0.0,0.0,0.0,0.0,0.0,0.0,0.0,0.0,8778.334725053024,320.42784047238786,1.0,0.0,0.0,0.0
42,capped,node-026,86.97082690492081,0.0,136.72228043392496,0.43597780516534734,0.0,0.685377865913002,66.49484283719181,199.48452851157543,8778.334725053024,320.42784047238786,1.0,-102.04266118361988,-19.94845285115754,-66.49484283719181
42,capped,node-027,0.0,0.0,0.0,0.0,0.0,0.0,0.0,0.0,8778.334725053024,320.42784047238786,1.0,0.0,0.0,0.0
42,capped,node-028,0.0,0.0,0.0,0.0,0.0,0.0,0.0,0.0,8778.334725053024,320.42784047238786,1.0,-124.7808058373011,0.0,0.0
42,capped,node-029,0.0,0.0,0.0,0.0,0.0,0.0,0.0,0.0,8778.334725053024,320.42784047238786,1.0,0.0,0.0,0.0
42,proper_scoring,node-000,0.0,0.0,0.0,0.0,0.0,0.0,0.0,0.0,8778.334725053024,1266.7906769138206,1.0,0.0,0.0,0.0
42,proper_scoring,node-001,0.0,0.0,0.0,0.0,0.0,0.0,0.0,0.0,8778.334725053024,1266.7906769138206,1.0,0.0,0.0,0.0
42,proper_scoring,node-002,109.17440205273607,58.775375823064735,355.54777143566656,0.1919545395835739,0.10334107623065442,0.6251374633857106,488.1224676802963,568.7513423208379,8778.334725053024,1266.7906769138206,1.0,-847.6306544480748,-12.094331196081214,-488.1224676802963
42,proper_scoring,node-003,355.9173299990341,0.0,653.4649560252609,355917.3299990341,0.0,653464.9560252608,0.0,0.0,8778.334725053024,1266.7906769138206,1.0,-342.83981985158556,0.0,0.0
42,proper_scoring,node-004,0.0,0.0,0.0,0.0,0.0,0.0,0.0,0.0,8778.334725053024,1266.7906769138206,1.0,0.0,0.0,0.0
42,proper_scoring,node-005,0.0,0.0,0.0,0.0,0.0,0.0,0.0,0.0,8778.334725053024,1266.7906769138206,1.0,0.0,0.0,0.0
42,proper_scoring,node-006,0.0,0.0,0.0,0.0,0.0,0.0,0.0,0.0,8778.334725053024,1266.7906769138206,1.0,0.0,0.0,0.0
42,proper_scoring,node-007,0.0,0.0,0.0,0.0,0.0,0.0,0.0,0.0,8778.334725053024,1266.7906769138206,1.0,0.0,0.0,0.0
42,proper_scoring,node-008,0.0,0.0,94.4918580138555,0.0,0.0,94491.8580138555,0.0,0.0,8778.334725053024,1266.7906769138206,1.0,-221.50654825251115,0.0,0.0
42,proper_scoring,node-009,0.0,0.0,56.8994194979108,0.0,0.0,56899.4194979108,0.0,0.0,8778.334725053024,1266.7906769138206,1.0,-143.1005805020892,0.0,0.0
42,proper_scoring,node-010,0.0,0.0,0.0,0.0,0.0,0.0,0.0,0.0,8778.334725053024,1266.7906769138206,1.0,0.0,0.0,0.0
42,proper_scoring,node-011,0.0,0.0,159.42327584392686,0.0,0.0,159423.27584392685,0.0,0.0,8778.334725053024,1266.7906769138206,1.0,-282.17015204746224,0.0,0.0
42,proper_scoring,node-012,0.0,0.0,0.0,0.0,0.0,0.0,0.0,0.0,8778.334725053024,1266.7906769138206,1.0,0.0,0.0,0.0
42,proper_scoring,node-013,0.0,0.0,0.0,0.0,0.0,0.0,0.0,0.0,8778.334725053024,1266.7906769138206,1.0,0.0,0.0,0.0
42,proper_scoring,node-014,0.0,0.0,0.0,0.0,0.0,0.0,0.0,0.0,8778.334725053024,1266.7906769138206,1.0,0.0,0.0,0.0
42,proper_scoring,node-015,0.0,0.0,0.0,0.0,0.0,0.0,0.0,0.0,8778.334725053024,1266.7906769138206,1.0,0.0,0.0,0.0
42,proper_scoring,node-016,0.0,0.0,0.0,0.0,0.0,0.0,0.0,0.0,8778.334725053024,1266.7906769138206,1.0,0.0,0.0,0.0
42,proper_scoring,node-017,0.0,0.0,0.0,0.0,0.0,0.0,0.0,0.0,8778.334725053024,1266.7906769138206,1.0,0.0,0.0,0.0
42,proper_scoring,node-018,0.0,0.0,271.7518443165516,0.0,0.0,271751.84431655164,0.0,0.0,8778.334725053024,1266.7906769138206,1.0,-357.40850784481063,0.0,0.0
42,proper_scoring,node-019,44.01868635676331,0.0,344.93373998377575,44018.68635676331,0.0,344933.73998377577,0.0,0.0,8778.334725053024,1266.7906769138206,1.0,-145.8054776437557,0.0,0.0
42,proper_scoring,node-020,0.0,0.0,441.02860657882223,0.0,0.0,441028.60657882225,0.0,0.0,8778.334725053024,1266.7906769138206,1.0,-293.59341068954024,0.0,0.0
42,proper_scoring,node-021,0.0,0.0,0.0,0.0,0.0,0.0,0.0,0.0,8778.334725053024,1266.7906769138206,1.0,0.0,0.0,0.0
42,proper_scoring,node-022,0.0,0.0,0.0,0.0,0.0,0.0,0.0,0.0,8778.334725053024,1266.7906769138206,1.0,0.0,0.0,0.0
42,proper_scoring,node-023,0.0,0.0,0.0,0.0,0.0,0.0,0.0,0.0,8778.334725053024,1266.7906769138206,1.0,0.0,0.0,0.0
42,proper_scoring,node-024,0.0,0.0,0.0,0.0,0.0,0.0,0.0,0.0,8778.334725053024,1266.7906769138206,1.0,0.0,0.0,0.0
42,proper_scoring,node-025,0.0,0.0,0.0,0.0,0.0,0.0,0.0,0.0,8778.334725053024,1266.7906769138206,1.0,0.0,0.0,0.0
42,proper_scoring,node-026,49.871132127893816,1.4451939185929632,101.1874581743806,0.07144458722655367,0.0020703617217153482,0.14495953617482268,565.0496489185989,698.0393345929824,8778.334725053024,1266.7906769138206,1.0,-707.2409223043112,-19.948452851157526,-565.0496489185989
42,proper_scoring,node-027,0.0,0.0,0.0,0.0,0.0,0.0,0.0,0.0,8778.334725053024,1266.7906769138206,1.0,0.0,0.0,0.0
42,proper_scoring,node-028,413.81375448658935,0.0,668.996123840454,413813.75448658934,0.0,668996.1238404539,0.0,0.0,8778.334725053024,1266.7906769138206,1.0,-486.3411805512041,0.0,0.0
42,proper_scoring,node-029,0.0,0.0,0.0,0.0,0.0,0.0,0.0,0.0,8778.334725053024,1266.7906769138206,1.0,0.0,0.0,0.0
42,audits,node-000,0.0,0.0,0.0,0.0,0.0,0.0,0.0,0.0,8778.334725053024,1266.7906769138206,1.0,0.0,0.0,0.0
42,audits,node-001,0.0,0.0,0.0,0.0,0.0,0.0,0.0,0.0,8778.334725053024,1266.7906769138206,1.0,0.0,0.0,0.0
42,audits,node-002,81.24301096905953,58.775375823064735,305.7692846944579,0.14284451732024148,0.10334107623065442,0.5376150558990164,488.1224676802963,568.7513423208379,8778.334725053024,1266.7906769138206,1.0,-2077.9995143722413,-12.094331196081214,-488.1224676802963
42,audits,node-003,324.3853030569868,0.0,614.2900450371035,324385.30305698677,0.0,614290.0450371035,0.0,0.0,8778.334725053024,1266.7906769138206,1.0,-1385.7099549628965,0.0,0.0
42,audits,node-004,0.0,0.0,0.0,0.0,0.0,0.0,0.0,0.0,8778.334725053024,1266.7906769138206,1.0,0.0,0.0,0.0
42,audits,node-005,0.0,0.0,0.0,0.0,0.0,0.0,0.0,0.0,8778.334725053024,1266.7906769138206,1.0,0.0,0.0,0.0
42,audits,node-006,0.0,0.0,0.0,0.0,0.0,0.0,0.0,0.0,8778.334725053024,1266.7906769138206,1.0,0.0,0.0,0.0
42,audits,node-007,0.0,0.0,0.0,0.0,0.0,0.0,0.0,0.0,8778.334725053024,1266.7906769138206,1.0,0.0,0.0,0.0
42,audits,node-008,0.0,0.0,50.3040699987119,0.0,0.0,50304.0699987119,0.0,0.0,8778.334725053024,1266.7906769138206,1.0,-405.37663706312776,0.0,0.0
42,audits,node-009,0.0,0.0,56.8994194979108,0.0,0.0,56899.4194979108,0.0,0.0,8778.334725053024,1266.7906769138206,1.0,-143.1005805020892,0.0,0.0
42,audits,node-010,0.0,0.0,0.0,0.0,0.0,0.0,0.0,0.0,8778.334725053024,1266.7906769138206,1.0,0.0,0.0,0.0
42,audits,node-011,0.0,0.0,129.45746198813447,0.0,0.0,129457.46198813447,0.0,0.0,8778.334725053024,1266.7906769138206,1.0,-470.5425380118656,0.0,0.0
42,audits,node-012,0.0,0.0,0.0,0.0,0.0,0.0,0.0,0.0,8778.334725053024,1266.7906769138206,1.0,0.0,0.0,0.0
42,audits,node-013,0.0,0.0,0.0,0.0,0.0,0.0,0.0,0.0,8778.334725053024,1266.7906769138206,1.0,0.0,0.0,0.0
42,audits,node-014,0.0,0.0,0.0,0.0,0.0,0.0,0.0,0.0,8778.334725053024,1266.7906769138206,1.0,0.0,0.0,0.0
42,audits,node-015,0.0,0.0,0.0,0.0,0.0,0.0,0.0,0.0,8778.334725053024,1266.7906769138206,1.0,0.0,0.0,0.0
42,audits,node-016,0.0,0.0,0.0,0.0,0.0,0.0,0.0,0.0,8778.334725053024,1266.7906769138206,1.0,0.0,0.0,0.0
42,audits,node-017,0.0,0.0,0.0,0.0,0.0,0.0,0.0,0.0,8778.334725053024,1266.7906769138206,1.0,0.0,0.0,0.0
42,audits,node-018,0.0,0.0,210.6478730387973,0.0,0.0,210647.8730387973,0.0,0.0,8778.334725053024,1266.7906769138206,1.0,-589.3521269612027,0.0,0.0
42,audits,node-019,44.01868635676331,0.0,44.01868635676331,44018.68635676331,0.0,44018.68635676331,0.0,0.0,8778.334725053024,1266.7906769138206,1.0,-1036.451369410939,0.0,0.0
42,audits,node-020,0.0,0.0,436.69917633619247,0.0,0.0,436699.17633619247,0.0,0.0,8778.334725053024,1266.7906769138206,1.0,-573.398352672385,0.0,0.0
42,audits,node-021,0.0,0.0,0.0,0.0,0.0,0.0,0.0,0.0,8778.334725053024,1266.7906769138206,1.0,0.0,0.0,0.0
42,audits,node-022,0.0,0.0,0.0,0.0,0.0,0.0,0.0,0.0,8778.334725053024,1266.7906769138206,1.0,0.0,0.0,0.0
42,audits,node-023,0.0,0.0,0.0,0.0,0.0,0.0,0.0,0.0,8778.334725053024,1266.7906769138206,1.0,0.0,0.0,0.0
42,audits,node-024,0.0,0.0,0.0,0.0,0.0,0.0,0.0,0.0,8778.334725053024,1266.7906769138206,1.0,0.0,0.0,0.0
42,audits,node-025,0.0,0.0,0.0,0.0,0.0,0.0,0.0,0.0,8778.334725053024,1266.7906769138206,1.0,0.0,0.0,0.0
42,audits,node-026,49.871132127893816,1.4451939185929632,101.1874581743806,0.07144458722655367,0.0020703617217153482,0.14495953617482268,565.0496489185989,698.0393345929824,8778.334725053024,1266.7906769138206,1.0,-1150.5974672650268,-19.948452851157526,-565.0496489185989
42,audits,node-027,0.0,0.0,0.0,0.0,0.0,0.0,0.0,0.0,8778.334725053024,1266.7906769138206,1.0,0.0,0.0,0.0
42,audits,node-028,413.81375448658935,0.0,625.2191941626988,413813.75448658934,0.0,625219.1941626988,0.0,0.0,8778.334725053024,1266.7906769138206,1.0,-1574.7808058373012,0.0,0.0
42,audits,node-029,0.0,0.0,0.0,0.0,0.0,0.0,0.0,0.0,8778.334725053024,1266.7906769138206,1.0,0.0,0.0,0.0
46,greedy,node-000,0.0,0.0,0.0,0.0,0.0,0.0,0.0,0.0,8641.17618190879,166.4867552080795,0.9,0.0,0.0,0.0
46,greedy,node-001,0.0,0.0,0.0,0.0,0.0,0.0,0.0,0.0,8641.17618190879,166.4867552080795,0.9,0.0,0.0,0.0
46,greedy,node-002,0.0,0.0,0.0,0.0,0.0,0.0,0.0,0.0,8641.17618190879,166.4867552080795,0.9,0.0,0.0,0.0
46,greedy,node-003,0.0,0.0,0.0,0.0,0.0,0.0,0.0,0.0,8641.17618190879,166.4867552080795,0.9,0.0,0.0,0.0
46,greedy,node-004,0.0,0.0,0.0,0.0,0.0,0.0,0.0,0.0,8641.17618190879,166.4867552080795,0.9,0.0,0.0,0.0
46,greedy,node-005,0.0,0.0,0.0,0.0,0.0,0.0,0.0,0.0,8641.17618190879,166.4867552080795,0.9,0.0,0.0,0.0
46,greedy,node-006,0.0,0.0,0.0,0.0,0.0,0.0,0.0,0.0,8641.17618190879,166.4867552080795,0.9,0.0,0.0,0.0
46,greedy,node-007,0.0,0.0,0.0,0.0,0.0,0.0,0.0,0.0,8641.17618190879,166.4867552080795,0.9,0.0,0.0,0.0
46,greedy,node-008,0.0,0.0,0.0,0.0,0.0,0.0,0.0,0.0,8641.17618190879,166.4867552080795,0.9,0.0,0.0,0.0
46,greedy,node-009,0.0,0.0,0.0,0.0,0.0,0.0,0.0,0.0,8641.17618190879,166.4867552080795,0.9,-16.098172237757918,0.0,0.0
46,greedy,node-010,0.0,0.0,0.0,0.0,0.0,0.0,0.0,0.0,8641.17618190879,166.4867552080795,0.9,0.0,0.0,0.0
46,greedy,node-011,0.0,0.0,0.0,0.0,0.0,0.0,0.0,0.0,8641.17618190879,166.4867552080795,0.9,0.0,0.0,0.0
46,greedy,node-012,0.0,0.0,0.0,0.0,0.0,0.0,0.0,0.0,8641.17618190879,166.4867552080795,0.9,0.0,0.0,0.0
46,greedy,node-013,0.0,0.0,0.0,0.0,0.0,0.0,0.0,0.0,8641.17618190879,166.4867552080795,0.9,0.0,0.0,0.0
46,greedy,node-014,0.0,0.0,0.0,0.0,0.0,0.0,0.0,0.0,8641.17618190879,166.4867552080795,0.9,-54.19612392526898,0.0,0.0
46,greedy,node-015,0.0,0.0,0.0,0.0,0.0,0.0,0.0,0.0,8641.17618190879,166.4867552080795,0.9,0.0,0.0,0.0
46,greedy,node-016,0.0,0.0,0.0,0.0,0.0,0.0,0.0,0.0,8641.17618190879,166.4867552080795,0.9,0.0,0.0,0.0
46,greedy,node-017,0.0,0.0,0.0,0.0,0.0,0.0,0.0,0.0,8641.17618190879,166.4867552080795,0.9,0.0,0.0,0.0
46,greedy,node-018,0.0,0.0,0.0,0.0,0.0,0.0,0.0,0.0,8641.17618190879,166.4867552080795,0.9,0.0,0.0,0.0
46,greedy,node-019,0.0,0.0,0.0,0.0,0.0,0.0,0.0,0.0,8641.17618190879,166.4867552080795,0.9,0.0,0.0,0.0
46,greedy,node-020,0.0,0.0,0.0,0.0,0.0,0.0,0.0,0.0,8641.17618190879,166.4867552080795,0.9,0.0,0.0,0.0
46,greedy,node-021,0.0,0.0,0.0,0.0,0.0,0.0,0.0,0.0,8641.17618190879,166.4867552080795,0.9,0.0,0.0,0.0
46,greedy,node-022,0.0,0.0,0.0,0.0,0.0,0.0,0.0,0.0,8641.17618190879,166.4867552080795,0.9,0.0,0.0,0.0
46,greedy,node-023,41.244019727975314,0.0,41.244019727975314,0.2477315368206165,0.0,0.2477315368206165,55.49558506935982,166.4867552080795,8641.17618190879,166.4867552080795,0.9,-83.24337760403972,-16.64867552080794,-55.49558506935982
46,greedy,node-024,0.0,0.0,0.0,0.0,0.0,0.0,0.0,0.0,8641.17618190879,166.4867552080795,0.9,0.0,0.0,0.0
46,greedy,node-025,0.0,0.0,0.0,0.0,0.0,0.0,0.0,0.0,8641.17618190879,166.4867552080795,0.9,-16.107256597061063,0.0,0.0
46,greedy,node-026,0.0,0.0,0.0,0.0,0.0,0.0,0.0,0.0,8641.17618190879,166.4867552080795,0.9,0.0,0.0,0.0
46,greedy,node-027,0.0,0.0,0.0,0.0,0.0,0.0,0.0,0.0,8641.17618190879,166.4867552080795,0.9,0.0,0.0,0.0
46,greedy,node-028,0.0,0.0,0.0,0.0,0.0,0.0,0.0,0.0,8641.17618190879,166.4867552080795,0.9,0.0,0.0,0.0
46,greedy,node-029,2.874753724844428,0.0,2.874753724844428,2874.7537248444282,0.0,2874.7537248444282,0.0,0.0,8641.17618190879,166.4867552080795,0.9,-19.884814652254526,0.0,0.0
46,trust_vcg,node-000,0.0,0.0,0.0,0.0,0.0,0.0,0.0,0.0,8778.985180039746,726.7600782693524,0.95,-1710.1279361349611,0.0,391.3197958448111
46,trust_vcg,node-001,391.3197958448111,0.0,391.76224750786236,391319.7958448111,0.0,391762.24750786234,0.0,0.0,8778.985180039746,726.7600782693524,0.95,-5608.2377524921385,0.0,0.0
46,trust_vcg,node-002,0.0,0.0,0.0,0.0,0.0,0.0,0.0,0.0,8778.985180039746,726.7600782693524,0.95,0.0,0.0,0.0
46,trust_vcg,node-003,0.0,0.0,0.0,0.0,0.0,0.0,0.0,0.0,8778.985180039746,726.7600782693524,0.95,-5545.7702145653175,0.0,0.0
46,trust_vcg,node-004,0.0,0.0,0.0,0.0,0.0,0.0,0.0,0.0,8778.985180039746,726.7600782693524,0.95,-2276.2601401531474,0.0,0.0
46,trust_vcg,node-005,0.0,79.76706322027214,409.89891059664785,0.0,79767.06322027213,409898.9105966478,0.0,0.0,8778.985180039746,726.7600782693524,0.95,-5590.101089403352,0.0,0.0
46,trust_vcg,node-006,206.95223590065055,229.91651903061006,591.1229948173223,206952.23590065056,229916.51903061007,591122.9948173222,0.0,0.0,8778.985180039746,726.7600782693524,0.95,-11096.872131630724,0.0,0.0
46,trust_vcg,node-007,0.0,0.0,0.0,0.0,0.0,0.0,0.0,0.0,8778.985180039746,726.7600782693524,0.95,0.0,0.0,0.0
46,trust_vcg,node-008,0.0,0.0,0.0,0.0,0.0,0.0,0.0,0.0,8778.985180039746,726.7600782693524,0.95,0.0,0.0,0.0
46,trust_vcg,node-009,0.0,595.042078811621,606.0372587753274,0.0,595042.078811621,606037.2587753274,0.0,0.0,8778.985180039746,726.7600782693524,0.95,-6652.400126273103,0.0,0.0
46,trust_vcg,node-010,0.0,0.0,0.0,0.0,0.0,0.0,0.0,0.0,8778.985180039746,726.7600782693524,0.95,0.0,0.0,0.0
46,trust_vcg,node-011,0.0,0.0,0.0,0.0,0.0,0.0,0.0,0.0,8778.985180039746,726.7600782693524,0.95,-5614.006954522967,0.0,0.0
46,trust_vcg,node-012,0.0,0.0,135.42684277818736,0.0,0.0,135426.84277818736,0.0,0.0,8778.985180039746,726.7600782693524,0.95,-2264.573157221813,0.0,0.0
46,trust_vcg,node-013,0.0,0.0,0.0,0.0,0.0,0.0,0.0,0.0,8778.985180039746,726.7600782693524,0.95,0.0,0.0,0.0
46,trust_vcg,node-014,281.0211967651454,583.2498624660514,708.1246561651283,281021.1967651454,583249.8624660514,708124.6561651282,0.0,0.0,8778.985180039746,726.7600782693524,0.95,-6644.280769698005,52.04645012862554,0.0
46,trust_vcg,node-015,0.0,0.0,0.0,0.0,0.0,0.0,0.0,0.0,8778.985180039746,726.7600782693524,0.95,0.0,0.0,0.0
46,trust_vcg,node-016,0.0,0.0,0.0,0.0,0.0,0.0,0.0,0.0,8778.985180039746,726.7600782693524,0.95,-5591.99816237057,0.0,0.0
46,trust_vcg,node-017,0.0,0.0,77.18076068913501,0.0,0.0,77180.76068913502,0.0,0.0,8778.985180039746,726.7600782693524,0.95,-1722.819239310865,0.0,0.0
46,trust_vcg,node-018,0.0,0.0,48.46359864439782,0.0,0.0,48463.59864439782,0.0,0.0,8778.985180039746,726.7600782693524,0.95,-1151.5364013556023,0.0,0.0
46,trust_vcg,node-019,0.0,0.0,0.0,0.0,0.0,0.0,0.0,0.0,8778.985180039746,726.7600782693524,0.95,0.0,0.0,0.0
46,trust_vcg,node-020,0.0,0.0,157.4583313837057,0.0,0.0,157458.33138370572,0.0,0.0,8778.985180039746,726.7600782693524,0.95,-10561.85779512535,0.0,0.0
46,trust_vcg,node-021,0.0,0.0,0.0,0.0,0.0,0.0,0.0,0.0,8778.985180039746,726.7600782693524,0.95,-5024.1483837580245,0.0,0.0
46,trust_vcg,node-022,0.0,0.0,0.0,0.0,0.0,0.0,0.0,0.0,8778.985180039746,726.7600782693524,0.95,0.0,0.0,0.0
46,trust_vcg,node-023,38.622045171323464,0.0,451.11971311268456,38622.045171323465,0.0,451119.71311268455,-78.52610954045292,-52.778079426237355,8778.985180039746,726.7600782693524,0.95,-10949.221682994226,-3.8622045171324544,78.52610954045292
46,trust_vcg,node-024,0.0,0.0,485.65325125374125,0.0,0.0,485653.2512537412,0.0,0.0,8778.985180039746,726.7600782693524,0.95,-5592.4888489221385,0.0,0.0
46,trust_vcg,node-025,0.0,1.2919551253928603,71.49948333063867,0.0,0.0016573340414945657,0.09172031237316192,592.3180824816014,779.53815769559,8778.985180039746,726.7600782693524,0.95,-6139.123101285099,-28.083011282098255,-592.3180824816014
46,trust_vcg,node-026,0.0,216.0929565713909,368.112013953999,0.0,216092.9565713909,368112.013953999,0.0,0.0,8778.985180039746,726.7600782693524,0.95,-5031.887986046001,0.0,0.0
46,trust_vcg,node-027,0.0,0.0,260.49962850701417,0.0,0.0,260499.62850701416,0.0,0.0,8778.985180039746,726.7600782693524,0.95,-3939.5003714929853,0.0,0.0
46,trust_vcg,node-028,40.01479027481477,264.87535241093883,264.87535241093883,40014.79027481477,264875.3524109388,264875.3524109388,0.0,0.0,8778.985180039746,726.7600782693524,0.95,-5566.66117253717,0.0,0.0
46,trust_vcg,node-029,0.0,0.0,0.0,0.0,0.0,0.0,0.0,0.0,8778.985180039746,726.7600782693524,0.95,-5542.416342964572,0.0,0.0
46,contingent,node-000,0.0,0.0,0.0,0.0,0.0,0.0,0.0,0.0,8778.985180039746,315.8486492163064,0.95,-240.51174453984405,0.0,-108.23775249213763
46,contingent,node-001,0.0,0.0,0.0,0.0,0.0,0.0,0.0,0.0,8778.985180039746,315.8486492163064,0.95,-432.9510099685506,0.0,0.0
46,contingent,node-002,0.0,0.0,0.0,0.0,0.0,0.0,0.0,0.0,8778.985180039746,315.8486492163064,0.95,0.0,0.0,0.0
46,contingent,node-003,0.0,0.0,0.0,0.0,0.0,0.0,0.0,0.0,8778.985180039746,315.8486492163064,0.95,-368.398936038579,0.0,0.0
46,contingent,node-004,0.0,0.0,0.0,0.0,0.0,0.0,0.0,0.0,8778.985180039746,315.8486492163064,0.95,-305.04056061259047,0.0,0.0
46,contingent,node-005,0.0,29.767063220272135,29.767063220272135,0.0,29767.063220272135,29767.063220272135,0.0,0.0,8778.985180039746,315.8486492163064,0.95,-360.4043576134086,0.0,0.0
46,contingent,node-006,7.479129757652506,29.91651903061003,41.122994817322294,7479.129757652507,29916.51903061003,41122.994817322295,0.0,0.0,8778.985180039746,315.8486492163064,0.95,-387.4885265229036,0.0,0.0
46,contingent,node-007,0.0,0.0,0.0,0.0,0.0,0.0,0.0,0.0,8778.985180039746,315.8486492163064,0.95,0.0,0.0,0.0
46,contingent,node-008,0.0,0.0,0.0,0.0,0.0,0.0,0.0,0.0,8778.985180039746,315.8486492163064,0.95,0.0,0.0,0.0
46,contingent,node-009,0.0,95.042078811621,156.03725877532742,0.0,95042.07881162099,156037.2587753274,0.0,0.0,8778.985180039746,315.8486492163064,0.95,-209.6005050924078,0.0,0.0
46,contingent,node-010,0.0,0.0,0.0,0.0,0.0,0.0,0.0,0.0,8778.985180039746,315.8486492163064,0.95,0.0,0.0,0.0
46,contingent,node-011,0.0,0.0,0.0,0.0,0.0,0.0,0.0,0.0,8778.985180039746,315.8486492163064,0.95,-456.02781809186865,0.0,0.0
46,contingent,node-012,0.0,0.0,9.711161331698705,0.0,0.0,9711.161331698704,0.0,0.0,8778.985180039746,315.8486492163064,0.95,-258.2926288872506,0.0,0.0
46,contingent,node-013,0.0,0.0,0.0,0.0,0.0,0.0,0.0,0.0,8778.985180039746,315.8486492163064,0.95,0.0,0.0,0.0
46,contingent,node-014,3.173211496155467,83.24986246605128,208.12465616512821,3173.211496155467,83249.86246605129,208124.65616512822,0.0,0.0,8778.985180039746,315.8486492163064,0.95,-177.1230787920223,2.7161058552444057,0.0
46,contingent,node-015,0.0,0.0,0.0,0.0,0.0,0.0,0.0,0.0,8778.985180039746,315.8486492163064,0.95,0.0,0.0,0.0
46,contingent,node-016,0.0,0.0,0.0,0.0,0.0,0.0,0.0,0.0,8778.985180039746,315.8486492163064,0.95,-367.9926494822787,0.0,0.0
46,contingent,node-017,0.0,0.0,0.0,0.0,0.0,0.0,0.0,0.0,8778.985180039746,315.8486492163064,0.95,-291.27695724345995,0.0,0.0
46,contingent,node-018,0.0,0.0,0.0,0.0,0.0,0.0,0.0,0.0,8778.985180039746,315.8486492163064,0.95,-206.14560542240878,0.0,0.0
46,contingent,node-019,0.0,0.0,0.0,0.0,0.0,0.0,0.0,0.0,8778.985180039746,315.8486492163064,0.95,0.0,0.0,0.0
46,contingent,node-020,0.0,0.0,7.458331383705712,0.0,0.0,7458.331383705712,0.0,0.0,8778.985180039746,315.8486492163064,0.95,-447.43118050140225,0.0,0.0
46,contingent,node-021,0.0,0.0,0.0,0.0,0.0,0.0,0.0,0.0,8778.985180039746,315.8486492163064,0.95,-390.08117635488844,0.0,0.0
46,contingent,node-022,0.0,0.0,0.0,0.0,0.0,0.0,0.0,0.0,8778.985180039746,315.8486492163064,0.95,0.0,0.0,0.0
46,contingent,node-023,35.01853639532352,36.661568551317146,193.58481352246176,0.9999999999999998,1.0469189270917967,5.52806694537678,9.270506281107833,35.01853639532353,8778.985180039746,315.8486492163064,0.95,-120.26167641982747,-3.501853639532351,-9.270506281107833
46,contingent,node-024,0.0,0.0,35.65325125374126,0.0,0.0,35653.25125374126,0.0,0.0,8778.985180039746,315.8486492163064,0.95,-369.9553956885523,0.0,0.0
46,contingent,node-025,41.79293093289341,0.0,123.03471205682605,0.1488192648326663,0.0,0.4381108237322662,93.61003760699431,280.8301128209829,8778.985180039746,315.8486492163064,0.95,-280.83011282098295,-28.083011282098298,-93.61003760699431
46,contingent,node-026,0.0,66.09295657139091,66.09295657139091,0.0,66092.95657139091,66092.95657139091,0.0,0.0,8778.985180039746,315.8486492163064,0.95,-327.5519441840041,0.0,0.0
46,contingent,node-027,0.0,0.0,17.614266476384508,0.0,0.0,17614.266476384506,0.0,0.0,8778.985180039746,315.8486492163064,0.95,-358.00148597194345,0.0,0.0
46,contingent,node-028,0.0,64.87535241093883,89.87696168829328,0.0,64875.35241093883,89876.96168829328,0.0,0.0,8778.985180039746,315.8486492163064,0.95,-266.6446901486809,0.0,0.0
46,contingent,node-029,0.0,21.379892272402408,63.702284453042864,0.0,21379.89227240241,63702.28445304286,0.0,0.0,8778.985180039746,315.8486492163064,0.95,-169.66537185829057,0.0,0.0
46,capped,node-000,0.0,0.0,0.0,0.0,0.0,0.0,0.0,0.0,8778.985180039746,319.4521579923064,0.95,-60.127936134961004,0.0,-108.23775249213763
46,capped,node-001,0.0,0.0,0.0,0.0,0.0,0.0,0.0,0.0,8778.985180039746,319.4521579923064,0.95,-108.23775249213763,0.0,0.0
46,capped,node-002,0.0,0.0,0.0,0.0,0.0,0.0,0.0,0.0,8778.985180039746,319.4521579923064,0.95,0.0,0.0,0.0
46,capped,node-003,0.0,0.0,0.0,0.0,0.0,0.0,0.0,0.0,8778.985180039746,319.4521579923064,0.95,-92.09973400964473,0.0,0.0
46,capped,node-004,0.0,0.0,0.0,0.0,0.0,0.0,0.0,0.0,8778.985180039746,319.4521579923064,0.95,-76.26014015314762,0.0,0.0
46,capped,node-005,0.0,29.767063220272135,29.767063220272135,0.0,29767.063220272135,29767.063220272135,0.0,0.0,8778.985180039746,319.4521579923064,0.95,-90.10108940335215,0.0,0.0
46,capped,node-006,7.479129757652506,29.91651903061003,41.122994817322294,7479.129757652507,29916.51903061003,41122.994817322295,0.0,0.0,8778.985180039746,319.4521579923064,0.95,-96.87213163072589,0.0,0.0
46,capped,node-007,0.0,0.0,0.0,0.0,0.0,0.0,0.0,0.0,8778.985180039746,319.4521579923064,0.95,0.0,0.0,0.0
46,capped,node-008,0.0,0.0,0.0,0.0,0.0,0.0,0.0,0.0,8778.985180039746,319.4521579923064,0.95,0.0,0.0,0.0
46,capped,node-009,0.0,95.042078811621,156.03725877532742,0.0,95042.07881162099,156037.2587753274,0.0,0.0,8778.985180039746,319.4521579923064,0.95,-52.40012627310193,0.0,0.0
46,capped,node-010,0.0,0.0,0.0,0.0,0.0,0.0,0.0,0.0,8778.985180039746,319.4521579923064,0.95,0.0,0.0,0.0
46,capped,node-011,0.0,0.0,0.0,0.0,0.0,0.0,0.0,0.0,8778.985180039746,319.4521579923064,0.95,-114.00695452296718,0.0,0.0
46,capped,node-012,0.0,0.0,9.711161331698705,0.0,0.0,9711.161331698704,0.0,0.0,8778.985180039746,319.4521579923064,0.95,-64.57315722181266,0.0,0.0
46,capped,node-013,0.0,0.0,0.0,0.0,0.0,0.0,0.0,0.0,8778.985180039746,319.4521579923064,0.95,0.0,0.0,0.0
46,capped,node-014,3.173211496155467,83.24986246605128,208.12465616512821,3173.211496155467,83249.86246605129,208124.65616512822,0.0,0.0,8778.985180039746,319.4521579923064,0.95,-44.28076969800557,2.7161058552444057,0.0
46,capped,node-015,0.0,0.0,0.0,0.0,0.0,0.0,0.0,0.0,8778.985180039746,319.4521579923064,0.95,0.0,0.0,0.0
46,capped,node-016,0.0,29.104663317765073,29.104663317765073,0.0,29104.663317765073,29104.663317765073,0.0,0.0,8778.985180039746,319.4521579923064,0.95,-91.99816237056967,0.0,0.0
46,capped,node-017,0.0,0.0,0.0,0.0,0.0,0.0,0.0,0.0,8778.985180039746,319.4521579923064,0.95,-72.81923931086499,0.0,0.0
46,capped,node-018,0.0,0.0,0.0,0.0,0.0,0.0,0.0,0.0,8778.985180039746,319.4521579923064,0.95,-51.53640135560218,0.0,0.0
46,capped,node-019,0.0,0.0,0.0,0.0,0.0,0.0,0.0,0.0,8778.985180039746,319.4521579923064,0.95,0.0,0.0,0.0
46,capped,node-020,0.0,0.0,7.458331383705712,0.0,0.0,7458.331383705712,0.0,0.0,8778.985180039746,319.4521579923064,0.95,-111.85779512535056,0.0,0.0
46,capped,node-021,0.0,0.0,0.0,0.0,0.0,0.0,0.0,0.0,8778.985180039746,319.4521579923064,0.95,-97.52029408872211,0.0,0.0
46,capped,node-022,0.0,0.0,0.0,0.0,0.0,0.0,0.0,0.0,8778.985180039746,319.4521579923064,0.95,0.0,0.0,0.0
46,capped,node-023,38.622045171323535,42.62157001225198,209.10832522033144,0.9999999999999998,1.1035554907355876,5.414221962942349,12.874015057107844,38.62204517132354,8778.985180039746,319.4521579923064,0.95,-40.62180759178776,-3.8622045171323514,-12.874015057107844
46,capped,node-024,0.0,0.0,35.65325125374126,0.0,0.0,35653.25125374126,0.0,0.0,8778.985180039746,319.4521579923064,0.95,-92.48884892213808,0.0,0.0
46,capped,node-025,41.79293093289341,0.0,123.03471205682605,0.1488192648326663,0.0,0.4381108237322662,93.61003760699431,280.8301128209829,8778.985180039746,319.4521579923064,0.95,-140.41505641049145,-28.083011282098298,-93.61003760699431
46,capped,node-026,0.0,66.09295657139091,66.09295657139091,0.0,66092.95657139091,66092.95657139091,0.0,0.0,8778.985180039746,319.4521579923064,0.95,-81.88798604600103,0.0,0.0
46,capped,node-027,0.0,0.0,17.614266476384508,0.0,0.0,17614.266476384506,0.0,0.0,8778.985180039746,319.4521579923064,0.95,-89.50037149298586,0.0,0.0
46,capped,node-028,0.0,64.87535241093883,89.87696168829328,0.0,64875.35241093883,89876.96168829328,0.0,0.0,8778.985180039746,319.4521579923064,0.95,-66.66117253717024,0.0,0.0
46,capped,node-029,0.0,77.64471846396383,124.7716779817773,0.0,77644.71846396383,124771.6779817773,0.0,0.0,8778.985180039746,319.4521579923064,0.95,-42.41634296457264,0.0,0.0
46,proper_scoring,node-000,0.0,0.0,0.0,0.0,0.0,0.0,0.0,0.0,8778.985180039746,1247.5612989626936,0.95,-210.127936134961,0.0,391.3197958448111
46,proper_scoring,node-001,391.3197958448111,0.0,391.76224750786236,391319.7958448111,0.0,391762.24750786234,0.0,0.0,8778.985180039746,1247.5612989626936,0.95,-408.21557239844185,0.0,0.0
46,proper_scoring,node-002,0.0,0.0,0.0,0.0,0.0,0.0,0.0,0.0,8778.985180039746,1247.5612989626936,0.95,0.0,0.0,0.0
46,proper_scoring,node-003,0.0,0.0,196.3185624316577,0.0,0.0,196318.56243165772,0.0,0.0,8778.985180039746,1247.5612989626936,0.95,-358.22455575517614,0.0,0.0
46,proper_scoring,node-004,0.0,0.0,23.739859846852383,0.0,0.0,23739.85984685238,0.0,0.0,8778.985180039746,1247.5612989626936,0.95,-270.7005349901923,0.0,0.0
46,proper_scoring,node-005,0.0,79.76706322027214,409.89891059664785,0.0,79767.06322027213,409898.9105966478,0.0,0.0,8778.985180039746,1247.5612989626936,0.95,-360.4043576134086,0.0,0.0
46,proper_scoring,node-006,627.9634580506246,229.91651903061006,792.9242740937317,627963.4580506246,229916.51903061007,792924.2740937317,0.0,0.0,8778.985180039746,1247.5612989626936,0.95,-379.16585977910415,0.0,0.0
46,proper_scoring,node-007,0.0,0.0,0.0,0.0,0.0,0.0,0.0,0.0,8778.985180039746,1247.5612989626936,0.95,0.0,0.0,0.0
46,proper_scoring,node-008,0.0,0.0,0.0,0.0,0.0,0.0,0.0,0.0,8778.985180039746,1247.5612989626936,0.95,0.0,0.0,0.0
46,proper_scoring,node-009,0.0,595.042078811621,606.0372587753274,0.0,595042.078811621,606037.2587753274,0.0,0.0,8778.985180039746,1247.5612989626936,0.95,-209.6005050924078,0.0,0.0
46,proper_scoring,node-010,0.0,0.0,0.0,0.0,0.0,0.0,0.0,0.0,8778.985180039746,1247.5612989626936,0.95,0.0,0.0,0.0
46,proper_scoring,node-011,0.0,0.0,187.33550134841462,0.0,0.0,187335.50134841463,0.0,0.0,8778.985180039746,1247.5612989626936,0.95,-421.6654685212759,0.0,0.0
46,proper_scoring,node-012,0.0,0.0,135.42684277818736,0.0,0.0,135426.84277818736,0.0,0.0,8778.985180039746,1247.5612989626936,0.95,-250.02566089705832,0.0,0.0
46,proper_scoring,node-013,0.0,0.0,0.0,0.0,0.0,0.0,0.0,0.0,8778.985180039746,1247.5612989626936,0.95,0.0,0.0,0.0
46,proper_scoring,node-014,281.0211967651454,583.2498624660514,708.1246561651283,281021.1967651454,583249.8624660514,708124.6561651282,0.0,0.0,8778.985180039746,1247.5612989626936,0.95,-177.1230787920223,52.04645012862554,0.0
46,proper_scoring,node-015,0.0,0.0,0.0,0.0,0.0,0.0,0.0,0.0,8778.985180039746,1247.5612989626936,0.95,0.0,0.0,0.0
46,proper_scoring,node-016,0.0,0.0,314.34484265278275,0.0,0.0,314344.84265278274,0.0,0.0,8778.985180039746,1247.5612989626936,0.95,-367.9926494822787,0.0,0.0
46,proper_scoring,node-017,0.0,0.0,77.18076068913501,0.0,0.0,77180.76068913502,0.0,0.0,8778.985180039746,1247.5612989626936,0.95,-222.819239310865,0.0,0.0
46,proper_scoring,node-018,0.0,0.0,48.46359864439782,0.0,0.0,48463.59864439782,0.0,0.0,8778.985180039746,1247.5612989626936,0.95,-151.53640135560218,0.0,0.0
46,proper_scoring,node-019,0.0,0.0,0.0,0.0,0.0,0.0,0.0,0.0,8778.985180039746,1247.5612989626936,0.95,0.0,0.0,0.0
46,proper_scoring,node-020,0.0,0.0,601.8158130718448,0.0,0.0,601815.8130718448,0.0,0.0,8778.985180039746,1247.5612989626936,0.95,-419.5130483464007,0.0,0.0
46,proper_scoring,node-021,0.0,0.0,111.08087848859132,0.0,0.0,111080.87848859132,0.0,0.0,8778.985180039746,1247.5612989626936,0.95,-379.76603347083056,0.0,0.0
46,proper_scoring,node-022,0.0,0.0,0.0,0.0,0.0,0.0,0.0,0.0,8778.985180039746,1247.5612989626936,0.95,0.0,0.0,0.0
46,proper_scoring,node-023,35.01853639532345,503.6569636795368,660.5802086506812,0.0748222327223306,1.0761368814284686,1.4114263813157988,442.2751111528882,468.0231412671038,8778.985180039746,1247.5612989626936,0.95,-553.2662812916078,-3.5018536395324418,-442.2751111528882
46,proper_scoring,node-024,0.0,0.0,485.65325125374125,0.0,0.0,485653.2512537412,0.0,0.0,8778.985180039746,1247.5612989626936,0.95,-356.4083564445857,0.0,0.0
46,proper_scoring,node-025,0.0,1.2919551253928603,71.49948333063867,0.0,0.0016573340414945657,0.09172031237316192,592.3180824816014,779.53815769559,8778.985180039746,1247.5612989626936,0.95,-779.53815769559,-28.083011282098255,-592.3180824816014
46,proper_scoring,node-026,0.0,216.0929565713909,368.112013953999,0.0,216092.9565713909,368112.013953999,0.0,0.0,8778.985180039746,1247.5612989626936,0.95,-327.5519441840041,0.0,0.0
46,proper_scoring,node-027,0.0,0.0,260.49962850701417,0.0,0.0,260499.62850701416,0.0,0.0,8778.985180039746,1247.5612989626936,0.95,-349.9711056687935,0.0,0.0
46,proper_scoring,node-028,40.01479027481477,264.87535241093883,365.2341110843044,40014.79027481477,264875.3524109388,365234.1110843044,0.0,0.0,8778.985180039746,1247.5612989626936,0.95,-266.6446901486809,0.0,0.0
46,proper_scoring,node-029,0.0,371.37989227240234,371.37989227240234,0.0,371379.89227240236,371379.89227240236,0.0,0.0,8778.985180039746,1247.5612989626936,0.95,-169.66537185829057,0.0,0.0
46,audits,node-000,0.0,0.0,0.0,0.0,0.0,0.0,0.0,0.0,8778.985180039746,1226.7600782693526,0.95,-210.127936134961,0.0,391.3197958448111
46,audits,node-001,391.3197958448111,0.0,391.76224750786236,391319.7958448111,0.0,391762.24750786234,0.0,0.0,8778.985180039746,1226.7600782693526,0.95,-608.2377524921377,0.0,0.0
46,audits,node-002,0.0,0.0,0.0,0.0,0.0,0.0,0.0,0.0,8778.985180039746,1226.7600782693526,0.95,0.0,0.0,0.0
46,audits,node-003,0.0,0.0,121.4145358942239,0.0,0.0,121414.5358942239,0.0,0.0,8778.985180039746,1226.7600782693526,0.95,-545.7702145653175,0.0,0.0
46,audits,node-004,0.0,0.0,23.739859846852383,0.0,0.0,23739.85984685238,0.0,0.0,8778.985180039746,1226.7600782693526,0.95,-276.26014015314763,0.0,0.0
46,audits,node-005,0.0,79.76706322027214,409.89891059664785,0.0,79767.06322027213,409898.9105966478,0.0,0.0,8778.985180039746,1226.7600782693526,0.95,-590.1010894033521,0.0,0.0
46,audits,node-006,552.4210963241583,229.91651903061006,703.1278683692741,552421.0963241583,229916.51903061007,703127.8683692741,0.0,0.0,8778.985180039746,1226.7600782693526,0.95,-1096.872131630726,0.0,0.0
46,audits,node-007,0.0,0.0,0.0,0.0,0.0,0.0,0.0,0.0,8778.985180039746,1226.7600782693526,0.95,0.0,0.0,0.0
46,audits,node-008,0.0,0.0,0.0,0.0,0.0,0.0,0.0,0.0,8778.985180039746,1226.7600782693526,0.95,0.0,0.0,0.0
46,audits,node-009,0.0,595.042078811621,606.0372587753274,0.0,595042.078811621,606037.2587753274,0.0,0.0,8778.985180039746,1226.7600782693526,0.95,-652.4001262731019,0.0,0.0
46,audits,node-010,0.0,0.0,0.0,0.0,0.0,0.0,0.0,0.0,8778.985180039746,1226.7600782693526,0.95,0.0,0.0,0.0
46,audits,node-011,0.0,0.0,185.99304547703284,0.0,0.0,185993.04547703284,0.0,0.0,8778.985180039746,1226.7600782693526,0.95,-614.0069545229671,0.0,0.0
46,audits,node-012,0.0,0.0,135.42684277818736,0.0,0.0,135426.84277818736,0.0,0.0,8778.985180039746,1226.7600782693526,0.95,-264.5731572218126,0.0,0.0
46,audits,node-013,0.0,0.0,0.0,0.0,0.0,0.0,0.0,0.0,8778.985180039746,1226.7600782693526,0.95,0.0,0.0,0.0
46,audits,node-014,281.0211967651454,583.2498624660514,708.1246561651283,281021.1967651454,583249.8624660514,708124.6561651282,0.0,0.0,8778.985180039746,1226.7600782693526,0.95,-644.2807696980055,52.04645012862554,0.0
46,audits,node-015,0.0,0.0,0.0,0.0,0.0,0.0,0.0,0.0,8778.985180039746,1226.7600782693526,0.95,0.0,0.0,0.0
46,audits,node-016,0.0,0.0,308.0018376294304,0.0,0.0,308001.8376294304,0.0,0.0,8778.985180039746,1226.7600782693526,0.95,-591.9981623705697,0.0,0.0
46,audits,node-017,0.0,0.0,77.18076068913501,0.0,0.0,77180.76068913502,0.0,0.0,8778.985180039746,1226.7600782693526,0.95,-222.819239310865,0.0,0.0
46,audits,node-018,0.0,0.0,48.46359864439782,0.0,0.0,48463.59864439782,0.0,0.0,8778.985180039746,1226.7600782693526,0.95,-151.53640135560218,0.0,0.0
46,audits,node-019,0.0,0.0,0.0,0.0,0.0,0.0,0.0,0.0,8778.985180039746,1226.7600782693526,0.95,0.0,0.0,0.0
46,audits,node-020,0.0,0.0,438.1422048746494,0.0,0.0,438142.2048746494,0.0,0.0,8778.985180039746,1226.7600782693526,0.95,-1061.8577951253505,0.0,0.0
46,audits,node-021,0.0,0.0,60.16785081401035,0.0,0.0,60167.85081401035,0.0,0.0,8778.985180039746,1226.7600782693526,0.95,-524.1483837580254,0.0,0.0
46,audits,node-022,0.0,0.0,0.0,0.0,0.0,0.0,0.0,0.0,8778.985180039746,1226.7600782693526,0.95,0.0,0.0,0.0
46,audits,node-023,38.622045171323464,434.02169460981276,600.5084498178924,0.08635991080619075,0.9704839468802989,1.342752718935313,421.473890459547,447.22192057376265,8778.985180039746,1226.7600782693526,0.95,-1449.221682994227,-3.8622045171323975,-421.473890459547
46,audits,node-024,0.0,0.0,485.65325125374125,0.0,0.0,485653.2512537412,0.0,0.0,8778.985180039746,1226.7600782693526,0.95,-592.488848922138,0.0,0.0
46,audits,node-025,0.0,1.2919551253928603,71.49948333063867,0.0,0.0016573340414945657,0.09172031237316192,592.3180824816014,779.53815769559,8778.985180039746,1226.7600782693526,0.95,-1139.1231012850985,-28.083011282098255,-592.3180824816014
46,audits,node-026,0.0,216.0929565713909,368.112013953999,0.0,216092.9565713909,368112.013953999,0.0,0.0,8778.985180039746,1226.7600782693526,0.95,-531.8879860460012,0.0,0.0
46,audits,node-027,0.0,0.0,260.49962850701417,0.0,0.0,260499.62850701416,0.0,0.0,8778.985180039746,1226.7600782693526,0.95,-439.50037149298583,0.0,0.0
46,audits,node-028,40.01479027481477,264.87535241093883,333.3388274628298,40014.79027481477,264875.3524109388,333338.82746282977,0.0,0.0,8778.985180039746,1226.7600782693526,0.95,-566.6611725371702,0.0,0.0
46,audits,node-029,0.0,327.6447184639638,327.6447184639638,0.0,327644.71846396377,327644.71846396377,0.0,0.0,8778.985180039746,1226.7600782693526,0.95,-542.4163429645727,0.0,0.0
49,greedy,node-000,0.0,0.0,0.0,0.0,0.0,0.0,0.0,0.0,8492.4561992615,190.2027233433482,0.8,0.0,0.0,0.0
49,greedy,node-001,0.0,0.0,0.0,0.0,0.0,0.0,0.0,0.0,8492.4561992615,190.2027233433482,0.8,0.0,0.0,0.0
49,greedy,node-002,0.0,0.0,0.0,0.0,0.0,0.0,0.0,0.0,8492.4561992615,190.2027233433482,0.8,0.0,0.0,0.0
49,greedy,node-003,0.0,0.0,0.0,0.0,0.0,0.0,0.0,0.0,8492.4561992615,190.2027233433482,0.8,0.0,0.0,0.0
49,greedy,node-004,0.0,0.0,0.0,0.0,0.0,0.0,0.0,0.0,8492.4561992615,190.2027233433482,0.8,0.0,0.0,0.0
49,greedy,node-005,0.0,0.0,0.0,0.0,0.0,0.0,0.0,0.0,8492.4561992615,190.2027233433482,0.8,0.0,0.0,0.0
49,greedy,node-006,0.0,0.0,0.0,0.0,0.0,0.0,0.0,0.0,8492.4561992615,190.2027233433482,0.8,0.0,0.0,0.0
49,greedy,node-007,0.0,0.0,0.0,0.0,0.0,0.0,0.0,0.0,8492.4561992615,190.2027233433482,0.8,0.0,0.0,0.0
49,greedy,node-008,0.0,0.0,0.0,0.0,0.0,0.0,0.0,0.0,8492.4561992615,190.2027233433482,0.8,0.0,0.0,0.0
49,greedy,node-009,0.0,0.0,0.0,0.0,0.0,0.0,0.0,0.0,8492.4561992615,190.2027233433482,0.8,0.0,0.0,0.0
49,greedy,node-010,0.0,0.0,0.0,0.0,0.0,0.0,0.0,0.0,8492.4561992615,190.2027233433482,0.8,0.0,0.0,0.0
49,greedy,node-011,0.0,0.0,0.0,0.0,0.0,0.0,0.0,0.0,8492.4561992615,190.2027233433482,0.8,0.0,0.0,0.0
49,greedy,node-012,0.0,0.0,0.0,0.0,0.0,0.0,0.0,0.0,8492.4561992615,190.2027233433482,0.8,0.0,0.0,0.0
49,greedy,node-013,38.39912208147601,0.0,38.39912208147601,0.2865969184474205,0.0,0.2865969184474205,44.66100832427567,133.983024972827,8492.4561992615,190.2027233433482,0.8,-72.0840497425983,-10.866183153970695,-44.66100832427567
49,greedy,node-014,0.0,0.0,0.0,0.0,0.0,0.0,0.0,0.0,8492.4561992615,190.2027233433482,0.8,0.0,0.0,0.0
49,greedy,node-015,0.0,0.0,0.0,0.0,0.0,0.0,0.0,0.0,8492.4561992615,190.2027233433482,0.8,0.0,0.0,0.0
49,greedy,node-016,0.0,0.0,0.0,0.0,0.0,0.0,0.0,0.0,8492.4561992615,190.2027233433482,0.8,0.0,0.0,0.0
49,greedy,node-017,0.0,0.0,0.0,0.0,0.0,0.0,0.0,0.0,8492.4561992615,190.2027233433482,0.8,0.0,0.0,0.0
49,greedy,node-018,0.0,0.0,0.0,0.0,0.0,0.0,0.0,0.0,8492.4561992615,190.2027233433482,0.8,0.0,0.0,0.0
49,greedy,node-019,0.0,0.0,0.0,0.0,0.0,0.0,0.0,0.0,8492.4561992615,190.2027233433482,0.8,0.0,0.0,0.0
49,greedy,node-020,0.0,0.0,0.0,0.0,0.0,0.0,0.0,0.0,8492.4561992615,190.2027233433482,0.8,-29.14300281359022,0.0,0.0
49,greedy,node-021,0.0,0.0,0.0,0.0,0.0,0.0,0.0,0.0,8492.4561992615,190.2027233433482,0.8,-23.979030478181684,0.0,0.0
49,greedy,node-022,0.0,0.0,0.0,0.0,0.0,0.0,0.0,0.0,8492.4561992615,190.2027233433482,0.8,0.0,0.0,0.0
49,greedy,node-023,0.0,0.0,0.0,0.0,0.0,0.0,0.0,0.0,8492.4561992615,190.2027233433482,0.8,0.0,0.0,0.0
49,greedy,node-024,0.0,0.0,0.0,0.0,0.0,0.0,0.0,0.0,8492.4561992615,190.2027233433482,0.8,0.0,0.0,0.0
49,greedy,node-025,19.476600364619113,0.0,19.476600364619113,0.3464372974087615,0.0,0.3464372974087615,18.739899456840394,56.219698370521186,8492.4561992615,190.2027233433482,0.8,-41.42172971108469,-5.6219698370521165,-18.739899456840394
49,greedy,node-026,0.0,0.0,0.0,0.0,0.0,0.0,0.0,0.0,8492.4561992615,190.2027233433482,0.8,0.0,0.0,0.0
49,greedy,node-027,0.0,0.0,0.0,0.0,0.0,0.0,0.0,0.0,8492.4561992615,190.2027233433482,0.8,0.0,0.0,0.0
49,greedy,node-028,0.0,0.0,0.0,0.0,0.0,0.0,0.0,0.0,8492.4561992615,190.2027233433482,0.8,0.0,0.0,0.0
49,greedy,node-029,0.0,0.0,0.0,0.0,0.0,0.0,0.0,0.0,8492.4561992615,190.2027233433482,0.8,-24.858940662428253,0.0,0.0
49,trust_vcg,node-000,0.0,0.0,0.0,0.0,0.0,0.0,0.0,0.0,8731.914104943278,-524.1894674091877,0.85,0.0,0.0,0.0
49,trust_vcg,node-001,0.0,0.0,0.0,0.0,0.0,0.0,0.0,0.0,8731.914104943278,-524.1894674091877,0.85,0.0,0.0,0.0
49,trust_vcg,node-002,0.0,0.0,0.0,0.0,0.0,0.0,0.0,0.0,8731.914104943278,-524.1894674091877,0.85,0.0,0.0,0.0
49,trust_vcg,node-003,0.0,0.0,0.0,0.0,0.0,0.0,0.0,0.0,8731.914104943278,-524.1894674091877,0.85,-5591.535483881057,0.0,0.0
49,trust_vcg,node-004,0.0,0.0,0.0,0.0,0.0,0.0,0.0,0.0,8731.914104943278,-524.1894674091877,0.85,0.0,0.0,0.0
49,trust_vcg,node-005,0.0,0.0,0.0,0.0,0.0,0.0,0.0,0.0,8731.914104943278,-524.1894674091877,0.85,0.0,0.0,0.0
49,trust_vcg,node-006,0.0,0.0,0.0,0.0,0.0,0.0,0.0,0.0,8731.914104943278,-524.1894674091877,0.85,0.0,0.0,0.0
49,trust_vcg,node-007,0.0,0.0,141.49848599310815,0.0,0.0,141498.48599310813,0.0,0.0,8731.914104943278,-524.1894674091877,0.85,-2258.5015140068917,0.0,0.0
49,trust_vcg,node-008,0.0,0.0,0.0,0.0,0.0,0.0,0.0,0.0,8731.914104943278,-524.1894674091877,0.85,0.0,0.0,0.0
49,trust_vcg,node-009,0.0,0.0,0.0,0.0,0.0,0.0,0.0,0.0,8731.914104943278,-524.1894674091877,0.85,0.0,0.0,0.0
49,trust_vcg,node-010,0.0,0.0,0.0,0.0,0.0,0.0,0.0,0.0,8731.914104943278,-524.1894674091877,0.85,0.0,0.0,0.0
49,trust_vcg,node-011,0.0,0.0,0.0,0.0,0.0,0.0,0.0,0.0,8731.914104943278,-524.1894674091877,0.85,0.0,0.0,0.0
49,trust_vcg,node-012,0.0,0.0,0.0,0.0,0.0,0.0,0.0,0.0,8731.914104943278,-524.1894674091877,0.85,0.0,0.0,0.0
49,trust_vcg,node-013,72.41748250779642,1.4993629535839545,146.33432796917668,0.11256563802109674,0.0023306077710890257,0.22746188381328233,546.7789587182804,643.3356020620088,8731.914104943278,-524.1894674091877,0.85,-7174.2020001366045,-14.483496501559216,-546.7789587182804
49,trust_vcg,node-014,0.0,0.0,0.0,0.0,0.0,0.0,0.0,0.0,8731.914104943278,-524.1894674091877,0.85,-3316.155208500012,0.0,0.0
49,trust_vcg,node-015,0.0,0.0,0.0,0.0,0.0,0.0,0.0,0.0,8731.914104943278,-524.1894674091877,0.85,0.0,0.0,0.0
49,trust_vcg,node-016,0.0,0.0,0.0,0.0,0.0,0.0,0.0,0.0,8731.914104943278,-524.1894674091877,0.85,-2255.513882219056,0.0,0.0
49,trust_vcg,node-017,0.0,0.0,0.0,0.0,0.0,0.0,0.0,0.0,8731.914104943278,-524.1894674091877,0.85,-3925.5118748632567,0.0,0.0
49,trust_vcg,node-018,0.0,0.0,0.0,0.0,0.0,0.0,0.0,0.0,8731.914104943278,-524.1894674091877,0.85,0.0,0.0,0.0
49,trust_vcg,node-019,0.0,0.0,0.0,0.0,0.0,0.0,0.0,0.0,8731.914104943278,-524.1894674091877,0.85,-4920.235917632514,0.0,0.0
49,trust_vcg,node-020,90.595933666675,161.2781600881914,181.32984680924073,90595.93366667499,161278.16008819142,181329.84680924073,0.0,0.0,8731.914104943278,-524.1894674091877,0.85,-11073.712772911576,0.0,0.0
49,trust_vcg,node-021,47.012999321373854,0.0,47.012999321373854,47012.999321373856,0.0,47012.999321373856,0.0,0.0,8731.914104943278,-524.1894674091877,0.85,-5547.567298043679,0.0,0.0
49,trust_vcg,node-022,0.0,0.0,374.60924283645653,0.0,0.0,374609.2428364565,0.0,0.0,8731.914104943278,-524.1894674091877,0.85,-5579.292429782893,0.0,0.0
49,trust_vcg,node-023,0.0,0.0,0.0,0.0,0.0,0.0,0.0,0.0,8731.914104943278,-524.1894674091877,0.85,0.0,0.0,0.0
49,trust_vcg,node-024,0.0,0.0,166.6859702629472,0.0,0.0,166685.9702629472,0.0,0.0,8731.914104943278,-524.1894674091877,0.85,-5572.543762682302,0.0,0.0
49,trust_vcg,node-025,1198.0982693283643,718.2331371254593,1198.0982693283643,1198098.2693283642,718233.1371254593,1198098.2693283642,-1198.0982693283643,-1167.5250694711967,8731.914104943278,-524.1894674091877,0.85,-7493.556683909694,-4.5859799785750965,1198.0982693283643
49,trust_vcg,node-026,0.0,0.0,236.09407538410386,0.0,0.0,236094.07538410387,0.0,0.0,8731.914104943278,-524.1894674091877,0.85,-3363.905924615896,0.0,0.0
49,trust_vcg,node-027,0.0,0.0,0.0,0.0,0.0,0.0,0.0,0.0,8731.914104943278,-524.1894674091877,0.85,0.0,0.0,0.0
49,trust_vcg,node-028,0.0,0.0,0.0,0.0,0.0,0.0,0.0,0.0,8731.914104943278,-524.1894674091877,0.85,0.0,0.0,0.0
49,trust_vcg,node-029,0.0,0.0,219.78440095601349,0.0,0.0,219784.40095601347,0.0,0.0,8731.914104943278,-524.1894674091877,0.85,-11073.806157445882,198.11654294917022,0.0
49,contingent,node-000,0.0,0.0,0.0,0.0,0.0,0.0,0.0,0.0,8731.914104943278,176.77878299432265,0.85,0.0,0.0,0.0
49,contingent,node-001,0.0,0.0,0.0,0.0,0.0,0.0,0.0,0.0,8731.914104943278,176.77878299432265,0.85,0.0,0.0,0.0
49,contingent,node-002,0.0,0.0,0.0,0.0,0.0,0.0,0.0,0.0,8731.914104943278,176.77878299432265,0.85,0.0,0.0,0.0
49,contingent,node-003,0.0,0.0,0.0,0.0,0.0,0.0,0.0,0.0,8731.914104943278,176.77878299432265,0.85,-366.1419355242306,0.0,0.0
49,contingent,node-004,0.0,0.0,0.0,0.0,0.0,0.0,0.0,0.0,8731.914104943278,176.77878299432265,0.85,0.0,0.0,0.0
49,contingent,node-005,0.0,0.0,0.0,0.0,0.0,0.0,0.0,0.0,8731.914104943278,176.77878299432265,0.85,0.0,0.0,0.0
49,contingent,node-006,0.0,0.0,0.0,0.0,0.0,0.0,0.0,0.0,8731.914104943278,176.77878299432265,0.85,0.0,0.0,0.0
49,contingent,node-007,0.0,0.0,0.0,0.0,0.0,0.0,0.0,0.0,8731.914104943278,176.77878299432265,0.85,-234.00605602756738,0.0,0.0
49,contingent,node-008,0.0,0.0,0.0,0.0,0.0,0.0,0.0,0.0,8731.914104943278,176.77878299432265,0.85,0.0,0.0,0.0
49,contingent,node-009,0.0,0.0,0.0,0.0,0.0,0.0,0.0,0.0,8731.914104943278,176.77878299432265,0.85,0.0,0.0,0.0
49,contingent,node-010,0.0,0.0,0.0,0.0,0.0,0.0,0.0,0.0,8731.914104943278,176.77878299432265,0.85,0.0,0.0,0.0
49,contingent,node-011,0.0,0.0,0.0,0.0,0.0,0.0,0.0,0.0,8731.914104943278,176.77878299432265,0.85,0.0,0.0,0.0
49,contingent,node-012,0.0,0.0,0.0,0.0,0.0,0.0,0.0,0.0,8731.914104943278,176.77878299432265,0.85,0.0,0.0,0.0
49,contingent,node-013,84.61788697733843,0.0,144.8349650155928,0.5842365962406147,0.0,1.0000000000000002,48.27832167186426,144.83496501559276,8731.914104943278,176.77878299432265,0.85,-157.97048734515482,-14.483496501559287,-48.27832167186426
49,contingent,node-014,0.0,0.0,0.0,0.0,0.0,0.0,0.0,0.0,8731.914104943278,176.77878299432265,0.85,-105.45135395850969,0.0,0.0
49,contingent,node-015,0.0,0.0,0.0,0.0,0.0,0.0,0.0,0.0,8731.914104943278,176.77878299432265,0.85,0.0,0.0,0.0
49,contingent,node-016,0.0,0.0,0.0,0.0,0.0,0.0,0.0,0.0,8731.914104943278,176.77878299432265,0.85,-222.05552887622406,0.0,0.0
49,contingent,node-017,0.0,0.0,0.0,0.0,0.0,0.0,0.0,0.0,8731.914104943278,176.77878299432265,0.85,-302.0474994530274,0.0,0.0
49,contingent,node-018,0.0,0.0,0.0,0.0,0.0,0.0,0.0,0.0,8731.914104943278,176.77878299432265,0.85,0.0,0.0,0.0
49,contingent,node-019,0.0,0.0,0.0,0.0,0.0,0.0,0.0,0.0,8731.914104943278,176.77878299432265,0.85,-86.22526292359143,0.0,0.0
49,contingent,node-020,0.0,11.278160088191402,11.278160088191402,0.0,11278.160088191402,11278.160088191402,0.0,0.0,8731.914104943278,176.77878299432265,0.85,-294.8510916463108,0.0,0.0
49,contingent,node-021,0.0,39.61793027691748,39.61793027691748,0.0,39617.930276917476,39617.930276917476,0.0,0.0,8731.914104943278,176.77878299432265,0.85,-190.2691921747182,0.0,0.0
49,contingent,node-022,0.0,0.0,0.0,0.0,0.0,0.0,0.0,0.0,8731.914104943278,176.77878299432265,0.85,-317.1697191315694,0.0,0.0
49,contingent,node-023,0.0,0.0,0.0,0.0,0.0,0.0,0.0,0.0,8731.914104943278,176.77878299432265,0.85,0.0,0.0,0.0
49,contingent,node-024,0.0,0.0,16.685970262947173,0.0,0.0,16685.970262947172,0.0,0.0,8731.914104943278,176.77878299432265,0.85,-290.1750507292055,0.0,0.0
49,contingent,node-025,6.208579238748063,0.0,31.943817978729935,0.19435933559608,0.0,1.0000000000000004,1.3706181215623197,31.94381797872992,8731.914104943278,176.77878299432265,0.85,-92.09793913853949,-3.194381797872992,-1.3706181215623197
49,contingent,node-026,0.0,0.0,0.0,0.0,0.0,0.0,0.0,0.0,8731.914104943278,176.77878299432265,0.85,-255.6236984635846,0.0,0.0
49,contingent,node-027,0.0,0.0,0.0,0.0,0.0,0.0,0.0,0.0,8731.914104943278,176.77878299432265,0.85,0.0,0.0,0.0
49,contingent,node-028,0.0,0.0,0.0,0.0,0.0,0.0,0.0,0.0,8731.914104943278,176.77878299432265,0.85,0.0,0.0,0.0
49,contingent,node-029,0.06637393685816662,15.435596977318648,19.7844009560135,66.37393685816662,15435.596977318648,19784.4009560135,0.0,0.0,8731.914104943278,176.77878299432265,0.85,-295.22462978352564,7.9137603824054,0.0
49,capped,node-000,0.0,0.0,0.0,0.0,0.0,0.0,0.0,0.0,8731.914104943278,190.69476480134412,0.85,0.0,0.0,0.0
49,capped,node-001,0.0,0.0,0.0,0.0,0.0,0.0,0.0,0.0,8731.914104943278,190.69476480134412,0.85,0.0,0.0,0.0
49,capped,node-002,0.0,0.0,0.0,0.0,0.0,0.0,0.0,0.0,8731.914104943278,190.69476480134412,0.85,0.0,0.0,0.0
49,capped,node-003,0.0,0.0,0.0,0.0,0.0,0.0,0.0,0.0,8731.914104943278,190.69476480134412,0.85,-91.53548388105764,0.0,0.0
49,capped,node-004,0.0,0.0,0.0,0.0,0.0,0.0,0.0,0.0,8731.914104943278,190.69476480134412,0.85,0.0,0.0,0.0
49,capped,node-005,0.0,0.0,0.0,0.0,0.0,0.0,0.0,0.0,8731.914104943278,190.69476480134412,0.85,0.0,0.0,0.0
49,capped,node-006,0.0,0.0,0.0,0.0,0.0,0.0,0.0,0.0,8731.914104943278,190.69476480134412,0.85,0.0,0.0,0.0
49,capped,node-007,0.0,0.0,0.0,0.0,0.0,0.0,0.0,0.0,8731.914104943278,190.69476480134412,0.85,-58.50151400689185,0.0,0.0
49,capped,node-008,0.0,0.0,0.0,0.0,0.0,0.0,0.0,0.0,8731.914104943278,190.69476480134412,0.85,0.0,0.0,0.0
49,capped,node-009,0.0,0.0,0.0,0.0,0.0,0.0,0.0,0.0,8731.914104943278,190.69476480134412,0.85,0.0,0.0,0.0
49,capped,node-010,0.0,0.0,0.0,0.0,0.0,0.0,0.0,0.0,8731.914104943278,190.69476480134412,0.85,0.0,0.0,0.0
49,capped,node-011,0.0,0.0,0.0,0.0,0.0,0.0,0.0,0.0,8731.914104943278,190.69476480134412,0.85,0.0,0.0,0.0
49,capped,node-012,0.0,0.0,0.0,0.0,0.0,0.0,0.0,0.0,8731.914104943278,190.69476480134412,0.85,0.0,0.0,0.0
49,capped,node-013,84.61788697733843,0.0,144.8349650155928,0.5842365962406147,0.0,1.0000000000000002,48.27832167186426,144.83496501559276,8731.914104943278,190.69476480134412,0.85,-75.7013630901869,-14.483496501559287,-48.27832167186426
49,capped,node-014,0.0,0.0,0.0,0.0,0.0,0.0,0.0,0.0,8731.914104943278,190.69476480134412,0.85,-26.362838489627425,0.0,0.0
49,capped,node-015,0.0,0.0,0.0,0.0,0.0,0.0,0.0,0.0,8731.914104943278,190.69476480134412,0.85,0.0,0.0,0.0
49,capped,node-016,0.0,0.0,0.0,0.0,0.0,0.0,0.0,0.0,8731.914104943278,190.69476480134412,0.85,-55.51388221905601,0.0,0.0
49,capped,node-017,0.0,0.0,0.0,0.0,0.0,0.0,0.0,0.0,8731.914104943278,190.69476480134412,0.85,-75.51187486325685,0.0,0.0
49,capped,node-018,0.0,0.0,0.0,0.0,0.0,0.0,0.0,0.0,8731.914104943278,190.69476480134412,0.85,0.0,0.0,0.0
49,capped,node-019,0.0,0.0,0.0,0.0,0.0,0.0,0.0,0.0,8731.914104943278,190.69476480134412,0.85,-21.556315730897865,0.0,0.0
49,capped,node-020,0.0,11.278160088191402,34.79304670225448,0.0,11278.160088191402,34793.046702254476,0.0,0.0,8731.914104943278,190.69476480134412,0.85,-73.7127729115777,0.0,0.0
49,capped,node-021,0.0,78.20862600779998,78.20862600779998,0.0,78208.62600779998,78208.62600779998,0.0,0.0,8731.914104943278,190.69476480134412,0.85,-47.56729804367956,0.0,0.0
49,capped,node-022,0.0,0.0,0.0,0.0,0.0,0.0,0.0,0.0,8731.914104943278,190.69476480134412,0.85,-79.29242978289236,0.0,0.0
49,capped,node-023,0.0,0.0,0.0,0.0,0.0,0.0,0.0,0.0,8731.914104943278,190.69476480134412,0.85,0.0,0.0,0.0
49,capped,node-024,0.0,0.0,16.685970262947173,0.0,0.0,16685.970262947172,0.0,0.0,8731.914104943278,190.69476480134412,0.85,-72.54376268230136,0.0,0.0
49,capped,node-025,0.0,3.4532995282565917,45.859799785751406,0.0,0.07530123429212024,1.0000000000000002,15.286599928583803,45.8597997857514,8731.914104943278,190.69476480134412,0.85,-37.968430182828094,-4.585979978575141,-15.286599928583803
49,capped,node-026,0.0,0.0,0.0,0.0,0.0,0.0,0.0,0.0,8731.914104943278,190.69476480134412,0.85,-63.90592461589615,0.0,0.0
49,capped,node-027,0.0,0.0,0.0,0.0,0.0,0.0,0.0,0.0,8731.914104943278,190.69476480134412,0.85,0.0,0.0,0.0
49,capped,node-028,0.0,0.0,0.0,0.0,0.0,0.0,0.0,0.0,8731.914104943278,190.69476480134412,0.85,0.0,0.0,0.0
49,capped,node-029,6.075111788407713,40.66022512045137,40.66022512045137,6075.111788407713,40660.225120451374,40660.225120451374,0.0,0.0,8731.914104943278,190.69476480134412,0.85,-73.80615744588141,7.9137603824054,0.0
49,proper_scoring,node-000,0.0,0.0,0.0,0.0,0.0,0.0,0.0,0.0,8731.914104943278,984.3454558360597,0.85,0.0,0.0,0.0
49,proper_scoring,node-001,0.0,0.0,0.0,0.0,0.0,0.0,0.0,0.0,8731.914104943278,984.3454558360597,0.85,0.0,0.0,0.0
49,proper_scoring,node-002,0.0,0.0,0.0,0.0,0.0,0.0,0.0,0.0,8731.914104943278,984.3454558360597,0.85,0.0,0.0,0.0
49,proper_scoring,node-003,0.0,0.0,243.1821410108869,0.0,0.0,243182.1410108869,0.0,0.0,8731.914104943278,984.3454558360597,0.85,-359.1150134267212,0.0,0.0
49,proper_scoring,node-004,0.0,0.0,0.0,0.0,0.0,0.0,0.0,0.0,8731.914104943278,984.3454558360597,0.85,0.0,0.0,0.0
49,proper_scoring,node-005,0.0,0.0,0.0,0.0,0.0,0.0,0.0,0.0,8731.914104943278,984.3454558360597,0.85,0.0,0.0,0.0
49,proper_scoring,node-006,0.0,0.0,0.0,0.0,0.0,0.0,0.0,0.0,8731.914104943278,984.3454558360597,0.85,0.0,0.0,0.0
49,proper_scoring,node-007,0.0,0.0,141.49848599310815,0.0,0.0,141498.48599310813,0.0,0.0,8731.914104943278,984.3454558360597,0.85,-225.19107687556448,0.0,0.0
49,proper_scoring,node-008,0.0,0.0,0.0,0.0,0.0,0.0,0.0,0.0,8731.914104943278,984.3454558360597,0.85,0.0,0.0,0.0
49,proper_scoring,node-009,0.0,0.0,0.0,0.0,0.0,0.0,0.0,0.0,8731.914104943278,984.3454558360597,0.85,0.0,0.0,0.0
49,proper_scoring,node-010,0.0,0.0,0.0,0.0,0.0,0.0,0.0,0.0,8731.914104943278,984.3454558360597,0.85,0.0,0.0,0.0
49,proper_scoring,node-011,0.0,0.0,0.0,0.0,0.0,0.0,0.0,0.0,8731.914104943278,984.3454558360597,0.85,0.0,0.0,0.0
49,proper_scoring,node-012,0.0,0.0,0.0,0.0,0.0,0.0,0.0,0.0,8731.914104943278,984.3454558360597,0.85,0.0,0.0,0.0
49,proper_scoring,node-013,72.41748250779642,1.4993629535839545,146.33432796917668,0.11256563802109674,0.0023306077710890257,0.22746188381328233,546.7789587182804,643.3356020620088,8731.914104943278,984.3454558360597,0.85,-656.4711243915709,-14.483496501559216,-546.7789587182804
49,proper_scoring,node-014,0.0,0.0,208.21666277565288,0.0,0.0,208216.66277565286,0.0,0.0,8731.914104943278,984.3454558360597,0.85,-105.45135395850969,0.0,0.0
49,proper_scoring,node-015,0.0,0.0,0.0,0.0,0.0,0.0,0.0,0.0,8731.914104943278,984.3454558360597,0.85,0.0,0.0,0.0
49,proper_scoring,node-016,0.0,0.0,44.48611778094399,0.0,0.0,44486.11778094399,0.0,0.0,8731.914104943278,984.3454558360597,0.85,-217.31771739508014,0.0,0.0
49,proper_scoring,node-017,0.0,0.0,195.90476330051322,0.0,0.0,195904.7633005132,0.0,0.0,8731.914104943278,984.3454558360597,0.85,-297.0375890216102,0.0,0.0
49,proper_scoring,node-018,0.0,0.0,0.0,0.0,0.0,0.0,0.0,0.0,8731.914104943278,984.3454558360597,0.85,0.0,0.0,0.0
49,proper_scoring,node-019,0.0,0.0,255.7677145926103,0.0,0.0,255767.7145926103,0.0,0.0,8731.914104943278,984.3454558360597,0.85,-86.22526292359143,0.0,0.0
49,proper_scoring,node-020,90.595933666675,161.2781600881914,660.6870374879173,90595.93366667499,161278.16008819142,660687.0374879173,0.0,0.0,8731.914104943278,984.3454558360597,0.85,-294.8510916463108,0.0,0.0
49,proper_scoring,node-021,47.012999321373854,339.6179302769175,444.84062722367787,47012.999321373856,339617.93027691747,444840.6272236779,0.0,0.0,8731.914104943278,984.3454558360597,0.85,-190.2691921747182,0.0,0.0
49,proper_scoring,node-022,0.0,0.0,374.60924283645653,0.0,0.0,374609.2428364565,0.0,0.0,8731.914104943278,984.3454558360597,0.85,-315.25077767644655,0.0,0.0
49,proper_scoring,node-023,0.0,0.0,0.0,0.0,0.0,0.0,0.0,0.0,8731.914104943278,984.3454558360597,0.85,0.0,0.0,0.0
49,proper_scoring,node-024,0.0,0.0,359.59350709776913,0.0,0.0,359593.5070977691,0.0,0.0,8731.914104943278,984.3454558360597,0.85,-290.1750507292055,0.0,0.0
49,proper_scoring,node-025,0.0,32.80310476003041,192.87354887547303,0.0,0.0961940084633606,0.5655952364451873,310.43665391688324,341.00985377405084,8731.914104943278,984.3454558360597,0.85,-401.1639749338604,-3.1943817978730067,-310.43665391688324
49,proper_scoring,node-026,0.0,0.0,236.09407538410386,0.0,0.0,236094.07538410387,0.0,0.0,8731.914104943278,984.3454558360597,0.85,-255.6236984635846,0.0,0.0
49,proper_scoring,node-027,0.0,0.0,0.0,0.0,0.0,0.0,0.0,0.0,8731.914104943278,984.3454558360597,0.85,0.0,0.0,0.0
49,proper_scoring,node-028,0.0,0.0,0.0,0.0,0.0,0.0,0.0,0.0,8731.914104943278,984.3454558360597,0.85,0.0,0.0,0.0
49,proper_scoring,node-029,410.60191985752317,515.4355969773187,852.9971956350012,410601.9198575232,515435.5969773187,852997.1956350012,0.0,0.0,8731.914104943278,984.3454558360597,0.85,-295.22462978352564,198.11654294917022,0.0
49,audits,node-000,0.0,0.0,0.0,0.0,0.0,0.0,0.0,0.0,8731.914104943278,975.8105325908123,0.85,0.0,0.0,0.0
49,audits,node-001,0.0,0.0,0.0,0.0,0.0,0.0,0.0,0.0,8731.914104943278,975.8105325908123,0.85,0.0,0.0,0.0
49,audits,node-002,0.0,0.0,0.0,0.0,0.0,0.0,0.0,0.0,8731.914104943278,975.8105325908123,0.85,0.0,0.0,0.0
49,audits,node-003,0.0,0.0,0.0,0.0,0.0,0.0,0.0,0.0,8731.914104943278,975.8105325908123,0.85,-1591.5354838810574,0.0,0.0
49,audits,node-004,0.0,0.0,0.0,0.0,0.0,0.0,0.0,0.0,8731.914104943278,975.8105325908123,0.85,0.0,0.0,0.0
49,audits,node-005,0.0,0.0,0.0,0.0,0.0,0.0,0.0,0.0,8731.914104943278,975.8105325908123,0.85,0.0,0.0,0.0
49,audits,node-006,0.0,0.0,0.0,0.0,0.0,0.0,0.0,0.0,8731.914104943278,975.8105325908123,0.85,0.0,0.0,0.0
49,audits,node-007,0.0,0.0,141.49848599310815,0.0,0.0,141498.48599310813,0.0,0.0,8731.914104943278,975.8105325908123,0.85,-758.5015140068917,0.0,0.0
49,audits,node-008,0.0,0.0,0.0,0.0,0.0,0.0,0.0,0.0,8731.914104943278,975.8105325908123,0.85,0.0,0.0,0.0
49,audits,node-009,0.0,0.0,0.0,0.0,0.0,0.0,0.0,0.0,8731.914104943278,975.8105325908123,0.85,0.0,0.0,0.0
49,audits,node-010,0.0,0.0,0.0,0.0,0.0,0.0,0.0,0.0,8731.914104943278,975.8105325908123,0.85,0.0,0.0,0.0
49,audits,node-011,0.0,0.0,0.0,0.0,0.0,0.0,0.0,0.0,8731.914104943278,975.8105325908123,0.85,0.0,0.0,0.0
49,audits,node-012,0.0,0.0,0.0,0.0,0.0,0.0,0.0,0.0,8731.914104943278,975.8105325908123,0.85,0.0,0.0,0.0
49,audits,node-013,72.41748250779642,1.4993629535839545,146.33432796917668,0.11256563802109674,0.0023306077710890257,0.22746188381328233,546.7789587182804,643.3356020620088,8731.914104943278,975.8105325908123,0.85,-2174.2020001366027,-14.483496501559216,-546.7789587182804
49,audits,node-014,0.0,0.0,175.3019430454499,0.0,0.0,175301.94304544988,0.0,0.0,8731.914104943278,975.8105325908123,0.85,-316.1552085000119,0.0,0.0
49,audits,node-015,0.0,0.0,0.0,0.0,0.0,0.0,0.0,0.0,8731.914104943278,975.8105325908123,0.85,0.0,0.0,0.0
49,audits,node-016,0.0,0.0,0.0,0.0,0.0,0.0,0.0,0.0,8731.914104943278,975.8105325908123,0.85,-755.513882219056,0.0,0.0
49,audits,node-017,0.0,0.0,174.48812513674315,0.0,0.0,174488.12513674315,0.0,0.0,8731.914104943278,975.8105325908123,0.85,-1425.511874863257,0.0,0.0
49,audits,node-018,0.0,0.0,0.0,0.0,0.0,0.0,0.0,0.0,8731.914104943278,975.8105325908123,0.85,0.0,0.0,0.0
49,audits,node-019,0.0,0.0,145.04832367626875,0.0,0.0,145048.32367626874,0.0,0.0,8731.914104943278,975.8105325908123,0.85,-420.23591763251443,0.0,0.0
49,audits,node-020,90.595933666675,161.2781600881914,584.7930467022545,90595.93366667499,161278.16008819142,584793.0467022544,0.0,0.0,8731.914104943278,975.8105325908123,0.85,-2073.7127729115778,0.0,0.0
49,audits,node-021,47.012999321373854,328.2086260078,423.7836490218398,47012.999321373856,328208.6260078,423783.6490218398,0.0,0.0,8731.914104943278,975.8105325908123,0.85,-1547.5672980436796,0.0,0.0
49,audits,node-022,0.0,0.0,374.60924283645653,0.0,0.0,374609.2428364565,0.0,0.0,8731.914104943278,975.8105325908123,0.85,-1579.2924297828924,0.0,0.0
49,audits,node-023,0.0,0.0,0.0,0.0,0.0,0.0,0.0,0.0,8731.914104943278,975.8105325908123,0.85,0.0,0.0,0.0
49,audits,node-024,0.0,0.0,327.4562373176986,0.0,0.0,327456.2373176986,0.0,0.0,8731.914104943278,975.8105325908123,0.85,-1572.5437626823016,0.0,0.0
49,audits,node-025,0.0,0.0,0.0,0.0,0.0,0.0,301.90173067163573,332.4749305288033,8731.914104943278,975.8105325908123,0.85,-1493.5566839096914,-4.585979978575153,-301.90173067163573
49,audits,node-026,0.0,0.0,236.09407538410386,0.0,0.0,236094.07538410387,0.0,0.0,8731.914104943278,975.8105325908123,0.85,-1363.9059246158963,0.0,0.0
49,audits,node-027,0.0,0.0,0.0,0.0,0.0,0.0,0.0,0.0,8731.914104943278,975.8105325908123,0.85,0.0,0.0,0.0
49,audits,node-028,0.0,0.0,0.0,0.0,0.0,0.0,0.0,0.0,8731.914104943278,975.8105325908123,0.85,0.0,0.0,0.0
49,audits,node-029,393.4589478113186,440.6602251204514,736.9030787229408,393458.94781131856,440660.2251204514,736903.0787229408,0.0,0.0,8731.914104943278,975.8105325908123,0.85,-2073.806157445881,198.11654294917022,0.0
59,greedy,node-000,0.0,0.0,0.0,0.0,0.0,0.0,0.0,0.0,6127.342373675278,245.04945623176334,0.85,0.0,0.0,0.0
59,greedy,node-001,0.0,0.0,0.0,0.0,0.0,0.0,0.0,0.0,6127.342373675278,245.04945623176334,0.85,0.0,0.0,0.0
59,greedy,node-002,0.0,0.0,0.0,0.0,0.0,0.0,0.0,0.0,6127.342373675278,245.04945623176334,0.85,0.0,0.0,0.0
59,greedy,node-003,0.0,0.0,0.0,0.0,0.0,0.0,0.0,0.0,6127.342373675278,245.04945623176334,0.85,0.0,0.0,0.0
59,greedy,node-004,0.0,0.0,0.0,0.0,0.0,0.0,0.0,0.0,6127.342373675278,245.04945623176334,0.85,0.0,0.0,0.0
59,greedy,node-005,0.0,0.0,0.0,0.0,0.0,0.0,0.0,0.0,6127.342373675278,245.04945623176334,0.85,0.0,0.0,0.0
59,greedy,node-006,0.0,0.0,0.0,0.0,0.0,0.0,0.0,0.0,6127.342373675278,245.04945623176334,0.85,0.0,0.0,0.0
59,greedy,node-007,0.0,0.0,0.0,0.0,0.0,0.0,0.0,0.0,6127.342373675278,245.04945623176334,0.85,0.0,0.0,0.0
59,greedy,node-008,0.0,0.0,0.0,0.0,0.0,0.0,0.0,0.0,6127.342373675278,245.04945623176334,0.85,0.0,0.0,0.0
59,greedy,node-009,0.0,0.0,0.0,0.0,0.0,0.0,0.0,0.0,6127.342373675278,245.04945623176334,0.85,0.0,0.0,0.0
59,greedy,node-010,0.0,0.0,0.0,0.0,0.0,0.0,0.0,0.0,6127.342373675278,245.04945623176334,0.85,0.0,0.0,0.0
59,greedy,node-011,12.713486195039991,0.0,12.713486195039991,0.15211417083866646,0.0,0.15211417083866646,27.859526225039694,83.57857867511909,6127.342373675278,245.04945623176334,0.85,-59.205080925087614,-8.35785786751191,-27.859526225039694
59,greedy,node-012,0.0,0.0,0.0,0.0,0.0,0.0,0.0,0.0,6127.342373675278,245.04945623176334,0.85,-35.605061250425344,0.0,0.0
59,greedy,node-013,0.0,0.0,0.0,0.0,0.0,0.0,0.0,0.0,6127.342373675278,245.04945623176334,0.85,0.0,0.0,0.0
59,greedy,node-014,0.0,0.0,0.0,0.0,0.0,0.0,0.0,0.0,6127.342373675278,245.04945623176334,0.85,0.0,0.0,0.0
59,greedy,node-015,0.0,0.0,0.0,0.0,0.0,0.0,0.0,0.0,6127.342373675278,245.04945623176334,0.85,0.0,0.0,0.0
59,greedy,node-016,0.0,0.0,0.0,0.0,0.0,0.0,0.0,0.0,6127.342373675278,245.04945623176334,0.85,0.0,0.0,0.0
59,greedy,node-017,0.0,0.0,0.0,0.0,0.0,0.0,0.0,0.0,6127.342373675278,245.04945623176334,0.85,0.0,0.0,0.0
59,greedy,node-018,0.0,0.0,0.0,0.0,0.0,0.0,0.0,0.0,6127.342373675278,245.04945623176334,0.85,0.0,0.0,0.0
59,greedy,node-019,0.0,0.0,0.0,0.0,0.0,0.0,0.0,0.0,6127.342373675278,245.04945623176334,0.85,0.0,0.0,0.0
59,greedy,node-020,0.0,0.0,0.0,0.0,0.0,0.0,0.0,0.0,6127.342373675278,245.04945623176334,0.85,-29.510333223233392,0.0,0.0
59,greedy,node-021,0.0,0.0,0.0,0.0,0.0,0.0,0.0,0.0,6127.342373675278,245.04945623176334,0.85,0.0,0.0,0.0
59,greedy,node-022,4.407281971794534,0.0,4.407281971794534,4407.281971794534,0.0,4407.281971794534,0.0,0.0,6127.342373675278,245.04945623176334,0.85,-45.2418557697756,0.0,0.0
59,greedy,node-023,43.59385182759218,0.0,43.59385182759218,0.2699796550761878,0.0,0.2699796550761878,53.82362585221477,161.4708775566443,6127.342373675278,245.04945623176334,0.85,-100.9380024719706,-12.802583188528963,-109.89714565311249
59,greedy,node-024,0.0,0.0,0.0,0.0,0.0,0.0,0.0,0.0,6127.342373675278,245.04945623176334,0.85,0.0,0.0,0.0
59,greedy,node-025,0.0,0.0,0.0,0.0,0.0,0.0,0.0,0.0,6127.342373675278,245.04945623176334,0.85,0.0,0.0,0.0
59,greedy,node-026,0.0,0.0,0.0,0.0,0.0,0.0,0.0,0.0,6127.342373675278,245.04945623176334,0.85,0.0,0.0,0.0
59,greedy,node-027,0.0,0.0,0.0,0.0,0.0,0.0,0.0,0.0,6127.342373675278,245.04945623176334,0.85,0.0,0.0,0.0
59,greedy,node-028,0.0,0.0,0.0,0.0,0.0,0.0,0.0,0.0,6127.342373675278,245.04945623176334,0.85,0.0,0.0,0.0
59,greedy,node-029,0.0,0.0,0.0,0.0,0.0,0.0,0.0,0.0,6127.342373675278,245.04945623176334,0.85,0.0,0.0,0.0
59,trust_vcg,node-000,0.0,0.0,67.22311374104638,0.0,0.0,67223.11374104637,0.0,0.0,8709.849908108512,1370.649927071512,1.0,-1115.0943238370778,0.0,0.0
59,trust_vcg,node-001,0.0,0.0,0.0,0.0,0.0,0.0,0.0,0.0,8709.849908108512,1370.649927071512,1.0,0.0,0.0,0.0
59,trust_vcg,node-002,0.0,0.0,46.396172622239796,0.0,0.0,46396.17262223979,0.0,0.0,8709.849908108512,1370.649927071512,1.0,-553.6038273777602,0.0,0.0
59,trust_vcg,node-003,0.0,0.0,0.0,0.0,0.0,0.0,0.0,0.0,8709.849908108512,1370.649927071512,1.0,0.0,0.0,0.0
59,trust_vcg,node-004,0.0,0.0,387.59848994856844,0.0,0.0,387598.48994856846,0.0,0.0,8709.849908108512,1370.649927071512,1.0,-5612.4015100514325,0.0,0.0
59,trust_vcg,node-005,0.0,223.43289651183224,418.6917583082754,0.0,223432.89651183222,418691.75830827537,0.0,0.0,8709.849908108512,1370.649927071512,1.0,-5581.308241691724,0.0,0.0
59,trust_vcg,node-006,0.0,0.0,82.60339721927505,0.0,0.0,82603.39721927505,0.0,0.0,8709.849908108512,1370.649927071512,1.0,-1717.3966027807248,0.0,0.0
59,trust_vcg,node-007,0.0,0.0,227.18417160136505,0.0,0.0,227184.17160136506,0.0,0.0,8709.849908108512,1370.649927071512,1.0,-11172.815828398632,0.0,0.0
59,trust_vcg,node-008,93.23415183050288,0.0,128.33436947046246,93234.15183050287,0.0,128334.36947046246,0.0,0.0,8709.849908108512,1370.649927071512,1.0,-2271.6656305295373,0.0,0.0
59,trust_vcg,node-009,0.0,0.0,0.0,0.0,0.0,0.0,0.0,0.0,8709.849908108512,1370.649927071512,1.0,0.0,0.0,0.0
59,trust_vcg,node-010,0.0,0.0,0.0,0.0,0.0,0.0,0.0,0.0,8709.849908108512,1370.649927071512,1.0,0.0,0.0,0.0
59,trust_vcg,node-011,276.59142979997137,0.0,368.5884256277861,276591.42979997135,0.0,368588.4256277861,0.0,0.0,8709.849908108512,1370.649927071512,1.0,-11073.308455927114,48.705839941197354,0.0
59,trust_vcg,node-012,0.0,0.0,49.978602116573576,0.0,0.0,49978.60211657357,0.0,0.0,8709.849908108512,1370.649927071512,1.0,-11105.116060934077,0.0,0.0
59,trust_vcg,node-013,0.0,0.0,0.0,0.0,0.0,0.0,0.0,0.0,8709.849908108512,1370.649927071512,1.0,0.0,0.0,0.0
59,trust_vcg,node-014,0.0,0.0,0.0,0.0,0.0,0.0,0.0,0.0,8709.849908108512,1370.649927071512,1.0,0.0,0.0,0.0
59,trust_vcg,node-015,0.0,0.0,107.00277834629998,0.0,0.0,107002.77834629998,0.0,0.0,8709.849908108512,1370.649927071512,1.0,-2292.9972216537,0.0,0.0
59,trust_vcg,node-016,0.0,0.0,0.0,0.0,0.0,0.0,0.0,0.0,8709.849908108512,1370.649927071512,1.0,0.0,0.0,0.0
59,trust_vcg,node-017,0.0,0.0,0.0,0.0,0.0,0.0,0.0,0.0,8709.849908108512,1370.649927071512,1.0,0.0,0.0,0.0
59,trust_vcg,node-018,0.0,0.0,176.03606646543153,0.0,0.0,176036.06646543153,0.0,0.0,8709.849908108512,1370.649927071512,1.0,-3943.210984927042,0.0,0.0
59,trust_vcg,node-019,0.0,0.0,0.0,0.0,0.0,0.0,0.0,0.0,8709.849908108512,1370.649927071512,1.0,0.0,0.0,0.0
59,trust_vcg,node-020,0.0,0.0,0.0,0.0,0.0,0.0,0.0,0.0,8709.849908108512,1370.649927071512,1.0,-11085.671163560497,0.0,0.0
59,trust_vcg,node-021,0.0,228.33356586969398,331.52384068187115,0.0,228333.565869694,331523.84068187117,0.0,0.0,8709.849908108512,1370.649927071512,1.0,-5588.335765188143,0.0,0.0
59,trust_vcg,node-022,0.0,2.5051388176475484,2.5051388176475484,0.0,0.001827701419719877,0.001827701419719877,1088.5465498120723,1370.649927071512,8709.849908108512,1370.649927071512,1.0,-12160.930537647388,-42.315506588915696,-1088.5465498120723
59,trust_vcg,node-023,0.0,0.0,0.0,0.0,0.0,0.0,0.0,0.0,8709.849908108512,1370.649927071512,1.0,-5444.617767047246,0.0,0.0
59,trust_vcg,node-024,0.0,0.0,0.0,0.0,0.0,0.0,0.0,0.0,8709.849908108512,1370.649927071512,1.0,0.0,0.0,0.0
59,trust_vcg,node-025,0.0,0.0,0.0,0.0,0.0,0.0,0.0,0.0,8709.849908108512,1370.649927071512,1.0,0.0,0.0,0.0
59,trust_vcg,node-026,21.182148226416558,0.0,74.69624894869796,21182.148226416557,0.0,74696.24894869796,0.0,0.0,8709.849908108512,1370.649927071512,1.0,-1725.3037510513022,0.0,0.0
59,trust_vcg,node-027,0.0,0.0,0.0,0.0,0.0,0.0,0.0,0.0,8709.849908108512,1370.649927071512,1.0,0.0,0.0,0.0
59,trust_vcg,node-028,0.0,0.0,0.0,0.0,0.0,0.0,0.0,0.0,8709.849908108512,1370.649927071512,1.0,0.0,0.0,0.0
59,trust_vcg,node-029,0.0,0.0,0.0,0.0,0.0,0.0,0.0,0.0,8709.849908108512,1370.649927071512,1.0,0.0,0.0,0.0
59,contingent,node-000,0.0,0.0,0.0,0.0,0.0,0.0,0.0,0.0,8709.849908108512,423.1550658891594,1.0,-129.54417996679683,0.0,0.0
59,contingent,node-001,0.0,0.0,0.0,0.0,0.0,0.0,0.0,0.0,8709.849908108512,423.1550658891594,1.0,0.0,0.0,0.0
59,contingent,node-002,0.0,0.0,0.0,0.0,0.0,0.0,0.0,0.0,8709.849908108512,423.1550658891594,1.0,-14.41530951104084,0.0,0.0
59,contingent,node-003,0.0,0.0,0.0,0.0,0.0,0.0,0.0,0.0,8709.849908108512,423.1550658891594,1.0,0.0,0.0,0.0
59,contingent,node-004,0.0,0.0,26.71403133608535,0.0,0.0,26714.031336085347,0.0,0.0,8709.849908108512,423.1550658891594,1.0,-449.606040205726,0.0,0.0
59,contingent,node-005,0.0,73.43289651183227,73.43289651183227,0.0,73432.89651183227,73432.89651183227,0.0,0.0,8709.849908108512,423.1550658891594,1.0,-325.23296676689836,0.0,0.0
59,contingent,node-006,0.0,0.0,0.0,0.0,0.0,0.0,0.0,0.0,8709.849908108512,423.1550658891594,1.0,-269.58641112289985,0.0,0.0
59,contingent,node-007,0.0,0.0,0.0,0.0,0.0,0.0,0.0,0.0,8709.849908108512,423.1550658891594,1.0,-691.2633135945396,0.0,0.0
59,contingent,node-008,0.0,0.0,10.616223238101355,0.0,0.0,10616.223238101355,0.0,0.0,8709.849908108512,423.1550658891594,1.0,-286.6625221181501,0.0,0.0
59,contingent,node-009,0.0,0.0,0.0,0.0,0.0,0.0,0.0,0.0,8709.849908108512,423.1550658891594,1.0,0.0,0.0,0.0
59,contingent,node-010,0.0,0.0,0.0,0.0,0.0,0.0,0.0,0.0,8709.849908108512,423.1550658891594,1.0,0.0,0.0,0.0
59,contingent,node-011,2.155803748278786,13.831334957342577,63.456287541827436,2155.8037482787863,13831.334957342577,63456.287541827434,0.0,0.0,8709.849908108512,423.1550658891594,1.0,-293.2338237084637,1.5035940595833495,0.0
59,contingent,node-012,0.0,0.0,0.902624362254568,0.0,0.0,902.6243622545679,0.0,0.0,8709.849908108512,423.1550658891594,1.0,-420.4642437363085,0.0,0.0
59,contingent,node-013,0.0,0.0,0.0,0.0,0.0,0.0,0.0,0.0,8709.849908108512,423.1550658891594,1.0,0.0,0.0,0.0
59,contingent,node-014,0.0,0.0,0.0,0.0,0.0,0.0,0.0,0.0,8709.849908108512,423.1550658891594,1.0,0.0,0.0,0.0
59,contingent,node-015,0.0,0.0,0.0,0.0,0.0,0.0,0.0,0.0,8709.849908108512,423.1550658891594,1.0,-371.9888866148001,0.0,0.0
59,contingent,node-016,0.0,0.0,0.0,0.0,0.0,0.0,0.0,0.0,8709.849908108512,423.1550658891594,1.0,0.0,0.0,0.0
59,contingent,node-017,0.0,0.0,0.0,0.0,0.0,0.0,0.0,0.0,8709.849908108512,423.1550658891594,1.0,0.0,0.0,0.0
59,contingent,node-018,0.0,0.0,26.03606646543154,0.0,0.0,26036.066465431537,0.0,0.0,8709.849908108512,423.1550658891594,1.0,-372.84393970816797,0.0,0.0
59,contingent,node-019,0.0,0.0,0.0,0.0,0.0,0.0,0.0,0.0,8709.849908108512,423.1550658891594,1.0,0.0,0.0,0.0
59,contingent,node-020,0.0,21.947357872459076,21.947357872459076,0.0,21947.357872459077,21947.357872459077,0.0,0.0,8709.849908108512,423.1550658891594,1.0,-459.43305385544926,0.0,0.0
59,contingent,node-021,0.0,78.33356586969401,78.33356586969401,0.0,78333.56586969401,78333.56586969401,0.0,0.0,8709.849908108512,423.1550658891594,1.0,-353.34306075257626,0.0,0.0
59,contingent,node-022,123.13588751451675,0.0,259.7507654656011,0.2909947143271842,0.0,0.6138429772069415,141.05168862971982,423.1550658891594,8709.849908108512,423.1550658891594,1.0,-430.58763997097594,-42.31550658891594,-141.05168862971982
59,contingent,node-023,0.0,18.327674629903214,36.767431399423856,0.0,18327.674629903213,36767.431399423855,0.0,0.0,8709.849908108512,423.1550658891594,1.0,-117.2029790391023,0.0,0.0
59,contingent,node-024,0.0,0.0,0.0,0.0,0.0,0.0,0.0,0.0,8709.849908108512,423.1550658891594,1.0,0.0,0.0,0.0
59,contingent,node-025,0.0,0.0,0.0,0.0,0.0,0.0,0.0,0.0,8709.849908108512,423.1550658891594,1.0,0.0,0.0,0.0
59,contingent,node-026,0.0,0.0,0.0,0.0,0.0,0.0,0.0,0.0,8709.849908108512,423.1550658891594,1.0,-301.2150042052082,0.0,0.0
59,contingent,node-027,0.0,0.0,0.0,0.0,0.0,0.0,0.0,0.0,8709.849908108512,423.1550658891594,1.0,0.0,0.0,0.0
59,contingent,node-028,0.0,0.0,0.0,0.0,0.0,0.0,0.0,0.0,8709.849908108512,423.1550658891594,1.0,0.0,0.0,0.0
59,contingent,node-029,0.0,0.0,0.0,0.0,0.0,0.0,0.0,0.0,8709.849908108512,423.1550658891594,1.0,0.0,0.0,0.0
59,capped,node-000,0.0,0.0,0.0,0.0,0.0,0.0,0.0,0.0,8709.849908108512,423.1550658891594,1.0,-32.38604499169921,0.0,0.0
59,capped,node-001,0.0,0.0,0.0,0.0,0.0,0.0,0.0,0.0,8709.849908108512,423.1550658891594,1.0,0.0,0.0,0.0
59,capped,node-002,0.0,0.0,0.0,0.0,0.0,0.0,0.0,0.0,8709.849908108512,423.1550658891594,1.0,-3.6038273777602097,0.0,0.0
59,capped,node-003,0.0,0.0,0.0,0.0,0.0,0.0,0.0,0.0,8709.849908108512,423.1550658891594,1.0,0.0,0.0,0.0
59,capped,node-004,0.0,0.0,26.71403133608535,0.0,0.0,26714.031336085347,0.0,0.0,8709.849908108512,423.1550658891594,1.0,-112.4015100514315,0.0,0.0
59,capped,node-005,0.0,73.43289651183227,73.43289651183227,0.0,73432.89651183227,73432.89651183227,0.0,0.0,8709.849908108512,423.1550658891594,1.0,-81.30824169172458,0.0,0.0
59,capped,node-006,0.0,0.0,0.0,0.0,0.0,0.0,0.0,0.0,8709.849908108512,423.1550658891594,1.0,-67.39660278072495,0.0,0.0
59,capped,node-007,0.0,0.0,0.0,0.0,0.0,0.0,0.0,0.0,8709.849908108512,423.1550658891594,1.0,-172.81582839863495,0.0,0.0
59,capped,node-008,0.0,0.0,10.616223238101355,0.0,0.0,10616.223238101355,0.0,0.0,8709.849908108512,423.1550658891594,1.0,-71.66563052953752,0.0,0.0
59,capped,node-009,0.0,0.0,0.0,0.0,0.0,0.0,0.0,0.0,8709.849908108512,423.1550658891594,1.0,0.0,0.0,0.0
59,capped,node-010,0.0,0.0,0.0,0.0,0.0,0.0,0.0,0.0,8709.849908108512,423.1550658891594,1.0,0.0,0.0,0.0
59,capped,node-011,2.155803748278786,130.02768765438935,146.61691185423186,2155.8037482787863,130027.68765438934,146616.91185423185,0.0,0.0,8709.849908108512,423.1550658891594,1.0,-73.30845592711593,1.5035940595833495,0.0
59,capped,node-012,2.758264643513005,0.0,52.55803046703856,2758.264643513005,0.0,52558.03046703856,0.0,0.0,8709.849908108512,423.1550658891594,1.0,-105.11606093407713,0.0,0.0
59,capped,node-013,0.0,0.0,0.0,0.0,0.0,0.0,0.0,0.0,8709.849908108512,423.1550658891594,1.0,0.0,0.0,0.0
59,capped,node-014,0.0,0.0,0.0,0.0,0.0,0.0,0.0,0.0,8709.849908108512,423.1550658891594,1.0,0.0,0.0,0.0
59,capped,node-015,0.0,0.0,0.0,0.0,0.0,0.0,0.0,0.0,8709.849908108512,423.1550658891594,1.0,-92.99722165370002,0.0,0.0
59,capped,node-016,0.0,0.0,0.0,0.0,0.0,0.0,0.0,0.0,8709.849908108512,423.1550658891594,1.0,0.0,0.0,0.0
59,capped,node-017,0.0,0.0,0.0,0.0,0.0,0.0,0.0,0.0,8709.849908108512,423.1550658891594,1.0,0.0,0.0,0.0
59,capped,node-018,0.0,0.0,26.03606646543154,0.0,0.0,26036.066465431537,0.0,0.0,8709.849908108512,423.1550658891594,1.0,-93.21098492704198,0.0,0.0
59,capped,node-019,0.0,0.0,0.0,0.0,0.0,0.0,0.0,0.0,8709.849908108512,423.1550658891594,1.0,0.0,0.0,0.0
59,capped,node-020,3.182445836012292,31.45709107214085,31.45709107214085,3182.4458360122917,31457.09107214085,31457.09107214085,0.0,0.0,8709.849908108512,423.1550658891594,1.0,-114.85826346386231,0.0,0.0
59,capped,node-021,0.0,78.33356586969401,78.33356586969401,0.0,78333.56586969401,78333.56586969401,0.0,0.0,8709.849908108512,423.1550658891594,1.0,-88.33576518814408,0.0,0.0
59,capped,node-022,123.13588751451675,0.0,259.7507654656011,0.2909947143271842,0.0,0.6138429772069415,141.05168862971982,423.1550658891594,8709.849908108512,423.1550658891594,1.0,-213.43567646503385,-42.31550658891594,-141.05168862971982
59,capped,node-023,0.0,58.60148951955115,70.7932829594068,0.0,58601.48951955115,70793.28295940679,0.0,0.0,8709.849908108512,423.1550658891594,1.0,-29.300744759775576,0.0,0.0
59,capped,node-024,0.0,0.0,0.0,0.0,0.0,0.0,0.0,0.0,8709.849908108512,423.1550658891594,1.0,0.0,0.0,0.0
59,capped,node-025,0.0,0.0,0.0,0.0,0.0,0.0,0.0,0.0,8709.849908108512,423.1550658891594,1.0,0.0,0.0,0.0
59,capped,node-026,0.0,0.0,0.0,0.0,0.0,0.0,0.0,0.0,8709.849908108512,423.1550658891594,1.0,-75.30375105130204,0.0,0.0
59,capped,node-027,0.0,0.0,0.0,0.0,0.0,0.0,0.0,0.0,8709.849908108512,423.1550658891594,1.0,0.0,0.0,0.0
59,capped,node-028,0.0,0.0,0.0,0.0,0.0,0.0,0.0,0.0,8709.849908108512,423.1550658891594,1.0,0.0,0.0,0.0
59,capped,node-029,0.0,0.0,0.0,0.0,0.0,0.0,0.0,0.0,8709.849908108512,423.1550658891594,1.0,0.0,0.0,0.0
59,proper_scoring,node-000,0.0,0.0,67.22311374104638,0.0,0.0,67223.11374104637,0.0,0.0,8709.849908108512,1370.649927071512,1.0,-115.09432383707778,0.0,0.0
59,proper_scoring,node-001,0.0,0.0,0.0,0.0,0.0,0.0,0.0,0.0,8709.849908108512,1370.649927071512,1.0,0.0,0.0,0.0
59,proper_scoring,node-002,0.0,0.0,46.396172622239796,0.0,0.0,46396.17262223979,0.0,0.0,8709.849908108512,1370.649927071512,1.0,-14.41530951104084,0.0,0.0
59,proper_scoring,node-003,0.0,0.0,0.0,0.0,0.0,0.0,0.0,0.0,8709.849908108512,1370.649927071512,1.0,0.0,0.0,0.0
59,proper_scoring,node-004,0.0,0.0,387.59848994856844,0.0,0.0,387598.48994856846,0.0,0.0,8709.849908108512,1370.649927071512,1.0,-433.6704475771663,0.0,0.0
59,proper_scoring,node-005,0.0,223.43289651183224,418.6917583082754,0.0,223432.89651183222,418691.75830827537,0.0,0.0,8709.849908108512,1370.649927071512,1.0,-325.23296676689836,0.0,0.0
59,proper_scoring,node-006,0.0,0.0,82.60339721927505,0.0,0.0,82603.39721927505,0.0,0.0,8709.849908108512,1370.649927071512,1.0,-217.39660278072495,0.0,0.0
59,proper_scoring,node-007,167.4535093053039,0.0,767.6317349697844,167453.5093053039,0.0,767631.7349697844,0.0,0.0,8709.849908108512,1370.649927071512,1.0,-603.3181236401952,0.0,0.0
59,proper_scoring,node-008,93.23415183050288,0.0,128.33436947046246,93234.15183050287,0.0,128334.36947046246,0.0,0.0,8709.849908108512,1370.649927071512,1.0,-266.68682313830726,0.0,0.0
59,proper_scoring,node-009,0.0,0.0,0.0,0.0,0.0,0.0,0.0,0.0,8709.849908108512,1370.649927071512,1.0,0.0,0.0,0.0
59,proper_scoring,node-010,0.0,0.0,0.0,0.0,0.0,0.0,0.0,0.0,8709.849908108512,1370.649927071512,1.0,0.0,0.0,0.0
59,proper_scoring,node-011,276.59142979997137,604.421408481092,913.3775123254578,276591.42979997135,604421.4084810921,913377.5123254578,0.0,0.0,8709.849908108512,1370.649927071512,1.0,-293.2338237084637,48.705839941197354,0.0
59,proper_scoring,node-012,362.09042290944575,0.0,745.2378245402804,362090.42290944577,0.0,745237.8245402804,0.0,0.0,8709.849908108512,1370.649927071512,1.0,-409.02710836030064,0.0,0.0
59,proper_scoring,node-013,0.0,0.0,0.0,0.0,0.0,0.0,0.0,0.0,8709.849908108512,1370.649927071512,1.0,0.0,0.0,0.0
59,proper_scoring,node-014,0.0,0.0,0.0,0.0,0.0,0.0,0.0,0.0,8709.849908108512,1370.649927071512,1.0,0.0,0.0,0.0
59,proper_scoring,node-015,0.0,0.0,107.00277834629998,0.0,0.0,107002.77834629998,0.0,0.0,8709.849908108512,1370.649927071512,1.0,-290.09596094079154,0.0,0.0
59,proper_scoring,node-016,0.0,0.0,0.0,0.0,0.0,0.0,0.0,0.0,8709.849908108512,1370.649927071512,1.0,0.0,0.0,0.0
59,proper_scoring,node-017,0.0,0.0,0.0,0.0,0.0,0.0,0.0,0.0,8709.849908108512,1370.649927071512,1.0,0.0,0.0,0.0
59,proper_scoring,node-018,0.0,0.0,176.03606646543153,0.0,0.0,176036.06646543153,0.0,0.0,8709.849908108512,1370.649927071512,1.0,-361.0781053903338,0.0,0.0
59,proper_scoring,node-019,0.0,0.0,0.0,0.0,0.0,0.0,0.0,0.0,8709.849908108512,1370.649927071512,1.0,0.0,0.0,0.0
59,proper_scoring,node-020,345.57398573190727,421.90444986701755,760.1624535350747,345573.98573190725,421904.44986701757,760162.4535350747,0.0,0.0,8709.849908108512,1370.649927071512,1.0,-430.81054377605807,0.0,0.0
59,proper_scoring,node-021,0.0,228.33356586969398,331.52384068187115,0.0,228333.565869694,331523.84068187117,0.0,0.0,8709.849908108512,1370.649927071512,1.0,-353.34306075257626,0.0,0.0
59,proper_scoring,node-022,0.0,2.5051388176475484,2.5051388176475484,0.0,0.001827701419719877,0.001827701419719877,1088.5465498120723,1370.649927071512,8709.849908108512,1370.649927071512,1.0,-1378.0825011533284,-42.315506588915696,-1088.5465498120723
59,proper_scoring,node-023,0.0,416.8292877418057,416.8292877418057,0.0,416829.28774180566,416829.28774180566,0.0,0.0,8709.849908108512,1370.649927071512,1.0,-117.2029790391023,0.0,0.0
59,proper_scoring,node-024,0.0,0.0,0.0,0.0,0.0,0.0,0.0,0.0,8709.849908108512,1370.649927071512,1.0,0.0,0.0,0.0
59,proper_scoring,node-025,0.0,0.0,0.0,0.0,0.0,0.0,0.0,0.0,8709.849908108512,1370.649927071512,1.0,0.0,0.0,0.0
59,proper_scoring,node-026,21.182148226416558,0.0,74.69624894869796,21182.148226416557,0.0,74696.24894869796,0.0,0.0,8709.849908108512,1370.649927071512,1.0,-225.30375105130204,0.0,0.0
59,proper_scoring,node-027,0.0,0.0,0.0,0.0,0.0,0.0,0.0,0.0,8709.849908108512,1370.649927071512,1.0,0.0,0.0,0.0
59,proper_scoring,node-028,0.0,0.0,0.0,0.0,0.0,0.0,0.0,0.0,8709.849908108512,1370.649927071512,1.0,0.0,0.0,0.0
59,proper_scoring,node-029,0.0,0.0,0.0,0.0,0.0,0.0,0.0,0.0,8709.849908108512,1370.649927071512,1.0,0.0,0.0,0.0
59,audits,node-000,0.0,0.0,67.22311374104638,0.0,0.0,67223.11374104637,0.0,0.0,8709.849908108512,1370.649927071512,1.0,-615.0943238370778,0.0,0.0
59,audits,node-001,0.0,0.0,0.0,0.0,0.0,0.0,0.0,0.0,8709.849908108512,1370.649927071512,1.0,0.0,0.0,0.0
59,audits,node-002,0.0,0.0,46.396172622239796,0.0,0.0,46396.17262223979,0.0,0.0,8709.849908108512,1370.649927071512,1.0,-53.603827377760204,0.0,0.0
59,audits,node-003,0.0,0.0,0.0,0.0,0.0,0.0,0.0,0.0,8709.849908108512,1370.649927071512,1.0,0.0,0.0,0.0
59,audits,node-004,0.0,0.0,387.59848994856844,0.0,0.0,387598.48994856846,0.0,0.0,8709.849908108512,1370.649927071512,1.0,-2612.4015100514316,0.0,0.0
59,audits,node-005,0.0,223.43289651183224,418.6917583082754,0.0,223432.89651183222,418691.75830827537,0.0,0.0,8709.849908108512,1370.649927071512,1.0,-2581.3082416917246,0.0,0.0
59,audits,node-006,0.0,0.0,82.60339721927505,0.0,0.0,82603.39721927505,0.0,0.0,8709.849908108512,1370.649927071512,1.0,-1217.396602780725,0.0,0.0
59,audits,node-007,152.4976769457238,0.0,727.1841716013649,152497.6769457238,0.0,727184.171601365,0.0,0.0,8709.849908108512,1370.649927071512,1.0,-3172.815828398634,0.0,0.0
59,audits,node-008,93.23415183050288,0.0,128.33436947046246,93234.15183050287,0.0,128334.36947046246,0.0,0.0,8709.849908108512,1370.649927071512,1.0,-1771.6656305295373,0.0,0.0
59,audits,node-009,0.0,0.0,0.0,0.0,0.0,0.0,0.0,0.0,8709.849908108512,1370.649927071512,1.0,0.0,0.0,0.0
59,audits,node-010,0.0,0.0,0.0,0.0,0.0,0.0,0.0,0.0,8709.849908108512,1370.649927071512,1.0,0.0,0.0,0.0
59,audits,node-011,276.59142979997137,580.0276876543894,846.6169118542318,276591.42979997135,580027.6876543894,846616.9118542318,0.0,0.0,8709.849908108512,1370.649927071512,1.0,-3073.3084559271165,48.705839941197354,0.0
59,audits,node-012,310.02281821736636,0.0,310.02281821736636,310022.81821736635,0.0,310022.81821736635,0.0,0.0,8709.849908108512,1370.649927071512,1.0,-3105.116060934077,0.0,0.0
59,audits,node-013,0.0,0.0,0.0,0.0,0.0,0.0,0.0,0.0,8709.849908108512,1370.649927071512,1.0,0.0,0.0,0.0
59,audits,node-014,0.0,0.0,0.0,0.0,0.0,0.0,0.0,0.0,8709.849908108512,1370.649927071512,1.0,0.0,0.0,0.0
59,audits,node-015,0.0,0.0,107.00277834629998,0.0,0.0,107002.77834629998,0.0,0.0,8709.849908108512,1370.649927071512,1.0,-1792.9972216537,0.0,0.0
59,audits,node-016,0.0,0.0,0.0,0.0,0.0,0.0,0.0,0.0,8709.849908108512,1370.649927071512,1.0,0.0,0.0,0.0
59,audits,node-017,0.0,0.0,0.0,0.0,0.0,0.0,0.0,0.0,8709.849908108512,1370.649927071512,1.0,0.0,0.0,0.0
59,audits,node-018,0.0,0.0,176.03606646543153,0.0,0.0,176036.06646543153,0.0,0.0,8709.849908108512,1370.649927071512,1.0,-2443.210984927042,0.0,0.0
59,audits,node-019,0.0,0.0,0.0,0.0,0.0,0.0,0.0,0.0,8709.849908108512,1370.649927071512,1.0,0.0,0.0,0.0
59,audits,node-020,337.49526362774674,382.8735380618675,687.9639035142305,337495.2636277467,382873.5380618675,687963.9035142305,0.0,0.0,8709.849908108512,1370.649927071512,1.0,-3085.671163560498,0.0,0.0
59,audits,node-021,0.0,228.33356586969398,331.52384068187115,0.0,228333.565869694,331523.84068187117,0.0,0.0,8709.849908108512,1370.649927071512,1.0,-2588.3357651881443,0.0,0.0
59,audits,node-022,0.0,2.5051388176475484,2.5051388176475484,0.0,0.001827701419719877,0.001827701419719877,1088.5465498120723,1370.649927071512,8709.849908108512,1370.649927071512,1.0,-4160.930537647386,-42.315506588915696,-1088.5465498120723
59,audits,node-023,0.0,374.0396981739593,374.0396981739593,0.0,374039.69817395933,374039.69817395933,0.0,0.0,8709.849908108512,1370.649927071512,1.0,-2444.6177670472475,0.0,0.0
59,audits,node-024,0.0,0.0,0.0,0.0,0.0,0.0,0.0,0.0,8709.849908108512,1370.649927071512,1.0,0.0,0.0,0.0
59,audits,node-025,0.0,0.0,0.0,0.0,0.0,0.0,0.0,0.0,8709.849908108512,1370.649927071512,1.0,0.0,0.0,0.0
59,audits,node-026,21.182148226416558,0.0,74.69624894869796,21182.148226416557,0.0,74696.24894869796,0.0,0.0,8709.849908108512,1370.649927071512,1.0,-1225.3037510513022,0.0,0.0
59,audits,node-027,0.0,0.0,0.0,0.0,0.0,0.0,0.0,0.0,8709.849908108512,1370.649927071512,1.0,0.0,0.0,0.0
59,audits,node-028,0.0,0.0,0.0,0.0,0.0,0.0,0.0,0.0,8709.849908108512,1370.649927071512,1.0,0.0,0.0,0.0
59,audits,node-029,0.0,0.0,0.0,0.0,0.0,0.0,0.0,0.0,8709.849908108512,1370.649927071512,1.0,0.0,0.0,0.0
58,greedy,node-000,0.0,0.0,0.0,0.0,0.0,0.0,0.0,0.0,6728.8517558411995,326.5762425303242,0.7,0.0,0.0,-76.8267292857368
58,greedy,node-001,5.572043788263629,0.0,5.572043788263629,5572.043788263629,0.0,5572.043788263629,0.0,0.0,6728.8517558411995,326.5762425303242,0.7,-76.8267292857368,0.0,0.0
58,greedy,node-002,0.0,0.0,0.0,0.0,0.0,0.0,80.80008846375556,242.40026539126666,6728.8517558411995,326.5762425303242,0.7,-145.25372280556388,-24.240026539126653,-80.80008846375556
58,greedy,node-003,0.0,0.0,0.0,0.0,0.0,0.0,0.0,0.0,6728.8517558411995,326.5762425303242,0.7,0.0,0.0,0.0
58,greedy,node-004,0.0,0.0,0.0,0.0,0.0,0.0,0.0,0.0,6728.8517558411995,326.5762425303242,0.7,0.0,0.0,0.0
58,greedy,node-005,0.0,0.0,0.0,0.0,0.0,0.0,0.0,0.0,6728.8517558411995,326.5762425303242,0.7,0.0,0.0,0.0
58,greedy,node-006,0.0,0.0,0.0,0.0,0.0,0.0,0.0,0.0,6728.8517558411995,326.5762425303242,0.7,0.0,0.0,0.0
58,greedy,node-007,21.04399428476438,0.0,21.04399428476438,0.24999999999999992,0.0,0.24999999999999992,28.058659046352524,84.17597713905755,6728.8517558411995,326.5762425303242,0.7,-68.71005738900757,-4.10708514041993,-28.058659046352524
58,greedy,node-008,0.0,0.0,0.0,0.0,0.0,0.0,0.0,0.0,6728.8517558411995,326.5762425303242,0.7,0.0,0.0,0.0
58,greedy,node-009,0.0,0.0,0.0,0.0,0.0,0.0,0.0,0.0,6728.8517558411995,326.5762425303242,0.7,0.0,0.0,0.0
58,greedy,node-010,0.0,0.0,0.0,0.0,0.0,0.0,0.0,0.0,6728.8517558411995,326.5762425303242,0.7,0.0,0.0,0.0
58,greedy,node-011,0.0,0.0,0.0,0.0,0.0,0.0,0.0,0.0,6728.8517558411995,326.5762425303242,0.7,0.0,0.0,0.0
58,greedy,node-012,9.06761381678821,0.0,9.06761381678821,9067.613816788209,0.0,9067.613816788209,0.0,0.0,6728.8517558411995,326.5762425303242,0.7,-32.840760078679494,0.0,0.0
58,greedy,node-013,0.0,0.0,0.0,0.0,0.0,0.0,0.0,0.0,6728.8517558411995,326.5762425303242,0.7,0.0,0.0,0.0
58,greedy,node-014,0.0,0.0,0.0,0.0,0.0,0.0,0.0,0.0,6728.8517558411995,326.5762425303242,0.7,0.0,0.0,0.0
58,greedy,node-015,0.0,0.0,0.0,0.0,0.0,0.0,0.0,0.0,6728.8517558411995,326.5762425303242,0.7,0.0,0.0,0.0
58,greedy,node-016,0.0,0.0,0.0,0.0,0.0,0.0,0.0,0.0,6728.8517558411995,326.5762425303242,0.7,0.0,0.0,0.0
58,greedy,node-017,12.509631152630543,0.0,12.509631152630543,12509.631152630544,0.0,12509.631152630544,0.0,0.0,6728.8517558411995,326.5762425303242,0.7,-53.22207371923138,10.149609356104694,0.0
58,greedy,node-018,0.0,0.0,0.0,0.0,0.0,0.0,0.0,0.0,6728.8517558411995,326.5762425303242,0.7,0.0,0.0,0.0
58,greedy,node-019,0.0,0.0,0.0,0.0,0.0,0.0,0.0,0.0,6728.8517558411995,326.5762425303242,0.7,0.0,0.0,0.0
58,greedy,node-020,0.0,0.0,0.0,0.0,0.0,0.0,0.0,0.0,6728.8517558411995,326.5762425303242,0.7,0.0,0.0,0.0
58,greedy,node-021,0.0,0.0,0.0,0.0,0.0,0.0,0.0,0.0,6728.8517558411995,326.5762425303242,0.7,0.0,0.0,0.0
58,greedy,node-022,0.0,0.0,0.0,0.0,0.0,0.0,0.0,0.0,6728.8517558411995,326.5762425303242,0.7,0.0,0.0,0.0
58,greedy,node-023,0.0,0.0,0.0,0.0,0.0,0.0,0.0,0.0,6728.8517558411995,326.5762425303242,0.7,-74.37975366960409,0.0,0.0
58,greedy,node-024,0.0,0.0,0.0,0.0,0.0,0.0,0.0,0.0,6728.8517558411995,326.5762425303242,0.7,0.0,0.0,0.0
58,greedy,node-025,0.0,0.0,0.0,0.0,0.0,0.0,0.0,0.0,6728.8517558411995,326.5762425303242,0.7,0.0,0.0,0.0
58,greedy,node-026,0.0,0.0,0.0,0.0,0.0,0.0,0.0,0.0,6728.8517558411995,326.5762425303242,0.7,0.0,0.0,0.0
58,greedy,node-027,0.0,0.0,0.0,0.0,0.0,0.0,0.0,0.0,6728.8517558411995,326.5762425303242,0.7,0.0,0.0,0.0
58,greedy,node-028,0.0,0.0,0.0,0.0,0.0,0.0,0.0,0.0,6728.8517558411995,326.5762425303242,0.7,-33.94124472807703,0.0,0.0
58,greedy,node-029,0.0,0.0,0.0,0.0,0.0,0.0,0.0,0.0,6728.8517558411995,326.5762425303242,0.7,-71.69498856563261,0.0,0.0
58,trust_vcg,node-000,0.0,0.0,0.0,0.0,0.0,0.0,0.0,0.0,8252.83354031837,-833.1845320396538,0.7894736842105263,-5640.660526750449,0.0,101.31456894585853
58,trust_vcg,node-001,101.31456894585853,0.0,101.31456894585853,101314.56894585853,0.0,101314.56894585853,0.0,0.0,8252.83354031837,-833.1845320396538,0.7894736842105263,-11087.623768881644,0.0,0.0
58,trust_vcg,node-002,0.0,0.0,6.9839635842040195,0.0,0.0,6983.96358420402,0.0,0.0,8252.83354031837,-833.1845320396538,0.7894736842105263,-5507.747490914683,0.0,0.0
58,trust_vcg,node-003,0.0,0.0,0.0,0.0,0.0,0.0,0.0,0.0,8252.83354031837,-833.1845320396538,0.7894736842105263,0.0,0.0,0.0
58,trust_vcg,node-004,0.0,0.0,0.0,0.0,0.0,0.0,0.0,0.0,8252.83354031837,-833.1845320396538,0.7894736842105263,0.0,0.0,0.0
58,trust_vcg,node-005,0.0,0.0,172.65736179030722,0.0,0.0,172657.36179030722,0.0,0.0,8252.83354031837,-833.1845320396538,0.7894736842105263,-3427.3426382096927,0.0,0.0
58,trust_vcg,node-006,0.0,0.0,0.0,0.0,0.0,0.0,0.0,0.0,8252.83354031837,-833.1845320396538,0.7894736842105263,-3939.585277803397,0.0,0.0
58,trust_vcg,node-007,1328.191855928212,1328.191855928212,1328.191855928212,1328191.855928212,1328191.855928212,1328191.855928212,-1328.191855928212,-1289.472977885555,8252.83354031837,-833.1845320396538,0.7894736842105263,-9632.101979791705,-419.2627782716643,1328.191855928212
58,trust_vcg,node-008,0.0,0.0,91.28230378446725,0.0,0.0,91282.30378446725,0.0,0.0,8252.83354031837,-833.1845320396538,0.7894736842105263,-2308.717696215533,0.0,0.0
58,trust_vcg,node-009,244.2118918058171,0.0,432.424849934482,244211.89180581708,0.0,432424.84993448196,0.0,0.0,8252.83354031837,-833.1845320396538,0.7894736842105263,-6767.575150065519,0.0,0.0
58,trust_vcg,node-010,0.0,0.0,282.2108749872964,0.0,0.0,282210.8749872964,0.0,0.0,8252.83354031837,-833.1845320396538,0.7894736842105263,-5117.789125012704,0.0,0.0
58,trust_vcg,node-011,158.84689990132577,0.0,158.85615579548218,158846.89990132576,0.0,158856.1557954822,0.0,0.0,8252.83354031837,-833.1845320396538,0.7894736842105263,-3441.143844204518,0.0,0.0
58,trust_vcg,node-012,533.7950451401856,246.63298381346462,681.4750905567457,533795.0451401856,246632.9838134646,681475.0905567458,-246.63298381346462,-146.2972024066522,8252.83354031837,-833.1845320396538,0.7894736842105263,-10894.171464517565,318.4450411698757,246.63298381346462
58,trust_vcg,node-013,0.0,0.0,0.0,0.0,0.0,0.0,0.0,0.0,8252.83354031837,-833.1845320396538,0.7894736842105263,0.0,0.0,0.0
58,trust_vcg,node-014,0.0,0.0,0.0,0.0,0.0,0.0,0.0,0.0,8252.83354031837,-833.1845320396538,0.7894736842105263,-4433.568867343734,0.0,0.0
58,trust_vcg,node-015,0.0,0.0,0.0,0.0,0.0,0.0,0.0,0.0,8252.83354031837,-833.1845320396538,0.7894736842105263,-5661.171856640922,0.0,0.0
58,trust_vcg,node-016,0.0,90.27333853612721,177.1990636415483,0.0,90273.33853612721,177199.0636415483,0.0,0.0,8252.83354031837,-833.1845320396538,0.7894736842105263,-3959.0588884626,0.0,0.0
58,trust_vcg,node-017,0.0,0.0,0.0,0.0,0.0,0.0,0.0,0.0,8252.83354031837,-833.1845320396538,0.7894736842105263,-5534.407275655899,0.0,0.0
58,trust_vcg,node-018,0.0,0.0,0.0,0.0,0.0,0.0,0.0,0.0,8252.83354031837,-833.1845320396538,0.7894736842105263,0.0,0.0,0.0
58,trust_vcg,node-019,0.0,0.0,62.699872028319035,0.0,0.0,62699.872028319034,0.0,0.0,8252.83354031837,-833.1845320396538,0.7894736842105263,-2283.858948855936,0.0,0.0
58,trust_vcg,node-020,0.0,0.0,0.0,0.0,0.0,0.0,0.0,0.0,8252.83354031837,-833.1845320396538,0.7894736842105263,0.0,0.0,0.0
58,trust_vcg,node-021,0.0,0.0,234.98751718878367,0.0,0.0,234987.51718878368,0.0,0.0,8252.83354031837,-833.1845320396538,0.7894736842105263,-3965.0124828112157,0.0,0.0
58,trust_vcg,node-022,0.0,0.0,0.0,0.0,0.0,0.0,0.0,0.0,8252.83354031837,-833.1845320396538,0.7894736842105263,-5596.774707476149,0.0,0.0
58,trust_vcg,node-023,0.0,0.0,0.0,0.0,0.0,0.0,0.0,0.0,8252.83354031837,-833.1845320396538,0.7894736842105263,-7790.494888313074,0.0,0.0
58,trust_vcg,node-024,0.0,0.0,0.0,0.0,0.0,0.0,0.0,0.0,8252.83354031837,-833.1845320396538,0.7894736842105263,-7797.939412737254,0.0,0.0
58,trust_vcg,node-025,0.0,0.0,0.0,0.0,0.0,0.0,0.0,0.0,8252.83354031837,-833.1845320396538,0.7894736842105263,0.0,0.0,0.0
58,trust_vcg,node-026,0.0,0.0,0.0,0.0,0.0,0.0,0.0,0.0,8252.83354031837,-833.1845320396538,0.7894736842105263,0.0,0.0,0.0
58,trust_vcg,node-027,0.0,0.0,179.8719971419569,0.0,0.0,179871.9971419569,0.0,0.0,8252.83354031837,-833.1845320396538,0.7894736842105263,-2220.128002858043,0.0,0.0
58,trust_vcg,node-028,0.0,3.9771557083681515,3.9771557083681515,0.0,3977.1557083681514,3977.1557083681514,0.0,0.0,8252.83354031837,-833.1845320396538,0.7894736842105263,-10012.308077910246,0.0,0.0
58,trust_vcg,node-029,81.2923803403163,183.4988831650764,183.4988831650764,0.13490593507505072,0.30451917282996604,0.30451917282996604,399.9045971589748,602.5856482525533,8252.83354031837,-833.1845320396538,0.7894736842105263,-6525.99860891838,27.100122329136525,-399.9045971589748
58,contingent,node-000,0.0,0.0,0.0,0.0,0.0,0.0,0.0,0.0,8252.83354031837,461.69369215993373,0.7894736842105263,-562.6421070017974,0.0,-64.04242025286824
58,contingent,node-001,0.0,20.633893339165844,95.43546512170239,0.0,20633.893339165843,95435.4651217024,0.0,0.0,8252.83354031837,461.69369215993373,0.7894736842105263,-350.495075526567,0.0,0.0
58,contingent,node-002,0.0,30.0051945708793,185.76682894396285,0.0,30005.1945708793,185766.82894396284,0.0,0.0,8252.83354031837,461.69369215993373,0.7894736842105263,-161.60017692751111,0.0,0.0
58,contingent,node-003,0.0,0.0,0.0,0.0,0.0,0.0,0.0,0.0,8252.83354031837,461.69369215993373,0.7894736842105263,0.0,0.0,0.0
58,contingent,node-004,0.0,0.0,0.0,0.0,0.0,0.0,0.0,0.0,8252.83354031837,461.69369215993373,0.7894736842105263,0.0,0.0,0.0
58,contingent,node-005,0.0,0.0,0.0,0.0,0.0,0.0,0.0,0.0,8252.83354031837,461.69369215993373,0.7894736842105263,-509.3705528387712,0.0,0.0
58,contingent,node-006,0.0,0.0,0.0,0.0,0.0,0.0,0.0,0.0,8252.83354031837,461.69369215993373,0.7894736842105263,-358.341111213585,0.0,0.0
58,contingent,node-007,5.92582811060661,19.81810890343089,71.56526694659495,0.18070378091959718,0.6043386920245475,2.1823303137367174,-5.92582811060661,32.793049932050195,8252.83354031837,461.69369215993373,0.7894736842105263,-391.5053658979489,-3.6496102773682706,5.92582811060661
58,contingent,node-008,0.0,0.0,0.0,0.0,0.0,0.0,0.0,0.0,8252.83354031837,461.69369215993373,0.7894736842105263,-434.8707848621309,0.0,0.0
58,contingent,node-009,0.0,0.0,0.0,0.0,0.0,0.0,0.0,0.0,8252.83354031837,461.69369215993373,0.7894736842105263,-670.3006002620721,0.0,0.0
58,contingent,node-010,0.0,0.0,0.0,0.0,0.0,0.0,0.0,0.0,8252.83354031837,461.69369215993373,0.7894736842105263,-671.1565000508145,0.0,0.0
58,contingent,node-011,0.0,0.0,0.0,0.0,0.0,0.0,0.0,0.0,8252.83354031837,461.69369215993373,0.7894736842105263,-564.5753768180712,0.0,0.0
58,contingent,node-012,0.0,33.24775063155853,54.95263788848261,0.0,0.2662395852750707,0.44004683755398216,24.543284180703342,124.87906558751571,8252.83354031837,461.69369215993373,0.7894736842105263,-587.7610775048126,21.177796728568968,-24.543284180703342
58,contingent,node-013,0.0,0.0,0.0,0.0,0.0,0.0,0.0,0.0,8252.83354031837,461.69369215993373,0.7894736842105263,0.0,0.0,0.0
58,contingent,node-014,0.0,0.0,0.0,0.0,0.0,0.0,0.0,0.0,8252.83354031837,461.69369215993373,0.7894736842105263,-134.27546937493767,0.0,0.0
58,contingent,node-015,0.0,0.0,0.0,0.0,0.0,0.0,0.0,0.0,8252.83354031837,461.69369215993373,0.7894736842105263,-644.6874265636875,0.0,0.0
58,contingent,node-016,0.0,40.27333853612721,40.27333853612721,0.0,40273.33853612721,40273.33853612721,0.0,0.0,8252.83354031837,461.69369215993373,0.7894736842105263,-436.23555385040015,0.0,0.0
58,contingent,node-017,0.0,0.0,6.700071172131754,0.0,0.0,6700.071172131754,0.0,0.0,8252.83354031837,461.69369215993373,0.7894736842105263,-212.88829487692556,0.0,0.0
58,contingent,node-018,0.0,0.0,0.0,0.0,0.0,0.0,0.0,0.0,8252.83354031837,461.69369215993373,0.7894736842105263,0.0,0.0,0.0
58,contingent,node-019,0.0,0.0,12.701339766347772,0.0,0.0,12701.339766347772,0.0,0.0,8252.83354031837,461.69369215993373,0.7894736842105263,-347.67185378221484,0.0,0.0
58,contingent,node-020,0.0,0.0,0.0,0.0,0.0,0.0,0.0,0.0,8252.83354031837,461.69369215993373,0.7894736842105263,0.0,0.0,0.0
58,contingent,node-021,0.0,0.0,28.986473809812196,0.0,0.0,28986.473809812196,0.0,0.0,8252.83354031837,461.69369215993373,0.7894736842105263,-460.0499312448654,0.0,0.0
58,contingent,node-022,0.0,0.0,0.0,0.0,0.0,0.0,0.0,0.0,8252.83354031837,461.69369215993373,0.7894736842105263,-387.0988299045954,0.0,0.0
58,contingent,node-023,0.0,0.0,117.20113210885549,0.0,0.0,117201.13210885548,0.0,0.0,8252.83354031837,461.69369215993373,0.7894736842105263,-361.97955325229395,0.0,0.0
58,contingent,node-024,0.0,0.0,0.0,0.0,0.0,0.0,0.0,0.0,8252.83354031837,461.69369215993373,0.7894736842105263,-391.75765094901436,0.0,0.0
58,contingent,node-025,0.0,0.0,0.0,0.0,0.0,0.0,0.0,0.0,8252.83354031837,461.69369215993373,0.7894736842105263,0.0,0.0,0.0
58,contingent,node-026,0.0,0.0,0.0,0.0,0.0,0.0,0.0,0.0,8252.83354031837,461.69369215993373,0.7894736842105263,0.0,0.0,0.0
58,contingent,node-027,0.0,0.0,0.0,0.0,0.0,0.0,0.0,0.0,8252.83354031837,461.69369215993373,0.7894736842105263,-80.5120114321724,0.0,0.0
58,contingent,node-028,0.0,103.43732631637718,149.99056764563508,0.0,103437.32631637718,149990.56764563508,0.0,0.0,8252.83354031837,461.69369215993373,0.7894736842105263,-449.23231164098644,0.0,0.0
58,contingent,node-029,54.447317240562285,32.062954777262064,147.92002291297322,0.17909030616260807,0.10546276067500915,0.4865444898601729,101.34052554678928,304.0215766403678,8252.83354031837,461.69369215993373,0.7894736842105263,-405.716572584408,-22.660556272894326,-101.34052554678928
58,capped,node-000,0.0,0.0,22.4138446011573,0.0,0.0,22413.8446011573,0.0,0.0,8252.83354031837,512.6035658145715,0.7894736842105263,-140.66052675044935,0.0,-49.69512969721356
58,capped,node-001,0.0,120.2050629955899,244.7922196063385,0.0,120205.06299558989,244792.2196063385,0.0,0.0,8252.83354031837,512.6035658145715,0.7894736842105263,-87.62376888164174,0.0,0.0
58,capped,node-002,0.0,80.80008846375556,253.88130220742664,0.0,80800.08846375556,253881.30220742663,0.0,0.0,8252.83354031837,512.6035658145715,0.7894736842105263,-40.40004423187777,0.0,0.0
58,capped,node-003,0.0,0.0,0.0,0.0,0.0,0.0,0.0,0.0,8252.83354031837,512.6035658145715,0.7894736842105263,0.0,0.0,0.0
58,capped,node-004,0.0,0.0,0.0,0.0,0.0,0.0,0.0,0.0,8252.83354031837,512.6035658145715,0.7894736842105263,0.0,0.0,0.0
58,capped,node-005,0.0,0.0,0.0,0.0,0.0,0.0,0.0,0.0,8252.83354031837,512.6035658145715,0.7894736842105263,-127.3426382096928,0.0,0.0
58,capped,node-006,0.0,0.0,0.0,0.0,0.0,0.0,0.0,0.0,8252.83354031837,512.6035658145715,0.7894736842105263,-89.58527780339625,0.0,0.0
58,capped,node-007,0.0,61.94335766398171,77.88658372957866,0.0,1.0665487706150019,1.3410613059564136,19.359439021328406,58.07831706398521,8252.83354031837,512.6035658145715,0.7894736842105263,-118.71723752346728,0.28162231111836533,-19.359439021328406
58,capped,node-008,0.0,0.0,0.0,0.0,0.0,0.0,0.0,0.0,8252.83354031837,512.6035658145715,0.7894736842105263,-108.71769621553274,0.0,0.0
58,capped,node-009,0.0,0.0,0.0,0.0,0.0,0.0,0.0,0.0,8252.83354031837,512.6035658145715,0.7894736842105263,-167.57515006551802,0.0,0.0
58,capped,node-010,0.0,0.0,0.0,0.0,0.0,0.0,0.0,0.0,8252.83354031837,512.6035658145715,0.7894736842105263,-167.7891250127036,0.0,0.0
58,capped,node-011,0.0,0.0,0.0,0.0,0.0,0.0,0.0,0.0,8252.83354031837,512.6035658145715,0.7894736842105263,-141.1438442045178,0.0,0.0
58,capped,node-012,0.0,33.24775063155855,54.952637888482606,0.0,0.22090989651873863,0.3651248977383028,50.16789070340618,150.50367211021856,8252.83354031837,512.6035658145715,0.7894736842105263,-190.97233903443347,18.615336076298682,-50.16789070340618
58,capped,node-013,0.0,0.0,0.0,0.0,0.0,0.0,0.0,0.0,8252.83354031837,512.6035658145715,0.7894736842105263,0.0,0.0,0.0
58,capped,node-014,0.0,0.0,0.0,0.0,0.0,0.0,0.0,0.0,8252.83354031837,512.6035658145715,0.7894736842105263,-33.56886734373442,0.0,0.0
58,capped,node-015,0.0,0.0,0.0,0.0,0.0,0.0,0.0,0.0,8252.83354031837,512.6035658145715,0.7894736842105263,-161.1718566409219,0.0,0.0
58,capped,node-016,0.0,40.27333853612721,40.27333853612721,0.0,40273.33853612721,40273.33853612721,0.0,0.0,8252.83354031837,512.6035658145715,0.7894736842105263,-109.05888846260001,0.0,0.0
58,capped,node-017,0.0,97.45551556349074,174.22354466527,0.0,97455.51556349073,174223.54466527,0.0,0.0,8252.83354031837,512.6035658145715,0.7894736842105263,-53.22207371923138,0.0,0.0
58,capped,node-018,0.0,0.0,0.0,0.0,0.0,0.0,0.0,0.0,8252.83354031837,512.6035658145715,0.7894736842105263,0.0,0.0,0.0
58,capped,node-019,0.0,0.0,12.701339766347772,0.0,0.0,12701.339766347772,0.0,0.0,8252.83354031837,512.6035658145715,0.7894736842105263,-86.91796344555371,0.0,0.0
58,capped,node-020,0.0,0.0,0.0,0.0,0.0,0.0,0.0,0.0,8252.83354031837,512.6035658145715,0.7894736842105263,0.0,0.0,0.0
58,capped,node-021,0.0,0.0,28.986473809812196,0.0,0.0,28986.473809812196,0.0,0.0,8252.83354031837,512.6035658145715,0.7894736842105263,-115.01248281121634,0.0,0.0
58,capped,node-022,0.0,138.59288013935748,138.59288013935748,0.0,138592.88013935747,138592.88013935747,0.0,0.0,8252.83354031837,512.6035658145715,0.7894736842105263,-96.77470747614886,0.0,0.0
58,capped,node-023,0.0,139.1873424114052,188.83838573286133,0.0,139187.3424114052,188838.38573286132,0.0,0.0,8252.83354031837,512.6035658145715,0.7894736842105263,-90.49488831307349,0.0,0.0
58,capped,node-024,0.0,0.0,0.0,0.0,0.0,0.0,0.0,0.0,8252.83354031837,512.6035658145715,0.7894736842105263,-97.93941273725356,0.0,0.0
58,capped,node-025,0.0,0.0,0.0,0.0,0.0,0.0,0.0,0.0,8252.83354031837,512.6035658145715,0.7894736842105263,0.0,0.0,0.0
58,capped,node-026,0.0,0.0,0.0,0.0,0.0,0.0,0.0,0.0,8252.83354031837,512.6035658145715,0.7894736842105263,0.0,0.0,0.0
58,capped,node-027,0.0,0.0,0.0,0.0,0.0,0.0,0.0,0.0,8252.83354031837,512.6035658145715,0.7894736842105263,-20.1280028580431,0.0,0.0
58,capped,node-028,0.0,153.97715570836814,213.16535438562386,0.0,153977.15570836814,213165.35438562385,0.0,0.0,8252.83354031837,512.6035658145715,0.7894736842105263,-112.30807791024661,0.0,0.0
58,capped,node-029,54.447317240562285,32.062954777262064,147.92002291297322,0.17909030616260807,0.10546276067500915,0.4865444898601729,101.34052554678928,304.0215766403678,8252.83354031837,512.6035658145715,0.7894736842105263,-177.434537306194,-22.660556272894326,-101.34052554678928
58,proper_scoring,node-000,0.0,0.0,124.41400551508357,0.0,0.0,124414.00551508357,0.0,0.0,8252.83354031837,1188.6221635214404,0.7894736842105263,-494.9879072159923,0.0,612.992132372435
58,proper_scoring,node-001,612.992132372435,441.51048188428047,762.5906462901462,612992.132372435,441510.48188428045,762590.6462901462,0.0,0.0,8252.83354031837,1188.6221635214404,0.7894736842105263,-350.495075526567,0.0,0.0
58,proper_scoring,node-002,0.0,429.7884026309564,529.942198659469,0.0,429788.4026309564,529942.198659469,0.0,0.0,8252.83354031837,1188.6221635214404,0.7894736842105263,-161.60017692751111,0.0,0.0
58,proper_scoring,node-003,0.0,0.0,0.0,0.0,0.0,0.0,0.0,0.0,8252.83354031837,1188.6221635214404,0.7894736842105263,0.0,0.0,0.0
58,proper_scoring,node-004,0.0,0.0,0.0,0.0,0.0,0.0,0.0,0.0,8252.83354031837,1188.6221635214404,0.7894736842105263,0.0,0.0,0.0
58,proper_scoring,node-005,0.0,0.0,172.65736179030722,0.0,0.0,172657.36179030722,0.0,0.0,8252.83354031837,1188.6221635214404,0.7894736842105263,-423.23057060924305,0.0,0.0
58,proper_scoring,node-006,0.0,0.0,181.41444650372588,0.0,0.0,181414.4465037259,0.0,0.0,8252.83354031837,1188.6221635214404,0.7894736842105263,-343.2471283177198,0.0,0.0
58,proper_scoring,node-007,76.84137720407881,389.9339204925907,514.1714930826391,0.36366118874736425,1.8454098328124273,2.433379296389217,172.58048406073385,211.29936210339065,8252.83354031837,1188.6221635214404,0.7894736842105263,-545.4043879625319,84.59835715486713,-172.58048406073385
58,proper_scoring,node-008,0.0,0.0,91.28230378446725,0.0,0.0,91282.30378446725,0.0,0.0,8252.83354031837,1188.6221635214404,0.7894736842105263,-308.7176962155327,0.0,0.0
58,proper_scoring,node-009,244.2118918058171,0.0,432.424849934482,244211.89180581708,0.0,432424.84993448196,0.0,0.0,8252.83354031837,1188.6221635214404,0.7894736842105263,-557.8537512456821,0.0,0.0
58,proper_scoring,node-010,0.0,0.0,282.2108749872964,0.0,0.0,282210.8749872964,0.0,0.0,8252.83354031837,1188.6221635214404,0.7894736842105263,-549.0779639071167,0.0,0.0
58,proper_scoring,node-011,158.84689990132577,0.0,158.85615579548218,158846.89990132576,0.0,158856.1557954822,0.0,0.0,8252.83354031837,1188.6221635214404,0.7894736842105263,-434.3156683137284,0.0,0.0
58,proper_scoring,node-012,540.2011967708612,133.38966305357758,599.9753955215231,1.441546940856142,0.35595526604928923,1.6010566084877997,274.40137175868426,374.7371531654966,8252.83354031837,1188.6221635214404,0.7894736842105263,-770.8566791219146,321.00750182214597,-274.40137175868426
58,proper_scoring,node-013,0.0,0.0,0.0,0.0,0.0,0.0,0.0,0.0,8252.83354031837,1188.6221635214404,0.7894736842105263,0.0,0.0,0.0
58,proper_scoring,node-014,0.0,0.0,240.81869967181254,0.0,0.0,240818.69967181253,0.0,0.0,8252.83354031837,1188.6221635214404,0.7894736842105263,-134.27546937493767,0.0,0.0
58,proper_scoring,node-015,0.0,0.0,162.30732372686398,0.0,0.0,162307.32372686398,0.0,0.0,8252.83354031837,1188.6221635214404,0.7894736842105263,-539.7042080848679,0.0,0.0
58,proper_scoring,node-016,0.0,90.27333853612721,177.1990636415483,0.0,90273.33853612721,177199.0636415483,0.0,0.0,8252.83354031837,1188.6221635214404,0.7894736842105263,-422.6250599458026,0.0,0.0
58,proper_scoring,node-017,0.0,208.1745801966876,208.1745801966876,0.0,208174.5801966876,208174.5801966876,0.0,0.0,8252.83354031837,1188.6221635214404,0.7894736842105263,-212.88829487692556,0.0,0.0
58,proper_scoring,node-018,0.0,0.0,0.0,0.0,0.0,0.0,0.0,0.0,8252.83354031837,1188.6221635214404,0.7894736842105263,0.0,0.0,0.0
58,proper_scoring,node-019,0.0,0.0,62.699872028319035,0.0,0.0,62699.872028319034,0.0,0.0,8252.83354031837,1188.6221635214404,0.7894736842105263,-283.85894885593586,0.0,0.0
58,proper_scoring,node-020,0.0,0.0,0.0,0.0,0.0,0.0,0.0,0.0,8252.83354031837,1188.6221635214404,0.7894736842105263,0.0,0.0,0.0
58,proper_scoring,node-021,0.0,0.0,234.98751718878367,0.0,0.0,234987.51718878368,0.0,0.0,8252.83354031837,1188.6221635214404,0.7894736842105263,-436.1310883859921,0.0,0.0
58,proper_scoring,node-022,0.0,140.04356370814358,140.04356370814358,0.0,140043.56370814357,140043.56370814357,0.0,0.0,8252.83354031837,1188.6221635214404,0.7894736842105263,-385.75899445304077,0.0,0.0
58,proper_scoring,node-023,0.0,245.34826214780895,388.8383857328613,0.0,245348.26214780894,388838.3857328613,0.0,0.0,8252.83354031837,1188.6221635214404,0.7894736842105263,-361.97955325229395,0.0,0.0
58,proper_scoring,node-024,0.0,0.0,457.67258643619834,0.0,0.0,457672.5864361983,0.0,0.0,8252.83354031837,1188.6221635214404,0.7894736842105263,-391.75765094901436,0.0,0.0
58,proper_scoring,node-025,0.0,0.0,0.0,0.0,0.0,0.0,0.0,0.0,8252.83354031837,1188.6221635214404,0.7894736842105263,0.0,0.0,0.0
58,proper_scoring,node-026,0.0,0.0,0.0,0.0,0.0,0.0,0.0,0.0,8252.83354031837,1188.6221635214404,0.7894736842105263,0.0,0.0,0.0
58,proper_scoring,node-027,0.0,0.0,179.8719971419569,0.0,0.0,179871.9971419569,0.0,0.0,8252.83354031837,1188.6221635214404,0.7894736842105263,-80.5120114321724,0.0,0.0
58,proper_scoring,node-028,0.0,503.97715570836823,528.160438243702,0.0,503977.1557083682,528160.4382437019,0.0,0.0,8252.83354031837,1188.6221635214404,0.7894736842105263,-449.23231164098644,0.0,0.0
58,proper_scoring,node-029,81.2923803403163,183.4988831650764,183.4988831650764,0.13490593507505072,0.30451917282996604,0.30451917282996604,399.9045971589748,602.5856482525533,8252.83354031837,1188.6221635214404,0.7894736842105263,-704.2806441965936,27.100122329136525,-399.9045971589748
58,audits,node-000,0.0,0.0,122.41384460115731,0.0,0.0,122413.84460115731,0.0,0.0,8252.83354031837,1166.8154679603458,0.7894736842105263,-1140.6605267504492,0.0,601.3145689458585
58,audits,node-001,601.3145689458585,420.20506299558986,712.3762311183584,601314.5689458585,420205.06299558986,712376.2311183584,0.0,0.0,8252.83354031837,1166.8154679603458,0.7894736842105263,-1587.6237688816416,0.0,0.0
58,audits,node-002,0.0,387.1138071872716,508.31393988290506,0.0,387113.8071872716,508313.93988290505,0.0,0.0,8252.83354031837,1166.8154679603458,0.7894736842105263,-1007.7474909146827,0.0,0.0
58,audits,node-003,0.0,0.0,0.0,0.0,0.0,0.0,0.0,0.0,8252.83354031837,1166.8154679603458,0.7894736842105263,0.0,0.0,0.0
58,audits,node-004,0.0,0.0,0.0,0.0,0.0,0.0,0.0,0.0,8252.83354031837,1166.8154679603458,0.7894736842105263,0.0,0.0,0.0
58,audits,node-005,0.0,0.0,172.65736179030722,0.0,0.0,172657.36179030722,0.0,0.0,8252.83354031837,1166.8154679603458,0.7894736842105263,-427.3426382096928,0.0,0.0
58,audits,node-006,0.0,0.0,160.41472219660375,0.0,0.0,160414.72219660375,0.0,0.0,8252.83354031837,1166.8154679603458,0.7894736842105263,-939.5852778033963,0.0,0.0
58,audits,node-007,68.110825157477,242.88276706957788,350.26771068650487,0.32352533405641,1.1536892729026682,1.663766043753259,171.8081440717881,210.5270221144449,8252.83354031837,1166.8154679603458,0.7894736842105263,-1632.101979791705,80.73722172833558,-171.8081440717881
58,audits,node-008,0.0,0.0,91.28230378446725,0.0,0.0,91282.30378446725,0.0,0.0,8252.83354031837,1166.8154679603458,0.7894736842105263,-308.7176962155327,0.0,0.0
58,audits,node-009,244.2118918058171,0.0,432.424849934482,244211.89180581708,0.0,432424.84993448196,0.0,0.0,8252.83354031837,1166.8154679603458,0.7894736842105263,-1267.575150065518,0.0,0.0
58,audits,node-010,0.0,0.0,282.2108749872964,0.0,0.0,282210.8749872964,0.0,0.0,8252.83354031837,1166.8154679603458,0.7894736842105263,-1117.7891250127036,0.0,0.0
58,audits,node-011,158.84689990132577,0.0,158.85615579548218,158846.89990132576,0.0,158856.1557954822,0.0,0.0,8252.83354031837,1166.8154679603458,0.7894736842105263,-441.1438442045178,0.0,0.0
58,audits,node-012,533.7950451401857,130.04862514842932,590.2282059856991,1.5091626325045076,0.3676776831659281,1.6687122917933057,253.3670161865354,353.7027975933478,8252.83354031837,1166.8154679603458,0.7894736842105263,-1894.1714645175628,318.44504116987565,-253.3670161865354
58,audits,node-013,0.0,0.0,0.0,0.0,0.0,0.0,0.0,0.0,8252.83354031837,1166.8154679603458,0.7894736842105263,0.0,0.0,0.0
58,audits,node-014,0.0,0.0,173.93924808323547,0.0,0.0,173939.24808323546,0.0,0.0,8252.83354031837,1166.8154679603458,0.7894736842105263,-433.56886734373444,0.0,0.0
58,audits,node-015,0.0,0.0,138.8281433590781,0.0,0.0,138828.1433590781,0.0,0.0,8252.83354031837,1166.8154679603458,0.7894736842105263,-1161.1718566409218,0.0,0.0
58,audits,node-016,0.0,90.27333853612721,177.1990636415483,0.0,90273.33853612721,177199.0636415483,0.0,0.0,8252.83354031837,1166.8154679603458,0.7894736842105263,-959.0588884626001,0.0,0.0
58,audits,node-017,0.0,154.93676397665718,194.00958129740644,0.0,154936.76397665718,194009.58129740643,0.0,0.0,8252.83354031837,1166.8154679603458,0.7894736842105263,-1034.4072756558994,0.0,0.0
58,audits,node-018,0.0,0.0,0.0,0.0,0.0,0.0,0.0,0.0,8252.83354031837,1166.8154679603458,0.7894736842105263,0.0,0.0,0.0
58,audits,node-019,0.0,0.0,62.699872028319035,0.0,0.0,62699.872028319034,0.0,0.0,8252.83354031837,1166.8154679603458,0.7894736842105263,-283.85894885593586,0.0,0.0
58,audits,node-020,0.0,0.0,0.0,0.0,0.0,0.0,0.0,0.0,8252.83354031837,1166.8154679603458,0.7894736842105263,0.0,0.0,0.0
58,audits,node-021,0.0,0.0,234.98751718878367,0.0,0.0,234987.51718878368,0.0,0.0,8252.83354031837,1166.8154679603458,0.7894736842105263,-965.0124828112163,0.0,0.0
58,audits,node-022,0.0,138.59288013935745,138.59288013935745,0.0,138592.88013935744,138592.88013935744,0.0,0.0,8252.83354031837,1166.8154679603458,0.7894736842105263,-1096.774707476149,0.0,0.0
58,audits,node-023,0.0,0.0,388.8383857328613,0.0,0.0,388838.3857328613,0.0,0.0,8252.83354031837,1166.8154679603458,0.7894736842105263,-1290.4948883130735,0.0,0.0
58,audits,node-024,0.0,0.0,0.0,0.0,0.0,0.0,0.0,0.0,8252.83354031837,1166.8154679603458,0.7894736842105263,-1297.9394127372536,0.0,0.0
58,audits,node-025,0.0,0.0,0.0,0.0,0.0,0.0,0.0,0.0,8252.83354031837,1166.8154679603458,0.7894736842105263,0.0,0.0,0.0
58,audits,node-026,0.0,0.0,0.0,0.0,0.0,0.0,0.0,0.0,8252.83354031837,1166.8154679603458,0.7894736842105263,0.0,0.0,0.0
58,audits,node-027,0.0,0.0,179.8719971419569,0.0,0.0,179871.9971419569,0.0,0.0,8252.83354031837,1166.8154679603458,0.7894736842105263,-220.1280028580431,0.0,0.0
58,audits,node-028,0.0,503.97715570836823,503.97715570836823,0.0,503977.1557083682,503977.1557083682,0.0,0.0,8252.83354031837,1166.8154679603458,0.7894736842105263,-1512.3080779102468,0.0,0.0
58,audits,node-029,81.2923803403163,183.4988831650764,183.4988831650764,0.13490593507505072,0.30451917282996604,0.30451917282996604,399.9045971589748,602.5856482525533,8252.83354031837,1166.8154679603458,0.7894736842105263,-1525.9986089183797,27.100122329136525,-399.9045971589748
60,greedy,node-000,0.0,0.0,0.0,0.0,0.0,0.0,0.0,0.0,7503.597857551965,195.91165551344034,0.9,0.0,0.0,-47.5995239968004
60,greedy,node-001,8.688890591194472,0.0,8.688890591194472,8688.890591194471,0.0,8688.890591194471,0.0,0.0,7503.597857551965,195.91165551344034,0.9,-47.5995239968004,5.3465987164170325,0.0
60,greedy,node-002,3.6498083710404066,0.0,3.6498083710404066,0.1917046682089805,0.0,0.1917046682089805,6.346234558151514,19.038703674454545,7503.597857551965,195.91165551344034,0.9,-51.43352905504209,14.324972934969786,-6.346234558151514
60,greedy,node-003,0.0,0.0,0.0,0.0,0.0,0.0,0.0,0.0,7503.597857551965,195.91165551344034,0.9,0.0,0.0,0.0
60,greedy,node-004,0.0,0.0,0.0,0.0,0.0,0.0,0.0,0.0,7503.597857551965,195.91165551344034,0.9,0.0,0.0,0.0
60,greedy,node-005,0.0,0.0,0.0,0.0,0.0,0.0,0.0,0.0,7503.597857551965,195.91165551344034,0.9,0.0,0.0,0.0
60,greedy,node-006,0.0,0.0,0.0,0.0,0.0,0.0,0.0,0.0,7503.597857551965,195.91165551344034,0.9,0.0,0.0,0.0
60,greedy,node-007,0.0,0.0,0.0,0.0,0.0,0.0,0.0,0.0,7503.597857551965,195.91165551344034,0.9,0.0,0.0,0.0
60,greedy,node-008,0.0,0.0,0.0,0.0,0.0,0.0,0.0,0.0,7503.597857551965,195.91165551344034,0.9,0.0,0.0,0.0
60,greedy,node-009,0.0,0.0,0.0,0.0,0.0,0.0,0.0,0.0,7503.597857551965,195.91165551344034,0.9,0.0,0.0,0.0
60,greedy,node-010,0.0,0.0,0.0,0.0,0.0,0.0,0.0,0.0,7503.597857551965,195.91165551344034,0.9,-12.872378077271566,0.0,0.0
60,greedy,node-011,0.0,0.0,0.0,0.0,0.0,0.0,0.0,0.0,7503.597857551965,195.91165551344034,0.9,0.0,0.0,0.0
60,greedy,node-012,0.0,0.0,0.0,0.0,0.0,0.0,0.0,0.0,7503.597857551965,195.91165551344034,0.9,0.0,0.0,0.0
60,greedy,node-013,0.0,0.0,0.0,0.0,0.0,0.0,0.0,0.0,7503.597857551965,195.91165551344034,0.9,0.0,0.0,0.0
60,greedy,node-014,0.0,0.0,0.0,0.0,0.0,0.0,0.0,0.0,7503.597857551965,195.91165551344034,0.9,0.0,0.0,0.0
60,greedy,node-015,0.0,0.0,0.0,0.0,0.0,0.0,0.0,0.0,7503.597857551965,195.91165551344034,0.9,0.0,0.0,0.0
60,greedy,node-016,0.0,0.0,0.0,0.0,0.0,0.0,0.0,0.0,7503.597857551965,195.91165551344034,0.9,0.0,0.0,0.0
60,greedy,node-017,0.0,0.0,0.0,0.0,0.0,0.0,0.0,0.0,7503.597857551965,195.91165551344034,0.9,0.0,0.0,0.0
60,greedy,node-018,0.0,0.0,0.0,0.0,0.0,0.0,0.0,0.0,7503.597857551965,195.91165551344034,0.9,0.0,0.0,0.0
60,greedy,node-019,0.0,0.0,0.0,0.0,0.0,0.0,0.0,0.0,7503.597857551965,195.91165551344034,0.9,0.0,0.0,0.0
60,greedy,node-020,0.0,0.0,0.0,0.0,0.0,0.0,0.0,0.0,7503.597857551965,195.91165551344034,0.9,0.0,0.0,0.0
60,greedy,node-021,0.0,0.0,0.0,0.0,0.0,0.0,0.0,0.0,7503.597857551965,195.91165551344034,0.9,0.0,0.0,0.0
60,greedy,node-022,0.0,0.0,0.0,0.0,0.0,0.0,0.0,0.0,7503.597857551965,195.91165551344034,0.9,-25.37771445122706,0.0,0.0
60,greedy,node-023,0.0,0.0,0.0,0.0,0.0,0.0,0.0,0.0,7503.597857551965,195.91165551344034,0.9,0.0,0.0,0.0
60,greedy,node-024,0.0,0.0,0.0,0.0,0.0,0.0,0.0,0.0,7503.597857551965,195.91165551344034,0.9,0.0,0.0,0.0
60,greedy,node-025,0.0,0.0,0.0,0.0,0.0,0.0,0.0,0.0,7503.597857551965,195.91165551344034,0.9,0.0,0.0,0.0
60,greedy,node-026,0.0,0.0,0.0,0.0,0.0,0.0,0.0,0.0,7503.597857551965,195.91165551344034,0.9,0.0,0.0,0.0
60,greedy,node-027,0.0,0.0,0.0,0.0,0.0,0.0,0.0,0.0,7503.597857551965,195.91165551344034,0.9,0.0,0.0,0.0
60,greedy,node-028,23.31218586802359,0.0,23.31218586802359,0.16529573463467126,0.0,0.16529573463467126,47.011065590101424,141.03319677030427,7503.597857551965,195.91165551344034,0.9,-85.62146309285843,-11.832501436214137,-47.011065590101424
60,greedy,node-029,0.0,0.0,0.0,0.0,0.0,0.0,11.946585022893842,35.839755068681534,7503.597857551965,195.91165551344034,0.9,-37.9573163543418,1.0692792586669047,-11.946585022893842
60,trust_vcg,node-000,0.0,0.0,0.0,0.0,0.0,0.0,0.0,0.0,7499.5339077254375,12.375233705065675,0.9,0.0,0.0,285.27104276931755
60,trust_vcg,node-001,285.27104276931755,574.5798414239176,574.6866013613977,285271.0427693175,574579.8414239176,574686.6013613977,0.0,0.0,7499.5339077254375,12.375233705065675,0.9,-6088.39157357738,0.0,0.0
60,trust_vcg,node-002,46.250408356526876,0.0,232.7831052559403,46250.408356526874,0.0,232783.10525594032,0.0,0.0,7499.5339077254375,12.375233705065675,0.9,-11045.08729449689,0.0,0.0
60,trust_vcg,node-003,0.0,0.0,0.0,0.0,0.0,0.0,0.0,0.0,7499.5339077254375,12.375233705065675,0.9,0.0,0.0,0.0
60,trust_vcg,node-004,0.0,0.0,0.0,0.0,0.0,0.0,0.0,0.0,7499.5339077254375,12.375233705065675,0.9,0.0,0.0,0.0
60,trust_vcg,node-005,0.0,0.0,0.0,0.0,0.0,0.0,0.0,0.0,7499.5339077254375,12.375233705065675,0.9,0.0,0.0,0.0
60,trust_vcg,node-006,0.0,0.0,0.0,0.0,0.0,0.0,0.0,0.0,7499.5339077254375,12.375233705065675,0.9,0.0,0.0,0.0
60,trust_vcg,node-007,0.0,0.0,0.0,0.0,0.0,0.0,0.0,0.0,7499.5339077254375,12.375233705065675,0.9,-5006.755134035209,0.0,0.0
60,trust_vcg,node-008,0.0,0.0,0.0,0.0,0.0,0.0,0.0,0.0,7499.5339077254375,12.375233705065675,0.9,0.0,0.0,0.0
60,trust_vcg,node-009,0.0,0.0,0.0,0.0,0.0,0.0,0.0,0.0,7499.5339077254375,12.375233705065675,0.9,0.0,0.0,0.0
60,trust_vcg,node-010,0.0,0.0,0.0,0.0,0.0,0.0,0.0,0.0,7499.5339077254375,12.375233705065675,0.9,-5561.782044402228,0.0,0.0
60,trust_vcg,node-011,0.0,0.0,0.0,0.0,0.0,0.0,0.0,0.0,7499.5339077254375,12.375233705065675,0.9,0.0,0.0,0.0
60,trust_vcg,node-012,0.0,0.0,0.0,0.0,0.0,0.0,0.0,0.0,7499.5339077254375,12.375233705065675,0.9,0.0,0.0,0.0
60,trust_vcg,node-013,0.0,0.0,0.0,0.0,0.0,0.0,0.0,0.0,7499.5339077254375,12.375233705065675,0.9,0.0,0.0,0.0
60,trust_vcg,node-014,0.0,0.0,0.0,0.0,0.0,0.0,0.0,0.0,7499.5339077254375,12.375233705065675,0.9,0.0,0.0,0.0
60,trust_vcg,node-015,0.0,0.0,0.0,0.0,0.0,0.0,0.0,0.0,7499.5339077254375,12.375233705065675,0.9,0.0,0.0,0.0
60,trust_vcg,node-016,0.0,0.0,0.0,0.0,0.0,0.0,0.0,0.0,7499.5339077254375,12.375233705065675,0.9,0.0,0.0,0.0
60,trust_vcg,node-017,0.0,0.0,0.0,0.0,0.0,0.0,0.0,0.0,7499.5339077254375,12.375233705065675,0.9,0.0,0.0,0.0
60,trust_vcg,node-018,0.0,0.0,0.0,0.0,0.0,0.0,0.0,0.0,7499.5339077254375,12.375233705065675,0.9,0.0,0.0,0.0
60,trust_vcg,node-019,0.0,0.0,0.0,0.0,0.0,0.0,0.0,0.0,7499.5339077254375,12.375233705065675,0.9,0.0,0.0,0.0
60,trust_vcg,node-020,0.0,0.0,0.0,0.0,0.0,0.0,0.0,0.0,7499.5339077254375,12.375233705065675,0.9,0.0,0.0,0.0
60,trust_vcg,node-021,0.0,0.0,0.0,0.0,0.0,0.0,0.0,0.0,7499.5339077254375,12.375233705065675,0.9,0.0,0.0,0.0
60,trust_vcg,node-022,437.913853084804,0.0,530.7988389493096,437913.85308480397,0.0,530798.8389493095,0.0,0.0,7499.5339077254375,12.375233705065675,0.9,-6113.1895922351205,0.0,0.0
60,trust_vcg,node-023,0.0,0.0,0.0,0.0,0.0,0.0,0.0,0.0,7499.5339077254375,12.375233705065675,0.9,0.0,0.0,0.0
60,trust_vcg,node-024,0.0,0.0,0.0,0.0,0.0,0.0,0.0,0.0,7499.5339077254375,12.375233705065675,0.9,0.0,0.0,0.0
60,trust_vcg,node-025,0.0,0.0,148.92326173433565,0.0,0.0,148923.26173433565,0.0,0.0,7499.5339077254375,12.375233705065675,0.9,-2251.076738265664,0.0,0.0
60,trust_vcg,node-026,0.0,0.0,0.0,0.0,0.0,0.0,0.0,0.0,7499.5339077254375,12.375233705065675,0.9,0.0,0.0,0.0
60,trust_vcg,node-027,0.0,0.0,0.0,0.0,0.0,0.0,0.0,0.0,7499.5339077254375,12.375233705065675,0.9,0.0,0.0,0.0
60,trust_vcg,node-028,329.37779492192897,256.60168633411416,329.37779492192897,329377.79492192896,256601.68633411414,329377.79492192896,-256.60168633411416,-183.7656117609896,7499.5339077254375,12.375233705065675,0.9,-7473.996438372669,-10.925411185968755,256.60168633411416
60,trust_vcg,node-029,294.4744402952998,368.18921256262934,368.18921256262934,1.5013417505955555,1.877167459372195,1.877167459372195,134.30519987035828,196.1408454660553,7499.5339077254375,12.375233705065675,0.9,-11185.552406086852,99.04424253274337,-134.30519987035828
60,contingent,node-000,0.0,0.0,0.0,0.0,0.0,0.0,0.0,0.0,7499.5339077254375,178.09659286547452,0.9,0.0,0.0,-13.074518451980309
60,contingent,node-001,0.0,74.57984142391769,124.68660136139766,0.0,74579.84142391768,124686.60136139765,0.0,0.0,7499.5339077254375,178.09659286547452,0.9,-153.56629430952017,0.0,0.0
60,contingent,node-002,0.0,34.49605194363538,80.42274951707618,0.0,34496.05194363538,80422.74951707618,0.0,0.0,7499.5339077254375,178.09659286547452,0.9,-180.34917798756229,0.0,0.0
60,contingent,node-003,0.0,0.0,0.0,0.0,0.0,0.0,0.0,0.0,7499.5339077254375,178.09659286547452,0.9,0.0,0.0,0.0
60,contingent,node-004,0.0,0.0,0.0,0.0,0.0,0.0,0.0,0.0,7499.5339077254375,178.09659286547452,0.9,0.0,0.0,0.0
60,contingent,node-005,0.0,0.0,0.0,0.0,0.0,0.0,0.0,0.0,7499.5339077254375,178.09659286547452,0.9,0.0,0.0,0.0
60,contingent,node-006,0.0,0.0,0.0,0.0,0.0,0.0,0.0,0.0,7499.5339077254375,178.09659286547452,0.9,0.0,0.0,0.0
60,contingent,node-007,0.0,0.0,0.0,0.0,0.0,0.0,0.0,0.0,7499.5339077254375,178.09659286547452,0.9,-227.0205361408382,0.0,0.0
60,contingent,node-008,0.0,0.0,0.0,0.0,0.0,0.0,0.0,0.0,7499.5339077254375,178.09659286547452,0.9,0.0,0.0,0.0
60,contingent,node-009,0.0,0.0,0.0,0.0,0.0,0.0,0.0,0.0,7499.5339077254375,178.09659286547452,0.9,0.0,0.0,0.0
60,contingent,node-010,0.0,0.0,9.14769489451537,0.0,0.0,9147.694894515369,0.0,0.0,7499.5339077254375,178.09659286547452,0.9,-247.12817760891105,0.0,0.0
60,contingent,node-011,0.0,0.0,0.0,0.0,0.0,0.0,0.0,0.0,7499.5339077254375,178.09659286547452,0.9,0.0,0.0,0.0
60,contingent,node-012,0.0,0.0,0.0,0.0,0.0,0.0,0.0,0.0,7499.5339077254375,178.09659286547452,0.9,0.0,0.0,0.0
60,contingent,node-013,0.0,0.0,0.0,0.0,0.0,0.0,0.0,0.0,7499.5339077254375,178.09659286547452,0.9,0.0,0.0,0.0
60,contingent,node-014,0.0,0.0,0.0,0.0,0.0,0.0,0.0,0.0,7499.5339077254375,178.09659286547452,0.9,0.0,0.0,0.0
60,contingent,node-015,0.0,0.0,0.0,0.0,0.0,0.0,0.0,0.0,7499.5339077254375,178.09659286547452,0.9,0.0,0.0,0.0
60,contingent,node-016,0.0,0.0,0.0,0.0,0.0,0.0,0.0,0.0,7499.5339077254375,178.09659286547452,0.9,0.0,0.0,0.0
60,contingent,node-017,0.0,0.0,0.0,0.0,0.0,0.0,0.0,0.0,7499.5339077254375,178.09659286547452,0.9,0.0,0.0,0.0
60,contingent,node-018,0.0,0.0,0.0,0.0,0.0,0.0,0.0,0.0,7499.5339077254375,178.09659286547452,0.9,0.0,0.0,0.0
60,contingent,node-019,0.0,0.0,0.0,0.0,0.0,0.0,0.0,0.0,7499.5339077254375,178.09659286547452,0.9,0.0,0.0,0.0
60,contingent,node-020,0.0,0.0,0.0,0.0,0.0,0.0,0.0,0.0,7499.5339077254375,178.09659286547452,0.9,0.0,0.0,0.0
60,contingent,node-021,0.0,0.0,0.0,0.0,0.0,0.0,0.0,0.0,7499.5339077254375,178.09659286547452,0.9,0.0,0.0,0.0
60,contingent,node-022,0.0,0.0,30.79883894930969,0.0,0.0,30798.83894930969,0.0,0.0,7499.5339077254375,178.09659286547452,0.9,-252.75836894048072,0.0,0.0
60,contingent,node-023,0.0,0.0,0.0,0.0,0.0,0.0,0.0,0.0,7499.5339077254375,178.09659286547452,0.9,0.0,0.0,0.0
60,contingent,node-024,0.0,0.0,0.0,0.0,0.0,0.0,0.0,0.0,7499.5339077254375,178.09659286547452,0.9,0.0,0.0,0.0
60,contingent,node-025,0.0,0.0,7.799171456544833,0.0,0.0,7799.171456544833,0.0,0.0,7499.5339077254375,178.09659286547452,0.9,-204.3069530626573,0.0,0.0
60,contingent,node-026,0.0,0.0,0.0,0.0,0.0,0.0,0.0,0.0,7499.5339077254375,178.09659286547452,0.9,0.0,0.0,0.0
60,contingent,node-027,0.0,0.0,0.0,0.0,0.0,0.0,0.0,0.0,7499.5339077254375,178.09659286547452,0.9,0.0,0.0,0.0
60,contingent,node-028,5.851202948153141,13.837054361848129,56.762910302125356,0.06507275791331865,0.15388549956315875,0.631275167392972,17.081782542249904,89.91785711537447,7499.5339077254375,178.09659286547452,0.9,-139.47428136938052,-8.991785711537442,-17.081782542249904
60,contingent,node-029,1.8981312697053383,71.57658963513899,71.57658963513899,0.02152595241424953,0.81172165858658,0.81172165858658,26.34309015440308,88.17873575010007,7499.5339077254375,178.09659286547452,0.9,-231.33191502037803,-0.4211708645458998,-26.34309015440308
60,capped,node-000,0.0,0.0,0.0,0.0,0.0,0.0,0.0,0.0,7499.5339077254375,202.00758025323228,0.9,0.0,0.0,-13.074518451980309
60,capped,node-001,0.0,74.57984142391769,124.68660136139766,0.0,74579.84142391768,124686.60136139765,0.0,0.0,7499.5339077254375,202.00758025323228,0.9,-38.39157357738004,0.0,0.0
60,capped,node-002,0.0,74.60536917506391,130.55939605636186,0.0,74605.36917506391,130559.39605636186,0.0,0.0,7499.5339077254375,202.00758025323228,0.9,-45.08729449689057,0.0,0.0
60,capped,node-003,0.0,0.0,0.0,0.0,0.0,0.0,0.0,0.0,7499.5339077254375,202.00758025323228,0.9,0.0,0.0,0.0
60,capped,node-004,0.0,0.0,0.0,0.0,0.0,0.0,0.0,0.0,7499.5339077254375,202.00758025323228,0.9,0.0,0.0,0.0
60,capped,node-005,0.0,0.0,0.0,0.0,0.0,0.0,0.0,0.0,7499.5339077254375,202.00758025323228,0.9,0.0,0.0,0.0
60,capped,node-006,0.0,0.0,0.0,0.0,0.0,0.0,0.0,0.0,7499.5339077254375,202.00758025323228,0.9,0.0,0.0,0.0
60,capped,node-007,0.0,51.904219254885774,51.904219254885774,0.0,51904.21925488577,51904.21925488577,0.0,0.0,7499.5339077254375,202.00758025323228,0.9,-56.75513403520955,0.0,0.0
60,capped,node-008,0.0,0.0,0.0,0.0,0.0,0.0,0.0,0.0,7499.5339077254375,202.00758025323228,0.9,0.0,0.0,0.0
60,capped,node-009,0.0,0.0,0.0,0.0,0.0,0.0,0.0,0.0,7499.5339077254375,202.00758025323228,0.9,0.0,0.0,0.0
60,capped,node-010,0.0,0.0,29.485367935727226,0.0,0.0,29485.367935727227,0.0,0.0,7499.5339077254375,202.00758025323228,0.9,-61.78204440222777,0.0,0.0
60,capped,node-011,0.0,0.0,0.0,0.0,0.0,0.0,0.0,0.0,7499.5339077254375,202.00758025323228,0.9,0.0,0.0,0.0
60,capped,node-012,0.0,0.0,0.0,0.0,0.0,0.0,0.0,0.0,7499.5339077254375,202.00758025323228,0.9,0.0,0.0,0.0
60,capped,node-013,0.0,0.0,0.0,0.0,0.0,0.0,0.0,0.0,7499.5339077254375,202.00758025323228,0.9,0.0,0.0,0.0
60,capped,node-014,0.0,0.0,0.0,0.0,0.0,0.0,0.0,0.0,7499.5339077254375,202.00758025323228,0.9,0.0,0.0,0.0
60,capped,node-015,0.0,0.0,0.0,0.0,0.0,0.0,0.0,0.0,7499.5339077254375,202.00758025323228,0.9,0.0,0.0,0.0
60,capped,node-016,0.0,0.0,0.0,0.0,0.0,0.0,0.0,0.0,7499.5339077254375,202.00758025323228,0.9,0.0,0.0,0.0
60,capped,node-017,0.0,0.0,0.0,0.0,0.0,0.0,0.0,0.0,7499.5339077254375,202.00758025323228,0.9,0.0,0.0,0.0
60,capped,node-018,0.0,0.0,0.0,0.0,0.0,0.0,0.0,0.0,7499.5339077254375,202.00758025323228,0.9,0.0,0.0,0.0
60,capped,node-019,0.0,0.0,0.0,0.0,0.0,0.0,0.0,0.0,7499.5339077254375,202.00758025323228,0.9,0.0,0.0,0.0
60,capped,node-020,0.0,0.0,0.0,0.0,0.0,0.0,0.0,0.0,7499.5339077254375,202.00758025323228,0.9,0.0,0.0,0.0
60,capped,node-021,0.0,0.0,0.0,0.0,0.0,0.0,0.0,0.0,7499.5339077254375,202.00758025323228,0.9,0.0,0.0,0.0
60,capped,node-022,0.0,0.0,30.79883894930969,0.0,0.0,30798.83894930969,0.0,0.0,7499.5339077254375,202.00758025323228,0.9,-63.1895922351202,0.0,0.0
60,capped,node-023,0.0,0.0,0.0,0.0,0.0,0.0,0.0,0.0,7499.5339077254375,202.00758025323228,0.9,0.0,0.0,0.0
60,capped,node-024,0.0,0.0,0.0,0.0,0.0,0.0,0.0,0.0,7499.5339077254375,202.00758025323228,0.9,0.0,0.0,0.0
60,capped,node-025,0.0,0.0,7.799171456544833,0.0,0.0,7799.171456544833,0.0,0.0,7499.5339077254375,202.00758025323228,0.9,-51.07673826566433,0.0,0.0
60,capped,node-026,0.0,0.0,0.0,0.0,0.0,0.0,0.0,0.0,7499.5339077254375,202.00758025323228,0.9,0.0,0.0,0.0
60,capped,node-027,0.0,0.0,0.0,0.0,0.0,0.0,0.0,0.0,7499.5339077254375,202.00758025323228,0.9,0.0,0.0,0.0
60,capped,node-028,3.788698710539201,13.837054361848132,76.09916504643775,0.03467785922240584,0.12665019308031922,0.6965336475772242,36.41803728656228,109.25411185968684,7499.5339077254375,202.00758025323228,0.9,-67.01616199334492,-10.925411185968684,-36.41803728656228
60,capped,node-029,4.185497591428039,71.57658963513899,71.57658963513899,0.04512497121583972,0.7716863948574441,0.7716863948574441,30.917822797848487,92.75346839354548,7499.5339077254375,202.00758025323228,0.9,-82.16502901434222,-0.8786441288904356,-30.917822797848487
60,proper_scoring,node-000,0.0,0.0,0.0,0.0,0.0,0.0,0.0,0.0,7499.5339077254375,1076.810971653153,0.9,0.0,0.0,285.27104276931755
60,proper_scoring,node-001,285.27104276931755,574.5798414239176,574.6866013613977,285271.0427693175,574579.8414239176,574686.6013613977,0.0,0.0,7499.5339077254375,1076.810971653153,0.9,-153.56629430952017,0.0,0.0
60,proper_scoring,node-002,46.250408356526876,484.4960519436354,835.7066737773343,46250.408356526874,484496.0519436354,835706.6737773343,0.0,0.0,7499.5339077254375,1076.810971653153,0.9,-180.34917798756229,0.0,0.0
60,proper_scoring,node-003,0.0,0.0,0.0,0.0,0.0,0.0,0.0,0.0,7499.5339077254375,1076.810971653153,0.9,0.0,0.0,0.0
60,proper_scoring,node-004,0.0,0.0,0.0,0.0,0.0,0.0,0.0,0.0,7499.5339077254375,1076.810971653153,0.9,0.0,0.0,0.0
60,proper_scoring,node-005,0.0,0.0,0.0,0.0,0.0,0.0,0.0,0.0,7499.5339077254375,1076.810971653153,0.9,0.0,0.0,0.0
60,proper_scoring,node-006,0.0,0.0,0.0,0.0,0.0,0.0,0.0,0.0,7499.5339077254375,1076.810971653153,0.9,0.0,0.0,0.0
60,proper_scoring,node-007,0.0,0.0,101.578773692389,0.0,0.0,101578.773692389,0.0,0.0,7499.5339077254375,1076.810971653153,0.9,-227.0205361408382,0.0,0.0
60,proper_scoring,node-008,0.0,0.0,0.0,0.0,0.0,0.0,0.0,0.0,7499.5339077254375,1076.810971653153,0.9,0.0,0.0,0.0
60,proper_scoring,node-009,0.0,0.0,0.0,0.0,0.0,0.0,0.0,0.0,7499.5339077254375,1076.810971653153,0.9,0.0,0.0,0.0
60,proper_scoring,node-010,0.0,0.0,409.14769489451544,0.0,0.0,409147.69489451544,0.0,0.0,7499.5339077254375,1076.810971653153,0.9,-247.12817760891105,0.0,0.0
60,proper_scoring,node-011,0.0,0.0,0.0,0.0,0.0,0.0,0.0,0.0,7499.5339077254375,1076.810971653153,0.9,0.0,0.0,0.0
60,proper_scoring,node-012,0.0,0.0,0.0,0.0,0.0,0.0,0.0,0.0,7499.5339077254375,1076.810971653153,0.9,0.0,0.0,0.0
60,proper_scoring,node-013,0.0,0.0,0.0,0.0,0.0,0.0,0.0,0.0,7499.5339077254375,1076.810971653153,0.9,0.0,0.0,0.0
60,proper_scoring,node-014,0.0,0.0,0.0,0.0,0.0,0.0,0.0,0.0,7499.5339077254375,1076.810971653153,0.9,0.0,0.0,0.0
60,proper_scoring,node-015,0.0,0.0,0.0,0.0,0.0,0.0,0.0,0.0,7499.5339077254375,1076.810971653153,0.9,0.0,0.0,0.0
60,proper_scoring,node-016,0.0,0.0,0.0,0.0,0.0,0.0,0.0,0.0,7499.5339077254375,1076.810971653153,0.9,0.0,0.0,0.0
60,proper_scoring,node-017,0.0,0.0,0.0,0.0,0.0,0.0,0.0,0.0,7499.5339077254375,1076.810971653153,0.9,0.0,0.0,0.0
60,proper_scoring,node-018,0.0,0.0,0.0,0.0,0.0,0.0,0.0,0.0,7499.5339077254375,1076.810971653153,0.9,0.0,0.0,0.0
60,proper_scoring,node-019,0.0,0.0,0.0,0.0,0.0,0.0,0.0,0.0,7499.5339077254375,1076.810971653153,0.9,0.0,0.0,0.0
60,proper_scoring,node-020,0.0,0.0,0.0,0.0,0.0,0.0,0.0,0.0,7499.5339077254375,1076.810971653153,0.9,0.0,0.0,0.0
60,proper_scoring,node-021,0.0,0.0,0.0,0.0,0.0,0.0,0.0,0.0,7499.5339077254375,1076.810971653153,0.9,0.0,0.0,0.0
60,proper_scoring,node-022,437.913853084804,0.0,530.7988389493096,437913.85308480397,0.0,530798.8389493095,0.0,0.0,7499.5339077254375,1076.810971653153,0.9,-252.75836894048072,0.0,0.0
60,proper_scoring,node-023,0.0,0.0,0.0,0.0,0.0,0.0,0.0,0.0,7499.5339077254375,1076.810971653153,0.9,0.0,0.0,0.0
60,proper_scoring,node-024,0.0,0.0,0.0,0.0,0.0,0.0,0.0,0.0,7499.5339077254375,1076.810971653153,0.9,0.0,0.0,0.0
60,proper_scoring,node-025,0.0,0.0,148.92326173433565,0.0,0.0,148923.26173433565,0.0,0.0,7499.5339077254375,1076.810971653153,0.9,-204.3069530626573,0.0,0.0
60,proper_scoring,node-026,0.0,0.0,0.0,0.0,0.0,0.0,0.0,0.0,7499.5339077254375,1076.810971653153,0.9,0.0,0.0,0.0
60,proper_scoring,node-027,0.0,0.0,0.0,0.0,0.0,0.0,0.0,0.0,7499.5339077254375,1076.810971653153,0.9,0.0,0.0,0.0
60,proper_scoring,node-028,147.4950366510359,214.62143887478913,343.4363498917523,0.4349173660718076,0.6328524201041933,1.012687857840453,266.2973980293089,339.13347260243347,7499.5339077254375,1076.810971653153,0.9,-388.68989685643953,-8.991785711537489,-266.2973980293089
60,proper_scoring,node-029,295.6181234561609,372.0778263345195,372.0778263345195,0.4007416843221829,0.5043909117647316,0.5043909117647316,675.8418534550227,737.6774990507198,7499.5339077254375,1076.810971653153,0.9,-880.8306783209977,99.50171579708785,-675.8418534550227
60,audits,node-000,0.0,0.0,0.0,0.0,0.0,0.0,0.0,0.0,7499.5339077254375,1012.3752337050655,0.9,0.0,0.0,285.27104276931755
60,audits,node-001,285.27104276931755,574.5798414239176,574.6866013613977,285271.0427693175,574579.8414239176,574686.6013613977,0.0,0.0,7499.5339077254375,1012.3752337050655,0.9,-1088.39157357738,0.0,0.0
60,audits,node-002,46.250408356526876,474.60536917506397,732.7831052559405,46250.408356526874,474605.36917506397,732783.1052559406,0.0,0.0,7499.5339077254375,1012.3752337050655,0.9,-2045.0872944968903,0.0,0.0
60,audits,node-003,0.0,0.0,0.0,0.0,0.0,0.0,0.0,0.0,7499.5339077254375,1012.3752337050655,0.9,0.0,0.0,0.0
60,audits,node-004,0.0,0.0,0.0,0.0,0.0,0.0,0.0,0.0,7499.5339077254375,1012.3752337050655,0.9,0.0,0.0,0.0
60,audits,node-005,0.0,0.0,0.0,0.0,0.0,0.0,0.0,0.0,7499.5339077254375,1012.3752337050655,0.9,0.0,0.0,0.0
60,audits,node-006,0.0,0.0,0.0,0.0,0.0,0.0,0.0,0.0,7499.5339077254375,1012.3752337050655,0.9,0.0,0.0,0.0
60,audits,node-007,0.0,0.0,0.0,0.0,0.0,0.0,0.0,0.0,7499.5339077254375,1012.3752337050655,0.9,-506.75513403520955,0.0,0.0
60,audits,node-008,0.0,0.0,0.0,0.0,0.0,0.0,0.0,0.0,7499.5339077254375,1012.3752337050655,0.9,0.0,0.0,0.0
60,audits,node-009,0.0,0.0,0.0,0.0,0.0,0.0,0.0,0.0,7499.5339077254375,1012.3752337050655,0.9,0.0,0.0,0.0
60,audits,node-010,0.0,0.0,379.48536793572725,0.0,0.0,379485.36793572723,0.0,0.0,7499.5339077254375,1012.3752337050655,0.9,-1061.7820444022277,0.0,0.0
60,audits,node-011,0.0,0.0,0.0,0.0,0.0,0.0,0.0,0.0,7499.5339077254375,1012.3752337050655,0.9,0.0,0.0,0.0
60,audits,node-012,0.0,0.0,0.0,0.0,0.0,0.0,0.0,0.0,7499.5339077254375,1012.3752337050655,0.9,0.0,0.0,0.0
60,audits,node-013,0.0,0.0,0.0,0.0,0.0,0.0,0.0,0.0,7499.5339077254375,1012.3752337050655,0.9,0.0,0.0,0.0
60,audits,node-014,0.0,0.0,0.0,0.0,0.0,0.0,0.0,0.0,7499.5339077254375,1012.3752337050655,0.9,0.0,0.0,0.0
60,audits,node-015,0.0,0.0,0.0,0.0,0.0,0.0,0.0,0.0,7499.5339077254375,1012.3752337050655,0.9,0.0,0.0,0.0
60,audits,node-016,0.0,0.0,0.0,0.0,0.0,0.0,0.0,0.0,7499.5339077254375,1012.3752337050655,0.9,0.0,0.0,0.0
60,audits,node-017,0.0,0.0,0.0,0.0,0.0,0.0,0.0,0.0,7499.5339077254375,1012.3752337050655,0.9,0.0,0.0,0.0
60,audits,node-018,0.0,0.0,0.0,0.0,0.0,0.0,0.0,0.0,7499.5339077254375,1012.3752337050655,0.9,0.0,0.0,0.0
60,audits,node-019,0.0,0.0,0.0,0.0,0.0,0.0,0.0,0.0,7499.5339077254375,1012.3752337050655,0.9,0.0,0.0,0.0
60,audits,node-020,0.0,0.0,0.0,0.0,0.0,0.0,0.0,0.0,7499.5339077254375,1012.3752337050655,0.9,0.0,0.0,0.0
60,audits,node-021,0.0,0.0,0.0,0.0,0.0,0.0,0.0,0.0,7499.5339077254375,1012.3752337050655,0.9,0.0,0.0,0.0
60,audits,node-022,437.913853084804,0.0,530.7988389493096,437913.85308480397,0.0,530798.8389493095,0.0,0.0,7499.5339077254375,1012.3752337050655,0.9,-1113.1895922351202,0.0,0.0
60,audits,node-023,0.0,0.0,0.0,0.0,0.0,0.0,0.0,0.0,7499.5339077254375,1012.3752337050655,0.9,0.0,0.0,0.0
60,audits,node-024,0.0,0.0,0.0,0.0,0.0,0.0,0.0,0.0,7499.5339077254375,1012.3752337050655,0.9,0.0,0.0,0.0
60,audits,node-025,0.0,0.0,148.92326173433565,0.0,0.0,148923.26173433565,0.0,0.0,7499.5339077254375,1012.3752337050655,0.9,-251.07673826566432,0.0,0.0
60,audits,node-026,0.0,0.0,0.0,0.0,0.0,0.0,0.0,0.0,7499.5339077254375,1012.3752337050655,0.9,0.0,0.0,0.0
60,audits,node-027,0.0,0.0,0.0,0.0,0.0,0.0,0.0,0.0,7499.5339077254375,1012.3752337050655,0.9,0.0,0.0,0.0
60,audits,node-028,137.82690927887975,206.85677798252456,326.00356162733135,0.43583782916964103,0.6541248696399897,1.03089219184138,243.39831366588587,316.2343882390104,7499.5339077254375,1012.3752337050655,0.9,-1473.9964383726683,-10.92541118596867,-243.39831366588587
60,audits,node-029,294.4744402952997,368.1892125626292,368.1892125626292,0.4230098581532789,0.5289004588089244,0.5289004588089244,634.3051998703583,696.1408454660553,7499.5339077254375,1012.3752337050655,0.9,-2685.552406086852,99.04424253274351,-634.3051998703583
62,greedy,node-000,0.0,0.0,0.0,0.0,0.0,0.0,0.0,0.0,8121.067053699349,337.2989139215628,0.8,0.0,0.0,0.0
62,greedy,node-001,0.0,0.0,0.0,0.0,0.0,0.0,0.0,0.0,8121.067053699349,337.2989139215628,0.8,0.0,0.0,0.0
62,greedy,node-002,4.713561464068874,0.0,4.713561464068874,0.013974434157724532,0.0,0.013974434157724532,112.43297130718764,337.2989139215628,8121.067053699349,337.2989139215628,0.8,-168.64945696078146,-33.72989139215632,-112.43297130718764
62,greedy,node-003,0.0,0.0,0.0,0.0,0.0,0.0,0.0,0.0,8121.067053699349,337.2989139215628,0.8,-23.71639923099929,0.0,0.0
62,greedy,node-004,0.0,0.0,0.0,0.0,0.0,0.0,0.0,0.0,8121.067053699349,337.2989139215628,0.8,0.0,0.0,0.0
62,greedy,node-005,0.0,0.0,0.0,0.0,0.0,0.0,0.0,0.0,8121.067053699349,337.2989139215628,0.8,0.0,0.0,0.0
62,greedy,node-006,0.0,0.0,0.0,0.0,0.0,0.0,0.0,0.0,8121.067053699349,337.2989139215628,0.8,-110.04033133034699,0.0,0.0
62,greedy,node-007,0.0,0.0,0.0,0.0,0.0,0.0,0.0,0.0,8121.067053699349,337.2989139215628,0.8,-16.581259528890627,0.0,0.0
62,greedy,node-008,0.0,0.0,0.0,0.0,0.0,0.0,0.0,0.0,8121.067053699349,337.2989139215628,0.8,0.0,0.0,0.0
62,greedy,node-009,0.0,0.0,0.0,0.0,0.0,0.0,0.0,0.0,8121.067053699349,337.2989139215628,0.8,0.0,0.0,0.0
62,greedy,node-010,0.0,0.0,0.0,0.0,0.0,0.0,0.0,0.0,8121.067053699349,337.2989139215628,0.8,0.0,0.0,0.0
62,greedy,node-011,0.0,0.0,0.0,0.0,0.0,0.0,0.0,0.0,8121.067053699349,337.2989139215628,0.8,0.0,0.0,0.0
62,greedy,node-012,0.0,0.0,0.0,0.0,0.0,0.0,0.0,0.0,8121.067053699349,337.2989139215628,0.8,0.0,0.0,0.0
62,greedy,node-013,0.0,0.0,0.0,0.0,0.0,0.0,0.0,0.0,8121.067053699349,337.2989139215628,0.8,0.0,0.0,0.0
62,greedy,node-014,0.0,0.0,0.0,0.0,0.0,0.0,0.0,0.0,8121.067053699349,337.2989139215628,0.8,0.0,0.0,0.0
62,greedy,node-015,0.0,0.0,0.0,0.0,0.0,0.0,0.0,0.0,8121.067053699349,337.2989139215628,0.8,-30.651056687650076,0.0,0.0
62,greedy,node-016,0.0,0.0,0.0,0.0,0.0,0.0,0.0,0.0,8121.067053699349,337.2989139215628,0.8,0.0,0.0,0.0
62,greedy,node-017,0.0,0.0,0.0,0.0,0.0,0.0,0.0,0.0,8121.067053699349,337.2989139215628,0.8,0.0,0.0,0.0
62,greedy,node-018,0.0,0.0,0.0,0.0,0.0,0.0,0.0,0.0,8121.067053699349,337.2989139215628,0.8,0.0,0.0,0.0
62,greedy,node-019,0.0,0.0,0.0,0.0,0.0,0.0,0.0,0.0,8121.067053699349,337.2989139215628,0.8,0.0,0.0,0.0
62,greedy,node-020,0.0,0.0,0.0,0.0,0.0,0.0,0.0,0.0,8121.067053699349,337.2989139215628,0.8,0.0,0.0,0.0
62,greedy,node-021,0.0,0.0,0.0,0.0,0.0,0.0,0.0,0.0,8121.067053699349,337.2989139215628,0.8,0.0,0.0,0.0
62,greedy,node-022,0.0,0.0,0.0,0.0,0.0,0.0,0.0,0.0,8121.067053699349,337.2989139215628,0.8,0.0,0.0,0.0
62,greedy,node-023,0.0,0.0,0.0,0.0,0.0,0.0,0.0,0.0,8121.067053699349,337.2989139215628,0.8,0.0,0.0,0.0
62,greedy,node-024,5.759930317731438,0.0,5.759930317731438,5759.930317731438,0.0,5759.930317731438,0.0,0.0,8121.067053699349,337.2989139215628,0.8,-37.68808424656451,0.0,0.0
62,greedy,node-025,0.0,0.0,0.0,0.0,0.0,0.0,0.0,0.0,8121.067053699349,337.2989139215628,0.8,-2.4458170968011252,0.0,0.0
62,greedy,node-026,0.0,0.0,0.0,0.0,0.0,0.0,0.0,0.0,8121.067053699349,337.2989139215628,0.8,-89.7076556002565,0.0,0.0
62,greedy,node-027,15.084950275471769,0.0,15.084950275471769,15084.950275471769,0.0,15084.950275471769,0.0,0.0,8121.067053699349,337.2989139215628,0.8,-55.87194175140536,24.481594055079544,0.0
62,greedy,node-028,0.0,0.0,0.0,0.0,0.0,0.0,0.0,0.0,8121.067053699349,337.2989139215628,0.8,-72.71471194604175,0.0,0.0
62,greedy,node-029,0.0,0.0,0.0,0.0,0.0,0.0,0.0,0.0,8121.067053699349,337.2989139215628,0.8,0.0,0.0,0.0
62,trust_vcg,node-000,0.0,0.0,0.0,0.0,0.0,0.0,0.0,0.0,8618.317236216504,1398.7449086922775,1.0,0.0,0.0,0.0
62,trust_vcg,node-001,0.0,0.0,0.0,0.0,0.0,0.0,0.0,0.0,8618.317236216504,1398.7449086922775,1.0,0.0,0.0,0.0
62,trust_vcg,node-002,0.0,0.0,241.91291106132815,0.0,0.0,241912.91106132814,0.0,0.0,8618.317236216504,1398.7449086922775,1.0,-11056.216485653593,-1567.152704264202,0.0
62,trust_vcg,node-003,431.8432154709798,241.05353248655098,575.2202286049101,0.8383773274368791,0.46797960253904786,1.1167284344607766,437.7191232766409,515.0941006375116,8618.317236216504,1398.7449086922775,1.0,-11565.735871019535,41.40116299578119,-437.7191232766409
62,trust_vcg,node-004,0.0,0.0,80.98814715634556,0.0,0.0,80988.14715634556,0.0,0.0,8618.317236216504,1398.7449086922775,1.0,-1691.056716361934,0.0,0.0
62,trust_vcg,node-005,0.0,0.0,0.0,0.0,0.0,0.0,0.0,0.0,8618.317236216504,1398.7449086922775,1.0,-3410.188961492404,0.0,0.0
62,trust_vcg,node-006,504.48451901177407,777.8013029745705,1003.763619224844,504484.51901177404,777801.3029745704,1003763.6192248439,0.0,0.0,8618.317236216504,1398.7449086922775,1.0,-11110.040331330349,0.0,0.0
62,trust_vcg,node-007,0.0,239.77748361183552,259.69100574780305,0.0,239777.48361183552,259691.00574780305,0.0,0.0,8618.317236216504,1398.7449086922775,1.0,-3940.308994252197,0.0,0.0
62,trust_vcg,node-008,0.0,0.0,0.0,0.0,0.0,0.0,0.0,0.0,8618.317236216504,1398.7449086922775,1.0,0.0,0.0,0.0
62,trust_vcg,node-009,0.0,0.0,0.0,0.0,0.0,0.0,0.0,0.0,8618.317236216504,1398.7449086922775,1.0,0.0,0.0,0.0
62,trust_vcg,node-010,0.0,0.0,90.81912441037622,0.0,0.0,90819.12441037621,0.0,0.0,8618.317236216504,1398.7449086922775,1.0,-2309.180875589624,0.0,0.0
62,trust_vcg,node-011,0.0,0.0,0.0,0.0,0.0,0.0,0.0,0.0,8618.317236216504,1398.7449086922775,1.0,0.0,0.0,0.0
62,trust_vcg,node-012,0.0,0.0,0.0,0.0,0.0,0.0,0.0,0.0,8618.317236216504,1398.7449086922775,1.0,0.0,0.0,0.0
62,trust_vcg,node-013,0.0,173.2292544696038,232.21142279443976,0.0,173229.2544696038,232211.42279443974,0.0,0.0,8618.317236216504,1398.7449086922775,1.0,-5065.873320354402,0.0,0.0
62,trust_vcg,node-014,0.0,0.0,0.0,0.0,0.0,0.0,0.0,0.0,8618.317236216504,1398.7449086922775,1.0,0.0,0.0,0.0
62,trust_vcg,node-015,0.0,306.9114704533993,335.49584231585027,0.0,306911.4704533993,335495.84231585026,0.0,0.0,8618.317236216504,1398.7449086922775,1.0,-5601.702419215291,0.0,0.0
62,trust_vcg,node-016,0.0,0.0,0.0,0.0,0.0,0.0,0.0,0.0,8618.317236216504,1398.7449086922775,1.0,-5608.429556775658,0.0,0.0
62,trust_vcg,node-017,0.0,0.0,87.18563482744457,0.0,0.0,87185.63482744458,0.0,0.0,8618.317236216504,1398.7449086922775,1.0,-1684.208042717603,0.0,0.0
62,trust_vcg,node-018,0.0,0.0,6.834731507432082,0.0,0.0,6834.731507432081,0.0,0.0,8618.317236216504,1398.7449086922775,1.0,-593.1652684925679,0.0,0.0
62,trust_vcg,node-019,0.0,0.0,0.0,0.0,0.0,0.0,0.0,0.0,8618.317236216504,1398.7449086922775,1.0,0.0,0.0,0.0
62,trust_vcg,node-020,0.0,0.0,0.0,0.0,0.0,0.0,0.0,0.0,8618.317236216504,1398.7449086922775,1.0,-3984.366828903335,0.0,0.0
62,trust_vcg,node-021,0.0,0.0,0.0,0.0,0.0,0.0,0.0,0.0,8618.317236216504,1398.7449086922775,1.0,0.0,0.0,0.0
62,trust_vcg,node-022,0.0,0.0,0.0,0.0,0.0,0.0,0.0,0.0,8618.317236216504,1398.7449086922775,1.0,0.0,0.0,0.0
62,trust_vcg,node-023,0.0,0.0,0.0,0.0,0.0,0.0,0.0,0.0,8618.317236216504,1398.7449086922775,1.0,0.0,0.0,0.0
62,trust_vcg,node-024,0.0,0.0,331.90829486297577,0.0,0.0,331908.2948629758,0.0,0.0,8618.317236216504,1398.7449086922775,1.0,-5574.555402151951,0.0,0.0
62,trust_vcg,node-025,0.0,0.0,91.0433776975855,0.0,0.0,91043.3776975855,0.0,0.0,8618.317236216504,1398.7449086922775,1.0,-7768.189373550718,0.0,0.0
62,trust_vcg,node-026,231.64102451449946,2.58491269404999,316.2497683153176,0.2621409072486731,0.0029252649015738636,0.3578899780689358,626.1603275555553,883.650808054766,8618.317236216504,1398.7449086922775,1.0,-11163.447641366809,-38.62357207488162,-626.1603275555553
62,trust_vcg,node-027,0.0,0.0,0.0,0.0,0.0,0.0,0.0,0.0,8618.317236216504,1398.7449086922775,1.0,-10535.800281402322,0.0,0.0
62,trust_vcg,node-028,129.92915238618662,0.0,494.29025016364204,129929.15238618662,0.0,494290.25016364205,0.0,0.0,8618.317236216504,1398.7449086922775,1.0,-10548.530713400503,0.0,0.0
62,trust_vcg,node-029,0.0,0.0,0.0,0.0,0.0,0.0,0.0,0.0,8618.317236216504,1398.7449086922775,1.0,0.0,0.0,0.0
62,contingent,node-000,0.0,0.0,0.0,0.0,0.0,0.0,0.0,0.0,8618.317236216504,502.2981867901218,1.0,0.0,0.0,0.0
62,contingent,node-001,0.0,0.0,0.0,0.0,0.0,0.0,0.0,0.0,8618.317236216504,502.2981867901218,1.0,0.0,0.0,0.0
62,contingent,node-002,0.0,67.30379342268583,303.96369732190897,0.0,67303.79342268582,303963.69732190896,0.0,0.0,8618.317236216504,502.2981867901218,1.0,-224.86594261437529,-15.75249596616005,0.0
62,contingent,node-003,0.0,40.08516708275661,44.554388904736726,0.0,0.3453758002047841,0.38388283847837673,38.68748868043531,116.06246604130592,8618.317236216504,502.2981867901218,1.0,-550.7544796520091,-8.477791328744505,-38.68748868043531
62,contingent,node-004,0.0,0.0,0.0,0.0,0.0,0.0,0.0,0.0,8618.317236216504,502.2981867901218,1.0,-273.44244585557897,0.0,0.0
62,contingent,node-005,0.0,0.0,0.0,0.0,0.0,0.0,0.0,0.0,8618.317236216504,502.2981867901218,1.0,-440.75584596961414,0.0,0.0
62,contingent,node-006,12.12786504901364,177.80130297457052,177.80130297457052,12127.865049013639,177801.3029745705,177801.3029745705,0.0,0.0,8618.317236216504,502.2981867901218,1.0,-440.16132532138795,0.0,0.0
62,contingent,node-007,0.0,89.77748361183552,89.77748361183552,0.0,89777.48361183552,89777.48361183552,0.0,0.0,8618.317236216504,502.2981867901218,1.0,-361.2359770087877,0.0,0.0
62,contingent,node-008,0.0,0.0,0.0,0.0,0.0,0.0,0.0,0.0,8618.317236216504,502.2981867901218,1.0,0.0,0.0,0.0
62,contingent,node-009,0.0,0.0,0.0,0.0,0.0,0.0,0.0,0.0,8618.317236216504,502.2981867901218,1.0,0.0,0.0,0.0
62,contingent,node-010,0.0,0.0,0.0,0.0,0.0,0.0,0.0,0.0,8618.317236216504,502.2981867901218,1.0,-436.7235023584951,0.0,0.0
62,contingent,node-011,0.0,0.0,0.0,0.0,0.0,0.0,0.0,0.0,8618.317236216504,502.2981867901218,1.0,0.0,0.0,0.0
62,contingent,node-012,0.0,0.0,0.0,0.0,0.0,0.0,0.0,0.0,8618.317236216504,502.2981867901218,1.0,0.0,0.0,0.0
62,contingent,node-013,0.0,73.22925446960377,73.22925446960377,0.0,73229.25446960377,73229.25446960377,0.0,0.0,8618.317236216504,502.2981867901218,1.0,-463.4932814176047,0.0,0.0
62,contingent,node-014,0.0,0.0,0.0,0.0,0.0,0.0,0.0,0.0,8618.317236216504,502.2981867901218,1.0,0.0,0.0,0.0
62,contingent,node-015,0.0,106.91147045339932,106.91147045339932,0.0,106911.47045339932,106911.47045339932,0.0,0.0,8618.317236216504,502.2981867901218,1.0,-406.80967686116907,0.0,0.0
62,contingent,node-016,0.0,0.0,18.42641371227899,0.0,0.0,18426.41371227899,0.0,0.0,8618.317236216504,502.2981867901218,1.0,-433.71822710262813,0.0,0.0
62,contingent,node-017,0.0,0.0,0.0,0.0,0.0,0.0,0.0,0.0,8618.317236216504,502.2981867901218,1.0,-248.5297217422326,0.0,0.0
62,contingent,node-018,0.0,0.0,0.0,0.0,0.0,0.0,0.0,0.0,8618.317236216504,502.2981867901218,1.0,-172.6610739702717,0.0,0.0
62,contingent,node-019,0.0,0.0,0.0,0.0,0.0,0.0,0.0,0.0,8618.317236216504,502.2981867901218,1.0,0.0,0.0,0.0
62,contingent,node-020,0.0,0.0,0.0,0.0,0.0,0.0,0.0,0.0,8618.317236216504,502.2981867901218,1.0,-537.4673156133383,0.0,0.0
62,contingent,node-021,0.0,0.0,0.0,0.0,0.0,0.0,0.0,0.0,8618.317236216504,502.2981867901218,1.0,0.0,0.0,0.0
62,contingent,node-022,0.0,0.0,0.0,0.0,0.0,0.0,0.0,0.0,8618.317236216504,502.2981867901218,1.0,0.0,0.0,0.0
62,contingent,node-023,0.0,0.0,0.0,0.0,0.0,0.0,0.0,0.0,8618.317236216504,502.2981867901218,1.0,0.0,0.0,0.0
62,contingent,node-024,0.0,62.21242411119595,150.53306665767838,0.0,62212.42411119595,150533.06665767837,0.0,0.0,8618.317236216504,502.2981867901218,1.0,-298.22160860780355,0.0,0.0
62,contingent,node-025,0.0,0.0,0.0,0.0,0.0,0.0,0.0,0.0,8618.317236216504,502.2981867901218,1.0,-272.7574942028781,0.0,0.0
62,contingent,node-026,57.84733691641276,0.0,184.8892997999659,0.14977210498361215,0.0,0.4786954956975784,128.74524024960533,386.2357207488159,8618.317236216504,502.2981867901218,1.0,-477.89449549460585,-38.62357207488162,-128.74524024960533
62,contingent,node-027,0.0,28.297673446218248,111.48101307317104,0.0,28297.673446218247,111481.01307317104,0.0,0.0,8618.317236216504,502.2981867901218,1.0,-343.20112560928965,0.0,0.0
62,contingent,node-028,0.0,67.96559314232204,194.290250163642,0.0,67965.59314232203,194290.25016364202,0.0,0.0,8618.317236216504,502.2981867901218,1.0,-394.1228536020112,0.0,0.0
62,contingent,node-029,0.0,0.0,0.0,0.0,0.0,0.0,0.0,0.0,8618.317236216504,502.2981867901218,1.0,0.0,0.0,0.0
62,capped,node-000,0.0,0.0,0.0,0.0,0.0,0.0,0.0,0.0,8618.317236216504,502.2981867901218,1.0,0.0,0.0,0.0
62,capped,node-001,0.0,0.0,0.0,0.0,0.0,0.0,0.0,0.0,8618.317236216504,502.2981867901218,1.0,0.0,0.0,0.0
62,capped,node-002,6.412816916101826,109.90714424163548,341.9129110613281,6412.816916101826,109907.14424163547,341912.9110613281,0.0,0.0,8618.317236216504,502.2981867901218,1.0,-56.21648565359382,5.513373588156018,0.0
62,capped,node-003,0.0,40.08516708275661,44.554388904736726,0.0,0.3453758002047841,0.38388283847837673,38.68748868043531,116.06246604130592,8618.317236216504,502.2981867901218,1.0,-166.70423642332875,-8.477791328744505,-38.68748868043531
62,capped,node-004,0.0,0.0,0.0,0.0,0.0,0.0,0.0,0.0,8618.317236216504,502.2981867901218,1.0,-68.36061146389474,0.0,0.0
62,capped,node-005,0.0,0.0,33.32950832334096,0.0,0.0,33329.50832334096,0.0,0.0,8618.317236216504,502.2981867901218,1.0,-110.18896149240355,0.0,0.0
62,capped,node-006,12.12786504901364,177.80130297457052,177.80130297457052,12127.865049013639,177801.3029745705,177801.3029745705,0.0,0.0,8618.317236216504,502.2981867901218,1.0,-110.04033133034699,0.0,0.0
62,capped,node-007,0.0,89.77748361183552,89.77748361183552,0.0,89777.48361183552,89777.48361183552,0.0,0.0,8618.317236216504,502.2981867901218,1.0,-90.3089942521969,0.0,0.0
62,capped,node-008,0.0,0.0,0.0,0.0,0.0,0.0,0.0,0.0,8618.317236216504,502.2981867901218,1.0,0.0,0.0,0.0
62,capped,node-009,0.0,0.0,0.0,0.0,0.0,0.0,0.0,0.0,8618.317236216504,502.2981867901218,1.0,0.0,0.0,0.0
62,capped,node-010,0.0,0.0,0.0,0.0,0.0,0.0,0.0,0.0,8618.317236216504,502.2981867901218,1.0,-109.18087558962378,0.0,0.0
62,capped,node-011,0.0,0.0,0.0,0.0,0.0,0.0,0.0,0.0,8618.317236216504,502.2981867901218,1.0,0.0,0.0,0.0
62,capped,node-012,0.0,0.0,0.0,0.0,0.0,0.0,0.0,0.0,8618.317236216504,502.2981867901218,1.0,0.0,0.0,0.0
62,capped,node-013,0.0,73.22925446960377,73.22925446960377,0.0,73229.25446960377,73229.25446960377,0.0,0.0,8618.317236216504,502.2981867901218,1.0,-115.87332035440117,0.0,0.0
62,capped,node-014,0.0,0.0,0.0,0.0,0.0,0.0,0.0,0.0,8618.317236216504,502.2981867901218,1.0,0.0,0.0,0.0
62,capped,node-015,0.0,106.91147045339932,106.91147045339932,0.0,106911.47045339932,106911.47045339932,0.0,0.0,8618.317236216504,502.2981867901218,1.0,-101.70241921529227,0.0,0.0
62,capped,node-016,0.0,0.0,54.21477838782851,0.0,0.0,54214.77838782851,0.0,0.0,8618.317236216504,502.2981867901218,1.0,-108.42955677565705,0.0,0.0
62,capped,node-017,0.0,0.0,0.0,0.0,0.0,0.0,0.0,0.0,8618.317236216504,502.2981867901218,1.0,-62.132430435558156,0.0,0.0
62,capped,node-018,0.0,0.0,0.0,0.0,0.0,0.0,0.0,0.0,8618.317236216504,502.2981867901218,1.0,-43.16526849256792,0.0,0.0
62,capped,node-019,0.0,0.0,0.0,0.0,0.0,0.0,0.0,0.0,8618.317236216504,502.2981867901218,1.0,0.0,0.0,0.0
62,capped,node-020,0.0,0.0,0.0,0.0,0.0,0.0,0.0,0.0,8618.317236216504,502.2981867901218,1.0,-134.36682890333458,0.0,0.0
62,capped,node-021,0.0,0.0,0.0,0.0,0.0,0.0,0.0,0.0,8618.317236216504,502.2981867901218,1.0,0.0,0.0,0.0
62,capped,node-022,0.0,0.0,0.0,0.0,0.0,0.0,0.0,0.0,8618.317236216504,502.2981867901218,1.0,0.0,0.0,0.0
62,capped,node-023,0.0,0.0,0.0,0.0,0.0,0.0,0.0,0.0,8618.317236216504,502.2981867901218,1.0,0.0,0.0,0.0
62,capped,node-024,0.0,101.7446065440856,150.53306665767838,0.0,101744.6065440856,150533.06665767837,0.0,0.0,8618.317236216504,502.2981867901218,1.0,-74.55540215195089,0.0,0.0
62,capped,node-025,0.0,0.0,4.173765862425276,0.0,0.0,4173.765862425275,0.0,0.0,8618.317236216504,502.2981867901218,1.0,-68.18937355071954,0.0,0.0
62,capped,node-026,57.84733691641276,0.0,184.8892997999659,0.14977210498361215,0.0,0.4786954956975784,128.74524024960533,386.2357207488159,8618.317236216504,502.2981867901218,1.0,-216.03255406085546,-38.62357207488162,-128.74524024960533
62,capped,node-027,0.0,111.74388350281072,198.13631326478117,0.0,111743.88350281071,198136.31326478117,0.0,0.0,8618.317236216504,502.2981867901218,1.0,-85.80028140232241,0.0,0.0
62,capped,node-028,0.0,145.4294238920835,194.290250163642,0.0,145429.4238920835,194290.25016364202,0.0,0.0,8618.317236216504,502.2981867901218,1.0,-98.53071340050279,0.0,0.0
62,capped,node-029,0.0,0.0,0.0,0.0,0.0,0.0,0.0,0.0,8618.317236216504,502.2981867901218,1.0,0.0,0.0,0.0
62,proper_scoring,node-000,0.0,0.0,0.0,0.0,0.0,0.0,0.0,0.0,8618.317236216504,1398.7449086922775,1.0,0.0,0.0,0.0
62,proper_scoring,node-001,0.0,0.0,0.0,0.0,0.0,0.0,0.0,0.0,8618.317236216504,1398.7449086922775,1.0,0.0,0.0,0.0
62,proper_scoring,node-002,494.3904373530733,817.3037934226859,817.3037934226859,494390.4373530733,817303.7934226858,817303.7934226858,0.0,0.0,8618.317236216504,1398.7449086922775,1.0,-224.86594261437529,-15.75249596616005,0.0
62,proper_scoring,node-003,431.8432154709798,241.05353248655098,575.2202286049101,0.8383773274368791,0.46797960253904786,1.1167284344607766,437.7191232766409,515.0941006375116,8618.317236216504,1398.7449086922775,1.0,-919.9533093821685,41.40116299578119,-437.7191232766409
62,proper_scoring,node-004,0.0,0.0,80.98814715634556,0.0,0.0,80988.14715634556,0.0,0.0,8618.317236216504,1398.7449086922775,1.0,-191.05671636193415,0.0,0.0
62,proper_scoring,node-005,0.0,0.0,83.32950832334097,0.0,0.0,83329.50832334097,0.0,0.0,8618.317236216504,1398.7449086922775,1.0,-390.77879602956835,0.0,0.0
62,proper_scoring,node-006,504.48451901177407,777.8013029745705,1003.763619224844,504484.51901177404,777801.3029745704,1003763.6192248439,0.0,0.0,8618.317236216504,1398.7449086922775,1.0,-434.9916163336418,0.0,0.0
62,proper_scoring,node-007,0.0,239.77748361183552,259.69100574780305,0.0,239777.48361183552,259691.00574780305,0.0,0.0,8618.317236216504,1398.7449086922775,1.0,-361.2359770087877,0.0,0.0
62,proper_scoring,node-008,0.0,0.0,0.0,0.0,0.0,0.0,0.0,0.0,8618.317236216504,1398.7449086922775,1.0,0.0,0.0,0.0
62,proper_scoring,node-009,0.0,0.0,0.0,0.0,0.0,0.0,0.0,0.0,8618.317236216504,1398.7449086922775,1.0,0.0,0.0,0.0
62,proper_scoring,node-010,0.0,0.0,90.81912441037622,0.0,0.0,90819.12441037621,0.0,0.0,8618.317236216504,1398.7449086922775,1.0,-309.1808755896238,0.0,0.0
62,proper_scoring,node-011,0.0,0.0,0.0,0.0,0.0,0.0,0.0,0.0,8618.317236216504,1398.7449086922775,1.0,0.0,0.0,0.0
62,proper_scoring,node-012,0.0,0.0,0.0,0.0,0.0,0.0,0.0,0.0,8618.317236216504,1398.7449086922775,1.0,0.0,0.0,0.0
62,proper_scoring,node-013,0.0,173.2292544696038,232.21142279443976,0.0,173229.2544696038,232211.42279443974,0.0,0.0,8618.317236216504,1398.7449086922775,1.0,-453.64939971319905,0.0,0.0
62,proper_scoring,node-014,0.0,0.0,0.0,0.0,0.0,0.0,0.0,0.0,8618.317236216504,1398.7449086922775,1.0,0.0,0.0,0.0
62,proper_scoring,node-015,0.0,306.9114704533993,335.49584231585027,0.0,306911.4704533993,335495.84231585026,0.0,0.0,8618.317236216504,1398.7449086922775,1.0,-406.49679461745785,0.0,0.0
62,proper_scoring,node-016,223.80909222975993,0.0,468.42641371227893,223809.09222975993,0.0,468426.41371227894,0.0,0.0,8618.317236216504,1398.7449086922775,1.0,-405.1630936380342,0.0,0.0
62,proper_scoring,node-017,0.0,0.0,87.18563482744457,0.0,0.0,87185.63482744458,0.0,0.0,8618.317236216504,1398.7449086922775,1.0,-184.20804271760272,0.0,0.0
62,proper_scoring,node-018,0.0,0.0,6.834731507432082,0.0,0.0,6834.731507432081,0.0,0.0,8618.317236216504,1398.7449086922775,1.0,-93.16526849256792,0.0,0.0
62,proper_scoring,node-019,0.0,0.0,0.0,0.0,0.0,0.0,0.0,0.0,8618.317236216504,1398.7449086922775,1.0,0.0,0.0,0.0
62,proper_scoring,node-020,0.0,0.0,126.53016908957726,0.0,0.0,126530.16908957725,0.0,0.0,8618.317236216504,1398.7449086922775,1.0,-446.4291684819879,0.0,0.0
62,proper_scoring,node-021,0.0,0.0,0.0,0.0,0.0,0.0,0.0,0.0,8618.317236216504,1398.7449086922775,1.0,0.0,0.0,0.0
62,proper_scoring,node-022,0.0,0.0,0.0,0.0,0.0,0.0,0.0,0.0,8618.317236216504,1398.7449086922775,1.0,0.0,0.0,0.0
62,proper_scoring,node-023,0.0,0.0,0.0,0.0,0.0,0.0,0.0,0.0,8618.317236216504,1398.7449086922775,1.0,0.0,0.0,0.0
62,proper_scoring,node-024,0.0,312.212424111196,331.90829486297577,0.0,312212.424111196,331908.2948629758,0.0,0.0,8618.317236216504,1398.7449086922775,1.0,-298.22160860780355,0.0,0.0
62,proper_scoring,node-025,215.32901764248075,0.0,489.09497883550296,215329.01764248076,0.0,489094.97883550293,0.0,0.0,8618.317236216504,1398.7449086922775,1.0,-272.7574942028781,0.0,0.0
62,proper_scoring,node-026,231.64102451449946,2.58491269404999,316.2497683153176,0.2621409072486731,0.0029252649015738636,0.3578899780689358,626.1603275555553,883.650808054766,8618.317236216504,1398.7449086922775,1.0,-975.3095828005559,-38.62357207488162,-626.1603275555553
62,proper_scoring,node-027,0.0,436.0678735739583,602.521586593961,0.0,436067.8735739583,602521.586593961,0.0,0.0,8618.317236216504,1398.7449086922775,1.0,-343.20112560928965,0.0,0.0
62,proper_scoring,node-028,129.92915238618662,417.96559314232195,494.29025016364204,129929.15238618662,417965.5931423219,494290.25016364205,0.0,0.0,8618.317236216504,1398.7449086922775,1.0,-394.1228536020112,0.0,0.0
62,proper_scoring,node-029,0.0,0.0,0.0,0.0,0.0,0.0,0.0,0.0,8618.317236216504,1398.7449086922775,1.0,0.0,0.0,0.0
62,audits,node-000,0.0,0.0,0.0,0.0,0.0,0.0,0.0,0.0,8618.317236216504,1398.7449086922775,1.0,0.0,0.0,0.0
62,audits,node-001,0.0,0.0,0.0,0.0,0.0,0.0,0.0,0.0,8618.317236216504,1398.7449086922775,1.0,0.0,0.0,0.0
62,audits,node-002,433.53873147533517,659.9071442416355,741.912911061328,433538.73147533514,659907.1442416355,741912.911061328,0.0,0.0,8618.317236216504,1398.7449086922775,1.0,-1556.2164856535937,-67.15270426420217,0.0
62,audits,node-003,431.8432154709798,241.05353248655098,575.2202286049101,0.8383773274368791,0.46797960253904786,1.1167284344607766,437.7191232766409,515.0941006375116,8618.317236216504,1398.7449086922775,1.0,-2065.7358710195344,41.40116299578119,-437.7191232766409
62,audits,node-004,0.0,0.0,80.98814715634556,0.0,0.0,80988.14715634556,0.0,0.0,8618.317236216504,1398.7449086922775,1.0,-191.05671636193415,0.0,0.0
62,audits,node-005,0.0,0.0,83.32950832334097,0.0,0.0,83329.50832334097,0.0,0.0,8618.317236216504,1398.7449086922775,1.0,-410.18896149240356,0.0,0.0
62,audits,node-006,504.48451901177407,777.8013029745705,1003.763619224844,504484.51901177404,777801.3029745704,1003763.6192248439,0.0,0.0,8618.317236216504,1398.7449086922775,1.0,-1610.040331330347,0.0,0.0
62,audits,node-007,0.0,239.77748361183552,259.69100574780305,0.0,239777.48361183552,259691.00574780305,0.0,0.0,8618.317236216504,1398.7449086922775,1.0,-440.30899425219684,0.0,0.0
62,audits,node-008,0.0,0.0,0.0,0.0,0.0,0.0,0.0,0.0,8618.317236216504,1398.7449086922775,1.0,0.0,0.0,0.0
62,audits,node-009,0.0,0.0,0.0,0.0,0.0,0.0,0.0,0.0,8618.317236216504,1398.7449086922775,1.0,0.0,0.0,0.0
62,audits,node-010,0.0,0.0,90.81912441037622,0.0,0.0,90819.12441037621,0.0,0.0,8618.317236216504,1398.7449086922775,1.0,-309.1808755896238,0.0,0.0
62,audits,node-011,0.0,0.0,0.0,0.0,0.0,0.0,0.0,0.0,8618.317236216504,1398.7449086922775,1.0,0.0,0.0,0.0
62,audits,node-012,0.0,0.0,0.0,0.0,0.0,0.0,0.0,0.0,8618.317236216504,1398.7449086922775,1.0,0.0,0.0,0.0
62,audits,node-013,0.0,173.2292544696038,232.21142279443976,0.0,173229.2544696038,232211.42279443974,0.0,0.0,8618.317236216504,1398.7449086922775,1.0,-565.8733203544012,0.0,0.0
62,audits,node-014,0.0,0.0,0.0,0.0,0.0,0.0,0.0,0.0,8618.317236216504,1398.7449086922775,1.0,0.0,0.0,0.0
62,audits,node-015,0.0,306.9114704533993,335.49584231585027,0.0,306911.4704533993,335495.84231585026,0.0,0.0,8618.317236216504,1398.7449086922775,1.0,-601.7024192152924,0.0,0.0
62,audits,node-016,209.50417326743656,0.0,454.21477838782846,209504.17326743656,0.0,454214.77838782844,0.0,0.0,8618.317236216504,1398.7449086922775,1.0,-608.4295567756569,0.0,0.0
62,audits,node-017,0.0,0.0,87.18563482744457,0.0,0.0,87185.63482744458,0.0,0.0,8618.317236216504,1398.7449086922775,1.0,-184.20804271760272,0.0,0.0
62,audits,node-018,0.0,0.0,6.834731507432082,0.0,0.0,6834.731507432081,0.0,0.0,8618.317236216504,1398.7449086922775,1.0,-93.16526849256792,0.0,0.0
62,audits,node-019,0.0,0.0,0.0,0.0,0.0,0.0,0.0,0.0,8618.317236216504,1398.7449086922775,1.0,0.0,0.0,0.0
62,audits,node-020,0.0,0.0,115.63317109666541,0.0,0.0,115633.1710966654,0.0,0.0,8618.317236216504,1398.7449086922775,1.0,-484.3668289033345,0.0,0.0
62,audits,node-021,0.0,0.0,0.0,0.0,0.0,0.0,0.0,0.0,8618.317236216504,1398.7449086922775,1.0,0.0,0.0,0.0
62,audits,node-022,0.0,0.0,0.0,0.0,0.0,0.0,0.0,0.0,8618.317236216504,1398.7449086922775,1.0,0.0,0.0,0.0
62,audits,node-023,0.0,0.0,0.0,0.0,0.0,0.0,0.0,0.0,8618.317236216504,1398.7449086922775,1.0,0.0,0.0,0.0
62,audits,node-024,0.0,301.7446065440857,331.90829486297577,0.0,301744.60654408566,331908.2948629758,0.0,0.0,8618.317236216504,1398.7449086922775,1.0,-574.555402151951,0.0,0.0
62,audits,node-025,198.37194581118635,0.0,431.8106264492805,198371.94581118634,0.0,431810.6264492805,0.0,0.0,8618.317236216504,1398.7449086922775,1.0,-1268.18937355072,0.0,0.0
62,audits,node-026,231.64102451449946,2.58491269404999,316.2497683153176,0.2621409072486731,0.0029252649015738636,0.3578899780689358,626.1603275555553,883.650808054766,8618.317236216504,1398.7449086922775,1.0,-2163.4476413668053,-38.62357207488162,-626.1603275555553
62,audits,node-027,0.0,411.7438835028107,464.19971859767753,0.0,411743.8835028107,464199.71859767754,0.0,0.0,8618.317236216504,1398.7449086922775,1.0,-1535.8002814023228,0.0,0.0
62,audits,node-028,129.92915238618662,345.4294238920835,494.29025016364204,129929.15238618662,345429.42389208346,494290.25016364205,0.0,0.0,8618.317236216504,1398.7449086922775,1.0,-1548.530713400503,0.0,0.0
62,audits,node-029,0.0,0.0,0.0,0.0,0.0,0.0,0.0,0.0,8618.317236216504,1398.7449086922775,1.0,0.0,0.0,0.0
63,greedy,node-000,0.0,0.0,0.0,0.0,0.0,0.0,27.499546791809045,82.49864037542714,7002.30667847455,206.40733565765015,0.75,-66.13648823268039,4.151970116101438,-27.499546791809045
63,greedy,node-001,0.0,0.0,0.0,0.0,0.0,0.0,0.0,0.0,7002.30667847455,206.40733565765015,0.75,0.0,0.0,-38.636941440871354
63,greedy,node-002,0.0,0.0,0.0,0.0,0.0,0.0,0.0,0.0,7002.30667847455,206.40733565765015,0.75,0.0,0.0,-38.636941440871354
63,greedy,node-003,0.0,0.0,0.0,0.0,0.0,0.0,0.0,0.0,7002.30667847455,206.40733565765015,0.75,0.0,0.0,-38.636941440871354
63,greedy,node-004,0.0,0.0,0.0,0.0,0.0,0.0,0.0,0.0,7002.30667847455,206.40733565765015,0.75,-29.311191413175493,0.0,-38.636941440871354
63,greedy,node-005,0.0,0.0,0.0,0.0,0.0,0.0,0.0,0.0,7002.30667847455,206.40733565765015,0.75,0.0,0.0,-38.636941440871354
63,greedy,node-006,0.0,0.0,0.0,0.0,0.0,0.0,0.0,0.0,7002.30667847455,206.40733565765015,0.75,0.0,0.0,-38.636941440871354
63,greedy,node-007,0.0,0.0,0.0,0.0,0.0,0.0,17.094572915009074,51.28371874502723,7002.30667847455,206.40733565765015,0.75,-58.506037204279494,15.532393833355336,-55.73151435588043
63,greedy,node-008,0.0,0.0,0.0,0.0,0.0,0.0,0.0,0.0,7002.30667847455,206.40733565765015,0.75,0.0,0.0,-38.636941440871354
63,greedy,node-009,0.0,0.0,0.0,0.0,0.0,0.0,0.0,0.0,7002.30667847455,206.40733565765015,0.75,0.0,0.0,-38.636941440871354
63,greedy,node-010,0.0,0.0,0.0,0.0,0.0,0.0,0.0,0.0,7002.30667847455,206.40733565765015,0.75,0.0,0.0,-38.636941440871354
63,greedy,node-011,0.0,0.0,0.0,0.0,0.0,0.0,0.0,0.0,7002.30667847455,206.40733565765015,0.75,0.0,0.0,-38.636941440871354
63,greedy,node-012,0.0,0.0,0.0,0.0,0.0,0.0,0.0,0.0,7002.30667847455,206.40733565765015,0.75,0.0,0.0,-38.636941440871354
63,greedy,node-013,0.0,0.0,0.0,0.0,0.0,0.0,0.0,0.0,7002.30667847455,206.40733565765015,0.75,0.0,0.0,-38.636941440871354
63,greedy,node-014,0.0,0.0,0.0,0.0,0.0,0.0,0.0,0.0,7002.30667847455,206.40733565765015,0.75,0.0,0.0,-38.636941440871354
63,greedy,node-015,0.0,0.0,0.0,0.0,0.0,0.0,0.0,0.0,7002.30667847455,206.40733565765015,0.75,0.0,0.0,-38.636941440871354
63,greedy,node-016,0.0,0.0,0.0,0.0,0.0,0.0,0.0,0.0,7002.30667847455,206.40733565765015,0.75,0.0,0.0,-38.636941440871354
63,greedy,node-017,0.0,0.0,0.0,0.0,0.0,0.0,0.0,0.0,7002.30667847455,206.40733565765015,0.75,0.0,0.0,-38.636941440871354
63,greedy,node-018,0.0,0.0,0.0,0.0,0.0,0.0,0.0,0.0,7002.30667847455,206.40733565765015,0.75,0.0,0.0,-38.636941440871354
63,greedy,node-019,0.0,0.0,0.0,0.0,0.0,0.0,0.0,0.0,7002.30667847455,206.40733565765015,0.75,0.0,0.0,-38.636941440871354
63,greedy,node-020,0.0,0.0,0.0,0.0,0.0,0.0,0.0,0.0,7002.30667847455,206.40733565765015,0.75,0.0,0.0,-38.636941440871354
63,greedy,node-021,0.0,0.0,0.0,0.0,0.0,0.0,0.0,0.0,7002.30667847455,206.40733565765015,0.75,0.0,0.0,-38.636941440871354
63,greedy,node-022,2.0557984602046915,0.0,2.0557984602046915,2055.7984602046913,0.0,2055.7984602046913,0.0,0.0,7002.30667847455,206.40733565765015,0.75,-54.83937243104493,0.0,-38.636941440871354
63,greedy,node-023,0.0,0.0,0.0,0.0,0.0,0.0,0.0,0.0,7002.30667847455,206.40733565765015,0.75,0.0,0.0,-38.636941440871354
63,greedy,node-024,0.0,0.0,0.0,0.0,0.0,0.0,0.0,0.0,7002.30667847455,206.40733565765015,0.75,0.0,0.0,-38.636941440871354
63,greedy,node-025,0.0,0.0,0.0,0.0,0.0,0.0,0.0,0.0,7002.30667847455,206.40733565765015,0.75,0.0,0.0,-38.636941440871354
63,greedy,node-026,0.0,0.0,0.0,0.0,0.0,0.0,0.0,0.0,7002.30667847455,206.40733565765015,0.75,0.0,0.0,-38.636941440871354
63,greedy,node-027,0.0,0.0,0.0,0.0,0.0,0.0,0.0,0.0,7002.30667847455,206.40733565765015,0.75,0.0,0.0,-38.636941440871354
63,greedy,node-028,0.0,0.0,0.0,0.0,0.0,0.0,0.0,0.0,7002.30667847455,206.40733565765015,0.75,-14.766550248650692,0.0,-38.636941440871354
63,greedy,node-029,5.239145484568638,0.0,5.239145484568638,0.0721397201675561,0.0,0.0721397201675561,24.208325512398623,72.62497653719588,7002.30667847455,206.40733565765015,0.75,-54.30375623899765,-2.6085612440328063,-62.84526695326998
63,trust_vcg,node-000,120.73242751336099,231.99493179877496,237.0621351829665,0.3733930583607085,0.7174981808341597,0.7331696835772784,245.2789510829679,323.33870384041785,8390.279181083066,767.2943578617292,0.95,-11283.915892523837,42.221451862424686,-245.2789510829679
63,trust_vcg,node-001,0.0,0.0,128.00562515436982,0.0,0.0,128005.62515436982,0.0,0.0,8390.279181083066,767.2943578617292,0.95,-2271.99437484563,0.0,366.0113785963289
63,trust_vcg,node-002,0.0,0.0,0.0,0.0,0.0,0.0,0.0,0.0,8390.279181083066,767.2943578617292,0.95,0.0,0.0,366.0113785963289
63,trust_vcg,node-003,0.0,0.0,0.0,0.0,0.0,0.0,0.0,0.0,8390.279181083066,767.2943578617292,0.95,0.0,0.0,366.0113785963289
63,trust_vcg,node-004,0.0,0.0,0.0,0.0,0.0,0.0,0.0,0.0,8390.279181083066,767.2943578617292,0.95,-9835.98706121147,0.0,366.0113785963289
63,trust_vcg,node-005,0.0,0.0,0.0,0.0,0.0,0.0,0.0,0.0,8390.279181083066,767.2943578617292,0.95,0.0,0.0,366.0113785963289
63,trust_vcg,node-006,0.0,0.0,0.0,0.0,0.0,0.0,0.0,0.0,8390.279181083066,767.2943578617292,0.95,0.0,0.0,366.0113785963289
63,trust_vcg,node-007,93.58282637688282,0.0,93.58282637688282,93582.82637688282,0.0,93582.82637688282,0.0,0.0,8390.279181083066,767.2943578617292,0.95,-11041.411464289267,0.0,366.0113785963289
63,trust_vcg,node-008,0.0,0.0,0.0,0.0,0.0,0.0,0.0,0.0,8390.279181083066,767.2943578617292,0.95,0.0,0.0,366.0113785963289
63,trust_vcg,node-009,0.0,0.0,0.0,0.0,0.0,0.0,0.0,0.0,8390.279181083066,767.2943578617292,0.95,0.0,0.0,366.0113785963289
63,trust_vcg,node-010,0.0,0.0,0.0,0.0,0.0,0.0,0.0,0.0,8390.279181083066,767.2943578617292,0.95,0.0,0.0,366.0113785963289
63,trust_vcg,node-011,0.0,0.0,95.03918893893538,0.0,0.0,95039.18893893537,0.0,0.0,8390.279181083066,767.2943578617292,0.95,-5562.168107405951,0.0,366.0113785963289
63,trust_vcg,node-012,0.0,0.0,101.45119902804764,0.0,0.0,101451.19902804763,0.0,0.0,8390.279181083066,767.2943578617292,0.95,-5563.715250350473,0.0,366.0113785963289
63,trust_vcg,node-013,199.60573623344192,119.79531545159466,251.37559288791897,0.4496073750281827,0.2698362198262353,0.5662177981313693,281.2837665425192,443.9556540213115,8390.279181083066,767.2943578617292,0.95,-5846.602485403397,89.3933250580451,84.72761205380971
63,trust_vcg,node-014,0.0,0.0,135.5219039669971,0.0,0.0,135521.90396699708,0.0,0.0,8390.279181083066,767.2943578617292,0.95,-2264.478096033003,0.0,366.0113785963289
63,trust_vcg,node-015,0.0,0.0,0.0,0.0,0.0,0.0,0.0,0.0,8390.279181083066,767.2943578617292,0.95,0.0,0.0,366.0113785963289
63,trust_vcg,node-016,0.0,0.0,0.0,0.0,0.0,0.0,0.0,0.0,8390.279181083066,767.2943578617292,0.95,0.0,0.0,366.0113785963289
63,trust_vcg,node-017,0.0,0.0,0.0,0.0,0.0,0.0,0.0,0.0,8390.279181083066,767.2943578617292,0.95,0.0,0.0,366.0113785963289
63,trust_vcg,node-018,0.0,0.0,0.0,0.0,0.0,0.0,0.0,0.0,8390.279181083066,767.2943578617292,0.95,-5581.689955736441,0.0,366.0113785963289
63,trust_vcg,node-019,290.2622805441838,285.9680343835207,483.35024584572915,290262.2805441838,285968.0343835207,483350.24584572914,0.0,0.0,8390.279181083066,767.2943578617292,0.95,-5570.462388777729,0.0,366.0113785963289
63,trust_vcg,node-020,0.0,0.0,0.0,0.0,0.0,0.0,0.0,0.0,8390.279181083066,767.2943578617292,0.95,0.0,0.0,366.0113785963289
63,trust_vcg,node-021,0.0,0.0,49.58999638602262,0.0,0.0,49589.99638602262,0.0,0.0,8390.279181083066,767.2943578617292,0.95,-1150.4100036139776,0.0,366.0113785963289
63,trust_vcg,node-022,0.0,0.0,0.0,0.0,0.0,0.0,0.0,0.0,8390.279181083066,767.2943578617292,0.95,-11056.43181967614,0.0,366.0113785963289
63,trust_vcg,node-023,0.0,0.0,0.0,0.0,0.0,0.0,0.0,0.0,8390.279181083066,767.2943578617292,0.95,-2280.6057270459787,0.0,366.0113785963289
63,trust_vcg,node-024,0.0,0.0,0.0,0.0,0.0,0.0,0.0,0.0,8390.279181083066,767.2943578617292,0.95,0.0,0.0,366.0113785963289
63,trust_vcg,node-025,0.0,0.0,19.26634968892141,0.0,0.0,19266.349688921408,0.0,0.0,8390.279181083066,767.2943578617292,0.95,-580.7336503110786,0.0,366.0113785963289
63,trust_vcg,node-026,0.0,0.0,0.0,0.0,0.0,0.0,0.0,0.0,8390.279181083066,767.2943578617292,0.95,0.0,0.0,366.0113785963289
63,trust_vcg,node-027,0.0,0.0,225.2617030587042,0.0,0.0,225261.70305870418,0.0,0.0,8390.279181083066,767.2943578617292,0.95,-5033.567778307703,0.0,366.0113785963289
63,trust_vcg,node-028,189.85308798663908,0.0,393.1884623930891,189853.0879866391,0.0,393188.4623930891,0.0,0.0,8390.279181083066,767.2943578617292,0.95,-9419.186657915325,0.0,366.0113785963289
63,trust_vcg,node-029,0.0,0.0,85.60379534968666,0.0,0.0,85603.79534968667,0.0,0.0,8390.279181083066,767.2943578617292,0.95,-5467.122652232362,0.0,366.0113785963289
63,contingent,node-000,0.0,38.24400650301771,196.09081724732474,0.0,0.3592432161710792,1.841969560484876,28.39739042992506,106.45714318737505,8390.279181083066,350.4649744055636,0.95,-182.9451561934105,-6.315110875934515,-28.39739042992506
63,contingent,node-001,0.0,0.0,0.0,0.0,0.0,0.0,0.0,0.0,8390.279181083066,350.4649744055636,0.95,-287.97749938252065,0.0,-43.95318441527132
63,contingent,node-002,0.0,0.0,0.0,0.0,0.0,0.0,0.0,0.0,8390.279181083066,350.4649744055636,0.95,0.0,0.0,-43.95318441527132
63,contingent,node-003,0.0,0.0,0.0,0.0,0.0,0.0,0.0,0.0,8390.279181083066,350.4649744055636,0.95,0.0,0.0,-43.95318441527132
63,contingent,node-004,0.0,0.0,0.0,0.0,0.0,0.0,0.0,0.0,8390.279181083066,350.4649744055636,0.95,-268.35971927502027,0.0,-43.95318441527132
63,contingent,node-005,0.0,0.0,0.0,0.0,0.0,0.0,0.0,0.0,8390.279181083066,350.4649744055636,0.95,0.0,0.0,-43.95318441527132
63,contingent,node-006,0.0,0.0,0.0,0.0,0.0,0.0,0.0,0.0,8390.279181083066,350.4649744055636,0.95,0.0,0.0,-43.95318441527132
63,contingent,node-007,0.7988090311006415,24.681641320188497,139.5772182337242,798.8090311006415,24681.641320188497,139577.2182337242,0.0,0.0,8390.279181083066,350.4649744055636,0.95,-165.64585715708165,0.0,-43.95318441527132
63,contingent,node-008,0.0,0.0,0.0,0.0,0.0,0.0,0.0,0.0,8390.279181083066,350.4649744055636,0.95,0.0,0.0,-43.95318441527132
63,contingent,node-009,0.0,0.0,0.0,0.0,0.0,0.0,0.0,0.0,8390.279181083066,350.4649744055636,0.95,0.0,0.0,-43.95318441527132
63,contingent,node-010,0.0,0.0,0.0,0.0,0.0,0.0,0.0,0.0,8390.279181083066,350.4649744055636,0.95,0.0,0.0,-43.95318441527132
63,contingent,node-011,0.0,65.83968601670125,65.83968601670125,0.0,65839.68601670125,65839.68601670125,0.0,0.0,8390.279181083066,350.4649744055636,0.95,-248.67242962380138,0.0,-43.95318441527132
63,contingent,node-012,0.0,14.696501264703418,51.45119902804764,0.0,14696.501264703418,51451.19902804764,0.0,0.0,8390.279181083066,350.4649744055636,0.95,-254.86100140189262,0.0,-43.95318441527132
63,contingent,node-013,0.0,19.743138254717692,19.743138254717692,0.0,0.0809119041636973,0.0809119041636973,81.33594373939617,244.00783121818847,8390.279181083066,350.4649744055636,0.95,-342.61081918290176,-10.580586343516458,-125.2891281546675
63,contingent,node-014,0.0,0.0,9.937891391336379,0.0,0.0,9937.89139133638,0.0,0.0,8390.279181083066,350.4649744055636,0.95,-257.91238413201165,0.0,-43.95318441527132
63,contingent,node-015,0.0,0.0,0.0,0.0,0.0,0.0,0.0,0.0,8390.279181083066,350.4649744055636,0.95,0.0,0.0,-43.95318441527132
63,contingent,node-016,0.0,0.0,0.0,0.0,0.0,0.0,0.0,0.0,8390.279181083066,350.4649744055636,0.95,0.0,0.0,-43.95318441527132
63,contingent,node-017,0.0,0.0,0.0,0.0,0.0,0.0,0.0,0.0,8390.279181083066,350.4649744055636,0.95,0.0,0.0,-43.95318441527132
63,contingent,node-018,0.0,0.0,0.0,0.0,0.0,0.0,0.0,0.0,8390.279181083066,350.4649744055636,0.95,-326.75982294576454,0.0,-43.95318441527132
63,contingent,node-019,0.0,85.9680343835207,85.9680343835207,0.0,85968.0343835207,85968.0343835207,0.0,0.0,8390.279181083066,350.4649744055636,0.95,-281.84955511091545,0.0,-43.95318441527132
63,contingent,node-020,0.0,0.0,0.0,0.0,0.0,0.0,0.0,0.0,8390.279181083066,350.4649744055636,0.95,0.0,0.0,-43.95318441527132
63,contingent,node-021,0.0,0.0,0.0,0.0,0.0,0.0,0.0,0.0,8390.279181083066,350.4649744055636,0.95,-201.64001445590955,0.0,-43.95318441527132
63,contingent,node-022,0.0,26.5515377976727,94.87734786357447,0.0,26551.5377976727,94877.34786357447,0.0,0.0,8390.279181083066,350.4649744055636,0.95,-225.72727870456634,0.0,-43.95318441527132
63,contingent,node-023,0.0,0.0,0.0,0.0,0.0,0.0,0.0,0.0,8390.279181083066,350.4649744055636,0.95,-322.4229081839139,0.0,-43.95318441527132
63,contingent,node-024,0.0,0.0,0.0,0.0,0.0,0.0,0.0,0.0,8390.279181083066,350.4649744055636,0.95,0.0,0.0,-43.95318441527132
63,contingent,node-025,0.0,0.0,0.0,0.0,0.0,0.0,0.0,0.0,8390.279181083066,350.4649744055636,0.95,-122.93460124431432,0.0,-43.95318441527132
63,contingent,node-026,0.0,0.0,0.0,0.0,0.0,0.0,0.0,0.0,8390.279181083066,350.4649744055636,0.95,0.0,0.0,-43.95318441527132
63,contingent,node-027,0.0,0.0,25.261703058704192,0.0,0.0,25261.70305870419,0.0,0.0,8390.279181083066,350.4649744055636,0.95,-334.27111323081334,0.0,-43.95318441527132
63,contingent,node-028,0.0,0.0,4.023751176732333,0.0,0.0,4023.7511767323326,0.0,0.0,8390.279181083066,350.4649744055636,0.95,-276.7466316612979,0.0,-43.95318441527132
63,contingent,node-029,0.0,0.9190017356873383,35.715595878348,0.0,919.0017356873383,35715.595878347995,0.0,0.0,8390.279181083066,350.4649744055636,0.95,-131.5112761751517,0.0,-43.95318441527132
63,capped,node-000,2.0413198544841435,38.244006503017715,206.72330319612468,0.01743382287179416,0.32662163835654495,1.765513348374397,39.02987637872499,117.08962913617499,8390.279181083066,361.09746035436353,0.95,-77.66681781959635,-7.378359470814509,-39.02987637872499
63,capped,node-001,0.0,0.0,0.0,0.0,0.0,0.0,0.0,0.0,8390.279181083066,361.09746035436353,0.95,-71.99437484563018,0.0,-38.636941440871354
63,capped,node-002,0.0,0.0,0.0,0.0,0.0,0.0,0.0,0.0,8390.279181083066,361.09746035436353,0.95,0.0,0.0,-38.636941440871354
63,capped,node-003,0.0,0.0,0.0,0.0,0.0,0.0,0.0,0.0,8390.279181083066,361.09746035436353,0.95,0.0,0.0,-38.636941440871354
63,capped,node-004,0.0,0.0,20.835905901877474,0.0,0.0,20835.905901877475,0.0,0.0,8390.279181083066,361.09746035436353,0.95,-67.08992981875508,0.0,-38.636941440871354
63,capped,node-005,0.0,0.0,0.0,0.0,0.0,0.0,0.0,0.0,8390.279181083066,361.09746035436353,0.95,0.0,0.0,-38.636941440871354
63,capped,node-006,0.0,0.0,0.0,0.0,0.0,0.0,0.0,0.0,8390.279181083066,361.09746035436353,0.95,0.0,0.0,-38.636941440871354
63,capped,node-007,0.7988090311006415,82.82292857854083,225.15806997209862,798.8090311006415,82822.92857854083,225158.0699720986,0.0,0.0,8390.279181083066,361.09746035436353,0.95,-41.41146428927042,0.0,-38.636941440871354
63,capped,node-008,0.0,0.0,0.0,0.0,0.0,0.0,0.0,0.0,8390.279181083066,361.09746035436353,0.95,0.0,0.0,-38.636941440871354
63,capped,node-009,0.0,0.0,0.0,0.0,0.0,0.0,0.0,0.0,8390.279181083066,361.09746035436353,0.95,0.0,0.0,-38.636941440871354
63,capped,node-010,0.0,0.0,0.0,0.0,0.0,0.0,0.0,0.0,8390.279181083066,361.09746035436353,0.95,0.0,0.0,-38.636941440871354
63,capped,node-011,0.0,94.69569014389378,94.69569014389378,0.0,94695.69014389378,94695.69014389378,0.0,0.0,8390.279181083066,361.09746035436353,0.95,-62.168107405950344,0.0,-38.636941440871354
63,capped,node-012,0.0,66.14044833595486,93.0204798001035,0.0,66140.44833595486,93020.4798001035,0.0,0.0,8390.279181083066,361.09746035436353,0.95,-63.715250350473156,0.0,-38.636941440871354
63,capped,node-013,0.0,19.743138254717692,19.743138254717692,0.0,0.0809119041636973,0.0809119041636973,81.33594373939617,244.00783121818847,8390.279181083066,361.09746035436353,0.95,-146.65466260027256,-10.580586343516458,-119.97288518026753
63,capped,node-014,0.0,0.0,9.937891391336379,0.0,0.0,9937.89139133638,0.0,0.0,8390.279181083066,361.09746035436353,0.95,-64.47809603300293,0.0,-38.636941440871354
63,capped,node-015,0.0,0.0,0.0,0.0,0.0,0.0,0.0,0.0,8390.279181083066,361.09746035436353,0.95,0.0,0.0,-38.636941440871354
63,capped,node-016,0.0,0.0,0.0,0.0,0.0,0.0,0.0,0.0,8390.279181083066,361.09746035436353,0.95,0.0,0.0,-38.636941440871354
63,capped,node-017,0.0,0.0,0.0,0.0,0.0,0.0,0.0,0.0,8390.279181083066,361.09746035436353,0.95,0.0,0.0,-38.636941440871354
63,capped,node-018,0.0,31.972142270534874,31.972142270534874,0.0,31972.142270534874,31972.142270534874,0.0,0.0,8390.279181083066,361.09746035436353,0.95,-81.68995573644114,0.0,-38.636941440871354
63,capped,node-019,0.0,85.9680343835207,85.9680343835207,0.0,85968.0343835207,85968.0343835207,0.0,0.0,8390.279181083066,361.09746035436353,0.95,-70.46238877772886,0.0,-38.636941440871354
63,capped,node-020,0.0,0.0,0.0,0.0,0.0,0.0,0.0,0.0,8390.279181083066,361.09746035436353,0.95,0.0,0.0,-38.636941440871354
63,capped,node-021,0.0,0.0,0.0,0.0,0.0,0.0,0.0,0.0,8390.279181083066,361.09746035436353,0.95,-50.41000361397738,0.0,-38.636941440871354
63,capped,node-022,0.0,79.6675825278703,150.75415748765252,0.0,79667.5825278703,150754.15748765253,0.0,0.0,8390.279181083066,361.09746035436353,0.95,-56.4318196761416,0.0,-38.636941440871354
63,capped,node-023,0.0,0.0,0.0,0.0,0.0,0.0,0.0,0.0,8390.279181083066,361.09746035436353,0.95,-80.60572704597847,0.0,-38.636941440871354
63,capped,node-024,0.0,0.0,0.0,0.0,0.0,0.0,0.0,0.0,8390.279181083066,361.09746035436353,0.95,0.0,0.0,-38.636941440871354
63,capped,node-025,0.0,0.0,0.0,0.0,0.0,0.0,0.0,0.0,8390.279181083066,361.09746035436353,0.95,-30.733650311078577,0.0,-38.636941440871354
63,capped,node-026,0.0,0.0,0.0,0.0,0.0,0.0,0.0,0.0,8390.279181083066,361.09746035436353,0.95,0.0,0.0,-38.636941440871354
63,capped,node-027,0.0,0.0,25.261703058704192,0.0,0.0,25261.70305870419,0.0,0.0,8390.279181083066,361.09746035436353,0.95,-83.56777830770334,0.0,-38.636941440871354
63,capped,node-028,0.0,0.0,5.608913435635399,0.0,0.0,5608.913435635399,0.0,0.0,8390.279181083066,361.09746035436353,0.95,-69.18665791532446,0.0,-38.636941440871354
63,capped,node-029,0.0,43.0080411767398,77.14201524416362,0.0,43008.0411767398,77142.01524416362,0.0,0.0,8390.279181083066,361.09746035436353,0.95,-32.87781904378792,0.0,-38.636941440871354
63,proper_scoring,node-000,126.04867048776089,244.24683650442716,246.65591840141872,0.14821333554715982,0.28719571729777166,0.29002841725547623,772.3945604285158,850.4543131859657,8390.279181083066,1294.4099672072768,0.95,-926.9423261920012,43.284700457304666,-772.3945604285158
63,proper_scoring,node-001,0.0,0.0,128.00562515436982,0.0,0.0,128005.62515436982,0.0,0.0,8390.279181083066,1294.4099672072768,0.95,-264.07169688928417,0.0,898.4432309162767
63,proper_scoring,node-002,0.0,0.0,0.0,0.0,0.0,0.0,0.0,0.0,8390.279181083066,1294.4099672072768,0.95,0.0,0.0,898.4432309162767
63,proper_scoring,node-003,0.0,0.0,0.0,0.0,0.0,0.0,0.0,0.0,8390.279181083066,1294.4099672072768,0.95,0.0,0.0,898.4432309162767
63,proper_scoring,node-004,0.0,0.0,499.35197398736034,0.0,0.0,499351.9739873603,0.0,0.0,8390.279181083066,1294.4099672072768,0.95,-268.35971927502027,0.0,898.4432309162767
63,proper_scoring,node-005,0.0,0.0,0.0,0.0,0.0,0.0,0.0,0.0,8390.279181083066,1294.4099672072768,0.95,0.0,0.0,898.4432309162767
63,proper_scoring,node-006,0.0,0.0,0.0,0.0,0.0,0.0,0.0,0.0,8390.279181083066,1294.4099672072768,0.95,0.0,0.0,898.4432309162767
63,proper_scoring,node-007,217.56529734081425,774.6816413201885,822.2635159395061,217565.29734081426,774681.6413201885,822263.515939506,0.0,0.0,8390.279181083066,1294.4099672072768,0.95,-165.64585715708165,0.0,898.4432309162767
63,proper_scoring,node-008,0.0,0.0,0.0,0.0,0.0,0.0,0.0,0.0,8390.279181083066,1294.4099672072768,0.95,0.0,0.0,898.4432309162767
63,proper_scoring,node-009,0.0,0.0,0.0,0.0,0.0,0.0,0.0,0.0,8390.279181083066,1294.4099672072768,0.95,0.0,0.0,898.4432309162767
63,proper_scoring,node-010,0.0,0.0,0.0,0.0,0.0,0.0,0.0,0.0,8390.279181083066,1294.4099672072768,0.95,0.0,0.0,898.4432309162767
63,proper_scoring,node-011,0.0,315.8396860167013,324.5118810488513,0.0,315839.6860167013,324511.8810488513,0.0,0.0,8390.279181083066,1294.4099672072768,0.95,-248.67242962380138,0.0,898.4432309162767
63,proper_scoring,node-012,0.0,166.14044833595486,295.8998451784154,0.0,166140.44833595486,295899.84517841536,0.0,0.0,8390.279181083066,1294.4099672072768,0.95,-254.86100140189262,0.0,898.4432309162767
63,proper_scoring,node-013,199.60573623344192,119.79531545159466,251.37559288791897,0.4496073750281827,0.2698362198262353,0.5662177981313693,281.2837665425192,443.9556540213115,8390.279181083066,1294.4099672072768,0.95,-542.5586419860248,89.3933250580451,617.1594643737575
63,proper_scoring,node-014,0.0,0.0,135.5219039669971,0.0,0.0,135521.90396699708,0.0,0.0,8390.279181083066,1294.4099672072768,0.95,-248.21925224478682,0.0,898.4432309162767
63,proper_scoring,node-015,0.0,0.0,0.0,0.0,0.0,0.0,0.0,0.0,8390.279181083066,1294.4099672072768,0.95,0.0,0.0,898.4432309162767
63,proper_scoring,node-016,0.0,0.0,0.0,0.0,0.0,0.0,0.0,0.0,8390.279181083066,1294.4099672072768,0.95,0.0,0.0,898.4432309162767
63,proper_scoring,node-017,0.0,0.0,0.0,0.0,0.0,0.0,0.0,0.0,8390.279181083066,1294.4099672072768,0.95,0.0,0.0,898.4432309162767
63,proper_scoring,node-018,0.0,0.0,320.35183085775657,0.0,0.0,320351.83085775655,0.0,0.0,8390.279181083066,1294.4099672072768,0.95,-326.75982294576454,0.0,898.4432309162767
63,proper_scoring,node-019,290.2622805441838,285.9680343835207,483.35024584572915,290262.2805441838,285968.0343835207,483350.24584572914,0.0,0.0,8390.279181083066,1294.4099672072768,0.95,-281.84955511091545,0.0,898.4432309162767
63,proper_scoring,node-020,0.0,0.0,0.0,0.0,0.0,0.0,0.0,0.0,8390.279181083066,1294.4099672072768,0.95,0.0,0.0,898.4432309162767
63,proper_scoring,node-021,0.0,0.0,49.58999638602262,0.0,0.0,49589.99638602262,0.0,0.0,8390.279181083066,1294.4099672072768,0.95,-150.41000361397738,0.0,898.4432309162767
63,proper_scoring,node-022,0.0,376.55153779767267,711.9711980807397,0.0,376551.5377976727,711971.1980807397,0.0,0.0,8390.279181083066,1294.4099672072768,0.95,-225.72727870456634,0.0,898.4432309162767
63,proper_scoring,node-023,0.0,0.0,19.394272954021538,0.0,0.0,19394.272954021537,0.0,0.0,8390.279181083066,1294.4099672072768,0.95,-273.29353267400325,0.0,898.4432309162767
63,proper_scoring,node-024,0.0,0.0,0.0,0.0,0.0,0.0,0.0,0.0,8390.279181083066,1294.4099672072768,0.95,0.0,0.0,898.4432309162767
63,proper_scoring,node-025,0.0,0.0,19.26634968892141,0.0,0.0,19266.349688921408,0.0,0.0,8390.279181083066,1294.4099672072768,0.95,-80.73365031107858,0.0,898.4432309162767
63,proper_scoring,node-026,0.0,0.0,0.0,0.0,0.0,0.0,0.0,0.0,8390.279181083066,1294.4099672072768,0.95,0.0,0.0,898.4432309162767
63,proper_scoring,node-027,0.0,0.0,226.53980698633478,0.0,0.0,226539.80698633476,0.0,0.0,8390.279181083066,1294.4099672072768,0.95,-334.27111323081334,0.0,898.4432309162767
63,proper_scoring,node-028,189.85308798663908,0.0,726.0702703863715,189853.0879866391,0.0,726070.2703863714,0.0,0.0,8390.279181083066,1294.4099672072768,0.95,-276.7466316612979,0.0,898.4432309162767
63,proper_scoring,node-029,0.0,200.47179962104195,345.1832570063951,0.0,200471.79962104195,345183.2570063951,0.0,0.0,8390.279181083066,1294.4099672072768,0.95,-131.5112761751517,0.0,898.4432309162767
63,audits,node-000,120.73242751336102,231.99493179877504,237.06213518296659,0.14663761942710976,0.2817733828333923,0.28792784072606253,745.2789510829679,823.3387038404178,8390.279181083066,1267.294357861729,0.95,-3283.9158925238394,42.221451862424715,-745.2789510829679
63,audits,node-001,0.0,0.0,128.00562515436982,0.0,0.0,128005.62515436982,0.0,0.0,8390.279181083066,1267.294357861729,0.95,-771.9943748456301,0.0,866.0113785963289
63,audits,node-002,0.0,0.0,0.0,0.0,0.0,0.0,0.0,0.0,8390.279181083066,1267.294357861729,0.95,0.0,0.0,866.0113785963289
63,audits,node-003,0.0,0.0,0.0,0.0,0.0,0.0,0.0,0.0,8390.279181083066,1267.294357861729,0.95,0.0,0.0,866.0113785963289
63,audits,node-004,0.0,0.0,92.13564526531806,0.0,0.0,92135.64526531806,0.0,0.0,8390.279181083066,1267.294357861729,0.95,-2335.9870612114682,0.0,866.0113785963289
63,audits,node-005,0.0,0.0,0.0,0.0,0.0,0.0,0.0,0.0,8390.279181083066,1267.294357861729,0.95,0.0,0.0,866.0113785963289
63,audits,node-006,0.0,0.0,0.0,0.0,0.0,0.0,0.0,0.0,8390.279181083066,1267.294357861729,0.95,0.0,0.0,866.0113785963289
63,audits,node-007,93.58282637688282,82.82292857854087,573.4607448010587,93582.82637688282,82822.92857854087,573460.7448010587,0.0,0.0,8390.279181083066,1267.294357861729,0.95,-2541.411464289271,0.0,866.0113785963289
63,audits,node-008,0.0,0.0,0.0,0.0,0.0,0.0,0.0,0.0,8390.279181083066,1267.294357861729,0.95,0.0,0.0,866.0113785963289
63,audits,node-009,0.0,0.0,0.0,0.0,0.0,0.0,0.0,0.0,8390.279181083066,1267.294357861729,0.95,0.0,0.0,866.0113785963289
63,audits,node-010,0.0,0.0,0.0,0.0,0.0,0.0,0.0,0.0,8390.279181083066,1267.294357861729,0.95,0.0,0.0,866.0113785963289
63,audits,node-011,0.0,294.69569014389384,294.69569014389384,0.0,294695.6901438938,294695.6901438938,0.0,0.0,8390.279181083066,1267.294357861729,0.95,-1562.1681074059504,0.0,866.0113785963289
63,audits,node-012,0.0,0.0,101.45119902804764,0.0,0.0,101451.19902804763,0.0,0.0,8390.279181083066,1267.294357861729,0.95,-1563.715250350473,0.0,866.0113785963289
63,audits,node-013,199.60573623344192,119.79531545159466,251.37559288791897,0.4496073750281827,0.2698362198262353,0.5662177981313693,281.2837665425192,443.9556540213115,8390.279181083066,1267.294357861729,0.95,-1846.6024854033953,89.3933250580451,584.7276120538097
63,audits,node-014,0.0,0.0,135.5219039669971,0.0,0.0,135521.90396699708,0.0,0.0,8390.279181083066,1267.294357861729,0.95,-764.4780960330029,0.0,866.0113785963289
63,audits,node-015,0.0,0.0,0.0,0.0,0.0,0.0,0.0,0.0,8390.279181083066,1267.294357861729,0.95,0.0,0.0,866.0113785963289
63,audits,node-016,0.0,0.0,0.0,0.0,0.0,0.0,0.0,0.0,8390.279181083066,1267.294357861729,0.95,0.0,0.0,866.0113785963289
63,audits,node-017,0.0,0.0,0.0,0.0,0.0,0.0,0.0,0.0,8390.279181083066,1267.294357861729,0.95,0.0,0.0,866.0113785963289
63,audits,node-018,0.0,0.0,318.3100442635589,0.0,0.0,318310.04426355887,0.0,0.0,8390.279181083066,1267.294357861729,0.95,-1581.689955736441,0.0,866.0113785963289
63,audits,node-019,290.2622805441838,285.9680343835207,483.35024584572915,290262.2805441838,285968.0343835207,483350.24584572914,0.0,0.0,8390.279181083066,1267.294357861729,0.95,-1570.462388777729,0.0,866.0113785963289
63,audits,node-020,0.0,0.0,0.0,0.0,0.0,0.0,0.0,0.0,8390.279181083066,1267.294357861729,0.95,0.0,0.0,866.0113785963289
63,audits,node-021,0.0,0.0,49.58999638602262,0.0,0.0,49589.99638602262,0.0,0.0,8390.279181083066,1267.294357861729,0.95,-650.4100036139773,0.0,866.0113785963289
63,audits,node-022,0.0,279.66758252787025,543.5681803238583,0.0,279667.58252787025,543568.1803238583,0.0,0.0,8390.279181083066,1267.294357861729,0.95,-2556.431819676141,0.0,866.0113785963289
63,audits,node-023,0.0,0.0,19.394272954021538,0.0,0.0,19394.272954021537,0.0,0.0,8390.279181083066,1267.294357861729,0.95,-780.6057270459785,0.0,866.0113785963289
63,audits,node-024,0.0,0.0,0.0,0.0,0.0,0.0,0.0,0.0,8390.279181083066,1267.294357861729,0.95,0.0,0.0,866.0113785963289
63,audits,node-025,0.0,0.0,19.26634968892141,0.0,0.0,19266.349688921408,0.0,0.0,8390.279181083066,1267.294357861729,0.95,-80.73365031107858,0.0,866.0113785963289
63,audits,node-026,0.0,0.0,0.0,0.0,0.0,0.0,0.0,0.0,8390.279181083066,1267.294357861729,0.95,0.0,0.0,866.0113785963289
63,audits,node-027,0.0,0.0,225.2617030587042,0.0,0.0,225261.70305870418,0.0,0.0,8390.279181083066,1267.294357861729,0.95,-1033.5677783077033,0.0,866.0113785963289
63,audits,node-028,189.85308798663908,0.0,680.8133420846756,189853.0879866391,0.0,680813.3420846756,0.0,0.0,8390.279181083066,1267.294357861729,0.95,-1919.1866579153245,0.0,866.0113785963289
63,audits,node-029,0.0,155.71187242437946,279.37881008920635,0.0,155711.87242437946,279378.8100892063,0.0,0.0,8390.279181083066,1267.294357861729,0.95,-1467.1226522323627,0.0,866.0113785963289
61,greedy,node-000,0.0,0.0,0.0,0.0,0.0,0.0,0.0,0.0,8878.101528221388,214.59919624453968,1.0,0.0,0.0,0.0
61,greedy,node-001,0.0,0.0,0.0,0.0,0.0,0.0,0.0,0.0,8878.101528221388,214.59919624453968,1.0,0.0,0.0,0.0
61,greedy,node-002,0.0,0.0,0.0,0.0,0.0,0.0,0.0,0.0,8878.101528221388,214.59919624453968,1.0,0.0,0.0,0.0
61,greedy,node-003,0.0,0.0,0.0,0.0,0.0,0.0,0.0,0.0,8878.101528221388,214.59919624453968,1.0,0.0,0.0,0.0
61,greedy,node-004,0.0,0.0,0.0,0.0,0.0,0.0,26.812972768111273,80.4389183043338,8878.101528221388,214.59919624453968,1.0,-64.50964034714256,14.640516124200403,-26.812972768111273
61,greedy,node-005,0.0,0.0,0.0,0.0,0.0,0.0,0.0,0.0,8878.101528221388,214.59919624453968,1.0,0.0,0.0,0.0
61,greedy,node-006,0.0,0.0,0.0,0.0,0.0,0.0,0.0,0.0,8878.101528221388,214.59919624453968,1.0,0.0,0.0,0.0
61,greedy,node-007,0.0,0.0,0.0,0.0,0.0,0.0,0.0,0.0,8878.101528221388,214.59919624453968,1.0,0.0,0.0,0.0
61,greedy,node-008,0.0,0.0,0.0,0.0,0.0,0.0,0.0,0.0,8878.101528221388,214.59919624453968,1.0,0.0,0.0,0.0
61,greedy,node-009,0.0,0.0,0.0,0.0,0.0,0.0,0.0,0.0,8878.101528221388,214.59919624453968,1.0,0.0,0.0,0.0
61,greedy,node-010,0.0,0.0,0.0,0.0,0.0,0.0,0.0,0.0,8878.101528221388,214.59919624453968,1.0,-42.98790345139684,0.0,0.0
61,greedy,node-011,0.0,0.0,0.0,0.0,0.0,0.0,0.0,0.0,8878.101528221388,214.59919624453968,1.0,0.0,0.0,0.0
61,greedy,node-012,0.0,0.0,0.0,0.0,0.0,0.0,0.0,0.0,8878.101528221388,214.59919624453968,1.0,0.0,0.0,0.0
61,greedy,node-013,0.0,0.0,0.0,0.0,0.0,0.0,0.0,0.0,8878.101528221388,214.59919624453968,1.0,0.0,0.0,0.0
61,greedy,node-014,0.0,0.0,0.0,0.0,0.0,0.0,0.0,0.0,8878.101528221388,214.59919624453968,1.0,0.0,0.0,0.0
61,greedy,node-015,0.0,0.0,0.0,0.0,0.0,0.0,0.0,0.0,8878.101528221388,214.59919624453968,1.0,0.0,0.0,0.0
61,greedy,node-016,9.746960415197723,0.0,9.746960415197723,9746.960415197722,0.0,9746.960415197722,0.0,0.0,8878.101528221388,214.59919624453968,1.0,-37.31795574929963,15.60919715390041,0.0
61,greedy,node-017,0.0,0.0,0.0,0.0,0.0,0.0,15.634467119439563,46.903401358318696,8878.101528221388,214.59919624453968,1.0,-62.77018066229574,-4.690340135831869,-15.634467119439563
61,greedy,node-018,0.0,0.0,0.0,0.0,0.0,0.0,0.0,0.0,8878.101528221388,214.59919624453968,1.0,0.0,0.0,0.0
61,greedy,node-019,0.0,0.0,0.0,0.0,0.0,0.0,0.0,0.0,8878.101528221388,214.59919624453968,1.0,0.0,0.0,0.0
61,greedy,node-020,13.094124483558506,0.0,13.094124483558506,13094.124483558506,0.0,13094.124483558506,0.0,0.0,8878.101528221388,214.59919624453968,1.0,-47.15015439733176,0.0,0.0
61,greedy,node-021,0.0,0.0,0.0,0.0,0.0,0.0,0.0,0.0,8878.101528221388,214.59919624453968,1.0,0.0,0.0,0.0
61,greedy,node-022,0.0,0.0,0.0,0.0,0.0,0.0,29.085625527295726,87.25687658188718,8878.101528221388,214.59919624453968,1.0,-69.33618196421037,-4.2772163477539635,-29.085625527295726
61,greedy,node-023,0.0,0.0,0.0,0.0,0.0,0.0,0.0,0.0,8878.101528221388,214.59919624453968,1.0,0.0,0.0,0.0
61,greedy,node-024,0.0,0.0,0.0,0.0,0.0,0.0,0.0,0.0,8878.101528221388,214.59919624453968,1.0,0.0,0.0,0.0
61,greedy,node-025,0.0,0.0,0.0,0.0,0.0,0.0,0.0,0.0,8878.101528221388,214.59919624453968,1.0,0.0,0.0,0.0
61,greedy,node-026,0.0,0.0,0.0,0.0,0.0,0.0,0.0,0.0,8878.101528221388,214.59919624453968,1.0,0.0,0.0,0.0
61,greedy,node-027,0.0,0.0,0.0,0.0,0.0,0.0,0.0,0.0,8878.101528221388,214.59919624453968,1.0,0.0,0.0,0.0
61,greedy,node-028,0.0,0.0,0.0,0.0,0.0,0.0,0.0,0.0,8878.101528221388,214.59919624453968,1.0,0.0,0.0,0.0
61,greedy,node-029,0.0,0.0,0.0,0.0,0.0,0.0,0.0,0.0,8878.101528221388,214.59919624453968,1.0,0.0,0.0,0.0
61,trust_vcg,node-000,0.0,0.0,0.0,0.0,0.0,0.0,0.0,0.0,8517.271447775838,803.8143329458011,0.95,0.0,0.0,0.0
61,trust_vcg,node-001,0.0,0.0,0.0,0.0,0.0,0.0,0.0,0.0,8517.271447775838,803.8143329458011,0.95,0.0,0.0,0.0
61,trust_vcg,node-002,355.2382523891229,0.0,355.27180484707554,355238.2523891229,0.0,355271.80484707555,0.0,0.0,8517.271447775838,803.8143329458011,0.95,-5644.728195152925,0.0,0.0
61,trust_vcg,node-003,0.0,0.0,0.0,0.0,0.0,0.0,0.0,0.0,8517.271447775838,803.8143329458011,0.95,0.0,0.0,0.0
61,trust_vcg,node-004,0.0,0.0,729.2318540958255,0.0,0.0,729231.8540958255,0.0,0.0,8517.271447775838,803.8143329458011,0.95,-11037.696667579028,0.0,0.0
61,trust_vcg,node-005,0.0,57.458044703762425,85.72702238229522,0.0,0.07278385742499065,0.10859303352056782,562.6814098561741,789.4339038429964,8517.271447775838,803.8143329458011,0.95,-6122.7511371361425,20.644167072184928,-562.6814098561741
61,trust_vcg,node-006,392.1273494825318,0.0,392.2655940898285,392127.34948253183,0.0,392265.5940898285,0.0,0.0,8517.271447775838,803.8143329458011,0.95,-5607.734405910171,0.0,0.0
61,trust_vcg,node-007,0.0,56.709445162414234,56.709445162414234,0.0,56709.44516241423,56709.44516241423,0.0,0.0,8517.271447775838,803.8143329458011,0.95,-11015.442165725854,0.0,0.0
61,trust_vcg,node-008,262.88821542237366,0.0,262.88821542237366,262888.2154223737,0.0,262888.2154223737,0.0,0.0,8517.271447775838,803.8143329458011,0.95,-5576.575036280453,0.0,0.0
61,trust_vcg,node-009,0.0,0.0,0.0,0.0,0.0,0.0,0.0,0.0,8517.271447775838,803.8143329458011,0.95,0.0,0.0,0.0
61,trust_vcg,node-010,518.5698152101669,0.0,518.5698152101669,518569.8152101669,0.0,518569.8152101669,0.0,0.0,8517.271447775838,803.8143329458011,0.95,-11065.325587021738,0.0,0.0
61,trust_vcg,node-011,0.0,0.0,78.65494202830736,0.0,0.0,78654.94202830736,0.0,0.0,8517.271447775838,803.8143329458011,0.95,-1721.3450579716928,0.0,0.0
61,trust_vcg,node-012,0.0,0.0,0.0,0.0,0.0,0.0,0.0,0.0,8517.271447775838,803.8143329458011,0.95,0.0,0.0,0.0
61,trust_vcg,node-013,0.0,0.0,0.0,0.0,0.0,0.0,0.0,0.0,8517.271447775838,803.8143329458011,0.95,-3386.2575848525257,0.0,0.0
61,trust_vcg,node-014,0.0,0.0,0.0,0.0,0.0,0.0,0.0,0.0,8517.271447775838,803.8143329458011,0.95,0.0,0.0,0.0
61,trust_vcg,node-015,0.0,0.0,0.0,0.0,0.0,0.0,0.0,0.0,8517.271447775838,803.8143329458011,0.95,0.0,0.0,0.0
61,trust_vcg,node-016,413.43777809013534,574.6359114985993,630.6128451225486,413437.7780901353,574635.9114985992,630612.8451225486,0.0,0.0,8517.271447775838,803.8143329458011,0.95,-5537.3179557492995,0.0,0.0
61,trust_vcg,node-017,85.06185353985467,22.977354865174064,485.60721281471143,5.915112333001601,1.5978212263980918,33.76861770557346,-22.977354865174064,14.380429102804605,8517.271447775838,803.8143329458011,0.95,-11024.158358677681,-5.60366759519664,22.977354865174064
61,trust_vcg,node-018,0.0,0.0,39.564839441972765,0.0,0.0,39564.83944197276,0.0,0.0,8517.271447775838,803.8143329458011,0.95,-1160.4351605580273,0.0,0.0
61,trust_vcg,node-019,0.0,0.0,0.0,0.0,0.0,0.0,0.0,0.0,8517.271447775838,803.8143329458011,0.95,0.0,0.0,0.0
61,trust_vcg,node-020,0.0,0.0,34.94117268271001,0.0,0.0,34941.172682710014,0.0,0.0,8517.271447775838,803.8143329458011,0.95,-11047.15015439733,0.0,0.0
61,trust_vcg,node-021,0.0,0.0,0.0,0.0,0.0,0.0,0.0,0.0,8517.271447775838,803.8143329458011,0.95,0.0,0.0,0.0
61,trust_vcg,node-022,0.0,561.0584275900927,653.8117339879059,0.0,561058.4275900928,653811.7339879059,0.0,0.0,8517.271447775838,803.8143329458011,0.95,-5475.941492957199,0.0,0.0
61,trust_vcg,node-023,0.0,0.0,336.50007701959095,0.0,0.0,336500.07701959094,0.0,0.0,8517.271447775838,803.8143329458011,0.95,-5594.014446948469,0.0,0.0
61,trust_vcg,node-024,0.0,0.0,0.0,0.0,0.0,0.0,0.0,0.0,8517.271447775838,803.8143329458011,0.95,-1717.0066597704777,0.0,0.0
61,trust_vcg,node-025,126.32886552234305,0.0,166.74852409401416,126328.86552234305,0.0,166748.52409401417,0.0,0.0,8517.271447775838,803.8143329458011,0.95,-2233.251475905986,0.0,0.0
61,trust_vcg,node-026,0.0,0.0,0.0,0.0,0.0,0.0,0.0,0.0,8517.271447775838,803.8143329458011,0.95,-8868.033665658235,0.0,0.0
61,trust_vcg,node-027,0.0,0.0,125.01255595892565,0.0,0.0,125012.55595892564,0.0,0.0,8517.271447775838,803.8143329458011,0.95,-1674.9874440410745,0.0,0.0
61,trust_vcg,node-028,0.0,0.0,0.0,0.0,0.0,0.0,0.0,0.0,8517.271447775838,803.8143329458011,0.95,-3942.2309217658108,0.0,0.0
61,trust_vcg,node-029,0.0,0.0,0.0,0.0,0.0,0.0,0.0,0.0,8517.271447775838,803.8143329458011,0.95,-8875.11340018734,0.0,0.0
61,contingent,node-000,0.0,0.0,0.0,0.0,0.0,0.0,0.0,0.0,8517.271447775838,387.03214233855186,0.95,0.0,0.0,0.0
61,contingent,node-001,0.0,0.0,0.0,0.0,0.0,0.0,0.0,0.0,8517.271447775838,387.03214233855186,0.95,0.0,0.0,0.0
61,contingent,node-002,0.0,0.0,0.0,0.0,0.0,0.0,0.0,0.0,8517.271447775838,387.03214233855186,0.95,-578.9127806116977,0.0,0.0
61,contingent,node-003,0.0,0.0,0.0,0.0,0.0,0.0,0.0,0.0,8517.271447775838,387.03214233855186,0.95,0.0,0.0,0.0
61,contingent,node-004,0.0,48.161041451352574,229.23185409582558,0.0,48161.041451352576,229231.85409582558,0.0,0.0,8517.271447775838,387.03214233855186,0.95,-150.7866703161252,0.0,0.0
61,contingent,node-005,0.0,6.76320756652548,85.03218524505832,0.0,0.019884257787313914,0.25,113.37624699341109,340.12874098023326,8517.271447775838,387.03214233855186,0.95,-353.6551561132842,-29.27862880145547,-113.37624699341109
61,contingent,node-006,0.0,0.0,25.28532849133569,0.0,0.0,25285.32849133569,0.0,0.0,8517.271447775838,387.03214233855186,0.95,-430.9376236406862,0.0,0.0
61,contingent,node-007,0.0,6.761563031978222,6.761563031978222,0.0,6761.563031978221,6761.563031978221,0.0,0.0,8517.271447775838,387.03214233855186,0.95,-422.86864909030317,0.0,0.0
61,contingent,node-008,0.0,25.567946182645688,46.554337116496335,0.0,25567.946182645686,46554.33711649633,0.0,0.0,8517.271447775838,387.03214233855186,0.95,-306.3001451218148,0.0,0.0
61,contingent,node-009,0.0,0.0,0.0,0.0,0.0,0.0,0.0,0.0,8517.271447775838,387.03214233855186,0.95,0.0,0.0,0.0
61,contingent,node-010,0.0,42.12279281332381,99.81942549160631,0.0,42122.79281332381,99819.42549160631,0.0,0.0,8517.271447775838,387.03214233855186,0.95,-261.3023480869429,0.0,0.0
61,contingent,node-011,0.0,0.0,0.0,0.0,0.0,0.0,0.0,0.0,8517.271447775838,387.03214233855186,0.95,-285.3802318867705,0.0,0.0
61,contingent,node-012,0.0,0.0,0.0,0.0,0.0,0.0,0.0,0.0,8517.271447775838,387.03214233855186,0.95,0.0,0.0,0.0
61,contingent,node-013,0.0,0.0,0.0,0.0,0.0,0.0,0.0,0.0,8517.271447775838,387.03214233855186,0.95,-345.0303394101034,0.0,0.0
61,contingent,node-014,0.0,0.0,0.0,0.0,0.0,0.0,0.0,0.0,8517.271447775838,387.03214233855186,0.95,0.0,0.0,0.0
61,contingent,node-015,0.0,0.0,0.0,0.0,0.0,0.0,0.0,0.0,8517.271447775838,387.03214233855186,0.95,0.0,0.0,0.0
61,contingent,node-016,8.912017459452084,74.63591149859924,172.99826073207507,8912.017459452083,74635.91149859923,172998.26073207505,0.0,0.0,8517.271447775838,387.03214233855186,0.95,-149.27182299719848,0.0,0.0
61,contingent,node-017,0.0,30.015074855162972,140.61480876844803,0.0,0.6399338637695527,2.997966132439324,9.545617390340112,46.903401358318696,8517.271447775838,387.03214233855186,0.95,-198.0884715617648,-4.69034013583187,-9.545617390340112
61,contingent,node-018,0.0,0.0,0.0,0.0,0.0,0.0,0.0,0.0,8517.271447775838,387.03214233855186,0.95,-241.7406422321089,0.0,0.0
61,contingent,node-019,0.0,0.0,0.0,0.0,0.0,0.0,0.0,0.0,8517.271447775838,387.03214233855186,0.95,0.0,0.0,0.0
61,contingent,node-020,0.0,60.18607915951092,186.55509274490845,0.0,60186.07915951092,186555.09274490844,0.0,0.0,8517.271447775838,387.03214233855186,0.95,-188.6006175893271,0.0,0.0
61,contingent,node-021,0.0,0.0,0.0,0.0,0.0,0.0,0.0,0.0,8517.271447775838,387.03214233855186,0.95,0.0,0.0,0.0
61,contingent,node-022,0.0,61.83553759854205,154.58884399635508,0.0,61835.53759854205,154588.84399635508,0.0,0.0,8517.271447775838,387.03214233855186,0.95,-123.67107519708408,0.0,0.0
61,contingent,node-023,0.0,0.0,36.50007701959093,0.0,0.0,36500.077019590935,0.0,0.0,8517.271447775838,387.03214233855186,0.95,-376.05778779387083,0.0,0.0
61,contingent,node-024,0.0,0.0,0.0,0.0,0.0,0.0,0.0,0.0,8517.271447775838,387.03214233855186,0.95,-268.02663908191016,0.0,0.0
61,contingent,node-025,0.0,0.0,0.0,0.0,0.0,0.0,0.0,0.0,8517.271447775838,387.03214233855186,0.95,-133.00590362394342,0.0,0.0
61,contingent,node-026,0.0,0.0,0.0,0.0,0.0,0.0,0.0,0.0,8517.271447775838,387.03214233855186,0.95,-272.13466263293657,0.0,0.0
61,contingent,node-027,0.0,0.0,0.0,0.0,0.0,0.0,0.0,0.0,8517.271447775838,387.03214233855186,0.95,-99.94977616429748,0.0,0.0
61,contingent,node-028,0.0,0.0,0.0,0.0,0.0,0.0,0.0,0.0,8517.271447775838,387.03214233855186,0.95,-368.92368706324277,0.0,0.0
61,contingent,node-029,0.0,39.53883403518661,50.4801595012067,0.0,39538.834035186606,50480.1595012067,0.0,0.0,8517.271447775838,387.03214233855186,0.95,-300.4536007493543,0.0,0.0
61,capped,node-000,0.0,0.0,0.0,0.0,0.0,0.0,0.0,0.0,8517.271447775838,396.165416932201,0.95,0.0,0.0,0.0
61,capped,node-001,0.0,0.0,0.0,0.0,0.0,0.0,0.0,0.0,8517.271447775838,396.165416932201,0.95,0.0,0.0,0.0
61,capped,node-002,0.0,0.0,0.0,0.0,0.0,0.0,0.0,0.0,8517.271447775838,396.165416932201,0.95,-144.72819515292443,0.0,0.0
61,capped,node-003,0.0,0.0,0.0,0.0,0.0,0.0,0.0,0.0,8517.271447775838,396.165416932201,0.95,0.0,0.0,0.0
61,capped,node-004,2.7101142475919584,75.3933351580626,229.23185409582558,2710.1142475919582,75393.33515806259,229231.85409582558,0.0,0.0,8517.271447775838,396.165416932201,0.95,-37.69666757903129,0.0,0.0
61,capped,node-005,0.0,6.76320756652548,85.03218524505832,0.0,0.019884257787313914,0.25,113.37624699341109,340.12874098023326,8517.271447775838,396.165416932201,0.95,-173.44597427337936,-29.27862880145547,-113.37624699341109
61,capped,node-006,0.0,0.0,25.28532849133569,0.0,0.0,25285.32849133569,0.0,0.0,8517.271447775838,396.165416932201,0.95,-107.73440591017155,0.0,0.0
61,capped,node-007,0.0,6.761563031978222,16.11704386153358,0.0,6761.563031978221,16117.04386153358,0.0,0.0,8517.271447775838,396.165416932201,0.95,-105.71716227257579,0.0,0.0
61,capped,node-008,0.0,83.10534968834152,83.10534968834152,0.0,83105.34968834152,83105.34968834152,0.0,0.0,8517.271447775838,396.165416932201,0.95,-76.5750362804537,0.0,0.0
61,capped,node-009,0.0,0.0,0.0,0.0,0.0,0.0,0.0,0.0,8517.271447775838,396.165416932201,0.95,0.0,0.0,0.0
61,capped,node-010,0.0,112.2313894188806,187.45517124855226,0.0,112231.3894188806,187455.17124855224,0.0,0.0,8517.271447775838,396.165416932201,0.95,-65.32558702173571,0.0,0.0
61,capped,node-011,0.0,0.0,0.0,0.0,0.0,0.0,0.0,0.0,8517.271447775838,396.165416932201,0.95,-71.34505797169263,0.0,0.0
61,capped,node-012,0.0,0.0,0.0,0.0,0.0,0.0,0.0,0.0,8517.271447775838,396.165416932201,0.95,0.0,0.0,0.0
61,capped,node-013,0.0,0.0,17.810694477348378,0.0,0.0,17810.694477348377,0.0,0.0,8517.271447775838,396.165416932201,0.95,-86.25758485252584,0.0,0.0
61,capped,node-014,0.0,0.0,0.0,0.0,0.0,0.0,0.0,0.0,8517.271447775838,396.165416932201,0.95,0.0,0.0,0.0
61,capped,node-015,0.0,0.0,0.0,0.0,0.0,0.0,0.0,0.0,8517.271447775838,396.165416932201,0.95,0.0,0.0,0.0
61,capped,node-016,8.912017459452084,74.63591149859924,172.99826073207507,8912.017459452083,74635.91149859923,172998.26073207505,0.0,0.0,8517.271447775838,396.165416932201,0.95,-37.31795574929963,0.0,0.0
61,capped,node-017,0.0,75.59253510172307,213.5476364351128,0.0,1.3489832117543448,3.810854816194955,18.67889198398929,56.03667595196787,8517.271447775838,396.165416932201,0.95,-65.81460552684547,-5.603667595196786,-18.67889198398929
61,capped,node-018,0.0,0.0,0.0,0.0,0.0,0.0,0.0,0.0,8517.271447775838,396.165416932201,0.95,-60.435160558027235,0.0,0.0
61,capped,node-019,0.0,0.0,0.0,0.0,0.0,0.0,0.0,0.0,8517.271447775838,396.165416932201,0.95,0.0,0.0,0.0
61,capped,node-020,4.688901016487003,94.30030879466352,231.5058937539026,4688.901016487003,94300.30879466352,231505.89375390258,0.0,0.0,8517.271447775838,396.165416932201,0.95,-47.15015439733176,0.0,0.0
61,capped,node-021,0.0,0.0,0.0,0.0,0.0,0.0,0.0,0.0,8517.271447775838,396.165416932201,0.95,0.0,0.0,0.0
61,capped,node-022,0.0,61.83553759854205,154.58884399635508,0.0,61835.53759854205,154588.84399635508,0.0,0.0,8517.271447775838,396.165416932201,0.95,-30.91776879927102,0.0,0.0
61,capped,node-023,0.0,0.0,47.00722347423386,0.0,0.0,47007.22347423386,0.0,0.0,8517.271447775838,396.165416932201,0.95,-94.0144469484677,0.0,0.0
61,capped,node-024,0.0,0.0,0.0,0.0,0.0,0.0,0.0,0.0,8517.271447775838,396.165416932201,0.95,-67.00665977047754,0.0,0.0
61,capped,node-025,0.0,0.0,0.0,0.0,0.0,0.0,0.0,0.0,8517.271447775838,396.165416932201,0.95,-33.251475905985856,0.0,0.0
61,capped,node-026,0.0,0.0,0.0,0.0,0.0,0.0,0.0,0.0,8517.271447775838,396.165416932201,0.95,-68.03366565823413,0.0,0.0
61,capped,node-027,0.0,0.0,0.0,0.0,0.0,0.0,0.0,0.0,8517.271447775838,396.165416932201,0.95,-24.98744404107437,0.0,0.0
61,capped,node-028,0.0,0.0,24.7984099932335,0.0,0.0,24798.409993233498,0.0,0.0,8517.271447775838,396.165416932201,0.95,-92.2309217658107,0.0,0.0
61,capped,node-029,0.0,128.89941836854746,128.89941836854746,0.0,128899.41836854746,128899.41836854746,0.0,0.0,8517.271447775838,396.165416932201,0.95,-75.11340018733858,0.0,0.0
61,proper_scoring,node-000,0.0,0.0,0.0,0.0,0.0,0.0,0.0,0.0,8517.271447775838,1322.6550474203632,0.95,0.0,0.0,0.0
61,proper_scoring,node-001,0.0,0.0,0.0,0.0,0.0,0.0,0.0,0.0,8517.271447775838,1322.6550474203632,0.95,0.0,0.0,0.0
61,proper_scoring,node-002,355.2382523891229,0.0,355.27180484707554,355238.2523891229,0.0,355271.80484707555,0.0,0.0,8517.271447775838,1322.6550474203632,0.95,-495.635468021836,0.0,0.0
61,proper_scoring,node-003,0.0,0.0,0.0,0.0,0.0,0.0,0.0,0.0,8517.271447775838,1322.6550474203632,0.95,0.0,0.0,0.0
61,proper_scoring,node-004,213.92515132699344,798.1610414513526,801.5507196668324,213925.15132699345,798161.0414513526,801550.7196668324,0.0,0.0,8517.271447775838,1322.6550474203632,0.95,-150.7866703161252,0.0,0.0
61,proper_scoring,node-005,0.0,57.458044703762425,85.72702238229522,0.0,0.07278385742499065,0.10859303352056782,562.6814098561741,789.4339038429964,8517.271447775838,1322.6550474203632,0.95,-802.9603189760472,20.644167072184928,-562.6814098561741
61,proper_scoring,node-006,392.1273494825318,0.0,392.2655940898285,392127.34948253183,0.0,392265.5940898285,0.0,0.0,8517.271447775838,1322.6550474203632,0.95,-419.86719327754537,0.0,0.0
61,proper_scoring,node-007,0.0,56.709445162414234,629.3251827210834,0.0,56709.44516241423,629325.1827210834,0.0,0.0,8517.271447775838,1322.6550474203632,0.95,-400.5419336335211,0.0,0.0
61,proper_scoring,node-008,262.88821542237366,183.10534968834156,392.51774154629237,262888.2154223737,183105.34968834155,392517.7415462924,0.0,0.0,8517.271447775838,1322.6550474203632,0.95,-306.3001451218148,0.0,0.0
61,proper_scoring,node-009,0.0,0.0,0.0,0.0,0.0,0.0,0.0,0.0,8517.271447775838,1322.6550474203632,0.95,0.0,0.0,0.0
61,proper_scoring,node-010,518.5698152101669,542.1227928133238,880.0813460567002,518569.8152101669,542122.7928133238,880081.3460567002,0.0,0.0,8517.271447775838,1322.6550474203632,0.95,-261.3023480869429,0.0,0.0
61,proper_scoring,node-011,0.0,0.0,78.65494202830736,0.0,0.0,78654.94202830736,0.0,0.0,8517.271447775838,1322.6550474203632,0.95,-221.34505797169263,0.0,0.0
61,proper_scoring,node-012,0.0,0.0,0.0,0.0,0.0,0.0,0.0,0.0,8517.271447775838,1322.6550474203632,0.95,0.0,0.0,0.0
61,proper_scoring,node-013,0.0,0.0,114.57321014661338,0.0,0.0,114573.21014661338,0.0,0.0,8517.271447775838,1322.6550474203632,0.95,-337.33537754687393,0.0,0.0
61,proper_scoring,node-014,0.0,0.0,0.0,0.0,0.0,0.0,0.0,0.0,8517.271447775838,1322.6550474203632,0.95,0.0,0.0,0.0
61,proper_scoring,node-015,0.0,0.0,0.0,0.0,0.0,0.0,0.0,0.0,8517.271447775838,1322.6550474203632,0.95,0.0,0.0,0.0
61,proper_scoring,node-016,413.43777809013534,574.6359114985993,630.6128451225486,413437.7780901353,574635.9114985992,630612.8451225486,0.0,0.0,8517.271447775838,1322.6550474203632,0.95,-149.27182299719848,0.0,0.0
61,proper_scoring,node-017,87.34517218826682,343.6973326361149,404.2970665493999,0.16380665553183116,0.644568087323504,0.7582164950117719,495.86335960938834,533.2211435773669,8517.271447775838,1322.6550474203632,0.95,-684.406213780813,-4.690340135831889,-495.86335960938834
61,proper_scoring,node-018,0.0,0.0,39.564839441972765,0.0,0.0,39564.83944197276,0.0,0.0,8517.271447775838,1322.6550474203632,0.95,-160.43516055802723,0.0,0.0
61,proper_scoring,node-019,0.0,0.0,0.0,0.0,0.0,0.0,0.0,0.0,8517.271447775838,1322.6550474203632,0.95,0.0,0.0,0.0
61,proper_scoring,node-020,370.93241575423764,860.1860791595109,869.3886070663883,370932.4157542376,860186.0791595109,869388.6070663882,0.0,0.0,8517.271447775838,1322.6550474203632,0.95,-188.6006175893271,0.0,0.0
61,proper_scoring,node-021,0.0,0.0,0.0,0.0,0.0,0.0,0.0,0.0,8517.271447775838,1322.6550474203632,0.95,0.0,0.0,0.0
61,proper_scoring,node-022,0.0,561.0584275900927,653.8117339879059,0.0,561058.4275900928,653811.7339879059,0.0,0.0,8517.271447775838,1322.6550474203632,0.95,-123.67107519708408,0.0,0.0
61,proper_scoring,node-023,23.387559842827088,0.0,473.4178520880248,23387.559842827086,0.0,473417.8520880248,0.0,0.0,8517.271447775838,1322.6550474203632,0.95,-364.90064347486407,0.0,0.0
61,proper_scoring,node-024,0.0,0.0,0.0,0.0,0.0,0.0,0.0,0.0,8517.271447775838,1322.6550474203632,0.95,-217.00665977047754,0.0,0.0
61,proper_scoring,node-025,126.32886552234305,0.0,166.74852409401416,126328.86552234305,0.0,166748.52409401417,0.0,0.0,8517.271447775838,1322.6550474203632,0.95,-133.00590362394342,0.0,0.0
61,proper_scoring,node-026,0.0,0.0,470.54490582253817,0.0,0.0,470544.90582253813,0.0,0.0,8517.271447775838,1322.6550474203632,0.95,-272.13466263293657,0.0,0.0
61,proper_scoring,node-027,0.0,0.0,125.01255595892565,0.0,0.0,125012.55595892564,0.0,0.0,8517.271447775838,1322.6550474203632,0.95,-99.94977616429748,0.0,0.0
61,proper_scoring,node-028,0.0,0.0,0.0,0.0,0.0,0.0,0.0,0.0,8517.271447775838,1322.6550474203632,0.95,-361.42264281395006,0.0,0.0
61,proper_scoring,node-029,0.0,456.5479985752196,580.206307645981,0.0,456547.9985752196,580206.3076459811,0.0,0.0,8517.271447775838,1322.6550474203632,0.95,-300.4536007493543,0.0,0.0
61,audits,node-000,0.0,0.0,0.0,0.0,0.0,0.0,0.0,0.0,8517.271447775838,1303.8143329458012,0.95,0.0,0.0,0.0
61,audits,node-001,0.0,0.0,0.0,0.0,0.0,0.0,0.0,0.0,8517.271447775838,1303.8143329458012,0.95,0.0,0.0,0.0
61,audits,node-002,355.2382523891229,0.0,355.27180484707554,355238.2523891229,0.0,355271.80484707555,0.0,0.0,8517.271447775838,1303.8143329458012,0.95,-644.7281951529244,0.0,0.0
61,audits,node-003,0.0,0.0,0.0,0.0,0.0,0.0,0.0,0.0,8517.271447775838,1303.8143329458012,0.95,0.0,0.0,0.0
61,audits,node-004,152.13283885592907,75.39333515806254,729.2318540958255,152132.83885592906,75393.33515806255,729231.8540958255,0.0,0.0,8517.271447775838,1303.8143329458012,0.95,-1537.6966675790313,0.0,0.0
61,audits,node-005,0.0,57.458044703762425,85.72702238229522,0.0,0.07278385742499065,0.10859303352056782,562.6814098561741,789.4339038429964,8517.271447775838,1303.8143329458012,0.95,-1122.7511371361425,20.644167072184928,-562.6814098561741
61,audits,node-006,392.1273494825318,0.0,392.2655940898285,392127.34948253183,0.0,392265.5940898285,0.0,0.0,8517.271447775838,1303.8143329458012,0.95,-607.7344059101715,0.0,0.0
61,audits,node-007,0.0,56.709445162414234,511.50395112374554,0.0,56709.44516241423,511503.95112374553,0.0,0.0,8517.271447775838,1303.8143329458012,0.95,-1515.4421657258495,0.0,0.0
61,audits,node-008,262.88821542237366,183.10534968834156,385.67079417556425,262888.2154223737,183105.34968834155,385670.79417556425,0.0,0.0,8517.271447775838,1303.8143329458012,0.95,-576.5750362804537,0.0,0.0
61,audits,node-009,0.0,0.0,0.0,0.0,0.0,0.0,0.0,0.0,8517.271447775838,1303.8143329458012,0.95,0.0,0.0,0.0
61,audits,node-010,518.5698152101669,512.2313894188806,832.6627935108678,518569.8152101669,512231.3894188806,832662.7935108677,0.0,0.0,8517.271447775838,1303.8143329458012,0.95,-1565.3255870217358,0.0,0.0
61,audits,node-011,0.0,0.0,78.65494202830736,0.0,0.0,78654.94202830736,0.0,0.0,8517.271447775838,1303.8143329458012,0.95,-221.34505797169263,0.0,0.0
61,audits,node-012,0.0,0.0,0.0,0.0,0.0,0.0,0.0,0.0,8517.271447775838,1303.8143329458012,0.95,0.0,0.0,0.0
61,audits,node-013,0.0,0.0,113.74241514747416,0.0,0.0,113742.41514747417,0.0,0.0,8517.271447775838,1303.8143329458012,0.95,-386.25758485252584,0.0,0.0
61,audits,node-014,0.0,0.0,0.0,0.0,0.0,0.0,0.0,0.0,8517.271447775838,1303.8143329458012,0.95,0.0,0.0,0.0
61,audits,node-015,0.0,0.0,0.0,0.0,0.0,0.0,0.0,0.0,8517.271447775838,1303.8143329458012,0.95,0.0,0.0,0.0
61,audits,node-016,413.43777809013534,574.6359114985993,630.6128451225486,413437.7780901353,574635.9114985992,630612.8451225486,0.0,0.0,8517.271447775838,1303.8143329458012,0.95,-537.3179557492997,0.0,0.0
61,audits,node-017,85.06185353985461,217.24878195088627,305.20388328427623,0.16536759318044358,0.4223504038243,0.593342720710857,477.022645134826,514.3804291028047,8517.271447775838,1303.8143329458012,0.95,-2024.1583586776821,-5.603667595196725,-477.022645134826
61,audits,node-018,0.0,0.0,39.564839441972765,0.0,0.0,39564.83944197276,0.0,0.0,8517.271447775838,1303.8143329458012,0.95,-160.43516055802723,0.0,0.0
61,audits,node-019,0.0,0.0,0.0,0.0,0.0,0.0,0.0,0.0,8517.271447775838,1303.8143329458012,0.95,0.0,0.0,0.0
61,audits,node-020,344.1540619956516,694.3003087946636,712.0313941103292,344154.0619956516,694300.3087946635,712031.3941103292,0.0,0.0,8517.271447775838,1303.8143329458012,0.95,-1547.1501543973318,0.0,0.0
61,audits,node-021,0.0,0.0,0.0,0.0,0.0,0.0,0.0,0.0,8517.271447775838,1303.8143329458012,0.95,0.0,0.0,0.0
61,audits,node-022,0.0,561.0584275900927,653.8117339879059,0.0,561058.4275900928,653811.7339879059,0.0,0.0,8517.271447775838,1303.8143329458012,0.95,-475.94149295719967,0.0,0.0
61,audits,node-023,1.3929077298495116,0.0,447.0072234742338,1392.9077298495115,0.0,447007.22347423376,0.0,0.0,8517.271447775838,1303.8143329458012,0.95,-594.0144469484678,0.0,0.0
61,audits,node-024,0.0,0.0,0.0,0.0,0.0,0.0,0.0,0.0,8517.271447775838,1303.8143329458012,0.95,-217.00665977047754,0.0,0.0
61,audits,node-025,126.32886552234305,0.0,166.74852409401416,126328.86552234305,0.0,166748.52409401417,0.0,0.0,8517.271447775838,1303.8143329458012,0.95,-233.25147590598584,0.0,0.0
61,audits,node-026,0.0,0.0,331.96633434176584,0.0,0.0,331966.33434176585,0.0,0.0,8517.271447775838,1303.8143329458012,0.95,-1368.0336656582344,0.0,0.0
61,audits,node-027,0.0,0.0,125.01255595892565,0.0,0.0,125012.55595892564,0.0,0.0,8517.271447775838,1303.8143329458012,0.95,-174.98744404107435,0.0,0.0
61,audits,node-028,0.0,0.0,0.0,0.0,0.0,0.0,0.0,0.0,8517.271447775838,1303.8143329458012,0.95,-442.2309217658107,0.0,0.0
61,audits,node-029,0.0,428.89941836854746,524.8865998126614,0.0,428899.41836854746,524886.5998126614,0.0,0.0,8517.271447775838,1303.8143329458012,0.95,-875.1134001873387,0.0,0.0
64,greedy,node-000,0.0,0.0,0.0,0.0,0.0,0.0,0.0,0.0,8623.19927206826,128.9525804742313,0.95,0.0,0.0,0.0
64,greedy,node-001,0.0,0.0,0.0,0.0,0.0,0.0,0.0,0.0,8623.19927206826,128.9525804742313,0.95,0.0,0.0,0.0
64,greedy,node-002,0.0,0.0,0.0,0.0,0.0,0.0,0.0,0.0,8623.19927206826,128.9525804742313,0.95,0.0,0.0,0.0
64,greedy,node-003,0.0,0.0,0.0,0.0,0.0,0.0,0.0,0.0,8623.19927206826,128.9525804742313,0.95,0.0,0.0,0.0
64,greedy,node-004,0.0,0.0,0.0,0.0,0.0,0.0,0.0,0.0,8623.19927206826,128.9525804742313,0.95,0.0,0.0,0.0
64,greedy,node-005,0.0,0.0,0.0,0.0,0.0,0.0,0.0,0.0,8623.19927206826,128.9525804742313,0.95,0.0,0.0,0.0
64,greedy,node-006,0.0,0.0,0.0,0.0,0.0,0.0,0.0,0.0,8623.19927206826,128.9525804742313,0.95,0.0,0.0,0.0
64,greedy,node-007,0.0,0.0,0.0,0.0,0.0,0.0,0.0,0.0,8623.19927206826,128.9525804742313,0.95,-30.17448960286921,0.0,0.0
64,greedy,node-008,0.0,0.0,0.0,0.0,0.0,0.0,0.0,0.0,8623.19927206826,128.9525804742313,0.95,0.0,0.0,0.0
64,greedy,node-009,0.0,0.0,0.0,0.0,0.0,0.0,0.0,0.0,8623.19927206826,128.9525804742313,0.95,0.0,0.0,0.0
64,greedy,node-010,0.0,0.0,0.0,0.0,0.0,0.0,15.266537415656869,45.799612246970604,8623.19927206826,128.9525804742313,0.95,-43.074740263935915,-2.033049330897706,-15.266537415656869
64,greedy,node-011,0.0,0.0,0.0,0.0,0.0,0.0,0.0,0.0,8623.19927206826,128.9525804742313,0.95,0.0,0.0,0.0
64,greedy,node-012,0.0,0.0,0.0,0.0,0.0,0.0,0.0,0.0,8623.19927206826,128.9525804742313,0.95,0.0,0.0,0.0
64,greedy,node-013,0.0,0.0,0.0,0.0,0.0,0.0,0.0,0.0,8623.19927206826,128.9525804742313,0.95,-15.426423129219135,0.0,0.0
64,greedy,node-014,0.0,0.0,0.0,0.0,0.0,0.0,0.0,0.0,8623.19927206826,128.9525804742313,0.95,0.0,0.0,0.0
64,greedy,node-015,0.0,0.0,0.0,0.0,0.0,0.0,0.0,0.0,8623.19927206826,128.9525804742313,0.95,0.0,0.0,0.0
64,greedy,node-016,0.0,0.0,0.0,0.0,0.0,0.0,0.0,0.0,8623.19927206826,128.9525804742313,0.95,0.0,0.0,0.0
64,greedy,node-017,0.0,0.0,0.0,0.0,0.0,0.0,0.0,0.0,8623.19927206826,128.9525804742313,0.95,0.0,0.0,0.0
64,greedy,node-018,0.0,0.0,0.0,0.0,0.0,0.0,0.0,0.0,8623.19927206826,128.9525804742313,0.95,0.0,0.0,0.0
64,greedy,node-019,0.0,0.0,0.0,0.0,0.0,0.0,0.0,0.0,8623.19927206826,128.9525804742313,0.95,0.0,0.0,0.0
64,greedy,node-020,0.0,0.0,0.0,0.0,0.0,0.0,0.0,0.0,8623.19927206826,128.9525804742313,0.95,0.0,0.0,0.0
64,greedy,node-021,0.0,0.0,0.0,0.0,0.0,0.0,0.0,0.0,8623.19927206826,128.9525804742313,0.95,0.0,0.0,0.0
64,greedy,node-022,0.0,0.0,0.0,0.0,0.0,0.0,0.0,0.0,8623.19927206826,128.9525804742313,0.95,-35.794615848547274,0.0,0.0
64,greedy,node-023,0.0,0.0,0.0,0.0,0.0,0.0,0.0,0.0,8623.19927206826,128.9525804742313,0.95,0.0,0.0,0.0
64,greedy,node-024,0.0,0.0,0.0,0.0,0.0,0.0,0.0,0.0,8623.19927206826,128.9525804742313,0.95,0.0,0.0,0.0
64,greedy,node-025,0.0,0.0,0.0,0.0,0.0,0.0,0.0,0.0,8623.19927206826,128.9525804742313,0.95,0.0,0.0,0.0
64,greedy,node-026,0.0,0.0,0.0,0.0,0.0,0.0,0.0,0.0,8623.19927206826,128.9525804742313,0.95,0.0,0.0,0.0
64,greedy,node-027,0.0,0.0,0.0,0.0,0.0,0.0,0.0,0.0,8623.19927206826,128.9525804742313,0.95,0.0,0.0,0.0
64,greedy,node-028,0.0,0.0,0.0,0.0,0.0,0.0,0.0,0.0,8623.19927206826,128.9525804742313,0.95,0.0,0.0,0.0
64,greedy,node-029,5.539127230794698,0.0,5.539127230794698,0.06661370422347426,0.0,0.06661370422347426,27.717656075753567,83.1529682272607,8623.19927206826,128.9525804742313,0.95,-50.6410190602423,-4.923843821898103,-27.717656075753567
64,trust_vcg,node-000,0.0,0.0,68.07554372780467,0.0,0.0,68075.54372780467,0.0,0.0,8880.783193042716,1192.2815637461879,1.0,-1131.9244562721951,0.0,0.0
64,trust_vcg,node-001,0.0,0.0,385.1967291184262,0.0,0.0,385196.7291184262,0.0,0.0,8880.783193042716,1192.2815637461879,1.0,-5014.803270881574,0.0,0.0
64,trust_vcg,node-002,0.0,0.0,0.0,0.0,0.0,0.0,0.0,0.0,8880.783193042716,1192.2815637461879,1.0,0.0,0.0,0.0
64,trust_vcg,node-003,0.0,0.0,56.51062891103808,0.0,0.0,56510.62891103808,0.0,0.0,8880.783193042716,1192.2815637461879,1.0,-3350.3171750114097,0.0,0.0
64,trust_vcg,node-004,0.0,0.0,165.27164367046575,0.0,0.0,165271.64367046574,0.0,0.0,8880.783193042716,1192.2815637461879,1.0,-5559.443425819315,0.0,0.0
64,trust_vcg,node-005,0.0,0.0,0.0,0.0,0.0,0.0,0.0,0.0,8880.783193042716,1192.2815637461879,1.0,0.0,0.0,0.0
64,trust_vcg,node-006,0.0,0.0,0.0,0.0,0.0,0.0,0.0,0.0,8880.783193042716,1192.2815637461879,1.0,0.0,0.0,0.0
64,trust_vcg,node-007,152.1820855890944,104.1440137503979,153.07364856887523,0.15270049211821374,0.10449877913876743,0.15359509219705947,865.059525156875,996.6050762382744,8880.783193042716,1192.2815637461879,1.0,-11901.325872608375,82.58054539641307,-467.1994993761818
64,trust_vcg,node-008,0.0,0.0,66.23318856147995,0.0,0.0,66233.18856147995,0.0,0.0,8880.783193042716,1192.2815637461879,1.0,-1133.76681143852,0.0,0.0
64,trust_vcg,node-009,0.0,0.0,161.43039791660794,0.0,0.0,161430.39791660794,0.0,0.0,8880.783193042716,1192.2815637461879,1.0,-2238.569602083392,0.0,0.0
64,trust_vcg,node-010,0.0,0.0,0.0,0.0,0.0,0.0,0.0,0.0,8880.783193042716,1192.2815637461879,1.0,-3252.3043442561834,0.0,0.0
64,trust_vcg,node-011,0.0,0.0,0.0,0.0,0.0,0.0,0.0,0.0,8880.783193042716,1192.2815637461879,1.0,0.0,0.0,0.0
64,trust_vcg,node-012,0.0,0.0,162.93973437329856,0.0,0.0,162939.73437329856,0.0,0.0,8880.783193042716,1192.2815637461879,1.0,-2237.0602656267015,0.0,0.0
64,trust_vcg,node-013,0.0,0.0,253.99248095226693,0.0,0.0,253992.48095226692,0.0,0.0,8880.783193042716,1192.2815637461879,1.0,-5532.122984334755,0.0,0.0
64,trust_vcg,node-014,0.0,0.0,0.0,0.0,0.0,0.0,0.0,0.0,8880.783193042716,1192.2815637461879,1.0,0.0,0.0,0.0
64,trust_vcg,node-015,0.0,0.0,0.0,0.0,0.0,0.0,0.0,0.0,8880.783193042716,1192.2815637461879,1.0,0.0,0.0,0.0
64,trust_vcg,node-016,0.0,0.0,0.0,0.0,0.0,0.0,0.0,0.0,8880.783193042716,1192.2815637461879,1.0,0.0,0.0,0.0
64,trust_vcg,node-017,0.0,0.0,0.0,0.0,0.0,0.0,0.0,0.0,8880.783193042716,1192.2815637461879,1.0,0.0,0.0,0.0
64,trust_vcg,node-018,0.0,0.0,0.0,0.0,0.0,0.0,0.0,0.0,8880.783193042716,1192.2815637461879,1.0,0.0,0.0,0.0
64,trust_vcg,node-019,0.0,0.0,0.0,0.0,0.0,0.0,0.0,0.0,8880.783193042716,1192.2815637461879,1.0,0.0,0.0,0.0
64,trust_vcg,node-020,0.0,0.0,0.0,0.0,0.0,0.0,0.0,0.0,8880.783193042716,1192.2815637461879,1.0,0.0,0.0,0.0
64,trust_vcg,node-021,0.0,0.0,0.0,0.0,0.0,0.0,0.0,0.0,8880.783193042716,1192.2815637461879,1.0,0.0,0.0,0.0
64,trust_vcg,node-022,0.0,0.0,0.0,0.0,0.0,0.0,0.0,0.0,8880.783193042716,1192.2815637461879,1.0,-11035.794615848545,0.0,0.0
64,trust_vcg,node-023,0.0,69.42308752510357,166.4408570652398,0.0,69423.08752510356,166440.8570652398,0.0,0.0,8880.783193042716,1192.2815637461879,1.0,-2233.55914293476,0.0,0.0
64,trust_vcg,node-024,0.0,0.0,0.0,0.0,0.0,0.0,0.0,0.0,8880.783193042716,1192.2815637461879,1.0,0.0,0.0,0.0
64,trust_vcg,node-025,0.0,0.0,0.0,0.0,0.0,0.0,0.0,0.0,8880.783193042716,1192.2815637461879,1.0,0.0,0.0,0.0
64,trust_vcg,node-026,0.0,0.0,0.0,0.0,0.0,0.0,0.0,0.0,8880.783193042716,1192.2815637461879,1.0,-3904.839242531147,0.0,0.0
64,trust_vcg,node-027,0.0,0.0,245.26079155463606,0.0,0.0,245260.79155463606,0.0,0.0,8880.783193042716,1192.2815637461879,1.0,-3354.7392084453636,0.0,0.0
64,trust_vcg,node-028,0.0,0.0,423.6937092110545,0.0,0.0,423693.7092110545,0.0,0.0,8880.783193042716,1192.2815637461879,1.0,-5576.306290788945,0.0,0.0
64,trust_vcg,node-029,173.48596399106907,260.75352027505113,591.2206894909226,0.8865958613655768,1.3325746163779941,3.0214191649725555,186.83757258094863,195.67648750791346,8880.783193042716,1192.2815637461879,1.0,-11171.332161739589,91.47970604102807,-186.83757258094863
64,contingent,node-000,0.0,0.0,0.0,0.0,0.0,0.0,0.0,0.0,8880.783193042716,210.57669901254636,1.0,-127.69782508878134,0.0,0.0
64,contingent,node-001,0.0,0.0,0.0,0.0,0.0,0.0,0.0,0.0,8880.783193042716,210.57669901254636,1.0,-259.21308352629507,0.0,0.0
64,contingent,node-002,0.0,0.0,0.0,0.0,0.0,0.0,0.0,0.0,8880.783193042716,210.57669901254636,1.0,0.0,0.0,0.0
64,contingent,node-003,0.0,0.0,6.510628911038076,0.0,0.0,6510.628911038076,0.0,0.0,8880.783193042716,210.57669901254636,1.0,-201.2687000456386,0.0,0.0
64,contingent,node-004,0.0,0.0,15.271643670465764,0.0,0.0,15271.643670465764,0.0,0.0,8880.783193042716,210.57669901254636,1.0,-237.7737032772592,0.0,0.0
64,contingent,node-005,0.0,0.0,0.0,0.0,0.0,0.0,0.0,0.0,8880.783193042716,210.57669901254636,1.0,0.0,0.0,0.0
64,contingent,node-006,0.0,0.0,0.0,0.0,0.0,0.0,0.0,0.0,8880.783193042716,210.57669901254636,1.0,0.0,0.0,0.0
64,contingent,node-007,154.32400989358538,3.430763366573089,154.32400989358538,0.7821068247205659,0.01738694740272977,0.7821068247205659,65.77277554069968,197.31832662209902,8880.783193042716,210.57669901254636,1.0,-210.83816534670137,-17.33029830560875,-167.3956326442805
64,contingent,node-008,0.0,0.0,0.0,0.0,0.0,0.0,0.0,0.0,8880.783193042716,210.57669901254636,1.0,-135.06724575408018,0.0,0.0
64,contingent,node-009,0.0,0.0,10.950873188153643,0.0,0.0,10950.873188153642,0.0,0.0,8880.783193042716,210.57669901254636,1.0,-154.27840833356822,0.0,0.0
64,contingent,node-010,0.0,0.0,0.0,0.0,0.0,0.0,0.0,0.0,8880.783193042716,210.57669901254636,1.0,-33.47039646678084,0.0,0.0
64,contingent,node-011,0.0,0.0,0.0,0.0,0.0,0.0,0.0,0.0,8880.783193042716,210.57669901254636,1.0,0.0,0.0,0.0
64,contingent,node-012,0.0,0.0,10.545378044820964,0.0,0.0,10545.378044820964,0.0,0.0,8880.783193042716,210.57669901254636,1.0,-148.2410625068058,0.0,0.0
64,contingent,node-013,0.0,24.98733824927134,60.86432074382846,0.0,24987.33824927134,60864.32074382846,0.0,0.0,8880.783193042716,210.57669901254636,1.0,-128.49193733901822,0.0,0.0
64,contingent,node-014,0.0,0.0,0.0,0.0,0.0,0.0,0.0,0.0,8880.783193042716,210.57669901254636,1.0,0.0,0.0,0.0
64,contingent,node-015,0.0,0.0,0.0,0.0,0.0,0.0,0.0,0.0,8880.783193042716,210.57669901254636,1.0,0.0,0.0,0.0
64,contingent,node-016,0.0,0.0,0.0,0.0,0.0,0.0,0.0,0.0,8880.783193042716,210.57669901254636,1.0,0.0,0.0,0.0
64,contingent,node-017,0.0,0.0,0.0,0.0,0.0,0.0,0.0,0.0,8880.783193042716,210.57669901254636,1.0,0.0,0.0,0.0
64,contingent,node-018,0.0,0.0,0.0,0.0,0.0,0.0,0.0,0.0,8880.783193042716,210.57669901254636,1.0,0.0,0.0,0.0
64,contingent,node-019,0.0,0.0,0.0,0.0,0.0,0.0,0.0,0.0,8880.783193042716,210.57669901254636,1.0,0.0,0.0,0.0
64,contingent,node-020,0.0,0.0,0.0,0.0,0.0,0.0,0.0,0.0,8880.783193042716,210.57669901254636,1.0,0.0,0.0,0.0
64,contingent,node-021,0.0,0.0,0.0,0.0,0.0,0.0,0.0,0.0,8880.783193042716,210.57669901254636,1.0,0.0,0.0,0.0
64,contingent,node-022,0.0,0.0,14.057471846937327,0.0,0.0,14057.471846937327,0.0,0.0,8880.783193042716,210.57669901254636,1.0,-143.17846339418912,0.0,0.0
64,contingent,node-023,0.0,19.423087525103576,19.423087525103576,0.0,19423.087525103576,19423.087525103576,0.0,0.0,8880.783193042716,210.57669901254636,1.0,-134.23657173904073,0.0,0.0
64,contingent,node-024,0.0,0.0,0.0,0.0,0.0,0.0,0.0,0.0,8880.783193042716,210.57669901254636,1.0,0.0,0.0,0.0
64,contingent,node-025,0.0,0.0,0.0,0.0,0.0,0.0,0.0,0.0,8880.783193042716,210.57669901254636,1.0,0.0,0.0,0.0
64,contingent,node-026,0.0,0.0,0.0,0.0,0.0,0.0,0.0,0.0,8880.783193042716,210.57669901254636,1.0,-219.35697012459053,0.0,0.0
64,contingent,node-027,0.0,0.0,0.0,0.0,0.0,0.0,0.0,0.0,8880.783193042716,210.57669901254636,1.0,-218.95683378145574,0.0,0.0
64,contingent,node-028,0.0,0.0,0.0,0.0,0.0,0.0,0.0,0.0,8880.783193042716,210.57669901254636,1.0,-305.2251631557817,0.0,0.0
64,contingent,node-029,0.0,35.75362197208481,123.75995900078422,0.0,2.696682588116574,9.334476009284026,4.41945746348244,13.25837239044732,8880.783193042716,210.57669901254636,1.0,-96.11290940143739,0.270648482295039,-4.41945746348244
64,capped,node-000,0.0,0.0,0.0,0.0,0.0,0.0,0.0,0.0,8880.783193042716,210.57669901254636,1.0,-31.924456272195336,0.0,0.0
64,capped,node-001,0.0,0.0,0.0,0.0,0.0,0.0,0.0,0.0,8880.783193042716,210.57669901254636,1.0,-64.80327088157377,0.0,0.0
64,capped,node-002,0.0,0.0,0.0,0.0,0.0,0.0,0.0,0.0,8880.783193042716,210.57669901254636,1.0,0.0,0.0,0.0
64,capped,node-003,0.0,0.0,6.510628911038076,0.0,0.0,6510.628911038076,0.0,0.0,8880.783193042716,210.57669901254636,1.0,-50.31717501140965,0.0,0.0
64,capped,node-004,0.0,0.0,15.271643670465764,0.0,0.0,15271.643670465764,0.0,0.0,8880.783193042716,210.57669901254636,1.0,-59.4434258193148,0.0,0.0
64,capped,node-005,0.0,0.0,0.0,0.0,0.0,0.0,0.0,0.0,8880.783193042716,210.57669901254636,1.0,0.0,0.0,0.0
64,capped,node-006,0.0,0.0,0.0,0.0,0.0,0.0,0.0,0.0,8880.783193042716,210.57669901254636,1.0,0.0,0.0,0.0
64,capped,node-007,154.32400989358538,3.430763366573089,154.32400989358538,0.7821068247205659,0.01738694740272977,0.7821068247205659,65.77277554069968,197.31832662209902,8880.783193042716,210.57669901254636,1.0,-102.0391229922001,-17.33029830560875,-167.3956326442805
64,capped,node-008,0.0,0.0,0.0,0.0,0.0,0.0,0.0,0.0,8880.783193042716,210.57669901254636,1.0,-33.766811438520044,0.0,0.0
64,capped,node-009,0.0,0.0,10.950873188153643,0.0,0.0,10950.873188153642,0.0,0.0,8880.783193042716,210.57669901254636,1.0,-38.569602083392056,0.0,0.0
64,capped,node-010,0.0,0.0,0.0,0.0,0.0,0.0,0.0,0.0,8880.783193042716,210.57669901254636,1.0,-8.36759911669521,0.0,0.0
64,capped,node-011,0.0,0.0,0.0,0.0,0.0,0.0,0.0,0.0,8880.783193042716,210.57669901254636,1.0,0.0,0.0,0.0
64,capped,node-012,0.0,0.0,10.545378044820964,0.0,0.0,10545.378044820964,0.0,0.0,8880.783193042716,210.57669901254636,1.0,-37.06026562670145,0.0,0.0
64,capped,node-013,0.0,42.570445453186274,60.86432074382846,0.0,42570.44545318627,60864.32074382846,0.0,0.0,8880.783193042716,210.57669901254636,1.0,-32.12298433475456,0.0,0.0
64,capped,node-014,0.0,0.0,0.0,0.0,0.0,0.0,0.0,0.0,8880.783193042716,210.57669901254636,1.0,0.0,0.0,0.0
64,capped,node-015,0.0,0.0,0.0,0.0,0.0,0.0,0.0,0.0,8880.783193042716,210.57669901254636,1.0,0.0,0.0,0.0
64,capped,node-016,0.0,0.0,0.0,0.0,0.0,0.0,0.0,0.0,8880.783193042716,210.57669901254636,1.0,0.0,0.0,0.0
64,capped,node-017,0.0,0.0,0.0,0.0,0.0,0.0,0.0,0.0,8880.783193042716,210.57669901254636,1.0,0.0,0.0,0.0
64,capped,node-018,0.0,0.0,0.0,0.0,0.0,0.0,0.0,0.0,8880.783193042716,210.57669901254636,1.0,0.0,0.0,0.0
64,capped,node-019,0.0,0.0,0.0,0.0,0.0,0.0,0.0,0.0,8880.783193042716,210.57669901254636,1.0,0.0,0.0,0.0
64,capped,node-020,0.0,0.0,0.0,0.0,0.0,0.0,0.0,0.0,8880.783193042716,210.57669901254636,1.0,0.0,0.0,0.0
64,capped,node-021,0.0,0.0,0.0,0.0,0.0,0.0,0.0,0.0,8880.783193042716,210.57669901254636,1.0,0.0,0.0,0.0
64,capped,node-022,0.0,71.58923169709456,119.3001781214956,0.0,71589.23169709455,119300.1781214956,0.0,0.0,8880.783193042716,210.57669901254636,1.0,-35.794615848547274,0.0,0.0
64,capped,node-023,0.0,19.423087525103576,19.423087525103576,0.0,19423.087525103576,19423.087525103576,0.0,0.0,8880.783193042716,210.57669901254636,1.0,-33.559142934760175,0.0,0.0
64,capped,node-024,0.0,0.0,0.0,0.0,0.0,0.0,0.0,0.0,8880.783193042716,210.57669901254636,1.0,0.0,0.0,0.0
64,capped,node-025,0.0,0.0,0.0,0.0,0.0,0.0,0.0,0.0,8880.783193042716,210.57669901254636,1.0,0.0,0.0,0.0
64,capped,node-026,0.0,0.0,6.66468902087901,0.0,0.0,6664.689020879009,0.0,0.0,8880.783193042716,210.57669901254636,1.0,-54.83924253114763,0.0,0.0
64,capped,node-027,0.0,0.0,0.0,0.0,0.0,0.0,0.0,0.0,8880.783193042716,210.57669901254636,1.0,-54.739208445363936,0.0,0.0
64,capped,node-028,0.0,0.0,0.0,0.0,0.0,0.0,0.0,0.0,8880.783193042716,210.57669901254636,1.0,-76.30629078894542,0.0,0.0
64,capped,node-029,0.0,41.427268505495036,123.75995900078422,0.0,3.124611927127907,9.334476009284026,4.41945746348244,13.25837239044732,8880.783193042716,210.57669901254636,1.0,-27.342820447971178,0.270648482295039,-4.41945746348244
64,proper_scoring,node-000,0.0,0.0,68.07554372780467,0.0,0.0,68075.54372780467,0.0,0.0,8880.783193042716,1192.2815637461879,1.0,-124.9326000696131,0.0,0.0
64,proper_scoring,node-001,0.0,0.0,385.1967291184262,0.0,0.0,385196.7291184262,0.0,0.0,8880.783193042716,1192.2815637461879,1.0,-259.21308352629507,0.0,0.0
64,proper_scoring,node-002,0.0,0.0,0.0,0.0,0.0,0.0,0.0,0.0,8880.783193042716,1192.2815637461879,1.0,0.0,0.0,0.0
64,proper_scoring,node-003,0.0,0.0,168.7579266836367,0.0,0.0,168757.9266836367,0.0,0.0,8880.783193042716,1192.2815637461879,1.0,-201.2687000456386,0.0,0.0
64,proper_scoring,node-004,0.0,0.0,380.30545597730367,0.0,0.0,380305.4559773037,0.0,0.0,8880.783193042716,1192.2815637461879,1.0,-237.7737032772592,0.0,0.0
64,proper_scoring,node-005,0.0,0.0,0.0,0.0,0.0,0.0,0.0,0.0,8880.783193042716,1192.2815637461879,1.0,0.0,0.0,0.0
64,proper_scoring,node-006,0.0,0.0,0.0,0.0,0.0,0.0,0.0,0.0,8880.783193042716,1192.2815637461879,1.0,0.0,0.0,0.0
64,proper_scoring,node-007,152.1820855890944,104.1440137503979,153.07364856887523,0.15270049211821374,0.10449877913876743,0.15359509219705947,865.059525156875,996.6050762382744,8880.783193042716,1192.2815637461879,1.0,-1010.1249149628767,82.58054539641307,-467.1994993761818
64,proper_scoring,node-008,0.0,0.0,66.23318856147995,0.0,0.0,66233.18856147995,0.0,0.0,8880.783193042716,1192.2815637461879,1.0,-128.79164576431492,0.0,0.0
64,proper_scoring,node-009,0.0,0.0,161.43039791660794,0.0,0.0,161430.39791660794,0.0,0.0,8880.783193042716,1192.2815637461879,1.0,-154.27840833356822,0.0,0.0
64,proper_scoring,node-010,0.0,0.0,235.90933041006403,0.0,0.0,235909.33041006402,0.0,0.0,8880.783193042716,1192.2815637461879,1.0,-33.47039646678084,0.0,0.0
64,proper_scoring,node-011,0.0,0.0,0.0,0.0,0.0,0.0,0.0,0.0,8880.783193042716,1192.2815637461879,1.0,0.0,0.0,0.0
64,proper_scoring,node-012,0.0,0.0,162.93973437329856,0.0,0.0,162939.73437329856,0.0,0.0,8880.783193042716,1192.2815637461879,1.0,-148.2410625068058,0.0,0.0
64,proper_scoring,node-013,0.0,274.9873382492713,409.085462063288,0.0,274987.3382492713,409085.46206328797,0.0,0.0,8880.783193042716,1192.2815637461879,1.0,-128.49193733901822,0.0,0.0
64,proper_scoring,node-014,0.0,0.0,0.0,0.0,0.0,0.0,0.0,0.0,8880.783193042716,1192.2815637461879,1.0,0.0,0.0,0.0
64,proper_scoring,node-015,0.0,0.0,0.0,0.0,0.0,0.0,0.0,0.0,8880.783193042716,1192.2815637461879,1.0,0.0,0.0,0.0
64,proper_scoring,node-016,0.0,0.0,0.0,0.0,0.0,0.0,0.0,0.0,8880.783193042716,1192.2815637461879,1.0,0.0,0.0,0.0
64,proper_scoring,node-017,0.0,0.0,0.0,0.0,0.0,0.0,0.0,0.0,8880.783193042716,1192.2815637461879,1.0,0.0,0.0,0.0
64,proper_scoring,node-018,0.0,0.0,0.0,0.0,0.0,0.0,0.0,0.0,8880.783193042716,1192.2815637461879,1.0,0.0,0.0,0.0
64,proper_scoring,node-019,0.0,0.0,0.0,0.0,0.0,0.0,0.0,0.0,8880.783193042716,1192.2815637461879,1.0,0.0,0.0,0.0
64,proper_scoring,node-020,0.0,0.0,0.0,0.0,0.0,0.0,0.0,0.0,8880.783193042716,1192.2815637461879,1.0,0.0,0.0,0.0
64,proper_scoring,node-021,0.0,0.0,0.0,0.0,0.0,0.0,0.0,0.0,8880.783193042716,1192.2815637461879,1.0,0.0,0.0,0.0
64,proper_scoring,node-022,312.6048062769638,737.3950666774479,737.3950666774479,312604.8062769638,737395.0666774479,737395.0666774479,0.0,0.0,8880.783193042716,1192.2815637461879,1.0,-143.17846339418912,0.0,0.0
64,proper_scoring,node-023,0.0,69.42308752510357,166.4408570652398,0.0,69423.08752510356,166440.8570652398,0.0,0.0,8880.783193042716,1192.2815637461879,1.0,-134.23657173904073,0.0,0.0
64,proper_scoring,node-024,0.0,0.0,0.0,0.0,0.0,0.0,0.0,0.0,8880.783193042716,1192.2815637461879,1.0,0.0,0.0,0.0
64,proper_scoring,node-025,0.0,0.0,0.0,0.0,0.0,0.0,0.0,0.0,8880.783193042716,1192.2815637461879,1.0,0.0,0.0,0.0
64,proper_scoring,node-026,0.0,0.0,205.17262334357832,0.0,0.0,205172.6233435783,0.0,0.0,8880.783193042716,1192.2815637461879,1.0,-219.35697012459053,0.0,0.0
64,proper_scoring,node-027,0.0,0.0,245.26079155463606,0.0,0.0,245260.79155463606,0.0,0.0,8880.783193042716,1192.2815637461879,1.0,-218.95683378145574,0.0,0.0
64,proper_scoring,node-028,0.0,0.0,423.6937092110545,0.0,0.0,423693.7092110545,0.0,0.0,8880.783193042716,1192.2815637461879,1.0,-301.8518225623868,0.0,0.0
64,proper_scoring,node-029,173.48596399106907,803.1584350503483,869.0917007371096,0.8865958613655768,4.104521934541918,4.441472308735929,186.83757258094863,195.67648750791346,8880.783193042716,1192.2815637461879,1.0,-278.53102451890356,91.47970604102807,-186.83757258094863
64,audits,node-000,0.0,0.0,68.07554372780467,0.0,0.0,68075.54372780467,0.0,0.0,8880.783193042716,1192.2815637461879,1.0,-131.92445627219533,0.0,0.0
64,audits,node-001,0.0,0.0,385.1967291184262,0.0,0.0,385196.7291184262,0.0,0.0,8880.783193042716,1192.2815637461879,1.0,-514.8032708815738,0.0,0.0
64,audits,node-002,0.0,0.0,0.0,0.0,0.0,0.0,0.0,0.0,8880.783193042716,1192.2815637461879,1.0,0.0,0.0,0.0
64,audits,node-003,0.0,0.0,149.6828249885903,0.0,0.0,149682.82498859032,0.0,0.0,8880.783193042716,1192.2815637461879,1.0,-350.31717501140963,0.0,0.0
64,audits,node-004,0.0,0.0,340.5565741806852,0.0,0.0,340556.57418068516,0.0,0.0,8880.783193042716,1192.2815637461879,1.0,-559.4434258193148,0.0,0.0
64,audits,node-005,0.0,0.0,0.0,0.0,0.0,0.0,0.0,0.0,8880.783193042716,1192.2815637461879,1.0,0.0,0.0,0.0
64,audits,node-006,0.0,0.0,0.0,0.0,0.0,0.0,0.0,0.0,8880.783193042716,1192.2815637461879,1.0,0.0,0.0,0.0
64,audits,node-007,152.1820855890944,104.1440137503979,153.07364856887523,0.15270049211821374,0.10449877913876743,0.15359509219705947,865.059525156875,996.6050762382744,8880.783193042716,1192.2815637461879,1.0,-2901.3258726083754,82.58054539641307,-467.1994993761818
64,audits,node-008,0.0,0.0,66.23318856147995,0.0,0.0,66233.18856147995,0.0,0.0,8880.783193042716,1192.2815637461879,1.0,-133.76681143852005,0.0,0.0
64,audits,node-009,0.0,0.0,161.43039791660794,0.0,0.0,161430.39791660794,0.0,0.0,8880.783193042716,1192.2815637461879,1.0,-238.56960208339206,0.0,0.0
64,audits,node-010,0.0,0.0,199.83075219764805,0.0,0.0,199830.75219764805,0.0,0.0,8880.783193042716,1192.2815637461879,1.0,-252.30434425618373,0.0,0.0
64,audits,node-011,0.0,0.0,0.0,0.0,0.0,0.0,0.0,0.0,8880.783193042716,1192.2815637461879,1.0,0.0,0.0,0.0
64,audits,node-012,0.0,0.0,162.93973437329856,0.0,0.0,162939.73437329856,0.0,0.0,8880.783193042716,1192.2815637461879,1.0,-237.06026562670144,0.0,0.0
64,audits,node-013,0.0,242.57044545318627,367.87701566524544,0.0,242570.44545318626,367877.0156652454,0.0,0.0,8880.783193042716,1192.2815637461879,1.0,-532.1229843347545,0.0,0.0
64,audits,node-014,0.0,0.0,0.0,0.0,0.0,0.0,0.0,0.0,8880.783193042716,1192.2815637461879,1.0,0.0,0.0,0.0
64,audits,node-015,0.0,0.0,0.0,0.0,0.0,0.0,0.0,0.0,8880.783193042716,1192.2815637461879,1.0,0.0,0.0,0.0
64,audits,node-016,0.0,0.0,0.0,0.0,0.0,0.0,0.0,0.0,8880.783193042716,1192.2815637461879,1.0,0.0,0.0,0.0
64,audits,node-017,0.0,0.0,0.0,0.0,0.0,0.0,0.0,0.0,8880.783193042716,1192.2815637461879,1.0,0.0,0.0,0.0
64,audits,node-018,0.0,0.0,0.0,0.0,0.0,0.0,0.0,0.0,8880.783193042716,1192.2815637461879,1.0,0.0,0.0,0.0
64,audits,node-019,0.0,0.0,0.0,0.0,0.0,0.0,0.0,0.0,8880.783193042716,1192.2815637461879,1.0,0.0,0.0,0.0
64,audits,node-020,0.0,0.0,0.0,0.0,0.0,0.0,0.0,0.0,8880.783193042716,1192.2815637461879,1.0,0.0,0.0,0.0
64,audits,node-021,0.0,0.0,0.0,0.0,0.0,0.0,0.0,0.0,8880.783193042716,1192.2815637461879,1.0,0.0,0.0,0.0
64,audits,node-022,0.0,71.58923169709453,84.49834040876577,0.0,71589.23169709452,84498.34040876577,0.0,0.0,8880.783193042716,1192.2815637461879,1.0,-2035.7946158485472,0.0,0.0
64,audits,node-023,0.0,69.42308752510357,166.4408570652398,0.0,69423.08752510356,166440.8570652398,0.0,0.0,8880.783193042716,1192.2815637461879,1.0,-233.55914293476016,0.0,0.0
64,audits,node-024,0.0,0.0,0.0,0.0,0.0,0.0,0.0,0.0,8880.783193042716,1192.2815637461879,1.0,0.0,0.0,0.0
64,audits,node-025,0.0,0.0,0.0,0.0,0.0,0.0,0.0,0.0,8880.783193042716,1192.2815637461879,1.0,0.0,0.0,0.0
64,audits,node-026,0.0,0.0,195.16075746885235,0.0,0.0,195160.75746885236,0.0,0.0,8880.783193042716,1192.2815637461879,1.0,-404.83924253114765,0.0,0.0
64,audits,node-027,0.0,0.0,245.26079155463606,0.0,0.0,245260.79155463606,0.0,0.0,8880.783193042716,1192.2815637461879,1.0,-354.73920844536394,0.0,0.0
64,audits,node-028,0.0,0.0,423.6937092110545,0.0,0.0,423693.7092110545,0.0,0.0,8880.783193042716,1192.2815637461879,1.0,-576.3062907889455,0.0,0.0
64,audits,node-029,173.48596399106907,760.753520275051,829.5236092285172,0.8865958613655768,3.8878126338213472,4.239260525335063,186.83757258094863,195.67648750791346,8880.783193042716,1192.2815637461879,1.0,-2171.3321617395877,91.47970604102807,-186.83757258094863
65,greedy,node-000,0.0,0.0,0.0,0.0,0.0,0.0,0.0,0.0,8749.199704750168,129.98401334735823,0.85,0.0,0.0,0.0
65,greedy,node-001,0.0,0.0,0.0,0.0,0.0,0.0,0.0,0.0,8749.199704750168,129.98401334735823,0.85,0.0,0.0,0.0
65,greedy,node-002,0.0,0.0,0.0,0.0,0.0,0.0,0.0,0.0,8749.199704750168,129.98401334735823,0.85,0.0,0.0,0.0
65,greedy,node-003,0.0,0.0,0.0,0.0,0.0,0.0,0.0,0.0,8749.199704750168,129.98401334735823,0.85,0.0,0.0,0.0
65,greedy,node-004,0.0,0.0,0.0,0.0,0.0,0.0,0.0,0.0,8749.199704750168,129.98401334735823,0.85,0.0,0.0,0.0
65,greedy,node-005,0.0,0.0,0.0,0.0,0.0,0.0,0.0,0.0,8749.199704750168,129.98401334735823,0.85,0.0,0.0,0.0
65,greedy,node-006,0.0,0.0,0.0,0.0,0.0,0.0,0.0,0.0,8749.199704750168,129.98401334735823,0.85,0.0,0.0,0.0
65,greedy,node-007,0.0,0.0,0.0,0.0,0.0,0.0,0.0,0.0,8749.199704750168,129.98401334735823,0.85,0.0,0.0,0.0
65,greedy,node-008,0.0,0.0,0.0,0.0,0.0,0.0,0.0,0.0,8749.199704750168,129.98401334735823,0.85,0.0,0.0,0.0
65,greedy,node-009,0.0,0.0,0.0,0.0,0.0,0.0,0.0,0.0,8749.199704750168,129.98401334735823,0.85,0.0,0.0,0.0
65,greedy,node-010,0.0,0.0,0.0,0.0,0.0,0.0,0.0,0.0,8749.199704750168,129.98401334735823,0.85,0.0,0.0,0.0
65,greedy,node-011,0.0,0.0,0.0,0.0,0.0,0.0,0.0,0.0,8749.199704750168,129.98401334735823,0.85,0.0,0.0,0.0
65,greedy,node-012,0.0,0.0,0.0,0.0,0.0,0.0,0.0,0.0,8749.199704750168,129.98401334735823,0.85,0.0,0.0,0.0
65,greedy,node-013,0.0,0.0,0.0,0.0,0.0,0.0,0.0,0.0,8749.199704750168,129.98401334735823,0.85,0.0,0.0,0.0
65,greedy,node-014,0.0,0.0,0.0,0.0,0.0,0.0,0.0,0.0,8749.199704750168,129.98401334735823,0.85,0.0,0.0,0.0
65,greedy,node-015,0.0,0.0,0.0,0.0,0.0,0.0,0.0,0.0,8749.199704750168,129.98401334735823,0.85,-7.875212924220758,0.0,0.0
65,greedy,node-016,0.0,0.0,0.0,0.0,0.0,0.0,0.0,0.0,8749.199704750168,129.98401334735823,0.85,0.0,0.0,0.0
65,greedy,node-017,0.0,0.0,0.0,0.0,0.0,0.0,0.0,0.0,8749.199704750168,129.98401334735823,0.85,0.0,0.0,0.0
65,greedy,node-018,0.0,0.0,0.0,0.0,0.0,0.0,0.0,0.0,8749.199704750168,129.98401334735823,0.85,0.0,0.0,0.0
65,greedy,node-019,0.0,0.0,0.0,0.0,0.0,0.0,0.0,0.0,8749.199704750168,129.98401334735823,0.85,0.0,0.0,0.0
65,greedy,node-020,0.0,0.0,0.0,0.0,0.0,0.0,0.0,0.0,8749.199704750168,129.98401334735823,0.85,0.0,0.0,0.0
65,greedy,node-021,0.0,0.0,0.0,0.0,0.0,0.0,0.0,0.0,8749.199704750168,129.98401334735823,0.85,0.0,0.0,0.0
65,greedy,node-022,0.0,0.0,0.0,0.0,0.0,0.0,0.0,0.0,8749.199704750168,129.98401334735823,0.85,0.0,0.0,0.0
65,greedy,node-023,0.0,0.0,0.0,0.0,0.0,0.0,0.0,0.0,8749.199704750168,129.98401334735823,0.85,0.0,0.0,0.0
65,greedy,node-024,0.0,0.0,0.0,0.0,0.0,0.0,0.0,0.0,8749.199704750168,129.98401334735823,0.85,0.0,0.0,0.0
65,greedy,node-025,0.0,0.0,0.0,0.0,0.0,0.0,0.0,0.0,8749.199704750168,129.98401334735823,0.85,0.0,0.0,0.0
65,greedy,node-026,0.0,0.0,0.0,0.0,0.0,0.0,0.0,0.0,8749.199704750168,129.98401334735823,0.85,0.0,0.0,0.0
65,greedy,node-027,0.0,0.0,0.0,0.0,0.0,0.0,0.0,0.0,8749.199704750168,129.98401334735823,0.85,0.0,0.0,0.0
65,greedy,node-028,0.0,0.0,0.0,0.0,0.0,0.0,0.0,0.0,8749.199704750168,129.98401334735823,0.85,0.0,0.0,0.0
65,greedy,node-029,97.79295779555143,0.0,97.79295779555143,0.7523460406951572,0.0,0.7523460406951572,43.328004449119405,129.98401334735823,8749.199704750168,129.98401334735823,0.85,-64.9920066736791,-12.998401334735817,-43.328004449119405
65,trust_vcg,node-000,0.0,172.91156790525844,387.91574998275615,0.0,172911.56790525845,387915.74998275616,0.0,0.0,8502.81249346882,-219.62272330483165,0.85,-5612.084250017243,0.0,-917.6518705835421
65,trust_vcg,node-001,54.52216901665466,0.0,283.28676053823995,54522.169016654654,0.0,283286.76053823996,0.0,0.0,8502.81249346882,-219.62272330483165,0.85,-5565.533291698845,0.0,0.0
65,trust_vcg,node-002,0.0,0.0,0.0,0.0,0.0,0.0,0.0,0.0,8502.81249346882,-219.62272330483165,0.85,0.0,0.0,0.0
65,trust_vcg,node-003,0.0,0.0,0.0,0.0,0.0,0.0,0.0,0.0,8502.81249346882,-219.62272330483165,0.85,-3328.2898919650806,0.0,0.0
65,trust_vcg,node-004,0.0,0.0,7.60280438034971,0.0,0.0,7602.804380349709,0.0,0.0,8502.81249346882,-219.62272330483165,0.85,-592.3971956196503,0.0,0.0
65,trust_vcg,node-005,0.0,0.0,0.0,0.0,0.0,0.0,0.0,0.0,8502.81249346882,-219.62272330483165,0.85,-591.5777982236986,0.0,0.0
65,trust_vcg,node-006,0.0,0.0,8.476620106742132,0.0,0.0,8476.620106742132,0.0,0.0,8502.81249346882,-219.62272330483165,0.85,-591.5233798932579,0.0,0.0
65,trust_vcg,node-007,0.0,0.0,0.0,0.0,0.0,0.0,0.0,0.0,8502.81249346882,-219.62272330483165,0.85,-5540.540785319552,0.0,0.0
65,trust_vcg,node-008,0.0,0.0,63.590021433571636,0.0,0.0,63590.02143357164,0.0,0.0,8502.81249346882,-219.62272330483165,0.85,-2287.3519900772444,0.0,0.0
65,trust_vcg,node-009,0.0,243.68625023083797,397.21910142061466,0.0,243686.25023083796,397219.10142061464,0.0,0.0,8502.81249346882,-219.62272330483165,0.85,-5602.780898579385,0.0,0.0
65,trust_vcg,node-010,0.0,319.7088070485696,547.2319831916786,0.0,319708.8070485696,547231.9831916786,0.0,0.0,8502.81249346882,-219.62272330483165,0.85,-5594.463966383357,0.0,0.0
65,trust_vcg,node-011,0.0,0.0,95.76848100147689,0.0,0.0,95768.48100147689,0.0,0.0,8502.81249346882,-219.62272330483165,0.85,-2304.2315189985234,0.0,0.0
65,trust_vcg,node-012,115.20544415295423,0.0,189.3024606906643,115205.44415295422,0.0,189302.4606906643,0.0,0.0,8502.81249346882,-219.62272330483165,0.85,-3410.6975393093358,0.0,0.0
65,trust_vcg,node-013,0.0,0.0,336.28828592209857,0.0,0.0,336288.28592209856,0.0,0.0,8502.81249346882,-219.62272330483165,0.85,-5551.793736402677,0.0,0.0
65,trust_vcg,node-014,0.0,0.0,0.0,0.0,0.0,0.0,0.0,0.0,8502.81249346882,-219.62272330483165,0.85,0.0,0.0,0.0
65,trust_vcg,node-015,0.0,0.0,480.6698562486055,0.0,0.0,480669.85624860553,0.0,0.0,8502.81249346882,-219.62272330483165,0.85,-5548.145271961195,0.0,0.0
65,trust_vcg,node-016,0.0,0.0,123.76540302926273,0.0,0.0,123765.40302926273,0.0,0.0,8502.81249346882,-219.62272330483165,0.85,-2284.4556866323173,0.0,0.0
65,trust_vcg,node-017,0.0,0.0,0.0,0.0,0.0,0.0,0.0,0.0,8502.81249346882,-219.62272330483165,0.85,-2311.758116823374,0.0,0.0
65,trust_vcg,node-018,0.0,0.0,0.0,0.0,0.0,0.0,0.0,0.0,8502.81249346882,-219.62272330483165,0.85,0.0,0.0,0.0
65,trust_vcg,node-019,0.0,0.0,0.0,0.0,0.0,0.0,0.0,0.0,8502.81249346882,-219.62272330483165,0.85,0.0,0.0,0.0
65,trust_vcg,node-020,0.0,0.0,0.0,0.0,0.0,0.0,0.0,0.0,8502.81249346882,-219.62272330483165,0.85,0.0,0.0,0.0
65,trust_vcg,node-021,0.0,0.0,0.0,0.0,0.0,0.0,0.0,0.0,8502.81249346882,-219.62272330483165,0.85,0.0,0.0,0.0
65,trust_vcg,node-022,0.0,0.0,264.0425572804043,0.0,0.0,264042.5572804043,0.0,0.0,8502.81249346882,-219.62272330483165,0.85,-5513.157842844426,0.0,0.0
65,trust_vcg,node-023,0.0,0.45737920419242073,118.7699219618803,0.0,0.00047017125130381047,0.12209169615542952,657.2926778060584,972.7927918265596,8502.81249346882,-219.62272330483165,0.85,-6236.167706311183,-47.32501710307531,-657.2926778060584
65,trust_vcg,node-024,0.0,0.0,0.0,0.0,0.0,0.0,0.0,0.0,8502.81249346882,-219.62272330483165,0.85,0.0,0.0,0.0
65,trust_vcg,node-025,0.0,0.0,0.0,0.0,0.0,0.0,0.0,0.0,8502.81249346882,-219.62272330483165,0.85,0.0,0.0,0.0
65,trust_vcg,node-026,0.0,0.0,0.0,0.0,0.0,0.0,0.0,0.0,8502.81249346882,-219.62272330483165,0.85,-5051.624918063631,0.0,0.0
65,trust_vcg,node-027,0.0,0.0,0.0,0.0,0.0,0.0,0.0,0.0,8502.81249346882,-219.62272330483165,0.85,-2299.071104614921,0.0,0.0
65,trust_vcg,node-028,0.0,0.0,0.0,0.0,0.0,0.0,0.0,0.0,8502.81249346882,-219.62272330483165,0.85,0.0,0.0,0.0
65,trust_vcg,node-029,26.3146592386272,457.1391965748179,587.1232099221761,26314.6592386272,457139.1965748179,587123.2099221761,-1209.9586212904762,-1192.4155151313912,8502.81249346882,-219.62272330483165,0.85,-9785.53317731946,-2.631465923862379,-121.11036556855606
65,contingent,node-000,0.0,72.91156790525844,72.91156790525844,0.0,72911.56790525843,72911.56790525843,0.0,0.0,8502.81249346882,491.3957307547038,0.85,-448.3370000689754,0.0,-82.18051558960397
65,contingent,node-001,5.1138453793964445,15.119021643810107,133.28676053823995,5113.8453793964445,15119.021643810107,133286.76053823993,0.0,0.0,8502.81249346882,491.3957307547038,0.85,-262.13316679537957,0.0,0.0
65,contingent,node-002,0.0,0.0,0.0,0.0,0.0,0.0,0.0,0.0,8502.81249346882,491.3957307547038,0.85,0.0,0.0,0.0
65,contingent,node-003,0.0,0.0,0.0,0.0,0.0,0.0,0.0,0.0,8502.81249346882,491.3957307547038,0.85,-323.51415318462057,0.0,0.0
65,contingent,node-004,0.0,0.0,0.0,0.0,0.0,0.0,0.0,0.0,8502.81249346882,491.3957307547038,0.85,-169.5887824786011,0.0,0.0
65,contingent,node-005,0.0,0.0,0.0,0.0,0.0,0.0,0.0,0.0,8502.81249346882,491.3957307547038,0.85,-166.31119289479423,0.0,0.0
65,contingent,node-006,0.0,0.0,0.0,0.0,0.0,0.0,0.0,0.0,8502.81249346882,491.3957307547038,0.85,-166.09351957303144,0.0,0.0
65,contingent,node-007,0.0,0.0,0.0,0.0,0.0,0.0,0.0,0.0,8502.81249346882,491.3957307547038,0.85,-376.84999358413677,0.0,0.0
65,contingent,node-008,0.0,0.0,13.590021433571621,0.0,0.0,13590.021433571621,0.0,0.0,8502.81249346882,491.3957307547038,0.85,-349.40796030897855,0.0,0.0
65,contingent,node-009,0.0,93.68625023083794,93.68625023083794,0.0,93686.25023083793,93686.25023083793,0.0,0.0,8502.81249346882,491.3957307547038,0.85,-411.1235943175413,0.0,0.0
65,contingent,node-010,0.0,119.70880704856958,119.70880704856958,0.0,119708.80704856958,119708.80704856958,0.0,0.0,8502.81249346882,491.3957307547038,0.85,-377.85586553342864,0.0,0.0
65,contingent,node-011,0.0,0.0,0.0,0.0,0.0,0.0,0.0,0.0,8502.81249346882,491.3957307547038,0.85,-416.9260759940925,0.0,0.0
65,contingent,node-012,0.0,0.0,24.637703175411616,0.0,0.0,24637.703175411614,0.0,0.0,8502.81249346882,491.3957307547038,0.85,-442.7901572373428,0.0,0.0
65,contingent,node-013,0.0,49.92218616285875,186.2882859220985,0.0,49922.18616285875,186288.2859220985,0.0,0.0,8502.81249346882,491.3957307547038,0.85,-207.17494561070802,0.0,0.0
65,contingent,node-014,0.0,0.0,0.0,0.0,0.0,0.0,0.0,0.0,8502.81249346882,491.3957307547038,0.85,0.0,0.0,0.0
65,contingent,node-015,0.0,75.29099980716188,167.55129085337748,0.0,75290.99980716188,167551.2908533775,0.0,0.0,8502.81249346882,491.3957307547038,0.85,-192.58108784477682,0.0,0.0
65,contingent,node-016,0.0,0.0,23.765403029262714,0.0,0.0,23765.403029262714,0.0,0.0,8502.81249346882,491.3957307547038,0.85,-337.8227465292684,0.0,0.0
65,contingent,node-017,0.0,0.0,0.0,0.0,0.0,0.0,0.0,0.0,8502.81249346882,491.3957307547038,0.85,-447.032467293496,0.0,0.0
65,contingent,node-018,0.0,0.0,0.0,0.0,0.0,0.0,0.0,0.0,8502.81249346882,491.3957307547038,0.85,0.0,0.0,0.0
65,contingent,node-019,0.0,0.0,0.0,0.0,0.0,0.0,0.0,0.0,8502.81249346882,491.3957307547038,0.85,0.0,0.0,0.0
65,contingent,node-020,0.0,0.0,0.0,0.0,0.0,0.0,0.0,0.0,8502.81249346882,491.3957307547038,0.85,0.0,0.0,0.0
65,contingent,node-021,0.0,0.0,0.0,0.0,0.0,0.0,0.0,0.0,8502.81249346882,491.3957307547038,0.85,0.0,0.0,0.0
65,contingent,node-022,0.0,20.589441624648593,114.22647885668847,0.0,20589.441624648593,114226.47885668847,0.0,0.0,8502.81249346882,491.3957307547038,0.85,-248.2613972421683,0.0,0.0
65,contingent,node-023,0.0,0.0,118.31254275768802,0.0,0.0,0.25,157.75005701025069,473.2501710307521,8502.81249346882,491.3957307547038,0.85,-473.2501710307521,-47.32501710307521,-157.75005701025069
65,contingent,node-024,0.0,0.0,0.0,0.0,0.0,0.0,0.0,0.0,8502.81249346882,491.3957307547038,0.85,0.0,0.0,0.0
65,contingent,node-025,0.0,0.0,0.0,0.0,0.0,0.0,0.0,0.0,8502.81249346882,491.3957307547038,0.85,0.0,0.0,0.0
65,contingent,node-026,0.0,0.0,0.0,0.0,0.0,0.0,0.0,0.0,8502.81249346882,491.3957307547038,0.85,-412.6995979969056,0.0,0.0
65,contingent,node-027,0.0,0.0,0.0,0.0,0.0,0.0,0.0,0.0,8502.81249346882,491.3957307547038,0.85,-396.2844184596833,0.0,0.0
65,contingent,node-028,0.0,0.0,0.0,0.0,0.0,0.0,0.0,0.0,8502.81249346882,491.3957307547038,0.85,0.0,0.0,0.0
65,contingent,node-029,18.1455597239517,34.55645136957702,156.3713652022598,1.0,1.9044026139333328,8.617610455733333,0.6024535648669389,18.1455597239517,8502.81249346882,491.3957307547038,0.85,-87.25846246310574,-1.814555972395169,29.14566313442364
65,capped,node-000,0.0,72.91156790525844,72.91156790525844,0.0,72911.56790525843,72911.56790525843,0.0,0.0,8502.81249346882,499.5648302693793,0.85,-112.08425001724385,0.0,-44.87001320575451
65,capped,node-001,5.1138453793964445,89.740026411509,133.28676053823995,5113.8453793964445,89740.02641150901,133286.76053823993,0.0,0.0,8502.81249346882,499.5648302693793,0.85,-65.53329169884488,0.0,0.0
65,capped,node-002,0.0,0.0,0.0,0.0,0.0,0.0,0.0,0.0,8502.81249346882,499.5648302693793,0.85,0.0,0.0,0.0
65,capped,node-003,0.0,0.0,0.0,0.0,0.0,0.0,0.0,0.0,8502.81249346882,499.5648302693793,0.85,-80.87853829615514,0.0,0.0
65,capped,node-004,0.0,0.0,0.0,0.0,0.0,0.0,0.0,0.0,8502.81249346882,499.5648302693793,0.85,-42.397195619650276,0.0,0.0
65,capped,node-005,0.0,0.0,0.0,0.0,0.0,0.0,0.0,0.0,8502.81249346882,499.5648302693793,0.85,-41.57779822369855,0.0,0.0
65,capped,node-006,0.0,0.0,0.0,0.0,0.0,0.0,0.0,0.0,8502.81249346882,499.5648302693793,0.85,-41.52337989325787,0.0,0.0
65,capped,node-007,0.0,0.0,27.197074937533635,0.0,0.0,27197.074937533635,0.0,0.0,8502.81249346882,499.5648302693793,0.85,-94.21249839603419,0.0,0.0
65,capped,node-008,0.0,0.0,13.590021433571621,0.0,0.0,13590.021433571621,0.0,0.0,8502.81249346882,499.5648302693793,0.85,-87.35199007724464,0.0,0.0
65,capped,node-009,0.0,93.68625023083794,93.68625023083794,0.0,93686.25023083793,93686.25023083793,0.0,0.0,8502.81249346882,499.5648302693793,0.85,-102.78089857938532,0.0,0.0
65,capped,node-010,0.0,119.70880704856958,119.70880704856958,0.0,119708.80704856958,119708.80704856958,0.0,0.0,8502.81249346882,499.5648302693793,0.85,-94.46396638335716,0.0,0.0
65,capped,node-011,0.0,0.0,0.0,0.0,0.0,0.0,0.0,0.0,8502.81249346882,499.5648302693793,0.85,-104.23151899852313,0.0,0.0
65,capped,node-012,0.0,0.0,24.637703175411616,0.0,0.0,24637.703175411614,0.0,0.0,8502.81249346882,499.5648302693793,0.85,-110.6975393093357,0.0,0.0
65,capped,node-013,0.0,103.58747280535401,186.2882859220985,0.0,103587.472805354,186288.2859220985,0.0,0.0,8502.81249346882,499.5648302693793,0.85,-51.793736402677006,0.0,0.0
65,capped,node-014,0.0,0.0,0.0,0.0,0.0,0.0,0.0,0.0,8502.81249346882,499.5648302693793,0.85,0.0,0.0,0.0
65,capped,node-015,0.0,96.29054392238841,167.55129085337748,0.0,96290.5439223884,167551.2908533775,0.0,0.0,8502.81249346882,499.5648302693793,0.85,-48.145271961194204,0.0,0.0
65,capped,node-016,0.0,0.0,23.765403029262714,0.0,0.0,23765.403029262714,0.0,0.0,8502.81249346882,499.5648302693793,0.85,-84.4556866323171,0.0,0.0
65,capped,node-017,0.0,0.0,0.0,0.0,0.0,0.0,0.0,0.0,8502.81249346882,499.5648302693793,0.85,-111.758116823374,0.0,0.0
65,capped,node-018,0.0,0.0,0.0,0.0,0.0,0.0,0.0,0.0,8502.81249346882,499.5648302693793,0.85,0.0,0.0,0.0
65,capped,node-019,0.0,0.0,0.0,0.0,0.0,0.0,0.0,0.0,8502.81249346882,499.5648302693793,0.85,0.0,0.0,0.0
65,capped,node-020,0.0,0.0,0.0,0.0,0.0,0.0,0.0,0.0,8502.81249346882,499.5648302693793,0.85,0.0,0.0,0.0
65,capped,node-021,0.0,0.0,0.0,0.0,0.0,0.0,0.0,0.0,8502.81249346882,499.5648302693793,0.85,0.0,0.0,0.0
65,capped,node-022,0.0,58.24116650168878,114.22647885668847,0.0,58241.16650168878,114226.47885668847,0.0,0.0,8502.81249346882,499.5648302693793,0.85,-62.065349310542075,0.0,0.0
65,capped,node-023,0.0,0.0,118.31254275768802,0.0,0.0,0.25,157.75005701025069,473.2501710307521,8502.81249346882,499.5648302693793,0.85,-236.62508551537604,-47.32501710307521,-157.75005701025069
65,capped,node-024,0.0,0.0,0.0,0.0,0.0,0.0,0.0,0.0,8502.81249346882,499.5648302693793,0.85,0.0,0.0,0.0
65,capped,node-025,0.0,0.0,0.0,0.0,0.0,0.0,0.0,0.0,8502.81249346882,499.5648302693793,0.85,0.0,0.0,0.0
65,capped,node-026,0.0,0.0,0.0,0.0,0.0,0.0,0.0,0.0,8502.81249346882,499.5648302693793,0.85,-103.1748994992264,0.0,0.0
65,capped,node-027,0.0,0.0,0.0,0.0,0.0,0.0,0.0,0.0,8502.81249346882,499.5648302693793,0.85,-99.07110461492083,0.0,0.0
65,capped,node-028,0.0,0.0,0.0,0.0,0.0,0.0,0.0,0.0,8502.81249346882,499.5648302693793,0.85,0.0,0.0,0.0
65,capped,node-029,26.314659238627137,34.556451369577026,164.54046471693525,1.0,1.3132015526483356,6.252806210593343,8.771553079542377,26.314659238627137,8502.81249346882,499.5648302693793,0.85,-30.43555530410208,-2.631465923862711,61.8220611931254
65,proper_scoring,node-000,0.0,172.91156790525844,387.91574998275615,0.0,172911.56790525845,387915.74998275616,0.0,0.0,8502.81249346882,1311.0700983834543,0.85,-437.7489974780528,0.0,115.45277895942888
65,proper_scoring,node-001,115.45277895942888,215.1190216438101,376.8008922736483,115452.77895942888,215119.0216438101,376800.8922736483,0.0,0.0,8502.81249346882,1311.0700983834543,0.85,-262.13316679537957,0.0,0.0
65,proper_scoring,node-002,0.0,0.0,0.0,0.0,0.0,0.0,0.0,0.0,8502.81249346882,1311.0700983834543,0.85,0.0,0.0,0.0
65,proper_scoring,node-003,0.0,0.0,126.88143094766042,0.0,0.0,126881.43094766041,0.0,0.0,8502.81249346882,1311.0700983834543,0.85,-292.36111591673335,0.0,0.0
65,proper_scoring,node-004,0.0,0.0,7.60280438034971,0.0,0.0,7602.804380349709,0.0,0.0,8502.81249346882,1311.0700983834543,0.85,-92.39719561965028,0.0,0.0
65,proper_scoring,node-005,0.0,0.0,0.0,0.0,0.0,0.0,0.0,0.0,8502.81249346882,1311.0700983834543,0.85,-91.57779822369855,0.0,0.0
65,proper_scoring,node-006,0.0,0.0,8.476620106742132,0.0,0.0,8476.620106742132,0.0,0.0,8502.81249346882,1311.0700983834543,0.85,-91.52337989325787,0.0,0.0
65,proper_scoring,node-007,0.0,0.0,237.822955269229,0.0,0.0,237822.955269229,0.0,0.0,8502.81249346882,1311.0700983834543,0.85,-367.31823251828666,0.0,0.0
65,proper_scoring,node-008,0.0,0.0,63.590021433571636,0.0,0.0,63590.02143357164,0.0,0.0,8502.81249346882,1311.0700983834543,0.85,-287.35199007724464,0.0,0.0
65,proper_scoring,node-009,0.0,243.68625023083797,397.21910142061466,0.0,243686.25023083796,397219.10142061464,0.0,0.0,8502.81249346882,1311.0700983834543,0.85,-405.07026274087843,0.0,0.0
65,proper_scoring,node-010,0.0,319.7088070485696,547.2319831916786,0.0,319708.8070485696,547231.9831916786,0.0,0.0,8502.81249346882,1311.0700983834543,0.85,-365.3078208913638,0.0,0.0
65,proper_scoring,node-011,0.0,0.0,95.76848100147689,0.0,0.0,95768.48100147689,0.0,0.0,8502.81249346882,1311.0700983834543,0.85,-304.23151899852314,0.0,0.0
65,proper_scoring,node-012,115.20544415295423,0.0,189.3024606906643,115205.44415295422,0.0,189302.4606906643,0.0,0.0,8502.81249346882,1311.0700983834543,0.85,-386.4376521067246,0.0,0.0
65,proper_scoring,node-013,0.0,449.92218616285874,449.92218616285874,0.0,449922.18616285874,449922.18616285874,0.0,0.0,8502.81249346882,1311.0700983834543,0.85,-207.17494561070802,0.0,0.0
65,proper_scoring,node-014,0.0,0.0,0.0,0.0,0.0,0.0,0.0,0.0,8502.81249346882,1311.0700983834543,0.85,0.0,0.0,0.0
65,proper_scoring,node-015,0.0,525.2909998071618,525.2909998071618,0.0,525290.9998071619,525290.9998071619,0.0,0.0,8502.81249346882,1311.0700983834543,0.85,-192.58108784477682,0.0,0.0
65,proper_scoring,node-016,0.0,0.0,123.76540302926273,0.0,0.0,123765.40302926273,0.0,0.0,8502.81249346882,1311.0700983834543,0.85,-284.4556866323171,0.0,0.0
65,proper_scoring,node-017,0.0,0.0,0.0,0.0,0.0,0.0,0.0,0.0,8502.81249346882,1311.0700983834543,0.85,-311.758116823374,0.0,0.0
65,proper_scoring,node-018,0.0,0.0,0.0,0.0,0.0,0.0,0.0,0.0,8502.81249346882,1311.0700983834543,0.85,0.0,0.0,0.0
65,proper_scoring,node-019,0.0,0.0,0.0,0.0,0.0,0.0,0.0,0.0,8502.81249346882,1311.0700983834543,0.85,0.0,0.0,0.0
65,proper_scoring,node-020,0.0,0.0,0.0,0.0,0.0,0.0,0.0,0.0,8502.81249346882,1311.0700983834543,0.85,0.0,0.0,0.0
65,proper_scoring,node-021,0.0,0.0,0.0,0.0,0.0,0.0,0.0,0.0,8502.81249346882,1311.0700983834543,0.85,0.0,0.0,0.0
65,proper_scoring,node-022,0.0,170.4055200483644,264.0425572804043,0.0,170405.5200483644,264042.5572804043,0.0,0.0,8502.81249346882,1311.0700983834543,0.85,-248.2613972421683,0.0,0.0
65,proper_scoring,node-023,0.0,0.45737920419242073,118.7699219618803,0.0,0.00047017125130381047,0.12209169615542952,657.2926778060584,972.7927918265596,8502.81249346882,1311.0700983834543,0.85,-967.0061687402105,-47.32501710307531,-657.2926778060584
65,proper_scoring,node-024,0.0,0.0,0.0,0.0,0.0,0.0,0.0,0.0,8502.81249346882,1311.0700983834543,0.85,0.0,0.0,0.0
65,proper_scoring,node-025,0.0,0.0,0.0,0.0,0.0,0.0,0.0,0.0,8502.81249346882,1311.0700983834543,0.85,0.0,0.0,0.0
65,proper_scoring,node-026,0.0,0.0,11.70706925129734,0.0,0.0,11707.06925129734,0.0,0.0,8502.81249346882,1311.0700983834543,0.85,-372.7549740572257,0.0,0.0
65,proper_scoring,node-027,0.0,0.0,0.9288953850791728,0.0,0.0,928.8953850791728,0.0,0.0,8502.81249346882,1311.0700983834543,0.85,-299.07110461492084,0.0,0.0
65,proper_scoring,node-028,0.0,0.0,0.0,0.0,0.0,0.0,0.0,0.0,8502.81249346882,1311.0700983834543,0.85,0.0,0.0,0.0
65,proper_scoring,node-029,18.14555972395175,564.3514448296623,686.1663586623449,0.053641078997121124,1.6683100932008406,2.028413805366926,320.73420039780996,338.2773065568947,8502.81249346882,1311.0700983834543,0.85,-407.39020929604874,-1.8145559723951692,-151.8031872568423
65,audits,node-000,0.0,172.91156790525844,387.91574998275615,0.0,172911.56790525845,387915.74998275616,0.0,0.0,8502.81249346882,1280.3772766951683,0.85,-1112.084250017244,0.0,82.34812941645802
65,audits,node-001,82.34812941645802,189.74002641150898,332.7666458494225,82348.12941645802,189740.02641150897,332766.6458494225,0.0,0.0,8502.81249346882,1280.3772766951683,0.85,-1065.533291698845,0.0,0.0
65,audits,node-002,0.0,0.0,0.0,0.0,0.0,0.0,0.0,0.0,8502.81249346882,1280.3772766951683,0.85,0.0,0.0,0.0
65,audits,node-003,0.0,0.0,126.88143094766042,0.0,0.0,126881.43094766041,0.0,0.0,8502.81249346882,1280.3772766951683,0.85,-328.2898919650805,0.0,0.0
65,audits,node-004,0.0,0.0,7.60280438034971,0.0,0.0,7602.804380349709,0.0,0.0,8502.81249346882,1280.3772766951683,0.85,-92.39719561965028,0.0,0.0
65,audits,node-005,0.0,0.0,0.0,0.0,0.0,0.0,0.0,0.0,8502.81249346882,1280.3772766951683,0.85,-91.57779822369855,0.0,0.0
65,audits,node-006,0.0,0.0,8.476620106742132,0.0,0.0,8476.620106742132,0.0,0.0,8502.81249346882,1280.3772766951683,0.85,-91.52337989325787,0.0,0.0
65,audits,node-007,0.0,0.0,215.92971376618584,0.0,0.0,215929.71376618583,0.0,0.0,8502.81249346882,1280.3772766951683,0.85,-1040.5407853195516,0.0,0.0
65,audits,node-008,0.0,0.0,63.590021433571636,0.0,0.0,63590.02143357164,0.0,0.0,8502.81249346882,1280.3772766951683,0.85,-287.35199007724464,0.0,0.0
65,audits,node-009,0.0,243.68625023083797,397.21910142061466,0.0,243686.25023083796,397219.10142061464,0.0,0.0,8502.81249346882,1280.3772766951683,0.85,-1102.7808985793852,0.0,0.0
65,audits,node-010,0.0,319.7088070485696,547.2319831916786,0.0,319708.8070485696,547231.9831916786,0.0,0.0,8502.81249346882,1280.3772766951683,0.85,-1094.463966383357,0.0,0.0
65,audits,node-011,0.0,0.0,95.76848100147689,0.0,0.0,95768.48100147689,0.0,0.0,8502.81249346882,1280.3772766951683,0.85,-304.23151899852314,0.0,0.0
65,audits,node-012,115.20544415295423,0.0,189.3024606906643,115205.44415295422,0.0,189302.4606906643,0.0,0.0,8502.81249346882,1280.3772766951683,0.85,-410.69753930933575,0.0,0.0
65,audits,node-013,0.0,403.587472805354,403.587472805354,0.0,403587.47280535405,403587.47280535405,0.0,0.0,8502.81249346882,1280.3772766951683,0.85,-1051.793736402677,0.0,0.0
65,audits,node-014,0.0,0.0,0.0,0.0,0.0,0.0,0.0,0.0,8502.81249346882,1280.3772766951683,0.85,0.0,0.0,0.0
65,audits,node-015,0.0,496.2905439223884,496.2905439223884,0.0,496290.5439223884,496290.5439223884,0.0,0.0,8502.81249346882,1280.3772766951683,0.85,-1048.1452719611943,0.0,0.0
65,audits,node-016,0.0,0.0,123.76540302926273,0.0,0.0,123765.40302926273,0.0,0.0,8502.81249346882,1280.3772766951683,0.85,-284.4556866323171,0.0,0.0
65,audits,node-017,0.0,0.0,0.0,0.0,0.0,0.0,0.0,0.0,8502.81249346882,1280.3772766951683,0.85,-311.758116823374,0.0,0.0
65,audits,node-018,0.0,0.0,0.0,0.0,0.0,0.0,0.0,0.0,8502.81249346882,1280.3772766951683,0.85,0.0,0.0,0.0
65,audits,node-019,0.0,0.0,0.0,0.0,0.0,0.0,0.0,0.0,8502.81249346882,1280.3772766951683,0.85,0.0,0.0,0.0
65,audits,node-020,0.0,0.0,0.0,0.0,0.0,0.0,0.0,0.0,8502.81249346882,1280.3772766951683,0.85,0.0,0.0,0.0
65,audits,node-021,0.0,0.0,0.0,0.0,0.0,0.0,0.0,0.0,8502.81249346882,1280.3772766951683,0.85,0.0,0.0,0.0
65,audits,node-022,0.0,162.9479955720162,264.0425572804043,0.0,162947.9955720162,264042.5572804043,0.0,0.0,8502.81249346882,1280.3772766951683,0.85,-1013.1578428444261,0.0,0.0
65,audits,node-023,0.0,0.45737920419242073,118.7699219618803,0.0,0.00047017125130381047,0.12209169615542952,657.2926778060584,972.7927918265596,8502.81249346882,1280.3772766951683,0.85,-1736.1677063111833,-47.32501710307531,-657.2926778060584
65,audits,node-024,0.0,0.0,0.0,0.0,0.0,0.0,0.0,0.0,8502.81249346882,1280.3772766951683,0.85,0.0,0.0,0.0
65,audits,node-025,0.0,0.0,0.0,0.0,0.0,0.0,0.0,0.0,8502.81249346882,1280.3772766951683,0.85,0.0,0.0,0.0
65,audits,node-026,0.0,0.0,0.0,0.0,0.0,0.0,0.0,0.0,8502.81249346882,1280.3772766951683,0.85,-1051.6249180636314,0.0,0.0
65,audits,node-027,0.0,0.0,0.9288953850791728,0.0,0.0,928.8953850791728,0.0,0.0,8502.81249346882,1280.3772766951683,0.85,-299.07110461492084,0.0,0.0
65,audits,node-028,0.0,0.0,0.0,0.0,0.0,0.0,0.0,0.0,8502.81249346882,1280.3772766951683,0.85,0.0,0.0,0.0
65,audits,node-029,26.314659238627087,457.1391965748177,587.1232099221758,0.08555262223277597,1.4862231974089797,1.9088193286894097,290.041378709524,307.5844848686088,8502.81249346882,1280.3772766951683,0.85,-2285.5331773194575,-2.63146592386272,-121.11036556855635
66,greedy,node-000,0.0,0.0,0.0,0.0,0.0,0.0,0.0,0.0,7385.036514843305,216.73744024958307,0.8,0.0,0.0,0.0
66,greedy,node-001,0.0,0.0,0.0,0.0,0.0,0.0,0.0,0.0,7385.036514843305,216.73744024958307,0.8,0.0,0.0,0.0
66,greedy,node-002,0.0,0.0,0.0,0.0,0.0,0.0,0.0,0.0,7385.036514843305,216.73744024958307,0.8,0.0,0.0,0.0
66,greedy,node-003,0.0,0.0,0.0,0.0,0.0,0.0,0.0,0.0,7385.036514843305,216.73744024958307,0.8,-50.47574614648409,0.0,0.0
66,greedy,node-004,0.0,0.0,0.0,0.0,0.0,0.0,0.0,0.0,7385.036514843305,216.73744024958307,0.8,-37.54371392918116,0.0,0.0
66,greedy,node-005,0.0,0.0,0.0,0.0,0.0,0.0,0.0,0.0,7385.036514843305,216.73744024958307,0.8,0.0,0.0,0.0
66,greedy,node-006,0.0,0.0,0.0,0.0,0.0,0.0,0.0,0.0,7385.036514843305,216.73744024958307,0.8,0.0,0.0,0.0
66,greedy,node-007,0.0,0.0,0.0,0.0,0.0,0.0,0.0,0.0,7385.036514843305,216.73744024958307,0.8,0.0,0.0,0.0
66,greedy,node-008,0.0,0.0,0.0,0.0,0.0,0.0,0.0,0.0,7385.036514843305,216.73744024958307,0.8,-17.974703823994815,0.0,0.0
66,greedy,node-009,0.0,0.0,0.0,0.0,0.0,0.0,0.0,0.0,7385.036514843305,216.73744024958307,0.8,0.0,0.0,0.0
66,greedy,node-010,0.0,0.0,0.0,0.0,0.0,0.0,0.0,0.0,7385.036514843305,216.73744024958307,0.8,0.0,0.0,0.0
66,greedy,node-011,19.164416750959987,0.0,19.164416750959987,0.14006598130997733,0.0,0.14006598130997733,45.60806883471007,136.82420650413025,7385.036514843305,216.73744024958307,0.8,-84.77423080875194,-9.723711491590826,-45.60806883471007
66,greedy,node-012,0.0,0.0,0.0,0.0,0.0,0.0,0.0,0.0,7385.036514843305,216.73744024958307,0.8,0.0,0.0,0.0
66,greedy,node-013,0.0,0.0,0.0,0.0,0.0,0.0,0.0,0.0,7385.036514843305,216.73744024958307,0.8,0.0,0.0,0.0
66,greedy,node-014,0.0,0.0,0.0,0.0,0.0,0.0,0.0,0.0,7385.036514843305,216.73744024958307,0.8,0.0,0.0,0.0
66,greedy,node-015,0.0,0.0,0.0,0.0,0.0,0.0,0.0,0.0,7385.036514843305,216.73744024958307,0.8,0.0,0.0,0.0
66,greedy,node-016,0.0,0.0,0.0,0.0,0.0,0.0,0.0,0.0,7385.036514843305,216.73744024958307,0.8,-48.991814066918835,0.0,0.0
66,greedy,node-017,0.0,0.0,0.0,0.0,0.0,0.0,0.0,0.0,7385.036514843305,216.73744024958307,0.8,0.0,0.0,0.0
66,greedy,node-018,0.0,0.0,0.0,0.0,0.0,0.0,0.0,0.0,7385.036514843305,216.73744024958307,0.8,0.0,0.0,0.0
66,greedy,node-019,0.0,0.0,0.0,0.0,0.0,0.0,0.0,0.0,7385.036514843305,216.73744024958307,0.8,0.0,0.0,0.0
66,greedy,node-020,0.0,0.0,0.0,0.0,0.0,0.0,0.0,0.0,7385.036514843305,216.73744024958307,0.8,0.0,0.0,0.0
66,greedy,node-021,0.7417947874434123,0.0,0.7417947874434123,741.7947874434122,0.0,741.7947874434122,0.0,0.0,7385.036514843305,216.73744024958307,0.8,-16.898331843301285,0.0,0.0
66,greedy,node-022,0.0,0.0,0.0,0.0,0.0,0.0,26.63774458181761,79.91323374545283,7385.036514843305,216.73744024958307,0.8,-74.80368172296564,-7.991323374545278,-26.63774458181761
66,greedy,node-023,0.0,0.0,0.0,0.0,0.0,0.0,0.0,0.0,7385.036514843305,216.73744024958307,0.8,0.0,0.0,0.0
66,greedy,node-024,0.0,0.0,0.0,0.0,0.0,0.0,0.0,0.0,7385.036514843305,216.73744024958307,0.8,0.0,0.0,0.0
66,greedy,node-025,0.0,0.0,0.0,0.0,0.0,0.0,0.0,0.0,7385.036514843305,216.73744024958307,0.8,0.0,0.0,0.0
66,greedy,node-026,0.0,0.0,0.0,0.0,0.0,0.0,0.0,0.0,7385.036514843305,216.73744024958307,0.8,0.0,0.0,0.0
66,greedy,node-027,0.0,0.0,0.0,0.0,0.0,0.0,0.0,0.0,7385.036514843305,216.73744024958307,0.8,0.0,0.0,0.0
66,greedy,node-028,0.0,0.0,0.0,0.0,0.0,0.0,0.0,0.0,7385.036514843305,216.73744024958307,0.8,0.0,0.0,0.0
66,greedy,node-029,0.0,0.0,0.0,0.0,0.0,0.0,0.0,0.0,7385.036514843305,216.73744024958307,0.8,-17.893342347859438,0.0,0.0
66,trust_vcg,node-000,60.67626400053628,0.0,94.94462975974568,60676.26400053628,0.0,94944.62975974567,0.0,0.0,6990.073584724595,-1726.3654423331286,0.75,-1705.055370240254,0.0,0.0
66,trust_vcg,node-001,0.0,0.0,0.0,0.0,0.0,0.0,0.0,0.0,6990.073584724595,-1726.3654423331286,0.75,0.0,0.0,60.67626400053628
66,trust_vcg,node-002,0.0,0.0,0.0,0.0,0.0,0.0,0.0,0.0,6990.073584724595,-1726.3654423331286,0.75,0.0,0.0,60.67626400053628
66,trust_vcg,node-003,0.0,0.0,92.32558218828873,0.0,0.0,92325.58218828874,0.0,0.0,6990.073584724595,-1726.3654423331286,0.75,-11058.940862584142,0.0,60.67626400053628
66,trust_vcg,node-004,0.0,0.0,0.0,0.0,0.0,0.0,0.0,0.0,6990.073584724595,-1726.3654423331286,0.75,-5448.214504936729,0.0,60.67626400053628
66,trust_vcg,node-005,0.0,0.0,0.0,0.0,0.0,0.0,0.0,0.0,6990.073584724595,-1726.3654423331286,0.75,0.0,0.0,60.67626400053628
66,trust_vcg,node-006,0.0,0.0,0.0,0.0,0.0,0.0,0.0,0.0,6990.073584724595,-1726.3654423331286,0.75,0.0,0.0,60.67626400053628
66,trust_vcg,node-007,0.0,0.0,0.0,0.0,0.0,0.0,0.0,0.0,6990.073584724595,-1726.3654423331286,0.75,-2265.0423841005054,0.0,60.67626400053628
66,trust_vcg,node-008,0.0,0.0,0.0,0.0,0.0,0.0,0.0,0.0,6990.073584724595,-1726.3654423331286,0.75,-11120.10467001372,0.0,60.67626400053628
66,trust_vcg,node-009,0.0,0.0,0.0,0.0,0.0,0.0,0.0,0.0,6990.073584724595,-1726.3654423331286,0.75,0.0,0.0,60.67626400053628
66,trust_vcg,node-010,0.0,0.0,0.0,0.0,0.0,0.0,0.0,0.0,6990.073584724595,-1726.3654423331286,0.75,0.0,0.0,60.67626400053628
66,trust_vcg,node-011,1084.1310967202078,672.9098243726402,1803.4305208495039,1084131.0967202077,672909.8243726401,1803430.5208495038,-1084.1310967202078,-1017.46029020712,6990.073584724595,-1726.3654423331286,0.75,-9955.035065253835,42.179767750070596,1144.807360720744
66,trust_vcg,node-012,0.0,0.0,0.0,0.0,0.0,0.0,0.0,0.0,6990.073584724595,-1726.3654423331286,0.75,0.0,0.0,60.67626400053628
66,trust_vcg,node-013,0.0,0.0,0.0,0.0,0.0,0.0,0.0,0.0,6990.073584724595,-1726.3654423331286,0.75,0.0,0.0,60.67626400053628
66,trust_vcg,node-014,0.0,0.0,0.0,0.0,0.0,0.0,0.0,0.0,6990.073584724595,-1726.3654423331286,0.75,0.0,0.0,60.67626400053628
66,trust_vcg,node-015,0.0,0.0,0.0,0.0,0.0,0.0,0.0,0.0,6990.073584724595,-1726.3654423331286,0.75,0.0,0.0,60.67626400053628
66,trust_vcg,node-016,0.0,0.0,228.46992408934202,0.0,0.0,228469.924089342,0.0,0.0,6990.073584724595,-1726.3654423331286,0.75,-10981.10801261194,0.0,60.67626400053628
66,trust_vcg,node-017,0.0,0.0,0.0,0.0,0.0,0.0,0.0,0.0,6990.073584724595,-1726.3654423331286,0.75,-5047.0720327274485,0.0,60.67626400053628
66,trust_vcg,node-018,0.0,0.0,0.0,0.0,0.0,0.0,0.0,0.0,6990.073584724595,-1726.3654423331286,0.75,0.0,0.0,60.67626400053628
66,trust_vcg,node-019,0.0,0.0,0.0,0.0,0.0,0.0,0.0,0.0,6990.073584724595,-1726.3654423331286,0.75,0.0,0.0,60.67626400053628
66,trust_vcg,node-020,0.0,0.0,0.0,0.0,0.0,0.0,0.0,0.0,6990.073584724595,-1726.3654423331286,0.75,0.0,0.0,60.67626400053628
66,trust_vcg,node-021,0.0,0.0,0.0,0.0,0.0,0.0,0.0,0.0,6990.073584724595,-1726.3654423331286,0.75,-3838.6122127343688,0.0,60.67626400053628
66,trust_vcg,node-022,872.9279486002328,791.5320648329147,872.9279486002328,872927.9486002327,791532.0648329146,872927.9486002327,-791.5320648329147,-708.9051521260084,6990.073584724595,-1726.3654423331286,0.75,-4735.934285205278,93.58256240482456,923.5015592095616
66,trust_vcg,node-023,0.0,0.0,30.236213352454925,0.0,0.0,30236.213352454924,0.0,0.0,6990.073584724595,-1726.3654423331286,0.75,-566.9794075655982,0.0,60.67626400053628
66,trust_vcg,node-024,0.0,0.0,0.0,0.0,0.0,0.0,0.0,0.0,6990.073584724595,-1726.3654423331286,0.75,-1141.5521703024006,0.0,60.67626400053628
66,trust_vcg,node-025,0.0,0.0,0.0,0.0,0.0,0.0,0.0,0.0,6990.073584724595,-1726.3654423331286,0.75,-3275.3545308938906,0.0,60.67626400053628
66,trust_vcg,node-026,0.0,0.0,0.0,0.0,0.0,0.0,0.0,0.0,6990.073584724595,-1726.3654423331286,0.75,0.0,0.0,60.67626400053628
66,trust_vcg,node-027,0.0,0.0,428.191933984033,0.0,0.0,428191.933984033,0.0,0.0,6990.073584724595,-1726.3654423331286,0.75,-5571.808066015967,0.0,60.67626400053628
66,trust_vcg,node-028,0.0,0.0,34.06372796923037,0.0,0.0,34063.72796923037,0.0,0.0,6990.073584724595,-1726.3654423331286,0.75,-560.9478421918387,0.0,60.67626400053628
66,trust_vcg,node-029,86.45727781191269,0.0,86.45727781191269,86457.27781191269,0.0,86457.27781191269,0.0,0.0,6990.073584724595,-1726.3654423331286,0.75,-9868.643011222974,0.0,60.67626400053628
66,contingent,node-000,0.0,0.0,0.0,0.0,0.0,0.0,0.0,0.0,6990.073584724595,169.71068644300863,0.75,-220.22148096101728,0.0,0.0
66,contingent,node-001,0.0,0.0,0.0,0.0,0.0,0.0,0.0,0.0,6990.073584724595,169.71068644300863,0.75,0.0,0.0,-39.31562250524912
66,contingent,node-002,0.0,0.0,0.0,0.0,0.0,0.0,0.0,0.0,6990.073584724595,169.71068644300863,0.75,0.0,0.0,-39.31562250524912
66,contingent,node-003,0.0,67.98192102548617,118.47252745063881,0.0,67981.92102548617,118472.52745063881,0.0,0.0,6990.073584724595,169.71068644300863,0.75,-235.76345033656736,0.0,-39.31562250524912
66,contingent,node-004,0.0,0.0,0.0,0.0,0.0,0.0,0.0,0.0,6990.073584724595,169.71068644300863,0.75,-150.17485571672464,0.0,-39.31562250524912
66,contingent,node-005,0.0,0.0,0.0,0.0,0.0,0.0,0.0,0.0,6990.073584724595,169.71068644300863,0.75,0.0,0.0,-39.31562250524912
66,contingent,node-006,0.0,0.0,0.0,0.0,0.0,0.0,0.0,0.0,6990.073584724595,169.71068644300863,0.75,0.0,0.0,-39.31562250524912
66,contingent,node-007,0.0,0.0,0.0,0.0,0.0,0.0,0.0,0.0,6990.073584724595,169.71068644300863,0.75,-260.16953640202274,0.0,-39.31562250524912
66,contingent,node-008,0.0,0.0,0.0,0.0,0.0,0.0,0.0,0.0,6990.073584724595,169.71068644300863,0.75,-480.4186800548847,0.0,-39.31562250524912
66,contingent,node-009,0.0,0.0,0.0,0.0,0.0,0.0,0.0,0.0,6990.073584724595,169.71068644300863,0.75,0.0,0.0,-39.31562250524912
66,contingent,node-010,0.0,0.0,0.0,0.0,0.0,0.0,0.0,0.0,6990.073584724595,169.71068644300863,0.75,0.0,0.0,-39.31562250524912
66,contingent,node-011,0.0,44.99692069153998,207.1050493520964,0.0,0.5705549642486115,2.626064455361916,12.19437477719949,78.86518129028703,6990.073584724595,169.71068644300863,0.75,-168.85902267336698,-5.312306174341315,-51.50999728244861
66,contingent,node-012,0.0,0.0,0.0,0.0,0.0,0.0,0.0,0.0,6990.073584724595,169.71068644300863,0.75,0.0,0.0,-39.31562250524912
66,contingent,node-013,0.0,0.0,0.0,0.0,0.0,0.0,0.0,0.0,6990.073584724595,169.71068644300863,0.75,0.0,0.0,-39.31562250524912
66,contingent,node-014,0.0,0.0,0.0,0.0,0.0,0.0,0.0,0.0,6990.073584724595,169.71068644300863,0.75,0.0,0.0,-39.31562250524912
66,contingent,node-015,0.0,0.0,0.0,0.0,0.0,0.0,0.0,0.0,6990.073584724595,169.71068644300863,0.75,0.0,0.0,-39.31562250524912
66,contingent,node-016,0.0,47.67741548509852,47.67741548509852,0.0,47677.41548509852,47677.41548509852,0.0,0.0,6990.073584724595,169.71068644300863,0.75,-228.42045237434624,0.0,-39.31562250524912
66,contingent,node-017,0.0,0.0,0.0,0.0,0.0,0.0,0.0,0.0,6990.073584724595,169.71068644300863,0.75,-388.2881309097911,0.0,-39.31562250524912
66,contingent,node-018,0.0,0.0,0.0,0.0,0.0,0.0,0.0,0.0,6990.073584724595,169.71068644300863,0.75,0.0,0.0,-39.31562250524912
66,contingent,node-019,0.0,0.0,0.0,0.0,0.0,0.0,0.0,0.0,6990.073584724595,169.71068644300863,0.75,0.0,0.0,-39.31562250524912
66,contingent,node-020,0.0,0.0,0.0,0.0,0.0,0.0,0.0,0.0,6990.073584724595,169.71068644300863,0.75,0.0,0.0,-39.31562250524912
66,contingent,node-021,0.0,0.0,0.0,0.0,0.0,0.0,0.0,0.0,6990.073584724595,169.71068644300863,0.75,-119.15405684559694,0.0,-39.31562250524912
66,contingent,node-022,23.395411076906008,13.619243722933478,100.2719818051517,0.2575296492388442,0.1499165390740905,1.1037638200875555,8.218592445815295,90.8455051527216,6990.073584724595,169.71068644300863,0.75,-118.08399259858857,-2.6717116936052676,-76.23287108073917
66,contingent,node-023,0.0,0.0,0.0,0.0,0.0,0.0,0.0,0.0,6990.073584724595,169.71068644300863,0.75,-78.97761892146045,0.0,-39.31562250524912
66,contingent,node-024,0.0,0.0,0.0,0.0,0.0,0.0,0.0,0.0,6990.073584724595,169.71068644300863,0.75,-166.20868120960228,0.0,-39.31562250524912
66,contingent,node-025,0.0,0.0,0.0,0.0,0.0,0.0,0.0,0.0,6990.073584724595,169.71068644300863,0.75,-102.23510393023068,0.0,-39.31562250524912
66,contingent,node-026,0.0,0.0,0.0,0.0,0.0,0.0,0.0,0.0,6990.073584724595,169.71068644300863,0.75,0.0,0.0,-39.31562250524912
66,contingent,node-027,0.0,0.0,26.23165412500352,0.0,0.0,26231.65412500352,0.0,0.0,6990.073584724595,169.71068644300863,0.75,-287.2322640638679,0.0,-39.31562250524912
66,contingent,node-028,0.0,0.0,0.0,0.0,0.0,0.0,0.0,0.0,6990.073584724595,169.71068644300863,0.75,-63.49624380049916,0.0,-39.31562250524912
66,contingent,node-029,0.0,0.0,0.0,0.0,0.0,0.0,0.0,0.0,6990.073584724595,169.71068644300863,0.75,-244.77822994325982,0.0,-39.31562250524912
66,capped,node-000,0.0,0.0,0.0,0.0,0.0,0.0,0.0,0.0,6990.073584724595,223.94657882999078,0.75,-55.05537024025433,0.0,0.0
66,capped,node-001,0.0,0.0,0.0,0.0,0.0,0.0,0.0,0.0,6990.073584724595,223.94657882999078,0.75,0.0,0.0,-39.31562250524912
66,capped,node-002,0.0,0.0,0.0,0.0,0.0,0.0,0.0,0.0,6990.073584724595,223.94657882999078,0.75,0.0,0.0,-39.31562250524912
66,capped,node-003,0.0,83.1330341803464,137.4114188942141,0.0,83133.0341803464,137411.41889421412,0.0,0.0,6990.073584724595,223.94657882999078,0.75,-58.94086258414185,0.0,-39.31562250524912
66,capped,node-004,0.0,0.0,4.775827141133172,0.0,0.0,4775.8271411331725,0.0,0.0,6990.073584724595,223.94657882999078,0.75,-37.54371392918116,0.0,-39.31562250524912
66,capped,node-005,0.0,0.0,0.0,0.0,0.0,0.0,0.0,0.0,6990.073584724595,223.94657882999078,0.75,0.0,0.0,-39.31562250524912
66,capped,node-006,0.0,0.0,0.0,0.0,0.0,0.0,0.0,0.0,6990.073584724595,223.94657882999078,0.75,0.0,0.0,-39.31562250524912
66,capped,node-007,0.0,0.0,0.0,0.0,0.0,0.0,0.0,0.0,6990.073584724595,223.94657882999078,0.75,-65.04238410050569,0.0,-39.31562250524912
66,capped,node-008,0.0,0.0,0.0,0.0,0.0,0.0,0.0,0.0,6990.073584724595,223.94657882999078,0.75,-120.10467001372115,0.0,-39.31562250524912
66,capped,node-009,0.0,0.0,0.0,0.0,0.0,0.0,0.0,0.0,6990.073584724595,223.94657882999078,0.75,0.0,0.0,-39.31562250524912
66,capped,node-010,0.0,0.0,0.0,0.0,0.0,0.0,0.0,0.0,6990.073584724595,223.94657882999078,0.75,0.0,0.0,-39.31562250524912
66,capped,node-011,3.8477281388410205,44.99692069153997,185.96402087275212,0.03847489218623955,0.44994126659926775,1.859524736525146,33.33540325654377,100.0062097696313,6990.073584724595,223.94657882999078,0.75,-72.50156523058564,-7.426409022275749,-72.65102576179288
66,capped,node-012,0.0,0.0,0.0,0.0,0.0,0.0,0.0,0.0,6990.073584724595,223.94657882999078,0.75,0.0,0.0,-39.31562250524912
66,capped,node-013,0.0,0.0,0.0,0.0,0.0,0.0,0.0,0.0,6990.073584724595,223.94657882999078,0.75,0.0,0.0,-39.31562250524912
66,capped,node-014,0.0,0.0,0.0,0.0,0.0,0.0,0.0,0.0,6990.073584724595,223.94657882999078,0.75,0.0,0.0,-39.31562250524912
66,capped,node-015,0.0,0.0,0.0,0.0,0.0,0.0,0.0,0.0,6990.073584724595,223.94657882999078,0.75,0.0,0.0,-39.31562250524912
66,capped,node-016,0.0,80.15726923667786,80.15726923667786,0.0,80157.26923667786,80157.26923667786,0.0,0.0,6990.073584724595,223.94657882999078,0.75,-57.10511309358656,0.0,-39.31562250524912
66,capped,node-017,0.0,0.0,0.0,0.0,0.0,0.0,0.0,0.0,6990.073584724595,223.94657882999078,0.75,-97.07203272744778,0.0,-39.31562250524912
66,capped,node-018,0.0,0.0,0.0,0.0,0.0,0.0,0.0,0.0,6990.073584724595,223.94657882999078,0.75,0.0,0.0,-39.31562250524912
66,capped,node-019,0.0,0.0,0.0,0.0,0.0,0.0,0.0,0.0,6990.073584724595,223.94657882999078,0.75,0.0,0.0,-39.31562250524912
66,capped,node-020,0.0,0.0,0.0,0.0,0.0,0.0,0.0,0.0,6990.073584724595,223.94657882999078,0.75,0.0,0.0,-39.31562250524912
66,capped,node-021,0.0,0.0,0.0,0.0,0.0,0.0,0.0,0.0,6990.073584724595,223.94657882999078,0.75,-29.78851421139923,0.0,-39.31562250524912
66,capped,node-022,11.361030936000816,13.61924372293349,105.08741575549925,0.09166529857973837,0.1098854539984536,0.8478869036150866,41.31345635345315,123.94036906035944,6990.073584724595,223.94657882999078,0.75,-68.77980639164647,-5.981198084369048,-109.32773498837703
66,capped,node-023,0.0,0.0,0.0,0.0,0.0,0.0,0.0,0.0,6990.073584724595,223.94657882999078,0.75,-19.744404730365112,0.0,-39.31562250524912
66,capped,node-024,0.0,0.0,0.0,0.0,0.0,0.0,0.0,0.0,6990.073584724595,223.94657882999078,0.75,-41.55217030240057,0.0,-39.31562250524912
66,capped,node-025,0.0,0.0,0.0,0.0,0.0,0.0,0.0,0.0,6990.073584724595,223.94657882999078,0.75,-25.55877598255767,0.0,-39.31562250524912
66,capped,node-026,0.0,0.0,0.0,0.0,0.0,0.0,0.0,0.0,6990.073584724595,223.94657882999078,0.75,0.0,0.0,-39.31562250524912
66,capped,node-027,0.0,0.0,26.23165412500352,0.0,0.0,26231.65412500352,0.0,0.0,6990.073584724595,223.94657882999078,0.75,-71.80806601596697,0.0,-39.31562250524912
66,capped,node-028,0.0,0.0,0.0,0.0,0.0,0.0,0.0,0.0,6990.073584724595,223.94657882999078,0.75,-15.874060950124786,0.0,-39.31562250524912
66,capped,node-029,0.0,0.0,8.946671173929722,0.0,0.0,8946.671173929722,0.0,0.0,6990.073584724595,223.94657882999078,0.75,-61.19455748581495,0.0,-39.31562250524912
66,proper_scoring,node-000,60.67626400053628,0.0,94.94462975974568,60676.26400053628,0.0,94944.62975974567,0.0,0.0,6990.073584724595,914.681855389455,0.75,-202.27461344526995,0.0,0.0
66,proper_scoring,node-001,0.0,0.0,0.0,0.0,0.0,0.0,0.0,0.0,6990.073584724595,914.681855389455,0.75,0.0,0.0,60.67626400053628
66,proper_scoring,node-002,0.0,0.0,0.0,0.0,0.0,0.0,0.0,0.0,6990.073584724595,914.681855389455,0.75,0.0,0.0,60.67626400053628
66,proper_scoring,node-003,647.7858175972692,517.9819210254861,859.2096530170264,647785.8175972692,517981.92102548614,859209.6530170264,0.0,0.0,6990.073584724595,914.681855389455,0.75,-235.76345033656736,0.0,60.67626400053628
66,proper_scoring,node-004,0.0,0.0,283.8507084069329,0.0,0.0,283850.7084069329,0.0,0.0,6990.073584724595,914.681855389455,0.75,-150.17485571672464,0.0,60.67626400053628
66,proper_scoring,node-005,0.0,0.0,0.0,0.0,0.0,0.0,0.0,0.0,6990.073584724595,914.681855389455,0.75,0.0,0.0,60.67626400053628
66,proper_scoring,node-006,0.0,0.0,0.0,0.0,0.0,0.0,0.0,0.0,6990.073584724595,914.681855389455,0.75,0.0,0.0,60.67626400053628
66,proper_scoring,node-007,0.0,0.0,48.205392594592865,0.0,0.0,48205.392594592864,0.0,0.0,6990.073584724595,914.681855389455,0.75,-246.8175571758593,0.0,60.67626400053628
66,proper_scoring,node-008,417.45171857933025,0.0,652.2973680065879,417451.71857933025,0.0,652297.368006588,0.0,0.0,6990.073584724595,914.681855389455,0.75,-460.13095544125383,0.0,60.67626400053628
66,proper_scoring,node-009,0.0,0.0,0.0,0.0,0.0,0.0,0.0,0.0,6990.073584724595,914.681855389455,0.75,0.0,0.0,60.67626400053628
66,proper_scoring,node-010,0.0,0.0,0.0,0.0,0.0,0.0,0.0,0.0,6990.073584724595,914.681855389455,0.75,0.0,0.0,60.67626400053628
66,proper_scoring,node-011,150.02813425599976,398.9351529680777,452.3991388093046,0.2609516470107437,0.6938884212201666,0.7868810804318124,508.2561425006617,574.9269490137493,6990.073584724595,914.681855389455,0.75,-664.9207903968293,44.29387059800496,-447.57987850012546
66,proper_scoring,node-012,0.0,0.0,0.0,0.0,0.0,0.0,0.0,0.0,6990.073584724595,914.681855389455,0.75,0.0,0.0,60.67626400053628
66,proper_scoring,node-013,0.0,0.0,0.0,0.0,0.0,0.0,0.0,0.0,6990.073584724595,914.681855389455,0.75,0.0,0.0,60.67626400053628
66,proper_scoring,node-014,0.0,0.0,0.0,0.0,0.0,0.0,0.0,0.0,6990.073584724595,914.681855389455,0.75,0.0,0.0,60.67626400053628
66,proper_scoring,node-015,0.0,0.0,0.0,0.0,0.0,0.0,0.0,0.0,6990.073584724595,914.681855389455,0.75,0.0,0.0,60.67626400053628
66,proper_scoring,node-016,0.0,497.34621727961235,845.2636377854226,0.0,497346.2172796123,845263.6377854226,0.0,0.0,6990.073584724595,914.681855389455,0.75,-228.42045237434624,0.0,60.67626400053628
66,proper_scoring,node-017,0.0,0.0,283.5635719386106,0.0,0.0,283563.5719386106,0.0,0.0,6990.073584724595,914.681855389455,0.75,-376.91296536938637,0.0,60.67626400053628
66,proper_scoring,node-018,0.0,0.0,0.0,0.0,0.0,0.0,0.0,0.0,6990.073584724595,914.681855389455,0.75,0.0,0.0,60.67626400053628
66,proper_scoring,node-019,0.0,0.0,0.0,0.0,0.0,0.0,0.0,0.0,6990.073584724595,914.681855389455,0.75,0.0,0.0,60.67626400053628
66,proper_scoring,node-020,0.0,0.0,0.0,0.0,0.0,0.0,0.0,0.0,6990.073584724595,914.681855389455,0.75,0.0,0.0,60.67626400053628
66,proper_scoring,node-021,0.0,0.0,140.9484467841777,0.0,0.0,140948.44678417768,0.0,0.0,6990.073584724595,914.681855389455,0.75,-119.15405684559694,0.0,60.67626400053628
66,proper_scoring,node-022,130.03907537634336,164.70984249994933,164.70984249994933,0.38274377480966926,0.4847901808305629,0.4847901808305629,257.1279936687994,339.7549063757057,6990.073584724595,914.681855389455,0.75,-366.9933938215727,96.89204879558838,-125.15849929215247
66,proper_scoring,node-023,0.0,0.0,30.236213352454925,0.0,0.0,30236.213352454924,0.0,0.0,6990.073584724595,914.681855389455,0.75,-66.97940756559814,0.0,60.67626400053628
66,proper_scoring,node-024,0.0,0.0,0.0,0.0,0.0,0.0,0.0,0.0,6990.073584724595,914.681855389455,0.75,-141.55217030240055,0.0,60.67626400053628
66,proper_scoring,node-025,0.0,0.0,208.35193188496925,0.0,0.0,208351.93188496924,0.0,0.0,6990.073584724595,914.681855389455,0.75,-102.23510393023068,0.0,60.67626400053628
66,proper_scoring,node-026,0.0,0.0,0.0,0.0,0.0,0.0,0.0,0.0,6990.073584724595,914.681855389455,0.75,0.0,0.0,60.67626400053628
66,proper_scoring,node-027,0.0,0.0,428.191933984033,0.0,0.0,428191.933984033,0.0,0.0,6990.073584724595,914.681855389455,0.75,-287.2322640638679,0.0,60.67626400053628
66,proper_scoring,node-028,0.0,0.0,34.06372796923037,0.0,0.0,34063.72796923037,0.0,0.0,6990.073584724595,914.681855389455,0.75,-60.94784219183866,0.0,60.67626400053628
66,proper_scoring,node-029,86.45727781191269,0.0,726.4048220357801,86457.27781191269,0.0,726404.8220357801,0.0,0.0,6990.073584724595,914.681855389455,0.75,-244.77822994325982,0.0,60.67626400053628
66,audits,node-000,60.67626400053628,0.0,94.94462975974568,60676.26400053628,0.0,94944.62975974567,0.0,0.0,6990.073584724595,273.6345576668716,0.75,-205.05537024025432,0.0,0.0
66,audits,node-001,0.0,0.0,0.0,0.0,0.0,0.0,0.0,0.0,6990.073584724595,273.6345576668716,0.75,0.0,0.0,60.67626400053628
66,audits,node-002,0.0,0.0,0.0,0.0,0.0,0.0,0.0,0.0,6990.073584724595,273.6345576668716,0.75,0.0,0.0,60.67626400053628
66,audits,node-003,584.5628799901464,483.13303418034644,778.6367780294687,584562.8799901464,483133.0341803464,778636.7780294687,0.0,0.0,6990.073584724595,273.6345576668716,0.75,-1558.9408625841418,0.0,60.67626400053628
66,audits,node-004,0.0,0.0,187.7925124006777,0.0,0.0,187792.51240067772,0.0,0.0,6990.073584724595,273.6345576668716,0.75,-448.21450493672927,0.0,60.67626400053628
66,audits,node-005,0.0,0.0,0.0,0.0,0.0,0.0,0.0,0.0,6990.073584724595,273.6345576668716,0.75,0.0,0.0,60.67626400053628
66,audits,node-006,0.0,0.0,0.0,0.0,0.0,0.0,0.0,0.0,6990.073584724595,273.6345576668716,0.75,0.0,0.0,60.67626400053628
66,audits,node-007,0.0,0.0,34.957615899494314,0.0,0.0,34957.61589949431,0.0,0.0,6990.073584724595,273.6345576668716,0.75,-265.04238410050567,0.0,60.67626400053628
66,audits,node-008,385.1137431311056,0.0,579.8953299862787,385113.7431311056,0.0,579895.3299862788,0.0,0.0,6990.073584724595,273.6345576668716,0.75,-1620.104670013721,0.0,60.67626400053628
66,audits,node-009,0.0,0.0,0.0,0.0,0.0,0.0,0.0,0.0,6990.073584724595,273.6345576668716,0.75,0.0,0.0,60.67626400053628
66,audits,node-010,0.0,0.0,0.0,0.0,0.0,0.0,0.0,0.0,6990.073584724595,273.6345576668716,0.75,0.0,0.0,60.67626400053628
66,audits,node-011,139.45762001632735,362.46342066829135,803.4305208495035,139457.62001632736,362463.42066829134,803430.5208495035,-84.13109672020757,-17.46029020712001,6990.073584724595,273.6345576668716,0.75,-1455.0350652538343,42.17976775007051,144.80736072074384
66,audits,node-012,0.0,0.0,0.0,0.0,0.0,0.0,0.0,0.0,6990.073584724595,273.6345576668716,0.75,0.0,0.0,60.67626400053628
66,audits,node-013,0.0,0.0,0.0,0.0,0.0,0.0,0.0,0.0,6990.073584724595,273.6345576668716,0.75,0.0,0.0,60.67626400053628
66,audits,node-014,0.0,0.0,0.0,0.0,0.0,0.0,0.0,0.0,6990.073584724595,273.6345576668716,0.75,0.0,0.0,60.67626400053628
66,audits,node-015,0.0,0.0,0.0,0.0,0.0,0.0,0.0,0.0,6990.073584724595,273.6345576668716,0.75,0.0,0.0,60.67626400053628
66,audits,node-016,0.0,483.625926055274,784.7087577402528,0.0,483625.92605527403,784708.7577402529,0.0,0.0,6990.073584724595,273.6345576668716,0.75,-1481.1080126119393,0.0,60.67626400053628
66,audits,node-017,0.0,0.0,252.92796727255222,0.0,0.0,252927.96727255223,0.0,0.0,6990.073584724595,273.6345576668716,0.75,-547.0720327274479,0.0,60.67626400053628
66,audits,node-018,0.0,0.0,0.0,0.0,0.0,0.0,0.0,0.0,6990.073584724595,273.6345576668716,0.75,0.0,0.0,60.67626400053628
66,audits,node-019,0.0,0.0,0.0,0.0,0.0,0.0,0.0,0.0,6990.073584724595,273.6345576668716,0.75,0.0,0.0,60.67626400053628
66,audits,node-020,0.0,0.0,0.0,0.0,0.0,0.0,0.0,0.0,6990.073584724595,273.6345576668716,0.75,0.0,0.0,60.67626400053628
66,audits,node-021,0.0,0.0,83.10314778339566,0.0,0.0,83103.14778339566,0.0,0.0,6990.073584724595,273.6345576668716,0.75,-338.6122127343688,0.0,60.67626400053628
66,audits,node-022,121.76535939943389,146.46476490930124,146.46476490930124,0.41830132099123707,0.5031513473323393,0.5031513473323393,208.46793516708536,291.0948478739916,6990.073584724595,273.6345576668716,0.75,-735.9342852052787,93.58256240482459,-76.49844079043845
66,audits,node-023,0.0,0.0,30.236213352454925,0.0,0.0,30236.213352454924,0.0,0.0,6990.073584724595,273.6345576668716,0.75,-66.97940756559814,0.0,60.67626400053628
66,audits,node-024,0.0,0.0,0.0,0.0,0.0,0.0,0.0,0.0,6990.073584724595,273.6345576668716,0.75,-141.55217030240055,0.0,60.67626400053628
66,audits,node-025,0.0,0.0,181.89478782383753,0.0,0.0,181894.78782383754,0.0,0.0,6990.073584724595,273.6345576668716,0.75,-275.3545308938913,0.0,60.67626400053628
66,audits,node-026,0.0,0.0,0.0,0.0,0.0,0.0,0.0,0.0,6990.073584724595,273.6345576668716,0.75,0.0,0.0,60.67626400053628
66,audits,node-027,0.0,0.0,428.191933984033,0.0,0.0,428191.933984033,0.0,0.0,6990.073584724595,273.6345576668716,0.75,-571.8080660159669,0.0,60.67626400053628
66,audits,node-028,0.0,0.0,34.06372796923037,0.0,0.0,34063.72796923037,0.0,0.0,6990.073584724595,273.6345576668716,0.75,-60.94784219183866,0.0,60.67626400053628
66,audits,node-029,86.45727781191269,0.0,648.0033493408677,86457.27781191269,0.0,648003.3493408676,0.0,0.0,6990.073584724595,273.6345576668716,0.75,-1368.643011222973,0.0,60.67626400053628
67,greedy,node-000,0.0,0.0,0.0,0.0,0.0,0.0,0.0,0.0,8521.892950679101,221.91381661420604,0.85,0.0,0.0,0.0
67,greedy,node-001,0.0,0.0,0.0,0.0,0.0,0.0,0.0,0.0,8521.892950679101,221.91381661420604,0.85,0.0,0.0,0.0
67,greedy,node-002,0.0,0.0,0.0,0.0,0.0,0.0,0.0,0.0,8521.892950679101,221.91381661420604,0.85,0.0,0.0,0.0
67,greedy,node-003,2.9017865858126193,0.0,2.9017865858126193,2901.7865858126193,0.0,2901.7865858126193,0.0,0.0,8521.892950679101,221.91381661420604,0.85,-31.80423781452013,0.0,0.0
67,greedy,node-004,0.0,0.0,0.0,0.0,0.0,0.0,0.0,0.0,8521.892950679101,221.91381661420604,0.85,0.0,0.0,0.0
67,greedy,node-005,0.0,0.0,0.0,0.0,0.0,0.0,0.0,0.0,8521.892950679101,221.91381661420604,0.85,0.0,0.0,0.0
67,greedy,node-006,0.0,0.0,0.0,0.0,0.0,0.0,0.0,0.0,8521.892950679101,221.91381661420604,0.85,0.0,0.0,0.0
67,greedy,node-007,0.0,0.0,0.0,0.0,0.0,0.0,0.0,0.0,8521.892950679101,221.91381661420604,0.85,0.0,0.0,0.0
67,greedy,node-008,0.0,0.0,0.0,0.0,0.0,0.0,0.0,0.0,8521.892950679101,221.91381661420604,0.85,0.0,0.0,0.0
67,greedy,node-009,0.0,0.0,0.0,0.0,0.0,0.0,0.0,0.0,8521.892950679101,221.91381661420604,0.85,-41.57655115837765,0.0,0.0
67,greedy,node-010,0.0,0.0,0.0,0.0,0.0,0.0,0.0,0.0,8521.892950679101,221.91381661420604,0.85,0.0,0.0,0.0
67,greedy,node-011,0.0,0.0,0.0,0.0,0.0,0.0,0.0,0.0,8521.892950679101,221.91381661420604,0.85,0.0,0.0,0.0
67,greedy,node-012,0.0,0.0,0.0,0.0,0.0,0.0,0.0,0.0,8521.892950679101,221.91381661420604,0.85,0.0,0.0,0.0
67,greedy,node-013,0.0,0.0,0.0,0.0,0.0,0.0,0.0,0.0,8521.892950679101,221.91381661420604,0.85,0.0,0.0,0.0
67,greedy,node-014,0.0,0.0,0.0,0.0,0.0,0.0,0.0,0.0,8521.892950679101,221.91381661420604,0.85,0.0,0.0,0.0
67,greedy,node-015,0.0,0.0,0.0,0.0,0.0,0.0,0.0,0.0,8521.892950679101,221.91381661420604,0.85,0.0,0.0,0.0
67,greedy,node-016,0.0,0.0,0.0,0.0,0.0,0.0,0.0,0.0,8521.892950679101,221.91381661420604,0.85,0.0,0.0,0.0
67,greedy,node-017,0.0,0.0,0.0,0.0,0.0,0.0,0.0,0.0,8521.892950679101,221.91381661420604,0.85,0.0,0.0,0.0
67,greedy,node-018,15.29239928513893,0.0,15.29239928513893,15292.39928513893,0.0,15292.39928513893,0.0,0.0,8521.892950679101,221.91381661420604,0.85,-48.360849587835915,0.0,0.0
67,greedy,node-019,0.0,0.0,0.0,0.0,0.0,0.0,0.0,0.0,8521.892950679101,221.91381661420604,0.85,0.0,0.0,0.0
67,greedy,node-020,0.0,0.0,0.0,0.0,0.0,0.0,0.0,0.0,8521.892950679101,221.91381661420604,0.85,0.0,0.0,0.0
67,greedy,node-021,0.0,0.0,0.0,0.0,0.0,0.0,0.0,0.0,8521.892950679101,221.91381661420604,0.85,0.0,0.0,0.0
67,greedy,node-022,0.0,0.0,0.0,0.0,0.0,0.0,0.0,0.0,8521.892950679101,221.91381661420604,0.85,0.0,0.0,0.0
67,greedy,node-023,0.0,0.0,0.0,0.0,0.0,0.0,48.80221279540862,146.40663838622586,8521.892950679101,221.91381661420604,0.85,-88.80735650512041,-12.291089185428866,-48.80221279540862
67,greedy,node-024,0.0,0.0,0.0,0.0,0.0,0.0,0.0,0.0,8521.892950679101,221.91381661420604,0.85,0.0,0.0,0.0
67,greedy,node-025,0.0,0.0,0.0,0.0,0.0,0.0,0.0,0.0,8521.892950679101,221.91381661420604,0.85,0.0,0.0,0.0
67,greedy,node-026,0.0,0.0,0.0,0.0,0.0,0.0,0.0,0.0,8521.892950679101,221.91381661420604,0.85,0.0,0.0,0.0
67,greedy,node-027,5.152901627984452,0.0,5.152901627984452,0.0682438643439463,0.0,0.0682438643439463,25.169059409326714,75.50717822798013,8521.892950679101,221.91381661420604,0.85,-69.35547343749609,0.4037655879637221,-25.169059409326714
67,greedy,node-028,0.0,0.0,0.0,0.0,0.0,0.0,0.0,0.0,8521.892950679101,221.91381661420604,0.85,0.0,0.0,0.0
67,greedy,node-029,0.0,0.0,0.0,0.0,0.0,0.0,0.0,0.0,8521.892950679101,221.91381661420604,0.85,0.0,0.0,0.0
67,trust_vcg,node-000,0.0,0.0,0.0,0.0,0.0,0.0,0.0,0.0,8816.119397563625,642.7727842457203,0.95,0.0,0.0,0.0
67,trust_vcg,node-001,0.0,0.0,0.0,0.0,0.0,0.0,0.0,0.0,8816.119397563625,642.7727842457203,0.95,0.0,0.0,0.0
67,trust_vcg,node-002,0.0,0.0,0.0,0.0,0.0,0.0,0.0,0.0,8816.119397563625,642.7727842457203,0.95,0.0,0.0,0.0
67,trust_vcg,node-003,0.0,240.16289393668148,240.16289393668148,0.0,240162.89393668147,240162.89393668147,0.0,0.0,8816.119397563625,642.7727842457203,0.95,-5542.861920304792,0.0,0.0
67,trust_vcg,node-004,0.0,0.0,0.0,0.0,0.0,0.0,0.0,0.0,8816.119397563625,642.7727842457203,0.95,0.0,0.0,0.0
67,trust_vcg,node-005,0.0,0.0,0.0,0.0,0.0,0.0,0.0,0.0,8816.119397563625,642.7727842457203,0.95,0.0,0.0,0.0
67,trust_vcg,node-006,0.0,0.0,0.0,0.0,0.0,0.0,0.0,0.0,8816.119397563625,642.7727842457203,0.95,0.0,0.0,0.0
67,trust_vcg,node-007,0.0,0.0,0.0,0.0,0.0,0.0,0.0,0.0,8816.119397563625,642.7727842457203,0.95,0.0,0.0,0.0
67,trust_vcg,node-008,0.0,0.0,0.0,0.0,0.0,0.0,0.0,0.0,8816.119397563625,642.7727842457203,0.95,0.0,0.0,0.0
67,trust_vcg,node-009,0.0,243.1585625509534,458.4234488416224,0.0,243158.56255095341,458423.4488416224,0.0,0.0,8816.119397563625,642.7727842457203,0.95,-5541.576551158379,0.0,0.0
67,trust_vcg,node-010,0.0,0.0,0.0,0.0,0.0,0.0,0.0,0.0,8816.119397563625,642.7727842457203,0.95,0.0,0.0,0.0
67,trust_vcg,node-011,0.0,0.0,0.0,0.0,0.0,0.0,0.0,0.0,8816.119397563625,642.7727842457203,0.95,0.0,0.0,0.0
67,trust_vcg,node-012,0.0,0.0,0.0,0.0,0.0,0.0,0.0,0.0,8816.119397563625,642.7727842457203,0.95,0.0,0.0,0.0
67,trust_vcg,node-013,0.0,0.0,0.0,0.0,0.0,0.0,0.0,0.0,8816.119397563625,642.7727842457203,0.95,0.0,0.0,0.0
67,trust_vcg,node-014,0.0,0.0,0.0,0.0,0.0,0.0,0.0,0.0,8816.119397563625,642.7727842457203,0.95,-5571.390561117226,0.0,0.0
67,trust_vcg,node-015,0.0,0.0,0.0,0.0,0.0,0.0,0.0,0.0,8816.119397563625,642.7727842457203,0.95,0.0,0.0,0.0
67,trust_vcg,node-016,113.92437164672859,0.0,243.3523131034625,113924.37164672858,0.0,243352.3131034625,0.0,0.0,8816.119397563625,642.7727842457203,0.95,-3356.647686896537,0.0,0.0
67,trust_vcg,node-017,0.0,0.0,0.0,0.0,0.0,0.0,0.0,0.0,8816.119397563625,642.7727842457203,0.95,0.0,0.0,0.0
67,trust_vcg,node-018,0.0,0.0,285.05978131913713,0.0,0.0,285059.78131913714,0.0,0.0,8816.119397563625,642.7727842457203,0.95,-3265.847865478624,0.0,0.0
67,trust_vcg,node-019,0.0,0.0,0.0,0.0,0.0,0.0,0.0,0.0,8816.119397563625,642.7727842457203,0.95,0.0,0.0,0.0
67,trust_vcg,node-020,0.0,0.0,0.0,0.0,0.0,0.0,0.0,0.0,8816.119397563625,642.7727842457203,0.95,0.0,0.0,0.0
67,trust_vcg,node-021,0.0,0.0,0.0,0.0,0.0,0.0,0.0,0.0,8816.119397563625,642.7727842457203,0.95,-4421.758400643971,0.0,0.0
67,trust_vcg,node-022,0.0,0.0,0.0,0.0,0.0,0.0,0.0,0.0,8816.119397563625,642.7727842457203,0.95,0.0,0.0,0.0
67,trust_vcg,node-023,256.23026665986754,53.511730738284086,257.267921340738,0.28801028064945816,0.060148743506675484,0.28917663472522953,762.7346505141178,889.6566680955721,8816.119397563625,642.7727842457203,0.95,-11802.739794223828,84.75442499080259,-762.7346505141178
67,trust_vcg,node-024,0.0,0.0,0.0,0.0,0.0,0.0,0.0,0.0,8816.119397563625,642.7727842457203,0.95,0.0,0.0,0.0
67,trust_vcg,node-025,0.0,0.0,0.0,0.0,0.0,0.0,0.0,0.0,8816.119397563625,642.7727842457203,0.95,0.0,0.0,0.0
67,trust_vcg,node-026,0.0,0.0,0.0,0.0,0.0,0.0,0.0,0.0,8816.119397563625,642.7727842457203,0.95,0.0,0.0,0.0
67,trust_vcg,node-027,272.60751957695413,272.60751957695413,395.6622757203731,272607.51957695413,272607.51957695413,395662.2757203731,-272.60751957695413,-246.883883849852,8816.119397563625,642.7727842457203,0.95,-10667.635852943531,-465.71181798333157,272.60751957695413
67,trust_vcg,node-028,0.0,0.0,0.0,0.0,0.0,0.0,0.0,0.0,8816.119397563625,642.7727842457203,0.95,0.0,0.0,0.0
67,trust_vcg,node-029,0.0,0.0,0.0,0.0,0.0,0.0,0.0,0.0,8816.119397563625,642.7727842457203,0.95,0.0,0.0,0.0
67,contingent,node-000,0.0,0.0,0.0,0.0,0.0,0.0,0.0,0.0,8816.119397563625,222.38836163174693,0.95,0.0,0.0,0.0
67,contingent,node-001,0.0,0.0,0.0,0.0,0.0,0.0,0.0,0.0,8816.119397563625,222.38836163174693,0.95,0.0,0.0,0.0
67,contingent,node-002,0.0,0.0,0.0,0.0,0.0,0.0,0.0,0.0,8816.119397563625,222.38836163174693,0.95,0.0,0.0,0.0
67,contingent,node-003,0.0,40.162893936681485,40.162893936681485,0.0,40162.89393668148,40162.89393668148,0.0,0.0,8816.119397563625,222.38836163174693,0.95,-171.4476812191722,0.0,0.0
67,contingent,node-004,0.0,0.0,0.0,0.0,0.0,0.0,0.0,0.0,8816.119397563625,222.38836163174693,0.95,0.0,0.0,0.0
67,contingent,node-005,0.0,0.0,0.0,0.0,0.0,0.0,0.0,0.0,8816.119397563625,222.38836163174693,0.95,0.0,0.0,0.0
67,contingent,node-006,0.0,0.0,0.0,0.0,0.0,0.0,0.0,0.0,8816.119397563625,222.38836163174693,0.95,0.0,0.0,0.0
67,contingent,node-007,0.0,0.0,0.0,0.0,0.0,0.0,0.0,0.0,8816.119397563625,222.38836163174693,0.95,0.0,0.0,0.0
67,contingent,node-008,0.0,0.0,0.0,0.0,0.0,0.0,0.0,0.0,8816.119397563625,222.38836163174693,0.95,0.0,0.0,0.0
67,contingent,node-009,0.0,43.15856255095342,43.15856255095342,0.0,43158.56255095342,43158.56255095342,0.0,0.0,8816.119397563625,222.38836163174693,0.95,-166.3062046335106,0.0,0.0
67,contingent,node-010,0.0,0.0,0.0,0.0,0.0,0.0,0.0,0.0,8816.119397563625,222.38836163174693,0.95,0.0,0.0,0.0
67,contingent,node-011,0.0,0.0,0.0,0.0,0.0,0.0,0.0,0.0,8816.119397563625,222.38836163174693,0.95,0.0,0.0,0.0
67,contingent,node-012,0.0,0.0,0.0,0.0,0.0,0.0,0.0,0.0,8816.119397563625,222.38836163174693,0.95,0.0,0.0,0.0
67,contingent,node-013,0.0,0.0,0.0,0.0,0.0,0.0,0.0,0.0,8816.119397563625,222.38836163174693,0.95,0.0,0.0,0.0
67,contingent,node-014,0.0,0.0,0.0,0.0,0.0,0.0,0.0,0.0,8816.119397563625,222.38836163174693,0.95,-285.56224446890377,0.0,0.0
67,contingent,node-015,0.0,0.0,0.0,0.0,0.0,0.0,0.0,0.0,8816.119397563625,222.38836163174693,0.95,0.0,0.0,0.0
67,contingent,node-016,0.0,0.0,0.0,0.0,0.0,0.0,0.0,0.0,8816.119397563625,222.38836163174693,0.95,-226.59074758615,0.0,0.0
67,contingent,node-017,0.0,0.0,0.0,0.0,0.0,0.0,0.0,0.0,8816.119397563625,222.38836163174693,0.95,0.0,0.0,0.0
67,contingent,node-018,0.0,0.0,0.0,0.0,0.0,0.0,0.0,0.0,8816.119397563625,222.38836163174693,0.95,-55.74410948522914,0.0,0.0
67,contingent,node-019,0.0,0.0,0.0,0.0,0.0,0.0,0.0,0.0,8816.119397563625,222.38836163174693,0.95,0.0,0.0,0.0
67,contingent,node-020,0.0,0.0,0.0,0.0,0.0,0.0,0.0,0.0,8816.119397563625,222.38836163174693,0.95,0.0,0.0,0.0
67,contingent,node-021,0.0,0.0,0.0,0.0,0.0,0.0,0.0,0.0,8816.119397563625,222.38836163174693,0.95,-87.03360257588596,0.0,0.0
67,contingent,node-022,0.0,0.0,0.0,0.0,0.0,0.0,0.0,0.0,8816.119397563625,222.38836163174693,0.95,0.0,0.0,0.0
67,contingent,node-023,145.17398326629987,2.785372461674804,145.17398326629987,0.7625363774945872,0.014630361302428566,0.7625363774945872,63.46100879072721,190.38302637218166,8816.119397563625,222.38836163174693,0.95,-223.48158362957435,-15.141809541110412,-63.46100879072721
67,contingent,node-024,0.0,0.0,0.0,0.0,0.0,0.0,0.0,0.0,8816.119397563625,222.38836163174693,0.95,0.0,0.0,0.0
67,contingent,node-025,0.0,0.0,0.0,0.0,0.0,0.0,0.0,0.0,8816.119397563625,222.38836163174693,0.95,0.0,0.0,0.0
67,contingent,node-026,0.0,0.0,0.0,0.0,0.0,0.0,0.0,0.0,8816.119397563625,222.38836163174693,0.95,0.0,0.0,0.0
67,contingent,node-027,0.0,2.3749062255711566,23.47309094565697,0.0,0.07420344784113397,0.7334118126021411,6.2816995324630716,32.00533525956526,8816.119397563625,222.38836163174693,0.95,-183.02735564514057,-6.098723361987996,-6.2816995324630716
67,contingent,node-028,0.0,0.0,0.0,0.0,0.0,0.0,0.0,0.0,8816.119397563625,222.38836163174693,0.95,0.0,0.0,0.0
67,contingent,node-029,0.0,0.0,0.0,0.0,0.0,0.0,0.0,0.0,8816.119397563625,222.38836163174693,0.95,0.0,0.0,0.0
67,capped,node-000,0.0,0.0,0.0,0.0,0.0,0.0,0.0,0.0,8816.119397563625,228.96847996283495,0.95,0.0,0.0,0.0
67,capped,node-001,0.0,0.0,0.0,0.0,0.0,0.0,0.0,0.0,8816.119397563625,228.96847996283495,0.95,0.0,0.0,0.0
67,capped,node-002,0.0,0.0,0.0,0.0,0.0,0.0,0.0,0.0,8816.119397563625,228.96847996283495,0.95,0.0,0.0,0.0
67,capped,node-003,0.0,40.162893936681485,40.162893936681485,0.0,40162.89393668148,40162.89393668148,0.0,0.0,8816.119397563625,228.96847996283495,0.95,-42.86192030479305,0.0,0.0
67,capped,node-004,0.0,0.0,0.0,0.0,0.0,0.0,0.0,0.0,8816.119397563625,228.96847996283495,0.95,0.0,0.0,0.0
67,capped,node-005,0.0,0.0,0.0,0.0,0.0,0.0,0.0,0.0,8816.119397563625,228.96847996283495,0.95,0.0,0.0,0.0
67,capped,node-006,0.0,0.0,0.0,0.0,0.0,0.0,0.0,0.0,8816.119397563625,228.96847996283495,0.95,0.0,0.0,0.0
67,capped,node-007,0.0,0.0,0.0,0.0,0.0,0.0,0.0,0.0,8816.119397563625,228.96847996283495,0.95,0.0,0.0,0.0
67,capped,node-008,0.0,0.0,0.0,0.0,0.0,0.0,0.0,0.0,8816.119397563625,228.96847996283495,0.95,0.0,0.0,0.0
67,capped,node-009,0.0,43.15856255095342,43.15856255095342,0.0,43158.56255095342,43158.56255095342,0.0,0.0,8816.119397563625,228.96847996283495,0.95,-41.57655115837765,0.0,0.0
67,capped,node-010,0.0,0.0,0.0,0.0,0.0,0.0,0.0,0.0,8816.119397563625,228.96847996283495,0.95,0.0,0.0,0.0
67,capped,node-011,0.0,0.0,0.0,0.0,0.0,0.0,0.0,0.0,8816.119397563625,228.96847996283495,0.95,0.0,0.0,0.0
67,capped,node-012,0.0,0.0,0.0,0.0,0.0,0.0,0.0,0.0,8816.119397563625,228.96847996283495,0.95,0.0,0.0,0.0
67,capped,node-013,0.0,0.0,0.0,0.0,0.0,0.0,0.0,0.0,8816.119397563625,228.96847996283495,0.95,0.0,0.0,0.0
67,capped,node-014,0.0,0.0,0.0,0.0,0.0,0.0,0.0,0.0,8816.119397563625,228.96847996283495,0.95,-71.39056111722594,0.0,0.0
67,capped,node-015,0.0,0.0,0.0,0.0,0.0,0.0,0.0,0.0,8816.119397563625,228.96847996283495,0.95,0.0,0.0,0.0
67,capped,node-016,0.0,0.0,0.0,0.0,0.0,0.0,0.0,0.0,8816.119397563625,228.96847996283495,0.95,-56.6476868965375,0.0,0.0
67,capped,node-017,0.0,0.0,0.0,0.0,0.0,0.0,0.0,0.0,8816.119397563625,228.96847996283495,0.95,0.0,0.0,0.0
67,capped,node-018,0.0,0.0,0.0,0.0,0.0,0.0,0.0,0.0,8816.119397563625,228.96847996283495,0.95,-13.936027371307288,0.0,0.0
67,capped,node-019,0.0,0.0,0.0,0.0,0.0,0.0,0.0,0.0,8816.119397563625,228.96847996283495,0.95,0.0,0.0,0.0
67,capped,node-020,0.0,0.0,0.0,0.0,0.0,0.0,0.0,0.0,8816.119397563625,228.96847996283495,0.95,0.0,0.0,0.0
67,capped,node-021,0.0,0.0,0.0,0.0,0.0,0.0,0.0,0.0,8816.119397563625,228.96847996283495,0.95,-21.75840064397149,0.0,0.0
67,capped,node-022,0.0,0.0,0.0,0.0,0.0,0.0,0.0,0.0,8816.119397563625,228.96847996283495,0.95,0.0,0.0,0.0
67,capped,node-023,145.17398326629987,2.785372461674804,145.17398326629987,0.7625363774945872,0.014630361302428566,0.7625363774945872,63.46100879072721,190.38302637218166,8816.119397563625,228.96847996283495,0.95,-103.466152500439,-15.141809541110412,-63.46100879072721
67,capped,node-024,0.0,0.0,0.0,0.0,0.0,0.0,0.0,0.0,8816.119397563625,228.96847996283495,0.95,0.0,0.0,0.0
67,capped,node-025,0.0,0.0,0.0,0.0,0.0,0.0,0.0,0.0,8816.119397563625,228.96847996283495,0.95,0.0,0.0,0.0
67,capped,node-026,0.0,0.0,0.0,0.0,0.0,0.0,0.0,0.0,8816.119397563625,228.96847996283495,0.95,0.0,0.0,0.0
67,capped,node-027,0.0,9.067908166093574,36.80265302198461,0.0,0.235008463611534,0.9537960448105107,12.861817863551092,38.58545359065327,8816.119397563625,228.96847996283495,0.95,-57.04823189172046,-0.7330334486266246,-12.861817863551092
67,capped,node-028,0.0,0.0,0.0,0.0,0.0,0.0,0.0,0.0,8816.119397563625,228.96847996283495,0.95,0.0,0.0,0.0
67,capped,node-029,0.0,0.0,0.0,0.0,0.0,0.0,0.0,0.0,8816.119397563625,228.96847996283495,0.95,0.0,0.0,0.0
67,proper_scoring,node-000,0.0,0.0,0.0,0.0,0.0,0.0,0.0,0.0,8816.119397563625,1146.048812222887,0.95,0.0,0.0,0.0
67,proper_scoring,node-001,0.0,0.0,0.0,0.0,0.0,0.0,0.0,0.0,8816.119397563625,1146.048812222887,0.95,0.0,0.0,0.0
67,proper_scoring,node-002,0.0,0.0,0.0,0.0,0.0,0.0,0.0,0.0,8816.119397563625,1146.048812222887,0.95,0.0,0.0,0.0
67,proper_scoring,node-003,0.0,240.16289393668148,273.2121799891302,0.0,240162.89393668147,273212.17998913024,0.0,0.0,8816.119397563625,1146.048812222887,0.95,-171.4476812191722,0.0,0.0
67,proper_scoring,node-004,0.0,0.0,0.0,0.0,0.0,0.0,0.0,0.0,8816.119397563625,1146.048812222887,0.95,0.0,0.0,0.0
67,proper_scoring,node-005,0.0,0.0,0.0,0.0,0.0,0.0,0.0,0.0,8816.119397563625,1146.048812222887,0.95,0.0,0.0,0.0
67,proper_scoring,node-006,0.0,0.0,0.0,0.0,0.0,0.0,0.0,0.0,8816.119397563625,1146.048812222887,0.95,0.0,0.0,0.0
67,proper_scoring,node-007,0.0,0.0,0.0,0.0,0.0,0.0,0.0,0.0,8816.119397563625,1146.048812222887,0.95,0.0,0.0,0.0
67,proper_scoring,node-008,0.0,0.0,0.0,0.0,0.0,0.0,0.0,0.0,8816.119397563625,1146.048812222887,0.95,0.0,0.0,0.0
67,proper_scoring,node-009,0.0,243.1585625509534,458.4234488416224,0.0,243158.56255095341,458423.4488416224,0.0,0.0,8816.119397563625,1146.048812222887,0.95,-166.3062046335106,0.0,0.0
67,proper_scoring,node-010,0.0,0.0,0.0,0.0,0.0,0.0,0.0,0.0,8816.119397563625,1146.048812222887,0.95,0.0,0.0,0.0
67,proper_scoring,node-011,0.0,0.0,0.0,0.0,0.0,0.0,0.0,0.0,8816.119397563625,1146.048812222887,0.95,0.0,0.0,0.0
67,proper_scoring,node-012,0.0,0.0,0.0,0.0,0.0,0.0,0.0,0.0,8816.119397563625,1146.048812222887,0.95,0.0,0.0,0.0
67,proper_scoring,node-013,0.0,0.0,0.0,0.0,0.0,0.0,0.0,0.0,8816.119397563625,1146.048812222887,0.95,0.0,0.0,0.0
67,proper_scoring,node-014,0.0,0.0,264.2339277143651,0.0,0.0,264233.9277143651,0.0,0.0,8816.119397563625,1146.048812222887,0.95,-285.56224446890377,0.0,0.0
67,proper_scoring,node-015,0.0,0.0,0.0,0.0,0.0,0.0,0.0,0.0,8816.119397563625,1146.048812222887,0.95,0.0,0.0,0.0
67,proper_scoring,node-016,113.92437164672859,0.0,243.3523131034625,113924.37164672858,0.0,243352.3131034625,0.0,0.0,8816.119397563625,1146.048812222887,0.95,-226.59074758615,0.0,0.0
67,proper_scoring,node-017,0.0,0.0,0.0,0.0,0.0,0.0,0.0,0.0,8816.119397563625,1146.048812222887,0.95,0.0,0.0,0.0
67,proper_scoring,node-018,0.0,0.0,285.05978131913713,0.0,0.0,285059.78131913714,0.0,0.0,8816.119397563625,1146.048812222887,0.95,-55.74410948522914,0.0,0.0
67,proper_scoring,node-019,0.0,0.0,0.0,0.0,0.0,0.0,0.0,0.0,8816.119397563625,1146.048812222887,0.95,0.0,0.0,0.0
67,proper_scoring,node-020,0.0,0.0,0.0,0.0,0.0,0.0,0.0,0.0,8816.119397563625,1146.048812222887,0.95,0.0,0.0,0.0
67,proper_scoring,node-021,0.0,0.0,204.28557338077928,0.0,0.0,204285.57338077927,0.0,0.0,8816.119397563625,1146.048812222887,0.95,-87.03360257588596,0.0,0.0
67,proper_scoring,node-022,0.0,0.0,0.0,0.0,0.0,0.0,0.0,0.0,8816.119397563625,1146.048812222887,0.95,0.0,0.0,0.0
67,proper_scoring,node-023,256.23026665986754,53.511730738284086,257.267921340738,0.28801028064945816,0.060148743506675484,0.28917663472522953,762.7346505141178,889.6566680955721,8816.119397563625,1146.048812222887,0.95,-922.7552253529649,84.75442499080259,-762.7346505141178
67,proper_scoring,node-024,0.0,0.0,0.0,0.0,0.0,0.0,0.0,0.0,8816.119397563625,1146.048812222887,0.95,0.0,0.0,0.0
67,proper_scoring,node-025,0.0,0.0,0.0,0.0,0.0,0.0,0.0,0.0,8816.119397563625,1146.048812222887,0.95,0.0,0.0,0.0
67,proper_scoring,node-026,0.0,0.0,0.0,0.0,0.0,0.0,0.0,0.0,8816.119397563625,1146.048812222887,0.95,0.0,0.0,0.0
67,proper_scoring,node-027,110.74896263755912,177.43337861533323,424.1018218994543,0.4319514664324711,0.6920390607881746,1.6541139485493017,230.66850840021257,256.3921441273148,8816.119397563625,1146.048812222887,0.95,-407.41416451289007,38.77863841156196,-230.66850840021257
67,proper_scoring,node-028,0.0,0.0,0.0,0.0,0.0,0.0,0.0,0.0,8816.119397563625,1146.048812222887,0.95,0.0,0.0,0.0
67,proper_scoring,node-029,0.0,0.0,0.0,0.0,0.0,0.0,0.0,0.0,8816.119397563625,1146.048812222887,0.95,0.0,0.0,0.0
67,audits,node-000,0.0,0.0,0.0,0.0,0.0,0.0,0.0,0.0,8816.119397563625,1142.7727842457202,0.95,0.0,0.0,0.0
67,audits,node-001,0.0,0.0,0.0,0.0,0.0,0.0,0.0,0.0,8816.119397563625,1142.7727842457202,0.95,0.0,0.0,0.0
67,audits,node-002,0.0,0.0,0.0,0.0,0.0,0.0,0.0,0.0,8816.119397563625,1142.7727842457202,0.95,0.0,0.0,0.0
67,audits,node-003,0.0,240.16289393668148,240.16289393668148,0.0,240162.89393668147,240162.89393668147,0.0,0.0,8816.119397563625,1142.7727842457202,0.95,-542.861920304793,0.0,0.0
67,audits,node-004,0.0,0.0,0.0,0.0,0.0,0.0,0.0,0.0,8816.119397563625,1142.7727842457202,0.95,0.0,0.0,0.0
67,audits,node-005,0.0,0.0,0.0,0.0,0.0,0.0,0.0,0.0,8816.119397563625,1142.7727842457202,0.95,0.0,0.0,0.0
67,audits,node-006,0.0,0.0,0.0,0.0,0.0,0.0,0.0,0.0,8816.119397563625,1142.7727842457202,0.95,0.0,0.0,0.0
67,audits,node-007,0.0,0.0,0.0,0.0,0.0,0.0,0.0,0.0,8816.119397563625,1142.7727842457202,0.95,0.0,0.0,0.0
67,audits,node-008,0.0,0.0,0.0,0.0,0.0,0.0,0.0,0.0,8816.119397563625,1142.7727842457202,0.95,0.0,0.0,0.0
67,audits,node-009,0.0,243.1585625509534,458.4234488416224,0.0,243158.56255095341,458423.4488416224,0.0,0.0,8816.119397563625,1142.7727842457202,0.95,-541.5765511583776,0.0,0.0
67,audits,node-010,0.0,0.0,0.0,0.0,0.0,0.0,0.0,0.0,8816.119397563625,1142.7727842457202,0.95,0.0,0.0,0.0
67,audits,node-011,0.0,0.0,0.0,0.0,0.0,0.0,0.0,0.0,8816.119397563625,1142.7727842457202,0.95,0.0,0.0,0.0
67,audits,node-012,0.0,0.0,0.0,0.0,0.0,0.0,0.0,0.0,8816.119397563625,1142.7727842457202,0.95,0.0,0.0,0.0
67,audits,node-013,0.0,0.0,0.0,0.0,0.0,0.0,0.0,0.0,8816.119397563625,1142.7727842457202,0.95,0.0,0.0,0.0
67,audits,node-014,0.0,0.0,228.6094388827741,0.0,0.0,228609.4388827741,0.0,0.0,8816.119397563625,1142.7727842457202,0.95,-571.3905611172258,0.0,0.0
67,audits,node-015,0.0,0.0,0.0,0.0,0.0,0.0,0.0,0.0,8816.119397563625,1142.7727842457202,0.95,0.0,0.0,0.0
67,audits,node-016,113.92437164672859,0.0,243.3523131034625,113924.37164672858,0.0,243352.3131034625,0.0,0.0,8816.119397563625,1142.7727842457202,0.95,-356.6476868965375,0.0,0.0
67,audits,node-017,0.0,0.0,0.0,0.0,0.0,0.0,0.0,0.0,8816.119397563625,1142.7727842457202,0.95,0.0,0.0,0.0
67,audits,node-018,0.0,0.0,285.05978131913713,0.0,0.0,285059.78131913714,0.0,0.0,8816.119397563625,1142.7727842457202,0.95,-265.8478654786237,0.0,0.0
67,audits,node-019,0.0,0.0,0.0,0.0,0.0,0.0,0.0,0.0,8816.119397563625,1142.7727842457202,0.95,0.0,0.0,0.0
67,audits,node-020,0.0,0.0,0.0,0.0,0.0,0.0,0.0,0.0,8816.119397563625,1142.7727842457202,0.95,0.0,0.0,0.0
67,audits,node-021,0.0,0.0,78.2415993560285,0.0,0.0,78241.5993560285,0.0,0.0,8816.119397563625,1142.7727842457202,0.95,-421.7584006439715,0.0,0.0
67,audits,node-022,0.0,0.0,0.0,0.0,0.0,0.0,0.0,0.0,8816.119397563625,1142.7727842457202,0.95,0.0,0.0,0.0
67,audits,node-023,256.23026665986754,53.511730738284086,257.267921340738,0.28801028064945816,0.060148743506675484,0.28917663472522953,762.7346505141178,889.6566680955721,8816.119397563625,1142.7727842457202,0.95,-2302.7397942238294,84.75442499080259,-762.7346505141178
67,audits,node-024,0.0,0.0,0.0,0.0,0.0,0.0,0.0,0.0,8816.119397563625,1142.7727842457202,0.95,0.0,0.0,0.0
67,audits,node-025,0.0,0.0,0.0,0.0,0.0,0.0,0.0,0.0,8816.119397563625,1142.7727842457202,0.95,0.0,0.0,0.0
67,audits,node-026,0.0,0.0,0.0,0.0,0.0,0.0,0.0,0.0,8816.119397563625,1142.7727842457202,0.95,0.0,0.0,0.0
67,audits,node-027,100.94925813402145,104.376831014879,298.9107955500401,0.3988258814548914,0.4123673853819836,1.180923601769896,227.39248042304578,253.116116150148,8816.119397563625,1142.7727842457202,0.95,-1667.6358529435304,34.288182016668515,-227.39248042304578
67,audits,node-028,0.0,0.0,0.0,0.0,0.0,0.0,0.0,0.0,8816.119397563625,1142.7727842457202,0.95,0.0,0.0,0.0
67,audits,node-029,0.0,0.0,0.0,0.0,0.0,0.0,0.0,0.0,8816.119397563625,1142.7727842457202,0.95,0.0,0.0,0.0
68,greedy,node-000,0.0,0.0,0.0,0.0,0.0,0.0,0.0,0.0,8464.973968456141,366.2905358924055,0.95,0.0,0.0,-44.66405915036316
68,greedy,node-001,12.455525878297346,0.0,12.455525878297346,12455.525878297345,0.0,12455.525878297345,0.0,0.0,8464.973968456141,366.2905358924055,0.95,-44.66405915036316,0.0,0.0
68,greedy,node-002,0.0,0.0,0.0,0.0,0.0,0.0,0.0,0.0,8464.973968456141,366.2905358924055,0.95,0.0,0.0,0.0
68,greedy,node-003,0.0,0.0,0.0,0.0,0.0,0.0,0.0,0.0,8464.973968456141,366.2905358924055,0.95,0.0,0.0,0.0
68,greedy,node-004,0.0,0.0,0.0,0.0,0.0,0.0,0.0,0.0,8464.973968456141,366.2905358924055,0.95,0.0,0.0,0.0
68,greedy,node-005,0.0,0.0,0.0,0.0,0.0,0.0,0.0,0.0,8464.973968456141,366.2905358924055,0.95,0.0,0.0,0.0
68,greedy,node-006,0.0,0.0,0.0,0.0,0.0,0.0,0.0,0.0,8464.973968456141,366.2905358924055,0.95,0.0,0.0,0.0
68,greedy,node-007,0.0,0.0,0.0,0.0,0.0,0.0,0.0,0.0,8464.973968456141,366.2905358924055,0.95,0.0,0.0,0.0
68,greedy,node-008,11.458855324554378,0.0,11.458855324554378,11458.855324554377,0.0,11458.855324554377,0.0,0.0,8464.973968456141,366.2905358924055,0.95,-68.6067630395527,0.0,0.0
68,greedy,node-009,0.0,0.0,0.0,0.0,0.0,0.0,0.0,0.0,8464.973968456141,366.2905358924055,0.95,0.0,0.0,0.0
68,greedy,node-010,0.0,0.0,0.0,0.0,0.0,0.0,0.0,0.0,8464.973968456141,366.2905358924055,0.95,0.0,0.0,0.0
68,greedy,node-011,0.0,0.0,0.0,0.0,0.0,0.0,0.0,0.0,8464.973968456141,366.2905358924055,0.95,-15.99172947657489,0.0,0.0
68,greedy,node-012,23.043259496587126,0.0,23.043259496587126,0.06290978673649344,0.0,0.06290978673649344,122.09684529746852,366.2905358924055,8464.973968456141,366.2905358924055,0.95,-183.14526794620278,-36.62905358924057,-139.43899335907594
68,greedy,node-013,0.0,0.0,0.0,0.0,0.0,0.0,0.0,0.0,8464.973968456141,366.2905358924055,0.95,0.0,0.0,0.0
68,greedy,node-014,0.0,0.0,0.0,0.0,0.0,0.0,0.0,0.0,8464.973968456141,366.2905358924055,0.95,0.0,0.0,0.0
68,greedy,node-015,0.0,0.0,0.0,0.0,0.0,0.0,0.0,0.0,8464.973968456141,366.2905358924055,0.95,0.0,0.0,0.0
68,greedy,node-016,0.0,0.0,0.0,0.0,0.0,0.0,0.0,0.0,8464.973968456141,366.2905358924055,0.95,0.0,0.0,0.0
68,greedy,node-017,0.0,0.0,0.0,0.0,0.0,0.0,0.0,0.0,8464.973968456141,366.2905358924055,0.95,0.0,0.0,0.0
68,greedy,node-018,13.505260397335283,0.0,13.505260397335283,13505.260397335282,0.0,13505.260397335282,0.0,0.0,8464.973968456141,366.2905358924055,0.95,-85.61130676182741,0.0,0.0
68,greedy,node-019,0.0,0.0,0.0,0.0,0.0,0.0,0.0,0.0,8464.973968456141,366.2905358924055,0.95,0.0,0.0,0.0
68,greedy,node-020,0.0,0.0,0.0,0.0,0.0,0.0,0.0,0.0,8464.973968456141,366.2905358924055,0.95,0.0,0.0,0.0
68,greedy,node-021,0.0,0.0,0.0,0.0,0.0,0.0,0.0,0.0,8464.973968456141,366.2905358924055,0.95,0.0,0.0,0.0
68,greedy,node-022,0.0,0.0,0.0,0.0,0.0,0.0,0.0,0.0,8464.973968456141,366.2905358924055,0.95,0.0,0.0,0.0
68,greedy,node-023,0.0,0.0,0.0,0.0,0.0,0.0,0.0,0.0,8464.973968456141,366.2905358924055,0.95,0.0,0.0,0.0
68,greedy,node-024,0.0,0.0,0.0,0.0,0.0,0.0,0.0,0.0,8464.973968456141,366.2905358924055,0.95,0.0,0.0,0.0
68,greedy,node-025,0.0,0.0,0.0,0.0,0.0,0.0,0.0,0.0,8464.973968456141,366.2905358924055,0.95,0.0,0.0,0.0
68,greedy,node-026,0.0,0.0,0.0,0.0,0.0,0.0,0.0,0.0,8464.973968456141,366.2905358924055,0.95,0.0,0.0,0.0
68,greedy,node-027,0.0,0.0,0.0,0.0,0.0,0.0,0.0,0.0,8464.973968456141,366.2905358924055,0.95,0.0,0.0,0.0
68,greedy,node-028,0.0,0.0,0.0,0.0,0.0,0.0,0.0,0.0,8464.973968456141,366.2905358924055,0.95,0.0,0.0,0.0
68,greedy,node-029,0.0,0.0,0.0,0.0,0.0,0.0,0.0,0.0,8464.973968456141,366.2905358924055,0.95,0.0,0.0,0.0
68,trust_vcg,node-000,0.0,0.0,0.0,0.0,0.0,0.0,0.0,0.0,8297.377563883616,821.8835177510477,0.9444444444444444,0.0,0.0,372.592285370311
68,trust_vcg,node-001,372.592285370311,438.80379529215475,488.1823506393689,372592.285370311,438803.7952921547,488182.3506393689,0.0,0.0,8297.377563883616,821.8835177510477,0.9444444444444444,-5599.636439339537,0.0,0.0
68,trust_vcg,node-002,0.0,0.0,0.0,0.0,0.0,0.0,0.0,0.0,8297.377563883616,821.8835177510477,0.9444444444444444,0.0,0.0,0.0
68,trust_vcg,node-003,0.0,0.0,0.0,0.0,0.0,0.0,0.0,0.0,8297.377563883616,821.8835177510477,0.9444444444444444,0.0,0.0,0.0
68,trust_vcg,node-004,0.0,0.0,0.0,0.0,0.0,0.0,0.0,0.0,8297.377563883616,821.8835177510477,0.9444444444444444,0.0,0.0,0.0
68,trust_vcg,node-005,0.0,0.0,0.0,0.0,0.0,0.0,0.0,0.0,8297.377563883616,821.8835177510477,0.9444444444444444,0.0,0.0,0.0
68,trust_vcg,node-006,34.8769942392026,0.0,313.9673712808385,34876.9942392026,0.0,313967.3712808385,0.0,0.0,8297.377563883616,821.8835177510477,0.9444444444444444,-5086.032628719162,0.0,0.0
68,trust_vcg,node-007,0.0,0.0,0.0,0.0,0.0,0.0,0.0,0.0,8297.377563883616,821.8835177510477,0.9444444444444444,0.0,0.0,0.0
68,trust_vcg,node-008,0.0,0.0,0.0,0.0,0.0,0.0,0.0,0.0,8297.377563883616,821.8835177510477,0.9444444444444444,-10462.953074360783,0.0,0.0
68,trust_vcg,node-009,0.0,0.0,179.0018368163658,0.0,0.0,179001.8368163658,0.0,0.0,8297.377563883616,821.8835177510477,0.9444444444444444,-3420.998163183634,0.0,0.0
68,trust_vcg,node-010,0.0,0.0,0.0,0.0,0.0,0.0,0.0,0.0,8297.377563883616,821.8835177510477,0.9444444444444444,0.0,0.0,0.0
68,trust_vcg,node-011,88.22191793284907,0.002951364906607523,88.22929634511559,0.17060977846374015,5.707557993300877e-06,0.1706240473587234,305.69725382255467,517.0976641974771,8297.377563883616,821.8835177510477,0.9444444444444444,-5911.770703654885,-31.710061556238372,-305.69725382255467
68,trust_vcg,node-012,284.83307706040364,295.9266492581761,327.9348218059712,0.9345350964930528,0.9709330200463604,1.0759515836529194,172.3811337355252,304.7858535535707,8297.377563883616,821.8835177510477,0.9444444444444444,-11233.42955638426,31.874408180243762,7.168762947069297
68,trust_vcg,node-013,0.0,0.0,0.0,0.0,0.0,0.0,0.0,0.0,8297.377563883616,821.8835177510477,0.9444444444444444,0.0,0.0,0.0
68,trust_vcg,node-014,0.0,0.0,0.0,0.0,0.0,0.0,0.0,0.0,8297.377563883616,821.8835177510477,0.9444444444444444,0.0,0.0,0.0
68,trust_vcg,node-015,0.0,0.0,0.0,0.0,0.0,0.0,0.0,0.0,8297.377563883616,821.8835177510477,0.9444444444444444,0.0,0.0,0.0
68,trust_vcg,node-016,0.0,0.0,0.0,0.0,0.0,0.0,0.0,0.0,8297.377563883616,821.8835177510477,0.9444444444444444,-3408.6877125477595,0.0,0.0
68,trust_vcg,node-017,0.0,0.0,230.9543675163912,0.0,0.0,230954.36751639118,0.0,0.0,8297.377563883616,821.8835177510477,0.9444444444444444,-3969.0456324836086,0.0,0.0
68,trust_vcg,node-018,0.0,0.0,0.0,0.0,0.0,0.0,0.0,0.0,8297.377563883616,821.8835177510477,0.9444444444444444,-5561.871134730271,0.0,0.0
68,trust_vcg,node-019,0.0,0.0,0.0,0.0,0.0,0.0,0.0,0.0,8297.377563883616,821.8835177510477,0.9444444444444444,-3930.1196853282404,0.0,0.0
68,trust_vcg,node-020,0.0,0.0,0.0,0.0,0.0,0.0,0.0,0.0,8297.377563883616,821.8835177510477,0.9444444444444444,-5604.548272590083,0.0,0.0
68,trust_vcg,node-021,0.0,0.0,0.0,0.0,0.0,0.0,0.0,0.0,8297.377563883616,821.8835177510477,0.9444444444444444,-3334.486660715408,0.0,0.0
68,trust_vcg,node-022,0.0,0.0,0.0,0.0,0.0,0.0,0.0,0.0,8297.377563883616,821.8835177510477,0.9444444444444444,0.0,0.0,0.0
68,trust_vcg,node-023,0.0,0.0,0.0,0.0,0.0,0.0,0.0,0.0,8297.377563883616,821.8835177510477,0.9444444444444444,0.0,0.0,0.0
68,trust_vcg,node-024,0.0,0.0,0.0,0.0,0.0,0.0,0.0,0.0,8297.377563883616,821.8835177510477,0.9444444444444444,-571.4684749578579,0.0,0.0
68,trust_vcg,node-025,0.0,0.0,0.0,0.0,0.0,0.0,0.0,0.0,8297.377563883616,821.8835177510477,0.9444444444444444,0.0,0.0,0.0
68,trust_vcg,node-026,0.0,0.0,0.0,0.0,0.0,0.0,0.0,0.0,8297.377563883616,821.8835177510477,0.9444444444444444,0.0,0.0,0.0
68,trust_vcg,node-027,0.0,0.0,0.0,0.0,0.0,0.0,0.0,0.0,8297.377563883616,821.8835177510477,0.9444444444444444,0.0,0.0,0.0
68,trust_vcg,node-028,0.0,0.0,0.0,0.0,0.0,0.0,0.0,0.0,8297.377563883616,821.8835177510477,0.9444444444444444,0.0,0.0,0.0
68,trust_vcg,node-029,0.0,0.0,0.0,0.0,0.0,0.0,0.0,0.0,8297.377563883616,821.8835177510477,0.9444444444444444,0.0,0.0,0.0
68,contingent,node-000,0.0,0.0,0.0,0.0,0.0,0.0,0.0,0.0,8297.377563883616,499.6833180021559,0.9444444444444444,0.0,0.0,-76.36470127873775
68,contingent,node-001,22.20094882303869,88.80379529215477,88.80379529215477,22200.94882303869,88803.79529215477,88803.79529215477,0.0,0.0,8297.377563883616,499.6833180021559,0.9444444444444444,-398.5457573581486,0.0,0.0
68,contingent,node-002,0.0,0.0,0.0,0.0,0.0,0.0,0.0,0.0,8297.377563883616,499.6833180021559,0.9444444444444444,0.0,0.0,0.0
68,contingent,node-003,0.0,0.0,0.0,0.0,0.0,0.0,0.0,0.0,8297.377563883616,499.6833180021559,0.9444444444444444,0.0,0.0,0.0
68,contingent,node-004,0.0,0.0,0.0,0.0,0.0,0.0,0.0,0.0,8297.377563883616,499.6833180021559,0.9444444444444444,0.0,0.0,0.0
68,contingent,node-005,0.0,0.0,0.0,0.0,0.0,0.0,0.0,0.0,8297.377563883616,499.6833180021559,0.9444444444444444,0.0,0.0,0.0
68,contingent,node-006,0.0,0.0,0.0,0.0,0.0,0.0,0.0,0.0,8297.377563883616,499.6833180021559,0.9444444444444444,-544.1305148766457,0.0,0.0
68,contingent,node-007,0.0,0.0,0.0,0.0,0.0,0.0,0.0,0.0,8297.377563883616,499.6833180021559,0.9444444444444444,0.0,0.0,0.0
68,contingent,node-008,0.0,0.0,0.0,0.0,0.0,0.0,0.0,0.0,8297.377563883616,499.6833180021559,0.9444444444444444,-384.47416319146623,0.0,0.0
68,contingent,node-009,0.0,0.0,0.0,0.0,0.0,0.0,0.0,0.0,8297.377563883616,499.6833180021559,0.9444444444444444,-483.99265273453693,0.0,0.0
68,contingent,node-010,0.0,0.0,0.0,0.0,0.0,0.0,0.0,0.0,8297.377563883616,499.6833180021559,0.9444444444444444,0.0,0.0,0.0
68,contingent,node-011,41.56553392994837,0.0,41.56553392994837,0.13107995345966492,0.0,0.13107995345966492,105.70020518746125,317.10061556238384,8297.377563883616,499.6833180021559,0.9444444444444444,-529.99400451678,-31.710061556238344,-105.70020518746125
68,contingent,node-012,14.667825982536762,52.10542308467863,281.7032269337355,0.08033524417448681,0.28537984370050856,1.5428801478423726,50.177982621726734,182.5827024397721,8297.377563883616,499.6833180021559,0.9444444444444444,-294.3716732166638,-15.56920436498487,-70.11662876155128
68,contingent,node-013,0.0,0.0,0.0,0.0,0.0,0.0,0.0,0.0,8297.377563883616,499.6833180021559,0.9444444444444444,0.0,0.0,0.0
68,contingent,node-014,0.0,0.0,0.0,0.0,0.0,0.0,0.0,0.0,8297.377563883616,499.6833180021559,0.9444444444444444,0.0,0.0,0.0
68,contingent,node-015,0.0,0.0,0.0,0.0,0.0,0.0,0.0,0.0,8297.377563883616,499.6833180021559,0.9444444444444444,0.0,0.0,0.0
68,contingent,node-016,0.0,0.0,0.0,0.0,0.0,0.0,0.0,0.0,8297.377563883616,499.6833180021559,0.9444444444444444,-434.75085019103733,0.0,0.0
68,contingent,node-017,0.0,0.0,0.0,0.0,0.0,0.0,0.0,0.0,8297.377563883616,499.6833180021559,0.9444444444444444,-476.18252993443525,0.0,0.0
68,contingent,node-018,0.0,71.37362134856227,151.08816141597302,0.0,71373.62134856227,151088.161415973,0.0,0.0,8297.377563883616,499.6833180021559,0.9444444444444444,-247.48453892108077,0.0,0.0
68,contingent,node-019,0.0,0.0,0.0,0.0,0.0,0.0,0.0,0.0,8297.377563883616,499.6833180021559,0.9444444444444444,-320.47874131296084,0.0,0.0
68,contingent,node-020,0.0,0.0,0.0,0.0,0.0,0.0,0.0,0.0,8297.377563883616,499.6833180021559,0.9444444444444444,-418.19309036032723,0.0,0.0
68,contingent,node-021,0.0,0.0,0.0,0.0,0.0,0.0,0.0,0.0,8297.377563883616,499.6833180021559,0.9444444444444444,-277.2701532092158,0.0,0.0
68,contingent,node-022,0.0,0.0,0.0,0.0,0.0,0.0,0.0,0.0,8297.377563883616,499.6833180021559,0.9444444444444444,0.0,0.0,0.0
68,contingent,node-023,0.0,0.0,0.0,0.0,0.0,0.0,0.0,0.0,8297.377563883616,499.6833180021559,0.9444444444444444,0.0,0.0,0.0
68,contingent,node-024,0.0,0.0,0.0,0.0,0.0,0.0,0.0,0.0,8297.377563883616,499.6833180021559,0.9444444444444444,-85.87389983143169,0.0,0.0
68,contingent,node-025,0.0,0.0,0.0,0.0,0.0,0.0,0.0,0.0,8297.377563883616,499.6833180021559,0.9444444444444444,0.0,0.0,0.0
68,contingent,node-026,0.0,0.0,0.0,0.0,0.0,0.0,0.0,0.0,8297.377563883616,499.6833180021559,0.9444444444444444,0.0,0.0,0.0
68,contingent,node-027,0.0,0.0,0.0,0.0,0.0,0.0,0.0,0.0,8297.377563883616,499.6833180021559,0.9444444444444444,0.0,0.0,0.0
68,contingent,node-028,0.0,0.0,0.0,0.0,0.0,0.0,0.0,0.0,8297.377563883616,499.6833180021559,0.9444444444444444,0.0,0.0,0.0
68,contingent,node-029,0.0,0.0,0.0,0.0,0.0,0.0,0.0,0.0,8297.377563883616,499.6833180021559,0.9444444444444444,0.0,0.0,0.0
68,capped,node-000,0.0,0.0,0.0,0.0,0.0,0.0,0.0,0.0,8297.377563883616,515.7076952894517,0.9444444444444444,0.0,0.0,-76.36470127873775
68,capped,node-001,22.20094882303869,88.80379529215477,88.80379529215477,22200.94882303869,88803.79529215477,88803.79529215477,0.0,0.0,8297.377563883616,515.7076952894517,0.9444444444444444,-99.63643933953715,0.0,0.0
68,capped,node-002,0.0,0.0,0.0,0.0,0.0,0.0,0.0,0.0,8297.377563883616,515.7076952894517,0.9444444444444444,0.0,0.0,0.0
68,capped,node-003,0.0,0.0,0.0,0.0,0.0,0.0,0.0,0.0,8297.377563883616,515.7076952894517,0.9444444444444444,0.0,0.0,0.0
68,capped,node-004,0.0,0.0,0.0,0.0,0.0,0.0,0.0,0.0,8297.377563883616,515.7076952894517,0.9444444444444444,0.0,0.0,0.0
68,capped,node-005,0.0,0.0,0.0,0.0,0.0,0.0,0.0,0.0,8297.377563883616,515.7076952894517,0.9444444444444444,0.0,0.0,0.0
68,capped,node-006,0.0,0.0,0.0,0.0,0.0,0.0,0.0,0.0,8297.377563883616,515.7076952894517,0.9444444444444444,-136.03262871916144,0.0,0.0
68,capped,node-007,0.0,0.0,0.0,0.0,0.0,0.0,0.0,0.0,8297.377563883616,515.7076952894517,0.9444444444444444,0.0,0.0,0.0
68,capped,node-008,0.0,69.91772759695218,69.91772759695218,0.0,69917.72759695217,69917.72759695217,0.0,0.0,8297.377563883616,515.7076952894517,0.9444444444444444,-96.11854079786656,0.0,0.0
68,capped,node-009,0.0,0.0,0.0,0.0,0.0,0.0,0.0,0.0,8297.377563883616,515.7076952894517,0.9444444444444444,-120.99816318363422,0.0,0.0
68,capped,node-010,0.0,0.0,0.0,0.0,0.0,0.0,0.0,0.0,8297.377563883616,515.7076952894517,0.9444444444444444,0.0,0.0,0.0
68,capped,node-011,41.56553392994837,0.0,41.56553392994837,0.13107995345966492,0.0,0.13107995345966492,105.70020518746125,317.10061556238384,8297.377563883616,515.7076952894517,0.9444444444444444,-211.77365501979097,-31.710061556238344,-105.70020518746125
68,capped,node-012,0.0,52.10542308467865,297.7276042210315,0.0,0.26235430859908676,1.4990785053089644,66.20235990902269,198.60707972706808,8297.377563883616,515.7076952894517,0.9444444444444444,-127.25078255775696,-17.171642093714468,-86.14100604884725
68,capped,node-013,0.0,0.0,0.0,0.0,0.0,0.0,0.0,0.0,8297.377563883616,515.7076952894517,0.9444444444444444,0.0,0.0,0.0
68,capped,node-014,0.0,0.0,0.0,0.0,0.0,0.0,0.0,0.0,8297.377563883616,515.7076952894517,0.9444444444444444,0.0,0.0,0.0
68,capped,node-015,0.0,0.0,0.0,0.0,0.0,0.0,0.0,0.0,8297.377563883616,515.7076952894517,0.9444444444444444,0.0,0.0,0.0
68,capped,node-016,0.0,0.0,0.0,0.0,0.0,0.0,0.0,0.0,8297.377563883616,515.7076952894517,0.9444444444444444,-108.68771254775933,0.0,0.0
68,capped,node-017,0.0,0.0,0.0,0.0,0.0,0.0,0.0,0.0,8297.377563883616,515.7076952894517,0.9444444444444444,-119.04563248360881,0.0,0.0
68,capped,node-018,0.0,123.74226946054038,216.54897155594568,0.0,123742.26946054038,216548.97155594567,0.0,0.0,8297.377563883616,515.7076952894517,0.9444444444444444,-61.87113473027019,0.0,0.0
68,capped,node-019,0.0,0.0,0.0,0.0,0.0,0.0,0.0,0.0,8297.377563883616,515.7076952894517,0.9444444444444444,-80.11968532824022,0.0,0.0
68,capped,node-020,0.0,74.06554284245556,74.06554284245556,0.0,74065.54284245556,74065.54284245556,0.0,0.0,8297.377563883616,515.7076952894517,0.9444444444444444,-104.54827259008182,0.0,0.0
68,capped,node-021,0.0,0.0,0.0,0.0,0.0,0.0,0.0,0.0,8297.377563883616,515.7076952894517,0.9444444444444444,-69.31753830230394,0.0,0.0
68,capped,node-022,0.0,0.0,0.0,0.0,0.0,0.0,0.0,0.0,8297.377563883616,515.7076952894517,0.9444444444444444,0.0,0.0,0.0
68,capped,node-023,0.0,0.0,0.0,0.0,0.0,0.0,0.0,0.0,8297.377563883616,515.7076952894517,0.9444444444444444,0.0,0.0,0.0
68,capped,node-024,0.0,0.0,0.0,0.0,0.0,0.0,0.0,0.0,8297.377563883616,515.7076952894517,0.9444444444444444,-21.46847495785792,0.0,0.0
68,capped,node-025,0.0,0.0,0.0,0.0,0.0,0.0,0.0,0.0,8297.377563883616,515.7076952894517,0.9444444444444444,0.0,0.0,0.0
68,capped,node-026,0.0,0.0,0.0,0.0,0.0,0.0,0.0,0.0,8297.377563883616,515.7076952894517,0.9444444444444444,0.0,0.0,0.0
68,capped,node-027,0.0,0.0,0.0,0.0,0.0,0.0,0.0,0.0,8297.377563883616,515.7076952894517,0.9444444444444444,0.0,0.0,0.0
68,capped,node-028,0.0,0.0,0.0,0.0,0.0,0.0,0.0,0.0,8297.377563883616,515.7076952894517,0.9444444444444444,0.0,0.0,0.0
68,capped,node-029,0.0,0.0,0.0,0.0,0.0,0.0,0.0,0.0,8297.377563883616,515.7076952894517,0.9444444444444444,0.0,0.0,0.0
68,proper_scoring,node-000,0.0,0.0,0.0,0.0,0.0,0.0,0.0,0.0,8297.377563883616,1337.279020198706,0.9444444444444444,0.0,0.0,372.592285370311
68,proper_scoring,node-001,372.592285370311,438.80379529215475,488.1823506393689,372592.285370311,438803.7952921547,488182.3506393689,0.0,0.0,8297.377563883616,1337.279020198706,0.9444444444444444,-376.4006523286931,0.0,0.0
68,proper_scoring,node-002,0.0,0.0,0.0,0.0,0.0,0.0,0.0,0.0,8297.377563883616,1337.279020198706,0.9444444444444444,0.0,0.0,0.0
68,proper_scoring,node-003,0.0,0.0,0.0,0.0,0.0,0.0,0.0,0.0,8297.377563883616,1337.279020198706,0.9444444444444444,0.0,0.0,0.0
68,proper_scoring,node-004,0.0,0.0,0.0,0.0,0.0,0.0,0.0,0.0,8297.377563883616,1337.279020198706,0.9444444444444444,0.0,0.0,0.0
68,proper_scoring,node-005,0.0,0.0,0.0,0.0,0.0,0.0,0.0,0.0,8297.377563883616,1337.279020198706,0.9444444444444444,0.0,0.0,0.0
68,proper_scoring,node-006,34.8769942392026,0.0,313.9673712808385,34876.9942392026,0.0,313967.3712808385,0.0,0.0,8297.377563883616,1337.279020198706,0.9444444444444444,-493.30010395691306,0.0,0.0
68,proper_scoring,node-007,0.0,0.0,0.0,0.0,0.0,0.0,0.0,0.0,8297.377563883616,1337.279020198706,0.9444444444444444,0.0,0.0,0.0
68,proper_scoring,node-008,76.83667316087994,194.66109895226518,552.1808200302979,76836.67316087993,194661.09895226517,552180.820030298,0.0,0.0,8297.377563883616,1337.279020198706,0.9444444444444444,-379.4863186070121,0.0,0.0
68,proper_scoring,node-009,0.0,0.0,179.0018368163658,0.0,0.0,179001.8368163658,0.0,0.0,8297.377563883616,1337.279020198706,0.9444444444444444,-405.9120583309877,0.0,0.0
68,proper_scoring,node-010,0.0,0.0,0.0,0.0,0.0,0.0,0.0,0.0,8297.377563883616,1337.279020198706,0.9444444444444444,0.0,0.0,0.0
68,proper_scoring,node-011,88.22191793284907,0.002951364906607523,88.22929634511559,0.17060977846374015,5.707557993300877e-06,0.1706240473587234,305.69725382255467,517.0976641974771,8297.377563883616,1337.279020198706,0.9444444444444444,-729.9910531518735,-31.710061556238372,-305.69725382255467
68,proper_scoring,node-012,55.54062816635803,314.5067695232225,342.5088477491937,0.06771749657556816,0.3834600326159468,0.41760135760593997,687.7766361831829,820.1813560012283,8297.377563883616,1337.279020198706,0.9444444444444444,-931.9703267781199,33.47684590897347,-508.22673950058834
68,proper_scoring,node-013,0.0,0.0,0.0,0.0,0.0,0.0,0.0,0.0,8297.377563883616,1337.279020198706,0.9444444444444444,0.0,0.0,0.0
68,proper_scoring,node-014,0.0,0.0,0.0,0.0,0.0,0.0,0.0,0.0,8297.377563883616,1337.279020198706,0.9444444444444444,0.0,0.0,0.0
68,proper_scoring,node-015,0.0,0.0,0.0,0.0,0.0,0.0,0.0,0.0,8297.377563883616,1337.279020198706,0.9444444444444444,0.0,0.0,0.0
68,proper_scoring,node-016,0.0,0.0,0.0,0.0,0.0,0.0,0.0,0.0,8297.377563883616,1337.279020198706,0.9444444444444444,-394.8624312284105,0.0,0.0
68,proper_scoring,node-017,0.0,0.0,230.9543675163912,0.0,0.0,230954.36751639118,0.0,0.0,8297.377563883616,1337.279020198706,0.9444444444444444,-428.3652291278807,0.0,0.0
68,proper_scoring,node-018,0.0,471.3736213485622,551.088161415973,0.0,471373.6213485622,551088.161415973,0.0,0.0,8297.377563883616,1337.279020198706,0.9444444444444444,-247.48453892108077,0.0,0.0
68,proper_scoring,node-019,0.0,0.0,181.37844195038727,0.0,0.0,181378.44195038726,0.0,0.0,8297.377563883616,1337.279020198706,0.9444444444444444,-314.66717267440634,0.0,0.0
68,proper_scoring,node-020,0.0,124.06554284245556,154.89569794078432,0.0,124065.54284245556,154895.6979407843,0.0,0.0,8297.377563883616,1337.279020198706,0.9444444444444444,-418.19309036032723,0.0,0.0
68,proper_scoring,node-021,0.0,0.0,0.0,0.0,0.0,0.0,0.0,0.0,8297.377563883616,1337.279020198706,0.9444444444444444,-269.33234754611107,0.0,0.0
68,proper_scoring,node-022,0.0,0.0,0.0,0.0,0.0,0.0,0.0,0.0,8297.377563883616,1337.279020198706,0.9444444444444444,0.0,0.0,0.0
68,proper_scoring,node-023,0.0,0.0,0.0,0.0,0.0,0.0,0.0,0.0,8297.377563883616,1337.279020198706,0.9444444444444444,0.0,0.0,0.0
68,proper_scoring,node-024,0.0,0.0,0.0,0.0,0.0,0.0,0.0,0.0,8297.377563883616,1337.279020198706,0.9444444444444444,-71.46847495785792,0.0,0.0
68,proper_scoring,node-025,0.0,0.0,0.0,0.0,0.0,0.0,0.0,0.0,8297.377563883616,1337.279020198706,0.9444444444444444,0.0,0.0,0.0
68,proper_scoring,node-026,0.0,0.0,0.0,0.0,0.0,0.0,0.0,0.0,8297.377563883616,1337.279020198706,0.9444444444444444,0.0,0.0,0.0
68,proper_scoring,node-027,0.0,0.0,0.0,0.0,0.0,0.0,0.0,0.0,8297.377563883616,1337.279020198706,0.9444444444444444,0.0,0.0,0.0
68,proper_scoring,node-028,0.0,0.0,0.0,0.0,0.0,0.0,0.0,0.0,8297.377563883616,1337.279020198706,0.9444444444444444,0.0,0.0,0.0
68,proper_scoring,node-029,0.0,0.0,0.0,0.0,0.0,0.0,0.0,0.0,8297.377563883616,1337.279020198706,0.9444444444444444,0.0,0.0,0.0
68,audits,node-000,0.0,0.0,0.0,0.0,0.0,0.0,0.0,0.0,8297.377563883616,1321.8835177510482,0.9444444444444444,0.0,0.0,372.592285370311
68,audits,node-001,372.592285370311,438.80379529215475,488.1823506393689,372592.285370311,438803.7952921547,488182.3506393689,0.0,0.0,8297.377563883616,1321.8835177510482,0.9444444444444444,-1099.6364393395372,0.0,0.0
68,audits,node-002,0.0,0.0,0.0,0.0,0.0,0.0,0.0,0.0,8297.377563883616,1321.8835177510482,0.9444444444444444,0.0,0.0,0.0
68,audits,node-003,0.0,0.0,0.0,0.0,0.0,0.0,0.0,0.0,8297.377563883616,1321.8835177510482,0.9444444444444444,0.0,0.0,0.0
68,audits,node-004,0.0,0.0,0.0,0.0,0.0,0.0,0.0,0.0,8297.377563883616,1321.8835177510482,0.9444444444444444,0.0,0.0,0.0
68,audits,node-005,0.0,0.0,0.0,0.0,0.0,0.0,0.0,0.0,8297.377563883616,1321.8835177510482,0.9444444444444444,0.0,0.0,0.0
68,audits,node-006,34.8769942392026,0.0,313.9673712808385,34876.9942392026,0.0,313967.3712808385,0.0,0.0,8297.377563883616,1321.8835177510482,0.9444444444444444,-1086.0326287191615,0.0,0.0
68,audits,node-007,0.0,0.0,0.0,0.0,0.0,0.0,0.0,0.0,8297.377563883616,1321.8835177510482,0.9444444444444444,0.0,0.0,0.0
68,audits,node-008,72.93646722848456,132.85321290488776,192.07273319332666,72936.46722848456,132853.21290488774,192072.73319332665,0.0,0.0,8297.377563883616,1321.8835177510482,0.9444444444444444,-2962.953074360785,0.0,0.0
68,audits,node-009,0.0,0.0,179.0018368163658,0.0,0.0,179001.8368163658,0.0,0.0,8297.377563883616,1321.8835177510482,0.9444444444444444,-920.9981631836342,0.0,0.0
68,audits,node-010,0.0,0.0,0.0,0.0,0.0,0.0,0.0,0.0,8297.377563883616,1321.8835177510482,0.9444444444444444,0.0,0.0,0.0
68,audits,node-011,88.22191793284907,0.002951364906607523,88.22929634511559,0.17060977846374015,5.707557993300877e-06,0.1706240473587234,305.69725382255467,517.0976641974771,8297.377563883616,1321.8835177510482,0.9444444444444444,-1411.7707036548845,-31.710061556238372,-305.69725382255467
68,audits,node-012,51.53453384453394,295.9266492581761,327.9348218059712,0.06403508910722117,0.3677085624101092,0.4074808476788691,672.3811337355252,804.7858535535706,8297.377563883616,1321.8835177510482,0.9444444444444444,-3733.4295563842597,31.874408180243904,-492.83123705293065
68,audits,node-013,0.0,0.0,0.0,0.0,0.0,0.0,0.0,0.0,8297.377563883616,1321.8835177510482,0.9444444444444444,0.0,0.0,0.0
68,audits,node-014,0.0,0.0,0.0,0.0,0.0,0.0,0.0,0.0,8297.377563883616,1321.8835177510482,0.9444444444444444,0.0,0.0,0.0
68,audits,node-015,0.0,0.0,0.0,0.0,0.0,0.0,0.0,0.0,8297.377563883616,1321.8835177510482,0.9444444444444444,0.0,0.0,0.0
68,audits,node-016,0.0,0.0,0.0,0.0,0.0,0.0,0.0,0.0,8297.377563883616,1321.8835177510482,0.9444444444444444,-908.6877125477592,0.0,0.0
68,audits,node-017,0.0,0.0,230.9543675163912,0.0,0.0,230954.36751639118,0.0,0.0,8297.377563883616,1321.8835177510482,0.9444444444444444,-969.0456324836089,0.0,0.0
68,audits,node-018,0.0,423.74226946054034,516.5489715559457,0.0,423742.2694605403,516548.97155594575,0.0,0.0,8297.377563883616,1321.8835177510482,0.9444444444444444,-1061.8711347302701,0.0,0.0
68,audits,node-019,0.0,0.0,169.88031467175978,0.0,0.0,169880.31467175978,0.0,0.0,8297.377563883616,1321.8835177510482,0.9444444444444444,-430.11968532824017,0.0,0.0
68,audits,node-020,0.0,0.0,0.0,0.0,0.0,0.0,0.0,0.0,8297.377563883616,1321.8835177510482,0.9444444444444444,-1104.548272590082,0.0,0.0
68,audits,node-021,0.0,0.0,0.0,0.0,0.0,0.0,0.0,0.0,8297.377563883616,1321.8835177510482,0.9444444444444444,-334.4866607154079,0.0,0.0
68,audits,node-022,0.0,0.0,0.0,0.0,0.0,0.0,0.0,0.0,8297.377563883616,1321.8835177510482,0.9444444444444444,0.0,0.0,0.0
68,audits,node-023,0.0,0.0,0.0,0.0,0.0,0.0,0.0,0.0,8297.377563883616,1321.8835177510482,0.9444444444444444,0.0,0.0,0.0
68,audits,node-024,0.0,0.0,0.0,0.0,0.0,0.0,0.0,0.0,8297.377563883616,1321.8835177510482,0.9444444444444444,-71.46847495785792,0.0,0.0
68,audits,node-025,0.0,0.0,0.0,0.0,0.0,0.0,0.0,0.0,8297.377563883616,1321.8835177510482,0.9444444444444444,0.0,0.0,0.0
68,audits,node-026,0.0,0.0,0.0,0.0,0.0,0.0,0.0,0.0,8297.377563883616,1321.8835177510482,0.9444444444444444,0.0,0.0,0.0
68,audits,node-027,0.0,0.0,0.0,0.0,0.0,0.0,0.0,0.0,8297.377563883616,1321.8835177510482,0.9444444444444444,0.0,0.0,0.0
68,audits,node-028,0.0,0.0,0.0,0.0,0.0,0.0,0.0,0.0,8297.377563883616,1321.8835177510482,0.9444444444444444,0.0,0.0,0.0
68,audits,node-029,0.0,0.0,0.0,0.0,0.0,0.0,0.0,0.0,8297.377563883616,1321.8835177510482,0.9444444444444444,0.0,0.0,0.0
70,greedy,node-000,0.0,0.0,0.0,0.0,0.0,0.0,0.0,0.0,7936.602727960453,291.127259816734,0.85,0.0,0.0,0.0
70,greedy,node-001,0.0,0.0,0.0,0.0,0.0,0.0,0.0,0.0,7936.602727960453,291.127259816734,0.85,0.0,0.0,0.0
70,greedy,node-002,0.0,0.0,0.0,0.0,0.0,0.0,0.0,0.0,7936.602727960453,291.127259816734,0.85,0.0,0.0,0.0
70,greedy,node-003,0.0,0.0,0.0,0.0,0.0,0.0,0.0,0.0,7936.602727960453,291.127259816734,0.85,0.0,0.0,0.0
70,greedy,node-004,0.0,0.0,0.0,0.0,0.0,0.0,0.0,0.0,7936.602727960453,291.127259816734,0.85,-58.15854625651054,0.0,0.0
70,greedy,node-005,0.0,0.0,0.0,0.0,0.0,0.0,0.0,0.0,7936.602727960453,291.127259816734,0.85,0.0,0.0,0.0
70,greedy,node-006,0.0,0.0,0.0,0.0,0.0,0.0,0.0,0.0,7936.602727960453,291.127259816734,0.85,0.0,0.0,0.0
70,greedy,node-007,0.0,0.0,0.0,0.0,0.0,0.0,0.0,0.0,7936.602727960453,291.127259816734,0.85,0.0,0.0,0.0
70,greedy,node-008,0.0,0.0,0.0,0.0,0.0,0.0,14.071878757092236,42.21563627127671,7936.602727960453,291.127259816734,0.85,-61.6493908620774,12.660989582532398,-14.071878757092236
70,greedy,node-009,19.11914245603687,0.0,19.11914245603687,19119.14245603687,0.0,19119.14245603687,0.0,0.0,7936.602727960453,291.127259816734,0.85,-51.9640230291398,0.0,0.0
70,greedy,node-010,0.0,0.0,0.0,0.0,0.0,0.0,0.0,0.0,7936.602727960453,291.127259816734,0.85,0.0,0.0,0.0
70,greedy,node-011,0.0,0.0,0.0,0.0,0.0,0.0,0.0,0.0,7936.602727960453,291.127259816734,0.85,0.0,0.0,0.0
70,greedy,node-012,0.0,0.0,0.0,0.0,0.0,0.0,0.0,0.0,7936.602727960453,291.127259816734,0.85,0.0,0.0,0.0
70,greedy,node-013,0.0,0.0,0.0,0.0,0.0,0.0,0.0,0.0,7936.602727960453,291.127259816734,0.85,0.0,0.0,0.0
70,greedy,node-014,0.0,0.0,0.0,0.0,0.0,0.0,0.0,0.0,7936.602727960453,291.127259816734,0.85,0.0,0.0,0.0
70,greedy,node-015,11.967038506851601,0.0,11.967038506851601,11967.0385068516,0.0,11967.0385068516,0.0,0.0,7936.602727960453,291.127259816734,0.85,-41.89537087851406,0.0,0.0
70,greedy,node-016,6.777111687202815,0.0,6.777111687202815,0.10993085180674744,0.0,0.10993085180674744,20.549619983286146,61.64885994985843,7936.602727960453,291.127259816734,0.85,-46.01358778069989,-6.164885994985843,-20.549619983286146
70,greedy,node-017,0.0,0.0,0.0,0.0,0.0,0.0,39.32339213131836,117.97017639395509,7936.602727960453,291.127259816734,0.85,-94.68607244061133,5.5518520097030475,-39.32339213131836
70,greedy,node-018,0.0,0.0,0.0,0.0,0.0,0.0,0.0,0.0,7936.602727960453,291.127259816734,0.85,0.0,0.0,0.0
70,greedy,node-019,0.0,0.0,0.0,0.0,0.0,0.0,0.0,0.0,7936.602727960453,291.127259816734,0.85,0.0,0.0,0.0
70,greedy,node-020,0.0,0.0,0.0,0.0,0.0,0.0,23.0975290672146,69.29258720164381,7936.602727960453,291.127259816734,0.85,-67.264419341445,9.771211591291696,-23.0975290672146
70,greedy,node-021,0.0,0.0,0.0,0.0,0.0,0.0,0.0,0.0,7936.602727960453,291.127259816734,0.85,-33.41554669842527,0.0,0.0
70,greedy,node-022,0.0,0.0,0.0,0.0,0.0,0.0,0.0,0.0,7936.602727960453,291.127259816734,0.85,0.0,0.0,0.0
70,greedy,node-023,0.0,0.0,0.0,0.0,0.0,0.0,0.0,0.0,7936.602727960453,291.127259816734,0.85,0.0,0.0,0.0
70,greedy,node-024,0.0,0.0,0.0,0.0,0.0,0.0,0.0,0.0,7936.602727960453,291.127259816734,0.85,0.0,0.0,0.0
70,greedy,node-025,0.0,0.0,0.0,0.0,0.0,0.0,0.0,0.0,7936.602727960453,291.127259816734,0.85,-36.0701657331621,0.0,0.0
70,greedy,node-026,0.0,0.0,0.0,0.0,0.0,0.0,0.0,0.0,7936.602727960453,291.127259816734,0.85,0.0,0.0,0.0
70,greedy,node-027,0.0,0.0,0.0,0.0,0.0,0.0,0.0,0.0,7936.602727960453,291.127259816734,0.85,-31.818308675419527,0.0,0.0
70,greedy,node-028,0.0,0.0,0.0,0.0,0.0,0.0,0.0,0.0,7936.602727960453,291.127259816734,0.85,0.0,0.0,0.0
70,greedy,node-029,0.0,0.0,0.0,0.0,0.0,0.0,0.0,0.0,7936.602727960453,291.127259816734,0.85,0.0,0.0,0.0
70,trust_vcg,node-000,0.0,0.0,0.0,0.0,0.0,0.0,0.0,0.0,8715.586083644232,818.5802964274673,0.95,0.0,0.0,0.0
70,trust_vcg,node-001,0.0,0.0,0.0,0.0,0.0,0.0,0.0,0.0,8715.586083644232,818.5802964274673,0.95,-2292.536446109456,0.0,0.0
70,trust_vcg,node-002,0.0,0.0,0.0,0.0,0.0,0.0,0.0,0.0,8715.586083644232,818.5802964274673,0.95,0.0,0.0,0.0
70,trust_vcg,node-003,0.0,0.0,0.0,0.0,0.0,0.0,0.0,0.0,8715.586083644232,818.5802964274673,0.95,-5616.75418266118,0.0,0.0
70,trust_vcg,node-004,0.0,0.0,522.2032548153409,0.0,0.0,522203.25481534086,0.0,0.0,8715.586083644232,818.5802964274673,0.95,-5562.4008495631615,0.0,0.0
70,trust_vcg,node-005,0.0,0.0,0.0,0.0,0.0,0.0,0.0,0.0,8715.586083644232,818.5802964274673,0.95,0.0,0.0,0.0
70,trust_vcg,node-006,0.0,0.0,0.0,0.0,0.0,0.0,0.0,0.0,8715.586083644232,818.5802964274673,0.95,0.0,0.0,0.0
70,trust_vcg,node-007,0.0,0.0,0.0,0.0,0.0,0.0,0.0,0.0,8715.586083644232,818.5802964274673,0.95,-3934.8256228963583,0.0,0.0
70,trust_vcg,node-008,0.0,0.0,394.80433990455197,0.0,0.0,394804.339904552,0.0,0.0,8715.586083644232,818.5802964274673,0.95,-5551.987110364114,0.0,0.0
70,trust_vcg,node-009,0.0,0.0,0.0,0.0,0.0,0.0,0.0,0.0,8715.586083644232,818.5802964274673,0.95,-5547.26653987159,0.0,0.0
70,trust_vcg,node-010,0.0,0.0,114.77100816537082,0.0,0.0,114771.00816537082,0.0,0.0,8715.586083644232,818.5802964274673,0.95,-2285.228991834629,0.0,0.0
70,trust_vcg,node-011,0.0,0.0,0.0,0.0,0.0,0.0,0.0,0.0,8715.586083644232,818.5802964274673,0.95,0.0,0.0,0.0
70,trust_vcg,node-012,0.0,0.0,37.528697706771595,0.0,0.0,37528.69770677159,0.0,0.0,8715.586083644232,818.5802964274673,0.95,-1162.4713022932283,0.0,0.0
70,trust_vcg,node-013,0.0,0.0,0.0,0.0,0.0,0.0,0.0,0.0,8715.586083644232,818.5802964274673,0.95,-2301.897486367958,0.0,0.0
70,trust_vcg,node-014,0.0,0.0,0.0,0.0,0.0,0.0,0.0,0.0,8715.586083644232,818.5802964274673,0.95,0.0,0.0,0.0
70,trust_vcg,node-015,86.24487344939087,0.0,121.41706374958638,86244.87344939087,0.0,121417.06374958638,0.0,0.0,8715.586083644232,818.5802964274673,0.95,-5563.28320891812,0.0,0.0
70,trust_vcg,node-016,85.54115825467863,188.70418794517911,188.70418794517911,0.33011550883193613,0.7282363284908286,0.7282363284908286,157.2690592244087,259.12493041406356,8715.586083644232,818.5802964274673,0.95,-11262.396776805606,101.86931892901862,-157.2690592244087
70,trust_vcg,node-017,97.53660166489128,0.0,97.53660166489128,97536.60166489128,0.0,97536.60166489128,0.0,0.0,8715.586083644232,818.5802964274673,0.95,-11055.362680309296,0.0,0.0
70,trust_vcg,node-018,200.88707471828405,0.0,325.495253937434,200887.07471828404,0.0,325495.25393743394,0.0,0.0,8715.586083644232,818.5802964274673,0.95,-5074.504746062566,0.0,0.0
70,trust_vcg,node-019,220.7766373977975,165.02169655782478,344.6212344834162,220776.6373977975,165021.6965578248,344621.2344834162,0.0,0.0,8715.586083644232,818.5802964274673,0.95,-5055.378765516584,0.0,0.0
70,trust_vcg,node-020,249.46395883266476,474.8108506299026,541.6761315994278,1.735358023287103,3.3029493440255853,3.7680874840309957,113.5229299185581,143.7535975199699,8715.586083644232,818.5802964274673,0.95,-5657.689820192789,49.49216939068876,-113.5229299185581
70,trust_vcg,node-021,368.43427195159256,284.4683492643636,413.0041734475149,368434.2719515925,284468.3492643636,413004.1734475149,0.0,0.0,8715.586083644232,818.5802964274673,0.95,-5586.995826552486,0.0,0.0
70,trust_vcg,node-022,0.0,0.0,0.0,0.0,0.0,0.0,0.0,0.0,8715.586083644232,818.5802964274673,0.95,0.0,0.0,0.0
70,trust_vcg,node-023,0.0,0.0,63.33085565684897,0.0,0.0,63330.855656848966,0.0,0.0,8715.586083644232,818.5802964274673,0.95,-1736.669144343151,0.0,0.0
70,trust_vcg,node-024,0.0,0.0,236.16840288927995,0.0,0.0,236168.40288927994,0.0,0.0,8715.586083644232,818.5802964274673,0.95,-5073.190805122084,0.0,0.0
70,trust_vcg,node-025,153.28018989308538,127.19089752442028,212.39430573693005,0.36872633582627296,0.3059666981581036,0.5109295216777144,271.42110556078524,415.70176849343363,8715.586083644232,818.5802964274673,0.95,-5844.9217453430665,-21.642099439897237,-271.42110556078524
70,trust_vcg,node-026,240.92926049426652,0.0,364.303337996585,240929.26049426652,0.0,364303.337996585,0.0,0.0,8715.586083644232,818.5802964274673,0.95,-5635.6966620034145,0.0,0.0
70,trust_vcg,node-027,0.0,0.0,66.87651258211424,0.0,0.0,66876.51258211424,0.0,0.0,8715.586083644232,818.5802964274673,0.95,-10005.48853430278,0.0,0.0
70,trust_vcg,node-028,0.0,0.0,0.0,0.0,0.0,0.0,0.0,0.0,8715.586083644232,818.5802964274673,0.95,0.0,0.0,0.0
70,trust_vcg,node-029,0.0,0.0,0.0,0.0,0.0,0.0,0.0,0.0,8715.586083644232,818.5802964274673,0.95,0.0,0.0,0.0
70,contingent,node-000,0.0,0.0,0.0,0.0,0.0,0.0,0.0,0.0,8715.586083644232,409.8569614327359,0.95,0.0,0.0,0.0
70,contingent,node-001,0.0,0.0,0.0,0.0,0.0,0.0,0.0,0.0,8715.586083644232,409.8569614327359,0.95,-370.1457844378234,0.0,0.0
70,contingent,node-002,0.0,0.0,0.0,0.0,0.0,0.0,0.0,0.0,8715.586083644232,409.8569614327359,0.95,0.0,0.0,0.0
70,contingent,node-003,0.0,0.0,0.0,0.0,0.0,0.0,0.0,0.0,8715.586083644232,409.8569614327359,0.95,-467.01673064471606,0.0,0.0
70,contingent,node-004,0.0,62.57139465739941,172.2032548153409,0.0,62571.39465739941,172203.2548153409,0.0,0.0,8715.586083644232,409.8569614327359,0.95,-249.6033982526458,0.0,0.0
70,contingent,node-005,0.0,0.0,0.0,0.0,0.0,0.0,0.0,0.0,8715.586083644232,409.8569614327359,0.95,0.0,0.0,0.0
70,contingent,node-006,0.0,0.0,0.0,0.0,0.0,0.0,0.0,0.0,8715.586083644232,409.8569614327359,0.95,0.0,0.0,0.0
70,contingent,node-007,0.0,0.0,0.0,0.0,0.0,0.0,0.0,0.0,8715.586083644232,409.8569614327359,0.95,-339.3024915854347,0.0,0.0
70,contingent,node-008,0.0,38.67059161486851,194.80433990455197,0.0,38670.591614868514,194804.33990455198,0.0,0.0,8715.586083644232,409.8569614327359,0.95,-207.94844145645993,0.0,0.0
70,contingent,node-009,0.0,0.0,66.4916973779938,0.0,0.0,66491.6973779938,0.0,0.0,8715.586083644232,409.8569614327359,0.95,-189.06615948636048,0.0,0.0
70,contingent,node-010,0.0,0.0,12.50338001959284,0.0,0.0,12503.38001959284,0.0,0.0,8715.586083644232,409.8569614327359,0.95,-340.91596733851674,0.0,0.0
70,contingent,node-011,0.0,0.0,0.0,0.0,0.0,0.0,0.0,0.0,8715.586083644232,409.8569614327359,0.95,0.0,0.0,0.0
70,contingent,node-012,0.0,0.0,0.0,0.0,0.0,0.0,0.0,0.0,8715.586083644232,409.8569614327359,0.95,-249.88520917291365,0.0,0.0
70,contingent,node-013,0.0,0.0,0.0,0.0,0.0,0.0,0.0,0.0,8715.586083644232,409.8569614327359,0.95,-407.58994547183255,0.0,0.0
70,contingent,node-014,0.0,0.0,0.0,0.0,0.0,0.0,0.0,0.0,8715.586083644232,409.8569614327359,0.95,0.0,0.0,0.0
70,contingent,node-015,0.0,48.03154741382852,88.21666015204664,0.0,48031.54741382852,88216.66015204664,0.0,0.0,8715.586083644232,409.8569614327359,0.95,-253.13283567248033,0.0,0.0
70,contingent,node-016,0.0,45.04531157476017,58.976869609417,0.0,0.3041753125043222,0.3982502754853371,46.23409444199067,148.0899656316457,8715.586083644232,409.8569614327359,0.95,-466.7449647667737,2.789917210038702,-46.23409444199067
70,contingent,node-017,1.5190786389429345,55.23802839605134,245.09466925499686,1519.0786389429345,55238.02839605134,245094.66925499684,0.0,0.0,8715.586083644232,409.8569614327359,0.95,-221.45072123717182,0.0,0.0
70,contingent,node-018,0.0,0.0,0.0,0.0,0.0,0.0,0.0,0.0,8715.586083644232,409.8569614327359,0.95,-498.018984250264,0.0,0.0
70,contingent,node-019,0.0,65.0216965578248,65.0216965578248,0.0,65021.6965578248,65021.6965578248,0.0,0.0,8715.586083644232,409.8569614327359,0.95,-421.515062066335,0.0,0.0
70,contingent,node-020,0.0,73.21844674775491,233.16737659358225,0.0,1.6146615905219708,5.141961129624387,15.115333800705905,45.346001402117714,8715.586083644232,409.8569614327359,0.95,-191.7828948976275,0.2883713317626455,-15.115333800705905
70,contingent,node-021,25.06038080942663,84.46834926436358,116.95441344448844,25060.380809426628,84468.34926436358,116954.41344448844,0.0,0.0,8715.586083644232,409.8569614327359,0.95,-347.9833062099404,0.0,0.0
70,contingent,node-022,0.0,0.0,0.0,0.0,0.0,0.0,0.0,0.0,8715.586083644232,409.8569614327359,0.95,0.0,0.0,0.0
70,contingent,node-023,0.0,0.0,0.0,0.0,0.0,0.0,0.0,0.0,8715.586083644232,409.8569614327359,0.95,-346.676577372604,0.0,0.0
70,contingent,node-024,0.0,0.0,36.16840288927994,0.0,0.0,36168.40288927994,0.0,0.0,8715.586083644232,409.8569614327359,0.95,-492.7632204883385,0.0,0.0
70,contingent,node-025,0.0,26.47167161888133,70.92626261689914,0.0,0.12231563620893798,0.3277235778990389,72.14033146632418,216.42099439897254,8715.586083644232,409.8569614327359,0.95,-366.14289059545234,-21.64209943989725,-72.14033146632418
70,contingent,node-026,0.0,0.0,17.276333274450145,0.0,0.0,17276.333274450146,0.0,0.0,8715.586083644232,409.8569614327359,0.95,-542.7866480136597,0.0,0.0
70,contingent,node-027,0.0,53.048784041498934,53.048784041498934,0.0,53048.78404149893,53048.78404149893,0.0,0.0,8715.586083644232,409.8569614327359,0.95,-421.95413721110936,0.0,0.0
70,contingent,node-028,0.0,0.0,0.0,0.0,0.0,0.0,0.0,0.0,8715.586083644232,409.8569614327359,0.95,0.0,0.0,0.0
70,contingent,node-029,0.0,0.0,0.0,0.0,0.0,0.0,0.0,0.0,8715.586083644232,409.8569614327359,0.95,0.0,0.0,0.0
70,capped,node-000,0.0,0.0,0.0,0.0,0.0,0.0,0.0,0.0,8715.586083644232,414.5508025855727,0.95,0.0,0.0,0.0
70,capped,node-001,0.0,0.0,0.0,0.0,0.0,0.0,0.0,0.0,8715.586083644232,414.5508025855727,0.95,-92.53644610945585,0.0,0.0
70,capped,node-002,0.0,0.0,0.0,0.0,0.0,0.0,0.0,0.0,8715.586083644232,414.5508025855727,0.95,0.0,0.0,0.0
70,capped,node-003,0.0,0.0,34.742212744367336,0.0,0.0,34742.21274436734,0.0,0.0,8715.586083644232,414.5508025855727,0.95,-116.75418266117902,0.0,0.0
70,capped,node-004,0.0,116.31709251302108,172.2032548153409,0.0,116317.09251302108,172203.2548153409,0.0,0.0,8715.586083644232,414.5508025855727,0.95,-62.40084956316145,0.0,0.0
70,capped,node-005,0.0,0.0,0.0,0.0,0.0,0.0,0.0,0.0,8715.586083644232,414.5508025855727,0.95,0.0,0.0,0.0
70,capped,node-006,0.0,0.0,0.0,0.0,0.0,0.0,0.0,0.0,8715.586083644232,414.5508025855727,0.95,0.0,0.0,0.0
70,capped,node-007,0.0,0.0,0.0,0.0,0.0,0.0,0.0,0.0,8715.586083644232,414.5508025855727,0.95,-84.82562289635868,0.0,0.0
70,capped,node-008,0.0,95.15502420997034,194.80433990455197,0.0,95155.02420997033,194804.33990455198,0.0,0.0,8715.586083644232,414.5508025855727,0.95,-51.98711036411498,0.0,0.0
70,capped,node-009,5.465445028993013,94.53307974318025,279.33136667886936,5465.445028993013,94533.07974318025,279331.36667886935,0.0,0.0,8715.586083644232,414.5508025855727,0.95,-47.26653987159011,0.0,0.0
70,capped,node-010,0.0,0.0,12.50338001959284,0.0,0.0,12503.38001959284,0.0,0.0,8715.586083644232,414.5508025855727,0.95,-85.22899183462918,0.0,0.0
70,capped,node-011,0.0,0.0,0.0,0.0,0.0,0.0,0.0,0.0,8715.586083644232,414.5508025855727,0.95,0.0,0.0,0.0
70,capped,node-012,0.0,0.0,0.0,0.0,0.0,0.0,0.0,0.0,8715.586083644232,414.5508025855727,0.95,-62.471302293228405,0.0,0.0
70,capped,node-013,0.0,0.0,0.0,0.0,0.0,0.0,0.0,0.0,8715.586083644232,414.5508025855727,0.95,-101.89748636795814,0.0,0.0
70,capped,node-014,0.0,0.0,0.0,0.0,0.0,0.0,0.0,0.0,8715.586083644232,414.5508025855727,0.95,0.0,0.0,0.0
70,capped,node-015,0.0,94.76525775203058,151.71460323631155,0.0,94765.25775203058,151714.60323631155,0.0,0.0,8715.586083644232,414.5508025855727,0.95,-63.28320891812008,0.0,0.0
70,capped,node-016,0.0,45.04531157476018,60.15032989762621,0.0,0.29483040462724747,0.3936957139867219,50.92793559482749,152.78380678448252,8715.586083644232,414.5508025855727,0.95,-156.05565317602324,2.320533094755021,-50.92793559482749
70,capped,node-017,1.5190786389429345,96.52426648331465,309.91556609347924,1519.0786389429345,96524.26648331464,309915.5660934792,0.0,0.0,8715.586083644232,414.5508025855727,0.95,-55.36268030929296,0.0,0.0
70,capped,node-018,0.0,0.0,0.0,0.0,0.0,0.0,0.0,0.0,8715.586083644232,414.5508025855727,0.95,-124.504746062566,0.0,0.0
70,capped,node-019,0.0,65.0216965578248,65.0216965578248,0.0,65021.6965578248,65021.6965578248,0.0,0.0,8715.586083644232,414.5508025855727,0.95,-105.37876551658375,0.0,0.0
70,capped,node-020,0.0,73.21844674775491,233.16737659358225,0.0,1.6146615905219708,5.141961129624387,15.115333800705905,45.346001402117714,8715.586083644232,414.5508025855727,0.95,-59.2822240749363,0.2883713317626455,-15.115333800705905
70,capped,node-021,25.06038080942663,84.46834926436358,116.95441344448844,25060.380809426628,84468.34926436358,116954.41344448844,0.0,0.0,8715.586083644232,414.5508025855727,0.95,-86.9958265524851,0.0,0.0
70,capped,node-022,0.0,0.0,0.0,0.0,0.0,0.0,0.0,0.0,8715.586083644232,414.5508025855727,0.95,0.0,0.0,0.0
70,capped,node-023,0.0,0.0,0.0,0.0,0.0,0.0,0.0,0.0,8715.586083644232,414.5508025855727,0.95,-86.66914434315102,0.0,0.0
70,capped,node-024,0.0,0.0,36.16840288927994,0.0,0.0,36168.40288927994,0.0,0.0,8715.586083644232,414.5508025855727,0.95,-123.19080512208463,0.0,0.0
70,capped,node-025,0.0,26.47167161888133,70.92626261689914,0.0,0.12231563620893798,0.3277235778990389,72.14033146632418,216.42099439897254,8715.586083644232,414.5508025855727,0.95,-145.64097124860623,-21.64209943989725,-72.14033146632418
70,capped,node-026,0.0,0.0,17.276333274450145,0.0,0.0,17276.333274450146,0.0,0.0,8715.586083644232,414.5508025855727,0.95,-135.69666200341496,0.0,0.0
70,capped,node-027,0.0,77.43837411146906,77.43837411146906,0.0,77438.37411146906,77438.37411146906,0.0,0.0,8715.586083644232,414.5508025855727,0.95,-105.48853430277735,0.0,0.0
70,capped,node-028,0.0,0.0,0.0,0.0,0.0,0.0,0.0,0.0,8715.586083644232,414.5508025855727,0.95,0.0,0.0,0.0
70,capped,node-029,0.0,0.0,0.0,0.0,0.0,0.0,0.0,0.0,8715.586083644232,414.5508025855727,0.95,0.0,0.0,0.0
70,proper_scoring,node-000,0.0,0.0,0.0,0.0,0.0,0.0,0.0,0.0,8715.586083644232,1354.6124395677637,0.95,0.0,0.0,0.0
70,proper_scoring,node-001,0.0,0.0,7.463553890544148,0.0,0.0,7463.553890544148,0.0,0.0,8715.586083644232,1354.6124395677637,0.95,-292.5364461094558,0.0,0.0
70,proper_scoring,node-002,0.0,0.0,0.0,0.0,0.0,0.0,0.0,0.0,8715.586083644232,1354.6124395677637,0.95,0.0,0.0,0.0
70,proper_scoring,node-003,0.0,0.0,346.89937081615733,0.0,0.0,346899.3708161573,0.0,0.0,8715.586083644232,1354.6124395677637,0.95,-424.4549230518595,0.0,0.0
70,proper_scoring,node-004,0.0,412.5713946573994,522.2032548153409,0.0,412571.3946573994,522203.25481534086,0.0,0.0,8715.586083644232,1354.6124395677637,0.95,-249.6033982526458,0.0,0.0
70,proper_scoring,node-005,0.0,0.0,0.0,0.0,0.0,0.0,0.0,0.0,8715.586083644232,1354.6124395677637,0.95,0.0,0.0,0.0
70,proper_scoring,node-006,0.0,0.0,0.0,0.0,0.0,0.0,0.0,0.0,8715.586083644232,1354.6124395677637,0.95,0.0,0.0,0.0
70,proper_scoring,node-007,0.0,0.0,188.28391641918287,0.0,0.0,188283.91641918287,0.0,0.0,8715.586083644232,1354.6124395677637,0.95,-326.0494948771609,0.0,0.0
70,proper_scoring,node-008,0.0,388.67059161486856,394.80433990455197,0.0,388670.59161486855,394804.339904552,0.0,0.0,8715.586083644232,1354.6124395677637,0.95,-207.94844145645993,0.0,0.0
70,proper_scoring,node-009,135.5889568209683,274.01931600593036,327.29068487900304,135588.95682096828,274019.31600593036,327290.68487900303,0.0,0.0,8715.586083644232,1354.6124395677637,0.95,-189.06615948636048,0.0,0.0
70,proper_scoring,node-010,0.0,0.0,114.77100816537082,0.0,0.0,114771.00816537082,0.0,0.0,8715.586083644232,1354.6124395677637,0.95,-285.22899183462914,0.0,0.0
70,proper_scoring,node-011,0.0,0.0,0.0,0.0,0.0,0.0,0.0,0.0,8715.586083644232,1354.6124395677637,0.95,0.0,0.0,0.0
70,proper_scoring,node-012,0.0,0.0,37.528697706771595,0.0,0.0,37528.69770677159,0.0,0.0,8715.586083644232,1354.6124395677637,0.95,-162.4713022932284,0.0,0.0
70,proper_scoring,node-013,0.0,0.0,0.0,0.0,0.0,0.0,0.0,0.0,8715.586083644232,1354.6124395677637,0.95,-301.8974863679581,0.0,0.0
70,proper_scoring,node-014,0.0,0.0,0.0,0.0,0.0,0.0,0.0,0.0,8715.586083644232,1354.6124395677637,0.95,0.0,0.0,0.0
70,proper_scoring,node-015,86.24487344939087,348.0315474138285,446.5913217054085,86244.87344939087,348031.5474138285,446591.3217054085,0.0,0.0,8715.586083644232,1354.6124395677637,0.95,-253.13283567248033,0.0,0.0
70,proper_scoring,node-016,87.888078831097,197.97820365204586,205.74227556126516,0.11052920454852577,0.24897999431367862,0.25874419332220133,693.3012023647051,795.15707355436,8715.586083644232,1354.6124395677637,0.95,-1086.3143534029646,102.33870304430229,-693.3012023647051
70,proper_scoring,node-017,488.56472558084454,655.2380283960514,739.4992735178216,488564.7255808445,655238.0283960514,739499.2735178216,0.0,0.0,8715.586083644232,1354.6124395677637,0.95,-221.45072123717182,0.0,0.0
70,proper_scoring,node-018,200.88707471828405,0.0,325.495253937434,200887.07471828404,0.0,325495.25393743394,0.0,0.0,8715.586083644232,1354.6124395677637,0.95,-440.85969126673666,0.0,0.0
70,proper_scoring,node-019,220.7766373977975,165.02169655782478,344.6212344834162,220776.6373977975,165021.6965578248,344621.2344834162,0.0,0.0,8715.586083644232,1354.6124395677637,0.95,-418.67552561267024,0.0,0.0
70,proper_scoring,node-020,249.46395883266476,474.8108506299026,541.6761315994278,1.735358023287103,3.3029493440255853,3.7680874840309957,113.5229299185581,143.7535975199699,8715.586083644232,1354.6124395677637,0.95,-290.19049101547967,49.49216939068876,-113.5229299185581
70,proper_scoring,node-021,368.43427195159256,284.4683492643636,413.0041734475149,368434.2719515925,284468.3492643636,413004.1734475149,0.0,0.0,8715.586083644232,1354.6124395677637,0.95,-347.9833062099404,0.0,0.0
70,proper_scoring,node-022,0.0,0.0,0.0,0.0,0.0,0.0,0.0,0.0,8715.586083644232,1354.6124395677637,0.95,0.0,0.0,0.0
70,proper_scoring,node-023,0.0,0.0,63.33085565684897,0.0,0.0,63330.855656848966,0.0,0.0,8715.586083644232,1354.6124395677637,0.95,-236.66914434315103,0.0,0.0
70,proper_scoring,node-024,0.0,0.0,236.16840288927995,0.0,0.0,236168.40288927994,0.0,0.0,8715.586083644232,1354.6124395677637,0.95,-466.2834813683834,0.0,0.0
70,proper_scoring,node-025,153.28018989308538,127.19089752442028,212.39430573693005,0.36872633582627296,0.3059666981581036,0.5109295216777144,271.42110556078524,415.70176849343363,8715.586083644232,1354.6124395677637,0.95,-565.4236646899134,-21.642099439897237,-271.42110556078524
70,proper_scoring,node-026,240.92926049426652,0.0,364.303337996585,240929.26049426652,0.0,364303.337996585,0.0,0.0,8715.586083644232,1354.6124395677637,0.95,-481.3679079060176,0.0,0.0
70,proper_scoring,node-027,0.0,353.04878404149895,535.2708435117432,0.0,353048.78404149896,535270.8435117432,0.0,0.0,8715.586083644232,1354.6124395677637,0.95,-401.85989503066014,0.0,0.0
70,proper_scoring,node-028,0.0,0.0,0.0,0.0,0.0,0.0,0.0,0.0,8715.586083644232,1354.6124395677637,0.95,0.0,0.0,0.0
70,proper_scoring,node-029,0.0,0.0,0.0,0.0,0.0,0.0,0.0,0.0,8715.586083644232,1354.6124395677637,0.95,0.0,0.0,0.0
70,audits,node-000,0.0,0.0,0.0,0.0,0.0,0.0,0.0,0.0,8715.586083644232,1318.5802964274671,0.95,0.0,0.0,0.0
70,audits,node-001,0.0,0.0,7.463553890544148,0.0,0.0,7463.553890544148,0.0,0.0,8715.586083644232,1318.5802964274671,0.95,-792.5364461094557,0.0,0.0
70,audits,node-002,0.0,0.0,0.0,0.0,0.0,0.0,0.0,0.0,8715.586083644232,1318.5802964274671,0.95,0.0,0.0,0.0
70,audits,node-003,0.0,0.0,334.7422127443673,0.0,0.0,334742.2127443673,0.0,0.0,8715.586083644232,1318.5802964274671,0.95,-1116.7541826611791,0.0,0.0
70,audits,node-004,0.0,366.3170925130211,522.2032548153409,0.0,366317.09251302114,522203.25481534086,0.0,0.0,8715.586083644232,1318.5802964274671,0.95,-1062.4008495631615,0.0,0.0
70,audits,node-005,0.0,0.0,0.0,0.0,0.0,0.0,0.0,0.0,8715.586083644232,1318.5802964274671,0.95,0.0,0.0,0.0
70,audits,node-006,0.0,0.0,0.0,0.0,0.0,0.0,0.0,0.0,8715.586083644232,1318.5802964274671,0.95,0.0,0.0,0.0
70,audits,node-007,0.0,0.0,165.17437710364132,0.0,0.0,165174.3771036413,0.0,0.0,8715.586083644232,1318.5802964274671,0.95,-934.8256228963586,0.0,0.0
70,audits,node-008,0.0,345.1550242099703,394.80433990455197,0.0,345155.02420997026,394804.339904552,0.0,0.0,8715.586083644232,1318.5802964274671,0.95,-1051.9871103641149,0.0,0.0
70,audits,node-009,73.03298945878605,0.0,73.03298945878605,73032.98945878605,0.0,73032.98945878605,0.0,0.0,8715.586083644232,1318.5802964274671,0.95,-1047.26653987159,0.0,0.0
70,audits,node-010,0.0,0.0,114.77100816537082,0.0,0.0,114771.00816537082,0.0,0.0,8715.586083644232,1318.5802964274671,0.95,-785.2289918346291,0.0,0.0
70,audits,node-011,0.0,0.0,0.0,0.0,0.0,0.0,0.0,0.0,8715.586083644232,1318.5802964274671,0.95,0.0,0.0,0.0
70,audits,node-012,0.0,0.0,37.528697706771595,0.0,0.0,37528.69770677159,0.0,0.0,8715.586083644232,1318.5802964274671,0.95,-162.4713022932284,0.0,0.0
70,audits,node-013,0.0,0.0,0.0,0.0,0.0,0.0,0.0,0.0,8715.586083644232,1318.5802964274671,0.95,-801.8974863679581,0.0,0.0
70,audits,node-014,0.0,0.0,0.0,0.0,0.0,0.0,0.0,0.0,8715.586083644232,1318.5802964274671,0.95,0.0,0.0,0.0
70,audits,node-015,86.24487344939087,344.76525775203055,431.6416044590601,86244.87344939087,344765.25775203056,431641.60445906006,0.0,0.0,8715.586083644232,1318.5802964274671,0.95,-1063.2832089181202,0.0,0.0
70,audits,node-016,85.54115825467863,188.70418794517911,195.29479956618923,0.11268390066970971,0.24858120236184406,0.25726305610812433,657.2690592244086,759.1249304140636,8715.586083644232,1318.5802964274671,0.95,-2262.396776805604,101.86931892901862,-657.2690592244086
70,audits,node-017,432.9781961091911,546.5242664833147,576.9918606085429,432978.1961091911,546524.2664833147,576991.8606085429,0.0,0.0,8715.586083644232,1318.5802964274671,0.95,-1555.362680309293,0.0,0.0
70,audits,node-018,200.88707471828405,0.0,325.495253937434,200887.07471828404,0.0,325495.25393743394,0.0,0.0,8715.586083644232,1318.5802964274671,0.95,-1074.504746062566,0.0,0.0
70,audits,node-019,220.7766373977975,165.02169655782478,344.6212344834162,220776.6373977975,165021.6965578248,344621.2344834162,0.0,0.0,8715.586083644232,1318.5802964274671,0.95,-1055.3787655165838,0.0,0.0
70,audits,node-020,249.46395883266476,474.8108506299026,541.6761315994278,1.735358023287103,3.3029493440255853,3.7680874840309957,113.5229299185581,143.7535975199699,8715.586083644232,1318.5802964274671,0.95,-1157.6898201927884,49.49216939068876,-113.5229299185581
70,audits,node-021,368.43427195159256,284.4683492643636,413.0041734475149,368434.2719515925,284468.3492643636,413004.1734475149,0.0,0.0,8715.586083644232,1318.5802964274671,0.95,-1086.995826552485,0.0,0.0
70,audits,node-022,0.0,0.0,0.0,0.0,0.0,0.0,0.0,0.0,8715.586083644232,1318.5802964274671,0.95,0.0,0.0,0.0
70,audits,node-023,0.0,0.0,63.33085565684897,0.0,0.0,63330.855656848966,0.0,0.0,8715.586083644232,1318.5802964274671,0.95,-236.66914434315103,0.0,0.0
70,audits,node-024,0.0,0.0,236.16840288927995,0.0,0.0,236168.40288927994,0.0,0.0,8715.586083644232,1318.5802964274671,0.95,-1073.1908051220846,0.0,0.0
70,audits,node-025,153.28018989308538,127.19089752442028,212.39430573693005,0.36872633582627296,0.3059666981581036,0.5109295216777144,271.42110556078524,415.70176849343363,8715.586083644232,1318.5802964274671,0.95,-1344.9217453430674,-21.642099439897237,-271.42110556078524
70,audits,node-026,240.92926049426652,0.0,364.303337996585,240929.26049426652,0.0,364303.337996585,0.0,0.0,8715.586083644232,1318.5802964274671,0.95,-1135.6966620034148,0.0,0.0
70,audits,node-027,0.0,327.4383741114691,497.46563854672837,0.0,327438.3741114691,497465.63854672835,0.0,0.0,8715.586083644232,1318.5802964274671,0.95,-1505.4885343027777,0.0,0.0
70,audits,node-028,0.0,0.0,0.0,0.0,0.0,0.0,0.0,0.0,8715.586083644232,1318.5802964274671,0.95,0.0,0.0,0.0
70,audits,node-029,0.0,0.0,0.0,0.0,0.0,0.0,0.0,0.0,8715.586083644232,1318.5802964274671,0.95,0.0,0.0,0.0
69,greedy,node-000,0.0,0.0,0.0,0.0,0.0,0.0,0.0,0.0,8909.949736086965,166.8268844461689,1.0,0.0,0.0,0.0
69,greedy,node-001,0.0,0.0,0.0,0.0,0.0,0.0,0.0,0.0,8909.949736086965,166.8268844461689,1.0,0.0,0.0,0.0
69,greedy,node-002,0.0,0.0,0.0,0.0,0.0,0.0,0.0,0.0,8909.949736086965,166.8268844461689,1.0,0.0,0.0,0.0
69,greedy,node-003,0.0,0.0,0.0,0.0,0.0,0.0,0.0,0.0,8909.949736086965,166.8268844461689,1.0,0.0,0.0,0.0
69,greedy,node-004,0.0,0.0,0.0,0.0,0.0,0.0,0.0,0.0,8909.949736086965,166.8268844461689,1.0,0.0,0.0,0.0
69,greedy,node-005,0.0,0.0,0.0,0.0,0.0,0.0,0.0,0.0,8909.949736086965,166.8268844461689,1.0,0.0,0.0,0.0
69,greedy,node-006,0.0,0.0,0.0,0.0,0.0,0.0,0.0,0.0,8909.949736086965,166.8268844461689,1.0,0.0,0.0,0.0
69,greedy,node-007,0.0,0.0,0.0,0.0,0.0,0.0,0.0,0.0,8909.949736086965,166.8268844461689,1.0,0.0,0.0,0.0
69,greedy,node-008,3.173469912550079,0.0,3.173469912550079,3173.469912550079,0.0,3173.469912550079,0.0,0.0,8909.949736086965,166.8268844461689,1.0,-20.568044227471233,0.0,0.0
69,greedy,node-009,5.519197370308969,0.0,5.519197370308969,5519.197370308969,0.0,5519.197370308969,0.0,0.0,8909.949736086965,166.8268844461689,1.0,-24.779599161085123,0.0,0.0
69,greedy,node-010,0.0,0.0,0.0,0.0,0.0,0.0,0.0,0.0,8909.949736086965,166.8268844461689,1.0,0.0,0.0,0.0
69,greedy,node-011,0.0,0.0,0.0,0.0,0.0,0.0,0.0,0.0,8909.949736086965,166.8268844461689,1.0,0.0,0.0,0.0
69,greedy,node-012,0.0,0.0,0.0,0.0,0.0,0.0,0.0,0.0,8909.949736086965,166.8268844461689,1.0,0.0,0.0,0.0
69,greedy,node-013,0.0,0.0,0.0,0.0,0.0,0.0,0.0,0.0,8909.949736086965,166.8268844461689,1.0,-10.32972155148017,0.0,0.0
69,greedy,node-014,0.0,0.0,0.0,0.0,0.0,0.0,0.0,0.0,8909.949736086965,166.8268844461689,1.0,0.0,0.0,0.0
69,greedy,node-015,0.0,0.0,0.0,0.0,0.0,0.0,0.0,0.0,8909.949736086965,166.8268844461689,1.0,0.0,0.0,0.0
69,greedy,node-016,0.0,0.0,0.0,0.0,0.0,0.0,0.0,0.0,8909.949736086965,166.8268844461689,1.0,0.0,0.0,0.0
69,greedy,node-017,0.0,0.0,0.0,0.0,0.0,0.0,0.0,0.0,8909.949736086965,166.8268844461689,1.0,0.0,0.0,0.0
69,greedy,node-018,0.0,0.0,0.0,0.0,0.0,0.0,0.0,0.0,8909.949736086965,166.8268844461689,1.0,0.0,0.0,0.0
69,greedy,node-019,0.0,0.0,0.0,0.0,0.0,0.0,0.0,0.0,8909.949736086965,166.8268844461689,1.0,0.0,0.0,0.0
69,greedy,node-020,0.0,0.0,0.0,0.0,0.0,0.0,0.0,0.0,8909.949736086965,166.8268844461689,1.0,0.0,0.0,0.0
69,greedy,node-021,0.0,0.0,0.0,0.0,0.0,0.0,0.0,0.0,8909.949736086965,166.8268844461689,1.0,0.0,0.0,0.0
69,greedy,node-022,0.0,0.0,0.0,0.0,0.0,0.0,0.0,0.0,8909.949736086965,166.8268844461689,1.0,0.0,0.0,0.0
69,greedy,node-023,0.0,0.0,0.0,0.0,0.0,0.0,0.0,0.0,8909.949736086965,166.8268844461689,1.0,0.0,0.0,0.0
69,greedy,node-024,23.541289414332596,0.0,23.541289414332596,0.1411120844969614,0.0,0.1411120844969614,55.60896148205629,166.8268844461689,8909.949736086965,166.8268844461689,1.0,-83.41344222308443,-16.682688444616886,-55.60896148205629
69,greedy,node-025,0.0,0.0,0.0,0.0,0.0,0.0,0.0,0.0,8909.949736086965,166.8268844461689,1.0,0.0,0.0,0.0
69,greedy,node-026,0.0,0.0,0.0,0.0,0.0,0.0,0.0,0.0,8909.949736086965,166.8268844461689,1.0,0.0,0.0,0.0
69,greedy,node-027,0.0,0.0,0.0,0.0,0.0,0.0,0.0,0.0,8909.949736086965,166.8268844461689,1.0,0.0,0.0,0.0
69,greedy,node-028,0.0,0.0,0.0,0.0,0.0,0.0,0.0,0.0,8909.949736086965,166.8268844461689,1.0,0.0,0.0,0.0
69,greedy,node-029,0.0,0.0,0.0,0.0,0.0,0.0,0.0,0.0,8909.949736086965,166.8268844461689,1.0,0.0,0.0,0.0
69,trust_vcg,node-000,0.0,0.0,0.0,0.0,0.0,0.0,0.0,0.0,8909.949736086965,1166.375112285943,1.0,0.0,0.0,0.0
69,trust_vcg,node-001,0.0,0.0,75.15597858940976,0.0,0.0,75155.97858940976,0.0,0.0,8909.949736086965,1166.375112285943,1.0,-1124.8440214105901,0.0,0.0
69,trust_vcg,node-002,0.0,0.0,0.0,0.0,0.0,0.0,0.0,0.0,8909.949736086965,1166.375112285943,1.0,0.0,0.0,0.0
69,trust_vcg,node-003,0.0,0.0,0.0,0.0,0.0,0.0,0.0,0.0,8909.949736086965,1166.375112285943,1.0,0.0,0.0,0.0
69,trust_vcg,node-004,0.0,0.0,0.0,0.0,0.0,0.0,0.0,0.0,8909.949736086965,1166.375112285943,1.0,0.0,0.0,0.0
69,trust_vcg,node-005,0.0,0.0,0.0,0.0,0.0,0.0,0.0,0.0,8909.949736086965,1166.375112285943,1.0,0.0,0.0,0.0
69,trust_vcg,node-006,0.0,0.0,74.23478787544492,0.0,0.0,74234.78787544492,0.0,0.0,8909.949736086965,1166.375112285943,1.0,-1125.765212124555,0.0,0.0
69,trust_vcg,node-007,0.0,0.0,0.0,0.0,0.0,0.0,0.0,0.0,8909.949736086965,1166.375112285943,1.0,0.0,0.0,0.0
69,trust_vcg,node-008,0.0,182.96636702339603,319.14170941972543,0.0,182966.36702339601,319141.7094197254,0.0,0.0,8909.949736086965,1166.375112285943,1.0,-3880.858290580274,0.0,0.0
69,trust_vcg,node-009,0.0,180.81223536840903,312.38979958054256,0.0,180812.23536840902,312389.79958054255,0.0,0.0,8909.949736086965,1166.375112285943,1.0,-5534.6913614604055,0.0,0.0
69,trust_vcg,node-010,0.0,0.0,0.0,0.0,0.0,0.0,0.0,0.0,8909.949736086965,1166.375112285943,1.0,0.0,0.0,0.0
69,trust_vcg,node-011,0.0,0.0,0.0,0.0,0.0,0.0,0.0,0.0,8909.949736086965,1166.375112285943,1.0,0.0,0.0,0.0
69,trust_vcg,node-012,0.0,0.0,0.0,0.0,0.0,0.0,0.0,0.0,8909.949736086965,1166.375112285943,1.0,0.0,0.0,0.0
69,trust_vcg,node-013,0.0,0.0,167.07021777114818,0.0,0.0,167070.21777114816,0.0,0.0,8909.949736086965,1166.375112285943,1.0,-2232.9297822288518,0.0,0.0
69,trust_vcg,node-014,0.0,0.0,0.0,0.0,0.0,0.0,0.0,0.0,8909.949736086965,1166.375112285943,1.0,0.0,0.0,0.0
69,trust_vcg,node-015,0.0,0.0,0.0,0.0,0.0,0.0,0.0,0.0,8909.949736086965,1166.375112285943,1.0,0.0,0.0,0.0
69,trust_vcg,node-016,0.0,0.0,0.0,0.0,0.0,0.0,0.0,0.0,8909.949736086965,1166.375112285943,1.0,0.0,0.0,0.0
69,trust_vcg,node-017,0.0,0.0,0.0,0.0,0.0,0.0,0.0,0.0,8909.949736086965,1166.375112285943,1.0,0.0,0.0,0.0
69,trust_vcg,node-018,0.0,0.0,165.16880312641234,0.0,0.0,165168.80312641233,0.0,0.0,8909.949736086965,1166.375112285943,1.0,-2234.831196873588,0.0,0.0
69,trust_vcg,node-019,0.0,0.0,0.0,0.0,0.0,0.0,0.0,0.0,8909.949736086965,1166.375112285943,1.0,0.0,0.0,0.0
69,trust_vcg,node-020,0.0,0.0,0.0,0.0,0.0,0.0,0.0,0.0,8909.949736086965,1166.375112285943,1.0,0.0,0.0,0.0
69,trust_vcg,node-021,0.0,0.0,0.0,0.0,0.0,0.0,0.0,0.0,8909.949736086965,1166.375112285943,1.0,0.0,0.0,0.0
69,trust_vcg,node-022,0.0,0.0,0.0,0.0,0.0,0.0,0.0,0.0,8909.949736086965,1166.375112285943,1.0,0.0,0.0,0.0
69,trust_vcg,node-023,0.0,0.0,0.0,0.0,0.0,0.0,0.0,0.0,8909.949736086965,1166.375112285943,1.0,0.0,0.0,0.0
69,trust_vcg,node-024,166.82688444616883,0.4517721602258007,167.27865660639463,0.14303021617051645,0.00038733007543378234,0.14341754624595024,1055.1571893218304,1166.375112285943,8909.949736086965,1166.375112285943,1.0,-12082.96167006286,-16.682688444616815,-435.2221955503825
69,trust_vcg,node-025,0.0,0.0,0.0,0.0,0.0,0.0,0.0,0.0,8909.949736086965,1166.375112285943,1.0,0.0,0.0,0.0
69,trust_vcg,node-026,0.0,0.0,75.88777759598389,0.0,0.0,75887.77759598389,0.0,0.0,8909.949736086965,1166.375112285943,1.0,-1124.1122224040162,0.0,0.0
69,trust_vcg,node-027,0.0,0.0,0.0,0.0,0.0,0.0,0.0,0.0,8909.949736086965,1166.375112285943,1.0,0.0,0.0,0.0
69,trust_vcg,node-028,0.0,0.0,0.0,0.0,0.0,0.0,0.0,0.0,8909.949736086965,1166.375112285943,1.0,0.0,0.0,0.0
69,trust_vcg,node-029,0.0,0.0,0.0,0.0,0.0,0.0,0.0,0.0,8909.949736086965,1166.375112285943,1.0,0.0,0.0,0.0
69,contingent,node-000,0.0,0.0,0.0,0.0,0.0,0.0,0.0,0.0,8909.949736086965,166.8268844461689,1.0,0.0,0.0,0.0
69,contingent,node-001,0.0,0.0,0.0,0.0,0.0,0.0,0.0,0.0,8909.949736086965,166.8268844461689,1.0,-99.37608564236095,0.0,0.0
69,contingent,node-002,0.0,0.0,0.0,0.0,0.0,0.0,0.0,0.0,8909.949736086965,166.8268844461689,1.0,0.0,0.0,0.0
69,contingent,node-003,0.0,0.0,0.0,0.0,0.0,0.0,0.0,0.0,8909.949736086965,166.8268844461689,1.0,0.0,0.0,0.0
69,contingent,node-004,0.0,0.0,0.0,0.0,0.0,0.0,0.0,0.0,8909.949736086965,166.8268844461689,1.0,0.0,0.0,0.0
69,contingent,node-005,0.0,0.0,0.0,0.0,0.0,0.0,0.0,0.0,8909.949736086965,166.8268844461689,1.0,0.0,0.0,0.0
69,contingent,node-006,0.0,0.0,0.0,0.0,0.0,0.0,0.0,0.0,8909.949736086965,166.8268844461689,1.0,-103.06084849822032,0.0,0.0
69,contingent,node-007,0.0,0.0,0.0,0.0,0.0,0.0,0.0,0.0,8909.949736086965,166.8268844461689,1.0,0.0,0.0,0.0
69,contingent,node-008,0.0,32.966367023396046,32.966367023396046,0.0,32966.367023396044,32966.367023396044,0.0,0.0,8909.949736086965,166.8268844461689,1.0,-123.43316232109835,0.0,0.0
69,contingent,node-009,0.0,30.812235368409045,30.812235368409045,0.0,30812.235368409045,30812.235368409045,0.0,0.0,8909.949736086965,166.8268844461689,1.0,-138.7654458416212,0.0,0.0
69,contingent,node-010,0.0,0.0,0.0,0.0,0.0,0.0,0.0,0.0,8909.949736086965,166.8268844461689,1.0,0.0,0.0,0.0
69,contingent,node-011,0.0,0.0,0.0,0.0,0.0,0.0,0.0,0.0,8909.949736086965,166.8268844461689,1.0,0.0,0.0,0.0
69,contingent,node-012,0.0,0.0,0.0,0.0,0.0,0.0,0.0,0.0,8909.949736086965,166.8268844461689,1.0,0.0,0.0,0.0
69,contingent,node-013,0.0,0.0,5.164860775740088,0.0,0.0,5164.860775740088,0.0,0.0,8909.949736086965,166.8268844461689,1.0,-131.71912891540717,0.0,0.0
69,contingent,node-014,0.0,0.0,0.0,0.0,0.0,0.0,0.0,0.0,8909.949736086965,166.8268844461689,1.0,0.0,0.0,0.0
69,contingent,node-015,0.0,0.0,0.0,0.0,0.0,0.0,0.0,0.0,8909.949736086965,166.8268844461689,1.0,0.0,0.0,0.0
69,contingent,node-016,0.0,0.0,0.0,0.0,0.0,0.0,0.0,0.0,8909.949736086965,166.8268844461689,1.0,0.0,0.0,0.0
69,contingent,node-017,0.0,0.0,0.0,0.0,0.0,0.0,0.0,0.0,8909.949736086965,166.8268844461689,1.0,0.0,0.0,0.0
69,contingent,node-018,0.0,0.0,0.0,0.0,0.0,0.0,0.0,0.0,8909.949736086965,166.8268844461689,1.0,-139.3247874943506,0.0,0.0
69,contingent,node-019,0.0,0.0,0.0,0.0,0.0,0.0,0.0,0.0,8909.949736086965,166.8268844461689,1.0,0.0,0.0,0.0
69,contingent,node-020,0.0,0.0,0.0,0.0,0.0,0.0,0.0,0.0,8909.949736086965,166.8268844461689,1.0,0.0,0.0,0.0
69,contingent,node-021,0.0,0.0,0.0,0.0,0.0,0.0,0.0,0.0,8909.949736086965,166.8268844461689,1.0,0.0,0.0,0.0
69,contingent,node-022,0.0,0.0,0.0,0.0,0.0,0.0,0.0,0.0,8909.949736086965,166.8268844461689,1.0,0.0,0.0,0.0
69,contingent,node-023,0.0,0.0,0.0,0.0,0.0,0.0,0.0,0.0,8909.949736086965,166.8268844461689,1.0,0.0,0.0,0.0
69,contingent,node-024,166.82688444616886,0.0,166.82688444616886,0.9999999999999998,0.0,0.9999999999999998,55.60896148205629,166.8268844461689,8909.949736086965,166.8268844461689,1.0,-166.82688444616886,-16.682688444616886,114.52932976149327
69,contingent,node-025,0.0,0.0,0.0,0.0,0.0,0.0,0.0,0.0,8909.949736086965,166.8268844461689,1.0,0.0,0.0,0.0
69,contingent,node-026,0.0,0.0,0.0,0.0,0.0,0.0,0.0,0.0,8909.949736086965,166.8268844461689,1.0,-96.44888961606445,0.0,0.0
69,contingent,node-027,0.0,0.0,0.0,0.0,0.0,0.0,0.0,0.0,8909.949736086965,166.8268844461689,1.0,0.0,0.0,0.0
69,contingent,node-028,0.0,0.0,0.0,0.0,0.0,0.0,0.0,0.0,8909.949736086965,166.8268844461689,1.0,0.0,0.0,0.0
69,contingent,node-029,0.0,0.0,0.0,0.0,0.0,0.0,0.0,0.0,8909.949736086965,166.8268844461689,1.0,0.0,0.0,0.0
69,capped,node-000,0.0,0.0,0.0,0.0,0.0,0.0,0.0,0.0,8909.949736086965,166.8268844461689,1.0,0.0,0.0,0.0
69,capped,node-001,0.0,0.0,0.0,0.0,0.0,0.0,0.0,0.0,8909.949736086965,166.8268844461689,1.0,-24.844021410590237,0.0,0.0
69,capped,node-002,0.0,0.0,0.0,0.0,0.0,0.0,0.0,0.0,8909.949736086965,166.8268844461689,1.0,0.0,0.0,0.0
69,capped,node-003,0.0,0.0,0.0,0.0,0.0,0.0,0.0,0.0,8909.949736086965,166.8268844461689,1.0,0.0,0.0,0.0
69,capped,node-004,0.0,0.0,0.0,0.0,0.0,0.0,0.0,0.0,8909.949736086965,166.8268844461689,1.0,0.0,0.0,0.0
69,capped,node-005,0.0,0.0,0.0,0.0,0.0,0.0,0.0,0.0,8909.949736086965,166.8268844461689,1.0,0.0,0.0,0.0
69,capped,node-006,0.0,0.0,0.0,0.0,0.0,0.0,0.0,0.0,8909.949736086965,166.8268844461689,1.0,-25.765212124555077,0.0,0.0
69,capped,node-007,0.0,0.0,0.0,0.0,0.0,0.0,0.0,0.0,8909.949736086965,166.8268844461689,1.0,0.0,0.0,0.0
69,capped,node-008,0.0,32.966367023396046,32.966367023396046,0.0,32966.367023396044,32966.367023396044,0.0,0.0,8909.949736086965,166.8268844461689,1.0,-30.858290580274588,0.0,0.0
69,capped,node-009,0.0,30.812235368409045,30.812235368409045,0.0,30812.235368409045,30812.235368409045,0.0,0.0,8909.949736086965,166.8268844461689,1.0,-34.6913614604053,0.0,0.0
69,capped,node-010,0.0,0.0,0.0,0.0,0.0,0.0,0.0,0.0,8909.949736086965,166.8268844461689,1.0,0.0,0.0,0.0
69,capped,node-011,0.0,0.0,0.0,0.0,0.0,0.0,0.0,0.0,8909.949736086965,166.8268844461689,1.0,0.0,0.0,0.0
69,capped,node-012,0.0,0.0,0.0,0.0,0.0,0.0,0.0,0.0,8909.949736086965,166.8268844461689,1.0,0.0,0.0,0.0
69,capped,node-013,0.0,0.0,5.164860775740088,0.0,0.0,5164.860775740088,0.0,0.0,8909.949736086965,166.8268844461689,1.0,-32.92978222885179,0.0,0.0
69,capped,node-014,0.0,0.0,0.0,0.0,0.0,0.0,0.0,0.0,8909.949736086965,166.8268844461689,1.0,0.0,0.0,0.0
69,capped,node-015,0.0,0.0,0.0,0.0,0.0,0.0,0.0,0.0,8909.949736086965,166.8268844461689,1.0,0.0,0.0,0.0
69,capped,node-016,0.0,0.0,0.0,0.0,0.0,0.0,0.0,0.0,8909.949736086965,166.8268844461689,1.0,0.0,0.0,0.0
69,capped,node-017,0.0,0.0,0.0,0.0,0.0,0.0,0.0,0.0,8909.949736086965,166.8268844461689,1.0,0.0,0.0,0.0
69,capped,node-018,0.0,0.0,0.0,0.0,0.0,0.0,0.0,0.0,8909.949736086965,166.8268844461689,1.0,-34.83119687358764,0.0,0.0
69,capped,node-019,0.0,0.0,0.0,0.0,0.0,0.0,0.0,0.0,8909.949736086965,166.8268844461689,1.0,0.0,0.0,0.0
69,capped,node-020,0.0,0.0,0.0,0.0,0.0,0.0,0.0,0.0,8909.949736086965,166.8268844461689,1.0,0.0,0.0,0.0
69,capped,node-021,0.0,0.0,0.0,0.0,0.0,0.0,0.0,0.0,8909.949736086965,166.8268844461689,1.0,0.0,0.0,0.0
69,capped,node-022,0.0,0.0,0.0,0.0,0.0,0.0,0.0,0.0,8909.949736086965,166.8268844461689,1.0,0.0,0.0,0.0
69,capped,node-023,0.0,0.0,0.0,0.0,0.0,0.0,0.0,0.0,8909.949736086965,166.8268844461689,1.0,0.0,0.0,0.0
69,capped,node-024,166.82688444616886,0.0,166.82688444616886,0.9999999999999998,0.0,0.9999999999999998,55.60896148205629,166.8268844461689,8909.949736086965,166.8268844461689,1.0,-83.41344222308443,-16.682688444616886,114.52932976149327
69,capped,node-025,0.0,0.0,0.0,0.0,0.0,0.0,0.0,0.0,8909.949736086965,166.8268844461689,1.0,0.0,0.0,0.0
69,capped,node-026,0.0,0.0,0.0,0.0,0.0,0.0,0.0,0.0,8909.949736086965,166.8268844461689,1.0,-24.11222240401611,0.0,0.0
69,capped,node-027,0.0,0.0,0.0,0.0,0.0,0.0,0.0,0.0,8909.949736086965,166.8268844461689,1.0,0.0,0.0,0.0
69,capped,node-028,0.0,0.0,0.0,0.0,0.0,0.0,0.0,0.0,8909.949736086965,166.8268844461689,1.0,0.0,0.0,0.0
69,capped,node-029,0.0,0.0,0.0,0.0,0.0,0.0,0.0,0.0,8909.949736086965,166.8268844461689,1.0,0.0,0.0,0.0
69,proper_scoring,node-000,0.0,0.0,0.0,0.0,0.0,0.0,0.0,0.0,8909.949736086965,1166.375112285943,1.0,0.0,0.0,0.0
69,proper_scoring,node-001,0.0,0.0,75.15597858940976,0.0,0.0,75155.97858940976,0.0,0.0,8909.949736086965,1166.375112285943,1.0,-99.37608564236095,0.0,0.0
69,proper_scoring,node-002,0.0,0.0,0.0,0.0,0.0,0.0,0.0,0.0,8909.949736086965,1166.375112285943,1.0,0.0,0.0,0.0
69,proper_scoring,node-003,0.0,0.0,0.0,0.0,0.0,0.0,0.0,0.0,8909.949736086965,1166.375112285943,1.0,0.0,0.0,0.0
69,proper_scoring,node-004,0.0,0.0,0.0,0.0,0.0,0.0,0.0,0.0,8909.949736086965,1166.375112285943,1.0,0.0,0.0,0.0
69,proper_scoring,node-005,0.0,0.0,0.0,0.0,0.0,0.0,0.0,0.0,8909.949736086965,1166.375112285943,1.0,0.0,0.0,0.0
69,proper_scoring,node-006,0.0,0.0,74.23478787544492,0.0,0.0,74234.78787544492,0.0,0.0,8909.949736086965,1166.375112285943,1.0,-103.06084849822032,0.0,0.0
69,proper_scoring,node-007,0.0,0.0,0.0,0.0,0.0,0.0,0.0,0.0,8909.949736086965,1166.375112285943,1.0,0.0,0.0,0.0
69,proper_scoring,node-008,0.0,182.96636702339603,319.14170941972543,0.0,182966.36702339601,319141.7094197254,0.0,0.0,8909.949736086965,1166.375112285943,1.0,-123.43316232109835,0.0,0.0
69,proper_scoring,node-009,0.0,180.81223536840903,407.4497035730724,0.0,180812.23536840902,407449.7035730724,0.0,0.0,8909.949736086965,1166.375112285943,1.0,-138.7654458416212,0.0,0.0
69,proper_scoring,node-010,0.0,0.0,0.0,0.0,0.0,0.0,0.0,0.0,8909.949736086965,1166.375112285943,1.0,0.0,0.0,0.0
69,proper_scoring,node-011,0.0,0.0,0.0,0.0,0.0,0.0,0.0,0.0,8909.949736086965,1166.375112285943,1.0,0.0,0.0,0.0
69,proper_scoring,node-012,0.0,0.0,0.0,0.0,0.0,0.0,0.0,0.0,8909.949736086965,1166.375112285943,1.0,0.0,0.0,0.0
69,proper_scoring,node-013,0.0,0.0,167.07021777114818,0.0,0.0,167070.21777114816,0.0,0.0,8909.949736086965,1166.375112285943,1.0,-131.71912891540717,0.0,0.0
69,proper_scoring,node-014,0.0,0.0,0.0,0.0,0.0,0.0,0.0,0.0,8909.949736086965,1166.375112285943,1.0,0.0,0.0,0.0
69,proper_scoring,node-015,0.0,0.0,0.0,0.0,0.0,0.0,0.0,0.0,8909.949736086965,1166.375112285943,1.0,0.0,0.0,0.0
69,proper_scoring,node-016,0.0,0.0,0.0,0.0,0.0,0.0,0.0,0.0,8909.949736086965,1166.375112285943,1.0,0.0,0.0,0.0
69,proper_scoring,node-017,0.0,0.0,0.0,0.0,0.0,0.0,0.0,0.0,8909.949736086965,1166.375112285943,1.0,0.0,0.0,0.0
69,proper_scoring,node-018,0.0,0.0,165.16880312641234,0.0,0.0,165168.80312641233,0.0,0.0,8909.949736086965,1166.375112285943,1.0,-139.3247874943506,0.0,0.0
69,proper_scoring,node-019,0.0,0.0,0.0,0.0,0.0,0.0,0.0,0.0,8909.949736086965,1166.375112285943,1.0,0.0,0.0,0.0
69,proper_scoring,node-020,0.0,0.0,0.0,0.0,0.0,0.0,0.0,0.0,8909.949736086965,1166.375112285943,1.0,0.0,0.0,0.0
69,proper_scoring,node-021,0.0,0.0,0.0,0.0,0.0,0.0,0.0,0.0,8909.949736086965,1166.375112285943,1.0,0.0,0.0,0.0
69,proper_scoring,node-022,0.0,0.0,0.0,0.0,0.0,0.0,0.0,0.0,8909.949736086965,1166.375112285943,1.0,0.0,0.0,0.0
69,proper_scoring,node-023,0.0,0.0,0.0,0.0,0.0,0.0,0.0,0.0,8909.949736086965,1166.375112285943,1.0,0.0,0.0,0.0
69,proper_scoring,node-024,166.82688444616883,0.4517721602258007,167.27865660639463,0.14303021617051645,0.00038733007543378234,0.14341754624595024,1055.1571893218304,1166.375112285943,8909.949736086965,1166.375112285943,1.0,-1166.375112285943,-16.682688444616815,-435.2221955503825
69,proper_scoring,node-025,0.0,0.0,0.0,0.0,0.0,0.0,0.0,0.0,8909.949736086965,1166.375112285943,1.0,0.0,0.0,0.0
69,proper_scoring,node-026,0.0,0.0,75.88777759598389,0.0,0.0,75887.77759598389,0.0,0.0,8909.949736086965,1166.375112285943,1.0,-96.44888961606445,0.0,0.0
69,proper_scoring,node-027,0.0,0.0,0.0,0.0,0.0,0.0,0.0,0.0,8909.949736086965,1166.375112285943,1.0,0.0,0.0,0.0
69,proper_scoring,node-028,0.0,0.0,0.0,0.0,0.0,0.0,0.0,0.0,8909.949736086965,1166.375112285943,1.0,0.0,0.0,0.0
69,proper_scoring,node-029,0.0,0.0,0.0,0.0,0.0,0.0,0.0,0.0,8909.949736086965,1166.375112285943,1.0,0.0,0.0,0.0
69,audits,node-000,0.0,0.0,0.0,0.0,0.0,0.0,0.0,0.0,8909.949736086965,1166.375112285943,1.0,0.0,0.0,0.0
69,audits,node-001,0.0,0.0,75.15597858940976,0.0,0.0,75155.97858940976,0.0,0.0,8909.949736086965,1166.375112285943,1.0,-124.84402141059024,0.0,0.0
69,audits,node-002,0.0,0.0,0.0,0.0,0.0,0.0,0.0,0.0,8909.949736086965,1166.375112285943,1.0,0.0,0.0,0.0
69,audits,node-003,0.0,0.0,0.0,0.0,0.0,0.0,0.0,0.0,8909.949736086965,1166.375112285943,1.0,0.0,0.0,0.0
69,audits,node-004,0.0,0.0,0.0,0.0,0.0,0.0,0.0,0.0,8909.949736086965,1166.375112285943,1.0,0.0,0.0,0.0
69,audits,node-005,0.0,0.0,0.0,0.0,0.0,0.0,0.0,0.0,8909.949736086965,1166.375112285943,1.0,0.0,0.0,0.0
69,audits,node-006,0.0,0.0,74.23478787544492,0.0,0.0,74234.78787544492,0.0,0.0,8909.949736086965,1166.375112285943,1.0,-125.76521212455508,0.0,0.0
69,audits,node-007,0.0,0.0,0.0,0.0,0.0,0.0,0.0,0.0,8909.949736086965,1166.375112285943,1.0,0.0,0.0,0.0
69,audits,node-008,0.0,182.96636702339603,319.14170941972543,0.0,182966.36702339601,319141.7094197254,0.0,0.0,8909.949736086965,1166.375112285943,1.0,-380.8582905802746,0.0,0.0
69,audits,node-009,0.0,180.81223536840903,365.30863853959465,0.0,180812.23536840902,365308.63853959466,0.0,0.0,8909.949736086965,1166.375112285943,1.0,-1034.6913614604055,0.0,0.0
69,audits,node-010,0.0,0.0,0.0,0.0,0.0,0.0,0.0,0.0,8909.949736086965,1166.375112285943,1.0,0.0,0.0,0.0
69,audits,node-011,0.0,0.0,0.0,0.0,0.0,0.0,0.0,0.0,8909.949736086965,1166.375112285943,1.0,0.0,0.0,0.0
69,audits,node-012,0.0,0.0,0.0,0.0,0.0,0.0,0.0,0.0,8909.949736086965,1166.375112285943,1.0,0.0,0.0,0.0
69,audits,node-013,0.0,0.0,167.07021777114818,0.0,0.0,167070.21777114816,0.0,0.0,8909.949736086965,1166.375112285943,1.0,-232.9297822288518,0.0,0.0
69,audits,node-014,0.0,0.0,0.0,0.0,0.0,0.0,0.0,0.0,8909.949736086965,1166.375112285943,1.0,0.0,0.0,0.0
69,audits,node-015,0.0,0.0,0.0,0.0,0.0,0.0,0.0,0.0,8909.949736086965,1166.375112285943,1.0,0.0,0.0,0.0
69,audits,node-016,0.0,0.0,0.0,0.0,0.0,0.0,0.0,0.0,8909.949736086965,1166.375112285943,1.0,0.0,0.0,0.0
69,audits,node-017,0.0,0.0,0.0,0.0,0.0,0.0,0.0,0.0,8909.949736086965,1166.375112285943,1.0,0.0,0.0,0.0
69,audits,node-018,0.0,0.0,165.16880312641234,0.0,0.0,165168.80312641233,0.0,0.0,8909.949736086965,1166.375112285943,1.0,-234.83119687358766,0.0,0.0
69,audits,node-019,0.0,0.0,0.0,0.0,0.0,0.0,0.0,0.0,8909.949736086965,1166.375112285943,1.0,0.0,0.0,0.0
69,audits,node-020,0.0,0.0,0.0,0.0,0.0,0.0,0.0,0.0,8909.949736086965,1166.375112285943,1.0,0.0,0.0,0.0
69,audits,node-021,0.0,0.0,0.0,0.0,0.0,0.0,0.0,0.0,8909.949736086965,1166.375112285943,1.0,0.0,0.0,0.0
69,audits,node-022,0.0,0.0,0.0,0.0,0.0,0.0,0.0,0.0,8909.949736086965,1166.375112285943,1.0,0.0,0.0,0.0
69,audits,node-023,0.0,0.0,0.0,0.0,0.0,0.0,0.0,0.0,8909.949736086965,1166.375112285943,1.0,0.0,0.0,0.0
69,audits,node-024,166.82688444616883,0.4517721602258007,167.27865660639463,0.14303021617051645,0.00038733007543378234,0.14341754624595024,1055.1571893218304,1166.375112285943,8909.949736086965,1166.375112285943,1.0,-3082.961670062859,-16.682688444616815,-435.2221955503825
69,audits,node-025,0.0,0.0,0.0,0.0,0.0,0.0,0.0,0.0,8909.949736086965,1166.375112285943,1.0,0.0,0.0,0.0
69,audits,node-026,0.0,0.0,75.88777759598389,0.0,0.0,75887.77759598389,0.0,0.0,8909.949736086965,1166.375112285943,1.0,-124.11222240401611,0.0,0.0
69,audits,node-027,0.0,0.0,0.0,0.0,0.0,0.0,0.0,0.0,8909.949736086965,1166.375112285943,1.0,0.0,0.0,0.0
69,audits,node-028,0.0,0.0,0.0,0.0,0.0,0.0,0.0,0.0,8909.949736086965,1166.375112285943,1.0,0.0,0.0,0.0
69,audits,node-029,0.0,0.0,0.0,0.0,0.0,0.0,0.0,0.0,8909.949736086965,1166.375112285943,1.0,0.0,0.0,0.0
71,greedy,node-000,0.0,0.0,0.0,0.0,0.0,0.0,0.0,0.0,8792.723186520785,253.95127510069685,0.95,0.0,0.0,0.0
71,greedy,node-001,0.0,0.0,0.0,0.0,0.0,0.0,0.0,0.0,8792.723186520785,253.95127510069685,0.95,0.0,0.0,0.0
71,greedy,node-002,0.0,0.0,0.0,0.0,0.0,0.0,0.0,0.0,8792.723186520785,253.95127510069685,0.95,0.0,0.0,0.0
71,greedy,node-003,0.0,0.0,0.0,0.0,0.0,0.0,0.0,0.0,8792.723186520785,253.95127510069685,0.95,0.0,0.0,0.0
71,greedy,node-004,0.0,0.0,0.0,0.0,0.0,0.0,0.0,0.0,8792.723186520785,253.95127510069685,0.95,0.0,0.0,0.0
71,greedy,node-005,0.0,0.0,0.0,0.0,0.0,0.0,0.0,0.0,8792.723186520785,253.95127510069685,0.95,0.0,0.0,0.0
71,greedy,node-006,0.0,0.0,0.0,0.0,0.0,0.0,0.0,0.0,8792.723186520785,253.95127510069685,0.95,0.0,0.0,0.0
71,greedy,node-007,0.0,0.0,0.0,0.0,0.0,0.0,0.0,0.0,8792.723186520785,253.95127510069685,0.95,0.0,0.0,0.0
71,greedy,node-008,0.0,0.0,0.0,0.0,0.0,0.0,0.0,0.0,8792.723186520785,253.95127510069685,0.95,-33.86367848646333,0.0,0.0
71,greedy,node-009,0.0,0.0,0.0,0.0,0.0,0.0,0.0,0.0,8792.723186520785,253.95127510069685,0.95,0.0,0.0,0.0
71,greedy,node-010,0.0,0.0,0.0,0.0,0.0,0.0,0.0,0.0,8792.723186520785,253.95127510069685,0.95,0.0,0.0,0.0
71,greedy,node-011,0.0,0.0,0.0,0.0,0.0,0.0,0.0,0.0,8792.723186520785,253.95127510069685,0.95,0.0,0.0,0.0
71,greedy,node-012,0.0,0.0,0.0,0.0,0.0,0.0,0.0,0.0,8792.723186520785,253.95127510069685,0.95,0.0,0.0,0.0
71,greedy,node-013,0.0,0.0,0.0,0.0,0.0,0.0,0.0,0.0,8792.723186520785,253.95127510069685,0.95,0.0,0.0,0.0
71,greedy,node-014,0.0,0.0,0.0,0.0,0.0,0.0,0.0,0.0,8792.723186520785,253.95127510069685,0.95,0.0,0.0,0.0
71,greedy,node-015,0.0,0.0,0.0,0.0,0.0,0.0,0.0,0.0,8792.723186520785,253.95127510069685,0.95,0.0,0.0,0.0
71,greedy,node-016,17.479792895435885,0.0,17.479792895435885,0.10105496571091446,0.0,0.10105496571091446,57.65770727665153,172.97312182995452,8792.723186520785,253.95127510069685,0.95,-100.99528052183067,-8.61015743064015,-57.65770727665153
71,greedy,node-017,0.0,0.0,0.0,0.0,0.0,0.0,0.0,0.0,8792.723186520785,253.95127510069685,0.95,0.0,0.0,0.0
71,greedy,node-018,0.0,0.0,0.0,0.0,0.0,0.0,0.0,0.0,8792.723186520785,253.95127510069685,0.95,0.0,0.0,0.0
71,greedy,node-019,0.0,0.0,0.0,0.0,0.0,0.0,0.0,0.0,8792.723186520785,253.95127510069685,0.95,0.0,0.0,0.0
71,greedy,node-020,0.0,0.0,0.0,0.0,0.0,0.0,0.0,0.0,8792.723186520785,253.95127510069685,0.95,0.0,0.0,0.0
71,greedy,node-021,0.0,0.0,0.0,0.0,0.0,0.0,26.99271775691411,80.97815327074234,8792.723186520785,253.95127510069685,0.95,-69.23196709342922,-0.6353098617852986,-26.99271775691411
71,greedy,node-022,0.0,0.0,0.0,0.0,0.0,0.0,0.0,0.0,8792.723186520785,253.95127510069685,0.95,0.0,0.0,0.0
71,greedy,node-023,0.0,0.0,0.0,0.0,0.0,0.0,0.0,0.0,8792.723186520785,253.95127510069685,0.95,0.0,0.0,0.0
71,greedy,node-024,0.0,0.0,0.0,0.0,0.0,0.0,0.0,0.0,8792.723186520785,253.95127510069685,0.95,0.0,0.0,0.0
71,greedy,node-025,0.0,0.0,0.0,0.0,0.0,0.0,0.0,0.0,8792.723186520785,253.95127510069685,0.95,0.0,0.0,0.0
71,greedy,node-026,0.0,0.0,0.0,0.0,0.0,0.0,0.0,0.0,8792.723186520785,253.95127510069685,0.95,-32.31272333958839,0.0,0.0
71,greedy,node-027,0.0,0.0,0.0,0.0,0.0,0.0,0.0,0.0,8792.723186520785,253.95127510069685,0.95,0.0,0.0,0.0
71,greedy,node-028,0.0,0.0,0.0,0.0,0.0,0.0,0.0,0.0,8792.723186520785,253.95127510069685,0.95,0.0,0.0,0.0
71,greedy,node-029,0.0,0.0,0.0,0.0,0.0,0.0,0.0,0.0,8792.723186520785,253.95127510069685,0.95,0.0,0.0,0.0
71,trust_vcg,node-000,0.0,0.0,0.0,0.0,0.0,0.0,0.0,0.0,8788.6737436072,664.6893720761574,0.95,0.0,0.0,0.0
71,trust_vcg,node-001,0.0,0.0,0.0,0.0,0.0,0.0,0.0,0.0,8788.6737436072,664.6893720761574,0.95,0.0,0.0,0.0
71,trust_vcg,node-002,0.0,235.5005676880217,235.5005676880217,0.0,235500.5676880217,235500.5676880217,0.0,0.0,8788.6737436072,664.6893720761574,0.95,-5034.249412307702,0.0,0.0
71,trust_vcg,node-003,0.0,0.0,68.49675724609826,0.0,0.0,68496.75724609825,0.0,0.0,8788.6737436072,664.6893720761574,0.95,-1731.5032427539018,0.0,0.0
71,trust_vcg,node-004,0.0,0.0,0.0,0.0,0.0,0.0,0.0,0.0,8788.6737436072,664.6893720761574,0.95,0.0,0.0,0.0
71,trust_vcg,node-005,0.0,0.0,119.41402516139146,0.0,0.0,119414.02516139146,0.0,0.0,8788.6737436072,664.6893720761574,0.95,-2272.583494476744,0.0,0.0
71,trust_vcg,node-006,0.0,0.0,0.0,0.0,0.0,0.0,0.0,0.0,8788.6737436072,664.6893720761574,0.95,-2289.930393094066,0.0,0.0
71,trust_vcg,node-007,0.0,0.0,0.0,0.0,0.0,0.0,0.0,0.0,8788.6737436072,664.6893720761574,0.95,0.0,0.0,0.0
71,trust_vcg,node-008,0.0,217.72735697292666,374.1066132167855,0.0,217727.35697292665,374106.6132167855,0.0,0.0,8788.6737436072,664.6893720761574,0.95,-5025.893386783215,0.0,0.0
71,trust_vcg,node-009,0.0,90.0276966431309,90.0276966431309,0.0,90027.6966431309,90027.6966431309,0.0,0.0,8788.6737436072,664.6893720761574,0.95,-2264.466891798542,0.0,0.0
71,trust_vcg,node-010,0.0,0.0,0.0,0.0,0.0,0.0,0.0,0.0,8788.6737436072,664.6893720761574,0.95,0.0,0.0,0.0
71,trust_vcg,node-011,0.0,0.0,0.0,0.0,0.0,0.0,0.0,0.0,8788.6737436072,664.6893720761574,0.95,-1737.7051883497452,0.0,0.0
71,trust_vcg,node-012,0.0,0.0,0.0,0.0,0.0,0.0,0.0,0.0,8788.6737436072,664.6893720761574,0.95,0.0,0.0,0.0
71,trust_vcg,node-013,0.0,0.0,126.27711593207113,0.0,0.0,126277.11593207113,0.0,0.0,8788.6737436072,664.6893720761574,0.95,-2273.722884067929,0.0,0.0
71,trust_vcg,node-014,0.0,0.0,123.11549254137536,0.0,0.0,123115.49254137535,0.0,0.0,8788.6737436072,664.6893720761574,0.95,-2276.8845074586243,0.0,0.0
71,trust_vcg,node-015,0.0,0.0,119.18915384644869,0.0,0.0,119189.15384644868,0.0,0.0,8788.6737436072,664.6893720761574,0.95,-2267.8509453132847,0.0,0.0
71,trust_vcg,node-016,130.01271973553764,0.0,199.4121886188559,0.1955992155094084,0.0,0.3000080894869612,491.33907909544087,664.6893720761574,8788.6737436072,664.6893720761574,0.95,-11534.676652340619,-26.002543947107426,-386.3829216274635
71,trust_vcg,node-017,0.0,0.0,0.0,0.0,0.0,0.0,0.0,0.0,8788.6737436072,664.6893720761574,0.95,0.0,0.0,0.0
71,trust_vcg,node-018,0.0,0.0,0.0,0.0,0.0,0.0,0.0,0.0,8788.6737436072,664.6893720761574,0.95,0.0,0.0,0.0
71,trust_vcg,node-019,0.0,0.0,0.0,0.0,0.0,0.0,0.0,0.0,8788.6737436072,664.6893720761574,0.95,-5583.229612850167,0.0,0.0
71,trust_vcg,node-020,0.0,89.9678249568303,175.6602990079646,0.0,89967.8249568303,175660.29900796458,0.0,0.0,8788.6737436072,664.6893720761574,0.95,-3384.5357882038275,0.0,0.0
71,trust_vcg,node-021,0.0,528.8070198663407,528.8070198663407,0.0,528807.0198663407,528807.0198663407,0.0,0.0,8788.6737436072,664.6893720761574,0.95,-5542.239249336515,0.0,0.0
71,trust_vcg,node-022,0.0,0.0,35.46498214482047,0.0,0.0,35464.98214482047,0.0,0.0,8788.6737436072,664.6893720761574,0.95,-1164.5350178551796,0.0,0.0
71,trust_vcg,node-023,0.0,83.34848034887754,172.24324643615552,0.0,83348.48034887754,172243.24643615552,0.0,0.0,8788.6737436072,664.6893720761574,0.95,-2248.760445189698,0.0,0.0
71,trust_vcg,node-024,0.0,0.0,0.0,0.0,0.0,0.0,0.0,0.0,8788.6737436072,664.6893720761574,0.95,0.0,0.0,0.0
71,trust_vcg,node-025,0.0,0.0,402.948490404064,0.0,0.0,402948.49040406395,0.0,0.0,8788.6737436072,664.6893720761574,0.95,-5597.051509595935,0.0,0.0
71,trust_vcg,node-026,0.0,264.6254466791768,437.87775364471975,0.0,264625.44667917676,437877.7536447197,0.0,0.0,8788.6737436072,664.6893720761574,0.95,-5562.12224635528,0.0,0.0
71,trust_vcg,node-027,32.208700523304685,163.77170919369973,227.73027140989808,32208.700523304684,163771.70919369973,227730.27140989807,0.0,0.0,8788.6737436072,664.6893720761574,0.95,-3373.454403356032,0.0,0.0
71,trust_vcg,node-028,0.0,0.0,11.094629642157201,0.0,0.0,11094.6296421572,0.0,0.0,8788.6737436072,664.6893720761574,0.95,-588.9053703578428,0.0,0.0
71,trust_vcg,node-029,0.0,0.0,0.0,0.0,0.0,0.0,0.0,0.0,8788.6737436072,664.6893720761574,0.95,0.0,0.0,0.0
71,contingent,node-000,0.0,0.0,0.0,0.0,0.0,0.0,0.0,0.0,8788.6737436072,254.95760045166548,0.95,0.0,0.0,0.0
71,contingent,node-001,0.0,0.0,0.0,0.0,0.0,0.0,0.0,0.0,8788.6737436072,254.95760045166548,0.95,0.0,0.0,0.0
71,contingent,node-002,0.0,85.50056768802168,85.50056768802168,0.0,85500.56768802168,85500.56768802168,0.0,0.0,8788.6737436072,254.95760045166548,0.95,-336.997649230813,0.0,0.0
71,contingent,node-003,0.0,0.0,0.0,0.0,0.0,0.0,0.0,0.0,8788.6737436072,254.95760045166548,0.95,-326.012971015607,0.0,0.0
71,contingent,node-004,0.0,0.0,0.0,0.0,0.0,0.0,0.0,0.0,8788.6737436072,254.95760045166548,0.95,0.0,0.0,0.0
71,contingent,node-005,0.0,0.0,0.0,0.0,0.0,0.0,0.0,0.0,8788.6737436072,254.95760045166548,0.95,-322.1838001245791,0.0,0.0
71,contingent,node-006,0.0,0.0,0.0,0.0,0.0,0.0,0.0,0.0,8788.6737436072,254.95760045166548,0.95,-359.72157237626334,0.0,0.0
71,contingent,node-007,0.0,0.0,0.0,0.0,0.0,0.0,0.0,0.0,8788.6737436072,254.95760045166548,0.95,0.0,0.0,0.0
71,contingent,node-008,0.0,67.72735697292666,83.9936305133159,0.0,67727.35697292666,83993.6305133159,0.0,0.0,8788.6737436072,254.95760045166548,0.95,-303.5735471328582,0.0,0.0
71,contingent,node-009,0.0,40.02769664313091,40.02769664313091,0.0,40027.696643130905,40027.696643130905,0.0,0.0,8788.6737436072,254.95760045166548,0.95,-257.86756719416576,0.0,0.0
71,contingent,node-010,0.0,0.0,0.0,0.0,0.0,0.0,0.0,0.0,8788.6737436072,254.95760045166548,0.95,0.0,0.0,0.0
71,contingent,node-011,0.0,0.0,0.0,0.0,0.0,0.0,0.0,0.0,8788.6737436072,254.95760045166548,0.95,-350.8207533989808,0.0,0.0
71,contingent,node-012,0.0,0.0,0.0,0.0,0.0,0.0,0.0,0.0,8788.6737436072,254.95760045166548,0.95,0.0,0.0,0.0
71,contingent,node-013,0.0,0.0,20.189778506940115,0.0,0.0,20189.778506940114,0.0,0.0,8788.6737436072,254.95760045166548,0.95,-294.89153627171544,0.0,0.0
71,contingent,node-014,0.0,0.0,21.376046803561053,0.0,0.0,21376.046803561054,0.0,0.0,8788.6737436072,254.95760045166548,0.95,-307.53802983449856,0.0,0.0
71,contingent,node-015,0.0,0.0,19.19068666570935,0.0,0.0,19190.68666570935,0.0,0.0,8788.6737436072,254.95760045166548,0.95,-280.2504320718479,0.0,0.0
71,contingent,node-016,182.5794096488754,0.0,249.00828220452917,0.7161167555916363,0.0,0.976665460309491,81.60730747094902,254.95760045166548,8788.6737436072,254.95760045166548,0.95,-254.95760045166557,-25.495760045166563,-276.6502213727849
71,contingent,node-017,0.0,0.0,0.0,0.0,0.0,0.0,0.0,0.0,8788.6737436072,254.95760045166548,0.95,0.0,0.0,0.0
71,contingent,node-018,0.0,0.0,0.0,0.0,0.0,0.0,0.0,0.0,8788.6737436072,254.95760045166548,0.95,0.0,0.0,0.0
71,contingent,node-019,0.0,15.464357676520784,15.464357676520784,0.0,15464.357676520784,15464.357676520784,0.0,0.0,8788.6737436072,254.95760045166548,0.95,-332.91845140066783,0.0,0.0
71,contingent,node-020,0.0,39.967824956830285,39.967824956830285,0.0,39967.824956830285,39967.824956830285,0.0,0.0,8788.6737436072,254.95760045166548,0.95,-338.14315281531026,0.0,0.0
71,contingent,node-021,0.0,78.80701986634077,151.12706668663895,0.0,78807.01986634076,151127.06668663895,0.0,0.0,8788.6737436072,254.95760045166548,0.95,-168.95699734606043,0.0,0.0
71,contingent,node-022,0.0,0.0,0.0,0.0,0.0,0.0,0.0,0.0,8788.6737436072,254.95760045166548,0.95,-258.1400714207182,0.0,0.0
71,contingent,node-023,0.0,33.3575904132566,33.3575904132566,0.0,33357.5904132566,33357.5904132566,0.0,0.0,8788.6737436072,254.95760045166548,0.95,-225.43895004681286,0.0,0.0
71,contingent,node-024,0.0,0.0,0.0,0.0,0.0,0.0,0.0,0.0,8788.6737436072,254.95760045166548,0.95,0.0,0.0,0.0
71,contingent,node-025,0.0,0.0,38.83377372942299,0.0,0.0,38833.77372942299,0.0,0.0,8788.6737436072,254.95760045166548,0.95,-388.2060383837436,0.0,0.0
71,contingent,node-026,0.0,64.62544667917676,129.90502731443885,0.0,64625.44667917676,129905.02731443885,0.0,0.0,8788.6737436072,254.95760045166548,0.95,-248.48898542112073,0.0,0.0
71,contingent,node-027,0.0,63.771709193699756,63.771709193699756,0.0,63771.70919369975,63771.70919369975,0.0,0.0,8788.6737436072,254.95760045166548,0.95,-293.81761342412716,0.0,0.0
71,contingent,node-028,0.0,0.0,0.0,0.0,0.0,0.0,0.0,0.0,8788.6737436072,254.95760045166548,0.95,-155.62148143137125,0.0,0.0
71,contingent,node-029,0.0,0.0,0.0,0.0,0.0,0.0,0.0,0.0,8788.6737436072,254.95760045166548,0.95,0.0,0.0,0.0
71,capped,node-000,0.0,0.0,0.0,0.0,0.0,0.0,0.0,0.0,8788.6737436072,260.0254394710748,0.95,0.0,0.0,0.0
71,capped,node-001,0.0,0.0,0.0,0.0,0.0,0.0,0.0,0.0,8788.6737436072,260.0254394710748,0.95,0.0,0.0,0.0
71,capped,node-002,0.0,85.50056768802168,85.50056768802168,0.0,85500.56768802168,85500.56768802168,0.0,0.0,8788.6737436072,260.0254394710748,0.95,-84.24941230770325,0.0,0.0
71,capped,node-003,0.0,0.0,0.0,0.0,0.0,0.0,0.0,0.0,8788.6737436072,260.0254394710748,0.95,-81.50324275390174,0.0,0.0
71,capped,node-004,0.0,0.0,0.0,0.0,0.0,0.0,0.0,0.0,8788.6737436072,260.0254394710748,0.95,0.0,0.0,0.0
71,capped,node-005,0.0,0.0,0.0,0.0,0.0,0.0,0.0,0.0,8788.6737436072,260.0254394710748,0.95,-80.54595003114477,0.0,0.0
71,capped,node-006,0.0,0.0,0.0,0.0,0.0,0.0,0.0,0.0,8788.6737436072,260.0254394710748,0.95,-89.93039309406583,0.0,0.0
71,capped,node-007,0.0,0.0,0.0,0.0,0.0,0.0,0.0,0.0,8788.6737436072,260.0254394710748,0.95,0.0,0.0,0.0
71,capped,node-008,0.0,67.72735697292666,83.9936305133159,0.0,67727.35697292666,83993.6305133159,0.0,0.0,8788.6737436072,260.0254394710748,0.95,-75.89338678321457,0.0,0.0
71,capped,node-009,0.0,40.02769664313091,40.02769664313091,0.0,40027.696643130905,40027.696643130905,0.0,0.0,8788.6737436072,260.0254394710748,0.95,-64.46689179854144,0.0,0.0
71,capped,node-010,0.0,0.0,0.0,0.0,0.0,0.0,0.0,0.0,8788.6737436072,260.0254394710748,0.95,0.0,0.0,0.0
71,capped,node-011,0.0,0.0,0.0,0.0,0.0,0.0,0.0,0.0,8788.6737436072,260.0254394710748,0.95,-87.7051883497452,0.0,0.0
71,capped,node-012,0.0,0.0,0.0,0.0,0.0,0.0,0.0,0.0,8788.6737436072,260.0254394710748,0.95,0.0,0.0,0.0
71,capped,node-013,0.0,0.0,20.189778506940115,0.0,0.0,20189.778506940114,0.0,0.0,8788.6737436072,260.0254394710748,0.95,-73.72288406792886,0.0,0.0
71,capped,node-014,0.0,0.0,21.376046803561053,0.0,0.0,21376.046803561054,0.0,0.0,8788.6737436072,260.0254394710748,0.95,-76.88450745862464,0.0,0.0
71,capped,node-015,0.0,0.0,19.19068666570935,0.0,0.0,19190.68666570935,0.0,0.0,8788.6737436072,260.0254394710748,0.95,-70.06260801796198,0.0,0.0
71,capped,node-016,187.6472486682847,0.0,254.0761212239384,0.7216495780181484,0.0,0.9771202453912277,86.67514649035827,260.0254394710748,8788.6737436072,260.0254394710748,0.95,-130.01271973553742,-26.002543947107483,-281.71806039219416
71,capped,node-017,0.0,0.0,0.0,0.0,0.0,0.0,0.0,0.0,8788.6737436072,260.0254394710748,0.95,0.0,0.0,0.0
71,capped,node-018,0.0,0.0,0.0,0.0,0.0,0.0,0.0,0.0,8788.6737436072,260.0254394710748,0.95,0.0,0.0,0.0
71,capped,node-019,0.0,83.50422212211589,83.50422212211589,0.0,83504.22212211588,83504.22212211588,0.0,0.0,8788.6737436072,260.0254394710748,0.95,-83.22961285016696,0.0,0.0
71,capped,node-020,0.0,39.967824956830285,39.967824956830285,0.0,39967.824956830285,39967.824956830285,0.0,0.0,8788.6737436072,260.0254394710748,0.95,-84.53578820382756,0.0,0.0
71,capped,node-021,0.0,78.80701986634077,151.12706668663895,0.0,78807.01986634076,151127.06668663895,0.0,0.0,8788.6737436072,260.0254394710748,0.95,-42.23924933651511,0.0,0.0
71,capped,node-022,0.0,0.0,0.0,0.0,0.0,0.0,0.0,0.0,8788.6737436072,260.0254394710748,0.95,-64.53501785517955,0.0,0.0
71,capped,node-023,0.0,33.3575904132566,33.3575904132566,0.0,33357.5904132566,33357.5904132566,0.0,0.0,8788.6737436072,260.0254394710748,0.95,-56.35973751170322,0.0,0.0
71,capped,node-024,0.0,0.0,0.0,0.0,0.0,0.0,0.0,0.0,8788.6737436072,260.0254394710748,0.95,0.0,0.0,0.0
71,capped,node-025,0.0,0.0,38.83377372942299,0.0,0.0,38833.77372942299,0.0,0.0,8788.6737436072,260.0254394710748,0.95,-97.0515095959359,0.0,0.0
71,capped,node-026,0.0,64.62544667917676,129.90502731443885,0.0,64625.44667917676,129905.02731443885,0.0,0.0,8788.6737436072,260.0254394710748,0.95,-62.12224635528018,0.0,0.0
71,capped,node-027,0.0,63.771709193699756,63.771709193699756,0.0,63771.70919369975,63771.70919369975,0.0,0.0,8788.6737436072,260.0254394710748,0.95,-73.45440335603178,0.0,0.0
71,capped,node-028,0.0,0.0,0.0,0.0,0.0,0.0,0.0,0.0,8788.6737436072,260.0254394710748,0.95,-38.90537035784281,0.0,0.0
71,capped,node-029,0.0,0.0,0.0,0.0,0.0,0.0,0.0,0.0,8788.6737436072,260.0254394710748,0.95,0.0,0.0,0.0
71,proper_scoring,node-000,0.0,0.0,0.0,0.0,0.0,0.0,0.0,0.0,8788.6737436072,1197.4254079910218,0.95,0.0,0.0,0.0
71,proper_scoring,node-001,0.0,0.0,0.0,0.0,0.0,0.0,0.0,0.0,8788.6737436072,1197.4254079910218,0.95,0.0,0.0,0.0
71,proper_scoring,node-002,0.0,235.5005676880217,235.5005676880217,0.0,235500.5676880217,235500.5676880217,0.0,0.0,8788.6737436072,1197.4254079910218,0.95,-335.1231091346789,0.0,0.0
71,proper_scoring,node-003,0.0,0.0,68.49675724609826,0.0,0.0,68496.75724609825,0.0,0.0,8788.6737436072,1197.4254079910218,0.95,-231.50324275390176,0.0,0.0
71,proper_scoring,node-004,0.0,0.0,0.0,0.0,0.0,0.0,0.0,0.0,8788.6737436072,1197.4254079910218,0.95,0.0,0.0,0.0
71,proper_scoring,node-005,0.0,0.0,119.41402516139146,0.0,0.0,119414.02516139146,0.0,0.0,8788.6737436072,1197.4254079910218,0.95,-269.993553328754,0.0,0.0
71,proper_scoring,node-006,0.0,0.0,10.069606905934165,0.0,0.0,10069.606905934164,0.0,0.0,8788.6737436072,1197.4254079910218,0.95,-285.3445017408172,0.0,0.0
71,proper_scoring,node-007,0.0,0.0,0.0,0.0,0.0,0.0,0.0,0.0,8788.6737436072,1197.4254079910218,0.95,0.0,0.0,0.0
71,proper_scoring,node-008,0.0,217.72735697292666,374.1066132167855,0.0,217727.35697292665,374106.6132167855,0.0,0.0,8788.6737436072,1197.4254079910218,0.95,-303.5735471328582,0.0,0.0
71,proper_scoring,node-009,0.0,90.0276966431309,90.0276966431309,0.0,90027.6966431309,90027.6966431309,0.0,0.0,8788.6737436072,1197.4254079910218,0.95,-247.70461830125083,0.0,0.0
71,proper_scoring,node-010,0.0,0.0,0.0,0.0,0.0,0.0,0.0,0.0,8788.6737436072,1197.4254079910218,0.95,0.0,0.0,0.0
71,proper_scoring,node-011,0.0,0.0,0.0,0.0,0.0,0.0,0.0,0.0,8788.6737436072,1197.4254079910218,0.95,-237.70518834974519,0.0,0.0
71,proper_scoring,node-012,0.0,0.0,0.0,0.0,0.0,0.0,0.0,0.0,8788.6737436072,1197.4254079910218,0.95,0.0,0.0,0.0
71,proper_scoring,node-013,0.0,0.0,126.27711593207113,0.0,0.0,126277.11593207113,0.0,0.0,8788.6737436072,1197.4254079910218,0.95,-270.97343737175424,0.0,0.0
71,proper_scoring,node-014,0.0,0.0,123.11549254137536,0.0,0.0,123115.49254137535,0.0,0.0,8788.6737436072,1197.4254079910218,0.95,-274.696575469638,0.0,0.0
71,proper_scoring,node-015,0.0,0.0,119.18915384644869,0.0,0.0,119189.15384644868,0.0,0.0,8788.6737436072,1197.4254079910218,0.95,-263.29332136374325,0.0,0.0
71,proper_scoring,node-016,127.47880022583308,7.5321924606435005,206.54047466517295,0.10646074433956634,0.006290322896422102,0.17248713221452003,1024.0751150103054,1197.4254079910218,8788.6737436072,1197.4254079910218,0.95,-1197.425407991022,-25.49576004516655,-919.118957542328
71,proper_scoring,node-017,0.0,0.0,0.0,0.0,0.0,0.0,0.0,0.0,8788.6737436072,1197.4254079910218,0.95,0.0,0.0,0.0
71,proper_scoring,node-018,0.0,0.0,0.0,0.0,0.0,0.0,0.0,0.0,8788.6737436072,1197.4254079910218,0.95,0.0,0.0,0.0
71,proper_scoring,node-019,0.0,133.5042221221159,332.75045492703543,0.0,133504.2221221159,332750.45492703543,0.0,0.0,8788.6737436072,1197.4254079910218,0.95,-331.5106227743169,0.0,0.0
71,proper_scoring,node-020,0.0,89.9678249568303,175.6602990079646,0.0,89967.8249568303,175660.29900796458,0.0,0.0,8788.6737436072,1197.4254079910218,0.95,-328.1914153800648,0.0,0.0
71,proper_scoring,node-021,0.0,528.8070198663407,528.8070198663407,0.0,528807.0198663407,528807.0198663407,0.0,0.0,8788.6737436072,1197.4254079910218,0.95,-168.95699734606043,0.0,0.0
71,proper_scoring,node-022,0.0,0.0,35.46498214482047,0.0,0.0,35464.98214482047,0.0,0.0,8788.6737436072,1197.4254079910218,0.95,-164.53501785517955,0.0,0.0
71,proper_scoring,node-023,0.0,83.34848034887754,172.24324643615552,0.0,83348.48034887754,172243.24643615552,0.0,0.0,8788.6737436072,1197.4254079910218,0.95,-223.50274134642672,0.0,0.0
71,proper_scoring,node-024,0.0,0.0,0.0,0.0,0.0,0.0,0.0,0.0,8788.6737436072,1197.4254079910218,0.95,0.0,0.0,0.0
71,proper_scoring,node-025,0.0,0.0,402.948490404064,0.0,0.0,402948.49040406395,0.0,0.0,8788.6737436072,1197.4254079910218,0.95,-369.6747641028335,0.0,0.0
71,proper_scoring,node-026,0.0,264.6254466791768,437.87775364471975,0.0,264625.44667917676,437877.7536447197,0.0,0.0,8788.6737436072,1197.4254079910218,0.95,-248.48898542112073,0.0,0.0
71,proper_scoring,node-027,32.208700523304685,163.77170919369973,227.73027140989808,32208.700523304684,163771.70919369973,227730.27140989807,0.0,0.0,8788.6737436072,1197.4254079910218,0.95,-291.39566932139286,0.0,0.0
71,proper_scoring,node-028,0.0,0.0,11.094629642157201,0.0,0.0,11094.6296421572,0.0,0.0,8788.6737436072,1197.4254079910218,0.95,-88.90537035784281,0.0,0.0
71,proper_scoring,node-029,0.0,0.0,0.0,0.0,0.0,0.0,0.0,0.0,8788.6737436072,1197.4254079910218,0.95,0.0,0.0,0.0
71,audits,node-000,0.0,0.0,0.0,0.0,0.0,0.0,0.0,0.0,8788.6737436072,1164.6893720761573,0.95,0.0,0.0,0.0
71,audits,node-001,0.0,0.0,0.0,0.0,0.0,0.0,0.0,0.0,8788.6737436072,1164.6893720761573,0.95,0.0,0.0,0.0
71,audits,node-002,0.0,235.5005676880217,235.5005676880217,0.0,235500.5676880217,235500.5676880217,0.0,0.0,8788.6737436072,1164.6893720761573,0.95,-1534.249412307703,0.0,0.0
71,audits,node-003,0.0,0.0,68.49675724609826,0.0,0.0,68496.75724609825,0.0,0.0,8788.6737436072,1164.6893720761573,0.95,-231.50324275390176,0.0,0.0
71,audits,node-004,0.0,0.0,0.0,0.0,0.0,0.0,0.0,0.0,8788.6737436072,1164.6893720761573,0.95,0.0,0.0,0.0
71,audits,node-005,0.0,0.0,119.41402516139146,0.0,0.0,119414.02516139146,0.0,0.0,8788.6737436072,1164.6893720761573,0.95,-272.583494476744,0.0,0.0
71,audits,node-006,0.0,0.0,10.069606905934165,0.0,0.0,10069.606905934164,0.0,0.0,8788.6737436072,1164.6893720761573,0.95,-289.93039309406583,0.0,0.0
71,audits,node-007,0.0,0.0,0.0,0.0,0.0,0.0,0.0,0.0,8788.6737436072,1164.6893720761573,0.95,0.0,0.0,0.0
71,audits,node-008,0.0,217.72735697292666,374.1066132167855,0.0,217727.35697292665,374106.6132167855,0.0,0.0,8788.6737436072,1164.6893720761573,0.95,-1525.8933867832147,0.0,0.0
71,audits,node-009,0.0,90.0276966431309,90.0276966431309,0.0,90027.6966431309,90027.6966431309,0.0,0.0,8788.6737436072,1164.6893720761573,0.95,-264.46689179854144,0.0,0.0
71,audits,node-010,0.0,0.0,0.0,0.0,0.0,0.0,0.0,0.0,8788.6737436072,1164.6893720761573,0.95,0.0,0.0,0.0
71,audits,node-011,0.0,0.0,0.0,0.0,0.0,0.0,0.0,0.0,8788.6737436072,1164.6893720761573,0.95,-237.70518834974519,0.0,0.0
71,audits,node-012,0.0,0.0,0.0,0.0,0.0,0.0,0.0,0.0,8788.6737436072,1164.6893720761573,0.95,0.0,0.0,0.0
71,audits,node-013,0.0,0.0,126.27711593207113,0.0,0.0,126277.11593207113,0.0,0.0,8788.6737436072,1164.6893720761573,0.95,-273.7228840679289,0.0,0.0
71,audits,node-014,0.0,0.0,123.11549254137536,0.0,0.0,123115.49254137535,0.0,0.0,8788.6737436072,1164.6893720761573,0.95,-276.8845074586246,0.0,0.0
71,audits,node-015,0.0,0.0,119.18915384644869,0.0,0.0,119189.15384644868,0.0,0.0,8788.6737436072,1164.6893720761573,0.95,-267.85094531328474,0.0,0.0
71,audits,node-016,130.01271973553753,0.0,199.4121886188559,0.11162866499226215,0.0,0.17121491223311056,991.3390790954409,1164.6893720761573,8788.6737436072,1164.6893720761573,0.95,-3034.67665234062,-26.002543947107483,-886.3829216274635
71,audits,node-017,0.0,0.0,0.0,0.0,0.0,0.0,0.0,0.0,8788.6737436072,1164.6893720761573,0.95,0.0,0.0,0.0
71,audits,node-018,0.0,0.0,0.0,0.0,0.0,0.0,0.0,0.0,8788.6737436072,1164.6893720761573,0.95,0.0,0.0,0.0
71,audits,node-019,0.0,133.5042221221159,316.770387149833,0.0,133504.2221221159,316770.387149833,0.0,0.0,8788.6737436072,1164.6893720761573,0.95,-1583.229612850167,0.0,0.0
71,audits,node-020,0.0,89.9678249568303,175.6602990079646,0.0,89967.8249568303,175660.29900796458,0.0,0.0,8788.6737436072,1164.6893720761573,0.95,-384.53578820382756,0.0,0.0
71,audits,node-021,0.0,528.8070198663407,528.8070198663407,0.0,528807.0198663407,528807.0198663407,0.0,0.0,8788.6737436072,1164.6893720761573,0.95,-1542.239249336515,0.0,0.0
71,audits,node-022,0.0,0.0,35.46498214482047,0.0,0.0,35464.98214482047,0.0,0.0,8788.6737436072,1164.6893720761573,0.95,-164.53501785517955,0.0,0.0
71,audits,node-023,0.0,83.34848034887754,172.24324643615552,0.0,83348.48034887754,172243.24643615552,0.0,0.0,8788.6737436072,1164.6893720761573,0.95,-248.76044518969837,0.0,0.0
71,audits,node-024,0.0,0.0,0.0,0.0,0.0,0.0,0.0,0.0,8788.6737436072,1164.6893720761573,0.95,0.0,0.0,0.0
71,audits,node-025,0.0,0.0,402.948490404064,0.0,0.0,402948.49040406395,0.0,0.0,8788.6737436072,1164.6893720761573,0.95,-1597.0515095959358,0.0,0.0
71,audits,node-026,0.0,264.6254466791768,437.87775364471975,0.0,264625.44667917676,437877.7536447197,0.0,0.0,8788.6737436072,1164.6893720761573,0.95,-1562.1222463552804,0.0,0.0
71,audits,node-027,32.208700523304685,163.77170919369973,227.73027140989808,32208.700523304684,163771.70919369973,227730.27140989807,0.0,0.0,8788.6737436072,1164.6893720761573,0.95,-373.45440335603183,0.0,0.0
71,audits,node-028,0.0,0.0,11.094629642157201,0.0,0.0,11094.6296421572,0.0,0.0,8788.6737436072,1164.6893720761573,0.95,-88.90537035784281,0.0,0.0
71,audits,node-029,0.0,0.0,0.0,0.0,0.0,0.0,0.0,0.0,8788.6737436072,1164.6893720761573,0.95,0.0,0.0,0.0
