seed,mechanism,node_id,joint_regret,truthful_util,truthful_pay,global_welfare,buyer_payment,sla_success_rate,wtd_gain,sybil_gain,collusion_gain,joint_regret_norm
57,greedy,node-000,0.0,0.0,0.0,8760.948838555296,390.3282307436772,1.0,0.0,0.0,0.0,0.0
57,greedy,node-001,0.0,0.0,0.0,8760.948838555296,390.3282307436772,1.0,0.0,0.0,0.0,0.0
57,greedy,node-002,0.0,0.0,0.0,8760.948838555296,390.3282307436772,1.0,0.0,0.0,0.0,0.0
57,greedy,node-003,0.0,0.0,0.0,8760.948838555296,390.3282307436772,1.0,0.0,0.0,0.0,0.0
57,greedy,node-004,0.0,45.76682594107418,137.30047782322256,8760.948838555296,390.3282307436772,1.0,-126.7330751344409,0.24865535065948308,-45.76682594107418,0.0
57,greedy,node-005,0.0,0.0,0.0,8760.948838555296,390.3282307436772,1.0,0.0,0.0,0.0,0.0
57,greedy,node-006,0.0,0.0,0.0,8760.948838555296,390.3282307436772,1.0,0.0,0.0,0.0,0.0
57,greedy,node-007,0.0,0.0,0.0,8760.948838555296,390.3282307436772,1.0,-16.71351551559224,0.0,0.0,0.0
57,greedy,node-008,0.0,0.0,0.0,8760.948838555296,390.3282307436772,1.0,-17.141226627199494,0.0,0.0,0.0
57,greedy,node-009,0.0,0.0,0.0,8760.948838555296,390.3282307436772,1.0,-103.88384249377623,0.0,0.0,0.0
57,greedy,node-010,0.0,0.0,0.0,8760.948838555296,390.3282307436772,1.0,-4.244234487765954,0.0,0.0,0.0
57,greedy,node-011,0.0,0.0,0.0,8760.948838555296,390.3282307436772,1.0,0.0,0.0,0.0,0.0
57,greedy,node-012,0.0,0.0,0.0,8760.948838555296,390.3282307436772,1.0,0.0,0.0,0.0,0.0
57,greedy,node-013,0.0,0.0,0.0,8760.948838555296,390.3282307436772,1.0,0.0,0.0,0.0,0.0
57,greedy,node-014,1.4360133482436073,0.0,0.0,8760.948838555296,390.3282307436772,1.0,-34.376549260908874,0.0,0.0,0.005890249536447113
57,greedy,node-015,0.0,0.0,0.0,8760.948838555296,390.3282307436772,1.0,0.0,0.0,0.0,0.0
57,greedy,node-016,0.0,0.0,0.0,8760.948838555296,390.3282307436772,1.0,-31.61309885462074,0.0,0.0,0.0
57,greedy,node-017,0.0,0.0,0.0,8760.948838555296,390.3282307436772,1.0,0.0,0.0,0.0,0.0
57,greedy,node-018,25.264588904043023,0.0,0.0,8760.948838555296,390.3282307436772,1.0,-84.64483664669994,0.0,0.0,0.10363046643165405
57,greedy,node-019,5.852654924234885,0.0,0.0,8760.948838555296,390.3282307436772,1.0,-36.56871417874963,0.0,0.0,0.0240064606618206
57,greedy,node-020,0.0,0.0,0.0,8760.948838555296,390.3282307436772,1.0,0.0,0.0,0.0,0.0
57,greedy,node-021,0.0,0.0,0.0,8760.948838555296,390.3282307436772,1.0,0.0,0.0,0.0,0.0
57,greedy,node-022,0.0,0.0,0.0,8760.948838555296,390.3282307436772,1.0,-84.51966442091826,0.0,0.0,0.0
57,greedy,node-023,0.0,0.0,0.0,8760.948838555296,390.3282307436772,1.0,-54.878600289488546,0.0,0.0,0.0
57,greedy,node-024,0.0,0.0,0.0,8760.948838555296,390.3282307436772,1.0,0.0,0.0,0.0,0.0
57,greedy,node-025,0.0,0.0,0.0,8760.948838555296,390.3282307436772,1.0,-73.47202187375164,0.0,0.0,0.0
57,greedy,node-026,0.0,0.0,0.0,8760.948838555296,390.3282307436772,1.0,0.0,0.0,0.0,0.0
57,greedy,node-027,0.0,0.0,0.0,8760.948838555296,390.3282307436772,1.0,0.0,0.0,0.0,0.0
57,greedy,node-028,0.0,84.34258430681815,253.02775292045445,8760.948838555296,390.3282307436772,1.0,-154.00739207247688,-25.30277529204544,-84.34258430681815,0.0
57,greedy,node-029,0.0,0.0,0.0,8760.948838555296,390.3282307436772,1.0,0.0,0.0,0.0,0.0
57,trust_vcg,node-000,0.0,0.0,0.0,8639.080341890585,1119.712964947482,1.0,0.0,0.0,0.0,0.0
57,trust_vcg,node-001,0.0,0.0,0.0,8639.080341890585,1119.712964947482,1.0,0.0,0.0,0.0,0.0
57,trust_vcg,node-002,0.0,0.0,0.0,8639.080341890585,1119.712964947482,1.0,0.0,0.0,0.0,0.0
57,trust_vcg,node-003,0.0,0.0,0.0,8639.080341890585,1119.712964947482,1.0,0.0,0.0,0.0,0.0
57,trust_vcg,node-004,138.31013248268516,311.5827932786085,367.4167733576287,8639.080341890585,1119.712964947482,1.0,-11392.549042471977,92.49434708730757,-311.5827932786085,0.5673214630898203
57,trust_vcg,node-005,0.0,0.0,0.0,8639.080341890585,1119.712964947482,1.0,0.0,0.0,0.0,0.0
57,trust_vcg,node-006,391.15079429924066,0.0,0.0,8639.080341890585,1119.712964947482,1.0,-5608.84920570076,0.0,0.0,1.6044250477337294
57,trust_vcg,node-007,271.60241849223905,0.0,0.0,8639.080341890585,1119.712964947482,1.0,-4993.760681024404,0.0,0.0,1.1140606886269921
57,trust_vcg,node-008,0.0,0.0,0.0,8639.080341890585,1119.712964947482,1.0,-4438.68183649476,0.0,0.0,0.0
57,trust_vcg,node-009,479.4949370978672,0.0,0.0,8639.080341890585,1119.712964947482,1.0,-5563.886315722262,0.0,0.0,1.9667956669232325
57,trust_vcg,node-010,0.0,0.0,0.0,8639.080341890585,1119.712964947482,1.0,0.0,0.0,0.0,0.0
57,trust_vcg,node-011,0.0,0.0,0.0,8639.080341890585,1119.712964947482,1.0,0.0,0.0,0.0,0.0
57,trust_vcg,node-012,0.0,0.0,0.0,8639.080341890585,1119.712964947482,1.0,0.0,0.0,0.0,0.0
57,trust_vcg,node-013,0.0,0.0,0.0,8639.080341890585,1119.712964947482,1.0,0.0,0.0,0.0,0.0
57,trust_vcg,node-014,0.0,0.0,0.0,8639.080341890585,1119.712964947482,1.0,-5453.102531107343,0.0,0.0,0.0
57,trust_vcg,node-015,0.0,0.0,0.0,8639.080341890585,1119.712964947482,1.0,0.0,0.0,0.0,0.0
57,trust_vcg,node-016,414.6743208548454,0.0,0.0,8639.080341890585,1119.712964947482,1.0,-5585.325679145155,0.0,0.0,1.7009140125189277
57,trust_vcg,node-017,0.0,0.0,0.0,8639.080341890585,1119.712964947482,1.0,0.0,0.0,0.0,0.0
57,trust_vcg,node-018,775.4984378231665,0.0,0.0,8639.080341890585,1119.712964947482,1.0,-9424.501562176834,0.0,0.0,3.180944884314867
57,trust_vcg,node-019,0.0,0.0,0.0,8639.080341890585,1119.712964947482,1.0,-5462.346265860805,0.0,0.0,0.0
57,trust_vcg,node-020,0.0,0.0,0.0,8639.080341890585,1119.712964947482,1.0,0.0,0.0,0.0,0.0
57,trust_vcg,node-021,0.0,0.0,0.0,8639.080341890585,1119.712964947482,1.0,0.0,0.0,0.0,0.0
57,trust_vcg,node-022,508.1270019242888,0.0,0.0,8639.080341890585,1119.712964947482,1.0,-6691.872998075711,0.0,0.0,2.0842388695074074
57,trust_vcg,node-023,0.0,0.0,0.0,8639.080341890585,1119.712964947482,1.0,-5581.503665075349,0.0,0.0,0.0
57,trust_vcg,node-024,0.0,0.0,0.0,8639.080341890585,1119.712964947482,1.0,0.0,0.0,0.0,0.0
57,trust_vcg,node-025,0.0,0.0,0.0,8639.080341890585,1119.712964947482,1.0,-5581.839107524011,0.0,0.0,0.0
57,trust_vcg,node-026,0.0,0.0,0.0,8639.080341890585,1119.712964947482,1.0,0.0,0.0,0.0,0.0
57,trust_vcg,node-027,0.0,0.0,0.0,8639.080341890585,1119.712964947482,1.0,0.0,0.0,0.0,0.0
57,trust_vcg,node-028,299.43097302804074,583.6110229762171,752.2961915898534,8639.080341890585,1119.712964947482,1.0,-11100.56902697196,-25.302775292045567,-583.6110229762171,1.2282080471142838
57,trust_vcg,node-029,59.69526187307048,0.0,0.0,8639.080341890585,1119.712964947482,1.0,-1140.3047381269296,0.0,0.0,0.2448584402129757
57,contingent,node-000,0.0,0.0,0.0,8639.080341890585,336.77872303898477,1.0,0.0,0.0,0.0,0.0
57,contingent,node-001,0.0,0.0,0.0,8639.080341890585,336.77872303898477,1.0,0.0,0.0,0.0,0.0
57,contingent,node-002,0.0,0.0,0.0,8639.080341890585,336.77872303898477,1.0,0.0,0.0,0.0,0.0
57,contingent,node-003,0.0,0.0,0.0,8639.080341890585,336.77872303898477,1.0,0.0,0.0,0.0,0.0
57,contingent,node-004,74.204170840393,27.91699003951007,83.7509701185302,8639.080341890585,336.77872303898477,1.0,-351.7819868129769,-2.0609206590586453,-27.91699003951007,0.30437118389579215
57,contingent,node-005,0.0,0.0,0.0,8639.080341890585,336.77872303898477,1.0,0.0,0.0,0.0,0.0
57,contingent,node-006,0.0,0.0,0.0,8639.080341890585,336.77872303898477,1.0,-435.39682280303725,0.0,0.0,0.0
57,contingent,node-007,0.0,0.0,0.0,8639.080341890585,336.77872303898477,1.0,-175.0427240976178,0.0,0.0,0.0
57,contingent,node-008,0.0,0.0,0.0,8639.080341890585,336.77872303898477,1.0,-154.72734597903946,0.0,0.0,0.0
57,contingent,node-009,51.563951339019695,0.0,0.0,8639.080341890585,336.77872303898477,1.0,-255.54526288904756,0.0,0.0,0.21150537412728698
57,contingent,node-010,0.0,0.0,0.0,8639.080341890585,336.77872303898477,1.0,0.0,0.0,0.0,0.0
57,contingent,node-011,0.0,0.0,0.0,8639.080341890585,336.77872303898477,1.0,0.0,0.0,0.0,0.0
57,contingent,node-012,0.0,0.0,0.0,8639.080341890585,336.77872303898477,1.0,0.0,0.0,0.0,0.0
57,contingent,node-013,0.0,0.0,0.0,8639.080341890585,336.77872303898477,1.0,0.0,0.0,0.0,0.0
57,contingent,node-014,0.0,0.0,0.0,8639.080341890585,336.77872303898477,1.0,-137.5061970436355,0.0,0.0,0.0
57,contingent,node-015,0.0,0.0,0.0,8639.080341890585,336.77872303898477,1.0,0.0,0.0,0.0,0.0
57,contingent,node-016,23.38258189853365,0.0,0.0,8639.080341890585,336.77872303898477,1.0,-341.30271658061827,0.0,0.0,0.0959108370108339
57,contingent,node-017,0.0,0.0,0.0,8639.080341890585,336.77872303898477,1.0,0.0,0.0,0.0,0.0
57,contingent,node-018,77.67946340290021,0.0,0.0,8639.080341890585,336.77872303898477,1.0,-298.00624870733384,0.0,0.0,0.31862616309244346
57,contingent,node-019,0.0,0.0,0.0,8639.080341890585,336.77872303898477,1.0,-135.11013506337085,0.0,0.0,0.0
57,contingent,node-020,0.0,0.0,0.0,8639.080341890585,336.77872303898477,1.0,0.0,0.0,0.0,0.0
57,contingent,node-021,0.0,0.0,0.0,8639.080341890585,336.77872303898477,1.0,0.0,0.0,0.0,0.0
57,contingent,node-022,0.0,0.0,0.0,8639.080341890585,336.77872303898477,1.0,-367.4919923028446,0.0,0.0,0.0
57,contingent,node-023,0.0,0.0,0.0,8639.080341890585,336.77872303898477,1.0,-326.0146603013985,0.0,0.0,0.0
57,contingent,node-024,0.0,0.0,0.0,8639.080341890585,336.77872303898477,1.0,0.0,0.0,0.0,0.0
57,contingent,node-025,0.0,0.0,0.0,8639.080341890585,336.77872303898477,1.0,-327.3564300960374,0.0,0.0,0.0
57,contingent,node-026,0.0,0.0,0.0,8639.080341890585,336.77872303898477,1.0,0.0,0.0,0.0,0.0
57,contingent,node-027,0.0,0.0,0.0,8639.080341890585,336.77872303898477,1.0,0.0,0.0,0.0,0.0
57,contingent,node-028,78.76906468339315,84.34258430681815,253.02775292045445,8639.080341890585,336.77872303898477,1.0,-352.17460028978627,-25.30277529204544,-84.34258430681815,0.3230954972007828
57,contingent,node-029,0.0,0.0,0.0,8639.080341890585,336.77872303898477,1.0,-161.21895250771811,0.0,0.0,0.0
57,capped,node-000,0.0,0.0,0.0,8639.080341890585,336.77872303898477,1.0,0.0,0.0,0.0,0.0
57,capped,node-001,0.0,0.0,0.0,8639.080341890585,336.77872303898477,1.0,0.0,0.0,0.0,0.0
57,capped,node-002,0.0,0.0,0.0,8639.080341890585,336.77872303898477,1.0,0.0,0.0,0.0,0.0
57,capped,node-003,0.0,0.0,0.0,8639.080341890585,336.77872303898477,1.0,0.0,0.0,0.0,0.0
57,capped,node-004,101.03179117370121,27.91699003951007,83.7509701185302,8639.080341890585,336.77872303898477,1.0,-108.88323923287679,-2.0609206590586453,-27.91699003951007,0.41441290351178617
57,capped,node-005,0.0,0.0,0.0,8639.080341890585,336.77872303898477,1.0,0.0,0.0,0.0,0.0
57,capped,node-006,0.0,0.0,0.0,8639.080341890585,336.77872303898477,1.0,-108.84920570075931,0.0,0.0,0.0
57,capped,node-007,0.0,0.0,0.0,8639.080341890585,336.77872303898477,1.0,-43.76068102440445,0.0,0.0,0.0
57,capped,node-008,0.0,0.0,0.0,8639.080341890585,336.77872303898477,1.0,-38.68183649475987,0.0,0.0,0.0
57,capped,node-009,51.563951339019695,0.0,0.0,8639.080341890585,336.77872303898477,1.0,-63.8863157222619,0.0,0.0,0.21150537412728698
57,capped,node-010,0.0,0.0,0.0,8639.080341890585,336.77872303898477,1.0,0.0,0.0,0.0,0.0
57,capped,node-011,0.0,0.0,0.0,8639.080341890585,336.77872303898477,1.0,0.0,0.0,0.0,0.0
57,capped,node-012,0.0,0.0,0.0,8639.080341890585,336.77872303898477,1.0,0.0,0.0,0.0,0.0
57,capped,node-013,0.0,0.0,0.0,8639.080341890585,336.77872303898477,1.0,0.0,0.0,0.0,0.0
57,capped,node-014,14.199334554482801,0.0,0.0,8639.080341890585,336.77872303898477,1.0,-34.376549260908874,0.0,0.0,0.05824292920375514
57,capped,node-015,0.0,0.0,0.0,8639.080341890585,336.77872303898477,1.0,0.0,0.0,0.0,0.0
57,capped,node-016,23.38258189853365,0.0,0.0,8639.080341890585,336.77872303898477,1.0,-85.32567914515457,0.0,0.0,0.0959108370108339
57,capped,node-017,0.0,0.0,0.0,8639.080341890585,336.77872303898477,1.0,0.0,0.0,0.0,0.0
57,capped,node-018,77.67946340290021,0.0,0.0,8639.080341890585,336.77872303898477,1.0,-74.50156217683347,0.0,0.0,0.31862616309244346
57,capped,node-019,12.636071991653129,0.0,0.0,8639.080341890585,336.77872303898477,1.0,-33.777533765842705,0.0,0.0,0.05183072795415328
57,capped,node-020,0.0,0.0,0.0,8639.080341890585,336.77872303898477,1.0,0.0,0.0,0.0,0.0
57,capped,node-021,0.0,0.0,0.0,8639.080341890585,336.77872303898477,1.0,0.0,0.0,0.0,0.0
57,capped,node-022,0.0,0.0,0.0,8639.080341890585,336.77872303898477,1.0,-91.87299807571117,0.0,0.0,0.0
57,capped,node-023,20.12948685862719,0.0,0.0,8639.080341890585,336.77872303898477,1.0,-81.50366507534963,0.0,0.0,0.08256726915732893
57,capped,node-024,0.0,0.0,0.0,8639.080341890585,336.77872303898477,1.0,0.0,0.0,0.0,0.0
57,capped,node-025,16.10259565030564,0.0,0.0,8639.080341890585,336.77872303898477,1.0,-81.83910752400936,0.0,0.0,0.06604973880000306
57,capped,node-026,0.0,0.0,0.0,8639.080341890585,336.77872303898477,1.0,0.0,0.0,0.0,0.0
57,capped,node-027,0.0,0.0,0.0,8639.080341890585,336.77872303898477,1.0,0.0,0.0,0.0,0.0
57,capped,node-028,78.76906468339315,84.34258430681815,253.02775292045445,8639.080341890585,336.77872303898477,1.0,-151.3005883025602,-25.30277529204544,-84.34258430681815,0.3230954972007828
57,capped,node-029,0.0,0.0,0.0,8639.080341890585,336.77872303898477,1.0,-40.30473812692952,0.0,0.0,0.0
57,proper_scoring,node-000,0.0,0.0,0.0,8639.080341890585,1119.712964947482,1.0,0.0,0.0,0.0,0.0
57,proper_scoring,node-001,0.0,0.0,0.0,8639.080341890585,1119.712964947482,1.0,0.0,0.0,0.0,0.0
57,proper_scoring,node-002,0.0,0.0,0.0,8639.080341890585,1119.712964947482,1.0,0.0,0.0,0.0,0.0
57,proper_scoring,node-003,0.0,0.0,0.0,8639.080341890585,1119.712964947482,1.0,0.0,0.0,0.0,0.0
57,proper_scoring,node-004,607.6864632869704,311.5827932786085,367.4167733576287,8639.080341890585,1119.712964947482,1.0,-635.4477900520753,92.49434708730757,-311.5827932786085,2.4926125603632228
57,proper_scoring,node-005,0.0,0.0,0.0,8639.080341890585,1119.712964947482,1.0,0.0,0.0,0.0,0.0
57,proper_scoring,node-006,391.15079429924066,0.0,0.0,8639.080341890585,1119.712964947482,1.0,-419.17588594188555,0.0,0.0,1.6044250477337294
57,proper_scoring,node-007,339.2277373996469,0.0,0.0,8639.080341890585,1119.712964947482,1.0,-175.0427240976178,0.0,0.0,1.3914466919212136
57,proper_scoring,node-008,297.3709718521512,0.0,0.0,8639.080341890585,1119.712964947482,1.0,-154.72734597903946,0.0,0.0,1.2197583199678022
57,proper_scoring,node-009,479.4949370978672,0.0,0.0,8639.080341890585,1119.712964947482,1.0,-255.54526288904756,0.0,0.0,1.9667956669232325
57,proper_scoring,node-010,0.0,0.0,0.0,8639.080341890585,1119.712964947482,1.0,0.0,0.0,0.0,0.0
57,proper_scoring,node-011,0.0,0.0,0.0,8639.080341890585,1119.712964947482,1.0,0.0,0.0,0.0,0.0
57,proper_scoring,node-012,0.0,0.0,0.0,8639.080341890585,1119.712964947482,1.0,0.0,0.0,0.0,0.0
57,proper_scoring,node-013,0.0,0.0,0.0,8639.080341890585,1119.712964947482,1.0,0.0,0.0,0.0,0.0
57,proper_scoring,node-014,403.8595296596649,0.0,0.0,8639.080341890585,1119.712964947482,1.0,-137.5061970436355,0.0,0.0,1.6565538267991373
57,proper_scoring,node-015,0.0,0.0,0.0,8639.080341890585,1119.712964947482,1.0,0.0,0.0,0.0,0.0
57,proper_scoring,node-016,414.6743208548454,0.0,0.0,8639.080341890585,1119.712964947482,1.0,-341.30271658061827,0.0,0.0,1.7009140125189277
57,proper_scoring,node-017,0.0,0.0,0.0,8639.080341890585,1119.712964947482,1.0,0.0,0.0,0.0,0.0
57,proper_scoring,node-018,775.4984378231665,0.0,0.0,8639.080341890585,1119.712964947482,1.0,-298.00624870733384,0.0,0.0,3.180944884314867
57,proper_scoring,node-019,406.04545559301124,0.0,0.0,8639.080341890585,1119.712964947482,1.0,-135.11013506337085,0.0,0.0,1.665520072991312
57,proper_scoring,node-020,0.0,0.0,0.0,8639.080341890585,1119.712964947482,1.0,0.0,0.0,0.0,0.0
57,proper_scoring,node-021,0.0,0.0,0.0,8639.080341890585,1119.712964947482,1.0,0.0,0.0,0.0,0.0
57,proper_scoring,node-022,508.1270019242888,0.0,0.0,8639.080341890585,1119.712964947482,1.0,-367.4919923028446,0.0,0.0,2.0842388695074074
57,proper_scoring,node-023,332.1753391414193,0.0,0.0,8639.080341890585,1119.712964947482,1.0,-326.0146603013985,0.0,0.0,1.3625191157101888
57,proper_scoring,node-024,0.0,0.0,0.0,8639.080341890585,1119.712964947482,1.0,0.0,0.0,0.0,0.0
57,proper_scoring,node-025,354.859813696255,0.0,0.0,8639.080341890585,1119.712964947482,1.0,-326.6106986647979,0.0,0.0,1.4555664511646922
57,proper_scoring,node-026,0.0,0.0,0.0,8639.080341890585,1119.712964947482,1.0,0.0,0.0,0.0,0.0
57,proper_scoring,node-027,0.0,0.0,0.0,8639.080341890585,1119.712964947482,1.0,0.0,0.0,0.0,0.0
57,proper_scoring,node-028,299.43097302804074,583.6110229762171,752.2961915898534,8639.080341890585,1119.712964947482,1.0,-851.4430389591853,-25.302775292045567,-583.6110229762171,1.2282080471142838
57,proper_scoring,node-029,59.69526187307048,0.0,0.0,8639.080341890585,1119.712964947482,1.0,-140.30473812692952,0.0,0.0,0.2448584402129757
57,audits,node-000,0.0,0.0,0.0,8639.080341890585,1119.712964947482,1.0,0.0,0.0,0.0,0.0
57,audits,node-001,0.0,0.0,0.0,8639.080341890585,1119.712964947482,1.0,0.0,0.0,0.0,0.0
57,audits,node-002,0.0,0.0,0.0,8639.080341890585,1119.712964947482,1.0,0.0,0.0,0.0,0.0
57,audits,node-003,0.0,0.0,0.0,8639.080341890585,1119.712964947482,1.0,0.0,0.0,0.0,0.0
57,audits,node-004,577.8071785369516,311.5827932786085,367.4167733576287,8639.080341890585,1119.712964947482,1.0,-2392.5490424719756,92.49434708730757,-311.5827932786085,2.370053502424499
57,audits,node-005,0.0,0.0,0.0,8639.080341890585,1119.712964947482,1.0,0.0,0.0,0.0,0.0
57,audits,node-006,391.15079429924066,0.0,0.0,8639.080341890585,1119.712964947482,1.0,-1108.849205700759,0.0,0.0,1.6044250477337294
57,audits,node-007,306.23931897559555,0.0,0.0,8639.080341890585,1119.712964947482,1.0,-493.76068102440445,0.0,0.0,1.2561345678604914
57,audits,node-008,261.31816350524014,0.0,0.0,8639.080341890585,1119.712964947482,1.0,-438.68183649475986,0.0,0.0,1.071876660014747
57,audits,node-009,479.4949370978672,0.0,0.0,8639.080341890585,1119.712964947482,1.0,-1063.8863157222618,0.0,0.0,1.9667956669232325
57,audits,node-010,0.0,0.0,0.0,8639.080341890585,1119.712964947482,1.0,0.0,0.0,0.0,0.0
57,audits,node-011,0.0,0.0,0.0,8639.080341890585,1119.712964947482,1.0,0.0,0.0,0.0,0.0
57,audits,node-012,0.0,0.0,0.0,8639.080341890585,1119.712964947482,1.0,0.0,0.0,0.0,0.0
57,audits,node-013,0.0,0.0,0.0,8639.080341890585,1119.712964947482,1.0,0.0,0.0,0.0,0.0
57,audits,node-014,372.2009729702574,0.0,0.0,8639.080341890585,1119.712964947482,1.0,-953.1025311073429,0.0,0.0,1.5266965388481253
57,audits,node-015,0.0,0.0,0.0,8639.080341890585,1119.712964947482,1.0,0.0,0.0,0.0,0.0
57,audits,node-016,414.6743208548454,0.0,0.0,8639.080341890585,1119.712964947482,1.0,-1085.3256791451545,0.0,0.0,1.7009140125189277
57,audits,node-017,0.0,0.0,0.0,8639.080341890585,1119.712964947482,1.0,0.0,0.0,0.0,0.0
57,audits,node-018,775.4984378231665,0.0,0.0,8639.080341890585,1119.712964947482,1.0,-1424.5015621768334,0.0,0.0,3.180944884314867
57,audits,node-019,372.17461668505746,0.0,0.0,8639.080341890585,1119.712964947482,1.0,-462.346265860806,0.0,0.0,1.5265884304542365
57,audits,node-020,0.0,0.0,0.0,8639.080341890585,1119.712964947482,1.0,0.0,0.0,0.0,0.0
57,audits,node-021,0.0,0.0,0.0,8639.080341890585,1119.712964947482,1.0,0.0,0.0,0.0,0.0
57,audits,node-022,508.1270019242888,0.0,0.0,8639.080341890585,1119.712964947482,1.0,-1191.8729980757114,0.0,0.0,2.0842388695074074
57,audits,node-023,318.49633492465034,0.0,0.0,8639.080341890585,1119.712964947482,1.0,-1081.5036650753495,0.0,0.0,1.3064104811035329
57,audits,node-024,0.0,0.0,0.0,8639.080341890585,1119.712964947482,1.0,0.0,0.0,0.0,0.0
57,audits,node-025,318.16089247599064,0.0,0.0,8639.080341890585,1119.712964947482,1.0,-1081.8391075240093,0.0,0.0,1.3050345609352842
57,audits,node-026,0.0,0.0,0.0,8639.080341890585,1119.712964947482,1.0,0.0,0.0,0.0,0.0
57,audits,node-027,0.0,0.0,0.0,8639.080341890585,1119.712964947482,1.0,0.0,0.0,0.0,0.0
57,audits,node-028,299.43097302804074,583.6110229762171,752.2961915898534,8639.080341890585,1119.712964947482,1.0,-2100.569026971959,-25.302775292045567,-583.6110229762171,1.2282080471142838
57,audits,node-029,59.69526187307048,0.0,0.0,8639.080341890585,1119.712964947482,1.0,-140.30473812692952,0.0,0.0,0.2448584402129757
43,greedy,node-000,0.0,0.0,0.0,7895.466888542669,200.18385037343842,0.85,0.0,0.0,-46.00988507397199,0.0
43,greedy,node-001,0.0,19.582151589208507,58.74645476762552,7895.466888542669,200.18385037343842,0.85,-65.5920366631805,-5.874645476762549,-19.582151589208507,0.0
43,greedy,node-002,0.0,0.0,0.0,7895.466888542669,200.18385037343842,0.85,0.0,0.0,0.0,0.0
43,greedy,node-003,0.0,0.0,0.0,7895.466888542669,200.18385037343842,0.85,0.0,0.0,0.0,0.0
43,greedy,node-004,0.0,0.0,0.0,7895.466888542669,200.18385037343842,0.85,0.0,0.0,0.0,0.0
43,greedy,node-005,0.0,0.0,0.0,7895.466888542669,200.18385037343842,0.85,0.0,0.0,0.0,0.0
43,greedy,node-006,0.0,0.0,0.0,7895.466888542669,200.18385037343842,0.85,0.0,0.0,0.0,0.0
43,greedy,node-007,0.0,0.0,0.0,7895.466888542669,200.18385037343842,0.85,-14.144378406029722,0.0,0.0,0.0
43,greedy,node-008,0.0,0.0,0.0,7895.466888542669,200.18385037343842,0.85,0.0,0.0,0.0,0.0
43,greedy,node-009,0.0,0.0,0.0,7895.466888542669,200.18385037343842,0.85,0.0,0.0,0.0,0.0
43,greedy,node-010,0.0,0.0,0.0,7895.466888542669,200.18385037343842,0.85,0.0,0.0,0.0,0.0
43,greedy,node-011,0.0,0.0,0.0,7895.466888542669,200.18385037343842,0.85,0.0,0.0,0.0,0.0
43,greedy,node-012,0.0,0.0,0.0,7895.466888542669,200.18385037343842,0.85,0.0,0.0,0.0,0.0
43,greedy,node-013,0.0,0.0,0.0,7895.466888542669,200.18385037343842,0.85,0.0,0.0,0.0,0.0
43,greedy,node-014,0.0,0.0,0.0,7895.466888542669,200.18385037343842,0.85,0.0,0.0,0.0,0.0
43,greedy,node-015,21.984173916378303,47.14579853527096,141.43739560581287,7895.466888542669,200.18385037343842,0.85,-81.53512195132583,-4.942036430752246,-47.14579853527096,0.09017483742647826
43,greedy,node-016,0.0,0.0,0.0,7895.466888542669,200.18385037343842,0.85,0.0,0.0,0.0,0.0
43,greedy,node-017,0.0,0.0,0.0,7895.466888542669,200.18385037343842,0.85,0.0,0.0,0.0,0.0
43,greedy,node-018,0.0,0.0,0.0,7895.466888542669,200.18385037343842,0.85,0.0,0.0,0.0,0.0
43,greedy,node-019,0.0,0.0,0.0,7895.466888542669,200.18385037343842,0.85,0.0,0.0,0.0,0.0
43,greedy,node-020,0.0,0.0,0.0,7895.466888542669,200.18385037343842,0.85,0.0,0.0,0.0,0.0
43,greedy,node-021,0.0,0.0,0.0,7895.466888542669,200.18385037343842,0.85,0.0,0.0,0.0,0.0
43,greedy,node-022,0.0,0.0,0.0,7895.466888542669,200.18385037343842,0.85,0.0,0.0,0.0,0.0
43,greedy,node-023,0.0,0.0,0.0,7895.466888542669,200.18385037343842,0.85,0.0,0.0,0.0,0.0
43,greedy,node-024,0.0,0.0,0.0,7895.466888542669,200.18385037343842,0.85,-7.150410470632295,0.0,0.0,0.0
43,greedy,node-025,0.0,0.0,0.0,7895.466888542669,200.18385037343842,0.85,0.0,0.0,0.0,0.0
43,greedy,node-026,0.0,0.0,0.0,7895.466888542669,200.18385037343842,0.85,0.0,0.0,0.0,0.0
43,greedy,node-027,0.0,0.0,0.0,7895.466888542669,200.18385037343842,0.85,0.0,0.0,0.0,0.0
43,greedy,node-028,0.0,0.0,0.0,7895.466888542669,200.18385037343842,0.85,-23.908431262722477,0.0,0.0,0.0
43,greedy,node-029,0.0,0.0,0.0,7895.466888542669,200.18385037343842,0.85,-32.75088412643963,0.0,0.0,0.0
43,trust_vcg,node-000,0.0,0.0,0.0,5099.691405807467,-1008.446532658663,0.8,0.0,0.0,-670.3330907870825,0.0
43,trust_vcg,node-001,673.4944142340777,-640.9598634032697,-601.7955602248527,5099.691405807467,-1008.446532658663,0.8,-10313.009189885828,-5.874645476762566,640.9598634032697,2.762544071121698
43,trust_vcg,node-002,234.51975071293668,0.0,0.0,5099.691405807467,-1008.446532658663,0.8,-3955.742251528234,0.0,0.0,0.9619547440935267
43,trust_vcg,node-003,296.389596551417,0.0,0.0,5099.691405807467,-1008.446532658663,0.8,-5703.6104034485825,0.0,0.0,1.2157329079357342
43,trust_vcg,node-004,0.0,0.0,0.0,5099.691405807467,-1008.446532658663,0.8,0.0,0.0,0.0,0.0
43,trust_vcg,node-005,0.0,0.0,0.0,5099.691405807467,-1008.446532658663,0.8,0.0,0.0,0.0,0.0
43,trust_vcg,node-006,0.0,0.0,0.0,5099.691405807467,-1008.446532658663,0.8,0.0,0.0,0.0,0.0
43,trust_vcg,node-007,556.0374201257841,0.0,0.0,5099.691405807467,-1008.446532658663,0.8,-11155.777832459682,0.0,0.0,2.2807581560081287
43,trust_vcg,node-008,336.7778305308432,0.0,0.0,5099.691405807467,-1008.446532658663,0.8,-5554.250194111828,0.0,0.0,1.3813976468925167
43,trust_vcg,node-009,89.44105187275787,0.0,0.0,5099.691405807467,-1008.446532658663,0.8,-2310.5589481272423,0.0,0.0,0.36686992845659955
43,trust_vcg,node-010,0.0,0.0,0.0,5099.691405807467,-1008.446532658663,0.8,-2329.1962460230634,0.0,0.0,0.0
43,trust_vcg,node-011,697.0433245422979,0.0,0.0,5099.691405807467,-1008.446532658663,0.8,-8902.956675457703,0.0,0.0,2.859137155159868
43,trust_vcg,node-012,53.16644995827318,0.0,0.0,5099.691405807467,-1008.446532658663,0.8,-5648.233310534067,0.0,0.0,0.21807851410593693
43,trust_vcg,node-013,0.0,0.0,0.0,5099.691405807467,-1008.446532658663,0.8,0.0,0.0,0.0,0.0
43,trust_vcg,node-014,127.93749665001565,0.0,0.0,5099.691405807467,-1008.446532658663,0.8,-5583.9150320936715,0.0,0.0,0.5247749133102902
43,trust_vcg,node-015,89.26643072059133,0.0,0.0,5099.691405807467,-1008.446532658663,0.8,-11020.507028212787,-274.9446136799888,0.0,0.36615366620049944
43,trust_vcg,node-016,0.0,0.0,0.0,5099.691405807467,-1008.446532658663,0.8,-4477.185222015538,0.0,0.0,0.0
43,trust_vcg,node-017,589.5170270497431,0.0,0.0,5099.691405807467,-1008.446532658663,0.8,-5574.716031472497,0.0,0.0,2.4180850404730125
43,trust_vcg,node-018,9.155101125235149,0.0,0.0,5099.691405807467,-1008.446532658663,0.8,-590.8448988747648,0.0,0.0,0.03755245745103946
43,trust_vcg,node-019,65.55278031658324,0.0,0.0,5099.691405807467,-1008.446532658663,0.8,-2302.9426079115383,0.0,0.0,0.2688848500919864
43,trust_vcg,node-020,0.0,0.0,0.0,5099.691405807467,-1008.446532658663,0.8,0.0,0.0,0.0,0.0
43,trust_vcg,node-021,508.43061176451897,0.0,0.0,5099.691405807467,-1008.446532658663,0.8,-5623.162717740978,0.0,0.0,2.085484218461067
43,trust_vcg,node-022,0.0,0.0,0.0,5099.691405807467,-1008.446532658663,0.8,0.0,0.0,0.0,0.0
43,trust_vcg,node-023,0.0,0.0,0.0,5099.691405807467,-1008.446532658663,0.8,-5662.813388310005,0.0,0.0,0.0
43,trust_vcg,node-024,0.0,0.0,0.0,5099.691405807467,-1008.446532658663,0.8,-11107.734180008387,0.0,0.0,0.0
43,trust_vcg,node-025,0.0,0.0,0.0,5099.691405807467,-1008.446532658663,0.8,0.0,0.0,0.0,0.0
43,trust_vcg,node-026,0.0,0.0,0.0,5099.691405807467,-1008.446532658663,0.8,0.0,0.0,0.0,0.0
43,trust_vcg,node-027,400.3767493886908,0.0,0.0,5099.691405807467,-1008.446532658663,0.8,-5599.623250611309,0.0,0.0,1.6422681344678347
43,trust_vcg,node-028,584.5297047251328,-584.5297047251328,-406.6509724338107,5099.691405807467,-1008.446532658663,0.8,-6065.368962233925,-26.68180984369849,584.5297047251328,2.397628007085002
43,trust_vcg,node-029,0.0,0.0,0.0,5099.691405807467,-1008.446532658663,0.8,-8709.039103926856,0.0,0.0,0.0
43,contingent,node-000,0.0,0.0,0.0,5099.691405807467,235.1042870052771,0.8,0.0,0.0,-15.604007561430327,0.0
43,contingent,node-001,121.37628345606888,7.9562880555563655,47.12059123397338,5099.691405807467,235.1042870052771,0.8,-191.99582835144432,-4.712059123397337,-7.9562880555563655,0.49786208341114957
43,contingent,node-002,41.5942505830635,0.0,0.0,5099.691405807467,235.1042870052771,0.8,-422.96900611293484,0.0,0.0,0.170611586247033
43,contingent,node-003,0.0,0.0,0.0,5099.691405807467,235.1042870052771,0.8,-814.441613794332,0.0,0.0,0.0
43,contingent,node-004,0.0,0.0,0.0,5099.691405807467,235.1042870052771,0.8,0.0,0.0,0.0,0.0
43,contingent,node-005,0.0,0.0,0.0,5099.691405807467,235.1042870052771,0.8,0.0,0.0,0.0,0.0
43,contingent,node-006,0.0,0.0,0.0,5099.691405807467,235.1042870052771,0.8,0.0,0.0,0.0,0.0
43,contingent,node-007,27.90612476973689,0.0,0.0,5099.691405807467,235.1042870052771,0.8,-623.1113298387321,0.0,0.0,0.11446553661219407
43,contingent,node-008,37.1138993730824,0.0,0.0,5099.691405807467,235.1042870052771,0.8,-404.09426366872253,0.0,0.0,0.15223405050198605
43,contingent,node-009,0.0,0.0,0.0,5099.691405807467,235.1042870052771,0.8,-442.2357925089685,0.0,0.0,0.0
43,contingent,node-010,0.0,0.0,0.0,5099.691405807467,235.1042870052771,0.8,-516.7849840922531,0.0,0.0,0.0
43,contingent,node-011,176.6252772576667,0.0,0.0,5099.691405807467,235.1042870052771,0.8,-411.826701830808,0.0,0.0,0.7244827903335929
43,contingent,node-012,3.16644995827318,0.0,0.0,5099.691405807467,235.1042870052771,0.8,-592.933242136265,0.0,0.0,0.012988166455217076
43,contingent,node-013,0.0,0.0,0.0,5099.691405807467,235.1042870052771,0.8,0.0,0.0,0.0,0.0
43,contingent,node-014,77.93749665001565,0.0,0.0,5099.691405807467,235.1042870052771,0.8,-335.6601283746835,0.0,0.0,0.31968456565957043
43,contingent,node-015,159.45101345726138,0.0,0.0,5099.691405807467,235.1042870052771,0.8,-137.55729366421943,3.205596814560322,0.0,0.6540372756641869
43,contingent,node-016,0.0,0.0,0.0,5099.691405807467,235.1042870052771,0.8,-308.7408880621521,0.0,0.0,0.0
43,contingent,node-017,167.80887552694847,0.0,0.0,5099.691405807467,235.1042870052771,0.8,-298.864125889989,0.0,0.0,0.6883196124139647
43,contingent,node-018,0.0,0.0,0.0,5099.691405807467,235.1042870052771,0.8,-163.37959549905943,0.0,0.0,0.0
43,contingent,node-019,15.552780316583238,0.0,0.0,5099.691405807467,235.1042870052771,0.8,-411.7704316461524,0.0,0.0,0.06379450244126658
43,contingent,node-020,0.0,0.0,0.0,5099.691405807467,235.1042870052771,0.8,0.0,0.0,0.0,0.0
43,contingent,node-021,58.43061176451903,0.0,0.0,5099.691405807467,235.1042870052771,0.8,-492.65087096391,0.0,0.0,0.23967108960458897
43,contingent,node-022,0.0,0.0,0.0,5099.691405807467,235.1042870052771,0.8,0.0,0.0,0.0,0.0
43,contingent,node-023,0.0,0.0,0.0,5099.691405807467,235.1042870052771,0.8,-651.2535532400208,0.0,0.0,0.0
43,contingent,node-024,0.0,0.0,0.0,5099.691405807467,235.1042870052771,0.8,-608.4029727255673,0.0,0.0,0.0
43,contingent,node-025,0.0,0.0,0.0,5099.691405807467,235.1042870052771,0.8,0.0,0.0,0.0,0.0
43,contingent,node-026,0.0,0.0,0.0,5099.691405807467,235.1042870052771,0.8,0.0,0.0,0.0,0.0
43,contingent,node-027,102.19046182765041,0.0,0.0,5099.691405807467,235.1042870052771,0.8,-398.4930024452367,0.0,0.0,0.4191655468564087
43,contingent,node-028,163.27458665575355,10.10496347998163,187.98369577130367,5099.691405807467,235.1042870052771,0.8,-209.6996313162111,-18.79836957713037,-10.10496347998163,0.6697208347951216
43,contingent,node-029,74.41819728518784,0.0,0.0,5099.691405807467,235.1042870052771,0.8,-238.74008697337456,0.0,0.0,0.3052490790551806
43,capped,node-000,0.0,0.0,0.0,5099.691405807467,325.56455320460856,0.8,0.0,0.0,-9.791075794604252,0.0
43,capped,node-001,286.8644559212771,19.582151589208507,58.74645476762552,5099.691405807467,325.56455320460856,0.8,-65.5920366631805,-5.874645476762549,-19.582151589208507,1.1766626198705863
43,capped,node-002,41.5942505830635,0.0,0.0,5099.691405807467,325.56455320460856,0.8,-105.74225152823374,0.0,0.0,0.170611586247033
43,capped,node-003,0.0,0.0,0.0,5099.691405807467,325.56455320460856,0.8,-203.610403448583,0.0,0.0,0.0
43,capped,node-004,0.0,0.0,0.0,5099.691405807467,325.56455320460856,0.8,0.0,0.0,0.0,0.0
43,capped,node-005,0.0,0.0,0.0,5099.691405807467,325.56455320460856,0.8,0.0,0.0,0.0,0.0
43,capped,node-006,0.0,0.0,0.0,5099.691405807467,325.56455320460856,0.8,0.0,0.0,0.0,0.0
43,capped,node-007,37.10874510566688,0.0,0.0,5099.691405807467,325.56455320460856,0.8,-155.777832459683,0.0,0.0,0.15221290869206336
43,capped,node-008,37.1138993730824,0.0,0.0,5099.691405807467,325.56455320460856,0.8,-101.02356591718062,0.0,0.0,0.15223405050198605
43,capped,node-009,0.0,0.0,0.0,5099.691405807467,325.56455320460856,0.8,-110.55894812724213,0.0,0.0,0.0
43,capped,node-010,0.0,0.0,0.0,5099.691405807467,325.56455320460856,0.8,-129.19624602306328,0.0,0.0,0.0
43,capped,node-011,176.6252772576667,0.0,0.0,5099.691405807467,325.56455320460856,0.8,-102.95667545770202,0.0,0.0,0.7244827903335929
43,capped,node-012,3.16644995827318,0.0,0.0,5099.691405807467,325.56455320460856,0.8,-148.23331053406622,0.0,0.0,0.012988166455217076
43,capped,node-013,0.0,0.0,0.0,5099.691405807467,325.56455320460856,0.8,0.0,0.0,0.0,0.0
43,capped,node-014,166.22499695930563,0.0,0.0,5099.691405807467,325.56455320460856,0.8,-83.91503209367087,0.0,0.0,0.6818228482924767
43,capped,node-015,188.58319414108385,0.0,0.0,5099.691405807467,325.56455320460856,0.8,-34.389323416054864,9.201703129829045,0.0,0.7735318569495616
43,capped,node-016,0.0,0.0,0.0,5099.691405807467,325.56455320460856,0.8,-77.18522201553802,0.0,0.0,0.0
43,capped,node-017,167.80887552694847,0.0,0.0,5099.691405807467,325.56455320460856,0.8,-74.71603147249724,0.0,0.0,0.6883196124139647
43,capped,node-018,0.0,0.0,0.0,5099.691405807467,325.56455320460856,0.8,-40.84489887476485,0.0,0.0,0.0
43,capped,node-019,15.552780316583238,0.0,0.0,5099.691405807467,325.56455320460856,0.8,-102.9426079115381,0.0,0.0,0.06379450244126658
43,capped,node-020,0.0,0.0,0.0,5099.691405807467,325.56455320460856,0.8,0.0,0.0,0.0,0.0
43,capped,node-021,58.43061176451903,0.0,0.0,5099.691405807467,325.56455320460856,0.8,-123.1627177409775,0.0,0.0,0.23967108960458897
43,capped,node-022,0.0,0.0,0.0,5099.691405807467,325.56455320460856,0.8,0.0,0.0,0.0,0.0
43,capped,node-023,0.0,0.0,0.0,5099.691405807467,325.56455320460856,0.8,-162.81338831000522,0.0,0.0,0.0
43,capped,node-024,22.542934838112863,0.0,0.0,5099.691405807467,325.56455320460856,0.8,-152.10074318139183,0.0,0.0,0.09246676686032182
43,capped,node-025,0.0,0.0,0.0,5099.691405807467,325.56455320460856,0.8,0.0,0.0,0.0,0.0
43,capped,node-026,0.0,0.0,0.0,5099.691405807467,325.56455320460856,0.8,0.0,0.0,0.0,0.0
43,capped,node-027,102.19046182765041,0.0,0.0,5099.691405807467,325.56455320460856,0.8,-99.62325061130919,0.0,0.0,0.4191655468564087
43,capped,node-028,242.10898932143294,88.93936614566104,266.81809843698306,5099.691405807467,325.56455320460856,0.8,-138.83803310471842,-26.681809843698318,-88.93936614566104,0.9930843357859419
43,capped,node-029,157.9468041619605,0.0,0.0,5099.691405807467,325.56455320460856,0.8,-59.68502174334364,0.0,0.0,0.6478672995179329
43,proper_scoring,node-000,0.0,0.0,0.0,5099.691405807467,1001.3242881118866,0.8,0.0,0.0,344.51239150300063,0.0
43,proper_scoring,node-001,421.9501695925808,368.07268711998734,407.2369902984044,5099.691405807467,1001.3242881118866,0.8,-552.1122274158753,-4.712059123397353,-368.07268711998734,1.7307581394604517
43,proper_scoring,node-002,234.51975071293668,0.0,0.0,5099.691405807467,1001.3242881118866,0.8,-407.1903316997841,0.0,0.0,0.9619547440935267
43,proper_scoring,node-003,296.389596551417,0.0,0.0,5099.691405807467,1001.3242881118866,0.8,-623.2223670949234,0.0,0.0,1.2157329079357342
43,proper_scoring,node-004,0.0,0.0,0.0,5099.691405807467,1001.3242881118866,0.8,0.0,0.0,0.0,0.0
43,proper_scoring,node-005,0.0,0.0,0.0,5099.691405807467,1001.3242881118866,0.8,0.0,0.0,0.0,0.0
43,proper_scoring,node-006,0.0,0.0,0.0,5099.691405807467,1001.3242881118866,0.8,0.0,0.0,0.0,0.0
43,proper_scoring,node-007,827.4236802752824,0.0,0.0,5099.691405807467,1001.3242881118866,0.8,-528.4303030936844,0.0,0.0,3.3939322048419145
43,proper_scoring,node-008,336.7778305308432,0.0,0.0,5099.691405807467,1001.3242881118866,0.8,-391.89034149750637,0.0,0.0,1.3813976468925167
43,proper_scoring,node-009,89.44105187275787,0.0,0.0,5099.691405807467,1001.3242881118866,0.8,-310.5589481272421,0.0,0.0,0.36686992845659955
43,proper_scoring,node-010,0.0,0.0,0.0,5099.691405807467,1001.3242881118866,0.8,-329.1962460230633,0.0,0.0,0.0
43,proper_scoring,node-011,697.0433245422979,0.0,0.0,5099.691405807467,1001.3242881118866,0.8,-410.149131225505,0.0,0.0,2.859137155159868
43,proper_scoring,node-012,279.75260293614247,0.0,0.0,5099.691405807467,1001.3242881118866,0.8,-496.5884929434601,0.0,0.0,1.1474911718473448
43,proper_scoring,node-013,0.0,0.0,0.0,5099.691405807467,1001.3242881118866,0.8,0.0,0.0,0.0,0.0
43,proper_scoring,node-014,441.9575160468354,0.0,0.0,5099.691405807467,1001.3242881118866,0.8,-335.6601283746835,0.0,0.0,1.8128244122578812
43,proper_scoring,node-015,882.1271407097748,0.0,0.0,5099.691405807467,1001.3242881118866,0.8,-137.55729366421943,232.50422993395972,0.0,3.6183152392060633
43,proper_scoring,node-016,169.82328959346142,0.0,0.0,5099.691405807467,1001.3242881118866,0.8,-308.7408880621521,0.0,0.0,0.6965823500382375
43,proper_scoring,node-017,589.5170270497431,0.0,0.0,5099.691405807467,1001.3242881118866,0.8,-298.864125889989,0.0,0.0,2.4180850404730125
43,proper_scoring,node-018,9.155101125235149,0.0,0.0,5099.691405807467,1001.3242881118866,0.8,-90.84489887476485,0.0,0.0,0.03755245745103946
43,proper_scoring,node-019,65.55278031658324,0.0,0.0,5099.691405807467,1001.3242881118866,0.8,-302.9426079115381,0.0,0.0,0.2688848500919864
43,proper_scoring,node-020,0.0,0.0,0.0,5099.691405807467,1001.3242881118866,0.8,0.0,0.0,0.0,0.0
43,proper_scoring,node-021,508.43061176451897,0.0,0.0,5099.691405807467,1001.3242881118866,0.8,-451.799357185678,0.0,0.0,2.085484218461067
43,proper_scoring,node-022,0.0,0.0,0.0,5099.691405807467,1001.3242881118866,0.8,0.0,0.0,0.0,0.0
43,proper_scoring,node-023,163.101426741431,0.0,0.0,5099.691405807467,1001.3242881118866,0.8,-529.3349950607139,0.0,0.0,0.6690105662545699
43,proper_scoring,node-024,479.0022162012915,0.0,0.0,5099.691405807467,1001.3242881118866,0.8,-517.9308420337825,0.0,0.0,1.9647746209237629
43,proper_scoring,node-025,0.0,0.0,0.0,5099.691405807467,1001.3242881118866,0.8,0.0,0.0,0.0,0.0
43,proper_scoring,node-026,0.0,0.0,0.0,5099.691405807467,1001.3242881118866,0.8,0.0,0.0,0.0,0.0
43,proper_scoring,node-027,400.3767493886908,0.0,0.0,5099.691405807467,1001.3242881118866,0.8,-398.4930024452367,0.0,0.0,1.6422681344678347
43,proper_scoring,node-028,164.8397899449336,416.20856552216037,594.0872978134825,5099.691405807467,1001.3242881118866,0.8,-615.8032333583899,-23.36404493915802,-416.20856552216037,0.6761409965295613
43,proper_scoring,node-029,488.56700496803523,0.0,0.0,5099.691405807467,1001.3242881118866,0.8,-238.74008697337456,0.0,0.0,2.0040075379913063
43,audits,node-000,0.0,0.0,0.0,5099.691405807467,491.5534673413366,0.8,0.0,0.0,-170.3330907870824,0.0
43,audits,node-001,173.49441423407774,-140.95986340326965,-101.79556022485266,5099.691405807467,491.5534673413366,0.8,-2313.0091898858277,-5.874645476762595,140.95986340326965,0.7116405946145
43,audits,node-002,234.51975071293668,0.0,0.0,5099.691405807467,491.5534673413366,0.8,-955.7422515282337,0.0,0.0,0.9619547440935267
43,audits,node-003,296.389596551417,0.0,0.0,5099.691405807467,491.5534673413366,0.8,-1703.610403448583,0.0,0.0,1.2157329079357342
43,audits,node-004,0.0,0.0,0.0,5099.691405807467,491.5534673413366,0.8,0.0,0.0,0.0,0.0
43,audits,node-005,0.0,0.0,0.0,5099.691405807467,491.5534673413366,0.8,0.0,0.0,0.0,0.0
43,audits,node-006,0.0,0.0,0.0,5099.691405807467,491.5534673413366,0.8,0.0,0.0,0.0,0.0
43,audits,node-007,787.1087451056667,0.0,0.0,5099.691405807467,491.5534673413366,0.8,-2655.7778324596825,0.0,0.0,3.22856812345286
43,audits,node-008,336.7778305308432,0.0,0.0,5099.691405807467,491.5534673413366,0.8,-1554.250194111828,0.0,0.0,1.3813976468925167
43,audits,node-009,89.44105187275787,0.0,0.0,5099.691405807467,491.5534673413366,0.8,-310.5589481272421,0.0,0.0,0.36686992845659955
43,audits,node-010,0.0,0.0,0.0,5099.691405807467,491.5534673413366,0.8,-329.1962460230633,0.0,0.0,0.0
43,audits,node-011,697.0433245422979,0.0,0.0,5099.691405807467,491.5534673413366,0.8,-1902.9566754577022,0.0,0.0,2.859137155159868
43,audits,node-012,251.76668946593378,0.0,0.0,5099.691405807467,491.5534673413366,0.8,-1648.233310534066,0.0,0.0,1.0326983573887836
43,audits,node-013,0.0,0.0,0.0,5099.691405807467,491.5534673413366,0.8,0.0,0.0,0.0,0.0
43,audits,node-014,441.9575160468354,0.0,0.0,5099.691405807467,491.5534673413366,0.8,-1583.915032093671,0.0,0.0,1.8128244122578812
43,audits,node-015,768.7693129940134,0.0,0.0,5099.691405807467,491.5534673413366,0.8,-2520.5070282127863,225.05538632001128,0.0,3.153343313302945
43,audits,node-016,0.0,0.0,0.0,5099.691405807467,491.5534673413366,0.8,-1477.185222015538,0.0,0.0,0.0
43,audits,node-017,589.5170270497431,0.0,0.0,5099.691405807467,491.5534673413366,0.8,-1574.7160314724972,0.0,0.0,2.4180850404730125
43,audits,node-018,9.155101125235149,0.0,0.0,5099.691405807467,491.5534673413366,0.8,-90.84489887476485,0.0,0.0,0.03755245745103946
43,audits,node-019,65.55278031658324,0.0,0.0,5099.691405807467,491.5534673413366,0.8,-302.9426079115381,0.0,0.0,0.2688848500919864
43,audits,node-020,0.0,0.0,0.0,5099.691405807467,491.5534673413366,0.8,0.0,0.0,0.0,0.0
43,audits,node-021,508.43061176451897,0.0,0.0,5099.691405807467,491.5534673413366,0.8,-1623.1627177409775,0.0,0.0,2.085484218461067
43,audits,node-022,0.0,0.0,0.0,5099.691405807467,491.5534673413366,0.8,0.0,0.0,0.0,0.0
43,audits,node-023,0.0,0.0,0.0,5099.691405807467,491.5534673413366,0.8,-1662.8133883100052,0.0,0.0,0.0
43,audits,node-024,0.0,0.0,0.0,5099.691405807467,491.5534673413366,0.8,-2607.734180008388,0.0,0.0,0.0
43,audits,node-025,0.0,0.0,0.0,5099.691405807467,491.5534673413366,0.8,0.0,0.0,0.0,0.0
43,audits,node-026,0.0,0.0,0.0,5099.691405807467,491.5534673413366,0.8,0.0,0.0,0.0,0.0
43,audits,node-027,400.3767493886908,0.0,0.0,5099.691405807467,491.5534673413366,0.8,-1599.6232506113092,0.0,0.0,1.6422681344678347
43,audits,node-028,165.57806019222687,415.4702952748671,593.3490275661892,5099.691405807467,491.5534673413366,0.8,-2065.3689622339243,-26.681809843698204,-415.4702952748671,0.6791692385631125
43,audits,node-029,235.3246162569926,0.0,0.0,5099.691405807467,491.5534673413366,0.8,-1709.0391039268566,0.0,0.0,0.965256147178377
50,greedy,node-000,0.0,0.0,0.0,8495.928825066834,278.9045752367321,0.85,0.0,0.0,-13.389062420246356,0.0
50,greedy,node-001,0.0,0.0,0.0,8495.928825066834,278.9045752367321,0.85,-13.389062420246356,0.0,0.0,0.0
50,greedy,node-002,0.0,0.0,0.0,8495.928825066834,278.9045752367321,0.85,0.0,0.0,0.0,0.0
50,greedy,node-003,0.0,0.0,0.0,8495.928825066834,278.9045752367321,0.85,0.0,0.0,0.0,0.0
50,greedy,node-004,0.0,0.0,0.0,8495.928825066834,278.9045752367321,0.85,-35.67080193396704,0.0,0.0,0.0
50,greedy,node-005,0.0,0.0,0.0,8495.928825066834,278.9045752367321,0.85,0.0,0.0,0.0,0.0
50,greedy,node-006,5.075691326982408,0.0,0.0,8495.928825066834,278.9045752367321,0.85,-41.414539188630556,0.0,0.0,0.020819505976371312
50,greedy,node-007,0.0,0.0,0.0,8495.928825066834,278.9045752367321,0.85,0.0,0.0,0.0,0.0
50,greedy,node-008,0.0,0.0,0.0,8495.928825066834,278.9045752367321,0.85,0.0,0.0,0.0,0.0
50,greedy,node-009,0.0,0.0,0.0,8495.928825066834,278.9045752367321,0.85,0.0,0.0,0.0,0.0
50,greedy,node-010,0.0,0.0,0.0,8495.928825066834,278.9045752367321,0.85,0.0,0.0,0.0,0.0
50,greedy,node-011,0.0,0.0,0.0,8495.928825066834,278.9045752367321,0.85,0.0,0.0,0.0,0.0
50,greedy,node-012,0.0,0.0,0.0,8495.928825066834,278.9045752367321,0.85,-47.96194397864623,0.0,0.0,0.0
50,greedy,node-013,0.0,0.0,0.0,8495.928825066834,278.9045752367321,0.85,0.0,0.0,0.0,0.0
50,greedy,node-014,18.303901788635144,63.77200787812953,191.3160236343886,8495.928825066834,278.9045752367321,0.85,-108.2189331441413,-15.368451276207168,-63.77200787812953,0.07507907162391629
50,greedy,node-015,0.0,0.0,0.0,8495.928825066834,278.9045752367321,0.85,0.0,0.0,0.0,0.0
50,greedy,node-016,0.0,0.0,0.0,8495.928825066834,278.9045752367321,0.85,0.0,0.0,0.0,0.0
50,greedy,node-017,0.0,0.0,0.0,8495.928825066834,278.9045752367321,0.85,-52.548930371978926,0.0,0.0,0.0
50,greedy,node-018,0.0,0.0,0.0,8495.928825066834,278.9045752367321,0.85,0.0,0.0,0.0,0.0
50,greedy,node-019,0.0,0.0,0.0,8495.928825066834,278.9045752367321,0.85,0.0,0.0,0.0,0.0
50,greedy,node-020,0.0,0.0,0.0,8495.928825066834,278.9045752367321,0.85,-23.49911732413309,0.0,0.0,0.0
50,greedy,node-021,0.0,0.0,0.0,8495.928825066834,278.9045752367321,0.85,-54.17095760595913,0.0,0.0,0.0
50,greedy,node-022,0.0,0.0,0.0,8495.928825066834,278.9045752367321,0.85,0.0,0.0,0.0,0.0
50,greedy,node-023,13.230401438089885,29.196183867447836,87.58855160234351,8495.928825066834,278.9045752367321,0.85,-69.20699294244298,-0.4620214033806107,-29.196183867447836,0.054268552609928765
50,greedy,node-024,0.0,0.0,0.0,8495.928825066834,278.9045752367321,0.85,-61.19251948413877,0.0,0.0,0.0
50,greedy,node-025,0.0,0.0,0.0,8495.928825066834,278.9045752367321,0.85,0.0,0.0,0.0,0.0
50,greedy,node-026,0.0,0.0,0.0,8495.928825066834,278.9045752367321,0.85,-43.15400054731232,0.0,0.0,0.0
50,greedy,node-027,0.0,0.0,0.0,8495.928825066834,278.9045752367321,0.85,0.0,0.0,0.0,0.0
50,greedy,node-028,0.0,0.0,0.0,8495.928825066834,278.9045752367321,0.85,0.0,0.0,0.0,0.0
50,greedy,node-029,0.0,0.0,0.0,8495.928825066834,278.9045752367321,0.85,0.0,0.0,0.0,0.0
50,trust_vcg,node-000,0.0,0.0,0.0,8368.981105172346,934.7590691474587,0.9473684210526315,0.0,0.0,90.54903808115023,0.0
50,trust_vcg,node-001,90.54903808115023,0.0,0.0,8368.981105172346,934.7590691474587,0.9473684210526315,-8876.552527299766,0.0,0.0,0.37141467399002737
50,trust_vcg,node-002,0.0,0.0,0.0,8368.981105172346,934.7590691474587,0.9473684210526315,0.0,0.0,0.0,0.0
50,trust_vcg,node-003,0.0,0.0,0.0,8368.981105172346,934.7590691474587,0.9473684210526315,0.0,0.0,0.0,0.0
50,trust_vcg,node-004,0.0,0.0,0.0,8368.981105172346,934.7590691474587,0.9473684210526315,-6672.475148719175,0.0,0.0,0.0
50,trust_vcg,node-005,0.0,0.0,0.0,8368.981105172346,934.7590691474587,0.9473684210526315,0.0,0.0,0.0,0.0
50,trust_vcg,node-006,499.653829445414,-53.83974263400123,18.5101740761365,8368.981105172346,934.7590691474587,0.9473684210526315,-11037.788430988823,147.96071569190389,53.83974263400123,2.0494835517194687
50,trust_vcg,node-007,0.0,0.0,0.0,8368.981105172346,934.7590691474587,0.9473684210526315,-9382.969930543532,0.0,0.0,0.0
50,trust_vcg,node-008,0.0,0.0,0.0,8368.981105172346,934.7590691474587,0.9473684210526315,0.0,0.0,0.0,0.0
50,trust_vcg,node-009,0.0,0.0,0.0,8368.981105172346,934.7590691474587,0.9473684210526315,0.0,0.0,0.0,0.0
50,trust_vcg,node-010,0.0,0.0,0.0,8368.981105172346,934.7590691474587,0.9473684210526315,-2242.6366265784,0.0,0.0,0.0
50,trust_vcg,node-011,0.0,0.0,0.0,8368.981105172346,934.7590691474587,0.9473684210526315,0.0,0.0,0.0,0.0
50,trust_vcg,node-012,43.68231268125763,0.0,0.0,8368.981105172346,934.7590691474587,0.9473684210526315,-5559.155492734387,0.0,0.0,0.1791764138797315
50,trust_vcg,node-013,230.41336464253283,0.0,0.0,8368.981105172346,934.7590691474587,0.9473684210526315,-3369.5866353574675,0.0,0.0,0.9451111411581827
50,trust_vcg,node-014,77.28043385759909,0.0,0.0,8368.981105172346,934.7590691474587,0.9473684210526315,-5484.735636294406,0.0,0.0,0.3169894209290691
50,trust_vcg,node-015,47.33358140342787,0.0,0.0,8368.981105172346,934.7590691474587,0.9473684210526315,-1152.6664185965722,0.0,0.0,0.1941532133116534
50,trust_vcg,node-016,233.2025598735344,0.0,0.0,8368.981105172346,934.7590691474587,0.9473684210526315,-3366.7974401264655,0.0,0.0,0.9565518815500196
50,trust_vcg,node-017,0.0,0.0,0.0,8368.981105172346,934.7590691474587,0.9473684210526315,-5503.162047587607,0.0,0.0,0.0
50,trust_vcg,node-018,158.86300246731406,0.0,0.0,8368.981105172346,934.7590691474587,0.9473684210526315,-2241.1369975326857,0.0,0.0,0.6516253680971721
50,trust_vcg,node-019,173.34194318596337,0.0,0.0,8368.981105172346,934.7590691474587,0.9473684210526315,-5614.600840321862,0.0,0.0,0.711015187809211
50,trust_vcg,node-020,0.0,0.0,0.0,8368.981105172346,934.7590691474587,0.9473684210526315,-8777.924108962152,0.0,0.0,0.0
50,trust_vcg,node-021,266.0773007549786,0.0,0.0,8368.981105172346,934.7590691474587,0.9473684210526315,-5554.170957605958,0.0,0.0,1.091397722276074
50,trust_vcg,node-022,314.9616261320492,0.0,0.0,8368.981105172346,934.7590691474587,0.9473684210526315,-4485.038373867951,0.0,0.0,1.2919117880011604
50,trust_vcg,node-023,0.0,0.0,0.0,8368.981105172346,934.7590691474587,0.9473684210526315,-11033.449132982141,0.0,0.0,0.0
50,trust_vcg,node-024,0.0,0.0,0.0,8368.981105172346,934.7590691474587,0.9473684210526315,-5486.893783567974,0.0,0.0,0.0
50,trust_vcg,node-025,0.0,0.0,0.0,8368.981105172346,934.7590691474587,0.9473684210526315,0.0,0.0,0.0,0.0
50,trust_vcg,node-026,58.64348261821165,0.0,0.0,8368.981105172346,934.7590691474587,0.9473684210526315,-5563.821442441866,0.0,0.0,0.24054424475235947
50,trust_vcg,node-027,0.0056001762103505826,605.4125649063004,916.2488950713223,8368.981105172346,934.7590691474587,0.9473684210526315,-6188.746644398167,-46.625449524753094,-605.4125649063004,2.2970841717721834e-05
50,trust_vcg,node-028,114.59210209928929,0.0,0.0,8368.981105172346,934.7590691474587,0.9473684210526315,-1685.4078979007109,0.0,0.0,0.47003468115140046
50,trust_vcg,node-029,0.0,0.0,0.0,8368.981105172346,934.7590691474587,0.9473684210526315,0.0,0.0,0.0,0.0
50,contingent,node-000,0.0,0.0,0.0,8368.981105172346,556.597238838645,0.9473684210526315,0.0,0.0,-4.106602842180102,0.0
50,contingent,node-001,0.0,0.0,0.0,8368.981105172346,556.597238838645,0.9473684210526315,-306.2101091990665,0.0,0.0,0.0
50,contingent,node-002,0.0,0.0,0.0,8368.981105172346,556.597238838645,0.9473684210526315,0.0,0.0,0.0,0.0
50,contingent,node-003,0.0,0.0,0.0,8368.981105172346,556.597238838645,0.9473684210526315,0.0,0.0,0.0,0.0
50,contingent,node-004,145.0260170151253,0.0,0.0,8368.981105172346,556.597238838645,0.9473684210526315,-289.90059487670436,0.0,0.0,0.5948687249606252
50,contingent,node-005,0.0,0.0,0.0,8368.981105172346,556.597238838645,0.9473684210526315,0.0,0.0,0.0,0.0
50,contingent,node-006,99.03483009497069,17.99282688097469,90.34274359111242,8368.981105172346,556.597238838645,0.9473684210526315,-384.5055213722773,3.013390349141737,-17.99282688097469,0.40622175467415017
50,contingent,node-007,0.0,0.0,0.0,8368.981105172346,556.597238838645,0.9473684210526315,-346.7034342100921,0.0,0.0,0.0
50,contingent,node-008,0.0,0.0,0.0,8368.981105172346,556.597238838645,0.9473684210526315,0.0,0.0,0.0,0.0
50,contingent,node-009,0.0,0.0,0.0,8368.981105172346,556.597238838645,0.9473684210526315,0.0,0.0,0.0,0.0
50,contingent,node-010,0.0,0.0,0.0,8368.981105172346,556.597238838645,0.9473684210526315,-174.11386889839127,0.0,0.0,0.0
50,contingent,node-011,0.0,0.0,0.0,8368.981105172346,556.597238838645,0.9473684210526315,0.0,0.0,0.0,0.0
50,contingent,node-012,141.67671445345985,0.0,0.0,8368.981105172346,556.597238838645,0.9473684210526315,-236.62197093754472,0.0,0.0,0.5811305324254369
50,contingent,node-013,0.0,0.0,0.0,8368.981105172346,556.597238838645,0.9473684210526315,-278.34654142986864,0.0,0.0,0.0
50,contingent,node-014,148.67815944609046,0.0,0.0,8368.981105172346,556.597238838645,0.9473684210526315,-138.2958760054925,0.0,0.0,0.6098491081773569
50,contingent,node-015,0.0,0.0,0.0,8368.981105172346,556.597238838645,0.9473684210526315,-210.66567438628852,0.0,0.0,0.0
50,contingent,node-016,0.0,0.0,0.0,8368.981105172346,556.597238838645,0.9473684210526315,-267.18976050586247,0.0,0.0,0.0
50,contingent,node-017,88.14063162812745,0.0,0.0,8368.981105172346,556.597238838645,0.9473684210526315,-210.1957214879157,0.0,0.0,0.3615358556553338
50,contingent,node-018,0.0,0.0,0.0,8368.981105172346,556.597238838645,0.9473684210526315,-164.54799013074378,0.0,0.0,0.0
50,contingent,node-019,23.341943185963387,0.0,0.0,8368.981105172346,556.597238838645,0.9473684210526315,-458.4033612874521,0.0,0.0,0.09574414485705164
50,contingent,node-020,0.0,0.0,0.0,8368.981105172346,556.597238838645,0.9473684210526315,-268.08650556603277,0.0,0.0,0.0
50,contingent,node-021,117.17560937251525,0.0,0.0,8368.981105172346,556.597238838645,0.9473684210526315,-216.68383042383655,0.0,0.0,0.48063172924788194
50,contingent,node-022,14.60083065396983,0.0,0.0,8368.981105172346,556.597238838645,0.9473684210526315,-340.1534954718032,0.0,0.0,0.059889788696239184
50,contingent,node-023,5.766019745247213,0.0,0.0,8368.981105172346,556.597238838645,0.9473684210526315,-312.0668241392278,0.0,0.0,0.02365109988227332
50,contingent,node-024,0.0,0.0,0.0,8368.981105172346,556.597238838645,0.9473684210526315,-265.7035852996253,0.0,0.0,0.0
50,contingent,node-025,0.0,0.0,0.0,8368.981105172346,556.597238838645,0.9473684210526315,0.0,0.0,0.0,0.0
50,contingent,node-026,175.1463711196968,0.0,0.0,8368.981105172346,556.597238838645,0.9473684210526315,-255.2857697674624,0.0,0.0,0.7184166028540122
50,contingent,node-027,52.9199595443485,155.4181650825109,466.25449524753265,8368.981105172346,556.597238838645,0.9473684210526315,-488.7544830499703,-46.625449524753236,-155.4181650825109,0.21706745801224928
50,contingent,node-028,0.0,0.0,0.0,8368.981105172346,556.597238838645,0.9473684210526315,-141.63159160284292,0.0,0.0,0.0
50,contingent,node-029,0.0,0.0,0.0,8368.981105172346,556.597238838645,0.9473684210526315,0.0,0.0,0.0,0.0
50,capped,node-000,0.0,0.0,0.0,8368.981105172346,574.7793703127393,0.9473684210526315,0.0,0.0,-4.106602842180102,0.0
50,capped,node-001,10.225377539068994,0.0,0.0,8368.981105172346,574.7793703127393,0.9473684210526315,-76.55252729976664,0.0,0.0,0.041942524686950436
50,capped,node-002,0.0,0.0,0.0,8368.981105172346,574.7793703127393,0.9473684210526315,0.0,0.0,0.0,0.0
50,capped,node-003,0.0,0.0,0.0,8368.981105172346,574.7793703127393,0.9473684210526315,0.0,0.0,0.0,0.0
50,capped,node-004,213.11354124398238,0.0,0.0,8368.981105172346,574.7793703127393,0.9473684210526315,-72.47514871917609,0.0,0.0,0.8741506052560873
50,capped,node-005,0.0,0.0,0.0,8368.981105172346,574.7793703127393,0.9473684210526315,0.0,0.0,0.0,0.0
50,capped,node-006,103.58036296349425,36.17495835506887,108.52487506520659,8368.981105172346,574.7793703127393,0.9473684210526315,-127.80313197789452,1.1951772017323208,-36.17495835506887,0.4248666529994156
50,capped,node-007,12.715235077177837,0.0,0.0,8368.981105172346,574.7793703127393,0.9473684210526315,-86.67585855252301,0.0,0.0,0.052155439648780604
50,capped,node-008,0.0,0.0,0.0,8368.981105172346,574.7793703127393,0.9473684210526315,0.0,0.0,0.0,0.0
50,capped,node-009,0.0,0.0,0.0,8368.981105172346,574.7793703127393,0.9473684210526315,0.0,0.0,0.0,0.0
50,capped,node-010,0.0,0.0,0.0,8368.981105172346,574.7793703127393,0.9473684210526315,-43.52846722459782,0.0,0.0,0.0
50,capped,node-011,0.0,0.0,0.0,8368.981105172346,574.7793703127393,0.9473684210526315,0.0,0.0,0.0,0.0
50,capped,node-012,207.04422457035167,0.0,0.0,8368.981105172346,574.7793703127393,0.9473684210526315,-59.15549273438618,0.0,0.0,0.8492554399241427
50,capped,node-013,0.0,0.0,0.0,8368.981105172346,574.7793703127393,0.9473684210526315,-69.58663535746717,0.0,0.0,0.0
50,capped,node-014,172.86984500686555,0.0,0.0,8368.981105172346,574.7793703127393,0.9473684210526315,-34.573969001373115,0.0,0.0,0.7090787322156822
50,capped,node-015,0.0,0.0,0.0,8368.981105172346,574.7793703127393,0.9473684210526315,-52.66641859657213,0.0,0.0,0.0
50,capped,node-016,0.0,0.0,0.0,8368.981105172346,574.7793703127393,0.9473684210526315,-66.79744012646563,0.0,0.0,0.0
50,capped,node-017,169.5582519780113,0.0,0.0,8368.981105172346,574.7793703127393,0.9473684210526315,-52.548930371978926,0.0,0.0,0.6954952169043738
50,capped,node-018,0.0,0.0,0.0,8368.981105172346,574.7793703127393,0.9473684210526315,-41.136997532685946,0.0,0.0,0.0
50,capped,node-019,23.341943185963387,0.0,0.0,8368.981105172346,574.7793703127393,0.9473684210526315,-114.60084032186305,0.0,0.0,0.09574414485705164
50,capped,node-020,12.247539705790484,0.0,0.0,8368.981105172346,574.7793703127393,0.9473684210526315,-67.02162639150819,0.0,0.0,0.050237043522531305
50,capped,node-021,173.85600187207334,0.0,0.0,8368.981105172346,574.7793703127393,0.9473684210526315,-54.17095760595913,0.0,0.0,0.7131237573021544
50,capped,node-022,14.60083065396983,0.0,0.0,8368.981105172346,574.7793703127393,0.9473684210526315,-85.0383738679508,0.0,0.0,0.059889788696239184
50,capped,node-023,80.02161814999027,0.0,0.0,8368.981105172346,574.7793703127393,0.9473684210526315,-78.01670603480692,0.0,0.0,0.32823322971909313
50,capped,node-024,28.25117447196443,0.0,0.0,8368.981105172346,574.7793703127393,0.9473684210526315,-66.42589632490632,0.0,0.0,0.11588086387992652
50,capped,node-025,0.0,0.0,0.0,8368.981105172346,574.7793703127393,0.9473684210526315,0.0,0.0,0.0,0.0
50,capped,node-026,208.64348261821164,0.0,0.0,8368.981105172346,574.7793703127393,0.9473684210526315,-63.8214424418656,0.0,0.0,0.8558152877045189
50,capped,node-027,52.9199595443485,155.4181650825109,466.25449524753265,8368.981105172346,574.7793703127393,0.9473684210526315,-238.75224457437577,-46.625449524753236,-155.4181650825109,0.21706745801224928
50,capped,node-028,0.0,0.0,0.0,8368.981105172346,574.7793703127393,0.9473684210526315,-35.40789790071072,0.0,0.0,0.0
50,capped,node-029,0.0,0.0,0.0,8368.981105172346,574.7793703127393,0.9473684210526315,0.0,0.0,0.0,0.0
50,proper_scoring,node-000,0.0,0.0,0.0,8368.981105172346,1446.8882541329492,0.9473684210526315,0.0,0.0,90.54903808115023,0.0
50,proper_scoring,node-001,421.9605986264625,0.0,0.0,8368.981105172346,1446.8882541329492,0.9473684210526315,-306.2101091990665,0.0,0.0,1.730800917344141
50,proper_scoring,node-002,0.0,0.0,0.0,8368.981105172346,1446.8882541329492,0.9473684210526315,0.0,0.0,0.0,0.0
50,proper_scoring,node-003,0.0,0.0,0.0,8368.981105172346,1446.8882541329492,0.9473684210526315,0.0,0.0,0.0,0.0
50,proper_scoring,node-004,495.0260170151253,0.0,0.0,8368.981105172346,1446.8882541329492,0.9473684210526315,-289.90059487670436,0.0,0.0,2.0305011585156643
50,proper_scoring,node-005,0.0,0.0,0.0,8368.981105172346,1446.8882541329492,0.9473684210526315,0.0,0.0,0.0,0.0
50,proper_scoring,node-006,523.8880458543533,458.28944235148884,530.6393590616266,8368.981105172346,1446.8882541329492,0.9473684210526315,-820.9967151877297,149.7789288393132,-458.28944235148884,2.1488876290865115
50,proper_scoring,node-007,514.2146009280461,0.0,0.0,8368.981105172346,1446.8882541329492,0.9473684210526315,-346.7034342100921,0.0,0.0,2.109209025428183
50,proper_scoring,node-008,0.0,0.0,0.0,8368.981105172346,1446.8882541329492,0.9473684210526315,0.0,0.0,0.0,0.0
50,proper_scoring,node-009,0.0,0.0,0.0,8368.981105172346,1446.8882541329492,0.9473684210526315,0.0,0.0,0.0,0.0
50,proper_scoring,node-010,73.89372077008174,0.0,0.0,8368.981105172346,1446.8882541329492,0.9473684210526315,-174.11386889839127,0.0,0.0,0.3030977776388256
50,proper_scoring,node-011,0.0,0.0,0.0,8368.981105172346,1446.8882541329492,0.9473684210526315,0.0,0.0,0.0,0.0
50,proper_scoring,node-012,541.6767144534599,0.0,0.0,8368.981105172346,1446.8882541329492,0.9473684210526315,-236.62197093754472,0.0,0.0,2.221853313631196
50,proper_scoring,node-013,230.41336464253283,0.0,0.0,8368.981105172346,1446.8882541329492,0.9473684210526315,-278.34654142986864,0.0,0.0,0.9451111411581827
50,proper_scoring,node-014,598.1049150261274,0.0,0.0,8368.981105172346,1446.8882541329492,0.9473684210526315,-138.2958760054925,0.0,0.0,2.4533108990862544
50,proper_scoring,node-015,47.33358140342787,0.0,0.0,8368.981105172346,1446.8882541329492,0.9473684210526315,-152.66641859657213,0.0,0.0,0.1941532133116534
50,proper_scoring,node-016,233.2025598735344,0.0,0.0,8368.981105172346,1446.8882541329492,0.9473684210526315,-267.18976050586247,0.0,0.0,0.9565518815500196
50,proper_scoring,node-017,439.463520684159,0.0,0.0,8368.981105172346,1446.8882541329492,0.9473684210526315,-210.1957214879157,0.0,0.0,1.8025945247384694
50,proper_scoring,node-018,158.86300246731406,0.0,0.0,8368.981105172346,1446.8882541329492,0.9473684210526315,-164.54799013074378,0.0,0.0,0.6516253680971721
50,proper_scoring,node-019,308.3582574524856,0.0,0.0,8368.981105172346,1446.8882541329492,0.9473684210526315,-454.64095443007994,0.0,0.0,1.2648260444380088
50,proper_scoring,node-020,549.2132505944757,0.0,0.0,8368.981105172346,1446.8882541329492,0.9473684210526315,-268.08650556603277,0.0,0.0,2.2527667299760585
50,proper_scoring,node-021,523.8560018720733,0.0,0.0,8368.981105172346,1446.8882541329492,0.9473684210526315,-216.68383042383655,0.0,0.0,2.1487561908571933
50,proper_scoring,node-022,314.9616261320492,0.0,0.0,8368.981105172346,1446.8882541329492,0.9473684210526315,-328.820043450339,0.0,0.0,1.2919117880011604
50,proper_scoring,node-023,511.1480516592388,0.0,0.0,8368.981105172346,1446.8882541329492,0.9473684210526315,-311.3401884861756,0.0,0.0,2.0966306323156276
50,proper_scoring,node-024,317.8509459589162,0.0,0.0,8368.981105172346,1446.8882541329492,0.9473684210526315,-265.7035852996253,0.0,0.0,1.3037632201564857
50,proper_scoring,node-025,0.0,0.0,0.0,8368.981105172346,1446.8882541329492,0.9473684210526315,0.0,0.0,0.0,0.0
50,proper_scoring,node-026,575.1463711196968,0.0,0.0,8368.981105172346,1446.8882541329492,0.9473684210526315,-255.2857697674624,0.0,0.0,2.359139384059771
50,proper_scoring,node-027,0.0056001762103505826,605.4125649063004,916.2488950713223,8368.981105172346,1446.8882541329492,0.9473684210526315,-938.7488828737598,-46.625449524753094,-605.4125649063004,2.2970841717721834e-05
50,proper_scoring,node-028,114.59210209928929,0.0,0.0,8368.981105172346,1446.8882541329492,0.9473684210526315,-141.63159160284292,0.0,0.0,0.47003468115140046
50,proper_scoring,node-029,0.0,0.0,0.0,8368.981105172346,1446.8882541329492,0.9473684210526315,0.0,0.0,0.0,0.0
50,audits,node-000,0.0,0.0,0.0,8368.981105172346,934.7590691474587,0.9473684210526315,0.0,0.0,90.54903808115023,0.0
50,audits,node-001,243.3140115999746,0.0,0.0,8368.981105172346,934.7590691474587,0.9473684210526315,-2876.5525272997666,0.0,0.0,0.9980271045466014
50,audits,node-002,0.0,0.0,0.0,8368.981105172346,934.7590691474587,0.9473684210526315,0.0,0.0,0.0,0.0
50,audits,node-003,0.0,0.0,0.0,8368.981105172346,934.7590691474587,0.9473684210526315,0.0,0.0,0.0,0.0
50,audits,node-004,463.1135412439824,0.0,0.0,8368.981105172346,934.7590691474587,0.9473684210526315,-2172.4751487191756,0.0,0.0,1.8996023435096867
50,audits,node-005,0.0,0.0,0.0,8368.981105172346,934.7590691474587,0.9473684210526315,0.0,0.0,0.0,0.0
50,audits,node-006,499.653829445414,-53.83974263400123,18.5101740761365,8368.981105172346,934.7590691474587,0.9473684210526315,-3037.7884309888245,147.96071569190389,53.83974263400123,2.0494835517194687
50,audits,node-007,115.79834830555032,0.0,0.0,8368.981105172346,934.7590691474587,0.9473684210526315,-2882.9699305435306,0.0,0.0,0.4749824702272892
50,audits,node-008,0.0,0.0,0.0,8368.981105172346,934.7590691474587,0.9473684210526315,0.0,0.0,0.0,0.0
50,audits,node-009,0.0,0.0,0.0,8368.981105172346,934.7590691474587,0.9473684210526315,0.0,0.0,0.0,0.0
50,audits,node-010,56.69411968648337,0.0,0.0,8368.981105172346,934.7590691474587,0.9473684210526315,-742.6366265783997,0.0,0.0,0.23254833432504787
50,audits,node-011,0.0,0.0,0.0,8368.981105172346,934.7590691474587,0.9473684210526315,0.0,0.0,0.0,0.0
50,audits,node-012,507.0442245703517,0.0,0.0,8368.981105172346,934.7590691474587,0.9473684210526315,-1559.1554927343861,0.0,0.0,2.079797525828462
50,audits,node-013,230.41336464253283,0.0,0.0,8368.981105172346,934.7590691474587,0.9473684210526315,-1369.5866353574675,0.0,0.0,0.9451111411581827
50,audits,node-014,77.28043385759909,0.0,0.0,8368.981105172346,934.7590691474587,0.9473684210526315,-1484.735636294406,0.0,0.0,0.3169894209290691
50,audits,node-015,47.33358140342787,0.0,0.0,8368.981105172346,934.7590691474587,0.9473684210526315,-152.66641859657213,0.0,0.0,0.1941532133116534
50,audits,node-016,233.2025598735344,0.0,0.0,8368.981105172346,934.7590691474587,0.9473684210526315,-1366.7974401264655,0.0,0.0,0.9565518815500196
50,audits,node-017,0.0,0.0,0.0,8368.981105172346,934.7590691474587,0.9473684210526315,-1503.1620475876066,0.0,0.0,0.0
50,audits,node-018,158.86300246731406,0.0,0.0,8368.981105172346,934.7590691474587,0.9473684210526315,-741.1369975326859,0.0,0.0,0.6516253680971721
50,audits,node-019,285.399159678137,0.0,0.0,8368.981105172346,934.7590691474587,0.9473684210526315,-1614.6008403218632,0.0,0.0,1.1706522575522482
50,audits,node-020,448.6472810565373,0.0,0.0,8368.981105172346,934.7590691474587,0.9473684210526315,-2777.92410896215,0.0,0.0,1.8402645368887087
50,audits,node-021,523.8560018720733,0.0,0.0,8368.981105172346,934.7590691474587,0.9473684210526315,-1554.170957605959,0.0,0.0,2.1487561908571933
50,audits,node-022,314.9616261320492,0.0,0.0,8368.981105172346,934.7590691474587,0.9473684210526315,-1485.0383738679511,0.0,0.0,1.2919117880011604
50,audits,node-023,297.11957382703247,0.0,0.0,8368.981105172346,934.7590691474587,0.9473684210526315,-3033.449132982141,0.0,0.0,1.2187271338003962
50,audits,node-024,293.00432339707584,0.0,0.0,8368.981105172346,934.7590691474587,0.9473684210526315,-1486.8937835679737,0.0,0.0,1.2018471709734044
50,audits,node-025,0.0,0.0,0.0,8368.981105172346,934.7590691474587,0.9473684210526315,0.0,0.0,0.0,0.0
50,audits,node-026,558.6434826182116,0.0,0.0,8368.981105172346,934.7590691474587,0.9473684210526315,-1563.8214424418654,0.0,0.0,2.2914477212595576
50,audits,node-027,0.0056001762103505826,605.4125649063004,916.2488950713223,8368.981105172346,934.7590691474587,0.9473684210526315,-2188.7466443981652,-46.625449524753094,-605.4125649063004,2.2970841717721834e-05
50,audits,node-028,114.59210209928929,0.0,0.0,8368.981105172346,934.7590691474587,0.9473684210526315,-185.40789790071074,0.0,0.0,0.47003468115140046
50,audits,node-029,0.0,0.0,0.0,8368.981105172346,934.7590691474587,0.9473684210526315,0.0,0.0,0.0,0.0
48,greedy,node-000,0.0,0.0,0.0,6729.684005320348,319.8969077282694,0.8,0.0,0.0,0.0,0.0
48,greedy,node-001,0.0,0.0,0.0,6729.684005320348,319.8969077282694,0.8,0.0,0.0,0.0,0.0
48,greedy,node-002,0.0,0.0,0.0,6729.684005320348,319.8969077282694,0.8,-10.140605497843566,0.0,0.0,0.0
48,greedy,node-003,0.0,0.0,0.0,6729.684005320348,319.8969077282694,0.8,0.0,0.0,0.0,0.0
48,greedy,node-004,11.518557030789879,0.0,0.0,6729.684005320348,319.8969077282694,0.8,-59.63919916090789,0.0,0.0,0.047246897317586786
48,greedy,node-005,0.0,0.0,0.0,6729.684005320348,319.8969077282694,0.8,-53.539802567040546,0.0,0.0,0.0
48,greedy,node-006,0.0,0.0,0.0,6729.684005320348,319.8969077282694,0.8,0.0,0.0,0.0,0.0
48,greedy,node-007,0.0,0.0,0.0,6729.684005320348,319.8969077282694,0.8,0.0,0.0,0.0,0.0
48,greedy,node-008,0.0,0.0,0.0,6729.684005320348,319.8969077282694,0.8,0.0,0.0,0.0,0.0
48,greedy,node-009,0.0,0.0,0.0,6729.684005320348,319.8969077282694,0.8,0.0,0.0,0.0,0.0
48,greedy,node-010,0.0,0.0,0.0,6729.684005320348,319.8969077282694,0.8,0.0,0.0,0.0,0.0
48,greedy,node-011,13.42119729538679,0.0,0.0,6729.684005320348,319.8969077282694,0.8,-47.469374412331554,0.0,0.0,0.05505116038399555
48,greedy,node-012,19.692292293686418,0.0,0.0,6729.684005320348,319.8969077282694,0.8,-67.55786852398374,27.74240170498762,0.0,0.08077398145103477
48,greedy,node-013,19.854390428324848,0.0,0.0,6729.684005320348,319.8969077282694,0.8,-55.385437756528354,17.749255564538394,0.0,0.08143887670676535
48,greedy,node-014,0.0,0.0,0.0,6729.684005320348,319.8969077282694,0.8,0.0,0.0,0.0,0.0
48,greedy,node-015,0.0,0.0,0.0,6729.684005320348,319.8969077282694,0.8,0.0,0.0,0.0,0.0
48,greedy,node-016,0.0,0.0,0.0,6729.684005320348,319.8969077282694,0.8,0.0,0.0,0.0,0.0
48,greedy,node-017,13.767442463947262,0.0,0.0,6729.684005320348,319.8969077282694,0.8,-48.18172279549277,0.0,0.0,0.056471391223844536
48,greedy,node-018,0.0,0.0,0.0,6729.684005320348,319.8969077282694,0.8,-49.769780425023214,0.0,0.0,0.0
48,greedy,node-019,0.0,0.0,0.0,6729.684005320348,319.8969077282694,0.8,0.0,0.0,0.0,0.0
48,greedy,node-020,0.0,63.55932523952277,190.6779757185683,6729.684005320348,319.8969077282694,0.8,-123.68163596431509,-19.06779757185683,-63.55932523952277,0.0
48,greedy,node-021,0.0,0.0,0.0,6729.684005320348,319.8969077282694,0.8,0.0,0.0,0.0,0.0
48,greedy,node-022,0.0,0.0,0.0,6729.684005320348,319.8969077282694,0.8,0.0,0.0,0.0,0.0
48,greedy,node-023,0.0,0.0,0.0,6729.684005320348,319.8969077282694,0.8,0.0,0.0,0.0,0.0
48,greedy,node-024,0.0,0.0,0.0,6729.684005320348,319.8969077282694,0.8,0.0,0.0,0.0,0.0
48,greedy,node-025,0.0,0.0,0.0,6729.684005320348,319.8969077282694,0.8,0.0,0.0,0.0,0.0
48,greedy,node-026,0.0,0.0,0.0,6729.684005320348,319.8969077282694,0.8,0.0,0.0,0.0,0.0
48,greedy,node-027,0.0,0.0,0.0,6729.684005320348,319.8969077282694,0.8,0.0,0.0,0.0,0.0
48,greedy,node-028,0.0,43.07297733656702,129.21893200970106,6729.684005320348,319.8969077282694,0.8,-86.37308406765035,-12.9218932009701,-43.07297733656702,0.0
48,greedy,node-029,0.0,0.0,0.0,6729.684005320348,319.8969077282694,0.8,0.0,0.0,0.0,0.0
48,trust_vcg,node-000,0.0,0.0,0.0,8640.172929871404,233.86283339905634,0.9,0.0,0.0,0.0,0.0
48,trust_vcg,node-001,0.0,0.0,0.0,8640.172929871404,233.86283339905634,0.9,0.0,0.0,0.0,0.0
48,trust_vcg,node-002,52.661816143938054,0.0,0.0,8640.172929871404,233.86283339905634,0.9,-7814.327400836694,0.0,0.0,0.2160086036175709
48,trust_vcg,node-003,0.0,0.0,0.0,8640.172929871404,233.86283339905634,0.9,-2267.476668502499,0.0,0.0,0.0
48,trust_vcg,node-004,45.42685761947972,0.0,0.0,8640.172929871404,233.86283339905634,0.9,-5559.639199160908,0.0,0.0,0.18633220043717694
48,trust_vcg,node-005,537.2906954452483,0.0,0.0,8640.172929871404,233.86283339905634,0.9,-5574.5813908904975,68.58733922154477,0.0,2.20386271036726
48,trust_vcg,node-006,0.0,0.0,0.0,8640.172929871404,233.86283339905634,0.9,0.0,0.0,0.0,0.0
48,trust_vcg,node-007,42.12662972836082,0.0,0.0,8640.172929871404,233.86283339905634,0.9,-557.8733702716391,0.0,0.0,0.1727953027268534
48,trust_vcg,node-008,0.0,0.0,0.0,8640.172929871404,233.86283339905634,0.9,0.0,0.0,0.0,0.0
48,trust_vcg,node-009,0.0,0.0,0.0,8640.172929871404,233.86283339905634,0.9,0.0,0.0,0.0,0.0
48,trust_vcg,node-010,0.0,0.0,0.0,8640.172929871404,233.86283339905634,0.9,0.0,0.0,0.0,0.0
48,trust_vcg,node-011,54.8860107290336,0.0,0.0,8640.172929871404,233.86283339905634,0.9,-5516.007972720701,0.0,0.0,0.2251318204315728
48,trust_vcg,node-012,642.578057607772,0.0,0.0,8640.172929871404,233.86283339905634,0.9,-8309.14817921055,0.0,0.0,2.635731144550045
48,trust_vcg,node-013,21.42237852166818,610.5096650377262,832.0514160638398,8640.172929871404,233.86283339905634,0.9,-8378.577621478333,-33.23126265391704,-610.5096650377262,0.08787046117028481
48,trust_vcg,node-014,0.0,0.0,0.0,8640.172929871404,233.86283339905634,0.9,0.0,0.0,0.0,0.0
48,trust_vcg,node-015,0.0,0.0,0.0,8640.172929871404,233.86283339905634,0.9,0.0,0.0,0.0,0.0
48,trust_vcg,node-016,310.8153674183501,0.0,0.0,8640.172929871404,233.86283339905634,0.9,-3889.18463258165,0.0,0.0,1.2749046351803128
48,trust_vcg,node-017,427.2420907834098,0.0,0.0,8640.172929871404,233.86283339905634,0.9,-5572.757909216591,0.0,0.0,1.7524645785957984
48,trust_vcg,node-018,701.4769436645529,0.0,0.0,8640.172929871404,233.86283339905634,0.9,-8898.523056335447,168.82934303921957,0.0,2.8773230049025513
48,trust_vcg,node-019,0.0,0.0,0.0,8640.172929871404,233.86283339905634,0.9,0.0,0.0,0.0,0.0
48,trust_vcg,node-020,748.3602675489403,-639.4225122397937,-598.1885826647834,8640.172929871404,233.86283339905634,0.9,-10420.699798484999,-6.185089436251701,639.4225122397937,3.0696293487919575
48,trust_vcg,node-021,168.53330322990027,0.0,0.0,8640.172929871404,233.86283339905634,0.9,-2231.4666967700996,0.0,0.0,0.6912910750028886
48,trust_vcg,node-022,0.0,0.0,0.0,8640.172929871404,233.86283339905634,0.9,0.0,0.0,0.0,0.0
48,trust_vcg,node-023,0.0,0.0,0.0,8640.172929871404,233.86283339905634,0.9,-5618.027000001082,0.0,0.0,0.0
48,trust_vcg,node-024,0.0,0.0,0.0,8640.172929871404,233.86283339905634,0.9,0.0,0.0,0.0,0.0
48,trust_vcg,node-025,216.17484875601565,0.0,0.0,8640.172929871404,233.86283339905634,0.9,-10583.825151243986,0.0,0.0,0.8867074976942606
48,trust_vcg,node-026,0.0,0.0,0.0,8640.172929871404,233.86283339905634,0.9,0.0,0.0,0.0,0.0
48,trust_vcg,node-027,0.0,0.0,0.0,8640.172929871404,233.86283339905634,0.9,0.0,0.0,0.0,0.0
48,trust_vcg,node-028,89.79198539698254,0.0,0.0,8640.172929871404,233.86283339905634,0.9,-5558.238128235182,0.0,0.0,0.36830939002631014
48,trust_vcg,node-029,0.0,0.0,0.0,8640.172929871404,233.86283339905634,0.9,0.0,0.0,0.0,0.0
48,contingent,node-000,0.0,0.0,0.0,8640.172929871404,381.3903732227001,0.9,0.0,0.0,0.0,0.0
48,contingent,node-001,0.0,0.0,0.0,8640.172929871404,381.3903732227001,0.9,0.0,0.0,0.0,0.0
48,contingent,node-002,2.6618161439380614,0.0,0.0,8640.172929871404,381.3903732227001,0.9,-457.3096033467749,0.0,0.0,0.01091825596685111
48,contingent,node-003,0.0,0.0,0.0,8640.172929871404,381.3903732227001,0.9,-269.90667400999337,0.0,0.0,0.0
48,contingent,node-004,65.3771342128043,0.0,0.0,8640.172929871404,381.3903732227001,0.9,-238.55679664363154,0.0,0.0,0.26816438368223605
48,contingent,node-005,37.29069544524827,0.0,0.0,8640.172929871404,381.3903732227001,0.9,-298.32556356198603,18.589387919885482,0.0,0.15295923386006163
48,contingent,node-006,0.0,0.0,0.0,8640.172929871404,381.3903732227001,0.9,0.0,0.0,0.0,0.0
48,contingent,node-007,0.0,0.0,0.0,8640.172929871404,381.3903732227001,0.9,-31.493481086556734,0.0,0.0,0.0
48,contingent,node-008,0.0,0.0,0.0,8640.172929871404,381.3903732227001,0.9,0.0,0.0,0.0,0.0
48,contingent,node-009,0.0,0.0,0.0,8640.172929871404,381.3903732227001,0.9,0.0,0.0,0.0,0.0
48,contingent,node-010,0.0,0.0,0.0,8640.172929871404,381.3903732227001,0.9,0.0,0.0,0.0,0.0
48,contingent,node-011,4.967563813847477,0.0,0.0,8640.172929871404,381.3903732227001,0.9,-289.2297733575377,0.0,0.0,0.020375987791182295
48,contingent,node-012,108.6668967296117,0.0,0.0,8640.172929871404,381.3903732227001,0.9,-236.5927168422031,0.0,0.0,0.44573063256801865
48,contingent,node-013,42.737222723198826,110.77087551305671,332.3126265391702,8640.172929871404,381.3903732227001,0.9,-383.042701275479,-33.231262653917014,-110.77087551305671,0.17529983731854182
48,contingent,node-014,0.0,0.0,0.0,8640.172929871404,381.3903732227001,0.9,0.0,0.0,0.0,0.0
48,contingent,node-015,0.0,0.0,0.0,8640.172929871404,381.3903732227001,0.9,0.0,0.0,0.0,0.0
48,contingent,node-016,0.0,0.0,0.0,8640.172929871404,381.3903732227001,0.9,-156.7385303265997,0.0,0.0,0.0
48,contingent,node-017,55.06976985578908,0.0,0.0,8640.172929871404,381.3903732227001,0.9,-291.031636866361,0.0,0.0,0.22588556489537828
48,contingent,node-018,40.08491688460937,0.0,0.0,8640.172929871404,381.3903732227001,0.9,-394.09222534178787,18.839020522900192,0.0,0.1644205907882949
48,contingent,node-019,0.0,0.0,0.0,8640.172929871404,381.3903732227001,0.9,0.0,0.0,0.0,0.0
48,contingent,node-020,80.46115841478814,7.843817108519414,49.07774668352982,8640.172929871404,381.3903732227001,0.9,-248.33306000768863,-4.907774668352978,-7.843817108519414,0.3300361390333708
48,contingent,node-021,0.0,0.0,0.0,8640.172929871404,381.3903732227001,0.9,-125.8667870803989,0.0,0.0,0.0
48,contingent,node-022,0.0,0.0,0.0,8640.172929871404,381.3903732227001,0.9,0.0,0.0,0.0,0.0
48,contingent,node-023,0.0,0.0,0.0,8640.172929871404,381.3903732227001,0.9,-472.10800000433,0.0,0.0,0.0
48,contingent,node-024,0.0,0.0,0.0,8640.172929871404,381.3903732227001,0.9,0.0,0.0,0.0,0.0
48,contingent,node-025,0.0,0.0,0.0,8640.172929871404,381.3903732227001,0.9,-535.3006049759376,0.0,0.0,0.0
48,contingent,node-026,0.0,0.0,0.0,8640.172929871404,381.3903732227001,0.9,0.0,0.0,0.0,0.0
48,contingent,node-027,0.0,0.0,0.0,8640.172929871404,381.3903732227001,0.9,0.0,0.0,0.0,0.0
48,contingent,node-028,39.79198539698254,0.0,0.0,8640.172929871404,381.3903732227001,0.9,-232.95251294073063,0.0,0.0,0.16321904237559032
48,contingent,node-029,0.0,0.0,0.0,8640.172929871404,381.3903732227001,0.9,0.0,0.0,0.0,0.0
48,capped,node-000,0.0,0.0,0.0,8640.172929871404,394.16352090168584,0.9,0.0,0.0,0.0,0.0
48,capped,node-001,0.0,0.0,0.0,8640.172929871404,394.16352090168584,0.9,0.0,0.0,0.0,0.0
48,capped,node-002,2.6618161439380614,0.0,0.0,8640.172929871404,394.16352090168584,0.9,-114.32740083669374,0.0,0.0,0.01091825596685111
48,capped,node-003,0.0,0.0,0.0,8640.172929871404,394.16352090168584,0.9,-67.47666850249834,0.0,0.0,0.0
48,capped,node-004,119.27839832181577,0.0,0.0,8640.172929871404,394.16352090168584,0.9,-59.63919916090789,0.0,0.0,0.4892569635808447
48,capped,node-005,37.29069544524827,0.0,0.0,8640.172929871404,394.16352090168584,0.9,-74.58139089049651,18.589387919885482,0.0,0.15295923386006163
48,capped,node-006,0.0,0.0,0.0,8640.172929871404,394.16352090168584,0.9,0.0,0.0,0.0,0.0
48,capped,node-007,0.0,0.0,0.0,8640.172929871404,394.16352090168584,0.9,-7.873370271639182,0.0,0.0,0.0
48,capped,node-008,0.0,0.0,0.0,8640.172929871404,394.16352090168584,0.9,0.0,0.0,0.0,0.0
48,capped,node-009,0.0,0.0,0.0,8640.172929871404,394.16352090168584,0.9,0.0,0.0,0.0,0.0
48,capped,node-010,0.0,0.0,0.0,8640.172929871404,394.16352090168584,0.9,0.0,0.0,0.0,0.0
48,capped,node-011,4.967563813847477,0.0,0.0,8640.172929871404,394.16352090168584,0.9,-72.30744333938442,0.0,0.0,0.020375987791182295
48,capped,node-012,108.6668967296117,0.0,0.0,8640.172929871404,394.16352090168584,0.9,-59.14817921055077,0.0,0.0,0.44573063256801865
48,capped,node-013,42.737222723198826,110.77087551305671,332.3126265391702,8640.172929871404,394.16352090168584,0.9,-178.8388319536623,-33.231262653917014,-110.77087551305671,0.17529983731854182
48,capped,node-014,0.0,0.0,0.0,8640.172929871404,394.16352090168584,0.9,0.0,0.0,0.0,0.0
48,capped,node-015,0.0,0.0,0.0,8640.172929871404,394.16352090168584,0.9,0.0,0.0,0.0,0.0
48,capped,node-016,0.0,0.0,0.0,8640.172929871404,394.16352090168584,0.9,-39.18463258164993,0.0,0.0,0.0
48,capped,node-017,55.06976985578908,0.0,0.0,8640.172929871404,394.16352090168584,0.9,-72.75790921659024,0.0,0.0,0.22588556489537828
48,capped,node-018,40.08491688460937,0.0,0.0,8640.172929871404,394.16352090168584,0.9,-98.52305633544697,18.839020522900192,0.0,0.1644205907882949
48,capped,node-019,0.0,0.0,0.0,8640.172929871404,394.16352090168584,0.9,0.0,0.0,0.0,0.0
48,capped,node-020,107.7028046889277,20.6169647875052,61.8508943625156,8640.172929871404,394.16352090168584,0.9,-80.73927551229751,-6.185089436251559,-20.6169647875052,0.4417761131321952
48,capped,node-021,0.0,0.0,0.0,8640.172929871404,394.16352090168584,0.9,-31.466696770099723,0.0,0.0,0.0
48,capped,node-022,0.0,0.0,0.0,8640.172929871404,394.16352090168584,0.9,0.0,0.0,0.0,0.0
48,capped,node-023,0.0,0.0,0.0,8640.172929871404,394.16352090168584,0.9,-118.0270000010825,0.0,0.0,0.0
48,capped,node-024,0.0,0.0,0.0,8640.172929871404,394.16352090168584,0.9,0.0,0.0,0.0,0.0
48,capped,node-025,7.930119879419465,0.0,0.0,8640.172929871404,394.16352090168584,0.9,-133.8251512439844,0.0,0.0,0.03252782085964045
48,capped,node-026,0.0,0.0,0.0,8640.172929871404,394.16352090168584,0.9,0.0,0.0,0.0,0.0
48,capped,node-027,0.0,0.0,0.0,8640.172929871404,394.16352090168584,0.9,0.0,0.0,0.0,0.0
48,capped,node-028,75.37771033899229,0.0,0.0,8640.172929871404,394.16352090168584,0.9,-58.23812823518266,0.0,0.0,0.3091848163707837
48,capped,node-029,0.0,0.0,0.0,8640.172929871404,394.16352090168584,0.9,0.0,0.0,0.0,0.0
48,proper_scoring,node-000,0.0,0.0,0.0,8640.172929871404,1251.10816501968,0.9,0.0,0.0,0.0,0.0
48,proper_scoring,node-001,0.0,0.0,0.0,8640.172929871404,1251.10816501968,0.9,0.0,0.0,0.0,0.0
48,proper_scoring,node-002,516.3790982607833,0.0,0.0,8640.172929871404,1251.10816501968,0.9,-446.47898123125844,0.0,0.0,2.1180873756373853
48,proper_scoring,node-003,0.0,0.0,0.0,8640.172929871404,1251.10816501968,0.9,-254.66010686268066,0.0,0.0,0.0
48,proper_scoring,node-004,465.37713421280426,0.0,0.0,8640.172929871404,1251.10816501968,0.9,-238.55679664363154,0.0,0.0,1.9088871648879946
48,proper_scoring,node-005,537.2906954452483,0.0,0.0,8640.172929871404,1251.10816501968,0.9,-298.32556356198603,68.58733922154477,0.0,2.20386271036726
48,proper_scoring,node-006,0.0,0.0,0.0,8640.172929871404,1251.10816501968,0.9,0.0,0.0,0.0,0.0
48,proper_scoring,node-007,42.12662972836082,0.0,0.0,8640.172929871404,1251.10816501968,0.9,-31.493481086556734,0.0,0.0,0.1727953027268534
48,proper_scoring,node-008,0.0,0.0,0.0,8640.172929871404,1251.10816501968,0.9,0.0,0.0,0.0,0.0
48,proper_scoring,node-009,0.0,0.0,0.0,8640.172929871404,1251.10816501968,0.9,0.0,0.0,0.0,0.0
48,proper_scoring,node-010,0.0,0.0,0.0,8640.172929871404,1251.10816501968,0.9,0.0,0.0,0.0,0.0
48,proper_scoring,node-011,206.43803353155423,0.0,0.0,8640.172929871404,1251.10816501968,0.9,-289.2297733575377,0.0,0.0,0.8467689613063483
48,proper_scoring,node-012,642.578057607772,0.0,0.0,8640.172929871404,1251.10816501968,0.9,-236.5927168422031,0.0,0.0,2.635731144550045
48,proper_scoring,node-013,21.42237852166818,610.5096650377262,832.0514160638398,8640.172929871404,1251.10816501968,0.9,-882.7814908001485,-33.23126265391704,-610.5096650377262,0.08787046117028481
48,proper_scoring,node-014,0.0,0.0,0.0,8640.172929871404,1251.10816501968,0.9,0.0,0.0,0.0,0.0
48,proper_scoring,node-015,0.0,0.0,0.0,8640.172929871404,1251.10816501968,0.9,0.0,0.0,0.0,0.0
48,proper_scoring,node-016,310.8153674183501,0.0,0.0,8640.172929871404,1251.10816501968,0.9,-156.7385303265997,0.0,0.0,1.2749046351803128
48,proper_scoring,node-017,427.2420907834098,0.0,0.0,8640.172929871404,1251.10816501968,0.9,-291.031636866361,0.0,0.0,1.7524645785957984
48,proper_scoring,node-018,701.4769436645529,0.0,0.0,8640.172929871404,1251.10816501968,0.9,-393.26139500113027,168.82934303921957,0.0,2.8773230049025513
48,proper_scoring,node-019,0.0,0.0,0.0,8640.172929871404,1251.10816501968,0.9,0.0,0.0,0.0,0.0
48,proper_scoring,node-020,465.74527276667123,377.8228193808299,419.05674895584036,8640.172929871404,1251.10816501968,0.9,-618.3120622799992,-4.907774668352943,-377.8228193808299,1.9103971981679189
48,proper_scoring,node-021,168.53330322990027,0.0,0.0,8640.172929871404,1251.10816501968,0.9,-125.8667870803989,0.0,0.0,0.6912910750028886
48,proper_scoring,node-022,0.0,0.0,0.0,8640.172929871404,1251.10816501968,0.9,0.0,0.0,0.0,0.0
48,proper_scoring,node-023,281.97299999891754,0.0,0.0,8640.172929871404,1251.10816501968,0.9,-457.44191067031824,0.0,0.0,1.1565988119578885
48,proper_scoring,node-024,0.0,0.0,0.0,8640.172929871404,1251.10816501968,0.9,0.0,0.0,0.0,0.0
48,proper_scoring,node-025,751.6835808356474,0.0,0.0,8640.172929871404,1251.10816501968,0.9,-508.54394770133007,0.0,0.0,3.0832609383384177
48,proper_scoring,node-026,0.0,0.0,0.0,8640.172929871404,1251.10816501968,0.9,0.0,0.0,0.0,0.0
48,proper_scoring,node-027,0.0,0.0,0.0,8640.172929871404,1251.10816501968,0.9,0.0,0.0,0.0,0.0
48,proper_scoring,node-028,374.94333991217917,0.0,0.0,8640.172929871404,1251.10816501968,0.9,-232.95251294073063,0.0,0.0,1.5379451986382169
48,proper_scoring,node-029,0.0,0.0,0.0,8640.172929871404,1251.10816501968,0.9,0.0,0.0,0.0,0.0
48,audits,node-000,0.0,0.0,0.0,8640.172929871404,1233.8628333990562,0.9,0.0,0.0,0.0,0.0
48,audits,node-001,0.0,0.0,0.0,8640.172929871404,1233.8628333990562,0.9,0.0,0.0,0.0,0.0
48,audits,node-002,485.67259916330624,0.0,0.0,8640.172929871404,1233.8628333990562,0.9,-1814.3274008366939,0.0,0.0,1.9921352441366236
48,audits,node-003,0.0,0.0,0.0,8640.172929871404,1233.8628333990562,0.9,-767.4766685024983,0.0,0.0,0.0
48,audits,node-004,419.27839832181576,0.0,0.0,8640.172929871404,1233.8628333990562,0.9,-1559.639199160908,0.0,0.0,1.7197990494851636
48,audits,node-005,537.2906954452483,0.0,0.0,8640.172929871404,1233.8628333990562,0.9,-1574.5813908904963,68.58733922154477,0.0,2.20386271036726
48,audits,node-006,0.0,0.0,0.0,8640.172929871404,1233.8628333990562,0.9,0.0,0.0,0.0,0.0
48,audits,node-007,42.12662972836082,0.0,0.0,8640.172929871404,1233.8628333990562,0.9,-557.8733702716391,0.0,0.0,0.1727953027268534
48,audits,node-008,0.0,0.0,0.0,8640.172929871404,1233.8628333990562,0.9,0.0,0.0,0.0,0.0
48,audits,node-009,0.0,0.0,0.0,8640.172929871404,1233.8628333990562,0.9,0.0,0.0,0.0,0.0
48,audits,node-010,0.0,0.0,0.0,8640.172929871404,1233.8628333990562,0.9,0.0,0.0,0.0,0.0
48,audits,node-011,54.8860107290336,0.0,0.0,8640.172929871404,1233.8628333990562,0.9,-1516.007972720702,0.0,0.0,0.2251318204315728
48,audits,node-012,642.578057607772,0.0,0.0,8640.172929871404,1233.8628333990562,0.9,-1809.1481792105503,0.0,0.0,2.635731144550045
48,audits,node-013,21.42237852166818,610.5096650377262,832.0514160638398,8640.172929871404,1233.8628333990562,0.9,-2378.577621478332,-33.23126265391704,-610.5096650377262,0.08787046117028481
48,audits,node-014,0.0,0.0,0.0,8640.172929871404,1233.8628333990562,0.9,0.0,0.0,0.0,0.0
48,audits,node-015,0.0,0.0,0.0,8640.172929871404,1233.8628333990562,0.9,0.0,0.0,0.0,0.0
48,audits,node-016,310.8153674183501,0.0,0.0,8640.172929871404,1233.8628333990562,0.9,-889.18463258165,0.0,0.0,1.2749046351803128
48,audits,node-017,427.2420907834098,0.0,0.0,8640.172929871404,1233.8628333990562,0.9,-1572.7579092165906,0.0,0.0,1.7524645785957984
48,audits,node-018,701.4769436645529,0.0,0.0,8640.172929871404,1233.8628333990562,0.9,-1898.523056335447,168.82934303921957,0.0,2.8773230049025513
48,audits,node-019,0.0,0.0,0.0,8640.172929871404,1233.8628333990562,0.9,0.0,0.0,0.0,0.0
48,audits,node-020,359.6671336893783,360.5774877602062,401.81141733521673,8640.172929871404,1233.8628333990562,0.9,-2420.6997984849986,-6.1850894362515305,-360.5774877602062,1.4752851497378505
48,audits,node-021,168.53330322990027,0.0,0.0,8640.172929871404,1233.8628333990562,0.9,-731.4666967700998,0.0,0.0,0.6912910750028886
48,audits,node-022,0.0,0.0,0.0,8640.172929871404,1233.8628333990562,0.9,0.0,0.0,0.0,0.0
48,audits,node-023,281.97299999891754,0.0,0.0,8640.172929871404,1233.8628333990562,0.9,-1618.0270000010826,0.0,0.0,1.1565988119578885
48,audits,node-024,0.0,0.0,0.0,8640.172929871404,1233.8628333990562,0.9,0.0,0.0,0.0,0.0
48,audits,node-025,216.17484875601565,0.0,0.0,8640.172929871404,1233.8628333990562,0.9,-2083.8251512439847,0.0,0.0,0.8867074976942606
48,audits,node-026,0.0,0.0,0.0,8640.172929871404,1233.8628333990562,0.9,0.0,0.0,0.0,0.0
48,audits,node-027,0.0,0.0,0.0,8640.172929871404,1233.8628333990562,0.9,0.0,0.0,0.0,0.0
48,audits,node-028,329.1190641175913,0.0,0.0,8640.172929871404,1233.8628333990562,0.9,-1558.2381282351826,0.0,0.0,1.3499828655671269
48,audits,node-029,0.0,0.0,0.0,8640.172929871404,1233.8628333990562,0.9,0.0,0.0,0.0,0.0
55,greedy,node-000,0.0,0.0,0.0,8767.693769240801,202.88226184758645,0.9,0.0,0.0,0.0,0.0
55,greedy,node-001,0.0,0.0,0.0,8767.693769240801,202.88226184758645,0.9,0.0,0.0,0.0,0.0
55,greedy,node-002,0.0,0.0,0.0,8767.693769240801,202.88226184758645,0.9,0.0,0.0,0.0,0.0
55,greedy,node-003,0.0,0.0,0.0,8767.693769240801,202.88226184758645,0.9,0.0,0.0,0.0,0.0
55,greedy,node-004,0.0,0.0,0.0,8767.693769240801,202.88226184758645,0.9,0.0,0.0,0.0,0.0
55,greedy,node-005,0.0,0.0,0.0,8767.693769240801,202.88226184758645,0.9,0.0,0.0,0.0,0.0
55,greedy,node-006,0.0,0.0,0.0,8767.693769240801,202.88226184758645,0.9,0.0,0.0,0.0,0.0
55,greedy,node-007,0.0,0.0,0.0,8767.693769240801,202.88226184758645,0.9,0.0,0.0,0.0,0.0
55,greedy,node-008,44.81365897551611,49.11419729755081,147.34259189265242,8767.693769240801,202.88226184758645,0.9,-85.33213316390598,-14.734259189265238,-62.66508335347377,0.18381697797578803
55,greedy,node-009,0.0,0.0,0.0,8767.693769240801,202.88226184758645,0.9,0.0,0.0,0.0,0.0
55,greedy,node-010,0.0,0.0,0.0,8767.693769240801,202.88226184758645,0.9,0.0,0.0,0.0,0.0
55,greedy,node-011,0.0,0.0,0.0,8767.693769240801,202.88226184758645,0.9,0.0,0.0,0.0,0.0
55,greedy,node-012,0.0,0.0,0.0,8767.693769240801,202.88226184758645,0.9,0.0,0.0,0.0,0.0
55,greedy,node-013,0.0,0.0,0.0,8767.693769240801,202.88226184758645,0.9,0.0,0.0,0.0,0.0
55,greedy,node-014,0.05600472298732839,18.513223318311343,55.53966995493403,8767.693769240801,202.88226184758645,0.9,-47.7319867777676,-5.553966995493402,-18.513223318311343,0.00022972056215106882
55,greedy,node-015,0.0,0.0,0.0,8767.693769240801,202.88226184758645,0.9,0.0,0.0,0.0,0.0
55,greedy,node-016,0.0,0.0,0.0,8767.693769240801,202.88226184758645,0.9,0.0,0.0,0.0,0.0
55,greedy,node-017,0.0,0.0,0.0,8767.693769240801,202.88226184758645,0.9,0.0,0.0,0.0,0.0
55,greedy,node-018,0.0,0.0,0.0,8767.693769240801,202.88226184758645,0.9,0.0,0.0,0.0,0.0
55,greedy,node-019,0.0,0.0,0.0,8767.693769240801,202.88226184758645,0.9,0.0,0.0,0.0,0.0
55,greedy,node-020,0.0,0.0,0.0,8767.693769240801,202.88226184758645,0.9,0.0,0.0,0.0,0.0
55,greedy,node-021,0.0,0.0,0.0,8767.693769240801,202.88226184758645,0.9,0.0,0.0,0.0,0.0
55,greedy,node-022,0.0,0.0,0.0,8767.693769240801,202.88226184758645,0.9,0.0,0.0,0.0,0.0
55,greedy,node-023,0.0,0.0,0.0,8767.693769240801,202.88226184758645,0.9,0.0,0.0,0.0,0.0
55,greedy,node-024,0.0,0.0,0.0,8767.693769240801,202.88226184758645,0.9,0.0,0.0,0.0,0.0
55,greedy,node-025,0.0,0.0,0.0,8767.693769240801,202.88226184758645,0.9,0.0,0.0,0.0,0.0
55,greedy,node-026,0.0,0.0,0.0,8767.693769240801,202.88226184758645,0.9,0.0,0.0,0.0,0.0
55,greedy,node-027,0.0,0.0,0.0,8767.693769240801,202.88226184758645,0.9,0.0,0.0,0.0,0.0
55,greedy,node-028,0.0,0.0,0.0,8767.693769240801,202.88226184758645,0.9,0.0,0.0,0.0,0.0
55,greedy,node-029,0.0,0.0,0.0,8767.693769240801,202.88226184758645,0.9,0.0,0.0,0.0,0.0
55,trust_vcg,node-000,0.0,0.0,0.0,8767.693769240801,35.27308879760298,0.9,0.0,0.0,0.0,0.0
55,trust_vcg,node-001,113.09584825689768,0.0,0.0,8767.693769240801,35.27308879760298,0.9,-1686.9041517431021,0.0,0.0,0.46389733673720407
55,trust_vcg,node-002,0.0,0.0,0.0,8767.693769240801,35.27308879760298,0.9,0.0,0.0,0.0,0.0
55,trust_vcg,node-003,108.89614735754137,0.0,0.0,8767.693769240801,35.27308879760298,0.9,-5539.4162035933305,0.0,0.0,0.44667097438764347
55,trust_vcg,node-004,94.26328877265713,0.0,0.0,8767.693769240801,35.27308879760298,0.9,-1102.080752917709,0.0,0.0,0.38664981330168896
55,trust_vcg,node-005,0.0,0.0,0.0,8767.693769240801,35.27308879760298,0.9,0.0,0.0,0.0,0.0
55,trust_vcg,node-006,0.0,0.0,0.0,8767.693769240801,35.27308879760298,0.9,0.0,0.0,0.0,0.0
55,trust_vcg,node-007,0.0,0.0,0.0,8767.693769240801,35.27308879760298,0.9,0.0,0.0,0.0,0.0
55,trust_vcg,node-008,147.9918592498965,548.4649299403069,646.6933245354085,8767.693769240801,35.27308879760298,0.9,-11584.68286580666,-14.73425918926523,-548.4649299403069,0.6070340372607533
55,trust_vcg,node-009,0.0,0.0,0.0,8767.693769240801,35.27308879760298,0.9,0.0,0.0,0.0,0.0
55,trust_vcg,node-010,0.0,0.0,0.0,8767.693769240801,35.27308879760298,0.9,0.0,0.0,0.0,0.0
55,trust_vcg,node-011,0.0,0.0,0.0,8767.693769240801,35.27308879760298,0.9,0.0,0.0,0.0,0.0
55,trust_vcg,node-012,0.0,0.0,0.0,8767.693769240801,35.27308879760298,0.9,0.0,0.0,0.0,0.0
55,trust_vcg,node-013,0.0,0.0,0.0,8767.693769240801,35.27308879760298,0.9,0.0,0.0,0.0,0.0
55,trust_vcg,node-014,691.4422155880272,-648.4466823744283,-611.4202357378055,8767.693769240801,35.27308879760298,0.9,-10407.43046222264,-5.553966995493283,648.4466823744283,2.8361624875066496
55,trust_vcg,node-015,0.0,0.0,0.0,8767.693769240801,35.27308879760298,0.9,0.0,0.0,0.0,0.0
55,trust_vcg,node-016,0.0,0.0,0.0,8767.693769240801,35.27308879760298,0.9,0.0,0.0,0.0,0.0
55,trust_vcg,node-017,0.0,0.0,0.0,8767.693769240801,35.27308879760298,0.9,0.0,0.0,0.0,0.0
55,trust_vcg,node-018,0.0,0.0,0.0,8767.693769240801,35.27308879760298,0.9,0.0,0.0,0.0,0.0
55,trust_vcg,node-019,0.0,0.0,0.0,8767.693769240801,35.27308879760298,0.9,0.0,0.0,0.0,0.0
55,trust_vcg,node-020,0.0,0.0,0.0,8767.693769240801,35.27308879760298,0.9,0.0,0.0,0.0,0.0
55,trust_vcg,node-021,211.34825784583595,0.0,0.0,8767.693769240801,35.27308879760298,0.9,-9988.651742154165,0.0,0.0,0.8669097535395294
55,trust_vcg,node-022,0.0,0.0,0.0,8767.693769240801,35.27308879760298,0.9,0.0,0.0,0.0,0.0
55,trust_vcg,node-023,0.0,0.0,0.0,8767.693769240801,35.27308879760298,0.9,0.0,0.0,0.0,0.0
55,trust_vcg,node-024,0.0,0.0,0.0,8767.693769240801,35.27308879760298,0.9,0.0,0.0,0.0,0.0
55,trust_vcg,node-025,0.0,0.0,0.0,8767.693769240801,35.27308879760298,0.9,-1691.2623274875905,0.0,0.0,0.0
55,trust_vcg,node-026,0.0,0.0,0.0,8767.693769240801,35.27308879760298,0.9,0.0,0.0,0.0,0.0
55,trust_vcg,node-027,0.0,0.0,0.0,8767.693769240801,35.27308879760298,0.9,0.0,0.0,0.0,0.0
55,trust_vcg,node-028,0.0,0.0,0.0,8767.693769240801,35.27308879760298,0.9,0.0,0.0,0.0,0.0
55,trust_vcg,node-029,114.43524170778848,0.0,0.0,8767.693769240801,35.27308879760298,0.9,-1685.5647582922115,0.0,0.0,0.46939127010688986
55,contingent,node-000,0.0,0.0,0.0,8767.693769240801,191.39320235558228,0.9,0.0,0.0,0.0,0.0
55,contingent,node-001,0.0,0.0,0.0,8767.693769240801,191.39320235558228,0.9,-147.61660697240924,0.0,0.0,0.0
55,contingent,node-002,0.0,0.0,0.0,8767.693769240801,191.39320235558228,0.9,0.0,0.0,0.0,0.0
55,contingent,node-003,8.907844007681778,0.0,0.0,8767.693769240801,191.39320235558228,0.9,-218.61035541971117,0.0,0.0,0.036538256487076745
55,contingent,node-004,0.0,0.0,0.0,8767.693769240801,191.39320235558228,0.9,-22.880014753562598,0.0,0.0,0.0
55,contingent,node-005,0.0,0.0,0.0,8767.693769240801,191.39320235558228,0.9,0.0,0.0,0.0,0.0
55,contingent,node-006,0.0,0.0,0.0,8767.693769240801,191.39320235558228,0.9,0.0,0.0,0.0,0.0
55,contingent,node-007,0.0,0.0,0.0,8767.693769240801,191.39320235558228,0.9,0.0,0.0,0.0,0.0
55,contingent,node-008,147.34259189265242,49.11419729755081,147.34259189265242,8767.693769240801,191.39320235558228,0.9,-193.9859407629715,-14.734259189265238,-49.11419729755081,0.6043708679004444
55,contingent,node-009,0.0,0.0,0.0,8767.693769240801,191.39320235558228,0.9,0.0,0.0,0.0,0.0
55,contingent,node-010,0.0,0.0,0.0,8767.693769240801,191.39320235558228,0.9,0.0,0.0,0.0,0.0
55,contingent,node-011,0.0,0.0,0.0,8767.693769240801,191.39320235558228,0.9,0.0,0.0,0.0,0.0
55,contingent,node-012,0.0,0.0,0.0,8767.693769240801,191.39320235558228,0.9,0.0,0.0,0.0,0.0
55,contingent,node-013,0.0,0.0,0.0,8767.693769240801,191.39320235558228,0.9,0.0,0.0,0.0,0.0
55,contingent,node-014,37.51180241528415,7.024163826307167,44.05061046292985,8767.693769240801,191.39320235558228,0.9,-230.53274221458213,-4.405061046292984,-7.024163826307167,0.15386617196711477
55,contingent,node-015,0.0,0.0,0.0,8767.693769240801,191.39320235558228,0.9,0.0,0.0,0.0,0.0
55,contingent,node-016,0.0,0.0,0.0,8767.693769240801,191.39320235558228,0.9,0.0,0.0,0.0,0.0
55,contingent,node-017,0.0,0.0,0.0,8767.693769240801,191.39320235558228,0.9,0.0,0.0,0.0,0.0
55,contingent,node-018,0.0,0.0,0.0,8767.693769240801,191.39320235558228,0.9,0.0,0.0,0.0,0.0
55,contingent,node-019,0.0,0.0,0.0,8767.693769240801,191.39320235558228,0.9,0.0,0.0,0.0,0.0
55,contingent,node-020,0.0,0.0,0.0,8767.693769240801,191.39320235558228,0.9,0.0,0.0,0.0,0.0
55,contingent,node-021,0.0,0.0,0.0,8767.693769240801,191.39320235558228,0.9,-354.6069686166563,0.0,0.0,0.0
55,contingent,node-022,0.0,0.0,0.0,8767.693769240801,191.39320235558228,0.9,0.0,0.0,0.0,0.0
55,contingent,node-023,0.0,0.0,0.0,8767.693769240801,191.39320235558228,0.9,0.0,0.0,0.0,0.0
55,contingent,node-024,0.0,0.0,0.0,8767.693769240801,191.39320235558228,0.9,0.0,0.0,0.0,0.0
55,contingent,node-025,0.0,0.0,0.0,8767.693769240801,191.39320235558228,0.9,-165.0493099503615,0.0,0.0,0.0
55,contingent,node-026,0.0,0.0,0.0,8767.693769240801,191.39320235558228,0.9,0.0,0.0,0.0,0.0
55,contingent,node-027,0.0,0.0,0.0,8767.693769240801,191.39320235558228,0.9,0.0,0.0,0.0,0.0
55,contingent,node-028,0.0,0.0,0.0,8767.693769240801,191.39320235558228,0.9,0.0,0.0,0.0,0.0
55,contingent,node-029,0.0,0.0,0.0,8767.693769240801,191.39320235558228,0.9,-142.25903316884603,0.0,0.0,0.0
55,capped,node-000,0.0,0.0,0.0,8767.693769240801,202.88226184758645,0.9,0.0,0.0,0.0,0.0
55,capped,node-001,0.0,0.0,0.0,8767.693769240801,202.88226184758645,0.9,-36.90415174310231,0.0,0.0,0.0
55,capped,node-002,0.0,0.0,0.0,8767.693769240801,202.88226184758645,0.9,0.0,0.0,0.0,0.0
55,capped,node-003,8.907844007681778,0.0,0.0,8767.693769240801,202.88226184758645,0.9,-54.652588854927785,0.0,0.0,0.036538256487076745
55,capped,node-004,0.0,0.0,0.0,8767.693769240801,202.88226184758645,0.9,-5.720003688390651,0.0,0.0,0.0
55,capped,node-005,0.0,0.0,0.0,8767.693769240801,202.88226184758645,0.9,0.0,0.0,0.0,0.0
55,capped,node-006,0.0,0.0,0.0,8767.693769240801,202.88226184758645,0.9,0.0,0.0,0.0,0.0
55,capped,node-007,0.0,0.0,0.0,8767.693769240801,202.88226184758645,0.9,0.0,0.0,0.0,0.0
55,capped,node-008,147.34259189265242,49.11419729755081,147.34259189265242,8767.693769240801,202.88226184758645,0.9,-85.33213316390598,-14.734259189265238,-49.11419729755081,0.6043708679004444
55,capped,node-009,0.0,0.0,0.0,8767.693769240801,202.88226184758645,0.9,0.0,0.0,0.0,0.0
55,capped,node-010,0.0,0.0,0.0,8767.693769240801,202.88226184758645,0.9,0.0,0.0,0.0,0.0
55,capped,node-011,0.0,0.0,0.0,8767.693769240801,202.88226184758645,0.9,0.0,0.0,0.0,0.0
55,capped,node-012,0.0,0.0,0.0,8767.693769240801,202.88226184758645,0.9,0.0,0.0,0.0,0.0
55,capped,node-013,0.0,0.0,0.0,8767.693769240801,202.88226184758645,0.9,0.0,0.0,0.0,0.0
55,capped,node-014,49.000861907288325,18.513223318311343,55.53966995493403,8767.693769240801,202.88226184758645,0.9,-74.39036791538008,-5.553966995493402,-18.513223318311343,0.20099207607501354
55,capped,node-015,0.0,0.0,0.0,8767.693769240801,202.88226184758645,0.9,0.0,0.0,0.0,0.0
55,capped,node-016,0.0,0.0,0.0,8767.693769240801,202.88226184758645,0.9,0.0,0.0,0.0,0.0
55,capped,node-017,0.0,0.0,0.0,8767.693769240801,202.88226184758645,0.9,0.0,0.0,0.0,0.0
55,capped,node-018,0.0,0.0,0.0,8767.693769240801,202.88226184758645,0.9,0.0,0.0,0.0,0.0
55,capped,node-019,0.0,0.0,0.0,8767.693769240801,202.88226184758645,0.9,0.0,0.0,0.0,0.0
55,capped,node-020,0.0,0.0,0.0,8767.693769240801,202.88226184758645,0.9,0.0,0.0,0.0,0.0
55,capped,node-021,0.0,0.0,0.0,8767.693769240801,202.88226184758645,0.9,-88.65174215416405,0.0,0.0,0.0
55,capped,node-022,0.0,0.0,0.0,8767.693769240801,202.88226184758645,0.9,0.0,0.0,0.0,0.0
55,capped,node-023,0.0,0.0,0.0,8767.693769240801,202.88226184758645,0.9,0.0,0.0,0.0,0.0
55,capped,node-024,0.0,0.0,0.0,8767.693769240801,202.88226184758645,0.9,0.0,0.0,0.0,0.0
55,capped,node-025,0.0,0.0,0.0,8767.693769240801,202.88226184758645,0.9,-41.26232748759038,0.0,0.0,0.0
55,capped,node-026,0.0,0.0,0.0,8767.693769240801,202.88226184758645,0.9,0.0,0.0,0.0,0.0
55,capped,node-027,0.0,0.0,0.0,8767.693769240801,202.88226184758645,0.9,0.0,0.0,0.0,0.0
55,capped,node-028,0.0,0.0,0.0,8767.693769240801,202.88226184758645,0.9,0.0,0.0,0.0,0.0
55,capped,node-029,0.0,0.0,0.0,8767.693769240801,202.88226184758645,0.9,-35.56475829221151,0.0,0.0,0.0
55,proper_scoring,node-000,0.0,0.0,0.0,8767.693769240801,1079.872346202758,0.9,0.0,0.0,0.0,0.0
55,proper_scoring,node-001,113.09584825689768,0.0,0.0,8767.693769240801,1079.872346202758,0.9,-147.61660697240924,0.0,0.0,0.46389733673720407
55,proper_scoring,node-002,0.0,0.0,0.0,8767.693769240801,1079.872346202758,0.9,0.0,0.0,0.0,0.0
55,proper_scoring,node-003,255.72393671252732,0.0,0.0,8767.693769240801,1079.872346202758,0.9,-218.61035541971117,0.0,0.0,1.048930221659658
55,proper_scoring,node-004,94.26328877265713,0.0,0.0,8767.693769240801,1079.872346202758,0.9,-22.880014753562598,0.0,0.0,0.38664981330168896
55,proper_scoring,node-005,0.0,0.0,0.0,8767.693769240801,1079.872346202758,0.9,0.0,0.0,0.0,0.0
55,proper_scoring,node-006,0.0,0.0,0.0,8767.693769240801,1079.872346202758,0.9,0.0,0.0,0.0,0.0
55,proper_scoring,node-007,0.0,0.0,0.0,8767.693769240801,1079.872346202758,0.9,0.0,0.0,0.0,0.0
55,proper_scoring,node-008,361.78583096778596,548.4649299403069,646.6933245354085,8767.693769240801,1079.872346202758,0.9,-693.3366734057275,-14.73425918926523,-548.4649299403069,1.4839756369657557
55,proper_scoring,node-009,0.0,0.0,0.0,8767.693769240801,1079.872346202758,0.9,0.0,0.0,0.0,0.0
55,proper_scoring,node-010,0.0,0.0,0.0,8767.693769240801,1079.872346202758,0.9,0.0,0.0,0.0,0.0
55,proper_scoring,node-011,0.0,0.0,0.0,8767.693769240801,1079.872346202758,0.9,0.0,0.0,0.0,0.0
55,proper_scoring,node-012,0.0,0.0,0.0,8767.693769240801,1079.872346202758,0.9,0.0,0.0,0.0,0.0
55,proper_scoring,node-013,0.0,0.0,0.0,8767.693769240801,1079.872346202758,0.9,0.0,0.0,0.0,0.0
55,proper_scoring,node-014,441.93893487105095,396.1525750307271,433.1790216673499,8767.693769240801,1079.872346202758,0.9,-619.6611534190021,-4.405061046293042,-396.1525750307271,1.8127481958618534
55,proper_scoring,node-015,0.0,0.0,0.0,8767.693769240801,1079.872346202758,0.9,0.0,0.0,0.0,0.0
55,proper_scoring,node-016,0.0,0.0,0.0,8767.693769240801,1079.872346202758,0.9,0.0,0.0,0.0,0.0
55,proper_scoring,node-017,0.0,0.0,0.0,8767.693769240801,1079.872346202758,0.9,0.0,0.0,0.0,0.0
55,proper_scoring,node-018,0.0,0.0,0.0,8767.693769240801,1079.872346202758,0.9,0.0,0.0,0.0,0.0
55,proper_scoring,node-019,0.0,0.0,0.0,8767.693769240801,1079.872346202758,0.9,0.0,0.0,0.0,0.0
55,proper_scoring,node-020,0.0,0.0,0.0,8767.693769240801,1079.872346202758,0.9,0.0,0.0,0.0,0.0
55,proper_scoring,node-021,752.7997436967937,0.0,0.0,8767.693769240801,1079.872346202758,0.9,-354.6069686166563,0.0,0.0,3.0878392229229643
55,proper_scoring,node-022,0.0,0.0,0.0,8767.693769240801,1079.872346202758,0.9,0.0,0.0,0.0,0.0
55,proper_scoring,node-023,0.0,0.0,0.0,8767.693769240801,1079.872346202758,0.9,0.0,0.0,0.0,0.0
55,proper_scoring,node-024,0.0,0.0,0.0,8767.693769240801,1079.872346202758,0.9,0.0,0.0,0.0,0.0
55,proper_scoring,node-025,23.462759590451817,0.0,0.0,8767.693769240801,1079.872346202758,0.9,-165.0493099503615,0.0,0.0,0.09623971042502048
55,proper_scoring,node-026,0.0,0.0,0.0,8767.693769240801,1079.872346202758,0.9,0.0,0.0,0.0,0.0
55,proper_scoring,node-027,0.0,0.0,0.0,8767.693769240801,1079.872346202758,0.9,0.0,0.0,0.0,0.0
55,proper_scoring,node-028,0.0,0.0,0.0,8767.693769240801,1079.872346202758,0.9,0.0,0.0,0.0,0.0
55,proper_scoring,node-029,114.43524170778848,0.0,0.0,8767.693769240801,1079.872346202758,0.9,-142.25903316884603,0.0,0.0,0.46939127010688986
55,audits,node-000,0.0,0.0,0.0,8767.693769240801,1035.273088797603,0.9,0.0,0.0,0.0,0.0
55,audits,node-001,113.09584825689768,0.0,0.0,8767.693769240801,1035.273088797603,0.9,-186.90415174310232,0.0,0.0,0.46389733673720407
55,audits,node-002,0.0,0.0,0.0,8767.693769240801,1035.273088797603,0.9,0.0,0.0,0.0,0.0
55,audits,node-003,108.89614735754137,0.0,0.0,8767.693769240801,1035.273088797603,0.9,-1539.4162035933311,0.0,0.0,0.44667097438764347
55,audits,node-004,94.26328877265713,0.0,0.0,8767.693769240801,1035.273088797603,0.9,-102.08075291770926,0.0,0.0,0.38664981330168896
55,audits,node-005,0.0,0.0,0.0,8767.693769240801,1035.273088797603,0.9,0.0,0.0,0.0,0.0
55,audits,node-006,0.0,0.0,0.0,8767.693769240801,1035.273088797603,0.9,0.0,0.0,0.0,0.0
55,audits,node-007,0.0,0.0,0.0,8767.693769240801,1035.273088797603,0.9,0.0,0.0,0.0,0.0
55,audits,node-008,315.317134193338,548.4649299403069,646.6933245354085,8767.693769240801,1035.273088797603,0.9,-3084.682865806661,-14.73425918926523,-548.4649299403069,1.2933700134388073
55,audits,node-009,0.0,0.0,0.0,8767.693769240801,1035.273088797603,0.9,0.0,0.0,0.0,0.0
55,audits,node-010,0.0,0.0,0.0,8767.693769240801,1035.273088797603,0.9,0.0,0.0,0.0,0.0
55,audits,node-011,0.0,0.0,0.0,8767.693769240801,1035.273088797603,0.9,0.0,0.0,0.0,0.0
55,audits,node-012,0.0,0.0,0.0,8767.693769240801,1035.273088797603,0.9,0.0,0.0,0.0,0.0
55,audits,node-013,0.0,0.0,0.0,8767.693769240801,1035.273088797603,0.9,0.0,0.0,0.0,0.0
55,audits,node-014,376.38525467296256,351.5533176255718,388.5797642621946,8767.693769240801,1035.273088797603,0.9,-2907.4304622226405,-5.553966995493397,-351.5533176255718,1.5438596546296524
55,audits,node-015,0.0,0.0,0.0,8767.693769240801,1035.273088797603,0.9,0.0,0.0,0.0,0.0
55,audits,node-016,0.0,0.0,0.0,8767.693769240801,1035.273088797603,0.9,0.0,0.0,0.0,0.0
55,audits,node-017,0.0,0.0,0.0,8767.693769240801,1035.273088797603,0.9,0.0,0.0,0.0,0.0
55,audits,node-018,0.0,0.0,0.0,8767.693769240801,1035.273088797603,0.9,0.0,0.0,0.0,0.0
55,audits,node-019,0.0,0.0,0.0,8767.693769240801,1035.273088797603,0.9,0.0,0.0,0.0,0.0
55,audits,node-020,0.0,0.0,0.0,8767.693769240801,1035.273088797603,0.9,0.0,0.0,0.0,0.0
55,audits,node-021,711.3482578458361,0.0,0.0,8767.693769240801,1035.273088797603,0.9,-2488.651742154164,0.0,0.0,2.917813230046728
55,audits,node-022,0.0,0.0,0.0,8767.693769240801,1035.273088797603,0.9,0.0,0.0,0.0,0.0
55,audits,node-023,0.0,0.0,0.0,8767.693769240801,1035.273088797603,0.9,0.0,0.0,0.0,0.0
55,audits,node-024,0.0,0.0,0.0,8767.693769240801,1035.273088797603,0.9,0.0,0.0,0.0,0.0
55,audits,node-025,8.737672512409617,0.0,0.0,8767.693769240801,1035.273088797603,0.9,-191.2623274875904,0.0,0.0,0.03584024586456454
55,audits,node-026,0.0,0.0,0.0,8767.693769240801,1035.273088797603,0.9,0.0,0.0,0.0,0.0
55,audits,node-027,0.0,0.0,0.0,8767.693769240801,1035.273088797603,0.9,0.0,0.0,0.0,0.0
55,audits,node-028,0.0,0.0,0.0,8767.693769240801,1035.273088797603,0.9,0.0,0.0,0.0,0.0
55,audits,node-029,114.43524170778848,0.0,0.0,8767.693769240801,1035.273088797603,0.9,-185.56475829221154,0.0,0.0,0.46939127010688986
54,greedy,node-000,0.0,0.0,0.0,8774.229967502222,183.22563157927513,0.85,0.0,0.0,0.0,0.0
54,greedy,node-001,0.0,0.0,0.0,8774.229967502222,183.22563157927513,0.85,0.0,0.0,0.0,0.0
54,greedy,node-002,0.0,0.0,0.0,8774.229967502222,183.22563157927513,0.85,0.0,0.0,0.0,0.0
54,greedy,node-003,32.62054015826859,61.07521052642503,183.22563157927513,8774.229967502222,183.22563157927513,0.85,-91.61281578963755,-18.322563157927497,-61.07521052642503,0.13380315843227145
54,greedy,node-004,0.0,0.0,0.0,8774.229967502222,183.22563157927513,0.85,0.0,0.0,0.0,0.0
54,greedy,node-005,0.0,0.0,0.0,8774.229967502222,183.22563157927513,0.85,0.0,0.0,0.0,0.0
54,greedy,node-006,0.0,0.0,0.0,8774.229967502222,183.22563157927513,0.85,0.0,0.0,0.0,0.0
54,greedy,node-007,0.0,0.0,0.0,8774.229967502222,183.22563157927513,0.85,0.0,0.0,0.0,0.0
54,greedy,node-008,0.0,0.0,0.0,8774.229967502222,183.22563157927513,0.85,0.0,0.0,0.0,0.0
54,greedy,node-009,0.0,0.0,0.0,8774.229967502222,183.22563157927513,0.85,0.0,0.0,0.0,0.0
54,greedy,node-010,0.0,0.0,0.0,8774.229967502222,183.22563157927513,0.85,0.0,0.0,0.0,0.0
54,greedy,node-011,0.0,0.0,0.0,8774.229967502222,183.22563157927513,0.85,-1.359282096237873,0.0,0.0,0.0
54,greedy,node-012,0.0,0.0,0.0,8774.229967502222,183.22563157927513,0.85,0.0,0.0,0.0,0.0
54,greedy,node-013,0.0,0.0,0.0,8774.229967502222,183.22563157927513,0.85,0.0,0.0,0.0,0.0
54,greedy,node-014,0.0,0.0,0.0,8774.229967502222,183.22563157927513,0.85,0.0,0.0,0.0,0.0
54,greedy,node-015,0.0,0.0,0.0,8774.229967502222,183.22563157927513,0.85,0.0,0.0,0.0,0.0
54,greedy,node-016,7.305372583614567,0.0,0.0,8774.229967502222,183.22563157927513,0.85,-24.783245109220008,7.805713124745001,0.0,0.029965228057830976
54,greedy,node-017,0.0,0.0,0.0,8774.229967502222,183.22563157927513,0.85,0.0,0.0,0.0,0.0
54,greedy,node-018,0.0,0.0,0.0,8774.229967502222,183.22563157927513,0.85,0.0,0.0,0.0,0.0
54,greedy,node-019,0.0,0.0,0.0,8774.229967502222,183.22563157927513,0.85,0.0,0.0,0.0,0.0
54,greedy,node-020,0.0,0.0,0.0,8774.229967502222,183.22563157927513,0.85,0.0,0.0,0.0,0.0
54,greedy,node-021,0.0,0.0,0.0,8774.229967502222,183.22563157927513,0.85,0.0,0.0,0.0,0.0
54,greedy,node-022,0.0,0.0,0.0,8774.229967502222,183.22563157927513,0.85,-16.862524428955304,0.0,0.0,0.0
54,greedy,node-023,0.0,0.0,0.0,8774.229967502222,183.22563157927513,0.85,0.0,0.0,0.0,0.0
54,greedy,node-024,0.0,0.0,0.0,8774.229967502222,183.22563157927513,0.85,0.0,0.0,0.0,0.0
54,greedy,node-025,0.0,0.0,0.0,8774.229967502222,183.22563157927513,0.85,0.0,0.0,0.0,0.0
54,greedy,node-026,0.0,0.0,0.0,8774.229967502222,183.22563157927513,0.85,0.0,0.0,0.0,0.0
54,greedy,node-027,0.0,0.0,0.0,8774.229967502222,183.22563157927513,0.85,0.0,0.0,0.0,0.0
54,greedy,node-028,0.0,0.0,0.0,8774.229967502222,183.22563157927513,0.85,0.0,0.0,0.0,0.0
54,greedy,node-029,0.0,0.0,0.0,8774.229967502222,183.22563157927513,0.85,0.0,0.0,0.0,0.0
54,trust_vcg,node-000,0.0,0.0,0.0,8774.229967502222,-584.9808559988526,0.85,0.0,0.0,0.0,0.0
54,trust_vcg,node-001,0.0,0.0,0.0,8774.229967502222,-584.9808559988526,0.85,0.0,0.0,0.0,0.0
54,trust_vcg,node-002,0.0,0.0,0.0,8774.229967502222,-584.9808559988526,0.85,-3380.5377825287187,0.0,0.0,0.0
54,trust_vcg,node-003,183.22563157927493,-707.1312770517028,-584.9808559988526,8774.229967502222,-584.9808559988526,0.85,-10323.406328211513,-18.32256315792756,1030.402225907729,0.7515561695823241
54,trust_vcg,node-004,0.0,0.0,0.0,8774.229967502222,-584.9808559988526,0.85,0.0,0.0,0.0,0.0
54,trust_vcg,node-005,0.0,0.0,0.0,8774.229967502222,-584.9808559988526,0.85,0.0,0.0,0.0,0.0
54,trust_vcg,node-006,76.78729622567657,0.0,0.0,8774.229967502222,-584.9808559988526,0.85,-1723.2127037743235,0.0,0.0,0.3149666655616563
54,trust_vcg,node-007,129.3554059476387,0.0,0.0,8774.229967502222,-584.9808559988526,0.85,-2270.6445940523613,0.0,0.0,0.5305909035260242
54,trust_vcg,node-008,227.37169346276548,0.0,0.0,8774.229967502222,-584.9808559988526,0.85,-3926.986909917789,0.0,0.0,0.9326347931642295
54,trust_vcg,node-009,0.0,0.0,0.0,8774.229967502222,-584.9808559988526,0.85,0.0,0.0,0.0,0.0
54,trust_vcg,node-010,113.95536905076494,0.0,0.0,8774.229967502222,-584.9808559988526,0.85,-2286.044630949235,0.0,0.0,0.46742292510574923
54,trust_vcg,node-011,0.0,0.0,0.0,8774.229967502222,-584.9808559988526,0.85,-5621.640404896436,0.0,0.0,0.0
54,trust_vcg,node-012,175.60788129683252,0.0,0.0,8774.229967502222,-584.9808559988526,0.85,-2263.091776628761,0.0,0.0,0.7203096285074745
54,trust_vcg,node-013,0.0,0.0,0.0,8774.229967502222,-584.9808559988526,0.85,0.0,0.0,0.0,0.0
54,trust_vcg,node-014,0.0,0.0,0.0,8774.229967502222,-584.9808559988526,0.85,0.0,0.0,0.0,0.0
54,trust_vcg,node-015,0.0,0.0,0.0,8774.229967502222,-584.9808559988526,0.85,0.0,0.0,0.0,0.0
54,trust_vcg,node-016,77.66831673393276,0.0,0.0,8774.229967502222,-584.9808559988526,0.85,-5447.052825499341,0.0,0.0,0.3185804416081698
54,trust_vcg,node-017,0.0,0.0,0.0,8774.229967502222,-584.9808559988526,0.85,0.0,0.0,0.0,0.0
54,trust_vcg,node-018,0.0,0.0,0.0,8774.229967502222,-584.9808559988526,0.85,0.0,0.0,0.0,0.0
54,trust_vcg,node-019,224.90913376185475,0.0,0.0,8774.229967502222,-584.9808559988526,0.85,-3375.0908662381453,0.0,0.0,0.9225338486608208
54,trust_vcg,node-020,0.0,0.0,0.0,8774.229967502222,-584.9808559988526,0.85,-2278.1255327630374,0.0,0.0,0.0
54,trust_vcg,node-021,0.0,0.0,0.0,8774.229967502222,-584.9808559988526,0.85,0.0,0.0,0.0,0.0
54,trust_vcg,node-022,0.0,0.0,0.0,8774.229967502222,-584.9808559988526,0.85,-5554.757125514119,0.0,0.0,0.0
54,trust_vcg,node-023,211.55599024393183,0.0,0.0,8774.229967502222,-584.9808559988526,0.85,-5549.0900224885645,0.0,0.0,0.8677618317344055
54,trust_vcg,node-024,0.0,0.0,0.0,8774.229967502222,-584.9808559988526,0.85,0.0,0.0,0.0,0.0
54,trust_vcg,node-025,0.0,0.0,0.0,8774.229967502222,-584.9808559988526,0.85,0.0,0.0,0.0,0.0
54,trust_vcg,node-026,277.76547222947784,0.0,0.0,8774.229967502222,-584.9808559988526,0.85,-3922.2345277705217,0.0,0.0,1.1393403452981994
54,trust_vcg,node-027,0.0,0.0,0.0,8774.229967502222,-584.9808559988526,0.85,0.0,0.0,0.0,0.0
54,trust_vcg,node-028,136.2384313374166,0.0,0.0,8774.229967502222,-584.9808559988526,0.85,-2263.761568662583,0.0,0.0,0.5588237449275899
54,trust_vcg,node-029,75.30007543267321,0.0,0.0,8774.229967502222,-584.9808559988526,0.85,-1724.699924567327,0.0,0.0,0.3088663729722475
54,contingent,node-000,0.0,0.0,0.0,8774.229967502222,170.31416550616936,0.85,0.0,0.0,0.0,0.0
54,contingent,node-001,0.0,0.0,0.0,8774.229967502222,170.31416550616936,0.85,0.0,0.0,0.0,0.0
54,contingent,node-002,0.0,0.0,0.0,8774.229967502222,170.31416550616936,0.85,-322.1511301148747,0.0,0.0,0.0
54,contingent,node-003,170.31416550616927,48.16374445331924,170.31416550616936,8774.229967502222,170.31416550616936,0.85,-170.31416550616933,-17.031416550616928,-224.7670445670082,0.6985958282700498
54,contingent,node-004,0.0,0.0,0.0,8774.229967502222,170.31416550616936,0.85,0.0,0.0,0.0,0.0
54,contingent,node-005,0.0,0.0,0.0,8774.229967502222,170.31416550616936,0.85,0.0,0.0,0.0,0.0
54,contingent,node-006,0.0,0.0,0.0,8774.229967502222,170.31416550616936,0.85,-292.85081509729366,0.0,0.0,0.0
54,contingent,node-007,10.41102016007828,0.0,0.0,8774.229967502222,170.31416550616936,0.85,-282.5783762094452,0.0,0.0,0.042703994880582144
54,contingent,node-008,36.19976650271553,0.0,0.0,8774.229967502222,170.31416550616936,0.85,-307.94763967115523,0.0,0.0,0.14848445393833623
54,contingent,node-009,0.0,0.0,0.0,8774.229967502222,170.31416550616936,0.85,0.0,0.0,0.0,0.0
54,contingent,node-010,0.0,0.0,0.0,8774.229967502222,170.31416550616936,0.85,-344.1785237969402,0.0,0.0,0.0
54,contingent,node-011,0.0,0.0,0.0,8774.229967502222,170.31416550616936,0.85,-486.5616195857454,0.0,0.0,0.0
54,contingent,node-012,25.607881296832524,0.0,0.0,8774.229967502222,170.31416550616936,0.85,-252.36710651504478,0.0,0.0,0.10503858555531496
54,contingent,node-013,0.0,0.0,0.0,8774.229967502222,170.31416550616936,0.85,0.0,0.0,0.0,0.0
54,contingent,node-014,0.0,0.0,0.0,8774.229967502222,170.31416550616936,0.85,0.0,0.0,0.0,0.0
54,contingent,node-015,0.0,0.0,0.0,8774.229967502222,170.31416550616936,0.85,0.0,0.0,0.0,0.0
54,contingent,node-016,27.877546874089287,0.0,0.0,8774.229967502222,170.31416550616936,0.85,-145.77554621522162,0.0,0.0,0.1143483156011242
54,contingent,node-017,0.0,0.0,0.0,8774.229967502222,170.31416550616936,0.85,0.0,0.0,0.0,0.0
54,contingent,node-018,0.0,0.0,0.0,8774.229967502222,170.31416550616936,0.85,0.0,0.0,0.0,0.0
54,contingent,node-019,35.03838524336307,0.0,0.0,8774.229967502222,170.31416550616936,0.85,-300.36346495258096,0.0,0.0,0.14372069221362366
54,contingent,node-020,0.0,0.0,0.0,8774.229967502222,170.31416550616936,0.85,-312.50213105214925,0.0,0.0,0.0
54,contingent,node-021,0.0,0.0,0.0,8774.229967502222,170.31416550616936,0.85,0.0,0.0,0.0,0.0
54,contingent,node-022,0.0,0.0,0.0,8774.229967502222,170.31416550616936,0.85,-219.02850205647337,0.0,0.0,0.0
54,contingent,node-023,61.583107981377225,0.0,0.0,8774.229967502222,170.31416550616936,0.85,-272.05847884953414,0.0,0.0,0.25260202050624947
54,contingent,node-024,0.0,0.0,0.0,8774.229967502222,170.31416550616936,0.85,0.0,0.0,0.0,0.0
54,contingent,node-025,0.0,0.0,0.0,8774.229967502222,170.31416550616936,0.85,0.0,0.0,0.0,0.0
54,contingent,node-026,58.381007848549416,0.0,0.0,8774.229967502222,170.31416550616936,0.85,-288.9381110820885,0.0,0.0,0.23946762391716805
54,contingent,node-027,0.0,0.0,0.0,8774.229967502222,170.31416550616936,0.85,0.0,0.0,0.0,0.0
54,contingent,node-028,18.443813559829067,0.0,0.0,8774.229967502222,170.31416550616936,0.85,-255.04627465033357,0.0,0.0,0.07565296269980808
54,contingent,node-029,0.0,0.0,0.0,8774.229967502222,170.31416550616936,0.85,-298.79969826930716,0.0,0.0,0.0
54,capped,node-000,0.0,0.0,0.0,8774.229967502222,183.22563157927513,0.85,0.0,0.0,0.0,0.0
54,capped,node-001,0.0,0.0,0.0,8774.229967502222,183.22563157927513,0.85,0.0,0.0,0.0,0.0
54,capped,node-002,26.1994522862932,0.0,0.0,8774.229967502222,183.22563157927513,0.85,-80.53778252871868,0.0,0.0,0.10746509555308638
54,capped,node-003,183.2256315792751,61.07521052642503,183.22563157927513,8774.229967502222,183.22563157927513,0.85,-91.61281578963755,-18.322563157927497,-237.678510640114,0.7515561695823249
54,capped,node-004,0.0,0.0,0.0,8774.229967502222,183.22563157927513,0.85,0.0,0.0,0.0,0.0
54,capped,node-005,0.0,0.0,0.0,8774.229967502222,183.22563157927513,0.85,0.0,0.0,0.0,0.0
54,capped,node-006,0.0,0.0,0.0,8774.229967502222,183.22563157927513,0.85,-73.21270377432343,0.0,0.0,0.0
54,capped,node-007,10.41102016007828,0.0,0.0,8774.229967502222,183.22563157927513,0.85,-70.6445940523613,0.0,0.0,0.042703994880582144
54,capped,node-008,36.19976650271553,0.0,0.0,8774.229967502222,183.22563157927513,0.85,-76.98690991778881,0.0,0.0,0.14848445393833623
54,capped,node-009,0.0,0.0,0.0,8774.229967502222,183.22563157927513,0.85,0.0,0.0,0.0,0.0
54,capped,node-010,0.0,0.0,0.0,8774.229967502222,183.22563157927513,0.85,-86.04463094923506,0.0,0.0,0.0
54,capped,node-011,0.0,0.0,0.0,8774.229967502222,183.22563157927513,0.85,-121.64040489643634,0.0,0.0,0.0
54,capped,node-012,25.607881296832524,0.0,0.0,8774.229967502222,183.22563157927513,0.85,-63.091776628761195,0.0,0.0,0.10503858555531496
54,capped,node-013,0.0,0.0,0.0,8774.229967502222,183.22563157927513,0.85,0.0,0.0,0.0,0.0
54,capped,node-014,0.0,0.0,0.0,8774.229967502222,183.22563157927513,0.85,0.0,0.0,0.0,0.0
54,capped,node-015,0.0,0.0,0.0,8774.229967502222,183.22563157927513,0.85,0.0,0.0,0.0,0.0
54,capped,node-016,51.13760808530196,0.0,0.0,8774.229967502222,183.22563157927513,0.85,-36.4438865538054,0.0,0.0,0.2097565964048168
54,capped,node-017,0.0,0.0,0.0,8774.229967502222,183.22563157927513,0.85,0.0,0.0,0.0,0.0
54,capped,node-018,0.0,0.0,0.0,8774.229967502222,183.22563157927513,0.85,0.0,0.0,0.0,0.0
54,capped,node-019,35.03838524336307,0.0,0.0,8774.229967502222,183.22563157927513,0.85,-75.09086623814525,0.0,0.0,0.14372069221362366
54,capped,node-020,0.0,0.0,0.0,8774.229967502222,183.22563157927513,0.85,-78.12553276303731,0.0,0.0,0.0
54,capped,node-021,0.0,0.0,0.0,8774.229967502222,183.22563157927513,0.85,0.0,0.0,0.0,0.0
54,capped,node-022,118.16859610127526,0.0,0.0,8774.229967502222,183.22563157927513,0.85,-54.75712551411834,0.0,0.0,0.4847047691161608
54,capped,node-023,61.583107981377225,0.0,0.0,8774.229967502222,183.22563157927513,0.85,-68.01461971238352,0.0,0.0,0.25260202050624947
54,capped,node-024,0.0,0.0,0.0,8774.229967502222,183.22563157927513,0.85,0.0,0.0,0.0,0.0
54,capped,node-025,0.0,0.0,0.0,8774.229967502222,183.22563157927513,0.85,0.0,0.0,0.0,0.0
54,capped,node-026,58.381007848549416,0.0,0.0,8774.229967502222,183.22563157927513,0.85,-72.23452777052213,0.0,0.0,0.23946762391716805
54,capped,node-027,0.0,0.0,0.0,8774.229967502222,183.22563157927513,0.85,0.0,0.0,0.0,0.0
54,capped,node-028,18.443813559829067,0.0,0.0,8774.229967502222,183.22563157927513,0.85,-63.76156866258339,0.0,0.0,0.07565296269980808
54,capped,node-029,0.0,0.0,0.0,8774.229967502222,183.22563157927513,0.85,-74.69992456732679,0.0,0.0,0.0
54,proper_scoring,node-000,0.0,0.0,0.0,8774.229967502222,1012.2814273898999,0.85,0.0,0.0,0.0,0.0
54,proper_scoring,node-001,0.0,0.0,0.0,8774.229967502222,1012.2814273898999,0.85,0.0,0.0,0.0,0.0
54,proper_scoring,node-002,126.32453776968487,0.0,0.0,8774.229967502222,1012.2814273898999,0.85,-308.092096098712,0.0,0.0,0.5181588673600231
54,proper_scoring,node-003,178.34690362243907,890.1310063370496,1012.2814273898999,8774.229967502222,1012.2814273898999,0.85,-1012.2814273898997,-17.031416550616882,-566.8600574810234,0.7315445693271091
54,proper_scoring,node-004,0.0,0.0,0.0,8774.229967502222,1012.2814273898999,0.85,0.0,0.0,0.0,0.0
54,proper_scoring,node-005,0.0,0.0,0.0,8774.229967502222,1012.2814273898999,0.85,0.0,0.0,0.0,0.0
54,proper_scoring,node-006,76.78729622567657,0.0,0.0,8774.229967502222,1012.2814273898999,0.85,-223.21270377432342,0.0,0.0,0.3149666655616563
54,proper_scoring,node-007,129.3554059476387,0.0,0.0,8774.229967502222,1012.2814273898999,0.85,-265.3083664123489,0.0,0.0,0.5305909035260242
54,proper_scoring,node-008,227.37169346276548,0.0,0.0,8774.229967502222,1012.2814273898999,0.85,-303.64798991708193,0.0,0.0,0.9326347931642295
54,proper_scoring,node-009,0.0,0.0,0.0,8774.229967502222,1012.2814273898999,0.85,0.0,0.0,0.0,0.0
54,proper_scoring,node-010,113.95536905076494,0.0,0.0,8774.229967502222,1012.2814273898999,0.85,-278.48125521826273,0.0,0.0,0.46742292510574923
54,proper_scoring,node-011,313.1111300602554,0.0,0.0,8774.229967502222,1012.2814273898999,0.85,-420.24710850529783,0.0,0.0,1.2843214103473506
54,proper_scoring,node-012,175.60788129683252,0.0,0.0,8774.229967502222,1012.2814273898999,0.85,-241.72323493775724,0.0,0.0,0.7203096285074745
54,proper_scoring,node-013,0.0,0.0,0.0,8774.229967502222,1012.2814273898999,0.85,0.0,0.0,0.0,0.0
54,proper_scoring,node-014,0.0,0.0,0.0,8774.229967502222,1012.2814273898999,0.85,0.0,0.0,0.0,0.0
54,proper_scoring,node-015,0.0,0.0,0.0,8774.229967502222,1012.2814273898999,0.85,0.0,0.0,0.0,0.0
54,proper_scoring,node-016,216.42950683916555,0.0,0.0,8774.229967502222,1012.2814273898999,0.85,-145.77554621522162,0.0,0.0,0.8877520559903662
54,proper_scoring,node-017,0.0,0.0,0.0,8774.229967502222,1012.2814273898999,0.85,0.0,0.0,0.0,0.0
54,proper_scoring,node-018,0.0,0.0,0.0,8774.229967502222,1012.2814273898999,0.85,0.0,0.0,0.0,0.0
54,proper_scoring,node-019,224.90913376185475,0.0,0.0,8774.229967502222,1012.2814273898999,0.85,-297.80588708753635,0.0,0.0,0.9225338486608208
54,proper_scoring,node-020,21.874467236962673,0.0,0.0,8774.229967502222,1012.2814273898999,0.85,-271.90425928208276,0.0,0.0,0.08972484180605911
54,proper_scoring,node-021,0.0,0.0,0.0,8774.229967502222,1012.2814273898999,0.85,0.0,0.0,0.0,0.0
54,proper_scoring,node-022,310.77136470882704,0.0,0.0,8774.229967502222,1012.2814273898999,0.85,-219.02850205647337,0.0,0.0,1.2747241445604396
54,proper_scoring,node-023,364.98958454596016,0.0,0.0,8774.229967502222,1012.2814273898999,0.85,-272.05847884953414,0.0,0.0,1.4971168156684553
54,proper_scoring,node-024,0.0,0.0,0.0,8774.229967502222,1012.2814273898999,0.85,0.0,0.0,0.0,0.0
54,proper_scoring,node-025,0.0,0.0,0.0,8774.229967502222,1012.2814273898999,0.85,0.0,0.0,0.0,0.0
54,proper_scoring,node-026,277.76547222947784,0.0,0.0,8774.229967502222,1012.2814273898999,0.85,-288.9381110820885,0.0,0.0,1.1393403452981994
54,proper_scoring,node-027,0.0,0.0,0.0,8774.229967502222,1012.2814273898999,0.85,0.0,0.0,0.0,0.0
54,proper_scoring,node-028,136.2384313374166,0.0,0.0,8774.229967502222,1012.2814273898999,0.85,-244.18077532261006,0.0,0.0,0.5588237449275899
54,proper_scoring,node-029,75.30007543267321,0.0,0.0,8774.229967502222,1012.2814273898999,0.85,-224.6999245673268,0.0,0.0,0.3088663729722475
54,audits,node-000,0.0,0.0,0.0,8774.229967502222,915.0191440011474,0.85,0.0,0.0,0.0,0.0
54,audits,node-001,0.0,0.0,0.0,8774.229967502222,915.0191440011474,0.85,0.0,0.0,0.0,0.0
54,audits,node-002,119.46221747128132,0.0,0.0,8774.229967502222,915.0191440011474,0.85,-1880.5377825287187,0.0,0.0,0.49001095424621965
54,audits,node-003,183.2256315792754,792.8687229482971,915.0191440011474,8774.229967502222,915.0191440011474,0.85,-3823.4063282115094,-18.322563157927448,-469.597774092271,0.751556169582326
54,audits,node-004,0.0,0.0,0.0,8774.229967502222,915.0191440011474,0.85,0.0,0.0,0.0,0.0
54,audits,node-005,0.0,0.0,0.0,8774.229967502222,915.0191440011474,0.85,0.0,0.0,0.0,0.0
54,audits,node-006,76.78729622567657,0.0,0.0,8774.229967502222,915.0191440011474,0.85,-1223.2127037743235,0.0,0.0,0.3149666655616563
54,audits,node-007,129.3554059476387,0.0,0.0,8774.229967502222,915.0191440011474,0.85,-1270.6445940523613,0.0,0.0,0.5305909035260242
54,audits,node-008,227.37169346276548,0.0,0.0,8774.229967502222,915.0191440011474,0.85,-1926.986909917789,0.0,0.0,0.9326347931642295
54,audits,node-009,0.0,0.0,0.0,8774.229967502222,915.0191440011474,0.85,0.0,0.0,0.0,0.0
54,audits,node-010,113.95536905076494,0.0,0.0,8774.229967502222,915.0191440011474,0.85,-1286.044630949235,0.0,0.0,0.46742292510574923
54,audits,node-011,278.35959510356366,0.0,0.0,8774.229967502222,915.0191440011474,0.85,-2121.6404048964364,0.0,0.0,1.1417773226340697
54,audits,node-012,175.60788129683252,0.0,0.0,8774.229967502222,915.0191440011474,0.85,-1263.0917766287612,0.0,0.0,0.7203096285074745
54,audits,node-013,0.0,0.0,0.0,8774.229967502222,915.0191440011474,0.85,0.0,0.0,0.0,0.0
54,audits,node-014,0.0,0.0,0.0,8774.229967502222,915.0191440011474,0.85,0.0,0.0,0.0,0.0
54,audits,node-015,0.0,0.0,0.0,8774.229967502222,915.0191440011474,0.85,0.0,0.0,0.0,0.0
54,audits,node-016,77.66831673393276,0.0,0.0,8774.229967502222,915.0191440011474,0.85,-1947.0528254993412,0.0,0.0,0.3185804416081698
54,audits,node-017,0.0,0.0,0.0,8774.229967502222,915.0191440011474,0.85,0.0,0.0,0.0,0.0
54,audits,node-018,0.0,0.0,0.0,8774.229967502222,915.0191440011474,0.85,0.0,0.0,0.0,0.0
54,audits,node-019,224.90913376185475,0.0,0.0,8774.229967502222,915.0191440011474,0.85,-1875.0908662381455,0.0,0.0,0.9225338486608208
54,audits,node-020,21.874467236962673,0.0,0.0,8774.229967502222,915.0191440011474,0.85,-1278.1255327630372,0.0,0.0,0.08972484180605911
54,audits,node-021,0.0,0.0,0.0,8774.229967502222,915.0191440011474,0.85,0.0,0.0,0.0,0.0
54,audits,node-022,0.0,0.0,0.0,8774.229967502222,915.0191440011474,0.85,-2054.7571255141183,0.0,0.0,0.0
54,audits,node-023,333.79648679766217,0.0,0.0,8774.229967502222,915.0191440011474,0.85,-2049.090022488565,0.0,0.0,1.369168750438429
54,audits,node-024,0.0,0.0,0.0,8774.229967502222,915.0191440011474,0.85,0.0,0.0,0.0,0.0
54,audits,node-025,0.0,0.0,0.0,8774.229967502222,915.0191440011474,0.85,0.0,0.0,0.0,0.0
54,audits,node-026,277.76547222947784,0.0,0.0,8774.229967502222,915.0191440011474,0.85,-1922.234527770522,0.0,0.0,1.1393403452981994
54,audits,node-027,0.0,0.0,0.0,8774.229967502222,915.0191440011474,0.85,0.0,0.0,0.0,0.0
54,audits,node-028,136.2384313374166,0.0,0.0,8774.229967502222,915.0191440011474,0.85,-1263.7615686625834,0.0,0.0,0.5588237449275899
54,audits,node-029,75.30007543267321,0.0,0.0,8774.229967502222,915.0191440011474,0.85,-1224.6999245673267,0.0,0.0,0.3088663729722475
49,greedy,node-000,0.0,0.0,0.0,8158.108752240838,190.2027233433482,0.7,0.0,0.0,0.0,0.0
49,greedy,node-001,0.0,0.0,0.0,8158.108752240838,190.2027233433482,0.7,0.0,0.0,0.0,0.0
49,greedy,node-002,0.0,0.0,0.0,8158.108752240838,190.2027233433482,0.7,0.0,0.0,0.0,0.0
49,greedy,node-003,0.0,0.0,0.0,8158.108752240838,190.2027233433482,0.7,0.0,0.0,0.0,0.0
49,greedy,node-004,0.0,0.0,0.0,8158.108752240838,190.2027233433482,0.7,0.0,0.0,0.0,0.0
49,greedy,node-005,0.0,0.0,0.0,8158.108752240838,190.2027233433482,0.7,0.0,0.0,0.0,0.0
49,greedy,node-006,0.0,0.0,0.0,8158.108752240838,190.2027233433482,0.7,0.0,0.0,0.0,0.0
49,greedy,node-007,0.0,0.0,0.0,8158.108752240838,190.2027233433482,0.7,0.0,0.0,0.0,0.0
49,greedy,node-008,0.0,0.0,0.0,8158.108752240838,190.2027233433482,0.7,0.0,0.0,0.0,0.0
49,greedy,node-009,0.0,0.0,0.0,8158.108752240838,190.2027233433482,0.7,0.0,0.0,0.0,0.0
49,greedy,node-010,0.0,0.0,0.0,8158.108752240838,190.2027233433482,0.7,0.0,0.0,0.0,0.0
49,greedy,node-011,0.0,0.0,0.0,8158.108752240838,190.2027233433482,0.7,0.0,0.0,0.0,0.0
49,greedy,node-012,0.0,0.0,0.0,8158.108752240838,190.2027233433482,0.7,0.0,0.0,0.0,0.0
49,greedy,node-013,38.39912208147601,44.66100832427567,133.983024972827,8158.108752240838,190.2027233433482,0.7,-72.0840497425983,-10.866183153970695,-44.66100832427567,0.15750578594344694
49,greedy,node-014,0.0,0.0,0.0,8158.108752240838,190.2027233433482,0.7,0.0,0.0,0.0,0.0
49,greedy,node-015,0.0,0.0,0.0,8158.108752240838,190.2027233433482,0.7,0.0,0.0,0.0,0.0
49,greedy,node-016,0.0,0.0,0.0,8158.108752240838,190.2027233433482,0.7,0.0,0.0,0.0,0.0
49,greedy,node-017,0.0,0.0,0.0,8158.108752240838,190.2027233433482,0.7,0.0,0.0,0.0,0.0
49,greedy,node-018,0.0,0.0,0.0,8158.108752240838,190.2027233433482,0.7,0.0,0.0,0.0,0.0
49,greedy,node-019,0.0,0.0,0.0,8158.108752240838,190.2027233433482,0.7,0.0,0.0,0.0,0.0
49,greedy,node-020,0.0,0.0,0.0,8158.108752240838,190.2027233433482,0.7,-29.14300281359022,0.0,0.0,0.0
49,greedy,node-021,0.0,0.0,0.0,8158.108752240838,190.2027233433482,0.7,-23.979030478181684,0.0,0.0,0.0
49,greedy,node-022,0.0,0.0,0.0,8158.108752240838,190.2027233433482,0.7,0.0,0.0,0.0,0.0
49,greedy,node-023,0.0,0.0,0.0,8158.108752240838,190.2027233433482,0.7,0.0,0.0,0.0,0.0
49,greedy,node-024,0.0,0.0,0.0,8158.108752240838,190.2027233433482,0.7,0.0,0.0,0.0,0.0
49,greedy,node-025,19.476600364619113,18.739899456840394,56.219698370521186,8158.108752240838,190.2027233433482,0.7,-41.42172971108469,-5.6219698370521165,-18.739899456840394,0.07988925479667741
49,greedy,node-026,0.0,0.0,0.0,8158.108752240838,190.2027233433482,0.7,0.0,0.0,0.0,0.0
49,greedy,node-027,0.0,0.0,0.0,8158.108752240838,190.2027233433482,0.7,0.0,0.0,0.0,0.0
49,greedy,node-028,0.0,0.0,0.0,8158.108752240838,190.2027233433482,0.7,0.0,0.0,0.0,0.0
49,greedy,node-029,0.0,0.0,0.0,8158.108752240838,190.2027233433482,0.7,-24.858940662428253,0.0,0.0,0.0
49,trust_vcg,node-000,0.0,0.0,0.0,8397.566657922616,-1668.08107158355,0.75,0.0,0.0,0.0,0.0
49,trust_vcg,node-001,0.0,0.0,0.0,8397.566657922616,-1668.08107158355,0.75,0.0,0.0,0.0,0.0
49,trust_vcg,node-002,0.0,0.0,0.0,8397.566657922616,-1668.08107158355,0.75,0.0,0.0,0.0,0.0
49,trust_vcg,node-003,0.0,0.0,0.0,8397.566657922616,-1668.08107158355,0.75,-5591.535483881057,0.0,0.0,0.0
49,trust_vcg,node-004,0.0,0.0,0.0,8397.566657922616,-1668.08107158355,0.75,0.0,0.0,0.0,0.0
49,trust_vcg,node-005,0.0,0.0,0.0,8397.566657922616,-1668.08107158355,0.75,0.0,0.0,0.0,0.0
49,trust_vcg,node-006,0.0,0.0,0.0,8397.566657922616,-1668.08107158355,0.75,0.0,0.0,0.0,0.0
49,trust_vcg,node-007,0.0,0.0,0.0,8397.566657922616,-1668.08107158355,0.75,-2258.5015140068917,0.0,0.0,0.0
49,trust_vcg,node-008,0.0,0.0,0.0,8397.566657922616,-1668.08107158355,0.75,0.0,0.0,0.0,0.0
49,trust_vcg,node-009,0.0,0.0,0.0,8397.566657922616,-1668.08107158355,0.75,0.0,0.0,0.0,0.0
49,trust_vcg,node-010,0.0,0.0,0.0,8397.566657922616,-1668.08107158355,0.75,0.0,0.0,0.0,0.0
49,trust_vcg,node-011,0.0,0.0,0.0,8397.566657922616,-1668.08107158355,0.75,0.0,0.0,0.0,0.0
49,trust_vcg,node-012,0.0,0.0,0.0,8397.566657922616,-1668.08107158355,0.75,0.0,0.0,0.0,0.0
49,trust_vcg,node-013,477.47331048780865,-45.47671961075623,51.07992373297233,8397.566657922616,-1668.08107158355,0.75,-6581.946321807568,-14.483496501559216,45.47671961075623,1.9585033448376954
49,trust_vcg,node-014,179.4036281750623,0.0,0.0,8397.566657922616,-1668.08107158355,0.75,-3316.155208500012,0.0,0.0,0.73587904944448
49,trust_vcg,node-015,0.0,0.0,0.0,8397.566657922616,-1668.08107158355,0.75,0.0,0.0,0.0,0.0
49,trust_vcg,node-016,144.486117780944,0.0,0.0,8397.566657922616,-1668.08107158355,0.75,-2255.513882219056,0.0,0.0,0.5926541625279331
49,trust_vcg,node-017,0.0,0.0,0.0,8397.566657922616,-1668.08107158355,0.75,-3925.5118748632567,0.0,0.0,0.0
49,trust_vcg,node-018,0.0,0.0,0.0,8397.566657922616,-1668.08107158355,0.75,0.0,0.0,0.0,0.0
49,trust_vcg,node-019,189.22864500805764,0.0,0.0,8397.566657922616,-1668.08107158355,0.75,-4920.235917632514,0.0,0.0,0.7761793718035438
49,trust_vcg,node-020,181.32984680924073,0.0,0.0,8397.566657922616,-1668.08107158355,0.75,-11073.712772911576,0.0,0.0,0.743780026431179
49,trust_vcg,node-021,47.012999321373854,0.0,0.0,8397.566657922616,-1668.08107158355,0.75,-5547.567298043679,0.0,0.0,0.1928382474984724
49,trust_vcg,node-022,0.0,0.0,0.0,8397.566657922616,-1668.08107158355,0.75,-5579.292429782893,0.0,0.0,0.0
49,trust_vcg,node-023,0.0,0.0,0.0,8397.566657922616,-1668.08107158355,0.75,0.0,0.0,0.0,0.0
49,trust_vcg,node-024,166.6859702629472,0.0,0.0,8397.566657922616,-1668.08107158355,0.75,-5572.543762682302,0.0,0.0,0.6837136717945077
49,trust_vcg,node-025,1749.7341951736903,-1749.7341951736903,-1719.1609953165225,8397.566657922616,-1668.08107158355,0.75,-6941.920758064367,-4.5859799785750965,1749.7341951736903,7.177071887690492
49,trust_vcg,node-026,236.09407538410386,0.0,0.0,8397.566657922616,-1668.08107158355,0.75,-3363.905924615896,0.0,0.0,0.9684123199760223
49,trust_vcg,node-027,0.0,0.0,0.0,8397.566657922616,-1668.08107158355,0.75,0.0,0.0,0.0,0.0
49,trust_vcg,node-028,0.0,0.0,0.0,8397.566657922616,-1668.08107158355,0.75,0.0,0.0,0.0,0.0
49,trust_vcg,node-029,50.467264935097354,0.0,0.0,8397.566657922616,-1668.08107158355,0.75,-11073.806157445882,-370.582949973092,0.0,0.20700697821040198
49,contingent,node-000,0.0,0.0,0.0,8397.566657922616,161.83448528905433,0.75,0.0,0.0,0.0,0.0
49,contingent,node-001,0.0,0.0,0.0,8397.566657922616,161.83448528905433,0.75,0.0,0.0,0.0,0.0
49,contingent,node-002,0.0,0.0,0.0,8397.566657922616,161.83448528905433,0.75,0.0,0.0,0.0,0.0
49,contingent,node-003,0.0,0.0,0.0,8397.566657922616,161.83448528905433,0.75,-366.1419355242306,0.0,0.0,0.0
49,contingent,node-004,0.0,0.0,0.0,8397.566657922616,161.83448528905433,0.75,0.0,0.0,0.0,0.0
49,contingent,node-005,0.0,0.0,0.0,8397.566657922616,161.83448528905433,0.75,0.0,0.0,0.0,0.0
49,contingent,node-006,0.0,0.0,0.0,8397.566657922616,161.83448528905433,0.75,0.0,0.0,0.0,0.0
49,contingent,node-007,0.0,0.0,0.0,8397.566657922616,161.83448528905433,0.75,-234.00605602756738,0.0,0.0,0.0
49,contingent,node-008,0.0,0.0,0.0,8397.566657922616,161.83448528905433,0.75,0.0,0.0,0.0,0.0
49,contingent,node-009,0.0,0.0,0.0,8397.566657922616,161.83448528905433,0.75,0.0,0.0,0.0,0.0
49,contingent,node-010,0.0,0.0,0.0,8397.566657922616,161.83448528905433,0.75,0.0,0.0,0.0,0.0
49,contingent,node-011,0.0,0.0,0.0,8397.566657922616,161.83448528905433,0.75,0.0,0.0,0.0,0.0
49,contingent,node-012,0.0,0.0,0.0,8397.566657922616,161.83448528905433,0.75,0.0,0.0,0.0,0.0
49,contingent,node-013,133.55310776521975,36.99646442149124,133.55310776521975,8397.566657922616,161.83448528905433,0.75,-146.6886300947818,-13.355310776521979,-36.99646442149124,0.5478090660280593
49,contingent,node-014,0.0,0.0,0.0,8397.566657922616,161.83448528905433,0.75,-105.45135395850969,0.0,0.0,0.0
49,contingent,node-015,0.0,0.0,0.0,8397.566657922616,161.83448528905433,0.75,0.0,0.0,0.0,0.0
49,contingent,node-016,0.0,0.0,0.0,8397.566657922616,161.83448528905433,0.75,-222.05552887622406,0.0,0.0,0.0
49,contingent,node-017,0.0,0.0,0.0,8397.566657922616,161.83448528905433,0.75,-302.0474994530274,0.0,0.0,0.0
49,contingent,node-018,0.0,0.0,0.0,8397.566657922616,161.83448528905433,0.75,0.0,0.0,0.0,0.0
49,contingent,node-019,0.0,0.0,0.0,8397.566657922616,161.83448528905433,0.75,-86.22526292359143,0.0,0.0,0.0
49,contingent,node-020,11.278160088191402,0.0,0.0,8397.566657922616,161.83448528905433,0.75,-294.8510916463108,0.0,0.0,0.046260835466952956
49,contingent,node-021,55.929735387470515,0.0,0.0,8397.566657922616,161.83448528905433,0.75,-190.2691921747182,0.0,0.0,0.2294129774925819
49,contingent,node-022,0.0,0.0,0.0,8397.566657922616,161.83448528905433,0.75,-317.1697191315694,0.0,0.0,0.0
49,contingent,node-023,0.0,0.0,0.0,8397.566657922616,161.83448528905433,0.75,0.0,0.0,0.0,0.0
49,contingent,node-024,16.685970262947173,0.0,0.0,8397.566657922616,161.83448528905433,0.75,-290.1750507292055,0.0,0.0,0.06844262884234817
49,contingent,node-025,28.281377523834585,-2.2918223333330268,28.28137752383457,8397.566657922616,161.83448528905433,0.75,-88.43549868364414,-2.8281377523834577,2.2918223333330268,0.11600475096808978
49,contingent,node-026,0.0,0.0,0.0,8397.566657922616,161.83448528905433,0.75,-255.6236984635846,0.0,0.0,0.0
49,contingent,node-027,0.0,0.0,0.0,8397.566657922616,161.83448528905433,0.75,0.0,0.0,0.0,0.0
49,contingent,node-028,0.0,0.0,0.0,8397.566657922616,161.83448528905433,0.75,0.0,0.0,0.0,0.0
49,contingent,node-029,13.419737627010495,0.0,0.0,8397.566657922616,161.83448528905433,0.75,-295.22462978352564,0.13227718564400348,0.0,0.05504517310610057
49,capped,node-000,0.0,0.0,0.0,8397.566657922616,190.69476480134412,0.75,0.0,0.0,0.0,0.0
49,capped,node-001,0.0,0.0,0.0,8397.566657922616,190.69476480134412,0.75,0.0,0.0,0.0,0.0
49,capped,node-002,0.0,0.0,0.0,8397.566657922616,190.69476480134412,0.75,0.0,0.0,0.0,0.0
49,capped,node-003,0.0,0.0,0.0,8397.566657922616,190.69476480134412,0.75,-91.53548388105764,0.0,0.0,0.0
49,capped,node-004,0.0,0.0,0.0,8397.566657922616,190.69476480134412,0.75,0.0,0.0,0.0,0.0
49,capped,node-005,0.0,0.0,0.0,8397.566657922616,190.69476480134412,0.75,0.0,0.0,0.0,0.0
49,capped,node-006,0.0,0.0,0.0,8397.566657922616,190.69476480134412,0.75,0.0,0.0,0.0,0.0
49,capped,node-007,0.0,0.0,0.0,8397.566657922616,190.69476480134412,0.75,-58.50151400689185,0.0,0.0,0.0
49,capped,node-008,0.0,0.0,0.0,8397.566657922616,190.69476480134412,0.75,0.0,0.0,0.0,0.0
49,capped,node-009,0.0,0.0,0.0,8397.566657922616,190.69476480134412,0.75,0.0,0.0,0.0,0.0
49,capped,node-010,0.0,0.0,0.0,8397.566657922616,190.69476480134412,0.75,0.0,0.0,0.0,0.0
49,capped,node-011,0.0,0.0,0.0,8397.566657922616,190.69476480134412,0.75,0.0,0.0,0.0,0.0
49,capped,node-012,0.0,0.0,0.0,8397.566657922616,190.69476480134412,0.75,0.0,0.0,0.0,0.0
49,capped,node-013,144.8349650155928,48.27832167186426,144.83496501559276,8397.566657922616,190.69476480134412,0.75,-75.7013630901869,-14.483496501559287,-48.27832167186426,0.5940850665405554
49,capped,node-014,0.0,0.0,0.0,8397.566657922616,190.69476480134412,0.75,-26.362838489627425,0.0,0.0,0.0
49,capped,node-015,0.0,0.0,0.0,8397.566657922616,190.69476480134412,0.75,0.0,0.0,0.0,0.0
49,capped,node-016,0.0,0.0,0.0,8397.566657922616,190.69476480134412,0.75,-55.51388221905601,0.0,0.0,0.0
49,capped,node-017,0.0,0.0,0.0,8397.566657922616,190.69476480134412,0.75,-75.51187486325685,0.0,0.0,0.0
49,capped,node-018,0.0,0.0,0.0,8397.566657922616,190.69476480134412,0.75,0.0,0.0,0.0,0.0
49,capped,node-019,0.0,0.0,0.0,8397.566657922616,190.69476480134412,0.75,-21.556315730897865,0.0,0.0,0.0
49,capped,node-020,34.79304670225448,0.0,0.0,8397.566657922616,190.69476480134412,0.75,-73.7127729115777,0.0,0.0,0.14271436087986206
49,capped,node-021,78.20862600779998,0.0,0.0,8397.566657922616,190.69476480134412,0.75,-47.56729804367956,0.0,0.0,0.3207966859444965
49,capped,node-022,0.0,0.0,0.0,8397.566657922616,190.69476480134412,0.75,-79.29242978289236,0.0,0.0,0.0
49,capped,node-023,0.0,0.0,0.0,8397.566657922616,190.69476480134412,0.75,0.0,0.0,0.0,0.0
49,capped,node-024,16.685970262947173,0.0,0.0,8397.566657922616,190.69476480134412,0.75,-72.54376268230136,0.0,0.0,0.06844262884234817
49,capped,node-025,45.859799785751406,15.286599928583803,45.8597997857514,8397.566657922616,190.69476480134412,0.75,-37.968430182828094,-4.585979978575141,-15.286599928583803,0.18810804562504324
49,capped,node-026,0.0,0.0,0.0,8397.566657922616,190.69476480134412,0.75,-63.90592461589615,0.0,0.0,0.0
49,capped,node-027,0.0,0.0,0.0,8397.566657922616,190.69476480134412,0.75,0.0,0.0,0.0,0.0
49,capped,node-028,0.0,0.0,0.0,8397.566657922616,190.69476480134412,0.75,0.0,0.0,0.0,0.0
49,capped,node-029,40.66022512045137,0.0,0.0,8397.566657922616,190.69476480134412,0.75,-73.80615744588141,7.9137603824054,0.0,0.16678039411019807
49,proper_scoring,node-000,0.0,0.0,0.0,8397.566657922616,875.3988035982469,0.75,0.0,0.0,0.0,0.0
49,proper_scoring,node-001,0.0,0.0,0.0,8397.566657922616,875.3988035982469,0.75,0.0,0.0,0.0,0.0
49,proper_scoring,node-002,0.0,0.0,0.0,8397.566657922616,875.3988035982469,0.75,0.0,0.0,0.0,0.0
49,proper_scoring,node-003,164.85504949035754,0.0,0.0,8397.566657922616,875.3988035982469,0.75,-359.1150134267212,0.0,0.0,0.676203588239081
49,proper_scoring,node-004,0.0,0.0,0.0,8397.566657922616,875.3988035982469,0.75,0.0,0.0,0.0,0.0
49,proper_scoring,node-005,0.0,0.0,0.0,8397.566657922616,875.3988035982469,0.75,0.0,0.0,0.0,0.0
49,proper_scoring,node-006,0.0,0.0,0.0,8397.566657922616,875.3988035982469,0.75,0.0,0.0,0.0,0.0
49,proper_scoring,node-007,60.729020419953166,0.0,0.0,8397.566657922616,875.3988035982469,0.75,-225.19107687556448,0.0,0.0,0.24909871820831717
49,proper_scoring,node-008,0.0,0.0,0.0,8397.566657922616,875.3988035982469,0.75,0.0,0.0,0.0,0.0
49,proper_scoring,node-009,0.0,0.0,0.0,8397.566657922616,875.3988035982469,0.75,0.0,0.0,0.0,0.0
49,proper_scoring,node-010,0.0,0.0,0.0,8397.566657922616,875.3988035982469,0.75,0.0,0.0,0.0,0.0
49,proper_scoring,node-011,0.0,0.0,0.0,8397.566657922616,875.3988035982469,0.75,0.0,0.0,0.0,0.0
49,proper_scoring,node-012,0.0,0.0,0.0,8397.566657922616,875.3988035982469,0.75,0.0,0.0,0.0,0.0
49,proper_scoring,node-013,134.90253442344522,485.64703776326576,582.2036811069943,8397.566657922616,875.3988035982469,0.75,-595.3392034365563,-13.355310776521947,-485.64703776326576,0.5533441536773516
49,proper_scoring,node-014,214.86647653912306,0.0,0.0,8397.566657922616,875.3988035982469,0.75,-105.45135395850969,0.0,0.0,0.8813408074378797
49,proper_scoring,node-015,0.0,0.0,0.0,8397.566657922616,875.3988035982469,0.75,0.0,0.0,0.0,0.0
49,proper_scoring,node-016,144.486117780944,0.0,0.0,8397.566657922616,875.3988035982469,0.75,-217.31771739508014,0.0,0.0,0.5926541625279331
49,proper_scoring,node-017,202.520469210348,0.0,0.0,8397.566657922616,875.3988035982469,0.75,-297.0375890216102,0.0,0.0,0.8306998687347436
49,proper_scoring,node-018,0.0,0.0,0.0,8397.566657922616,875.3988035982469,0.75,0.0,0.0,0.0,0.0
49,proper_scoring,node-019,323.33958107529645,0.0,0.0,8397.566657922616,875.3988035982469,0.75,-86.22526292359143,0.0,0.0,1.3262765418394131
49,proper_scoring,node-020,673.4269015105261,0.0,0.0,8397.566657922616,875.3988035982469,0.75,-294.8510916463108,0.0,0.0,2.7622671469628175
49,proper_scoring,node-021,457.0744810565927,0.0,0.0,8397.566657922616,875.3988035982469,0.75,-190.2691921747182,0.0,0.0,1.874831284443379
49,proper_scoring,node-022,209.47052801673695,0.0,0.0,8397.566657922616,875.3988035982469,0.75,-315.25077767644655,0.0,0.0,0.8592076682706485
49,proper_scoring,node-023,0.0,0.0,0.0,8397.566657922616,875.3988035982469,0.75,0.0,0.0,0.0,0.0
49,proper_scoring,node-024,294.755253407254,0.0,0.0,8397.566657922616,875.3988035982469,0.75,-290.1750507292055,0.0,0.0,1.2090291478633948
49,proper_scoring,node-025,189.06868288995037,262.62192263408497,293.1951224912525,8397.566657922616,875.3988035982469,0.75,-353.3492436510621,-2.8281377523834976,-262.62192263408497,0.7755232380752725
49,proper_scoring,node-026,236.09407538410386,0.0,0.0,8397.566657922616,875.3988035982469,0.75,-255.6236984635846,0.0,0.0,0.9684123199760223
49,proper_scoring,node-027,0.0,0.0,0.0,8397.566657922616,875.3988035982469,0.75,0.0,0.0,0.0,0.0
49,proper_scoring,node-028,0.0,0.0,0.0,8397.566657922616,875.3988035982469,0.75,0.0,0.0,0.0,0.0
49,proper_scoring,node-029,863.4197376270106,0.0,0.0,8397.566657922616,875.3988035982469,0.75,-295.22462978352564,142.78436411071763,0.0,3.5415810831683383
49,audits,node-000,0.0,0.0,0.0,8397.566657922616,831.9189284164497,0.75,0.0,0.0,0.0,0.0
49,audits,node-001,0.0,0.0,0.0,8397.566657922616,831.9189284164497,0.75,0.0,0.0,0.0,0.0
49,audits,node-002,0.0,0.0,0.0,8397.566657922616,831.9189284164497,0.75,0.0,0.0,0.0,0.0
49,audits,node-003,108.46451611894236,0.0,0.0,8397.566657922616,831.9189284164497,0.75,-1591.5354838810574,0.0,0.0,0.44490050637201983
49,audits,node-004,0.0,0.0,0.0,8397.566657922616,831.9189284164497,0.75,0.0,0.0,0.0,0.0
49,audits,node-005,0.0,0.0,0.0,8397.566657922616,831.9189284164497,0.75,0.0,0.0,0.0,0.0
49,audits,node-006,0.0,0.0,0.0,8397.566657922616,831.9189284164497,0.75,0.0,0.0,0.0,0.0
49,audits,node-007,41.49848599310815,0.0,0.0,8397.566657922616,831.9189284164497,0.75,-758.5015140068917,0.0,0.0,0.17021877838610155
49,audits,node-008,0.0,0.0,0.0,8397.566657922616,831.9189284164497,0.75,0.0,0.0,0.0,0.0
49,audits,node-009,0.0,0.0,0.0,8397.566657922616,831.9189284164497,0.75,0.0,0.0,0.0,0.0
49,audits,node-010,0.0,0.0,0.0,8397.566657922616,831.9189284164497,0.75,0.0,0.0,0.0,0.0
49,audits,node-011,0.0,0.0,0.0,8397.566657922616,831.9189284164497,0.75,0.0,0.0,0.0,0.0
49,audits,node-012,0.0,0.0,0.0,8397.566657922616,831.9189284164497,0.75,0.0,0.0,0.0,0.0
49,audits,node-013,138.5900062982131,454.52328038924384,551.0799237329724,8397.566657922616,831.9189284164497,0.75,-2081.946321807566,-14.483496501559216,-454.52328038924384,0.5684694514523195
49,audits,node-014,179.4036281750623,0.0,0.0,8397.566657922616,831.9189284164497,0.75,-316.1552085000119,0.0,0.0,0.73587904944448
49,audits,node-015,0.0,0.0,0.0,8397.566657922616,831.9189284164497,0.75,0.0,0.0,0.0,0.0
49,audits,node-016,144.486117780944,0.0,0.0,8397.566657922616,831.9189284164497,0.75,-755.513882219056,0.0,0.0,0.5926541625279331
49,audits,node-017,0.0,0.0,0.0,8397.566657922616,831.9189284164497,0.75,-1425.511874863257,0.0,0.0,0.0
49,audits,node-018,0.0,0.0,0.0,8397.566657922616,831.9189284164497,0.75,0.0,0.0,0.0,0.0
49,audits,node-019,285.6323469043576,0.0,0.0,8397.566657922616,831.9189284164497,0.75,-420.23591763251443,0.0,0.0,1.171608746538114
49,audits,node-020,634.0844058601419,0.0,0.0,8397.566657922616,831.9189284164497,0.75,-2073.7127729115778,0.0,0.0,2.600891824755133
49,audits,node-021,423.7836490218398,0.0,0.0,8397.566657922616,831.9189284164497,0.75,-1547.5672980436796,0.0,0.0,1.738278718131595
49,audits,node-022,120.70757021710764,0.0,0.0,8397.566657922616,831.9189284164497,0.75,-1579.2924297828924,0.0,0.0,0.4951191507980056
49,audits,node-023,0.0,0.0,0.0,8397.566657922616,831.9189284164497,0.75,0.0,0.0,0.0,0.0
49,audits,node-024,227.4562373176986,0.0,0.0,8397.566657922616,831.9189284164497,0.75,-1572.5437626823016,0.0,0.0,0.9329815757362288
49,audits,node-025,0.0,250.2658048263097,280.83900468347736,8397.566657922616,831.9189284164497,0.75,-1441.9207580643654,-4.585979978575068,-250.2658048263097,0.0
49,audits,node-026,236.09407538410386,0.0,0.0,8397.566657922616,831.9189284164497,0.75,-1363.9059246158963,0.0,0.0,0.9684123199760223
49,audits,node-027,0.0,0.0,0.0,8397.566657922616,831.9189284164497,0.75,0.0,0.0,0.0,0.0
49,audits,node-028,0.0,0.0,0.0,8397.566657922616,831.9189284164497,0.75,0.0,0.0,0.0,0.0
49,audits,node-029,736.9030787229408,0.0,0.0,8397.566657922616,831.9189284164497,0.75,-2073.806157445881,129.4170500269081,0.0,3.0226341720034737
47,greedy,node-000,0.0,0.0,0.0,8822.931847105117,297.3537179189464,1.0,0.0,0.0,0.0,0.0
47,greedy,node-001,0.0,0.0,0.0,8822.931847105117,297.3537179189464,1.0,0.0,0.0,0.0,0.0
47,greedy,node-002,0.0,34.728928744863815,104.18678623459147,8822.931847105117,297.3537179189464,1.0,-88.2608697623533,0.22701150906480194,-34.728928744863815,0.0
47,greedy,node-003,11.556093256888069,0.0,0.0,8822.931847105117,297.3537179189464,1.0,-69.214898270368,0.0,0.0,0.04740086367078626
47,greedy,node-004,0.0,0.0,0.0,8822.931847105117,297.3537179189464,1.0,0.0,0.0,0.0,0.0
47,greedy,node-005,1.888973896556692,0.0,0.0,8822.931847105117,297.3537179189464,1.0,-72.7548314416762,0.0,0.0,0.007748206262958937
47,greedy,node-006,0.0,0.0,0.0,8822.931847105117,297.3537179189464,1.0,0.0,0.0,0.0,0.0
47,greedy,node-007,0.0,0.0,0.0,8822.931847105117,297.3537179189464,1.0,0.0,0.0,0.0,0.0
47,greedy,node-008,0.0,0.0,0.0,8822.931847105117,297.3537179189464,1.0,0.0,0.0,0.0,0.0
47,greedy,node-009,0.0,0.0,0.0,8822.931847105117,297.3537179189464,1.0,0.0,0.0,0.0,0.0
47,greedy,node-010,10.611797939397626,0.0,0.0,8822.931847105117,297.3537179189464,1.0,-74.54589580086525,0.0,0.0,0.04352754657180503
47,greedy,node-011,0.0,11.423676561026207,34.27102968307862,8822.931847105117,297.3537179189464,1.0,-27.830595582878303,6.057465996726679,-11.423676561026207,0.0
47,greedy,node-012,0.0,0.0,0.0,8822.931847105117,297.3537179189464,1.0,-56.28229761933464,0.0,0.0,0.0
47,greedy,node-013,0.0,0.0,0.0,8822.931847105117,297.3537179189464,1.0,0.0,0.0,0.0,0.0
47,greedy,node-014,0.0,0.0,0.0,8822.931847105117,297.3537179189464,1.0,0.0,0.0,0.0,0.0
47,greedy,node-015,0.0,0.0,0.0,8822.931847105117,297.3537179189464,1.0,-64.63219931441431,0.0,0.0,0.0
47,greedy,node-016,7.7904307386895795,52.965300667092144,158.89590200127645,8822.931847105117,297.3537179189464,1.0,-112.68466310275394,-8.014282951211278,-52.965300667092144,0.031954842970934
47,greedy,node-017,0.0,0.0,0.0,8822.931847105117,297.3537179189464,1.0,0.0,0.0,0.0,0.0
47,greedy,node-018,0.0,0.0,0.0,8822.931847105117,297.3537179189464,1.0,0.0,0.0,0.0,0.0
47,greedy,node-019,0.0,0.0,0.0,8822.931847105117,297.3537179189464,1.0,0.0,0.0,0.0,0.0
47,greedy,node-020,0.0,0.0,0.0,8822.931847105117,297.3537179189464,1.0,0.0,0.0,0.0,0.0
47,greedy,node-021,0.0,0.0,0.0,8822.931847105117,297.3537179189464,1.0,0.0,0.0,0.0,0.0
47,greedy,node-022,0.0,0.0,0.0,8822.931847105117,297.3537179189464,1.0,0.0,0.0,0.0,0.0
47,greedy,node-023,0.0,0.0,0.0,8822.931847105117,297.3537179189464,1.0,-22.434919514958544,0.0,0.0,0.0
47,greedy,node-024,0.0,0.0,0.0,8822.931847105117,297.3537179189464,1.0,0.0,0.0,0.0,0.0
47,greedy,node-025,0.0,0.0,0.0,8822.931847105117,297.3537179189464,1.0,0.0,0.0,0.0,0.0
47,greedy,node-026,0.0,0.0,0.0,8822.931847105117,297.3537179189464,1.0,0.0,0.0,0.0,0.0
47,greedy,node-027,0.0,0.0,0.0,8822.931847105117,297.3537179189464,1.0,0.0,0.0,0.0,0.0
47,greedy,node-028,0.0,0.0,0.0,8822.931847105117,297.3537179189464,1.0,-44.690558998624184,0.0,0.0,0.0
47,greedy,node-029,0.0,0.0,0.0,8822.931847105117,297.3537179189464,1.0,0.0,0.0,0.0,0.0
47,trust_vcg,node-000,230.44925916712597,0.0,0.0,8714.150892606867,707.0215458492967,0.9473684210526315,-3369.550740832874,0.0,0.0,0.945258373568734
47,trust_vcg,node-001,0.0,0.0,0.0,8714.150892606867,707.0215458492967,0.9473684210526315,0.0,0.0,0.0,0.0
47,trust_vcg,node-002,372.74434680318564,608.5710382779879,726.0049185801811,8714.150892606867,707.0215458492967,0.9473684210526315,-11672.695091056457,207.58090839996612,-608.5710382779879,1.5289253534141165
47,trust_vcg,node-003,334.4413201467768,188.41217532731469,265.53160409426516,8714.150892606867,707.0215458492967,0.9473684210526315,-5734.119166275497,44.908708193540406,-188.41217532731469,1.3718137323533628
47,trust_vcg,node-004,0.0,0.0,0.0,8714.150892606867,707.0215458492967,0.9473684210526315,0.0,0.0,0.0,0.0
47,trust_vcg,node-005,252.80698895264106,0.0,0.0,8714.150892606867,707.0215458492967,0.9473684210526315,-10525.667807225975,0.0,0.0,1.036965465056577
47,trust_vcg,node-006,0.0,0.0,0.0,8714.150892606867,707.0215458492967,0.9473684210526315,0.0,0.0,0.0,0.0
47,trust_vcg,node-007,0.0,0.0,0.0,8714.150892606867,707.0215458492967,0.9473684210526315,0.0,0.0,0.0,0.0
47,trust_vcg,node-008,0.0,0.0,0.0,8714.150892606867,707.0215458492967,0.9473684210526315,0.0,0.0,0.0,0.0
47,trust_vcg,node-009,0.0,0.0,0.0,8714.150892606867,707.0215458492967,0.9473684210526315,-2253.708815010029,0.0,0.0,0.0
47,trust_vcg,node-010,472.5166142984412,0.0,0.0,8714.150892606867,707.0215458492967,0.9473684210526315,-11074.545895800866,265.910789335288,0.0,1.9381719339441679
47,trust_vcg,node-011,488.1506692294513,-315.36145233819155,-284.51497682514946,8714.150892606867,707.0215458492967,0.9473684210526315,-5123.384040000379,-463.2669980361425,315.36145233819155,2.0022998091639943
47,trust_vcg,node-012,0.0,0.0,0.0,8714.150892606867,707.0215458492967,0.9473684210526315,-5464.478344843168,0.0,0.0,0.0
47,trust_vcg,node-013,0.0,0.0,0.0,8714.150892606867,707.0215458492967,0.9473684210526315,0.0,0.0,0.0,0.0
47,trust_vcg,node-014,0.0,0.0,0.0,8714.150892606867,707.0215458492967,0.9473684210526315,0.0,0.0,0.0,0.0
47,trust_vcg,node-015,473.99995800532673,0.0,0.0,8714.150892606867,707.0215458492967,0.9473684210526315,-5551.668632308717,0.0,0.0,1.9442563234747812
47,trust_vcg,node-016,517.4152266049298,0.0,0.0,8714.150892606867,707.0215458492967,0.9473684210526315,-5534.830453209859,0.0,0.0,2.1223373740836204
47,trust_vcg,node-017,0.0,0.0,0.0,8714.150892606867,707.0215458492967,0.9473684210526315,0.0,0.0,0.0,0.0
47,trust_vcg,node-018,0.0,0.0,0.0,8714.150892606867,707.0215458492967,0.9473684210526315,0.0,0.0,0.0,0.0
47,trust_vcg,node-019,0.0,0.0,0.0,8714.150892606867,707.0215458492967,0.9473684210526315,0.0,0.0,0.0,0.0
47,trust_vcg,node-020,0.0,0.0,0.0,8714.150892606867,707.0215458492967,0.9473684210526315,0.0,0.0,0.0,0.0
47,trust_vcg,node-021,0.0,0.0,0.0,8714.150892606867,707.0215458492967,0.9473684210526315,0.0,0.0,0.0,0.0
47,trust_vcg,node-022,0.0,0.0,0.0,8714.150892606867,707.0215458492967,0.9473684210526315,0.0,0.0,0.0,0.0
47,trust_vcg,node-023,470.4027453588999,0.0,0.0,8714.150892606867,707.0215458492967,0.9473684210526315,-5529.5972546411,0.0,0.0,1.9295012516301964
47,trust_vcg,node-024,0.0,0.0,0.0,8714.150892606867,707.0215458492967,0.9473684210526315,0.0,0.0,0.0,0.0
47,trust_vcg,node-025,0.0,0.0,0.0,8714.150892606867,707.0215458492967,0.9473684210526315,0.0,0.0,0.0,0.0
47,trust_vcg,node-026,0.0,0.0,0.0,8714.150892606867,707.0215458492967,0.9473684210526315,0.0,0.0,0.0,0.0
47,trust_vcg,node-027,41.35167645155357,0.0,0.0,8714.150892606867,707.0215458492967,0.9473684210526315,-4923.29839498859,0.0,0.0,0.16961659398778414
47,trust_vcg,node-028,470.71344779741185,0.0,0.0,8714.150892606867,707.0215458492967,0.9473684210526315,-11111.524249040496,0.0,0.0,1.930775693052803
47,trust_vcg,node-029,0.0,0.0,0.0,8714.150892606867,707.0215458492967,0.9473684210526315,0.0,0.0,0.0,0.0
47,contingent,node-000,0.0,0.0,0.0,8714.150892606867,328.24845328864643,0.9473684210526315,-278.202963331496,0.0,0.0,0.0
47,contingent,node-001,0.0,0.0,0.0,8714.150892606867,328.24845328864643,0.9473684210526315,0.0,0.0,0.0,0.0
47,contingent,node-002,57.25428876750215,58.71694015109656,176.1508204532897,8714.150892606867,328.24845328864643,0.9473684210526315,-315.21315126497274,7.633963626551143,-58.71694015109656,0.2348460397564344
47,contingent,node-003,45.234291272531024,38.55971438347525,115.67914315042574,8714.150892606867,328.24845328864643,0.9473684210526315,-221.3876781762067,-5.0421121210727335,-38.55971438347525,0.1855423304563462
47,contingent,node-004,0.0,0.0,0.0,8714.150892606867,328.24845328864643,0.9473684210526315,0.0,0.0,0.0,0.0
47,contingent,node-005,74.85031002836853,0.0,0.0,8714.150892606867,328.24845328864643,0.9473684210526315,-302.6712289039048,0.0,0.0,0.30702152210964523
47,contingent,node-006,0.0,0.0,0.0,8714.150892606867,328.24845328864643,0.9473684210526315,0.0,0.0,0.0,0.0
47,contingent,node-007,0.0,0.0,0.0,8714.150892606867,328.24845328864643,0.9473684210526315,0.0,0.0,0.0,0.0
47,contingent,node-008,0.0,0.0,0.0,8714.150892606867,328.24845328864643,0.9473684210526315,0.0,0.0,0.0,0.0
47,contingent,node-009,0.0,0.0,0.0,8714.150892606867,328.24845328864643,0.9473684210526315,-214.83526004011634,0.0,0.0,0.0
47,contingent,node-010,36.42894014870504,0.0,0.0,8714.150892606867,328.24845328864643,0.9473684210526315,-298.1835832034611,17.39641909527362,0.0,0.14942447999290365
47,contingent,node-011,17.688016776198328,5.572014171888966,36.41848968493101,8714.150892606867,328.24845328864643,0.9473684210526315,-71.19969025929736,-8.23440447138507,-5.572014171888966,0.07255283019764559
47,contingent,node-012,5.212272245917184,0.0,0.0,8714.150892606867,328.24845328864643,0.9473684210526315,-106.8159235089418,0.0,0.0,0.02137973453930707
47,contingent,node-013,0.0,0.0,0.0,8714.150892606867,328.24845328864643,0.9473684210526315,0.0,0.0,0.0,0.0
47,contingent,node-014,0.0,0.0,0.0,8714.150892606867,328.24845328864643,0.9473684210526315,0.0,0.0,0.0,0.0
47,contingent,node-015,77.50078814225425,0.0,0.0,8714.150892606867,328.24845328864643,0.9473684210526315,-206.67452923486616,0.0,0.0,0.3178932716659942
47,contingent,node-016,86.79390200825958,0.0,0.0,8714.150892606867,328.24845328864643,0.9473684210526315,-139.3218128394391,0.0,0.0,0.3560118307367293
47,contingent,node-017,0.0,0.0,0.0,8714.150892606867,328.24845328864643,0.9473684210526315,0.0,0.0,0.0,0.0
47,contingent,node-018,0.0,0.0,0.0,8714.150892606867,328.24845328864643,0.9473684210526315,0.0,0.0,0.0,0.0
47,contingent,node-019,0.0,0.0,0.0,8714.150892606867,328.24845328864643,0.9473684210526315,0.0,0.0,0.0,0.0
47,contingent,node-020,0.0,0.0,0.0,8714.150892606867,328.24845328864643,0.9473684210526315,0.0,0.0,0.0,0.0
47,contingent,node-021,0.0,0.0,0.0,8714.150892606867,328.24845328864643,0.9473684210526315,0.0,0.0,0.0,0.0
47,contingent,node-022,0.0,0.0,0.0,8714.150892606867,328.24845328864643,0.9473684210526315,0.0,0.0,0.0,0.0
47,contingent,node-023,13.688385399397049,0.0,0.0,8714.150892606867,328.24845328864643,0.9473684210526315,-118.3890185644002,0.0,0.0,0.05614711440678757
47,contingent,node-024,0.0,0.0,0.0,8714.150892606867,328.24845328864643,0.9473684210526315,0.0,0.0,0.0,0.0
47,contingent,node-025,0.0,0.0,0.0,8714.150892606867,328.24845328864643,0.9473684210526315,0.0,0.0,0.0,0.0
47,contingent,node-026,0.0,0.0,0.0,8714.150892606867,328.24845328864643,0.9473684210526315,0.0,0.0,0.0,0.0
47,contingent,node-027,0.0,0.0,0.0,8714.150892606867,328.24845328864643,0.9473684210526315,-119.04451261541134,0.0,0.0,0.0
47,contingent,node-028,11.980054822095164,0.0,0.0,8714.150892606867,328.24845328864643,0.9473684210526315,-446.0969961619963,0.0,0.0,0.0491398721667636
47,contingent,node-029,0.0,0.0,0.0,8714.150892606867,328.24845328864643,0.9473684210526315,0.0,0.0,0.0,0.0
47,capped,node-000,0.0,0.0,0.0,8714.150892606867,338.0996768732785,0.9473684210526315,-69.550740832874,0.0,0.0,0.0
47,capped,node-001,0.0,0.0,0.0,8714.150892606867,338.0996768732785,0.9473684210526315,0.0,0.0,0.0,0.0
47,capped,node-002,57.25428876750215,58.71694015109656,176.1508204532897,8714.150892606867,338.0996768732785,0.9473684210526315,-122.8409929295656,7.633963626551143,-58.71694015109656,0.2348460397564344
47,capped,node-003,45.234291272531024,38.55971438347525,115.67914315042574,8714.150892606867,338.0996768732785,0.9473684210526315,-84.26670533165812,-5.0421121210727335,-38.55971438347525,0.1855423304563462
47,capped,node-004,0.0,0.0,0.0,8714.150892606867,338.0996768732785,0.9473684210526315,0.0,0.0,0.0,0.0
47,capped,node-005,74.85031002836853,0.0,0.0,8714.150892606867,338.0996768732785,0.9473684210526315,-75.66780722597622,0.0,0.0,0.30702152210964523
47,capped,node-006,0.0,0.0,0.0,8714.150892606867,338.0996768732785,0.9473684210526315,0.0,0.0,0.0,0.0
47,capped,node-007,0.0,0.0,0.0,8714.150892606867,338.0996768732785,0.9473684210526315,0.0,0.0,0.0,0.0
47,capped,node-008,0.0,0.0,0.0,8714.150892606867,338.0996768732785,0.9473684210526315,0.0,0.0,0.0,0.0
47,capped,node-009,0.0,0.0,0.0,8714.150892606867,338.0996768732785,0.9473684210526315,-53.70881501002909,0.0,0.0,0.0
47,capped,node-010,93.72061080498962,0.0,0.0,8714.150892606867,338.0996768732785,0.9473684210526315,-74.54589580086525,17.39641909527362,0.0,0.3844238530406626
47,capped,node-011,37.58879079033164,15.423237756521022,46.26971326956306,8714.150892606867,338.0996768732785,0.9473684210526315,-31.830156778373116,0.29302958937999435,-15.423237756521022,0.15418196341918586
47,capped,node-012,22.069327776738362,0.0,0.0,8714.150892606867,338.0996768732785,0.9473684210526315,-26.70398087723544,0.0,0.0,0.09052412212297917
47,capped,node-013,0.0,0.0,0.0,8714.150892606867,338.0996768732785,0.9473684210526315,0.0,0.0,0.0,0.0
47,capped,node-014,0.0,0.0,0.0,8714.150892606867,338.0996768732785,0.9473684210526315,0.0,0.0,0.0,0.0
47,capped,node-015,77.50078814225425,0.0,0.0,8714.150892606867,338.0996768732785,0.9473684210526315,-51.668632308716525,0.0,0.0,0.3178932716659942
47,capped,node-016,86.79390200825958,0.0,0.0,8714.150892606867,338.0996768732785,0.9473684210526315,-34.830453209859776,0.0,0.0,0.3560118307367293
47,capped,node-017,0.0,0.0,0.0,8714.150892606867,338.0996768732785,0.9473684210526315,0.0,0.0,0.0,0.0
47,capped,node-018,0.0,0.0,0.0,8714.150892606867,338.0996768732785,0.9473684210526315,0.0,0.0,0.0,0.0
47,capped,node-019,0.0,0.0,0.0,8714.150892606867,338.0996768732785,0.9473684210526315,0.0,0.0,0.0,0.0
47,capped,node-020,0.0,0.0,0.0,8714.150892606867,338.0996768732785,0.9473684210526315,0.0,0.0,0.0,0.0
47,capped,node-021,0.0,0.0,0.0,8714.150892606867,338.0996768732785,0.9473684210526315,0.0,0.0,0.0,0.0
47,capped,node-022,0.0,0.0,0.0,8714.150892606867,338.0996768732785,0.9473684210526315,0.0,0.0,0.0,0.0
47,capped,node-023,13.688385399397049,0.0,0.0,8714.150892606867,338.0996768732785,0.9473684210526315,-29.59725464110005,0.0,0.0,0.05614711440678757
47,capped,node-024,0.0,0.0,0.0,8714.150892606867,338.0996768732785,0.9473684210526315,0.0,0.0,0.0,0.0
47,capped,node-025,0.0,0.0,0.0,8714.150892606867,338.0996768732785,0.9473684210526315,0.0,0.0,0.0,0.0
47,capped,node-026,0.0,0.0,0.0,8714.150892606867,338.0996768732785,0.9473684210526315,0.0,0.0,0.0,0.0
47,capped,node-027,0.0,0.0,0.0,8714.150892606867,338.0996768732785,0.9473684210526315,-29.76112815385284,0.0,0.0,0.0
47,capped,node-028,11.980054822095164,0.0,0.0,8714.150892606867,338.0996768732785,0.9473684210526315,-111.52424904049906,0.0,0.0,0.0491398721667636
47,capped,node-029,0.0,0.0,0.0,8714.150892606867,338.0996768732785,0.9473684210526315,0.0,0.0,0.0,0.0
47,proper_scoring,node-000,230.44925916712597,0.0,0.0,8714.150892606867,1207.0215458492967,0.9473684210526315,-277.13856084290717,0.0,0.0,0.945258373568734
47,proper_scoring,node-001,0.0,0.0,0.0,8714.150892606867,1207.0215458492967,0.9473684210526315,0.0,0.0,0.0,0.0
47,proper_scoring,node-002,372.74434680318564,608.5710382779879,726.0049185801811,8714.150892606867,1207.0215458492967,0.9473684210526315,-865.0672493918642,207.58090839996612,-608.5710382779879,1.5289253534141165
47,proper_scoring,node-003,334.4413201467768,188.41217532731469,265.53160409426516,8714.150892606867,1207.0215458492967,0.9473684210526315,-371.24013912004614,44.908708193540406,-188.41217532731469,1.3718137323533628
47,proper_scoring,node-004,0.0,0.0,0.0,8714.150892606867,1207.0215458492967,0.9473684210526315,0.0,0.0,0.0,0.0
47,proper_scoring,node-005,754.5821522779332,0.0,0.0,8714.150892606867,1207.0215458492967,0.9473684210526315,-302.6712289039048,0.0,0.0,3.095150318834195
47,proper_scoring,node-006,0.0,0.0,0.0,8714.150892606867,1207.0215458492967,0.9473684210526315,0.0,0.0,0.0,0.0
47,proper_scoring,node-007,0.0,0.0,0.0,8714.150892606867,1207.0215458492967,0.9473684210526315,0.0,0.0,0.0,0.0
47,proper_scoring,node-008,0.0,0.0,0.0,8714.150892606867,1207.0215458492967,0.9473684210526315,0.0,0.0,0.0,0.0
47,proper_scoring,node-009,0.0,0.0,0.0,8714.150892606867,1207.0215458492967,0.9473684210526315,-214.83526004011634,0.0,0.0,0.0
47,proper_scoring,node-010,893.1155795410507,0.0,0.0,8714.150892606867,1207.0215458492967,0.9473684210526315,-298.1835832034611,265.910789335288,0.0,3.663387694006964
47,proper_scoring,node-011,164.75063851938424,184.63854766180847,215.4850231748505,8714.150892606867,1207.0215458492967,0.9473684210526315,-250.26622374921686,36.733001963857475,-184.63854766180847,0.6757753145923717
47,proper_scoring,node-012,336.95444204924945,0.0,0.0,8714.150892606867,1207.0215458492967,0.9473684210526315,-106.8159235089418,0.0,0.0,1.382122073246698
47,proper_scoring,node-013,0.0,0.0,0.0,8714.150892606867,1207.0215458492967,0.9473684210526315,0.0,0.0,0.0,0.0
47,proper_scoring,node-014,0.0,0.0,0.0,8714.150892606867,1207.0215458492967,0.9473684210526315,0.0,0.0,0.0,0.0
47,proper_scoring,node-015,473.99995800532673,0.0,0.0,8714.150892606867,1207.0215458492967,0.9473684210526315,-206.67452923486616,0.0,0.0,1.9442563234747812
47,proper_scoring,node-016,517.4152266049298,0.0,0.0,8714.150892606867,1207.0215458492967,0.9473684210526315,-139.3218128394391,0.0,0.0,2.1223373740836204
47,proper_scoring,node-017,0.0,0.0,0.0,8714.150892606867,1207.0215458492967,0.9473684210526315,0.0,0.0,0.0,0.0
47,proper_scoring,node-018,0.0,0.0,0.0,8714.150892606867,1207.0215458492967,0.9473684210526315,0.0,0.0,0.0,0.0
47,proper_scoring,node-019,0.0,0.0,0.0,8714.150892606867,1207.0215458492967,0.9473684210526315,0.0,0.0,0.0,0.0
47,proper_scoring,node-020,0.0,0.0,0.0,8714.150892606867,1207.0215458492967,0.9473684210526315,0.0,0.0,0.0,0.0
47,proper_scoring,node-021,0.0,0.0,0.0,8714.150892606867,1207.0215458492967,0.9473684210526315,0.0,0.0,0.0,0.0
47,proper_scoring,node-022,0.0,0.0,0.0,8714.150892606867,1207.0215458492967,0.9473684210526315,0.0,0.0,0.0,0.0
47,proper_scoring,node-023,470.4027453588999,0.0,0.0,8714.150892606867,1207.0215458492967,0.9473684210526315,-118.3890185644002,0.0,0.0,1.9295012516301964
47,proper_scoring,node-024,0.0,0.0,0.0,8714.150892606867,1207.0215458492967,0.9473684210526315,0.0,0.0,0.0,0.0
47,proper_scoring,node-025,0.0,0.0,0.0,8714.150892606867,1207.0215458492967,0.9473684210526315,0.0,0.0,0.0,0.0
47,proper_scoring,node-026,0.0,0.0,0.0,8714.150892606867,1207.0215458492967,0.9473684210526315,0.0,0.0,0.0,0.0
47,proper_scoring,node-027,360.18636031492366,0.0,0.0,8714.150892606867,1207.0215458492967,0.9473684210526315,-119.04451261541134,0.0,0.0,1.4774149171207027
47,proper_scoring,node-028,811.9774644396986,0.0,0.0,8714.150892606867,1207.0215458492967,0.9473684210526315,-439.2302592257856,0.0,0.0,3.3305748093297556
47,proper_scoring,node-029,0.0,0.0,0.0,8714.150892606867,1207.0215458492967,0.9473684210526315,0.0,0.0,0.0,0.0
47,audits,node-000,230.44925916712597,0.0,0.0,8714.150892606867,1207.0215458492967,0.9473684210526315,-369.55074083287406,0.0,0.0,0.945258373568734
47,audits,node-001,0.0,0.0,0.0,8714.150892606867,1207.0215458492967,0.9473684210526315,0.0,0.0,0.0,0.0
47,audits,node-002,372.74434680318564,608.5710382779879,726.0049185801811,8714.150892606867,1207.0215458492967,0.9473684210526315,-2172.695091056457,207.58090839996612,-608.5710382779879,1.5289253534141165
47,audits,node-003,334.4413201467768,188.41217532731469,265.53160409426516,8714.150892606867,1207.0215458492967,0.9473684210526315,-1234.1191662754977,44.908708193540406,-188.41217532731469,1.3718137323533628
47,audits,node-004,0.0,0.0,0.0,8714.150892606867,1207.0215458492967,0.9473684210526315,0.0,0.0,0.0,0.0
47,audits,node-005,285.1980753908116,0.0,0.0,8714.150892606867,1207.0215458492967,0.9473684210526315,-1525.6678072259763,0.0,0.0,1.1698274486243552
47,audits,node-006,0.0,0.0,0.0,8714.150892606867,1207.0215458492967,0.9473684210526315,0.0,0.0,0.0,0.0
47,audits,node-007,0.0,0.0,0.0,8714.150892606867,1207.0215458492967,0.9473684210526315,0.0,0.0,0.0,0.0
47,audits,node-008,0.0,0.0,0.0,8714.150892606867,1207.0215458492967,0.9473684210526315,0.0,0.0,0.0,0.0
47,audits,node-009,0.0,0.0,0.0,8714.150892606867,1207.0215458492967,0.9473684210526315,-253.70881501002907,0.0,0.0,0.0
47,audits,node-010,886.0843325332642,0.0,0.0,8714.150892606867,1207.0215458492967,0.9473684210526315,-1574.5458958008653,265.910789335288,0.0,3.6345468761420636
47,audits,node-011,109.91861234696327,184.63854766180847,215.4850231748505,8714.150892606867,1207.0215458492967,0.9473684210526315,-623.3840400003776,36.733001963857475,-184.63854766180847,0.45086492839046804
47,audits,node-012,273.83932621956853,0.0,0.0,8714.150892606867,1207.0215458492967,0.9473684210526315,-464.4783448431679,0.0,0.0,1.1232360522962037
47,audits,node-013,0.0,0.0,0.0,8714.150892606867,1207.0215458492967,0.9473684210526315,0.0,0.0,0.0,0.0
47,audits,node-014,0.0,0.0,0.0,8714.150892606867,1207.0215458492967,0.9473684210526315,0.0,0.0,0.0,0.0
47,audits,node-015,473.99995800532673,0.0,0.0,8714.150892606867,1207.0215458492967,0.9473684210526315,-1051.6686323087165,0.0,0.0,1.9442563234747812
47,audits,node-016,517.4152266049298,0.0,0.0,8714.150892606867,1207.0215458492967,0.9473684210526315,-1034.8304532098596,0.0,0.0,2.1223373740836204
47,audits,node-017,0.0,0.0,0.0,8714.150892606867,1207.0215458492967,0.9473684210526315,0.0,0.0,0.0,0.0
47,audits,node-018,0.0,0.0,0.0,8714.150892606867,1207.0215458492967,0.9473684210526315,0.0,0.0,0.0,0.0
47,audits,node-019,0.0,0.0,0.0,8714.150892606867,1207.0215458492967,0.9473684210526315,0.0,0.0,0.0,0.0
47,audits,node-020,0.0,0.0,0.0,8714.150892606867,1207.0215458492967,0.9473684210526315,0.0,0.0,0.0,0.0
47,audits,node-021,0.0,0.0,0.0,8714.150892606867,1207.0215458492967,0.9473684210526315,0.0,0.0,0.0,0.0
47,audits,node-022,0.0,0.0,0.0,8714.150892606867,1207.0215458492967,0.9473684210526315,0.0,0.0,0.0,0.0
47,audits,node-023,470.4027453588999,0.0,0.0,8714.150892606867,1207.0215458492967,0.9473684210526315,-529.5972546411001,0.0,0.0,1.9295012516301964
47,audits,node-024,0.0,0.0,0.0,8714.150892606867,1207.0215458492967,0.9473684210526315,0.0,0.0,0.0,0.0
47,audits,node-025,0.0,0.0,0.0,8714.150892606867,1207.0215458492967,0.9473684210526315,0.0,0.0,0.0,0.0
47,audits,node-026,0.0,0.0,0.0,8714.150892606867,1207.0215458492967,0.9473684210526315,0.0,0.0,0.0,0.0
47,audits,node-027,325.6996335220724,0.0,0.0,8714.150892606867,1207.0215458492967,0.9473684210526315,-423.2983949885904,0.0,0.0,1.3359570213750775
47,audits,node-028,788.4757509595012,0.0,0.0,8714.150892606867,1207.0215458492967,0.9473684210526315,-1611.5242490404985,0.0,0.0,3.23417531756893
47,audits,node-029,0.0,0.0,0.0,8714.150892606867,1207.0215458492967,0.9473684210526315,0.0,0.0,0.0,0.0
53,greedy,node-000,0.0,0.0,0.0,8664.312804708921,535.2822815132346,1.0,0.0,0.0,0.0,0.0
53,greedy,node-001,0.0,0.0,0.0,8664.312804708921,535.2822815132346,1.0,0.0,0.0,0.0,0.0
53,greedy,node-002,39.23421984125493,0.0,0.0,8664.312804708921,535.2822815132346,1.0,-100.28261217143532,0.0,0.0,0.16093119574095485
53,greedy,node-003,0.0,0.0,0.0,8664.312804708921,535.2822815132346,1.0,-36.79777422321643,0.0,0.0,0.0
53,greedy,node-004,0.0,0.0,0.0,8664.312804708921,535.2822815132346,1.0,0.0,0.0,0.0,0.0
53,greedy,node-005,0.0,0.0,0.0,8664.312804708921,535.2822815132346,1.0,0.0,0.0,0.0,0.0
53,greedy,node-006,0.0,75.41862643356102,226.25587930068303,8664.312804708921,535.2822815132346,1.0,-185.85501151006508,-4.794066685250968,-75.41862643356102,0.0
53,greedy,node-007,0.0,0.0,0.0,8664.312804708921,535.2822815132346,1.0,0.0,0.0,0.0,0.0
53,greedy,node-008,0.0,38.81707823587928,116.45123470763784,8664.312804708921,535.2822815132346,1.0,-145.44257548246648,22.308470452334134,-38.81707823587928,0.0
53,greedy,node-009,0.0,0.0,0.0,8664.312804708921,535.2822815132346,1.0,0.0,0.0,0.0,0.0
53,greedy,node-010,0.0,0.0,0.0,8664.312804708921,535.2822815132346,1.0,0.0,0.0,0.0,0.0
53,greedy,node-011,0.0,0.0,0.0,8664.312804708921,535.2822815132346,1.0,0.0,0.0,0.0,0.0
53,greedy,node-012,38.62280016161186,0.0,0.0,8664.312804708921,535.2822815132346,1.0,-111.90301190350107,50.43642603212761,0.0,0.1584232702477851
53,greedy,node-013,0.0,0.0,0.0,8664.312804708921,535.2822815132346,1.0,0.0,0.0,0.0,0.0
53,greedy,node-014,0.0,0.0,0.0,8664.312804708921,535.2822815132346,1.0,-64.70806594367293,0.0,0.0,0.0
53,greedy,node-015,33.30014039956939,0.0,0.0,8664.312804708921,535.2822815132346,1.0,-116.33214558826218,26.197310887249476,0.0,0.13659074742730934
53,greedy,node-016,0.0,0.0,0.0,8664.312804708921,535.2822815132346,1.0,-22.61777022731554,0.0,0.0,0.0
53,greedy,node-017,0.0,0.0,0.0,8664.312804708921,535.2822815132346,1.0,0.0,0.0,0.0,0.0
53,greedy,node-018,0.0,0.0,0.0,8664.312804708921,535.2822815132346,1.0,-97.49439773926295,0.0,0.0,0.0
53,greedy,node-019,0.0,64.19172250163788,192.57516750491365,8664.312804708921,535.2822815132346,1.0,-141.37838070024821,-8.247750737763901,-64.19172250163788,0.0
53,greedy,node-020,0.0,0.0,0.0,8664.312804708921,535.2822815132346,1.0,-66.10965137381366,0.0,0.0,0.0
53,greedy,node-021,32.91068666350247,0.0,0.0,8664.312804708921,535.2822815132346,1.0,-112.74087629183771,43.51423172730073,0.0,0.1349932833848326
53,greedy,node-022,0.0,0.0,0.0,8664.312804708921,535.2822815132346,1.0,0.0,0.0,0.0,0.0
53,greedy,node-023,0.0,0.0,0.0,8664.312804708921,535.2822815132346,1.0,0.0,0.0,0.0,0.0
53,greedy,node-024,0.0,0.0,0.0,8664.312804708921,535.2822815132346,1.0,0.0,0.0,0.0,0.0
53,greedy,node-025,0.0,0.0,0.0,8664.312804708921,535.2822815132346,1.0,0.0,0.0,0.0,0.0
53,greedy,node-026,0.0,0.0,0.0,8664.312804708921,535.2822815132346,1.0,0.0,0.0,0.0,0.0
53,greedy,node-027,0.0,0.0,0.0,8664.312804708921,535.2822815132346,1.0,0.0,0.0,0.0,0.0
53,greedy,node-028,0.0,0.0,0.0,8664.312804708921,535.2822815132346,1.0,0.0,0.0,0.0,0.0
53,greedy,node-029,0.0,0.0,0.0,8664.312804708921,535.2822815132346,1.0,0.0,0.0,0.0,0.0
53,trust_vcg,node-000,208.98318219855878,0.0,0.0,8526.496171032028,1539.2753703398062,1.0,-3991.016817801441,0.0,0.0,0.8572086698051229
53,trust_vcg,node-001,0.0,0.0,0.0,8526.496171032028,1539.2753703398062,1.0,0.0,0.0,0.0,0.0
53,trust_vcg,node-002,423.1596961548556,0.0,0.0,8526.496171032028,1539.2753703398062,1.0,-10016.621205786032,0.0,0.0,1.7357193839234462
53,trust_vcg,node-003,0.0,0.0,0.0,8526.496171032028,1539.2753703398062,1.0,-4983.798973408533,0.0,0.0,0.0
53,trust_vcg,node-004,86.74871947624256,0.0,0.0,8526.496171032028,1539.2753703398062,1.0,-2313.2512805237575,0.0,0.0,0.35582650071274713
53,trust_vcg,node-005,0.0,0.0,0.0,8526.496171032028,1539.2753703398062,1.0,0.0,0.0,0.0,0.0
53,trust_vcg,node-006,80.63480395245006,1112.588847295249,1539.2753703398062,8526.496171032028,1539.2753703398062,1.0,-12223.025232371756,-11.351189043369686,-787.1635548872557,0.3307483995071124
53,trust_vcg,node-007,40.4714330663076,0.0,0.0,8526.496171032028,1539.2753703398062,1.0,-1759.5285669336927,0.0,0.0,0.16600600554983727
53,trust_vcg,node-008,472.4098142939559,0.0,0.0,8526.496171032028,1539.2753703398062,1.0,-10483.649006704174,0.0,0.0,1.9377338609431882
53,trust_vcg,node-009,98.97662417478402,0.0,0.0,8526.496171032028,1539.2753703398062,1.0,-2301.023375825216,0.0,0.0,0.40598300522602193
53,trust_vcg,node-010,0.0,0.0,0.0,8526.496171032028,1539.2753703398062,1.0,0.0,0.0,0.0,0.0
53,trust_vcg,node-011,0.0,0.0,0.0,8526.496171032028,1539.2753703398062,1.0,0.0,0.0,0.0,0.0
53,trust_vcg,node-012,0.0,0.0,0.0,8526.496171032028,1539.2753703398062,1.0,-5577.245600323224,0.0,0.0,0.0
53,trust_vcg,node-013,0.0,0.0,0.0,8526.496171032028,1539.2753703398062,1.0,0.0,0.0,0.0,0.0
53,trust_vcg,node-014,239.58191092017753,0.0,0.0,8526.496171032028,1539.2753703398062,1.0,-5080.015169178823,0.0,0.0,0.9827187480288601
53,trust_vcg,node-015,178.16459180837364,0.0,0.0,8526.496171032028,1539.2753703398062,1.0,-5591.1637279637225,0.0,0.0,0.7307967614605588
53,trust_vcg,node-016,0.0,0.0,0.0,8526.496171032028,1539.2753703398062,1.0,-4986.897794262182,0.0,0.0,0.0
53,trust_vcg,node-017,0.0,0.0,0.0,8526.496171032028,1539.2753703398062,1.0,0.0,0.0,0.0,0.0
53,trust_vcg,node-018,347.5186021914181,0.0,0.0,8526.496171032028,1539.2753703398062,1.0,-5623.658583451677,0.0,0.0,1.425454218770603
53,trust_vcg,node-019,406.8054962406769,0.0,0.0,8526.496171032028,1539.2753703398062,1.0,-5577.18665819861,0.0,0.0,1.6686376130044807
53,trust_vcg,node-020,248.72387963646963,0.0,0.0,8526.496171032028,1539.2753703398062,1.0,-3951.2761203635305,0.0,0.0,1.0202173388735871
53,trust_vcg,node-021,42.214694539085,0.0,0.0,8526.496171032028,1539.2753703398062,1.0,-10445.664291585626,0.0,0.0,0.17315652757979774
53,trust_vcg,node-022,26.87418695123128,0.0,0.0,8526.496171032028,1539.2753703398062,1.0,-1173.1258130487686,0.0,0.0,0.11023272689316924
53,trust_vcg,node-023,0.0,0.0,0.0,8526.496171032028,1539.2753703398062,1.0,-5646.728596076659,0.0,0.0,0.0
53,trust_vcg,node-024,66.06522294402353,0.0,0.0,8526.496171032028,1539.2753703398062,1.0,-1733.9347770559764,0.0,0.0,0.270986790824242
53,trust_vcg,node-025,0.0,0.0,0.0,8526.496171032028,1539.2753703398062,1.0,0.0,0.0,0.0,0.0
53,trust_vcg,node-026,177.320839097247,0.0,0.0,8526.496171032028,1539.2753703398062,1.0,-3422.679160902753,0.0,0.0,0.7273358507234348
53,trust_vcg,node-027,0.0,0.0,0.0,8526.496171032028,1539.2753703398062,1.0,-1148.5802019018322,0.0,0.0,0.0
53,trust_vcg,node-028,39.315370016538324,0.0,0.0,8526.496171032028,1539.2753703398062,1.0,-1760.684629983462,0.0,0.0,0.16126405809417063
53,trust_vcg,node-029,0.0,0.0,0.0,8526.496171032028,1539.2753703398062,1.0,-2287.1014589068054,0.0,0.0,0.0
53,contingent,node-000,0.0,0.0,0.0,8526.496171032028,640.0297845668355,1.0,-564.0672712057649,0.0,0.0,0.0
53,contingent,node-001,0.0,0.0,0.0,8526.496171032028,640.0297845668355,1.0,0.0,0.0,0.0,0.0
53,contingent,node-002,168.28588226154918,0.0,0.0,8526.496171032028,640.0297845668355,1.0,-466.4848231441235,0.0,0.0,0.6902762019545845
53,contingent,node-003,0.0,0.0,0.0,8526.496171032028,640.0297845668355,1.0,-135.19589363413118,0.0,0.0,0.0
53,contingent,node-004,0.0,0.0,0.0,8526.496171032028,640.0297845668355,1.0,-453.00512209502983,0.0,0.0,0.0
53,contingent,node-005,0.0,0.0,0.0,8526.496171032028,640.0297845668355,1.0,0.0,0.0,0.0,0.0
53,contingent,node-006,279.88038972542074,213.34326152227848,640.0297845668355,8526.496171032028,640.0297845668355,1.0,-655.0888018282948,-61.30927714186805,-382.84260086185327,1.1480153285881098
53,contingent,node-007,0.0,0.0,0.0,8526.496171032028,640.0297845668355,1.0,-438.11426773476967,0.0,0.0,0.0
53,contingent,node-008,129.1932921536546,0.0,0.0,8526.496171032028,640.0297845668355,1.0,-414.2256534832428,0.0,0.0,0.5299259440386808
53,contingent,node-009,15.709067413531855,0.0,0.0,8526.496171032028,640.0297845668355,1.0,-404.093503300864,0.0,0.0,0.06443556194219685
53,contingent,node-010,0.0,0.0,0.0,8526.496171032028,640.0297845668355,1.0,0.0,0.0,0.0,0.0
53,contingent,node-011,0.0,0.0,0.0,8526.496171032028,640.0297845668355,1.0,0.0,0.0,0.0,0.0
53,contingent,node-012,90.92542805964511,0.0,0.0,8526.496171032028,640.0297845668355,1.0,-308.9824012928949,0.0,0.0,0.37295855302086267
53,contingent,node-013,0.0,0.0,0.0,8526.496171032028,640.0297845668355,1.0,0.0,0.0,0.0,0.0
53,contingent,node-014,39.581910920177485,0.0,0.0,8526.496171032028,640.0297845668355,1.0,-520.0606767152914,0.0,0.0,0.16235735742598048
53,contingent,node-015,77.6501991654385,0.0,0.0,8526.496171032028,640.0297845668355,1.0,-364.65491185488844,0.0,0.0,0.3185061268397483
53,contingent,node-016,0.0,0.0,0.0,8526.496171032028,640.0297845668355,1.0,-147.59117704872799,0.0,0.0,0.0
53,contingent,node-017,0.0,0.0,0.0,8526.496171032028,640.0297845668355,1.0,0.0,0.0,0.0,0.0
53,contingent,node-018,47.5186021914181,0.0,0.0,8526.496171032028,640.0297845668355,1.0,-494.6343338067129,0.0,0.0,0.1949121328662839
53,contingent,node-019,160.47930625409475,0.0,0.0,8526.496171032028,640.0297845668355,1.0,-308.7466327944412,0.0,0.0,0.6582551342079725
53,contingent,node-020,73.89872632593418,0.0,0.0,8526.496171032028,640.0297845668355,1.0,-405.10448145412147,0.0,0.0,0.30311830946262486
53,contingent,node-021,0.0,0.0,0.0,8526.496171032028,640.0297845668355,1.0,-441.39609293526195,0.0,0.0,0.0
53,contingent,node-022,0.0,0.0,0.0,8526.496171032028,640.0297845668355,1.0,-292.5032521950749,0.0,0.0,0.0
53,contingent,node-023,0.0,0.0,0.0,8526.496171032028,640.0297845668355,1.0,-726.3778550128399,0.0,0.0,0.0
53,contingent,node-024,15.645271499450573,0.0,0.0,8526.496171032028,640.0297845668355,1.0,-335.7391082239059,0.0,0.0,0.06417388341824433
53,contingent,node-025,0.0,0.0,0.0,8526.496171032028,640.0297845668355,1.0,0.0,0.0,0.0,0.0
53,contingent,node-026,28.10774261682161,0.0,0.0,8526.496171032028,640.0297845668355,1.0,-490.71664361101205,0.0,0.0,0.11529253409921796
53,contingent,node-027,0.0,0.0,0.0,8526.496171032028,640.0297845668355,1.0,-238.64440632469575,0.0,0.0,0.0
53,contingent,node-028,0.0,0.0,0.0,8526.496171032028,640.0297845668355,1.0,-442.7385199338466,0.0,0.0,0.0
53,contingent,node-029,0.0,0.0,0.0,8526.496171032028,640.0297845668355,1.0,-348.4058356272219,0.0,0.0,0.0
53,capped,node-000,0.0,0.0,0.0,8526.496171032028,640.0297845668355,1.0,-141.01681780144122,0.0,0.0,0.0
53,capped,node-001,0.0,0.0,0.0,8526.496171032028,640.0297845668355,1.0,0.0,0.0,0.0,0.0
53,capped,node-002,168.28588226154918,0.0,0.0,8526.496171032028,640.0297845668355,1.0,-116.62120578603088,0.0,0.0,0.6902762019545845
53,capped,node-003,0.0,0.0,0.0,8526.496171032028,640.0297845668355,1.0,-33.7989734085328,0.0,0.0,0.0
53,capped,node-004,0.0,0.0,0.0,8526.496171032028,640.0297845668355,1.0,-113.25128052375746,0.0,0.0,0.0
53,capped,node-005,0.0,0.0,0.0,8526.496171032028,640.0297845668355,1.0,0.0,0.0,0.0,0.0
53,capped,node-006,279.88038972542074,213.34326152227848,640.0297845668355,8526.496171032028,640.0297845668355,1.0,-323.7796465987825,-61.30927714186805,-382.84260086185327,1.1480153285881098
53,capped,node-007,0.0,0.0,0.0,8526.496171032028,640.0297845668355,1.0,-109.52856693369242,0.0,0.0,0.0
53,capped,node-008,129.1932921536546,0.0,0.0,8526.496171032028,640.0297845668355,1.0,-103.55641337081073,0.0,0.0,0.5299259440386808
53,capped,node-009,15.709067413531855,0.0,0.0,8526.496171032028,640.0297845668355,1.0,-101.023375825216,0.0,0.0,0.06443556194219685
53,capped,node-010,0.0,0.0,0.0,8526.496171032028,640.0297845668355,1.0,0.0,0.0,0.0,0.0
53,capped,node-011,0.0,0.0,0.0,8526.496171032028,640.0297845668355,1.0,0.0,0.0,0.0,0.0
53,capped,node-012,181.7708334943925,0.0,0.0,8526.496171032028,640.0297845668355,1.0,-77.24560032322373,0.0,0.0,0.7455888686825213
53,capped,node-013,0.0,0.0,0.0,8526.496171032028,640.0297845668355,1.0,0.0,0.0,0.0,0.0
53,capped,node-014,39.581910920177485,0.0,0.0,8526.496171032028,640.0297845668355,1.0,-130.01516917882284,0.0,0.0,0.16235735742598048
53,capped,node-015,174.1911138133157,0.0,0.0,8526.496171032028,640.0297845668355,1.0,-91.16372796372212,0.0,0.0,0.7144983217927804
53,capped,node-016,0.0,0.0,0.0,8526.496171032028,640.0297845668355,1.0,-36.897794262182,0.0,0.0,0.0
53,capped,node-017,0.0,0.0,0.0,8526.496171032028,640.0297845668355,1.0,0.0,0.0,0.0,0.0
53,capped,node-018,47.5186021914181,0.0,0.0,8526.496171032028,640.0297845668355,1.0,-123.65858345167823,0.0,0.0,0.1949121328662839
53,capped,node-019,160.47930625409475,0.0,0.0,8526.496171032028,640.0297845668355,1.0,-77.18665819861032,0.0,0.0,0.6582551342079725
53,capped,node-020,73.89872632593418,0.0,0.0,8526.496171032028,640.0297845668355,1.0,-101.27612036353038,0.0,0.0,0.30311830946262486
53,capped,node-021,43.52201013601852,0.0,0.0,8526.496171032028,640.0297845668355,1.0,-110.34902323381552,0.0,0.0,0.17851888378508382
53,capped,node-022,0.0,0.0,0.0,8526.496171032028,640.0297845668355,1.0,-73.12581304876872,0.0,0.0,0.0
53,capped,node-023,0.0,0.0,0.0,8526.496171032028,640.0297845668355,1.0,-181.59446375321,0.0,0.0,0.0
53,capped,node-024,15.645271499450573,0.0,0.0,8526.496171032028,640.0297845668355,1.0,-83.93477705597647,0.0,0.0,0.06417388341824433
53,capped,node-025,0.0,0.0,0.0,8526.496171032028,640.0297845668355,1.0,0.0,0.0,0.0,0.0
53,capped,node-026,28.10774261682161,0.0,0.0,8526.496171032028,640.0297845668355,1.0,-122.67916090275301,0.0,0.0,0.11529253409921796
53,capped,node-027,0.0,0.0,0.0,8526.496171032028,640.0297845668355,1.0,-59.66110158117394,0.0,0.0,0.0
53,capped,node-028,0.0,0.0,0.0,8526.496171032028,640.0297845668355,1.0,-110.68462998346166,0.0,0.0,0.0
53,capped,node-029,34.91832200993893,0.0,0.0,8526.496171032028,640.0297845668355,1.0,-87.10145890680548,0.0,0.0,0.14322821600796315
53,proper_scoring,node-000,208.98318219855878,0.0,0.0,8526.496171032028,1539.2753703398062,1.0,-451.24652111524784,0.0,0.0,0.8572086698051229
53,proper_scoring,node-001,0.0,0.0,0.0,8526.496171032028,1539.2753703398062,1.0,0.0,0.0,0.0,0.0
53,proper_scoring,node-002,654.4785513661387,0.0,0.0,8526.496171032028,1539.2753703398062,1.0,-466.4848231441235,0.0,0.0,2.6845446725924176
53,proper_scoring,node-003,293.7325477256852,0.0,0.0,8526.496171032028,1539.2753703398062,1.0,-135.19589363413118,0.0,0.0,1.2048342065878488
53,proper_scoring,node-004,86.74871947624256,0.0,0.0,8526.496171032028,1539.2753703398062,1.0,-313.2512805237575,0.0,0.0,0.35582650071274713
53,proper_scoring,node-005,0.0,0.0,0.0,8526.496171032028,1539.2753703398062,1.0,0.0,0.0,0.0,0.0
53,proper_scoring,node-006,80.63480395245006,1112.588847295249,1539.2753703398062,8526.496171032028,1539.2753703398062,1.0,-1540.1510400713655,-11.351189043369686,-787.1635548872557,0.3307483995071124
53,proper_scoring,node-007,40.4714330663076,0.0,0.0,8526.496171032028,1539.2753703398062,1.0,-259.52856693369245,0.0,0.0,0.16600600554983727
53,proper_scoring,node-008,575.3925263508755,0.0,0.0,8526.496171032028,1539.2753703398062,1.0,-414.2256534832428,0.0,0.0,2.3601490652985406
53,proper_scoring,node-009,98.97662417478402,0.0,0.0,8526.496171032028,1539.2753703398062,1.0,-301.023375825216,0.0,0.0,0.40598300522602193
53,proper_scoring,node-010,0.0,0.0,0.0,8526.496171032028,1539.2753703398062,1.0,0.0,0.0,0.0,0.0
53,proper_scoring,node-011,0.0,0.0,0.0,8526.496171032028,1539.2753703398062,1.0,0.0,0.0,0.0,0.0
53,proper_scoring,node-012,443.2000974442382,0.0,0.0,8526.496171032028,1539.2753703398062,1.0,-308.9824012928949,0.0,0.0,1.8179212412734345
53,proper_scoring,node-013,0.0,0.0,0.0,8526.496171032028,1539.2753703398062,1.0,0.0,0.0,0.0,0.0
53,proper_scoring,node-014,242.32327373487905,0.0,0.0,8526.496171032028,1539.2753703398062,1.0,-475.29215958984236,0.0,0.0,0.9939632890829379
53,proper_scoring,node-015,434.5334573249998,0.0,0.0,8526.496171032028,1539.2753703398062,1.0,-352.04581702405534,0.0,0.0,1.7823723565730687
53,proper_scoring,node-016,351.01971812573413,0.0,0.0,8526.496171032028,1539.2753703398062,1.0,-147.59117704872799,0.0,0.0,1.4398151204532899
53,proper_scoring,node-017,0.0,0.0,0.0,8526.496171032028,1539.2753703398062,1.0,0.0,0.0,0.0,0.0
53,proper_scoring,node-018,347.5186021914181,0.0,0.0,8526.496171032028,1539.2753703398062,1.0,-454.5100143444055,0.0,0.0,1.425454218770603
53,proper_scoring,node-019,409.00734387702516,0.0,0.0,8526.496171032028,1539.2753703398062,1.0,-308.7466327944412,0.0,0.0,1.677669166948732
53,proper_scoring,node-020,248.72387963646963,0.0,0.0,8526.496171032028,1539.2753703398062,1.0,-394.2563919652202,0.0,0.0,1.0202173388735871
53,proper_scoring,node-021,591.632292004258,0.0,0.0,8526.496171032028,1539.2753703398062,1.0,-425.89936793866354,0.0,0.0,2.4267614489709093
53,proper_scoring,node-022,26.87418695123128,0.0,0.0,8526.496171032028,1539.2753703398062,1.0,-173.12581304876872,0.0,0.0,0.11023272689316924
53,proper_scoring,node-023,221.6137318474268,0.0,0.0,8526.496171032028,1539.2753703398062,1.0,-549.4916229828808,0.0,0.0,0.9090167461752433
53,proper_scoring,node-024,66.06522294402353,0.0,0.0,8526.496171032028,1539.2753703398062,1.0,-233.93477705597644,0.0,0.0,0.270986790824242
53,proper_scoring,node-025,0.0,0.0,0.0,8526.496171032028,1539.2753703398062,1.0,0.0,0.0,0.0,0.0
53,proper_scoring,node-026,177.320839097247,0.0,0.0,8526.496171032028,1539.2753703398062,1.0,-405.0436584740619,0.0,0.0,0.7273358507234348
53,proper_scoring,node-027,0.0,0.0,0.0,8526.496171032028,1539.2753703398062,1.0,-148.58020190183217,0.0,0.0,0.0
53,proper_scoring,node-028,39.315370016538324,0.0,0.0,8526.496171032028,1539.2753703398062,1.0,-260.68462998346166,0.0,0.0,0.16126405809417063
53,proper_scoring,node-029,0.0,0.0,0.0,8526.496171032028,1539.2753703398062,1.0,-287.1014589068055,0.0,0.0,0.0
53,audits,node-000,208.98318219855878,0.0,0.0,8526.496171032028,1539.2753703398062,1.0,-991.0168178014412,0.0,0.0,0.8572086698051229
53,audits,node-001,0.0,0.0,0.0,8526.496171032028,1539.2753703398062,1.0,0.0,0.0,0.0,0.0
53,audits,node-002,583.378794213969,0.0,0.0,8526.496171032028,1539.2753703398062,1.0,-1516.621205786031,0.0,0.0,2.3929071943480125
53,audits,node-003,236.34367710262498,0.0,0.0,8526.496171032028,1539.2753703398062,1.0,-483.7989734085328,0.0,0.0,0.9694361380405366
53,audits,node-004,86.74871947624256,0.0,0.0,8526.496171032028,1539.2753703398062,1.0,-813.2512805237574,0.0,0.0,0.35582650071274713
53,audits,node-005,0.0,0.0,0.0,8526.496171032028,1539.2753703398062,1.0,0.0,0.0,0.0,0.0
53,audits,node-006,80.63480395245006,1112.588847295249,1539.2753703398062,8526.496171032028,1539.2753703398062,1.0,-2723.025232371753,-11.351189043369686,-787.1635548872557,0.3307483995071124
53,audits,node-007,40.4714330663076,0.0,0.0,8526.496171032028,1539.2753703398062,1.0,-759.5285669336923,0.0,0.0,0.16600600554983727
53,audits,node-008,543.9448079070453,0.0,0.0,8526.496171032028,1539.2753703398062,1.0,-1483.6490067041746,0.0,0.0,2.2311565951291987
53,audits,node-009,98.97662417478402,0.0,0.0,8526.496171032028,1539.2753703398062,1.0,-801.0233758252159,0.0,0.0,0.40598300522602193
53,audits,node-010,0.0,0.0,0.0,8526.496171032028,1539.2753703398062,1.0,0.0,0.0,0.0,0.0
53,audits,node-011,0.0,0.0,0.0,8526.496171032028,1539.2753703398062,1.0,0.0,0.0,0.0,0.0
53,audits,node-012,438.6228001616119,0.0,0.0,8526.496171032028,1539.2753703398062,1.0,-1077.2456003232237,0.0,0.0,1.799146051453544
53,audits,node-013,0.0,0.0,0.0,8526.496171032028,1539.2753703398062,1.0,0.0,0.0,0.0,0.0
53,audits,node-014,239.58191092017753,0.0,0.0,8526.496171032028,1539.2753703398062,1.0,-1080.0151691788228,0.0,0.0,0.9827187480288601
53,audits,node-015,424.1911138133157,0.0,0.0,8526.496171032028,1539.2753703398062,1.0,-1091.163727963722,0.0,0.0,1.7399500600463798
53,audits,node-016,313.10220573781805,0.0,0.0,8526.496171032028,1539.2753703398062,1.0,-486.89779426218195,0.0,0.0,1.2842848044995263
53,audits,node-017,0.0,0.0,0.0,8526.496171032028,1539.2753703398062,1.0,0.0,0.0,0.0,0.0
53,audits,node-018,347.5186021914181,0.0,0.0,8526.496171032028,1539.2753703398062,1.0,-1123.6585834516784,0.0,0.0,1.425454218770603
53,audits,node-019,406.8054962406769,0.0,0.0,8526.496171032028,1539.2753703398062,1.0,-1077.1866581986103,0.0,0.0,1.6686376130044807
53,audits,node-020,248.72387963646963,0.0,0.0,8526.496171032028,1539.2753703398062,1.0,-951.2761203635304,0.0,0.0,1.0202173388735871
53,audits,node-021,462.38600617368985,0.0,0.0,8526.496171032028,1539.2753703398062,1.0,-1445.6642915856294,0.0,0.0,1.8966181350997988
53,audits,node-022,26.87418695123128,0.0,0.0,8526.496171032028,1539.2753703398062,1.0,-673.1258130487687,0.0,0.0,0.11023272689316924
53,audits,node-023,221.6137318474268,0.0,0.0,8526.496171032028,1539.2753703398062,1.0,-1146.728596076659,0.0,0.0,0.9090167461752433
53,audits,node-024,66.06522294402353,0.0,0.0,8526.496171032028,1539.2753703398062,1.0,-733.9347770559764,0.0,0.0,0.270986790824242
53,audits,node-025,0.0,0.0,0.0,8526.496171032028,1539.2753703398062,1.0,0.0,0.0,0.0,0.0
53,audits,node-026,177.320839097247,0.0,0.0,8526.496171032028,1539.2753703398062,1.0,-922.679160902753,0.0,0.0,0.7273358507234348
53,audits,node-027,0.0,0.0,0.0,8526.496171032028,1539.2753703398062,1.0,-648.5802019018322,0.0,0.0,0.0
53,audits,node-028,39.315370016538324,0.0,0.0,8526.496171032028,1539.2753703398062,1.0,-760.6846299834617,0.0,0.0,0.16126405809417063
53,audits,node-029,0.0,0.0,0.0,8526.496171032028,1539.2753703398062,1.0,-787.1014589068055,0.0,0.0,0.0
46,greedy,node-000,0.0,0.0,0.0,8871.405897620998,166.4867552080795,0.95,0.0,0.0,0.0,0.0
46,greedy,node-001,0.0,0.0,0.0,8871.405897620998,166.4867552080795,0.95,0.0,0.0,0.0,0.0
46,greedy,node-002,0.0,0.0,0.0,8871.405897620998,166.4867552080795,0.95,0.0,0.0,0.0,0.0
46,greedy,node-003,0.0,0.0,0.0,8871.405897620998,166.4867552080795,0.95,0.0,0.0,0.0,0.0
46,greedy,node-004,0.0,0.0,0.0,8871.405897620998,166.4867552080795,0.95,0.0,0.0,0.0,0.0
46,greedy,node-005,0.0,0.0,0.0,8871.405897620998,166.4867552080795,0.95,0.0,0.0,0.0,0.0
46,greedy,node-006,0.0,0.0,0.0,8871.405897620998,166.4867552080795,0.95,0.0,0.0,0.0,0.0
46,greedy,node-007,0.0,0.0,0.0,8871.405897620998,166.4867552080795,0.95,0.0,0.0,0.0,0.0
46,greedy,node-008,0.0,0.0,0.0,8871.405897620998,166.4867552080795,0.95,0.0,0.0,0.0,0.0
46,greedy,node-009,0.0,0.0,0.0,8871.405897620998,166.4867552080795,0.95,-16.098172237757918,0.0,0.0,0.0
46,greedy,node-010,0.0,0.0,0.0,8871.405897620998,166.4867552080795,0.95,0.0,0.0,0.0,0.0
46,greedy,node-011,0.0,0.0,0.0,8871.405897620998,166.4867552080795,0.95,0.0,0.0,0.0,0.0
46,greedy,node-012,0.0,0.0,0.0,8871.405897620998,166.4867552080795,0.95,0.0,0.0,0.0,0.0
46,greedy,node-013,0.0,0.0,0.0,8871.405897620998,166.4867552080795,0.95,0.0,0.0,0.0,0.0
46,greedy,node-014,0.0,0.0,0.0,8871.405897620998,166.4867552080795,0.95,-54.19612392526898,0.0,0.0,0.0
46,greedy,node-015,0.0,0.0,0.0,8871.405897620998,166.4867552080795,0.95,0.0,0.0,0.0,0.0
46,greedy,node-016,0.0,0.0,0.0,8871.405897620998,166.4867552080795,0.95,0.0,0.0,0.0,0.0
46,greedy,node-017,0.0,0.0,0.0,8871.405897620998,166.4867552080795,0.95,0.0,0.0,0.0,0.0
46,greedy,node-018,0.0,0.0,0.0,8871.405897620998,166.4867552080795,0.95,0.0,0.0,0.0,0.0
46,greedy,node-019,0.0,0.0,0.0,8871.405897620998,166.4867552080795,0.95,0.0,0.0,0.0,0.0
46,greedy,node-020,0.0,0.0,0.0,8871.405897620998,166.4867552080795,0.95,0.0,0.0,0.0,0.0
46,greedy,node-021,0.0,0.0,0.0,8871.405897620998,166.4867552080795,0.95,0.0,0.0,0.0,0.0
46,greedy,node-022,0.0,0.0,0.0,8871.405897620998,166.4867552080795,0.95,0.0,0.0,0.0,0.0
46,greedy,node-023,41.244019727975314,55.49558506935982,166.4867552080795,8871.405897620998,166.4867552080795,0.95,-83.24337760403972,-16.64867552080794,-55.49558506935982,0.16917500689047207
46,greedy,node-024,0.0,0.0,0.0,8871.405897620998,166.4867552080795,0.95,0.0,0.0,0.0,0.0
46,greedy,node-025,0.0,0.0,0.0,8871.405897620998,166.4867552080795,0.95,-16.107256597061063,0.0,0.0,0.0
46,greedy,node-026,0.0,0.0,0.0,8871.405897620998,166.4867552080795,0.95,0.0,0.0,0.0,0.0
46,greedy,node-027,0.0,0.0,0.0,8871.405897620998,166.4867552080795,0.95,0.0,0.0,0.0,0.0
46,greedy,node-028,0.0,0.0,0.0,8871.405897620998,166.4867552080795,0.95,0.0,0.0,0.0,0.0
46,greedy,node-029,2.874753724844428,0.0,0.0,8871.405897620998,166.4867552080795,0.95,-19.884814652254526,0.0,0.0,0.011791684816770912
46,trust_vcg,node-000,89.872063865039,0.0,0.0,8769.428962431512,726.7600782693528,0.95,-1710.1279361349611,0.0,391.3197958448111,0.3686378564433709
46,trust_vcg,node-001,391.76224750786236,0.0,0.0,8769.428962431512,726.7600782693528,0.95,-5608.2377524921385,0.0,0.0,1.6069331107562967
46,trust_vcg,node-002,0.0,0.0,0.0,8769.428962431512,726.7600782693528,0.95,0.0,0.0,0.0,0.0
46,trust_vcg,node-003,0.0,0.0,0.0,8769.428962431512,726.7600782693528,0.95,-5545.7702145653175,0.0,0.0,0.0
46,trust_vcg,node-004,0.0,0.0,0.0,8769.428962431512,726.7600782693528,0.95,-2276.2601401531474,0.0,0.0,0.0
46,trust_vcg,node-005,79.76706322027214,0.0,0.0,8769.428962431512,726.7600782693528,0.95,-5590.101089403352,0.0,0.0,0.3271890945384512
46,trust_vcg,node-006,229.91651903061006,0.0,0.0,8769.428962431512,726.7600782693528,0.95,-11096.872131630724,0.0,0.0,0.9430731763726232
46,trust_vcg,node-007,0.0,0.0,0.0,8769.428962431512,726.7600782693528,0.95,0.0,0.0,0.0,0.0
46,trust_vcg,node-008,0.0,0.0,0.0,8769.428962431512,726.7600782693528,0.95,0.0,0.0,0.0,0.0
46,trust_vcg,node-009,335.8915849913799,0.0,0.0,8769.428962431512,726.7600782693528,0.95,-6652.400126273103,0.0,0.0,1.3777624387766683
46,trust_vcg,node-010,0.0,0.0,0.0,8769.428962431512,726.7600782693528,0.95,0.0,0.0,0.0,0.0
46,trust_vcg,node-011,385.99304547703287,0.0,0.0,8769.428962431512,726.7600782693528,0.95,-5614.006954522967,0.0,0.0,1.5832689577528956
46,trust_vcg,node-012,135.42684277818736,0.0,0.0,8769.428962431512,726.7600782693528,0.95,-2264.573157221813,0.0,0.0,0.5554947653323564
46,trust_vcg,node-013,0.0,0.0,0.0,8769.428962431512,726.7600782693528,0.95,0.0,0.0,0.0,0.0
46,trust_vcg,node-014,708.1246561651283,0.0,0.0,8769.428962431512,726.7600782693528,0.95,-6644.280769698005,52.04645012862554,0.0,2.904590638259052
46,trust_vcg,node-015,0.0,0.0,0.0,8769.428962431512,726.7600782693528,0.95,0.0,0.0,0.0,0.0
46,trust_vcg,node-016,79.10466331776507,0.0,0.0,8769.428962431512,726.7600782693528,0.95,-5591.99816237057,0.0,0.0,0.32447205801267165
46,trust_vcg,node-017,77.18076068913501,0.0,0.0,8769.428962431512,726.7600782693528,0.95,-1722.819239310865,0.0,0.0,0.3165805808336342
46,trust_vcg,node-018,48.46359864439782,0.0,0.0,8769.428962431512,726.7600782693528,0.95,-1151.5364013556023,0.0,0.0,0.19878832588769008
46,trust_vcg,node-019,0.0,0.0,0.0,8769.428962431512,726.7600782693528,0.95,0.0,0.0,0.0,0.0
46,trust_vcg,node-020,157.4583313837057,0.0,0.0,8769.428962431512,726.7600782693528,0.95,-10561.85779512535,0.0,0.0,0.645863678479729
46,trust_vcg,node-021,0.0,0.0,0.0,8769.428962431512,726.7600782693528,0.95,-5024.1483837580245,0.0,0.0,0.0
46,trust_vcg,node-022,0.0,0.0,0.0,8769.428962431512,726.7600782693528,0.95,0.0,0.0,0.0,0.0
46,trust_vcg,node-023,700.5084498178923,-78.52610954045304,-52.77807942623737,8769.428962431512,726.7600782693528,0.95,-10949.221682994226,-3.862204517132483,78.52610954045304,2.873350430108367
46,trust_vcg,node-024,0.0,0.0,0.0,8769.428962431512,726.7600782693528,0.95,-5592.4888489221385,0.0,0.0,0.0
46,trust_vcg,node-025,71.49948333063867,592.3180824816014,779.53815769559,8769.428962431512,726.7600782693528,0.95,-6139.123101285099,-28.083011282098255,-592.3180824816014,0.29327707786255064
46,trust_vcg,node-026,368.112013953999,0.0,0.0,8769.428962431512,726.7600782693528,0.95,-5031.887986046001,0.0,0.0,1.5099244183246456
46,trust_vcg,node-027,0.0,0.0,0.0,8769.428962431512,726.7600782693528,0.95,-3939.5003714929853,0.0,0.0,0.0
46,trust_vcg,node-028,433.3388274628298,0.0,0.0,8769.428962431512,726.7600782693528,0.95,-5566.66117253717,0.0,0.0,1.7774722154981413
46,trust_vcg,node-029,0.0,0.0,0.0,8769.428962431512,726.7600782693528,0.95,-5542.416342964572,0.0,0.0,0.0
46,contingent,node-000,0.0,0.0,0.0,8769.428962431512,315.74170620402003,0.95,-240.51174453984405,0.0,-108.23775249213763,0.0
46,contingent,node-001,0.0,0.0,0.0,8769.428962431512,315.74170620402003,0.95,-432.9510099685506,0.0,0.0,0.0
46,contingent,node-002,0.0,0.0,0.0,8769.428962431512,315.74170620402003,0.95,0.0,0.0,0.0,0.0
46,contingent,node-003,0.0,0.0,0.0,8769.428962431512,315.74170620402003,0.95,-368.398936038579,0.0,0.0,0.0
46,contingent,node-004,0.0,0.0,0.0,8769.428962431512,315.74170620402003,0.95,-305.04056061259047,0.0,0.0,0.0
46,contingent,node-005,29.767063220272135,0.0,0.0,8769.428962431512,315.74170620402003,0.95,-360.4043576134086,0.0,0.0,0.12209874688773135
46,contingent,node-006,29.91651903061003,0.0,0.0,8769.428962431512,315.74170620402003,0.95,-387.4885265229036,0.0,0.0,0.12271178576974373
46,contingent,node-007,0.0,0.0,0.0,8769.428962431512,315.74170620402003,0.95,0.0,0.0,0.0,0.0
46,contingent,node-008,0.0,0.0,0.0,8769.428962431512,315.74170620402003,0.95,0.0,0.0,0.0,0.0
46,contingent,node-009,135.89158499137983,0.0,0.0,8769.428962431512,315.74170620402003,0.95,-209.6005050924078,0.0,0.0,0.5574010481737887
46,contingent,node-010,0.0,0.0,0.0,8769.428962431512,315.74170620402003,0.95,0.0,0.0,0.0,0.0
46,contingent,node-011,0.0,0.0,0.0,8769.428962431512,315.74170620402003,0.95,-456.02781809186865,0.0,0.0,0.0
46,contingent,node-012,9.711161331698705,0.0,0.0,8769.428962431512,315.74170620402003,0.95,-258.2926288872506,0.0,0.0,0.039833309072206294
46,contingent,node-013,0.0,0.0,0.0,8769.428962431512,315.74170620402003,0.95,0.0,0.0,0.0,0.0
46,contingent,node-014,208.12465616512821,0.0,0.0,8769.428962431512,315.74170620402003,0.95,-177.1230787920223,2.7161058552444057,0.0,0.8536871617518536
46,contingent,node-015,0.0,0.0,0.0,8769.428962431512,315.74170620402003,0.95,0.0,0.0,0.0,0.0
46,contingent,node-016,29.104663317765073,0.0,0.0,8769.428962431512,315.74170620402003,0.95,-367.9926494822787,0.0,0.0,0.11938171036195183
46,contingent,node-017,0.0,0.0,0.0,8769.428962431512,315.74170620402003,0.95,-291.27695724345995,0.0,0.0,0.0
46,contingent,node-018,0.0,0.0,0.0,8769.428962431512,315.74170620402003,0.95,-206.14560542240878,0.0,0.0,0.0
46,contingent,node-019,0.0,0.0,0.0,8769.428962431512,315.74170620402003,0.95,0.0,0.0,0.0,0.0
46,contingent,node-020,7.458331383705712,0.0,0.0,8769.428962431512,315.74170620402003,0.95,-447.43118050140225,0.0,0.0,0.030592635527569575
46,contingent,node-021,0.0,0.0,0.0,8769.428962431512,315.74170620402003,0.95,-390.08117635488844,0.0,0.0,0.0
46,contingent,node-022,0.0,0.0,0.0,8769.428962431512,315.74170620402003,0.95,0.0,0.0,0.0,0.0
46,contingent,node-023,205.39787343204506,9.163563268821475,34.911593383037165,8769.428962431512,315.74170620402003,0.95,-120.15473340754112,-3.491159338303717,-9.163563268821475,0.8425024253779334
46,contingent,node-024,0.0,0.0,0.0,8769.428962431512,315.74170620402003,0.95,-369.9553956885523,0.0,0.0,0.0
46,contingent,node-025,123.03471205682605,93.61003760699431,280.8301128209829,8769.428962431512,315.74170620402003,0.95,-280.83011282098295,-28.083011282098298,-93.61003760699431,0.5046646373768133
46,contingent,node-026,66.09295657139091,0.0,0.0,8769.428962431512,315.74170620402003,0.95,-327.5519441840041,0.0,0.0,0.2711005488098098
46,contingent,node-027,0.0,0.0,0.0,8769.428962431512,315.74170620402003,0.95,-358.00148597194345,0.0,0.0,0.0
46,contingent,node-028,89.87696168829328,0.0,0.0,8769.428962431512,315.74170620402003,0.95,-266.6446901486809,0.0,0.0,0.3686579463688499
46,contingent,node-029,1.8764610675221682,0.0,0.0,8769.428962431512,315.74170620402003,0.95,-169.66537185829057,0.0,0.0,0.007696881053823247
46,capped,node-000,0.0,0.0,0.0,8769.428962431512,319.4521579923064,0.95,-60.127936134961004,0.0,-108.23775249213763,0.0
46,capped,node-001,0.0,0.0,0.0,8769.428962431512,319.4521579923064,0.95,-108.23775249213763,0.0,0.0,0.0
46,capped,node-002,0.0,0.0,0.0,8769.428962431512,319.4521579923064,0.95,0.0,0.0,0.0,0.0
46,capped,node-003,0.0,0.0,0.0,8769.428962431512,319.4521579923064,0.95,-92.09973400964473,0.0,0.0,0.0
46,capped,node-004,0.0,0.0,0.0,8769.428962431512,319.4521579923064,0.95,-76.26014015314762,0.0,0.0,0.0
46,capped,node-005,29.767063220272135,0.0,0.0,8769.428962431512,319.4521579923064,0.95,-90.10108940335215,0.0,0.0,0.12209874688773135
46,capped,node-006,41.122994817322294,0.0,0.0,8769.428962431512,319.4521579923064,0.95,-96.87213163072589,0.0,0.0,0.1686785860704676
46,capped,node-007,0.0,0.0,0.0,8769.428962431512,319.4521579923064,0.95,0.0,0.0,0.0,0.0
46,capped,node-008,0.0,0.0,0.0,8769.428962431512,319.4521579923064,0.95,0.0,0.0,0.0,0.0
46,capped,node-009,156.03725877532742,0.0,0.0,8769.428962431512,319.4521579923064,0.95,-52.40012627310193,0.0,0.0,0.6400347129739447
46,capped,node-010,0.0,0.0,0.0,8769.428962431512,319.4521579923064,0.95,0.0,0.0,0.0,0.0
46,capped,node-011,0.0,0.0,0.0,8769.428962431512,319.4521579923064,0.95,-114.00695452296718,0.0,0.0,0.0
46,capped,node-012,9.711161331698705,0.0,0.0,8769.428962431512,319.4521579923064,0.95,-64.57315722181266,0.0,0.0,0.039833309072206294
46,capped,node-013,0.0,0.0,0.0,8769.428962431512,319.4521579923064,0.95,0.0,0.0,0.0,0.0
46,capped,node-014,208.12465616512821,0.0,0.0,8769.428962431512,319.4521579923064,0.95,-44.28076969800557,2.7161058552444057,0.0,0.8536871617518536
46,capped,node-015,0.0,0.0,0.0,8769.428962431512,319.4521579923064,0.95,0.0,0.0,0.0,0.0
46,capped,node-016,29.104663317765073,0.0,0.0,8769.428962431512,319.4521579923064,0.95,-91.99816237056967,0.0,0.0,0.11938171036195183
46,capped,node-017,0.0,0.0,0.0,8769.428962431512,319.4521579923064,0.95,-72.81923931086499,0.0,0.0,0.0
46,capped,node-018,0.0,0.0,0.0,8769.428962431512,319.4521579923064,0.95,-51.53640135560218,0.0,0.0,0.0
46,capped,node-019,0.0,0.0,0.0,8769.428962431512,319.4521579923064,0.95,0.0,0.0,0.0,0.0
46,capped,node-020,7.458331383705712,0.0,0.0,8769.428962431512,319.4521579923064,0.95,-111.85779512535056,0.0,0.0,0.030592635527569575
46,capped,node-021,0.0,0.0,0.0,8769.428962431512,319.4521579923064,0.95,-97.52029408872211,0.0,0.0,0.0
46,capped,node-022,0.0,0.0,0.0,8769.428962431512,319.4521579923064,0.95,0.0,0.0,0.0,0.0
46,capped,node-023,209.10832522033144,12.874015057107844,38.62204517132354,8769.428962431512,319.4521579923064,0.95,-40.62180759178776,-3.8622045171323514,-12.874015057107844,0.8577219823219512
46,capped,node-024,35.65325125374126,0.0,0.0,8769.428962431512,319.4521579923064,0.95,-92.48884892213808,0.0,0.0,0.14624275389016517
46,capped,node-025,123.03471205682605,93.61003760699431,280.8301128209829,8769.428962431512,319.4521579923064,0.95,-140.41505641049145,-28.083011282098298,-93.61003760699431,0.5046646373768133
46,capped,node-026,66.09295657139091,0.0,0.0,8769.428962431512,319.4521579923064,0.95,-81.88798604600103,0.0,0.0,0.2711005488098098
46,capped,node-027,17.614266476384508,0.0,0.0,8769.428962431512,319.4521579923064,0.95,-89.50037149298586,0.0,0.0,0.07225032070508237
46,capped,node-028,89.87696168829328,0.0,0.0,8769.428962431512,319.4521579923064,0.95,-66.66117253717024,0.0,0.0,0.3686579463688499
46,capped,node-029,124.7716779817773,0.0,0.0,8769.428962431512,319.4521579923064,0.95,-42.41634296457264,0.0,0.0,0.5117893362849274
46,proper_scoring,node-000,89.872063865039,0.0,0.0,8769.428962431512,1247.4543559504073,0.95,-210.127936134961,0.0,391.3197958448111,0.3686378564433709
46,proper_scoring,node-001,391.76224750786236,0.0,0.0,8769.428962431512,1247.4543559504073,0.95,-408.21557239844185,0.0,0.0,1.6069331107562967
46,proper_scoring,node-002,0.0,0.0,0.0,8769.428962431512,1247.4543559504073,0.95,0.0,0.0,0.0,0.0
46,proper_scoring,node-003,314.0885532926577,0.0,0.0,8769.428962431512,1247.4543559504073,0.95,-358.22455575517614,0.0,0.0,1.2883306117580562
46,proper_scoring,node-004,29.29946500980772,0.0,0.0,8769.428962431512,1247.4543559504073,0.95,-270.7005349901923,0.0,0.0,0.12018074929683133
46,proper_scoring,node-005,252.60718332784947,0.0,0.0,8769.428962431512,1247.4543559504073,0.95,-360.4043576134086,0.0,0.0,1.0361459009555554
46,proper_scoring,node-006,761.8578684618901,0.0,0.0,8769.428962431512,1247.4543559504073,0.95,-379.16585977910415,0.0,0.0,3.1249939020657087
46,proper_scoring,node-007,0.0,0.0,0.0,8769.428962431512,1247.4543559504073,0.95,0.0,0.0,0.0,0.0
46,proper_scoring,node-008,0.0,0.0,0.0,8769.428962431512,1247.4543559504073,0.95,0.0,0.0,0.0,0.0
46,proper_scoring,node-009,527.149045815904,0.0,0.0,8769.428962431512,1247.4543559504073,0.95,-209.6005050924078,0.0,0.0,2.1622636214025794
46,proper_scoring,node-010,0.0,0.0,0.0,8769.428962431512,1247.4543559504073,0.95,0.0,0.0,0.0,0.0
46,proper_scoring,node-011,385.99304547703287,0.0,0.0,8769.428962431512,1247.4543559504073,0.95,-421.6654685212759,0.0,0.0,1.5832689577528956
46,proper_scoring,node-012,135.42684277818736,0.0,0.0,8769.428962431512,1247.4543559504073,0.95,-250.02566089705832,0.0,0.0,0.5554947653323564
46,proper_scoring,node-013,0.0,0.0,0.0,8769.428962431512,1247.4543559504073,0.95,0.0,0.0,0.0,0.0
46,proper_scoring,node-014,708.1246561651283,0.0,0.0,8769.428962431512,1247.4543559504073,0.95,-177.1230787920223,52.04645012862554,0.0,2.904590638259052
46,proper_scoring,node-015,0.0,0.0,0.0,8769.428962431512,1247.4543559504073,0.95,0.0,0.0,0.0,0.0
46,proper_scoring,node-016,321.37743965096786,0.0,0.0,8769.428962431512,1247.4543559504073,0.95,-367.9926494822787,0.0,0.0,1.3182282165023047
46,proper_scoring,node-017,77.18076068913501,0.0,0.0,8769.428962431512,1247.4543559504073,0.95,-222.819239310865,0.0,0.0,0.3165805808336342
46,proper_scoring,node-018,48.46359864439782,0.0,0.0,8769.428962431512,1247.4543559504073,0.95,-151.53640135560218,0.0,0.0,0.19878832588769008
46,proper_scoring,node-019,0.0,0.0,0.0,8769.428962431512,1247.4543559504073,0.95,0.0,0.0,0.0,0.0
46,proper_scoring,node-020,627.753896247465,0.0,0.0,8769.428962431512,1247.4543559504073,0.95,-419.5130483464007,0.0,0.0,2.5749252964097304
46,proper_scoring,node-021,270.27945495888616,0.0,0.0,8769.428962431512,1247.4543559504073,0.95,-379.76603347083056,0.0,0.0,1.1086341476073007
46,proper_scoring,node-022,0.0,0.0,0.0,8769.428962431512,1247.4543559504073,0.95,0.0,0.0,0.0,0.0
46,proper_scoring,node-023,722.3932685602647,442.16816814060184,467.9161982548175,8769.428962431512,1247.4543559504073,0.95,-553.1593382793214,-3.4911593383038166,-442.16816814060184,2.9631177317912902
46,proper_scoring,node-024,323.81448082148705,0.0,0.0,8769.428962431512,1247.4543559504073,0.95,-356.4083564445857,0.0,0.0,1.3282244889203225
46,proper_scoring,node-025,71.49948333063867,592.3180824816014,779.53815769559,8769.428962431512,1247.4543559504073,0.95,-779.53815769559,-28.083011282098255,-592.3180824816014,0.29327707786255064
46,proper_scoring,node-026,368.112013953999,0.0,0.0,8769.428962431512,1247.4543559504073,0.95,-327.5519441840041,0.0,0.0,1.5099244183246456
46,proper_scoring,node-027,81.2114342264567,0.0,0.0,8769.428962431512,1247.4543559504073,0.95,-349.9711056687935,0.0,0.0,0.3331136255743515
46,proper_scoring,node-028,433.3388274628298,0.0,0.0,8769.428962431512,1247.4543559504073,0.95,-266.6446901486809,0.0,0.0,1.7774722154981413
46,proper_scoring,node-029,304.79421554247875,0.0,0.0,8769.428962431512,1247.4543559504073,0.95,-169.66537185829057,0.0,0.0,1.250207032550708
46,audits,node-000,89.872063865039,0.0,0.0,8769.428962431512,1226.7600782693526,0.95,-210.127936134961,0.0,391.3197958448111,0.3686378564433709
46,audits,node-001,391.76224750786236,0.0,0.0,8769.428962431512,1226.7600782693526,0.95,-608.2377524921377,0.0,0.0,1.6069331107562967
46,audits,node-002,0.0,0.0,0.0,8769.428962431512,1226.7600782693526,0.95,0.0,0.0,0.0,0.0
46,audits,node-003,312.0387503112358,0.0,0.0,8769.428962431512,1226.7600782693526,0.95,-545.7702145653175,0.0,0.0,1.2799227156365502
46,audits,node-004,23.739859846852383,0.0,0.0,8769.428962431512,1226.7600782693526,0.95,-276.26014015314763,0.0,0.0,0.09737632218340639
46,audits,node-005,209.89891059664785,0.0,0.0,8769.428962431512,1226.7600782693526,0.95,-590.1010894033521,0.0,0.0,0.8609648109154774
46,audits,node-006,703.1278683692741,0.0,0.0,8769.428962431512,1226.7600782693526,0.95,-1096.872131630726,0.0,0.0,2.88409477933528
46,audits,node-007,0.0,0.0,0.0,8769.428962431512,1226.7600782693526,0.95,0.0,0.0,0.0,0.0
46,audits,node-008,0.0,0.0,0.0,8769.428962431512,1226.7600782693526,0.95,0.0,0.0,0.0,0.0
46,audits,node-009,506.0372587753275,0.0,0.0,8769.428962431512,1226.7600782693526,0.95,-652.4001262731019,0.0,0.0,2.0756671465289838
46,audits,node-010,0.0,0.0,0.0,8769.428962431512,1226.7600782693526,0.95,0.0,0.0,0.0,0.0
46,audits,node-011,385.99304547703287,0.0,0.0,8769.428962431512,1226.7600782693526,0.95,-614.0069545229671,0.0,0.0,1.5832689577528956
46,audits,node-012,135.42684277818736,0.0,0.0,8769.428962431512,1226.7600782693526,0.95,-264.5731572218126,0.0,0.0,0.5554947653323564
46,audits,node-013,0.0,0.0,0.0,8769.428962431512,1226.7600782693526,0.95,0.0,0.0,0.0,0.0
46,audits,node-014,708.1246561651283,0.0,0.0,8769.428962431512,1226.7600782693526,0.95,-644.2807696980055,52.04645012862554,0.0,2.904590638259052
46,audits,node-015,0.0,0.0,0.0,8769.428962431512,1226.7600782693526,0.95,0.0,0.0,0.0,0.0
46,audits,node-016,308.0018376294304,0.0,0.0,8769.428962431512,1226.7600782693526,0.95,-591.9981623705697,0.0,0.0,1.2633640791296088
46,audits,node-017,77.18076068913501,0.0,0.0,8769.428962431512,1226.7600782693526,0.95,-222.819239310865,0.0,0.0,0.3165805808336342
46,audits,node-018,48.46359864439782,0.0,0.0,8769.428962431512,1226.7600782693526,0.95,-151.53640135560218,0.0,0.0,0.19878832588769008
46,audits,node-019,0.0,0.0,0.0,8769.428962431512,1226.7600782693526,0.95,0.0,0.0,0.0,0.0
46,audits,node-020,538.1422048746493,0.0,0.0,8769.428962431512,1226.7600782693526,0.95,-1061.8577951253505,0.0,0.0,2.2073554376653344
46,audits,node-021,254.93992900468896,0.0,0.0,8769.428962431512,1226.7600782693526,0.95,-524.1483837580254,0.0,0.0,1.04571437339243
46,audits,node-022,0.0,0.0,0.0,8769.428962431512,1226.7600782693526,0.95,0.0,0.0,0.0,0.0
46,audits,node-023,700.5084498178924,421.473890459547,447.22192057376265,8769.428962431512,1226.7600782693526,0.95,-1449.221682994227,-3.8622045171324544,-421.473890459547,2.8733504301083674
46,audits,node-024,285.65325125374125,0.0,0.0,8769.428962431512,1226.7600782693526,0.95,-592.488848922138,0.0,0.0,1.1716944921437642
46,audits,node-025,71.49948333063867,592.3180824816014,779.53815769559,8769.428962431512,1226.7600782693526,0.95,-1139.1231012850985,-28.083011282098255,-592.3180824816014,0.29327707786255064
46,audits,node-026,368.112013953999,0.0,0.0,8769.428962431512,1226.7600782693526,0.95,-531.8879860460012,0.0,0.0,1.5099244183246456
46,audits,node-027,60.49962850701412,0.0,0.0,8769.428962431512,1226.7600782693526,0.95,-439.50037149298583,0.0,0.0,0.24815779686485853
46,audits,node-028,433.3388274628298,0.0,0.0,8769.428962431512,1226.7600782693526,0.95,-566.6611725371702,0.0,0.0,1.7774722154981413
46,audits,node-029,227.6447184639638,0.0,0.0,8769.428962431512,1226.7600782693526,0.95,-542.4163429645727,0.0,0.0,0.9337546890124916
45,greedy,node-000,27.637839366615246,36.850452488820345,110.55135746646101,6500.00238413442,167.7972220825837,0.8,-66.85196763619847,-7.7670430835747055,-36.850452488820345,0.11336508168027742
45,greedy,node-001,0.0,0.0,0.0,6500.00238413442,167.7972220825837,0.8,0.0,0.0,-30.001515147378118,0.0
45,greedy,node-002,0.0,0.0,0.0,6500.00238413442,167.7972220825837,0.8,0.0,0.0,-30.001515147378118,0.0
45,greedy,node-003,0.0,0.0,0.0,6500.00238413442,167.7972220825837,0.8,0.0,0.0,-30.001515147378118,0.0
45,greedy,node-004,0.0,0.0,0.0,6500.00238413442,167.7972220825837,0.8,0.0,0.0,-30.001515147378118,0.0
45,greedy,node-005,0.0,0.0,0.0,6500.00238413442,167.7972220825837,0.8,0.0,0.0,-30.001515147378118,0.0
45,greedy,node-006,0.0,0.0,0.0,6500.00238413442,167.7972220825837,0.8,0.0,0.0,-30.001515147378118,0.0
45,greedy,node-007,0.0,0.0,0.0,6500.00238413442,167.7972220825837,0.8,0.0,0.0,-30.001515147378118,0.0
45,greedy,node-008,0.0,0.0,0.0,6500.00238413442,167.7972220825837,0.8,0.0,0.0,-30.001515147378118,0.0
45,greedy,node-009,0.0,0.0,0.0,6500.00238413442,167.7972220825837,0.8,0.0,0.0,-30.001515147378118,0.0
45,greedy,node-010,0.0,0.0,0.0,6500.00238413442,167.7972220825837,0.8,0.0,0.0,-30.001515147378118,0.0
45,greedy,node-011,0.0,0.0,0.0,6500.00238413442,167.7972220825837,0.8,0.0,0.0,-30.001515147378118,0.0
45,greedy,node-012,0.0,0.0,0.0,6500.00238413442,167.7972220825837,0.8,0.0,0.0,-30.001515147378118,0.0
45,greedy,node-013,0.0,0.0,0.0,6500.00238413442,167.7972220825837,0.8,-15.769426863762696,0.0,-30.001515147378118,0.0
45,greedy,node-014,0.0,0.0,0.0,6500.00238413442,167.7972220825837,0.8,0.0,0.0,-30.001515147378118,0.0
45,greedy,node-015,0.0,0.0,0.0,6500.00238413442,167.7972220825837,0.8,-42.306699801366676,0.0,-30.001515147378118,0.0
45,greedy,node-016,0.0,19.081954872040882,57.24586461612265,6500.00238413442,167.7972220825837,0.8,-36.35320052609158,-5.724586461612262,-49.083470019418996,0.0
45,greedy,node-017,0.0,0.0,0.0,6500.00238413442,167.7972220825837,0.8,0.0,0.0,-30.001515147378118,0.0
45,greedy,node-018,0.0,0.0,0.0,6500.00238413442,167.7972220825837,0.8,0.0,0.0,-30.001515147378118,0.0
45,greedy,node-019,0.0,0.0,0.0,6500.00238413442,167.7972220825837,0.8,-8.07306290232215,0.0,-30.001515147378118,0.0
45,greedy,node-020,0.0,0.0,0.0,6500.00238413442,167.7972220825837,0.8,0.0,0.0,-30.001515147378118,0.0
45,greedy,node-021,0.0,0.0,0.0,6500.00238413442,167.7972220825837,0.8,0.0,0.0,-30.001515147378118,0.0
45,greedy,node-022,0.0,0.0,0.0,6500.00238413442,167.7972220825837,0.8,0.0,0.0,-30.001515147378118,0.0
45,greedy,node-023,0.0,0.0,0.0,6500.00238413442,167.7972220825837,0.8,0.0,0.0,-30.001515147378118,0.0
45,greedy,node-024,0.0,0.0,0.0,6500.00238413442,167.7972220825837,0.8,0.0,0.0,-30.001515147378118,0.0
45,greedy,node-025,0.0,0.0,0.0,6500.00238413442,167.7972220825837,0.8,0.0,0.0,-30.001515147378118,0.0
45,greedy,node-026,0.0,0.0,0.0,6500.00238413442,167.7972220825837,0.8,0.0,0.0,-30.001515147378118,0.0
45,greedy,node-027,0.0,0.0,0.0,6500.00238413442,167.7972220825837,0.8,0.0,0.0,-30.001515147378118,0.0
45,greedy,node-028,0.0,0.0,0.0,6500.00238413442,167.7972220825837,0.8,0.0,0.0,-30.001515147378118,0.0
45,greedy,node-029,0.0,0.0,0.0,6500.00238413442,167.7972220825837,0.8,0.0,0.0,-30.001515147378118,0.0
45,trust_vcg,node-000,0.0,0.0,0.0,8263.386795801101,36.12151209189678,0.9,-9814.399528373415,0.0,0.0,0.0
45,trust_vcg,node-001,0.0,0.0,0.0,8263.386795801101,36.12151209189678,0.9,0.0,0.0,0.0,0.0
45,trust_vcg,node-002,56.69195638657496,0.0,0.0,8263.386795801101,36.12151209189678,0.9,-2240.417417184421,0.0,0.0,0.2325394608864421
45,trust_vcg,node-003,0.0,0.0,0.0,8263.386795801101,36.12151209189678,0.9,0.0,0.0,0.0,0.0
45,trust_vcg,node-004,0.0,0.0,0.0,8263.386795801101,36.12151209189678,0.9,-5558.132420685248,0.0,0.0,0.0
45,trust_vcg,node-005,0.0,0.0,0.0,8263.386795801101,36.12151209189678,0.9,-2258.019209812022,0.0,0.0,0.0
45,trust_vcg,node-006,0.0,0.0,0.0,8263.386795801101,36.12151209189678,0.9,0.0,0.0,0.0,0.0
45,trust_vcg,node-007,0.0,0.0,0.0,8263.386795801101,36.12151209189678,0.9,-7774.76107948591,0.0,0.0,0.0
45,trust_vcg,node-008,0.0,0.0,0.0,8263.386795801101,36.12151209189678,0.9,0.0,0.0,0.0,0.0
45,trust_vcg,node-009,0.0,0.0,0.0,8263.386795801101,36.12151209189678,0.9,0.0,0.0,0.0,0.0
45,trust_vcg,node-010,26.273726361011427,0.0,0.0,8263.386795801101,36.12151209189678,0.9,-573.7262736389886,0.0,0.0,0.10776975346919432
45,trust_vcg,node-011,0.0,0.0,0.0,8263.386795801101,36.12151209189678,0.9,0.0,0.0,0.0,0.0
45,trust_vcg,node-012,27.328818781725303,0.0,0.0,8263.386795801101,36.12151209189678,0.9,-572.6711812182747,0.0,0.0,0.11209753889655129
45,trust_vcg,node-013,207.86469212658696,0.0,0.0,8263.386795801101,36.12151209189678,0.9,-10552.09434335037,0.0,0.0,0.8526208394510313
45,trust_vcg,node-014,25.179586092982817,0.0,0.0,8263.386795801101,36.12151209189678,0.9,-574.8204139070172,0.0,0.0,0.10328180131022152
45,trust_vcg,node-015,160.08057792827884,-37.66535090216833,73.5422626108869,8263.386795801101,36.12151209189678,0.9,-6593.798973459326,-16.68114202695829,37.66535090216833,0.6566196275887771
45,trust_vcg,node-016,347.9357105073009,-75.58466026307175,-37.42075051899001,8263.386795801101,36.12151209189678,0.9,-10998.421291619074,-5.724586461612262,510.18950693744193,1.427165116560851
45,trust_vcg,node-017,0.0,0.0,0.0,8263.386795801101,36.12151209189678,0.9,0.0,0.0,0.0,0.0
45,trust_vcg,node-018,0.0,0.0,0.0,8263.386795801101,36.12151209189678,0.9,0.0,0.0,0.0,0.0
45,trust_vcg,node-019,0.0,0.0,0.0,8263.386795801101,36.12151209189678,0.9,-10997.8569244101,0.0,0.0,0.0
45,trust_vcg,node-020,0.0,0.0,0.0,8263.386795801101,36.12151209189678,0.9,-3373.3086589375744,0.0,0.0,0.0
45,trust_vcg,node-021,0.0,0.0,0.0,8263.386795801101,36.12151209189678,0.9,0.0,0.0,0.0,0.0
45,trust_vcg,node-022,238.1967123655927,0.0,0.0,8263.386795801101,36.12151209189678,0.9,-3361.8032876344073,0.0,0.0,0.9770369309663585
45,trust_vcg,node-023,0.0,0.0,0.0,8263.386795801101,36.12151209189678,0.9,0.0,0.0,0.0,0.0
45,trust_vcg,node-024,0.0,0.0,0.0,8263.386795801101,36.12151209189678,0.9,0.0,0.0,0.0,0.0
45,trust_vcg,node-025,33.660533557272856,0.0,0.0,8263.386795801101,36.12151209189678,0.9,-10534.011876485454,0.0,0.0,0.13806901058739623
45,trust_vcg,node-026,0.0,0.0,0.0,8263.386795801101,36.12151209189678,0.9,0.0,0.0,0.0,0.0
45,trust_vcg,node-027,0.0,0.0,0.0,8263.386795801101,36.12151209189678,0.9,0.0,0.0,0.0,0.0
45,trust_vcg,node-028,0.0,0.0,0.0,8263.386795801101,36.12151209189678,0.9,-5594.0550879453085,0.0,0.0,0.0
45,trust_vcg,node-029,26.02856440566333,0.0,0.0,8263.386795801101,36.12151209189678,0.9,-573.9714355943366,0.0,0.0,0.10676414645613289
45,contingent,node-000,43.91777114263289,0.0,0.0,8263.386795801101,203.56935248872736,0.9,-110.87102910450938,0.0,0.0,0.1801422190337466
45,contingent,node-001,0.0,0.0,0.0,8263.386795801101,203.56935248872736,0.9,0.0,0.0,0.0,0.0
45,contingent,node-002,6.6970249899533485,0.0,0.0,8263.386795801101,203.56935248872736,0.9,-184.3706909574875,0.0,0.0,0.027469903668301814
45,contingent,node-003,0.0,0.0,0.0,8263.386795801101,203.56935248872736,0.9,0.0,0.0,0.0,0.0
45,contingent,node-004,0.0,0.0,0.0,8263.386795801101,203.56935248872736,0.9,-232.5296827409861,0.0,0.0,0.0
45,contingent,node-005,0.0,0.0,0.0,8263.386795801101,203.56935248872736,0.9,-232.07683924808745,0.0,0.0,0.0
45,contingent,node-006,0.0,0.0,0.0,8263.386795801101,203.56935248872736,0.9,0.0,0.0,0.0,0.0
45,contingent,node-007,0.0,0.0,0.0,8263.386795801101,203.56935248872736,0.9,-299.04431794363813,0.0,0.0,0.0
45,contingent,node-008,0.0,0.0,0.0,8263.386795801101,203.56935248872736,0.9,0.0,0.0,0.0,0.0
45,contingent,node-009,0.0,0.0,0.0,8263.386795801101,203.56935248872736,0.9,0.0,0.0,0.0,0.0
45,contingent,node-010,0.0,0.0,0.0,8263.386795801101,203.56935248872736,0.9,-94.9050945559543,0.0,0.0,0.0
45,contingent,node-011,0.0,0.0,0.0,8263.386795801101,203.56935248872736,0.9,0.0,0.0,0.0,0.0
45,contingent,node-012,0.0,0.0,0.0,8263.386795801101,203.56935248872736,0.9,-90.6847248730988,0.0,0.0,0.0
45,contingent,node-013,7.864692126586974,0.0,0.0,8263.386795801101,203.56935248872736,0.9,-408.37737340148897,0.0,0.0,0.03225944884815203
45,contingent,node-014,0.0,0.0,0.0,8263.386795801101,203.56935248872736,0.9,-99.28165562806873,0.0,0.0,0.0
45,contingent,node-015,152.32960573299954,41.12199221994432,152.32960573299957,8263.386795801101,203.56935248872736,0.9,-166.97928966591815,-15.232960573299955,-41.12199221994432,0.6248266359455592
45,contingent,node-016,44.88066985674646,13.075837011646023,51.239746755727786,8263.386795801101,203.56935248872736,0.9,-309.0996445402272,-5.123974675572777,-24.65212591461397,0.18409184367434628
45,contingent,node-017,0.0,0.0,0.0,8263.386795801101,203.56935248872736,0.9,0.0,0.0,0.0,0.0
45,contingent,node-018,0.0,0.0,0.0,8263.386795801101,203.56935248872736,0.9,0.0,0.0,0.0,0.0
45,contingent,node-019,0.0,0.0,0.0,8263.386795801101,203.56935248872736,0.9,-302.32776312806845,0.0,0.0,0.0
45,contingent,node-020,0.0,0.0,0.0,8263.386795801101,203.56935248872736,0.9,-293.2346357502969,0.0,0.0,0.0
45,contingent,node-021,0.0,0.0,0.0,8263.386795801101,203.56935248872736,0.9,0.0,0.0,0.0,0.0
45,contingent,node-022,18.084160301489725,0.0,0.0,8263.386795801101,203.56935248872736,0.9,-247.2131505376292,0.0,0.0,0.07417773446407748
45,contingent,node-023,0.0,0.0,0.0,8263.386795801101,203.56935248872736,0.9,0.0,0.0,0.0,0.0
45,contingent,node-024,0.0,0.0,0.0,8263.386795801101,203.56935248872736,0.9,0.0,0.0,0.0,0.0
45,contingent,node-025,18.820969771495005,0.0,0.0,8263.386795801101,203.56935248872736,0.9,-336.0475059418101,0.0,0.0,0.07719998467119199
45,contingent,node-026,0.0,0.0,0.0,8263.386795801101,203.56935248872736,0.9,0.0,0.0,0.0,0.0
45,contingent,node-027,0.0,0.0,0.0,8263.386795801101,203.56935248872736,0.9,0.0,0.0,0.0,0.0
45,contingent,node-028,0.0,0.0,0.0,8263.386795801101,203.56935248872736,0.9,-376.2203517812331,0.0,0.0,0.0
45,contingent,node-029,0.0,0.0,0.0,8263.386795801101,203.56935248872736,0.9,-95.88574237734665,0.0,0.0,0.0
45,capped,node-000,92.12613122205086,0.0,0.0,8263.386795801101,224.0572848857055,0.9,-27.717757276127344,0.0,0.0,0.37788360560092493
45,capped,node-001,0.0,0.0,0.0,8263.386795801101,224.0572848857055,0.9,0.0,0.0,0.0,0.0
45,capped,node-002,6.6970249899533485,0.0,0.0,8263.386795801101,224.0572848857055,0.9,-46.092672739371885,0.0,0.0,0.027469903668301814
45,capped,node-003,0.0,0.0,0.0,8263.386795801101,224.0572848857055,0.9,0.0,0.0,0.0,0.0
45,capped,node-004,67.151429668011,0.0,0.0,8263.386795801101,224.0572848857055,0.9,-58.13242068524652,0.0,0.0,0.27544220111710477
45,capped,node-005,0.0,0.0,0.0,8263.386795801101,224.0572848857055,0.9,-58.01920981202186,0.0,0.0,0.0
45,capped,node-006,0.0,0.0,0.0,8263.386795801101,224.0572848857055,0.9,0.0,0.0,0.0,0.0
45,capped,node-007,32.268352343041656,0.0,0.0,8263.386795801101,224.0572848857055,0.9,-74.76107948590953,0.0,0.0,0.13235855200300667
45,capped,node-008,0.0,0.0,0.0,8263.386795801101,224.0572848857055,0.9,0.0,0.0,0.0,0.0
45,capped,node-009,0.0,0.0,0.0,8263.386795801101,224.0572848857055,0.9,0.0,0.0,0.0,0.0
45,capped,node-010,0.0,0.0,0.0,8263.386795801101,224.0572848857055,0.9,-23.726273638988573,0.0,0.0,0.0
45,capped,node-011,0.0,0.0,0.0,8263.386795801101,224.0572848857055,0.9,0.0,0.0,0.0,0.0
45,capped,node-012,0.0,0.0,0.0,8263.386795801101,224.0572848857055,0.9,-22.671181218274697,0.0,0.0,0.0
45,capped,node-013,7.864692126586974,0.0,0.0,8263.386795801101,224.0572848857055,0.9,-102.09434335037227,0.0,0.0,0.03225944884815203
45,capped,node-014,0.0,0.0,0.0,8263.386795801101,224.0572848857055,0.9,-24.820413907017183,0.0,0.0,0.0
45,capped,node-015,166.81142026958287,55.603806756527625,166.81142026958287,8263.386795801101,224.0572848857055,0.9,-87.06813111802109,-16.681142026958284,-55.603806756527625,0.6842282435039817
45,capped,node-016,50.88678771714132,19.081954872040882,57.24586461612265,8263.386795801101,224.0572848857055,0.9,-93.08790675418618,-5.724586461612262,-30.658243775008827,0.20872777967473785
45,capped,node-017,0.0,0.0,0.0,8263.386795801101,224.0572848857055,0.9,0.0,0.0,0.0,0.0
45,capped,node-018,0.0,0.0,0.0,8263.386795801101,224.0572848857055,0.9,0.0,0.0,0.0,0.0
45,capped,node-019,27.94974745594,0.0,0.0,8263.386795801101,224.0572848857055,0.9,-75.58194078201711,0.0,0.0,0.11464446844977114
45,capped,node-020,0.0,0.0,0.0,8263.386795801101,224.0572848857055,0.9,-73.30865893757425,0.0,0.0,0.0
45,capped,node-021,0.0,0.0,0.0,8263.386795801101,224.0572848857055,0.9,0.0,0.0,0.0,0.0
45,capped,node-022,18.084160301489725,0.0,0.0,8263.386795801101,224.0572848857055,0.9,-61.8032876344073,0.0,0.0,0.07417773446407748
45,capped,node-023,0.0,0.0,0.0,8263.386795801101,224.0572848857055,0.9,0.0,0.0,0.0,0.0
45,capped,node-024,0.0,0.0,0.0,8263.386795801101,224.0572848857055,0.9,0.0,0.0,0.0,0.0
45,capped,node-025,33.6605335572728,0.0,0.0,8263.386795801101,224.0572848857055,0.9,-84.01187648545252,0.0,0.0,0.13806901058739598
45,capped,node-026,0.0,0.0,0.0,8263.386795801101,224.0572848857055,0.9,0.0,0.0,0.0,0.0
45,capped,node-027,0.0,0.0,0.0,8263.386795801101,224.0572848857055,0.9,0.0,0.0,0.0,0.0
45,capped,node-028,0.0,0.0,0.0,8263.386795801101,224.0572848857055,0.9,-94.05508794530826,0.0,0.0,0.0
45,capped,node-029,0.0,0.0,0.0,8263.386795801101,224.0572848857055,0.9,-23.97143559433667,0.0,0.0,0.0
45,proper_scoring,node-000,704.6778517388939,0.0,0.0,8263.386795801101,1076.422662613905,0.9,-110.87102910450938,0.0,0.0,2.890452511897843
45,proper_scoring,node-001,0.0,0.0,0.0,8263.386795801101,1076.422662613905,0.9,0.0,0.0,0.0,0.0
45,proper_scoring,node-002,68.47230515374193,0.0,0.0,8263.386795801101,1076.422662613905,0.9,-184.3706909574875,0.0,0.0,0.28086017736854213
45,proper_scoring,node-003,0.0,0.0,0.0,8263.386795801101,1076.422662613905,0.9,0.0,0.0,0.0,0.0
45,proper_scoring,node-004,296.746151630711,0.0,0.0,8263.386795801101,1076.422662613905,0.9,-232.5296827409861,0.0,0.0,1.2171954280391148
45,proper_scoring,node-005,0.0,0.0,0.0,8263.386795801101,1076.422662613905,0.9,-227.8084318061241,0.0,0.0,0.0
45,proper_scoring,node-006,0.0,0.0,0.0,8263.386795801101,1076.422662613905,0.9,0.0,0.0,0.0,0.0
45,proper_scoring,node-007,426.0454331831695,0.0,0.0,8263.386795801101,1076.422662613905,0.9,-299.04431794363813,0.0,0.0,1.7475561201307552
45,proper_scoring,node-008,0.0,0.0,0.0,8263.386795801101,1076.422662613905,0.9,0.0,0.0,0.0,0.0
45,proper_scoring,node-009,0.0,0.0,0.0,8263.386795801101,1076.422662613905,0.9,0.0,0.0,0.0,0.0
45,proper_scoring,node-010,26.273726361011427,0.0,0.0,8263.386795801101,1076.422662613905,0.9,-73.72627363898857,0.0,0.0,0.10776975346919432
45,proper_scoring,node-011,0.0,0.0,0.0,8263.386795801101,1076.422662613905,0.9,0.0,0.0,0.0,0.0
45,proper_scoring,node-012,27.328818781725303,0.0,0.0,8263.386795801101,1076.422662613905,0.9,-72.6711812182747,0.0,0.0,0.11209753889655129
45,proper_scoring,node-013,725.42959651544,0.0,0.0,8263.386795801101,1076.422662613905,0.9,-393.6418385343963,0.0,0.0,2.9755721629094602
45,proper_scoring,node-014,25.179586092982817,0.0,0.0,8263.386795801101,1076.422662613905,0.9,-74.82041390701718,0.0,0.0,0.10328180131022152
45,proper_scoring,node-015,153.98006895828024,489.47152899466363,600.6791425077189,8263.386795801101,1076.422662613905,0.9,-615.3288264406375,-15.232960573299977,-489.47152899466363,0.6315965174787102
45,proper_scoring,node-016,382.5773229434163,437.57961036210435,475.74352010618617,8263.386795801101,1076.422662613905,0.9,-733.6034178906855,-5.123974675572754,-2.974763687734196,1.569258323314939
45,proper_scoring,node-017,0.0,0.0,0.0,8263.386795801101,1076.422662613905,0.9,0.0,0.0,0.0,0.0
45,proper_scoring,node-018,0.0,0.0,0.0,8263.386795801101,1076.422662613905,0.9,0.0,0.0,0.0,0.0
45,proper_scoring,node-019,551.1917509256182,0.0,0.0,8263.386795801101,1076.422662613905,0.9,-302.32776312806845,0.0,0.0,2.2608821563908803
45,proper_scoring,node-020,69.06650743116529,0.0,0.0,8263.386795801101,1076.422662613905,0.9,-289.4259222636513,0.0,0.0,0.28329748040157426
45,proper_scoring,node-021,0.0,0.0,0.0,8263.386795801101,1076.422662613905,0.9,0.0,0.0,0.0,0.0
45,proper_scoring,node-022,238.1967123655927,0.0,0.0,8263.386795801101,1076.422662613905,0.9,-247.2131505376292,0.0,0.0,0.9770369309663585
45,proper_scoring,node-023,0.0,0.0,0.0,8263.386795801101,1076.422662613905,0.9,0.0,0.0,0.0,0.0
45,proper_scoring,node-024,0.0,0.0,0.0,8263.386795801101,1076.422662613905,0.9,0.0,0.0,0.0,0.0
45,proper_scoring,node-025,748.8109892576549,0.0,0.0,8263.386795801101,1076.422662613905,0.9,-336.0475059418101,0.0,0.0,3.0714781222306375
45,proper_scoring,node-026,0.0,0.0,0.0,8263.386795801101,1076.422662613905,0.9,0.0,0.0,0.0,0.0
45,proper_scoring,node-027,0.0,0.0,0.0,8263.386795801101,1076.422662613905,0.9,0.0,0.0,0.0,0.0
45,proper_scoring,node-028,341.31338714390216,0.0,0.0,8263.386795801101,1076.422662613905,0.9,-366.3749499664867,0.0,0.0,1.4000016245437525
45,proper_scoring,node-029,26.02856440566333,0.0,0.0,8263.386795801101,1076.422662613905,0.9,-73.97143559433667,0.0,0.0,0.10676414645613289
45,audits,node-000,589.6336765824854,0.0,0.0,8263.386795801101,36.12151209189678,0.9,-2814.399528373414,0.0,0.0,2.4185635143374804
45,audits,node-001,0.0,0.0,0.0,8263.386795801101,36.12151209189678,0.9,0.0,0.0,0.0,0.0
45,audits,node-002,56.69195638657496,0.0,0.0,8263.386795801101,36.12151209189678,0.9,-240.41741718442142,0.0,0.0,0.2325394608864421
45,audits,node-003,0.0,0.0,0.0,8263.386795801101,36.12151209189678,0.9,0.0,0.0,0.0,0.0
45,audits,node-004,229.0662103426233,0.0,0.0,8263.386795801101,36.12151209189678,0.9,-1058.1324206852466,0.0,0.0,0.9395853742840306
45,audits,node-005,0.0,0.0,0.0,8263.386795801101,36.12151209189678,0.9,-258.01920981202187,0.0,0.0,0.0
45,audits,node-006,0.0,0.0,0.0,8263.386795801101,36.12151209189678,0.9,0.0,0.0,0.0,0.0
45,audits,node-007,332.2683523430416,0.0,0.0,8263.386795801101,36.12151209189678,0.9,-2274.7610794859097,0.0,0.0,1.3629006379073254
45,audits,node-008,0.0,0.0,0.0,8263.386795801101,36.12151209189678,0.9,0.0,0.0,0.0,0.0
45,audits,node-009,0.0,0.0,0.0,8263.386795801101,36.12151209189678,0.9,0.0,0.0,0.0,0.0
45,audits,node-010,26.273726361011427,0.0,0.0,8263.386795801101,36.12151209189678,0.9,-73.72627363898857,0.0,0.0,0.10776975346919432
45,audits,node-011,0.0,0.0,0.0,8263.386795801101,36.12151209189678,0.9,0.0,0.0,0.0,0.0
45,audits,node-012,27.328818781725303,0.0,0.0,8263.386795801101,36.12151209189678,0.9,-72.6711812182747,0.0,0.0,0.11209753889655129
45,audits,node-013,647.9056566496279,0.0,0.0,8263.386795801101,36.12151209189678,0.9,-3052.094343350372,0.0,0.0,2.657583927342802
45,audits,node-014,25.179586092982817,0.0,0.0,8263.386795801101,36.12151209189678,0.9,-74.82041390701718,0.0,0.0,0.10328180131022152
45,audits,node-015,160.08057792827884,-37.66535090216833,73.5422626108869,8263.386795801101,36.12151209189678,0.9,-1093.7989734593252,-16.68114202695829,37.66535090216833,0.6566196275887771
45,audits,node-016,347.9357105073009,-75.58466026307175,-37.42075051899001,8263.386795801101,36.12151209189678,0.9,-2998.421291619074,-5.724586461612262,510.18950693744193,1.427165116560851
45,audits,node-017,0.0,0.0,0.0,8263.386795801101,36.12151209189678,0.9,0.0,0.0,0.0,0.0
45,audits,node-018,0.0,0.0,0.0,8263.386795801101,36.12151209189678,0.9,0.0,0.0,0.0,0.0
45,audits,node-019,0.0,0.0,0.0,8263.386795801101,36.12151209189678,0.9,-2997.8569244101027,0.0,0.0,0.0
45,audits,node-020,0.0,0.0,0.0,8263.386795801101,36.12151209189678,0.9,-873.3086589375741,0.0,0.0,0.0
45,audits,node-021,0.0,0.0,0.0,8263.386795801101,36.12151209189678,0.9,0.0,0.0,0.0,0.0
45,audits,node-022,238.1967123655927,0.0,0.0,8263.386795801101,36.12151209189678,0.9,-861.8032876344073,0.0,0.0,0.9770369309663585
45,audits,node-023,0.0,0.0,0.0,8263.386795801101,36.12151209189678,0.9,0.0,0.0,0.0,0.0
45,audits,node-024,0.0,0.0,0.0,8263.386795801101,36.12151209189678,0.9,0.0,0.0,0.0,0.0
45,audits,node-025,533.6605335572729,0.0,0.0,8263.386795801101,36.12151209189678,0.9,-3034.0118764854533,0.0,0.0,2.1889724870945946
45,audits,node-026,0.0,0.0,0.0,8263.386795801101,36.12151209189678,0.9,0.0,0.0,0.0,0.0
45,audits,node-027,0.0,0.0,0.0,8263.386795801101,36.12151209189678,0.9,0.0,0.0,0.0,0.0
45,audits,node-028,305.9449120546917,0.0,0.0,8263.386795801101,36.12151209189678,0.9,-1094.0550879453083,0.0,0.0,1.2549269675053125
45,audits,node-029,26.02856440566333,0.0,0.0,8263.386795801101,36.12151209189678,0.9,-73.97143559433667,0.0,0.0,0.10676414645613289
52,greedy,node-000,0.0,0.0,0.0,4993.469845374819,136.17759093842523,0.8,0.0,0.0,-22.6962651564042,0.0
52,greedy,node-001,136.1775909384252,45.39253031280839,136.17759093842523,4993.469845374819,136.17759093842523,0.8,-68.08879546921258,-13.617759093842505,-125.2916506461655,0.5585741893559828
52,greedy,node-002,0.0,0.0,0.0,4993.469845374819,136.17759093842523,0.8,0.0,0.0,0.0,0.0
52,greedy,node-003,0.0,0.0,0.0,4993.469845374819,136.17759093842523,0.8,0.0,0.0,0.0,0.0
52,greedy,node-004,0.0,0.0,0.0,4993.469845374819,136.17759093842523,0.8,0.0,0.0,0.0,0.0
52,greedy,node-005,0.0,0.0,0.0,4993.469845374819,136.17759093842523,0.8,0.0,0.0,0.0,0.0
52,greedy,node-006,0.0,0.0,0.0,4993.469845374819,136.17759093842523,0.8,0.0,0.0,0.0,0.0
52,greedy,node-007,0.0,0.0,0.0,4993.469845374819,136.17759093842523,0.8,0.0,0.0,0.0,0.0
52,greedy,node-008,0.0,0.0,0.0,4993.469845374819,136.17759093842523,0.8,0.0,0.0,0.0,0.0
52,greedy,node-009,0.0,0.0,0.0,4993.469845374819,136.17759093842523,0.8,0.0,0.0,0.0,0.0
52,greedy,node-010,0.0,0.0,0.0,4993.469845374819,136.17759093842523,0.8,0.0,0.0,0.0,0.0
52,greedy,node-011,0.0,0.0,0.0,4993.469845374819,136.17759093842523,0.8,0.0,0.0,0.0,0.0
52,greedy,node-012,0.0,0.0,0.0,4993.469845374819,136.17759093842523,0.8,0.0,0.0,0.0,0.0
52,greedy,node-013,0.0,0.0,0.0,4993.469845374819,136.17759093842523,0.8,0.0,0.0,0.0,0.0
52,greedy,node-014,0.0,0.0,0.0,4993.469845374819,136.17759093842523,0.8,0.0,0.0,0.0,0.0
52,greedy,node-015,0.0,0.0,0.0,4993.469845374819,136.17759093842523,0.8,0.0,0.0,0.0,0.0
52,greedy,node-016,0.0,0.0,0.0,4993.469845374819,136.17759093842523,0.8,0.0,0.0,0.0,0.0
52,greedy,node-017,0.0,0.0,0.0,4993.469845374819,136.17759093842523,0.8,0.0,0.0,0.0,0.0
52,greedy,node-018,0.0,0.0,0.0,4993.469845374819,136.17759093842523,0.8,0.0,0.0,0.0,0.0
52,greedy,node-019,0.0,0.0,0.0,4993.469845374819,136.17759093842523,0.8,0.0,0.0,0.0,0.0
52,greedy,node-020,0.0,0.0,0.0,4993.469845374819,136.17759093842523,0.8,0.0,0.0,0.0,0.0
52,greedy,node-021,0.0,0.0,0.0,4993.469845374819,136.17759093842523,0.8,0.0,0.0,0.0,0.0
52,greedy,node-022,0.0,0.0,0.0,4993.469845374819,136.17759093842523,0.8,0.0,0.0,0.0,0.0
52,greedy,node-023,0.0,0.0,0.0,4993.469845374819,136.17759093842523,0.8,0.0,0.0,0.0,0.0
52,greedy,node-024,0.0,0.0,0.0,4993.469845374819,136.17759093842523,0.8,0.0,0.0,0.0,0.0
52,greedy,node-025,0.0,0.0,0.0,4993.469845374819,136.17759093842523,0.8,0.0,0.0,0.0,0.0
52,greedy,node-026,0.0,0.0,0.0,4993.469845374819,136.17759093842523,0.8,0.0,0.0,0.0,0.0
52,greedy,node-027,0.0,0.0,0.0,4993.469845374819,136.17759093842523,0.8,0.0,0.0,0.0,0.0
52,greedy,node-028,0.0,0.0,0.0,4993.469845374819,136.17759093842523,0.8,0.0,0.0,0.0,0.0
52,greedy,node-029,0.0,0.0,0.0,4993.469845374819,136.17759093842523,0.8,0.0,0.0,0.0,0.0
52,trust_vcg,node-000,0.0,0.0,0.0,8716.082578726999,766.5496840226231,0.95,-3299.1662154905343,0.0,89.60293087628014,0.0
52,trust_vcg,node-001,12.133430510001432,113.86979189628312,146.22560658962047,8716.082578726999,766.5496840226231,0.95,-11136.566057052689,-4.853372204000607,-206.87948073662164,0.04976898962984089
52,trust_vcg,node-002,0.0,0.0,0.0,8716.082578726999,766.5496840226231,0.95,0.0,0.0,0.0,0.0
52,trust_vcg,node-003,0.0,0.0,0.0,8716.082578726999,766.5496840226231,0.95,-5571.931599410749,0.0,0.0,0.0
52,trust_vcg,node-004,0.0,0.0,0.0,8716.082578726999,766.5496840226231,0.95,-5602.423459437867,0.0,0.0,0.0
52,trust_vcg,node-005,109.95661394735761,0.0,0.0,8716.082578726999,766.5496840226231,0.95,-1690.0433860526423,0.0,0.0,0.4510208036191912
52,trust_vcg,node-006,0.0,0.0,0.0,8716.082578726999,766.5496840226231,0.95,0.0,0.0,0.0,0.0
52,trust_vcg,node-007,0.0,0.0,0.0,8716.082578726999,766.5496840226231,0.95,0.0,0.0,0.0,0.0
52,trust_vcg,node-008,0.0,0.0,0.0,8716.082578726999,766.5496840226231,0.95,0.0,0.0,0.0,0.0
52,trust_vcg,node-009,38.3364343955416,0.0,0.0,8716.082578726999,766.5496840226231,0.95,-560.9307669197926,0.0,0.0,0.15724865315741282
52,trust_vcg,node-010,303.46871185590055,0.0,0.0,8716.082578726999,766.5496840226231,0.95,-5580.0456553400645,0.0,0.0,1.2447700723128554
52,trust_vcg,node-011,0.0,0.0,0.0,8716.082578726999,766.5496840226231,0.95,0.0,0.0,0.0,0.0
52,trust_vcg,node-012,110.64288544028454,0.0,0.0,8716.082578726999,766.5496840226231,0.95,-1689.3571145597157,0.0,0.0,0.4538357568005345
52,trust_vcg,node-013,120.08451662468607,0.0,0.0,8716.082578726999,766.5496840226231,0.95,-2279.9154833753137,0.0,0.0,0.49256350524051024
52,trust_vcg,node-014,0.0,0.0,0.0,8716.082578726999,766.5496840226231,0.95,0.0,0.0,0.0,0.0
52,trust_vcg,node-015,0.0,0.0,0.0,8716.082578726999,766.5496840226231,0.95,-3287.7976864982065,0.0,0.0,0.0
52,trust_vcg,node-016,0.0,0.0,0.0,8716.082578726999,766.5496840226231,0.95,0.0,0.0,0.0,0.0
52,trust_vcg,node-017,78.9764823788426,406.73843426542226,620.3240774330028,8716.082578726999,766.5496840226231,0.95,-5983.852904735346,26.611060672909332,-406.73843426542226,0.3239462845461556
52,trust_vcg,node-018,231.45155437007568,0.0,0.0,8716.082578726999,766.5496840226231,0.95,-3968.548445629924,0.0,0.0,0.9493695950011661
52,trust_vcg,node-019,0.0,0.0,0.0,8716.082578726999,766.5496840226231,0.95,-3412.3140249867324,0.0,0.0,0.0
52,trust_vcg,node-020,0.0,0.0,0.0,8716.082578726999,766.5496840226231,0.95,0.0,0.0,0.0,0.0
52,trust_vcg,node-021,0.0,0.0,0.0,8716.082578726999,766.5496840226231,0.95,0.0,0.0,0.0,0.0
52,trust_vcg,node-022,49.71772284516622,0.0,0.0,8716.082578726999,766.5496840226231,0.95,-1150.2822771548338,0.0,0.0,0.2039325012543455
52,trust_vcg,node-023,0.0,0.0,0.0,8716.082578726999,766.5496840226231,0.95,0.0,0.0,0.0,0.0
52,trust_vcg,node-024,185.84075370476606,0.0,0.0,8716.082578726999,766.5496840226231,0.95,-3414.159246295234,0.0,0.0,0.7622828956996454
52,trust_vcg,node-025,0.0,0.0,0.0,8716.082578726999,766.5496840226231,0.95,0.0,0.0,0.0,0.0
52,trust_vcg,node-026,0.0,0.0,0.0,8716.082578726999,766.5496840226231,0.95,0.0,0.0,0.0,0.0
52,trust_vcg,node-027,0.0,0.0,0.0,8716.082578726999,766.5496840226231,0.95,0.0,0.0,0.0,0.0
52,trust_vcg,node-028,0.0,0.0,0.0,8716.082578726999,766.5496840226231,0.95,-3393.982715343227,0.0,0.0,0.0
52,trust_vcg,node-029,0.0,0.0,0.0,8716.082578726999,766.5496840226231,0.95,-3958.44518613925,0.0,0.0,0.0
52,contingent,node-000,0.0,0.0,0.0,8716.082578726999,366.1446646279797,0.95,-191.8260735037511,0.0,-9.472714755032865,0.0
52,contingent,node-001,69.7050594403795,13.410385183271554,45.76619987660884,8716.082578726999,366.1446646279797,0.95,-104.19544580888835,-4.576619987660882,67.89627974710778,0.28591669747283044
52,contingent,node-002,0.0,0.0,0.0,8716.082578726999,366.1446646279797,0.95,0.0,0.0,0.0,0.0
52,contingent,node-003,78.7605052912104,0.0,0.0,8716.082578726999,366.1446646279797,0.95,-287.7263976429912,0.0,0.0,0.323060388226414
52,contingent,node-004,0.0,0.0,0.0,8716.082578726999,366.1446646279797,0.95,-409.693837751465,0.0,0.0,0.0
52,contingent,node-005,0.0,0.0,0.0,8716.082578726999,366.1446646279797,0.95,-160.17354421056956,0.0,0.0,0.0
52,contingent,node-006,0.0,0.0,0.0,8716.082578726999,366.1446646279797,0.95,0.0,0.0,0.0,0.0
52,contingent,node-007,0.0,0.0,0.0,8716.082578726999,366.1446646279797,0.95,0.0,0.0,0.0,0.0
52,contingent,node-008,0.0,0.0,0.0,8716.082578726999,366.1446646279797,0.95,0.0,0.0,0.0,0.0
52,contingent,node-009,0.0,0.0,0.0,8716.082578726999,366.1446646279797,0.95,-46.64889247871109,0.0,0.0,0.0
52,contingent,node-010,53.470084866074984,0.0,0.0,8716.082578726999,366.1446646279797,0.95,-333.4285336853776,0.0,0.0,0.21932396588193623
52,contingent,node-011,0.0,0.0,0.0,8716.082578726999,366.1446646279797,0.95,0.0,0.0,0.0,0.0
52,contingent,node-012,0.0,0.0,0.0,8716.082578726999,366.1446646279797,0.95,-157.42845823886182,0.0,0.0,0.0
52,contingent,node-013,0.0,0.0,0.0,8716.082578726999,366.1446646279797,0.95,-319.66193350125565,0.0,0.0,0.0
52,contingent,node-014,0.0,0.0,0.0,8716.082578726999,366.1446646279797,0.95,0.0,0.0,0.0,0.0
52,contingent,node-015,0.0,0.0,0.0,8716.082578726999,366.1446646279797,0.95,-167.168087743301,0.0,0.0,0.0
52,contingent,node-016,0.0,0.0,0.0,8716.082578726999,366.1446646279797,0.95,0.0,0.0,0.0,0.0
52,contingent,node-017,150.17375904352292,106.79282158379026,320.37846475137076,8716.082578726999,366.1446646279797,0.95,-415.2507034634833,-23.379874774029375,-106.79282158379026,0.6159837690050309
52,contingent,node-018,0.0,0.0,0.0,8716.082578726999,366.1446646279797,0.95,-474.1937825196973,0.0,0.0,0.0
52,contingent,node-019,0.0,0.0,0.0,8716.082578726999,366.1446646279797,0.95,-449.25609994692934,0.0,0.0,0.0
52,contingent,node-020,0.0,0.0,0.0,8716.082578726999,366.1446646279797,0.95,0.0,0.0,0.0,0.0
52,contingent,node-021,0.0,0.0,0.0,8716.082578726999,366.1446646279797,0.95,0.0,0.0,0.0,0.0
52,contingent,node-022,0.0,0.0,0.0,8716.082578726999,366.1446646279797,0.95,-201.12910861933506,0.0,0.0,0.0
52,contingent,node-023,0.0,0.0,0.0,8716.082578726999,366.1446646279797,0.95,0.0,0.0,0.0,0.0
52,contingent,node-024,0.0,0.0,0.0,8716.082578726999,366.1446646279797,0.95,-456.63698518093577,0.0,0.0,0.0
52,contingent,node-025,0.0,0.0,0.0,8716.082578726999,366.1446646279797,0.95,0.0,0.0,0.0,0.0
52,contingent,node-026,0.0,0.0,0.0,8716.082578726999,366.1446646279797,0.95,0.0,0.0,0.0,0.0
52,contingent,node-027,0.0,0.0,0.0,8716.082578726999,366.1446646279797,0.95,0.0,0.0,0.0,0.0
52,contingent,node-028,0.0,0.0,0.0,8716.082578726999,366.1446646279797,0.95,-375.9308613729074,0.0,0.0,0.0
52,contingent,node-029,0.0,0.0,0.0,8716.082578726999,366.1446646279797,0.95,-433.78074455699874,0.0,0.0,0.0
52,capped,node-000,0.0,0.0,0.0,8716.082578726999,368.91218679137677,0.95,-47.956518375937776,0.0,-8.088953673334322,0.0
52,capped,node-001,165.39221390456495,16.177907346668636,48.53372204000592,8716.082578726999,368.91218679137677,0.95,-38.874172503072835,-4.853372204000589,78.96636840069614,0.6784069329681889
52,capped,node-002,0.0,0.0,0.0,8716.082578726999,368.91218679137677,0.95,0.0,0.0,0.0,0.0
52,capped,node-003,114.4882917635005,0.0,0.0,8716.082578726999,368.91218679137677,0.95,-71.9315994107478,0.0,0.0,0.4696088711942672
52,capped,node-004,40.777589065908394,0.0,0.0,8716.082578726999,368.91218679137677,0.95,-102.42345943786626,0.0,0.0,0.16726179835770688
52,capped,node-005,0.0,0.0,0.0,8716.082578726999,368.91218679137677,0.95,-40.04338605264238,0.0,0.0,0.0
52,capped,node-006,0.0,0.0,0.0,8716.082578726999,368.91218679137677,0.95,0.0,0.0,0.0,0.0
52,capped,node-007,0.0,0.0,0.0,8716.082578726999,368.91218679137677,0.95,0.0,0.0,0.0,0.0
52,capped,node-008,0.0,0.0,0.0,8716.082578726999,368.91218679137677,0.95,0.0,0.0,0.0,0.0
52,capped,node-009,0.0,0.0,0.0,8716.082578726999,368.91218679137677,0.95,-11.662223119677776,0.0,0.0,0.0
52,capped,node-010,53.470084866074984,0.0,0.0,8716.082578726999,368.91218679137677,0.95,-83.3571334213444,0.0,0.0,0.21932396588193623
52,capped,node-011,0.0,0.0,0.0,8716.082578726999,368.91218679137677,0.95,0.0,0.0,0.0,0.0
52,capped,node-012,0.0,0.0,0.0,8716.082578726999,368.91218679137677,0.95,-39.35711455971546,0.0,0.0,0.0
52,capped,node-013,0.0,0.0,0.0,8716.082578726999,368.91218679137677,0.95,-79.91548337531393,0.0,0.0,0.0
52,capped,node-014,0.0,0.0,0.0,8716.082578726999,368.91218679137677,0.95,0.0,0.0,0.0,0.0
52,capped,node-015,0.0,0.0,0.0,8716.082578726999,368.91218679137677,0.95,-41.79202193582523,0.0,0.0,0.0
52,capped,node-016,0.0,0.0,0.0,8716.082578726999,368.91218679137677,0.95,0.0,0.0,0.0,0.0
52,capped,node-017,150.17375904352292,106.79282158379026,320.37846475137076,8716.082578726999,368.91218679137677,0.95,-183.90729205371352,-23.379874774029375,-106.79282158379026,0.6159837690050309
52,capped,node-018,0.0,0.0,0.0,8716.082578726999,368.91218679137677,0.95,-118.54844562992432,0.0,0.0,0.0
52,capped,node-019,0.0,0.0,0.0,8716.082578726999,368.91218679137677,0.95,-112.31402498673233,0.0,0.0,0.0
52,capped,node-020,0.0,0.0,0.0,8716.082578726999,368.91218679137677,0.95,0.0,0.0,0.0,0.0
52,capped,node-021,0.0,0.0,0.0,8716.082578726999,368.91218679137677,0.95,0.0,0.0,0.0,0.0
52,capped,node-022,0.0,0.0,0.0,8716.082578726999,368.91218679137677,0.95,-50.28227715483378,0.0,0.0,0.0
52,capped,node-023,0.0,0.0,0.0,8716.082578726999,368.91218679137677,0.95,0.0,0.0,0.0,0.0
52,capped,node-024,0.0,0.0,0.0,8716.082578726999,368.91218679137677,0.95,-114.15924629523394,0.0,0.0,0.0
52,capped,node-025,0.0,0.0,0.0,8716.082578726999,368.91218679137677,0.95,0.0,0.0,0.0,0.0
52,capped,node-026,0.0,0.0,0.0,8716.082578726999,368.91218679137677,0.95,0.0,0.0,0.0,0.0
52,capped,node-027,0.0,0.0,0.0,8716.082578726999,368.91218679137677,0.95,0.0,0.0,0.0,0.0
52,capped,node-028,0.0,0.0,0.0,8716.082578726999,368.91218679137677,0.95,-93.98271534322684,0.0,0.0,0.0
52,capped,node-029,0.0,0.0,0.0,8716.082578726999,368.91218679137677,0.95,-108.44518613924969,0.0,0.0,0.0
52,proper_scoring,node-000,96.87840276812504,0.0,0.0,8716.082578726999,1285.4229504404668,0.95,-191.8260735037511,0.0,609.8599583758224,0.3973765060712245
52,proper_scoring,node-001,250.37238630952425,632.7430583141269,665.098873007464,8716.082578726999,1285.4229504404668,0.95,-723.5281189397436,-4.57661998766082,-217.94956939021,1.0269791950072131
52,proper_scoring,node-002,0.0,0.0,0.0,8716.082578726999,1285.4229504404668,0.95,0.0,0.0,0.0,0.0
52,proper_scoring,node-003,459.16995985115625,0.0,0.0,8716.082578726999,1285.4229504404668,0.95,-287.7263976429912,0.0,0.0,1.883426533932814
52,proper_scoring,node-004,293.52882858734927,0.0,0.0,8716.082578726999,1285.4229504404668,0.95,-404.0466860105801,0.0,0.0,1.2039985900097603
52,proper_scoring,node-005,109.95661394735761,0.0,0.0,8716.082578726999,1285.4229504404668,0.95,-160.17354421056956,0.0,0.0,0.4510208036191912
52,proper_scoring,node-006,0.0,0.0,0.0,8716.082578726999,1285.4229504404668,0.95,0.0,0.0,0.0,0.0
52,proper_scoring,node-007,0.0,0.0,0.0,8716.082578726999,1285.4229504404668,0.95,0.0,0.0,0.0,0.0
52,proper_scoring,node-008,0.0,0.0,0.0,8716.082578726999,1285.4229504404668,0.95,0.0,0.0,0.0,0.0
52,proper_scoring,node-009,38.3364343955416,0.0,0.0,8716.082578726999,1285.4229504404668,0.95,-46.64889247871109,0.0,0.0,0.15724865315741282
52,proper_scoring,node-010,442.0072431004862,0.0,0.0,8716.082578726999,1285.4229504404668,0.95,-328.3192530283147,0.0,0.0,1.813028383032299
52,proper_scoring,node-011,0.0,0.0,0.0,8716.082578726999,1285.4229504404668,0.95,0.0,0.0,0.0,0.0
52,proper_scoring,node-012,110.64288544028454,0.0,0.0,8716.082578726999,1285.4229504404668,0.95,-157.42845823886182,0.0,0.0,0.4538357568005345
52,proper_scoring,node-013,120.08451662468607,0.0,0.0,8716.082578726999,1285.4229504404668,0.95,-278.93158269745726,0.0,0.0,0.49256350524051024
52,proper_scoring,node-014,0.0,0.0,0.0,8716.082578726999,1285.4229504404668,0.95,0.0,0.0,0.0,0.0
52,proper_scoring,node-015,44.774647139584005,0.0,0.0,8716.082578726999,1285.4229504404668,0.95,-167.168087743301,0.0,0.0,0.18365695895591183
52,proper_scoring,node-016,0.0,0.0,0.0,8716.082578726999,1285.4229504404668,0.95,0.0,0.0,0.0,0.0
52,proper_scoring,node-017,78.9764823788426,406.73843426542226,620.3240774330028,8716.082578726999,1285.4229504404668,0.95,-715.1963161451154,26.611060672909332,-406.73843426542226,0.3239462845461556
52,proper_scoring,node-018,231.45155437007568,0.0,0.0,8716.082578726999,1285.4229504404668,0.95,-417.9302409302169,0.0,0.0,0.9493695950011661
52,proper_scoring,node-019,87.68597501326767,0.0,0.0,8716.082578726999,1285.4229504404668,0.95,-397.45100381320105,0.0,0.0,0.359670941991268
52,proper_scoring,node-020,0.0,0.0,0.0,8716.082578726999,1285.4229504404668,0.95,0.0,0.0,0.0,0.0
52,proper_scoring,node-021,0.0,0.0,0.0,8716.082578726999,1285.4229504404668,0.95,0.0,0.0,0.0,0.0
52,proper_scoring,node-022,49.71772284516622,0.0,0.0,8716.082578726999,1285.4229504404668,0.95,-150.28227715483376,0.0,0.0,0.2039325012543455
52,proper_scoring,node-023,0.0,0.0,0.0,8716.082578726999,1285.4229504404668,0.95,0.0,0.0,0.0,0.0
52,proper_scoring,node-024,185.84075370476606,0.0,0.0,8716.082578726999,1285.4229504404668,0.95,-398.31019818486186,0.0,0.0,0.7622828956996454
52,proper_scoring,node-025,0.0,0.0,0.0,8716.082578726999,1285.4229504404668,0.95,0.0,0.0,0.0,0.0
52,proper_scoring,node-026,0.0,0.0,0.0,8716.082578726999,1285.4229504404668,0.95,0.0,0.0,0.0,0.0
52,proper_scoring,node-027,0.0,0.0,0.0,8716.082578726999,1285.4229504404668,0.95,0.0,0.0,0.0,0.0
52,proper_scoring,node-028,106.01728465677316,0.0,0.0,8716.082578726999,1285.4229504404668,0.95,-362.1587745111356,0.0,0.0,0.43486243534485863
52,proper_scoring,node-029,41.554813860750315,0.0,0.0,8716.082578726999,1285.4229504404668,0.95,-409.27175511499314,0.0,0.0,0.17044982442524467
52,audits,node-000,67.61733301293337,0.0,0.0,8716.082578726999,1266.549684022623,0.95,-299.166215490534,0.0,589.6029308762802,0.27735324669674
52,audits,node-001,167.70032935495033,613.8697918962831,646.2256065896204,8716.082578726999,1266.549684022623,0.95,-2136.5660570526875,-4.853372204000493,-206.8794807366216,0.6878743769709396
52,audits,node-002,0.0,0.0,0.0,8716.082578726999,1266.549684022623,0.95,0.0,0.0,0.0,0.0
52,audits,node-003,435.9657997053738,0.0,0.0,8716.082578726999,1266.549684022623,0.95,-571.9315994107477,0.0,0.0,1.788247548507984
52,audits,node-004,290.7775890659084,0.0,0.0,8716.082578726999,1266.549684022623,0.95,-602.4234594378663,0.0,0.0,1.192713536611306
52,audits,node-005,109.95661394735761,0.0,0.0,8716.082578726999,1266.549684022623,0.95,-190.04338605264238,0.0,0.0,0.4510208036191912
52,audits,node-006,0.0,0.0,0.0,8716.082578726999,1266.549684022623,0.95,0.0,0.0,0.0,0.0
52,audits,node-007,0.0,0.0,0.0,8716.082578726999,1266.549684022623,0.95,0.0,0.0,0.0,0.0
52,audits,node-008,0.0,0.0,0.0,8716.082578726999,1266.549684022623,0.95,0.0,0.0,0.0,0.0
52,audits,node-009,38.3364343955416,0.0,0.0,8716.082578726999,1266.549684022623,0.95,-60.93076691979262,0.0,0.0,0.15724865315741282
52,audits,node-010,442.0072431004862,0.0,0.0,8716.082578726999,1266.549684022623,0.95,-580.0456553400645,0.0,0.0,1.813028383032299
52,audits,node-011,0.0,0.0,0.0,8716.082578726999,1266.549684022623,0.95,0.0,0.0,0.0,0.0
52,audits,node-012,110.64288544028454,0.0,0.0,8716.082578726999,1266.549684022623,0.95,-189.35711455971546,0.0,0.0,0.4538357568005345
52,audits,node-013,120.08451662468607,0.0,0.0,8716.082578726999,1266.549684022623,0.95,-279.9154833753139,0.0,0.0,0.49256350524051024
52,audits,node-014,0.0,0.0,0.0,8716.082578726999,1266.549684022623,0.95,0.0,0.0,0.0,0.0
52,audits,node-015,0.0,0.0,0.0,8716.082578726999,1266.549684022623,0.95,-287.79768649820636,0.0,0.0,0.0
52,audits,node-016,0.0,0.0,0.0,8716.082578726999,1266.549684022623,0.95,0.0,0.0,0.0,0.0
52,audits,node-017,78.9764823788426,406.73843426542226,620.3240774330028,8716.082578726999,1266.549684022623,0.95,-983.8529047353455,26.611060672909332,-406.73843426542226,0.3239462845461556
52,audits,node-018,231.45155437007568,0.0,0.0,8716.082578726999,1266.549684022623,0.95,-468.5484456299244,0.0,0.0,0.9493695950011661
52,audits,node-019,87.68597501326767,0.0,0.0,8716.082578726999,1266.549684022623,0.95,-412.31402498673236,0.0,0.0,0.359670941991268
52,audits,node-020,0.0,0.0,0.0,8716.082578726999,1266.549684022623,0.95,0.0,0.0,0.0,0.0
52,audits,node-021,0.0,0.0,0.0,8716.082578726999,1266.549684022623,0.95,0.0,0.0,0.0,0.0
52,audits,node-022,49.71772284516622,0.0,0.0,8716.082578726999,1266.549684022623,0.95,-150.28227715483376,0.0,0.0,0.2039325012543455
52,audits,node-023,0.0,0.0,0.0,8716.082578726999,1266.549684022623,0.95,0.0,0.0,0.0,0.0
52,audits,node-024,185.84075370476606,0.0,0.0,8716.082578726999,1266.549684022623,0.95,-414.1592462952339,0.0,0.0,0.7622828956996454
52,audits,node-025,0.0,0.0,0.0,8716.082578726999,1266.549684022623,0.95,0.0,0.0,0.0,0.0
52,audits,node-026,0.0,0.0,0.0,8716.082578726999,1266.549684022623,0.95,0.0,0.0,0.0,0.0
52,audits,node-027,0.0,0.0,0.0,8716.082578726999,1266.549684022623,0.95,0.0,0.0,0.0,0.0
52,audits,node-028,106.01728465677316,0.0,0.0,8716.082578726999,1266.549684022623,0.95,-393.9827153432269,0.0,0.0,0.43486243534485863
52,audits,node-029,41.554813860750315,0.0,0.0,8716.082578726999,1266.549684022623,0.95,-458.4451861392497,0.0,0.0,0.17044982442524467
56,greedy,node-000,0.0,0.0,0.0,8850.35916078806,256.21274739453287,1.0,0.0,0.0,0.0,0.0
56,greedy,node-001,0.0,0.0,0.0,8850.35916078806,256.21274739453287,1.0,0.0,0.0,0.0,0.0
56,greedy,node-002,18.570526539449716,0.0,0.0,8850.35916078806,256.21274739453287,1.0,-54.25630845697748,0.0,0.0,0.07617271488065323
56,greedy,node-003,0.0,0.0,0.0,8850.35916078806,256.21274739453287,1.0,0.0,0.0,0.0,0.0
56,greedy,node-004,0.0,85.40424913151095,256.21274739453287,8850.35916078806,256.21274739453287,1.0,-128.10637369726643,-25.621274739453284,-85.40424913151095,0.0
56,greedy,node-005,0.0,0.0,0.0,8850.35916078806,256.21274739453287,1.0,-6.978552352887977,0.0,0.0,0.0
56,greedy,node-006,0.0,0.0,0.0,8850.35916078806,256.21274739453287,1.0,0.0,0.0,0.0,0.0
56,greedy,node-007,0.0,0.0,0.0,8850.35916078806,256.21274739453287,1.0,0.0,0.0,0.0,0.0
56,greedy,node-008,0.0,0.0,0.0,8850.35916078806,256.21274739453287,1.0,-27.895270100002435,0.0,0.0,0.0
56,greedy,node-009,0.0,0.0,0.0,8850.35916078806,256.21274739453287,1.0,0.0,0.0,0.0,0.0
56,greedy,node-010,0.0,0.0,0.0,8850.35916078806,256.21274739453287,1.0,-14.063996743810211,0.0,0.0,0.0
56,greedy,node-011,0.0,0.0,0.0,8850.35916078806,256.21274739453287,1.0,0.0,0.0,0.0,0.0
56,greedy,node-012,0.0,0.0,0.0,8850.35916078806,256.21274739453287,1.0,0.0,0.0,0.0,0.0
56,greedy,node-013,0.0,0.0,0.0,8850.35916078806,256.21274739453287,1.0,0.0,0.0,0.0,0.0
56,greedy,node-014,0.0,0.0,0.0,8850.35916078806,256.21274739453287,1.0,0.0,0.0,0.0,0.0
56,greedy,node-015,0.0,0.0,0.0,8850.35916078806,256.21274739453287,1.0,0.0,0.0,0.0,0.0
56,greedy,node-016,0.0,0.0,0.0,8850.35916078806,256.21274739453287,1.0,0.0,0.0,0.0,0.0
56,greedy,node-017,0.0,0.0,0.0,8850.35916078806,256.21274739453287,1.0,0.0,0.0,0.0,0.0
56,greedy,node-018,0.0,0.0,0.0,8850.35916078806,256.21274739453287,1.0,0.0,0.0,0.0,0.0
56,greedy,node-019,0.0,0.0,0.0,8850.35916078806,256.21274739453287,1.0,0.0,0.0,0.0,0.0
56,greedy,node-020,0.0,0.0,0.0,8850.35916078806,256.21274739453287,1.0,0.0,0.0,0.0,0.0
56,greedy,node-021,0.0,0.0,0.0,8850.35916078806,256.21274739453287,1.0,0.0,0.0,0.0,0.0
56,greedy,node-022,0.0,0.0,0.0,8850.35916078806,256.21274739453287,1.0,0.0,0.0,0.0,0.0
56,greedy,node-023,0.0,0.0,0.0,8850.35916078806,256.21274739453287,1.0,0.0,0.0,0.0,0.0
56,greedy,node-024,0.0,0.0,0.0,8850.35916078806,256.21274739453287,1.0,0.0,0.0,0.0,0.0
56,greedy,node-025,0.0,0.0,0.0,8850.35916078806,256.21274739453287,1.0,-28.005887430087398,0.0,0.0,0.0
56,greedy,node-026,0.0,0.0,0.0,8850.35916078806,256.21274739453287,1.0,0.0,0.0,0.0,0.0
56,greedy,node-027,0.0,0.0,0.0,8850.35916078806,256.21274739453287,1.0,0.0,0.0,0.0,0.0
56,greedy,node-028,0.0,0.0,0.0,8850.35916078806,256.21274739453287,1.0,0.0,0.0,0.0,0.0
56,greedy,node-029,0.0,0.0,0.0,8850.35916078806,256.21274739453287,1.0,-13.640754244860858,0.0,0.0,0.0
56,trust_vcg,node-000,0.0,0.0,0.0,8568.067600052396,311.21307917739875,0.9285714285714286,0.0,0.0,0.0,0.0
56,trust_vcg,node-001,0.0,0.0,0.0,8568.067600052396,311.21307917739875,0.9285714285714286,0.0,0.0,0.0,0.0
56,trust_vcg,node-002,359.2536848475347,-359.2536848475347,-324.7430666164514,8568.067600052396,311.21307917739875,0.9285714285714286,-10142.898167011044,-518.0238686351349,359.2536848475347,1.4735892624036606
56,trust_vcg,node-003,122.86558517156372,0.0,0.0,8568.067600052396,311.21307917739875,0.9285714285714286,-2283.907414661841,0.0,0.0,0.5039709115429026
56,trust_vcg,node-004,322.9072110316864,538.0046612104154,635.9561457938502,8568.067600052396,311.21307917739875,0.9285714285714286,-10477.092788968315,-14.692722687515243,-538.0046612104154,1.3245030433882585
56,trust_vcg,node-005,601.4730159487154,0.0,0.0,8568.067600052396,311.21307917739875,0.9285714285714286,-8998.526984051285,0.0,0.0,2.46712619886898
56,trust_vcg,node-006,0.0,0.0,0.0,8568.067600052396,311.21307917739875,0.9285714285714286,-5592.98566584744,0.0,0.0,0.0
56,trust_vcg,node-007,0.0,0.0,0.0,8568.067600052396,311.21307917739875,0.9285714285714286,0.0,0.0,0.0,0.0
56,trust_vcg,node-008,402.66343650217783,0.0,0.0,8568.067600052396,311.21307917739875,0.9285714285714286,-10613.674848309285,0.0,0.0,1.6516476835693041
56,trust_vcg,node-009,200.99128360403535,0.0,0.0,8568.067600052396,311.21307917739875,0.9285714285714286,-3399.0087163959647,0.0,0.0,0.8244274445823206
56,trust_vcg,node-010,0.0,0.0,0.0,8568.067600052396,311.21307917739875,0.9285714285714286,-8346.987649806966,0.0,0.0,0.0
56,trust_vcg,node-011,0.0,0.0,0.0,8568.067600052396,311.21307917739875,0.9285714285714286,0.0,0.0,0.0,0.0
56,trust_vcg,node-012,19.904531039040336,0.0,0.0,8568.067600052396,311.21307917739875,0.9285714285714286,-1180.0954689609598,0.0,0.0,0.08164454381242653
56,trust_vcg,node-013,0.0,0.0,0.0,8568.067600052396,311.21307917739875,0.9285714285714286,0.0,0.0,0.0,0.0
56,trust_vcg,node-014,254.64039474685904,0.0,0.0,8568.067600052396,311.21307917739875,0.9285714285714286,-3945.3596052531407,0.0,0.0,1.0444857416909972
56,trust_vcg,node-015,123.85425516308109,0.0,0.0,8568.067600052396,311.21307917739875,0.9285714285714286,-2284.1768871538143,0.0,0.0,0.5080262449883453
56,trust_vcg,node-016,0.0,0.0,0.0,8568.067600052396,311.21307917739875,0.9285714285714286,-4992.99801255178,0.0,0.0,0.0
56,trust_vcg,node-017,0.0,0.0,0.0,8568.067600052396,311.21307917739875,0.9285714285714286,0.0,0.0,0.0,0.0
56,trust_vcg,node-018,0.0,0.0,0.0,8568.067600052396,311.21307917739875,0.9285714285714286,-1755.0206182104187,0.0,0.0,0.0
56,trust_vcg,node-019,0.0,0.0,0.0,8568.067600052396,311.21307917739875,0.9285714285714286,-5598.685432901218,0.0,0.0,0.0
56,trust_vcg,node-020,178.81114704225615,0.0,0.0,8568.067600052396,311.21307917739875,0.9285714285714286,-2273.1642724717335,0.0,0.0,0.733448806214406
56,trust_vcg,node-021,0.0,0.0,0.0,8568.067600052396,311.21307917739875,0.9285714285714286,0.0,0.0,0.0,0.0
56,trust_vcg,node-022,80.47820436035067,0.0,0.0,8568.067600052396,311.21307917739875,0.9285714285714286,-1696.9945602913497,0.0,0.0,0.33010605821139993
56,trust_vcg,node-023,0.0,0.0,0.0,8568.067600052396,311.21307917739875,0.9285714285714286,-5586.901059601414,0.0,0.0,0.0
56,trust_vcg,node-024,0.0,0.0,0.0,8568.067600052396,311.21307917739875,0.9285714285714286,0.0,0.0,0.0,0.0
56,trust_vcg,node-025,0.0,0.0,0.0,8568.067600052396,311.21307917739875,0.9285714285714286,-10542.610527358429,0.0,0.0,0.0
56,trust_vcg,node-026,0.0,0.0,0.0,8568.067600052396,311.21307917739875,0.9285714285714286,0.0,0.0,0.0,0.0
56,trust_vcg,node-027,0.0,0.0,0.0,8568.067600052396,311.21307917739875,0.9285714285714286,0.0,0.0,0.0,0.0
56,trust_vcg,node-028,0.0,0.0,0.0,8568.067600052396,311.21307917739875,0.9285714285714286,0.0,0.0,0.0,0.0
56,trust_vcg,node-029,0.0,0.0,0.0,8568.067600052396,311.21307917739875,0.9285714285714286,-4984.288812274257,0.0,0.0,0.0
56,contingent,node-000,0.0,0.0,0.0,8568.067600052396,185.80276649854403,0.9285714285714286,0.0,0.0,0.0,0.0
56,contingent,node-001,0.0,0.0,0.0,8568.067600052396,185.80276649854403,0.9285714285714286,0.0,0.0,0.0,0.0
56,contingent,node-002,120.12510469271962,4.364921392308631,38.87553962339192,8568.067600052396,185.80276649854403,0.9285714285714286,-212.9723288266227,-12.43914323291263,-4.364921392308631,0.49272998966017967
56,contingent,node-003,22.865585171563723,0.0,0.0,8568.067600052396,185.80276649854403,0.9285714285714286,-335.62965864736395,0.0,0.0,0.09379021624146296
56,contingent,node-004,146.9272268751521,48.97574229171736,146.9272268751521,8568.067600052396,185.80276649854403,0.9285714285714286,-205.32825332331095,-14.692722687515207,-48.97574229171736,0.6026671207836225
56,contingent,node-005,0.0,0.0,0.0,8568.067600052396,185.80276649854403,0.9285714285714286,-794.107936205138,0.0,0.0,0.0
56,contingent,node-006,0.0,0.0,0.0,8568.067600052396,185.80276649854403,0.9285714285714286,-486.7977686625298,0.0,0.0,0.0
56,contingent,node-007,0.0,0.0,0.0,8568.067600052396,185.80276649854403,0.9285714285714286,0.0,0.0,0.0,0.0
56,contingent,node-008,29.640574775546746,0.0,0.0,8568.067600052396,185.80276649854403,0.9285714285714286,-654.6993932371423,0.0,0.0,0.12157991570568079
56,contingent,node-009,43.186810386533324,0.0,0.0,8568.067600052396,185.80276649854403,0.9285714285714286,-396.0348655838587,0.0,0.0,0.17714395912199676
56,contingent,node-010,0.0,0.0,0.0,8568.067600052396,185.80276649854403,0.9285714285714286,-665.4294794547484,0.0,0.0,0.0
56,contingent,node-011,0.0,0.0,0.0,8568.067600052396,185.80276649854403,0.9285714285714286,0.0,0.0,0.0,0.0
56,contingent,node-012,0.0,0.0,0.0,8568.067600052396,185.80276649854403,0.9285714285714286,-320.38187584383866,0.0,0.0,0.0
56,contingent,node-013,0.0,0.0,0.0,8568.067600052396,185.80276649854403,0.9285714285714286,0.0,0.0,0.0,0.0
56,contingent,node-014,68.17800943162374,0.0,0.0,8568.067600052396,185.80276649854403,0.9285714285714286,-381.4384210125638,0.0,0.0,0.27965303312931533
56,contingent,node-015,23.854255163081092,0.0,0.0,8568.067600052396,185.80276649854403,0.9285714285714286,-336.707548615257,0.0,0.0,0.09784554968690559
56,contingent,node-016,0.0,0.0,0.0,8568.067600052396,185.80276649854403,0.9285714285714286,-171.99205020712049,0.0,0.0,0.0
56,contingent,node-017,0.0,0.0,0.0,8568.067600052396,185.80276649854403,0.9285714285714286,0.0,0.0,0.0,0.0
56,contingent,node-018,0.0,0.0,0.0,8568.067600052396,185.80276649854403,0.9285714285714286,-420.082472841675,0.0,0.0,0.0
56,contingent,node-019,24.60881655765874,0.0,0.0,8568.067600052396,185.80276649854403,0.9285714285714286,-394.74173160486845,0.0,0.0,0.10094061486166044
56,contingent,node-020,42.848902984591135,0.0,0.0,8568.067600052396,185.80276649854403,0.9285714285714286,-292.65708988693444,0.0,0.0,0.17575792819123526
56,contingent,node-021,0.0,0.0,0.0,8568.067600052396,185.80276649854403,0.9285714285714286,0.0,0.0,0.0,0.0
56,contingent,node-022,0.0,0.0,0.0,8568.067600052396,185.80276649854403,0.9285714285714286,-276.39559478380505,0.0,0.0,0.0
56,contingent,node-023,0.0,0.0,0.0,8568.067600052396,185.80276649854403,0.9285714285714286,-347.6042384056548,0.0,0.0,0.0
56,contingent,node-024,0.0,0.0,0.0,8568.067600052396,185.80276649854403,0.9285714285714286,0.0,0.0,0.0,0.0
56,contingent,node-025,0.0,0.0,0.0,8568.067600052396,185.80276649854403,0.9285714285714286,-650.1167641094536,0.0,0.0,0.0
56,contingent,node-026,0.0,0.0,0.0,8568.067600052396,185.80276649854403,0.9285714285714286,0.0,0.0,0.0,0.0
56,contingent,node-027,0.0,0.0,0.0,8568.067600052396,185.80276649854403,0.9285714285714286,0.0,0.0,0.0,0.0
56,contingent,node-028,0.0,0.0,0.0,8568.067600052396,185.80276649854403,0.9285714285714286,0.0,0.0,0.0,0.0
56,contingent,node-029,0.0,0.0,0.0,8568.067600052396,185.80276649854403,0.9285714285714286,-137.15524909703004,0.0,0.0,0.0
56,capped,node-000,0.0,0.0,0.0,8568.067600052396,198.69315422177704,0.9285714285714286,0.0,0.0,0.0,0.0
56,capped,node-001,0.0,0.0,0.0,8568.067600052396,198.69315422177704,0.9285714285714286,0.0,0.0,0.0,0.0
56,capped,node-002,186.31022271380988,17.255309115541646,51.765927346624935,8568.067600052396,198.69315422177704,0.9285714285714286,-69.40716097412017,-2.1835364899617904,-17.255309115541646,0.7642085669451661
56,capped,node-003,22.865585171563723,0.0,0.0,8568.067600052396,198.69315422177704,0.9285714285714286,-83.90741466184099,0.0,0.0,0.09379021624146296
56,capped,node-004,146.9272268751521,48.97574229171736,146.9272268751521,8568.067600052396,198.69315422177704,0.9285714285714286,-88.06387004961576,-14.692722687515207,-48.97574229171736,0.6026671207836225
56,capped,node-005,0.0,0.0,0.0,8568.067600052396,198.69315422177704,0.9285714285714286,-198.52698405128447,0.0,0.0,0.0
56,capped,node-006,29.747385236873498,0.0,0.0,8568.067600052396,198.69315422177704,0.9285714285714286,-121.69944216563243,0.0,0.0,0.12201803159860553
56,capped,node-007,0.0,0.0,0.0,8568.067600052396,198.69315422177704,0.9285714285714286,0.0,0.0,0.0,0.0
56,capped,node-008,57.25022348253553,0.0,0.0,8568.067600052396,198.69315422177704,0.9285714285714286,-163.67484830928558,0.0,0.0,0.23482936474229232
56,capped,node-009,43.186810386533324,0.0,0.0,8568.067600052396,198.69315422177704,0.9285714285714286,-99.00871639596467,0.0,0.0,0.17714395912199676
56,capped,node-010,0.0,0.0,0.0,8568.067600052396,198.69315422177704,0.9285714285714286,-166.3573698636871,0.0,0.0,0.0
56,capped,node-011,0.0,0.0,0.0,8568.067600052396,198.69315422177704,0.9285714285714286,0.0,0.0,0.0,0.0
56,capped,node-012,0.0,0.0,0.0,8568.067600052396,198.69315422177704,0.9285714285714286,-80.09546896095966,0.0,0.0,0.0
56,capped,node-013,0.0,0.0,0.0,8568.067600052396,198.69315422177704,0.9285714285714286,0.0,0.0,0.0,0.0
56,capped,node-014,68.17800943162374,0.0,0.0,8568.067600052396,198.69315422177704,0.9285714285714286,-95.35960525314096,0.0,0.0,0.27965303312931533
56,capped,node-015,23.854255163081092,0.0,0.0,8568.067600052396,198.69315422177704,0.9285714285714286,-84.17688715381423,0.0,0.0,0.09784554968690559
56,capped,node-016,0.0,0.0,0.0,8568.067600052396,198.69315422177704,0.9285714285714286,-42.99801255178012,0.0,0.0,0.0
56,capped,node-017,0.0,0.0,0.0,8568.067600052396,198.69315422177704,0.9285714285714286,0.0,0.0,0.0,0.0
56,capped,node-018,0.0,0.0,0.0,8568.067600052396,198.69315422177704,0.9285714285714286,-105.02061821041876,0.0,0.0,0.0
56,capped,node-019,116.77658024929656,0.0,0.0,8568.067600052396,198.69315422177704,0.9285714285714286,-98.68543290121714,0.0,0.0,0.47899498881580826
56,capped,node-020,42.848902984591135,0.0,0.0,8568.067600052396,198.69315422177704,0.9285714285714286,-73.1642724717336,0.0,0.0,0.17575792819123526
56,capped,node-021,0.0,0.0,0.0,8568.067600052396,198.69315422177704,0.9285714285714286,0.0,0.0,0.0,0.0
56,capped,node-022,0.0,0.0,0.0,8568.067600052396,198.69315422177704,0.9285714285714286,-69.09889869595126,0.0,0.0,0.0
56,capped,node-023,130.91192885212746,0.0,0.0,8568.067600052396,198.69315422177704,0.9285714285714286,-86.90105960141369,0.0,0.0,0.5369754599981824
56,capped,node-024,0.0,0.0,0.0,8568.067600052396,198.69315422177704,0.9285714285714286,0.0,0.0,0.0,0.0
56,capped,node-025,8.755482434247702,0.0,0.0,8568.067600052396,198.69315422177704,0.9285714285714286,-162.5291910273634,0.0,0.0,0.03591329872579264
56,capped,node-026,0.0,0.0,0.0,8568.067600052396,198.69315422177704,0.9285714285714286,0.0,0.0,0.0,0.0
56,capped,node-027,0.0,0.0,0.0,8568.067600052396,198.69315422177704,0.9285714285714286,0.0,0.0,0.0,0.0
56,capped,node-028,0.0,0.0,0.0,8568.067600052396,198.69315422177704,0.9285714285714286,0.0,0.0,0.0,0.0
56,capped,node-029,15.44732033821113,0.0,0.0,8568.067600052396,198.69315422177704,0.9285714285714286,-34.28881227425751,0.0,0.0,0.06336192596871511
56,proper_scoring,node-000,0.0,0.0,0.0,8568.067600052396,814.1630235993389,0.9285714285714286,0.0,0.0,0.0,0.0
56,proper_scoring,node-001,0.0,0.0,0.0,8568.067600052396,814.1630235993389,0.9285714285714286,0.0,0.0,0.0,0.0
56,proper_scoring,node-002,531.2522142796182,143.6962595744054,178.2068778054887,8568.067600052396,814.1630235993389,0.9285714285714286,-352.30366700871946,-12.439143232912613,-143.6962595744054,2.1790940263364322
56,proper_scoring,node-003,122.86558517156372,0.0,0.0,8568.067600052396,814.1630235993389,0.9285714285714286,-283.907414661841,0.0,0.0,0.5039709115429026
56,proper_scoring,node-004,322.9072110316864,538.0046612104154,635.9561457938502,8568.067600052396,814.1630235993389,0.9285714285714286,-694.357172242009,-14.692722687515243,-538.0046612104154,1.3245030433882585
56,proper_scoring,node-005,601.4730159487154,0.0,0.0,8568.067600052396,814.1630235993389,0.9285714285714286,-642.896231784067,0.0,0.0,2.46712619886898
56,proper_scoring,node-006,129.37864133374435,0.0,0.0,8568.067600052396,814.1630235993389,0.9285714285714286,-449.69932434583103,0.0,0.0,0.5306862105943084
56,proper_scoring,node-007,0.0,0.0,0.0,8568.067600052396,814.1630235993389,0.9285714285714286,0.0,0.0,0.0,0.0
56,proper_scoring,node-008,557.2502234825355,0.0,0.0,8568.067600052396,814.1630235993389,0.9285714285714286,-588.6491297206916,0.0,0.0,2.2857328412494904
56,proper_scoring,node-009,200.99128360403535,0.0,0.0,8568.067600052396,814.1630235993389,0.9285714285714286,-374.0617640087289,0.0,0.0,0.8244274445823206
56,proper_scoring,node-010,317.5808177901227,0.0,0.0,8568.067600052396,814.1630235993389,0.9285714285714286,-556.4004730790219,0.0,0.0,1.3026552065555235
56,proper_scoring,node-011,0.0,0.0,0.0,8568.067600052396,814.1630235993389,0.9285714285714286,0.0,0.0,0.0,0.0
56,proper_scoring,node-012,19.904531039040336,0.0,0.0,8568.067600052396,814.1630235993389,0.9285714285714286,-180.09546896095966,0.0,0.0,0.08164454381242653
56,proper_scoring,node-013,0.0,0.0,0.0,8568.067600052396,814.1630235993389,0.9285714285714286,0.0,0.0,0.0,0.0
56,proper_scoring,node-014,254.64039474685904,0.0,0.0,8568.067600052396,814.1630235993389,0.9285714285714286,-376.6287501096037,0.0,0.0,1.0444857416909972
56,proper_scoring,node-015,123.85425516308109,0.0,0.0,8568.067600052396,814.1630235993389,0.9285714285714286,-284.1768871538143,0.0,0.0,0.5080262449883453
56,proper_scoring,node-016,343.0094994930878,0.0,0.0,8568.067600052396,814.1630235993389,0.9285714285714286,-171.99205020712049,0.0,0.0,1.4069587499707357
56,proper_scoring,node-017,0.0,0.0,0.0,8568.067600052396,814.1630235993389,0.9285714285714286,0.0,0.0,0.0,0.0
56,proper_scoring,node-018,0.0,0.0,0.0,8568.067600052396,814.1630235993389,0.9285714285714286,-255.02061821041875,0.0,0.0,0.0
56,proper_scoring,node-019,318.7517908323132,0.0,0.0,8568.067600052396,814.1630235993389,0.9285714285714286,-385.81734484918763,0.0,0.0,1.3074583119217729
56,proper_scoring,node-020,178.81114704225615,0.0,0.0,8568.067600052396,814.1630235993389,0.9285714285714286,-269.7902076333976,0.0,0.0,0.733448806214406
56,proper_scoring,node-021,0.0,0.0,0.0,8568.067600052396,814.1630235993389,0.9285714285714286,0.0,0.0,0.0,0.0
56,proper_scoring,node-022,80.47820436035067,0.0,0.0,8568.067600052396,814.1630235993389,0.9285714285714286,-196.99456029134976,0.0,0.0,0.33010605821139993
56,proper_scoring,node-023,183.94687010546636,0.0,0.0,8568.067600052396,814.1630235993389,0.9285714285714286,-347.6042384056548,0.0,0.0,0.754514550783838
56,proper_scoring,node-024,0.0,0.0,0.0,8568.067600052396,814.1630235993389,0.9285714285714286,0.0,0.0,0.0,0.0
56,proper_scoring,node-025,280.93933107291383,0.0,0.0,8568.067600052396,814.1630235993389,0.9285714285714286,-554.8635674125426,0.0,0.0,1.1523589015700915
56,proper_scoring,node-026,0.0,0.0,0.0,8568.067600052396,814.1630235993389,0.9285714285714286,0.0,0.0,0.0,0.0
56,proper_scoring,node-027,0.0,0.0,0.0,8568.067600052396,814.1630235993389,0.9285714285714286,0.0,0.0,0.0,0.0
56,proper_scoring,node-028,0.0,0.0,0.0,8568.067600052396,814.1630235993389,0.9285714285714286,0.0,0.0,0.0,0.0
56,proper_scoring,node-029,348.59249655335253,0.0,0.0,8568.067600052396,814.1630235993389,0.9285714285714286,-137.15524909703004,0.0,0.0,1.4298591261311886
56,audits,node-000,0.0,0.0,0.0,8568.067600052396,811.2130791773988,0.9285714285714286,0.0,0.0,0.0,0.0
56,audits,node-001,0.0,0.0,0.0,8568.067600052396,811.2130791773988,0.9285714285714286,0.0,0.0,0.0,0.0
56,audits,node-002,133.40599362296294,140.74631515246526,175.25693338354856,8568.067600052396,811.2130791773988,0.9285714285714286,-2642.898167011044,-18.023868635134946,-140.74631515246526,0.5472056322164637
56,audits,node-003,122.86558517156372,0.0,0.0,8568.067600052396,811.2130791773988,0.9285714285714286,-783.907414661841,0.0,0.0,0.5039709115429026
56,audits,node-004,322.9072110316864,538.0046612104154,635.9561457938502,8568.067600052396,811.2130791773988,0.9285714285714286,-2477.0927889683135,-14.692722687515243,-538.0046612104154,1.3245030433882585
56,audits,node-005,601.4730159487154,0.0,0.0,8568.067600052396,811.2130791773988,0.9285714285714286,-1998.5269840512844,0.0,0.0,2.46712619886898
56,audits,node-006,82.57693613255256,0.0,0.0,8568.067600052396,811.2130791773988,0.9285714285714286,-1592.98566584744,0.0,0.0,0.33871465078712987
56,audits,node-007,0.0,0.0,0.0,8568.067600052396,811.2130791773988,0.9285714285714286,0.0,0.0,0.0,0.0
56,audits,node-008,402.66343650217783,0.0,0.0,8568.067600052396,811.2130791773988,0.9285714285714286,-2613.6748483092856,0.0,0.0,1.6516476835693041
56,audits,node-009,200.99128360403535,0.0,0.0,8568.067600052396,811.2130791773988,0.9285714285714286,-899.0087163959645,0.0,0.0,0.8244274445823206
56,audits,node-010,256.982459703659,0.0,0.0,8568.067600052396,811.2130791773988,0.9285714285714286,-1846.9876498069664,0.0,0.0,1.0540924400152105
56,audits,node-011,0.0,0.0,0.0,8568.067600052396,811.2130791773988,0.9285714285714286,0.0,0.0,0.0,0.0
56,audits,node-012,19.904531039040336,0.0,0.0,8568.067600052396,811.2130791773988,0.9285714285714286,-180.09546896095966,0.0,0.0,0.08164454381242653
56,audits,node-013,0.0,0.0,0.0,8568.067600052396,811.2130791773988,0.9285714285714286,0.0,0.0,0.0,0.0
56,audits,node-014,254.64039474685904,0.0,0.0,8568.067600052396,811.2130791773988,0.9285714285714286,-945.3596052531409,0.0,0.0,1.0444857416909972
56,audits,node-015,123.85425516308109,0.0,0.0,8568.067600052396,811.2130791773988,0.9285714285714286,-784.1768871538143,0.0,0.0,0.5080262449883453
56,audits,node-016,307.0019874482199,0.0,0.0,8568.067600052396,811.2130791773988,0.9285714285714286,-992.9980125517801,0.0,0.0,1.259262886704347
56,audits,node-017,0.0,0.0,0.0,8568.067600052396,811.2130791773988,0.9285714285714286,0.0,0.0,0.0,0.0
56,audits,node-018,0.0,0.0,0.0,8568.067600052396,811.2130791773988,0.9285714285714286,-755.0206182104187,0.0,0.0,0.0
56,audits,node-019,296.5072408689462,0.0,0.0,8568.067600052396,811.2130791773988,0.9285714285714286,-1598.6854329012172,0.0,0.0,1.216215462215358
56,audits,node-020,178.81114704225615,0.0,0.0,8568.067600052396,811.2130791773988,0.9285714285714286,-773.1642724717335,0.0,0.0,0.733448806214406
56,audits,node-021,0.0,0.0,0.0,8568.067600052396,811.2130791773988,0.9285714285714286,0.0,0.0,0.0,0.0
56,audits,node-022,80.47820436035067,0.0,0.0,8568.067600052396,811.2130791773988,0.9285714285714286,-696.9945602913498,0.0,0.0,0.33010605821139993
56,audits,node-023,183.94687010546636,0.0,0.0,8568.067600052396,811.2130791773988,0.9285714285714286,-1586.9010596014134,0.0,0.0,0.754514550783838
56,audits,node-024,0.0,0.0,0.0,8568.067600052396,811.2130791773988,0.9285714285714286,0.0,0.0,0.0,0.0
56,audits,node-025,183.77594518474586,0.0,0.0,8568.067600052396,811.2130791773988,0.9285714285714286,-2542.6105273584294,0.0,0.0,0.7538134497555832
56,audits,node-026,0.0,0.0,0.0,8568.067600052396,811.2130791773988,0.9285714285714286,0.0,0.0,0.0,0.0
56,audits,node-027,0.0,0.0,0.0,8568.067600052396,811.2130791773988,0.9285714285714286,0.0,0.0,0.0,0.0
56,audits,node-028,0.0,0.0,0.0,8568.067600052396,811.2130791773988,0.9285714285714286,0.0,0.0,0.0,0.0
56,audits,node-029,315.4473203382111,0.0,0.0,8568.067600052396,811.2130791773988,0.9285714285714286,-984.2888122742575,0.0,0.0,1.293904011873034
51,greedy,node-000,0.0,0.0,0.0,8801.195633122277,184.46971956434695,0.9,0.0,0.0,-33.75364057217562,0.0
51,greedy,node-001,0.0,39.50347943474559,118.51043830423677,8801.195633122277,184.46971956434695,0.9,-73.25712000692121,-8.453542830590745,-39.50347943474559,0.0
51,greedy,node-002,0.0,0.0,0.0,8801.195633122277,184.46971956434695,0.9,0.0,0.0,0.0,0.0
51,greedy,node-003,0.6263202085955344,0.0,0.0,8801.195633122277,184.46971956434695,0.9,-14.759210972571818,0.0,0.0,0.00256904458643059
51,greedy,node-004,0.0,0.0,0.0,8801.195633122277,184.46971956434695,0.9,0.0,0.0,0.0,0.0
51,greedy,node-005,0.0,0.0,0.0,8801.195633122277,184.46971956434695,0.9,0.0,0.0,0.0,0.0
51,greedy,node-006,0.0,0.0,0.0,8801.195633122277,184.46971956434695,0.9,0.0,0.0,0.0,0.0
51,greedy,node-007,0.0,0.0,0.0,8801.195633122277,184.46971956434695,0.9,0.0,0.0,0.0,0.0
51,greedy,node-008,0.0,0.0,0.0,8801.195633122277,184.46971956434695,0.9,0.0,0.0,0.0,0.0
51,greedy,node-009,0.0,0.0,0.0,8801.195633122277,184.46971956434695,0.9,0.0,0.0,0.0,0.0
51,greedy,node-010,0.0,21.986427086703408,65.95928126011025,8801.195633122277,184.46971956434695,0.9,-58.26618299716109,1.183185228003417,-21.986427086703408,0.0
51,greedy,node-011,0.0,0.0,0.0,8801.195633122277,184.46971956434695,0.9,0.0,0.0,0.0,0.0
51,greedy,node-012,0.0,0.0,0.0,8801.195633122277,184.46971956434695,0.9,0.0,0.0,0.0,0.0
51,greedy,node-013,0.0,0.0,0.0,8801.195633122277,184.46971956434695,0.9,0.0,0.0,0.0,0.0
51,greedy,node-014,0.0,0.0,0.0,8801.195633122277,184.46971956434695,0.9,0.0,0.0,0.0,0.0
51,greedy,node-015,0.0,0.0,0.0,8801.195633122277,184.46971956434695,0.9,0.0,0.0,0.0,0.0
51,greedy,node-016,0.0,0.0,0.0,8801.195633122277,184.46971956434695,0.9,-34.48665735808376,0.0,0.0,0.0
51,greedy,node-017,0.0,0.0,0.0,8801.195633122277,184.46971956434695,0.9,0.0,0.0,0.0,0.0
51,greedy,node-018,0.0,0.0,0.0,8801.195633122277,184.46971956434695,0.9,0.0,0.0,0.0,0.0
51,greedy,node-019,0.0,0.0,0.0,8801.195633122277,184.46971956434695,0.9,0.0,0.0,0.0,0.0
51,greedy,node-020,0.0,0.0,0.0,8801.195633122277,184.46971956434695,0.9,0.0,0.0,0.0,0.0
51,greedy,node-021,0.0,0.0,0.0,8801.195633122277,184.46971956434695,0.9,-7.899385925568464,0.0,0.0,0.0
51,greedy,node-022,6.955693292294914,0.0,0.0,8801.195633122277,184.46971956434695,0.9,-33.91240287222537,0.0,0.0,0.028530911109370876
51,greedy,node-023,0.0,0.0,0.0,8801.195633122277,184.46971956434695,0.9,0.0,0.0,0.0,0.0
51,greedy,node-024,0.0,0.0,0.0,8801.195633122277,184.46971956434695,0.9,0.0,0.0,0.0,0.0
51,greedy,node-025,0.0,0.0,0.0,8801.195633122277,184.46971956434695,0.9,0.0,0.0,0.0,0.0
51,greedy,node-026,0.0,0.0,0.0,8801.195633122277,184.46971956434695,0.9,-19.91962815523192,0.0,0.0,0.0
51,greedy,node-027,0.0,0.0,0.0,8801.195633122277,184.46971956434695,0.9,0.0,0.0,0.0,0.0
51,greedy,node-028,0.0,0.0,0.0,8801.195633122277,184.46971956434695,0.9,0.0,0.0,0.0,0.0
51,greedy,node-029,0.0,0.0,0.0,8801.195633122277,184.46971956434695,0.9,0.0,0.0,0.0,0.0
51,trust_vcg,node-000,0.0,0.0,0.0,8886.269929848759,1200.3686965142128,1.0,0.0,0.0,96.85007523378296,0.0
51,trust_vcg,node-001,562.258346660295,0.0,0.0,8886.269929848759,1200.3686965142128,1.0,-11033.753640572173,0.0,0.0,2.306275195721577
51,trust_vcg,node-002,0.0,0.0,0.0,8886.269929848759,1200.3686965142128,1.0,0.0,0.0,0.0,0.0
51,trust_vcg,node-003,0.0,0.0,0.0,8886.269929848759,1200.3686965142128,1.0,-2168.8326444205572,0.0,0.0,0.0
51,trust_vcg,node-004,0.0,0.0,0.0,8886.269929848759,1200.3686965142128,1.0,0.0,0.0,0.0,0.0
51,trust_vcg,node-005,0.0,0.0,0.0,8886.269929848759,1200.3686965142128,1.0,0.0,0.0,0.0,0.0
51,trust_vcg,node-006,0.0,0.0,0.0,8886.269929848759,1200.3686965142128,1.0,0.0,0.0,0.0,0.0
51,trust_vcg,node-007,0.0,0.0,0.0,8886.269929848759,1200.3686965142128,1.0,0.0,0.0,0.0,0.0
51,trust_vcg,node-008,39.31088872205808,0.0,0.0,8886.269929848759,1200.3686965142128,1.0,-560.689111277942,0.0,0.0,0.16124567668931306
51,trust_vcg,node-009,0.0,0.0,0.0,8886.269929848759,1200.3686965142128,1.0,0.0,0.0,0.0,0.0
51,trust_vcg,node-010,64.83919192708049,543.013840501419,629.2962664442186,8886.269929848759,1200.3686965142128,1.0,-6064.584446987119,-12.942363891420086,-543.013840501419,0.2659578482743337
51,trust_vcg,node-011,0.0,0.0,0.0,8886.269929848759,1200.3686965142128,1.0,0.0,0.0,0.0,0.0
51,trust_vcg,node-012,0.0,0.0,0.0,8886.269929848759,1200.3686965142128,1.0,0.0,0.0,0.0,0.0
51,trust_vcg,node-013,0.0,0.0,0.0,8886.269929848759,1200.3686965142128,1.0,0.0,0.0,0.0,0.0
51,trust_vcg,node-014,0.0,0.0,0.0,8886.269929848759,1200.3686965142128,1.0,0.0,0.0,0.0,0.0
51,trust_vcg,node-015,0.0,0.0,0.0,8886.269929848759,1200.3686965142128,1.0,0.0,0.0,0.0,0.0
51,trust_vcg,node-016,209.63143722979933,0.0,0.0,8886.269929848759,1200.3686965142128,1.0,-5537.241874972257,0.0,0.0,0.8598676867995919
51,trust_vcg,node-017,0.0,0.0,0.0,8886.269929848759,1200.3686965142128,1.0,0.0,0.0,0.0,0.0
51,trust_vcg,node-018,0.0,0.0,0.0,8886.269929848759,1200.3686965142128,1.0,0.0,0.0,0.0,0.0
51,trust_vcg,node-019,0.0,0.0,0.0,8886.269929848759,1200.3686965142128,1.0,0.0,0.0,0.0,0.0
51,trust_vcg,node-020,0.0,0.0,0.0,8886.269929848759,1200.3686965142128,1.0,0.0,0.0,0.0,0.0
51,trust_vcg,node-021,46.493975313399694,0.0,0.0,8886.269929848759,1200.3686965142128,1.0,-553.5060246866003,0.0,0.0,0.19070931121378257
51,trust_vcg,node-022,447.4143514646112,522.4571268104726,571.0724300699943,8886.269929848759,1200.3686965142128,1.0,-11569.829654424406,-7.292295488928403,-522.4571268104726,1.835207297715969
51,trust_vcg,node-023,0.0,0.0,0.0,8886.269929848759,1200.3686965142128,1.0,0.0,0.0,0.0,0.0
51,trust_vcg,node-024,0.0,0.0,0.0,8886.269929848759,1200.3686965142128,1.0,0.0,0.0,0.0,0.0
51,trust_vcg,node-025,0.0,0.0,0.0,8886.269929848759,1200.3686965142128,1.0,0.0,0.0,0.0,0.0
51,trust_vcg,node-026,0.0,0.0,0.0,8886.269929848759,1200.3686965142128,1.0,-5542.251554029874,0.0,0.0,0.0
51,trust_vcg,node-027,0.0,0.0,0.0,8886.269929848759,1200.3686965142128,1.0,0.0,0.0,0.0,0.0
51,trust_vcg,node-028,0.0,0.0,0.0,8886.269929848759,1200.3686965142128,1.0,0.0,0.0,0.0,0.0
51,trust_vcg,node-029,0.0,0.0,0.0,8886.269929848759,1200.3686965142128,1.0,0.0,0.0,0.0,0.0
51,contingent,node-000,0.0,0.0,0.0,8886.269929848759,202.346593803482,1.0,0.0,0.0,-1.9828501387211732,0.0
51,contingent,node-001,47.06648981584776,0.0,0.0,8886.269929848759,202.346593803482,1.0,-135.01456228870248,0.0,0.0,0.19305765518062562
51,contingent,node-002,0.0,0.0,0.0,8886.269929848759,202.346593803482,1.0,0.0,0.0,0.0,0.0
51,contingent,node-003,0.0,0.0,0.0,8886.269929848759,202.346593803482,1.0,-21.615130080178087,0.0,0.0,0.0
51,contingent,node-004,0.0,0.0,0.0,8886.269929848759,202.346593803482,1.0,0.0,0.0,0.0,0.0
51,contingent,node-005,0.0,0.0,0.0,8886.269929848759,202.346593803482,1.0,0.0,0.0,0.0,0.0
51,contingent,node-006,0.0,0.0,0.0,8886.269929848759,202.346593803482,1.0,0.0,0.0,0.0,0.0
51,contingent,node-007,0.0,0.0,0.0,8886.269929848759,202.346593803482,1.0,0.0,0.0,0.0,0.0
51,contingent,node-008,0.0,0.0,0.0,8886.269929848759,202.346593803482,1.0,-42.75644511176769,0.0,0.0,0.0
51,contingent,node-009,0.0,0.0,0.0,8886.269929848759,202.346593803482,1.0,0.0,0.0,0.0,0.0
51,contingent,node-010,89.25657168406775,43.14121297139979,129.4236389141994,8886.269929848759,202.346593803482,1.0,-129.42363891419936,-12.942363891419937,-43.14121297139979,0.366113226335937
51,contingent,node-011,0.0,0.0,0.0,8886.269929848759,202.346593803482,1.0,0.0,0.0,0.0,0.0
51,contingent,node-012,0.0,0.0,0.0,8886.269929848759,202.346593803482,1.0,0.0,0.0,0.0,0.0
51,contingent,node-013,0.0,0.0,0.0,8886.269929848759,202.346593803482,1.0,0.0,0.0,0.0,0.0
51,contingent,node-014,0.0,0.0,0.0,8886.269929848759,202.346593803482,1.0,0.0,0.0,0.0,0.0
51,contingent,node-015,0.0,0.0,0.0,8886.269929848759,202.346593803482,1.0,0.0,0.0,0.0,0.0
51,contingent,node-016,9.631437229799323,0.0,0.0,8886.269929848759,202.346593803482,1.0,-148.96749988902687,0.0,0.0,0.03950629619671258
51,contingent,node-017,0.0,0.0,0.0,8886.269929848759,202.346593803482,1.0,0.0,0.0,0.0,0.0
51,contingent,node-018,0.0,0.0,0.0,8886.269929848759,202.346593803482,1.0,0.0,0.0,0.0,0.0
51,contingent,node-019,0.0,0.0,0.0,8886.269929848759,202.346593803482,1.0,0.0,0.0,0.0,0.0
51,contingent,node-020,0.0,0.0,0.0,8886.269929848759,202.346593803482,1.0,0.0,0.0,0.0,0.0
51,contingent,node-021,0.0,0.0,0.0,8886.269929848759,202.346593803482,1.0,-14.02409874640123,0.0,0.0,0.0
51,contingent,node-022,24.83805617741862,24.307651629760873,72.92295488928262,8886.269929848759,202.346593803482,1.0,-213.79776208550376,-7.292295488928257,-24.307651629760873,0.10188091152789787
51,contingent,node-023,0.0,0.0,0.0,8886.269929848759,202.346593803482,1.0,0.0,0.0,0.0,0.0
51,contingent,node-024,0.0,0.0,0.0,8886.269929848759,202.346593803482,1.0,0.0,0.0,0.0,0.0
51,contingent,node-025,0.0,0.0,0.0,8886.269929848759,202.346593803482,1.0,0.0,0.0,0.0,0.0
51,contingent,node-026,0.0,0.0,0.0,8886.269929848759,202.346593803482,1.0,-169.0062161194901,0.0,0.0,0.0
51,contingent,node-027,0.0,0.0,0.0,8886.269929848759,202.346593803482,1.0,0.0,0.0,0.0,0.0
51,contingent,node-028,0.0,0.0,0.0,8886.269929848759,202.346593803482,1.0,0.0,0.0,0.0,0.0
51,contingent,node-029,0.0,0.0,0.0,8886.269929848759,202.346593803482,1.0,0.0,0.0,0.0,0.0
51,capped,node-000,0.0,0.0,0.0,8886.269929848759,202.346593803482,1.0,0.0,0.0,-1.9828501387211732,0.0
51,capped,node-001,47.06648981584776,0.0,0.0,8886.269929848759,202.346593803482,1.0,-33.75364057217562,0.0,0.0,0.19305765518062562
51,capped,node-002,0.0,0.0,0.0,8886.269929848759,202.346593803482,1.0,0.0,0.0,0.0,0.0
51,capped,node-003,0.0,0.0,0.0,8886.269929848759,202.346593803482,1.0,-5.403782520044522,0.0,0.0,0.0
51,capped,node-004,0.0,0.0,0.0,8886.269929848759,202.346593803482,1.0,0.0,0.0,0.0,0.0
51,capped,node-005,0.0,0.0,0.0,8886.269929848759,202.346593803482,1.0,0.0,0.0,0.0,0.0
51,capped,node-006,0.0,0.0,0.0,8886.269929848759,202.346593803482,1.0,0.0,0.0,0.0,0.0
51,capped,node-007,0.0,0.0,0.0,8886.269929848759,202.346593803482,1.0,0.0,0.0,0.0,0.0
51,capped,node-008,0.0,0.0,0.0,8886.269929848759,202.346593803482,1.0,-10.689111277941919,0.0,0.0,0.0
51,capped,node-009,0.0,0.0,0.0,8886.269929848759,202.346593803482,1.0,0.0,0.0,0.0,0.0
51,capped,node-010,89.25657168406775,43.14121297139979,129.4236389141994,8886.269929848759,202.346593803482,1.0,-64.71181945709968,-12.942363891419937,-43.14121297139979,0.366113226335937
51,capped,node-011,0.0,0.0,0.0,8886.269929848759,202.346593803482,1.0,0.0,0.0,0.0,0.0
51,capped,node-012,0.0,0.0,0.0,8886.269929848759,202.346593803482,1.0,0.0,0.0,0.0,0.0
51,capped,node-013,0.0,0.0,0.0,8886.269929848759,202.346593803482,1.0,0.0,0.0,0.0,0.0
51,capped,node-014,0.0,0.0,0.0,8886.269929848759,202.346593803482,1.0,0.0,0.0,0.0,0.0
51,capped,node-015,0.0,0.0,0.0,8886.269929848759,202.346593803482,1.0,0.0,0.0,0.0,0.0
51,capped,node-016,9.631437229799323,0.0,0.0,8886.269929848759,202.346593803482,1.0,-37.24187497225671,0.0,0.0,0.03950629619671258
51,capped,node-017,0.0,0.0,0.0,8886.269929848759,202.346593803482,1.0,0.0,0.0,0.0,0.0
51,capped,node-018,0.0,0.0,0.0,8886.269929848759,202.346593803482,1.0,0.0,0.0,0.0,0.0
51,capped,node-019,0.0,0.0,0.0,8886.269929848759,202.346593803482,1.0,0.0,0.0,0.0,0.0
51,capped,node-020,0.0,0.0,0.0,8886.269929848759,202.346593803482,1.0,0.0,0.0,0.0,0.0
51,capped,node-021,0.0,0.0,0.0,8886.269929848759,202.346593803482,1.0,-3.5060246866003073,0.0,0.0,0.0
51,capped,node-022,24.83805617741862,24.307651629760873,72.92295488928262,8886.269929848759,202.346593803482,1.0,-71.6801792436966,-7.292295488928257,-24.307651629760873,0.10188091152789787
51,capped,node-023,0.0,0.0,0.0,8886.269929848759,202.346593803482,1.0,0.0,0.0,0.0,0.0
51,capped,node-024,0.0,0.0,0.0,8886.269929848759,202.346593803482,1.0,0.0,0.0,0.0,0.0
51,capped,node-025,0.0,0.0,0.0,8886.269929848759,202.346593803482,1.0,0.0,0.0,0.0,0.0
51,capped,node-026,7.823069753327264,0.0,0.0,8886.269929848759,202.346593803482,1.0,-42.25155402987252,0.0,0.0,0.03208872190811439
51,capped,node-027,0.0,0.0,0.0,8886.269929848759,202.346593803482,1.0,0.0,0.0,0.0,0.0
51,capped,node-028,0.0,0.0,0.0,8886.269929848759,202.346593803482,1.0,0.0,0.0,0.0,0.0
51,capped,node-029,0.0,0.0,0.0,8886.269929848759,202.346593803482,1.0,0.0,0.0,0.0,0.0
51,proper_scoring,node-000,0.0,0.0,0.0,8886.269929848759,1200.3686965142128,1.0,0.0,0.0,96.85007523378296,0.0
51,proper_scoring,node-001,860.1525334218481,0.0,0.0,8886.269929848759,1200.3686965142128,1.0,-135.01456228870248,0.0,0.0,3.528179642242685
51,proper_scoring,node-002,0.0,0.0,0.0,8886.269929848759,1200.3686965142128,1.0,0.0,0.0,0.0,0.0
51,proper_scoring,node-003,43.4253824366237,0.0,0.0,8886.269929848759,1200.3686965142128,1.0,-21.615130080178087,0.0,0.0,0.17812253561585234
51,proper_scoring,node-004,0.0,0.0,0.0,8886.269929848759,1200.3686965142128,1.0,0.0,0.0,0.0,0.0
51,proper_scoring,node-005,0.0,0.0,0.0,8886.269929848759,1200.3686965142128,1.0,0.0,0.0,0.0,0.0
51,proper_scoring,node-006,0.0,0.0,0.0,8886.269929848759,1200.3686965142128,1.0,0.0,0.0,0.0,0.0
51,proper_scoring,node-007,0.0,0.0,0.0,8886.269929848759,1200.3686965142128,1.0,0.0,0.0,0.0,0.0
51,proper_scoring,node-008,39.31088872205808,0.0,0.0,8886.269929848759,1200.3686965142128,1.0,-42.75644511176769,0.0,0.0,0.16124567668931306
51,proper_scoring,node-009,0.0,0.0,0.0,8886.269929848759,1200.3686965142128,1.0,0.0,0.0,0.0,0.0
51,proper_scoring,node-010,64.83919192708049,543.013840501419,629.2962664442186,8886.269929848759,1200.3686965142128,1.0,-629.2962664442186,-12.942363891420086,-543.013840501419,0.2659578482743337
51,proper_scoring,node-011,0.0,0.0,0.0,8886.269929848759,1200.3686965142128,1.0,0.0,0.0,0.0,0.0
51,proper_scoring,node-012,0.0,0.0,0.0,8886.269929848759,1200.3686965142128,1.0,0.0,0.0,0.0,0.0
51,proper_scoring,node-013,0.0,0.0,0.0,8886.269929848759,1200.3686965142128,1.0,0.0,0.0,0.0,0.0
51,proper_scoring,node-014,0.0,0.0,0.0,8886.269929848759,1200.3686965142128,1.0,0.0,0.0,0.0,0.0
51,proper_scoring,node-015,0.0,0.0,0.0,8886.269929848759,1200.3686965142128,1.0,0.0,0.0,0.0,0.0
51,proper_scoring,node-016,404.1483413715326,0.0,0.0,8886.269929848759,1200.3686965142128,1.0,-148.96749988902687,0.0,0.0,1.6577384766869883
51,proper_scoring,node-017,0.0,0.0,0.0,8886.269929848759,1200.3686965142128,1.0,0.0,0.0,0.0,0.0
51,proper_scoring,node-018,0.0,0.0,0.0,8886.269929848759,1200.3686965142128,1.0,0.0,0.0,0.0,0.0
51,proper_scoring,node-019,0.0,0.0,0.0,8886.269929848759,1200.3686965142128,1.0,0.0,0.0,0.0,0.0
51,proper_scoring,node-020,0.0,0.0,0.0,8886.269929848759,1200.3686965142128,1.0,0.0,0.0,0.0,0.0
51,proper_scoring,node-021,46.493975313399694,0.0,0.0,8886.269929848759,1200.3686965142128,1.0,-14.02409874640123,0.0,0.0,0.19070931121378257
51,proper_scoring,node-022,447.4143514646112,522.4571268104726,571.0724300699943,8886.269929848759,1200.3686965142128,1.0,-711.9472372662154,-7.292295488928403,-522.4571268104726,1.835207297715969
51,proper_scoring,node-023,0.0,0.0,0.0,8886.269929848759,1200.3686965142128,1.0,0.0,0.0,0.0,0.0
51,proper_scoring,node-024,0.0,0.0,0.0,8886.269929848759,1200.3686965142128,1.0,0.0,0.0,0.0,0.0
51,proper_scoring,node-025,0.0,0.0,0.0,8886.269929848759,1200.3686965142128,1.0,0.0,0.0,0.0,0.0
51,proper_scoring,node-026,330.6504555597622,0.0,0.0,8886.269929848759,1200.3686965142128,1.0,-169.0062161194901,0.0,0.0,1.3562643376324102
51,proper_scoring,node-027,0.0,0.0,0.0,8886.269929848759,1200.3686965142128,1.0,0.0,0.0,0.0,0.0
51,proper_scoring,node-028,0.0,0.0,0.0,8886.269929848759,1200.3686965142128,1.0,0.0,0.0,0.0,0.0
51,proper_scoring,node-029,0.0,0.0,0.0,8886.269929848759,1200.3686965142128,1.0,0.0,0.0,0.0,0.0
51,audits,node-000,0.0,0.0,0.0,8886.269929848759,1200.3686965142128,1.0,0.0,0.0,96.85007523378296,0.0
51,audits,node-001,562.258346660295,0.0,0.0,8886.269929848759,1200.3686965142128,1.0,-2033.7536405721758,0.0,0.0,2.306275195721577
51,audits,node-002,0.0,0.0,0.0,8886.269929848759,1200.3686965142128,1.0,0.0,0.0,0.0,0.0
51,audits,node-003,6.326088213068736,0.0,0.0,8886.269929848759,1200.3686965142128,1.0,-668.8326444205572,0.0,0.0,0.025948392617747763
51,audits,node-004,0.0,0.0,0.0,8886.269929848759,1200.3686965142128,1.0,0.0,0.0,0.0,0.0
51,audits,node-005,0.0,0.0,0.0,8886.269929848759,1200.3686965142128,1.0,0.0,0.0,0.0,0.0
51,audits,node-006,0.0,0.0,0.0,8886.269929848759,1200.3686965142128,1.0,0.0,0.0,0.0,0.0
51,audits,node-007,0.0,0.0,0.0,8886.269929848759,1200.3686965142128,1.0,0.0,0.0,0.0,0.0
51,audits,node-008,39.31088872205808,0.0,0.0,8886.269929848759,1200.3686965142128,1.0,-60.68911127794192,0.0,0.0,0.16124567668931306
51,audits,node-009,0.0,0.0,0.0,8886.269929848759,1200.3686965142128,1.0,0.0,0.0,0.0,0.0
51,audits,node-010,64.83919192708049,543.013840501419,629.2962664442186,8886.269929848759,1200.3686965142128,1.0,-1064.584446987119,-12.942363891420086,-543.013840501419,0.2659578482743337
51,audits,node-011,0.0,0.0,0.0,8886.269929848759,1200.3686965142128,1.0,0.0,0.0,0.0,0.0
51,audits,node-012,0.0,0.0,0.0,8886.269929848759,1200.3686965142128,1.0,0.0,0.0,0.0,0.0
51,audits,node-013,0.0,0.0,0.0,8886.269929848759,1200.3686965142128,1.0,0.0,0.0,0.0,0.0
51,audits,node-014,0.0,0.0,0.0,8886.269929848759,1200.3686965142128,1.0,0.0,0.0,0.0,0.0
51,audits,node-015,0.0,0.0,0.0,8886.269929848759,1200.3686965142128,1.0,0.0,0.0,0.0,0.0
51,audits,node-016,362.75812502774335,0.0,0.0,8886.269929848759,1200.3686965142128,1.0,-537.2418749722567,0.0,0.0,1.4879637995012636
51,audits,node-017,0.0,0.0,0.0,8886.269929848759,1200.3686965142128,1.0,0.0,0.0,0.0,0.0
51,audits,node-018,0.0,0.0,0.0,8886.269929848759,1200.3686965142128,1.0,0.0,0.0,0.0,0.0
51,audits,node-019,0.0,0.0,0.0,8886.269929848759,1200.3686965142128,1.0,0.0,0.0,0.0,0.0
51,audits,node-020,0.0,0.0,0.0,8886.269929848759,1200.3686965142128,1.0,0.0,0.0,0.0,0.0
51,audits,node-021,46.493975313399694,0.0,0.0,8886.269929848759,1200.3686965142128,1.0,-53.506024686600306,0.0,0.0,0.19070931121378257
51,audits,node-022,447.4143514646112,522.4571268104726,571.0724300699943,8886.269929848759,1200.3686965142128,1.0,-2569.8296544244085,-7.292295488928403,-522.4571268104726,1.835207297715969
51,audits,node-023,0.0,0.0,0.0,8886.269929848759,1200.3686965142128,1.0,0.0,0.0,0.0,0.0
51,audits,node-024,0.0,0.0,0.0,8886.269929848759,1200.3686965142128,1.0,0.0,0.0,0.0,0.0
51,audits,node-025,0.0,0.0,0.0,8886.269929848759,1200.3686965142128,1.0,0.0,0.0,0.0,0.0
51,audits,node-026,257.7484459701275,0.0,0.0,8886.269929848759,1200.3686965142128,1.0,-542.2515540298724,0.0,0.0,1.0572343678089244
51,audits,node-027,0.0,0.0,0.0,8886.269929848759,1200.3686965142128,1.0,0.0,0.0,0.0,0.0
51,audits,node-028,0.0,0.0,0.0,8886.269929848759,1200.3686965142128,1.0,0.0,0.0,0.0,0.0
51,audits,node-029,0.0,0.0,0.0,8886.269929848759,1200.3686965142128,1.0,0.0,0.0,0.0,0.0
44,greedy,node-000,0.0,0.0,0.0,5838.940244475409,186.6670457018819,0.8,0.0,0.0,0.0,0.0
44,greedy,node-001,0.0,0.0,0.0,5838.940244475409,186.6670457018819,0.8,0.0,0.0,0.0,0.0
44,greedy,node-002,0.0,0.0,0.0,5838.940244475409,186.6670457018819,0.8,0.0,0.0,0.0,0.0
44,greedy,node-003,0.0,0.0,0.0,5838.940244475409,186.6670457018819,0.8,0.0,0.0,0.0,0.0
44,greedy,node-004,0.0,0.0,0.0,5838.940244475409,186.6670457018819,0.8,0.0,0.0,0.0,0.0
44,greedy,node-005,0.0,0.0,0.0,5838.940244475409,186.6670457018819,0.8,0.0,0.0,0.0,0.0
44,greedy,node-006,0.0,0.0,0.0,5838.940244475409,186.6670457018819,0.8,0.0,0.0,0.0,0.0
44,greedy,node-007,0.0,0.0,0.0,5838.940244475409,186.6670457018819,0.8,0.0,0.0,0.0,0.0
44,greedy,node-008,7.442520280168203,0.0,0.0,5838.940244475409,186.6670457018819,0.8,-31.583440083842547,0.0,0.0,0.030527781433144593
44,greedy,node-009,0.0,0.0,0.0,5838.940244475409,186.6670457018819,0.8,0.0,0.0,0.0,0.0
44,greedy,node-010,0.0,0.0,0.0,5838.940244475409,186.6670457018819,0.8,0.0,0.0,0.0,0.0
44,greedy,node-011,0.0,0.0,0.0,5838.940244475409,186.6670457018819,0.8,-10.667846574448992,0.0,0.0,0.0
44,greedy,node-012,0.0,0.0,0.0,5838.940244475409,186.6670457018819,0.8,0.0,0.0,0.0,0.0
44,greedy,node-013,0.0,0.0,0.0,5838.940244475409,186.6670457018819,0.8,0.0,0.0,0.0,0.0
44,greedy,node-014,0.0,0.0,0.0,5838.940244475409,186.6670457018819,0.8,0.0,0.0,0.0,0.0
44,greedy,node-015,0.0,0.0,0.0,5838.940244475409,186.6670457018819,0.8,0.0,0.0,0.0,0.0
44,greedy,node-016,0.0,19.91898583502528,59.75695750507583,5838.940244475409,186.6670457018819,0.8,-49.645486292853235,-2.3089255948842684,-19.91898583502528,0.0
44,greedy,node-017,0.0,0.0,0.0,5838.940244475409,186.6670457018819,0.8,0.0,0.0,0.0,0.0
44,greedy,node-018,0.0,0.0,0.0,5838.940244475409,186.6670457018819,0.8,0.0,0.0,0.0,0.0
44,greedy,node-019,0.0,0.0,0.0,5838.940244475409,186.6670457018819,0.8,-35.796463732400085,0.0,0.0,0.0
44,greedy,node-020,0.0,0.0,0.0,5838.940244475409,186.6670457018819,0.8,0.0,0.0,0.0,0.0
44,greedy,node-021,0.0,0.0,0.0,5838.940244475409,186.6670457018819,0.8,0.0,0.0,0.0,0.0
44,greedy,node-022,0.0,0.0,0.0,5838.940244475409,186.6670457018819,0.8,0.0,0.0,0.0,0.0
44,greedy,node-023,0.0,0.0,0.0,5838.940244475409,186.6670457018819,0.8,0.0,0.0,0.0,0.0
44,greedy,node-024,0.0,26.624956237134583,79.87486871140375,5838.940244475409,186.6670457018819,0.8,-61.243438428197805,-3.709524810258401,-26.624956237134583,0.0
44,greedy,node-025,0.0,0.0,0.0,5838.940244475409,186.6670457018819,0.8,0.0,0.0,0.0,0.0
44,greedy,node-026,0.0,0.0,0.0,5838.940244475409,186.6670457018819,0.8,0.0,0.0,0.0,0.0
44,greedy,node-027,0.0,15.678406495134114,47.03521948540234,5838.940244475409,186.6670457018819,0.8,-32.71707083630559,-3.232026620585115,-15.678406495134114,0.0
44,greedy,node-028,0.0,0.0,0.0,5838.940244475409,186.6670457018819,0.8,0.0,0.0,0.0,0.0
44,greedy,node-029,0.0,0.0,0.0,5838.940244475409,186.6670457018819,0.8,0.0,0.0,0.0,0.0
44,trust_vcg,node-000,0.0,0.0,0.0,8725.363874749371,182.1315865791879,0.9,0.0,0.0,0.0,0.0
44,trust_vcg,node-001,0.0,0.0,0.0,8725.363874749371,182.1315865791879,0.9,0.0,0.0,0.0,0.0
44,trust_vcg,node-002,0.0,0.0,0.0,8725.363874749371,182.1315865791879,0.9,0.0,0.0,0.0,0.0
44,trust_vcg,node-003,0.0,0.0,0.0,8725.363874749371,182.1315865791879,0.9,-2244.305876003512,0.0,0.0,0.0
44,trust_vcg,node-004,0.0,0.0,0.0,8725.363874749371,182.1315865791879,0.9,0.0,0.0,0.0,0.0
44,trust_vcg,node-005,0.0,0.0,0.0,8725.363874749371,182.1315865791879,0.9,0.0,0.0,0.0,0.0
44,trust_vcg,node-006,422.10531518365497,0.0,0.0,8725.363874749371,182.1315865791879,0.9,-4977.894684816346,0.0,0.0,1.7313945167246494
44,trust_vcg,node-007,0.0,0.0,0.0,8725.363874749371,182.1315865791879,0.9,-5586.920173795681,0.0,0.0,0.0
44,trust_vcg,node-008,610.542040293449,0.0,0.0,8725.363874749371,182.1315865791879,0.9,-5531.583440083842,0.0,0.0,2.5043255859832647
44,trust_vcg,node-009,0.0,0.0,0.0,8725.363874749371,182.1315865791879,0.9,0.0,0.0,0.0,0.0
44,trust_vcg,node-010,28.22222262764825,0.0,0.0,8725.363874749371,182.1315865791879,0.9,-571.7777773723518,0.0,0.0,0.11576210900360782
44,trust_vcg,node-011,0.23192289764915586,592.7363050502609,778.6727609460808,8725.363874749371,182.1315865791879,0.9,-6139.220419024216,-27.890468384373207,-592.7363050502609,0.0009513029541405538
44,trust_vcg,node-012,0.0,0.0,0.0,8725.363874749371,182.1315865791879,0.9,0.0,0.0,0.0,0.0
44,trust_vcg,node-013,0.0,0.0,0.0,8725.363874749371,182.1315865791879,0.9,-3346.166125390132,0.0,0.0,0.0
44,trust_vcg,node-014,194.756368277813,0.0,0.0,8725.363874749371,182.1315865791879,0.9,-5560.396596684034,0.0,0.0,0.7988530255457659
44,trust_vcg,node-015,0.0,0.0,0.0,8725.363874749371,182.1315865791879,0.9,0.0,0.0,0.0,0.0
44,trust_vcg,node-016,202.50555920729528,0.0,0.0,8725.363874749371,182.1315865791879,0.9,-5525.831645612922,52.47252849647283,0.0,0.8306387107805523
44,trust_vcg,node-017,17.104052892706093,0.0,0.0,8725.363874749371,182.1315865791879,0.9,-7134.982959410025,0.0,0.0,0.07015752308002786
44,trust_vcg,node-018,0.0,0.0,0.0,8725.363874749371,182.1315865791879,0.9,0.0,0.0,0.0,0.0
44,trust_vcg,node-019,0.0,0.0,0.0,8725.363874749371,182.1315865791879,0.9,-5497.336980531945,0.0,0.0,0.0
44,trust_vcg,node-020,0.0,0.0,0.0,8725.363874749371,182.1315865791879,0.9,0.0,0.0,0.0,0.0
44,trust_vcg,node-021,0.0,0.0,0.0,8725.363874749371,182.1315865791879,0.9,-6659.606171608116,0.0,0.0,0.0
44,trust_vcg,node-022,0.0,0.0,0.0,8725.363874749371,182.1315865791879,0.9,0.0,0.0,0.0,0.0
44,trust_vcg,node-023,0.0,0.0,0.0,8725.363874749371,182.1315865791879,0.9,0.0,0.0,0.0,0.0
44,trust_vcg,node-024,321.0215875521991,202.77987286735154,219.15164592386623,8725.363874749371,182.1315865791879,0.9,-11237.398355058414,97.63485525775556,-202.77987286735154,1.31676857988933
44,trust_vcg,node-025,79.64572346574481,0.0,0.0,8725.363874749371,182.1315865791879,0.9,-5552.995742656898,0.0,0.0,0.32669138228965394
44,trust_vcg,node-026,0.0,0.0,0.0,8725.363874749371,182.1315865791879,0.9,-5603.68664947366,0.0,0.0,0.0
44,trust_vcg,node-027,835.3843972499949,-835.3843972499949,-815.6928202907588,8725.363874749371,182.1315865791879,0.9,-10244.240247492644,92.27646566295766,835.3843972499949,3.42658552907977
44,trust_vcg,node-028,0.0,0.0,0.0,8725.363874749371,182.1315865791879,0.9,0.0,0.0,0.0,0.0
44,trust_vcg,node-029,0.0,0.0,0.0,8725.363874749371,182.1315865791879,0.9,0.0,0.0,0.0,0.0
44,contingent,node-000,0.0,0.0,0.0,8725.363874749371,323.7672334787875,0.9,0.0,0.0,0.0,0.0
44,contingent,node-001,0.0,0.0,0.0,8725.363874749371,323.7672334787875,0.9,0.0,0.0,0.0,0.0
44,contingent,node-002,0.0,0.0,0.0,8725.363874749371,323.7672334787875,0.9,0.0,0.0,0.0,0.0
44,contingent,node-003,0.0,0.0,0.0,8725.363874749371,323.7672334787875,0.9,-186.93768060099575,0.0,0.0,0.0
44,contingent,node-004,0.0,0.0,0.0,8725.363874749371,323.7672334787875,0.9,0.0,0.0,0.0,0.0
44,contingent,node-005,0.0,0.0,0.0,8725.363874749371,323.7672334787875,0.9,0.0,0.0,0.0,0.0
44,contingent,node-006,0.0,0.0,0.0,8725.363874749371,323.7672334787875,0.9,-111.57873926538011,0.0,0.0,0.0
44,contingent,node-007,0.0,0.0,0.0,8725.363874749371,323.7672334787875,0.9,-347.68069518272523,0.0,0.0,0.0
44,contingent,node-008,110.54204029344892,0.0,0.0,8725.363874749371,323.7672334787875,0.9,-126.33376033537017,0.0,0.0,0.45342210947606637
44,contingent,node-009,0.0,0.0,0.0,8725.363874749371,323.7672334787875,0.9,0.0,0.0,0.0,0.0
44,contingent,node-010,0.0,0.0,0.0,8725.363874749371,323.7672334787875,0.9,-87.11110948940697,0.0,0.0,0.0
44,contingent,node-011,36.17321686776239,92.96822794790998,278.9046838437299,8725.363874749371,323.7672334787875,0.9,-278.9046838437299,-27.89046838437301,-92.96822794790998,0.14837555246108544
44,contingent,node-012,0.0,0.0,0.0,8725.363874749371,323.7672334787875,0.9,0.0,0.0,0.0,0.0
44,contingent,node-013,0.0,0.0,0.0,8725.363874749371,323.7672334787875,0.9,-184.6645015605283,0.0,0.0,0.0
44,contingent,node-014,44.75636827781298,0.0,0.0,8725.363874749371,323.7672334787875,0.9,-241.58638673613595,0.0,0.0,0.18358198259360625
44,contingent,node-015,0.0,0.0,0.0,8725.363874749371,323.7672334787875,0.9,0.0,0.0,0.0,0.0
44,contingent,node-016,28.622649105237414,0.0,0.0,8725.363874749371,323.7672334787875,0.9,-103.32658245169294,2.918610266418204,0.0,0.11740458111355412
44,contingent,node-017,0.1587874924774555,0.0,0.0,8725.363874749371,323.7672334787875,0.9,-145.48231855944462,0.0,0.0,0.0006513156406957482
44,contingent,node-018,0.0,0.0,0.0,8725.363874749371,323.7672334787875,0.9,0.0,0.0,0.0,0.0
44,contingent,node-019,36.14909822809109,0.0,0.0,8725.363874749371,323.7672334787875,0.9,-154.24543428924673,0.0,0.0,0.14827662245718445
44,contingent,node-020,0.0,0.0,0.0,8725.363874749371,323.7672334787875,0.9,0.0,0.0,0.0,0.0
44,contingent,node-021,0.0,0.0,0.0,8725.363874749371,323.7672334787875,0.9,-291.06884350048847,0.0,0.0,0.0
44,contingent,node-022,0.0,0.0,0.0,8725.363874749371,323.7672334787875,0.9,0.0,0.0,0.0,0.0
44,contingent,node-023,0.0,0.0,0.0,8725.363874749371,323.7672334787875,0.9,0.0,0.0,0.0,0.0
44,contingent,node-024,87.73951499913257,8.185886528257342,24.557659584772026,8725.363874749371,323.7672334787875,0.9,-146.65981529251025,0.33786208820843733,-8.185886528257342,0.35989055267755293
44,contingent,node-025,29.64572346574481,0.0,0.0,8725.363874749371,323.7672334787875,0.9,-211.98297062759312,0.0,0.0,0.12160103463893411
44,contingent,node-026,0.0,0.0,0.0,8725.363874749371,323.7672334787875,0.9,-414.74659789464056,0.0,0.0,0.0
44,contingent,node-027,29.98933052091563,0.613313091049573,20.304890050285586,8725.363874749371,323.7672334787875,0.9,-319.11189206160066,0.612587369917343,-0.613313091049573,0.1230104444469386
44,contingent,node-028,0.0,0.0,0.0,8725.363874749371,323.7672334787875,0.9,0.0,0.0,0.0,0.0
44,contingent,node-029,0.0,0.0,0.0,8725.363874749371,323.7672334787875,0.9,0.0,0.0,0.0,0.0
44,capped,node-000,0.0,0.0,0.0,8725.363874749371,332.99970886735593,0.9,0.0,0.0,0.0,0.0
44,capped,node-001,0.0,0.0,0.0,8725.363874749371,332.99970886735593,0.9,0.0,0.0,0.0,0.0
44,capped,node-002,0.0,0.0,0.0,8725.363874749371,332.99970886735593,0.9,0.0,0.0,0.0,0.0
44,capped,node-003,6.793953381969914,0.0,0.0,8725.363874749371,332.99970886735593,0.9,-46.73442015024894,0.0,0.0,0.027867485220619867
44,capped,node-004,0.0,0.0,0.0,8725.363874749371,332.99970886735593,0.9,0.0,0.0,0.0,0.0
44,capped,node-005,0.0,0.0,0.0,8725.363874749371,332.99970886735593,0.9,0.0,0.0,0.0,0.0
44,capped,node-006,0.0,0.0,0.0,8725.363874749371,332.99970886735593,0.9,-27.894684816345027,0.0,0.0,0.0
44,capped,node-007,0.0,0.0,0.0,8725.363874749371,332.99970886735593,0.9,-86.92017379568131,0.0,0.0,0.0
44,capped,node-008,110.54204029344892,0.0,0.0,8725.363874749371,332.99970886735593,0.9,-31.583440083842547,0.0,0.0,0.45342210947606637
44,capped,node-009,0.0,0.0,0.0,8725.363874749371,332.99970886735593,0.9,0.0,0.0,0.0,0.0
44,capped,node-010,0.0,0.0,0.0,8725.363874749371,332.99970886735593,0.9,-21.77777737235175,0.0,0.0,0.0
44,capped,node-011,36.17321686776239,92.96822794790998,278.9046838437299,8725.363874749371,332.99970886735593,0.9,-139.45234192186496,-27.89046838437301,-92.96822794790998,0.14837555246108544
44,capped,node-012,0.0,0.0,0.0,8725.363874749371,332.99970886735593,0.9,0.0,0.0,0.0,0.0
44,capped,node-013,0.0,0.0,0.0,8725.363874749371,332.99970886735593,0.9,-46.16612539013207,0.0,0.0,0.0
44,capped,node-014,44.75636827781298,0.0,0.0,8725.363874749371,332.99970886735593,0.9,-60.39659668403398,0.0,0.0,0.18358198259360625
44,capped,node-015,0.0,0.0,0.0,8725.363874749371,332.99970886735593,0.9,0.0,0.0,0.0,0.0
44,capped,node-016,129.15822806461617,0.0,0.0,8725.363874749371,332.99970886735593,0.9,-25.831645612923232,2.918610266418204,0.0,0.5297821179144617
44,capped,node-017,9.295527949281272,0.0,0.0,8725.363874749371,332.99970886735593,0.9,-36.370579639861155,0.0,0.0,0.038128461174301576
44,capped,node-018,0.0,0.0,0.0,8725.363874749371,332.99970886735593,0.9,0.0,0.0,0.0,0.0
44,capped,node-019,77.12271714462338,0.0,0.0,8725.363874749371,332.99970886735593,0.9,-38.561358572311676,0.0,0.0,0.3163424974191788
44,capped,node-020,0.0,0.0,0.0,8725.363874749371,332.99970886735593,0.9,0.0,0.0,0.0,0.0
44,capped,node-021,32.880222364587524,0.0,0.0,8725.363874749371,332.99970886735593,0.9,-72.76721087512213,0.0,0.0,0.13486832471172458
44,capped,node-022,0.0,0.0,0.0,8725.363874749371,332.99970886735593,0.9,0.0,0.0,0.0,0.0
44,capped,node-023,0.0,0.0,0.0,8725.363874749371,332.99970886735593,0.9,0.0,0.0,0.0,0.0
44,capped,node-024,188.85032669800535,8.185886528257342,24.557659584772026,8725.363874749371,332.99970886735593,0.9,-42.804368719320564,0.33786208820843733,-8.185886528257342,0.7746275831289187
44,capped,node-025,54.6692248579685,0.0,0.0,8725.363874749371,332.99970886735593,0.9,-52.99574265689828,0.0,0.0,0.22424260663832268
44,capped,node-026,0.0,0.0,0.0,8725.363874749371,332.99970886735593,0.9,-103.68664947366014,0.0,0.0,0.0
44,capped,node-027,49.78953671448215,9.845788479618008,29.537365438854017,8725.363874749371,332.99970886735593,0.9,-89.47043322225578,-0.310660168939501,-9.845788479618008,0.20422706788282846
44,capped,node-028,0.0,0.0,0.0,8725.363874749371,332.99970886735593,0.9,0.0,0.0,0.0,0.0
44,capped,node-029,0.0,0.0,0.0,8725.363874749371,332.99970886735593,0.9,0.0,0.0,0.0,0.0
44,proper_scoring,node-000,0.0,0.0,0.0,8725.363874749371,1203.3035485840264,0.9,0.0,0.0,0.0,0.0
44,proper_scoring,node-001,0.0,0.0,0.0,8725.363874749371,1203.3035485840264,0.9,0.0,0.0,0.0,0.0
44,proper_scoring,node-002,0.0,0.0,0.0,8725.363874749371,1203.3035485840264,0.9,0.0,0.0,0.0,0.0
44,proper_scoring,node-003,62.49908652723638,0.0,0.0,8725.363874749371,1203.3035485840264,0.9,-186.93768060099575,0.0,0.0,0.2563591876744666
44,proper_scoring,node-004,0.0,0.0,0.0,8725.363874749371,1203.3035485840264,0.9,0.0,0.0,0.0,0.0
44,proper_scoring,node-005,0.0,0.0,0.0,8725.363874749371,1203.3035485840264,0.9,0.0,0.0,0.0,0.0
44,proper_scoring,node-006,422.10531518365497,0.0,0.0,8725.363874749371,1203.3035485840264,0.9,-111.57873926538011,0.0,0.0,1.7313945167246494
44,proper_scoring,node-007,313.0798262043187,0.0,0.0,8725.363874749371,1203.3035485840264,0.9,-346.80526825957514,0.0,0.0,1.2841930079734134
44,proper_scoring,node-008,610.542040293449,0.0,0.0,8725.363874749371,1203.3035485840264,0.9,-126.33376033537017,0.0,0.0,2.5043255859832647
44,proper_scoring,node-009,0.0,0.0,0.0,8725.363874749371,1203.3035485840264,0.9,0.0,0.0,0.0,0.0
44,proper_scoring,node-010,28.22222262764825,0.0,0.0,8725.363874749371,1203.3035485840264,0.9,-71.77777737235175,0.0,0.0,0.11576210900360782
44,proper_scoring,node-011,0.23192289764915586,592.7363050502609,778.6727609460808,8725.363874749371,1203.3035485840264,0.9,-778.6727609460809,-27.890468384373207,-592.7363050502609,0.0009513029541405538
44,proper_scoring,node-012,0.0,0.0,0.0,8725.363874749371,1203.3035485840264,0.9,0.0,0.0,0.0,0.0
44,proper_scoring,node-013,111.65147084570893,0.0,0.0,8725.363874749371,1203.3035485840264,0.9,-184.6645015605283,0.0,0.0,0.4579727794292131
44,proper_scoring,node-014,242.31778842394348,0.0,0.0,8725.363874749371,1203.3035485840264,0.9,-241.58638673613595,0.0,0.0,0.9939407893964028
44,proper_scoring,node-015,0.0,0.0,0.0,8725.363874749371,1203.3035485840264,0.9,0.0,0.0,0.0,0.0
44,proper_scoring,node-016,328.6226491052374,0.0,0.0,8725.363874749371,1203.3035485840264,0.9,-103.32658245169294,52.47252849647283,0.0,1.347946667017873
44,proper_scoring,node-017,557.0599987243367,0.0,0.0,8725.363874749371,1203.3035485840264,0.9,-145.48231855944462,0.0,0.0,2.284952576013675
44,proper_scoring,node-018,0.0,0.0,0.0,8725.363874749371,1203.3035485840264,0.9,0.0,0.0,0.0,0.0
44,proper_scoring,node-019,435.8020166015184,0.0,0.0,8725.363874749371,1203.3035485840264,0.9,-154.24543428924673,0.0,0.0,1.7875757418338036
44,proper_scoring,node-020,0.0,0.0,0.0,8725.363874749371,1203.3035485840264,0.9,0.0,0.0,0.0,0.0
44,proper_scoring,node-021,317.14930348807894,0.0,0.0,8725.363874749371,1203.3035485840264,0.9,-291.06884350048847,0.0,0.0,1.3008852181910753
44,proper_scoring,node-022,0.0,0.0,0.0,8725.363874749371,1203.3035485840264,0.9,0.0,0.0,0.0,0.0
44,proper_scoring,node-023,0.0,0.0,0.0,8725.363874749371,1203.3035485840264,0.9,0.0,0.0,0.0,0.0
44,proper_scoring,node-024,676.612813841103,202.77987286735154,219.15164592386623,8725.363874749371,1203.3035485840264,0.9,-341.25380163160446,97.63485525775556,-202.77987286735154,2.775335144312072
44,proper_scoring,node-025,376.9108530780388,0.0,0.0,8725.363874749371,1203.3035485840264,0.9,-211.98297062759312,0.0,0.0,1.5460155578220873
44,proper_scoring,node-026,322.7259431452142,0.0,0.0,8725.363874749371,1203.3035485840264,0.9,-397.4696595358258,0.0,0.0,1.3237595175111685
44,proper_scoring,node-027,512.9401871180793,185.78756475484371,205.47914171407973,8725.363874749371,1203.3035485840264,0.9,-500.0237629473835,93.19971320181443,-185.78756475484371,2.1039816260014432
44,proper_scoring,node-028,0.0,0.0,0.0,8725.363874749371,1203.3035485840264,0.9,0.0,0.0,0.0,0.0
44,proper_scoring,node-029,0.0,0.0,0.0,8725.363874749371,1203.3035485840264,0.9,0.0,0.0,0.0,0.0
44,audits,node-000,0.0,0.0,0.0,8725.363874749371,1182.1315865791878,0.9,0.0,0.0,0.0,0.0
44,audits,node-001,0.0,0.0,0.0,8725.363874749371,1182.1315865791878,0.9,0.0,0.0,0.0,0.0
44,audits,node-002,0.0,0.0,0.0,8725.363874749371,1182.1315865791878,0.9,0.0,0.0,0.0,0.0
44,audits,node-003,53.86994285574009,0.0,0.0,8725.363874749371,1182.1315865791878,0.9,-744.3058760035119,0.0,0.0,0.22096410616416293
44,audits,node-004,0.0,0.0,0.0,8725.363874749371,1182.1315865791878,0.9,0.0,0.0,0.0,0.0
44,audits,node-005,0.0,0.0,0.0,8725.363874749371,1182.1315865791878,0.9,0.0,0.0,0.0,0.0
44,audits,node-006,422.10531518365497,0.0,0.0,8725.363874749371,1182.1315865791878,0.9,-477.89468481634503,0.0,0.0,1.7313945167246494
44,audits,node-007,313.0798262043187,0.0,0.0,8725.363874749371,1182.1315865791878,0.9,-1086.9201737956812,0.0,0.0,1.2841930079734134
44,audits,node-008,610.542040293449,0.0,0.0,8725.363874749371,1182.1315865791878,0.9,-1031.5834400838426,0.0,0.0,2.5043255859832647
44,audits,node-009,0.0,0.0,0.0,8725.363874749371,1182.1315865791878,0.9,0.0,0.0,0.0,0.0
44,audits,node-010,28.22222262764825,0.0,0.0,8725.363874749371,1182.1315865791878,0.9,-71.77777737235175,0.0,0.0,0.11576210900360782
44,audits,node-011,0.23192289764915586,592.7363050502609,778.6727609460808,8725.363874749371,1182.1315865791878,0.9,-1639.220419024216,-27.890468384373207,-592.7363050502609,0.0009513029541405538
44,audits,node-012,0.0,0.0,0.0,8725.363874749371,1182.1315865791878,0.9,0.0,0.0,0.0,0.0
44,audits,node-013,53.83387460986793,0.0,0.0,8725.363874749371,1182.1315865791878,0.9,-346.1661253901321,0.0,0.0,0.22081616118246145
44,audits,node-014,194.756368277813,0.0,0.0,8725.363874749371,1182.1315865791878,0.9,-1060.3965966840342,0.0,0.0,0.7988530255457659
44,audits,node-015,0.0,0.0,0.0,8725.363874749371,1182.1315865791878,0.9,0.0,0.0,0.0,0.0
44,audits,node-016,202.50555920729528,0.0,0.0,8725.363874749371,1182.1315865791878,0.9,-1025.8316456129232,52.47252849647283,0.0,0.8306387107805523
44,audits,node-017,517.104052892706,0.0,0.0,8725.363874749371,1182.1315865791878,0.9,-634.9829594100249,0.0,0.0,2.121060999587226
44,audits,node-018,0.0,0.0,0.0,8725.363874749371,1182.1315865791878,0.9,0.0,0.0,0.0,0.0
44,audits,node-019,0.0,0.0,0.0,8725.363874749371,1182.1315865791878,0.9,-997.3369805319452,0.0,0.0,0.0
44,audits,node-020,0.0,0.0,0.0,8725.363874749371,1182.1315865791878,0.9,0.0,0.0,0.0,0.0
44,audits,node-021,236.14931576419303,0.0,0.0,8725.363874749371,1182.1315865791878,0.9,-1159.606171608117,0.0,0.0,0.9686389053511593
44,audits,node-022,0.0,0.0,0.0,8725.363874749371,1182.1315865791878,0.9,0.0,0.0,0.0,0.0
44,audits,node-023,0.0,0.0,0.0,8725.363874749371,1182.1315865791878,0.9,0.0,0.0,0.0,0.0
44,audits,node-024,614.5441802884064,202.77987286735154,219.15164592386623,8725.363874749371,1182.1315865791878,0.9,-1737.3983550584153,97.63485525775556,-202.77987286735154,2.5207415916415186
44,audits,node-025,326.49787132844915,0.0,0.0,8725.363874749371,1182.1315865791878,0.9,-1052.9957426568983,0.0,0.0,1.3392312387594325
44,audits,node-026,296.31335052633983,0.0,0.0,8725.363874749371,1182.1315865791878,0.9,-1103.68664947366,0.0,0.0,1.215420161459933
44,audits,node-027,404.0991452947016,164.61560275000517,184.30717970924118,8725.363874749371,1182.1315865791878,0.9,-1744.240247492643,92.27646566295755,-164.61560275000517,1.6575366838769818
44,audits,node-028,0.0,0.0,0.0,8725.363874749371,1182.1315865791878,0.9,0.0,0.0,0.0,0.0
44,audits,node-029,0.0,0.0,0.0,8725.363874749371,1182.1315865791878,0.9,0.0,0.0,0.0,0.0
42,greedy,node-000,0.0,0.0,0.0,8799.175139076804,332.9887799614134,1.0,0.0,0.0,0.0,0.0
42,greedy,node-001,0.0,0.0,0.0,8799.175139076804,332.9887799614134,1.0,0.0,0.0,0.0,0.0
42,greedy,node-002,0.0,39.81358752255631,119.44076256766893,8799.175139076804,332.9887799614134,1.0,-87.00032219319098,-8.66252267895625,-39.81358752255631,0.0
42,greedy,node-003,0.0,0.0,0.0,8799.175139076804,332.9887799614134,1.0,-35.3444802565517,0.0,0.0,0.0
42,greedy,node-004,0.0,0.0,0.0,8799.175139076804,332.9887799614134,1.0,0.0,0.0,0.0,0.0
42,greedy,node-005,0.0,0.0,0.0,8799.175139076804,332.9887799614134,1.0,0.0,0.0,0.0,0.0
42,greedy,node-006,0.0,0.0,0.0,8799.175139076804,332.9887799614134,1.0,0.0,0.0,0.0,0.0
42,greedy,node-007,0.0,0.0,0.0,8799.175139076804,332.9887799614134,1.0,0.0,0.0,0.0,0.0
42,greedy,node-008,0.0,0.0,0.0,8799.175139076804,332.9887799614134,1.0,-38.11197745314418,0.0,0.0,0.0
42,greedy,node-009,0.0,0.0,0.0,8799.175139076804,332.9887799614134,1.0,0.0,0.0,0.0,0.0
42,greedy,node-010,0.0,0.0,0.0,8799.175139076804,332.9887799614134,1.0,0.0,0.0,0.0,0.0
42,greedy,node-011,0.0,0.0,0.0,8799.175139076804,332.9887799614134,1.0,-37.08144640624654,0.0,0.0,0.0
42,greedy,node-012,0.0,0.0,0.0,8799.175139076804,332.9887799614134,1.0,0.0,0.0,0.0,0.0
42,greedy,node-013,0.0,0.0,0.0,8799.175139076804,332.9887799614134,1.0,0.0,0.0,0.0,0.0
42,greedy,node-014,0.0,0.0,0.0,8799.175139076804,332.9887799614134,1.0,0.0,0.0,0.0,0.0
42,greedy,node-015,0.0,0.0,0.0,8799.175139076804,332.9887799614134,1.0,0.0,0.0,0.0,0.0
42,greedy,node-016,0.0,0.0,0.0,8799.175139076804,332.9887799614134,1.0,0.0,0.0,0.0,0.0
42,greedy,node-017,0.0,0.0,0.0,8799.175139076804,332.9887799614134,1.0,0.0,0.0,0.0,0.0
42,greedy,node-018,0.0,0.0,0.0,8799.175139076804,332.9887799614134,1.0,0.0,0.0,0.0,0.0
42,greedy,node-019,0.0,0.0,0.0,8799.175139076804,332.9887799614134,1.0,-36.451369410938916,0.0,0.0,0.0
42,greedy,node-020,13.661050152493708,0.0,0.0,8799.175139076804,332.9887799614134,1.0,-55.479791465376586,0.0,0.0,0.05603499050097707
42,greedy,node-021,0.0,0.0,0.0,8799.175139076804,332.9887799614134,1.0,0.0,0.0,0.0,0.0
42,greedy,node-022,0.0,0.0,0.0,8799.175139076804,332.9887799614134,1.0,0.0,0.0,0.0,0.0
42,greedy,node-023,0.0,0.0,0.0,8799.175139076804,332.9887799614134,1.0,0.0,0.0,0.0,0.0
42,greedy,node-024,0.0,0.0,0.0,8799.175139076804,332.9887799614134,1.0,0.0,0.0,0.0,0.0
42,greedy,node-025,0.0,0.0,0.0,8799.175139076804,332.9887799614134,1.0,0.0,0.0,0.0,0.0
42,greedy,node-026,62.982083714859584,71.18267246458151,213.54801739374454,8799.175139076804,332.9887799614134,1.0,-127.60533558591774,7.809055905289213,-71.18267246458151,0.25834034889694585
42,greedy,node-027,0.0,0.0,0.0,8799.175139076804,332.9887799614134,1.0,0.0,0.0,0.0,0.0
42,greedy,node-028,0.0,0.0,0.0,8799.175139076804,332.9887799614134,1.0,-47.291060315981014,0.0,0.0,0.0
42,greedy,node-029,0.0,0.0,0.0,8799.175139076804,332.9887799614134,1.0,0.0,0.0,0.0,0.0
42,trust_vcg,node-000,0.0,0.0,0.0,8778.334725053024,1266.7906769138206,1.0,0.0,0.0,0.0,0.0
42,trust_vcg,node-001,0.0,0.0,0.0,8778.334725053024,1266.7906769138206,1.0,0.0,0.0,0.0,0.0
42,trust_vcg,node-002,0.0,488.1224676802963,568.7513423208379,8778.334725053024,1266.7906769138206,1.0,-11577.999514372239,-12.094331196081214,-488.1224676802963,0.0
42,trust_vcg,node-003,714.2900450371035,0.0,0.0,8778.334725053024,1266.7906769138206,1.0,-8885.709954962897,0.0,0.0,2.9298798732021574
42,trust_vcg,node-004,0.0,0.0,0.0,8778.334725053024,1266.7906769138206,1.0,0.0,0.0,0.0,0.0
42,trust_vcg,node-005,0.0,0.0,0.0,8778.334725053024,1266.7906769138206,1.0,0.0,0.0,0.0,0.0
42,trust_vcg,node-006,0.0,0.0,0.0,8778.334725053024,1266.7906769138206,1.0,0.0,0.0,0.0,0.0
42,trust_vcg,node-007,0.0,0.0,0.0,8778.334725053024,1266.7906769138206,1.0,0.0,0.0,0.0,0.0
42,trust_vcg,node-008,0.0,0.0,0.0,8778.334725053024,1266.7906769138206,1.0,-3905.3766370631274,0.0,0.0,0.0
42,trust_vcg,node-009,56.8994194979108,0.0,0.0,8778.334725053024,1266.7906769138206,1.0,-1143.100580502089,0.0,0.0,0.23339043451901345
42,trust_vcg,node-010,0.0,0.0,0.0,8778.334725053024,1266.7906769138206,1.0,0.0,0.0,0.0,0.0
42,trust_vcg,node-011,0.0,0.0,0.0,8778.334725053024,1266.7906769138206,1.0,-4470.542538011865,0.0,0.0,0.0
42,trust_vcg,node-012,0.0,0.0,0.0,8778.334725053024,1266.7906769138206,1.0,0.0,0.0,0.0,0.0
42,trust_vcg,node-013,0.0,0.0,0.0,8778.334725053024,1266.7906769138206,1.0,0.0,0.0,0.0,0.0
42,trust_vcg,node-014,0.0,0.0,0.0,8778.334725053024,1266.7906769138206,1.0,0.0,0.0,0.0,0.0
42,trust_vcg,node-015,0.0,0.0,0.0,8778.334725053024,1266.7906769138206,1.0,0.0,0.0,0.0,0.0
42,trust_vcg,node-016,0.0,0.0,0.0,8778.334725053024,1266.7906769138206,1.0,0.0,0.0,0.0,0.0
42,trust_vcg,node-017,0.0,0.0,0.0,8778.334725053024,1266.7906769138206,1.0,0.0,0.0,0.0,0.0
42,trust_vcg,node-018,0.0,0.0,0.0,8778.334725053024,1266.7906769138206,1.0,-5589.352126961203,0.0,0.0,0.0
42,trust_vcg,node-019,93.45893204304429,0.0,0.0,8778.334725053024,1266.7906769138206,1.0,-5536.451369410938,0.0,0.0,0.38335049727545906
42,trust_vcg,node-020,0.0,0.0,0.0,8778.334725053024,1266.7906769138206,1.0,-5573.398352672385,0.0,0.0,0.0
42,trust_vcg,node-021,0.0,0.0,0.0,8778.334725053024,1266.7906769138206,1.0,0.0,0.0,0.0,0.0
42,trust_vcg,node-022,0.0,0.0,0.0,8778.334725053024,1266.7906769138206,1.0,0.0,0.0,0.0,0.0
42,trust_vcg,node-023,0.0,0.0,0.0,8778.334725053024,1266.7906769138206,1.0,0.0,0.0,0.0,0.0
42,trust_vcg,node-024,0.0,0.0,0.0,8778.334725053024,1266.7906769138206,1.0,0.0,0.0,0.0,0.0
42,trust_vcg,node-025,0.0,0.0,0.0,8778.334725053024,1266.7906769138206,1.0,0.0,0.0,0.0,0.0
42,trust_vcg,node-026,101.1874581743806,565.0496489185989,698.0393345929824,8778.334725053024,1266.7906769138206,1.0,-6650.597467265027,-19.948452851157526,-565.0496489185989,0.4150514194975278
42,trust_vcg,node-027,0.0,0.0,0.0,8778.334725053024,1266.7906769138206,1.0,0.0,0.0,0.0,0.0
42,trust_vcg,node-028,0.0,0.0,0.0,8778.334725053024,1266.7906769138206,1.0,-10574.7808058373,0.0,0.0,0.0
42,trust_vcg,node-029,0.0,0.0,0.0,8778.334725053024,1266.7906769138206,1.0,0.0,0.0,0.0,0.0
42,contingent,node-000,0.0,0.0,0.0,8778.334725053024,320.42784047238786,1.0,0.0,0.0,0.0,0.0
42,contingent,node-001,0.0,0.0,0.0,8778.334725053024,320.42784047238786,1.0,0.0,0.0,0.0,0.0
42,contingent,node-002,27.910299500445184,40.31443732027082,120.94331196081248,8778.334725053024,320.42784047238786,1.0,-399.8226240880493,-12.094331196081242,-40.31443732027082,0.1144826605516403
42,contingent,node-003,0.0,0.0,0.0,8778.334725053024,320.42784047238786,1.0,-342.83981985158556,0.0,0.0,0.0
42,contingent,node-004,0.0,0.0,0.0,8778.334725053024,320.42784047238786,1.0,0.0,0.0,0.0,0.0
42,contingent,node-005,0.0,0.0,0.0,8778.334725053024,320.42784047238786,1.0,0.0,0.0,0.0,0.0
42,contingent,node-006,0.0,0.0,0.0,8778.334725053024,320.42784047238786,1.0,0.0,0.0,0.0,0.0
42,contingent,node-007,0.0,0.0,0.0,8778.334725053024,320.42784047238786,1.0,0.0,0.0,0.0,0.0
42,contingent,node-008,0.0,0.0,0.0,8778.334725053024,320.42784047238786,1.0,-221.50654825251115,0.0,0.0,0.0
42,contingent,node-009,0.0,0.0,0.0,8778.334725053024,320.42784047238786,1.0,-172.40232200835686,0.0,0.0,0.0
42,contingent,node-010,0.0,0.0,0.0,8778.334725053024,320.42784047238786,1.0,0.0,0.0,0.0,0.0
42,contingent,node-011,0.0,0.0,0.0,8778.334725053024,320.42784047238786,1.0,-282.17015204746224,0.0,0.0,0.0
42,contingent,node-012,0.0,0.0,0.0,8778.334725053024,320.42784047238786,1.0,0.0,0.0,0.0,0.0
42,contingent,node-013,0.0,0.0,0.0,8778.334725053024,320.42784047238786,1.0,0.0,0.0,0.0,0.0
42,contingent,node-014,0.0,0.0,0.0,8778.334725053024,320.42784047238786,1.0,0.0,0.0,0.0,0.0
42,contingent,node-015,0.0,0.0,0.0,8778.334725053024,320.42784047238786,1.0,0.0,0.0,0.0,0.0
42,contingent,node-016,0.0,0.0,0.0,8778.334725053024,320.42784047238786,1.0,0.0,0.0,0.0,0.0
42,contingent,node-017,0.0,0.0,0.0,8778.334725053024,320.42784047238786,1.0,0.0,0.0,0.0,0.0
42,contingent,node-018,0.0,0.0,0.0,8778.334725053024,320.42784047238786,1.0,-357.40850784481063,0.0,0.0,0.0
42,contingent,node-019,0.0,0.0,0.0,8778.334725053024,320.42784047238786,1.0,-145.8054776437557,0.0,0.0,0.0
42,contingent,node-020,17.65267700655511,0.0,0.0,8778.334725053024,320.42784047238786,1.0,-293.59341068954024,0.0,0.0,0.07240787328480511
42,contingent,node-021,0.0,0.0,0.0,8778.334725053024,320.42784047238786,1.0,0.0,0.0,0.0,0.0
42,contingent,node-022,0.0,0.0,0.0,8778.334725053024,320.42784047238786,1.0,0.0,0.0,0.0,0.0
42,contingent,node-023,0.0,0.0,0.0,8778.334725053024,320.42784047238786,1.0,0.0,0.0,0.0,0.0
42,contingent,node-024,0.0,0.0,0.0,8778.334725053024,320.42784047238786,1.0,0.0,0.0,0.0,0.0
42,contingent,node-025,0.0,0.0,0.0,8778.334725053024,320.42784047238786,1.0,0.0,0.0,0.0,0.0
42,contingent,node-026,136.72228043392496,66.49484283719181,199.48452851157543,8778.334725053024,320.42784047238786,1.0,-208.6861162229041,-19.94845285115754,-66.49484283719181,0.5608084005158577
42,contingent,node-027,0.0,0.0,0.0,8778.334725053024,320.42784047238786,1.0,0.0,0.0,0.0,0.0
42,contingent,node-028,0.0,0.0,0.0,8778.334725053024,320.42784047238786,1.0,-499.1232233492044,0.0,0.0,0.0
42,contingent,node-029,0.0,0.0,0.0,8778.334725053024,320.42784047238786,1.0,0.0,0.0,0.0,0.0
42,capped,node-000,0.0,0.0,0.0,8778.334725053024,320.42784047238786,1.0,0.0,0.0,0.0,0.0
42,capped,node-001,0.0,0.0,0.0,8778.334725053024,320.42784047238786,1.0,0.0,0.0,0.0,0.0
42,capped,node-002,27.910299500445184,40.31443732027082,120.94331196081248,8778.334725053024,320.42784047238786,1.0,-130.19148401221543,-12.094331196081242,-40.31443732027082,0.1144826605516403
42,capped,node-003,0.0,0.0,0.0,8778.334725053024,320.42784047238786,1.0,-85.70995496289638,0.0,0.0,0.0
42,capped,node-004,0.0,0.0,0.0,8778.334725053024,320.42784047238786,1.0,0.0,0.0,0.0,0.0
42,capped,node-005,0.0,0.0,0.0,8778.334725053024,320.42784047238786,1.0,0.0,0.0,0.0,0.0
42,capped,node-006,0.0,0.0,0.0,8778.334725053024,320.42784047238786,1.0,0.0,0.0,0.0,0.0
42,capped,node-007,0.0,0.0,0.0,8778.334725053024,320.42784047238786,1.0,0.0,0.0,0.0,0.0
42,capped,node-008,0.0,0.0,0.0,8778.334725053024,320.42784047238786,1.0,-55.37663706312779,0.0,0.0,0.0
42,capped,node-009,0.0,0.0,0.0,8778.334725053024,320.42784047238786,1.0,-43.1005805020892,0.0,0.0,0.0
42,capped,node-010,0.0,0.0,0.0,8778.334725053024,320.42784047238786,1.0,0.0,0.0,0.0,0.0
42,capped,node-011,0.0,0.0,0.0,8778.334725053024,320.42784047238786,1.0,-70.54253801186555,0.0,0.0,0.0
42,capped,node-012,0.0,0.0,0.0,8778.334725053024,320.42784047238786,1.0,0.0,0.0,0.0,0.0
42,capped,node-013,0.0,0.0,0.0,8778.334725053024,320.42784047238786,1.0,0.0,0.0,0.0,0.0
42,capped,node-014,0.0,0.0,0.0,8778.334725053024,320.42784047238786,1.0,0.0,0.0,0.0,0.0
42,capped,node-015,0.0,0.0,0.0,8778.334725053024,320.42784047238786,1.0,0.0,0.0,0.0,0.0
42,capped,node-016,0.0,0.0,0.0,8778.334725053024,320.42784047238786,1.0,0.0,0.0,0.0,0.0
42,capped,node-017,0.0,0.0,0.0,8778.334725053024,320.42784047238786,1.0,0.0,0.0,0.0,0.0
42,capped,node-018,7.959767854622001,0.0,0.0,8778.334725053024,320.42784047238786,1.0,-89.35212696120267,0.0,0.0,0.03264943113046901
42,capped,node-019,0.0,0.0,0.0,8778.334725053024,320.42784047238786,1.0,-36.451369410938916,0.0,0.0,0.0
42,capped,node-020,36.69917633619253,0.0,0.0,8778.334725053024,320.42784047238786,1.0,-73.39835267238506,0.0,0.0,0.15053293666569592
42,capped,node-021,0.0,0.0,0.0,8778.334725053024,320.42784047238786,1.0,0.0,0.0,0.0,0.0
42,capped,node-022,0.0,0.0,0.0,8778.334725053024,320.42784047238786,1.0,0.0,0.0,0.0,0.0
42,capped,node-023,0.0,0.0,0.0,8778.334725053024,320.42784047238786,1.0,0.0,0.0,0.0,0.0
42,capped,node-024,0.0,0.0,0.0,8778.334725053024,320.42784047238786,1.0,0.0,0.0,0.0,0.0
42,capped,node-025,0.0,0.0,0.0,8778.334725053024,320.42784047238786,1.0,0.0,0.0,0.0,0.0
42,capped,node-026,136.72228043392496,66.49484283719181,199.48452851157543,8778.334725053024,320.42784047238786,1.0,-102.04266118361988,-19.94845285115754,-66.49484283719181,0.5608084005158577
42,capped,node-027,0.0,0.0,0.0,8778.334725053024,320.42784047238786,1.0,0.0,0.0,0.0,0.0
42,capped,node-028,0.0,0.0,0.0,8778.334725053024,320.42784047238786,1.0,-124.7808058373011,0.0,0.0,0.0
42,capped,node-029,0.0,0.0,0.0,8778.334725053024,320.42784047238786,1.0,0.0,0.0,0.0,0.0
42,proper_scoring,node-000,0.0,0.0,0.0,8778.334725053024,1266.7906769138206,1.0,0.0,0.0,0.0,0.0
42,proper_scoring,node-001,0.0,0.0,0.0,8778.334725053024,1266.7906769138206,1.0,0.0,0.0,0.0,0.0
42,proper_scoring,node-002,440.9566207825049,488.1224676802963,568.7513423208379,8778.334725053024,1266.7906769138206,1.0,-847.6306544480748,-12.094331196081214,-488.1224676802963,1.8087189331034113
42,proper_scoring,node-003,714.2900450371035,0.0,0.0,8778.334725053024,1266.7906769138206,1.0,-342.83981985158556,0.0,0.0,2.9298798732021574
42,proper_scoring,node-004,0.0,0.0,0.0,8778.334725053024,1266.7906769138206,1.0,0.0,0.0,0.0,0.0
42,proper_scoring,node-005,0.0,0.0,0.0,8778.334725053024,1266.7906769138206,1.0,0.0,0.0,0.0,0.0
42,proper_scoring,node-006,0.0,0.0,0.0,8778.334725053024,1266.7906769138206,1.0,0.0,0.0,0.0,0.0
42,proper_scoring,node-007,0.0,0.0,0.0,8778.334725053024,1266.7906769138206,1.0,0.0,0.0,0.0,0.0
42,proper_scoring,node-008,131.78367342729177,0.0,0.0,8778.334725053024,1266.7906769138206,1.0,-221.50654825251115,0.0,0.0,0.540551187957844
42,proper_scoring,node-009,56.8994194979108,0.0,0.0,8778.334725053024,1266.7906769138206,1.0,-143.1005805020892,0.0,0.0,0.23339043451901345
42,proper_scoring,node-010,0.0,0.0,0.0,8778.334725053024,1266.7906769138206,1.0,0.0,0.0,0.0,0.0
42,proper_scoring,node-011,230.50354113142765,0.0,0.0,8778.334725053024,1266.7906769138206,1.0,-282.17015204746224,0.0,0.0,0.9454810277073299
42,proper_scoring,node-012,0.0,0.0,0.0,8778.334725053024,1266.7906769138206,1.0,0.0,0.0,0.0,0.0
42,proper_scoring,node-013,0.0,0.0,0.0,8778.334725053024,1266.7906769138206,1.0,0.0,0.0,0.0,0.0
42,proper_scoring,node-014,0.0,0.0,0.0,8778.334725053024,1266.7906769138206,1.0,0.0,0.0,0.0,0.0
42,proper_scoring,node-015,0.0,0.0,0.0,8778.334725053024,1266.7906769138206,1.0,0.0,0.0,0.0,0.0
42,proper_scoring,node-016,0.0,0.0,0.0,8778.334725053024,1266.7906769138206,1.0,0.0,0.0,0.0,0.0
42,proper_scoring,node-017,0.0,0.0,0.0,8778.334725053024,1266.7906769138206,1.0,0.0,0.0,0.0,0.0
42,proper_scoring,node-018,312.8892659110653,0.0,0.0,8778.334725053024,1266.7906769138206,1.0,-357.40850784481063,0.0,0.0,1.2834113664375781
42,proper_scoring,node-019,280.0219119048282,0.0,0.0,8778.334725053024,1266.7906769138206,1.0,-145.8054776437557,0.0,0.0,1.1485958252476092
42,proper_scoring,node-020,467.65267700655505,0.0,0.0,8778.334725053024,1266.7906769138206,1.0,-293.59341068954024,0.0,0.0,1.9182210021412833
42,proper_scoring,node-021,0.0,0.0,0.0,8778.334725053024,1266.7906769138206,1.0,0.0,0.0,0.0,0.0
42,proper_scoring,node-022,0.0,0.0,0.0,8778.334725053024,1266.7906769138206,1.0,0.0,0.0,0.0,0.0
42,proper_scoring,node-023,0.0,0.0,0.0,8778.334725053024,1266.7906769138206,1.0,0.0,0.0,0.0,0.0
42,proper_scoring,node-024,0.0,0.0,0.0,8778.334725053024,1266.7906769138206,1.0,0.0,0.0,0.0,0.0
42,proper_scoring,node-025,0.0,0.0,0.0,8778.334725053024,1266.7906769138206,1.0,0.0,0.0,0.0,0.0
42,proper_scoring,node-026,101.1874581743806,565.0496489185989,698.0393345929824,8778.334725053024,1266.7906769138206,1.0,-707.2409223043112,-19.948452851157526,-565.0496489185989,0.4150514194975278
42,proper_scoring,node-027,0.0,0.0,0.0,8778.334725053024,1266.7906769138206,1.0,0.0,0.0,0.0,0.0
42,proper_scoring,node-028,697.7364273661608,0.0,0.0,8778.334725053024,1266.7906769138206,1.0,-486.3411805512041,0.0,0.0,2.861980129141943
42,proper_scoring,node-029,0.0,0.0,0.0,8778.334725053024,1266.7906769138206,1.0,0.0,0.0,0.0,0.0
42,audits,node-000,0.0,0.0,0.0,8778.334725053024,1266.7906769138206,1.0,0.0,0.0,0.0,0.0
42,audits,node-001,0.0,0.0,0.0,8778.334725053024,1266.7906769138206,1.0,0.0,0.0,0.0,0.0
42,audits,node-002,405.7692846944579,488.1224676802963,568.7513423208379,8778.334725053024,1266.7906769138206,1.0,-2077.9995143722413,-12.094331196081214,-488.1224676802963,1.6643872732794056
42,audits,node-003,714.2900450371035,0.0,0.0,8778.334725053024,1266.7906769138206,1.0,-1385.7099549628965,0.0,0.0,2.9298798732021574
42,audits,node-004,0.0,0.0,0.0,8778.334725053024,1266.7906769138206,1.0,0.0,0.0,0.0,0.0
42,audits,node-005,0.0,0.0,0.0,8778.334725053024,1266.7906769138206,1.0,0.0,0.0,0.0,0.0
42,audits,node-006,0.0,0.0,0.0,8778.334725053024,1266.7906769138206,1.0,0.0,0.0,0.0,0.0
42,audits,node-007,0.0,0.0,0.0,8778.334725053024,1266.7906769138206,1.0,0.0,0.0,0.0,0.0
42,audits,node-008,94.62336293687221,0.0,0.0,8778.334725053024,1266.7906769138206,1.0,-405.37663706312776,0.0,0.0,0.3881267680120672
42,audits,node-009,56.8994194979108,0.0,0.0,8778.334725053024,1266.7906769138206,1.0,-143.1005805020892,0.0,0.0,0.23339043451901345
42,audits,node-010,0.0,0.0,0.0,8778.334725053024,1266.7906769138206,1.0,0.0,0.0,0.0,0.0
42,audits,node-011,229.45746198813447,0.0,0.0,8778.334725053024,1266.7906769138206,1.0,-470.5425380118656,0.0,0.0,0.9411902130039665
42,audits,node-012,0.0,0.0,0.0,8778.334725053024,1266.7906769138206,1.0,0.0,0.0,0.0,0.0
42,audits,node-013,0.0,0.0,0.0,8778.334725053024,1266.7906769138206,1.0,0.0,0.0,0.0,0.0
42,audits,node-014,0.0,0.0,0.0,8778.334725053024,1266.7906769138206,1.0,0.0,0.0,0.0,0.0
42,audits,node-015,0.0,0.0,0.0,8778.334725053024,1266.7906769138206,1.0,0.0,0.0,0.0,0.0
42,audits,node-016,0.0,0.0,0.0,8778.334725053024,1266.7906769138206,1.0,0.0,0.0,0.0,0.0
42,audits,node-017,0.0,0.0,0.0,8778.334725053024,1266.7906769138206,1.0,0.0,0.0,0.0,0.0
42,audits,node-018,310.6478730387973,0.0,0.0,8778.334725053024,1266.7906769138206,1.0,-589.3521269612027,0.0,0.0,1.2742176055696723
42,audits,node-019,163.54863058906105,0.0,0.0,8778.334725053024,1266.7906769138206,1.0,-1036.451369410939,0.0,0.0,0.6708449101061936
42,audits,node-020,436.69917633619247,0.0,0.0,8778.334725053024,1266.7906769138206,1.0,-573.398352672385,0.0,0.0,1.7912557178714543
42,audits,node-021,0.0,0.0,0.0,8778.334725053024,1266.7906769138206,1.0,0.0,0.0,0.0,0.0
42,audits,node-022,0.0,0.0,0.0,8778.334725053024,1266.7906769138206,1.0,0.0,0.0,0.0,0.0
42,audits,node-023,0.0,0.0,0.0,8778.334725053024,1266.7906769138206,1.0,0.0,0.0,0.0,0.0
42,audits,node-024,0.0,0.0,0.0,8778.334725053024,1266.7906769138206,1.0,0.0,0.0,0.0,0.0
42,audits,node-025,0.0,0.0,0.0,8778.334725053024,1266.7906769138206,1.0,0.0,0.0,0.0,0.0
42,audits,node-026,101.1874581743806,565.0496489185989,698.0393345929824,8778.334725053024,1266.7906769138206,1.0,-1150.5974672650268,-19.948452851157526,-565.0496489185989,0.4150514194975278
42,audits,node-027,0.0,0.0,0.0,8778.334725053024,1266.7906769138206,1.0,0.0,0.0,0.0,0.0
42,audits,node-028,625.2191941626988,0.0,0.0,8778.334725053024,1266.7906769138206,1.0,-1574.7808058373012,0.0,0.0,2.5645284377746163
42,audits,node-029,0.0,0.0,0.0,8778.334725053024,1266.7906769138206,1.0,0.0,0.0,0.0,0.0
58,greedy,node-000,0.0,0.0,0.0,8590.991528965205,326.5762425303242,0.8,0.0,0.0,-76.8267292857368,0.0
58,greedy,node-001,5.572043788263629,0.0,0.0,8590.991528965205,326.5762425303242,0.8,-76.8267292857368,0.0,0.0,0.022855447953200433
58,greedy,node-002,0.0,80.80008846375556,242.40026539126666,8590.991528965205,326.5762425303242,0.8,-145.25372280556388,-24.240026539126653,-80.80008846375556,0.0
58,greedy,node-003,0.0,0.0,0.0,8590.991528965205,326.5762425303242,0.8,0.0,0.0,0.0,0.0
58,greedy,node-004,0.0,0.0,0.0,8590.991528965205,326.5762425303242,0.8,0.0,0.0,0.0,0.0
58,greedy,node-005,0.0,0.0,0.0,8590.991528965205,326.5762425303242,0.8,0.0,0.0,0.0,0.0
58,greedy,node-006,0.0,0.0,0.0,8590.991528965205,326.5762425303242,0.8,0.0,0.0,0.0,0.0
58,greedy,node-007,21.04399428476438,28.058659046352524,84.17597713905755,8590.991528965205,326.5762425303242,0.8,-68.71005738900757,-4.10708514041993,-28.058659046352524,0.08631840207644176
58,greedy,node-008,0.0,0.0,0.0,8590.991528965205,326.5762425303242,0.8,0.0,0.0,0.0,0.0
58,greedy,node-009,0.0,0.0,0.0,8590.991528965205,326.5762425303242,0.8,0.0,0.0,0.0,0.0
58,greedy,node-010,0.0,0.0,0.0,8590.991528965205,326.5762425303242,0.8,0.0,0.0,0.0,0.0
58,greedy,node-011,0.0,0.0,0.0,8590.991528965205,326.5762425303242,0.8,0.0,0.0,0.0,0.0
58,greedy,node-012,9.06761381678821,0.0,0.0,8590.991528965205,326.5762425303242,0.8,-32.840760078679494,0.0,0.0,0.03719360140095129
58,greedy,node-013,0.0,0.0,0.0,8590.991528965205,326.5762425303242,0.8,0.0,0.0,0.0,0.0
58,greedy,node-014,0.0,0.0,0.0,8590.991528965205,326.5762425303242,0.8,0.0,0.0,0.0,0.0
58,greedy,node-015,0.0,0.0,0.0,8590.991528965205,326.5762425303242,0.8,0.0,0.0,0.0,0.0
58,greedy,node-016,0.0,0.0,0.0,8590.991528965205,326.5762425303242,0.8,0.0,0.0,0.0,0.0
58,greedy,node-017,12.509631152630543,0.0,0.0,8590.991528965205,326.5762425303242,0.8,-53.22207371923138,10.149609356104694,0.0,0.05131209204150546
58,greedy,node-018,0.0,0.0,0.0,8590.991528965205,326.5762425303242,0.8,0.0,0.0,0.0,0.0
58,greedy,node-019,0.0,0.0,0.0,8590.991528965205,326.5762425303242,0.8,0.0,0.0,0.0,0.0
58,greedy,node-020,0.0,0.0,0.0,8590.991528965205,326.5762425303242,0.8,0.0,0.0,0.0,0.0
58,greedy,node-021,0.0,0.0,0.0,8590.991528965205,326.5762425303242,0.8,0.0,0.0,0.0,0.0
58,greedy,node-022,0.0,0.0,0.0,8590.991528965205,326.5762425303242,0.8,0.0,0.0,0.0,0.0
58,greedy,node-023,0.0,0.0,0.0,8590.991528965205,326.5762425303242,0.8,-74.37975366960409,0.0,0.0,0.0
58,greedy,node-024,0.0,0.0,0.0,8590.991528965205,326.5762425303242,0.8,0.0,0.0,0.0,0.0
58,greedy,node-025,0.0,0.0,0.0,8590.991528965205,326.5762425303242,0.8,0.0,0.0,0.0,0.0
58,greedy,node-026,0.0,0.0,0.0,8590.991528965205,326.5762425303242,0.8,0.0,0.0,0.0,0.0
58,greedy,node-027,0.0,0.0,0.0,8590.991528965205,326.5762425303242,0.8,0.0,0.0,0.0,0.0
58,greedy,node-028,0.0,0.0,0.0,8590.991528965205,326.5762425303242,0.8,-33.94124472807703,0.0,0.0,0.0
58,greedy,node-029,0.0,0.0,0.0,8590.991528965205,326.5762425303242,0.8,-71.69498856563261,0.0,0.0,0.0
58,trust_vcg,node-000,222.4138446011573,0.0,0.0,8508.06108324877,-236.55395242920616,0.8421052631578947,-5640.660526750449,0.0,101.31456894585853,0.9122986542316905
58,trust_vcg,node-001,838.4133646428683,0.0,0.0,8508.06108324877,-236.55395242920616,0.8421052631578947,-11087.623768881644,0.0,0.0,3.4390097685923116
58,trust_vcg,node-002,701.7292312344852,0.0,0.0,8508.06108324877,-236.55395242920616,0.8421052631578947,-5507.747490914683,0.0,0.0,2.8783578398110587
58,trust_vcg,node-003,0.0,0.0,0.0,8508.06108324877,-236.55395242920616,0.8421052631578947,0.0,0.0,0.0,0.0
58,trust_vcg,node-004,0.0,0.0,0.0,8508.06108324877,-236.55395242920616,0.8421052631578947,0.0,0.0,0.0,0.0
58,trust_vcg,node-005,0.0,0.0,0.0,8508.06108324877,-236.55395242920616,0.8421052631578947,-3427.3426382096927,0.0,0.0,0.0
58,trust_vcg,node-006,260.41472219660375,0.0,0.0,8508.06108324877,-236.55395242920616,0.8421052631578947,-3939.585277803397,0.0,0.0,1.0681709181733419
58,trust_vcg,node-007,1328.191855928212,-1328.191855928212,-1289.4729778855553,8508.06108324877,-236.55395242920616,0.8421052631578947,-9632.101979791705,-419.26277827166405,1328.191855928212,5.447986589583436
58,trust_vcg,node-008,91.28230378446725,0.0,0.0,8508.06108324877,-236.55395242920616,0.8421052631578947,-2308.717696215533,0.0,0.0,0.3744223883503001
58,trust_vcg,node-009,289.60671826492785,0.0,0.0,8508.06108324877,-236.55395242920616,0.8421052631578947,-6767.575150065519,0.0,0.0,1.1879108506187626
58,trust_vcg,node-010,282.2108749872964,0.0,0.0,8508.06108324877,-236.55395242920616,0.8421052631578947,-5117.789125012704,0.0,0.0,1.157574529239169
58,trust_vcg,node-011,158.85615579548218,0.0,0.0,8508.06108324877,-236.55395242920616,0.8421052631578947,-3441.143844204518,0.0,0.0,0.651597284371047
58,trust_vcg,node-012,593.5976263752511,349.99759579698326,450.33337720379564,8508.06108324877,-236.55395242920616,0.8421052631578947,-11490.802044128013,318.44504116987576,-349.99759579698326,2.4348228711588473
58,trust_vcg,node-013,0.0,0.0,0.0,8508.06108324877,-236.55395242920616,0.8421052631578947,0.0,0.0,0.0,0.0
58,trust_vcg,node-014,0.0,0.0,0.0,8508.06108324877,-236.55395242920616,0.8421052631578947,-4433.568867343734,0.0,0.0,0.0
58,trust_vcg,node-015,214.371816711995,0.0,0.0,8508.06108324877,-236.55395242920616,0.8421052631578947,-5661.171856640922,0.0,0.0,0.8793118083195889
58,trust_vcg,node-016,240.94111153739996,0.0,0.0,8508.06108324877,-236.55395242920616,0.8421052631578947,-3959.0588884626,0.0,0.0,0.9882939265711245
58,trust_vcg,node-017,0.0,0.0,0.0,8508.06108324877,-236.55395242920616,0.8421052631578947,-5534.407275655899,0.0,0.0,0.0
58,trust_vcg,node-018,0.0,0.0,0.0,8508.06108324877,-236.55395242920616,0.8421052631578947,0.0,0.0,0.0,0.0
58,trust_vcg,node-019,0.0,0.0,0.0,8508.06108324877,-236.55395242920616,0.8421052631578947,-2283.858948855936,0.0,0.0,0.0
58,trust_vcg,node-020,0.0,0.0,0.0,8508.06108324877,-236.55395242920616,0.8421052631578947,0.0,0.0,0.0,0.0
58,trust_vcg,node-021,0.0,0.0,0.0,8508.06108324877,-236.55395242920616,0.8421052631578947,-3965.0124828112157,0.0,0.0,0.0
58,trust_vcg,node-022,0.0,0.0,0.0,8508.06108324877,-236.55395242920616,0.8421052631578947,-5596.774707476149,0.0,0.0,0.0
58,trust_vcg,node-023,0.0,0.0,0.0,8508.06108324877,-236.55395242920616,0.8421052631578947,-7790.494888313074,0.0,0.0,0.0
58,trust_vcg,node-024,0.0,0.0,0.0,8508.06108324877,-236.55395242920616,0.8421052631578947,-7797.939412737254,0.0,0.0,0.0
58,trust_vcg,node-025,0.0,0.0,0.0,8508.06108324877,-236.55395242920616,0.8421052631578947,0.0,0.0,0.0,0.0
58,trust_vcg,node-026,0.0,0.0,0.0,8508.06108324877,-236.55395242920616,0.8421052631578947,0.0,0.0,0.0,0.0
58,trust_vcg,node-027,179.8719971419569,0.0,0.0,8508.06108324877,-236.55395242920616,0.8421052631578947,-2220.128002858043,0.0,0.0,0.7378002085294645
58,trust_vcg,node-028,87.18540455894512,0.0,0.0,8508.06108324877,-236.55395242920616,0.8421052631578947,-10012.308077910246,0.0,0.0,0.3576176986212542
58,trust_vcg,node-029,183.4988831650764,399.9045971589748,602.5856482525533,8508.06108324877,-236.55395242920616,0.8421052631578947,-6525.99860891838,27.100122329136525,-399.9045971589748,0.7526769948368868
58,contingent,node-000,22.4138446011573,0.0,0.0,8508.06108324877,488.14666409877714,0.8421052631578947,-562.6421070017974,0.0,-57.8615675557991,0.09193726362881122
58,contingent,node-001,244.7922196063385,0.0,0.0,8508.06108324877,488.14666409877714,0.8421052631578947,-350.495075526567,0.0,0.0,1.0040904284251064
58,contingent,node-002,253.88130220742664,0.0,0.0,8508.06108324877,488.14666409877714,0.8421052631578947,-161.60017692751111,0.0,0.0,1.0413720906347719
58,contingent,node-003,0.0,0.0,0.0,8508.06108324877,488.14666409877714,0.8421052631578947,0.0,0.0,0.0,0.0
58,contingent,node-004,0.0,0.0,0.0,8508.06108324877,488.14666409877714,0.8421052631578947,0.0,0.0,0.0,0.0
58,contingent,node-005,0.0,0.0,0.0,8508.06108324877,488.14666409877714,0.8421052631578947,-509.3705528387712,0.0,0.0,0.0
58,contingent,node-006,0.0,0.0,0.0,8508.06108324877,488.14666409877714,0.8421052631578947,-358.341111213585,0.0,0.0,0.0
58,contingent,node-007,23.631771628866034,-5.097462694466057,33.62141534819075,8508.06108324877,488.14666409877714,0.8421052631578947,-392.33373131408945,-5.716185532387494,5.097462694466057,0.09693296517933105
58,contingent,node-008,0.0,0.0,0.0,8508.06108324877,488.14666409877714,0.8421052631578947,-434.8707848621309,0.0,0.0,0.0
58,contingent,node-009,0.0,0.0,0.0,8508.06108324877,488.14666409877714,0.8421052631578947,-670.3006002620721,0.0,0.0,0.0
58,contingent,node-010,0.0,0.0,0.0,8508.06108324877,488.14666409877714,0.8421052631578947,-671.1565000508145,0.0,0.0,0.0
58,contingent,node-011,0.0,0.0,0.0,8508.06108324877,488.14666409877714,0.8421052631578947,-564.5753768180712,0.0,0.0,0.0
58,contingent,node-012,54.952637888482606,50.16789070340618,150.50367211021856,8508.06108324877,488.14666409877714,0.8421052631578947,-613.3856840275155,18.615336076298682,-50.16789070340618,0.22540511217746032
58,contingent,node-013,0.0,0.0,0.0,8508.06108324877,488.14666409877714,0.8421052631578947,0.0,0.0,0.0,0.0
58,contingent,node-014,0.0,0.0,0.0,8508.06108324877,488.14666409877714,0.8421052631578947,-134.27546937493767,0.0,0.0,0.0
58,contingent,node-015,0.0,0.0,0.0,8508.06108324877,488.14666409877714,0.8421052631578947,-644.6874265636875,0.0,0.0,0.0
58,contingent,node-016,40.27333853612721,0.0,0.0,8508.06108324877,488.14666409877714,0.8421052631578947,-436.23555385040015,0.0,0.0,0.16519346002858926
58,contingent,node-017,85.31383996137531,0.0,0.0,8508.06108324877,488.14666409877714,0.8421052631578947,-212.88829487692556,0.0,0.0,0.34994090194192673
58,contingent,node-018,0.0,0.0,0.0,8508.06108324877,488.14666409877714,0.8421052631578947,0.0,0.0,0.0,0.0
58,contingent,node-019,0.0,0.0,0.0,8508.06108324877,488.14666409877714,0.8421052631578947,-347.67185378221484,0.0,0.0,0.0
58,contingent,node-020,0.0,0.0,0.0,8508.06108324877,488.14666409877714,0.8421052631578947,0.0,0.0,0.0,0.0
58,contingent,node-021,0.0,0.0,0.0,8508.06108324877,488.14666409877714,0.8421052631578947,-460.0499312448654,0.0,0.0,0.0
58,contingent,node-022,0.0,0.0,0.0,8508.06108324877,488.14666409877714,0.8421052631578947,-387.0988299045954,0.0,0.0,0.0
58,contingent,node-023,0.0,0.0,0.0,8508.06108324877,488.14666409877714,0.8421052631578947,-361.97955325229395,0.0,0.0,0.0
58,contingent,node-024,0.0,0.0,0.0,8508.06108324877,488.14666409877714,0.8421052631578947,-391.75765094901436,0.0,0.0,0.0
58,contingent,node-025,0.0,0.0,0.0,8508.06108324877,488.14666409877714,0.8421052631578947,0.0,0.0,0.0,0.0
58,contingent,node-026,0.0,0.0,0.0,8508.06108324877,488.14666409877714,0.8421052631578947,0.0,0.0,0.0,0.0
58,contingent,node-027,0.0,0.0,0.0,8508.06108324877,488.14666409877714,0.8421052631578947,-80.5120114321724,0.0,0.0,0.0
58,contingent,node-028,93.12258843385506,0.0,0.0,8508.06108324877,488.14666409877714,0.8421052631578947,-449.23231164098644,0.0,0.0,0.3819708807206847
58,contingent,node-029,147.92002291297322,101.34052554678928,304.0215766403678,8508.06108324877,488.14666409877714,0.8421052631578947,-405.716572584408,-22.660556272894326,-101.34052554678928,0.6067393784744824
58,capped,node-000,22.4138446011573,0.0,0.0,8508.06108324877,512.6035658145715,0.8421052631578947,-140.66052675044935,0.0,-49.69512969721356,0.09193726362881122
58,capped,node-001,244.7922196063385,0.0,0.0,8508.06108324877,512.6035658145715,0.8421052631578947,-87.62376888164174,0.0,0.0,1.0040904284251064
58,capped,node-002,253.88130220742664,0.0,0.0,8508.06108324877,512.6035658145715,0.8421052631578947,-40.40004423187777,0.0,0.0,1.0413720906347719
58,capped,node-003,0.0,0.0,0.0,8508.06108324877,512.6035658145715,0.8421052631578947,0.0,0.0,0.0,0.0
58,capped,node-004,0.0,0.0,0.0,8508.06108324877,512.6035658145715,0.8421052631578947,0.0,0.0,0.0,0.0
58,capped,node-005,0.0,0.0,0.0,8508.06108324877,512.6035658145715,0.8421052631578947,-127.3426382096928,0.0,0.0,0.0
58,capped,node-006,0.0,0.0,0.0,8508.06108324877,512.6035658145715,0.8421052631578947,-89.58527780339625,0.0,0.0,0.0
58,capped,node-007,77.88658372957866,19.359439021328406,58.07831706398521,8508.06108324877,512.6035658145715,0.8421052631578947,-118.71723752346728,0.28162231111836533,-19.359439021328406,0.31947573068852375
58,capped,node-008,0.0,0.0,0.0,8508.06108324877,512.6035658145715,0.8421052631578947,-108.71769621553274,0.0,0.0,0.0
58,capped,node-009,0.0,0.0,0.0,8508.06108324877,512.6035658145715,0.8421052631578947,-167.57515006551802,0.0,0.0,0.0
58,capped,node-010,0.0,0.0,0.0,8508.06108324877,512.6035658145715,0.8421052631578947,-167.7891250127036,0.0,0.0,0.0
58,capped,node-011,0.0,0.0,0.0,8508.06108324877,512.6035658145715,0.8421052631578947,-141.1438442045178,0.0,0.0,0.0
58,capped,node-012,54.952637888482606,50.16789070340618,150.50367211021856,8508.06108324877,512.6035658145715,0.8421052631578947,-190.97233903443347,18.615336076298682,-50.16789070340618,0.22540511217746032
58,capped,node-013,0.0,0.0,0.0,8508.06108324877,512.6035658145715,0.8421052631578947,0.0,0.0,0.0,0.0
58,capped,node-014,0.0,0.0,0.0,8508.06108324877,512.6035658145715,0.8421052631578947,-33.56886734373442,0.0,0.0,0.0
58,capped,node-015,0.0,0.0,0.0,8508.06108324877,512.6035658145715,0.8421052631578947,-161.1718566409219,0.0,0.0,0.0
58,capped,node-016,40.27333853612721,0.0,0.0,8508.06108324877,512.6035658145715,0.8421052631578947,-109.05888846260001,0.0,0.0,0.16519346002858926
58,capped,node-017,174.22354466527,0.0,0.0,8508.06108324877,512.6035658145715,0.8421052631578947,-53.22207371923138,0.0,0.0,0.7146313468868187
58,capped,node-018,0.0,0.0,0.0,8508.06108324877,512.6035658145715,0.8421052631578947,0.0,0.0,0.0,0.0
58,capped,node-019,12.701339766347772,0.0,0.0,8508.06108324877,512.6035658145715,0.8421052631578947,-86.91796344555371,0.0,0.0,0.05209844376620354
58,capped,node-020,0.0,0.0,0.0,8508.06108324877,512.6035658145715,0.8421052631578947,0.0,0.0,0.0,0.0
58,capped,node-021,28.986473809812196,0.0,0.0,8508.06108324877,512.6035658145715,0.8421052631578947,-115.01248281121634,0.0,0.0,0.11889691981645738
58,capped,node-022,138.59288013935748,0.0,0.0,8508.06108324877,512.6035658145715,0.8421052631578947,-96.77470747614886,0.0,0.0,0.5684812393939074
58,capped,node-023,188.83838573286133,0.0,0.0,8508.06108324877,512.6035658145715,0.8421052631578947,-90.49488831307349,0.0,0.0,0.7745786035950653
58,capped,node-024,0.0,0.0,0.0,8508.06108324877,512.6035658145715,0.8421052631578947,-97.93941273725356,0.0,0.0,0.0
58,capped,node-025,0.0,0.0,0.0,8508.06108324877,512.6035658145715,0.8421052631578947,0.0,0.0,0.0,0.0
58,capped,node-026,0.0,0.0,0.0,8508.06108324877,512.6035658145715,0.8421052631578947,0.0,0.0,0.0,0.0
58,capped,node-027,0.0,0.0,0.0,8508.06108324877,512.6035658145715,0.8421052631578947,-20.1280028580431,0.0,0.0,0.0
58,capped,node-028,213.16535438562386,0.0,0.0,8508.06108324877,512.6035658145715,0.8421052631578947,-112.30807791024661,0.0,0.0,0.8743631327607299
58,capped,node-029,147.92002291297322,101.34052554678928,304.0215766403678,8508.06108324877,512.6035658145715,0.8421052631578947,-177.434537306194,-22.660556272894326,-101.34052554678928,0.6067393784744824
58,proper_scoring,node-000,222.4138446011573,0.0,0.0,8508.06108324877,1264.3766272069233,0.8421052631578947,-494.9879072159923,0.0,619.1729850695041,0.9122986542316905
58,proper_scoring,node-001,854.2097932597728,0.0,0.0,8508.06108324877,1264.3766272069233,0.8421052631578947,-350.495075526567,0.0,0.0,3.5038036693259262
58,proper_scoring,node-002,701.7292312344852,0.0,0.0,8508.06108324877,1264.3766272069233,0.8421052631578947,-161.60017692751111,0.0,0.0,2.8783578398110587
58,proper_scoring,node-003,0.0,0.0,0.0,8508.06108324877,1264.3766272069233,0.8421052631578947,0.0,0.0,0.0,0.0
58,proper_scoring,node-004,0.0,0.0,0.0,8508.06108324877,1264.3766272069233,0.8421052631578947,0.0,0.0,0.0,0.0
58,proper_scoring,node-005,0.0,0.0,0.0,8508.06108324877,1264.3766272069233,0.8421052631578947,-423.23057060924305,0.0,0.0,0.0
58,proper_scoring,node-006,260.41472219660375,0.0,0.0,8508.06108324877,1264.3766272069233,0.8421052631578947,-343.2471283177198,0.0,0.0,1.0681709181733419
58,proper_scoring,node-007,379.61465811566393,172.73872370791787,211.45760175057467,8508.06108324877,1264.3766272069233,0.8421052631578947,-545.562627609716,83.20190766880447,-172.73872370791787,1.5571060441250133
58,proper_scoring,node-008,91.28230378446725,0.0,0.0,8508.06108324877,1264.3766272069233,0.8421052631578947,-308.7176962155327,0.0,0.0,0.3744223883503001
58,proper_scoring,node-009,332.424849934482,0.0,0.0,8508.06108324877,1264.3766272069233,0.8421052631578947,-557.8537512456821,0.0,0.0,1.3635425608160257
58,proper_scoring,node-010,282.2108749872964,0.0,0.0,8508.06108324877,1264.3766272069233,0.8421052631578947,-549.0779639071167,0.0,0.0,1.157574529239169
58,proper_scoring,node-011,158.85615579548218,0.0,0.0,8508.06108324877,1264.3766272069233,0.8421052631578947,-434.3156683137284,0.0,0.0,0.651597284371047
58,proper_scoring,node-012,593.5976263752511,349.99759579698326,450.33337720379564,8508.06108324877,1264.3766272069233,0.8421052631578947,-846.4529031602135,318.44504116987576,-349.99759579698326,2.4348228711588473
58,proper_scoring,node-013,0.0,0.0,0.0,8508.06108324877,1264.3766272069233,0.8421052631578947,0.0,0.0,0.0,0.0
58,proper_scoring,node-014,240.11933847729,0.0,0.0,8508.06108324877,1264.3766272069233,0.8421052631578947,-134.27546937493767,0.0,0.0,0.9849231721193654
58,proper_scoring,node-015,265.23876256475563,0.0,0.0,8508.06108324877,1264.3766272069233,0.8421052631578947,-539.7042080848679,0.0,0.0,1.0879582004970494
58,proper_scoring,node-016,240.94111153739996,0.0,0.0,8508.06108324877,1264.3766272069233,0.8421052631578947,-422.6250599458026,0.0,0.0,0.9882939265711245
58,proper_scoring,node-017,232.65400552660083,0.0,0.0,8508.06108324877,1264.3766272069233,0.8421052631578947,-212.88829487692556,0.0,0.0,0.9543018175156611
58,proper_scoring,node-018,0.0,0.0,0.0,8508.06108324877,1264.3766272069233,0.8421052631578947,0.0,0.0,0.0,0.0
58,proper_scoring,node-019,13.842386987764527,0.0,0.0,8508.06108324877,1264.3766272069233,0.8421052631578947,-283.85894885593586,0.0,0.0,0.056778799192728546
58,proper_scoring,node-020,0.0,0.0,0.0,8508.06108324877,1264.3766272069233,0.8421052631578947,0.0,0.0,0.0,0.0
58,proper_scoring,node-021,78.98647380981218,0.0,0.0,8508.06108324877,1264.3766272069233,0.8421052631578947,-436.1310883859921,0.0,0.0,0.32398726746717715
58,proper_scoring,node-022,114.14812475858335,0.0,0.0,8508.06108324877,1264.3766272069233,0.8421052631578947,-385.75899445304077,0.0,0.0,0.46821357180831197
58,proper_scoring,node-023,306.3502319472554,0.0,0.0,8508.06108324877,1264.3766272069233,0.8421052631578947,-361.97955325229395,0.0,0.0,1.2565895114588252
58,proper_scoring,node-024,385.09287063346096,0.0,0.0,8508.06108324877,1264.3766272069233,0.8421052631578947,-391.75765094901436,0.0,0.0,1.5795766143206038
58,proper_scoring,node-025,0.0,0.0,0.0,8508.06108324877,1264.3766272069233,0.8421052631578947,0.0,0.0,0.0,0.0
58,proper_scoring,node-026,0.0,0.0,0.0,8508.06108324877,1264.3766272069233,0.8421052631578947,0.0,0.0,0.0,0.0
58,proper_scoring,node-027,179.8719971419569,0.0,0.0,8508.06108324877,1264.3766272069233,0.8421052631578947,-80.5120114321724,0.0,0.0,0.7378002085294645
58,proper_scoring,node-028,628.191740181776,0.0,0.0,8508.06108324877,1264.3766272069233,0.8421052631578947,-449.23231164098644,0.0,0.0,2.5767212477038224
58,proper_scoring,node-029,183.4988831650764,399.9045971589748,602.5856482525533,8508.06108324877,1264.3766272069233,0.8421052631578947,-704.2806441965936,27.100122329136525,-399.9045971589748,0.7526769948368868
58,audits,node-000,222.4138446011573,0.0,0.0,8508.06108324877,1263.4460475707936,0.8421052631578947,-1140.6605267504492,0.0,601.3145689458585,0.9122986542316905
58,audits,node-001,838.4133646428683,0.0,0.0,8508.06108324877,1263.4460475707936,0.8421052631578947,-1587.6237688816416,0.0,0.0,3.4390097685923116
58,audits,node-002,701.7292312344852,0.0,0.0,8508.06108324877,1263.4460475707936,0.8421052631578947,-1007.7474909146827,0.0,0.0,2.8783578398110587
58,audits,node-003,0.0,0.0,0.0,8508.06108324877,1263.4460475707936,0.8421052631578947,0.0,0.0,0.0,0.0
58,audits,node-004,0.0,0.0,0.0,8508.06108324877,1263.4460475707936,0.8421052631578947,0.0,0.0,0.0,0.0
58,audits,node-005,0.0,0.0,0.0,8508.06108324877,1263.4460475707936,0.8421052631578947,-427.3426382096928,0.0,0.0,0.0
58,audits,node-006,260.41472219660375,0.0,0.0,8508.06108324877,1263.4460475707936,0.8421052631578947,-939.5852778033963,0.0,0.0,1.0681709181733419
58,audits,node-007,164.42462991736352,171.8081440717881,210.5270221144449,8508.06108324877,1263.4460475707936,0.8421052631578947,-1632.101979791705,80.73722172833558,-171.8081440717881,0.6744380902418606
58,audits,node-008,91.28230378446725,0.0,0.0,8508.06108324877,1263.4460475707936,0.8421052631578947,-308.7176962155327,0.0,0.0,0.3744223883503001
58,audits,node-009,332.424849934482,0.0,0.0,8508.06108324877,1263.4460475707936,0.8421052631578947,-1267.575150065518,0.0,0.0,1.3635425608160257
58,audits,node-010,282.2108749872964,0.0,0.0,8508.06108324877,1263.4460475707936,0.8421052631578947,-1117.7891250127036,0.0,0.0,1.157574529239169
58,audits,node-011,158.85615579548218,0.0,0.0,8508.06108324877,1263.4460475707936,0.8421052631578947,-441.1438442045178,0.0,0.0,0.651597284371047
58,audits,node-012,593.5976263752511,349.99759579698326,450.33337720379564,8508.06108324877,1263.4460475707936,0.8421052631578947,-1990.8020441280105,318.44504116987576,-349.99759579698326,2.4348228711588473
58,audits,node-013,0.0,0.0,0.0,8508.06108324877,1263.4460475707936,0.8421052631578947,0.0,0.0,0.0,0.0
58,audits,node-014,166.43113265626556,0.0,0.0,8508.06108324877,1263.4460475707936,0.8421052631578947,-433.56886734373444,0.0,0.0,0.6826683771275315
58,audits,node-015,238.8281433590781,0.0,0.0,8508.06108324877,1263.4460475707936,0.8421052631578947,-1161.1718566409218,0.0,0.0,0.9796269390057857
58,audits,node-016,240.94111153739996,0.0,0.0,8508.06108324877,1263.4460475707936,0.8421052631578947,-959.0588884626001,0.0,0.0,0.9882939265711245
58,audits,node-017,208.9622674841226,0.0,0.0,8508.06108324877,1263.4460475707936,0.8421052631578947,-1034.4072756558994,0.0,0.0,0.8571228816840283
58,audits,node-018,0.0,0.0,0.0,8508.06108324877,1263.4460475707936,0.8421052631578947,0.0,0.0,0.0,0.0
58,audits,node-019,13.842386987764527,0.0,0.0,8508.06108324877,1263.4460475707936,0.8421052631578947,-283.85894885593586,0.0,0.0,0.056778799192728546
58,audits,node-020,0.0,0.0,0.0,8508.06108324877,1263.4460475707936,0.8421052631578947,0.0,0.0,0.0,0.0
58,audits,node-021,78.98647380981218,0.0,0.0,8508.06108324877,1263.4460475707936,0.8421052631578947,-965.0124828112163,0.0,0.0,0.32398726746717715
58,audits,node-022,95.1455050330348,0.0,0.0,8508.06108324877,1263.4460475707936,0.8421052631578947,-1096.774707476149,0.0,0.0,0.39026849409256836
58,audits,node-023,209.5051116869265,0.0,0.0,8508.06108324877,1263.4460475707936,0.8421052631578947,-1290.4948883130735,0.0,0.0,0.8593495238094929
58,audits,node-024,302.0605872627464,0.0,0.0,8508.06108324877,1263.4460475707936,0.8421052631578947,-1297.9394127372536,0.0,0.0,1.2389942170659451
58,audits,node-025,0.0,0.0,0.0,8508.06108324877,1263.4460475707936,0.8421052631578947,0.0,0.0,0.0,0.0
58,audits,node-026,0.0,0.0,0.0,8508.06108324877,1263.4460475707936,0.8421052631578947,0.0,0.0,0.0,0.0
58,audits,node-027,179.8719971419569,0.0,0.0,8508.06108324877,1263.4460475707936,0.8421052631578947,-220.1280028580431,0.0,0.0,0.7378002085294645
58,audits,node-028,587.6919220897535,0.0,0.0,8508.06108324877,1263.4460475707936,0.8421052631578947,-1512.3080779102468,0.0,0.0,2.410598812258146
58,audits,node-029,183.4988831650764,399.9045971589748,602.5856482525533,8508.06108324877,1263.4460475707936,0.8421052631578947,-1525.9986089183797,27.100122329136525,-399.9045971589748,0.7526769948368868
59,greedy,node-000,0.0,0.0,0.0,2699.948149106638,245.04945623176334,0.7,0.0,0.0,0.0,0.0
59,greedy,node-001,0.0,0.0,0.0,2699.948149106638,245.04945623176334,0.7,0.0,0.0,0.0,0.0
59,greedy,node-002,0.0,0.0,0.0,2699.948149106638,245.04945623176334,0.7,0.0,0.0,0.0,0.0
59,greedy,node-003,0.0,0.0,0.0,2699.948149106638,245.04945623176334,0.7,0.0,0.0,0.0,0.0
59,greedy,node-004,0.0,0.0,0.0,2699.948149106638,245.04945623176334,0.7,0.0,0.0,0.0,0.0
59,greedy,node-005,0.0,0.0,0.0,2699.948149106638,245.04945623176334,0.7,0.0,0.0,0.0,0.0
59,greedy,node-006,0.0,0.0,0.0,2699.948149106638,245.04945623176334,0.7,0.0,0.0,0.0,0.0
59,greedy,node-007,0.0,0.0,0.0,2699.948149106638,245.04945623176334,0.7,0.0,0.0,0.0,0.0
59,greedy,node-008,0.0,0.0,0.0,2699.948149106638,245.04945623176334,0.7,0.0,0.0,0.0,0.0
59,greedy,node-009,0.0,0.0,0.0,2699.948149106638,245.04945623176334,0.7,0.0,0.0,0.0,0.0
59,greedy,node-010,0.0,0.0,0.0,2699.948149106638,245.04945623176334,0.7,0.0,0.0,0.0,0.0
59,greedy,node-011,12.713486195039991,27.859526225039694,83.57857867511909,2699.948149106638,245.04945623176334,0.7,-59.205080925087614,-8.35785786751191,-27.859526225039694,0.05214826607186758
59,greedy,node-012,0.0,0.0,0.0,2699.948149106638,245.04945623176334,0.7,-35.605061250425344,0.0,0.0,0.0
59,greedy,node-013,0.0,0.0,0.0,2699.948149106638,245.04945623176334,0.7,0.0,0.0,0.0,0.0
59,greedy,node-014,0.0,0.0,0.0,2699.948149106638,245.04945623176334,0.7,0.0,0.0,0.0,0.0
59,greedy,node-015,0.0,0.0,0.0,2699.948149106638,245.04945623176334,0.7,0.0,0.0,0.0,0.0
59,greedy,node-016,0.0,0.0,0.0,2699.948149106638,245.04945623176334,0.7,0.0,0.0,0.0,0.0
59,greedy,node-017,0.0,0.0,0.0,2699.948149106638,245.04945623176334,0.7,0.0,0.0,0.0,0.0
59,greedy,node-018,0.0,0.0,0.0,2699.948149106638,245.04945623176334,0.7,0.0,0.0,0.0,0.0
59,greedy,node-019,0.0,0.0,0.0,2699.948149106638,245.04945623176334,0.7,0.0,0.0,0.0,0.0
59,greedy,node-020,0.0,0.0,0.0,2699.948149106638,245.04945623176334,0.7,-29.510333223233392,0.0,0.0,0.0
59,greedy,node-021,0.0,0.0,0.0,2699.948149106638,245.04945623176334,0.7,0.0,0.0,0.0,0.0
59,greedy,node-022,4.407281971794534,0.0,0.0,2699.948149106638,245.04945623176334,0.7,-45.2418557697756,0.0,0.0,0.01807781983580182
59,greedy,node-023,43.59385182759218,53.82362585221477,161.4708775566443,2699.948149106638,245.04945623176334,0.7,-100.9380024719706,-12.802583188528963,-109.89714565311249,0.17881356453509697
59,greedy,node-024,0.0,0.0,0.0,2699.948149106638,245.04945623176334,0.7,0.0,0.0,0.0,0.0
59,greedy,node-025,0.0,0.0,0.0,2699.948149106638,245.04945623176334,0.7,0.0,0.0,0.0,0.0
59,greedy,node-026,0.0,0.0,0.0,2699.948149106638,245.04945623176334,0.7,0.0,0.0,0.0,0.0
59,greedy,node-027,0.0,0.0,0.0,2699.948149106638,245.04945623176334,0.7,0.0,0.0,0.0,0.0
59,greedy,node-028,0.0,0.0,0.0,2699.948149106638,245.04945623176334,0.7,0.0,0.0,0.0,0.0
59,greedy,node-029,0.0,0.0,0.0,2699.948149106638,245.04945623176334,0.7,0.0,0.0,0.0,0.0
59,trust_vcg,node-000,67.22311374104638,0.0,0.0,8709.849908108512,1370.649927071512,1.0,-1115.0943238370778,0.0,0.0,0.27573623534630165
59,trust_vcg,node-001,0.0,0.0,0.0,8709.849908108512,1370.649927071512,1.0,0.0,0.0,0.0,0.0
59,trust_vcg,node-002,46.396172622239796,0.0,0.0,8709.849908108512,1370.649927071512,1.0,-553.6038273777602,0.0,0.0,0.1903081434551594
59,trust_vcg,node-003,0.0,0.0,0.0,8709.849908108512,1370.649927071512,1.0,0.0,0.0,0.0,0.0
59,trust_vcg,node-004,387.59848994856844,0.0,0.0,8709.849908108512,1370.649927071512,1.0,-5612.4015100514325,0.0,0.0,1.5898541810489188
59,trust_vcg,node-005,418.6917583082754,0.0,0.0,8709.849908108512,1370.649927071512,1.0,-5581.308241691724,0.0,0.0,1.7173927653987073
59,trust_vcg,node-006,82.60339721927505,0.0,0.0,8709.849908108512,1370.649927071512,1.0,-1717.3966027807248,0.0,0.0,0.3388231890566325
59,trust_vcg,node-007,827.1841716013649,0.0,0.0,8709.849908108512,1370.649927071512,1.0,-11172.815828398632,0.0,0.0,3.3929497864979323
59,trust_vcg,node-008,0.0,0.0,0.0,8709.849908108512,1370.649927071512,1.0,-2271.6656305295373,0.0,0.0,0.0
59,trust_vcg,node-009,0.0,0.0,0.0,8709.849908108512,1370.649927071512,1.0,0.0,0.0,0.0,0.0
59,trust_vcg,node-010,0.0,0.0,0.0,8709.849908108512,1370.649927071512,1.0,0.0,0.0,0.0,0.0
59,trust_vcg,node-011,70.9353750091432,0.0,0.0,8709.849908108512,1370.649927071512,1.0,-11073.308455927114,48.705839941197354,0.0,0.29096321442718726
59,trust_vcg,node-012,401.6953954625079,0.0,0.0,8709.849908108512,1370.649927071512,1.0,-11105.116060934077,0.0,0.0,1.6476769661019828
59,trust_vcg,node-013,0.0,0.0,0.0,8709.849908108512,1370.649927071512,1.0,0.0,0.0,0.0,0.0
59,trust_vcg,node-014,0.0,0.0,0.0,8709.849908108512,1370.649927071512,1.0,0.0,0.0,0.0,0.0
59,trust_vcg,node-015,107.00277834629998,0.0,0.0,8709.849908108512,1370.649927071512,1.0,-2292.9972216537,0.0,0.0,0.4389047402127116
59,trust_vcg,node-016,0.0,0.0,0.0,8709.849908108512,1370.649927071512,1.0,0.0,0.0,0.0,0.0
59,trust_vcg,node-017,0.0,0.0,0.0,8709.849908108512,1370.649927071512,1.0,0.0,0.0,0.0,0.0
59,trust_vcg,node-018,176.03606646543153,0.0,0.0,8709.849908108512,1370.649927071512,1.0,-3943.210984927042,0.0,0.0,0.7220659614092115
59,trust_vcg,node-019,0.0,0.0,0.0,8709.849908108512,1370.649927071512,1.0,0.0,0.0,0.0,0.0
59,trust_vcg,node-020,159.7365323192016,0.0,0.0,8709.849908108512,1370.649927071512,1.0,-11085.671163560497,0.0,0.0,0.65520841891731
59,trust_vcg,node-021,411.66423481185586,0.0,0.0,8709.849908108512,1370.649927071512,1.0,-5588.335765188143,0.0,0.0,1.6885672206586215
59,trust_vcg,node-022,2.5051388176475484,1088.5465498120723,1370.649927071512,8709.849908108512,1370.649927071512,1.0,-12160.930537647388,-42.315506588915696,-1088.5465498120723,0.01027559582049298
59,trust_vcg,node-023,0.0,0.0,0.0,8709.849908108512,1370.649927071512,1.0,-5444.617767047246,0.0,0.0,0.0
59,trust_vcg,node-024,0.0,0.0,0.0,8709.849908108512,1370.649927071512,1.0,0.0,0.0,0.0,0.0
59,trust_vcg,node-025,0.0,0.0,0.0,8709.849908108512,1370.649927071512,1.0,0.0,0.0,0.0,0.0
59,trust_vcg,node-026,74.69624894869796,0.0,0.0,8709.849908108512,1370.649927071512,1.0,-1725.3037510513022,0.0,0.0,0.3063895933018636
59,trust_vcg,node-027,0.0,0.0,0.0,8709.849908108512,1370.649927071512,1.0,0.0,0.0,0.0,0.0
59,trust_vcg,node-028,0.0,0.0,0.0,8709.849908108512,1370.649927071512,1.0,0.0,0.0,0.0,0.0
59,trust_vcg,node-029,0.0,0.0,0.0,8709.849908108512,1370.649927071512,1.0,0.0,0.0,0.0,0.0
59,contingent,node-000,0.0,0.0,0.0,8709.849908108512,423.1550658891594,1.0,-129.54417996679683,0.0,0.0,0.0
59,contingent,node-001,0.0,0.0,0.0,8709.849908108512,423.1550658891594,1.0,0.0,0.0,0.0,0.0
59,contingent,node-002,0.0,0.0,0.0,8709.849908108512,423.1550658891594,1.0,-14.41530951104084,0.0,0.0,0.0
59,contingent,node-003,0.0,0.0,0.0,8709.849908108512,423.1550658891594,1.0,0.0,0.0,0.0,0.0
59,contingent,node-004,26.71403133608535,0.0,0.0,8709.849908108512,423.1550658891594,1.0,-449.606040205726,0.0,0.0,0.10957579947739936
59,contingent,node-005,73.43289651183227,0.0,0.0,8709.849908108512,423.1550658891594,1.0,-325.23296676689836,0.0,0.0,0.3012075654922202
59,contingent,node-006,0.0,0.0,0.0,8709.849908108512,423.1550658891594,1.0,-269.58641112289985,0.0,0.0,0.0
59,contingent,node-007,0.0,0.0,0.0,8709.849908108512,423.1550658891594,1.0,-691.2633135945396,0.0,0.0,0.0
59,contingent,node-008,0.0,0.0,0.0,8709.849908108512,423.1550658891594,1.0,-286.6625221181501,0.0,0.0,0.0
59,contingent,node-009,0.0,0.0,0.0,8709.849908108512,423.1550658891594,1.0,0.0,0.0,0.0,0.0
59,contingent,node-010,0.0,0.0,0.0,8709.849908108512,423.1550658891594,1.0,0.0,0.0,0.0,0.0
59,contingent,node-011,75.64273229241091,0.0,0.0,8709.849908108512,423.1550658891594,1.0,-293.2338237084637,1.5035940595833495,0.0,0.3102718852620177
59,contingent,node-012,43.0583701037512,0.0,0.0,8709.849908108512,423.1550658891594,1.0,-420.4642437363085,0.0,0.0,0.1766171218770339
59,contingent,node-013,0.0,0.0,0.0,8709.849908108512,423.1550658891594,1.0,0.0,0.0,0.0,0.0
59,contingent,node-014,0.0,0.0,0.0,8709.849908108512,423.1550658891594,1.0,0.0,0.0,0.0,0.0
59,contingent,node-015,0.0,0.0,0.0,8709.849908108512,423.1550658891594,1.0,-371.9888866148001,0.0,0.0,0.0
59,contingent,node-016,0.0,0.0,0.0,8709.849908108512,423.1550658891594,1.0,0.0,0.0,0.0,0.0
59,contingent,node-017,0.0,0.0,0.0,8709.849908108512,423.1550658891594,1.0,0.0,0.0,0.0,0.0
59,contingent,node-018,26.03606646543154,0.0,0.0,8709.849908108512,423.1550658891594,1.0,-372.84393970816797,0.0,0.0,0.10679491845705205
59,contingent,node-019,0.0,0.0,0.0,8709.849908108512,423.1550658891594,1.0,0.0,0.0,0.0,0.0
59,contingent,node-020,9.752622821242165,0.0,0.0,8709.849908108512,423.1550658891594,1.0,-459.43305385544926,0.0,0.0,0.040003376098297995
59,contingent,node-021,78.33356586969401,0.0,0.0,8709.849908108512,423.1550658891594,1.0,-353.34306075257626,0.0,0.0,0.32130916513872215
59,contingent,node-022,259.7507654656011,141.05168862971982,423.1550658891594,8709.849908108512,423.1550658891594,1.0,-430.58763997097594,-42.31550658891594,-141.05168862971982,1.0654474958376143
59,contingent,node-023,0.0,0.0,0.0,8709.849908108512,423.1550658891594,1.0,-117.2029790391023,0.0,0.0,0.0
59,contingent,node-024,0.0,0.0,0.0,8709.849908108512,423.1550658891594,1.0,0.0,0.0,0.0,0.0
59,contingent,node-025,0.0,0.0,0.0,8709.849908108512,423.1550658891594,1.0,0.0,0.0,0.0,0.0
59,contingent,node-026,0.0,0.0,0.0,8709.849908108512,423.1550658891594,1.0,-301.2150042052082,0.0,0.0,0.0
59,contingent,node-027,0.0,0.0,0.0,8709.849908108512,423.1550658891594,1.0,0.0,0.0,0.0,0.0
59,contingent,node-028,0.0,0.0,0.0,8709.849908108512,423.1550658891594,1.0,0.0,0.0,0.0,0.0
59,contingent,node-029,0.0,0.0,0.0,8709.849908108512,423.1550658891594,1.0,0.0,0.0,0.0,0.0
59,capped,node-000,0.0,0.0,0.0,8709.849908108512,423.1550658891594,1.0,-32.38604499169921,0.0,0.0,0.0
59,capped,node-001,0.0,0.0,0.0,8709.849908108512,423.1550658891594,1.0,0.0,0.0,0.0,0.0
59,capped,node-002,0.0,0.0,0.0,8709.849908108512,423.1550658891594,1.0,-3.6038273777602097,0.0,0.0,0.0
59,capped,node-003,0.0,0.0,0.0,8709.849908108512,423.1550658891594,1.0,0.0,0.0,0.0,0.0
59,capped,node-004,26.71403133608535,0.0,0.0,8709.849908108512,423.1550658891594,1.0,-112.4015100514315,0.0,0.0,0.10957579947739936
59,capped,node-005,73.43289651183227,0.0,0.0,8709.849908108512,423.1550658891594,1.0,-81.30824169172458,0.0,0.0,0.3012075654922202
59,capped,node-006,0.0,0.0,0.0,8709.849908108512,423.1550658891594,1.0,-67.39660278072495,0.0,0.0,0.0
59,capped,node-007,0.0,0.0,0.0,8709.849908108512,423.1550658891594,1.0,-172.81582839863495,0.0,0.0,0.0
59,capped,node-008,10.616223238101355,0.0,0.0,8709.849908108512,423.1550658891594,1.0,-71.66563052953752,0.0,0.0,0.04354569829279715
59,capped,node-009,0.0,0.0,0.0,8709.849908108512,423.1550658891594,1.0,0.0,0.0,0.0,0.0
59,capped,node-010,0.0,0.0,0.0,8709.849908108512,423.1550658891594,1.0,0.0,0.0,0.0,0.0
59,capped,node-011,146.61691185423186,0.0,0.0,8709.849908108512,423.1550658891594,1.0,-73.30845592711593,1.5035940595833495,0.0,0.6013942684731871
59,capped,node-012,52.55803046703856,0.0,0.0,8709.849908108512,423.1550658891594,1.0,-105.11606093407713,0.0,0.0,0.21558289480644127
59,capped,node-013,0.0,0.0,0.0,8709.849908108512,423.1550658891594,1.0,0.0,0.0,0.0,0.0
59,capped,node-014,0.0,0.0,0.0,8709.849908108512,423.1550658891594,1.0,0.0,0.0,0.0,0.0
59,capped,node-015,0.0,0.0,0.0,8709.849908108512,423.1550658891594,1.0,-92.99722165370002,0.0,0.0,0.0
59,capped,node-016,0.0,0.0,0.0,8709.849908108512,423.1550658891594,1.0,0.0,0.0,0.0,0.0
59,capped,node-017,0.0,0.0,0.0,8709.849908108512,423.1550658891594,1.0,0.0,0.0,0.0,0.0
59,capped,node-018,26.03606646543154,0.0,0.0,8709.849908108512,423.1550658891594,1.0,-93.21098492704198,0.0,0.0,0.10679491845705205
59,capped,node-019,0.0,0.0,0.0,8709.849908108512,423.1550658891594,1.0,0.0,0.0,0.0,0.0
59,capped,node-020,31.45709107214085,0.0,0.0,8709.849908108512,423.1550658891594,1.0,-114.85826346386231,0.0,0.0,0.12903091488131443
59,capped,node-021,78.33356586969401,0.0,0.0,8709.849908108512,423.1550658891594,1.0,-88.33576518814408,0.0,0.0,0.32130916513872215
59,capped,node-022,259.7507654656011,141.05168862971982,423.1550658891594,8709.849908108512,423.1550658891594,1.0,-213.43567646503385,-42.31550658891594,-141.05168862971982,1.0654474958376143
59,capped,node-023,70.7932829594068,0.0,0.0,8709.849908108512,423.1550658891594,1.0,-29.300744759775576,0.0,0.0,0.2903803802696104
59,capped,node-024,0.0,0.0,0.0,8709.849908108512,423.1550658891594,1.0,0.0,0.0,0.0,0.0
59,capped,node-025,0.0,0.0,0.0,8709.849908108512,423.1550658891594,1.0,0.0,0.0,0.0,0.0
59,capped,node-026,0.0,0.0,0.0,8709.849908108512,423.1550658891594,1.0,-75.30375105130204,0.0,0.0,0.0
59,capped,node-027,0.0,0.0,0.0,8709.849908108512,423.1550658891594,1.0,0.0,0.0,0.0,0.0
59,capped,node-028,0.0,0.0,0.0,8709.849908108512,423.1550658891594,1.0,0.0,0.0,0.0,0.0
59,capped,node-029,0.0,0.0,0.0,8709.849908108512,423.1550658891594,1.0,0.0,0.0,0.0,0.0
59,proper_scoring,node-000,67.22311374104638,0.0,0.0,8709.849908108512,1370.649927071512,1.0,-115.09432383707778,0.0,0.0,0.27573623534630165
59,proper_scoring,node-001,0.0,0.0,0.0,8709.849908108512,1370.649927071512,1.0,0.0,0.0,0.0,0.0
59,proper_scoring,node-002,46.396172622239796,0.0,0.0,8709.849908108512,1370.649927071512,1.0,-14.41530951104084,0.0,0.0,0.1903081434551594
59,proper_scoring,node-003,0.0,0.0,0.0,8709.849908108512,1370.649927071512,1.0,0.0,0.0,0.0,0.0
59,proper_scoring,node-004,387.59848994856844,0.0,0.0,8709.849908108512,1370.649927071512,1.0,-433.6704475771663,0.0,0.0,1.5898541810489188
59,proper_scoring,node-005,418.6917583082754,0.0,0.0,8709.849908108512,1370.649927071512,1.0,-325.23296676689836,0.0,0.0,1.7173927653987073
59,proper_scoring,node-006,82.60339721927505,0.0,0.0,8709.849908108512,1370.649927071512,1.0,-217.39660278072495,0.0,0.0,0.3388231890566325
59,proper_scoring,node-007,827.1841716013649,0.0,0.0,8709.849908108512,1370.649927071512,1.0,-603.3181236401952,0.0,0.0,3.3929497864979323
59,proper_scoring,node-008,28.33436947046247,0.0,0.0,8709.849908108512,1370.649927071512,1.0,-266.68682313830726,0.0,0.0,0.1162221137032218
59,proper_scoring,node-009,0.0,0.0,0.0,8709.849908108512,1370.649927071512,1.0,0.0,0.0,0.0,0.0
59,proper_scoring,node-010,0.0,0.0,0.0,8709.849908108512,1370.649927071512,1.0,0.0,0.0,0.0,0.0
59,proper_scoring,node-011,925.6427322924109,0.0,0.0,8709.849908108512,1370.649927071512,1.0,-293.2338237084637,48.705839941197354,0.0,3.7968077953242547
59,proper_scoring,node-012,943.058370103751,0.0,0.0,8709.849908108512,1370.649927071512,1.0,-409.02710836030064,0.0,0.0,3.86824337958999
59,proper_scoring,node-013,0.0,0.0,0.0,8709.849908108512,1370.649927071512,1.0,0.0,0.0,0.0,0.0
59,proper_scoring,node-014,0.0,0.0,0.0,8709.849908108512,1370.649927071512,1.0,0.0,0.0,0.0,0.0
59,proper_scoring,node-015,107.00277834629998,0.0,0.0,8709.849908108512,1370.649927071512,1.0,-290.09596094079154,0.0,0.0,0.4389047402127116
59,proper_scoring,node-016,0.0,0.0,0.0,8709.849908108512,1370.649927071512,1.0,0.0,0.0,0.0,0.0
59,proper_scoring,node-017,0.0,0.0,0.0,8709.849908108512,1370.649927071512,1.0,0.0,0.0,0.0,0.0
59,proper_scoring,node-018,176.77452411125364,0.0,0.0,8709.849908108512,1370.649927071512,1.0,-361.0781053903338,0.0,0.0,0.7250949721153512
59,proper_scoring,node-019,0.0,0.0,0.0,8709.849908108512,1370.649927071512,1.0,0.0,0.0,0.0,0.0
59,proper_scoring,node-020,446.3624580614128,0.0,0.0,8709.849908108512,1370.649927071512,1.0,-430.81054377605807,0.0,0.0,1.8308926340409
59,proper_scoring,node-021,411.66423481185586,0.0,0.0,8709.849908108512,1370.649927071512,1.0,-353.34306075257626,0.0,0.0,1.6885672206586215
59,proper_scoring,node-022,2.5051388176475484,1088.5465498120723,1370.649927071512,8709.849908108512,1370.649927071512,1.0,-1378.0825011533284,-42.315506588915696,-1088.5465498120723,0.01027559582049298
59,proper_scoring,node-023,209.84159285952953,0.0,0.0,8709.849908108512,1370.649927071512,1.0,-117.2029790391023,0.0,0.0,0.8607297046228344
59,proper_scoring,node-024,0.0,0.0,0.0,8709.849908108512,1370.649927071512,1.0,0.0,0.0,0.0,0.0
59,proper_scoring,node-025,0.0,0.0,0.0,8709.849908108512,1370.649927071512,1.0,0.0,0.0,0.0,0.0
59,proper_scoring,node-026,74.69624894869796,0.0,0.0,8709.849908108512,1370.649927071512,1.0,-225.30375105130204,0.0,0.0,0.3063895933018636
59,proper_scoring,node-027,0.0,0.0,0.0,8709.849908108512,1370.649927071512,1.0,0.0,0.0,0.0,0.0
59,proper_scoring,node-028,0.0,0.0,0.0,8709.849908108512,1370.649927071512,1.0,0.0,0.0,0.0,0.0
59,proper_scoring,node-029,0.0,0.0,0.0,8709.849908108512,1370.649927071512,1.0,0.0,0.0,0.0,0.0
59,audits,node-000,67.22311374104638,0.0,0.0,8709.849908108512,1370.649927071512,1.0,-615.0943238370778,0.0,0.0,0.27573623534630165
59,audits,node-001,0.0,0.0,0.0,8709.849908108512,1370.649927071512,1.0,0.0,0.0,0.0,0.0
59,audits,node-002,46.396172622239796,0.0,0.0,8709.849908108512,1370.649927071512,1.0,-53.603827377760204,0.0,0.0,0.1903081434551594
59,audits,node-003,0.0,0.0,0.0,8709.849908108512,1370.649927071512,1.0,0.0,0.0,0.0,0.0
59,audits,node-004,387.59848994856844,0.0,0.0,8709.849908108512,1370.649927071512,1.0,-2612.4015100514316,0.0,0.0,1.5898541810489188
59,audits,node-005,418.6917583082754,0.0,0.0,8709.849908108512,1370.649927071512,1.0,-2581.3082416917246,0.0,0.0,1.7173927653987073
59,audits,node-006,82.60339721927505,0.0,0.0,8709.849908108512,1370.649927071512,1.0,-1217.396602780725,0.0,0.0,0.3388231890566325
59,audits,node-007,827.1841716013649,0.0,0.0,8709.849908108512,1370.649927071512,1.0,-3172.815828398634,0.0,0.0,3.3929497864979323
59,audits,node-008,28.33436947046247,0.0,0.0,8709.849908108512,1370.649927071512,1.0,-1771.6656305295373,0.0,0.0,0.1162221137032218
59,audits,node-009,0.0,0.0,0.0,8709.849908108512,1370.649927071512,1.0,0.0,0.0,0.0,0.0
59,audits,node-010,0.0,0.0,0.0,8709.849908108512,1370.649927071512,1.0,0.0,0.0,0.0,0.0
59,audits,node-011,347.971461442589,0.0,0.0,8709.849908108512,1370.649927071512,1.0,-3073.3084559271165,48.705839941197354,0.0,1.4273117599957925
59,audits,node-012,901.6953954625078,0.0,0.0,8709.849908108512,1370.649927071512,1.0,-3105.116060934077,0.0,0.0,3.6985804426091806
59,audits,node-013,0.0,0.0,0.0,8709.849908108512,1370.649927071512,1.0,0.0,0.0,0.0,0.0
59,audits,node-014,0.0,0.0,0.0,8709.849908108512,1370.649927071512,1.0,0.0,0.0,0.0,0.0
59,audits,node-015,107.00277834629998,0.0,0.0,8709.849908108512,1370.649927071512,1.0,-1792.9972216537,0.0,0.0,0.4389047402127116
59,audits,node-016,0.0,0.0,0.0,8709.849908108512,1370.649927071512,1.0,0.0,0.0,0.0,0.0
59,audits,node-017,0.0,0.0,0.0,8709.849908108512,1370.649927071512,1.0,0.0,0.0,0.0,0.0
59,audits,node-018,176.03606646543153,0.0,0.0,8709.849908108512,1370.649927071512,1.0,-2443.210984927042,0.0,0.0,0.7220659614092115
59,audits,node-019,0.0,0.0,0.0,8709.849908108512,1370.649927071512,1.0,0.0,0.0,0.0,0.0
59,audits,node-020,205.65867618742087,0.0,0.0,8709.849908108512,1370.649927071512,1.0,-3085.671163560498,0.0,0.0,0.8435721879332992
59,audits,node-021,411.66423481185586,0.0,0.0,8709.849908108512,1370.649927071512,1.0,-2588.3357651881443,0.0,0.0,1.6885672206586215
59,audits,node-022,2.5051388176475484,1088.5465498120723,1370.649927071512,8709.849908108512,1370.649927071512,1.0,-4160.930537647386,-42.315506588915696,-1088.5465498120723,0.01027559582049298
59,audits,node-023,0.0,0.0,0.0,8709.849908108512,1370.649927071512,1.0,-2444.6177670472475,0.0,0.0,0.0
59,audits,node-024,0.0,0.0,0.0,8709.849908108512,1370.649927071512,1.0,0.0,0.0,0.0,0.0
59,audits,node-025,0.0,0.0,0.0,8709.849908108512,1370.649927071512,1.0,0.0,0.0,0.0,0.0
59,audits,node-026,74.69624894869796,0.0,0.0,8709.849908108512,1370.649927071512,1.0,-1225.3037510513022,0.0,0.0,0.3063895933018636
59,audits,node-027,0.0,0.0,0.0,8709.849908108512,1370.649927071512,1.0,0.0,0.0,0.0,0.0
59,audits,node-028,0.0,0.0,0.0,8709.849908108512,1370.649927071512,1.0,0.0,0.0,0.0,0.0
59,audits,node-029,0.0,0.0,0.0,8709.849908108512,1370.649927071512,1.0,0.0,0.0,0.0,0.0
61,greedy,node-000,0.0,0.0,0.0,6918.101528221385,214.59919624453968,0.9,0.0,0.0,0.0,0.0
61,greedy,node-001,0.0,0.0,0.0,6918.101528221385,214.59919624453968,0.9,0.0,0.0,0.0,0.0
61,greedy,node-002,0.0,0.0,0.0,6918.101528221385,214.59919624453968,0.9,0.0,0.0,0.0,0.0
61,greedy,node-003,0.0,0.0,0.0,6918.101528221385,214.59919624453968,0.9,0.0,0.0,0.0,0.0
61,greedy,node-004,0.0,26.812972768111273,80.4389183043338,6918.101528221385,214.59919624453968,0.9,-64.50964034714256,14.640516124200403,-26.812972768111273,0.0
61,greedy,node-005,0.0,0.0,0.0,6918.101528221385,214.59919624453968,0.9,0.0,0.0,0.0,0.0
61,greedy,node-006,0.0,0.0,0.0,6918.101528221385,214.59919624453968,0.9,0.0,0.0,0.0,0.0
61,greedy,node-007,0.0,0.0,0.0,6918.101528221385,214.59919624453968,0.9,0.0,0.0,0.0,0.0
61,greedy,node-008,0.0,0.0,0.0,6918.101528221385,214.59919624453968,0.9,0.0,0.0,0.0,0.0
61,greedy,node-009,0.0,0.0,0.0,6918.101528221385,214.59919624453968,0.9,0.0,0.0,0.0,0.0
61,greedy,node-010,0.0,0.0,0.0,6918.101528221385,214.59919624453968,0.9,-42.98790345139684,0.0,0.0,0.0
61,greedy,node-011,0.0,0.0,0.0,6918.101528221385,214.59919624453968,0.9,0.0,0.0,0.0,0.0
61,greedy,node-012,0.0,0.0,0.0,6918.101528221385,214.59919624453968,0.9,0.0,0.0,0.0,0.0
61,greedy,node-013,0.0,0.0,0.0,6918.101528221385,214.59919624453968,0.9,0.0,0.0,0.0,0.0
61,greedy,node-014,0.0,0.0,0.0,6918.101528221385,214.59919624453968,0.9,0.0,0.0,0.0,0.0
61,greedy,node-015,0.0,0.0,0.0,6918.101528221385,214.59919624453968,0.9,0.0,0.0,0.0,0.0
61,greedy,node-016,9.746960415197723,0.0,0.0,6918.101528221385,214.59919624453968,0.9,-37.31795574929963,15.60919715390041,0.0,0.03998015000181411
61,greedy,node-017,0.0,15.634467119439563,46.903401358318696,6918.101528221385,214.59919624453968,0.9,-62.77018066229574,-4.690340135831869,-15.634467119439563,0.0
61,greedy,node-018,0.0,0.0,0.0,6918.101528221385,214.59919624453968,0.9,0.0,0.0,0.0,0.0
61,greedy,node-019,0.0,0.0,0.0,6918.101528221385,214.59919624453968,0.9,0.0,0.0,0.0,0.0
61,greedy,node-020,13.094124483558506,0.0,0.0,6918.101528221385,214.59919624453968,0.9,-47.15015439733176,0.0,0.0,0.053709570850296325
61,greedy,node-021,0.0,0.0,0.0,6918.101528221385,214.59919624453968,0.9,0.0,0.0,0.0,0.0
61,greedy,node-022,0.0,29.085625527295726,87.25687658188718,6918.101528221385,214.59919624453968,0.9,-69.33618196421037,-4.2772163477539635,-29.085625527295726,0.0
61,greedy,node-023,0.0,0.0,0.0,6918.101528221385,214.59919624453968,0.9,0.0,0.0,0.0,0.0
61,greedy,node-024,0.0,0.0,0.0,6918.101528221385,214.59919624453968,0.9,0.0,0.0,0.0,0.0
61,greedy,node-025,0.0,0.0,0.0,6918.101528221385,214.59919624453968,0.9,0.0,0.0,0.0,0.0
61,greedy,node-026,0.0,0.0,0.0,6918.101528221385,214.59919624453968,0.9,0.0,0.0,0.0,0.0
61,greedy,node-027,0.0,0.0,0.0,6918.101528221385,214.59919624453968,0.9,0.0,0.0,0.0,0.0
61,greedy,node-028,0.0,0.0,0.0,6918.101528221385,214.59919624453968,0.9,0.0,0.0,0.0,0.0
61,greedy,node-029,0.0,0.0,0.0,6918.101528221385,214.59919624453968,0.9,0.0,0.0,0.0,0.0
61,trust_vcg,node-000,0.0,0.0,0.0,8210.176513143633,785.9772223406466,0.95,0.0,0.0,0.0,0.0
61,trust_vcg,node-001,0.0,0.0,0.0,8210.176513143633,785.9772223406466,0.95,0.0,0.0,0.0,0.0
61,trust_vcg,node-002,0.0,0.0,0.0,8210.176513143633,785.9772223406466,0.95,-5644.728195152925,0.0,0.0,0.0
61,trust_vcg,node-003,0.0,0.0,0.0,8210.176513143633,785.9772223406466,0.95,0.0,0.0,0.0,0.0
61,trust_vcg,node-004,286.61089504447386,0.0,0.0,8210.176513143633,785.9772223406466,0.95,-11037.696667579028,0.0,0.0,1.1756225621031025
61,trust_vcg,node-005,411.04975178100824,-31.76146403909658,194.99102994772562,8210.176513143633,785.9772223406466,0.95,-5528.308263240871,20.644167072184928,31.76146403909658,1.6860467298901816
61,trust_vcg,node-006,392.2655940898285,0.0,0.0,8210.176513143633,785.9772223406466,0.95,-5607.734405910171,0.0,0.0,1.6089977412659815
61,trust_vcg,node-007,56.709445162414234,0.0,0.0,8210.176513143633,785.9772223406466,0.95,-11015.442165725854,0.0,0.0,0.23261119646877934
61,trust_vcg,node-008,283.10534968834156,0.0,0.0,8210.176513143633,785.9772223406466,0.95,-5576.575036280453,0.0,0.0,1.1612434917872116
61,trust_vcg,node-009,0.0,0.0,0.0,8210.176513143633,785.9772223406466,0.95,0.0,0.0,0.0,0.0
61,trust_vcg,node-010,217.08665018210903,0.0,0.0,8210.176513143633,785.9772223406466,0.95,-11065.325587021738,0.0,0.0,0.8904475311235789
61,trust_vcg,node-011,78.65494202830736,0.0,0.0,8210.176513143633,785.9772223406466,0.95,-1721.3450579716928,0.0,0.0,0.32262738810065544
61,trust_vcg,node-012,0.0,0.0,0.0,8210.176513143633,785.9772223406466,0.95,0.0,0.0,0.0,0.0
61,trust_vcg,node-013,213.74241514747413,0.0,0.0,8210.176513143633,785.9772223406466,0.95,-3386.2575848525257,0.0,0.0,0.8767301246059991
61,trust_vcg,node-014,0.0,0.0,0.0,8210.176513143633,785.9772223406466,0.95,0.0,0.0,0.0,0.0
61,trust_vcg,node-015,0.0,0.0,0.0,8210.176513143633,785.9772223406466,0.95,0.0,0.0,0.0,0.0
61,trust_vcg,node-016,355.9513666431636,0.0,0.0,8210.176513143633,785.9772223406466,0.95,-5537.3179557492995,0.0,0.0,1.4600437906319053
61,trust_vcg,node-017,112.14582551622743,553.6284084249423,590.986192392921,8210.176513143633,785.9772223406466,0.95,-11600.764121967797,-5.603667595196839,-553.6284084249423,0.460000526854001
61,trust_vcg,node-018,0.0,0.0,0.0,8210.176513143633,785.9772223406466,0.95,-1160.4351605580273,0.0,0.0,0.0
61,trust_vcg,node-019,0.0,0.0,0.0,8210.176513143633,785.9772223406466,0.95,0.0,0.0,0.0,0.0
61,trust_vcg,node-020,512.0313941103294,0.0,0.0,8210.176513143633,785.9772223406466,0.95,-11047.15015439733,0.0,0.0,2.100253932523404
61,trust_vcg,node-021,0.0,0.0,0.0,8210.176513143633,785.9772223406466,0.95,0.0,0.0,0.0,0.0
61,trust_vcg,node-022,0.0,0.0,0.0,8210.176513143633,785.9772223406466,0.95,-5475.941492957199,0.0,0.0,0.0
61,trust_vcg,node-023,133.62619045786846,0.0,0.0,8210.176513143633,785.9772223406466,0.95,-5594.014446948469,0.0,0.0,0.5481088371249109
61,trust_vcg,node-024,0.0,0.0,0.0,8210.176513143633,785.9772223406466,0.95,-1717.0066597704777,0.0,0.0,0.0
61,trust_vcg,node-025,166.74852409401416,0.0,0.0,8210.176513143633,785.9772223406466,0.95,-2233.251475905986,0.0,0.0,0.6839702555337159
61,trust_vcg,node-026,251.68601411669178,0.0,0.0,8210.176513143633,785.9772223406466,0.95,-8868.033665658235,0.0,0.0,1.032367442680326
61,trust_vcg,node-027,125.01255595892565,0.0,0.0,8210.176513143633,785.9772223406466,0.95,-1674.9874440410745,0.0,0.0,0.5127773712464225
61,trust_vcg,node-028,257.7690782341893,0.0,0.0,8210.176513143633,785.9772223406466,0.95,-3942.2309217658108,0.0,0.0,1.0573189973731096
61,trust_vcg,node-029,0.0,0.0,0.0,8210.176513143633,785.9772223406466,0.95,-8875.11340018734,0.0,0.0,0.0
61,contingent,node-000,0.0,0.0,0.0,8210.176513143633,367.94558817070333,0.95,0.0,0.0,0.0,0.0
61,contingent,node-001,0.0,0.0,0.0,8210.176513143633,367.94558817070333,0.95,0.0,0.0,0.0,0.0
61,contingent,node-002,0.0,0.0,0.0,8210.176513143633,367.94558817070333,0.95,-578.9127806116977,0.0,0.0,0.0
61,contingent,node-003,0.0,0.0,0.0,8210.176513143633,367.94558817070333,0.95,0.0,0.0,0.0,0.0
61,contingent,node-004,210.71758153691087,0.0,0.0,8210.176513143633,367.94558817070333,0.95,-150.7866703161252,0.0,0.0,0.8643228410704791
61,contingent,node-005,94.1318695099982,85.15641823191338,311.90891221873557,8210.176513143633,367.94558817070333,0.95,-325.4353273517865,-26.456645925305708,-85.15641823191338,0.3861107568563545
61,contingent,node-006,25.28532849133569,0.0,0.0,8210.176513143633,367.94558817070333,0.95,-430.9376236406862,0.0,0.0,0.10371553621501375
61,contingent,node-007,6.761563031978222,0.0,0.0,8210.176513143633,367.94558817070333,0.95,-422.86864909030317,0.0,0.0,0.027734626257813373
61,contingent,node-008,83.10534968834152,0.0,0.0,8210.176513143633,367.94558817070333,0.95,-306.3001451218148,0.0,0.0,0.34088210118433204
61,contingent,node-009,0.0,0.0,0.0,8210.176513143633,367.94558817070333,0.95,0.0,0.0,0.0,0.0
61,contingent,node-010,159.09806463912759,0.0,0.0,8210.176513143633,367.94558817070333,0.95,-261.3023480869429,0.0,0.0,0.6525895477479075
61,contingent,node-011,0.0,0.0,0.0,8210.176513143633,367.94558817070333,0.95,-285.3802318867705,0.0,0.0,0.0
61,contingent,node-012,0.0,0.0,0.0,8210.176513143633,367.94558817070333,0.95,0.0,0.0,0.0,0.0
61,contingent,node-013,17.810694477348378,0.0,0.0,8210.176513143633,367.94558817070333,0.95,-345.0303394101034,0.0,0.0,0.07305603044520269
61,contingent,node-014,0.0,0.0,0.0,8210.176513143633,367.94558817070333,0.95,0.0,0.0,0.0,0.0
61,contingent,node-015,0.0,0.0,0.0,8210.176513143633,367.94558817070333,0.95,0.0,0.0,0.0,0.0
61,contingent,node-016,155.95136664316362,0.0,0.0,8210.176513143633,367.94558817070333,0.95,-149.27182299719848,0.0,0.0,0.639682400029026
61,contingent,node-017,176.596554720001,18.67889198398929,56.03667595196787,8210.176513143633,367.94558817070333,0.95,-207.221746155414,-5.603667595196786,-18.67889198398929,0.7243649760288875
61,contingent,node-018,0.0,0.0,0.0,8210.176513143633,367.94558817070333,0.95,-241.7406422321089,0.0,0.0,0.0
61,contingent,node-019,0.0,0.0,0.0,8210.176513143633,367.94558817070333,0.95,0.0,0.0,0.0,0.0
61,contingent,node-020,153.67713192176345,0.0,0.0,8210.176513143633,367.94558817070333,0.95,-188.6006175893271,0.0,0.0,0.630353928236
61,contingent,node-021,0.0,0.0,0.0,8210.176513143633,367.94558817070333,0.95,0.0,0.0,0.0,0.0
61,contingent,node-022,93.00204732404929,0.0,0.0,8210.176513143633,367.94558817070333,0.95,-123.67107519708408,0.0,0.0,0.3814764443583593
61,contingent,node-023,0.0,0.0,0.0,8210.176513143633,367.94558817070333,0.95,-376.05778779387083,0.0,0.0,0.0
61,contingent,node-024,0.0,0.0,0.0,8210.176513143633,367.94558817070333,0.95,-268.02663908191016,0.0,0.0,0.0
61,contingent,node-025,0.0,0.0,0.0,8210.176513143633,367.94558817070333,0.95,-133.00590362394342,0.0,0.0,0.0
61,contingent,node-026,0.0,0.0,0.0,8210.176513143633,367.94558817070333,0.95,-272.13466263293657,0.0,0.0,0.0
61,contingent,node-027,0.0,0.0,0.0,8210.176513143633,367.94558817070333,0.95,-99.94977616429748,0.0,0.0,0.0
61,contingent,node-028,24.7984099932335,0.0,0.0,8210.176513143633,367.94558817070333,0.95,-368.92368706324277,0.0,0.0,0.10171829053394686
61,contingent,node-029,3.1244142707320783,0.0,0.0,8210.176513143633,367.94558817070333,0.95,-300.4536007493543,0.0,0.0,0.012815744179786244
61,capped,node-000,0.0,0.0,0.0,8210.176513143633,396.165416932201,0.95,0.0,0.0,0.0,0.0
61,capped,node-001,0.0,0.0,0.0,8210.176513143633,396.165416932201,0.95,0.0,0.0,0.0,0.0
61,capped,node-002,0.0,0.0,0.0,8210.176513143633,396.165416932201,0.95,-144.72819515292443,0.0,0.0,0.0
61,capped,node-003,0.0,0.0,0.0,8210.176513143633,396.165416932201,0.95,0.0,0.0,0.0,0.0
61,capped,node-004,229.23185409582558,0.0,0.0,8210.176513143633,396.165416932201,0.95,-37.69666757903129,0.0,0.0,0.9402648129826391
61,capped,node-005,85.03218524505832,113.37624699341109,340.12874098023326,8210.176513143633,396.165416932201,0.95,-173.44597427337936,-29.27862880145547,-113.37624699341109,0.34878560866818836
61,capped,node-006,25.28532849133569,0.0,0.0,8210.176513143633,396.165416932201,0.95,-107.73440591017155,0.0,0.0,0.10371553621501375
61,capped,node-007,16.11704386153358,0.0,0.0,8210.176513143633,396.165416932201,0.95,-105.71716227257579,0.0,0.0,0.06610900257327644
61,capped,node-008,83.10534968834152,0.0,0.0,8210.176513143633,396.165416932201,0.95,-76.5750362804537,0.0,0.0,0.34088210118433204
61,capped,node-009,0.0,0.0,0.0,8210.176513143633,396.165416932201,0.95,0.0,0.0,0.0,0.0
61,capped,node-010,187.45517124855226,0.0,0.0,8210.176513143633,396.165416932201,0.95,-65.32558702173571,0.0,0.0,0.7689049248058161
61,capped,node-011,0.0,0.0,0.0,8210.176513143633,396.165416932201,0.95,-71.34505797169263,0.0,0.0,0.0
61,capped,node-012,0.0,0.0,0.0,8210.176513143633,396.165416932201,0.95,0.0,0.0,0.0,0.0
61,capped,node-013,17.810694477348378,0.0,0.0,8210.176513143633,396.165416932201,0.95,-86.25758485252584,0.0,0.0,0.07305603044520269
61,capped,node-014,0.0,0.0,0.0,8210.176513143633,396.165416932201,0.95,0.0,0.0,0.0,0.0
61,capped,node-015,0.0,0.0,0.0,8210.176513143633,396.165416932201,0.95,0.0,0.0,0.0,0.0
61,capped,node-016,172.99826073207507,0.0,0.0,8210.176513143633,396.165416932201,0.95,-37.31795574929963,0.0,0.0,0.709605468730223
61,capped,node-017,213.5476364351128,18.67889198398929,56.03667595196787,8210.176513143633,396.165416932201,0.95,-65.81460552684547,-5.603667595196786,-18.67889198398929,0.8759311799293361
61,capped,node-018,0.0,0.0,0.0,8210.176513143633,396.165416932201,0.95,-60.435160558027235,0.0,0.0,0.0
61,capped,node-019,0.0,0.0,0.0,8210.176513143633,396.165416932201,0.95,0.0,0.0,0.0,0.0
61,capped,node-020,231.5058937539026,0.0,0.0,8210.176513143633,396.165416932201,0.95,-47.15015439733176,0.0,0.0,0.9495924846635698
61,capped,node-021,0.0,0.0,0.0,8210.176513143633,396.165416932201,0.95,0.0,0.0,0.0,0.0
61,capped,node-022,154.58884399635508,0.0,0.0,8210.176513143633,396.165416932201,0.95,-30.91776879927102,0.0,0.0,0.6340935951627071
61,capped,node-023,47.00722347423386,0.0,0.0,8210.176513143633,396.165416932201,0.95,-94.0144469484677,0.0,0.0,0.192814556088514
61,capped,node-024,0.0,0.0,0.0,8210.176513143633,396.165416932201,0.95,-67.00665977047754,0.0,0.0,0.0
61,capped,node-025,0.0,0.0,0.0,8210.176513143633,396.165416932201,0.95,-33.251475905985856,0.0,0.0,0.0
61,capped,node-026,0.0,0.0,0.0,8210.176513143633,396.165416932201,0.95,-68.03366565823413,0.0,0.0,0.0
61,capped,node-027,0.0,0.0,0.0,8210.176513143633,396.165416932201,0.95,-24.98744404107437,0.0,0.0,0.0
61,capped,node-028,24.7984099932335,0.0,0.0,8210.176513143633,396.165416932201,0.95,-92.2309217658107,0.0,0.0,0.10171829053394686
61,capped,node-029,128.89941836854746,0.0,0.0,8210.176513143633,396.165416932201,0.95,-75.11340018733858,0.0,0.0,0.5287205305036196
61,proper_scoring,node-000,0.0,0.0,0.0,8210.176513143633,1302.2774716007793,0.95,0.0,0.0,0.0,0.0
61,proper_scoring,node-001,0.0,0.0,0.0,8210.176513143633,1302.2774716007793,0.95,0.0,0.0,0.0,0.0
61,proper_scoring,node-002,285.0889006882578,0.0,0.0,8210.176513143633,1302.2774716007793,0.95,-495.635468021836,0.0,0.0,1.1693796350703267
61,proper_scoring,node-003,0.0,0.0,0.0,8210.176513143633,1302.2774716007793,0.95,0.0,0.0,0.0,0.0
61,proper_scoring,node-004,908.7505753986567,0.0,0.0,8210.176513143633,1302.2774716007793,0.95,-150.7866703161252,0.0,0.0,3.7275194287260436
61,proper_scoring,node-005,78.59486106556119,484.53878522103605,711.2912792078582,8210.176513143633,1302.2774716007793,0.95,-724.8176943409092,23.466149948334646,-484.53878522103605,0.32238094758991936
61,proper_scoring,node-006,392.2655940898285,0.0,0.0,8210.176513143633,1302.2774716007793,0.95,-419.86719327754537,0.0,0.0,1.6089977412659815
61,proper_scoring,node-007,659.3902038110521,0.0,0.0,8210.176513143633,1302.2774716007793,0.95,-400.5419336335211,0.0,0.0,2.7046913227417533
61,proper_scoring,node-008,406.6286899965871,0.0,0.0,8210.176513143633,1302.2774716007793,0.95,-306.3001451218148,0.0,0.0,1.6679123879231368
61,proper_scoring,node-009,0.0,0.0,0.0,8210.176513143633,1302.2774716007793,0.95,0.0,0.0,0.0,0.0
61,proper_scoring,node-010,910.535956603055,0.0,0.0,8210.176513143633,1302.2774716007793,0.95,-261.3023480869429,0.0,0.0,3.7348427177640255
61,proper_scoring,node-011,78.65494202830736,0.0,0.0,8210.176513143633,1302.2774716007793,0.95,-221.34505797169263,0.0,0.0,0.32262738810065544
61,proper_scoring,node-012,0.0,0.0,0.0,8210.176513143633,1302.2774716007793,0.95,0.0,0.0,0.0,0.0
61,proper_scoring,node-013,213.74241514747413,0.0,0.0,8210.176513143633,1302.2774716007793,0.95,-337.33537754687393,0.0,0.0,0.8767301246059991
61,proper_scoring,node-014,0.0,0.0,0.0,8210.176513143633,1302.2774716007793,0.95,0.0,0.0,0.0,0.0
61,proper_scoring,node-015,0.0,0.0,0.0,8210.176513143633,1302.2774716007793,0.95,0.0,0.0,0.0,0.0
61,proper_scoring,node-016,559.3257108837028,0.0,0.0,8210.176513143633,1302.2774716007793,0.95,-149.27182299719848,0.0,0.0,2.2942460899024923
61,proper_scoring,node-017,541.647038279048,553.6284084249423,590.986192392921,8210.176513143633,1302.2774716007793,0.95,-742.171262596367,-5.603667595196839,-553.6284084249423,2.221731587692654
61,proper_scoring,node-018,0.0,0.0,0.0,8210.176513143633,1302.2774716007793,0.95,-160.43516055802723,0.0,0.0,0.0
61,proper_scoring,node-019,0.0,0.0,0.0,8210.176513143633,1302.2774716007793,0.95,0.0,0.0,0.0,0.0
61,proper_scoring,node-020,1012.3859422399918,0.0,0.0,8210.176513143633,1302.2774716007793,0.95,-188.6006175893271,0.0,0.0,4.15261169701403
61,proper_scoring,node-021,0.0,0.0,0.0,8210.176513143633,1302.2774716007793,0.95,0.0,0.0,0.0,0.0
61,proper_scoring,node-022,492.38035931728984,0.0,0.0,8210.176513143633,1302.2774716007793,0.95,-123.67107519708408,0.0,0.0,2.0196491813753865
61,proper_scoring,node-023,365.16004235086984,0.0,0.0,8210.176513143633,1302.2774716007793,0.95,-364.90064347486407,0.0,0.0,1.4978160006778294
61,proper_scoring,node-024,0.0,0.0,0.0,8210.176513143633,1302.2774716007793,0.95,-217.00665977047754,0.0,0.0,0.0
61,proper_scoring,node-025,166.74852409401416,0.0,0.0,8210.176513143633,1302.2774716007793,0.95,-133.00590362394342,0.0,0.0,0.6839702555337159
61,proper_scoring,node-026,676.1228691970921,0.0,0.0,8210.176513143633,1302.2774716007793,0.95,-272.13466263293657,0.0,0.0,2.773325485964676
61,proper_scoring,node-027,125.01255595892565,0.0,0.0,8210.176513143633,1302.2774716007793,0.95,-99.94977616429748,0.0,0.0,0.5127773712464225
61,proper_scoring,node-028,257.7690782341893,0.0,0.0,8210.176513143633,1302.2774716007793,0.95,-361.42264281395006,0.0,0.0,1.0573189973731096
61,proper_scoring,node-029,406.8191044329345,0.0,0.0,8210.176513143633,1302.2774716007793,0.95,-300.4536007493543,0.0,0.0,1.6686934311821007
61,audits,node-000,0.0,0.0,0.0,8210.176513143633,1285.9772223406467,0.95,0.0,0.0,0.0,0.0
61,audits,node-001,0.0,0.0,0.0,8210.176513143633,1285.9772223406467,0.95,0.0,0.0,0.0,0.0
61,audits,node-002,256.39674206024887,0.0,0.0,8210.176513143633,1285.9772223406467,0.95,-644.7281951529244,0.0,0.0,1.0516899393129675
61,audits,node-003,0.0,0.0,0.0,8210.176513143633,1285.9772223406467,0.95,0.0,0.0,0.0,0.0
61,audits,node-004,825.9241461810446,0.0,0.0,8210.176513143633,1285.9772223406467,0.95,-1537.6966675790313,0.0,0.0,3.387781405467888
61,audits,node-005,80.16989627756584,468.2385359609035,694.9910299477256,8210.176513143633,1285.9772223406467,0.95,-1028.3082632408718,20.644167072184814,-468.2385359609035,0.3288414379737626
61,audits,node-006,392.2655940898285,0.0,0.0,8210.176513143633,1285.9772223406467,0.95,-607.7344059101715,0.0,0.0,1.6089977412659815
61,audits,node-007,511.5039511237454,0.0,0.0,8210.176513143633,1285.9772223406467,0.95,-1515.4421657258495,0.0,0.0,2.098090463213715
61,audits,node-008,385.6707941755643,0.0,0.0,8210.176513143633,1285.9772223406467,0.95,-576.5750362804537,0.0,0.0,1.581947145123914
61,audits,node-009,0.0,0.0,0.0,8210.176513143633,1285.9772223406467,0.95,0.0,0.0,0.0,0.0
61,audits,node-010,832.6627935108678,0.0,0.0,8210.176513143633,1285.9772223406467,0.95,-1565.3255870217358,0.0,0.0,3.4154220359392684
61,audits,node-011,78.65494202830736,0.0,0.0,8210.176513143633,1285.9772223406467,0.95,-221.34505797169263,0.0,0.0,0.32262738810065544
61,audits,node-012,0.0,0.0,0.0,8210.176513143633,1285.9772223406467,0.95,0.0,0.0,0.0,0.0
61,audits,node-013,213.74241514747413,0.0,0.0,8210.176513143633,1285.9772223406467,0.95,-386.25758485252584,0.0,0.0,0.8767301246059991
61,audits,node-014,0.0,0.0,0.0,8210.176513143633,1285.9772223406467,0.95,0.0,0.0,0.0,0.0
61,audits,node-015,0.0,0.0,0.0,8210.176513143633,1285.9772223406467,0.95,0.0,0.0,0.0,0.0
61,audits,node-016,530.6128451225486,0.0,0.0,8210.176513143633,1285.9772223406467,0.95,-537.3179557492997,0.0,0.0,2.176471457482421
61,audits,node-017,528.5981199941598,553.6284084249423,590.986192392921,8210.176513143633,1285.9772223406467,0.95,-2100.7641219677985,-5.603667595196839,-553.6284084249423,2.168207443942383
61,audits,node-018,0.0,0.0,0.0,8210.176513143633,1285.9772223406467,0.95,-160.43516055802723,0.0,0.0,0.0
61,audits,node-019,0.0,0.0,0.0,8210.176513143633,1285.9772223406467,0.95,0.0,0.0,0.0,0.0
61,audits,node-020,1012.0313941103292,0.0,0.0,8210.176513143633,1285.9772223406467,0.95,-1547.1501543973318,0.0,0.0,4.151157409030601
61,audits,node-021,0.0,0.0,0.0,8210.176513143633,1285.9772223406467,0.95,0.0,0.0,0.0,0.0
61,audits,node-022,464.9624111580099,0.0,0.0,8210.176513143633,1285.9772223406467,0.95,-475.94149295719967,0.0,0.0,1.9071860509782637
61,audits,node-023,347.0072234742339,0.0,0.0,8210.176513143633,1285.9772223406467,0.95,-594.0144469484678,0.0,0.0,1.4233566419928332
61,audits,node-024,0.0,0.0,0.0,8210.176513143633,1285.9772223406467,0.95,-217.00665977047754,0.0,0.0,0.0
61,audits,node-025,166.74852409401416,0.0,0.0,8210.176513143633,1285.9772223406467,0.95,-233.25147590598584,0.0,0.0,0.6839702555337159
61,audits,node-026,631.9663343417658,0.0,0.0,8210.176513143633,1285.9772223406467,0.95,-1368.0336656582344,0.0,0.0,2.5922039042740757
61,audits,node-027,125.01255595892565,0.0,0.0,8210.176513143633,1285.9772223406467,0.95,-174.98744404107435,0.0,0.0,0.5127773712464225
61,audits,node-028,257.7690782341893,0.0,0.0,8210.176513143633,1285.9772223406467,0.95,-442.2309217658107,0.0,0.0,1.0573189973731096
61,audits,node-029,228.89941836854746,0.0,0.0,8210.176513143633,1285.9772223406467,0.95,-875.1134001873387,0.0,0.0,0.9389012258050593
62,greedy,node-000,0.0,0.0,0.0,8737.158093973538,337.2989139215628,0.95,0.0,0.0,0.0,0.0
62,greedy,node-001,0.0,0.0,0.0,8737.158093973538,337.2989139215628,0.95,0.0,0.0,0.0,0.0
62,greedy,node-002,4.713561464068874,112.43297130718764,337.2989139215628,8737.158093973538,337.2989139215628,0.95,-168.64945696078146,-33.72989139215632,-112.43297130718764,0.019334119186778426
62,greedy,node-003,0.0,0.0,0.0,8737.158093973538,337.2989139215628,0.95,-23.71639923099929,0.0,0.0,0.0
62,greedy,node-004,0.0,0.0,0.0,8737.158093973538,337.2989139215628,0.95,0.0,0.0,0.0,0.0
62,greedy,node-005,0.0,0.0,0.0,8737.158093973538,337.2989139215628,0.95,0.0,0.0,0.0,0.0
62,greedy,node-006,0.0,0.0,0.0,8737.158093973538,337.2989139215628,0.95,-110.04033133034699,0.0,0.0,0.0
62,greedy,node-007,0.0,0.0,0.0,8737.158093973538,337.2989139215628,0.95,-16.581259528890627,0.0,0.0,0.0
62,greedy,node-008,0.0,0.0,0.0,8737.158093973538,337.2989139215628,0.95,0.0,0.0,0.0,0.0
62,greedy,node-009,0.0,0.0,0.0,8737.158093973538,337.2989139215628,0.95,0.0,0.0,0.0,0.0
62,greedy,node-010,0.0,0.0,0.0,8737.158093973538,337.2989139215628,0.95,0.0,0.0,0.0,0.0
62,greedy,node-011,0.0,0.0,0.0,8737.158093973538,337.2989139215628,0.95,0.0,0.0,0.0,0.0
62,greedy,node-012,0.0,0.0,0.0,8737.158093973538,337.2989139215628,0.95,0.0,0.0,0.0,0.0
62,greedy,node-013,0.0,0.0,0.0,8737.158093973538,337.2989139215628,0.95,0.0,0.0,0.0,0.0
62,greedy,node-014,0.0,0.0,0.0,8737.158093973538,337.2989139215628,0.95,0.0,0.0,0.0,0.0
62,greedy,node-015,0.0,0.0,0.0,8737.158093973538,337.2989139215628,0.95,-30.651056687650076,0.0,0.0,0.0
62,greedy,node-016,0.0,0.0,0.0,8737.158093973538,337.2989139215628,0.95,0.0,0.0,0.0,0.0
62,greedy,node-017,0.0,0.0,0.0,8737.158093973538,337.2989139215628,0.95,0.0,0.0,0.0,0.0
62,greedy,node-018,0.0,0.0,0.0,8737.158093973538,337.2989139215628,0.95,0.0,0.0,0.0,0.0
62,greedy,node-019,0.0,0.0,0.0,8737.158093973538,337.2989139215628,0.95,0.0,0.0,0.0,0.0
62,greedy,node-020,0.0,0.0,0.0,8737.158093973538,337.2989139215628,0.95,0.0,0.0,0.0,0.0
62,greedy,node-021,0.0,0.0,0.0,8737.158093973538,337.2989139215628,0.95,0.0,0.0,0.0,0.0
62,greedy,node-022,0.0,0.0,0.0,8737.158093973538,337.2989139215628,0.95,0.0,0.0,0.0,0.0
62,greedy,node-023,0.0,0.0,0.0,8737.158093973538,337.2989139215628,0.95,0.0,0.0,0.0,0.0
62,greedy,node-024,5.759930317731438,0.0,0.0,8737.158093973538,337.2989139215628,0.95,-37.68808424656451,0.0,0.0,0.023626122226149238
62,greedy,node-025,0.0,0.0,0.0,8737.158093973538,337.2989139215628,0.95,-2.4458170968011252,0.0,0.0,0.0
62,greedy,node-026,0.0,0.0,0.0,8737.158093973538,337.2989139215628,0.95,-89.7076556002565,0.0,0.0,0.0
62,greedy,node-027,15.084950275471769,0.0,0.0,8737.158093973538,337.2989139215628,0.95,-55.87194175140536,24.481594055079544,0.0,0.06187555392580654
62,greedy,node-028,0.0,0.0,0.0,8737.158093973538,337.2989139215628,0.95,-72.71471194604175,0.0,0.0,0.0
62,greedy,node-029,0.0,0.0,0.0,8737.158093973538,337.2989139215628,0.95,0.0,0.0,0.0,0.0
62,trust_vcg,node-000,0.0,0.0,0.0,8618.317236216504,1398.7449086922775,1.0,0.0,0.0,0.0,0.0
62,trust_vcg,node-001,0.0,0.0,0.0,8618.317236216504,1398.7449086922775,1.0,0.0,0.0,0.0,0.0
62,trust_vcg,node-002,841.912911061328,0.0,0.0,8618.317236216504,1398.7449086922775,1.0,-11056.216485653593,149.76053161086207,0.0,3.453364232423947
62,trust_vcg,node-003,575.2202286049101,437.7191232766409,515.0941006375116,8618.317236216504,1398.7449086922775,1.0,-11565.735871019535,41.40116299578119,-437.7191232766409,2.3594423332061507
62,trust_vcg,node-004,0.0,0.0,0.0,8618.317236216504,1398.7449086922775,1.0,-1691.056716361934,0.0,0.0,0.0
62,trust_vcg,node-005,189.81103850759646,0.0,0.0,8618.317236216504,1398.7449086922775,1.0,-3410.188961492404,0.0,0.0,0.7785682375093426
62,trust_vcg,node-006,777.8013029745705,0.0,0.0,8618.317236216504,1398.7449086922775,1.0,-11110.040331330349,0.0,0.0,3.1903907926047506
62,trust_vcg,node-007,239.77748361183552,0.0,0.0,8618.317236216504,1398.7449086922775,1.0,-3940.308994252197,0.0,0.0,0.9835209494553225
62,trust_vcg,node-008,0.0,0.0,0.0,8618.317236216504,1398.7449086922775,1.0,0.0,0.0,0.0,0.0
62,trust_vcg,node-009,0.0,0.0,0.0,8618.317236216504,1398.7449086922775,1.0,0.0,0.0,0.0,0.0
62,trust_vcg,node-010,0.0,0.0,0.0,8618.317236216504,1398.7449086922775,1.0,-2309.180875589624,0.0,0.0,0.0
62,trust_vcg,node-011,0.0,0.0,0.0,8618.317236216504,1398.7449086922775,1.0,0.0,0.0,0.0,0.0
62,trust_vcg,node-012,0.0,0.0,0.0,8618.317236216504,1398.7449086922775,1.0,0.0,0.0,0.0,0.0
62,trust_vcg,node-013,232.21142279443976,0.0,0.0,8618.317236216504,1398.7449086922775,1.0,-5065.873320354402,0.0,0.0,0.9524864285875988
62,trust_vcg,node-014,0.0,0.0,0.0,8618.317236216504,1398.7449086922775,1.0,0.0,0.0,0.0,0.0
62,trust_vcg,node-015,398.29758078470775,0.0,0.0,8618.317236216504,1398.7449086922775,1.0,-5601.702419215291,0.0,0.0,1.6337397862315275
62,trust_vcg,node-016,554.2147783878286,0.0,0.0,8618.317236216504,1398.7449086922775,1.0,-5608.429556775658,0.0,0.0,2.2732820314545283
62,trust_vcg,node-017,87.18563482744457,0.0,0.0,8618.317236216504,1398.7449086922775,1.0,-1684.208042717603,0.0,0.0,0.3576186431381863
62,trust_vcg,node-018,6.834731507432082,0.0,0.0,8618.317236216504,1398.7449086922775,1.0,-593.1652684925679,0.0,0.0,0.02803474921917148
62,trust_vcg,node-019,0.0,0.0,0.0,8618.317236216504,1398.7449086922775,1.0,0.0,0.0,0.0,0.0
62,trust_vcg,node-020,215.63317109666542,0.0,0.0,8618.317236216504,1398.7449086922775,1.0,-3984.366828903335,0.0,0.0,0.8844856405048452
62,trust_vcg,node-021,0.0,0.0,0.0,8618.317236216504,1398.7449086922775,1.0,0.0,0.0,0.0,0.0
62,trust_vcg,node-022,0.0,0.0,0.0,8618.317236216504,1398.7449086922775,1.0,0.0,0.0,0.0,0.0
62,trust_vcg,node-023,0.0,0.0,0.0,8618.317236216504,1398.7449086922775,1.0,0.0,0.0,0.0,0.0
62,trust_vcg,node-024,401.7446065440857,0.0,0.0,8618.317236216504,1398.7449086922775,1.0,-5574.555402151951,0.0,0.0,1.6478788204585637
62,trust_vcg,node-025,272.1177686439179,0.0,0.0,8618.317236216504,1398.7449086922775,1.0,-7768.189373550718,0.0,0.0,1.1161745554623854
62,trust_vcg,node-026,316.2497683153176,626.1603275555553,883.650808054766,8618.317236216504,1398.7449086922775,1.0,-11163.447641366809,-38.62357207488162,-626.1603275555553,1.2971954985649619
62,trust_vcg,node-027,632.0716877379334,0.0,0.0,8618.317236216504,1398.7449086922775,1.0,-10535.800281402322,0.0,0.0,2.592636043567
62,trust_vcg,node-028,251.4692865994971,0.0,0.0,8618.317236216504,1398.7449086922775,1.0,-10548.530713400503,0.0,0.0,1.0314784682433873
62,trust_vcg,node-029,0.0,0.0,0.0,8618.317236216504,1398.7449086922775,1.0,0.0,0.0,0.0,0.0
62,contingent,node-000,0.0,0.0,0.0,8618.317236216504,502.2981867901218,1.0,0.0,0.0,0.0,0.0
62,contingent,node-001,0.0,0.0,0.0,8618.317236216504,502.2981867901218,1.0,0.0,0.0,0.0,0.0
62,contingent,node-002,341.9129110613281,0.0,0.0,8618.317236216504,502.2981867901218,1.0,-224.86594261437529,5.513373588156018,0.0,1.4024607559167486
62,contingent,node-003,44.554388904736726,38.68748868043531,116.06246604130592,8618.317236216504,502.2981867901218,1.0,-550.7544796520091,-8.477791328744505,-38.68748868043531,0.1827535021967566
62,contingent,node-004,0.0,0.0,0.0,8618.317236216504,502.2981867901218,1.0,-273.44244585557897,0.0,0.0,0.0
62,contingent,node-005,33.32950832334096,0.0,0.0,8618.317236216504,502.2981867901218,1.0,-440.75584596961414,0.0,0.0,0.13671120898123115
62,contingent,node-006,177.80130297457052,0.0,0.0,8618.317236216504,502.2981867901218,1.0,-440.16132532138795,0.0,0.0,0.7293066207961126
62,contingent,node-007,89.77748361183552,0.0,0.0,8618.317236216504,502.2981867901218,1.0,-361.2359770087877,0.0,0.0,0.36824990650316297
62,contingent,node-008,0.0,0.0,0.0,8618.317236216504,502.2981867901218,1.0,0.0,0.0,0.0,0.0
62,contingent,node-009,0.0,0.0,0.0,8618.317236216504,502.2981867901218,1.0,0.0,0.0,0.0,0.0
62,contingent,node-010,0.0,0.0,0.0,8618.317236216504,502.2981867901218,1.0,-436.7235023584951,0.0,0.0,0.0
62,contingent,node-011,0.0,0.0,0.0,8618.317236216504,502.2981867901218,1.0,0.0,0.0,0.0,0.0
62,contingent,node-012,0.0,0.0,0.0,8618.317236216504,502.2981867901218,1.0,0.0,0.0,0.0,0.0
62,contingent,node-013,73.22925446960377,0.0,0.0,8618.317236216504,502.2981867901218,1.0,-463.4932814176047,0.0,0.0,0.30037226514748133
62,contingent,node-014,0.0,0.0,0.0,8618.317236216504,502.2981867901218,1.0,0.0,0.0,0.0,0.0
62,contingent,node-015,106.91147045339932,0.0,0.0,8618.317236216504,502.2981867901218,1.0,-406.80967686116907,0.0,0.0,0.43853021286274657
62,contingent,node-016,54.21477838782851,0.0,0.0,8618.317236216504,502.2981867901218,1.0,-433.71822710262813,0.0,0.0,0.2223785549473296
62,contingent,node-017,0.0,0.0,0.0,8618.317236216504,502.2981867901218,1.0,-248.5297217422326,0.0,0.0,0.0
62,contingent,node-018,0.0,0.0,0.0,8618.317236216504,502.2981867901218,1.0,-172.6610739702717,0.0,0.0,0.0
62,contingent,node-019,0.0,0.0,0.0,8618.317236216504,502.2981867901218,1.0,0.0,0.0,0.0,0.0
62,contingent,node-020,0.0,0.0,0.0,8618.317236216504,502.2981867901218,1.0,-537.4673156133383,0.0,0.0,0.0
62,contingent,node-021,0.0,0.0,0.0,8618.317236216504,502.2981867901218,1.0,0.0,0.0,0.0,0.0
62,contingent,node-022,0.0,0.0,0.0,8618.317236216504,502.2981867901218,1.0,0.0,0.0,0.0,0.0
62,contingent,node-023,0.0,0.0,0.0,8618.317236216504,502.2981867901218,1.0,0.0,0.0,0.0,0.0
62,contingent,node-024,150.53306665767838,0.0,0.0,8618.317236216504,502.2981867901218,1.0,-298.22160860780355,0.0,0.0,0.6174575794750448
62,contingent,node-025,4.173765862425276,0.0,0.0,8618.317236216504,502.2981867901218,1.0,-272.7574942028781,0.0,0.0,0.017119981834750126
62,contingent,node-026,184.8892997999659,128.74524024960533,386.2357207488159,8618.317236216504,502.2981867901218,1.0,-477.89449549460585,-38.62357207488162,-128.74524024960533,0.7583802154574634
62,contingent,node-027,198.13631326478117,0.0,0.0,8618.317236216504,502.2981867901218,1.0,-343.20112560928965,0.0,0.0,0.8127169073941181
62,contingent,node-028,80.7529508066228,0.0,0.0,8618.317236216504,502.2981867901218,1.0,-394.1228536020112,0.0,0.0,0.33123301509503494
62,contingent,node-029,0.0,0.0,0.0,8618.317236216504,502.2981867901218,1.0,0.0,0.0,0.0,0.0
62,capped,node-000,0.0,0.0,0.0,8618.317236216504,502.2981867901218,1.0,0.0,0.0,0.0,0.0
62,capped,node-001,0.0,0.0,0.0,8618.317236216504,502.2981867901218,1.0,0.0,0.0,0.0,0.0
62,capped,node-002,341.9129110613281,0.0,0.0,8618.317236216504,502.2981867901218,1.0,-56.21648565359382,5.513373588156018,0.0,1.4024607559167486
62,capped,node-003,44.554388904736726,38.68748868043531,116.06246604130592,8618.317236216504,502.2981867901218,1.0,-166.70423642332875,-8.477791328744505,-38.68748868043531,0.1827535021967566
62,capped,node-004,0.0,0.0,0.0,8618.317236216504,502.2981867901218,1.0,-68.36061146389474,0.0,0.0,0.0
62,capped,node-005,33.32950832334096,0.0,0.0,8618.317236216504,502.2981867901218,1.0,-110.18896149240355,0.0,0.0,0.13671120898123115
62,capped,node-006,177.80130297457052,0.0,0.0,8618.317236216504,502.2981867901218,1.0,-110.04033133034699,0.0,0.0,0.7293066207961126
62,capped,node-007,89.77748361183552,0.0,0.0,8618.317236216504,502.2981867901218,1.0,-90.3089942521969,0.0,0.0,0.36824990650316297
62,capped,node-008,0.0,0.0,0.0,8618.317236216504,502.2981867901218,1.0,0.0,0.0,0.0,0.0
62,capped,node-009,0.0,0.0,0.0,8618.317236216504,502.2981867901218,1.0,0.0,0.0,0.0,0.0
62,capped,node-010,0.0,0.0,0.0,8618.317236216504,502.2981867901218,1.0,-109.18087558962378,0.0,0.0,0.0
62,capped,node-011,0.0,0.0,0.0,8618.317236216504,502.2981867901218,1.0,0.0,0.0,0.0,0.0
62,capped,node-012,0.0,0.0,0.0,8618.317236216504,502.2981867901218,1.0,0.0,0.0,0.0,0.0
62,capped,node-013,73.22925446960377,0.0,0.0,8618.317236216504,502.2981867901218,1.0,-115.87332035440117,0.0,0.0,0.30037226514748133
62,capped,node-014,0.0,0.0,0.0,8618.317236216504,502.2981867901218,1.0,0.0,0.0,0.0,0.0
62,capped,node-015,106.91147045339932,0.0,0.0,8618.317236216504,502.2981867901218,1.0,-101.70241921529227,0.0,0.0,0.43853021286274657
62,capped,node-016,54.21477838782851,0.0,0.0,8618.317236216504,502.2981867901218,1.0,-108.42955677565705,0.0,0.0,0.2223785549473296
62,capped,node-017,0.0,0.0,0.0,8618.317236216504,502.2981867901218,1.0,-62.132430435558156,0.0,0.0,0.0
62,capped,node-018,0.0,0.0,0.0,8618.317236216504,502.2981867901218,1.0,-43.16526849256792,0.0,0.0,0.0
62,capped,node-019,0.0,0.0,0.0,8618.317236216504,502.2981867901218,1.0,0.0,0.0,0.0,0.0
62,capped,node-020,0.0,0.0,0.0,8618.317236216504,502.2981867901218,1.0,-134.36682890333458,0.0,0.0,0.0
62,capped,node-021,0.0,0.0,0.0,8618.317236216504,502.2981867901218,1.0,0.0,0.0,0.0,0.0
62,capped,node-022,0.0,0.0,0.0,8618.317236216504,502.2981867901218,1.0,0.0,0.0,0.0,0.0
62,capped,node-023,0.0,0.0,0.0,8618.317236216504,502.2981867901218,1.0,0.0,0.0,0.0,0.0
62,capped,node-024,150.53306665767838,0.0,0.0,8618.317236216504,502.2981867901218,1.0,-74.55540215195089,0.0,0.0,0.6174575794750448
62,capped,node-025,4.173765862425276,0.0,0.0,8618.317236216504,502.2981867901218,1.0,-68.18937355071954,0.0,0.0,0.017119981834750126
62,capped,node-026,184.8892997999659,128.74524024960533,386.2357207488159,8618.317236216504,502.2981867901218,1.0,-216.03255406085546,-38.62357207488162,-128.74524024960533,0.7583802154574634
62,capped,node-027,198.13631326478117,0.0,0.0,8618.317236216504,502.2981867901218,1.0,-85.80028140232241,0.0,0.0,0.8127169073941181
62,capped,node-028,194.290250163642,0.0,0.0,8618.317236216504,502.2981867901218,1.0,-98.53071340050279,0.0,0.0,0.7969410990241333
62,capped,node-029,0.0,0.0,0.0,8618.317236216504,502.2981867901218,1.0,0.0,0.0,0.0,0.0
62,proper_scoring,node-000,0.0,0.0,0.0,8618.317236216504,1398.7449086922775,1.0,0.0,0.0,0.0,0.0
62,proper_scoring,node-001,0.0,0.0,0.0,8618.317236216504,1398.7449086922775,1.0,0.0,0.0,0.0,0.0
62,proper_scoring,node-002,1001.6707302891948,0.0,0.0,8618.317236216504,1398.7449086922775,1.0,-224.86594261437529,149.76053161086207,0.0,4.108659966131228
62,proper_scoring,node-003,575.2202286049101,437.7191232766409,515.0941006375116,8618.317236216504,1398.7449086922775,1.0,-919.9533093821685,41.40116299578119,-437.7191232766409,2.3594423332061507
62,proper_scoring,node-004,0.0,0.0,0.0,8618.317236216504,1398.7449086922775,1.0,-191.05671636193415,0.0,0.0,0.0
62,proper_scoring,node-005,189.81103850759646,0.0,0.0,8618.317236216504,1398.7449086922775,1.0,-390.77879602956835,0.0,0.0,0.7785682375093426
62,proper_scoring,node-006,941.964474400103,0.0,0.0,8618.317236216504,1398.7449086922775,1.0,-434.9916163336418,0.0,0.0,3.863756430586894
62,proper_scoring,node-007,239.77748361183552,0.0,0.0,8618.317236216504,1398.7449086922775,1.0,-361.2359770087877,0.0,0.0,0.9835209494553225
62,proper_scoring,node-008,0.0,0.0,0.0,8618.317236216504,1398.7449086922775,1.0,0.0,0.0,0.0,0.0
62,proper_scoring,node-009,0.0,0.0,0.0,8618.317236216504,1398.7449086922775,1.0,0.0,0.0,0.0,0.0
62,proper_scoring,node-010,0.0,0.0,0.0,8618.317236216504,1398.7449086922775,1.0,-309.1808755896238,0.0,0.0,0.0
62,proper_scoring,node-011,0.0,0.0,0.0,8618.317236216504,1398.7449086922775,1.0,0.0,0.0,0.0,0.0
62,proper_scoring,node-012,0.0,0.0,0.0,8618.317236216504,1398.7449086922775,1.0,0.0,0.0,0.0,0.0
62,proper_scoring,node-013,251.30307621349638,0.0,0.0,8618.317236216504,1398.7449086922775,1.0,-453.64939971319905,0.0,0.0,1.0307967053264262
62,proper_scoring,node-014,0.0,0.0,0.0,8618.317236216504,1398.7449086922775,1.0,0.0,0.0,0.0,0.0
62,proper_scoring,node-015,398.29758078470775,0.0,0.0,8618.317236216504,1398.7449086922775,1.0,-406.49679461745785,0.0,0.0,1.6337397862315275
62,proper_scoring,node-016,554.2147783878286,0.0,0.0,8618.317236216504,1398.7449086922775,1.0,-405.1630936380342,0.0,0.0,2.2732820314545283
62,proper_scoring,node-017,87.18563482744457,0.0,0.0,8618.317236216504,1398.7449086922775,1.0,-184.20804271760272,0.0,0.0,0.3576186431381863
62,proper_scoring,node-018,6.834731507432082,0.0,0.0,8618.317236216504,1398.7449086922775,1.0,-93.16526849256792,0.0,0.0,0.02803474921917148
62,proper_scoring,node-019,0.0,0.0,0.0,8618.317236216504,1398.7449086922775,1.0,0.0,0.0,0.0,0.0
62,proper_scoring,node-020,215.63317109666542,0.0,0.0,8618.317236216504,1398.7449086922775,1.0,-446.4291684819879,0.0,0.0,0.8844856405048452
62,proper_scoring,node-021,0.0,0.0,0.0,8618.317236216504,1398.7449086922775,1.0,0.0,0.0,0.0,0.0
62,proper_scoring,node-022,0.0,0.0,0.0,8618.317236216504,1398.7449086922775,1.0,0.0,0.0,0.0,0.0
62,proper_scoring,node-023,0.0,0.0,0.0,8618.317236216504,1398.7449086922775,1.0,0.0,0.0,0.0,0.0
62,proper_scoring,node-024,460.6533475080308,0.0,0.0,8618.317236216504,1398.7449086922775,1.0,-298.22160860780355,0.0,0.0,1.8895111037377976
62,proper_scoring,node-025,499.19417318021806,0.0,0.0,8618.317236216504,1398.7449086922775,1.0,-272.7574942028781,0.0,0.0,2.047598130454891
62,proper_scoring,node-026,316.2497683153176,626.1603275555553,883.650808054766,8618.317236216504,1398.7449086922775,1.0,-975.3095828005559,-38.62357207488162,-626.1603275555553,1.2971954985649619
62,proper_scoring,node-027,682.7448920802283,0.0,0.0,8618.317236216504,1398.7449086922775,1.0,-343.20112560928965,0.0,0.0,2.800487745469744
62,proper_scoring,node-028,756.0543668566894,0.0,0.0,8618.317236216504,1398.7449086922775,1.0,-394.1228536020112,0.0,0.0,3.101189058829666
62,proper_scoring,node-029,0.0,0.0,0.0,8618.317236216504,1398.7449086922775,1.0,0.0,0.0,0.0,0.0
62,audits,node-000,0.0,0.0,0.0,8618.317236216504,1398.7449086922775,1.0,0.0,0.0,0.0,0.0
62,audits,node-001,0.0,0.0,0.0,8618.317236216504,1398.7449086922775,1.0,0.0,0.0,0.0,0.0
62,audits,node-002,959.9071442416355,0.0,0.0,8618.317236216504,1398.7449086922775,1.0,-1556.2164856535937,149.76053161086207,0.0,3.937353798498534
62,audits,node-003,575.2202286049101,437.7191232766409,515.0941006375116,8618.317236216504,1398.7449086922775,1.0,-2065.7358710195344,41.40116299578119,-437.7191232766409,2.3594423332061507
62,audits,node-004,0.0,0.0,0.0,8618.317236216504,1398.7449086922775,1.0,-191.05671636193415,0.0,0.0,0.0
62,audits,node-005,189.81103850759646,0.0,0.0,8618.317236216504,1398.7449086922775,1.0,-410.18896149240356,0.0,0.0,0.7785682375093426
62,audits,node-006,903.763619224844,0.0,0.0,8618.317236216504,1398.7449086922775,1.0,-1610.040331330347,0.0,0.0,3.7070638972179206
62,audits,node-007,239.77748361183552,0.0,0.0,8618.317236216504,1398.7449086922775,1.0,-440.30899425219684,0.0,0.0,0.9835209494553225
62,audits,node-008,0.0,0.0,0.0,8618.317236216504,1398.7449086922775,1.0,0.0,0.0,0.0,0.0
62,audits,node-009,0.0,0.0,0.0,8618.317236216504,1398.7449086922775,1.0,0.0,0.0,0.0,0.0
62,audits,node-010,0.0,0.0,0.0,8618.317236216504,1398.7449086922775,1.0,-309.1808755896238,0.0,0.0,0.0
62,audits,node-011,0.0,0.0,0.0,8618.317236216504,1398.7449086922775,1.0,0.0,0.0,0.0,0.0
62,audits,node-012,0.0,0.0,0.0,8618.317236216504,1398.7449086922775,1.0,0.0,0.0,0.0,0.0
62,audits,node-013,234.12667964559878,0.0,0.0,8618.317236216504,1398.7449086922775,1.0,-565.8733203544012,0.0,0.0,0.9603424424564914
62,audits,node-014,0.0,0.0,0.0,8618.317236216504,1398.7449086922775,1.0,0.0,0.0,0.0,0.0
62,audits,node-015,398.29758078470775,0.0,0.0,8618.317236216504,1398.7449086922775,1.0,-601.7024192152924,0.0,0.0,1.6337397862315275
62,audits,node-016,554.2147783878286,0.0,0.0,8618.317236216504,1398.7449086922775,1.0,-608.4295567756569,0.0,0.0,2.2732820314545283
62,audits,node-017,87.18563482744457,0.0,0.0,8618.317236216504,1398.7449086922775,1.0,-184.20804271760272,0.0,0.0,0.3576186431381863
62,audits,node-018,6.834731507432082,0.0,0.0,8618.317236216504,1398.7449086922775,1.0,-93.16526849256792,0.0,0.0,0.02803474921917148
62,audits,node-019,0.0,0.0,0.0,8618.317236216504,1398.7449086922775,1.0,0.0,0.0,0.0,0.0
62,audits,node-020,215.63317109666542,0.0,0.0,8618.317236216504,1398.7449086922775,1.0,-484.3668289033345,0.0,0.0,0.8844856405048452
62,audits,node-021,0.0,0.0,0.0,8618.317236216504,1398.7449086922775,1.0,0.0,0.0,0.0,0.0
62,audits,node-022,0.0,0.0,0.0,8618.317236216504,1398.7449086922775,1.0,0.0,0.0,0.0,0.0
62,audits,node-023,0.0,0.0,0.0,8618.317236216504,1398.7449086922775,1.0,0.0,0.0,0.0,0.0
62,audits,node-024,437.2777010759755,0.0,0.0,8618.317236216504,1398.7449086922775,1.0,-574.555402151951,0.0,0.0,1.793628714671587
62,audits,node-025,431.8106264492805,0.0,0.0,8618.317236216504,1398.7449086922775,1.0,-1268.18937355072,0.0,0.0,1.7712038299551611
62,audits,node-026,316.2497683153176,626.1603275555553,883.650808054766,8618.317236216504,1398.7449086922775,1.0,-2163.4476413668053,-38.62357207488162,-626.1603275555553,1.2971954985649619
62,audits,node-027,632.0716877379334,0.0,0.0,8618.317236216504,1398.7449086922775,1.0,-1535.8002814023228,0.0,0.0,2.592636043567
62,audits,node-028,751.4692865994971,0.0,0.0,8618.317236216504,1398.7449086922775,1.0,-1548.530713400503,0.0,0.0,3.0823819447505856
62,audits,node-029,0.0,0.0,0.0,8618.317236216504,1398.7449086922775,1.0,0.0,0.0,0.0,0.0
60,greedy,node-000,0.0,0.0,0.0,8890.559888708785,195.91165551344034,1.0,0.0,0.0,-47.5995239968004,0.0
60,greedy,node-001,8.688890591194472,0.0,0.0,8890.559888708785,195.91165551344034,1.0,-47.5995239968004,5.3465987164170325,0.0,0.03564015184094286
60,greedy,node-002,3.6498083710404066,6.346234558151514,19.038703674454545,8890.559888708785,195.91165551344034,1.0,-51.43352905504209,14.324972934969786,-6.346234558151514,0.014970809353503688
60,greedy,node-003,0.0,0.0,0.0,8890.559888708785,195.91165551344034,1.0,0.0,0.0,0.0,0.0
60,greedy,node-004,0.0,0.0,0.0,8890.559888708785,195.91165551344034,1.0,0.0,0.0,0.0,0.0
60,greedy,node-005,0.0,0.0,0.0,8890.559888708785,195.91165551344034,1.0,0.0,0.0,0.0,0.0
60,greedy,node-006,0.0,0.0,0.0,8890.559888708785,195.91165551344034,1.0,0.0,0.0,0.0,0.0
60,greedy,node-007,0.0,0.0,0.0,8890.559888708785,195.91165551344034,1.0,0.0,0.0,0.0,0.0
60,greedy,node-008,0.0,0.0,0.0,8890.559888708785,195.91165551344034,1.0,0.0,0.0,0.0,0.0
60,greedy,node-009,0.0,0.0,0.0,8890.559888708785,195.91165551344034,1.0,0.0,0.0,0.0,0.0
60,greedy,node-010,0.0,0.0,0.0,8890.559888708785,195.91165551344034,1.0,-12.872378077271566,0.0,0.0,0.0
60,greedy,node-011,0.0,0.0,0.0,8890.559888708785,195.91165551344034,1.0,0.0,0.0,0.0,0.0
60,greedy,node-012,0.0,0.0,0.0,8890.559888708785,195.91165551344034,1.0,0.0,0.0,0.0,0.0
60,greedy,node-013,0.0,0.0,0.0,8890.559888708785,195.91165551344034,1.0,0.0,0.0,0.0,0.0
60,greedy,node-014,0.0,0.0,0.0,8890.559888708785,195.91165551344034,1.0,0.0,0.0,0.0,0.0
60,greedy,node-015,0.0,0.0,0.0,8890.559888708785,195.91165551344034,1.0,0.0,0.0,0.0,0.0
60,greedy,node-016,0.0,0.0,0.0,8890.559888708785,195.91165551344034,1.0,0.0,0.0,0.0,0.0
60,greedy,node-017,0.0,0.0,0.0,8890.559888708785,195.91165551344034,1.0,0.0,0.0,0.0,0.0
60,greedy,node-018,0.0,0.0,0.0,8890.559888708785,195.91165551344034,1.0,0.0,0.0,0.0,0.0
60,greedy,node-019,0.0,0.0,0.0,8890.559888708785,195.91165551344034,1.0,0.0,0.0,0.0,0.0
60,greedy,node-020,0.0,0.0,0.0,8890.559888708785,195.91165551344034,1.0,0.0,0.0,0.0,0.0
60,greedy,node-021,0.0,0.0,0.0,8890.559888708785,195.91165551344034,1.0,0.0,0.0,0.0,0.0
60,greedy,node-022,0.0,0.0,0.0,8890.559888708785,195.91165551344034,1.0,-25.37771445122706,0.0,0.0,0.0
60,greedy,node-023,0.0,0.0,0.0,8890.559888708785,195.91165551344034,1.0,0.0,0.0,0.0,0.0
60,greedy,node-024,0.0,0.0,0.0,8890.559888708785,195.91165551344034,1.0,0.0,0.0,0.0,0.0
60,greedy,node-025,0.0,0.0,0.0,8890.559888708785,195.91165551344034,1.0,0.0,0.0,0.0,0.0
60,greedy,node-026,0.0,0.0,0.0,8890.559888708785,195.91165551344034,1.0,0.0,0.0,0.0,0.0
60,greedy,node-027,0.0,0.0,0.0,8890.559888708785,195.91165551344034,1.0,0.0,0.0,0.0,0.0
60,greedy,node-028,23.31218586802359,47.011065590101424,141.03319677030427,8890.559888708785,195.91165551344034,1.0,-85.62146309285843,-11.832501436214137,-47.011065590101424,0.09562208608342312
60,greedy,node-029,0.0,11.946585022893842,35.839755068681534,8890.559888708785,195.91165551344034,1.0,-37.9573163543418,1.0692792586669047,-11.946585022893842,0.0
60,trust_vcg,node-000,0.0,0.0,0.0,8886.495938882259,1200.5265254691399,1.0,0.0,0.0,285.27104276931755,0.0
60,trust_vcg,node-001,574.6866013613977,0.0,0.0,8886.495938882259,1200.5265254691399,1.0,-6088.39157357738,0.0,0.0,2.357253497268394
60,trust_vcg,node-002,1022.5436472484452,0.0,0.0,8886.495938882259,1200.5265254691399,1.0,-11045.08729449689,0.0,0.0,4.194276642044373
60,trust_vcg,node-003,0.0,0.0,0.0,8886.495938882259,1200.5265254691399,1.0,0.0,0.0,0.0,0.0
60,trust_vcg,node-004,0.0,0.0,0.0,8886.495938882259,1200.5265254691399,1.0,0.0,0.0,0.0,0.0
60,trust_vcg,node-005,0.0,0.0,0.0,8886.495938882259,1200.5265254691399,1.0,0.0,0.0,0.0,0.0
60,trust_vcg,node-006,0.0,0.0,0.0,8886.495938882259,1200.5265254691399,1.0,0.0,0.0,0.0,0.0
60,trust_vcg,node-007,0.0,0.0,0.0,8886.495938882259,1200.5265254691399,1.0,-5006.755134035209,0.0,0.0,0.0
60,trust_vcg,node-008,0.0,0.0,0.0,8886.495938882259,1200.5265254691399,1.0,0.0,0.0,0.0,0.0
60,trust_vcg,node-009,0.0,0.0,0.0,8886.495938882259,1200.5265254691399,1.0,0.0,0.0,0.0,0.0
60,trust_vcg,node-010,479.48536793572725,0.0,0.0,8886.495938882259,1200.5265254691399,1.0,-5561.782044402228,0.0,0.0,1.9667564160674322
60,trust_vcg,node-011,0.0,0.0,0.0,8886.495938882259,1200.5265254691399,1.0,0.0,0.0,0.0,0.0
60,trust_vcg,node-012,0.0,0.0,0.0,8886.495938882259,1200.5265254691399,1.0,0.0,0.0,0.0,0.0
60,trust_vcg,node-013,0.0,0.0,0.0,8886.495938882259,1200.5265254691399,1.0,0.0,0.0,0.0,0.0
60,trust_vcg,node-014,0.0,0.0,0.0,8886.495938882259,1200.5265254691399,1.0,0.0,0.0,0.0,0.0
60,trust_vcg,node-015,0.0,0.0,0.0,8886.495938882259,1200.5265254691399,1.0,0.0,0.0,0.0,0.0
60,trust_vcg,node-016,0.0,0.0,0.0,8886.495938882259,1200.5265254691399,1.0,0.0,0.0,0.0,0.0
60,trust_vcg,node-017,0.0,0.0,0.0,8886.495938882259,1200.5265254691399,1.0,0.0,0.0,0.0,0.0
60,trust_vcg,node-018,0.0,0.0,0.0,8886.495938882259,1200.5265254691399,1.0,0.0,0.0,0.0,0.0
60,trust_vcg,node-019,0.0,0.0,0.0,8886.495938882259,1200.5265254691399,1.0,0.0,0.0,0.0,0.0
60,trust_vcg,node-020,0.0,0.0,0.0,8886.495938882259,1200.5265254691399,1.0,0.0,0.0,0.0,0.0
60,trust_vcg,node-021,0.0,0.0,0.0,8886.495938882259,1200.5265254691399,1.0,0.0,0.0,0.0,0.0
60,trust_vcg,node-022,530.7988389493096,0.0,0.0,8886.495938882259,1200.5265254691399,1.0,-6113.1895922351205,0.0,0.0,2.177234368254247
60,trust_vcg,node-023,0.0,0.0,0.0,8886.495938882259,1200.5265254691399,1.0,0.0,0.0,0.0,0.0
60,trust_vcg,node-024,0.0,0.0,0.0,8886.495938882259,1200.5265254691399,1.0,0.0,0.0,0.0,0.0
60,trust_vcg,node-025,148.92326173433565,0.0,0.0,8886.495938882259,1200.5265254691399,1.0,-2251.076738265664,0.0,0.0,0.6108544704474809
60,trust_vcg,node-026,0.0,0.0,0.0,8886.495938882259,1200.5265254691399,1.0,0.0,0.0,0.0,0.0
60,trust_vcg,node-027,0.0,0.0,0.0,8886.495938882259,1200.5265254691399,1.0,0.0,0.0,0.0,0.0
60,trust_vcg,node-028,214.77831577737726,335.4767758710331,408.3128504441576,8886.495938882259,1200.5265254691399,1.0,-8066.074900577816,-10.925411185968699,-335.4767758710331,0.8809791890123677
60,trust_vcg,node-029,372.1163830037025,730.378029429285,792.2136750249821,8886.495938882259,1200.5265254691399,1.0,-11781.625235645779,99.04424253274351,-730.378029429285,1.526349567135155
60,contingent,node-000,0.0,0.0,0.0,8886.495938882259,202.00758025323228,1.0,0.0,0.0,-13.074518451980309,0.0
60,contingent,node-001,124.68660136139766,0.0,0.0,8886.495938882259,202.00758025323228,1.0,-153.56629430952017,0.0,0.0,0.5114403684119153
60,contingent,node-002,130.55939605636186,0.0,0.0,8886.495938882259,202.00758025323228,1.0,-180.34917798756229,0.0,0.0,0.5355294385253455
60,contingent,node-003,0.0,0.0,0.0,8886.495938882259,202.00758025323228,1.0,0.0,0.0,0.0,0.0
60,contingent,node-004,0.0,0.0,0.0,8886.495938882259,202.00758025323228,1.0,0.0,0.0,0.0,0.0
60,contingent,node-005,0.0,0.0,0.0,8886.495938882259,202.00758025323228,1.0,0.0,0.0,0.0,0.0
60,contingent,node-006,0.0,0.0,0.0,8886.495938882259,202.00758025323228,1.0,0.0,0.0,0.0,0.0
60,contingent,node-007,7.007852813419827,0.0,0.0,8886.495938882259,202.00758025323228,1.0,-227.0205361408382,0.0,0.0,0.02874485939578695
60,contingent,node-008,0.0,0.0,0.0,8886.495938882259,202.00758025323228,1.0,0.0,0.0,0.0,0.0
60,contingent,node-009,0.0,0.0,0.0,8886.495938882259,202.00758025323228,1.0,0.0,0.0,0.0,0.0
60,contingent,node-010,29.485367935727226,0.0,0.0,8886.495938882259,202.00758025323228,1.0,-247.12817760891105,0.0,0.0,0.12094328721095368
60,contingent,node-011,0.0,0.0,0.0,8886.495938882259,202.00758025323228,1.0,0.0,0.0,0.0,0.0
60,contingent,node-012,0.0,0.0,0.0,8886.495938882259,202.00758025323228,1.0,0.0,0.0,0.0,0.0
60,contingent,node-013,0.0,0.0,0.0,8886.495938882259,202.00758025323228,1.0,0.0,0.0,0.0,0.0
60,contingent,node-014,0.0,0.0,0.0,8886.495938882259,202.00758025323228,1.0,0.0,0.0,0.0,0.0
60,contingent,node-015,0.0,0.0,0.0,8886.495938882259,202.00758025323228,1.0,0.0,0.0,0.0,0.0
60,contingent,node-016,0.0,0.0,0.0,8886.495938882259,202.00758025323228,1.0,0.0,0.0,0.0,0.0
60,contingent,node-017,0.0,0.0,0.0,8886.495938882259,202.00758025323228,1.0,0.0,0.0,0.0,0.0
60,contingent,node-018,0.0,0.0,0.0,8886.495938882259,202.00758025323228,1.0,0.0,0.0,0.0,0.0
60,contingent,node-019,0.0,0.0,0.0,8886.495938882259,202.00758025323228,1.0,0.0,0.0,0.0,0.0
60,contingent,node-020,0.0,0.0,0.0,8886.495938882259,202.00758025323228,1.0,0.0,0.0,0.0,0.0
60,contingent,node-021,0.0,0.0,0.0,8886.495938882259,202.00758025323228,1.0,0.0,0.0,0.0,0.0
60,contingent,node-022,30.79883894930969,0.0,0.0,8886.495938882259,202.00758025323228,1.0,-252.75836894048072,0.0,0.0,0.1263308917470491
60,contingent,node-023,0.0,0.0,0.0,8886.495938882259,202.00758025323228,1.0,0.0,0.0,0.0,0.0
60,contingent,node-024,0.0,0.0,0.0,8886.495938882259,202.00758025323228,1.0,0.0,0.0,0.0,0.0
60,contingent,node-025,7.799171456544833,0.0,0.0,8886.495938882259,202.00758025323228,1.0,-204.3069530626573,0.0,0.0,0.03199069570820701
60,contingent,node-026,0.0,0.0,0.0,8886.495938882259,202.00758025323228,1.0,0.0,0.0,0.0,0.0
60,contingent,node-027,0.0,0.0,0.0,8886.495938882259,202.00758025323228,1.0,0.0,0.0,0.0,0.0
60,contingent,node-028,76.09916504643775,36.41803728656228,109.25411185968684,8886.495938882259,202.00758025323228,1.0,-158.81053611369288,-10.925411185968684,-36.41803728656228,0.3121440843060685
60,contingent,node-029,71.57658963513899,30.917822797848487,92.75346839354548,8886.495938882259,202.00758025323228,1.0,-235.90664766382343,-0.8786441288904356,-30.917822797848487,0.2935933530384713
60,capped,node-000,0.0,0.0,0.0,8886.495938882259,202.00758025323228,1.0,0.0,0.0,-13.074518451980309,0.0
60,capped,node-001,124.68660136139766,0.0,0.0,8886.495938882259,202.00758025323228,1.0,-38.39157357738004,0.0,0.0,0.5114403684119153
60,capped,node-002,130.55939605636186,0.0,0.0,8886.495938882259,202.00758025323228,1.0,-45.08729449689057,0.0,0.0,0.5355294385253455
60,capped,node-003,0.0,0.0,0.0,8886.495938882259,202.00758025323228,1.0,0.0,0.0,0.0,0.0
60,capped,node-004,0.0,0.0,0.0,8886.495938882259,202.00758025323228,1.0,0.0,0.0,0.0,0.0
60,capped,node-005,0.0,0.0,0.0,8886.495938882259,202.00758025323228,1.0,0.0,0.0,0.0,0.0
60,capped,node-006,0.0,0.0,0.0,8886.495938882259,202.00758025323228,1.0,0.0,0.0,0.0,0.0
60,capped,node-007,51.904219254885774,0.0,0.0,8886.495938882259,202.00758025323228,1.0,-56.75513403520955,0.0,0.0,0.2129010874304742
60,capped,node-008,0.0,0.0,0.0,8886.495938882259,202.00758025323228,1.0,0.0,0.0,0.0,0.0
60,capped,node-009,0.0,0.0,0.0,8886.495938882259,202.00758025323228,1.0,0.0,0.0,0.0,0.0
60,capped,node-010,29.485367935727226,0.0,0.0,8886.495938882259,202.00758025323228,1.0,-61.78204440222777,0.0,0.0,0.12094328721095368
60,capped,node-011,0.0,0.0,0.0,8886.495938882259,202.00758025323228,1.0,0.0,0.0,0.0,0.0
60,capped,node-012,0.0,0.0,0.0,8886.495938882259,202.00758025323228,1.0,0.0,0.0,0.0,0.0
60,capped,node-013,0.0,0.0,0.0,8886.495938882259,202.00758025323228,1.0,0.0,0.0,0.0,0.0
60,capped,node-014,0.0,0.0,0.0,8886.495938882259,202.00758025323228,1.0,0.0,0.0,0.0,0.0
60,capped,node-015,0.0,0.0,0.0,8886.495938882259,202.00758025323228,1.0,0.0,0.0,0.0,0.0
60,capped,node-016,0.0,0.0,0.0,8886.495938882259,202.00758025323228,1.0,0.0,0.0,0.0,0.0
60,capped,node-017,0.0,0.0,0.0,8886.495938882259,202.00758025323228,1.0,0.0,0.0,0.0,0.0
60,capped,node-018,0.0,0.0,0.0,8886.495938882259,202.00758025323228,1.0,0.0,0.0,0.0,0.0
60,capped,node-019,0.0,0.0,0.0,8886.495938882259,202.00758025323228,1.0,0.0,0.0,0.0,0.0
60,capped,node-020,0.0,0.0,0.0,8886.495938882259,202.00758025323228,1.0,0.0,0.0,0.0,0.0
60,capped,node-021,0.0,0.0,0.0,8886.495938882259,202.00758025323228,1.0,0.0,0.0,0.0,0.0
60,capped,node-022,30.79883894930969,0.0,0.0,8886.495938882259,202.00758025323228,1.0,-63.1895922351202,0.0,0.0,0.1263308917470491
60,capped,node-023,0.0,0.0,0.0,8886.495938882259,202.00758025323228,1.0,0.0,0.0,0.0,0.0
60,capped,node-024,0.0,0.0,0.0,8886.495938882259,202.00758025323228,1.0,0.0,0.0,0.0,0.0
60,capped,node-025,7.799171456544833,0.0,0.0,8886.495938882259,202.00758025323228,1.0,-51.07673826566433,0.0,0.0,0.03199069570820701
60,capped,node-026,0.0,0.0,0.0,8886.495938882259,202.00758025323228,1.0,0.0,0.0,0.0,0.0
60,capped,node-027,0.0,0.0,0.0,8886.495938882259,202.00758025323228,1.0,0.0,0.0,0.0,0.0
60,capped,node-028,76.09916504643775,36.41803728656228,109.25411185968684,8886.495938882259,202.00758025323228,1.0,-67.01616199334492,-10.925411185968684,-36.41803728656228,0.3121440843060685
60,capped,node-029,71.57658963513899,30.917822797848487,92.75346839354548,8886.495938882259,202.00758025323228,1.0,-82.16502901434222,-0.8786441288904356,-30.917822797848487,0.2935933530384713
60,proper_scoring,node-000,0.0,0.0,0.0,8886.495938882259,1200.5265254691399,1.0,0.0,0.0,285.27104276931755,0.0
60,proper_scoring,node-001,574.6866013613977,0.0,0.0,8886.495938882259,1200.5265254691399,1.0,-153.56629430952017,0.0,0.0,2.357253497268394
60,proper_scoring,node-002,1022.5436472484452,0.0,0.0,8886.495938882259,1200.5265254691399,1.0,-180.34917798756229,0.0,0.0,4.194276642044373
60,proper_scoring,node-003,0.0,0.0,0.0,8886.495938882259,1200.5265254691399,1.0,0.0,0.0,0.0,0.0
60,proper_scoring,node-004,0.0,0.0,0.0,8886.495938882259,1200.5265254691399,1.0,0.0,0.0,0.0,0.0
60,proper_scoring,node-005,0.0,0.0,0.0,8886.495938882259,1200.5265254691399,1.0,0.0,0.0,0.0,0.0
60,proper_scoring,node-006,0.0,0.0,0.0,8886.495938882259,1200.5265254691399,1.0,0.0,0.0,0.0,0.0
60,proper_scoring,node-007,254.9853144365391,0.0,0.0,8886.495938882259,1200.5265254691399,1.0,-227.0205361408382,0.0,0.0,1.0459005356723583
60,proper_scoring,node-008,0.0,0.0,0.0,8886.495938882259,1200.5265254691399,1.0,0.0,0.0,0.0,0.0
60,proper_scoring,node-009,0.0,0.0,0.0,8886.495938882259,1200.5265254691399,1.0,0.0,0.0,0.0,0.0
60,proper_scoring,node-010,479.48536793572725,0.0,0.0,8886.495938882259,1200.5265254691399,1.0,-247.12817760891105,0.0,0.0,1.9667564160674322
60,proper_scoring,node-011,0.0,0.0,0.0,8886.495938882259,1200.5265254691399,1.0,0.0,0.0,0.0,0.0
60,proper_scoring,node-012,0.0,0.0,0.0,8886.495938882259,1200.5265254691399,1.0,0.0,0.0,0.0,0.0
60,proper_scoring,node-013,0.0,0.0,0.0,8886.495938882259,1200.5265254691399,1.0,0.0,0.0,0.0,0.0
60,proper_scoring,node-014,0.0,0.0,0.0,8886.495938882259,1200.5265254691399,1.0,0.0,0.0,0.0,0.0
60,proper_scoring,node-015,0.0,0.0,0.0,8886.495938882259,1200.5265254691399,1.0,0.0,0.0,0.0,0.0
60,proper_scoring,node-016,0.0,0.0,0.0,8886.495938882259,1200.5265254691399,1.0,0.0,0.0,0.0,0.0
60,proper_scoring,node-017,0.0,0.0,0.0,8886.495938882259,1200.5265254691399,1.0,0.0,0.0,0.0,0.0
60,proper_scoring,node-018,0.0,0.0,0.0,8886.495938882259,1200.5265254691399,1.0,0.0,0.0,0.0,0.0
60,proper_scoring,node-019,0.0,0.0,0.0,8886.495938882259,1200.5265254691399,1.0,0.0,0.0,0.0,0.0
60,proper_scoring,node-020,0.0,0.0,0.0,8886.495938882259,1200.5265254691399,1.0,0.0,0.0,0.0,0.0
60,proper_scoring,node-021,0.0,0.0,0.0,8886.495938882259,1200.5265254691399,1.0,0.0,0.0,0.0,0.0
60,proper_scoring,node-022,530.7988389493096,0.0,0.0,8886.495938882259,1200.5265254691399,1.0,-252.75836894048072,0.0,0.0,2.177234368254247
60,proper_scoring,node-023,0.0,0.0,0.0,8886.495938882259,1200.5265254691399,1.0,0.0,0.0,0.0,0.0
60,proper_scoring,node-024,0.0,0.0,0.0,8886.495938882259,1200.5265254691399,1.0,0.0,0.0,0.0,0.0
60,proper_scoring,node-025,148.92326173433565,0.0,0.0,8886.495938882259,1200.5265254691399,1.0,-204.3069530626573,0.0,0.0,0.6108544704474809
60,proper_scoring,node-026,0.0,0.0,0.0,8886.495938882259,1200.5265254691399,1.0,0.0,0.0,0.0,0.0
60,proper_scoring,node-027,0.0,0.0,0.0,8886.495938882259,1200.5265254691399,1.0,0.0,0.0,0.0,0.0
60,proper_scoring,node-028,279.8015174256064,335.4767758710331,408.3128504441576,8886.495938882259,1200.5265254691399,1.0,-457.86927469816374,-10.925411185968699,-335.4767758710331,1.1476918096403312
60,proper_scoring,node-029,372.1163830037025,730.378029429285,792.2136750249821,8886.495938882259,1200.5265254691399,1.0,-935.3668542952599,99.04424253274351,-730.378029429285,1.526349567135155
60,audits,node-000,0.0,0.0,0.0,8886.495938882259,1200.5265254691399,1.0,0.0,0.0,285.27104276931755,0.0
60,audits,node-001,574.6866013613977,0.0,0.0,8886.495938882259,1200.5265254691399,1.0,-1088.39157357738,0.0,0.0,2.357253497268394
60,audits,node-002,1022.5436472484452,0.0,0.0,8886.495938882259,1200.5265254691399,1.0,-2045.0872944968903,0.0,0.0,4.194276642044373
60,audits,node-003,0.0,0.0,0.0,8886.495938882259,1200.5265254691399,1.0,0.0,0.0,0.0,0.0
60,audits,node-004,0.0,0.0,0.0,8886.495938882259,1200.5265254691399,1.0,0.0,0.0,0.0,0.0
60,audits,node-005,0.0,0.0,0.0,8886.495938882259,1200.5265254691399,1.0,0.0,0.0,0.0,0.0
60,audits,node-006,0.0,0.0,0.0,8886.495938882259,1200.5265254691399,1.0,0.0,0.0,0.0,0.0
60,audits,node-007,193.24486596479045,0.0,0.0,8886.495938882259,1200.5265254691399,1.0,-506.75513403520955,0.0,0.0,0.7926531348487126
60,audits,node-008,0.0,0.0,0.0,8886.495938882259,1200.5265254691399,1.0,0.0,0.0,0.0,0.0
60,audits,node-009,0.0,0.0,0.0,8886.495938882259,1200.5265254691399,1.0,0.0,0.0,0.0,0.0
60,audits,node-010,479.48536793572725,0.0,0.0,8886.495938882259,1200.5265254691399,1.0,-1061.7820444022277,0.0,0.0,1.9667564160674322
60,audits,node-011,0.0,0.0,0.0,8886.495938882259,1200.5265254691399,1.0,0.0,0.0,0.0,0.0
60,audits,node-012,0.0,0.0,0.0,8886.495938882259,1200.5265254691399,1.0,0.0,0.0,0.0,0.0
60,audits,node-013,0.0,0.0,0.0,8886.495938882259,1200.5265254691399,1.0,0.0,0.0,0.0,0.0
60,audits,node-014,0.0,0.0,0.0,8886.495938882259,1200.5265254691399,1.0,0.0,0.0,0.0,0.0
60,audits,node-015,0.0,0.0,0.0,8886.495938882259,1200.5265254691399,1.0,0.0,0.0,0.0,0.0
60,audits,node-016,0.0,0.0,0.0,8886.495938882259,1200.5265254691399,1.0,0.0,0.0,0.0,0.0
60,audits,node-017,0.0,0.0,0.0,8886.495938882259,1200.5265254691399,1.0,0.0,0.0,0.0,0.0
60,audits,node-018,0.0,0.0,0.0,8886.495938882259,1200.5265254691399,1.0,0.0,0.0,0.0,0.0
60,audits,node-019,0.0,0.0,0.0,8886.495938882259,1200.5265254691399,1.0,0.0,0.0,0.0,0.0
60,audits,node-020,0.0,0.0,0.0,8886.495938882259,1200.5265254691399,1.0,0.0,0.0,0.0,0.0
60,audits,node-021,0.0,0.0,0.0,8886.495938882259,1200.5265254691399,1.0,0.0,0.0,0.0,0.0
60,audits,node-022,530.7988389493096,0.0,0.0,8886.495938882259,1200.5265254691399,1.0,-1113.1895922351202,0.0,0.0,2.177234368254247
60,audits,node-023,0.0,0.0,0.0,8886.495938882259,1200.5265254691399,1.0,0.0,0.0,0.0,0.0
60,audits,node-024,0.0,0.0,0.0,8886.495938882259,1200.5265254691399,1.0,0.0,0.0,0.0,0.0
60,audits,node-025,148.92326173433565,0.0,0.0,8886.495938882259,1200.5265254691399,1.0,-251.07673826566432,0.0,0.0,0.6108544704474809
60,audits,node-026,0.0,0.0,0.0,8886.495938882259,1200.5265254691399,1.0,0.0,0.0,0.0,0.0
60,audits,node-027,0.0,0.0,0.0,8886.495938882259,1200.5265254691399,1.0,0.0,0.0,0.0,0.0
60,audits,node-028,233.92509942218413,335.4767758710331,408.3128504441576,8886.495938882259,1200.5265254691399,1.0,-1566.0749005778157,-10.925411185968699,-335.4767758710331,0.9595155992944989
60,audits,node-029,372.1163830037025,730.378029429285,792.2136750249821,8886.495938882259,1200.5265254691399,1.0,-2781.625235645779,99.04424253274351,-730.378029429285,1.526349567135155
63,greedy,node-000,0.0,27.499546791809045,82.49864037542714,7508.813438270334,206.40733565765015,0.9,-66.13648823268039,4.151970116101438,-27.499546791809045,0.0
63,greedy,node-001,0.0,0.0,0.0,7508.813438270334,206.40733565765015,0.9,0.0,0.0,-38.636941440871354,0.0
63,greedy,node-002,0.0,0.0,0.0,7508.813438270334,206.40733565765015,0.9,0.0,0.0,-38.636941440871354,0.0
63,greedy,node-003,0.0,0.0,0.0,7508.813438270334,206.40733565765015,0.9,0.0,0.0,-38.636941440871354,0.0
63,greedy,node-004,0.0,0.0,0.0,7508.813438270334,206.40733565765015,0.9,-29.311191413175493,0.0,-38.636941440871354,0.0
63,greedy,node-005,0.0,0.0,0.0,7508.813438270334,206.40733565765015,0.9,0.0,0.0,-38.636941440871354,0.0
63,greedy,node-006,0.0,0.0,0.0,7508.813438270334,206.40733565765015,0.9,0.0,0.0,-38.636941440871354,0.0
63,greedy,node-007,0.0,17.094572915009074,51.28371874502723,7508.813438270334,206.40733565765015,0.9,-58.506037204279494,15.532393833355336,-55.73151435588043,0.0
63,greedy,node-008,0.0,0.0,0.0,7508.813438270334,206.40733565765015,0.9,0.0,0.0,-38.636941440871354,0.0
63,greedy,node-009,0.0,0.0,0.0,7508.813438270334,206.40733565765015,0.9,0.0,0.0,-38.636941440871354,0.0
63,greedy,node-010,0.0,0.0,0.0,7508.813438270334,206.40733565765015,0.9,0.0,0.0,-38.636941440871354,0.0
63,greedy,node-011,0.0,0.0,0.0,7508.813438270334,206.40733565765015,0.9,0.0,0.0,-38.636941440871354,0.0
63,greedy,node-012,0.0,0.0,0.0,7508.813438270334,206.40733565765015,0.9,0.0,0.0,-38.636941440871354,0.0
63,greedy,node-013,0.0,0.0,0.0,7508.813438270334,206.40733565765015,0.9,0.0,0.0,-38.636941440871354,0.0
63,greedy,node-014,0.0,0.0,0.0,7508.813438270334,206.40733565765015,0.9,0.0,0.0,-38.636941440871354,0.0
63,greedy,node-015,0.0,0.0,0.0,7508.813438270334,206.40733565765015,0.9,0.0,0.0,-38.636941440871354,0.0
63,greedy,node-016,0.0,0.0,0.0,7508.813438270334,206.40733565765015,0.9,0.0,0.0,-38.636941440871354,0.0
63,greedy,node-017,0.0,0.0,0.0,7508.813438270334,206.40733565765015,0.9,0.0,0.0,-38.636941440871354,0.0
63,greedy,node-018,0.0,0.0,0.0,7508.813438270334,206.40733565765015,0.9,0.0,0.0,-38.636941440871354,0.0
63,greedy,node-019,0.0,0.0,0.0,7508.813438270334,206.40733565765015,0.9,0.0,0.0,-38.636941440871354,0.0
63,greedy,node-020,0.0,0.0,0.0,7508.813438270334,206.40733565765015,0.9,0.0,0.0,-38.636941440871354,0.0
63,greedy,node-021,0.0,0.0,0.0,7508.813438270334,206.40733565765015,0.9,0.0,0.0,-38.636941440871354,0.0
63,greedy,node-022,2.0557984602046915,0.0,0.0,7508.813438270334,206.40733565765015,0.9,-54.83937243104493,0.0,-38.636941440871354,0.008432488418063894
63,greedy,node-023,0.0,0.0,0.0,7508.813438270334,206.40733565765015,0.9,0.0,0.0,-38.636941440871354,0.0
63,greedy,node-024,0.0,0.0,0.0,7508.813438270334,206.40733565765015,0.9,0.0,0.0,-38.636941440871354,0.0
63,greedy,node-025,0.0,0.0,0.0,7508.813438270334,206.40733565765015,0.9,0.0,0.0,-38.636941440871354,0.0
63,greedy,node-026,0.0,0.0,0.0,7508.813438270334,206.40733565765015,0.9,0.0,0.0,-38.636941440871354,0.0
63,greedy,node-027,0.0,0.0,0.0,7508.813438270334,206.40733565765015,0.9,0.0,0.0,-38.636941440871354,0.0
63,greedy,node-028,0.0,0.0,0.0,7508.813438270334,206.40733565765015,0.9,-14.766550248650692,0.0,-38.636941440871354,0.0
63,greedy,node-029,5.239145484568638,24.208325512398623,72.62497653719588,7508.813438270334,206.40733565765015,0.9,-54.30375623899765,-2.6085612440328063,-62.84526695326998,0.02148996337645762
63,trust_vcg,node-000,249.71422855537924,832.6268577105551,910.686610468005,8780.436018814837,1354.6422644893162,1.0,-11871.263799151424,42.2214518624246,-832.6268577105551,1.0242795589550808
63,trust_vcg,node-001,128.00562515436982,0.0,0.0,8780.436018814837,1354.6422644893162,1.0,-2271.99437484563,0.0,953.359285223916,0.5250543632831487
63,trust_vcg,node-002,0.0,0.0,0.0,8780.436018814837,1354.6422644893162,1.0,0.0,0.0,953.359285223916,0.0
63,trust_vcg,node-003,0.0,0.0,0.0,8780.436018814837,1354.6422644893162,1.0,0.0,0.0,953.359285223916,0.0
63,trust_vcg,node-004,0.0,0.0,0.0,8780.436018814837,1354.6422644893162,1.0,-9835.98706121147,0.0,953.359285223916,0.0
63,trust_vcg,node-005,0.0,0.0,0.0,8780.436018814837,1354.6422644893162,1.0,0.0,0.0,953.359285223916,0.0
63,trust_vcg,node-006,0.0,0.0,0.0,8780.436018814837,1354.6422644893162,1.0,0.0,0.0,953.359285223916,0.0
63,trust_vcg,node-007,439.34846179474204,0.0,0.0,8780.436018814837,1354.6422644893162,1.0,-11041.411464289267,0.0,953.359285223916,1.802122575385853
63,trust_vcg,node-008,0.0,0.0,0.0,8780.436018814837,1354.6422644893162,1.0,0.0,0.0,953.359285223916,0.0
63,trust_vcg,node-009,0.0,0.0,0.0,8780.436018814837,1354.6422644893162,1.0,0.0,0.0,953.359285223916,0.0
63,trust_vcg,node-010,0.0,0.0,0.0,8780.436018814837,1354.6422644893162,1.0,0.0,0.0,953.359285223916,0.0
63,trust_vcg,node-011,394.69569014389384,0.0,0.0,8780.436018814837,1354.6422644893162,1.0,-5562.168107405951,0.0,953.359285223916,1.6189655261570397
63,trust_vcg,node-012,436.2847496495268,0.0,0.0,8780.436018814837,1354.6422644893162,1.0,-5563.715250350473,0.0,953.359285223916,1.7895558196065744
63,trust_vcg,node-013,251.37559288791897,281.2837665425192,443.9556540213115,8780.436018814837,1354.6422644893162,1.0,-5846.602485403397,89.3933250580451,672.0755186813968,1.0310941547257824
63,trust_vcg,node-014,59.93789139133638,0.0,0.0,8780.436018814837,1354.6422644893162,1.0,-2264.478096033003,0.0,953.359285223916,0.24585365965800532
63,trust_vcg,node-015,0.0,0.0,0.0,8780.436018814837,1354.6422644893162,1.0,0.0,0.0,953.359285223916,0.0
63,trust_vcg,node-016,0.0,0.0,0.0,8780.436018814837,1354.6422644893162,1.0,0.0,0.0,953.359285223916,0.0
63,trust_vcg,node-017,0.0,0.0,0.0,8780.436018814837,1354.6422644893162,1.0,0.0,0.0,953.359285223916,0.0
63,trust_vcg,node-018,330.41074262839663,0.0,0.0,8780.436018814837,1354.6422644893162,1.0,-5581.689955736441,0.0,953.359285223916,1.3552810814638077
63,trust_vcg,node-019,483.35024584572915,0.0,0.0,8780.436018814837,1354.6422644893162,1.0,-5570.462388777729,0.0,953.359285223916,1.98260939915123
63,trust_vcg,node-020,0.0,0.0,0.0,8780.436018814837,1354.6422644893162,1.0,0.0,0.0,953.359285223916,0.0
63,trust_vcg,node-021,49.58999638602262,0.0,0.0,8780.436018814837,1354.6422644893162,1.0,-1150.4100036139776,0.0,953.359285223916,0.20340859197614639
63,trust_vcg,node-022,450.7541574876525,0.0,0.0,8780.436018814837,1354.6422644893162,1.0,-11056.43181967614,0.0,953.359285223916,1.8489065372829994
63,trust_vcg,node-023,0.0,0.0,0.0,8780.436018814837,1354.6422644893162,1.0,-2280.6057270459787,0.0,953.359285223916,0.0
63,trust_vcg,node-024,0.0,0.0,0.0,8780.436018814837,1354.6422644893162,1.0,0.0,0.0,953.359285223916,0.0
63,trust_vcg,node-025,19.26634968892141,0.0,0.0,8780.436018814837,1354.6422644893162,1.0,-580.7336503110786,0.0,953.359285223916,0.0790268471132246
63,trust_vcg,node-026,0.0,0.0,0.0,8780.436018814837,1354.6422644893162,1.0,0.0,0.0,953.359285223916,0.0
63,trust_vcg,node-027,0.0,0.0,0.0,8780.436018814837,1354.6422644893162,1.0,-5033.567778307703,0.0,953.359285223916,0.0
63,trust_vcg,node-028,405.6089134356354,0.0,0.0,8780.436018814837,1354.6422644893162,1.0,-9419.186657915325,0.0,953.359285223916,1.6637294613349036
63,trust_vcg,node-029,85.60379534968666,0.0,0.0,8780.436018814837,1354.6422644893162,1.0,-5467.122652232362,0.0,953.359285223916,0.35113024296976625
63,contingent,node-000,206.72330319612468,39.02987637872499,117.08962913617499,8780.436018814837,361.09746035436353,1.0,-193.57764214221044,-7.378359470814509,-39.02987637872499,0.8479390823999674
63,contingent,node-001,0.0,0.0,0.0,8780.436018814837,361.09746035436353,1.0,-287.97749938252065,0.0,-38.636941440871354,0.0
63,contingent,node-002,0.0,0.0,0.0,8780.436018814837,361.09746035436353,1.0,0.0,0.0,-38.636941440871354,0.0
63,contingent,node-003,0.0,0.0,0.0,8780.436018814837,361.09746035436353,1.0,0.0,0.0,-38.636941440871354,0.0
63,contingent,node-004,0.0,0.0,0.0,8780.436018814837,361.09746035436353,1.0,-268.35971927502027,0.0,-38.636941440871354,0.0
63,contingent,node-005,0.0,0.0,0.0,8780.436018814837,361.09746035436353,1.0,0.0,0.0,-38.636941440871354,0.0
63,contingent,node-006,0.0,0.0,0.0,8780.436018814837,361.09746035436353,1.0,0.0,0.0,-38.636941440871354,0.0
63,contingent,node-007,184.11085344569315,0.0,0.0,8780.436018814837,361.09746035436353,1.0,-165.64585715708165,0.0,-38.636941440871354,0.7551871787889588
63,contingent,node-008,0.0,0.0,0.0,8780.436018814837,361.09746035436353,1.0,0.0,0.0,-38.636941440871354,0.0
63,contingent,node-009,0.0,0.0,0.0,8780.436018814837,361.09746035436353,1.0,0.0,0.0,-38.636941440871354,0.0
63,contingent,node-010,0.0,0.0,0.0,8780.436018814837,361.09746035436353,1.0,0.0,0.0,-38.636941440871354,0.0
63,contingent,node-011,94.69569014389378,0.0,0.0,8780.436018814837,361.09746035436353,1.0,-248.67242962380138,0.0,-38.636941440871354,0.3884234402527204
63,contingent,node-012,93.0204798001035,0.0,0.0,8780.436018814837,361.09746035436353,1.0,-254.86100140189262,0.0,-38.636941440871354,0.38155205081679977
63,contingent,node-013,19.743138254717692,81.33594373939617,244.00783121818847,8780.436018814837,361.09746035436353,1.0,-342.61081918290176,-10.580586343516458,-119.97288518026753,0.08098254176752555
63,contingent,node-014,9.937891391336379,0.0,0.0,8780.436018814837,361.09746035436353,1.0,-257.91238413201165,0.0,-38.636941440871354,0.040763312007285474
63,contingent,node-015,0.0,0.0,0.0,8780.436018814837,361.09746035436353,1.0,0.0,0.0,-38.636941440871354,0.0
63,contingent,node-016,0.0,0.0,0.0,8780.436018814837,361.09746035436353,1.0,0.0,0.0,-38.636941440871354,0.0
63,contingent,node-017,0.0,0.0,0.0,8780.436018814837,361.09746035436353,1.0,0.0,0.0,-38.636941440871354,0.0
63,contingent,node-018,31.972142270534874,0.0,0.0,8780.436018814837,361.09746035436353,1.0,-326.75982294576454,0.0,-38.636941440871354,0.13114355546804546
63,contingent,node-019,85.9680343835207,0.0,0.0,8780.436018814837,361.09746035436353,1.0,-281.84955511091545,0.0,-38.636941440871354,0.35262428117130595
63,contingent,node-020,0.0,0.0,0.0,8780.436018814837,361.09746035436353,1.0,0.0,0.0,-38.636941440871354,0.0
63,contingent,node-021,0.0,0.0,0.0,8780.436018814837,361.09746035436353,1.0,-201.64001445590955,0.0,-38.636941440871354,0.0
63,contingent,node-022,150.75415748765252,0.0,0.0,8780.436018814837,361.09746035436353,1.0,-225.72727870456634,0.0,-38.636941440871354,0.6183644513786805
63,contingent,node-023,0.0,0.0,0.0,8780.436018814837,361.09746035436353,1.0,-322.4229081839139,0.0,-38.636941440871354,0.0
63,contingent,node-024,0.0,0.0,0.0,8780.436018814837,361.09746035436353,1.0,0.0,0.0,-38.636941440871354,0.0
63,contingent,node-025,0.0,0.0,0.0,8780.436018814837,361.09746035436353,1.0,-122.93460124431432,0.0,-38.636941440871354,0.0
63,contingent,node-026,0.0,0.0,0.0,8780.436018814837,361.09746035436353,1.0,0.0,0.0,-38.636941440871354,0.0
63,contingent,node-027,0.0,0.0,0.0,8780.436018814837,361.09746035436353,1.0,-334.27111323081334,0.0,-38.636941440871354,0.0
63,contingent,node-028,5.608913435635399,0.0,0.0,8780.436018814837,361.09746035436353,1.0,-276.7466316612979,0.0,-38.636941440871354,0.023006680129145148
63,contingent,node-029,43.92661871628563,0.0,0.0,8780.436018814837,361.09746035436353,1.0,-131.5112761751517,0.0,-38.636941440871354,0.18017851007287272
63,capped,node-000,206.72330319612468,39.02987637872499,117.08962913617499,8780.436018814837,361.09746035436353,1.0,-77.66681781959635,-7.378359470814509,-39.02987637872499,0.8479390823999674
63,capped,node-001,0.0,0.0,0.0,8780.436018814837,361.09746035436353,1.0,-71.99437484563018,0.0,-38.636941440871354,0.0
63,capped,node-002,0.0,0.0,0.0,8780.436018814837,361.09746035436353,1.0,0.0,0.0,-38.636941440871354,0.0
63,capped,node-003,0.0,0.0,0.0,8780.436018814837,361.09746035436353,1.0,0.0,0.0,-38.636941440871354,0.0
63,capped,node-004,20.835905901877474,0.0,0.0,8780.436018814837,361.09746035436353,1.0,-67.08992981875508,0.0,-38.636941440871354,0.08546486370067473
63,capped,node-005,0.0,0.0,0.0,8780.436018814837,361.09746035436353,1.0,0.0,0.0,-38.636941440871354,0.0
63,capped,node-006,0.0,0.0,0.0,8780.436018814837,361.09746035436353,1.0,0.0,0.0,-38.636941440871354,0.0
63,capped,node-007,225.15806997209862,0.0,0.0,8780.436018814837,361.09746035436353,1.0,-41.41146428927042,0.0,-38.636941440871354,0.9235549369388562
63,capped,node-008,0.0,0.0,0.0,8780.436018814837,361.09746035436353,1.0,0.0,0.0,-38.636941440871354,0.0
63,capped,node-009,0.0,0.0,0.0,8780.436018814837,361.09746035436353,1.0,0.0,0.0,-38.636941440871354,0.0
63,capped,node-010,0.0,0.0,0.0,8780.436018814837,361.09746035436353,1.0,0.0,0.0,-38.636941440871354,0.0
63,capped,node-011,94.69569014389378,0.0,0.0,8780.436018814837,361.09746035436353,1.0,-62.168107405950344,0.0,-38.636941440871354,0.3884234402527204
63,capped,node-012,93.0204798001035,0.0,0.0,8780.436018814837,361.09746035436353,1.0,-63.715250350473156,0.0,-38.636941440871354,0.38155205081679977
63,capped,node-013,19.743138254717692,81.33594373939617,244.00783121818847,8780.436018814837,361.09746035436353,1.0,-146.65466260027256,-10.580586343516458,-119.97288518026753,0.08098254176752555
63,capped,node-014,9.937891391336379,0.0,0.0,8780.436018814837,361.09746035436353,1.0,-64.47809603300293,0.0,-38.636941440871354,0.040763312007285474
63,capped,node-015,0.0,0.0,0.0,8780.436018814837,361.09746035436353,1.0,0.0,0.0,-38.636941440871354,0.0
63,capped,node-016,0.0,0.0,0.0,8780.436018814837,361.09746035436353,1.0,0.0,0.0,-38.636941440871354,0.0
63,capped,node-017,0.0,0.0,0.0,8780.436018814837,361.09746035436353,1.0,0.0,0.0,-38.636941440871354,0.0
63,capped,node-018,31.972142270534874,0.0,0.0,8780.436018814837,361.09746035436353,1.0,-81.68995573644114,0.0,-38.636941440871354,0.13114355546804546
63,capped,node-019,85.9680343835207,0.0,0.0,8780.436018814837,361.09746035436353,1.0,-70.46238877772886,0.0,-38.636941440871354,0.35262428117130595
63,capped,node-020,0.0,0.0,0.0,8780.436018814837,361.09746035436353,1.0,0.0,0.0,-38.636941440871354,0.0
63,capped,node-021,0.0,0.0,0.0,8780.436018814837,361.09746035436353,1.0,-50.41000361397738,0.0,-38.636941440871354,0.0
63,capped,node-022,150.75415748765252,0.0,0.0,8780.436018814837,361.09746035436353,1.0,-56.4318196761416,0.0,-38.636941440871354,0.6183644513786805
63,capped,node-023,0.0,0.0,0.0,8780.436018814837,361.09746035436353,1.0,-80.60572704597847,0.0,-38.636941440871354,0.0
63,capped,node-024,0.0,0.0,0.0,8780.436018814837,361.09746035436353,1.0,0.0,0.0,-38.636941440871354,0.0
63,capped,node-025,0.0,0.0,0.0,8780.436018814837,361.09746035436353,1.0,-30.733650311078577,0.0,-38.636941440871354,0.0
63,capped,node-026,0.0,0.0,0.0,8780.436018814837,361.09746035436353,1.0,0.0,0.0,-38.636941440871354,0.0
63,capped,node-027,25.261703058704192,0.0,0.0,8780.436018814837,361.09746035436353,1.0,-83.56777830770334,0.0,-38.636941440871354,0.1036186292511779
63,capped,node-028,5.608913435635399,0.0,0.0,8780.436018814837,361.09746035436353,1.0,-69.18665791532446,0.0,-38.636941440871354,0.023006680129145148
63,capped,node-029,77.14201524416362,0.0,0.0,8780.436018814837,361.09746035436353,1.0,-32.87781904378792,0.0,-38.636941440871354,0.3164216544980529
63,proper_scoring,node-000,249.71422855537924,832.6268577105551,910.686610468005,8780.436018814837,1354.6422644893162,1.0,-987.1746234740406,42.2214518624246,-832.6268577105551,1.0242795589550808
63,proper_scoring,node-001,128.00562515436982,0.0,0.0,8780.436018814837,1354.6422644893162,1.0,-264.07169688928417,0.0,953.359285223916,0.5250543632831487
63,proper_scoring,node-002,0.0,0.0,0.0,8780.436018814837,1354.6422644893162,1.0,0.0,0.0,953.359285223916,0.0
63,proper_scoring,node-003,0.0,0.0,0.0,8780.436018814837,1354.6422644893162,1.0,0.0,0.0,953.359285223916,0.0
63,proper_scoring,node-004,591.1419475627418,0.0,0.0,8780.436018814837,1354.6422644893162,1.0,-268.35971927502027,0.0,953.359285223916,2.4247501507313265
63,proper_scoring,node-005,0.0,0.0,0.0,8780.436018814837,1354.6422644893162,1.0,0.0,0.0,953.359285223916,0.0
63,proper_scoring,node-006,0.0,0.0,0.0,8780.436018814837,1354.6422644893162,1.0,0.0,0.0,953.359285223916,0.0
63,proper_scoring,node-007,1013.185272355313,0.0,0.0,8780.436018814837,1354.6422644893162,1.0,-165.64585715708165,0.0,953.359285223916,4.155890394838808
63,proper_scoring,node-008,0.0,0.0,0.0,8780.436018814837,1354.6422644893162,1.0,0.0,0.0,953.359285223916,0.0
63,proper_scoring,node-009,0.0,0.0,0.0,8780.436018814837,1354.6422644893162,1.0,0.0,0.0,953.359285223916,0.0
63,proper_scoring,node-010,0.0,0.0,0.0,8780.436018814837,1354.6422644893162,1.0,0.0,0.0,953.359285223916,0.0
63,proper_scoring,node-011,411.115419865694,0.0,0.0,8780.436018814837,1354.6422644893162,1.0,-248.67242962380138,0.0,953.359285223916,1.6863160876965366
63,proper_scoring,node-012,436.2847496495268,0.0,0.0,8780.436018814837,1354.6422644893162,1.0,-254.86100140189262,0.0,953.359285223916,1.7895558196065744
63,proper_scoring,node-013,251.37559288791897,281.2837665425192,443.9556540213115,8780.436018814837,1354.6422644893162,1.0,-542.5586419860248,89.3933250580451,672.0755186813968,1.0310941547257824
63,proper_scoring,node-014,59.93789139133638,0.0,0.0,8780.436018814837,1354.6422644893162,1.0,-248.21925224478682,0.0,953.359285223916,0.24585365965800532
63,proper_scoring,node-015,0.0,0.0,0.0,8780.436018814837,1354.6422644893162,1.0,0.0,0.0,953.359285223916,0.0
63,proper_scoring,node-016,0.0,0.0,0.0,8780.436018814837,1354.6422644893162,1.0,0.0,0.0,953.359285223916,0.0
63,proper_scoring,node-017,0.0,0.0,0.0,8780.436018814837,1354.6422644893162,1.0,0.0,0.0,953.359285223916,0.0
63,proper_scoring,node-018,330.41074262839663,0.0,0.0,8780.436018814837,1354.6422644893162,1.0,-326.75982294576454,0.0,953.359285223916,1.3552810814638077
63,proper_scoring,node-019,483.35024584572915,0.0,0.0,8780.436018814837,1354.6422644893162,1.0,-281.84955511091545,0.0,953.359285223916,1.98260939915123
63,proper_scoring,node-020,0.0,0.0,0.0,8780.436018814837,1354.6422644893162,1.0,0.0,0.0,953.359285223916,0.0
63,proper_scoring,node-021,49.58999638602262,0.0,0.0,8780.436018814837,1354.6422644893162,1.0,-150.41000361397738,0.0,953.359285223916,0.20340859197614639
63,proper_scoring,node-022,831.1824483028731,0.0,0.0,8780.436018814837,1354.6422644893162,1.0,-225.72727870456634,0.0,953.359285223916,3.4093499456722545
63,proper_scoring,node-023,19.394272954021538,0.0,0.0,8780.436018814837,1354.6422644893162,1.0,-273.29353267400325,0.0,953.359285223916,0.07955156365146461
63,proper_scoring,node-024,0.0,0.0,0.0,8780.436018814837,1354.6422644893162,1.0,0.0,0.0,953.359285223916,0.0
63,proper_scoring,node-025,19.26634968892141,0.0,0.0,8780.436018814837,1354.6422644893162,1.0,-80.73365031107858,0.0,953.359285223916,0.0790268471132246
63,proper_scoring,node-026,0.0,0.0,0.0,8780.436018814837,1354.6422644893162,1.0,0.0,0.0,953.359285223916,0.0
63,proper_scoring,node-027,194.7730453623043,0.0,0.0,8780.436018814837,1354.6422644893162,1.0,-334.27111323081334,0.0,953.359285223916,0.7989214317268882
63,proper_scoring,node-028,640.608995281065,0.0,0.0,8780.436018814837,1354.6422644893162,1.0,-276.7466316612979,0.0,953.359285223916,2.6276544310074392
63,proper_scoring,node-029,397.54561287006976,0.0,0.0,8780.436018814837,1354.6422644893162,1.0,-131.5112761751517,0.0,953.359285223916,1.6306553590108217
63,audits,node-000,249.71422855537924,832.6268577105551,910.686610468005,8780.436018814837,1354.6422644893162,1.0,-3371.2637991514266,42.2214518624246,-832.6268577105551,1.0242795589550808
63,audits,node-001,128.00562515436982,0.0,0.0,8780.436018814837,1354.6422644893162,1.0,-771.9943748456301,0.0,953.359285223916,0.5250543632831487
63,audits,node-002,0.0,0.0,0.0,8780.436018814837,1354.6422644893162,1.0,0.0,0.0,953.359285223916,0.0
63,audits,node-003,0.0,0.0,0.0,8780.436018814837,1354.6422644893162,1.0,0.0,0.0,953.359285223916,0.0
63,audits,node-004,460.11645540065575,0.0,0.0,8780.436018814837,1354.6422644893162,1.0,-2335.9870612114682,0.0,953.359285223916,1.8873088759587482
63,audits,node-005,0.0,0.0,0.0,8780.436018814837,1354.6422644893162,1.0,0.0,0.0,953.359285223916,0.0
63,audits,node-006,0.0,0.0,0.0,8780.436018814837,1354.6422644893162,1.0,0.0,0.0,953.359285223916,0.0
63,audits,node-007,944.9401250124464,0.0,0.0,8780.436018814837,1354.6422644893162,1.0,-2541.411464289271,0.0,953.359285223916,3.875961974958346
63,audits,node-008,0.0,0.0,0.0,8780.436018814837,1354.6422644893162,1.0,0.0,0.0,953.359285223916,0.0
63,audits,node-009,0.0,0.0,0.0,8780.436018814837,1354.6422644893162,1.0,0.0,0.0,953.359285223916,0.0
63,audits,node-010,0.0,0.0,0.0,8780.436018814837,1354.6422644893162,1.0,0.0,0.0,953.359285223916,0.0
63,audits,node-011,394.69569014389384,0.0,0.0,8780.436018814837,1354.6422644893162,1.0,-1562.1681074059504,0.0,953.359285223916,1.6189655261570397
63,audits,node-012,436.2847496495268,0.0,0.0,8780.436018814837,1354.6422644893162,1.0,-1563.715250350473,0.0,953.359285223916,1.7895558196065744
63,audits,node-013,251.37559288791897,281.2837665425192,443.9556540213115,8780.436018814837,1354.6422644893162,1.0,-1846.6024854033953,89.3933250580451,672.0755186813968,1.0310941547257824
63,audits,node-014,59.93789139133638,0.0,0.0,8780.436018814837,1354.6422644893162,1.0,-764.4780960330029,0.0,953.359285223916,0.24585365965800532
63,audits,node-015,0.0,0.0,0.0,8780.436018814837,1354.6422644893162,1.0,0.0,0.0,953.359285223916,0.0
63,audits,node-016,0.0,0.0,0.0,8780.436018814837,1354.6422644893162,1.0,0.0,0.0,953.359285223916,0.0
63,audits,node-017,0.0,0.0,0.0,8780.436018814837,1354.6422644893162,1.0,0.0,0.0,953.359285223916,0.0
63,audits,node-018,330.41074262839663,0.0,0.0,8780.436018814837,1354.6422644893162,1.0,-1581.689955736441,0.0,953.359285223916,1.3552810814638077
63,audits,node-019,483.35024584572915,0.0,0.0,8780.436018814837,1354.6422644893162,1.0,-1570.462388777729,0.0,953.359285223916,1.98260939915123
63,audits,node-020,0.0,0.0,0.0,8780.436018814837,1354.6422644893162,1.0,0.0,0.0,953.359285223916,0.0
63,audits,node-021,49.58999638602262,0.0,0.0,8780.436018814837,1354.6422644893162,1.0,-650.4100036139773,0.0,953.359285223916,0.20340859197614639
63,audits,node-022,743.5681803238584,0.0,0.0,8780.436018814837,1354.6422644893162,1.0,-2556.431819676141,0.0,953.359285223916,3.0499731320926653
63,audits,node-023,19.394272954021538,0.0,0.0,8780.436018814837,1354.6422644893162,1.0,-780.6057270459785,0.0,953.359285223916,0.07955156365146461
63,audits,node-024,0.0,0.0,0.0,8780.436018814837,1354.6422644893162,1.0,0.0,0.0,953.359285223916,0.0
63,audits,node-025,19.26634968892141,0.0,0.0,8780.436018814837,1354.6422644893162,1.0,-80.73365031107858,0.0,953.359285223916,0.0790268471132246
63,audits,node-026,0.0,0.0,0.0,8780.436018814837,1354.6422644893162,1.0,0.0,0.0,953.359285223916,0.0
63,audits,node-027,166.43222169229665,0.0,0.0,8780.436018814837,1354.6422644893162,1.0,-1033.5677783077033,0.0,953.359285223916,0.6826728441430959
63,audits,node-028,405.6089134356354,0.0,0.0,8780.436018814837,1354.6422644893162,1.0,-1919.1866579153245,0.0,953.359285223916,1.6637294613349036
63,audits,node-029,370.7288278151513,0.0,0.0,8780.436018814837,1354.6422644893162,1.0,-1467.1226522323627,0.0,953.359285223916,1.5206580836150647
65,greedy,node-000,0.0,0.0,0.0,8700.792392061587,129.98401334735823,0.8,0.0,0.0,0.0,0.0
65,greedy,node-001,0.0,0.0,0.0,8700.792392061587,129.98401334735823,0.8,0.0,0.0,0.0,0.0
65,greedy,node-002,0.0,0.0,0.0,8700.792392061587,129.98401334735823,0.8,0.0,0.0,0.0,0.0
65,greedy,node-003,0.0,0.0,0.0,8700.792392061587,129.98401334735823,0.8,0.0,0.0,0.0,0.0
65,greedy,node-004,0.0,0.0,0.0,8700.792392061587,129.98401334735823,0.8,0.0,0.0,0.0,0.0
65,greedy,node-005,0.0,0.0,0.0,8700.792392061587,129.98401334735823,0.8,0.0,0.0,0.0,0.0
65,greedy,node-006,0.0,0.0,0.0,8700.792392061587,129.98401334735823,0.8,0.0,0.0,0.0,0.0
65,greedy,node-007,0.0,0.0,0.0,8700.792392061587,129.98401334735823,0.8,0.0,0.0,0.0,0.0
65,greedy,node-008,0.0,0.0,0.0,8700.792392061587,129.98401334735823,0.8,0.0,0.0,0.0,0.0
65,greedy,node-009,0.0,0.0,0.0,8700.792392061587,129.98401334735823,0.8,0.0,0.0,0.0,0.0
65,greedy,node-010,0.0,0.0,0.0,8700.792392061587,129.98401334735823,0.8,0.0,0.0,0.0,0.0
65,greedy,node-011,0.0,0.0,0.0,8700.792392061587,129.98401334735823,0.8,0.0,0.0,0.0,0.0
65,greedy,node-012,0.0,0.0,0.0,8700.792392061587,129.98401334735823,0.8,0.0,0.0,0.0,0.0
65,greedy,node-013,0.0,0.0,0.0,8700.792392061587,129.98401334735823,0.8,0.0,0.0,0.0,0.0
65,greedy,node-014,0.0,0.0,0.0,8700.792392061587,129.98401334735823,0.8,0.0,0.0,0.0,0.0
65,greedy,node-015,0.0,0.0,0.0,8700.792392061587,129.98401334735823,0.8,-7.875212924220758,0.0,0.0,0.0
65,greedy,node-016,0.0,0.0,0.0,8700.792392061587,129.98401334735823,0.8,0.0,0.0,0.0,0.0
65,greedy,node-017,0.0,0.0,0.0,8700.792392061587,129.98401334735823,0.8,0.0,0.0,0.0,0.0
65,greedy,node-018,0.0,0.0,0.0,8700.792392061587,129.98401334735823,0.8,0.0,0.0,0.0,0.0
65,greedy,node-019,0.0,0.0,0.0,8700.792392061587,129.98401334735823,0.8,0.0,0.0,0.0,0.0
65,greedy,node-020,0.0,0.0,0.0,8700.792392061587,129.98401334735823,0.8,0.0,0.0,0.0,0.0
65,greedy,node-021,0.0,0.0,0.0,8700.792392061587,129.98401334735823,0.8,0.0,0.0,0.0,0.0
65,greedy,node-022,0.0,0.0,0.0,8700.792392061587,129.98401334735823,0.8,0.0,0.0,0.0,0.0
65,greedy,node-023,0.0,0.0,0.0,8700.792392061587,129.98401334735823,0.8,0.0,0.0,0.0,0.0
65,greedy,node-024,0.0,0.0,0.0,8700.792392061587,129.98401334735823,0.8,0.0,0.0,0.0,0.0
65,greedy,node-025,0.0,0.0,0.0,8700.792392061587,129.98401334735823,0.8,0.0,0.0,0.0,0.0
65,greedy,node-026,0.0,0.0,0.0,8700.792392061587,129.98401334735823,0.8,0.0,0.0,0.0,0.0
65,greedy,node-027,0.0,0.0,0.0,8700.792392061587,129.98401334735823,0.8,0.0,0.0,0.0,0.0
65,greedy,node-028,0.0,0.0,0.0,8700.792392061587,129.98401334735823,0.8,0.0,0.0,0.0,0.0
65,greedy,node-029,97.79295779555143,43.328004449119405,129.98401334735823,8700.792392061587,129.98401334735823,0.8,-64.9920066736791,-12.998401334735817,-43.328004449119405,0.4011278342416363
65,trust_vcg,node-000,231.11394765367533,0.0,0.0,8454.40518078024,-778.3098037295724,0.8,-5612.084250017243,0.0,251.57992861779474,0.9479847974244507
65,trust_vcg,node-001,532.7666458494225,0.0,0.0,8454.40518078024,-778.3098037295724,0.8,-5565.533291698845,0.0,0.0,2.18530593227932
65,trust_vcg,node-002,0.0,0.0,0.0,8454.40518078024,-778.3098037295724,0.8,0.0,0.0,0.0,0.0
65,trust_vcg,node-003,0.0,0.0,0.0,8454.40518078024,-778.3098037295724,0.8,-3328.2898919650806,0.0,0.0,0.0
65,trust_vcg,node-004,7.60280438034971,0.0,0.0,8454.40518078024,-778.3098037295724,0.8,-592.3971956196503,0.0,0.0,0.03118523586972675
65,trust_vcg,node-005,8.42220177630145,0.0,0.0,8454.40518078024,-778.3098037295724,0.8,-591.5777982236986,0.0,0.0,0.034546245805723484
65,trust_vcg,node-006,8.476620106742132,0.0,0.0,8454.40518078024,-778.3098037295724,0.8,-591.5233798932579,0.0,0.0,0.034769459291896516
65,trust_vcg,node-007,226.9010097109954,0.0,0.0,8454.40518078024,-778.3098037295724,0.8,-5540.540785319552,0.0,0.0,0.930704139278548
65,trust_vcg,node-008,112.64800992275535,0.0,0.0,8454.40518078024,-778.3098037295724,0.8,-2287.3519900772444,0.0,0.0,0.4620603903443926
65,trust_vcg,node-009,397.21910142061466,0.0,0.0,8454.40518078024,-778.3098037295724,0.8,-5602.780898579385,0.0,0.0,1.629316072077208
65,trust_vcg,node-010,389.8291464237287,0.0,0.0,8454.40518078024,-778.3098037295724,0.8,-5594.463966383357,0.0,0.0,1.5990039032885175
65,trust_vcg,node-011,0.0,0.0,0.0,8454.40518078024,-778.3098037295724,0.8,-2304.2315189985234,0.0,0.0,0.0
65,trust_vcg,node-012,189.3024606906643,0.0,0.0,8454.40518078024,-778.3098037295724,0.8,-3410.6975393093358,0.0,0.0,0.7764821494837013
65,trust_vcg,node-013,3.587472805353954,0.0,0.0,8454.40518078024,-778.3098037295724,0.8,-5551.793736402677,0.0,0.0,0.014715120896750913
65,trust_vcg,node-014,0.0,0.0,0.0,8454.40518078024,-778.3098037295724,0.8,0.0,0.0,0.0,0.0
65,trust_vcg,node-015,0.0,0.0,0.0,8454.40518078024,-778.3098037295724,0.8,-5548.145271961195,0.0,0.0,0.0
65,trust_vcg,node-016,123.76540302926273,0.0,0.0,8454.40518078024,-778.3098037295724,0.8,-2284.4556866323173,0.0,0.0,0.507661790688059
65,trust_vcg,node-017,0.0,0.0,0.0,8454.40518078024,-778.3098037295724,0.8,-2311.758116823374,0.0,0.0,0.0
65,trust_vcg,node-018,0.0,0.0,0.0,8454.40518078024,-778.3098037295724,0.8,0.0,0.0,0.0,0.0
65,trust_vcg,node-019,0.0,0.0,0.0,8454.40518078024,-778.3098037295724,0.8,0.0,0.0,0.0,0.0
65,trust_vcg,node-020,0.0,0.0,0.0,8454.40518078024,-778.3098037295724,0.8,0.0,0.0,0.0,0.0
65,trust_vcg,node-021,0.0,0.0,0.0,8454.40518078024,-778.3098037295724,0.8,0.0,0.0,0.0,0.0
65,trust_vcg,node-022,437.32157876851056,0.0,0.0,8454.40518078024,-778.3098037295724,0.8,-5513.157842844426,0.0,0.0,1.7938086924959098
65,trust_vcg,node-023,118.7699219618803,657.2926778060584,972.7927918265596,8454.40518078024,-778.3098037295724,0.8,-6236.167706311183,-47.32501710307531,-657.2926778060584,0.4871712917122179
65,trust_vcg,node-024,0.0,0.0,0.0,8454.40518078024,-778.3098037295724,0.8,0.0,0.0,0.0,0.0
65,trust_vcg,node-025,0.0,0.0,0.0,8454.40518078024,-778.3098037295724,0.8,0.0,0.0,0.0,0.0
65,trust_vcg,node-026,0.0,0.0,0.0,8454.40518078024,-778.3098037295724,0.8,-5051.624918063631,0.0,0.0,0.0
65,trust_vcg,node-027,100.92889538507917,0.0,0.0,8454.40518078024,-778.3098037295724,0.8,-2299.071104614921,0.0,0.0,0.4139908448505804
65,trust_vcg,node-028,0.0,0.0,0.0,8454.40518078024,-778.3098037295724,0.8,0.0,0.0,0.0,0.0
65,trust_vcg,node-029,547.1232099221756,-1768.6457017152168,-1751.102595556132,8454.40518078024,-778.3098037295724,0.8,-9226.846096894718,-2.6314659238628337,437.57671485618425,2.2441937866143356
65,contingent,node-000,72.91156790525844,0.0,0.0,8454.40518078024,488.80232456528216,0.8,-448.3370000689754,0.0,-44.87001320575451,0.2990691761889704
65,contingent,node-001,133.28676053823995,0.0,0.0,8454.40518078024,488.80232456528216,0.8,-262.13316679537957,0.0,0.0,0.5467165611205175
65,contingent,node-002,0.0,0.0,0.0,8454.40518078024,488.80232456528216,0.8,0.0,0.0,0.0,0.0
65,contingent,node-003,0.0,0.0,0.0,8454.40518078024,488.80232456528216,0.8,-323.51415318462057,0.0,0.0,0.0
65,contingent,node-004,0.0,0.0,0.0,8454.40518078024,488.80232456528216,0.8,-169.5887824786011,0.0,0.0,0.0
65,contingent,node-005,0.0,0.0,0.0,8454.40518078024,488.80232456528216,0.8,-166.31119289479423,0.0,0.0,0.0
65,contingent,node-006,0.0,0.0,0.0,8454.40518078024,488.80232456528216,0.8,-166.09351957303144,0.0,0.0,0.0
65,contingent,node-007,27.197074937533635,0.0,0.0,8454.40518078024,488.80232456528216,0.8,-376.84999358413677,0.0,0.0,0.11155715108042906
65,contingent,node-008,13.590021433571621,0.0,0.0,8454.40518078024,488.80232456528216,0.8,-349.40796030897855,0.0,0.0,0.05574364440783876
65,contingent,node-009,93.68625023083794,0.0,0.0,8454.40518078024,488.80232456528216,0.8,-411.1235943175413,0.0,0.0,0.3842829125986977
65,contingent,node-010,119.70880704856958,0.0,0.0,8454.40518078024,488.80232456528216,0.8,-377.85586553342864,0.0,0.0,0.4910224170888815
65,contingent,node-011,0.0,0.0,0.0,8454.40518078024,488.80232456528216,0.8,-416.9260759940925,0.0,0.0,0.0
65,contingent,node-012,24.637703175411616,0.0,0.0,8454.40518078024,488.80232456528216,0.8,-442.7901572373428,0.0,0.0,0.10105910219120824
65,contingent,node-013,102.87725053891441,0.0,0.0,8454.40518078024,488.80232456528216,0.8,-207.17494561070802,0.0,0.0,0.4219826215675232
65,contingent,node-014,0.0,0.0,0.0,8454.40518078024,488.80232456528216,0.8,0.0,0.0,0.0,0.0
65,contingent,node-015,83.76123256566859,0.0,0.0,8454.40518078024,488.80232456528216,0.8,-192.58108784477682,0.0,0.0,0.34357240613091533
65,contingent,node-016,23.765403029262714,0.0,0.0,8454.40518078024,488.80232456528216,0.8,-337.8227465292684,0.0,0.0,0.0974810953866192
65,contingent,node-017,0.0,0.0,0.0,8454.40518078024,488.80232456528216,0.8,-447.032467293496,0.0,0.0,0.0
65,contingent,node-018,0.0,0.0,0.0,8454.40518078024,488.80232456528216,0.8,0.0,0.0,0.0,0.0
65,contingent,node-019,0.0,0.0,0.0,8454.40518078024,488.80232456528216,0.8,0.0,0.0,0.0,0.0
65,contingent,node-020,0.0,0.0,0.0,8454.40518078024,488.80232456528216,0.8,0.0,0.0,0.0,0.0
65,contingent,node-021,0.0,0.0,0.0,8454.40518078024,488.80232456528216,0.8,0.0,0.0,0.0,0.0
65,contingent,node-022,114.22647885668847,0.0,0.0,8454.40518078024,488.80232456528216,0.8,-248.2613972421683,0.0,0.0,0.46853496519271676
65,contingent,node-023,118.31254275768802,157.75005701025069,473.2501710307521,8454.40518078024,488.80232456528216,0.8,-473.2501710307521,-47.32501710307521,-157.75005701025069,0.48529521051229785
65,contingent,node-024,0.0,0.0,0.0,8454.40518078024,488.80232456528216,0.8,0.0,0.0,0.0,0.0
65,contingent,node-025,0.0,0.0,0.0,8454.40518078024,488.80232456528216,0.8,0.0,0.0,0.0,0.0
65,contingent,node-026,0.0,0.0,0.0,8454.40518078024,488.80232456528216,0.8,-412.6995979969056,0.0,0.0,0.0
65,contingent,node-027,0.0,0.0,0.0,8454.40518078024,488.80232456528216,0.8,-396.2844184596833,0.0,0.0,0.0
65,contingent,node-028,0.0,0.0,0.0,8454.40518078024,488.80232456528216,0.8,0.0,0.0,0.0,0.0
65,contingent,node-029,153.7779590128381,-1.9909526245547426,15.552153534530017,8454.40518078024,488.80232456528216,0.8,-84.66505627368407,-1.5552153534530002,31.553906737004663,0.6307675014992222
65,capped,node-000,72.91156790525844,0.0,0.0,8454.40518078024,499.5648302693793,0.8,-112.08425001724385,0.0,-44.87001320575451,0.2990691761889704
65,capped,node-001,133.28676053823995,0.0,0.0,8454.40518078024,499.5648302693793,0.8,-65.53329169884488,0.0,0.0,0.5467165611205175
65,capped,node-002,0.0,0.0,0.0,8454.40518078024,499.5648302693793,0.8,0.0,0.0,0.0,0.0
65,capped,node-003,0.0,0.0,0.0,8454.40518078024,499.5648302693793,0.8,-80.87853829615514,0.0,0.0,0.0
65,capped,node-004,0.0,0.0,0.0,8454.40518078024,499.5648302693793,0.8,-42.397195619650276,0.0,0.0,0.0
65,capped,node-005,0.0,0.0,0.0,8454.40518078024,499.5648302693793,0.8,-41.57779822369855,0.0,0.0,0.0
65,capped,node-006,0.0,0.0,0.0,8454.40518078024,499.5648302693793,0.8,-41.52337989325787,0.0,0.0,0.0
65,capped,node-007,27.197074937533635,0.0,0.0,8454.40518078024,499.5648302693793,0.8,-94.21249839603419,0.0,0.0,0.11155715108042906
65,capped,node-008,13.590021433571621,0.0,0.0,8454.40518078024,499.5648302693793,0.8,-87.35199007724464,0.0,0.0,0.05574364440783876
65,capped,node-009,93.68625023083794,0.0,0.0,8454.40518078024,499.5648302693793,0.8,-102.78089857938532,0.0,0.0,0.3842829125986977
65,capped,node-010,119.70880704856958,0.0,0.0,8454.40518078024,499.5648302693793,0.8,-94.46396638335716,0.0,0.0,0.4910224170888815
65,capped,node-011,0.0,0.0,0.0,8454.40518078024,499.5648302693793,0.8,-104.23151899852313,0.0,0.0,0.0
65,capped,node-012,24.637703175411616,0.0,0.0,8454.40518078024,499.5648302693793,0.8,-110.6975393093357,0.0,0.0,0.10105910219120824
65,capped,node-013,186.2882859220985,0.0,0.0,8454.40518078024,499.5648302693793,0.8,-51.793736402677006,0.0,0.0,0.7641185864603977
65,capped,node-014,0.0,0.0,0.0,8454.40518078024,499.5648302693793,0.8,0.0,0.0,0.0,0.0
65,capped,node-015,167.55129085337748,0.0,0.0,8454.40518078024,499.5648302693793,0.8,-48.145271961194204,0.0,0.0,0.6872630498089213
65,capped,node-016,23.765403029262714,0.0,0.0,8454.40518078024,499.5648302693793,0.8,-84.4556866323171,0.0,0.0,0.0974810953866192
65,capped,node-017,0.0,0.0,0.0,8454.40518078024,499.5648302693793,0.8,-111.758116823374,0.0,0.0,0.0
65,capped,node-018,0.0,0.0,0.0,8454.40518078024,499.5648302693793,0.8,0.0,0.0,0.0,0.0
65,capped,node-019,0.0,0.0,0.0,8454.40518078024,499.5648302693793,0.8,0.0,0.0,0.0,0.0
65,capped,node-020,0.0,0.0,0.0,8454.40518078024,499.5648302693793,0.8,0.0,0.0,0.0,0.0
65,capped,node-021,0.0,0.0,0.0,8454.40518078024,499.5648302693793,0.8,0.0,0.0,0.0,0.0
65,capped,node-022,114.22647885668847,0.0,0.0,8454.40518078024,499.5648302693793,0.8,-62.065349310542075,0.0,0.0,0.46853496519271676
65,capped,node-023,118.31254275768802,157.75005701025069,473.2501710307521,8454.40518078024,499.5648302693793,0.8,-236.62508551537604,-47.32501710307521,-157.75005701025069,0.48529521051229785
65,capped,node-024,0.0,0.0,0.0,8454.40518078024,499.5648302693793,0.8,0.0,0.0,0.0,0.0
65,capped,node-025,0.0,0.0,0.0,8454.40518078024,499.5648302693793,0.8,0.0,0.0,0.0,0.0
65,capped,node-026,0.0,0.0,0.0,8454.40518078024,499.5648302693793,0.8,-103.1748994992264,0.0,0.0,0.0
65,capped,node-027,0.0,0.0,0.0,8454.40518078024,499.5648302693793,0.8,-99.07110461492083,0.0,0.0,0.0
65,capped,node-028,0.0,0.0,0.0,8454.40518078024,499.5648302693793,0.8,0.0,0.0,0.0,0.0
65,capped,node-029,164.54046471693525,8.771553079542377,26.314659238627137,8454.40518078024,499.5648302693793,0.8,-30.43555530410208,-2.631465923862711,61.8220611931254,0.674913222228145
65,proper_scoring,node-000,309.9958416110311,0.0,0.0,8454.40518078024,1262.7435855036124,0.8,-437.7489974780528,0.0,251.57992861779474,1.271543098525677
65,proper_scoring,node-001,532.7666458494225,0.0,0.0,8454.40518078024,1262.7435855036124,0.8,-262.13316679537957,0.0,0.0,2.18530593227932
65,proper_scoring,node-002,0.0,0.0,0.0,8454.40518078024,1262.7435855036124,0.8,0.0,0.0,0.0,0.0
65,proper_scoring,node-003,126.88143094766042,0.0,0.0,8454.40518078024,1262.7435855036124,0.8,-292.36111591673335,0.0,0.0,0.5204431356695296
65,proper_scoring,node-004,7.60280438034971,0.0,0.0,8454.40518078024,1262.7435855036124,0.8,-92.39719561965028,0.0,0.0,0.03118523586972675
65,proper_scoring,node-005,8.42220177630145,0.0,0.0,8454.40518078024,1262.7435855036124,0.8,-91.57779822369855,0.0,0.0,0.034546245805723484
65,proper_scoring,node-006,8.476620106742132,0.0,0.0,8454.40518078024,1262.7435855036124,0.8,-91.52337989325787,0.0,0.0,0.034769459291896516
65,proper_scoring,node-007,226.9010097109954,0.0,0.0,8454.40518078024,1262.7435855036124,0.8,-367.31823251828666,0.0,0.0,0.930704139278548
65,proper_scoring,node-008,112.64800992275535,0.0,0.0,8454.40518078024,1262.7435855036124,0.8,-287.35199007724464,0.0,0.0,0.4620603903443926
65,proper_scoring,node-009,397.21910142061466,0.0,0.0,8454.40518078024,1262.7435855036124,0.8,-405.07026274087843,0.0,0.0,1.629316072077208
65,proper_scoring,node-010,474.1537587978618,0.0,0.0,8454.40518078024,1262.7435855036124,0.8,-365.3078208913638,0.0,0.0,1.944887184634981
65,proper_scoring,node-011,0.0,0.0,0.0,8454.40518078024,1262.7435855036124,0.8,-304.23151899852314,0.0,0.0,0.0
65,proper_scoring,node-012,189.3024606906643,0.0,0.0,8454.40518078024,1262.7435855036124,0.8,-386.4376521067246,0.0,0.0,0.7764821494837013
65,proper_scoring,node-013,503.587472805354,0.0,0.0,8454.40518078024,1262.7435855036124,0.8,-207.17494561070802,0.0,0.0,2.0656185974039496
65,proper_scoring,node-014,0.0,0.0,0.0,8454.40518078024,1262.7435855036124,0.8,0.0,0.0,0.0,0.0
65,proper_scoring,node-015,359.1368538460206,0.0,0.0,8454.40518078024,1262.7435855036124,0.8,-192.58108784477682,0.0,0.0,1.4731100441893223
65,proper_scoring,node-016,123.76540302926273,0.0,0.0,8454.40518078024,1262.7435855036124,0.8,-284.4556866323171,0.0,0.0,0.507661790688059
65,proper_scoring,node-017,0.0,0.0,0.0,8454.40518078024,1262.7435855036124,0.8,-311.758116823374,0.0,0.0,0.0
65,proper_scoring,node-018,0.0,0.0,0.0,8454.40518078024,1262.7435855036124,0.8,0.0,0.0,0.0,0.0
65,proper_scoring,node-019,0.0,0.0,0.0,8454.40518078024,1262.7435855036124,0.8,0.0,0.0,0.0,0.0
65,proper_scoring,node-020,0.0,0.0,0.0,8454.40518078024,1262.7435855036124,0.8,0.0,0.0,0.0,0.0
65,proper_scoring,node-021,0.0,0.0,0.0,8454.40518078024,1262.7435855036124,0.8,0.0,0.0,0.0,0.0
65,proper_scoring,node-022,437.32157876851056,0.0,0.0,8454.40518078024,1262.7435855036124,0.8,-248.2613972421683,0.0,0.0,1.7938086924959098
65,proper_scoring,node-023,118.7699219618803,657.2926778060584,972.7927918265596,8454.40518078024,1262.7435855036124,0.8,-967.0061687402105,-47.32501710307531,-657.2926778060584,0.4871712917122179
65,proper_scoring,node-024,0.0,0.0,0.0,8454.40518078024,1262.7435855036124,0.8,0.0,0.0,0.0,0.0
65,proper_scoring,node-025,0.0,0.0,0.0,8454.40518078024,1262.7435855036124,0.8,0.0,0.0,0.0,0.0
65,proper_scoring,node-026,246.99672695326555,0.0,0.0,8454.40518078024,1262.7435855036124,0.8,-372.7549740572257,0.0,0.0,1.013132891988703
65,proper_scoring,node-027,100.92889538507917,0.0,0.0,8454.40518078024,1262.7435855036124,0.8,-299.07110461492084,0.0,0.0,0.4139908448505804
65,proper_scoring,node-028,0.0,0.0,0.0,8454.40518078024,1262.7435855036124,0.8,0.0,0.0,0.0,0.0
65,proper_scoring,node-029,679.3103685578715,272.4076875179679,289.9507936770526,8454.40518078024,1262.7435855036124,0.8,-359.06369641620665,-1.5552153534530362,-103.47667437700022,2.7863999930054497
65,audits,node-000,287.91574998275615,0.0,0.0,8454.40518078024,1221.6901962704276,0.8,-1112.084250017244,0.0,251.57992861779474,1.1809748251616239
65,audits,node-001,532.7666458494225,0.0,0.0,8454.40518078024,1221.6901962704276,0.8,-1065.533291698845,0.0,0.0,2.18530593227932
65,audits,node-002,0.0,0.0,0.0,8454.40518078024,1221.6901962704276,0.8,0.0,0.0,0.0,0.0
65,audits,node-003,126.88143094766042,0.0,0.0,8454.40518078024,1221.6901962704276,0.8,-328.2898919650805,0.0,0.0,0.5204431356695296
65,audits,node-004,7.60280438034971,0.0,0.0,8454.40518078024,1221.6901962704276,0.8,-92.39719561965028,0.0,0.0,0.03118523586972675
65,audits,node-005,8.42220177630145,0.0,0.0,8454.40518078024,1221.6901962704276,0.8,-91.57779822369855,0.0,0.0,0.034546245805723484
65,audits,node-006,8.476620106742132,0.0,0.0,8454.40518078024,1221.6901962704276,0.8,-91.52337989325787,0.0,0.0,0.034769459291896516
65,audits,node-007,226.9010097109954,0.0,0.0,8454.40518078024,1221.6901962704276,0.8,-1040.5407853195516,0.0,0.0,0.930704139278548
65,audits,node-008,112.64800992275535,0.0,0.0,8454.40518078024,1221.6901962704276,0.8,-287.35199007724464,0.0,0.0,0.4620603903443926
65,audits,node-009,397.21910142061466,0.0,0.0,8454.40518078024,1221.6901962704276,0.8,-1102.7808985793852,0.0,0.0,1.629316072077208
65,audits,node-010,389.8291464237287,0.0,0.0,8454.40518078024,1221.6901962704276,0.8,-1094.463966383357,0.0,0.0,1.5990039032885175
65,audits,node-011,0.0,0.0,0.0,8454.40518078024,1221.6901962704276,0.8,-304.23151899852314,0.0,0.0,0.0
65,audits,node-012,189.3024606906643,0.0,0.0,8454.40518078024,1221.6901962704276,0.8,-410.69753930933575,0.0,0.0,0.7764821494837013
65,audits,node-013,503.587472805354,0.0,0.0,8454.40518078024,1221.6901962704276,0.8,-1051.793736402677,0.0,0.0,2.0656185974039496
65,audits,node-014,0.0,0.0,0.0,8454.40518078024,1221.6901962704276,0.8,0.0,0.0,0.0,0.0
65,audits,node-015,296.2905439223885,0.0,0.0,8454.40518078024,1221.6901962704276,0.8,-1048.1452719611943,0.0,0.0,1.2153266131732707
65,audits,node-016,123.76540302926273,0.0,0.0,8454.40518078024,1221.6901962704276,0.8,-284.4556866323171,0.0,0.0,0.507661790688059
65,audits,node-017,0.0,0.0,0.0,8454.40518078024,1221.6901962704276,0.8,-311.758116823374,0.0,0.0,0.0
65,audits,node-018,0.0,0.0,0.0,8454.40518078024,1221.6901962704276,0.8,0.0,0.0,0.0,0.0
65,audits,node-019,0.0,0.0,0.0,8454.40518078024,1221.6901962704276,0.8,0.0,0.0,0.0,0.0
65,audits,node-020,0.0,0.0,0.0,8454.40518078024,1221.6901962704276,0.8,0.0,0.0,0.0,0.0
65,audits,node-021,0.0,0.0,0.0,8454.40518078024,1221.6901962704276,0.8,0.0,0.0,0.0,0.0
65,audits,node-022,437.32157876851056,0.0,0.0,8454.40518078024,1221.6901962704276,0.8,-1013.1578428444261,0.0,0.0,1.7938086924959098
65,audits,node-023,118.7699219618803,657.2926778060584,972.7927918265596,8454.40518078024,1221.6901962704276,0.8,-1736.1677063111833,-47.32501710307531,-657.2926778060584,0.4871712917122179
65,audits,node-024,0.0,0.0,0.0,8454.40518078024,1221.6901962704276,0.8,0.0,0.0,0.0,0.0
65,audits,node-025,0.0,0.0,0.0,8454.40518078024,1221.6901962704276,0.8,0.0,0.0,0.0,0.0
65,audits,node-026,246.99672695326555,0.0,0.0,8454.40518078024,1221.6901962704276,0.8,-1051.6249180636314,0.0,0.0,1.013132891988703
65,audits,node-027,100.92889538507917,0.0,0.0,8454.40518078024,1221.6901962704276,0.8,-299.07110461492084,0.0,0.0,0.4139908448505804
65,audits,node-028,0.0,0.0,0.0,8454.40518078024,1221.6901962704276,0.8,0.0,0.0,0.0,0.0
65,audits,node-029,547.1232099221759,231.35429828478306,248.89740444386788,8454.40518078024,1221.6901962704276,0.8,-2226.8460968947165,-2.631465923862663,-62.423285143815406,2.2441937866143364
64,greedy,node-000,0.0,0.0,0.0,5017.19927206826,128.9525804742313,0.9,0.0,0.0,0.0,0.0
64,greedy,node-001,0.0,0.0,0.0,5017.19927206826,128.9525804742313,0.9,0.0,0.0,0.0,0.0
64,greedy,node-002,0.0,0.0,0.0,5017.19927206826,128.9525804742313,0.9,0.0,0.0,0.0,0.0
64,greedy,node-003,0.0,0.0,0.0,5017.19927206826,128.9525804742313,0.9,0.0,0.0,0.0,0.0
64,greedy,node-004,0.0,0.0,0.0,5017.19927206826,128.9525804742313,0.9,0.0,0.0,0.0,0.0
64,greedy,node-005,0.0,0.0,0.0,5017.19927206826,128.9525804742313,0.9,0.0,0.0,0.0,0.0
64,greedy,node-006,0.0,0.0,0.0,5017.19927206826,128.9525804742313,0.9,0.0,0.0,0.0,0.0
64,greedy,node-007,0.0,0.0,0.0,5017.19927206826,128.9525804742313,0.9,-30.17448960286921,0.0,0.0,0.0
64,greedy,node-008,0.0,0.0,0.0,5017.19927206826,128.9525804742313,0.9,0.0,0.0,0.0,0.0
64,greedy,node-009,0.0,0.0,0.0,5017.19927206826,128.9525804742313,0.9,0.0,0.0,0.0,0.0
64,greedy,node-010,0.0,15.266537415656869,45.799612246970604,5017.19927206826,128.9525804742313,0.9,-43.074740263935915,-2.033049330897706,-15.266537415656869,0.0
64,greedy,node-011,0.0,0.0,0.0,5017.19927206826,128.9525804742313,0.9,0.0,0.0,0.0,0.0
64,greedy,node-012,0.0,0.0,0.0,5017.19927206826,128.9525804742313,0.9,0.0,0.0,0.0,0.0
64,greedy,node-013,0.0,0.0,0.0,5017.19927206826,128.9525804742313,0.9,-15.426423129219135,0.0,0.0,0.0
64,greedy,node-014,0.0,0.0,0.0,5017.19927206826,128.9525804742313,0.9,0.0,0.0,0.0,0.0
64,greedy,node-015,0.0,0.0,0.0,5017.19927206826,128.9525804742313,0.9,0.0,0.0,0.0,0.0
64,greedy,node-016,0.0,0.0,0.0,5017.19927206826,128.9525804742313,0.9,0.0,0.0,0.0,0.0
64,greedy,node-017,0.0,0.0,0.0,5017.19927206826,128.9525804742313,0.9,0.0,0.0,0.0,0.0
64,greedy,node-018,0.0,0.0,0.0,5017.19927206826,128.9525804742313,0.9,0.0,0.0,0.0,0.0
64,greedy,node-019,0.0,0.0,0.0,5017.19927206826,128.9525804742313,0.9,0.0,0.0,0.0,0.0
64,greedy,node-020,0.0,0.0,0.0,5017.19927206826,128.9525804742313,0.9,0.0,0.0,0.0,0.0
64,greedy,node-021,0.0,0.0,0.0,5017.19927206826,128.9525804742313,0.9,0.0,0.0,0.0,0.0
64,greedy,node-022,0.0,0.0,0.0,5017.19927206826,128.9525804742313,0.9,-35.794615848547274,0.0,0.0,0.0
64,greedy,node-023,0.0,0.0,0.0,5017.19927206826,128.9525804742313,0.9,0.0,0.0,0.0,0.0
64,greedy,node-024,0.0,0.0,0.0,5017.19927206826,128.9525804742313,0.9,0.0,0.0,0.0,0.0
64,greedy,node-025,0.0,0.0,0.0,5017.19927206826,128.9525804742313,0.9,0.0,0.0,0.0,0.0
64,greedy,node-026,0.0,0.0,0.0,5017.19927206826,128.9525804742313,0.9,0.0,0.0,0.0,0.0
64,greedy,node-027,0.0,0.0,0.0,5017.19927206826,128.9525804742313,0.9,0.0,0.0,0.0,0.0
64,greedy,node-028,0.0,0.0,0.0,5017.19927206826,128.9525804742313,0.9,0.0,0.0,0.0,0.0
64,greedy,node-029,5.539127230794698,27.717656075753567,83.1529682272607,5017.19927206826,128.9525804742313,0.9,-50.6410190602423,-4.923843821898103,-27.717656075753567,0.02272043058890507
64,trust_vcg,node-000,68.07554372780467,0.0,0.0,8880.783193042716,1192.2815637461879,1.0,-1131.9244562721951,0.0,0.0,0.2792327385929448
64,trust_vcg,node-001,385.1967291184262,0.0,0.0,8880.783193042716,1192.2815637461879,1.0,-5014.803270881574,0.0,0.0,1.5800026217763639
64,trust_vcg,node-002,0.0,0.0,0.0,8880.783193042716,1192.2815637461879,1.0,0.0,0.0,0.0,0.0
64,trust_vcg,node-003,249.68282498859037,0.0,0.0,8880.783193042716,1192.2815637461879,1.0,-3350.3171750114097,0.0,0.0,1.0241507475864766
64,trust_vcg,node-004,0.0,0.0,0.0,8880.783193042716,1192.2815637461879,1.0,-5559.443425819315,0.0,0.0,0.0
64,trust_vcg,node-005,0.0,0.0,0.0,8880.783193042716,1192.2815637461879,1.0,0.0,0.0,0.0,0.0
64,trust_vcg,node-006,0.0,0.0,0.0,8880.783193042716,1192.2815637461879,1.0,0.0,0.0,0.0,0.0
64,trust_vcg,node-007,153.07364856887523,865.059525156875,996.6050762382744,8880.783193042716,1192.2815637461879,1.0,-11901.325872608375,82.58054539641307,-467.1994993761818,0.6278785560230946
64,trust_vcg,node-008,66.23318856147995,0.0,0.0,8880.783193042716,1192.2815637461879,1.0,-1133.76681143852,0.0,0.0,0.27167575336179206
64,trust_vcg,node-009,110.95087318815365,0.0,0.0,8880.783193042716,1192.2815637461879,1.0,-2238.569602083392,0.0,0.0,0.45509906308618725
64,trust_vcg,node-010,0.0,0.0,0.0,8880.783193042716,1192.2815637461879,1.0,-3252.3043442561834,0.0,0.0,0.0
64,trust_vcg,node-011,0.0,0.0,0.0,8880.783193042716,1192.2815637461879,1.0,0.0,0.0,0.0,0.0
64,trust_vcg,node-012,162.93973437329856,0.0,0.0,8880.783193042716,1192.2815637461879,1.0,-2237.0602656267015,0.0,0.0,0.6683473353747149
64,trust_vcg,node-013,86.3516171476484,0.0,0.0,8880.783193042716,1192.2815637461879,1.0,-5532.122984334755,0.0,0.0,0.3541976636202614
64,trust_vcg,node-014,0.0,0.0,0.0,8880.783193042716,1192.2815637461879,1.0,0.0,0.0,0.0,0.0
64,trust_vcg,node-015,0.0,0.0,0.0,8880.783193042716,1192.2815637461879,1.0,0.0,0.0,0.0,0.0
64,trust_vcg,node-016,0.0,0.0,0.0,8880.783193042716,1192.2815637461879,1.0,0.0,0.0,0.0,0.0
64,trust_vcg,node-017,0.0,0.0,0.0,8880.783193042716,1192.2815637461879,1.0,0.0,0.0,0.0,0.0
64,trust_vcg,node-018,0.0,0.0,0.0,8880.783193042716,1192.2815637461879,1.0,0.0,0.0,0.0,0.0
64,trust_vcg,node-019,0.0,0.0,0.0,8880.783193042716,1192.2815637461879,1.0,0.0,0.0,0.0,0.0
64,trust_vcg,node-020,0.0,0.0,0.0,8880.783193042716,1192.2815637461879,1.0,0.0,0.0,0.0,0.0
64,trust_vcg,node-021,0.0,0.0,0.0,8880.783193042716,1192.2815637461879,1.0,0.0,0.0,0.0,0.0
64,trust_vcg,node-022,0.0,0.0,0.0,8880.783193042716,1192.2815637461879,1.0,-11035.794615848545,0.0,0.0,0.0
64,trust_vcg,node-023,0.0,0.0,0.0,8880.783193042716,1192.2815637461879,1.0,-2233.55914293476,0.0,0.0,0.0
64,trust_vcg,node-024,0.0,0.0,0.0,8880.783193042716,1192.2815637461879,1.0,0.0,0.0,0.0,0.0
64,trust_vcg,node-025,0.0,0.0,0.0,8880.783193042716,1192.2815637461879,1.0,0.0,0.0,0.0,0.0
64,trust_vcg,node-026,295.1607574688524,0.0,0.0,8880.783193042716,1192.2815637461879,1.0,-3904.839242531147,0.0,0.0,1.2106924472427347
64,trust_vcg,node-027,245.26079155463606,0.0,0.0,8880.783193042716,1192.2815637461879,1.0,-3354.7392084453636,0.0,0.0,1.0060124201006209
64,trust_vcg,node-028,0.0,0.0,0.0,8880.783193042716,1192.2815637461879,1.0,-5576.306290788945,0.0,0.0,0.0
64,trust_vcg,node-029,927.592850968579,186.83757258094863,195.67648750791346,8880.783193042716,1192.2815637461879,1.0,-11171.332161739589,91.47970604102807,-186.83757258094863,3.8048068056693642
64,contingent,node-000,0.0,0.0,0.0,8880.783193042716,210.57669901254636,1.0,-127.69782508878134,0.0,0.0,0.0
64,contingent,node-001,0.0,0.0,0.0,8880.783193042716,210.57669901254636,1.0,-259.21308352629507,0.0,0.0,0.0
64,contingent,node-002,0.0,0.0,0.0,8880.783193042716,210.57669901254636,1.0,0.0,0.0,0.0,0.0
64,contingent,node-003,6.510628911038076,0.0,0.0,8880.783193042716,210.57669901254636,1.0,-201.2687000456386,0.0,0.0,0.02670534293579253
64,contingent,node-004,0.0,0.0,0.0,8880.783193042716,210.57669901254636,1.0,-237.7737032772592,0.0,0.0,0.0
64,contingent,node-005,0.0,0.0,0.0,8880.783193042716,210.57669901254636,1.0,0.0,0.0,0.0,0.0
64,contingent,node-006,0.0,0.0,0.0,8880.783193042716,210.57669901254636,1.0,0.0,0.0,0.0,0.0
64,contingent,node-007,154.32400989358538,65.77277554069968,197.31832662209902,8880.783193042716,210.57669901254636,1.0,-210.83816534670137,-17.33029830560875,-167.3956326442805,0.633007296798571
64,contingent,node-008,0.0,0.0,0.0,8880.783193042716,210.57669901254636,1.0,-135.06724575408018,0.0,0.0,0.0
64,contingent,node-009,10.950873188153643,0.0,0.0,8880.783193042716,210.57669901254636,1.0,-154.27840833356822,0.0,0.0,0.044918367784747545
64,contingent,node-010,0.0,0.0,0.0,8880.783193042716,210.57669901254636,1.0,-33.47039646678084,0.0,0.0,0.0
64,contingent,node-011,0.0,0.0,0.0,8880.783193042716,210.57669901254636,1.0,0.0,0.0,0.0,0.0
64,contingent,node-012,10.545378044820964,0.0,0.0,8880.783193042716,210.57669901254636,1.0,-148.2410625068058,0.0,0.0,0.043255104986411996
64,contingent,node-013,36.3516171476484,0.0,0.0,8880.783193042716,210.57669901254636,1.0,-128.49193733901822,0.0,0.0,0.14910731596954158
64,contingent,node-014,0.0,0.0,0.0,8880.783193042716,210.57669901254636,1.0,0.0,0.0,0.0,0.0
64,contingent,node-015,0.0,0.0,0.0,8880.783193042716,210.57669901254636,1.0,0.0,0.0,0.0,0.0
64,contingent,node-016,0.0,0.0,0.0,8880.783193042716,210.57669901254636,1.0,0.0,0.0,0.0,0.0
64,contingent,node-017,0.0,0.0,0.0,8880.783193042716,210.57669901254636,1.0,0.0,0.0,0.0,0.0
64,contingent,node-018,0.0,0.0,0.0,8880.783193042716,210.57669901254636,1.0,0.0,0.0,0.0,0.0
64,contingent,node-019,0.0,0.0,0.0,8880.783193042716,210.57669901254636,1.0,0.0,0.0,0.0,0.0
64,contingent,node-020,0.0,0.0,0.0,8880.783193042716,210.57669901254636,1.0,0.0,0.0,0.0,0.0
64,contingent,node-021,0.0,0.0,0.0,8880.783193042716,210.57669901254636,1.0,0.0,0.0,0.0,0.0
64,contingent,node-022,32.123823798131816,0.0,0.0,8880.783193042716,210.57669901254636,1.0,-143.17846339418912,0.0,0.0,0.13176572381258642
64,contingent,node-023,0.0,0.0,0.0,8880.783193042716,210.57669901254636,1.0,-134.23657173904073,0.0,0.0,0.0
64,contingent,node-024,0.0,0.0,0.0,8880.783193042716,210.57669901254636,1.0,0.0,0.0,0.0,0.0
64,contingent,node-025,0.0,0.0,0.0,8880.783193042716,210.57669901254636,1.0,0.0,0.0,0.0,0.0
64,contingent,node-026,6.66468902087901,0.0,0.0,8880.783193042716,210.57669901254636,1.0,-219.35697012459053,0.0,0.0,0.027337267765520232
64,contingent,node-027,0.0,0.0,0.0,8880.783193042716,210.57669901254636,1.0,-218.95683378145574,0.0,0.0,0.0
64,contingent,node-028,0.0,0.0,0.0,8880.783193042716,210.57669901254636,1.0,-305.2251631557817,0.0,0.0,0.0
64,contingent,node-029,123.75995900078422,4.41945746348244,13.25837239044732,8880.783193042716,210.57669901254636,1.0,-96.11290940143739,0.270648482295039,-4.41945746348244,0.5076394603341934
64,capped,node-000,0.0,0.0,0.0,8880.783193042716,210.57669901254636,1.0,-31.924456272195336,0.0,0.0,0.0
64,capped,node-001,0.0,0.0,0.0,8880.783193042716,210.57669901254636,1.0,-64.80327088157377,0.0,0.0,0.0
64,capped,node-002,0.0,0.0,0.0,8880.783193042716,210.57669901254636,1.0,0.0,0.0,0.0,0.0
64,capped,node-003,6.510628911038076,0.0,0.0,8880.783193042716,210.57669901254636,1.0,-50.31717501140965,0.0,0.0,0.02670534293579253
64,capped,node-004,15.271643670465764,0.0,0.0,8880.783193042716,210.57669901254636,1.0,-59.4434258193148,0.0,0.0,0.06264133419147477
64,capped,node-005,0.0,0.0,0.0,8880.783193042716,210.57669901254636,1.0,0.0,0.0,0.0,0.0
64,capped,node-006,0.0,0.0,0.0,8880.783193042716,210.57669901254636,1.0,0.0,0.0,0.0,0.0
64,capped,node-007,154.32400989358538,65.77277554069968,197.31832662209902,8880.783193042716,210.57669901254636,1.0,-102.0391229922001,-17.33029830560875,-167.3956326442805,0.633007296798571
64,capped,node-008,0.0,0.0,0.0,8880.783193042716,210.57669901254636,1.0,-33.766811438520044,0.0,0.0,0.0
64,capped,node-009,10.950873188153643,0.0,0.0,8880.783193042716,210.57669901254636,1.0,-38.569602083392056,0.0,0.0,0.044918367784747545
64,capped,node-010,0.0,0.0,0.0,8880.783193042716,210.57669901254636,1.0,-8.36759911669521,0.0,0.0,0.0
64,capped,node-011,0.0,0.0,0.0,8880.783193042716,210.57669901254636,1.0,0.0,0.0,0.0,0.0
64,capped,node-012,10.545378044820964,0.0,0.0,8880.783193042716,210.57669901254636,1.0,-37.06026562670145,0.0,0.0,0.043255104986411996
64,capped,node-013,60.86432074382846,0.0,0.0,8880.783193042716,210.57669901254636,1.0,-32.12298433475456,0.0,0.0,0.24965369401753393
64,capped,node-014,0.0,0.0,0.0,8880.783193042716,210.57669901254636,1.0,0.0,0.0,0.0,0.0
64,capped,node-015,0.0,0.0,0.0,8880.783193042716,210.57669901254636,1.0,0.0,0.0,0.0,0.0
64,capped,node-016,0.0,0.0,0.0,8880.783193042716,210.57669901254636,1.0,0.0,0.0,0.0,0.0
64,capped,node-017,0.0,0.0,0.0,8880.783193042716,210.57669901254636,1.0,0.0,0.0,0.0,0.0
64,capped,node-018,0.0,0.0,0.0,8880.783193042716,210.57669901254636,1.0,0.0,0.0,0.0,0.0
64,capped,node-019,0.0,0.0,0.0,8880.783193042716,210.57669901254636,1.0,0.0,0.0,0.0,0.0
64,capped,node-020,0.0,0.0,0.0,8880.783193042716,210.57669901254636,1.0,0.0,0.0,0.0,0.0
64,capped,node-021,0.0,0.0,0.0,8880.783193042716,210.57669901254636,1.0,0.0,0.0,0.0,0.0
64,capped,node-022,119.3001781214956,0.0,0.0,8880.783193042716,210.57669901254636,1.0,-35.794615848547274,0.0,0.0,0.48934630011460667
64,capped,node-023,19.423087525103576,0.0,0.0,8880.783193042716,210.57669901254636,1.0,-33.559142934760175,0.0,0.0,0.07966975545947703
64,capped,node-024,0.0,0.0,0.0,8880.783193042716,210.57669901254636,1.0,0.0,0.0,0.0,0.0
64,capped,node-025,0.0,0.0,0.0,8880.783193042716,210.57669901254636,1.0,0.0,0.0,0.0,0.0
64,capped,node-026,6.66468902087901,0.0,0.0,8880.783193042716,210.57669901254636,1.0,-54.83924253114763,0.0,0.0,0.027337267765520232
64,capped,node-027,0.0,0.0,0.0,8880.783193042716,210.57669901254636,1.0,-54.739208445363936,0.0,0.0,0.0
64,capped,node-028,0.0,0.0,0.0,8880.783193042716,210.57669901254636,1.0,-76.30629078894542,0.0,0.0,0.0
64,capped,node-029,123.75995900078422,4.41945746348244,13.25837239044732,8880.783193042716,210.57669901254636,1.0,-27.342820447971178,0.270648482295039,-4.41945746348244,0.5076394603341934
64,proper_scoring,node-000,68.07554372780467,0.0,0.0,8880.783193042716,1192.2815637461879,1.0,-124.9326000696131,0.0,0.0,0.2792327385929448
64,proper_scoring,node-001,385.1967291184262,0.0,0.0,8880.783193042716,1192.2815637461879,1.0,-259.21308352629507,0.0,0.0,1.5800026217763639
64,proper_scoring,node-002,0.0,0.0,0.0,8880.783193042716,1192.2815637461879,1.0,0.0,0.0,0.0,0.0
64,proper_scoring,node-003,249.68282498859037,0.0,0.0,8880.783193042716,1192.2815637461879,1.0,-201.2687000456386,0.0,0.0,1.0241507475864766
64,proper_scoring,node-004,284.2474063505096,0.0,0.0,8880.783193042716,1192.2815637461879,1.0,-237.7737032772592,0.0,0.0,1.165927987744829
64,proper_scoring,node-005,0.0,0.0,0.0,8880.783193042716,1192.2815637461879,1.0,0.0,0.0,0.0,0.0
64,proper_scoring,node-006,0.0,0.0,0.0,8880.783193042716,1192.2815637461879,1.0,0.0,0.0,0.0,0.0
64,proper_scoring,node-007,153.07364856887523,865.059525156875,996.6050762382744,8880.783193042716,1192.2815637461879,1.0,-1010.1249149628767,82.58054539641307,-467.1994993761818,0.6278785560230946
64,proper_scoring,node-008,66.23318856147995,0.0,0.0,8880.783193042716,1192.2815637461879,1.0,-128.79164576431492,0.0,0.0,0.27167575336179206
64,proper_scoring,node-009,110.95087318815365,0.0,0.0,8880.783193042716,1192.2815637461879,1.0,-154.27840833356822,0.0,0.0,0.45509906308618725
64,proper_scoring,node-010,236.5052319096217,0.0,0.0,8880.783193042716,1192.2815637461879,1.0,-33.47039646678084,0.0,0.0,0.9700988046711686
64,proper_scoring,node-011,0.0,0.0,0.0,8880.783193042716,1192.2815637461879,1.0,0.0,0.0,0.0,0.0
64,proper_scoring,node-012,162.93973437329856,0.0,0.0,8880.783193042716,1192.2815637461879,1.0,-148.2410625068058,0.0,0.0,0.6683473353747149
64,proper_scoring,node-013,347.8706588207858,0.0,0.0,8880.783193042716,1192.2815637461879,1.0,-128.49193733901822,0.0,0.0,1.4268982871007982
64,proper_scoring,node-014,0.0,0.0,0.0,8880.783193042716,1192.2815637461879,1.0,0.0,0.0,0.0,0.0
64,proper_scoring,node-015,0.0,0.0,0.0,8880.783193042716,1192.2815637461879,1.0,0.0,0.0,0.0,0.0
64,proper_scoring,node-016,0.0,0.0,0.0,8880.783193042716,1192.2815637461879,1.0,0.0,0.0,0.0,0.0
64,proper_scoring,node-017,0.0,0.0,0.0,8880.783193042716,1192.2815637461879,1.0,0.0,0.0,0.0,0.0
64,proper_scoring,node-018,0.0,0.0,0.0,8880.783193042716,1192.2815637461879,1.0,0.0,0.0,0.0,0.0
64,proper_scoring,node-019,0.0,0.0,0.0,8880.783193042716,1192.2815637461879,1.0,0.0,0.0,0.0,0.0
64,proper_scoring,node-020,0.0,0.0,0.0,8880.783193042716,1192.2815637461879,1.0,0.0,0.0,0.0,0.0
64,proper_scoring,node-021,0.0,0.0,0.0,8880.783193042716,1192.2815637461879,1.0,0.0,0.0,0.0,0.0
64,proper_scoring,node-022,696.7858880973325,0.0,0.0,8880.783193042716,1192.2815637461879,1.0,-143.17846339418912,0.0,0.0,2.85808120055995
64,proper_scoring,node-023,0.0,0.0,0.0,8880.783193042716,1192.2815637461879,1.0,-134.23657173904073,0.0,0.0,0.0
64,proper_scoring,node-024,0.0,0.0,0.0,8880.783193042716,1192.2815637461879,1.0,0.0,0.0,0.0,0.0
64,proper_scoring,node-025,0.0,0.0,0.0,8880.783193042716,1192.2815637461879,1.0,0.0,0.0,0.0,0.0
64,proper_scoring,node-026,295.1607574688524,0.0,0.0,8880.783193042716,1192.2815637461879,1.0,-219.35697012459053,0.0,0.0,1.2106924472427347
64,proper_scoring,node-027,245.26079155463606,0.0,0.0,8880.783193042716,1192.2815637461879,1.0,-218.95683378145574,0.0,0.0,1.0060124201006209
64,proper_scoring,node-028,340.3668703892265,0.0,0.0,8880.783193042716,1192.2815637461879,1.0,-301.8518225623868,0.0,0.0,1.3961191955382792
64,proper_scoring,node-029,927.592850968579,186.83757258094863,195.67648750791346,8880.783193042716,1192.2815637461879,1.0,-278.53102451890356,91.47970604102807,-186.83757258094863,3.8048068056693642
64,audits,node-000,68.07554372780467,0.0,0.0,8880.783193042716,1192.2815637461879,1.0,-131.92445627219533,0.0,0.0,0.2792327385929448
64,audits,node-001,385.1967291184262,0.0,0.0,8880.783193042716,1192.2815637461879,1.0,-514.8032708815738,0.0,0.0,1.5800026217763639
64,audits,node-002,0.0,0.0,0.0,8880.783193042716,1192.2815637461879,1.0,0.0,0.0,0.0,0.0
64,audits,node-003,249.68282498859037,0.0,0.0,8880.783193042716,1192.2815637461879,1.0,-350.31717501140963,0.0,0.0,1.0241507475864766
64,audits,node-004,240.5565741806852,0.0,0.0,8880.783193042716,1192.2815637461879,1.0,-559.4434258193148,0.0,0.0,0.9867166285676581
64,audits,node-005,0.0,0.0,0.0,8880.783193042716,1192.2815637461879,1.0,0.0,0.0,0.0,0.0
64,audits,node-006,0.0,0.0,0.0,8880.783193042716,1192.2815637461879,1.0,0.0,0.0,0.0,0.0
64,audits,node-007,153.07364856887523,865.059525156875,996.6050762382744,8880.783193042716,1192.2815637461879,1.0,-2901.3258726083754,82.58054539641307,-467.1994993761818,0.6278785560230946
64,audits,node-008,66.23318856147995,0.0,0.0,8880.783193042716,1192.2815637461879,1.0,-133.76681143852005,0.0,0.0,0.27167575336179206
64,audits,node-009,110.95087318815365,0.0,0.0,8880.783193042716,1192.2815637461879,1.0,-238.56960208339206,0.0,0.0,0.45509906308618725
64,audits,node-010,199.83075219764805,0.0,0.0,8880.783193042716,1192.2815637461879,1.0,-252.30434425618373,0.0,0.0,0.8196671687904097
64,audits,node-011,0.0,0.0,0.0,8880.783193042716,1192.2815637461879,1.0,0.0,0.0,0.0,0.0
64,audits,node-012,162.93973437329856,0.0,0.0,8880.783193042716,1192.2815637461879,1.0,-237.06026562670144,0.0,0.0,0.6683473353747149
64,audits,node-013,267.87701566524544,0.0,0.0,8880.783193042716,1192.2815637461879,1.0,-532.1229843347545,0.0,0.0,1.09877980540845
64,audits,node-014,0.0,0.0,0.0,8880.783193042716,1192.2815637461879,1.0,0.0,0.0,0.0,0.0
64,audits,node-015,0.0,0.0,0.0,8880.783193042716,1192.2815637461879,1.0,0.0,0.0,0.0,0.0
64,audits,node-016,0.0,0.0,0.0,8880.783193042716,1192.2815637461879,1.0,0.0,0.0,0.0,0.0
64,audits,node-017,0.0,0.0,0.0,8880.783193042716,1192.2815637461879,1.0,0.0,0.0,0.0,0.0
64,audits,node-018,0.0,0.0,0.0,8880.783193042716,1192.2815637461879,1.0,0.0,0.0,0.0,0.0
64,audits,node-019,0.0,0.0,0.0,8880.783193042716,1192.2815637461879,1.0,0.0,0.0,0.0,0.0
64,audits,node-020,0.0,0.0,0.0,8880.783193042716,1192.2815637461879,1.0,0.0,0.0,0.0,0.0
64,audits,node-021,0.0,0.0,0.0,8880.783193042716,1192.2815637461879,1.0,0.0,0.0,0.0,0.0
64,audits,node-022,84.49834040876577,0.0,0.0,8880.783193042716,1192.2815637461879,1.0,-2035.7946158485472,0.0,0.0,0.3465958802068528
64,audits,node-023,0.0,0.0,0.0,8880.783193042716,1192.2815637461879,1.0,-233.55914293476016,0.0,0.0,0.0
64,audits,node-024,0.0,0.0,0.0,8880.783193042716,1192.2815637461879,1.0,0.0,0.0,0.0,0.0
64,audits,node-025,0.0,0.0,0.0,8880.783193042716,1192.2815637461879,1.0,0.0,0.0,0.0,0.0
64,audits,node-026,295.1607574688524,0.0,0.0,8880.783193042716,1192.2815637461879,1.0,-404.83924253114765,0.0,0.0,1.2106924472427347
64,audits,node-027,245.26079155463606,0.0,0.0,8880.783193042716,1192.2815637461879,1.0,-354.73920844536394,0.0,0.0,1.0060124201006209
64,audits,node-028,323.6937092110545,0.0,0.0,8880.783193042716,1192.2815637461879,1.0,-576.3062907889455,0.0,0.0,1.3277291070889237
64,audits,node-029,927.592850968579,186.83757258094863,195.67648750791346,8880.783193042716,1192.2815637461879,1.0,-2171.3321617395877,91.47970604102807,-186.83757258094863,3.8048068056693642
67,greedy,node-000,0.0,0.0,0.0,8813.541227210048,221.91381661420604,0.95,0.0,0.0,0.0,0.0
67,greedy,node-001,0.0,0.0,0.0,8813.541227210048,221.91381661420604,0.95,0.0,0.0,0.0,0.0
67,greedy,node-002,0.0,0.0,0.0,8813.541227210048,221.91381661420604,0.95,0.0,0.0,0.0,0.0
67,greedy,node-003,2.9017865858126193,0.0,0.0,8813.541227210048,221.91381661420604,0.95,-31.80423781452013,0.0,0.0,0.01190256839385011
67,greedy,node-004,0.0,0.0,0.0,8813.541227210048,221.91381661420604,0.95,0.0,0.0,0.0,0.0
67,greedy,node-005,0.0,0.0,0.0,8813.541227210048,221.91381661420604,0.95,0.0,0.0,0.0,0.0
67,greedy,node-006,0.0,0.0,0.0,8813.541227210048,221.91381661420604,0.95,0.0,0.0,0.0,0.0
67,greedy,node-007,0.0,0.0,0.0,8813.541227210048,221.91381661420604,0.95,0.0,0.0,0.0,0.0
67,greedy,node-008,0.0,0.0,0.0,8813.541227210048,221.91381661420604,0.95,0.0,0.0,0.0,0.0
67,greedy,node-009,0.0,0.0,0.0,8813.541227210048,221.91381661420604,0.95,-41.57655115837765,0.0,0.0,0.0
67,greedy,node-010,0.0,0.0,0.0,8813.541227210048,221.91381661420604,0.95,0.0,0.0,0.0,0.0
67,greedy,node-011,0.0,0.0,0.0,8813.541227210048,221.91381661420604,0.95,0.0,0.0,0.0,0.0
67,greedy,node-012,0.0,0.0,0.0,8813.541227210048,221.91381661420604,0.95,0.0,0.0,0.0,0.0
67,greedy,node-013,0.0,0.0,0.0,8813.541227210048,221.91381661420604,0.95,0.0,0.0,0.0,0.0
67,greedy,node-014,0.0,0.0,0.0,8813.541227210048,221.91381661420604,0.95,0.0,0.0,0.0,0.0
67,greedy,node-015,0.0,0.0,0.0,8813.541227210048,221.91381661420604,0.95,0.0,0.0,0.0,0.0
67,greedy,node-016,0.0,0.0,0.0,8813.541227210048,221.91381661420604,0.95,0.0,0.0,0.0,0.0
67,greedy,node-017,0.0,0.0,0.0,8813.541227210048,221.91381661420604,0.95,0.0,0.0,0.0,0.0
67,greedy,node-018,15.29239928513893,0.0,0.0,8813.541227210048,221.91381661420604,0.95,-48.360849587835915,0.0,0.0,0.06272646971605525
67,greedy,node-019,0.0,0.0,0.0,8813.541227210048,221.91381661420604,0.95,0.0,0.0,0.0,0.0
67,greedy,node-020,0.0,0.0,0.0,8813.541227210048,221.91381661420604,0.95,0.0,0.0,0.0,0.0
67,greedy,node-021,0.0,0.0,0.0,8813.541227210048,221.91381661420604,0.95,0.0,0.0,0.0,0.0
67,greedy,node-022,0.0,0.0,0.0,8813.541227210048,221.91381661420604,0.95,0.0,0.0,0.0,0.0
67,greedy,node-023,0.0,48.80221279540862,146.40663838622586,8813.541227210048,221.91381661420604,0.95,-88.80735650512041,-12.291089185428866,-48.80221279540862,0.0
67,greedy,node-024,0.0,0.0,0.0,8813.541227210048,221.91381661420604,0.95,0.0,0.0,0.0,0.0
67,greedy,node-025,0.0,0.0,0.0,8813.541227210048,221.91381661420604,0.95,0.0,0.0,0.0,0.0
67,greedy,node-026,0.0,0.0,0.0,8813.541227210048,221.91381661420604,0.95,0.0,0.0,0.0,0.0
67,greedy,node-027,5.152901627984452,25.169059409326714,75.50717822798013,8813.541227210048,221.91381661420604,0.95,-69.35547343749609,0.4037655879637221,-25.169059409326714,0.02113620772586583
67,greedy,node-028,0.0,0.0,0.0,8813.541227210048,221.91381661420604,0.95,0.0,0.0,0.0,0.0
67,greedy,node-029,0.0,0.0,0.0,8813.541227210048,221.91381661420604,0.95,0.0,0.0,0.0,0.0
67,trust_vcg,node-000,0.0,0.0,0.0,8868.522005742521,1197.506292327525,1.0,0.0,0.0,0.0,0.0
67,trust_vcg,node-001,0.0,0.0,0.0,8868.522005742521,1197.506292327525,1.0,0.0,0.0,0.0,0.0
67,trust_vcg,node-002,0.0,0.0,0.0,8868.522005742521,1197.506292327525,1.0,0.0,0.0,0.0,0.0
67,trust_vcg,node-003,138.29906808845584,0.0,0.0,8868.522005742521,1197.506292327525,1.0,-5542.861920304792,0.0,0.0,0.5672760790806396
67,trust_vcg,node-004,0.0,0.0,0.0,8868.522005742521,1197.506292327525,1.0,0.0,0.0,0.0,0.0
67,trust_vcg,node-005,0.0,0.0,0.0,8868.522005742521,1197.506292327525,1.0,0.0,0.0,0.0,0.0
67,trust_vcg,node-006,0.0,0.0,0.0,8868.522005742521,1197.506292327525,1.0,0.0,0.0,0.0,0.0
67,trust_vcg,node-007,0.0,0.0,0.0,8868.522005742521,1197.506292327525,1.0,0.0,0.0,0.0,0.0
67,trust_vcg,node-008,0.0,0.0,0.0,8868.522005742521,1197.506292327525,1.0,0.0,0.0,0.0,0.0
67,trust_vcg,node-009,73.50119372189296,0.0,0.0,8868.522005742521,1197.506292327525,1.0,-5541.576551158379,0.0,0.0,0.30148770746331865
67,trust_vcg,node-010,0.0,0.0,0.0,8868.522005742521,1197.506292327525,1.0,0.0,0.0,0.0,0.0
67,trust_vcg,node-011,0.0,0.0,0.0,8868.522005742521,1197.506292327525,1.0,0.0,0.0,0.0,0.0
67,trust_vcg,node-012,0.0,0.0,0.0,8868.522005742521,1197.506292327525,1.0,0.0,0.0,0.0,0.0
67,trust_vcg,node-013,0.0,0.0,0.0,8868.522005742521,1197.506292327525,1.0,0.0,0.0,0.0,0.0
67,trust_vcg,node-014,0.0,0.0,0.0,8868.522005742521,1197.506292327525,1.0,-5571.390561117226,0.0,0.0,0.0
67,trust_vcg,node-015,0.0,0.0,0.0,8868.522005742521,1197.506292327525,1.0,0.0,0.0,0.0,0.0
67,trust_vcg,node-016,243.3523131034625,0.0,0.0,8868.522005742521,1197.506292327525,1.0,-3356.647686896537,0.0,0.0,0.998184209919919
67,trust_vcg,node-017,0.0,0.0,0.0,8868.522005742521,1197.506292327525,1.0,0.0,0.0,0.0,0.0
67,trust_vcg,node-018,285.05978131913713,0.0,0.0,8868.522005742521,1197.506292327525,1.0,-3265.847865478624,0.0,0.0,1.1692601930396
67,trust_vcg,node-019,0.0,0.0,0.0,8868.522005742521,1197.506292327525,1.0,0.0,0.0,0.0,0.0
67,trust_vcg,node-020,0.0,0.0,0.0,8868.522005742521,1197.506292327525,1.0,0.0,0.0,0.0,0.0
67,trust_vcg,node-021,0.0,0.0,0.0,8868.522005742521,1197.506292327525,1.0,-4421.758400643971,0.0,0.0,0.0
67,trust_vcg,node-022,0.0,0.0,0.0,8868.522005742521,1197.506292327525,1.0,0.0,0.0,0.0,0.0
67,trust_vcg,node-023,257.267921340738,762.7346505141178,889.6566680955721,8868.522005742521,1197.506292327525,1.0,-11802.739794223828,84.75442499080259,-762.7346505141178,1.0552633485429999
67,trust_vcg,node-024,0.0,0.0,0.0,8868.522005742521,1197.506292327525,1.0,0.0,0.0,0.0,0.0
67,trust_vcg,node-025,0.0,0.0,0.0,8868.522005742521,1197.506292327525,1.0,0.0,0.0,0.0,0.0
67,trust_vcg,node-026,0.0,0.0,0.0,8868.522005742521,1197.506292327525,1.0,0.0,0.0,0.0,0.0
67,trust_vcg,node-027,0.0,282.1259885048505,307.8496242319527,8868.522005742521,1197.506292327525,1.0,-11222.369361025336,-465.7118179833315,-282.1259885048505,0.0
67,trust_vcg,node-028,0.0,0.0,0.0,8868.522005742521,1197.506292327525,1.0,0.0,0.0,0.0,0.0
67,trust_vcg,node-029,0.0,0.0,0.0,8868.522005742521,1197.506292327525,1.0,0.0,0.0,0.0,0.0
67,contingent,node-000,0.0,0.0,0.0,8868.522005742521,228.96847996283495,1.0,0.0,0.0,0.0,0.0
67,contingent,node-001,0.0,0.0,0.0,8868.522005742521,228.96847996283495,1.0,0.0,0.0,0.0,0.0
67,contingent,node-002,0.0,0.0,0.0,8868.522005742521,228.96847996283495,1.0,0.0,0.0,0.0,0.0
67,contingent,node-003,38.29906808845582,0.0,0.0,8868.522005742521,228.96847996283495,1.0,-171.4476812191722,0.0,0.0,0.15709538377919988
67,contingent,node-004,0.0,0.0,0.0,8868.522005742521,228.96847996283495,1.0,0.0,0.0,0.0,0.0
67,contingent,node-005,0.0,0.0,0.0,8868.522005742521,228.96847996283495,1.0,0.0,0.0,0.0,0.0
67,contingent,node-006,0.0,0.0,0.0,8868.522005742521,228.96847996283495,1.0,0.0,0.0,0.0,0.0
67,contingent,node-007,0.0,0.0,0.0,8868.522005742521,228.96847996283495,1.0,0.0,0.0,0.0,0.0
67,contingent,node-008,0.0,0.0,0.0,8868.522005742521,228.96847996283495,1.0,0.0,0.0,0.0,0.0
67,contingent,node-009,23.501193721892953,0.0,0.0,8868.522005742521,228.96847996283495,1.0,-166.3062046335106,0.0,0.0,0.0963973598125988
67,contingent,node-010,0.0,0.0,0.0,8868.522005742521,228.96847996283495,1.0,0.0,0.0,0.0,0.0
67,contingent,node-011,0.0,0.0,0.0,8868.522005742521,228.96847996283495,1.0,0.0,0.0,0.0,0.0
67,contingent,node-012,0.0,0.0,0.0,8868.522005742521,228.96847996283495,1.0,0.0,0.0,0.0,0.0
67,contingent,node-013,0.0,0.0,0.0,8868.522005742521,228.96847996283495,1.0,0.0,0.0,0.0,0.0
67,contingent,node-014,0.0,0.0,0.0,8868.522005742521,228.96847996283495,1.0,-285.56224446890377,0.0,0.0,0.0
67,contingent,node-015,0.0,0.0,0.0,8868.522005742521,228.96847996283495,1.0,0.0,0.0,0.0,0.0
67,contingent,node-016,0.0,0.0,0.0,8868.522005742521,228.96847996283495,1.0,-226.59074758615,0.0,0.0,0.0
67,contingent,node-017,0.0,0.0,0.0,8868.522005742521,228.96847996283495,1.0,0.0,0.0,0.0,0.0
67,contingent,node-018,0.0,0.0,0.0,8868.522005742521,228.96847996283495,1.0,-55.74410948522914,0.0,0.0,0.0
67,contingent,node-019,0.0,0.0,0.0,8868.522005742521,228.96847996283495,1.0,0.0,0.0,0.0,0.0
67,contingent,node-020,0.0,0.0,0.0,8868.522005742521,228.96847996283495,1.0,0.0,0.0,0.0,0.0
67,contingent,node-021,0.0,0.0,0.0,8868.522005742521,228.96847996283495,1.0,-87.03360257588596,0.0,0.0,0.0
67,contingent,node-022,0.0,0.0,0.0,8868.522005742521,228.96847996283495,1.0,0.0,0.0,0.0,0.0
67,contingent,node-023,145.17398326629987,63.46100879072721,190.38302637218166,8868.522005742521,228.96847996283495,1.0,-223.48158362957435,-15.141809541110412,-63.46100879072721,0.5954756539585044
67,contingent,node-024,0.0,0.0,0.0,8868.522005742521,228.96847996283495,1.0,0.0,0.0,0.0,0.0
67,contingent,node-025,0.0,0.0,0.0,8868.522005742521,228.96847996283495,1.0,0.0,0.0,0.0,0.0
67,contingent,node-026,0.0,0.0,0.0,8868.522005742521,228.96847996283495,1.0,0.0,0.0,0.0,0.0
67,contingent,node-027,26.74957936566229,12.861817863551092,38.58545359065327,8868.522005742521,228.96847996283495,1.0,-189.6074739762286,-6.76487764242002,-12.861817863551092,0.10972161063228401
67,contingent,node-028,0.0,0.0,0.0,8868.522005742521,228.96847996283495,1.0,0.0,0.0,0.0,0.0
67,contingent,node-029,0.0,0.0,0.0,8868.522005742521,228.96847996283495,1.0,0.0,0.0,0.0,0.0
67,capped,node-000,0.0,0.0,0.0,8868.522005742521,228.96847996283495,1.0,0.0,0.0,0.0,0.0
67,capped,node-001,0.0,0.0,0.0,8868.522005742521,228.96847996283495,1.0,0.0,0.0,0.0,0.0
67,capped,node-002,0.0,0.0,0.0,8868.522005742521,228.96847996283495,1.0,0.0,0.0,0.0,0.0
67,capped,node-003,40.162893936681485,0.0,0.0,8868.522005742521,228.96847996283495,1.0,-42.86192030479305,0.0,0.0,0.16474043760265986
67,capped,node-004,0.0,0.0,0.0,8868.522005742521,228.96847996283495,1.0,0.0,0.0,0.0,0.0
67,capped,node-005,0.0,0.0,0.0,8868.522005742521,228.96847996283495,1.0,0.0,0.0,0.0,0.0
67,capped,node-006,0.0,0.0,0.0,8868.522005742521,228.96847996283495,1.0,0.0,0.0,0.0,0.0
67,capped,node-007,0.0,0.0,0.0,8868.522005742521,228.96847996283495,1.0,0.0,0.0,0.0,0.0
67,capped,node-008,0.0,0.0,0.0,8868.522005742521,228.96847996283495,1.0,0.0,0.0,0.0,0.0
67,capped,node-009,43.15856255095342,0.0,0.0,8868.522005742521,228.96847996283495,1.0,-41.57655115837765,0.0,0.0,0.1770280919536075
67,capped,node-010,0.0,0.0,0.0,8868.522005742521,228.96847996283495,1.0,0.0,0.0,0.0,0.0
67,capped,node-011,0.0,0.0,0.0,8868.522005742521,228.96847996283495,1.0,0.0,0.0,0.0,0.0
67,capped,node-012,0.0,0.0,0.0,8868.522005742521,228.96847996283495,1.0,0.0,0.0,0.0,0.0
67,capped,node-013,0.0,0.0,0.0,8868.522005742521,228.96847996283495,1.0,0.0,0.0,0.0,0.0
67,capped,node-014,0.0,0.0,0.0,8868.522005742521,228.96847996283495,1.0,-71.39056111722594,0.0,0.0,0.0
67,capped,node-015,0.0,0.0,0.0,8868.522005742521,228.96847996283495,1.0,0.0,0.0,0.0,0.0
67,capped,node-016,0.0,0.0,0.0,8868.522005742521,228.96847996283495,1.0,-56.6476868965375,0.0,0.0,0.0
67,capped,node-017,0.0,0.0,0.0,8868.522005742521,228.96847996283495,1.0,0.0,0.0,0.0,0.0
67,capped,node-018,0.0,0.0,0.0,8868.522005742521,228.96847996283495,1.0,-13.936027371307288,0.0,0.0,0.0
67,capped,node-019,0.0,0.0,0.0,8868.522005742521,228.96847996283495,1.0,0.0,0.0,0.0,0.0
67,capped,node-020,0.0,0.0,0.0,8868.522005742521,228.96847996283495,1.0,0.0,0.0,0.0,0.0
67,capped,node-021,0.0,0.0,0.0,8868.522005742521,228.96847996283495,1.0,-21.75840064397149,0.0,0.0,0.0
67,capped,node-022,0.0,0.0,0.0,8868.522005742521,228.96847996283495,1.0,0.0,0.0,0.0,0.0
67,capped,node-023,145.17398326629987,63.46100879072721,190.38302637218166,8868.522005742521,228.96847996283495,1.0,-103.466152500439,-15.141809541110412,-63.46100879072721,0.5954756539585044
67,capped,node-024,0.0,0.0,0.0,8868.522005742521,228.96847996283495,1.0,0.0,0.0,0.0,0.0
67,capped,node-025,0.0,0.0,0.0,8868.522005742521,228.96847996283495,1.0,0.0,0.0,0.0,0.0
67,capped,node-026,0.0,0.0,0.0,8868.522005742521,228.96847996283495,1.0,0.0,0.0,0.0,0.0
67,capped,node-027,36.80265302198461,12.861817863551092,38.58545359065327,8868.522005742521,228.96847996283495,1.0,-57.04823189172046,-0.7330334486266246,-12.861817863551092,0.15095737805495277
67,capped,node-028,0.0,0.0,0.0,8868.522005742521,228.96847996283495,1.0,0.0,0.0,0.0,0.0
67,capped,node-029,0.0,0.0,0.0,8868.522005742521,228.96847996283495,1.0,0.0,0.0,0.0,0.0
67,proper_scoring,node-000,0.0,0.0,0.0,8868.522005742521,1197.506292327525,1.0,0.0,0.0,0.0,0.0
67,proper_scoring,node-001,0.0,0.0,0.0,8868.522005742521,1197.506292327525,1.0,0.0,0.0,0.0,0.0
67,proper_scoring,node-002,0.0,0.0,0.0,8868.522005742521,1197.506292327525,1.0,0.0,0.0,0.0,0.0
67,proper_scoring,node-003,333.00362074361306,0.0,0.0,8868.522005742521,1197.506292327525,1.0,-171.4476812191722,0.0,0.0,1.3659165669451212
67,proper_scoring,node-004,0.0,0.0,0.0,8868.522005742521,1197.506292327525,1.0,0.0,0.0,0.0,0.0
67,proper_scoring,node-005,0.0,0.0,0.0,8868.522005742521,1197.506292327525,1.0,0.0,0.0,0.0,0.0
67,proper_scoring,node-006,0.0,0.0,0.0,8868.522005742521,1197.506292327525,1.0,0.0,0.0,0.0,0.0
67,proper_scoring,node-007,0.0,0.0,0.0,8868.522005742521,1197.506292327525,1.0,0.0,0.0,0.0,0.0
67,proper_scoring,node-008,0.0,0.0,0.0,8868.522005742521,1197.506292327525,1.0,0.0,0.0,0.0,0.0
67,proper_scoring,node-009,330.6137954948701,0.0,0.0,8868.522005742521,1197.506292327525,1.0,-166.3062046335106,0.0,0.0,1.356113965123338
67,proper_scoring,node-010,0.0,0.0,0.0,8868.522005742521,1197.506292327525,1.0,0.0,0.0,0.0,0.0
67,proper_scoring,node-011,0.0,0.0,0.0,8868.522005742521,1197.506292327525,1.0,0.0,0.0,0.0,0.0
67,proper_scoring,node-012,0.0,0.0,0.0,8868.522005742521,1197.506292327525,1.0,0.0,0.0,0.0,0.0
67,proper_scoring,node-013,0.0,0.0,0.0,8868.522005742521,1197.506292327525,1.0,0.0,0.0,0.0,0.0
67,proper_scoring,node-014,345.44916797087785,0.0,0.0,8868.522005742521,1197.506292327525,1.0,-285.56224446890377,0.0,0.0,1.416965799095985
67,proper_scoring,node-015,0.0,0.0,0.0,8868.522005742521,1197.506292327525,1.0,0.0,0.0,0.0,0.0
67,proper_scoring,node-016,243.3523131034625,0.0,0.0,8868.522005742521,1197.506292327525,1.0,-226.59074758615,0.0,0.0,0.998184209919919
67,proper_scoring,node-017,0.0,0.0,0.0,8868.522005742521,1197.506292327525,1.0,0.0,0.0,0.0,0.0
67,proper_scoring,node-018,285.05978131913713,0.0,0.0,8868.522005742521,1197.506292327525,1.0,-55.74410948522914,0.0,0.0,1.1692601930396
67,proper_scoring,node-019,0.0,0.0,0.0,8868.522005742521,1197.506292327525,1.0,0.0,0.0,0.0,0.0
67,proper_scoring,node-020,0.0,0.0,0.0,8868.522005742521,1197.506292327525,1.0,0.0,0.0,0.0,0.0
67,proper_scoring,node-021,320.67459269887223,0.0,0.0,8868.522005742521,1197.506292327525,1.0,-87.03360257588596,0.0,0.0,1.3153452739872937
67,proper_scoring,node-022,0.0,0.0,0.0,8868.522005742521,1197.506292327525,1.0,0.0,0.0,0.0,0.0
67,proper_scoring,node-023,257.267921340738,762.7346505141178,889.6566680955721,8868.522005742521,1197.506292327525,1.0,-922.7552253529649,84.75442499080259,-762.7346505141178,1.0552633485429999
67,proper_scoring,node-024,0.0,0.0,0.0,8868.522005742521,1197.506292327525,1.0,0.0,0.0,0.0,0.0
67,proper_scoring,node-025,0.0,0.0,0.0,8868.522005742521,1197.506292327525,1.0,0.0,0.0,0.0,0.0
67,proper_scoring,node-026,0.0,0.0,0.0,8868.522005742521,1197.506292327525,1.0,0.0,0.0,0.0,0.0
67,proper_scoring,node-027,552.4386271733177,282.1259885048505,307.8496242319527,8868.522005742521,1197.506292327525,1.0,-458.871644617528,38.11248413112986,-282.1259885048505,2.2659966020532427
67,proper_scoring,node-028,0.0,0.0,0.0,8868.522005742521,1197.506292327525,1.0,0.0,0.0,0.0,0.0
67,proper_scoring,node-029,0.0,0.0,0.0,8868.522005742521,1197.506292327525,1.0,0.0,0.0,0.0,0.0
67,audits,node-000,0.0,0.0,0.0,8868.522005742521,1197.506292327525,1.0,0.0,0.0,0.0,0.0
67,audits,node-001,0.0,0.0,0.0,8868.522005742521,1197.506292327525,1.0,0.0,0.0,0.0,0.0
67,audits,node-002,0.0,0.0,0.0,8868.522005742521,1197.506292327525,1.0,0.0,0.0,0.0,0.0
67,audits,node-003,257.1380796952069,0.0,0.0,8868.522005742521,1197.506292327525,1.0,-542.861920304793,0.0,0.0,1.0547307631785696
67,audits,node-004,0.0,0.0,0.0,8868.522005742521,1197.506292327525,1.0,0.0,0.0,0.0,0.0
67,audits,node-005,0.0,0.0,0.0,8868.522005742521,1197.506292327525,1.0,0.0,0.0,0.0,0.0
67,audits,node-006,0.0,0.0,0.0,8868.522005742521,1197.506292327525,1.0,0.0,0.0,0.0,0.0
67,audits,node-007,0.0,0.0,0.0,8868.522005742521,1197.506292327525,1.0,0.0,0.0,0.0,0.0
67,audits,node-008,0.0,0.0,0.0,8868.522005742521,1197.506292327525,1.0,0.0,0.0,0.0,0.0
67,audits,node-009,258.42344884162236,0.0,0.0,8868.522005742521,1197.506292327525,1.0,-541.5765511583776,0.0,0.0,1.0600030992805267
67,audits,node-010,0.0,0.0,0.0,8868.522005742521,1197.506292327525,1.0,0.0,0.0,0.0,0.0
67,audits,node-011,0.0,0.0,0.0,8868.522005742521,1197.506292327525,1.0,0.0,0.0,0.0,0.0
67,audits,node-012,0.0,0.0,0.0,8868.522005742521,1197.506292327525,1.0,0.0,0.0,0.0,0.0
67,audits,node-013,0.0,0.0,0.0,8868.522005742521,1197.506292327525,1.0,0.0,0.0,0.0,0.0
67,audits,node-014,328.6094388827741,0.0,0.0,8868.522005742521,1197.506292327525,1.0,-571.3905611172258,0.0,0.0,1.3478924812355222
67,audits,node-015,0.0,0.0,0.0,8868.522005742521,1197.506292327525,1.0,0.0,0.0,0.0,0.0
67,audits,node-016,243.3523131034625,0.0,0.0,8868.522005742521,1197.506292327525,1.0,-356.6476868965375,0.0,0.0,0.998184209919919
67,audits,node-017,0.0,0.0,0.0,8868.522005742521,1197.506292327525,1.0,0.0,0.0,0.0,0.0
67,audits,node-018,285.05978131913713,0.0,0.0,8868.522005742521,1197.506292327525,1.0,-265.8478654786237,0.0,0.0,1.1692601930396
67,audits,node-019,0.0,0.0,0.0,8868.522005742521,1197.506292327525,1.0,0.0,0.0,0.0,0.0
67,audits,node-020,0.0,0.0,0.0,8868.522005742521,1197.506292327525,1.0,0.0,0.0,0.0,0.0
67,audits,node-021,278.2415993560285,0.0,0.0,8868.522005742521,1197.506292327525,1.0,-421.7584006439715,0.0,0.0,1.1412933268564036
67,audits,node-022,0.0,0.0,0.0,8868.522005742521,1197.506292327525,1.0,0.0,0.0,0.0,0.0
67,audits,node-023,257.267921340738,762.7346505141178,889.6566680955721,8868.522005742521,1197.506292327525,1.0,-2302.7397942238294,84.75442499080259,-762.7346505141178,1.0552633485429999
67,audits,node-024,0.0,0.0,0.0,8868.522005742521,1197.506292327525,1.0,0.0,0.0,0.0,0.0
67,audits,node-025,0.0,0.0,0.0,8868.522005742521,1197.506292327525,1.0,0.0,0.0,0.0,0.0
67,audits,node-026,0.0,0.0,0.0,8868.522005742521,1197.506292327525,1.0,0.0,0.0,0.0,0.0
67,audits,node-027,482.8337844471499,282.1259885048505,307.8496242319527,8868.522005742521,1197.506292327525,1.0,-1722.3693610253351,34.28818201666843,-282.1259885048505,1.980490974195574
67,audits,node-028,0.0,0.0,0.0,8868.522005742521,1197.506292327525,1.0,0.0,0.0,0.0,0.0
67,audits,node-029,0.0,0.0,0.0,8868.522005742521,1197.506292327525,1.0,0.0,0.0,0.0,0.0
66,greedy,node-000,0.0,0.0,0.0,8876.676032218023,216.73744024958307,1.0,0.0,0.0,0.0,0.0
66,greedy,node-001,0.0,0.0,0.0,8876.676032218023,216.73744024958307,1.0,0.0,0.0,0.0,0.0
66,greedy,node-002,0.0,0.0,0.0,8876.676032218023,216.73744024958307,1.0,0.0,0.0,0.0,0.0
66,greedy,node-003,0.0,0.0,0.0,8876.676032218023,216.73744024958307,1.0,-50.47574614648409,0.0,0.0,0.0
66,greedy,node-004,0.0,0.0,0.0,8876.676032218023,216.73744024958307,1.0,-37.54371392918116,0.0,0.0,0.0
66,greedy,node-005,0.0,0.0,0.0,8876.676032218023,216.73744024958307,1.0,0.0,0.0,0.0,0.0
66,greedy,node-006,0.0,0.0,0.0,8876.676032218023,216.73744024958307,1.0,0.0,0.0,0.0,0.0
66,greedy,node-007,0.0,0.0,0.0,8876.676032218023,216.73744024958307,1.0,0.0,0.0,0.0,0.0
66,greedy,node-008,0.0,0.0,0.0,8876.676032218023,216.73744024958307,1.0,-17.974703823994815,0.0,0.0,0.0
66,greedy,node-009,0.0,0.0,0.0,8876.676032218023,216.73744024958307,1.0,0.0,0.0,0.0,0.0
66,greedy,node-010,0.0,0.0,0.0,8876.676032218023,216.73744024958307,1.0,0.0,0.0,0.0,0.0
66,greedy,node-011,19.164416750959987,45.60806883471007,136.82420650413025,8876.676032218023,216.73744024958307,1.0,-84.77423080875194,-9.723711491590826,-45.60806883471007,0.07860873787955325
66,greedy,node-012,0.0,0.0,0.0,8876.676032218023,216.73744024958307,1.0,0.0,0.0,0.0,0.0
66,greedy,node-013,0.0,0.0,0.0,8876.676032218023,216.73744024958307,1.0,0.0,0.0,0.0,0.0
66,greedy,node-014,0.0,0.0,0.0,8876.676032218023,216.73744024958307,1.0,0.0,0.0,0.0,0.0
66,greedy,node-015,0.0,0.0,0.0,8876.676032218023,216.73744024958307,1.0,0.0,0.0,0.0,0.0
66,greedy,node-016,0.0,0.0,0.0,8876.676032218023,216.73744024958307,1.0,-48.991814066918835,0.0,0.0,0.0
66,greedy,node-017,0.0,0.0,0.0,8876.676032218023,216.73744024958307,1.0,0.0,0.0,0.0,0.0
66,greedy,node-018,0.0,0.0,0.0,8876.676032218023,216.73744024958307,1.0,0.0,0.0,0.0,0.0
66,greedy,node-019,0.0,0.0,0.0,8876.676032218023,216.73744024958307,1.0,0.0,0.0,0.0,0.0
66,greedy,node-020,0.0,0.0,0.0,8876.676032218023,216.73744024958307,1.0,0.0,0.0,0.0,0.0
66,greedy,node-021,0.7417947874434123,0.0,0.0,8876.676032218023,216.73744024958307,1.0,-16.898331843301285,0.0,0.0,0.003042699016845225
66,greedy,node-022,0.0,26.63774458181761,79.91323374545283,8876.676032218023,216.73744024958307,1.0,-74.80368172296564,-7.991323374545278,-26.63774458181761,0.0
66,greedy,node-023,0.0,0.0,0.0,8876.676032218023,216.73744024958307,1.0,0.0,0.0,0.0,0.0
66,greedy,node-024,0.0,0.0,0.0,8876.676032218023,216.73744024958307,1.0,0.0,0.0,0.0,0.0
66,greedy,node-025,0.0,0.0,0.0,8876.676032218023,216.73744024958307,1.0,0.0,0.0,0.0,0.0
66,greedy,node-026,0.0,0.0,0.0,8876.676032218023,216.73744024958307,1.0,0.0,0.0,0.0,0.0
66,greedy,node-027,0.0,0.0,0.0,8876.676032218023,216.73744024958307,1.0,0.0,0.0,0.0,0.0
66,greedy,node-028,0.0,0.0,0.0,8876.676032218023,216.73744024958307,1.0,0.0,0.0,0.0,0.0
66,greedy,node-029,0.0,0.0,0.0,8876.676032218023,216.73744024958307,1.0,-17.893342347859438,0.0,0.0,0.0
66,trust_vcg,node-000,94.94462975974568,0.0,0.0,8871.869939831084,1217.3000385826695,1.0,-1705.055370240254,0.0,0.0,0.38944454249990246
66,trust_vcg,node-001,0.0,0.0,0.0,8871.869939831084,1217.3000385826695,1.0,0.0,0.0,60.67626400053628,0.0
66,trust_vcg,node-002,0.0,0.0,0.0,8871.869939831084,1217.3000385826695,1.0,0.0,0.0,60.67626400053628,0.0
66,trust_vcg,node-003,587.4114188942142,0.0,0.0,8871.869939831084,1217.3000385826695,1.0,-11058.940862584142,0.0,60.67626400053628,2.40944824230034
66,trust_vcg,node-004,154.14902584061454,0.0,0.0,8871.869939831084,1217.3000385826695,1.0,-5448.214504936729,0.0,60.67626400053628,0.6322895459934286
66,trust_vcg,node-005,0.0,0.0,0.0,8871.869939831084,1217.3000385826695,1.0,0.0,0.0,60.67626400053628,0.0
66,trust_vcg,node-006,0.0,0.0,0.0,8871.869939831084,1217.3000385826695,1.0,0.0,0.0,60.67626400053628,0.0
66,trust_vcg,node-007,0.0,0.0,0.0,8871.869939831084,1217.3000385826695,1.0,-2265.0423841005054,0.0,60.67626400053628,0.0
66,trust_vcg,node-008,0.0,0.0,0.0,8871.869939831084,1217.3000385826695,1.0,-11120.10467001372,0.0,60.67626400053628,0.0
66,trust_vcg,node-009,0.0,0.0,0.0,8871.869939831084,1217.3000385826695,1.0,0.0,0.0,60.67626400053628,0.0
66,trust_vcg,node-010,0.0,0.0,0.0,8871.869939831084,1217.3000385826695,1.0,0.0,0.0,60.67626400053628,0.0
66,trust_vcg,node-011,461.965197920029,678.2157012970446,744.8865078101323,8871.869939831084,1217.3000385826695,1.0,-11717.381863271086,42.179767750070596,-617.5394372965083,1.894892060879047
66,trust_vcg,node-012,0.0,0.0,0.0,8871.869939831084,1217.3000385826695,1.0,0.0,0.0,60.67626400053628,0.0
66,trust_vcg,node-013,0.0,0.0,0.0,8871.869939831084,1217.3000385826695,1.0,0.0,0.0,60.67626400053628,0.0
66,trust_vcg,node-014,0.0,0.0,0.0,8871.869939831084,1217.3000385826695,1.0,0.0,0.0,60.67626400053628,0.0
66,trust_vcg,node-015,0.0,0.0,0.0,8871.869939831084,1217.3000385826695,1.0,0.0,0.0,60.67626400053628,0.0
66,trust_vcg,node-016,0.0,0.0,0.0,8871.869939831084,1217.3000385826695,1.0,-10981.10801261194,0.0,60.67626400053628,0.0
66,trust_vcg,node-017,0.0,0.0,0.0,8871.869939831084,1217.3000385826695,1.0,-5047.0720327274485,0.0,60.67626400053628,0.0
66,trust_vcg,node-018,0.0,0.0,0.0,8871.869939831084,1217.3000385826695,1.0,0.0,0.0,60.67626400053628,0.0
66,trust_vcg,node-019,0.0,0.0,0.0,8871.869939831084,1217.3000385826695,1.0,0.0,0.0,60.67626400053628,0.0
66,trust_vcg,node-020,0.0,0.0,0.0,8871.869939831084,1217.3000385826695,1.0,0.0,0.0,60.67626400053628,0.0
66,trust_vcg,node-021,0.0,0.0,0.0,8871.869939831084,1217.3000385826695,1.0,-3838.6122127343688,0.0,60.67626400053628,0.0
66,trust_vcg,node-022,165.14608201075572,389.7866180656309,472.41353077253723,8871.869939831084,1217.3000385826695,1.0,-5917.252968103823,93.58256240482461,-257.817123688984,0.6773973474548036
66,trust_vcg,node-023,30.236213352454925,0.0,0.0,8871.869939831084,1217.3000385826695,1.0,-566.9794075655982,0.0,60.67626400053628,0.12402311016192635
66,trust_vcg,node-024,58.44782969759943,0.0,0.0,8871.869939831084,1217.3000385826695,1.0,-1141.5521703024006,0.0,60.67626400053628,0.2397417142422147
66,trust_vcg,node-025,0.0,0.0,0.0,8871.869939831084,1217.3000385826695,1.0,-3275.3545308938906,0.0,60.67626400053628,0.0
66,trust_vcg,node-026,0.0,0.0,0.0,8871.869939831084,1217.3000385826695,1.0,0.0,0.0,60.67626400053628,0.0
66,trust_vcg,node-027,326.23165412500356,0.0,0.0,8871.869939831084,1217.3000385826695,1.0,-5571.808066015967,0.0,60.67626400053628,1.3381392671833274
66,trust_vcg,node-028,0.0,0.0,0.0,8871.869939831084,1217.3000385826695,1.0,-560.9478421918387,0.0,60.67626400053628,0.0
66,trust_vcg,node-029,43.26192268873381,0.0,0.0,8871.869939831084,1217.3000385826695,1.0,-9868.643011222974,0.0,60.67626400053628,0.17745205528541963
66,contingent,node-000,0.0,0.0,0.0,8871.869939831084,223.94657882999078,1.0,-220.22148096101728,0.0,0.0,0.0
66,contingent,node-001,0.0,0.0,0.0,8871.869939831084,223.94657882999078,1.0,0.0,0.0,-39.31562250524912,0.0
66,contingent,node-002,0.0,0.0,0.0,8871.869939831084,223.94657882999078,1.0,0.0,0.0,-39.31562250524912,0.0
66,contingent,node-003,137.4114188942141,0.0,0.0,8871.869939831084,223.94657882999078,1.0,-235.76345033656736,0.0,-39.31562250524912,0.5636351134438613
66,contingent,node-004,4.775827141133172,0.0,0.0,8871.869939831084,223.94657882999078,1.0,-150.17485571672464,0.0,-39.31562250524912,0.019589520973894915
66,contingent,node-005,0.0,0.0,0.0,8871.869939831084,223.94657882999078,1.0,0.0,0.0,-39.31562250524912,0.0
66,contingent,node-006,0.0,0.0,0.0,8871.869939831084,223.94657882999078,1.0,0.0,0.0,-39.31562250524912,0.0
66,contingent,node-007,0.0,0.0,0.0,8871.869939831084,223.94657882999078,1.0,-260.16953640202274,0.0,-39.31562250524912,0.0
66,contingent,node-008,0.0,0.0,0.0,8871.869939831084,223.94657882999078,1.0,-480.4186800548847,0.0,-39.31562250524912,0.0
66,contingent,node-009,0.0,0.0,0.0,8871.869939831084,223.94657882999078,1.0,0.0,0.0,-39.31562250524912,0.0
66,contingent,node-010,0.0,0.0,0.0,8871.869939831084,223.94657882999078,1.0,0.0,0.0,-39.31562250524912,0.0
66,contingent,node-011,185.96402087275212,33.33540325654377,100.0062097696313,8871.869939831084,223.94657882999078,1.0,-190.00005115271125,-7.426409022275749,-72.65102576179288,0.762788513826369
66,contingent,node-012,0.0,0.0,0.0,8871.869939831084,223.94657882999078,1.0,0.0,0.0,-39.31562250524912,0.0
66,contingent,node-013,0.0,0.0,0.0,8871.869939831084,223.94657882999078,1.0,0.0,0.0,-39.31562250524912,0.0
66,contingent,node-014,0.0,0.0,0.0,8871.869939831084,223.94657882999078,1.0,0.0,0.0,-39.31562250524912,0.0
66,contingent,node-015,0.0,0.0,0.0,8871.869939831084,223.94657882999078,1.0,0.0,0.0,-39.31562250524912,0.0
66,contingent,node-016,35.89520318048558,0.0,0.0,8871.869939831084,223.94657882999078,1.0,-228.42045237434624,0.0,-39.31562250524912,0.14723519398558024
66,contingent,node-017,0.0,0.0,0.0,8871.869939831084,223.94657882999078,1.0,-388.2881309097911,0.0,-39.31562250524912,0.0
66,contingent,node-018,0.0,0.0,0.0,8871.869939831084,223.94657882999078,1.0,0.0,0.0,-39.31562250524912,0.0
66,contingent,node-019,0.0,0.0,0.0,8871.869939831084,223.94657882999078,1.0,0.0,0.0,-39.31562250524912,0.0
66,contingent,node-020,0.0,0.0,0.0,8871.869939831084,223.94657882999078,1.0,0.0,0.0,-39.31562250524912,0.0
66,contingent,node-021,0.0,0.0,0.0,8871.869939831084,223.94657882999078,1.0,-119.15405684559694,0.0,-39.31562250524912,0.0
66,contingent,node-022,105.08741575549925,41.31345635345315,123.94036906035944,8871.869939831084,223.94657882999078,1.0,-151.17885650622642,-5.981198084369048,-109.32773498837703,0.4310482926202215
66,contingent,node-023,0.0,0.0,0.0,8871.869939831084,223.94657882999078,1.0,-78.97761892146045,0.0,-39.31562250524912,0.0
66,contingent,node-024,0.0,0.0,0.0,8871.869939831084,223.94657882999078,1.0,-166.20868120960228,0.0,-39.31562250524912,0.0
66,contingent,node-025,0.0,0.0,0.0,8871.869939831084,223.94657882999078,1.0,-102.23510393023068,0.0,-39.31562250524912,0.0
66,contingent,node-026,0.0,0.0,0.0,8871.869939831084,223.94657882999078,1.0,0.0,0.0,-39.31562250524912,0.0
66,contingent,node-027,26.23165412500352,0.0,0.0,8871.869939831084,223.94657882999078,1.0,-287.2322640638679,0.0,-39.31562250524912,0.10759718127900822
66,contingent,node-028,0.0,0.0,0.0,8871.869939831084,223.94657882999078,1.0,-63.49624380049916,0.0,-39.31562250524912,0.0
66,contingent,node-029,0.0,0.0,0.0,8871.869939831084,223.94657882999078,1.0,-244.77822994325982,0.0,-39.31562250524912,0.0
66,capped,node-000,0.0,0.0,0.0,8871.869939831084,223.94657882999078,1.0,-55.05537024025433,0.0,0.0,0.0
66,capped,node-001,0.0,0.0,0.0,8871.869939831084,223.94657882999078,1.0,0.0,0.0,-39.31562250524912,0.0
66,capped,node-002,0.0,0.0,0.0,8871.869939831084,223.94657882999078,1.0,0.0,0.0,-39.31562250524912,0.0
66,capped,node-003,137.4114188942141,0.0,0.0,8871.869939831084,223.94657882999078,1.0,-58.94086258414185,0.0,-39.31562250524912,0.5636351134438613
66,capped,node-004,4.775827141133172,0.0,0.0,8871.869939831084,223.94657882999078,1.0,-37.54371392918116,0.0,-39.31562250524912,0.019589520973894915
66,capped,node-005,0.0,0.0,0.0,8871.869939831084,223.94657882999078,1.0,0.0,0.0,-39.31562250524912,0.0
66,capped,node-006,0.0,0.0,0.0,8871.869939831084,223.94657882999078,1.0,0.0,0.0,-39.31562250524912,0.0
66,capped,node-007,0.0,0.0,0.0,8871.869939831084,223.94657882999078,1.0,-65.04238410050569,0.0,-39.31562250524912,0.0
66,capped,node-008,0.0,0.0,0.0,8871.869939831084,223.94657882999078,1.0,-120.10467001372115,0.0,-39.31562250524912,0.0
66,capped,node-009,0.0,0.0,0.0,8871.869939831084,223.94657882999078,1.0,0.0,0.0,-39.31562250524912,0.0
66,capped,node-010,0.0,0.0,0.0,8871.869939831084,223.94657882999078,1.0,0.0,0.0,-39.31562250524912,0.0
66,capped,node-011,185.96402087275212,33.33540325654377,100.0062097696313,8871.869939831084,223.94657882999078,1.0,-72.50156523058564,-7.426409022275749,-72.65102576179288,0.762788513826369
66,capped,node-012,0.0,0.0,0.0,8871.869939831084,223.94657882999078,1.0,0.0,0.0,-39.31562250524912,0.0
66,capped,node-013,0.0,0.0,0.0,8871.869939831084,223.94657882999078,1.0,0.0,0.0,-39.31562250524912,0.0
66,capped,node-014,0.0,0.0,0.0,8871.869939831084,223.94657882999078,1.0,0.0,0.0,-39.31562250524912,0.0
66,capped,node-015,0.0,0.0,0.0,8871.869939831084,223.94657882999078,1.0,0.0,0.0,-39.31562250524912,0.0
66,capped,node-016,80.15726923667786,0.0,0.0,8871.869939831084,223.94657882999078,1.0,-57.10511309358656,0.0,-39.31562250524912,0.32878964428965224
66,capped,node-017,0.0,0.0,0.0,8871.869939831084,223.94657882999078,1.0,-97.07203272744778,0.0,-39.31562250524912,0.0
66,capped,node-018,0.0,0.0,0.0,8871.869939831084,223.94657882999078,1.0,0.0,0.0,-39.31562250524912,0.0
66,capped,node-019,0.0,0.0,0.0,8871.869939831084,223.94657882999078,1.0,0.0,0.0,-39.31562250524912,0.0
66,capped,node-020,0.0,0.0,0.0,8871.869939831084,223.94657882999078,1.0,0.0,0.0,-39.31562250524912,0.0
66,capped,node-021,0.0,0.0,0.0,8871.869939831084,223.94657882999078,1.0,-29.78851421139923,0.0,-39.31562250524912,0.0
66,capped,node-022,105.08741575549925,41.31345635345315,123.94036906035944,8871.869939831084,223.94657882999078,1.0,-68.77980639164647,-5.981198084369048,-109.32773498837703,0.4310482926202215
66,capped,node-023,0.0,0.0,0.0,8871.869939831084,223.94657882999078,1.0,-19.744404730365112,0.0,-39.31562250524912,0.0
66,capped,node-024,0.0,0.0,0.0,8871.869939831084,223.94657882999078,1.0,-41.55217030240057,0.0,-39.31562250524912,0.0
66,capped,node-025,0.0,0.0,0.0,8871.869939831084,223.94657882999078,1.0,-25.55877598255767,0.0,-39.31562250524912,0.0
66,capped,node-026,0.0,0.0,0.0,8871.869939831084,223.94657882999078,1.0,0.0,0.0,-39.31562250524912,0.0
66,capped,node-027,26.23165412500352,0.0,0.0,8871.869939831084,223.94657882999078,1.0,-71.80806601596697,0.0,-39.31562250524912,0.10759718127900822
66,capped,node-028,0.0,0.0,0.0,8871.869939831084,223.94657882999078,1.0,-15.874060950124786,0.0,-39.31562250524912,0.0
66,capped,node-029,8.946671173929722,0.0,0.0,8871.869939831084,223.94657882999078,1.0,-61.19455748581495,0.0,-39.31562250524912,0.03669751802755841
66,proper_scoring,node-000,94.94462975974568,0.0,0.0,8871.869939831084,1217.3000385826695,1.0,-202.27461344526995,0.0,0.0,0.38944454249990246
66,proper_scoring,node-001,0.0,0.0,0.0,8871.869939831084,1217.3000385826695,1.0,0.0,0.0,60.67626400053628,0.0
66,proper_scoring,node-002,0.0,0.0,0.0,8871.869939831084,1217.3000385826695,1.0,0.0,0.0,60.67626400053628,0.0
66,proper_scoring,node-003,863.0070288550875,0.0,0.0,8871.869939831084,1217.3000385826695,1.0,-235.76345033656736,0.0,60.67626400053628,3.539888231458094
66,proper_scoring,node-004,392.45336305916356,0.0,0.0,8871.869939831084,1217.3000385826695,1.0,-150.17485571672464,0.0,60.67626400053628,1.6097679333299604
66,proper_scoring,node-005,0.0,0.0,0.0,8871.869939831084,1217.3000385826695,1.0,0.0,0.0,60.67626400053628,0.0
66,proper_scoring,node-006,0.0,0.0,0.0,8871.869939831084,1217.3000385826695,1.0,0.0,0.0,60.67626400053628,0.0
66,proper_scoring,node-007,0.0,0.0,0.0,8871.869939831084,1217.3000385826695,1.0,-246.8175571758593,0.0,60.67626400053628,0.0
66,proper_scoring,node-008,759.1046095602624,0.0,0.0,8871.869939831084,1217.3000385826695,1.0,-460.13095544125383,0.0,60.67626400053628,3.113700565559563
66,proper_scoring,node-009,0.0,0.0,0.0,8871.869939831084,1217.3000385826695,1.0,0.0,0.0,60.67626400053628,0.0
66,proper_scoring,node-010,0.0,0.0,0.0,8871.869939831084,1217.3000385826695,1.0,0.0,0.0,60.67626400053628,0.0
66,proper_scoring,node-011,461.965197920029,678.2157012970446,744.8865078101323,8871.869939831084,1217.3000385826695,1.0,-834.880349193212,42.179767750070596,-617.5394372965083,1.894892060879047
66,proper_scoring,node-012,0.0,0.0,0.0,8871.869939831084,1217.3000385826695,1.0,0.0,0.0,60.67626400053628,0.0
66,proper_scoring,node-013,0.0,0.0,0.0,8871.869939831084,1217.3000385826695,1.0,0.0,0.0,60.67626400053628,0.0
66,proper_scoring,node-014,0.0,0.0,0.0,8871.869939831084,1217.3000385826695,1.0,0.0,0.0,60.67626400053628,0.0
66,proper_scoring,node-015,0.0,0.0,0.0,8871.869939831084,1217.3000385826695,1.0,0.0,0.0,60.67626400053628,0.0
66,proper_scoring,node-016,736.3232498650872,0.0,0.0,8871.869939831084,1217.3000385826695,1.0,-228.42045237434624,0.0,60.67626400053628,3.0202558259627716
66,proper_scoring,node-017,254.8984090193896,0.0,0.0,8871.869939831084,1217.3000385826695,1.0,-376.91296536938637,0.0,60.67626400053628,1.0455440664280398
66,proper_scoring,node-018,0.0,0.0,0.0,8871.869939831084,1217.3000385826695,1.0,0.0,0.0,60.67626400053628,0.0
66,proper_scoring,node-019,0.0,0.0,0.0,8871.869939831084,1217.3000385826695,1.0,0.0,0.0,60.67626400053628,0.0
66,proper_scoring,node-020,0.0,0.0,0.0,8871.869939831084,1217.3000385826695,1.0,0.0,0.0,60.67626400053628,0.0
66,proper_scoring,node-021,251.37012520556618,0.0,0.0,8871.869939831084,1217.3000385826695,1.0,-119.15405684559694,0.0,60.67626400053628,1.0310717273482908
66,proper_scoring,node-022,165.14608201075572,389.7866180656309,472.41353077253723,8871.869939831084,1217.3000385826695,1.0,-499.6520182184041,93.58256240482461,-257.817123688984,0.6773973474548036
66,proper_scoring,node-023,30.236213352454925,0.0,0.0,8871.869939831084,1217.3000385826695,1.0,-66.97940756559814,0.0,60.67626400053628,0.12402311016192635
66,proper_scoring,node-024,58.44782969759943,0.0,0.0,8871.869939831084,1217.3000385826695,1.0,-141.55217030240055,0.0,60.67626400053628,0.2397417142422147
66,proper_scoring,node-025,89.15359157133548,0.0,0.0,8871.869939831084,1217.3000385826695,1.0,-102.23510393023068,0.0,60.67626400053628,0.3656908217935096
66,proper_scoring,node-026,0.0,0.0,0.0,8871.869939831084,1217.3000385826695,1.0,0.0,0.0,60.67626400053628,0.0
66,proper_scoring,node-027,362.6777842877255,0.0,0.0,8871.869939831084,1217.3000385826695,1.0,-287.2322640638679,0.0,60.67626400053628,1.487634257295248
66,proper_scoring,node-028,0.0,0.0,0.0,8871.869939831084,1217.3000385826695,1.0,-60.94784219183866,0.0,60.67626400053628,0.0
66,proper_scoring,node-029,612.5357576762143,0.0,0.0,8871.869939831084,1217.3000385826695,1.0,-244.77822994325982,0.0,60.67626400053628,2.5125034298062374
66,audits,node-000,94.94462975974568,0.0,0.0,8871.869939831084,1217.3000385826695,1.0,-205.05537024025432,0.0,0.0,0.38944454249990246
66,audits,node-001,0.0,0.0,0.0,8871.869939831084,1217.3000385826695,1.0,0.0,0.0,60.67626400053628,0.0
66,audits,node-002,0.0,0.0,0.0,8871.869939831084,1217.3000385826695,1.0,0.0,0.0,60.67626400053628,0.0
66,audits,node-003,778.6367780294687,0.0,0.0,8871.869939831084,1217.3000385826695,1.0,-1558.9408625841418,0.0,60.67626400053628,3.193817749994002
66,audits,node-004,369.5088030685082,0.0,0.0,8871.869939831084,1217.3000385826695,1.0,-448.21450493672927,0.0,60.67626400053628,1.5156537776264343
66,audits,node-005,0.0,0.0,0.0,8871.869939831084,1217.3000385826695,1.0,0.0,0.0,60.67626400053628,0.0
66,audits,node-006,0.0,0.0,0.0,8871.869939831084,1217.3000385826695,1.0,0.0,0.0,60.67626400053628,0.0
66,audits,node-007,0.0,0.0,0.0,8871.869939831084,1217.3000385826695,1.0,-265.04238410050567,0.0,60.67626400053628,0.0
66,audits,node-008,679.8953299862789,0.0,0.0,8871.869939831084,1217.3000385826695,1.0,-1620.104670013721,0.0,60.67626400053628,2.7887993918597362
66,audits,node-009,0.0,0.0,0.0,8871.869939831084,1217.3000385826695,1.0,0.0,0.0,60.67626400053628,0.0
66,audits,node-010,0.0,0.0,0.0,8871.869939831084,1217.3000385826695,1.0,0.0,0.0,60.67626400053628,0.0
66,audits,node-011,461.965197920029,678.2157012970446,744.8865078101323,8871.869939831084,1217.3000385826695,1.0,-2217.3818632710863,42.179767750070596,-617.5394372965083,1.894892060879047
66,audits,node-012,0.0,0.0,0.0,8871.869939831084,1217.3000385826695,1.0,0.0,0.0,60.67626400053628,0.0
66,audits,node-013,0.0,0.0,0.0,8871.869939831084,1217.3000385826695,1.0,0.0,0.0,60.67626400053628,0.0
66,audits,node-014,0.0,0.0,0.0,8871.869939831084,1217.3000385826695,1.0,0.0,0.0,60.67626400053628,0.0
66,audits,node-015,0.0,0.0,0.0,8871.869939831084,1217.3000385826695,1.0,0.0,0.0,60.67626400053628,0.0
66,audits,node-016,592.3820673896367,0.0,0.0,8871.869939831084,1217.3000385826695,1.0,-1481.1080126119393,0.0,60.67626400053628,2.429836882859855
66,audits,node-017,252.92796727255222,0.0,0.0,8871.869939831084,1217.3000385826695,1.0,-547.0720327274479,0.0,60.67626400053628,1.0374616947703525
66,audits,node-018,0.0,0.0,0.0,8871.869939831084,1217.3000385826695,1.0,0.0,0.0,60.67626400053628,0.0
66,audits,node-019,0.0,0.0,0.0,8871.869939831084,1217.3000385826695,1.0,0.0,0.0,60.67626400053628,0.0
66,audits,node-020,0.0,0.0,0.0,8871.869939831084,1217.3000385826695,1.0,0.0,0.0,60.67626400053628,0.0
66,audits,node-021,225.55893685359703,0.0,0.0,8871.869939831084,1217.3000385826695,1.0,-338.6122127343688,0.0,60.67626400053628,0.9251992155006196
66,audits,node-022,165.14608201075572,389.7866180656309,472.41353077253723,8871.869939831084,1217.3000385826695,1.0,-917.2529681038243,93.58256240482461,-257.817123688984,0.6773973474548036
66,audits,node-023,30.236213352454925,0.0,0.0,8871.869939831084,1217.3000385826695,1.0,-66.97940756559814,0.0,60.67626400053628,0.12402311016192635
66,audits,node-024,58.44782969759943,0.0,0.0,8871.869939831084,1217.3000385826695,1.0,-141.55217030240055,0.0,60.67626400053628,0.2397417142422147
66,audits,node-025,0.0,0.0,0.0,8871.869939831084,1217.3000385826695,1.0,-275.3545308938913,0.0,60.67626400053628,0.0
66,audits,node-026,0.0,0.0,0.0,8871.869939831084,1217.3000385826695,1.0,0.0,0.0,60.67626400053628,0.0
66,audits,node-027,328.191933984033,0.0,0.0,8871.869939831084,1217.3000385826695,1.0,-571.8080660159669,0.0,60.67626400053628,1.3461799567389485
66,audits,node-028,0.0,0.0,0.0,8871.869939831084,1217.3000385826695,1.0,-60.94784219183866,0.0,60.67626400053628,0.0
66,audits,node-029,458.4225542703874,0.0,0.0,8871.869939831084,1217.3000385826695,1.0,-1368.643011222973,0.0,60.67626400053628,1.8803608205248947
68,greedy,node-000,0.0,0.0,0.0,8405.830345992974,366.2905358924055,0.9,0.0,0.0,-44.66405915036316,0.0
68,greedy,node-001,12.455525878297346,0.0,0.0,8405.830345992974,366.2905358924055,0.9,-44.66405915036316,0.0,0.0,0.051090162651050805
68,greedy,node-002,0.0,0.0,0.0,8405.830345992974,366.2905358924055,0.9,0.0,0.0,0.0,0.0
68,greedy,node-003,0.0,0.0,0.0,8405.830345992974,366.2905358924055,0.9,0.0,0.0,0.0,0.0
68,greedy,node-004,0.0,0.0,0.0,8405.830345992974,366.2905358924055,0.9,0.0,0.0,0.0,0.0
68,greedy,node-005,0.0,0.0,0.0,8405.830345992974,366.2905358924055,0.9,0.0,0.0,0.0,0.0
68,greedy,node-006,0.0,0.0,0.0,8405.830345992974,366.2905358924055,0.9,0.0,0.0,0.0,0.0
68,greedy,node-007,0.0,0.0,0.0,8405.830345992974,366.2905358924055,0.9,0.0,0.0,0.0,0.0
68,greedy,node-008,11.458855324554378,0.0,0.0,8405.830345992974,366.2905358924055,0.9,-68.6067630395527,0.0,0.0,0.04700201244384319
68,greedy,node-009,0.0,0.0,0.0,8405.830345992974,366.2905358924055,0.9,0.0,0.0,0.0,0.0
68,greedy,node-010,0.0,0.0,0.0,8405.830345992974,366.2905358924055,0.9,0.0,0.0,0.0,0.0
68,greedy,node-011,0.0,0.0,0.0,8405.830345992974,366.2905358924055,0.9,-15.99172947657489,0.0,0.0,0.0
68,greedy,node-012,23.043259496587126,122.09684529746852,366.2905358924055,8405.830345992974,366.2905358924055,0.9,-183.14526794620278,-36.62905358924057,-139.43899335907594,0.0945190020232161
68,greedy,node-013,0.0,0.0,0.0,8405.830345992974,366.2905358924055,0.9,0.0,0.0,0.0,0.0
68,greedy,node-014,0.0,0.0,0.0,8405.830345992974,366.2905358924055,0.9,0.0,0.0,0.0,0.0
68,greedy,node-015,0.0,0.0,0.0,8405.830345992974,366.2905358924055,0.9,0.0,0.0,0.0,0.0
68,greedy,node-016,0.0,0.0,0.0,8405.830345992974,366.2905358924055,0.9,0.0,0.0,0.0,0.0
68,greedy,node-017,0.0,0.0,0.0,8405.830345992974,366.2905358924055,0.9,0.0,0.0,0.0,0.0
68,greedy,node-018,13.505260397335283,0.0,0.0,8405.830345992974,366.2905358924055,0.9,-85.61130676182741,0.0,0.0,0.055395971000059836
68,greedy,node-019,0.0,0.0,0.0,8405.830345992974,366.2905358924055,0.9,0.0,0.0,0.0,0.0
68,greedy,node-020,0.0,0.0,0.0,8405.830345992974,366.2905358924055,0.9,0.0,0.0,0.0,0.0
68,greedy,node-021,0.0,0.0,0.0,8405.830345992974,366.2905358924055,0.9,0.0,0.0,0.0,0.0
68,greedy,node-022,0.0,0.0,0.0,8405.830345992974,366.2905358924055,0.9,0.0,0.0,0.0,0.0
68,greedy,node-023,0.0,0.0,0.0,8405.830345992974,366.2905358924055,0.9,0.0,0.0,0.0,0.0
68,greedy,node-024,0.0,0.0,0.0,8405.830345992974,366.2905358924055,0.9,0.0,0.0,0.0,0.0
68,greedy,node-025,0.0,0.0,0.0,8405.830345992974,366.2905358924055,0.9,0.0,0.0,0.0,0.0
68,greedy,node-026,0.0,0.0,0.0,8405.830345992974,366.2905358924055,0.9,0.0,0.0,0.0,0.0
68,greedy,node-027,0.0,0.0,0.0,8405.830345992974,366.2905358924055,0.9,0.0,0.0,0.0,0.0
68,greedy,node-028,0.0,0.0,0.0,8405.830345992974,366.2905358924055,0.9,0.0,0.0,0.0,0.0
68,greedy,node-029,0.0,0.0,0.0,8405.830345992974,366.2905358924055,0.9,0.0,0.0,0.0,0.0
68,trust_vcg,node-000,0.0,0.0,0.0,8238.233941420449,241.417587742136,0.8888888888888888,0.0,0.0,372.592285370311,0.0
68,trust_vcg,node-001,488.1823506393689,0.0,0.0,8238.233941420449,241.417587742136,0.8888888888888888,-5599.636439339537,0.0,0.0,2.002429760191476
68,trust_vcg,node-002,0.0,0.0,0.0,8238.233941420449,241.417587742136,0.8888888888888888,0.0,0.0,0.0,0.0
68,trust_vcg,node-003,0.0,0.0,0.0,8238.233941420449,241.417587742136,0.8888888888888888,0.0,0.0,0.0,0.0
68,trust_vcg,node-004,0.0,0.0,0.0,8238.233941420449,241.417587742136,0.8888888888888888,0.0,0.0,0.0,0.0
68,trust_vcg,node-005,0.0,0.0,0.0,8238.233941420449,241.417587742136,0.8888888888888888,0.0,0.0,0.0,0.0
68,trust_vcg,node-006,34.8769942392026,0.0,0.0,8238.233941420449,241.417587742136,0.8888888888888888,-5086.032628719162,0.0,0.0,0.1430586974706043
68,trust_vcg,node-007,0.0,0.0,0.0,8238.233941420449,241.417587742136,0.8888888888888888,0.0,0.0,0.0,0.0
68,trust_vcg,node-008,128.51036138363202,0.0,0.0,8238.233941420449,241.417587742136,0.8888888888888888,-10462.953074360783,0.0,0.0,0.5271246938577746
68,trust_vcg,node-009,0.0,0.0,0.0,8238.233941420449,241.417587742136,0.8888888888888888,-3420.998163183634,0.0,0.0,0.0
68,trust_vcg,node-010,0.0,0.0,0.0,8238.233941420449,241.417587742136,0.8888888888888888,0.0,0.0,0.0,0.0
68,trust_vcg,node-011,88.22929634511559,305.69725382255467,517.0976641974771,8238.233941420449,241.417587742136,0.8888888888888888,-5911.770703654885,-31.710061556238372,-305.69725382255467,0.3618995412079628
68,trust_vcg,node-012,772.0147604034407,-408.0847962733866,-275.6800764553412,8238.233941420449,241.417587742136,0.8888888888888888,-10652.96362637535,31.874408180243847,587.6346929559811,3.166655512052577
68,trust_vcg,node-013,0.0,0.0,0.0,8238.233941420449,241.417587742136,0.8888888888888888,0.0,0.0,0.0,0.0
68,trust_vcg,node-014,0.0,0.0,0.0,8238.233941420449,241.417587742136,0.8888888888888888,0.0,0.0,0.0,0.0
68,trust_vcg,node-015,0.0,0.0,0.0,8238.233941420449,241.417587742136,0.8888888888888888,0.0,0.0,0.0,0.0
68,trust_vcg,node-016,0.0,0.0,0.0,8238.233941420449,241.417587742136,0.8888888888888888,-3408.6877125477595,0.0,0.0,0.0
68,trust_vcg,node-017,0.0,0.0,0.0,8238.233941420449,241.417587742136,0.8888888888888888,-3969.0456324836086,0.0,0.0,0.0
68,trust_vcg,node-018,299.3789230248786,0.0,0.0,8238.233941420449,241.417587742136,0.8888888888888888,-5561.871134730271,0.0,0.0,1.2279945480494088
68,trust_vcg,node-019,269.8803146717598,0.0,0.0,8238.233941420449,241.417587742136,0.8888888888888888,-3930.1196853282404,0.0,0.0,1.1069969512023374
68,trust_vcg,node-020,395.45172740991813,0.0,0.0,8238.233941420449,241.417587742136,0.8888888888888888,-5604.548272590083,0.0,0.0,1.622066645071556
68,trust_vcg,node-021,230.1617384984705,0.0,0.0,8238.233941420449,241.417587742136,0.8888888888888888,-3334.486660715408,0.0,0.0,0.9440790192909077
68,trust_vcg,node-022,0.0,0.0,0.0,8238.233941420449,241.417587742136,0.8888888888888888,0.0,0.0,0.0,0.0
68,trust_vcg,node-023,0.0,0.0,0.0,8238.233941420449,241.417587742136,0.8888888888888888,0.0,0.0,0.0,0.0
68,trust_vcg,node-024,28.53152504214208,0.0,0.0,8238.233941420449,241.417587742136,0.8888888888888888,-571.4684749578579,0.0,0.0,0.11703080779796275
68,trust_vcg,node-025,0.0,0.0,0.0,8238.233941420449,241.417587742136,0.8888888888888888,0.0,0.0,0.0,0.0
68,trust_vcg,node-026,0.0,0.0,0.0,8238.233941420449,241.417587742136,0.8888888888888888,0.0,0.0,0.0,0.0
68,trust_vcg,node-027,0.0,0.0,0.0,8238.233941420449,241.417587742136,0.8888888888888888,0.0,0.0,0.0,0.0
68,trust_vcg,node-028,0.0,0.0,0.0,8238.233941420449,241.417587742136,0.8888888888888888,0.0,0.0,0.0,0.0
68,trust_vcg,node-029,0.0,0.0,0.0,8238.233941420449,241.417587742136,0.8888888888888888,0.0,0.0,0.0,0.0
68,contingent,node-000,0.0,0.0,0.0,8238.233941420449,487.82322693870714,0.8888888888888888,0.0,0.0,-76.36470127873775,0.0
68,contingent,node-001,88.80379529215477,0.0,0.0,8238.233941420449,487.82322693870714,0.8888888888888888,-398.5457573581486,0.0,0.0,0.3642560249834276
68,contingent,node-002,0.0,0.0,0.0,8238.233941420449,487.82322693870714,0.8888888888888888,0.0,0.0,0.0,0.0
68,contingent,node-003,0.0,0.0,0.0,8238.233941420449,487.82322693870714,0.8888888888888888,0.0,0.0,0.0,0.0
68,contingent,node-004,0.0,0.0,0.0,8238.233941420449,487.82322693870714,0.8888888888888888,0.0,0.0,0.0,0.0
68,contingent,node-005,0.0,0.0,0.0,8238.233941420449,487.82322693870714,0.8888888888888888,0.0,0.0,0.0,0.0
68,contingent,node-006,0.0,0.0,0.0,8238.233941420449,487.82322693870714,0.8888888888888888,-544.1305148766457,0.0,0.0,0.0
68,contingent,node-007,0.0,0.0,0.0,8238.233941420449,487.82322693870714,0.8888888888888888,0.0,0.0,0.0,0.0
68,contingent,node-008,0.0,0.0,0.0,8238.233941420449,487.82322693870714,0.8888888888888888,-384.47416319146623,0.0,0.0,0.0
68,contingent,node-009,0.0,0.0,0.0,8238.233941420449,487.82322693870714,0.8888888888888888,-483.99265273453693,0.0,0.0,0.0
68,contingent,node-010,0.0,0.0,0.0,8238.233941420449,487.82322693870714,0.8888888888888888,0.0,0.0,0.0,0.0
68,contingent,node-011,41.56553392994837,105.70020518746125,317.10061556238384,8238.233941420449,487.82322693870714,0.8888888888888888,-529.99400451678,-31.710061556238344,-105.70020518746125,0.17049379607961807
68,contingent,node-012,293.5633179971843,38.31789155827798,170.72261137632336,8238.233941420449,487.82322693870714,0.8888888888888888,-282.51158215321504,-14.38319525864,-58.256537698102534,1.2041400589108269
68,contingent,node-013,0.0,0.0,0.0,8238.233941420449,487.82322693870714,0.8888888888888888,0.0,0.0,0.0,0.0
68,contingent,node-014,0.0,0.0,0.0,8238.233941420449,487.82322693870714,0.8888888888888888,0.0,0.0,0.0,0.0
68,contingent,node-015,0.0,0.0,0.0,8238.233941420449,487.82322693870714,0.8888888888888888,0.0,0.0,0.0,0.0
68,contingent,node-016,0.0,0.0,0.0,8238.233941420449,487.82322693870714,0.8888888888888888,-434.75085019103733,0.0,0.0,0.0
68,contingent,node-017,0.0,0.0,0.0,8238.233941420449,487.82322693870714,0.8888888888888888,-476.18252993443525,0.0,0.0,0.0
68,contingent,node-018,114.40282452888749,0.0,0.0,8238.233941420449,487.82322693870714,0.8888888888888888,-247.48453892108077,0.0,0.0,0.46925830109707667
68,contingent,node-019,0.0,0.0,0.0,8238.233941420449,487.82322693870714,0.8888888888888888,-320.47874131296084,0.0,0.0,0.0
68,contingent,node-020,74.06554284245556,0.0,0.0,8238.233941420449,487.82322693870714,0.8888888888888888,-418.19309036032723,0.0,0.0,0.3038025586099699
68,contingent,node-021,0.0,0.0,0.0,8238.233941420449,487.82322693870714,0.8888888888888888,-277.2701532092158,0.0,0.0,0.0
68,contingent,node-022,0.0,0.0,0.0,8238.233941420449,487.82322693870714,0.8888888888888888,0.0,0.0,0.0,0.0
68,contingent,node-023,0.0,0.0,0.0,8238.233941420449,487.82322693870714,0.8888888888888888,0.0,0.0,0.0,0.0
68,contingent,node-024,0.0,0.0,0.0,8238.233941420449,487.82322693870714,0.8888888888888888,-85.87389983143169,0.0,0.0,0.0
68,contingent,node-025,0.0,0.0,0.0,8238.233941420449,487.82322693870714,0.8888888888888888,0.0,0.0,0.0,0.0
68,contingent,node-026,0.0,0.0,0.0,8238.233941420449,487.82322693870714,0.8888888888888888,0.0,0.0,0.0,0.0
68,contingent,node-027,0.0,0.0,0.0,8238.233941420449,487.82322693870714,0.8888888888888888,0.0,0.0,0.0,0.0
68,contingent,node-028,0.0,0.0,0.0,8238.233941420449,487.82322693870714,0.8888888888888888,0.0,0.0,0.0,0.0
68,contingent,node-029,0.0,0.0,0.0,8238.233941420449,487.82322693870714,0.8888888888888888,0.0,0.0,0.0,0.0
68,capped,node-000,0.0,0.0,0.0,8238.233941420449,515.7076952894517,0.8888888888888888,0.0,0.0,-76.36470127873775,0.0
68,capped,node-001,88.80379529215477,0.0,0.0,8238.233941420449,515.7076952894517,0.8888888888888888,-99.63643933953715,0.0,0.0,0.3642560249834276
68,capped,node-002,0.0,0.0,0.0,8238.233941420449,515.7076952894517,0.8888888888888888,0.0,0.0,0.0,0.0
68,capped,node-003,0.0,0.0,0.0,8238.233941420449,515.7076952894517,0.8888888888888888,0.0,0.0,0.0,0.0
68,capped,node-004,0.0,0.0,0.0,8238.233941420449,515.7076952894517,0.8888888888888888,0.0,0.0,0.0,0.0
68,capped,node-005,0.0,0.0,0.0,8238.233941420449,515.7076952894517,0.8888888888888888,0.0,0.0,0.0,0.0
68,capped,node-006,0.0,0.0,0.0,8238.233941420449,515.7076952894517,0.8888888888888888,-136.03262871916144,0.0,0.0,0.0
68,capped,node-007,0.0,0.0,0.0,8238.233941420449,515.7076952894517,0.8888888888888888,0.0,0.0,0.0,0.0
68,capped,node-008,69.91772759695218,0.0,0.0,8238.233941420449,515.7076952894517,0.8888888888888888,-96.11854079786656,0.0,0.0,0.286789021196145
68,capped,node-009,0.0,0.0,0.0,8238.233941420449,515.7076952894517,0.8888888888888888,-120.99816318363422,0.0,0.0,0.0
68,capped,node-010,0.0,0.0,0.0,8238.233941420449,515.7076952894517,0.8888888888888888,0.0,0.0,0.0,0.0
68,capped,node-011,41.56553392994837,105.70020518746125,317.10061556238384,8238.233941420449,515.7076952894517,0.8888888888888888,-211.77365501979097,-31.710061556238344,-105.70020518746125,0.17049379607961807
68,capped,node-012,297.7276042210315,66.20235990902269,198.60707972706808,8238.233941420449,515.7076952894517,0.8888888888888888,-127.25078255775696,-17.171642093714468,-86.14100604884725,1.2212211570981455
68,capped,node-013,0.0,0.0,0.0,8238.233941420449,515.7076952894517,0.8888888888888888,0.0,0.0,0.0,0.0
68,capped,node-014,0.0,0.0,0.0,8238.233941420449,515.7076952894517,0.8888888888888888,0.0,0.0,0.0,0.0
68,capped,node-015,0.0,0.0,0.0,8238.233941420449,515.7076952894517,0.8888888888888888,0.0,0.0,0.0,0.0
68,capped,node-016,0.0,0.0,0.0,8238.233941420449,515.7076952894517,0.8888888888888888,-108.68771254775933,0.0,0.0,0.0
68,capped,node-017,0.0,0.0,0.0,8238.233941420449,515.7076952894517,0.8888888888888888,-119.04563248360881,0.0,0.0,0.0
68,capped,node-018,216.54897155594568,0.0,0.0,8238.233941420449,515.7076952894517,0.8888888888888888,-61.87113473027019,0.0,0.0,0.8882420771962948
68,capped,node-019,0.0,0.0,0.0,8238.233941420449,515.7076952894517,0.8888888888888888,-80.11968532824022,0.0,0.0,0.0
68,capped,node-020,74.06554284245556,0.0,0.0,8238.233941420449,515.7076952894517,0.8888888888888888,-104.54827259008182,0.0,0.0,0.3038025586099699
68,capped,node-021,0.0,0.0,0.0,8238.233941420449,515.7076952894517,0.8888888888888888,-69.31753830230394,0.0,0.0,0.0
68,capped,node-022,0.0,0.0,0.0,8238.233941420449,515.7076952894517,0.8888888888888888,0.0,0.0,0.0,0.0
68,capped,node-023,0.0,0.0,0.0,8238.233941420449,515.7076952894517,0.8888888888888888,0.0,0.0,0.0,0.0
68,capped,node-024,0.0,0.0,0.0,8238.233941420449,515.7076952894517,0.8888888888888888,-21.46847495785792,0.0,0.0,0.0
68,capped,node-025,0.0,0.0,0.0,8238.233941420449,515.7076952894517,0.8888888888888888,0.0,0.0,0.0,0.0
68,capped,node-026,0.0,0.0,0.0,8238.233941420449,515.7076952894517,0.8888888888888888,0.0,0.0,0.0,0.0
68,capped,node-027,0.0,0.0,0.0,8238.233941420449,515.7076952894517,0.8888888888888888,0.0,0.0,0.0,0.0
68,capped,node-028,0.0,0.0,0.0,8238.233941420449,515.7076952894517,0.8888888888888888,0.0,0.0,0.0,0.0
68,capped,node-029,0.0,0.0,0.0,8238.233941420449,515.7076952894517,0.8888888888888888,0.0,0.0,0.0,0.0
68,proper_scoring,node-000,0.0,0.0,0.0,8238.233941420449,1276.372878861299,0.8888888888888888,0.0,0.0,372.592285370311,0.0
68,proper_scoring,node-001,488.1823506393689,0.0,0.0,8238.233941420449,1276.372878861299,0.8888888888888888,-376.4006523286931,0.0,0.0,2.002429760191476
68,proper_scoring,node-002,0.0,0.0,0.0,8238.233941420449,1276.372878861299,0.8888888888888888,0.0,0.0,0.0,0.0
68,proper_scoring,node-003,0.0,0.0,0.0,8238.233941420449,1276.372878861299,0.8888888888888888,0.0,0.0,0.0,0.0
68,proper_scoring,node-004,0.0,0.0,0.0,8238.233941420449,1276.372878861299,0.8888888888888888,0.0,0.0,0.0,0.0
68,proper_scoring,node-005,0.0,0.0,0.0,8238.233941420449,1276.372878861299,0.8888888888888888,0.0,0.0,0.0,0.0
68,proper_scoring,node-006,234.31075191296287,0.0,0.0,8238.233941420449,1276.372878861299,0.8888888888888888,-493.30010395691306,0.0,0.0,0.9610974713626225
68,proper_scoring,node-007,0.0,0.0,0.0,8238.233941420449,1276.372878861299,0.8888888888888888,0.0,0.0,0.0,0.0
68,proper_scoring,node-008,717.5825117938314,0.0,0.0,8238.233941420449,1276.372878861299,0.8888888888888888,-379.4863186070121,0.0,0.0,2.943384936237473
68,proper_scoring,node-009,79.0018368163658,0.0,0.0,8238.233941420449,1276.372878861299,0.8888888888888888,-405.9120583309877,0.0,0.0,0.32405028355427795
68,proper_scoring,node-010,0.0,0.0,0.0,8238.233941420449,1276.372878861299,0.8888888888888888,0.0,0.0,0.0,0.0
68,proper_scoring,node-011,88.22929634511559,305.69725382255467,517.0976641974771,8238.233941420449,1276.372878861299,0.8888888888888888,-729.9910531518735,-31.710061556238372,-305.69725382255467,0.3618995412079628
68,proper_scoring,node-012,338.5898752572896,626.870494845776,759.2752146638214,8238.233941420449,1276.372878861299,0.8888888888888888,-871.064185440713,34.662855015318314,-447.32059816318144,1.3888303045506276
68,proper_scoring,node-013,0.0,0.0,0.0,8238.233941420449,1276.372878861299,0.8888888888888888,0.0,0.0,0.0,0.0
68,proper_scoring,node-014,0.0,0.0,0.0,8238.233941420449,1276.372878861299,0.8888888888888888,0.0,0.0,0.0,0.0
68,proper_scoring,node-015,0.0,0.0,0.0,8238.233941420449,1276.372878861299,0.8888888888888888,0.0,0.0,0.0,0.0
68,proper_scoring,node-016,0.0,0.0,0.0,8238.233941420449,1276.372878861299,0.8888888888888888,-394.8624312284105,0.0,0.0,0.0
68,proper_scoring,node-017,130.9543675163912,0.0,0.0,8238.233941420449,1276.372878861299,0.8888888888888888,-428.3652291278807,0.0,0.0,0.537149535206336
68,proper_scoring,node-018,539.4316246383502,0.0,0.0,8238.233941420449,1276.372878861299,0.8888888888888888,-247.48453892108077,0.0,0.0,2.212644388617437
68,proper_scoring,node-019,269.8803146717598,0.0,0.0,8238.233941420449,1276.372878861299,0.8888888888888888,-314.66717267440634,0.0,0.0,1.1069969512023374
68,proper_scoring,node-020,395.45172740991813,0.0,0.0,8238.233941420449,1276.372878861299,0.8888888888888888,-418.19309036032723,0.0,0.0,1.622066645071556
68,proper_scoring,node-021,230.1617384984705,0.0,0.0,8238.233941420449,1276.372878861299,0.8888888888888888,-269.33234754611107,0.0,0.0,0.9440790192909077
68,proper_scoring,node-022,0.0,0.0,0.0,8238.233941420449,1276.372878861299,0.8888888888888888,0.0,0.0,0.0,0.0
68,proper_scoring,node-023,0.0,0.0,0.0,8238.233941420449,1276.372878861299,0.8888888888888888,0.0,0.0,0.0,0.0
68,proper_scoring,node-024,28.53152504214208,0.0,0.0,8238.233941420449,1276.372878861299,0.8888888888888888,-71.46847495785792,0.0,0.0,0.11703080779796275
68,proper_scoring,node-025,0.0,0.0,0.0,8238.233941420449,1276.372878861299,0.8888888888888888,0.0,0.0,0.0,0.0
68,proper_scoring,node-026,0.0,0.0,0.0,8238.233941420449,1276.372878861299,0.8888888888888888,0.0,0.0,0.0,0.0
68,proper_scoring,node-027,0.0,0.0,0.0,8238.233941420449,1276.372878861299,0.8888888888888888,0.0,0.0,0.0,0.0
68,proper_scoring,node-028,0.0,0.0,0.0,8238.233941420449,1276.372878861299,0.8888888888888888,0.0,0.0,0.0,0.0
68,proper_scoring,node-029,0.0,0.0,0.0,8238.233941420449,1276.372878861299,0.8888888888888888,0.0,0.0,0.0,0.0
68,audits,node-000,0.0,0.0,0.0,8238.233941420449,741.4175877421362,0.8888888888888888,0.0,0.0,372.592285370311,0.0
68,audits,node-001,488.1823506393689,0.0,0.0,8238.233941420449,741.4175877421362,0.8888888888888888,-1099.6364393395372,0.0,0.0,2.002429760191476
68,audits,node-002,0.0,0.0,0.0,8238.233941420449,741.4175877421362,0.8888888888888888,0.0,0.0,0.0,0.0
68,audits,node-003,0.0,0.0,0.0,8238.233941420449,741.4175877421362,0.8888888888888888,0.0,0.0,0.0,0.0
68,audits,node-004,0.0,0.0,0.0,8238.233941420449,741.4175877421362,0.8888888888888888,0.0,0.0,0.0,0.0
68,audits,node-005,0.0,0.0,0.0,8238.233941420449,741.4175877421362,0.8888888888888888,0.0,0.0,0.0,0.0
68,audits,node-006,213.96737128083856,0.0,0.0,8238.233941420449,741.4175877421362,0.8888888888888888,-1086.0326287191615,0.0,0.0,0.8776528512379566
68,audits,node-007,0.0,0.0,0.0,8238.233941420449,741.4175877421362,0.8888888888888888,0.0,0.0,0.0,0.0
68,audits,node-008,661.8031262767214,0.0,0.0,8238.233941420449,741.4175877421362,0.8888888888888888,-2962.953074360785,0.0,0.0,2.7145886648885207
68,audits,node-009,79.0018368163658,0.0,0.0,8238.233941420449,741.4175877421362,0.8888888888888888,-920.9981631836342,0.0,0.0,0.32405028355427795
68,audits,node-010,0.0,0.0,0.0,8238.233941420449,741.4175877421362,0.8888888888888888,0.0,0.0,0.0,0.0
68,audits,node-011,88.22929634511559,305.69725382255467,517.0976641974771,8238.233941420449,741.4175877421362,0.8888888888888888,-1411.7707036548845,-31.710061556238372,-305.69725382255467,0.3618995412079628
68,audits,node-012,776.3925792670879,91.91520372661344,224.31992354465888,8238.233941420449,741.4175877421362,0.8888888888888888,-3152.963626375348,531.8744081802438,87.63469295598105,3.184612479906522
68,audits,node-013,0.0,0.0,0.0,8238.233941420449,741.4175877421362,0.8888888888888888,0.0,0.0,0.0,0.0
68,audits,node-014,0.0,0.0,0.0,8238.233941420449,741.4175877421362,0.8888888888888888,0.0,0.0,0.0,0.0
68,audits,node-015,0.0,0.0,0.0,8238.233941420449,741.4175877421362,0.8888888888888888,0.0,0.0,0.0,0.0
68,audits,node-016,0.0,0.0,0.0,8238.233941420449,741.4175877421362,0.8888888888888888,-908.6877125477592,0.0,0.0,0.0
68,audits,node-017,130.9543675163912,0.0,0.0,8238.233941420449,741.4175877421362,0.8888888888888888,-969.0456324836089,0.0,0.0,0.537149535206336
68,audits,node-018,516.5489715559456,0.0,0.0,8238.233941420449,741.4175877421362,0.8888888888888888,-1061.8711347302701,0.0,0.0,2.1187841631006137
68,audits,node-019,269.8803146717598,0.0,0.0,8238.233941420449,741.4175877421362,0.8888888888888888,-430.11968532824017,0.0,0.0,1.1069969512023374
68,audits,node-020,395.45172740991813,0.0,0.0,8238.233941420449,741.4175877421362,0.8888888888888888,-1104.548272590082,0.0,0.0,1.622066645071556
68,audits,node-021,230.1617384984705,0.0,0.0,8238.233941420449,741.4175877421362,0.8888888888888888,-334.4866607154079,0.0,0.0,0.9440790192909077
68,audits,node-022,0.0,0.0,0.0,8238.233941420449,741.4175877421362,0.8888888888888888,0.0,0.0,0.0,0.0
68,audits,node-023,0.0,0.0,0.0,8238.233941420449,741.4175877421362,0.8888888888888888,0.0,0.0,0.0,0.0
68,audits,node-024,28.53152504214208,0.0,0.0,8238.233941420449,741.4175877421362,0.8888888888888888,-71.46847495785792,0.0,0.0,0.11703080779796275
68,audits,node-025,0.0,0.0,0.0,8238.233941420449,741.4175877421362,0.8888888888888888,0.0,0.0,0.0,0.0
68,audits,node-026,0.0,0.0,0.0,8238.233941420449,741.4175877421362,0.8888888888888888,0.0,0.0,0.0,0.0
68,audits,node-027,0.0,0.0,0.0,8238.233941420449,741.4175877421362,0.8888888888888888,0.0,0.0,0.0,0.0
68,audits,node-028,0.0,0.0,0.0,8238.233941420449,741.4175877421362,0.8888888888888888,0.0,0.0,0.0,0.0
68,audits,node-029,0.0,0.0,0.0,8238.233941420449,741.4175877421362,0.8888888888888888,0.0,0.0,0.0,0.0
69,greedy,node-000,0.0,0.0,0.0,8909.949736086965,166.8268844461689,1.0,0.0,0.0,0.0,0.0
69,greedy,node-001,0.0,0.0,0.0,8909.949736086965,166.8268844461689,1.0,0.0,0.0,0.0,0.0
69,greedy,node-002,0.0,0.0,0.0,8909.949736086965,166.8268844461689,1.0,0.0,0.0,0.0,0.0
69,greedy,node-003,0.0,0.0,0.0,8909.949736086965,166.8268844461689,1.0,0.0,0.0,0.0,0.0
69,greedy,node-004,0.0,0.0,0.0,8909.949736086965,166.8268844461689,1.0,0.0,0.0,0.0,0.0
69,greedy,node-005,0.0,0.0,0.0,8909.949736086965,166.8268844461689,1.0,0.0,0.0,0.0,0.0
69,greedy,node-006,0.0,0.0,0.0,8909.949736086965,166.8268844461689,1.0,0.0,0.0,0.0,0.0
69,greedy,node-007,0.0,0.0,0.0,8909.949736086965,166.8268844461689,1.0,0.0,0.0,0.0,0.0
69,greedy,node-008,3.173469912550079,0.0,0.0,8909.949736086965,166.8268844461689,1.0,-20.568044227471233,0.0,0.0,0.013016960952479903
69,greedy,node-009,5.519197370308969,0.0,0.0,8909.949736086965,166.8268844461689,1.0,-24.779599161085123,0.0,0.0,0.022638682148592104
69,greedy,node-010,0.0,0.0,0.0,8909.949736086965,166.8268844461689,1.0,0.0,0.0,0.0,0.0
69,greedy,node-011,0.0,0.0,0.0,8909.949736086965,166.8268844461689,1.0,0.0,0.0,0.0,0.0
69,greedy,node-012,0.0,0.0,0.0,8909.949736086965,166.8268844461689,1.0,0.0,0.0,0.0,0.0
69,greedy,node-013,0.0,0.0,0.0,8909.949736086965,166.8268844461689,1.0,-10.32972155148017,0.0,0.0,0.0
69,greedy,node-014,0.0,0.0,0.0,8909.949736086965,166.8268844461689,1.0,0.0,0.0,0.0,0.0
69,greedy,node-015,0.0,0.0,0.0,8909.949736086965,166.8268844461689,1.0,0.0,0.0,0.0,0.0
69,greedy,node-016,0.0,0.0,0.0,8909.949736086965,166.8268844461689,1.0,0.0,0.0,0.0,0.0
69,greedy,node-017,0.0,0.0,0.0,8909.949736086965,166.8268844461689,1.0,0.0,0.0,0.0,0.0
69,greedy,node-018,0.0,0.0,0.0,8909.949736086965,166.8268844461689,1.0,0.0,0.0,0.0,0.0
69,greedy,node-019,0.0,0.0,0.0,8909.949736086965,166.8268844461689,1.0,0.0,0.0,0.0,0.0
69,greedy,node-020,0.0,0.0,0.0,8909.949736086965,166.8268844461689,1.0,0.0,0.0,0.0,0.0
69,greedy,node-021,0.0,0.0,0.0,8909.949736086965,166.8268844461689,1.0,0.0,0.0,0.0,0.0
69,greedy,node-022,0.0,0.0,0.0,8909.949736086965,166.8268844461689,1.0,0.0,0.0,0.0,0.0
69,greedy,node-023,0.0,0.0,0.0,8909.949736086965,166.8268844461689,1.0,0.0,0.0,0.0,0.0
69,greedy,node-024,23.541289414332596,55.60896148205629,166.8268844461689,8909.949736086965,166.8268844461689,1.0,-83.41344222308443,-16.682688444616886,-55.60896148205629,0.09656182460263366
69,greedy,node-025,0.0,0.0,0.0,8909.949736086965,166.8268844461689,1.0,0.0,0.0,0.0,0.0
69,greedy,node-026,0.0,0.0,0.0,8909.949736086965,166.8268844461689,1.0,0.0,0.0,0.0,0.0
69,greedy,node-027,0.0,0.0,0.0,8909.949736086965,166.8268844461689,1.0,0.0,0.0,0.0,0.0
69,greedy,node-028,0.0,0.0,0.0,8909.949736086965,166.8268844461689,1.0,0.0,0.0,0.0,0.0
69,greedy,node-029,0.0,0.0,0.0,8909.949736086965,166.8268844461689,1.0,0.0,0.0,0.0,0.0
69,trust_vcg,node-000,0.0,0.0,0.0,8909.949736086965,1166.375112285943,1.0,0.0,0.0,0.0,0.0
69,trust_vcg,node-001,0.0,0.0,0.0,8909.949736086965,1166.375112285943,1.0,-1124.8440214105901,0.0,0.0,0.0
69,trust_vcg,node-002,0.0,0.0,0.0,8909.949736086965,1166.375112285943,1.0,0.0,0.0,0.0,0.0
69,trust_vcg,node-003,0.0,0.0,0.0,8909.949736086965,1166.375112285943,1.0,0.0,0.0,0.0,0.0
69,trust_vcg,node-004,0.0,0.0,0.0,8909.949736086965,1166.375112285943,1.0,0.0,0.0,0.0,0.0
69,trust_vcg,node-005,0.0,0.0,0.0,8909.949736086965,1166.375112285943,1.0,0.0,0.0,0.0,0.0
69,trust_vcg,node-006,74.23478787544492,0.0,0.0,8909.949736086965,1166.375112285943,1.0,-1125.765212124555,0.0,0.0,0.3044967690630488
69,trust_vcg,node-007,0.0,0.0,0.0,8909.949736086965,1166.375112285943,1.0,0.0,0.0,0.0,0.0
69,trust_vcg,node-008,319.14170941972543,0.0,0.0,8909.949736086965,1166.375112285943,1.0,-3880.858290580274,0.0,0.0,1.30905768269473
69,trust_vcg,node-009,71.32896790875655,0.0,0.0,8909.949736086965,1166.375112285943,1.0,-5534.6913614604055,0.0,0.0,0.2925776565194784
69,trust_vcg,node-010,0.0,0.0,0.0,8909.949736086965,1166.375112285943,1.0,0.0,0.0,0.0,0.0
69,trust_vcg,node-011,0.0,0.0,0.0,8909.949736086965,1166.375112285943,1.0,0.0,0.0,0.0,0.0
69,trust_vcg,node-012,0.0,0.0,0.0,8909.949736086965,1166.375112285943,1.0,0.0,0.0,0.0,0.0
69,trust_vcg,node-013,167.07021777114818,0.0,0.0,8909.949736086965,1166.375112285943,1.0,-2232.9297822288518,0.0,0.0,0.685289780895325
69,trust_vcg,node-014,0.0,0.0,0.0,8909.949736086965,1166.375112285943,1.0,0.0,0.0,0.0,0.0
69,trust_vcg,node-015,0.0,0.0,0.0,8909.949736086965,1166.375112285943,1.0,0.0,0.0,0.0,0.0
69,trust_vcg,node-016,0.0,0.0,0.0,8909.949736086965,1166.375112285943,1.0,0.0,0.0,0.0,0.0
69,trust_vcg,node-017,0.0,0.0,0.0,8909.949736086965,1166.375112285943,1.0,0.0,0.0,0.0,0.0
69,trust_vcg,node-018,165.16880312641234,0.0,0.0,8909.949736086965,1166.375112285943,1.0,-2234.831196873588,0.0,0.0,0.6774905450849842
69,trust_vcg,node-019,0.0,0.0,0.0,8909.949736086965,1166.375112285943,1.0,0.0,0.0,0.0,0.0
69,trust_vcg,node-020,0.0,0.0,0.0,8909.949736086965,1166.375112285943,1.0,0.0,0.0,0.0,0.0
69,trust_vcg,node-021,0.0,0.0,0.0,8909.949736086965,1166.375112285943,1.0,0.0,0.0,0.0,0.0
69,trust_vcg,node-022,0.0,0.0,0.0,8909.949736086965,1166.375112285943,1.0,0.0,0.0,0.0,0.0
69,trust_vcg,node-023,0.0,0.0,0.0,8909.949736086965,1166.375112285943,1.0,0.0,0.0,0.0,0.0
69,trust_vcg,node-024,167.27865660639463,1055.1571893218304,1166.375112285943,8909.949736086965,1166.375112285943,1.0,-12082.96167006286,-16.682688444616815,-435.2221955503825,0.6861447567590171
69,trust_vcg,node-025,0.0,0.0,0.0,8909.949736086965,1166.375112285943,1.0,0.0,0.0,0.0,0.0
69,trust_vcg,node-026,75.88777759598389,0.0,0.0,8909.949736086965,1166.375112285943,1.0,-1124.1122224040162,0.0,0.0,0.3112770137920169
69,trust_vcg,node-027,0.0,0.0,0.0,8909.949736086965,1166.375112285943,1.0,0.0,0.0,0.0,0.0
69,trust_vcg,node-028,0.0,0.0,0.0,8909.949736086965,1166.375112285943,1.0,0.0,0.0,0.0,0.0
69,trust_vcg,node-029,0.0,0.0,0.0,8909.949736086965,1166.375112285943,1.0,0.0,0.0,0.0,0.0
69,contingent,node-000,0.0,0.0,0.0,8909.949736086965,166.8268844461689,1.0,0.0,0.0,0.0,0.0
69,contingent,node-001,0.0,0.0,0.0,8909.949736086965,166.8268844461689,1.0,-99.37608564236095,0.0,0.0,0.0
69,contingent,node-002,0.0,0.0,0.0,8909.949736086965,166.8268844461689,1.0,0.0,0.0,0.0,0.0
69,contingent,node-003,0.0,0.0,0.0,8909.949736086965,166.8268844461689,1.0,0.0,0.0,0.0,0.0
69,contingent,node-004,0.0,0.0,0.0,8909.949736086965,166.8268844461689,1.0,0.0,0.0,0.0,0.0
69,contingent,node-005,0.0,0.0,0.0,8909.949736086965,166.8268844461689,1.0,0.0,0.0,0.0,0.0
69,contingent,node-006,0.0,0.0,0.0,8909.949736086965,166.8268844461689,1.0,-103.06084849822032,0.0,0.0,0.0
69,contingent,node-007,0.0,0.0,0.0,8909.949736086965,166.8268844461689,1.0,0.0,0.0,0.0,0.0
69,contingent,node-008,32.966367023396046,0.0,0.0,8909.949736086965,166.8268844461689,1.0,-123.43316232109835,0.0,0.0,0.1352216734721904
69,contingent,node-009,21.32896790875656,0.0,0.0,8909.949736086965,166.8268844461689,1.0,-138.7654458416212,0.0,0.0,0.08748730886875859
69,contingent,node-010,0.0,0.0,0.0,8909.949736086965,166.8268844461689,1.0,0.0,0.0,0.0,0.0
69,contingent,node-011,0.0,0.0,0.0,8909.949736086965,166.8268844461689,1.0,0.0,0.0,0.0,0.0
69,contingent,node-012,0.0,0.0,0.0,8909.949736086965,166.8268844461689,1.0,0.0,0.0,0.0,0.0
69,contingent,node-013,5.164860775740088,0.0,0.0,8909.949736086965,166.8268844461689,1.0,-131.71912891540717,0.0,0.0,0.021185261841282024
69,contingent,node-014,0.0,0.0,0.0,8909.949736086965,166.8268844461689,1.0,0.0,0.0,0.0,0.0
69,contingent,node-015,0.0,0.0,0.0,8909.949736086965,166.8268844461689,1.0,0.0,0.0,0.0,0.0
69,contingent,node-016,0.0,0.0,0.0,8909.949736086965,166.8268844461689,1.0,0.0,0.0,0.0,0.0
69,contingent,node-017,0.0,0.0,0.0,8909.949736086965,166.8268844461689,1.0,0.0,0.0,0.0,0.0
69,contingent,node-018,0.0,0.0,0.0,8909.949736086965,166.8268844461689,1.0,-139.3247874943506,0.0,0.0,0.0
69,contingent,node-019,0.0,0.0,0.0,8909.949736086965,166.8268844461689,1.0,0.0,0.0,0.0,0.0
69,contingent,node-020,0.0,0.0,0.0,8909.949736086965,166.8268844461689,1.0,0.0,0.0,0.0,0.0
69,contingent,node-021,0.0,0.0,0.0,8909.949736086965,166.8268844461689,1.0,0.0,0.0,0.0,0.0
69,contingent,node-022,0.0,0.0,0.0,8909.949736086965,166.8268844461689,1.0,0.0,0.0,0.0,0.0
69,contingent,node-023,0.0,0.0,0.0,8909.949736086965,166.8268844461689,1.0,0.0,0.0,0.0,0.0
69,contingent,node-024,166.82688444616886,55.60896148205629,166.8268844461689,8909.949736086965,166.8268844461689,1.0,-166.82688444616886,-16.682688444616886,114.52932976149327,0.6842916745710247
69,contingent,node-025,0.0,0.0,0.0,8909.949736086965,166.8268844461689,1.0,0.0,0.0,0.0,0.0
69,contingent,node-026,0.0,0.0,0.0,8909.949736086965,166.8268844461689,1.0,-96.44888961606445,0.0,0.0,0.0
69,contingent,node-027,0.0,0.0,0.0,8909.949736086965,166.8268844461689,1.0,0.0,0.0,0.0,0.0
69,contingent,node-028,0.0,0.0,0.0,8909.949736086965,166.8268844461689,1.0,0.0,0.0,0.0,0.0
69,contingent,node-029,0.0,0.0,0.0,8909.949736086965,166.8268844461689,1.0,0.0,0.0,0.0,0.0
69,capped,node-000,0.0,0.0,0.0,8909.949736086965,166.8268844461689,1.0,0.0,0.0,0.0,0.0
69,capped,node-001,0.0,0.0,0.0,8909.949736086965,166.8268844461689,1.0,-24.844021410590237,0.0,0.0,0.0
69,capped,node-002,0.0,0.0,0.0,8909.949736086965,166.8268844461689,1.0,0.0,0.0,0.0,0.0
69,capped,node-003,0.0,0.0,0.0,8909.949736086965,166.8268844461689,1.0,0.0,0.0,0.0,0.0
69,capped,node-004,0.0,0.0,0.0,8909.949736086965,166.8268844461689,1.0,0.0,0.0,0.0,0.0
69,capped,node-005,0.0,0.0,0.0,8909.949736086965,166.8268844461689,1.0,0.0,0.0,0.0,0.0
69,capped,node-006,0.0,0.0,0.0,8909.949736086965,166.8268844461689,1.0,-25.765212124555077,0.0,0.0,0.0
69,capped,node-007,0.0,0.0,0.0,8909.949736086965,166.8268844461689,1.0,0.0,0.0,0.0,0.0
69,capped,node-008,32.966367023396046,0.0,0.0,8909.949736086965,166.8268844461689,1.0,-30.858290580274588,0.0,0.0,0.1352216734721904
69,capped,node-009,30.812235368409045,0.0,0.0,8909.949736086965,166.8268844461689,1.0,-34.6913614604053,0.0,0.0,0.12638584127205632
69,capped,node-010,0.0,0.0,0.0,8909.949736086965,166.8268844461689,1.0,0.0,0.0,0.0,0.0
69,capped,node-011,0.0,0.0,0.0,8909.949736086965,166.8268844461689,1.0,0.0,0.0,0.0,0.0
69,capped,node-012,0.0,0.0,0.0,8909.949736086965,166.8268844461689,1.0,0.0,0.0,0.0,0.0
69,capped,node-013,5.164860775740088,0.0,0.0,8909.949736086965,166.8268844461689,1.0,-32.92978222885179,0.0,0.0,0.021185261841282024
69,capped,node-014,0.0,0.0,0.0,8909.949736086965,166.8268844461689,1.0,0.0,0.0,0.0,0.0
69,capped,node-015,0.0,0.0,0.0,8909.949736086965,166.8268844461689,1.0,0.0,0.0,0.0,0.0
69,capped,node-016,0.0,0.0,0.0,8909.949736086965,166.8268844461689,1.0,0.0,0.0,0.0,0.0
69,capped,node-017,0.0,0.0,0.0,8909.949736086965,166.8268844461689,1.0,0.0,0.0,0.0,0.0
69,capped,node-018,0.0,0.0,0.0,8909.949736086965,166.8268844461689,1.0,-34.83119687358764,0.0,0.0,0.0
69,capped,node-019,0.0,0.0,0.0,8909.949736086965,166.8268844461689,1.0,0.0,0.0,0.0,0.0
69,capped,node-020,0.0,0.0,0.0,8909.949736086965,166.8268844461689,1.0,0.0,0.0,0.0,0.0
69,capped,node-021,0.0,0.0,0.0,8909.949736086965,166.8268844461689,1.0,0.0,0.0,0.0,0.0
69,capped,node-022,0.0,0.0,0.0,8909.949736086965,166.8268844461689,1.0,0.0,0.0,0.0,0.0
69,capped,node-023,0.0,0.0,0.0,8909.949736086965,166.8268844461689,1.0,0.0,0.0,0.0,0.0
69,capped,node-024,166.82688444616886,55.60896148205629,166.8268844461689,8909.949736086965,166.8268844461689,1.0,-83.41344222308443,-16.682688444616886,114.52932976149327,0.6842916745710247
69,capped,node-025,0.0,0.0,0.0,8909.949736086965,166.8268844461689,1.0,0.0,0.0,0.0,0.0
69,capped,node-026,0.0,0.0,0.0,8909.949736086965,166.8268844461689,1.0,-24.11222240401611,0.0,0.0,0.0
69,capped,node-027,0.0,0.0,0.0,8909.949736086965,166.8268844461689,1.0,0.0,0.0,0.0,0.0
69,capped,node-028,0.0,0.0,0.0,8909.949736086965,166.8268844461689,1.0,0.0,0.0,0.0,0.0
69,capped,node-029,0.0,0.0,0.0,8909.949736086965,166.8268844461689,1.0,0.0,0.0,0.0,0.0
69,proper_scoring,node-000,0.0,0.0,0.0,8909.949736086965,1166.375112285943,1.0,0.0,0.0,0.0,0.0
69,proper_scoring,node-001,0.0,0.0,0.0,8909.949736086965,1166.375112285943,1.0,-99.37608564236095,0.0,0.0,0.0
69,proper_scoring,node-002,0.0,0.0,0.0,8909.949736086965,1166.375112285943,1.0,0.0,0.0,0.0,0.0
69,proper_scoring,node-003,0.0,0.0,0.0,8909.949736086965,1166.375112285943,1.0,0.0,0.0,0.0,0.0
69,proper_scoring,node-004,0.0,0.0,0.0,8909.949736086965,1166.375112285943,1.0,0.0,0.0,0.0,0.0
69,proper_scoring,node-005,0.0,0.0,0.0,8909.949736086965,1166.375112285943,1.0,0.0,0.0,0.0,0.0
69,proper_scoring,node-006,74.23478787544492,0.0,0.0,8909.949736086965,1166.375112285943,1.0,-103.06084849822032,0.0,0.0,0.3044967690630488
69,proper_scoring,node-007,0.0,0.0,0.0,8909.949736086965,1166.375112285943,1.0,0.0,0.0,0.0,0.0
69,proper_scoring,node-008,319.14170941972543,0.0,0.0,8909.949736086965,1166.375112285943,1.0,-123.43316232109835,0.0,0.0,1.30905768269473
69,proper_scoring,node-009,339.8240294005625,0.0,0.0,8909.949736086965,1166.375112285943,1.0,-138.7654458416212,0.0,0.0,1.393892566596596
69,proper_scoring,node-010,0.0,0.0,0.0,8909.949736086965,1166.375112285943,1.0,0.0,0.0,0.0,0.0
69,proper_scoring,node-011,0.0,0.0,0.0,8909.949736086965,1166.375112285943,1.0,0.0,0.0,0.0,0.0
69,proper_scoring,node-012,0.0,0.0,0.0,8909.949736086965,1166.375112285943,1.0,0.0,0.0,0.0,0.0
69,proper_scoring,node-013,167.07021777114818,0.0,0.0,8909.949736086965,1166.375112285943,1.0,-131.71912891540717,0.0,0.0,0.685289780895325
69,proper_scoring,node-014,0.0,0.0,0.0,8909.949736086965,1166.375112285943,1.0,0.0,0.0,0.0,0.0
69,proper_scoring,node-015,0.0,0.0,0.0,8909.949736086965,1166.375112285943,1.0,0.0,0.0,0.0,0.0
69,proper_scoring,node-016,0.0,0.0,0.0,8909.949736086965,1166.375112285943,1.0,0.0,0.0,0.0,0.0
69,proper_scoring,node-017,0.0,0.0,0.0,8909.949736086965,1166.375112285943,1.0,0.0,0.0,0.0,0.0
69,proper_scoring,node-018,165.16880312641234,0.0,0.0,8909.949736086965,1166.375112285943,1.0,-139.3247874943506,0.0,0.0,0.6774905450849842
69,proper_scoring,node-019,0.0,0.0,0.0,8909.949736086965,1166.375112285943,1.0,0.0,0.0,0.0,0.0
69,proper_scoring,node-020,0.0,0.0,0.0,8909.949736086965,1166.375112285943,1.0,0.0,0.0,0.0,0.0
69,proper_scoring,node-021,0.0,0.0,0.0,8909.949736086965,1166.375112285943,1.0,0.0,0.0,0.0,0.0
69,proper_scoring,node-022,0.0,0.0,0.0,8909.949736086965,1166.375112285943,1.0,0.0,0.0,0.0,0.0
69,proper_scoring,node-023,0.0,0.0,0.0,8909.949736086965,1166.375112285943,1.0,0.0,0.0,0.0,0.0
69,proper_scoring,node-024,167.27865660639463,1055.1571893218304,1166.375112285943,8909.949736086965,1166.375112285943,1.0,-1166.375112285943,-16.682688444616815,-435.2221955503825,0.6861447567590171
69,proper_scoring,node-025,0.0,0.0,0.0,8909.949736086965,1166.375112285943,1.0,0.0,0.0,0.0,0.0
69,proper_scoring,node-026,75.88777759598389,0.0,0.0,8909.949736086965,1166.375112285943,1.0,-96.44888961606445,0.0,0.0,0.3112770137920169
69,proper_scoring,node-027,0.0,0.0,0.0,8909.949736086965,1166.375112285943,1.0,0.0,0.0,0.0,0.0
69,proper_scoring,node-028,0.0,0.0,0.0,8909.949736086965,1166.375112285943,1.0,0.0,0.0,0.0,0.0
69,proper_scoring,node-029,0.0,0.0,0.0,8909.949736086965,1166.375112285943,1.0,0.0,0.0,0.0,0.0
69,audits,node-000,0.0,0.0,0.0,8909.949736086965,1166.375112285943,1.0,0.0,0.0,0.0,0.0
69,audits,node-001,0.0,0.0,0.0,8909.949736086965,1166.375112285943,1.0,-124.84402141059024,0.0,0.0,0.0
69,audits,node-002,0.0,0.0,0.0,8909.949736086965,1166.375112285943,1.0,0.0,0.0,0.0,0.0
69,audits,node-003,0.0,0.0,0.0,8909.949736086965,1166.375112285943,1.0,0.0,0.0,0.0,0.0
69,audits,node-004,0.0,0.0,0.0,8909.949736086965,1166.375112285943,1.0,0.0,0.0,0.0,0.0
69,audits,node-005,0.0,0.0,0.0,8909.949736086965,1166.375112285943,1.0,0.0,0.0,0.0,0.0
69,audits,node-006,74.23478787544492,0.0,0.0,8909.949736086965,1166.375112285943,1.0,-125.76521212455508,0.0,0.0,0.3044967690630488
69,audits,node-007,0.0,0.0,0.0,8909.949736086965,1166.375112285943,1.0,0.0,0.0,0.0,0.0
69,audits,node-008,319.14170941972543,0.0,0.0,8909.949736086965,1166.375112285943,1.0,-380.8582905802746,0.0,0.0,1.30905768269473
69,audits,node-009,265.3086385395947,0.0,0.0,8909.949736086965,1166.375112285943,1.0,-1034.6913614604055,0.0,0.0,1.088244818256493
69,audits,node-010,0.0,0.0,0.0,8909.949736086965,1166.375112285943,1.0,0.0,0.0,0.0,0.0
69,audits,node-011,0.0,0.0,0.0,8909.949736086965,1166.375112285943,1.0,0.0,0.0,0.0,0.0
69,audits,node-012,0.0,0.0,0.0,8909.949736086965,1166.375112285943,1.0,0.0,0.0,0.0,0.0
69,audits,node-013,167.07021777114818,0.0,0.0,8909.949736086965,1166.375112285943,1.0,-232.9297822288518,0.0,0.0,0.685289780895325
69,audits,node-014,0.0,0.0,0.0,8909.949736086965,1166.375112285943,1.0,0.0,0.0,0.0,0.0
69,audits,node-015,0.0,0.0,0.0,8909.949736086965,1166.375112285943,1.0,0.0,0.0,0.0,0.0
69,audits,node-016,0.0,0.0,0.0,8909.949736086965,1166.375112285943,1.0,0.0,0.0,0.0,0.0
69,audits,node-017,0.0,0.0,0.0,8909.949736086965,1166.375112285943,1.0,0.0,0.0,0.0,0.0
69,audits,node-018,165.16880312641234,0.0,0.0,8909.949736086965,1166.375112285943,1.0,-234.83119687358766,0.0,0.0,0.6774905450849842
69,audits,node-019,0.0,0.0,0.0,8909.949736086965,1166.375112285943,1.0,0.0,0.0,0.0,0.0
69,audits,node-020,0.0,0.0,0.0,8909.949736086965,1166.375112285943,1.0,0.0,0.0,0.0,0.0
69,audits,node-021,0.0,0.0,0.0,8909.949736086965,1166.375112285943,1.0,0.0,0.0,0.0,0.0
69,audits,node-022,0.0,0.0,0.0,8909.949736086965,1166.375112285943,1.0,0.0,0.0,0.0,0.0
69,audits,node-023,0.0,0.0,0.0,8909.949736086965,1166.375112285943,1.0,0.0,0.0,0.0,0.0
69,audits,node-024,167.27865660639463,1055.1571893218304,1166.375112285943,8909.949736086965,1166.375112285943,1.0,-3082.961670062859,-16.682688444616815,-435.2221955503825,0.6861447567590171
69,audits,node-025,0.0,0.0,0.0,8909.949736086965,1166.375112285943,1.0,0.0,0.0,0.0,0.0
69,audits,node-026,75.88777759598389,0.0,0.0,8909.949736086965,1166.375112285943,1.0,-124.11222240401611,0.0,0.0,0.3112770137920169
69,audits,node-027,0.0,0.0,0.0,8909.949736086965,1166.375112285943,1.0,0.0,0.0,0.0,0.0
69,audits,node-028,0.0,0.0,0.0,8909.949736086965,1166.375112285943,1.0,0.0,0.0,0.0,0.0
69,audits,node-029,0.0,0.0,0.0,8909.949736086965,1166.375112285943,1.0,0.0,0.0,0.0,0.0
70,greedy,node-000,0.0,0.0,0.0,8385.94268933561,291.127259816734,0.9,0.0,0.0,0.0,0.0
70,greedy,node-001,0.0,0.0,0.0,8385.94268933561,291.127259816734,0.9,0.0,0.0,0.0,0.0
70,greedy,node-002,0.0,0.0,0.0,8385.94268933561,291.127259816734,0.9,0.0,0.0,0.0,0.0
70,greedy,node-003,0.0,0.0,0.0,8385.94268933561,291.127259816734,0.9,0.0,0.0,0.0,0.0
70,greedy,node-004,0.0,0.0,0.0,8385.94268933561,291.127259816734,0.9,-58.15854625651054,0.0,0.0,0.0
70,greedy,node-005,0.0,0.0,0.0,8385.94268933561,291.127259816734,0.9,0.0,0.0,0.0,0.0
70,greedy,node-006,0.0,0.0,0.0,8385.94268933561,291.127259816734,0.9,0.0,0.0,0.0,0.0
70,greedy,node-007,0.0,0.0,0.0,8385.94268933561,291.127259816734,0.9,0.0,0.0,0.0,0.0
70,greedy,node-008,0.0,14.071878757092236,42.21563627127671,8385.94268933561,291.127259816734,0.9,-61.6493908620774,12.660989582532398,-14.071878757092236,0.0
70,greedy,node-009,19.11914245603687,0.0,0.0,8385.94268933561,291.127259816734,0.9,-51.9640230291398,0.0,0.0,0.07842303146184477
70,greedy,node-010,0.0,0.0,0.0,8385.94268933561,291.127259816734,0.9,0.0,0.0,0.0,0.0
70,greedy,node-011,0.0,0.0,0.0,8385.94268933561,291.127259816734,0.9,0.0,0.0,0.0,0.0
70,greedy,node-012,0.0,0.0,0.0,8385.94268933561,291.127259816734,0.9,0.0,0.0,0.0,0.0
70,greedy,node-013,0.0,0.0,0.0,8385.94268933561,291.127259816734,0.9,0.0,0.0,0.0,0.0
70,greedy,node-014,0.0,0.0,0.0,8385.94268933561,291.127259816734,0.9,0.0,0.0,0.0,0.0
70,greedy,node-015,11.967038506851601,0.0,0.0,8385.94268933561,291.127259816734,0.9,-41.89537087851406,0.0,0.0,0.04908648175439492
70,greedy,node-016,6.777111687202815,20.549619983286146,61.64885994985843,8385.94268933561,291.127259816734,0.9,-46.01358778069989,-6.164885994985843,-20.549619983286146,0.027798403839923637
70,greedy,node-017,0.0,39.32339213131836,117.97017639395509,8385.94268933561,291.127259816734,0.9,-94.68607244061133,5.5518520097030475,-39.32339213131836,0.0
70,greedy,node-018,0.0,0.0,0.0,8385.94268933561,291.127259816734,0.9,0.0,0.0,0.0,0.0
70,greedy,node-019,0.0,0.0,0.0,8385.94268933561,291.127259816734,0.9,0.0,0.0,0.0,0.0
70,greedy,node-020,0.0,23.0975290672146,69.29258720164381,8385.94268933561,291.127259816734,0.9,-67.264419341445,9.771211591291696,-23.0975290672146,0.0
70,greedy,node-021,0.0,0.0,0.0,8385.94268933561,291.127259816734,0.9,-33.41554669842527,0.0,0.0,0.0
70,greedy,node-022,0.0,0.0,0.0,8385.94268933561,291.127259816734,0.9,0.0,0.0,0.0,0.0
70,greedy,node-023,0.0,0.0,0.0,8385.94268933561,291.127259816734,0.9,0.0,0.0,0.0,0.0
70,greedy,node-024,0.0,0.0,0.0,8385.94268933561,291.127259816734,0.9,0.0,0.0,0.0,0.0
70,greedy,node-025,0.0,0.0,0.0,8385.94268933561,291.127259816734,0.9,-36.0701657331621,0.0,0.0,0.0
70,greedy,node-026,0.0,0.0,0.0,8385.94268933561,291.127259816734,0.9,0.0,0.0,0.0,0.0
70,greedy,node-027,0.0,0.0,0.0,8385.94268933561,291.127259816734,0.9,-31.818308675419527,0.0,0.0,0.0
70,greedy,node-028,0.0,0.0,0.0,8385.94268933561,291.127259816734,0.9,0.0,0.0,0.0,0.0
70,greedy,node-029,0.0,0.0,0.0,8385.94268933561,291.127259816734,0.9,0.0,0.0,0.0,0.0
70,trust_vcg,node-000,0.0,0.0,0.0,8693.817165221491,818.5802964274673,0.95,0.0,0.0,0.0,0.0
70,trust_vcg,node-001,107.46355389054415,0.0,0.0,8693.817165221491,818.5802964274673,0.95,-2292.536446109456,0.0,0.0,0.4407947525438713
70,trust_vcg,node-002,0.0,0.0,0.0,8693.817165221491,818.5802964274673,0.95,0.0,0.0,0.0,0.0
70,trust_vcg,node-003,0.0,0.0,0.0,8693.817165221491,818.5802964274673,0.95,-5616.75418266118,0.0,0.0,0.0
70,trust_vcg,node-004,566.3170925130212,0.0,0.0,8693.817165221491,818.5802964274673,0.95,-5562.4008495631615,0.0,0.0,2.3229233876808077
70,trust_vcg,node-005,0.0,0.0,0.0,8693.817165221491,818.5802964274673,0.95,0.0,0.0,0.0,0.0
70,trust_vcg,node-006,0.0,0.0,0.0,8693.817165221491,818.5802964274673,0.95,0.0,0.0,0.0,0.0
70,trust_vcg,node-007,265.1743771036413,0.0,0.0,8693.817165221491,818.5802964274673,0.95,-3934.8256228963583,0.0,0.0,1.0876941037649774
70,trust_vcg,node-008,485.000177743143,0.0,0.0,8693.817165221491,818.5802964274673,0.95,-5551.987110364114,0.0,0.0,1.9893771012800423
70,trust_vcg,node-009,0.0,0.0,0.0,8693.817165221491,818.5802964274673,0.95,-5547.26653987159,0.0,0.0,0.0
70,trust_vcg,node-010,114.77100816537082,0.0,0.0,8693.817165221491,818.5802964274673,0.95,-2285.228991834629,0.0,0.0,0.4707685192971901
70,trust_vcg,node-011,0.0,0.0,0.0,8693.817165221491,818.5802964274673,0.95,0.0,0.0,0.0,0.0
70,trust_vcg,node-012,37.528697706771595,0.0,0.0,8693.817165221491,818.5802964274673,0.95,-1162.4713022932283,0.0,0.0,0.15393547319121118
70,trust_vcg,node-013,0.0,0.0,0.0,8693.817165221491,818.5802964274673,0.95,-2301.897486367958,0.0,0.0,0.0
70,trust_vcg,node-014,0.0,0.0,0.0,8693.817165221491,818.5802964274673,0.95,0.0,0.0,0.0,0.0
70,trust_vcg,node-015,446.63379807479924,0.0,0.0,8693.817165221491,818.5802964274673,0.95,-5563.28320891812,0.0,0.0,1.8320056183944395
70,trust_vcg,node-016,380.31088873276195,157.26905922440852,259.1249304140635,8693.817165221491,818.5802964274673,0.95,-11262.396776805606,101.86931892901879,-157.26905922440852,1.5599618477111274
70,trust_vcg,node-017,97.53660166489128,0.0,0.0,8693.817165221491,818.5802964274673,0.95,-11055.362680309296,0.0,0.0,0.4000763108824466
70,trust_vcg,node-018,325.495253937434,0.0,0.0,8693.817165221491,818.5802964274673,0.95,-5074.504746062566,0.0,0.0,1.3351186957737533
70,trust_vcg,node-019,338.9212755749133,0.0,0.0,8693.817165221491,818.5802964274673,0.95,-5055.378765516584,0.0,0.0,1.3901896446776878
70,trust_vcg,node-020,434.75978047573005,113.5229299185581,143.7535975199699,8693.817165221491,818.5802964274673,0.95,-5657.689820192789,-532.6618008987689,-113.5229299185581,1.7833006904463622
70,trust_vcg,node-021,413.0041734475149,0.0,0.0,8693.817165221491,818.5802964274673,0.95,-5586.995826552486,0.0,0.0,1.6940633902709805
70,trust_vcg,node-022,0.0,0.0,0.0,8693.817165221491,818.5802964274673,0.95,0.0,0.0,0.0,0.0
70,trust_vcg,node-023,63.33085565684897,0.0,0.0,8693.817165221491,818.5802964274673,0.95,-1736.669144343151,0.0,0.0,0.25977094407361423
70,trust_vcg,node-024,0.0,0.0,0.0,8693.817165221491,818.5802964274673,0.95,-5073.190805122084,0.0,0.0,0.0
70,trust_vcg,node-025,212.39430573693005,271.42110556078524,415.70176849343363,8693.817165221491,818.5802964274673,0.95,-5844.9217453430665,-21.642099439897237,-271.42110556078524,0.8712004400524053
70,trust_vcg,node-026,364.303337996585,0.0,0.0,8693.817165221491,818.5802964274673,0.95,-5635.6966620034145,0.0,0.0,1.4943019648007463
70,trust_vcg,node-027,66.87651258211424,0.0,0.0,8693.817165221491,818.5802964274673,0.95,-10005.48853430278,0.0,0.0,0.274314544302671
70,trust_vcg,node-028,0.0,0.0,0.0,8693.817165221491,818.5802964274673,0.95,0.0,0.0,0.0,0.0
70,trust_vcg,node-029,0.0,0.0,0.0,8693.817165221491,818.5802964274673,0.95,0.0,0.0,0.0,0.0
70,contingent,node-000,0.0,0.0,0.0,8693.817165221491,408.4716740885707,0.95,0.0,0.0,0.0,0.0
70,contingent,node-001,0.0,0.0,0.0,8693.817165221491,408.4716740885707,0.95,-370.1457844378234,0.0,0.0,0.0
70,contingent,node-002,0.0,0.0,0.0,8693.817165221491,408.4716740885707,0.95,0.0,0.0,0.0,0.0
70,contingent,node-003,0.0,0.0,0.0,8693.817165221491,408.4716740885707,0.95,-467.01673064471606,0.0,0.0,0.0
70,contingent,node-004,172.2032548153409,0.0,0.0,8693.817165221491,408.4716740885707,0.95,-249.6033982526458,0.0,0.0,0.7063445079332752
70,contingent,node-005,0.0,0.0,0.0,8693.817165221491,408.4716740885707,0.95,0.0,0.0,0.0,0.0
70,contingent,node-006,0.0,0.0,0.0,8693.817165221491,408.4716740885707,0.95,0.0,0.0,0.0,0.0
70,contingent,node-007,0.0,0.0,0.0,8693.817165221491,408.4716740885707,0.95,-339.3024915854347,0.0,0.0,0.0
70,contingent,node-008,194.80433990455197,0.0,0.0,8693.817165221491,408.4716740885707,0.95,-207.94844145645993,0.0,0.0,0.7990497958978712
70,contingent,node-009,233.63347709759898,0.0,0.0,8693.817165221491,408.4716740885707,0.95,-189.06615948636048,0.0,0.0,0.9583194208158613
70,contingent,node-010,12.50338001959284,0.0,0.0,8693.817165221491,408.4716740885707,0.95,-340.91596733851674,0.0,0.0,0.05128645110054719
70,contingent,node-011,0.0,0.0,0.0,8693.817165221491,408.4716740885707,0.95,0.0,0.0,0.0,0.0
70,contingent,node-012,0.0,0.0,0.0,8693.817165221491,408.4716740885707,0.95,-249.88520917291365,0.0,0.0,0.0
70,contingent,node-013,0.0,0.0,0.0,8693.817165221491,408.4716740885707,0.95,-407.58994547183255,0.0,0.0,0.0
70,contingent,node-014,0.0,0.0,0.0,8693.817165221491,408.4716740885707,0.95,0.0,0.0,0.0,0.0
70,contingent,node-015,151.71460323631155,0.0,0.0,8693.817165221491,408.4716740885707,0.95,-253.13283567248033,0.0,0.0,0.6223040144285232
70,contingent,node-016,58.630547773375724,44.848807097825514,146.70467828748053,8693.817165221491,408.4716740885707,0.95,-465.3596774226085,2.9284459444552198,-44.848807097825514,0.2404911885158753
70,contingent,node-017,198.587213541581,0.0,0.0,8693.817165221491,408.4716740885707,0.95,-221.45072123717182,0.0,0.0,0.8145664132846118
70,contingent,node-018,0.0,0.0,0.0,8693.817165221491,408.4716740885707,0.95,-498.018984250264,0.0,0.0,0.0
70,contingent,node-019,65.0216965578248,0.0,0.0,8693.817165221491,408.4716740885707,0.95,-421.515062066335,0.0,0.0,0.266706447037678
70,contingent,node-020,233.16737659358225,15.115333800705905,45.346001402117714,8693.817165221491,408.4716740885707,0.95,-191.7828948976275,-18.31451863156724,-15.115333800705905,0.956407566527682
70,contingent,node-021,116.95441344448844,0.0,0.0,8693.817165221491,408.4716740885707,0.95,-347.9833062099404,0.0,0.0,0.4797244262523231
70,contingent,node-022,0.0,0.0,0.0,8693.817165221491,408.4716740885707,0.95,0.0,0.0,0.0,0.0
70,contingent,node-023,0.0,0.0,0.0,8693.817165221491,408.4716740885707,0.95,-346.676577372604,0.0,0.0,0.0
70,contingent,node-024,0.0,0.0,0.0,8693.817165221491,408.4716740885707,0.95,-492.7632204883385,0.0,0.0,0.0
70,contingent,node-025,70.92626261689914,72.14033146632418,216.42099439897254,8693.817165221491,408.4716740885707,0.95,-366.14289059545234,-21.64209943989725,-72.14033146632418,0.29092583715332193
70,contingent,node-026,17.276333274450145,0.0,0.0,8693.817165221491,408.4716740885707,0.95,-542.7866480136597,0.0,0.0,0.07086418394773358
70,contingent,node-027,39.40021588435542,0.0,0.0,8693.817165221491,408.4716740885707,0.95,-421.95413721110936,0.0,0.0,0.16161207946471734
70,contingent,node-028,0.0,0.0,0.0,8693.817165221491,408.4716740885707,0.95,0.0,0.0,0.0,0.0
70,contingent,node-029,0.0,0.0,0.0,8693.817165221491,408.4716740885707,0.95,0.0,0.0,0.0,0.0
70,capped,node-000,0.0,0.0,0.0,8693.817165221491,414.5508025855727,0.95,0.0,0.0,0.0,0.0
70,capped,node-001,0.0,0.0,0.0,8693.817165221491,414.5508025855727,0.95,-92.53644610945585,0.0,0.0,0.0
70,capped,node-002,0.0,0.0,0.0,8693.817165221491,414.5508025855727,0.95,0.0,0.0,0.0,0.0
70,capped,node-003,34.742212744367336,0.0,0.0,8693.817165221491,414.5508025855727,0.95,-116.75418266117902,0.0,0.0,0.14250584979795133
70,capped,node-004,172.2032548153409,0.0,0.0,8693.817165221491,414.5508025855727,0.95,-62.40084956316145,0.0,0.0,0.7063445079332752
70,capped,node-005,0.0,0.0,0.0,8693.817165221491,414.5508025855727,0.95,0.0,0.0,0.0,0.0
70,capped,node-006,0.0,0.0,0.0,8693.817165221491,414.5508025855727,0.95,0.0,0.0,0.0,0.0
70,capped,node-007,0.0,0.0,0.0,8693.817165221491,414.5508025855727,0.95,-84.82562289635868,0.0,0.0,0.0
70,capped,node-008,194.80433990455197,0.0,0.0,8693.817165221491,414.5508025855727,0.95,-51.98711036411498,0.0,0.0,0.7990497958978712
70,capped,node-009,279.33136667886936,0.0,0.0,8693.817165221491,414.5508025855727,0.95,-47.26653987159011,0.0,0.0,1.1457633420384004
70,capped,node-010,12.50338001959284,0.0,0.0,8693.817165221491,414.5508025855727,0.95,-85.22899183462918,0.0,0.0,0.05128645110054719
70,capped,node-011,0.0,0.0,0.0,8693.817165221491,414.5508025855727,0.95,0.0,0.0,0.0,0.0
70,capped,node-012,0.0,0.0,0.0,8693.817165221491,414.5508025855727,0.95,-62.471302293228405,0.0,0.0,0.0
70,capped,node-013,0.0,0.0,0.0,8693.817165221491,414.5508025855727,0.95,-101.89748636795814,0.0,0.0,0.0
70,capped,node-014,0.0,0.0,0.0,8693.817165221491,414.5508025855727,0.95,0.0,0.0,0.0,0.0
70,capped,node-015,151.71460323631155,0.0,0.0,8693.817165221491,414.5508025855727,0.95,-63.28320891812008,0.0,0.0,0.6223040144285232
70,capped,node-016,60.15032989762621,50.92793559482749,152.78380678448252,8693.817165221491,414.5508025855727,0.95,-156.05565317602324,2.320533094755021,-50.92793559482749,0.2467250414001929
70,capped,node-017,309.91556609347924,0.0,0.0,8693.817165221491,414.5508025855727,0.95,-55.36268030929296,0.0,0.0,1.271213823849626
70,capped,node-018,0.0,0.0,0.0,8693.817165221491,414.5508025855727,0.95,-124.504746062566,0.0,0.0,0.0
70,capped,node-019,65.0216965578248,0.0,0.0,8693.817165221491,414.5508025855727,0.95,-105.37876551658375,0.0,0.0,0.266706447037678
70,capped,node-020,233.16737659358225,15.115333800705905,45.346001402117714,8693.817165221491,414.5508025855727,0.95,-59.2822240749363,0.2883713317626455,-15.115333800705905,0.956407566527682
70,capped,node-021,116.95441344448844,0.0,0.0,8693.817165221491,414.5508025855727,0.95,-86.9958265524851,0.0,0.0,0.4797244262523231
70,capped,node-022,0.0,0.0,0.0,8693.817165221491,414.5508025855727,0.95,0.0,0.0,0.0,0.0
70,capped,node-023,0.0,0.0,0.0,8693.817165221491,414.5508025855727,0.95,-86.66914434315102,0.0,0.0,0.0
70,capped,node-024,36.16840288927994,0.0,0.0,8693.817165221491,414.5508025855727,0.95,-123.19080512208463,0.0,0.0,0.14835580645067445
70,capped,node-025,70.92626261689914,72.14033146632418,216.42099439897254,8693.817165221491,414.5508025855727,0.95,-145.64097124860623,-21.64209943989725,-72.14033146632418,0.29092583715332193
70,capped,node-026,17.276333274450145,0.0,0.0,8693.817165221491,414.5508025855727,0.95,-135.69666200341496,0.0,0.0,0.07086418394773358
70,capped,node-027,77.43837411146906,0.0,0.0,8693.817165221491,414.5508025855727,0.95,-105.48853430277735,0.0,0.0,0.3176372613605538
70,capped,node-028,0.0,0.0,0.0,8693.817165221491,414.5508025855727,0.95,0.0,0.0,0.0,0.0
70,capped,node-029,0.0,0.0,0.0,8693.817165221491,414.5508025855727,0.95,0.0,0.0,0.0,0.0
70,proper_scoring,node-000,0.0,0.0,0.0,8693.817165221491,1353.2271522235985,0.95,0.0,0.0,0.0,0.0
70,proper_scoring,node-001,107.46355389054415,0.0,0.0,8693.817165221491,1353.2271522235985,0.95,-292.5364461094558,0.0,0.0,0.4407947525438713
70,proper_scoring,node-002,0.0,0.0,0.0,8693.817165221491,1353.2271522235985,0.95,0.0,0.0,0.0,0.0
70,proper_scoring,node-003,346.89937081615733,0.0,0.0,8693.817165221491,1353.2271522235985,0.95,-424.4549230518595,0.0,0.0,1.4229142512100337
70,proper_scoring,node-004,566.3170925130212,0.0,0.0,8693.817165221491,1353.2271522235985,0.95,-249.6033982526458,0.0,0.0,2.3229233876808077
70,proper_scoring,node-005,0.0,0.0,0.0,8693.817165221491,1353.2271522235985,0.95,0.0,0.0,0.0,0.0
70,proper_scoring,node-006,0.0,0.0,0.0,8693.817165221491,1353.2271522235985,0.95,0.0,0.0,0.0,0.0
70,proper_scoring,node-007,265.1743771036413,0.0,0.0,8693.817165221491,1353.2271522235985,0.95,-326.0494948771609,0.0,0.0,1.0876941037649774
70,proper_scoring,node-008,485.000177743143,0.0,0.0,8693.817165221491,1353.2271522235985,0.95,-207.94844145645993,0.0,0.0,1.9893771012800423
70,proper_scoring,node-009,513.7492914139218,0.0,0.0,8693.817165221491,1353.2271522235985,0.95,-189.06615948636048,0.0,0.0,2.107300415627844
70,proper_scoring,node-010,114.77100816537082,0.0,0.0,8693.817165221491,1353.2271522235985,0.95,-285.22899183462914,0.0,0.0,0.4707685192971901
70,proper_scoring,node-011,0.0,0.0,0.0,8693.817165221491,1353.2271522235985,0.95,0.0,0.0,0.0,0.0
70,proper_scoring,node-012,37.528697706771595,0.0,0.0,8693.817165221491,1353.2271522235985,0.95,-162.4713022932284,0.0,0.0,0.15393547319121118
70,proper_scoring,node-013,0.0,0.0,0.0,8693.817165221491,1353.2271522235985,0.95,-301.8974863679581,0.0,0.0,0.0
70,proper_scoring,node-014,0.0,0.0,0.0,8693.817165221491,1353.2271522235985,0.95,0.0,0.0,0.0,0.0
70,proper_scoring,node-015,456.9489434703045,0.0,0.0,8693.817165221491,1353.2271522235985,0.95,-253.13283567248033,0.0,0.0,1.8743163534990777
70,proper_scoring,node-016,306.08859739730644,691.9159150205398,793.7717862101948,8693.817165221491,1353.2271522235985,0.95,-1084.9290660587994,102.47723177871876,-691.9159150205398,1.2555163370426958
70,proper_scoring,node-017,835.2437284015809,0.0,0.0,8693.817165221491,1353.2271522235985,0.95,-221.45072123717182,0.0,0.0,3.426008532619273
70,proper_scoring,node-018,325.495253937434,0.0,0.0,8693.817165221491,1353.2271522235985,0.95,-440.85969126673666,0.0,0.0,1.3351186957737533
70,proper_scoring,node-019,338.9212755749133,0.0,0.0,8693.817165221491,1353.2271522235985,0.95,-418.67552561267024,0.0,0.0,1.3901896446776878
70,proper_scoring,node-020,465.2238388699567,113.5229299185581,143.7535975199699,8693.817165221491,1353.2271522235985,0.95,-290.19049101547967,-18.31451863156724,-113.5229299185581,1.9082583769848378
70,proper_scoring,node-021,413.0041734475149,0.0,0.0,8693.817165221491,1353.2271522235985,0.95,-347.9833062099404,0.0,0.0,1.6940633902709805
70,proper_scoring,node-022,0.0,0.0,0.0,8693.817165221491,1353.2271522235985,0.95,0.0,0.0,0.0,0.0
70,proper_scoring,node-023,63.33085565684897,0.0,0.0,8693.817165221491,1353.2271522235985,0.95,-236.66914434315103,0.0,0.0,0.25977094407361423
70,proper_scoring,node-024,126.83589309624278,0.0,0.0,8693.817165221491,1353.2271522235985,0.95,-466.2834813683834,0.0,0.0,0.5202563481939594
70,proper_scoring,node-025,212.39430573693005,271.42110556078524,415.70176849343363,8693.817165221491,1353.2271522235985,0.95,-565.4236646899134,-21.642099439897237,-271.42110556078524,0.8712004400524053
70,proper_scoring,node-026,364.303337996585,0.0,0.0,8693.817165221491,1353.2271522235985,0.95,-481.3679079060176,0.0,0.0,1.4943019648007463
70,proper_scoring,node-027,625.4923865836657,0.0,0.0,8693.817165221491,1353.2271522235985,0.95,-401.85989503066014,0.0,0.0,2.565649020346449
70,proper_scoring,node-028,0.0,0.0,0.0,8693.817165221491,1353.2271522235985,0.95,0.0,0.0,0.0,0.0
70,proper_scoring,node-029,0.0,0.0,0.0,8693.817165221491,1353.2271522235985,0.95,0.0,0.0,0.0,0.0
70,audits,node-000,0.0,0.0,0.0,8693.817165221491,1318.5802964274674,0.95,0.0,0.0,0.0,0.0
70,audits,node-001,107.46355389054415,0.0,0.0,8693.817165221491,1318.5802964274674,0.95,-792.5364461094557,0.0,0.0,0.4407947525438713
70,audits,node-002,0.0,0.0,0.0,8693.817165221491,1318.5802964274674,0.95,0.0,0.0,0.0,0.0
70,audits,node-003,334.7422127443673,0.0,0.0,8693.817165221491,1318.5802964274674,0.95,-1116.7541826611791,0.0,0.0,1.3730479357022702
70,audits,node-004,566.3170925130212,0.0,0.0,8693.817165221491,1318.5802964274674,0.95,-1062.4008495631615,0.0,0.0,2.3229233876808077
70,audits,node-005,0.0,0.0,0.0,8693.817165221491,1318.5802964274674,0.95,0.0,0.0,0.0,0.0
70,audits,node-006,0.0,0.0,0.0,8693.817165221491,1318.5802964274674,0.95,0.0,0.0,0.0,0.0
70,audits,node-007,265.1743771036413,0.0,0.0,8693.817165221491,1318.5802964274674,0.95,-934.8256228963586,0.0,0.0,1.0876941037649774
70,audits,node-008,485.000177743143,0.0,0.0,8693.817165221491,1318.5802964274674,0.95,-1051.9871103641149,0.0,0.0,1.9893771012800423
70,audits,node-009,479.33136667886936,0.0,0.0,8693.817165221491,1318.5802964274674,0.95,-1047.26653987159,0.0,0.0,1.9661247326412796
70,audits,node-010,114.77100816537082,0.0,0.0,8693.817165221491,1318.5802964274674,0.95,-785.2289918346291,0.0,0.0,0.4707685192971901
70,audits,node-011,0.0,0.0,0.0,8693.817165221491,1318.5802964274674,0.95,0.0,0.0,0.0,0.0
70,audits,node-012,37.528697706771595,0.0,0.0,8693.817165221491,1318.5802964274674,0.95,-162.4713022932284,0.0,0.0,0.15393547319121118
70,audits,node-013,0.0,0.0,0.0,8693.817165221491,1318.5802964274674,0.95,-801.8974863679581,0.0,0.0,0.0
70,audits,node-014,0.0,0.0,0.0,8693.817165221491,1318.5802964274674,0.95,0.0,0.0,0.0,0.0
70,audits,node-015,446.63379807479924,0.0,0.0,8693.817165221491,1318.5802964274674,0.95,-1063.2832089181202,0.0,0.0,1.8320056183944395
70,audits,node-016,295.2947995661892,657.2690592244086,759.1249304140636,8693.817165221491,1318.5802964274674,0.95,-2262.396776805604,101.86931892901873,-657.2690592244086,1.2112422620495875
70,audits,node-017,776.9918606085428,0.0,0.0,8693.817165221491,1318.5802964274674,0.95,-1555.362680309293,0.0,0.0,3.1870706162797138
70,audits,node-018,325.495253937434,0.0,0.0,8693.817165221491,1318.5802964274674,0.95,-1074.504746062566,0.0,0.0,1.3351186957737533
70,audits,node-019,338.9212755749133,0.0,0.0,8693.817165221491,1318.5802964274674,0.95,-1055.3787655165838,0.0,0.0,1.3901896446776878
70,audits,node-020,441.6761315994278,113.5229299185581,143.7535975199699,8693.817165221491,1318.5802964274674,0.95,-1157.6898201927884,-32.66180089876892,-113.5229299185581,1.8116702275750345
70,audits,node-021,413.0041734475149,0.0,0.0,8693.817165221491,1318.5802964274674,0.95,-1086.995826552485,0.0,0.0,1.6940633902709805
70,audits,node-022,0.0,0.0,0.0,8693.817165221491,1318.5802964274674,0.95,0.0,0.0,0.0,0.0
70,audits,node-023,63.33085565684897,0.0,0.0,8693.817165221491,1318.5802964274674,0.95,-236.66914434315103,0.0,0.0,0.25977094407361423
70,audits,node-024,126.80919487791536,0.0,0.0,8693.817165221491,1318.5802964274674,0.95,-1073.1908051220846,0.0,0.0,0.5201468372563909
70,audits,node-025,212.39430573693005,271.42110556078524,415.70176849343363,8693.817165221491,1318.5802964274674,0.95,-1344.9217453430674,-21.642099439897237,-271.42110556078524,0.8712004400524053
70,audits,node-026,364.303337996585,0.0,0.0,8693.817165221491,1318.5802964274674,0.95,-1135.6966620034148,0.0,0.0,1.4943019648007463
70,audits,node-027,594.5114656972225,0.0,0.0,8693.817165221491,1318.5802964274674,0.95,-1505.4885343027777,0.0,0.0,2.4385712636436474
70,audits,node-028,0.0,0.0,0.0,8693.817165221491,1318.5802964274674,0.95,0.0,0.0,0.0,0.0
70,audits,node-029,0.0,0.0,0.0,8693.817165221491,1318.5802964274674,0.95,0.0,0.0,0.0,0.0
71,greedy,node-000,0.0,0.0,0.0,8432.495597569048,253.95127510069685,0.9,0.0,0.0,0.0,0.0
71,greedy,node-001,0.0,0.0,0.0,8432.495597569048,253.95127510069685,0.9,0.0,0.0,0.0,0.0
71,greedy,node-002,0.0,0.0,0.0,8432.495597569048,253.95127510069685,0.9,0.0,0.0,0.0,0.0
71,greedy,node-003,0.0,0.0,0.0,8432.495597569048,253.95127510069685,0.9,0.0,0.0,0.0,0.0
71,greedy,node-004,0.0,0.0,0.0,8432.495597569048,253.95127510069685,0.9,0.0,0.0,0.0,0.0
71,greedy,node-005,0.0,0.0,0.0,8432.495597569048,253.95127510069685,0.9,0.0,0.0,0.0,0.0
71,greedy,node-006,0.0,0.0,0.0,8432.495597569048,253.95127510069685,0.9,0.0,0.0,0.0,0.0
71,greedy,node-007,0.0,0.0,0.0,8432.495597569048,253.95127510069685,0.9,0.0,0.0,0.0,0.0
71,greedy,node-008,0.0,0.0,0.0,8432.495597569048,253.95127510069685,0.9,-33.86367848646333,0.0,0.0,0.0
71,greedy,node-009,0.0,0.0,0.0,8432.495597569048,253.95127510069685,0.9,0.0,0.0,0.0,0.0
71,greedy,node-010,0.0,0.0,0.0,8432.495597569048,253.95127510069685,0.9,0.0,0.0,0.0,0.0
71,greedy,node-011,0.0,0.0,0.0,8432.495597569048,253.95127510069685,0.9,0.0,0.0,0.0,0.0
71,greedy,node-012,0.0,0.0,0.0,8432.495597569048,253.95127510069685,0.9,0.0,0.0,0.0,0.0
71,greedy,node-013,0.0,0.0,0.0,8432.495597569048,253.95127510069685,0.9,0.0,0.0,0.0,0.0
71,greedy,node-014,0.0,0.0,0.0,8432.495597569048,253.95127510069685,0.9,0.0,0.0,0.0,0.0
71,greedy,node-015,0.0,0.0,0.0,8432.495597569048,253.95127510069685,0.9,0.0,0.0,0.0,0.0
71,greedy,node-016,17.479792895435885,57.65770727665153,172.97312182995452,8432.495597569048,253.95127510069685,0.9,-100.99528052183067,-8.61015743064015,-57.65770727665153,0.07169873603575057
71,greedy,node-017,0.0,0.0,0.0,8432.495597569048,253.95127510069685,0.9,0.0,0.0,0.0,0.0
71,greedy,node-018,0.0,0.0,0.0,8432.495597569048,253.95127510069685,0.9,0.0,0.0,0.0,0.0
71,greedy,node-019,0.0,0.0,0.0,8432.495597569048,253.95127510069685,0.9,0.0,0.0,0.0,0.0
71,greedy,node-020,0.0,0.0,0.0,8432.495597569048,253.95127510069685,0.9,0.0,0.0,0.0,0.0
71,greedy,node-021,0.0,26.99271775691411,80.97815327074234,8432.495597569048,253.95127510069685,0.9,-69.23196709342922,-0.6353098617852986,-26.99271775691411,0.0
71,greedy,node-022,0.0,0.0,0.0,8432.495597569048,253.95127510069685,0.9,0.0,0.0,0.0,0.0
71,greedy,node-023,0.0,0.0,0.0,8432.495597569048,253.95127510069685,0.9,0.0,0.0,0.0,0.0
71,greedy,node-024,0.0,0.0,0.0,8432.495597569048,253.95127510069685,0.9,0.0,0.0,0.0,0.0
71,greedy,node-025,0.0,0.0,0.0,8432.495597569048,253.95127510069685,0.9,0.0,0.0,0.0,0.0
71,greedy,node-026,0.0,0.0,0.0,8432.495597569048,253.95127510069685,0.9,-32.31272333958839,0.0,0.0,0.0
71,greedy,node-027,0.0,0.0,0.0,8432.495597569048,253.95127510069685,0.9,0.0,0.0,0.0,0.0
71,greedy,node-028,0.0,0.0,0.0,8432.495597569048,253.95127510069685,0.9,0.0,0.0,0.0,0.0
71,greedy,node-029,0.0,0.0,0.0,8432.495597569048,253.95127510069685,0.9,0.0,0.0,0.0,0.0
71,trust_vcg,node-000,0.0,0.0,0.0,8428.446154655463,77.28192832402283,0.9,0.0,0.0,0.0,0.0
71,trust_vcg,node-001,0.0,0.0,0.0,8428.446154655463,77.28192832402283,0.9,0.0,0.0,0.0,0.0
71,trust_vcg,node-002,0.0,0.0,0.0,8428.446154655463,77.28192832402283,0.9,-5034.249412307702,0.0,0.0,0.0
71,trust_vcg,node-003,0.0,0.0,0.0,8428.446154655463,77.28192832402283,0.9,-1731.5032427539018,0.0,0.0,0.0
71,trust_vcg,node-004,0.0,0.0,0.0,8428.446154655463,77.28192832402283,0.9,0.0,0.0,0.0,0.0
71,trust_vcg,node-005,0.0,0.0,0.0,8428.446154655463,77.28192832402283,0.9,-2272.583494476744,0.0,0.0,0.0
71,trust_vcg,node-006,110.06960690593417,0.0,0.0,8428.446154655463,77.28192832402283,0.9,-2289.930393094066,0.0,0.0,0.45148427892232224
71,trust_vcg,node-007,0.0,0.0,0.0,8428.446154655463,77.28192832402283,0.9,0.0,0.0,0.0,0.0
71,trust_vcg,node-008,274.693096550951,0.0,0.0,8428.446154655463,77.28192832402283,0.9,-5025.893386783215,0.0,0.0,1.1267380533777458
71,trust_vcg,node-009,175.88466573948307,0.0,0.0,8428.446154655463,77.28192832402283,0.9,-2264.466891798542,0.0,0.0,0.7214449448588247
71,trust_vcg,node-010,0.0,0.0,0.0,8428.446154655463,77.28192832402283,0.9,0.0,0.0,0.0,0.0
71,trust_vcg,node-011,62.294811650254815,0.0,0.0,8428.446154655463,77.28192832402283,0.9,-1737.7051883497452,0.0,0.0,0.25552129156373743
71,trust_vcg,node-012,0.0,0.0,0.0,8428.446154655463,77.28192832402283,0.9,0.0,0.0,0.0,0.0
71,trust_vcg,node-013,126.27711593207113,0.0,0.0,8428.446154655463,77.28192832402283,0.9,-2273.722884067929,0.0,0.0,0.5179643521367744
71,trust_vcg,node-014,0.0,0.0,0.0,8428.446154655463,77.28192832402283,0.9,-2276.8845074586243,0.0,0.0,0.0
71,trust_vcg,node-015,0.0,0.0,0.0,8428.446154655463,77.28192832402283,0.9,-2267.8509453132847,0.0,0.0,0.0
71,trust_vcg,node-016,786.8196323709903,-96.06836465669363,77.28192832402283,8428.446154655463,77.28192832402283,0.9,-10947.269208588485,-26.002543947107483,201.02452212467105,3.2273822388275595
71,trust_vcg,node-017,0.0,0.0,0.0,8428.446154655463,77.28192832402283,0.9,0.0,0.0,0.0,0.0
71,trust_vcg,node-018,0.0,0.0,0.0,8428.446154655463,77.28192832402283,0.9,0.0,0.0,0.0,0.0
71,trust_vcg,node-019,0.0,0.0,0.0,8428.446154655463,77.28192832402283,0.9,-5583.229612850167,0.0,0.0,0.0
71,trust_vcg,node-020,175.6602990079646,0.0,0.0,8428.446154655463,77.28192832402283,0.9,-3384.5357882038275,0.0,0.0,0.7205246358394571
71,trust_vcg,node-021,0.0,0.0,0.0,8428.446154655463,77.28192832402283,0.9,-5542.239249336515,0.0,0.0,0.0
71,trust_vcg,node-022,0.0,0.0,0.0,8428.446154655463,77.28192832402283,0.9,-1164.5350178551796,0.0,0.0,0.0
71,trust_vcg,node-023,0.0,0.0,0.0,8428.446154655463,77.28192832402283,0.9,-2248.760445189698,0.0,0.0,0.0
71,trust_vcg,node-024,0.0,0.0,0.0,8428.446154655463,77.28192832402283,0.9,0.0,0.0,0.0,0.0
71,trust_vcg,node-025,402.948490404064,0.0,0.0,8428.446154655463,77.28192832402283,0.9,-5597.051509595935,0.0,0.0,1.6528169196460445
71,trust_vcg,node-026,130.55024661863823,0.0,0.0,8428.446154655463,77.28192832402283,0.9,-5562.12224635528,0.0,0.0,0.5354919092980746
71,trust_vcg,node-027,163.77170919369973,0.0,0.0,8428.446154655463,77.28192832402283,0.9,-3373.454403356032,0.0,0.0,0.6717599354777694
71,trust_vcg,node-028,11.094629642157201,0.0,0.0,8428.446154655463,77.28192832402283,0.9,-588.9053703578428,0.0,0.0,0.04550802900732004
71,trust_vcg,node-029,0.0,0.0,0.0,8428.446154655463,77.28192832402283,0.9,0.0,0.0,0.0,0.0
71,contingent,node-000,0.0,0.0,0.0,8428.446154655463,243.7949936344774,0.9,0.0,0.0,0.0,0.0
71,contingent,node-001,0.0,0.0,0.0,8428.446154655463,243.7949936344774,0.9,0.0,0.0,0.0,0.0
71,contingent,node-002,0.0,0.0,0.0,8428.446154655463,243.7949936344774,0.9,-336.997649230813,0.0,0.0,0.0
71,contingent,node-003,0.0,0.0,0.0,8428.446154655463,243.7949936344774,0.9,-326.012971015607,0.0,0.0,0.0
71,contingent,node-004,0.0,0.0,0.0,8428.446154655463,243.7949936344774,0.9,0.0,0.0,0.0,0.0
71,contingent,node-005,0.0,0.0,0.0,8428.446154655463,243.7949936344774,0.9,-322.1838001245791,0.0,0.0,0.0
71,contingent,node-006,0.0,0.0,0.0,8428.446154655463,243.7949936344774,0.9,-359.72157237626334,0.0,0.0,0.0
71,contingent,node-007,0.0,0.0,0.0,8428.446154655463,243.7949936344774,0.9,0.0,0.0,0.0,0.0
71,contingent,node-008,83.9936305133159,0.0,0.0,8428.446154655463,243.7949936344774,0.9,-303.5735471328582,0.0,0.0,0.3445256576484414
71,contingent,node-009,40.02769664313091,0.0,0.0,8428.446154655463,243.7949936344774,0.9,-257.86756719416576,0.0,0.0,0.16418588440394538
71,contingent,node-010,0.0,0.0,0.0,8428.446154655463,243.7949936344774,0.9,0.0,0.0,0.0,0.0
71,contingent,node-011,0.0,0.0,0.0,8428.446154655463,243.7949936344774,0.9,-350.8207533989808,0.0,0.0,0.0
71,contingent,node-012,0.0,0.0,0.0,8428.446154655463,243.7949936344774,0.9,0.0,0.0,0.0,0.0
71,contingent,node-013,20.189778506940115,0.0,0.0,8428.446154655463,243.7949936344774,0.9,-294.89153627171544,0.0,0.0,0.08281457385958758
71,contingent,node-014,0.0,0.0,0.0,8428.446154655463,243.7949936344774,0.9,-307.53802983449856,0.0,0.0,0.0
71,contingent,node-015,0.0,0.0,0.0,8428.446154655463,243.7949936344774,0.9,-280.2504320718479,0.0,0.0,0.0
71,contingent,node-016,246.76965275804574,70.44470065376092,243.7949936344774,8428.446154655463,243.7949936344774,0.9,-243.79499363447746,-24.379499363447742,-265.4876145555968,1.0122014774759003
71,contingent,node-017,0.0,0.0,0.0,8428.446154655463,243.7949936344774,0.9,0.0,0.0,0.0,0.0
71,contingent,node-018,0.0,0.0,0.0,8428.446154655463,243.7949936344774,0.9,0.0,0.0,0.0,0.0
71,contingent,node-019,15.464357676520784,0.0,0.0,8428.446154655463,243.7949936344774,0.9,-332.91845140066783,0.0,0.0,0.06343180984145451
71,contingent,node-020,39.967824956830285,0.0,0.0,8428.446154655463,243.7949936344774,0.9,-338.14315281531026,0.0,0.0,0.1639403023047888
71,contingent,node-021,103.15381726692439,0.0,0.0,8428.446154655463,243.7949936344774,0.9,-168.95699734606043,0.0,0.0,0.423117044895447
71,contingent,node-022,0.0,0.0,0.0,8428.446154655463,243.7949936344774,0.9,-258.1400714207182,0.0,0.0,0.0
71,contingent,node-023,0.0,0.0,0.0,8428.446154655463,243.7949936344774,0.9,-225.43895004681286,0.0,0.0,0.0
71,contingent,node-024,0.0,0.0,0.0,8428.446154655463,243.7949936344774,0.9,0.0,0.0,0.0,0.0
71,contingent,node-025,38.83377372942299,0.0,0.0,8428.446154655463,243.7949936344774,0.9,-388.2060383837436,0.0,0.0,0.15928864309513502
71,contingent,node-026,80.55024661863823,0.0,0.0,8428.446154655463,243.7949936344774,0.9,-248.48898542112073,0.0,0.0,0.3304015616473547
71,contingent,node-027,63.771709193699756,0.0,0.0,8428.446154655463,243.7949936344774,0.9,-293.81761342412716,0.0,0.0,0.2615792401763298
71,contingent,node-028,0.0,0.0,0.0,8428.446154655463,243.7949936344774,0.9,-155.62148143137125,0.0,0.0,0.0
71,contingent,node-029,0.0,0.0,0.0,8428.446154655463,243.7949936344774,0.9,0.0,0.0,0.0,0.0
71,capped,node-000,0.0,0.0,0.0,8428.446154655463,260.0254394710748,0.9,0.0,0.0,0.0,0.0
71,capped,node-001,0.0,0.0,0.0,8428.446154655463,260.0254394710748,0.9,0.0,0.0,0.0,0.0
71,capped,node-002,85.50056768802168,0.0,0.0,8428.446154655463,260.0254394710748,0.9,-84.24941230770325,0.0,0.0,0.35070682302940537
71,capped,node-003,0.0,0.0,0.0,8428.446154655463,260.0254394710748,0.9,-81.50324275390174,0.0,0.0,0.0
71,capped,node-004,0.0,0.0,0.0,8428.446154655463,260.0254394710748,0.9,0.0,0.0,0.0,0.0
71,capped,node-005,0.0,0.0,0.0,8428.446154655463,260.0254394710748,0.9,-80.54595003114477,0.0,0.0,0.0
71,capped,node-006,0.0,0.0,0.0,8428.446154655463,260.0254394710748,0.9,-89.93039309406583,0.0,0.0,0.0
71,capped,node-007,0.0,0.0,0.0,8428.446154655463,260.0254394710748,0.9,0.0,0.0,0.0,0.0
71,capped,node-008,83.9936305133159,0.0,0.0,8428.446154655463,260.0254394710748,0.9,-75.89338678321457,0.0,0.0,0.3445256576484414
71,capped,node-009,40.02769664313091,0.0,0.0,8428.446154655463,260.0254394710748,0.9,-64.46689179854144,0.0,0.0,0.16418588440394538
71,capped,node-010,0.0,0.0,0.0,8428.446154655463,260.0254394710748,0.9,0.0,0.0,0.0,0.0
71,capped,node-011,0.0,0.0,0.0,8428.446154655463,260.0254394710748,0.9,-87.7051883497452,0.0,0.0,0.0
71,capped,node-012,0.0,0.0,0.0,8428.446154655463,260.0254394710748,0.9,0.0,0.0,0.0,0.0
71,capped,node-013,20.189778506940115,0.0,0.0,8428.446154655463,260.0254394710748,0.9,-73.72288406792886,0.0,0.0,0.08281457385958758
71,capped,node-014,21.376046803561053,0.0,0.0,8428.446154655463,260.0254394710748,0.9,-76.88450745862464,0.0,0.0,0.08768041740680789
71,capped,node-015,19.19068666570935,0.0,0.0,8428.446154655463,260.0254394710748,0.9,-70.06260801796198,0.0,0.0,0.07871649199852727
71,capped,node-016,254.0761212239384,86.67514649035827,260.0254394710748,8428.446154655463,260.0254394710748,0.9,-130.01271973553742,-26.002543947107483,-281.71806039219416,1.0421712006312793
71,capped,node-017,0.0,0.0,0.0,8428.446154655463,260.0254394710748,0.9,0.0,0.0,0.0,0.0
71,capped,node-018,0.0,0.0,0.0,8428.446154655463,260.0254394710748,0.9,0.0,0.0,0.0,0.0
71,capped,node-019,83.50422212211589,0.0,0.0,8428.446154655463,260.0254394710748,0.9,-83.22961285016696,0.0,0.0,0.34251819890655355
71,capped,node-020,39.967824956830285,0.0,0.0,8428.446154655463,260.0254394710748,0.9,-84.53578820382756,0.0,0.0,0.1639403023047888
71,capped,node-021,151.12706668663895,0.0,0.0,8428.446154655463,260.0254394710748,0.9,-42.23924933651511,0.0,0.0,0.6198940529239261
71,capped,node-022,0.0,0.0,0.0,8428.446154655463,260.0254394710748,0.9,-64.53501785517955,0.0,0.0,0.0
71,capped,node-023,33.3575904132566,0.0,0.0,8428.446154655463,260.0254394710748,0.9,-56.35973751170322,0.0,0.0,0.1368263962929023
71,capped,node-024,0.0,0.0,0.0,8428.446154655463,260.0254394710748,0.9,0.0,0.0,0.0,0.0
71,capped,node-025,38.83377372942299,0.0,0.0,8428.446154655463,260.0254394710748,0.9,-97.0515095959359,0.0,0.0,0.15928864309513502
71,capped,node-026,129.90502731443885,0.0,0.0,8428.446154655463,260.0254394710748,0.9,-62.12224635528018,0.0,0.0,0.5328453442698904
71,capped,node-027,63.771709193699756,0.0,0.0,8428.446154655463,260.0254394710748,0.9,-73.45440335603178,0.0,0.0,0.2615792401763298
71,capped,node-028,0.0,0.0,0.0,8428.446154655463,260.0254394710748,0.9,-38.90537035784281,0.0,0.0,0.0
71,capped,node-029,0.0,0.0,0.0,8428.446154655463,260.0254394710748,0.9,0.0,0.0,0.0,0.0
71,proper_scoring,node-000,0.0,0.0,0.0,8428.446154655463,1136.659232355973,0.9,0.0,0.0,0.0,0.0
71,proper_scoring,node-001,0.0,0.0,0.0,8428.446154655463,1136.659232355973,0.9,0.0,0.0,0.0,0.0
71,proper_scoring,node-002,196.9453336466803,0.0,0.0,8428.446154655463,1136.659232355973,0.9,-335.1231091346789,0.0,0.0,0.8078317389156935
71,proper_scoring,node-003,0.0,0.0,0.0,8428.446154655463,1136.659232355973,0.9,-231.50324275390176,0.0,0.0,0.0
71,proper_scoring,node-004,0.0,0.0,0.0,8428.446154655463,1136.659232355973,0.9,0.0,0.0,0.0,0.0
71,proper_scoring,node-005,21.414645251857607,0.0,0.0,8428.446154655463,1136.659232355973,0.9,-269.993553328754,0.0,0.0,0.08783874079040627
71,proper_scoring,node-006,110.06960690593417,0.0,0.0,8428.446154655463,1136.659232355973,0.9,-285.3445017408172,0.0,0.0,0.45148427892232224
71,proper_scoring,node-007,0.0,0.0,0.0,8428.446154655463,1136.659232355973,0.9,0.0,0.0,0.0,0.0
71,proper_scoring,node-008,305.0302370595558,0.0,0.0,8428.446154655463,1136.659232355973,0.9,-303.5735471328582,0.0,0.0,1.2511751472505157
71,proper_scoring,node-009,175.88466573948307,0.0,0.0,8428.446154655463,1136.659232355973,0.9,-247.70461830125083,0.0,0.0,0.7214449448588247
71,proper_scoring,node-010,0.0,0.0,0.0,8428.446154655463,1136.659232355973,0.9,0.0,0.0,0.0,0.0
71,proper_scoring,node-011,62.294811650254815,0.0,0.0,8428.446154655463,1136.659232355973,0.9,-237.70518834974519,0.0,0.0,0.25552129156373743
71,proper_scoring,node-012,0.0,0.0,0.0,8428.446154655463,1136.659232355973,0.9,0.0,0.0,0.0,0.0
71,proper_scoring,node-013,126.27711593207113,0.0,0.0,8428.446154655463,1136.659232355973,0.9,-270.97343737175424,0.0,0.0,0.5179643521367744
71,proper_scoring,node-014,21.376046803561053,0.0,0.0,8428.446154655463,1136.659232355973,0.9,-274.696575469638,0.0,0.0,0.08768041740680789
71,proper_scoring,node-015,30.48800842931633,0.0,0.0,8428.446154655463,1136.659232355973,0.9,-263.29332136374325,0.0,0.0,0.12505592495893125
71,proper_scoring,node-016,253.90541403655038,963.3089393752564,1136.659232355973,8428.446154655463,1136.659232355973,0.9,-1136.659232355973,-24.37949936344785,-858.352781907279,1.0414709927031216
71,proper_scoring,node-017,0.0,0.0,0.0,8428.446154655463,1136.659232355973,0.9,0.0,0.0,0.0,0.0
71,proper_scoring,node-018,0.0,0.0,0.0,8428.446154655463,1136.659232355973,0.9,0.0,0.0,0.0,0.0
71,proper_scoring,node-019,152.6298553557893,0.0,0.0,8428.446154655463,1136.659232355973,0.9,-331.5106227743169,0.0,0.0,0.6260582019359582
71,proper_scoring,node-020,175.6602990079646,0.0,0.0,8428.446154655463,1136.659232355973,0.9,-328.1914153800648,0.0,0.0,0.7205246358394571
71,proper_scoring,node-021,377.75720986184643,0.0,0.0,8428.446154655463,1136.659232355973,0.9,-168.95699734606043,0.0,0.0,1.5494871499626404
71,proper_scoring,node-022,0.0,0.0,0.0,8428.446154655463,1136.659232355973,0.9,-164.53501785517955,0.0,0.0,0.0
71,proper_scoring,node-023,74.15217958103577,0.0,0.0,8428.446154655463,1136.659232355973,0.9,-223.50274134642672,0.0,0.0,0.3041579257866647
71,proper_scoring,node-024,0.0,0.0,0.0,8428.446154655463,1136.659232355973,0.9,0.0,0.0,0.0,0.0
71,proper_scoring,node-025,402.948490404064,0.0,0.0,8428.446154655463,1136.659232355973,0.9,-369.6747641028335,0.0,0.0,1.6528169196460445
71,proper_scoring,node-026,232.29433701416744,0.0,0.0,8428.446154655463,1136.659232355973,0.9,-248.48898542112073,0.0,0.0,0.9528265267105815
71,proper_scoring,node-027,163.77170919369973,0.0,0.0,8428.446154655463,1136.659232355973,0.9,-291.39566932139286,0.0,0.0,0.6717599354777694
71,proper_scoring,node-028,11.094629642157201,0.0,0.0,8428.446154655463,1136.659232355973,0.9,-88.90537035784281,0.0,0.0,0.04550802900732004
71,proper_scoring,node-029,0.0,0.0,0.0,8428.446154655463,1136.659232355973,0.9,0.0,0.0,0.0,0.0
71,audits,node-000,0.0,0.0,0.0,8428.446154655463,577.2819283240228,0.9,0.0,0.0,0.0,0.0
71,audits,node-001,0.0,0.0,0.0,8428.446154655463,577.2819283240228,0.9,0.0,0.0,0.0,0.0
71,audits,node-002,135.5005676880217,0.0,0.0,8428.446154655463,577.2819283240228,0.9,-1534.249412307703,0.0,0.0,0.5557971706801254
71,audits,node-003,0.0,0.0,0.0,8428.446154655463,577.2819283240228,0.9,-231.50324275390176,0.0,0.0,0.0
71,audits,node-004,0.0,0.0,0.0,8428.446154655463,577.2819283240228,0.9,0.0,0.0,0.0,0.0
71,audits,node-005,21.414645251857607,0.0,0.0,8428.446154655463,577.2819283240228,0.9,-272.583494476744,0.0,0.0,0.08783874079040627
71,audits,node-006,110.06960690593417,0.0,0.0,8428.446154655463,577.2819283240228,0.9,-289.93039309406583,0.0,0.0,0.45148427892232224
71,audits,node-007,0.0,0.0,0.0,8428.446154655463,577.2819283240228,0.9,0.0,0.0,0.0,0.0
71,audits,node-008,274.693096550951,0.0,0.0,8428.446154655463,577.2819283240228,0.9,-1525.8933867832147,0.0,0.0,1.1267380533777458
71,audits,node-009,175.88466573948307,0.0,0.0,8428.446154655463,577.2819283240228,0.9,-264.46689179854144,0.0,0.0,0.7214449448588247
71,audits,node-010,0.0,0.0,0.0,8428.446154655463,577.2819283240228,0.9,0.0,0.0,0.0,0.0
71,audits,node-011,62.294811650254815,0.0,0.0,8428.446154655463,577.2819283240228,0.9,-237.70518834974519,0.0,0.0,0.25552129156373743
71,audits,node-012,0.0,0.0,0.0,8428.446154655463,577.2819283240228,0.9,0.0,0.0,0.0,0.0
71,audits,node-013,126.27711593207113,0.0,0.0,8428.446154655463,577.2819283240228,0.9,-273.7228840679289,0.0,0.0,0.5179643521367744
71,audits,node-014,21.376046803561053,0.0,0.0,8428.446154655463,577.2819283240228,0.9,-276.8845074586246,0.0,0.0,0.08768041740680789
71,audits,node-015,30.48800842931633,0.0,0.0,8428.446154655463,577.2819283240228,0.9,-267.85094531328474,0.0,0.0,0.12505592495893125
71,audits,node-016,286.8196323709904,403.93163534330637,577.2819283240228,8428.446154655463,577.2819283240228,0.9,-2447.2692085884855,-26.002543947107483,-298.9754778753289,1.1764787623203616
71,audits,node-017,0.0,0.0,0.0,8428.446154655463,577.2819283240228,0.9,0.0,0.0,0.0,0.0
71,audits,node-018,0.0,0.0,0.0,8428.446154655463,577.2819283240228,0.9,0.0,0.0,0.0,0.0
71,audits,node-019,133.5042221221159,0.0,0.0,8428.446154655463,577.2819283240228,0.9,-1583.229612850167,0.0,0.0,0.5476085465572734
71,audits,node-020,175.6602990079646,0.0,0.0,8428.446154655463,577.2819283240228,0.9,-384.53578820382756,0.0,0.0,0.7205246358394571
71,audits,node-021,351.12706668663895,0.0,0.0,8428.446154655463,577.2819283240228,0.9,-1542.239249336515,0.0,0.0,1.4402554435268053
71,audits,node-022,0.0,0.0,0.0,8428.446154655463,577.2819283240228,0.9,-164.53501785517955,0.0,0.0,0.0
71,audits,node-023,74.15217958103577,0.0,0.0,8428.446154655463,577.2819283240228,0.9,-248.76044518969837,0.0,0.0,0.3041579257866647
71,audits,node-024,0.0,0.0,0.0,8428.446154655463,577.2819283240228,0.9,0.0,0.0,0.0,0.0
71,audits,node-025,402.948490404064,0.0,0.0,8428.446154655463,577.2819283240228,0.9,-1597.0515095959358,0.0,0.0,1.6528169196460445
71,audits,node-026,213.09453168855936,0.0,0.0,8428.446154655463,577.2819283240228,0.9,-1562.1222463552804,0.0,0.0,0.8740726317294795
71,audits,node-027,163.77170919369973,0.0,0.0,8428.446154655463,577.2819283240228,0.9,-373.45440335603183,0.0,0.0,0.6717599354777694
71,audits,node-028,11.094629642157201,0.0,0.0,8428.446154655463,577.2819283240228,0.9,-88.90537035784281,0.0,0.0,0.04550802900732004
71,audits,node-029,0.0,0.0,0.0,8428.446154655463,577.2819283240228,0.9,0.0,0.0,0.0,0.0
